ISO-10303-21;
HEADER;
FILE_DESCRIPTION (( 'STEP AP214' ),
    '1' );
FILE_NAME ('5_¿ÇÌå.STEP',
    '2026-01-03T12:09:29',
    ( '' ),
    ( '' ),
    'SwSTEP 2.0',
    'SolidWorks 2025',
    '' );
FILE_SCHEMA (( 'AUTOMOTIVE_DESIGN' ));
ENDSEC;

DATA;
#1 = DIRECTION ( 'NONE',  ( -1.971236424878464058E-15, 0.000000000000000000, -1.000000000000000000 ) ) ;
#2 = ORIENTED_EDGE ( 'NONE', *, *, #7814, .T. ) ;
#3 = DIRECTION ( 'NONE',  ( -5.139921410301693197E-16, 0.000000000000000000, -1.000000000000000000 ) ) ;
#4 = EDGE_LOOP ( 'NONE', ( #9976, #483, #3619, #9357 ) ) ;
#5 = DIRECTION ( 'NONE',  ( 0.000000000000000000, 0.000000000000000000, -1.000000000000000000 ) ) ;
#6 = DIRECTION ( 'NONE',  ( -0.000000000000000000, 1.000000000000000000, -0.000000000000000000 ) ) ;
#7 = DIRECTION ( 'NONE',  ( 0.000000000000000000, 0.000000000000000000, 1.000000000000000000 ) ) ;
#8 = VERTEX_POINT ( 'NONE', #2801 ) ;
#9 = ORIENTED_EDGE ( 'NONE', *, *, #5448, .T. ) ;
#10 = CARTESIAN_POINT ( 'NONE',  ( 2.099999999999991207, 13.30000000000000071, 13.35000000000019149 ) ) ;
#11 = EDGE_LOOP ( 'NONE', ( #2347, #6164, #9534, #2251, #3719 ) ) ;
#12 = CARTESIAN_POINT ( 'NONE',  ( -29.84000000000000341, 6.296018041280833089, 1.010032166305325429E-14 ) ) ;
#13 = EDGE_CURVE ( 'NONE', #1193, #9371, #2484, .T. ) ;
#14 = LINE ( 'NONE', #9475, #2368 ) ;
#15 = CARTESIAN_POINT ( 'NONE',  ( 51.95000000000000284, 11.00000000000000178, -6.000000000000000000 ) ) ;
#16 = LINE ( 'NONE', #4006, #157 ) ;
#17 = CARTESIAN_POINT ( 'NONE',  ( -45.19999999999999574, 17.60000000000000142, 6.750000000000006217 ) ) ;
#18 = EDGE_CURVE ( 'NONE', #2793, #6443, #5390, .T. ) ;
#19 = CARTESIAN_POINT ( 'NONE',  ( -29.96003882983038480, 6.000690477496204878, 2.769672436215371292 ) ) ;
#20 = EDGE_CURVE ( 'NONE', #1413, #875, #2906, .T. ) ;
#21 = CARTESIAN_POINT ( 'NONE',  ( 0.000000000000000000, 9.000000000000001776, -12.25000000000000000 ) ) ;
#22 = CARTESIAN_POINT ( 'NONE',  ( -52.20411103711291645, 7.840642914912551831, -4.172018366709758119 ) ) ;
#23 = VERTEX_POINT ( 'NONE', #4461 ) ;
#24 = ORIENTED_EDGE ( 'NONE', *, *, #6757, .F. ) ;
#25 = DIRECTION ( 'NONE',  ( 0.000000000000000000, 0.000000000000000000, 1.000000000000000000 ) ) ;
#26 = ORIENTED_EDGE ( 'NONE', *, *, #9915, .T. ) ;
#27 = ADVANCED_FACE ( 'NONE', ( #9192 ), #7660, .T. ) ;
#28 = DIRECTION ( 'NONE',  ( 0.000000000000000000, 0.000000000000000000, 1.000000000000000000 ) ) ;
#29 = CARTESIAN_POINT ( 'NONE',  ( -47.50000000000000711, 3.000000000000000000, 9.500000000000001776 ) ) ;
#30 = EDGE_CURVE ( 'NONE', #10321, #1134, #6903, .T. ) ;
#31 = CARTESIAN_POINT ( 'NONE',  ( 22.80788180854699476, -0.0009999999999999158867, -6.184828725824678131 ) ) ;
#32 = ORIENTED_EDGE ( 'NONE', *, *, #8529, .F. ) ;
#33 = LINE ( 'NONE', #6635, #1644 ) ;
#34 = ORIENTED_EDGE ( 'NONE', *, *, #6783, .F. ) ;
#35 = ORIENTED_EDGE ( 'NONE', *, *, #10053, .T. ) ;
#36 = CARTESIAN_POINT ( 'NONE',  ( 47.50000000000000000, 11.00000000000000178, -9.500000000000001776 ) ) ;
#37 = VERTEX_POINT ( 'NONE', #1106 ) ;
#38 = ORIENTED_EDGE ( 'NONE', *, *, #9078, .F. ) ;
#39 = LINE ( 'NONE', #8020, #6599 ) ;
#40 = EDGE_CURVE ( 'NONE', #1813, #537, #7250, .T. ) ;
#41 = CARTESIAN_POINT ( 'NONE',  ( 41.25000000000000711, 5.500000000000000000, 10.25000000000000178 ) ) ;
#42 = EDGE_CURVE ( 'NONE', #4301, #1887, #9390, .T. ) ;
#43 = LINE ( 'NONE', #4093, #1195 ) ;
#44 = DIRECTION ( 'NONE',  ( -1.000000000000000000, 0.000000000000000000, 0.000000000000000000 ) ) ;
#45 = ADVANCED_FACE ( 'NONE', ( #5319 ), #2112, .T. ) ;
#46 = DIRECTION ( 'NONE',  ( -1.000000000000000000, -0.000000000000000000, -0.000000000000000000 ) ) ;
#47 = VERTEX_POINT ( 'NONE', #464 ) ;
#48 = VECTOR ( 'NONE', #3137, 1000.000000000000114 ) ;
#49 = ORIENTED_EDGE ( 'NONE', *, *, #2821, .F. ) ;
#50 = CARTESIAN_POINT ( 'NONE',  ( 45.25000000000000711, 5.500000000000000000, -12.25000000000000000 ) ) ;
#51 = EDGE_CURVE ( 'NONE', #9531, #9195, #8397, .T. ) ;
#52 = CARTESIAN_POINT ( 'NONE',  ( -31.11939691791956974, 0.1293615736281126527, -8.849999999999997868 ) ) ;
#53 = CARTESIAN_POINT ( 'NONE',  ( -52.22340835089975997, 7.205390757595235840, -3.692296232791190125 ) ) ;
#54 = ORIENTED_EDGE ( 'NONE', *, *, #4120, .T. ) ;
#55 = DIRECTION ( 'NONE',  ( 0.000000000000000000, 0.000000000000000000, 1.000000000000000000 ) ) ;
#56 = EDGE_LOOP ( 'NONE', ( #10075, #10186, #2732, #1636 ) ) ;
#57 = DIRECTION ( 'NONE',  ( 1.000000000000000000, -0.000000000000000000, -0.000000000000000000 ) ) ;
#58 = CARTESIAN_POINT ( 'NONE',  ( 23.55788180854701253, 0.2505450496179592035, 2.783866831501376371 ) ) ;
#59 = CARTESIAN_POINT ( 'NONE',  ( -50.20000000000000284, 3.000000000000000000, -6.749999999999962697 ) ) ;
#60 = ORIENTED_EDGE ( 'NONE', *, *, #347, .F. ) ;
#61 = VECTOR ( 'NONE', #8207, 1000.000000000000000 ) ;
#62 = ORIENTED_EDGE ( 'NONE', *, *, #4187, .F. ) ;
#63 = DIRECTION ( 'NONE',  ( 1.000000000000000000, 0.000000000000000000, -5.139921410301689253E-16 ) ) ;
#64 = ORIENTED_EDGE ( 'NONE', *, *, #4539, .T. ) ;
#65 = CARTESIAN_POINT ( 'NONE',  ( -52.45000000000001705, 8.400000000000000355, 2.925000000000030465 ) ) ;
#66 = CARTESIAN_POINT ( 'NONE',  ( 38.41765030147765003, 0.1248391197358931504, -7.466862494131279782 ) ) ;
#67 = AXIS2_PLACEMENT_3D ( 'NONE', #2768, #3517, #5127 ) ;
#68 = CARTESIAN_POINT ( 'NONE',  ( -34.33293214504335822, 0.1503201388544058437, 3.610415582140241497 ) ) ;
#69 = LINE ( 'NONE', #2518, #2181 ) ;
#70 = VECTOR ( 'NONE', #4968, 1000.000000000000000 ) ;
#71 = CARTESIAN_POINT ( 'NONE',  ( -52.26626415635187328, 9.212180025029507391, 3.963311410494123166 ) ) ;
#72 = LINE ( 'NONE', #7414, #1947 ) ;
#73 = CARTESIAN_POINT ( 'NONE',  ( 26.62573810278258435, 0.09795398803915168762, 0.9261620132528008975 ) ) ;
#74 = DIRECTION ( 'NONE',  ( 1.000000000000000000, 0.000000000000000000, -1.176083712526649195E-16 ) ) ;
#75 = EDGE_LOOP ( 'NONE', ( #2896, #9206, #9032, #7720 ) ) ;
#76 = ORIENTED_EDGE ( 'NONE', *, *, #725, .F. ) ;
#77 = EDGE_CURVE ( 'NONE', #1274, #2954, #6059, .T. ) ;
#78 = DIRECTION ( 'NONE',  ( 0.000000000000000000, -1.000000000000000000, 0.000000000000000000 ) ) ;
#79 = EDGE_LOOP ( 'NONE', ( #9238, #8287, #10074, #3750, #7877, #8913, #5429 ) ) ;
#80 = CIRCLE ( 'NONE', #9406, 9.000000000000012434 ) ;
#81 = EDGE_CURVE ( 'NONE', #8134, #8733, #7965, .T. ) ;
#82 = EDGE_CURVE ( 'NONE', #7273, #9655, #7163, .T. ) ;
#83 = LINE ( 'NONE', #294, #660 ) ;
#84 = DIRECTION ( 'NONE',  ( 0.000000000000000000, 1.000000000000000000, -0.000000000000000000 ) ) ;
#85 = EDGE_CURVE ( 'NONE', #6766, #8304, #4769, .T. ) ;
#86 = CARTESIAN_POINT ( 'NONE',  ( -52.45000000000000995, 6.902631723476097214, -3.013815789473690554 ) ) ;
#87 = VERTEX_POINT ( 'NONE', #3057 ) ;
#88 = AXIS2_PLACEMENT_3D ( 'NONE', #2420, #4249, #5097 ) ;
#89 = DIRECTION ( 'NONE',  ( 1.000000000000000000, 0.000000000000000000, 0.000000000000000000 ) ) ;
#90 = VERTEX_POINT ( 'NONE', #1460 ) ;
#91 = ORIENTED_EDGE ( 'NONE', *, *, #3087, .T. ) ;
#92 = LINE ( 'NONE', #4137, #1485 ) ;
#93 = VERTEX_POINT ( 'NONE', #6305 ) ;
#94 = ORIENTED_EDGE ( 'NONE', *, *, #8421, .T. ) ;
#95 = CARTESIAN_POINT ( 'NONE',  ( -45.19999999999996021, 15.20000000000000107, -11.75000000000000178 ) ) ;
#96 = CARTESIAN_POINT ( 'NONE',  ( -52.21641199541439704, 9.462518210260403961, 3.846616994046323956 ) ) ;
#97 = AXIS2_PLACEMENT_3D ( 'NONE', #8093, #743, #5 ) ;
#98 = CARTESIAN_POINT ( 'NONE',  ( -31.27472780755320869, 0.2000000000000000111, -2.765000000000000124 ) ) ;
#99 = DIRECTION ( 'NONE',  ( -1.000000000000000000, -0.000000000000000000, -0.000000000000000000 ) ) ;
#100 = DIRECTION ( 'NONE',  ( 1.000000000000000000, 0.000000000000000000, 0.000000000000000000 ) ) ;
#101 = ORIENTED_EDGE ( 'NONE', *, *, #947, .T. ) ;
#102 = ORIENTED_EDGE ( 'NONE', *, *, #7519, .T. ) ;
#103 = CARTESIAN_POINT ( 'NONE',  ( 51.95000000000000284, 11.00000000000000178, -9.499999999999964473 ) ) ;
#104 = AXIS2_PLACEMENT_3D ( 'NONE', #3237, #3930, #5592 ) ;
#105 = CARTESIAN_POINT ( 'NONE',  ( -2.000000000000011990, 15.10000000000000142, -14.75000000000000355 ) ) ;
#106 = DIRECTION ( 'NONE',  ( -1.000000000000000000, 0.000000000000000000, 0.000000000000000000 ) ) ;
#107 = VERTEX_POINT ( 'NONE', #5572 ) ;
#108 = EDGE_CURVE ( 'NONE', #6186, #4336, #2373, .T. ) ;
#109 = EDGE_CURVE ( 'NONE', #9336, #1855, #6413, .T. ) ;
#110 = AXIS2_PLACEMENT_3D ( 'NONE', #2828, #5343, #8476 ) ;
#111 = CARTESIAN_POINT ( 'NONE',  ( -52.33704905526284534, 8.400000000000959588, 4.225000000000030731 ) ) ;
#112 = EDGE_CURVE ( 'NONE', #7882, #2279, #3837, .T. ) ;
#113 = ORIENTED_EDGE ( 'NONE', *, *, #5649, .T. ) ;
#114 = CARTESIAN_POINT ( 'NONE',  ( 31.53718186220620012, 0.02221052063481709221, 2.955038092765985613 ) ) ;
#115 = CARTESIAN_POINT ( 'NONE',  ( -45.00000000000001421, 6.500000000000000888, 0.000000000000000000 ) ) ;
#116 = CARTESIAN_POINT ( 'NONE',  ( -52.34852525087674735, 8.922784203746674692, 4.120007057094563052 ) ) ;
#117 = ORIENTED_EDGE ( 'NONE', *, *, #4788, .F. ) ;
#118 = CIRCLE ( 'NONE', #8107, 4.450000000000004619 ) ;
#119 = CARTESIAN_POINT ( 'NONE',  ( -35.50000000000001421, 8.000000000000000000, -12.25000000000000000 ) ) ;
#120 = AXIS2_PLACEMENT_3D ( 'NONE', #6545, #4164, #8041 ) ;
#121 = ORIENTED_EDGE ( 'NONE', *, *, #3266, .F. ) ;
#122 = DIRECTION ( 'NONE',  ( -0.7071067811865507924, 0.000000000000000000, 0.7071067811865441310 ) ) ;
#123 = VECTOR ( 'NONE', #2299, 1000.000000000000000 ) ;
#124 = CARTESIAN_POINT ( 'NONE',  ( -51.95000000000000995, 9.509019111597856622, 3.603289473684166300 ) ) ;
#125 = AXIS2_PLACEMENT_3D ( 'NONE', #3352, #9046, #8257 ) ;
#126 = ADVANCED_FACE ( 'NONE', ( #672 ), #2316, .T. ) ;
#127 = CIRCLE ( 'NONE', #3853, 0.8500000000000000888 ) ;
#128 = CARTESIAN_POINT ( 'NONE',  ( 47.49999999999999289, 8.000000000000000000, 9.500000000000001776 ) ) ;
#129 = CARTESIAN_POINT ( 'NONE',  ( -29.84000000000000341, 6.123958770389132056, -3.487059270891698315 ) ) ;
#130 = CARTESIAN_POINT ( 'NONE',  ( -30.84000000000000696, 5.954463462733934342, -8.849999999999997868 ) ) ;
#131 = ADVANCED_FACE ( 'NONE', ( #3005 ), #10288, .F. ) ;
#132 = CARTESIAN_POINT ( 'NONE',  ( 52.75100000000002609, 9.700000000000001066, 2.924999999999976286 ) ) ;
#133 = DIRECTION ( 'NONE',  ( 1.000000000000000000, 0.000000000000000000, 0.000000000000000000 ) ) ;
#134 = DIRECTION ( 'NONE',  ( 0.000000000000000000, 0.000000000000000000, -1.000000000000000000 ) ) ;
#135 = VERTEX_POINT ( 'NONE', #7113 ) ;
#136 = ORIENTED_EDGE ( 'NONE', *, *, #5287, .T. ) ;
#137 = CARTESIAN_POINT ( 'NONE',  ( -52.25000000000001421, 10.00000000000000000, 2.449999999999999289 ) ) ;
#138 = CIRCLE ( 'NONE', #4893, 9.000000000000012434 ) ;
#139 = ORIENTED_EDGE ( 'NONE', *, *, #1190, .F. ) ;
#140 = AXIS2_PLACEMENT_3D ( 'NONE', #8870, #6271, #8665 ) ;
#141 = DIRECTION ( 'NONE',  ( 0.000000000000000000, 1.000000000000000000, -0.000000000000000000 ) ) ;
#142 = VECTOR ( 'NONE', #3180, 999.9999999999998863 ) ;
#143 = FACE_OUTER_BOUND ( 'NONE', #1250, .T. ) ;
#144 = CARTESIAN_POINT ( 'NONE',  ( -35.06554871542299878, 0.000000000000000000, 8.549999999999998934 ) ) ;
#145 = AXIS2_PLACEMENT_3D ( 'NONE', #5999, #9279, #1253 ) ;
#146 = DIRECTION ( 'NONE',  ( 0.3420201433256564449, 0.000000000000000000, -0.9396926207859128688 ) ) ;
#147 = ORIENTED_EDGE ( 'NONE', *, *, #3672, .F. ) ;
#148 = CARTESIAN_POINT ( 'NONE',  ( 30.20000000000002771, 0.2505450496179572606, 6.618695557326044643 ) ) ;
#149 = EDGE_LOOP ( 'NONE', ( #4438, #9660, #5384, #4719 ) ) ;
#150 = ORIENTED_EDGE ( 'NONE', *, *, #2227, .T. ) ;
#151 = CIRCLE ( 'NONE', #8466, 9.000000000000012434 ) ;
#152 = CARTESIAN_POINT ( 'NONE',  ( 47.49999999999999289, 3.000000000000000000, 9.500000000000001776 ) ) ;
#153 = ORIENTED_EDGE ( 'NONE', *, *, #8402, .F. ) ;
#154 = VERTEX_POINT ( 'NONE', #3860 ) ;
#155 = DIRECTION ( 'NONE',  ( 0.000000000000000000, -0.000000000000000000, 1.000000000000000000 ) ) ;
#156 = CARTESIAN_POINT ( 'NONE',  ( -52.11873083013063734, 8.647875702758877736, 4.337699192715327889 ) ) ;
#157 = VECTOR ( 'NONE', #7252, 1000.000000000000000 ) ;
#158 = CYLINDRICAL_SURFACE ( 'NONE', #6111, 0.2999999999999999334 ) ;
#159 = EDGE_CURVE ( 'NONE', #6335, #9183, #774, .T. ) ;
#160 = CARTESIAN_POINT ( 'NONE',  ( -52.25000000000001421, 8.400000000000000355, 2.449999999999999734 ) ) ;
#161 = ORIENTED_EDGE ( 'NONE', *, *, #1075, .T. ) ;
#162 = VERTEX_POINT ( 'NONE', #4022 ) ;
#163 = DIRECTION ( 'NONE',  ( 0.000000000000000000, 0.000000000000000000, -1.000000000000000000 ) ) ;
#164 = EDGE_CURVE ( 'NONE', #2289, #2284, #6566, .T. ) ;
#165 = LINE ( 'NONE', #9147, #1164 ) ;
#166 = CIRCLE ( 'NONE', #7640, 1.000000000000000888 ) ;
#167 = CARTESIAN_POINT ( 'NONE',  ( -52.44999998424968624, 7.115762273443442254, -3.229260862839357760 ) ) ;
#168 = VECTOR ( 'NONE', #7984, 1000.000000000000000 ) ;
#169 = ORIENTED_EDGE ( 'NONE', *, *, #8048, .T. ) ;
#170 = EDGE_CURVE ( 'NONE', #6172, #5045, #6067, .T. ) ;
#171 = AXIS2_PLACEMENT_3D ( 'NONE', #8049, #754, #590 ) ;
#172 = DIRECTION ( 'NONE',  ( 0.000000000000000000, 0.000000000000000000, -1.000000000000000000 ) ) ;
#173 = ORIENTED_EDGE ( 'NONE', *, *, #8353, .F. ) ;
#174 = LINE ( 'NONE', #3417, #7570 ) ;
#175 = EDGE_CURVE ( 'NONE', #6306, #8974, #608, .T. ) ;
#176 = LINE ( 'NONE', #4274, #3179 ) ;
#177 = LINE ( 'NONE', #4910, #1467 ) ;
#178 = ORIENTED_EDGE ( 'NONE', *, *, #7529, .T. ) ;
#179 = DIRECTION ( 'NONE',  ( -3.384826294588891940E-16, -0.000000000000000000, -1.000000000000000000 ) ) ;
#180 = ORIENTED_EDGE ( 'NONE', *, *, #6811, .T. ) ;
#181 = DIRECTION ( 'NONE',  ( -3.384826294588891940E-16, -0.000000000000000000, -1.000000000000000000 ) ) ;
#182 = VECTOR ( 'NONE', #8301, 1000.000000000000000 ) ;
#183 = CARTESIAN_POINT ( 'NONE',  ( -29.83999999999999986, 6.296018041280833089, 9.349999999999997868 ) ) ;
#184 = DIRECTION ( 'NONE',  ( 0.000000000000000000, 0.000000000000000000, 1.000000000000000000 ) ) ;
#185 = LINE ( 'NONE', #1819, #5350 ) ;
#186 = DIRECTION ( 'NONE',  ( 0.000000000000000000, -0.000000000000000000, 1.000000000000000000 ) ) ;
#187 = CARTESIAN_POINT ( 'NONE',  ( -52.25000000000001421, 8.400000000000000355, -2.449999999999999734 ) ) ;
#188 = LINE ( 'NONE', #8848, #7608 ) ;
#189 = CARTESIAN_POINT ( 'NONE',  ( -52.20476272510934024, 8.287086545674952731, -4.275096801038975158 ) ) ;
#190 = ORIENTED_EDGE ( 'NONE', *, *, #992, .T. ) ;
#191 = VERTEX_POINT ( 'NONE', #7852 ) ;
#192 = CARTESIAN_POINT ( 'NONE',  ( -34.37348617369437420, 0.04767268713831662036, -8.895138446510774344 ) ) ;
#193 = EDGE_CURVE ( 'NONE', #1892, #10279, #118, .T. ) ;
#194 = ORIENTED_EDGE ( 'NONE', *, *, #3600, .F. ) ;
#195 = CARTESIAN_POINT ( 'NONE',  ( 0.000000000000000000, 17.60000000000000142, -13.55000000000000249 ) ) ;
#196 = EDGE_CURVE ( 'NONE', #8697, #984, #1972, .T. ) ;
#197 = LINE ( 'NONE', #7533, #10338 ) ;
#198 = CARTESIAN_POINT ( 'NONE',  ( -51.98550969718125003, 7.803093234024773395, 4.257828830504338136 ) ) ;
#199 = CARTESIAN_POINT ( 'NONE',  ( 20.65000000000000213, 6.500000000000000888, 0.000000000000000000 ) ) ;
#200 = ORIENTED_EDGE ( 'NONE', *, *, #3873, .T. ) ;
#201 = DIRECTION ( 'NONE',  ( -1.000000000000000000, 0.000000000000000000, 0.000000000000000000 ) ) ;
#202 = ORIENTED_EDGE ( 'NONE', *, *, #280, .T. ) ;
#203 = EDGE_LOOP ( 'NONE', ( #7663, #2061, #4500, #3599 ) ) ;
#204 = CYLINDRICAL_SURFACE ( 'NONE', #475, 0.8500000000000000888 ) ;
#205 = ORIENTED_EDGE ( 'NONE', *, *, #1267, .F. ) ;
#206 = ORIENTED_EDGE ( 'NONE', *, *, #6317, .T. ) ;
#207 = CARTESIAN_POINT ( 'NONE',  ( -47.50000000000000711, 15.10000000000000142, 12.25000000000000178 ) ) ;
#208 = CARTESIAN_POINT ( 'NONE',  ( -52.11956194878086279, 8.521961921181853583, 4.350092874893856987 ) ) ;
#209 = LINE ( 'NONE', #7500, #6784 ) ;
#210 = DIRECTION ( 'NONE',  ( -3.634931228083748646E-15, 0.000000000000000000, -1.000000000000000000 ) ) ;
#211 = ORIENTED_EDGE ( 'NONE', *, *, #4711, .T. ) ;
#212 = ORIENTED_EDGE ( 'NONE', *, *, #5073, .F. ) ;
#213 = DIRECTION ( 'NONE',  ( -0.000000000000000000, 1.000000000000000000, -0.000000000000000000 ) ) ;
#214 = DIRECTION ( 'NONE',  ( 0.000000000000000000, -1.000000000000000000, 0.000000000000000000 ) ) ;
#215 = CARTESIAN_POINT ( 'NONE',  ( -7.849999999999971223, 13.30000000000000071, -14.19019237886469220 ) ) ;
#216 = ADVANCED_FACE ( 'NONE', ( #9653 ), #4820, .T. ) ;
#217 = EDGE_CURVE ( 'NONE', #2284, #1521, #1060, .T. ) ;
#218 = ADVANCED_FACE ( 'NONE', ( #6573 ), #9758, .T. ) ;
#219 = DIRECTION ( 'NONE',  ( 0.000000000000000000, 0.000000000000000000, -1.000000000000000000 ) ) ;
#220 = EDGE_CURVE ( 'NONE', #9175, #1599, #9822, .T. ) ;
#221 = ORIENTED_EDGE ( 'NONE', *, *, #2920, .F. ) ;
#222 = CARTESIAN_POINT ( 'NONE',  ( 0.000000000000000000, 11.00000000000000178, 0.000000000000000000 ) ) ;
#223 = LINE ( 'NONE', #9349, #8965 ) ;
#224 = CARTESIAN_POINT ( 'NONE',  ( 9.519658948938198861, 5.500000000000000000, 10.25000000000000178 ) ) ;
#225 = VERTEX_POINT ( 'NONE', #1734 ) ;
#226 = DIRECTION ( 'NONE',  ( -0.000000000000000000, 1.000000000000000000, -0.000000000000000000 ) ) ;
#227 = ORIENTED_EDGE ( 'NONE', *, *, #9337, .T. ) ;
#228 = AXIS2_PLACEMENT_3D ( 'NONE', #5582, #4291, #5891 ) ;
#229 = CARTESIAN_POINT ( 'NONE',  ( -20.00000000000001066, 16.60000000000000142, -13.55000000000000249 ) ) ;
#230 = DIRECTION ( 'NONE',  ( -0.000000000000000000, -0.000000000000000000, 1.000000000000000000 ) ) ;
#231 = CARTESIAN_POINT ( 'NONE',  ( -45.19999999999994600, 15.20000000000000107, -14.75000000000000355 ) ) ;
#232 = CARTESIAN_POINT ( 'NONE',  ( -39.58434658500975445, 0.1071145293931473758, -2.787877755913764410 ) ) ;
#233 = AXIS2_PLACEMENT_3D ( 'NONE', #7636, #441, #289 ) ;
#234 = PLANE ( 'NONE',  #9768 ) ;
#235 = LINE ( 'NONE', #6183, #10297 ) ;
#236 = DIRECTION ( 'NONE',  ( 0.000000000000000000, -0.000000000000000000, -1.000000000000000000 ) ) ;
#237 = ORIENTED_EDGE ( 'NONE', *, *, #3124, .F. ) ;
#238 = ORIENTED_EDGE ( 'NONE', *, *, #3427, .T. ) ;
#239 = DIRECTION ( 'NONE',  ( 1.000000000000000000, 0.000000000000000000, -0.000000000000000000 ) ) ;
#240 = ORIENTED_EDGE ( 'NONE', *, *, #1513, .F. ) ;
#241 = DIRECTION ( 'NONE',  ( -1.000000000000000000, 0.000000000000000000, 0.000000000000000000 ) ) ;
#242 = EDGE_CURVE ( 'NONE', #264, #5168, #3269, .T. ) ;
#243 = ADVANCED_FACE ( 'NONE', ( #2590 ), #4986, .T. ) ;
#244 = AXIS2_PLACEMENT_3D ( 'NONE', #430, #7516, #5927 ) ;
#245 = EDGE_CURVE ( 'NONE', #5571, #6622, #8775, .T. ) ;
#246 = CARTESIAN_POINT ( 'NONE',  ( -35.50000000001318767, 5.500000000000000000, 291583.7750000000233 ) ) ;
#247 = AXIS2_PLACEMENT_3D ( 'NONE', #10055, #2033, #1971 ) ;
#248 = EDGE_CURVE ( 'NONE', #5886, #3884, #33, .T. ) ;
#249 = CARTESIAN_POINT ( 'NONE',  ( 35.21143789659456047, 0.000000000000000000, -5.329957559004428802 ) ) ;
#250 = EDGE_LOOP ( 'NONE', ( #7065, #2615, #76, #4956 ) ) ;
#251 = DIRECTION ( 'NONE',  ( 0.000000000000000000, 1.000000000000000000, 0.000000000000000000 ) ) ;
#252 = EDGE_LOOP ( 'NONE', ( #10452, #8046, #9278, #717 ) ) ;
#253 = ORIENTED_EDGE ( 'NONE', *, *, #2659, .F. ) ;
#254 = DIRECTION ( 'NONE',  ( -1.000000000000000000, -0.000000000000000000, 4.476705744456300993E-16 ) ) ;
#255 = VERTEX_POINT ( 'NONE', #9921 ) ;
#256 = VECTOR ( 'NONE', #8655, 1000.000000000000000 ) ;
#257 = ORIENTED_EDGE ( 'NONE', *, *, #8722, .F. ) ;
#258 = CARTESIAN_POINT ( 'NONE',  ( -53.20000000000000284, 15.20000000000000817, 2.734438190280500643E-14 ) ) ;
#259 = CARTESIAN_POINT ( 'NONE',  ( 31.65096152549724806, 0.1300423822510688998, -7.755729192126855409 ) ) ;
#260 = DIRECTION ( 'NONE',  ( 0.000000000000000000, 1.000000000000000000, -0.000000000000000000 ) ) ;
#261 = VECTOR ( 'NONE', #7361, 1000.000000000000000 ) ;
#262 = DIRECTION ( 'NONE',  ( 0.000000000000000000, 1.000000000000000000, -0.000000000000000000 ) ) ;
#263 = ORIENTED_EDGE ( 'NONE', *, *, #2221, .F. ) ;
#264 = VERTEX_POINT ( 'NONE', #10512 ) ;
#265 = ORIENTED_EDGE ( 'NONE', *, *, #7132, .T. ) ;
#266 = FACE_OUTER_BOUND ( 'NONE', #8742, .T. ) ;
#267 = DIRECTION ( 'NONE',  ( 0.000000000000000000, 0.000000000000000000, 1.000000000000000000 ) ) ;
#268 = VECTOR ( 'NONE', #8463, 1000.000000000000000 ) ;
#269 = DIRECTION ( 'NONE',  ( 1.000000000000000000, -0.000000000000000000, -0.000000000000000000 ) ) ;
#270 = AXIS2_PLACEMENT_3D ( 'NONE', #3094, #2250, #3906 ) ;
#271 = VERTEX_POINT ( 'NONE', #9705 ) ;
#272 = CARTESIAN_POINT ( 'NONE',  ( -53.20000000000000284, 7.099999999999998757, -2.924999999999968736 ) ) ;
#273 = PLANE ( 'NONE',  #8302 ) ;
#274 = VERTEX_POINT ( 'NONE', #8969 ) ;
#275 = CYLINDRICAL_SURFACE ( 'NONE', #67, 1.499999999999999556 ) ;
#276 = ORIENTED_EDGE ( 'NONE', *, *, #5098, .T. ) ;
#277 = CIRCLE ( 'NONE', #1619, 6.800000000000001599 ) ;
#278 = DIRECTION ( 'NONE',  ( -0.000000000000000000, -1.000000000000000000, -0.000000000000000000 ) ) ;
#279 = CARTESIAN_POINT ( 'NONE',  ( 22.80788180854699476, 0.2999999999999999889, -6.184828725824678131 ) ) ;
#280 = EDGE_CURVE ( 'NONE', #6300, #8577, #9077, .T. ) ;
#281 = DIRECTION ( 'NONE',  ( -0.000000000000000000, -1.000000000000000000, 0.000000000000000000 ) ) ;
#282 = CARTESIAN_POINT ( 'NONE',  ( 26.68856210340544521, 0.000000000000000000, 0.6299575590044237394 ) ) ;
#283 = CARTESIAN_POINT ( 'NONE',  ( -52.38137872115764537, 7.432304517613397721, -3.818702871855540248 ) ) ;
#284 = CARTESIAN_POINT ( 'NONE',  ( -50.25000000000000711, 8.400000000000000355, -4.350000000000000533 ) ) ;
#285 = CARTESIAN_POINT ( 'NONE',  ( -52.45000000000000995, 9.897368276523902608, -3.013815789473690110 ) ) ;
#286 = EDGE_LOOP ( 'NONE', ( #4633, #3274, #6740, #10152 ) ) ;
#287 = ORIENTED_EDGE ( 'NONE', *, *, #358, .F. ) ;
#288 = EDGE_CURVE ( 'NONE', #8923, #644, #10189, .T. ) ;
#289 = DIRECTION ( 'NONE',  ( 0.000000000000000000, 0.000000000000000000, 1.000000000000000000 ) ) ;
#290 = ORIENTED_EDGE ( 'NONE', *, *, #605, .T. ) ;
#291 = DIRECTION ( 'NONE',  ( -1.000000000000000000, 0.000000000000000000, -0.000000000000000000 ) ) ;
#292 = VECTOR ( 'NONE', #6083, 1000.000000000000000 ) ;
#293 = VECTOR ( 'NONE', #2754, 1000.000000000000000 ) ;
#294 = CARTESIAN_POINT ( 'NONE',  ( -52.25000000000001421, 6.899999999999998579, 2.925000000000023803 ) ) ;
#295 = CARTESIAN_POINT ( 'NONE',  ( -52.25000000000001421, 6.902631723476092773, 3.013815789473679008 ) ) ;
#296 = DIRECTION ( 'NONE',  ( 0.000000000000000000, 1.000000000000000000, -0.000000000000000000 ) ) ;
#297 = EDGE_LOOP ( 'NONE', ( #9572, #3643, #8133, #9160 ) ) ;
#298 = VECTOR ( 'NONE', #10277, 1000.000000000000000 ) ;
#299 = DIRECTION ( 'NONE',  ( -0.000000000000000000, 1.000000000000000000, -0.000000000000000000 ) ) ;
#300 = AXIS2_PLACEMENT_3D ( 'NONE', #2391, #6486, #3936 ) ;
#301 = ORIENTED_EDGE ( 'NONE', *, *, #9310, .T. ) ;
#302 = ORIENTED_EDGE ( 'NONE', *, *, #2527, .F. ) ;
#303 = ADVANCED_FACE ( 'NONE', ( #994 ), #6684, .F. ) ;
#304 = CARTESIAN_POINT ( 'NONE',  ( 30.95000000000000284, 0.2999999999999999889, -2.350000000000003197 ) ) ;
#305 = ORIENTED_EDGE ( 'NONE', *, *, #8109, .F. ) ;
#306 = DIRECTION ( 'NONE',  ( 1.000000000000000000, 0.000000000000000000, 0.000000000000000000 ) ) ;
#307 = ADVANCED_FACE ( 'NONE', ( #1045 ), #3221, .T. ) ;
#308 = AXIS2_PLACEMENT_3D ( 'NONE', #3774, #5392, #9467 ) ;
#309 = DIRECTION ( 'NONE',  ( -1.176083712526649195E-16, 0.000000000000000000, -1.000000000000000000 ) ) ;
#310 = CIRCLE ( 'NONE', #3869, 5.250000000000006217 ) ;
#311 = CARTESIAN_POINT ( 'NONE',  ( -45.00000000000001421, 8.000000000000000000, -12.25000000000000000 ) ) ;
#312 = VECTOR ( 'NONE', #10400, 1000.000000000000000 ) ;
#313 = CARTESIAN_POINT ( 'NONE',  ( -30.13203748537936733, 5.996123729295902649, 2.765105688015067287 ) ) ;
#314 = CARTESIAN_POINT ( 'NONE',  ( 30.49999999999998224, 0.000000000000000000, -7.530492254602825675 ) ) ;
#315 = ORIENTED_EDGE ( 'NONE', *, *, #8429, .T. ) ;
#316 = VECTOR ( 'NONE', #5727, 1000.000000000000000 ) ;
#317 = ORIENTED_EDGE ( 'NONE', *, *, #6718, .T. ) ;
#318 = DIRECTION ( 'NONE',  ( -2.891205793294712543E-15, -0.000000000000000000, -1.000000000000000000 ) ) ;
#319 = VECTOR ( 'NONE', #540, 1000.000000000000000 ) ;
#320 = CARTESIAN_POINT ( 'NONE',  ( -2.000000000000008882, 13.30000000000000071, 13.85000000000018971 ) ) ;
#321 = ADVANCED_FACE ( 'NONE', ( #5680 ), #10300, .T. ) ;
#322 = VECTOR ( 'NONE', #8845, 1000.000000000000000 ) ;
#323 = EDGE_CURVE ( 'NONE', #9789, #2423, #9968, .T. ) ;
#324 = CARTESIAN_POINT ( 'NONE',  ( 30.36555363911330119, 0.02145563245112838691, -11.49711103979234572 ) ) ;
#325 = VERTEX_POINT ( 'NONE', #1095 ) ;
#326 = AXIS2_PLACEMENT_3D ( 'NONE', #3052, #9538, #2256 ) ;
#327 = DIRECTION ( 'NONE',  ( 0.000000000000000000, 0.000000000000000000, -1.000000000000000000 ) ) ;
#328 = AXIS2_PLACEMENT_3D ( 'NONE', #1563, #668, #4130 ) ;
#329 = DIRECTION ( 'NONE',  ( -1.000000000000000000, 0.000000000000000000, 0.000000000000000000 ) ) ;
#330 = ORIENTED_EDGE ( 'NONE', *, *, #9491, .T. ) ;
#331 = DIRECTION ( 'NONE',  ( -1.000000000000000000, -0.000000000000000000, -0.000000000000000000 ) ) ;
#332 = VERTEX_POINT ( 'NONE', #5254 ) ;
#333 = AXIS2_PLACEMENT_3D ( 'NONE', #3154, #6303, #7897 ) ;
#334 = CARTESIAN_POINT ( 'NONE',  ( -51.95000000000000995, 8.400000000000000355, 2.449999999999999734 ) ) ;
#335 = LINE ( 'NONE', #6927, #292 ) ;
#336 = CARTESIAN_POINT ( 'NONE',  ( 45.25000000000000711, 8.000000000000000000, -12.25000000000000000 ) ) ;
#337 = CARTESIAN_POINT ( 'NONE',  ( 20.66000000000000369, 0.5000000000000004441, 8.349999999999997868 ) ) ;
#338 = CARTESIAN_POINT ( 'NONE',  ( -52.20568855767162120, 7.541087274622461756, -4.027145805446585847 ) ) ;
#339 = DIRECTION ( 'NONE',  ( -0.000000000000000000, -0.000000000000000000, 1.000000000000000000 ) ) ;
#340 = CARTESIAN_POINT ( 'NONE',  ( -2.000000000000008882, 15.10000000000000142, -13.85000000000018971 ) ) ;
#341 = ORIENTED_EDGE ( 'NONE', *, *, #880, .F. ) ;
#342 = ORIENTED_EDGE ( 'NONE', *, *, #5432, .F. ) ;
#343 = AXIS2_PLACEMENT_3D ( 'NONE', #8946, #4919, #8165 ) ;
#344 = DIRECTION ( 'NONE',  ( -0.8660254037843672092, 0.000000000000000000, 0.5000000000001236788 ) ) ;
#345 = ORIENTED_EDGE ( 'NONE', *, *, #3488, .F. ) ;
#346 = CARTESIAN_POINT ( 'NONE',  ( -52.25000000000001421, 10.00000000000000000, 2.449999999999999734 ) ) ;
#347 = EDGE_CURVE ( 'NONE', #4868, #10072, #8385, .T. ) ;
#348 = DIRECTION ( 'NONE',  ( 0.000000000000000000, 1.000000000000000000, 0.000000000000000000 ) ) ;
#349 = DIRECTION ( 'NONE',  ( 0.000000000000000000, 1.000000000000000000, 0.000000000000000000 ) ) ;
#350 = EDGE_CURVE ( 'NONE', #8567, #5571, #7591, .T. ) ;
#351 = CARTESIAN_POINT ( 'NONE',  ( -2.000000000000008882, 15.10000000000000142, 12.35000000000019149 ) ) ;
#352 = CARTESIAN_POINT ( 'NONE',  ( -45.19999999999999574, 15.20000000000000639, 6.750000000000006217 ) ) ;
#353 = ORIENTED_EDGE ( 'NONE', *, *, #3839, .F. ) ;
#354 = CARTESIAN_POINT ( 'NONE',  ( 4.925331814053546354E-14, 11.00000000000000178, 13.55000000000018368 ) ) ;
#355 = EDGE_LOOP ( 'NONE', ( #5183, #5184, #3506, #1264, #1733 ) ) ;
#356 = EDGE_LOOP ( 'NONE', ( #5508, #4589, #1992, #3630, #3830, #9780, #3025, #964, #3324, #7783, #8414, #2722 ) ) ;
#357 = DIRECTION ( 'NONE',  ( -1.000000000000000000, 0.000000000000000000, 0.000000000000000000 ) ) ;
#358 = EDGE_CURVE ( 'NONE', #9619, #10348, #2791, .T. ) ;
#359 = EDGE_LOOP ( 'NONE', ( #178, #4729, #8379, #9067 ) ) ;
#360 = CARTESIAN_POINT ( 'NONE',  ( -29.84000000000000341, 6.296018041280833089, 3.315000000000000391 ) ) ;
#361 = EDGE_CURVE ( 'NONE', #10085, #4716, #3594, .T. ) ;
#362 = DIRECTION ( 'NONE',  ( 1.000000000000000000, -0.000000000000000000, -0.000000000000000000 ) ) ;
#363 = CARTESIAN_POINT ( 'NONE',  ( -30.13468777611176108, 5.996053361243351532, 2.765035319962515725 ) ) ;
#364 = DIRECTION ( 'NONE',  ( -0.000000000000000000, -0.000000000000000000, 1.000000000000000000 ) ) ;
#365 = VERTEX_POINT ( 'NONE', #8491 ) ;
#366 = ORIENTED_EDGE ( 'NONE', *, *, #7100, .F. ) ;
#367 = ORIENTED_EDGE ( 'NONE', *, *, #9027, .T. ) ;
#368 = DIRECTION ( 'NONE',  ( -0.000000000000000000, 0.000000000000000000, 1.000000000000000000 ) ) ;
#369 = CARTESIAN_POINT ( 'NONE',  ( -31.27472780755320869, 0.000000000000000000, 3.415000000000000036 ) ) ;
#370 = EDGE_CURVE ( 'NONE', #8497, #5042, #6912, .T. ) ;
#371 = EDGE_CURVE ( 'NONE', #6517, #925, #5354, .T. ) ;
#372 = EDGE_CURVE ( 'NONE', #8235, #5368, #9801, .T. ) ;
#373 = CARTESIAN_POINT ( 'NONE',  ( 30.27889104939037423, 0.09378038618371778434, -11.40410606111989722 ) ) ;
#374 = EDGE_CURVE ( 'NONE', #7339, #2803, #5224, .T. ) ;
#375 = ADVANCED_FACE ( 'NONE', ( #2743 ), #5145, .T. ) ;
#376 = ORIENTED_EDGE ( 'NONE', *, *, #6928, .T. ) ;
#377 = CARTESIAN_POINT ( 'NONE',  ( 47.49999999999999289, 3.000000000000000000, -8.649999999999998579 ) ) ;
#378 = DIRECTION ( 'NONE',  ( 0.000000000000000000, 0.000000000000000000, 1.000000000000000000 ) ) ;
#379 = ORIENTED_EDGE ( 'NONE', *, *, #9026, .F. ) ;
#380 = DIRECTION ( 'NONE',  ( 0.000000000000000000, 0.000000000000000000, 1.000000000000000000 ) ) ;
#381 = VERTEX_POINT ( 'NONE', #6152 ) ;
#382 = DIRECTION ( 'NONE',  ( -0.000000000000000000, 1.000000000000000000, -0.000000000000000000 ) ) ;
#383 = CARTESIAN_POINT ( 'NONE',  ( 30.21127424213632295, 0.2077789836488296016, 3.088811295319352723 ) ) ;
#384 = CARTESIAN_POINT ( 'NONE',  ( -35.18270600294837891, -8.848897779465002112E-17, -8.932842712474617031 ) ) ;
#385 = B_SPLINE_CURVE_WITH_KNOTS ( 'NONE', 3,
 ( #313, #363, #6850, #9389 ),
 .UNSPECIFIED., .F., .F.,
 ( 4, 4 ),
 ( 0.0004608189856411194947, 0.0004686829255822887066 ),
 .UNSPECIFIED. ) ;
#386 = CARTESIAN_POINT ( 'NONE',  ( 47.50000000000000000, 3.000000000000000000, -9.500000000000001776 ) ) ;
#387 = FACE_BOUND ( 'NONE', #4565, .T. ) ;
#388 = DIRECTION ( 'NONE',  ( 0.000000000000000000, 0.000000000000000000, -1.000000000000000000 ) ) ;
#389 = ORIENTED_EDGE ( 'NONE', *, *, #5946, .T. ) ;
#390 = CIRCLE ( 'NONE', #5665, 0.1999999999999987899 ) ;
#391 = ORIENTED_EDGE ( 'NONE', *, *, #6291, .T. ) ;
#392 = CARTESIAN_POINT ( 'NONE',  ( -20.00000000000001066, 11.00000000000000178, 13.55000000000000604 ) ) ;
#393 = VERTEX_POINT ( 'NONE', #9225 ) ;
#394 = DIRECTION ( 'NONE',  ( 0.000000000000000000, 0.000000000000000000, -1.000000000000000000 ) ) ;
#395 = CARTESIAN_POINT ( 'NONE',  ( -53.20000000000000284, 15.20000000000001350, 6.749999999999950262 ) ) ;
#396 = AXIS2_PLACEMENT_3D ( 'NONE', #5186, #3533, #344 ) ;
#397 = CARTESIAN_POINT ( 'NONE',  ( 47.49999999999999289, 11.00000000000000178, 9.500000000000000000 ) ) ;
#398 = LINE ( 'NONE', #10223, #4894 ) ;
#399 = EDGE_CURVE ( 'NONE', #7673, #6299, #1205, .T. ) ;
#400 = ORIENTED_EDGE ( 'NONE', *, *, #2617, .T. ) ;
#401 = DIRECTION ( 'NONE',  ( 0.000000000000000000, 0.000000000000000000, 1.000000000000000000 ) ) ;
#402 = CARTESIAN_POINT ( 'NONE',  ( -52.20525866347233546, 9.167019067184076775, 4.070506270392253434 ) ) ;
#403 = VERTEX_POINT ( 'NONE', #3640 ) ;
#404 = EDGE_LOOP ( 'NONE', ( #2528, #2385, #3049, #10514, #9854, #7527 ) ) ;
#405 = CARTESIAN_POINT ( 'NONE',  ( -30.13203748537938864, 5.996123729295900873, 8.643749989102962772 ) ) ;
#406 = ORIENTED_EDGE ( 'NONE', *, *, #8925, .T. ) ;
#407 = AXIS2_PLACEMENT_3D ( 'NONE', #1119, #1228, #6133 ) ;
#408 = ADVANCED_FACE ( 'NONE', ( #10126 ), #1888, .F. ) ;
#409 = ADVANCED_FACE ( 'NONE', ( #7539 ), #6946, .F. ) ;
#410 = CARTESIAN_POINT ( 'NONE',  ( 51.95000000000000284, 11.00000000000000178, 6.000000000000000000 ) ) ;
#411 = CARTESIAN_POINT ( 'NONE',  ( -45.19999999999999574, 3.000000000000000000, 6.750000000000006217 ) ) ;
#412 = DIRECTION ( 'NONE',  ( 1.000000000000000000, 0.000000000000000000, 0.000000000000000000 ) ) ;
#413 = CIRCLE ( 'NONE', #10083, 1.300000000000000711 ) ;
#414 = CARTESIAN_POINT ( 'NONE',  ( -35.50000000000001421, 6.500000000000000888, 12.25000000000000178 ) ) ;
#415 = ORIENTED_EDGE ( 'NONE', *, *, #461, .F. ) ;
#416 = VERTEX_POINT ( 'NONE', #451 ) ;
#417 = CARTESIAN_POINT ( 'NONE',  ( 30.95000000000000284, 0.000000000000000000, -2.350000000000003197 ) ) ;
#418 = EDGE_LOOP ( 'NONE', ( #3220, #7325, #9068, #5105 ) ) ;
#419 = LINE ( 'NONE', #7009, #9996 ) ;
#420 = CARTESIAN_POINT ( 'NONE',  ( -29.84000000000000696, 6.296018041280833089, -9.849999999999997868 ) ) ;
#421 = VECTOR ( 'NONE', #5515, 1000.000000000000000 ) ;
#422 = CARTESIAN_POINT ( 'NONE',  ( -31.44101788930268171, 2.721234519427554233, -3.615000000000000213 ) ) ;
#423 = ORIENTED_EDGE ( 'NONE', *, *, #2438, .F. ) ;
#424 = DIRECTION ( 'NONE',  ( 3.384826294588891940E-16, 0.000000000000000000, 1.000000000000000000 ) ) ;
#425 = AXIS2_PLACEMENT_3D ( 'NONE', #86, #6514, #5798 ) ;
#426 = EDGE_CURVE ( 'NONE', #7004, #8974, #6735, .T. ) ;
#427 = LINE ( 'NONE', #2869, #8962 ) ;
#428 = ORIENTED_EDGE ( 'NONE', *, *, #884, .F. ) ;
#429 = EDGE_CURVE ( 'NONE', #7145, #3259, #127, .T. ) ;
#430 = CARTESIAN_POINT ( 'NONE',  ( 0.000000000000000000, 8.000000000000000000, 0.000000000000000000 ) ) ;
#431 = VERTEX_POINT ( 'NONE', #8438 ) ;
#432 = CARTESIAN_POINT ( 'NONE',  ( -47.49999999999999289, 15.10000000000000142, -12.25000000000000000 ) ) ;
#433 = CIRCLE ( 'NONE', #8086, 3.000000000000002665 ) ;
#434 = CARTESIAN_POINT ( 'NONE',  ( 30.27489141821826379, 0.09795398803915293662, 3.033001662233776763 ) ) ;
#435 = LINE ( 'NONE', #2134, #9236 ) ;
#436 = LINE ( 'NONE', #3677, #7049 ) ;
#437 = PLANE ( 'NONE',  #4884 ) ;
#438 = CARTESIAN_POINT ( 'NONE',  ( -30.13468777611176463, 5.996053361243350643, -3.614964680037484168 ) ) ;
#439 = ORIENTED_EDGE ( 'NONE', *, *, #528, .T. ) ;
#440 = ORIENTED_EDGE ( 'NONE', *, *, #527, .F. ) ;
#441 = DIRECTION ( 'NONE',  ( -0.000000000000000000, -1.000000000000000000, 0.000000000000000000 ) ) ;
#442 = AXIS2_PLACEMENT_3D ( 'NONE', #1810, #7512, #7668 ) ;
#443 = EDGE_LOOP ( 'NONE', ( #9624, #10063, #7054, #6982 ) ) ;
#444 = FACE_OUTER_BOUND ( 'NONE', #4942, .T. ) ;
#445 = LINE ( 'NONE', #5402, #4074 ) ;
#446 = EDGE_CURVE ( 'NONE', #4430, #8375, #2157, .T. ) ;
#447 = DIRECTION ( 'NONE',  ( 8.514964620574181459E-16, -0.7208059210526586158, -0.6931369447486034341 ) ) ;
#448 = AXIS2_PLACEMENT_3D ( 'NONE', #6980, #10212, #8782 ) ;
#449 = DIRECTION ( 'NONE',  ( 2.312964634635743450E-15, 0.000000000000000000, 1.000000000000000000 ) ) ;
#450 = CARTESIAN_POINT ( 'NONE',  ( -2.000000000000008882, 13.30000000000000071, 12.35000000000019149 ) ) ;
#451 = CARTESIAN_POINT ( 'NONE',  ( 22.81827201635470459, 0.5000000000000000000, -10.68172798364529719 ) ) ;
#452 = FACE_OUTER_BOUND ( 'NONE', #514, .T. ) ;
#453 = ORIENTED_EDGE ( 'NONE', *, *, #3560, .F. ) ;
#454 = ORIENTED_EDGE ( 'NONE', *, *, #7879, .T. ) ;
#455 = CARTESIAN_POINT ( 'NONE',  ( 0.000000000000000000, 16.60000000000000142, -13.55000000000000249 ) ) ;
#456 = EDGE_LOOP ( 'NONE', ( #6655, #290 ) ) ;
#457 = AXIS2_PLACEMENT_3D ( 'NONE', #1311, #4413, #3652 ) ;
#458 = DIRECTION ( 'NONE',  ( 1.000000000000000000, 0.000000000000000000, 0.000000000000000000 ) ) ;
#459 = FACE_OUTER_BOUND ( 'NONE', #10466, .T. ) ;
#460 = AXIS2_PLACEMENT_3D ( 'NONE', #8422, #6876, #9115 ) ;
#461 = EDGE_CURVE ( 'NONE', #8330, #8292, #9182, .T. ) ;
#462 = VECTOR ( 'NONE', #7012, 1000.000000000000000 ) ;
#463 = CARTESIAN_POINT ( 'NONE',  ( 0.000000000000000000, 11.00000000000000178, 4.000000000000000000 ) ) ;
#464 = CARTESIAN_POINT ( 'NONE',  ( -30.13203748537938864, 5.996123729295900873, 8.643749989102962772 ) ) ;
#465 = VERTEX_POINT ( 'NONE', #8643 ) ;
#466 = LINE ( 'NONE', #1811, #7087 ) ;
#467 = VERTEX_POINT ( 'NONE', #7840 ) ;
#468 = CARTESIAN_POINT ( 'NONE',  ( 50.25000000000000000, 11.00000000000000178, 0.000000000000000000 ) ) ;
#469 = FACE_OUTER_BOUND ( 'NONE', #8865, .T. ) ;
#470 = CIRCLE ( 'NONE', #7096, 0.2999999999999999334 ) ;
#471 = EDGE_CURVE ( 'NONE', #264, #5579, #656, .T. ) ;
#472 = VECTOR ( 'NONE', #5006, 1000.000000000000000 ) ;
#473 = DIRECTION ( 'NONE',  ( 0.000000000000000000, -0.000000000000000000, 1.000000000000000000 ) ) ;
#474 = ADVANCED_FACE ( 'NONE', ( #7151 ), #1396, .F. ) ;
#475 = AXIS2_PLACEMENT_3D ( 'NONE', #152, #3446, #6687 ) ;
#476 = VERTEX_POINT ( 'NONE', #6297 ) ;
#477 = AXIS2_PLACEMENT_3D ( 'NONE', #7943, #9526, #653 ) ;
#478 = DIRECTION ( 'NONE',  ( 0.000000000000000000, 1.000000000000000000, -0.000000000000000000 ) ) ;
#479 = DIRECTION ( 'NONE',  ( -0.000000000000000000, -0.000000000000000000, 1.000000000000000000 ) ) ;
#480 = ORIENTED_EDGE ( 'NONE', *, *, #8675, .F. ) ;
#481 = VECTOR ( 'NONE', #4775, 1000.000000000000000 ) ;
#482 = DIRECTION ( 'NONE',  ( 0.000000000000000000, 1.000000000000000000, -0.000000000000000000 ) ) ;
#483 = ORIENTED_EDGE ( 'NONE', *, *, #2582, .F. ) ;
#484 = AXIS2_PLACEMENT_3D ( 'NONE', #4777, #9604, #4032 ) ;
#485 = CYLINDRICAL_SURFACE ( 'NONE', #4886, 0.2000000000000000944 ) ;
#486 = EDGE_CURVE ( 'NONE', #5020, #2319, #5557, .T. ) ;
#487 = CIRCLE ( 'NONE', #2183, 1.900000000000000577 ) ;
#488 = CARTESIAN_POINT ( 'NONE',  ( -31.27472780755320869, 0.2000000000000000111, -20.34067203111825251 ) ) ;
#489 = CARTESIAN_POINT ( 'NONE',  ( -52.26167638289443573, 8.184263641027909486, -4.211455303391317351 ) ) ;
#490 = FACE_OUTER_BOUND ( 'NONE', #9092, .T. ) ;
#491 = CARTESIAN_POINT ( 'NONE',  ( 39.11515805832832626, 0.1248391197358922483, 1.558743620592514700 ) ) ;
#492 = ORIENTED_EDGE ( 'NONE', *, *, #1923, .T. ) ;
#493 = ORIENTED_EDGE ( 'NONE', *, *, #2704, .T. ) ;
#494 = DIRECTION ( 'NONE',  ( -0.000000000000000000, -0.000000000000000000, 1.000000000000000000 ) ) ;
#495 = ORIENTED_EDGE ( 'NONE', *, *, #4785, .T. ) ;
#496 = DIRECTION ( 'NONE',  ( -0.8660254037844393737, 0.000000000000000000, -0.4999999999999986677 ) ) ;
#497 = VECTOR ( 'NONE', #2983, 1000.000000000000000 ) ;
#498 = ADVANCED_FACE ( 'NONE', ( #3845 ), #2148, .T. ) ;
#499 = CARTESIAN_POINT ( 'NONE',  ( -39.58434658500975445, 0.1071145293931484166, -20.34067203111825251 ) ) ;
#500 = DIRECTION ( 'NONE',  ( -0.000000000000000000, 1.000000000000000000, -0.000000000000000000 ) ) ;
#501 = DIRECTION ( 'NONE',  ( 0.000000000000000000, 0.000000000000000000, -1.000000000000000000 ) ) ;
#502 = VECTOR ( 'NONE', #8077, 1000.000000000000000 ) ;
#503 = DIRECTION ( 'NONE',  ( -0.8660254037844385966, 0.000000000000000000, 0.5000000000000003331 ) ) ;
#504 = EDGE_CURVE ( 'NONE', #2700, #1363, #8797, .T. ) ;
#505 = DIRECTION ( 'NONE',  ( 1.000000000000000000, 0.000000000000000000, 0.000000000000000000 ) ) ;
#506 = ORIENTED_EDGE ( 'NONE', *, *, #713, .F. ) ;
#507 = ORIENTED_EDGE ( 'NONE', *, *, #1121, .F. ) ;
#508 = DIRECTION ( 'NONE',  ( 1.000000000000000000, 0.000000000000000000, 0.000000000000000000 ) ) ;
#509 = ORIENTED_EDGE ( 'NONE', *, *, #7629, .T. ) ;
#510 = PLANE ( 'NONE',  #10329 ) ;
#511 = FACE_OUTER_BOUND ( 'NONE', #2424, .T. ) ;
#512 = CARTESIAN_POINT ( 'NONE',  ( 0.000000000000000000, 13.30000000000000071, 14.75000000000000178 ) ) ;
#513 = EDGE_LOOP ( 'NONE', ( #7652, #4650, #3318, #4562 ) ) ;
#514 = EDGE_LOOP ( 'NONE', ( #6670, #5165, #3270, #1133, #5149, #856 ) ) ;
#515 = EDGE_LOOP ( 'NONE', ( #1093, #4646, #9172, #3177, #5774, #5462, #9699, #9495 ) ) ;
#516 = CARTESIAN_POINT ( 'NONE',  ( -2.000000000000008882, 13.30000000000000071, 12.35000000000019149 ) ) ;
#517 = EDGE_LOOP ( 'NONE', ( #3821, #1387, #10455, #8541 ) ) ;
#518 = DIRECTION ( 'NONE',  ( 0.000000000000000000, -0.000000000000000000, 1.000000000000000000 ) ) ;
#519 = DIRECTION ( 'NONE',  ( -1.000000000000000000, 0.000000000000000000, 0.000000000000000000 ) ) ;
#520 = ORIENTED_EDGE ( 'NONE', *, *, #3946, .T. ) ;
#521 = LINE ( 'NONE', #7864, #7409 ) ;
#522 = EDGE_CURVE ( 'NONE', #8998, #885, #4376, .T. ) ;
#523 = DIRECTION ( 'NONE',  ( 0.000000000000000000, 0.000000000000000000, 1.000000000000000000 ) ) ;
#524 = ORIENTED_EDGE ( 'NONE', *, *, #4897, .F. ) ;
#525 = CARTESIAN_POINT ( 'NONE',  ( -52.12919047829865349, 9.558425586967516097, -3.971980343051110030 ) ) ;
#526 = EDGE_LOOP ( 'NONE', ( #9583, #10350, #7041, #5703 ) ) ;
#527 = EDGE_CURVE ( 'NONE', #7649, #8145, #4547, .T. ) ;
#528 = EDGE_CURVE ( 'NONE', #836, #1914, #7201, .T. ) ;
#529 = FACE_OUTER_BOUND ( 'NONE', #2870, .T. ) ;
#530 = PLANE ( 'NONE',  #10093 ) ;
#531 = CARTESIAN_POINT ( 'NONE',  ( -20.00000000000001066, 16.60001199999999955, 2.352167425053299179E-15 ) ) ;
#532 = CARTESIAN_POINT ( 'NONE',  ( -3.469693845669876708, 13.30000000000000071, -13.55000000000000071 ) ) ;
#533 = DIRECTION ( 'NONE',  ( 0.000000000000000000, 0.000000000000000000, 1.000000000000000000 ) ) ;
#534 = ORIENTED_EDGE ( 'NONE', *, *, #3743, .F. ) ;
#535 = VERTEX_POINT ( 'NONE', #3146 ) ;
#536 = CARTESIAN_POINT ( 'NONE',  ( 41.25000000000000000, 8.000000000000000000, -7.250000000000000888 ) ) ;
#537 = VERTEX_POINT ( 'NONE', #10439 ) ;
#538 = LINE ( 'NONE', #6290, #9384 ) ;
#539 = DIRECTION ( 'NONE',  ( -0.000000000000000000, -1.000000000000000000, -0.000000000000000000 ) ) ;
#540 = DIRECTION ( 'NONE',  ( -1.000000000000000000, 0.000000000000000000, 0.000000000000000000 ) ) ;
#541 = VECTOR ( 'NONE', #617, 1000.000000000000000 ) ;
#542 = LINE ( 'NONE', #6295, #8125 ) ;
#543 = DIRECTION ( 'NONE',  ( -0.000000000000000000, -1.000000000000000000, 0.000000000000000000 ) ) ;
#544 = CARTESIAN_POINT ( 'NONE',  ( -25.50000000000004263, 13.30000000000000071, -6.805453636524403956E-14 ) ) ;
#545 = VERTEX_POINT ( 'NONE', #2360 ) ;
#546 = ORIENTED_EDGE ( 'NONE', *, *, #8037, .F. ) ;
#547 = EDGE_CURVE ( 'NONE', #5368, #8235, #9287, .T. ) ;
#548 = PLANE ( 'NONE',  #635 ) ;
#549 = VERTEX_POINT ( 'NONE', #6397 ) ;
#550 = EDGE_CURVE ( 'NONE', #7018, #1697, #5617, .T. ) ;
#551 = EDGE_CURVE ( 'NONE', #5347, #8016, #3566, .T. ) ;
#552 = AXIS2_PLACEMENT_3D ( 'NONE', #4243, #141, #1781 ) ;
#553 = CARTESIAN_POINT ( 'NONE',  ( -30.83999999999999986, 5.954463462733936119, 8.349999999999997868 ) ) ;
#554 = EDGE_CURVE ( 'NONE', #1704, #1777, #1471, .T. ) ;
#555 = DIRECTION ( 'NONE',  ( -1.000000000000000000, 0.000000000000000000, -5.139921410301679392E-16 ) ) ;
#556 = CARTESIAN_POINT ( 'NONE',  ( -52.45000000000001705, 6.899999999999998579, -2.925000000000016254 ) ) ;
#557 = VERTEX_POINT ( 'NONE', #6245 ) ;
#558 = DIRECTION ( 'NONE',  ( 0.000000000000000000, 1.000000000000000000, -0.000000000000000000 ) ) ;
#559 = CIRCLE ( 'NONE', #4995, 1.300000000000001155 ) ;
#560 = ORIENTED_EDGE ( 'NONE', *, *, #10057, .F. ) ;
#561 = DIRECTION ( 'NONE',  ( -0.000000000000000000, 1.000000000000000000, -0.000000000000000000 ) ) ;
#562 = ORIENTED_EDGE ( 'NONE', *, *, #10296, .F. ) ;
#563 = DIRECTION ( 'NONE',  ( 0.000000000000000000, 0.000000000000000000, 1.000000000000000000 ) ) ;
#564 =( BOUNDED_SURFACE ( )  B_SPLINE_SURFACE ( 3, 2, ( 
 ( #2586, #8337, #9817 ),
 ( #4346, #9124, #1835 ),
 ( #5095, #7426, #5992 ),
 ( #295, #5797, #3541 ) ),
 .UNSPECIFIED., .F., .F., .F. ) 
 B_SPLINE_SURFACE_WITH_KNOTS ( ( 4, 4 ),
 ( 3, 3 ),
 ( -8.673617379884035472E-19, 0.0007825590053261891966 ),
 ( 0.000000000000000000, 1.000000000000000000 ),
 .UNSPECIFIED. ) 
 GEOMETRIC_REPRESENTATION_ITEM ( )  RATIONAL_B_SPLINE_SURFACE ( (
 ( 1.000000000000000000, 0.8371290630494895302, 1.000000000000000000),
 ( 1.000000000000000000, 0.8027790047357434844, 1.000000000000000000),
 ( 1.000000000000000000, 0.7601121344914574252, 1.000000000000000000),
 ( 1.000000000000000000, 0.7071067811865582309, 1.000000000000000000) ) ) 
 REPRESENTATION_ITEM ( '' )  SURFACE ( )  );
#565 = DIRECTION ( 'NONE',  ( -0.000000000000000000, -1.000000000000000000, -0.000000000000000000 ) ) ;
#566 = AXIS2_PLACEMENT_3D ( 'NONE', #1110, #9995, #1806 ) ;
#567 = AXIS2_PLACEMENT_3D ( 'NONE', #1029, #281, #1874 ) ;
#568 = EDGE_CURVE ( 'NONE', #1624, #8044, #2494, .T. ) ;
#569 = FACE_OUTER_BOUND ( 'NONE', #3699, .T. ) ;
#570 = CARTESIAN_POINT ( 'NONE',  ( -21.63608679191100137, 13.30000000000000071, -18.15483244721227152 ) ) ;
#571 = ORIENTED_EDGE ( 'NONE', *, *, #3362, .T. ) ;
#572 = CARTESIAN_POINT ( 'NONE',  ( -29.84000000000000696, -5.002961977226933143, -20.34067203111825251 ) ) ;
#573 = CARTESIAN_POINT ( 'NONE',  ( -25.50000000000004263, 11.00000000000000178, 6.805453636524403956E-14 ) ) ;
#574 = CARTESIAN_POINT ( 'NONE',  ( -34.34233853611036835, 0.1265113557324328841, -3.601009191073223814 ) ) ;
#575 = AXIS2_PLACEMENT_3D ( 'NONE', #4561, #1105, #9235 ) ;
#576 = ORIENTED_EDGE ( 'NONE', *, *, #7398, .T. ) ;
#577 = CARTESIAN_POINT ( 'NONE',  ( 50.24999999999999289, 11.35000000000000142, -1.700000000000000178 ) ) ;
#578 = VECTOR ( 'NONE', #6557, 1000.000000000000000 ) ;
#579 = VERTEX_POINT ( 'NONE', #4644 ) ;
#580 = FACE_OUTER_BOUND ( 'NONE', #1216, .T. ) ;
#581 = CARTESIAN_POINT ( 'NONE',  ( 31.69999999999997797, 0.2999999999999999889, -11.31869555732605015 ) ) ;
#582 = LINE ( 'NONE', #6285, #1455 ) ;
#583 = ORIENTED_EDGE ( 'NONE', *, *, #1529, .F. ) ;
#584 = ORIENTED_EDGE ( 'NONE', *, *, #1910, .T. ) ;
#585 = LINE ( 'NONE', #7084, #2431 ) ;
#586 = EDGE_LOOP ( 'NONE', ( #5048, #2, #3105, #7969 ) ) ;
#587 = CARTESIAN_POINT ( 'NONE',  ( 35.27426189721744265, 0.09795398803915149333, 0.9261620132527620397 ) ) ;
#588 = VECTOR ( 'NONE', #8934, 1000.000000000000000 ) ;
#589 = EDGE_CURVE ( 'NONE', #6766, #7018, #2940, .T. ) ;
#590 = DIRECTION ( 'NONE',  ( 0.000000000000000000, 0.000000000000000000, 1.000000000000000000 ) ) ;
#591 = CARTESIAN_POINT ( 'NONE',  ( -50.25000000000000711, 8.400000000000000355, 2.449999999999999734 ) ) ;
#592 = CARTESIAN_POINT ( 'NONE',  ( 22.78484194167171140, 0.1248391197358924148, 1.558743620592565104 ) ) ;
#593 = ADVANCED_FACE ( 'NONE', ( #7949 ), #10384, .T. ) ;
#594 = DIRECTION ( 'NONE',  ( -1.000000000000000000, 0.000000000000000000, 0.000000000000000000 ) ) ;
#595 = CARTESIAN_POINT ( 'NONE',  ( -39.76146882909598901, 0.000000000000000000, 0.000000000000000000 ) ) ;
#596 = LINE ( 'NONE', #7152, #1123 ) ;
#597 = ORIENTED_EDGE ( 'NONE', *, *, #6327, .T. ) ;
#598 = ORIENTED_EDGE ( 'NONE', *, *, #3333, .T. ) ;
#599 = CARTESIAN_POINT ( 'NONE',  ( 0.000000000000000000, 0.000000000000000000, 0.000000000000000000 ) ) ;
#600 = ORIENTED_EDGE ( 'NONE', *, *, #10244, .T. ) ;
#601 = EDGE_CURVE ( 'NONE', #7829, #9486, #2322, .T. ) ;
#602 = PLANE ( 'NONE',  #842 ) ;
#603 = VECTOR ( 'NONE', #1132, 1000.000000000000000 ) ;
#604 = CARTESIAN_POINT ( 'NONE',  ( -50.20000000000000284, 15.20000000000000817, -2.765277718742311108E-14 ) ) ;
#605 = EDGE_CURVE ( 'NONE', #5853, #5886, #7430, .T. ) ;
#606 = DIRECTION ( 'NONE',  ( 1.000000000000000000, 0.000000000000000000, 0.000000000000000000 ) ) ;
#607 = ORIENTED_EDGE ( 'NONE', *, *, #1230, .T. ) ;
#608 = LINE ( 'NONE', #3106, #2824 ) ;
#609 = ORIENTED_EDGE ( 'NONE', *, *, #1280, .T. ) ;
#610 = ORIENTED_EDGE ( 'NONE', *, *, #10244, .F. ) ;
#611 = VECTOR ( 'NONE', #10394, 1000.000000000000000 ) ;
#612 = CARTESIAN_POINT ( 'NONE',  ( 47.49999999999999289, 3.000000000000000000, 9.500000000000001776 ) ) ;
#613 = VECTOR ( 'NONE', #7562, 1000.000000000000000 ) ;
#614 = ORIENTED_EDGE ( 'NONE', *, *, #7330, .T. ) ;
#615 = CARTESIAN_POINT ( 'NONE',  ( -52.41871936047785852, 7.252400094932009544, -3.546295943922819660 ) ) ;
#616 = EDGE_CURVE ( 'NONE', #6007, #6123, #8113, .T. ) ;
#617 = DIRECTION ( 'NONE',  ( -0.000000000000000000, 1.000000000000000000, -0.000000000000000000 ) ) ;
#618 = AXIS2_PLACEMENT_3D ( 'NONE', #10334, #6199, #8692 ) ;
#619 = VECTOR ( 'NONE', #9513, 1000.000000000000000 ) ;
#620 = AXIS2_PLACEMENT_3D ( 'NONE', #4402, #5197, #10026 ) ;
#621 = PLANE ( 'NONE',  #9173 ) ;
#622 = DIRECTION ( 'NONE',  ( 0.000000000000000000, 0.000000000000000000, -1.000000000000000000 ) ) ;
#623 = CARTESIAN_POINT ( 'NONE',  ( -29.84000000000000341, 0.5000000000000004441, 3.315000000000000391 ) ) ;
#624 = ORIENTED_EDGE ( 'NONE', *, *, #2821, .T. ) ;
#625 = CARTESIAN_POINT ( 'NONE',  ( -35.26554871542300162, 0.1999999999999987899, 3.615000000000000213 ) ) ;
#626 =( BOUNDED_SURFACE ( )  B_SPLINE_SURFACE ( 3, 2, ( 
 ( #7394, #4156, #736 ),
 ( #852, #8878, #167 ),
 ( #3347, #7232, #6597 ),
 ( #53, #8088, #9844 ) ),
 .UNSPECIFIED., .F., .F., .F. ) 
 B_SPLINE_SURFACE_WITH_KNOTS ( ( 4, 4 ),
 ( 3, 3 ),
 ( 0.000000000000000000, 0.0007827539330232700454 ),
 ( 0.000000000000000000, 1.000000000000000000 ),
 .UNSPECIFIED. ) 
 GEOMETRIC_REPRESENTATION_ITEM ( )  RATIONAL_B_SPLINE_SURFACE ( (
 ( 1.000000000000000000, 0.7071067811865597852, 1.000000000000000000),
 ( 1.000000000000000000, 0.7595966335268794500, 1.000000000000000000),
 ( 1.000000000000000000, 0.8024371557888911877, 1.000000000000000000),
 ( 1.000000000000000000, 0.8371290630494907514, 1.000000000000000000) ) ) 
 REPRESENTATION_ITEM ( '' )  SURFACE ( )  );
#627 = AXIS2_PLACEMENT_3D ( 'NONE', #8814, #4718, #7909 ) ;
#628 = ADVANCED_FACE ( 'NONE', ( #9014 ), #8170, .F. ) ;
#629 = AXIS2_PLACEMENT_3D ( 'NONE', #2078, #10107, #5337 ) ;
#630 = CARTESIAN_POINT ( 'NONE',  ( 50.24999999999999289, 11.35000000000000142, 1.700000000000000178 ) ) ;
#631 = CARTESIAN_POINT ( 'NONE',  ( -51.95000001717433946, 7.259432477569829345, -3.989152884042723723 ) ) ;
#632 = ORIENTED_EDGE ( 'NONE', *, *, #4154, .F. ) ;
#633 = EDGE_CURVE ( 'NONE', #4024, #2237, #188, .T. ) ;
#634 = CIRCLE ( 'NONE', #4223, 0.3706384263718852656 ) ;
#635 = AXIS2_PLACEMENT_3D ( 'NONE', #7483, #7319, #4075 ) ;
#636 = AXIS2_PLACEMENT_3D ( 'NONE', #5811, #8487, #9039 ) ;
#637 = CARTESIAN_POINT ( 'NONE',  ( -31.60047529527845001, 3.276389878762281160, 3.615000000000000213 ) ) ;
#638 = ORIENTED_EDGE ( 'NONE', *, *, #10208, .F. ) ;
#639 = VECTOR ( 'NONE', #1059, 1000.000000000000000 ) ;
#640 = CARTESIAN_POINT ( 'NONE',  ( -52.20411310831038776, 8.951678408958507305, -4.174880509859774769 ) ) ;
#641 = DIRECTION ( 'NONE',  ( 1.000000000000000000, -0.000000000000000000, -0.000000000000000000 ) ) ;
#642 = LINE ( 'NONE', #6331, #7588 ) ;
#643 = VERTEX_POINT ( 'NONE', #9065 ) ;
#644 = VERTEX_POINT ( 'NONE', #8220 ) ;
#645 = DIRECTION ( 'NONE',  ( 1.000000000000000000, 0.000000000000000000, 7.304098846218136886E-17 ) ) ;
#646 = CIRCLE ( 'NONE', #9309, 0.5999999999999998668 ) ;
#647 = ORIENTED_EDGE ( 'NONE', *, *, #1155, .F. ) ;
#648 = CIRCLE ( 'NONE', #3378, 1.999999999999997335 ) ;
#649 = LINE ( 'NONE', #5498, #70 ) ;
#650 = AXIS2_PLACEMENT_3D ( 'NONE', #7264, #2416, #5674 ) ;
#651 = AXIS2_PLACEMENT_3D ( 'NONE', #9539, #2109, #7803 ) ;
#652 = DIRECTION ( 'NONE',  ( -1.000000000000000000, 0.000000000000000000, 0.000000000000000000 ) ) ;
#653 = DIRECTION ( 'NONE',  ( 0.000000000000000000, 0.000000000000000000, 1.000000000000000000 ) ) ;
#654 = CARTESIAN_POINT ( 'NONE',  ( -52.26167638289526707, 8.615736358971961550, 4.211455303391223204 ) ) ;
#655 = CARTESIAN_POINT ( 'NONE',  ( -19.99999999999993960, 11.00000000000000178, -1.067522139062646364E-13 ) ) ;
#656 = LINE ( 'NONE', #9529, #797 ) ;
#657 = CARTESIAN_POINT ( 'NONE',  ( 9.130079849446664397, 0.5000000000000000000, -15.81376217640248427 ) ) ;
#658 = ORIENTED_EDGE ( 'NONE', *, *, #7505, .F. ) ;
#659 = EDGE_LOOP ( 'NONE', ( #5198, #7008, #2970, #7694, #3998, #3709, #6235, #10427, #10194 ) ) ;
#660 = VECTOR ( 'NONE', #9969, 1000.000000000000000 ) ;
#661 = ADVANCED_FACE ( 'NONE', ( #4974 ), #3431, .F. ) ;
#662 = CARTESIAN_POINT ( 'NONE',  ( -52.23893568960530587, 9.745991342014123759, -3.499028688288416511 ) ) ;
#663 = AXIS2_PLACEMENT_3D ( 'NONE', #29, #9648, #4765 ) ;
#664 = ORIENTED_EDGE ( 'NONE', *, *, #1497, .F. ) ;
#665 = EDGE_CURVE ( 'NONE', #9848, #1890, #1721, .T. ) ;
#666 = LINE ( 'NONE', #8009, #8647 ) ;
#667 = AXIS2_PLACEMENT_3D ( 'NONE', #3252, #7999, #5456 ) ;
#668 = DIRECTION ( 'NONE',  ( 0.000000000000000000, -1.000000000000000000, 0.000000000000000000 ) ) ;
#669 = EDGE_CURVE ( 'NONE', #4301, #6262, #872, .T. ) ;
#670 = LINE ( 'NONE', #3858, #5016 ) ;
#671 = ORIENTED_EDGE ( 'NONE', *, *, #10315, .F. ) ;
#672 = FACE_OUTER_BOUND ( 'NONE', #5921, .T. ) ;
#673 = VERTEX_POINT ( 'NONE', #1556 ) ;
#674 = ORIENTED_EDGE ( 'NONE', *, *, #7067, .T. ) ;
#675 = CARTESIAN_POINT ( 'NONE',  ( 53.85232526704263023, 8.000000000000000000, -7.250000000000000888 ) ) ;
#676 = ORIENTED_EDGE ( 'NONE', *, *, #1259, .F. ) ;
#677 = PLANE ( 'NONE',  #997 ) ;
#678 = VECTOR ( 'NONE', #894, 1000.000000000000000 ) ;
#679 = DIRECTION ( 'NONE',  ( 0.7660444431189792347, 0.000000000000000000, -0.6427876096865379196 ) ) ;
#680 = CARTESIAN_POINT ( 'NONE',  ( -51.25000000000001421, 15.10000000000000142, 9.499999999999978684 ) ) ;
#681 = LINE ( 'NONE', #3174, #7613 ) ;
#682 = DIRECTION ( 'NONE',  ( -0.000000000000000000, 1.000000000000000000, -0.000000000000000000 ) ) ;
#683 = ORIENTED_EDGE ( 'NONE', *, *, #8378, .T. ) ;
#684 = CARTESIAN_POINT ( 'NONE',  ( -45.19999999999994600, 8.000000000000000000, -14.75000000000000355 ) ) ;
#685 = CARTESIAN_POINT ( 'NONE',  ( 2.009170479469691184, 13.30000000000000071, -14.75000000000000178 ) ) ;
#686 = EDGE_CURVE ( 'NONE', #7537, #6806, #924, .T. ) ;
#687 = CARTESIAN_POINT ( 'NONE',  ( -52.11956194878057858, 8.278038078818150680, -4.350092874894017747 ) ) ;
#688 = VERTEX_POINT ( 'NONE', #7362 ) ;
#689 = ADVANCED_FACE ( 'NONE', ( #7416 ), #4808, .T. ) ;
#690 = EDGE_CURVE ( 'NONE', #1274, #10387, #760, .T. ) ;
#691 = EDGE_CURVE ( 'NONE', #271, #6962, #7255, .T. ) ;
#692 = FACE_OUTER_BOUND ( 'NONE', #6750, .T. ) ;
#693 = ORIENTED_EDGE ( 'NONE', *, *, #6738, .T. ) ;
#694 = LINE ( 'NONE', #7873, #8416 ) ;
#695 = DIRECTION ( 'NONE',  ( -0.000000000000000000, -1.000000000000000000, -0.000000000000000000 ) ) ;
#696 = DIRECTION ( 'NONE',  ( -1.176083712526649195E-16, 0.000000000000000000, -1.000000000000000000 ) ) ;
#697 = ORIENTED_EDGE ( 'NONE', *, *, #2934, .F. ) ;
#698 = VERTEX_POINT ( 'NONE', #977 ) ;
#699 = CARTESIAN_POINT ( 'NONE',  ( -39.56900131232449525, 0.1363762547886368526, 8.357532483228501619 ) ) ;
#700 = ORIENTED_EDGE ( 'NONE', *, *, #7884, .F. ) ;
#701 = CARTESIAN_POINT ( 'NONE',  ( 51.95000000000000284, 11.35000000000000142, 1.700000000000000178 ) ) ;
#702 = CARTESIAN_POINT ( 'NONE',  ( -39.58434658500975445, 0.1071145293931473758, 3.592122244086235927 ) ) ;
#703 = DIRECTION ( 'NONE',  ( 1.000000000000000000, 0.000000000000000000, 0.000000000000000000 ) ) ;
#704 = CARTESIAN_POINT ( 'NONE',  ( -29.84000000000000341, 6.296018041280833089, -3.315000000000000391 ) ) ;
#705 = DIRECTION ( 'NONE',  ( 0.000000000000000000, -1.000000000000000000, 0.000000000000000000 ) ) ;
#706 = DIRECTION ( 'NONE',  ( 0.000000000000000000, 0.000000000000000000, 1.000000000000000000 ) ) ;
#707 = ORIENTED_EDGE ( 'NONE', *, *, #1259, .T. ) ;
#708 = ORIENTED_EDGE ( 'NONE', *, *, #5757, .T. ) ;
#709 = CARTESIAN_POINT ( 'NONE',  ( 0.000000000000000000, 5.400000000000000355, 8.349999999999997868 ) ) ;
#710 = ORIENTED_EDGE ( 'NONE', *, *, #9388, .T. ) ;
#711 = PLANE ( 'NONE',  #5433 ) ;
#712 = LINE ( 'NONE', #3320, #6270 ) ;
#713 = EDGE_CURVE ( 'NONE', #6287, #5792, #2463, .T. ) ;
#714 = CARTESIAN_POINT ( 'NONE',  ( -50.25000000000000711, 8.000000000000000000, -6.750000000000000000 ) ) ;
#715 = VERTEX_POINT ( 'NONE', #5724 ) ;
#716 = DIRECTION ( 'NONE',  ( 0.000000000000000000, -1.000000000000000000, 0.000000000000000000 ) ) ;
#717 = ORIENTED_EDGE ( 'NONE', *, *, #6914, .F. ) ;
#718 = VERTEX_POINT ( 'NONE', #4924 ) ;
#719 = FACE_OUTER_BOUND ( 'NONE', #7662, .T. ) ;
#720 = EDGE_LOOP ( 'NONE', ( #3915, #9762, #5371, #24, #4135 ) ) ;
#721 = ORIENTED_EDGE ( 'NONE', *, *, #9792, .F. ) ;
#722 = CARTESIAN_POINT ( 'NONE',  ( 30.19999999999998153, 0.5000000000000000000, -11.31869555732606258 ) ) ;
#723 = VECTOR ( 'NONE', #7422, 1000.000000000000000 ) ;
#724 = CARTESIAN_POINT ( 'NONE',  ( -51.95000000000000995, 8.400000000000000355, -2.449999999999999734 ) ) ;
#725 = EDGE_CURVE ( 'NONE', #7203, #10441, #5971, .T. ) ;
#726 = DIRECTION ( 'NONE',  ( 0.8660254037844390407, -0.000000000000000000, 0.4999999999999992784 ) ) ;
#727 = LINE ( 'NONE', #6585, #7308 ) ;
#728 = ADVANCED_FACE ( 'NONE', ( #2522 ), #5028, .F. ) ;
#729 = AXIS2_PLACEMENT_3D ( 'NONE', #6444, #4059, #63 ) ;
#730 = DIRECTION ( 'NONE',  ( 0.000000000000000000, 1.000000000000000000, -0.000000000000000000 ) ) ;
#731 = CARTESIAN_POINT ( 'NONE',  ( 0.000000000000000000, 11.00000000000000178, 0.000000000000000000 ) ) ;
#732 = DIRECTION ( 'NONE',  ( -1.000000000000000000, 0.000000000000000000, 4.476705744456300993E-16 ) ) ;
#733 = VERTEX_POINT ( 'NONE', #284 ) ;
#734 = CARTESIAN_POINT ( 'NONE',  ( 30.95000000000000284, 0.5000000000000000000, 6.650000000000010125 ) ) ;
#735 = DIRECTION ( 'NONE',  ( -1.000000000000000000, -1.506492794866855939E-14, 0.000000000000000000 ) ) ;
#736 = CARTESIAN_POINT ( 'NONE',  ( -52.45000000000000995, 7.102280827012616982, -3.001973684210527349 ) ) ;
#737 = ORIENTED_EDGE ( 'NONE', *, *, #4127, .F. ) ;
#738 = CIRCLE ( 'NONE', #4822, 0.1999999999999997891 ) ;
#739 = CIRCLE ( 'NONE', #2107, 1.900000000000000577 ) ;
#740 = CARTESIAN_POINT ( 'NONE',  ( -31.27472780755320869, 0.000000000000000000, -2.965000000000000302 ) ) ;
#741 = EDGE_CURVE ( 'NONE', #5139, #5713, #4334, .T. ) ;
#742 = EDGE_LOOP ( 'NONE', ( #1239, #7855, #4089, #2410, #5605, #9532, #64, #3134, #9569, #7821, #2254, #9971, #3547 ) ) ;
#743 = DIRECTION ( 'NONE',  ( -0.000000000000000000, -1.000000000000000000, -0.000000000000000000 ) ) ;
#744 = EDGE_CURVE ( 'NONE', #3575, #6121, #3850, .T. ) ;
#745 = B_SPLINE_CURVE_WITH_KNOTS ( 'NONE', 3,
 ( #7229, #4783, #9721, #10412, #5698, #10529, #2490, #8196 ),
 .UNSPECIFIED., .F., .F.,
 ( 4, 2, 2, 4 ),
 ( 0.001279873816246329156, 0.001599499302352241220, 0.001919124788458153284, 0.002558375760669971775 ),
 .UNSPECIFIED. ) ;
#746 = DIRECTION ( 'NONE',  ( 1.000000000000000000, 0.000000000000000000, 0.000000000000000000 ) ) ;
#747 = FACE_OUTER_BOUND ( 'NONE', #10516, .T. ) ;
#748 = ORIENTED_EDGE ( 'NONE', *, *, #9770, .F. ) ;
#749 = ORIENTED_EDGE ( 'NONE', *, *, #4667, .T. ) ;
#750 = DIRECTION ( 'NONE',  ( -1.000000000000000000, 0.000000000000000000, 0.000000000000000000 ) ) ;
#751 = ORIENTED_EDGE ( 'NONE', *, *, #8327, .F. ) ;
#752 = LINE ( 'NONE', #4800, #1393 ) ;
#753 = EDGE_CURVE ( 'NONE', #545, #6521, #1080, .T. ) ;
#754 = DIRECTION ( 'NONE',  ( 0.000000000000000000, 1.000000000000000000, 0.000000000000000000 ) ) ;
#755 = VECTOR ( 'NONE', #3754, 1000.000000000000000 ) ;
#756 = DIRECTION ( 'NONE',  ( 0.000000000000000000, -1.000000000000000000, -6.505213034913037648E-15 ) ) ;
#757 = CARTESIAN_POINT ( 'NONE',  ( 26.60635347795579619, 0.2999999999999999889, 1.023830892551267135 ) ) ;
#758 = CARTESIAN_POINT ( 'NONE',  ( 30.95000000000000284, -0.0009999999999999158867, -2.350000000000003197 ) ) ;
#759 = DIRECTION ( 'NONE',  ( 0.000000000000000000, 0.000000000000000000, 1.000000000000000000 ) ) ;
#760 = LINE ( 'NONE', #4010, #9972 ) ;
#761 = FACE_OUTER_BOUND ( 'NONE', #1114, .T. ) ;
#762 = EDGE_LOOP ( 'NONE', ( #8975, #180, #7216, #10362, #9747, #2540, #1780, #7528, #2681, #1023, #54, #8029, #5422, #5591, #607, #6575, #8344, #8277, #1411, #3447, #5620, #9784, #5114, #806, #4104, #5697 ) ) ;
#763 = ORIENTED_EDGE ( 'NONE', *, *, #5427, .T. ) ;
#764 = FACE_OUTER_BOUND ( 'NONE', #8319, .T. ) ;
#765 = AXIS2_PLACEMENT_3D ( 'NONE', #6197, #10333, #10274 ) ;
#766 = ADVANCED_FACE ( 'NONE', ( #6034 ), #1191, .T. ) ;
#767 = VERTEX_POINT ( 'NONE', #6722 ) ;
#768 = ADVANCED_FACE ( 'NONE', ( #10059, #387, #7576 ), #10166, .T. ) ;
#769 = CARTESIAN_POINT ( 'NONE',  ( 30.95000000000000284, 0.5000000000000000000, -2.350000000000003197 ) ) ;
#770 = DIRECTION ( 'NONE',  ( -6.308085367188406018E-16, 0.000000000000000000, 1.000000000000000000 ) ) ;
#771 = AXIS2_PLACEMENT_3D ( 'NONE', #7929, #7139, #8780 ) ;
#772 = CARTESIAN_POINT ( 'NONE',  ( -30.84000000000000696, 0.5000000000000004441, -8.849999999999997868 ) ) ;
#773 = ORIENTED_EDGE ( 'NONE', *, *, #9491, .F. ) ;
#774 = LINE ( 'NONE', #3916, #611 ) ;
#775 = ORIENTED_EDGE ( 'NONE', *, *, #3743, .T. ) ;
#776 = ORIENTED_EDGE ( 'NONE', *, *, #8243, .T. ) ;
#777 = LINE ( 'NONE', #3226, #5763 ) ;
#778 = VERTEX_POINT ( 'NONE', #9318 ) ;
#779 = ORIENTED_EDGE ( 'NONE', *, *, #8431, .T. ) ;
#780 = CARTESIAN_POINT ( 'NONE',  ( -24.49308044258726724, 13.30000000000000071, 14.75000000000000355 ) ) ;
#781 = VECTOR ( 'NONE', #5438, 1000.000000000000000 ) ;
#782 = LINE ( 'NONE', #3171, #1006 ) ;
#783 = DIRECTION ( 'NONE',  ( 0.000000000000000000, 0.000000000000000000, 1.000000000000000000 ) ) ;
#784 = DIRECTION ( 'NONE',  ( -0.000000000000000000, 1.000000000000000000, -0.000000000000000000 ) ) ;
#785 = FACE_OUTER_BOUND ( 'NONE', #4072, .T. ) ;
#786 = VECTOR ( 'NONE', #2346, 1000.000000000000000 ) ;
#787 = LINE ( 'NONE', #2222, #1934 ) ;
#788 = VERTEX_POINT ( 'NONE', #4482 ) ;
#789 = CARTESIAN_POINT ( 'NONE',  ( -25.50000000000001066, 11.00000000000000178, -13.55000000000000249 ) ) ;
#790 = LINE ( 'NONE', #4207, #9815 ) ;
#791 = CARTESIAN_POINT ( 'NONE',  ( -53.20100000000002183, 9.850000000000003197, -2.500000000000000444 ) ) ;
#792 = EDGE_CURVE ( 'NONE', #1736, #7297, #7727, .T. ) ;
#793 = EDGE_LOOP ( 'NONE', ( #2063, #1344, #169, #4787 ) ) ;
#794 = VECTOR ( 'NONE', #9268, 1000.000000000000000 ) ;
#795 = EDGE_CURVE ( 'NONE', #788, #1303, #2827, .T. ) ;
#796 = CARTESIAN_POINT ( 'NONE',  ( -39.68512705544042518, -3.121793537457910764E-16, -8.973658226344436883 ) ) ;
#797 = VECTOR ( 'NONE', #2249, 1000.000000000000000 ) ;
#798 = VECTOR ( 'NONE', #7813, 1000.000000000000000 ) ;
#799 = EDGE_LOOP ( 'NONE', ( #7891, #7131, #9404, #8914 ) ) ;
#800 = CARTESIAN_POINT ( 'NONE',  ( -52.25000000000001421, 6.902631723476097214, -3.013815789473690554 ) ) ;
#801 = DIRECTION ( 'NONE',  ( -0.000000000000000000, 0.000000000000000000, 1.000000000000000000 ) ) ;
#802 = LINE ( 'NONE', #9851, #4693 ) ;
#803 = ORIENTED_EDGE ( 'NONE', *, *, #6810, .T. ) ;
#804 = EDGE_LOOP ( 'NONE', ( #6009, #2318, #2291, #3151 ) ) ;
#805 = DIRECTION ( 'NONE',  ( 0.000000000000000000, 1.000000000000000000, -0.000000000000000000 ) ) ;
#806 = ORIENTED_EDGE ( 'NONE', *, *, #7594, .T. ) ;
#807 = DIRECTION ( 'NONE',  ( -1.176083712526649195E-16, 0.000000000000000000, -1.000000000000000000 ) ) ;
#808 = AXIS2_PLACEMENT_3D ( 'NONE', #6308, #4663, #8864 ) ;
#809 = VECTOR ( 'NONE', #815, 1000.000000000000000 ) ;
#810 = ADVANCED_FACE ( 'NONE', ( #6087 ), #5984, .F. ) ;
#811 = DIRECTION ( 'NONE',  ( -0.000000000000000000, 1.000000000000000000, -0.000000000000000000 ) ) ;
#812 = VECTOR ( 'NONE', #1422, 1000.000000000000000 ) ;
#813 = CARTESIAN_POINT ( 'NONE',  ( 30.95000000000000284, 0.5000000000000000000, -2.350000000000003197 ) ) ;
#814 = LINE ( 'NONE', #9635, #4906 ) ;
#815 = DIRECTION ( 'NONE',  ( -1.000000000000000000, -0.000000000000000000, -0.000000000000000000 ) ) ;
#816 = EDGE_CURVE ( 'NONE', #890, #2945, #1032, .T. ) ;
#817 = LINE ( 'NONE', #5666, #9254 ) ;
#818 = VECTOR ( 'NONE', #2056, 1000.000000000000000 ) ;
#819 = DIRECTION ( 'NONE',  ( 0.000000000000000000, 1.000000000000000000, 0.000000000000000000 ) ) ;
#820 = CARTESIAN_POINT ( 'NONE',  ( 25.91802043089039032, 0.1300423822510698713, -0.2541858920926950427 ) ) ;
#821 = ORIENTED_EDGE ( 'NONE', *, *, #8405, .T. ) ;
#822 = EDGE_LOOP ( 'NONE', ( #951, #3069, #276, #5876, #9993, #6355, #9544, #10483, #4097, #4240, #7433, #8753 ) ) ;
#823 = AXIS2_PLACEMENT_3D ( 'NONE', #128, #2675, #1028 ) ;
#824 = CARTESIAN_POINT ( 'NONE',  ( -20.00000000000001066, 15.10000000000000142, -14.75000000000000355 ) ) ;
#825 = ORIENTED_EDGE ( 'NONE', *, *, #9188, .F. ) ;
#826 = EDGE_CURVE ( 'NONE', #3575, #549, #5916, .T. ) ;
#827 = CIRCLE ( 'NONE', #3551, 0.2000000000000002331 ) ;
#828 = FACE_OUTER_BOUND ( 'NONE', #5951, .T. ) ;
#829 = FACE_OUTER_BOUND ( 'NONE', #4051, .T. ) ;
#830 = EDGE_CURVE ( 'NONE', #3285, #5068, #5885, .T. ) ;
#831 = AXIS2_PLACEMENT_3D ( 'NONE', #8895, #5613, #1665 ) ;
#832 = DIRECTION ( 'NONE',  ( 0.000000000000000000, 1.000000000000000000, 2.891205793294675861E-16 ) ) ;
#833 = EDGE_LOOP ( 'NONE', ( #2467, #6328, #5226, #9920, #5413 ) ) ;
#834 = VECTOR ( 'NONE', #5418, 1000.000000000000000 ) ;
#835 = CARTESIAN_POINT ( 'NONE',  ( 47.49999999999999289, 3.000000000000000000, 9.500000000000001776 ) ) ;
#836 = VERTEX_POINT ( 'NONE', #1235 ) ;
#837 = VERTEX_POINT ( 'NONE', #1924 ) ;
#838 = CARTESIAN_POINT ( 'NONE',  ( -52.41872069990385796, 9.547606358319624675, -3.546286172565188188 ) ) ;
#839 = ORIENTED_EDGE ( 'NONE', *, *, #9125, .F. ) ;
#840 = ORIENTED_EDGE ( 'NONE', *, *, #9054, .F. ) ;
#841 = DIRECTION ( 'NONE',  ( -0.000000000000000000, -1.000000000000000000, 0.000000000000000000 ) ) ;
#842 = AXIS2_PLACEMENT_3D ( 'NONE', #8905, #1617, #4707 ) ;
#843 = CARTESIAN_POINT ( 'NONE',  ( -39.58434658500975445, 0.1071145293931473896, 2.787877755913764855 ) ) ;
#844 = FACE_OUTER_BOUND ( 'NONE', #2495, .T. ) ;
#845 = CARTESIAN_POINT ( 'NONE',  ( -20.00000000000000711, 15.10000000000000142, 14.75000000000000178 ) ) ;
#846 = CARTESIAN_POINT ( 'NONE',  ( -52.25000000000001421, 8.400000000000000355, 2.925000000000030465 ) ) ;
#847 = VERTEX_POINT ( 'NONE', #8475 ) ;
#848 = ORIENTED_EDGE ( 'NONE', *, *, #3739, .T. ) ;
#849 = CIRCLE ( 'NONE', #9329, 5.199999999999985967 ) ;
#850 = DIRECTION ( 'NONE',  ( 1.000000000000000000, 0.000000000000000000, 0.000000000000000000 ) ) ;
#851 = LINE ( 'NONE', #8876, #3863 ) ;
#852 = CARTESIAN_POINT ( 'NONE',  ( -52.25000000000001421, 6.947306091042516840, -3.264948469478025750 ) ) ;
#853 = ORIENTED_EDGE ( 'NONE', *, *, #4869, .F. ) ;
#854 = DIRECTION ( 'NONE',  ( 1.000000000000000000, 0.000000000000000000, 0.000000000000000000 ) ) ;
#855 = ADVANCED_FACE ( 'NONE', ( #5181 ), #1131, .T. ) ;
#856 = ORIENTED_EDGE ( 'NONE', *, *, #3162, .T. ) ;
#857 = PLANE ( 'NONE',  #10105 ) ;
#858 = LINE ( 'NONE', #7239, #1479 ) ;
#859 = FACE_OUTER_BOUND ( 'NONE', #4943, .T. ) ;
#860 = ORIENTED_EDGE ( 'NONE', *, *, #1955, .F. ) ;
#861 = ORIENTED_EDGE ( 'NONE', *, *, #4933, .F. ) ;
#862 = CARTESIAN_POINT ( 'NONE',  ( -20.00000000000001066, 16.60000000000000142, 13.55000000000000604 ) ) ;
#863 = EDGE_CURVE ( 'NONE', #4882, #5792, #3627, .T. ) ;
#864 = ORIENTED_EDGE ( 'NONE', *, *, #5036, .T. ) ;
#865 = CARTESIAN_POINT ( 'NONE',  ( -44.75000000000000711, 6.500000000000000888, 12.25000000000000000 ) ) ;
#866 = ADVANCED_FACE ( 'NONE', ( #10112 ), #437, .F. ) ;
#867 = LINE ( 'NONE', #2515, #3400 ) ;
#868 = LINE ( 'NONE', #9208, #8447 ) ;
#869 = DIRECTION ( 'NONE',  ( 0.000000000000000000, 0.000000000000000000, 1.000000000000000000 ) ) ;
#870 = CYLINDRICAL_SURFACE ( 'NONE', #8137, 5.499999999999985789 ) ;
#871 = DIRECTION ( 'NONE',  ( 5.782411586589351722E-16, 0.000000000000000000, 1.000000000000000000 ) ) ;
#872 = LINE ( 'NONE', #6668, #8778 ) ;
#873 = CARTESIAN_POINT ( 'NONE',  ( 25.85635347795579619, 0.2531612188914920125, -0.2752072131253918141 ) ) ;
#874 = ORIENTED_EDGE ( 'NONE', *, *, #6953, .T. ) ;
#875 = VERTEX_POINT ( 'NONE', #7525 ) ;
#876 = DIRECTION ( 'NONE',  ( -1.826024711554533223E-15, 0.000000000000000000, 1.000000000000000000 ) ) ;
#877 = ORIENTED_EDGE ( 'NONE', *, *, #1061, .F. ) ;
#878 = DIRECTION ( 'NONE',  ( 0.000000000000000000, 0.000000000000000000, -1.000000000000000000 ) ) ;
#879 = FACE_OUTER_BOUND ( 'NONE', #10217, .T. ) ;
#880 = EDGE_CURVE ( 'NONE', #4295, #1926, #235, .T. ) ;
#881 = FACE_OUTER_BOUND ( 'NONE', #6142, .T. ) ;
#882 = VERTEX_POINT ( 'NONE', #1382 ) ;
#883 = CARTESIAN_POINT ( 'NONE',  ( -52.35969694218101012, 7.689433048167256146, -4.018813364945269306 ) ) ;
#884 = EDGE_CURVE ( 'NONE', #8561, #8034, #2082, .T. ) ;
#885 = VERTEX_POINT ( 'NONE', #6284 ) ;
#886 = ORIENTED_EDGE ( 'NONE', *, *, #4289, .T. ) ;
#887 = EDGE_CURVE ( 'NONE', #4196, #4430, #6979, .T. ) ;
#888 = CARTESIAN_POINT ( 'NONE',  ( -20.00000000000001066, 11.00000000000000178, 13.55000000000000604 ) ) ;
#889 = EDGE_LOOP ( 'NONE', ( #32, #121, #3062, #5940 ) ) ;
#890 = VERTEX_POINT ( 'NONE', #3732 ) ;
#891 = DIRECTION ( 'NONE',  ( 1.000000000000000000, 0.000000000000000000, 0.000000000000000000 ) ) ;
#892 = EDGE_CURVE ( 'NONE', #7829, #10376, #1490, .T. ) ;
#893 = FACE_OUTER_BOUND ( 'NONE', #5826, .T. ) ;
#894 = DIRECTION ( 'NONE',  ( -0.000000000000000000, 1.000000000000000000, -0.000000000000000000 ) ) ;
#895 = LINE ( 'NONE', #3233, #2170 ) ;
#896 = FACE_OUTER_BOUND ( 'NONE', #8942, .T. ) ;
#897 = VERTEX_POINT ( 'NONE', #581 ) ;
#898 = AXIS2_PLACEMENT_3D ( 'NONE', #9602, #3538, #10218 ) ;
#899 = ORIENTED_EDGE ( 'NONE', *, *, #2325, .T. ) ;
#900 = DIRECTION ( 'NONE',  ( 0.000000000000000000, 0.000000000000000000, 1.000000000000000000 ) ) ;
#901 = DIRECTION ( 'NONE',  ( -0.000000000000000000, 1.000000000000000000, -0.000000000000000000 ) ) ;
#902 = CARTESIAN_POINT ( 'NONE',  ( 30.95000000000000284, 0.000000000000000000, -2.350000000000003197 ) ) ;
#903 = ORIENTED_EDGE ( 'NONE', *, *, #10275, .F. ) ;
#904 = EDGE_CURVE ( 'NONE', #1224, #9132, #7930, .T. ) ;
#905 = AXIS2_PLACEMENT_3D ( 'NONE', #1135, #5397, #3943 ) ;
#906 = EDGE_CURVE ( 'NONE', #847, #1477, #983, .T. ) ;
#907 = LINE ( 'NONE', #4159, #1985 ) ;
#908 = ORIENTED_EDGE ( 'NONE', *, *, #4817, .T. ) ;
#909 = DIRECTION ( 'NONE',  ( 1.000000000000000000, -0.000000000000000000, 0.000000000000000000 ) ) ;
#910 = DIRECTION ( 'NONE',  ( 1.000000000000000000, 0.000000000000000000, 7.304098846218136886E-17 ) ) ;
#911 = DIRECTION ( 'NONE',  ( 0.000000000000000000, 1.000000000000000000, -0.000000000000000000 ) ) ;
#912 = ORIENTED_EDGE ( 'NONE', *, *, #1052, .F. ) ;
#913 = CIRCLE ( 'NONE', #1762, 9.300000000000013145 ) ;
#914 = ORIENTED_EDGE ( 'NONE', *, *, #7538, .F. ) ;
#915 = LINE ( 'NONE', #2614, #2606 ) ;
#916 = VERTEX_POINT ( 'NONE', #7080 ) ;
#917 = CARTESIAN_POINT ( 'NONE',  ( -45.19999999999994600, 3.000000000000000000, -14.75000000000000355 ) ) ;
#918 = CARTESIAN_POINT ( 'NONE',  ( -51.22917112000553885, 16.60000000000000142, 9.894693245086287448 ) ) ;
#919 = CARTESIAN_POINT ( 'NONE',  ( 38.34211819145301092, 0.2999999999999999889, 2.783866831501332406 ) ) ;
#920 = CARTESIAN_POINT ( 'NONE',  ( 2.009170479469691184, 13.30000000000000071, 14.75000000000000178 ) ) ;
#921 = VECTOR ( 'NONE', #8943, 1000.000000000000000 ) ;
#922 = DIRECTION ( 'NONE',  ( -0.000000000000000000, -1.000000000000000000, 0.000000000000000000 ) ) ;
#923 = DIRECTION ( 'NONE',  ( 0.000000000000000000, 1.000000000000000000, 0.000000000000000000 ) ) ;
#924 = LINE ( 'NONE', #4175, #4209 ) ;
#925 = VERTEX_POINT ( 'NONE', #9518 ) ;
#926 = VERTEX_POINT ( 'NONE', #2186 ) ;
#927 = CARTESIAN_POINT ( 'NONE',  ( -52.00633014137976318, 8.400000000003295497, -4.350000000000000533 ) ) ;
#928 = VERTEX_POINT ( 'NONE', #2232 ) ;
#929 = DIRECTION ( 'NONE',  ( 1.000000000000000000, 0.000000000000000000, 0.000000000000000000 ) ) ;
#930 = ADVANCED_FACE ( 'NONE', ( #1431 ), #9414, .F. ) ;
#931 = VECTOR ( 'NONE', #5862, 1000.000000000000000 ) ;
#932 = FACE_OUTER_BOUND ( 'NONE', #6236, .T. ) ;
#933 = CARTESIAN_POINT ( 'NONE',  ( -35.26554871542300162, 0.2000000000000000111, 8.349999999999997868 ) ) ;
#934 = EDGE_CURVE ( 'NONE', #5210, #718, #3353, .T. ) ;
#935 = CARTESIAN_POINT ( 'NONE',  ( 22.80788180854700897, 0.5000000000000000000, 1.484828725824721252 ) ) ;
#936 = ORIENTED_EDGE ( 'NONE', *, *, #7133, .F. ) ;
#937 = VECTOR ( 'NONE', #9754, 1000.000000000000000 ) ;
#938 = DIRECTION ( 'NONE',  ( -0.000000000000000000, 1.000000000000000000, -0.000000000000000000 ) ) ;
#939 = ORIENTED_EDGE ( 'NONE', *, *, #1744, .T. ) ;
#940 = ORIENTED_EDGE ( 'NONE', *, *, #1528, .T. ) ;
#941 = PLANE ( 'NONE',  #10325 ) ;
#942 = ORIENTED_EDGE ( 'NONE', *, *, #1213, .T. ) ;
#943 = ORIENTED_EDGE ( 'NONE', *, *, #4917, .T. ) ;
#944 = CARTESIAN_POINT ( 'NONE',  ( -39.63977263648107652, 0.1999999999999987899, 3.415000000000000036 ) ) ;
#945 = CARTESIAN_POINT ( 'NONE',  ( 31.53718186220615749, 0.02221052063481854244, -7.655038092765999558 ) ) ;
#946 = AXIS2_PLACEMENT_3D ( 'NONE', #8898, #923, #759 ) ;
#947 = EDGE_CURVE ( 'NONE', #9214, #3654, #6582, .T. ) ;
#948 = CARTESIAN_POINT ( 'NONE',  ( 9.519658948938198861, 5.500000000000000000, 10.25000000000000178 ) ) ;
#949 = DIRECTION ( 'NONE',  ( 0.000000000000000000, 0.000000000000000000, -1.000000000000000000 ) ) ;
#950 = CARTESIAN_POINT ( 'NONE',  ( 4.925331814053546354E-14, 11.00000000000000178, 13.55000000000018368 ) ) ;
#951 = ORIENTED_EDGE ( 'NONE', *, *, #1915, .T. ) ;
#952 = ORIENTED_EDGE ( 'NONE', *, *, #7263, .T. ) ;
#953 = FACE_OUTER_BOUND ( 'NONE', #3095, .T. ) ;
#954 = TOROIDAL_SURFACE ( 'NONE', #5040, 9.300000000000013145, 0.2999999999999999889 ) ;
#955 = FACE_OUTER_BOUND ( 'NONE', #4770, .T. ) ;
#956 = CARTESIAN_POINT ( 'NONE',  ( -39.76146882909598901, 0.000000000000000000, 2.965000000000000302 ) ) ;
#957 = ORIENTED_EDGE ( 'NONE', *, *, #4648, .T. ) ;
#958 = FACE_OUTER_BOUND ( 'NONE', #3406, .T. ) ;
#959 = EDGE_CURVE ( 'NONE', #8044, #332, #6330, .T. ) ;
#960 = EDGE_LOOP ( 'NONE', ( #3806, #2378, #8784, #7421 ) ) ;
#961 = CARTESIAN_POINT ( 'NONE',  ( -39.76146882909598901, 0.000000000000000000, 0.000000000000000000 ) ) ;
#962 = CARTESIAN_POINT ( 'NONE',  ( 23.13039777241907657, 0.000000000000000000, 2.684264693320333350 ) ) ;
#963 = DIRECTION ( 'NONE',  ( -0.000000000000000000, -1.000000000000000000, 0.000000000000000000 ) ) ;
#964 = ORIENTED_EDGE ( 'NONE', *, *, #9858, .T. ) ;
#965 = ADVANCED_FACE ( 'NONE', ( #7874 ), #3033, .T. ) ;
#966 = AXIS2_PLACEMENT_3D ( 'NONE', #7648, #9333, #1148 ) ;
#967 = DIRECTION ( 'NONE',  ( -0.000000000000000000, 0.000000000000000000, 1.000000000000000000 ) ) ;
#968 = ORIENTED_EDGE ( 'NONE', *, *, #8225, .T. ) ;
#969 = DIRECTION ( 'NONE',  ( 1.000000000000000000, 0.000000000000000000, 0.000000000000000000 ) ) ;
#970 = AXIS2_PLACEMENT_3D ( 'NONE', #6454, #8274, #1878 ) ;
#971 = CARTESIAN_POINT ( 'NONE',  ( 38.36026385013411755, 0.2034051652805223542, -7.479818315299348264 ) ) ;
#972 = VECTOR ( 'NONE', #4432, 1000.000000000000000 ) ;
#973 = CARTESIAN_POINT ( 'NONE',  ( 38.34211819145301803, 0.2505450496179580933, 2.783866831501332850 ) ) ;
#974 = CARTESIAN_POINT ( 'NONE',  ( -52.25000000000001421, 9.900000000000000355, -2.924999999999968736 ) ) ;
#975 = DIRECTION ( 'NONE',  ( 0.000000000000000000, 0.000000000000000000, -1.000000000000000000 ) ) ;
#976 = LINE ( 'NONE', #9805, #9248 ) ;
#977 = CARTESIAN_POINT ( 'NONE',  ( 39.09211819145301092, 0.2999999999999999889, 1.484828725824668183 ) ) ;
#978 = DIRECTION ( 'NONE',  ( -1.000000000000000000, 0.000000000000000000, 0.000000000000000000 ) ) ;
#979 = EDGE_LOOP ( 'NONE', ( #4058, #190, #8437, #7815 ) ) ;
#980 = VERTEX_POINT ( 'NONE', #8677 ) ;
#981 =( BOUNDED_CURVE ( )  B_SPLINE_CURVE ( 3, ( #9540, #7211, #9592, #7051 ),
 .UNSPECIFIED., .F., .F. ) 
 B_SPLINE_CURVE_WITH_KNOTS ( ( 4, 4 ),
 ( 3.517851087758622874, 4.712388980384690562 ),
 .UNSPECIFIED. ) 
 CURVE ( )  GEOMETRIC_REPRESENTATION_ITEM ( )  RATIONAL_B_SPLINE_CURVE ( ( 1.000000000000000000, 0.8845830693046154991, 0.8845830693046154991, 1.000000000000000000 ) ) 
 REPRESENTATION_ITEM ( '' )  );
#982 = CARTESIAN_POINT ( 'NONE',  ( 22.68039777241904886, 0.000000000000000000, -6.604841829914296802 ) ) ;
#983 = CIRCLE ( 'NONE', #308, 5.499999999999985789 ) ;
#984 = VERTEX_POINT ( 'NONE', #6140 ) ;
#985 = VECTOR ( 'NONE', #9328, 1000.000000000000000 ) ;
#986 = LINE ( 'NONE', #195, #723 ) ;
#987 = AXIS2_PLACEMENT_3D ( 'NONE', #1584, #4840, #7341 ) ;
#988 = DIRECTION ( 'NONE',  ( 0.000000000000000000, 0.000000000000000000, -1.000000000000000000 ) ) ;
#989 = CARTESIAN_POINT ( 'NONE',  ( -35.26554871542300162, 0.08284271247461814924, -2.765000000000000124 ) ) ;
#990 = VECTOR ( 'NONE', #78, 1000.000000000000000 ) ;
#991 = CARTESIAN_POINT ( 'NONE',  ( 20.66000000000000369, 8.000000000000000000, 10.25000000000000178 ) ) ;
#992 = EDGE_CURVE ( 'NONE', #6112, #5102, #5542, .T. ) ;
#993 = ORIENTED_EDGE ( 'NONE', *, *, #5317, .T. ) ;
#994 = FACE_OUTER_BOUND ( 'NONE', #4628, .T. ) ;
#995 = ORIENTED_EDGE ( 'NONE', *, *, #3354, .T. ) ;
#996 = ORIENTED_EDGE ( 'NONE', *, *, #1836, .T. ) ;
#997 = AXIS2_PLACEMENT_3D ( 'NONE', #8867, #4829, #8073 ) ;
#998 = CARTESIAN_POINT ( 'NONE',  ( 38.49211819145298819, 0.000000000000000000, -7.224059210366050365 ) ) ;
#999 = EDGE_LOOP ( 'NONE', ( #7191, #2682, #6725, #1518, #2709 ) ) ;
#1000 = ORIENTED_EDGE ( 'NONE', *, *, #10272, .F. ) ;
#1001 = DIRECTION ( 'NONE',  ( -0.000000000000000000, -1.000000000000000000, 0.000000000000000000 ) ) ;
#1002 = EDGE_CURVE ( 'NONE', #1887, #1194, #7991, .T. ) ;
#1003 = EDGE_CURVE ( 'NONE', #6580, #2074, #9365, .T. ) ;
#1004 = EDGE_CURVE ( 'NONE', #7863, #897, #6882, .T. ) ;
#1005 = CARTESIAN_POINT ( 'NONE',  ( -52.15661494277107124, 7.083039804977530274, 3.819531249999941647 ) ) ;
#1006 = VECTOR ( 'NONE', #726, 1000.000000000000114 ) ;
#1007 = CYLINDRICAL_SURFACE ( 'NONE', #6127, 0.1999999999999987899 ) ;
#1008 = FACE_OUTER_BOUND ( 'NONE', #8879, .T. ) ;
#1009 = ORIENTED_EDGE ( 'NONE', *, *, #9440, .F. ) ;
#1010 = ORIENTED_EDGE ( 'NONE', *, *, #10403, .T. ) ;
#1011 = CARTESIAN_POINT ( 'NONE',  ( 30.95000000000000284, 0.000000000000000000, -2.350000000000003197 ) ) ;
#1012 = LINE ( 'NONE', #5964, #4394 ) ;
#1013 = AXIS2_PLACEMENT_3D ( 'NONE', #8121, #4078, #2308 ) ;
#1014 = CARTESIAN_POINT ( 'NONE',  ( 0.000000000000000000, 13.30000000000000071, 0.000000000000000000 ) ) ;
#1015 = VECTOR ( 'NONE', #1916, 1000.000000000000000 ) ;
#1016 = DIRECTION ( 'NONE',  ( -0.000000000000000000, -1.000000000000000000, -0.000000000000000000 ) ) ;
#1017 = ADVANCED_FACE ( 'NONE', ( #490 ), #4220, .F. ) ;
#1018 = ORIENTED_EDGE ( 'NONE', *, *, #9342, .T. ) ;
#1019 = PLANE ( 'NONE',  #6727 ) ;
#1020 = LINE ( 'NONE', #8660, #6760 ) ;
#1021 = ADVANCED_FACE ( 'NONE', ( #8836 ), #4055, .F. ) ;
#1022 = LINE ( 'NONE', #8318, #1130 ) ;
#1023 = ORIENTED_EDGE ( 'NONE', *, *, #4996, .T. ) ;
#1024 = ADVANCED_FACE ( 'NONE', ( #3357 ), #3192, .T. ) ;
#1025 = DIRECTION ( 'NONE',  ( 0.000000000000000000, 0.000000000000000000, 1.000000000000000000 ) ) ;
#1026 = ORIENTED_EDGE ( 'NONE', *, *, #4062, .F. ) ;
#1027 = CARTESIAN_POINT ( 'NONE',  ( 38.34211819145298961, 0.2505450496179591480, -7.483866831501377881 ) ) ;
#1028 = DIRECTION ( 'NONE',  ( 0.000000000000000000, 0.000000000000000000, 1.000000000000000000 ) ) ;
#1029 = CARTESIAN_POINT ( 'NONE',  ( -30.14000000000000767, 0.5000000000000004441, -3.315000000000000391 ) ) ;
#1030 = CARTESIAN_POINT ( 'NONE',  ( -2.000000000000008882, 13.30000000000000071, -12.35000000000019149 ) ) ;
#1031 = CARTESIAN_POINT ( 'NONE',  ( 35.94937047899919946, 0.09795398803914864838, -0.2431603510190369632 ) ) ;
#1032 = LINE ( 'NONE', #6775, #8945 ) ;
#1033 = CARTESIAN_POINT ( 'NONE',  ( 45.25000000000000711, 1.000000000000000000, -12.25000000000000000 ) ) ;
#1034 = ORIENTED_EDGE ( 'NONE', *, *, #3471, .T. ) ;
#1035 = ORIENTED_EDGE ( 'NONE', *, *, #1376, .T. ) ;
#1036 = CARTESIAN_POINT ( 'NONE',  ( 23.84999999999998366, 1.000000000000000000, 4.355068937057558623E-14 ) ) ;
#1037 = ORIENTED_EDGE ( 'NONE', *, *, #8877, .F. ) ;
#1038 = B_SPLINE_CURVE_WITH_KNOTS ( 'NONE', 3,
 ( #3671, #6925, #2725, #2819 ),
 .UNSPECIFIED., .F., .F.,
 ( 4, 4 ),
 ( 2.710505431213761085E-19, 0.0001077442398752776040 ),
 .UNSPECIFIED. ) ;
#1039 = CARTESIAN_POINT ( 'NONE',  ( 47.49999999999997158, 3.000000000000000000, 11.75000000000000533 ) ) ;
#1040 = DIRECTION ( 'NONE',  ( 0.000000000000000000, 0.000000000000000000, -1.000000000000000000 ) ) ;
#1041 = DIRECTION ( 'NONE',  ( 1.000000000000000000, 0.000000000000000000, 0.000000000000000000 ) ) ;
#1042 = DIRECTION ( 'NONE',  ( 0.000000000000000000, 0.000000000000000000, 1.000000000000000000 ) ) ;
#1043 =( BOUNDED_SURFACE ( )  B_SPLINE_SURFACE ( 3, 2, ( 
 ( #4333, #2624, #5883 ),
 ( #7575, #4384, #283 ),
 ( #338, #6774, #10011 ),
 ( #5983, #7630, #3581 ),
 ( #6825, #10058, #6329 ),
 ( #9466, #489, #3826 ),
 ( #5447, #9565, #1489 ),
 ( #10260, #6978, #8573 ),
 ( #2135, #7990, #3938 ),
 ( #9516, #6283, #6139 ),
 ( #640, #10165, #2231 ),
 ( #3773, #2881, #3731 ),
 ( #10318, #3032, #9364 ),
 ( #4586, #2081, #5490 ) ),
 .UNSPECIFIED., .F., .F., .F. ) 
 B_SPLINE_SURFACE_WITH_KNOTS ( ( 4, 2, 2, 2, 2, 2, 4 ),
 ( 3, 3 ),
 ( -6.879262784420525634E-17, 0.0007376526362295830058, 0.001106478954344408770, 0.001475305272459234750, 0.001844131590574060731, 0.002212957908688886494, 0.002950610544918538455 ),
 ( 0.000000000000000000, 1.000000000000000000 ),
 .UNSPECIFIED. ) 
 GEOMETRIC_REPRESENTATION_ITEM ( )  RATIONAL_B_SPLINE_SURFACE ( (
 ( 1.000000000000000000, 0.8371290630494907514, 1.000000000000000000),
 ( 1.000000000000000000, 0.8719211742459938019, 1.000000000000000000),
 ( 1.000000000000000000, 0.8962488235015539928, 1.000000000000000000),
 ( 1.000000000000000000, 0.9199089190829146112, 1.000000000000000000),
 ( 1.000000000000000000, 0.9257815976084261544, 1.000000000000000000),
 ( 1.000000000000000000, 0.9335084709569144712, 1.000000000000000000),
 ( 1.000000000000000000, 0.9354060336751779392, 1.000000000000000000),
 ( 1.000000000000000000, 0.9354226065319743988, 1.000000000000000000),
 ( 1.000000000000000000, 0.9335143594899117936, 1.000000000000000000),
 ( 1.000000000000000000, 0.9258345507494365467, 1.000000000000000000),
 ( 1.000000000000000000, 0.9199515991815124805, 1.000000000000000000),
 ( 1.000000000000000000, 0.8963026785464395241, 1.000000000000000000),
 ( 1.000000000000000000, 0.8720564020249990111, 1.000000000000000000),
 ( 1.000000000000000000, 0.8371290630494828688, 1.000000000000000000) ) ) 
 REPRESENTATION_ITEM ( '' )  SURFACE ( )  );
#1044 = EDGE_LOOP ( 'NONE', ( #9500, #3803 ) ) ;
#1045 = FACE_OUTER_BOUND ( 'NONE', #5208, .T. ) ;
#1046 = EDGE_LOOP ( 'NONE', ( #8223, #8511, #7796, #6227, #1523, #6222, #8005 ) ) ;
#1047 = ORIENTED_EDGE ( 'NONE', *, *, #6626, .T. ) ;
#1048 = FACE_OUTER_BOUND ( 'NONE', #5310, .T. ) ;
#1049 = ORIENTED_EDGE ( 'NONE', *, *, #9201, .F. ) ;
#1050 = ORIENTED_EDGE ( 'NONE', *, *, #2584, .F. ) ;
#1051 = FACE_OUTER_BOUND ( 'NONE', #3711, .T. ) ;
#1052 = EDGE_CURVE ( 'NONE', #5452, #6052, #1649, .T. ) ;
#1053 = CARTESIAN_POINT ( 'NONE',  ( 22.81827201635470459, 0.5000000000000000000, -9.481727983645297897 ) ) ;
#1054 = DIRECTION ( 'NONE',  ( 0.000000000000000000, -1.000000000000000000, 0.000000000000000000 ) ) ;
#1055 = LINE ( 'NONE', #6529, #5178 ) ;
#1056 = ORIENTED_EDGE ( 'NONE', *, *, #8560, .T. ) ;
#1057 = ORIENTED_EDGE ( 'NONE', *, *, #9579, .F. ) ;
#1058 = EDGE_CURVE ( 'NONE', #5058, #6838, #7939, .T. ) ;
#1059 = DIRECTION ( 'NONE',  ( -0.000000000000000000, 1.000000000000000000, -0.000000000000000000 ) ) ;
#1060 = B_SPLINE_CURVE_WITH_KNOTS ( 'NONE', 3,
 ( #9441, #2161, #5423, #8657, #883, #4941, #7272, #1841, #2473, #5735, #4084, #4134, #8181, #6516, #3325, #7375 ),
 .UNSPECIFIED., .F., .F.,
 ( 4, 2, 2, 2, 2, 2, 2, 4 ),
 ( 0.000000000000000000, 0.0003197969700837050011, 0.0006395939401674100022, 0.0009593909102511151117, 0.001279187880334820004, 0.001598984850418525222, 0.001918781820502230223, 0.002558375760669635672 ),
 .UNSPECIFIED. ) ;
#1061 = EDGE_CURVE ( 'NONE', #8851, #476, #1147, .T. ) ;
#1062 = AXIS2_PLACEMENT_3D ( 'NONE', #1369, #1470, #4616 ) ;
#1063 = CARTESIAN_POINT ( 'NONE',  ( -53.20100000000002183, 9.849999999999999645, 2.499999999999999556 ) ) ;
#1064 = ORIENTED_EDGE ( 'NONE', *, *, #2045, .T. ) ;
#1065 = FACE_OUTER_BOUND ( 'NONE', #6646, .T. ) ;
#1066 = DIRECTION ( 'NONE',  ( 0.3420201433256695456, 0.000000000000000000, 0.9396926207859080948 ) ) ;
#1067 = FACE_BOUND ( 'NONE', #7730, .T. ) ;
#1068 = ORIENTED_EDGE ( 'NONE', *, *, #1902, .T. ) ;
#1069 = CARTESIAN_POINT ( 'NONE',  ( 0.000000000000000000, 0.000000000000000000, -9.049999999999998934 ) ) ;
#1070 = EDGE_CURVE ( 'NONE', #3250, #3536, #9850, .T. ) ;
#1071 = ORIENTED_EDGE ( 'NONE', *, *, #9256, .F. ) ;
#1072 = AXIS2_PLACEMENT_3D ( 'NONE', #8380, #394, #291 ) ;
#1073 = CARTESIAN_POINT ( 'NONE',  ( -45.19999999999999574, 17.60000000000000142, 6.750000000000006217 ) ) ;
#1074 = CARTESIAN_POINT ( 'NONE',  ( 38.45553138218370748, 0.09378038618371767332, 2.758250430494963101 ) ) ;
#1075 = EDGE_CURVE ( 'NONE', #3536, #733, #10306, .T. ) ;
#1076 = CARTESIAN_POINT ( 'NONE',  ( -34.37348617369437420, 0.04767268713831619709, 3.569861553489225070 ) ) ;
#1077 = CARTESIAN_POINT ( 'NONE',  ( -52.40568058483292901, 7.315219914338405793, 3.641416195902961839 ) ) ;
#1078 = CIRCLE ( 'NONE', #233, 9.000000000000012434 ) ;
#1079 = CARTESIAN_POINT ( 'NONE',  ( -39.56899347744757023, 0.1363911950260412453, 3.607475351648416151 ) ) ;
#1080 = LINE ( 'NONE', #9212, #8957 ) ;
#1081 = DIRECTION ( 'NONE',  ( 0.000000000000000000, 0.000000000000000000, 1.000000000000000000 ) ) ;
#1082 = ORIENTED_EDGE ( 'NONE', *, *, #3087, .F. ) ;
#1083 = EDGE_LOOP ( 'NONE', ( #4123, #1900 ) ) ;
#1084 = EDGE_CURVE ( 'NONE', #7274, #5738, #4391, .T. ) ;
#1085 = CARTESIAN_POINT ( 'NONE',  ( -24.49308044258727080, 11.00000000000000178, -14.75000000000000355 ) ) ;
#1086 = EDGE_LOOP ( 'NONE', ( #9482, #3792, #5672, #9481 ) ) ;
#1087 = FACE_OUTER_BOUND ( 'NONE', #8453, .T. ) ;
#1088 = VECTOR ( 'NONE', #331, 1000.000000000000000 ) ;
#1089 = LINE ( 'NONE', #2737, #7972 ) ;
#1090 = CIRCLE ( 'NONE', #7025, 1.500000000000000888 ) ;
#1091 = CARTESIAN_POINT ( 'NONE',  ( -24.49308044258726724, 11.00000000000000178, 14.75000000000000355 ) ) ;
#1092 = FACE_OUTER_BOUND ( 'NONE', #8238, .T. ) ;
#1093 = ORIENTED_EDGE ( 'NONE', *, *, #6507, .T. ) ;
#1094 = EDGE_CURVE ( 'NONE', #8816, #8809, #858, .T. ) ;
#1095 = CARTESIAN_POINT ( 'NONE',  ( -34.31252571724582623, 0.2000000000000011768, -8.849999999999997868 ) ) ;
#1096 = VERTEX_POINT ( 'NONE', #5710 ) ;
#1097 = ORIENTED_EDGE ( 'NONE', *, *, #9000, .F. ) ;
#1098 = CARTESIAN_POINT ( 'NONE',  ( -31.11939691791956974, 0.5000000000000004441, 2.765000000000000124 ) ) ;
#1099 = CIRCLE ( 'NONE', #10253, 1.999999999999997335 ) ;
#1100 = ORIENTED_EDGE ( 'NONE', *, *, #3287, .T. ) ;
#1101 = CARTESIAN_POINT ( 'NONE',  ( -8.958845726811304644, 13.30000000000000071, 13.55000000000019078 ) ) ;
#1102 = EDGE_CURVE ( 'NONE', #8304, #10389, #9786, .T. ) ;
#1103 = CARTESIAN_POINT ( 'NONE',  ( -52.12919047830044406, 7.241574413032415336, 3.971980343051133122 ) ) ;
#1104 = CARTESIAN_POINT ( 'NONE',  ( -47.50000000000000711, 3.000000000000000000, -10.35000000000000142 ) ) ;
#1105 = DIRECTION ( 'NONE',  ( 0.000000000000000000, 1.000000000000000000, 0.000000000000000000 ) ) ;
#1106 = CARTESIAN_POINT ( 'NONE',  ( 0.5999999999999912070, 15.10000000000000142, -13.55000000000000071 ) ) ;
#1107 = ORIENTED_EDGE ( 'NONE', *, *, #4389, .T. ) ;
#1108 = EDGE_LOOP ( 'NONE', ( #2525, #1655, #10374, #5104 ) ) ;
#1109 = CARTESIAN_POINT ( 'NONE',  ( 23.53973614986585972, 0.2034051652805234645, -7.479818315299308296 ) ) ;
#1110 = CARTESIAN_POINT ( 'NONE',  ( -52.45000000000001705, 9.900000000000000355, -2.925000000000016254 ) ) ;
#1111 = VECTOR ( 'NONE', #3256, 1000.000000000000000 ) ;
#1112 = DIRECTION ( 'NONE',  ( 0.8660254037844389297, 0.000000000000000000, 0.4999999999999994449 ) ) ;
#1113 = VECTOR ( 'NONE', #4809, 1000.000000000000000 ) ;
#1114 = EDGE_LOOP ( 'NONE', ( #5485, #1204, #7429, #8376 ) ) ;
#1115 = DIRECTION ( 'NONE',  ( 0.000000000000000000, 0.000000000000000000, 1.000000000000000000 ) ) ;
#1116 = EDGE_CURVE ( 'NONE', #2711, #90, #9285, .T. ) ;
#1117 = DIRECTION ( 'NONE',  ( 1.176083712526648949E-16, 0.000000000000000000, 1.000000000000000000 ) ) ;
#1118 = ORIENTED_EDGE ( 'NONE', *, *, #3922, .F. ) ;
#1119 = CARTESIAN_POINT ( 'NONE',  ( 0.000000000000000000, 8.000000000000000000, 0.000000000000000000 ) ) ;
#1120 = ORIENTED_EDGE ( 'NONE', *, *, #2920, .T. ) ;
#1121 = EDGE_CURVE ( 'NONE', #5030, #162, #8776, .T. ) ;
#1122 = EDGE_CURVE ( 'NONE', #4038, #8930, #2505, .T. ) ;
#1123 = VECTOR ( 'NONE', #9530, 1000.000000000000000 ) ;
#1124 = CARTESIAN_POINT ( 'NONE',  ( -20.00000000000000355, 13.30000000000000071, 12.25000000000000178 ) ) ;
#1125 = CARTESIAN_POINT ( 'NONE',  ( 9.130079849446664397, -0.0009999999999999158867, -15.81376217640248427 ) ) ;
#1126 = ADVANCED_FACE ( 'NONE', ( #1542 ), #4794, .F. ) ;
#1127 = DIRECTION ( 'NONE',  ( -0.000000000000000000, -0.000000000000000000, -1.000000000000000000 ) ) ;
#1128 = CARTESIAN_POINT ( 'NONE',  ( -45.19999999999999574, 16.60000000000000142, 6.750000000000006217 ) ) ;
#1129 = CARTESIAN_POINT ( 'NONE',  ( -29.84000000000000696, 0.5000000000000004441, -3.315000000000000391 ) ) ;
#1130 = VECTOR ( 'NONE', #329, 1000.000000000000000 ) ;
#1131 = CYLINDRICAL_SURFACE ( 'NONE', #9455, 0.1999999999999987899 ) ;
#1132 = DIRECTION ( 'NONE',  ( -0.000000000000000000, 1.000000000000000000, -0.000000000000000000 ) ) ;
#1133 = ORIENTED_EDGE ( 'NONE', *, *, #3065, .T. ) ;
#1134 = VERTEX_POINT ( 'NONE', #3245 ) ;
#1135 = CARTESIAN_POINT ( 'NONE',  ( 30.95000000000000284, 0.2999999999999999889, -2.350000000000003197 ) ) ;
#1136 = EDGE_LOOP ( 'NONE', ( #8756, #6381, #6093, #1965 ) ) ;
#1137 = DIRECTION ( 'NONE',  ( 0.000000000000000000, 0.000000000000000000, 1.000000000000000000 ) ) ;
#1138 = EDGE_CURVE ( 'NONE', #9531, #8561, #6489, .T. ) ;
#1139 = VECTOR ( 'NONE', #8781, 1000.000000000000114 ) ;
#1140 = AXIS2_PLACEMENT_3D ( 'NONE', #9741, #4803, #756 ) ;
#1141 = VECTOR ( 'NONE', #4508, 1000.000000000000000 ) ;
#1142 = DIRECTION ( 'NONE',  ( -0.000000000000000000, -1.000000000000000000, -0.000000000000000000 ) ) ;
#1143 = FACE_OUTER_BOUND ( 'NONE', #4355, .T. ) ;
#1144 = DIRECTION ( 'NONE',  ( 1.000000000000000000, 0.000000000000000000, 0.000000000000000000 ) ) ;
#1145 = CARTESIAN_POINT ( 'NONE',  ( -53.20100000000002183, 11.35000000000000320, -3.299999999999998490 ) ) ;
#1146 = ORIENTED_EDGE ( 'NONE', *, *, #1075, .F. ) ;
#1147 = CIRCLE ( 'NONE', #9296, 9.000000000000012434 ) ;
#1148 = DIRECTION ( 'NONE',  ( 2.001604010742475186E-15, 0.000000000000000000, 1.000000000000000000 ) ) ;
#1149 = VECTOR ( 'NONE', #8200, 1000.000000000000000 ) ;
#1150 = ORIENTED_EDGE ( 'NONE', *, *, #4651, .F. ) ;
#1151 = ORIENTED_EDGE ( 'NONE', *, *, #9387, .T. ) ;
#1152 = ADVANCED_FACE ( 'NONE', ( #10240 ), #7560, .T. ) ;
#1153 = DIRECTION ( 'NONE',  ( -0.000000000000000000, -1.000000000000000000, -0.000000000000000000 ) ) ;
#1154 = VERTEX_POINT ( 'NONE', #516 ) ;
#1155 = EDGE_CURVE ( 'NONE', #9978, #4462, #6212, .T. ) ;
#1156 = AXIS2_PLACEMENT_3D ( 'NONE', #4955, #3288, #2437 ) ;
#1157 = EDGE_CURVE ( 'NONE', #1262, #7537, #223, .T. ) ;
#1158 = VECTOR ( 'NONE', #9761, 1000.000000000000000 ) ;
#1159 = ADVANCED_FACE ( 'NONE', ( #2665 ), #1366, .T. ) ;
#1160 = CARTESIAN_POINT ( 'NONE',  ( -52.00630698373564087, 8.277373083446674329, 4.349909309300405980 ) ) ;
#1161 = ADVANCED_FACE ( 'NONE', ( #5321 ), #5122, .F. ) ;
#1162 = VECTOR ( 'NONE', #8738, 1000.000000000000000 ) ;
#1163 = CARTESIAN_POINT ( 'NONE',  ( -52.25000000000001421, 9.897368276523906161, 3.013815789473676787 ) ) ;
#1164 = VECTOR ( 'NONE', #7606, 1000.000000000000000 ) ;
#1165 = CARTESIAN_POINT ( 'NONE',  ( -31.47472780755319732, 0.08284271247461807985, 3.614999999999999769 ) ) ;
#1166 = ORIENTED_EDGE ( 'NONE', *, *, #9498, .F. ) ;
#1167 = ORIENTED_EDGE ( 'NONE', *, *, #4184, .T. ) ;
#1168 = ORIENTED_EDGE ( 'NONE', *, *, #4522, .F. ) ;
#1169 = CIRCLE ( 'NONE', #3016, 2.000000000000000000 ) ;
#1170 = ORIENTED_EDGE ( 'NONE', *, *, #959, .T. ) ;
#1171 = AXIS2_PLACEMENT_3D ( 'NONE', #1128, #5084, #2623 ) ;
#1172 = DIRECTION ( 'NONE',  ( 0.000000000000000000, 0.000000000000000000, 1.000000000000000000 ) ) ;
#1173 = CARTESIAN_POINT ( 'NONE',  ( -52.40568058483292901, 9.651669329609427805, -3.751634072195813463 ) ) ;
#1174 = AXIS2_PLACEMENT_3D ( 'NONE', #7599, #5809, #8347 ) ;
#1175 = CARTESIAN_POINT ( 'NONE',  ( 30.25249224314933372, 0.1248391197358932198, -11.37560611472380323 ) ) ;
#1176 = EDGE_LOOP ( 'NONE', ( #3971, #7907, #8862, #1548, #6386, #5378 ) ) ;
#1177 = CIRCLE ( 'NONE', #6955, 2.000000000000003109 ) ;
#1178 = FACE_OUTER_BOUND ( 'NONE', #356, .T. ) ;
#1179 = CIRCLE ( 'NONE', #5434, 0.2888330770816384119 ) ;
#1180 = CARTESIAN_POINT ( 'NONE',  ( -44.75000000002182787, 5.500000000000000000, 12.24999999999454303 ) ) ;
#1181 = EDGE_LOOP ( 'NONE', ( #8387, #315, #7682, #2026 ) ) ;
#1182 = LINE ( 'NONE', #4277, #5494 ) ;
#1183 = ORIENTED_EDGE ( 'NONE', *, *, #7623, .F. ) ;
#1184 = VECTOR ( 'NONE', #6028, 1000.000000000000000 ) ;
#1185 = EDGE_CURVE ( 'NONE', #897, #8930, #466, .T. ) ;
#1186 = DIRECTION ( 'NONE',  ( 0.000000000000000000, 0.000000000000000000, -1.000000000000000000 ) ) ;
#1187 = CARTESIAN_POINT ( 'NONE',  ( -51.95000000000000284, 7.259441431135781109, -3.989161493915596601 ) ) ;
#1188 = DIRECTION ( 'NONE',  ( -1.000000000000000000, 0.000000000000000000, 0.000000000000000000 ) ) ;
#1189 = CARTESIAN_POINT ( 'NONE',  ( -29.84000000000000341, 0.5000000000000004441, -3.064999999999999947 ) ) ;
#1190 = EDGE_CURVE ( 'NONE', #1785, #10322, #1020, .T. ) ;
#1191 = PLANE ( 'NONE',  #1816 ) ;
#1192 = DIRECTION ( 'NONE',  ( 0.000000000000000000, 0.000000000000000000, -1.000000000000000000 ) ) ;
#1193 = VERTEX_POINT ( 'NONE', #6165 ) ;
#1194 = VERTEX_POINT ( 'NONE', #8360 ) ;
#1195 = VECTOR ( 'NONE', #10461, 1000.000000000000000 ) ;
#1196 = DIRECTION ( 'NONE',  ( 0.000000000000000000, 0.000000000000000000, 1.000000000000000000 ) ) ;
#1197 = EDGE_CURVE ( 'NONE', #2396, #6806, #7463, .T. ) ;
#1198 = ORIENTED_EDGE ( 'NONE', *, *, #6837, .T. ) ;
#1199 = CARTESIAN_POINT ( 'NONE',  ( -45.20000000000000284, 8.000000000000000000, -6.750000000000000888 ) ) ;
#1200 = CARTESIAN_POINT ( 'NONE',  ( 41.25000000000000711, 8.000000000000000000, 12.25000000000000178 ) ) ;
#1201 = DIRECTION ( 'NONE',  ( 0.000000000000000000, 0.6931369447486037672, -0.7208059210526581717 ) ) ;
#1202 = CARTESIAN_POINT ( 'NONE',  ( 47.49999999999999289, 3.000000000000000000, 9.500000000000000000 ) ) ;
#1203 = DIRECTION ( 'NONE',  ( 1.000000000000000000, -0.000000000000000000, -0.000000000000000000 ) ) ;
#1204 = ORIENTED_EDGE ( 'NONE', *, *, #4789, .F. ) ;
#1205 = LINE ( 'NONE', #4296, #7927 ) ;
#1206 = CARTESIAN_POINT ( 'NONE',  ( -52.20654232640314518, 7.534772410532261766, 4.007613973532508922 ) ) ;
#1207 = VERTEX_POINT ( 'NONE', #9158 ) ;
#1208 = ORIENTED_EDGE ( 'NONE', *, *, #8402, .T. ) ;
#1209 = DIRECTION ( 'NONE',  ( -3.384826294588891940E-16, -0.000000000000000000, -1.000000000000000000 ) ) ;
#1210 = ORIENTED_EDGE ( 'NONE', *, *, #5484, .T. ) ;
#1211 = CARTESIAN_POINT ( 'NONE',  ( -15.77802059593038564, 13.30000000000000071, -5.742729852557515002 ) ) ;
#1212 = CARTESIAN_POINT ( 'NONE',  ( -29.83999999999999986, 0.5000000000000004441, 10.24999999999999822 ) ) ;
#1213 = EDGE_CURVE ( 'NONE', #6637, #1219, #6924, .T. ) ;
#1214 = EDGE_CURVE ( 'NONE', #8250, #5099, #176, .T. ) ;
#1215 = DIRECTION ( 'NONE',  ( -1.000000000000000000, 0.000000000000000000, 0.000000000000000000 ) ) ;
#1216 = EDGE_LOOP ( 'NONE', ( #5173, #2427, #113, #6279 ) ) ;
#1217 = ORIENTED_EDGE ( 'NONE', *, *, #6259, .T. ) ;
#1218 = ORIENTED_EDGE ( 'NONE', *, *, #9081, .T. ) ;
#1219 = VERTEX_POINT ( 'NONE', #6906 ) ;
#1220 = CARTESIAN_POINT ( 'NONE',  ( 23.55788180854698766, 0.2999999999999999889, -7.483866831501331696 ) ) ;
#1221 = EDGE_CURVE ( 'NONE', #3816, #1312, #8551, .T. ) ;
#1222 = PLANE ( 'NONE',  #8557 ) ;
#1223 = DIRECTION ( 'NONE',  ( 0.000000000000000000, 1.000000000000000000, 0.000000000000000000 ) ) ;
#1224 = VERTEX_POINT ( 'NONE', #6961 ) ;
#1225 = CARTESIAN_POINT ( 'NONE',  ( 20.66000000000000369, 8.000000000000000000, 8.349999999999997868 ) ) ;
#1226 = EDGE_LOOP ( 'NONE', ( #8985, #7661, #5733, #9599, #5357 ) ) ;
#1227 = EDGE_CURVE ( 'NONE', #6134, #5563, #10140, .T. ) ;
#1228 = DIRECTION ( 'NONE',  ( 0.000000000000000000, 1.000000000000000000, -0.000000000000000000 ) ) ;
#1229 = EDGE_LOOP ( 'NONE', ( #8504, #664, #2188, #8059 ) ) ;
#1230 = EDGE_CURVE ( 'NONE', #557, #5792, #138, .T. ) ;
#1231 = LINE ( 'NONE', #4725, #1015 ) ;
#1232 = CARTESIAN_POINT ( 'NONE',  ( -51.95000000000000995, 7.083039804977653731, -3.819531250000052669 ) ) ;
#1233 = CARTESIAN_POINT ( 'NONE',  ( -51.25000000000001421, 15.10000000000000142, 0.000000000000000000 ) ) ;
#1234 = CARTESIAN_POINT ( 'NONE',  ( -34.34233853611036835, 0.1265113557324328841, -8.863990808926775600 ) ) ;
#1235 = CARTESIAN_POINT ( 'NONE',  ( 50.25000000000000000, 13.00000000000000178, -4.000000000000000000 ) ) ;
#1236 = DIRECTION ( 'NONE',  ( 0.000000000000000000, -1.000000000000000000, 0.000000000000000000 ) ) ;
#1237 = ORIENTED_EDGE ( 'NONE', *, *, #6033, .F. ) ;
#1238 = TOROIDAL_SURFACE ( 'NONE', #1573, 9.300000000000013145, 0.2999999999999999889 ) ;
#1239 = ORIENTED_EDGE ( 'NONE', *, *, #5443, .T. ) ;
#1240 = CARTESIAN_POINT ( 'NONE',  ( -52.45000000000001705, 8.400000000000000355, -2.924999999999968736 ) ) ;
#1241 = ORIENTED_EDGE ( 'NONE', *, *, #568, .F. ) ;
#1242 = DIRECTION ( 'NONE',  ( 0.000000000000000000, 0.000000000000000000, 1.000000000000000000 ) ) ;
#1243 = LINE ( 'NONE', #3634, #5777 ) ;
#1244 = LINE ( 'NONE', #7836, #9643 ) ;
#1245 = DIRECTION ( 'NONE',  ( 3.384826294588891940E-16, 0.000000000000000000, 1.000000000000000000 ) ) ;
#1246 = CARTESIAN_POINT ( 'NONE',  ( 35.29078586920444849, 0.2077789836488284081, -5.709160920399576788 ) ) ;
#1247 = ORIENTED_EDGE ( 'NONE', *, *, #4966, .T. ) ;
#1248 = CARTESIAN_POINT ( 'NONE',  ( 0.5999999999999912070, 13.30000000000000071, -13.35000000000018971 ) ) ;
#1249 = FACE_OUTER_BOUND ( 'NONE', #3036, .T. ) ;
#1250 = EDGE_LOOP ( 'NONE', ( #1037, #6023, #4177, #10089, #7287, #8305, #4253, #7809, #7596, #9823 ) ) ;
#1251 = ORIENTED_EDGE ( 'NONE', *, *, #7067, .F. ) ;
#1252 = EDGE_CURVE ( 'NONE', #393, #2203, #4564, .T. ) ;
#1253 = DIRECTION ( 'NONE',  ( 0.5000000000000022204, 0.000000000000000000, -0.8660254037844372643 ) ) ;
#1254 = ORIENTED_EDGE ( 'NONE', *, *, #10356, .F. ) ;
#1255 = EDGE_CURVE ( 'NONE', #6636, #5272, #9896, .T. ) ;
#1256 = LINE ( 'NONE', #2108, #5944 ) ;
#1257 = DIRECTION ( 'NONE',  ( -0.8660254037844380415, -0.000000000000000000, -0.5000000000000009992 ) ) ;
#1258 = CARTESIAN_POINT ( 'NONE',  ( 20.65000000000000213, 1.000000000000000888, -12.25000000000000178 ) ) ;
#1259 = EDGE_CURVE ( 'NONE', #9265, #8577, #2164, .T. ) ;
#1260 = VECTOR ( 'NONE', #10361, 1000.000000000000000 ) ;
#1261 = ORIENTED_EDGE ( 'NONE', *, *, #7881, .F. ) ;
#1262 = VERTEX_POINT ( 'NONE', #9103 ) ;
#1263 = DIRECTION ( 'NONE',  ( 0.000000000000000000, 0.000000000000000000, -1.000000000000000000 ) ) ;
#1264 = ORIENTED_EDGE ( 'NONE', *, *, #5907, .F. ) ;
#1265 = DIRECTION ( 'NONE',  ( 1.000000000000000000, 0.000000000000000000, -8.673617379884085959E-15 ) ) ;
#1266 = CARTESIAN_POINT ( 'NONE',  ( -21.63608679191100137, 13.30000000000000071, 18.15483244721227152 ) ) ;
#1267 = EDGE_CURVE ( 'NONE', #9380, #1673, #5070, .T. ) ;
#1268 = AXIS2_PLACEMENT_3D ( 'NONE', #7226, #9607, #5387 ) ;
#1269 = CARTESIAN_POINT ( 'NONE',  ( -31.27472780755320869, 0.000000000000000000, -9.049999999999998934 ) ) ;
#1270 = ORIENTED_EDGE ( 'NONE', *, *, #175, .F. ) ;
#1271 = CARTESIAN_POINT ( 'NONE',  ( -53.20000000000000284, 7.099999999999998757, -2.924999999999968736 ) ) ;
#1272 = VECTOR ( 'NONE', #1445, 1000.000000000000000 ) ;
#1273 = DIRECTION ( 'NONE',  ( -0.5000000000000009992, 0.000000000000000000, -0.8660254037844380415 ) ) ;
#1274 = VERTEX_POINT ( 'NONE', #2264 ) ;
#1275 = ADVANCED_FACE ( 'NONE', ( #4613 ), #5474, .T. ) ;
#1276 = CARTESIAN_POINT ( 'NONE',  ( 0.5999999999999912070, 13.30000000000000071, 13.35000000000018971 ) ) ;
#1277 = ORIENTED_EDGE ( 'NONE', *, *, #42, .T. ) ;
#1278 = CARTESIAN_POINT ( 'NONE',  ( -30.30484636607248561, -1.468623938954177977, 2.765000000000000124 ) ) ;
#1279 = VECTOR ( 'NONE', #4320, 1000.000000000000000 ) ;
#1280 = EDGE_CURVE ( 'NONE', #2671, #2074, #3969, .T. ) ;
#1281 = CARTESIAN_POINT ( 'NONE',  ( -52.25000000000001421, 6.902631723476092773, 3.013815789473678564 ) ) ;
#1282 = DIRECTION ( 'NONE',  ( 0.000000000000000000, 1.000000000000000000, 0.000000000000000000 ) ) ;
#1283 = ADVANCED_FACE ( 'NONE', ( #719 ), #9598, .F. ) ;
#1284 = CARTESIAN_POINT ( 'NONE',  ( 9.519658948938198861, 6.500000000000000888, 10.24999999999999289 ) ) ;
#1285 = CARTESIAN_POINT ( 'NONE',  ( 31.68742105278082022, 0.2034051652805212995, -11.33238590061130679 ) ) ;
#1286 = DIRECTION ( 'NONE',  ( 0.000000000000000000, 1.000000000000000000, 0.000000000000000000 ) ) ;
#1287 = ORIENTED_EDGE ( 'NONE', *, *, #2281, .T. ) ;
#1288 = ORIENTED_EDGE ( 'NONE', *, *, #7749, .T. ) ;
#1289 = CYLINDRICAL_SURFACE ( 'NONE', #6510, 0.6000000000000007550 ) ;
#1290 = AXIS2_PLACEMENT_3D ( 'NONE', #4549, #505, #6153 ) ;
#1291 = ORIENTED_EDGE ( 'NONE', *, *, #1923, .F. ) ;
#1292 = PLANE ( 'NONE',  #1072 ) ;
#1293 = DIRECTION ( 'NONE',  ( 1.000000000000000000, 0.000000000000000000, 0.000000000000000000 ) ) ;
#1294 = DIRECTION ( 'NONE',  ( -0.000000000000000000, -1.000000000000000000, -0.000000000000000000 ) ) ;
#1295 = AXIS2_PLACEMENT_3D ( 'NONE', #340, #1286, #1081 ) ;
#1296 = CARTESIAN_POINT ( 'NONE',  ( 53.85232526704263023, 1.000000000000000000, -7.250000000000000000 ) ) ;
#1297 = LINE ( 'NONE', #655, #2637 ) ;
#1298 = DIRECTION ( 'NONE',  ( -0.000000000000000000, -1.000000000000000000, -0.000000000000000000 ) ) ;
#1299 = PLANE ( 'NONE',  #1290 ) ;
#1300 = ORIENTED_EDGE ( 'NONE', *, *, #4054, .T. ) ;
#1301 = ORIENTED_EDGE ( 'NONE', *, *, #4118, .F. ) ;
#1302 = DIRECTION ( 'NONE',  ( 0.000000000000000000, 1.000000000000000000, -0.000000000000000000 ) ) ;
#1303 = VERTEX_POINT ( 'NONE', #10398 ) ;
#1304 = AXIS2_PLACEMENT_3D ( 'NONE', #4247, #9221, #5191 ) ;
#1305 = VECTOR ( 'NONE', #8588, 1000.000000000000000 ) ;
#1306 = CARTESIAN_POINT ( 'NONE',  ( -20.00000000000001066, 16.60000000000000142, 13.25000000000000178 ) ) ;
#1307 = CARTESIAN_POINT ( 'NONE',  ( -34.52834772718359346, 0.2000000000000000944, -20.34067203111825251 ) ) ;
#1308 = EDGE_CURVE ( 'NONE', #5058, #93, #4772, .T. ) ;
#1309 = AXIS2_PLACEMENT_3D ( 'NONE', #7679, #5937, #5236 ) ;
#1310 = DIRECTION ( 'NONE',  ( -0.000000000000000000, -1.000000000000000000, 0.000000000000000000 ) ) ;
#1311 = CARTESIAN_POINT ( 'NONE',  ( -47.50000000000000711, 5.500000000000000000, -9.500000000000001776 ) ) ;
#1312 = VERTEX_POINT ( 'NONE', #9545 ) ;
#1313 = VERTEX_POINT ( 'NONE', #10454 ) ;
#1314 = ADVANCED_FACE ( 'NONE', ( #8705 ), #1569, .T. ) ;
#1315 = DIRECTION ( 'NONE',  ( -8.673617379884087537E-15, 0.000000000000000000, -1.000000000000000000 ) ) ;
#1316 = ORIENTED_EDGE ( 'NONE', *, *, #8935, .F. ) ;
#1317 = CARTESIAN_POINT ( 'NONE',  ( -52.40568058483292901, 7.315219914338494611, -3.641416195903034225 ) ) ;
#1318 = FACE_OUTER_BOUND ( 'NONE', #7853, .T. ) ;
#1319 = EDGE_CURVE ( 'NONE', #9570, #10125, #8457, .T. ) ;
#1320 = AXIS2_PLACEMENT_3D ( 'NONE', #5522, #8757, #4027 ) ;
#1321 = CIRCLE ( 'NONE', #9463, 5.499999999999985789 ) ;
#1322 = AXIS2_PLACEMENT_3D ( 'NONE', #4310, #9294, #7664 ) ;
#1323 = CARTESIAN_POINT ( 'NONE',  ( -31.39188509507858882, -1.426990864189252675E-16, -8.932842712474617031 ) ) ;
#1324 = VECTOR ( 'NONE', #1153, 1000.000000000000000 ) ;
#1325 = ORIENTED_EDGE ( 'NONE', *, *, #7508, .T. ) ;
#1326 = CIRCLE ( 'NONE', #823, 0.8500000000000000888 ) ;
#1327 = CARTESIAN_POINT ( 'NONE',  ( 26.62573810278255593, 0.09795398803915439379, -5.626162013252769434 ) ) ;
#1328 = CARTESIAN_POINT ( 'NONE',  ( -20.00000000000001066, 16.60001199999999955, -14.75000000000000355 ) ) ;
#1329 = ORIENTED_EDGE ( 'NONE', *, *, #8283, .F. ) ;
#1330 = AXIS2_PLACEMENT_3D ( 'NONE', #9547, #10242, #9446 ) ;
#1331 = CARTESIAN_POINT ( 'NONE',  ( -52.20449052919836674, 8.641174788125431050, -4.260318664618358397 ) ) ;
#1332 = VERTEX_POINT ( 'NONE', #3864 ) ;
#1333 = EDGE_CURVE ( 'NONE', #1477, #6186, #2376, .T. ) ;
#1334 = AXIS2_PLACEMENT_3D ( 'NONE', #9690, #7198, #7312 ) ;
#1335 = CARTESIAN_POINT ( 'NONE',  ( -52.22340835089975997, 7.205390757595131923, 3.692296232791099975 ) ) ;
#1336 = AXIS2_PLACEMENT_3D ( 'NONE', #604, #2999, #555 ) ;
#1337 = LINE ( 'NONE', #8871, #6522 ) ;
#1338 = ADVANCED_FACE ( 'NONE', ( #1412 ), #3061, .T. ) ;
#1339 = DIRECTION ( 'NONE',  ( -1.000000000000000000, 0.000000000000000000, -0.000000000000000000 ) ) ;
#1340 = EDGE_CURVE ( 'NONE', #5819, #1544, #7968, .T. ) ;
#1341 = CARTESIAN_POINT ( 'NONE',  ( -8.107033542344556309, 13.30000000000000071, 14.04179399400123351 ) ) ;
#1342 = LINE ( 'NONE', #5603, #786 ) ;
#1343 = ORIENTED_EDGE ( 'NONE', *, *, #1896, .T. ) ;
#1344 = ORIENTED_EDGE ( 'NONE', *, *, #6098, .F. ) ;
#1345 = DIRECTION ( 'NONE',  ( 0.000000000000000000, 0.000000000000000000, 1.000000000000000000 ) ) ;
#1346 = VERTEX_POINT ( 'NONE', #6360 ) ;
#1347 = CARTESIAN_POINT ( 'NONE',  ( 35.29078586920447691, 0.2077789836488294073, 1.009160920399534644 ) ) ;
#1348 = AXIS2_PLACEMENT_3D ( 'NONE', #8893, #811, #5611 ) ;
#1349 = DIRECTION ( 'NONE',  ( 0.000000000000000000, 0.000000000000000000, -1.000000000000000000 ) ) ;
#1350 = CARTESIAN_POINT ( 'NONE',  ( -52.00000000000002132, 16.60000000000000142, 6.749999999999946709 ) ) ;
#1351 = CARTESIAN_POINT ( 'NONE',  ( 22.80788180854702674, 0.2505450496179577602, 1.484828725824713480 ) ) ;
#1352 = TOROIDAL_SURFACE ( 'NONE', #2875, 1.600000000000000755, 0.2999999999999999889 ) ;
#1353 = LINE ( 'NONE', #1504, #3813 ) ;
#1354 = CARTESIAN_POINT ( 'NONE',  ( -47.49999999999999289, 16.60000000000000142, 12.25000000000000000 ) ) ;
#1355 = LINE ( 'NONE', #10440, #7244 ) ;
#1356 = ORIENTED_EDGE ( 'NONE', *, *, #7521, .F. ) ;
#1357 = VERTEX_POINT ( 'NONE', #3919 ) ;
#1358 = PLANE ( 'NONE',  #8136 ) ;
#1359 = EDGE_LOOP ( 'NONE', ( #4193, #35, #7782, #9359 ) ) ;
#1360 = CARTESIAN_POINT ( 'NONE',  ( -30.14000000000001123, 6.296018041280833089, -20.34067203111825251 ) ) ;
#1361 = CYLINDRICAL_SURFACE ( 'NONE', #4245, 1.000000000000000888 ) ;
#1362 = LINE ( 'NONE', #10286, #6356 ) ;
#1363 = VERTEX_POINT ( 'NONE', #2317 ) ;
#1364 = DIRECTION ( 'NONE',  ( -3.180326372624142264E-15, -2.746645503629950351E-15, -1.000000000000000000 ) ) ;
#1365 = ORIENTED_EDGE ( 'NONE', *, *, #8675, .T. ) ;
#1366 = PLANE ( 'NONE',  #4709 ) ;
#1367 = ORIENTED_EDGE ( 'NONE', *, *, #7160, .F. ) ;
#1368 = DIRECTION ( 'NONE',  ( -1.971236424878464058E-15, -0.000000000000000000, -1.000000000000000000 ) ) ;
#1369 = CARTESIAN_POINT ( 'NONE',  ( 47.49999999999999289, 11.00000000000000178, 9.500000000000000000 ) ) ;
#1370 = CARTESIAN_POINT ( 'NONE',  ( 47.49999999999999289, 8.000000000000000000, -8.649999999999998579 ) ) ;
#1371 = DIRECTION ( 'NONE',  ( -1.000000000000000000, -1.758281308145593320E-15, 0.000000000000000000 ) ) ;
#1372 = ORIENTED_EDGE ( 'NONE', *, *, #9370, .F. ) ;
#1373 = CARTESIAN_POINT ( 'NONE',  ( 26.60635347795576422, 0.2531612188914912909, -5.723830892551232452 ) ) ;
#1374 = CARTESIAN_POINT ( 'NONE',  ( 6.344920150553305049, -0.0009999999999999158867, 10.98972407072586677 ) ) ;
#1375 = CARTESIAN_POINT ( 'NONE',  ( -52.00635303056954228, 8.280199722534309359, -4.350089639398327712 ) ) ;
#1376 = EDGE_CURVE ( 'NONE', #5579, #154, #7167, .T. ) ;
#1377 = ORIENTED_EDGE ( 'NONE', *, *, #4830, .F. ) ;
#1378 = EDGE_CURVE ( 'NONE', #890, #4679, #9708, .T. ) ;
#1379 = CYLINDRICAL_SURFACE ( 'NONE', #8613, 0.2999999999999994338 ) ;
#1380 = DIRECTION ( 'NONE',  ( 1.000000000000000000, 0.000000000000000000, 2.667330462785983744E-14 ) ) ;
#1381 = ADVANCED_FACE ( 'NONE', ( #3110 ), #8912, .T. ) ;
#1382 = CARTESIAN_POINT ( 'NONE',  ( 36.04364652204422725, 0.2999999999999999889, -0.2752072131254369447 ) ) ;
#1383 = DIRECTION ( 'NONE',  ( -0.000000000000000000, -0.000000000000000000, 1.000000000000000000 ) ) ;
#1384 = EDGE_LOOP ( 'NONE', ( #9696, #9711, #3606, #3893 ) ) ;
#1385 = ORIENTED_EDGE ( 'NONE', *, *, #2690, .F. ) ;
#1386 = FACE_OUTER_BOUND ( 'NONE', #5510, .T. ) ;
#1387 = ORIENTED_EDGE ( 'NONE', *, *, #3519, .T. ) ;
#1388 = DIRECTION ( 'NONE',  ( 0.8660254037844393737, -0.000000000000000000, 0.4999999999999986677 ) ) ;
#1389 = EDGE_CURVE ( 'NONE', #579, #1704, #777, .T. ) ;
#1390 = DIRECTION ( 'NONE',  ( -0.000000000000000000, -1.000000000000000000, -0.000000000000000000 ) ) ;
#1391 = CARTESIAN_POINT ( 'NONE',  ( 50.25000000000000000, 11.00000000000000178, 0.000000000000000000 ) ) ;
#1392 = CARTESIAN_POINT ( 'NONE',  ( 3.099999999999991651, 15.10000000000000142, -13.45000000000019114 ) ) ;
#1393 = VECTOR ( 'NONE', #1496, 1000.000000000000000 ) ;
#1394 = EDGE_CURVE ( 'NONE', #1346, #7016, #2425, .T. ) ;
#1395 = DIRECTION ( 'NONE',  ( 1.000000000000000000, 0.000000000000000000, 0.000000000000000000 ) ) ;
#1396 = PLANE ( 'NONE',  #10475 ) ;
#1397 = LINE ( 'NONE', #7097, #4525 ) ;
#1398 = VERTEX_POINT ( 'NONE', #10290 ) ;
#1399 = ORIENTED_EDGE ( 'NONE', *, *, #3323, .F. ) ;
#1400 = FACE_BOUND ( 'NONE', #3956, .T. ) ;
#1401 = ORIENTED_EDGE ( 'NONE', *, *, #5584, .F. ) ;
#1402 = CARTESIAN_POINT ( 'NONE',  ( -30.57812136139605030, 5.975884838393647591, 8.376025566382423904 ) ) ;
#1403 = CARTESIAN_POINT ( 'NONE',  ( -35.06554871542299878, 0.000000000000000000, -2.965000000000000302 ) ) ;
#1404 = EDGE_CURVE ( 'NONE', #6706, #6579, #2339, .T. ) ;
#1405 = DIRECTION ( 'NONE',  ( -0.000000000000000000, 0.000000000000000000, 1.000000000000000000 ) ) ;
#1406 = ORIENTED_EDGE ( 'NONE', *, *, #10315, .T. ) ;
#1407 = DIRECTION ( 'NONE',  ( 0.000000000000000000, -0.8344462197398195835, -0.5510893814635923205 ) ) ;
#1408 = VERTEX_POINT ( 'NONE', #2476 ) ;
#1409 = AXIS2_PLACEMENT_3D ( 'NONE', #5019, #5975, #3618 ) ;
#1410 = EDGE_CURVE ( 'NONE', #6820, #5136, #92, .T. ) ;
#1411 = ORIENTED_EDGE ( 'NONE', *, *, #8074, .T. ) ;
#1412 = FACE_OUTER_BOUND ( 'NONE', #2524, .T. ) ;
#1413 = VERTEX_POINT ( 'NONE', #5954 ) ;
#1414 = CARTESIAN_POINT ( 'NONE',  ( 31.62110895060964921, 0.09378038618371792312, 6.704106061119892601 ) ) ;
#1415 = LINE ( 'NONE', #3713, #5659 ) ;
#1416 = AXIS2_PLACEMENT_3D ( 'NONE', #8515, #8320, #1025 ) ;
#1417 = AXIS2_PLACEMENT_3D ( 'NONE', #9410, #4836, #8080 ) ;
#1418 = CARTESIAN_POINT ( 'NONE',  ( 30.20000000000002416, 0.2999999999999999889, 0.000000000000000000 ) ) ;
#1419 = CARTESIAN_POINT ( 'NONE',  ( 2.009170479469691184, 13.30000000000000071, 14.75000000000000178 ) ) ;
#1420 = ORIENTED_EDGE ( 'NONE', *, *, #4600, .T. ) ;
#1421 = DIRECTION ( 'NONE',  ( -0.000000000000000000, -0.000000000000000000, 1.000000000000000000 ) ) ;
#1422 = DIRECTION ( 'NONE',  ( 1.000000000000000000, -0.000000000000000000, 0.000000000000000000 ) ) ;
#1423 = CARTESIAN_POINT ( 'NONE',  ( -52.00319465118826656, 8.157297053226098882, -4.338305428497840843 ) ) ;
#1424 = CIRCLE ( 'NONE', #3298, 3.000000000000002665 ) ;
#1425 = VERTEX_POINT ( 'NONE', #1846 ) ;
#1426 = CARTESIAN_POINT ( 'NONE',  ( -34.34233853611036835, 0.1265113557324328841, 2.778990808926776523 ) ) ;
#1427 = ADVANCED_FACE ( 'NONE', ( #1048 ), #941, .F. ) ;
#1428 = AXIS2_PLACEMENT_3D ( 'NONE', #9126, #7427, #6570 ) ;
#1429 = EDGE_LOOP ( 'NONE', ( #1593, #8874, #1847, #1889, #227, #3433, #1035, #886 ) ) ;
#1430 = DIRECTION ( 'NONE',  ( 0.000000000000000000, 0.000000000000000000, -1.000000000000000000 ) ) ;
#1431 = FACE_OUTER_BOUND ( 'NONE', #9541, .T. ) ;
#1432 = DIRECTION ( 'NONE',  ( -0.000000000000000000, -1.000000000000000000, -0.000000000000000000 ) ) ;
#1433 = ORIENTED_EDGE ( 'NONE', *, *, #6675, .F. ) ;
#1434 = ORIENTED_EDGE ( 'NONE', *, *, #1906, .T. ) ;
#1435 = EDGE_CURVE ( 'NONE', #7204, #8694, #7450, .T. ) ;
#1436 = LINE ( 'NONE', #9471, #10406 ) ;
#1437 = EDGE_CURVE ( 'NONE', #9520, #1096, #2698, .T. ) ;
#1438 = EDGE_LOOP ( 'NONE', ( #5199, #7867, #936, #6456, #6878, #7257, #2125, #2811, #4553, #5536 ) ) ;
#1439 = DIRECTION ( 'NONE',  ( -0.000000000000000000, 1.000000000000000000, -0.000000000000000000 ) ) ;
#1440 = EDGE_CURVE ( 'NONE', #5454, #7274, #6638, .T. ) ;
#1441 = AXIS2_PLACEMENT_3D ( 'NONE', #8202, #2393, #9785 ) ;
#1442 = DIRECTION ( 'NONE',  ( 1.000000000000000000, 0.000000000000000000, 0.000000000000000000 ) ) ;
#1443 = CARTESIAN_POINT ( 'NONE',  ( -29.84000000000000696, 0.5000000000000004441, 3.315000000000000391 ) ) ;
#1444 = CARTESIAN_POINT ( 'NONE',  ( -52.40568058483292901, 9.484780085661595805, 3.641416195902957398 ) ) ;
#1445 = DIRECTION ( 'NONE',  ( -0.000000000000000000, 1.000000000000000000, -0.000000000000000000 ) ) ;
#1446 = AXIS2_PLACEMENT_3D ( 'NONE', #572, #5379, #5532 ) ;
#1447 = DIRECTION ( 'NONE',  ( -1.000000000000000000, -1.506492794866855939E-14, 0.000000000000000000 ) ) ;
#1448 = DIRECTION ( 'NONE',  ( 1.000000000000000000, 0.000000000000000000, 5.139921410301651289E-17 ) ) ;
#1449 = ORIENTED_EDGE ( 'NONE', *, *, #9629, .T. ) ;
#1450 = ORIENTED_EDGE ( 'NONE', *, *, #551, .T. ) ;
#1451 = EDGE_CURVE ( 'NONE', #6300, #4716, #7434, .T. ) ;
#1452 = FACE_OUTER_BOUND ( 'NONE', #515, .T. ) ;
#1453 = ORIENTED_EDGE ( 'NONE', *, *, #8431, .F. ) ;
#1454 = DIRECTION ( 'NONE',  ( 0.000000000000000000, 0.000000000000000000, 1.000000000000000000 ) ) ;
#1455 = VECTOR ( 'NONE', #1432, 1000.000000000000000 ) ;
#1456 = CARTESIAN_POINT ( 'NONE',  ( 39.19216030126719374, 2.344163681526276188E-15, -6.511545626786585217 ) ) ;
#1457 = EDGE_CURVE ( 'NONE', #9261, #5068, #1169, .T. ) ;
#1458 = DIRECTION ( 'NONE',  ( 4.047688110612552516E-15, -3.469446951953595256E-15, -1.000000000000000000 ) ) ;
#1459 = ORIENTED_EDGE ( 'NONE', *, *, #3218, .F. ) ;
#1460 = CARTESIAN_POINT ( 'NONE',  ( 23.55788180854701608, 0.2999999999999999889, 2.783866831501377703 ) ) ;
#1461 = EDGE_CURVE ( 'NONE', #1940, #3564, #1687, .T. ) ;
#1462 = ORIENTED_EDGE ( 'NONE', *, *, #2443, .F. ) ;
#1463 = ORIENTED_EDGE ( 'NONE', *, *, #7296, .F. ) ;
#1464 = VECTOR ( 'NONE', #716, 1000.000000000000000 ) ;
#1465 = EDGE_CURVE ( 'NONE', #7318, #6636, #4722, .T. ) ;
#1466 = DIRECTION ( 'NONE',  ( -0.000000000000000000, 1.000000000000000000, -0.000000000000000000 ) ) ;
#1467 = VECTOR ( 'NONE', #2450, 1000.000000000000000 ) ;
#1468 = ORIENTED_EDGE ( 'NONE', *, *, #9388, .F. ) ;
#1469 = CARTESIAN_POINT ( 'NONE',  ( -52.44547663803059834, 7.130623286038179742, -3.227573038195372668 ) ) ;
#1470 = DIRECTION ( 'NONE',  ( 0.000000000000000000, 1.000000000000000000, -0.000000000000000000 ) ) ;
#1471 = CIRCLE ( 'NONE', #5400, 0.3706384263718852656 ) ;
#1472 = DIRECTION ( 'NONE',  ( 0.000000000000000000, 0.000000000000000000, 1.000000000000000000 ) ) ;
#1473 = VECTOR ( 'NONE', #5967, 1000.000000000000000 ) ;
#1474 = DIRECTION ( 'NONE',  ( -5.782411586589358033E-15, 0.000000000000000000, 1.000000000000000000 ) ) ;
#1475 = DIRECTION ( 'NONE',  ( 1.000000000000000000, 0.000000000000000000, 0.000000000000000000 ) ) ;
#1476 = LINE ( 'NONE', #2434, #6867 ) ;
#1477 = VERTEX_POINT ( 'NONE', #1625 ) ;
#1478 = DIRECTION ( 'NONE',  ( 0.000000000000000000, 0.000000000000000000, 1.000000000000000000 ) ) ;
#1479 = VECTOR ( 'NONE', #910, 1000.000000000000000 ) ;
#1480 = AXIS2_PLACEMENT_3D ( 'NONE', #5435, #9667, #2271 ) ;
#1481 = DIRECTION ( 'NONE',  ( 0.000000000000000000, 1.000000000000000000, 0.000000000000000000 ) ) ;
#1482 = CARTESIAN_POINT ( 'NONE',  ( -51.22917112000553885, 15.10000000000000142, -9.894693245086278566 ) ) ;
#1483 = ORIENTED_EDGE ( 'NONE', *, *, #6681, .F. ) ;
#1484 = VECTOR ( 'NONE', #3881, 1000.000000000000000 ) ;
#1485 = VECTOR ( 'NONE', #254, 1000.000000000000000 ) ;
#1486 = DIRECTION ( 'NONE',  ( 1.000000000000000000, -0.000000000000000000, 0.000000000000000000 ) ) ;
#1487 = EDGE_LOOP ( 'NONE', ( #5320, #4319, #6920, #9041, #4388 ) ) ;
#1488 = CIRCLE ( 'NONE', #7455, 3.000000000000000888 ) ;
#1489 = CARTESIAN_POINT ( 'NONE',  ( -52.33705536026288030, 8.291617929101720463, -4.224942567312414354 ) ) ;
#1490 = LINE ( 'NONE', #2136, #7075 ) ;
#1491 = CARTESIAN_POINT ( 'NONE',  ( 39.12664033279330056, 0.09378038618371750679, 1.595855630624879451 ) ) ;
#1492 = ORIENTED_EDGE ( 'NONE', *, *, #7870, .T. ) ;
#1493 = ORIENTED_EDGE ( 'NONE', *, *, #2370, .F. ) ;
#1494 = DIRECTION ( 'NONE',  ( -1.000000000000000000, 0.000000000000000000, 0.000000000000000000 ) ) ;
#1495 = ORIENTED_EDGE ( 'NONE', *, *, #3756, .T. ) ;
#1496 = DIRECTION ( 'NONE',  ( -0.000000000000000000, 1.000000000000000000, -1.239088197126290817E-16 ) ) ;
#1497 = EDGE_CURVE ( 'NONE', #5042, #5842, #2542, .T. ) ;
#1498 = AXIS2_PLACEMENT_3D ( 'NONE', #3799, #2853, #9435 ) ;
#1499 = B_SPLINE_CURVE_WITH_KNOTS ( 'NONE', 3,
 ( #1648, #8260, #7185, #3130, #7400, #114, #8885, #1594 ),
 .UNSPECIFIED., .F., .F.,
 ( 4, 2, 2, 4 ),
 ( 0.000000000000000000, 0.0001382025733524817055, 0.0002764051467049634110, 0.0005528102934099397240 ),
 .UNSPECIFIED. ) ;
#1500 = CARTESIAN_POINT ( 'NONE',  ( 47.49999999999997868, 16.60000000000000142, 12.25000000000000711 ) ) ;
#1501 = LINE ( 'NONE', #3253, #10299 ) ;
#1502 = EDGE_CURVE ( 'NONE', #9400, #8016, #6739, .T. ) ;
#1503 = CARTESIAN_POINT ( 'NONE',  ( 51.95000000000000284, 11.35000000000000142, -1.700000000000000178 ) ) ;
#1504 = CARTESIAN_POINT ( 'NONE',  ( -52.45000000000001705, 9.700000000000001066, 2.925000000000022915 ) ) ;
#1505 = EDGE_CURVE ( 'NONE', #8548, #5020, #3272, .T. ) ;
#1506 = CARTESIAN_POINT ( 'NONE',  ( -31.51661123066064363, 3.000000000000000000, 2.765000000000000124 ) ) ;
#1507 = FACE_OUTER_BOUND ( 'NONE', #3107, .T. ) ;
#1508 = ORIENTED_EDGE ( 'NONE', *, *, #175, .T. ) ;
#1509 = ORIENTED_EDGE ( 'NONE', *, *, #4179, .F. ) ;
#1510 = TOROIDAL_SURFACE ( 'NONE', #8652, 1.500000000000000888, 0.2000000000000000111 ) ;
#1511 = CARTESIAN_POINT ( 'NONE',  ( -52.25000000000001421, 9.897368276523900832, -3.013815789473690554 ) ) ;
#1512 = ORIENTED_EDGE ( 'NONE', *, *, #1635, .T. ) ;
#1513 = EDGE_CURVE ( 'NONE', #6685, #5874, #4254, .T. ) ;
#1514 = LINE ( 'NONE', #6406, #6114 ) ;
#1515 = VECTOR ( 'NONE', #1871, 1000.000000000000000 ) ;
#1516 = CARTESIAN_POINT ( 'NONE',  ( 9.519658948938198861, 6.500000000000000888, 12.25000000000000355 ) ) ;
#1517 = DIRECTION ( 'NONE',  ( -1.000000000000000000, 0.000000000000000000, 0.000000000000000000 ) ) ;
#1518 = ORIENTED_EDGE ( 'NONE', *, *, #8495, .F. ) ;
#1519 = DIRECTION ( 'NONE',  ( 0.000000000000000000, 1.000000000000000000, -0.000000000000000000 ) ) ;
#1520 = ORIENTED_EDGE ( 'NONE', *, *, #370, .F. ) ;
#1521 = VERTEX_POINT ( 'NONE', #9033 ) ;
#1522 = CARTESIAN_POINT ( 'NONE',  ( 0.000000000000000000, 16.60000000000000142, 0.000000000000000000 ) ) ;
#1523 = ORIENTED_EDGE ( 'NONE', *, *, #2842, .T. ) ;
#1524 = ORIENTED_EDGE ( 'NONE', *, *, #2307, .T. ) ;
#1525 = CIRCLE ( 'NONE', #6631, 0.1999999999999987899 ) ;
#1526 = CARTESIAN_POINT ( 'NONE',  ( -35.18270600294837891, -1.219966979521688965E-18, -3.532157287525381495 ) ) ;
#1527 = DIRECTION ( 'NONE',  ( 0.000000000000000000, 1.000000000000000000, -0.000000000000000000 ) ) ;
#1528 = EDGE_CURVE ( 'NONE', #1521, #535, #8124, .T. ) ;
#1529 = EDGE_CURVE ( 'NONE', #4166, #10096, #5415, .T. ) ;
#1530 = DIRECTION ( 'NONE',  ( -1.000000000000000000, 0.000000000000000000, 0.000000000000000000 ) ) ;
#1531 = DIRECTION ( 'NONE',  ( 0.000000000000000000, 1.000000000000000000, 0.000000000000000000 ) ) ;
#1532 = DIRECTION ( 'NONE',  ( 0.000000000000000000, 0.000000000000000000, 1.000000000000000000 ) ) ;
#1533 = CARTESIAN_POINT ( 'NONE',  ( -51.95000000000000995, 6.499999999999999112, 2.449999999999999289 ) ) ;
#1534 = ORIENTED_EDGE ( 'NONE', *, *, #6407, .F. ) ;
#1535 = FACE_OUTER_BOUND ( 'NONE', #5115, .T. ) ;
#1536 = CARTESIAN_POINT ( 'NONE',  ( -20.00000000000001066, 9.000000000000001776, -13.55000000000000071 ) ) ;
#1537 = CARTESIAN_POINT ( 'NONE',  ( 43.25000000000000711, 8.000000000000000000, -7.250000000000000888 ) ) ;
#1538 = ORIENTED_EDGE ( 'NONE', *, *, #4389, .F. ) ;
#1539 = CARTESIAN_POINT ( 'NONE',  ( -39.58434658500975445, 0.1071145293931473758, -8.872877755913762599 ) ) ;
#1540 = ORIENTED_EDGE ( 'NONE', *, *, #5164, .T. ) ;
#1541 = CARTESIAN_POINT ( 'NONE',  ( 35.21143789659456047, 0.000000000000000000, -5.329957559004428802 ) ) ;
#1542 = FACE_OUTER_BOUND ( 'NONE', #7378, .T. ) ;
#1543 = CARTESIAN_POINT ( 'NONE',  ( 51.95000000000000284, 9.850000000000003197, -1.700000000000001288 ) ) ;
#1544 = VERTEX_POINT ( 'NONE', #7494 ) ;
#1545 = ORIENTED_EDGE ( 'NONE', *, *, #6738, .F. ) ;
#1546 = ADVANCED_FACE ( 'NONE', ( #4991 ), #204, .F. ) ;
#1547 = CARTESIAN_POINT ( 'NONE',  ( -8.958845726811304644, 11.00000000000000178, -13.55000000000019256 ) ) ;
#1548 = ORIENTED_EDGE ( 'NONE', *, *, #6537, .T. ) ;
#1549 = CYLINDRICAL_SURFACE ( 'NONE', #6679, 0.2999999999999999334 ) ;
#1550 = LINE ( 'NONE', #8735, #5957 ) ;
#1551 = B_SPLINE_CURVE_WITH_KNOTS ( 'NONE', 3,
 ( #8868, #9550, #10520, #5691, #3975, #3231, #8023, #10404 ),
 .UNSPECIFIED., .F., .F.,
 ( 4, 2, 2, 4 ),
 ( 0.000000000000000000, 0.0001382025733524839823, 0.0002764051467049679646, 0.0005528102934099365798 ),
 .UNSPECIFIED. ) ;
#1552 = CARTESIAN_POINT ( 'NONE',  ( 47.49999999999994316, 8.000000000000000000, 14.75000000000000000 ) ) ;
#1553 = CARTESIAN_POINT ( 'NONE',  ( 52.75100000000002609, 7.099999999999998757, -2.925000000000016254 ) ) ;
#1554 = LINE ( 'NONE', #8793, #7451 ) ;
#1555 = DIRECTION ( 'NONE',  ( 0.000000000000000000, -1.000000000000000000, 0.000000000000000000 ) ) ;
#1556 = CARTESIAN_POINT ( 'NONE',  ( -50.25000000000000711, 8.000000000000000000, -9.499999999999982236 ) ) ;
#1557 = LINE ( 'NONE', #9582, #5537 ) ;
#1558 = VERTEX_POINT ( 'NONE', #9925 ) ;
#1559 = VERTEX_POINT ( 'NONE', #5899 ) ;
#1560 = LINE ( 'NONE', #4812, #5583 ) ;
#1561 = ORIENTED_EDGE ( 'NONE', *, *, #8763, .T. ) ;
#1562 = DIRECTION ( 'NONE',  ( 1.000000000000000000, 0.000000000000000000, 0.000000000000000000 ) ) ;
#1563 = CARTESIAN_POINT ( 'NONE',  ( 41.25000000000000711, 5.500000000000000000, 8.250000000000003553 ) ) ;
#1564 = DIRECTION ( 'NONE',  ( -0.000000000000000000, -0.000000000000000000, 1.000000000000000000 ) ) ;
#1565 = EDGE_CURVE ( 'NONE', #10482, #885, #6795, .T. ) ;
#1566 = ORIENTED_EDGE ( 'NONE', *, *, #3756, .F. ) ;
#1567 = ORIENTED_EDGE ( 'NONE', *, *, #550, .T. ) ;
#1568 = EDGE_LOOP ( 'NONE', ( #6412, #2609, #4796, #342 ) ) ;
#1569 = CYLINDRICAL_SURFACE ( 'NONE', #808, 2.999999999999999112 ) ;
#1570 = ORIENTED_EDGE ( 'NONE', *, *, #8243, .F. ) ;
#1571 = ORIENTED_EDGE ( 'NONE', *, *, #1437, .F. ) ;
#1572 = CARTESIAN_POINT ( 'NONE',  ( -45.20000000000000284, 15.20000000000000107, -6.750000000000000888 ) ) ;
#1573 = AXIS2_PLACEMENT_3D ( 'NONE', #2686, #8281, #8818 ) ;
#1574 = EDGE_CURVE ( 'NONE', #8454, #2849, #10230, .T. ) ;
#1575 = CARTESIAN_POINT ( 'NONE',  ( -52.23028309663555291, 9.583160098319451592, 3.680390056226295226 ) ) ;
#1576 = CARTESIAN_POINT ( 'NONE',  ( 30.19999999999998153, -0.0009999999999999158867, 0.000000000000000000 ) ) ;
#1577 = CIRCLE ( 'NONE', #905, 9.000000000000012434 ) ;
#1578 = DIRECTION ( 'NONE',  ( 0.000000000000000000, 1.734723475976806148E-14, -1.000000000000000000 ) ) ;
#1579 = DIRECTION ( 'NONE',  ( 0.000000000000000000, -5.782411586589353300E-15, -1.000000000000000000 ) ) ;
#1580 = B_SPLINE_CURVE_WITH_KNOTS ( 'NONE', 3,
 ( #6987, #8583, #3787, #8687, #2093, #8486 ),
 .UNSPECIFIED., .F., .F.,
 ( 4, 2, 4 ),
 ( 4.336808689942017736E-19, 0.0003762168376257893853, 0.0007524336752515783369 ),
 .UNSPECIFIED. ) ;
#1581 = CARTESIAN_POINT ( 'NONE',  ( 30.95000000000000284, 0.5000000000000000000, -2.350000000000003197 ) ) ;
#1582 = ORIENTED_EDGE ( 'NONE', *, *, #9915, .F. ) ;
#1583 = CARTESIAN_POINT ( 'NONE',  ( -44.75000000000000711, 8.000000000000000000, 9.500000000000001776 ) ) ;
#1584 = CARTESIAN_POINT ( 'NONE',  ( -47.50000000000000711, 3.000000000000000000, -9.500000000000001776 ) ) ;
#1585 = EDGE_CURVE ( 'NONE', #8175, #47, #2402, .T. ) ;
#1586 = CARTESIAN_POINT ( 'NONE',  ( -47.50000000000000711, 16.60000000000000142, -9.500000000000001776 ) ) ;
#1587 = ORIENTED_EDGE ( 'NONE', *, *, #6654, .T. ) ;
#1588 = VECTOR ( 'NONE', #6649, 1000.000000000000000 ) ;
#1589 = VECTOR ( 'NONE', #4061, 1000.000000000000000 ) ;
#1590 = EDGE_CURVE ( 'NONE', #2237, #1926, #4407, .T. ) ;
#1591 = FACE_BOUND ( 'NONE', #9543, .T. ) ;
#1592 = EDGE_CURVE ( 'NONE', #5755, #8144, #1837, .T. ) ;
#1593 = ORIENTED_EDGE ( 'NONE', *, *, #10232, .T. ) ;
#1594 = CARTESIAN_POINT ( 'NONE',  ( 31.40000000000001990, 0.000000000000000000, 2.830492254602820168 ) ) ;
#1595 = CARTESIAN_POINT ( 'NONE',  ( 23.53973614986588814, 0.2034051652805225763, 2.779818315299348530 ) ) ;
#1596 = AXIS2_PLACEMENT_3D ( 'NONE', #3963, #10449, #5041 ) ;
#1597 = CARTESIAN_POINT ( 'NONE',  ( 49.75000000000000000, 0.000000000000000000, 9.500000000000003553 ) ) ;
#1598 = ORIENTED_EDGE ( 'NONE', *, *, #3495, .T. ) ;
#1599 = VERTEX_POINT ( 'NONE', #7651 ) ;
#1600 = LINE ( 'NONE', #4852, #5162 ) ;
#1601 = VERTEX_POINT ( 'NONE', #8592 ) ;
#1602 = LINE ( 'NONE', #12, #8728 ) ;
#1603 = EDGE_CURVE ( 'NONE', #836, #5685, #2513, .T. ) ;
#1604 = CARTESIAN_POINT ( 'NONE',  ( 31.40000000000001990, 0.000000000000000000, 2.830492254602820168 ) ) ;
#1605 = TOROIDAL_SURFACE ( 'NONE', #10444, 1.600000000000000755, 0.2999999999999999889 ) ;
#1606 = CARTESIAN_POINT ( 'NONE',  ( 22.68039777241904886, 0.000000000000000000, -6.604841829914296802 ) ) ;
#1607 = DIRECTION ( 'NONE',  ( 0.000000000000000000, -1.000000000000000000, 0.000000000000000000 ) ) ;
#1608 = CARTESIAN_POINT ( 'NONE',  ( -52.26145520592808680, 8.292409053680250608, 4.225057692675163956 ) ) ;
#1609 = DIRECTION ( 'NONE',  ( 1.000000000000000000, -0.000000000000000000, -0.000000000000000000 ) ) ;
#1610 = CARTESIAN_POINT ( 'NONE',  ( 41.25000000000000711, 8.000000000000000000, 8.250000000000003553 ) ) ;
#1611 = SURFACE_SIDE_STYLE ('',( #7417 ) ) ;
#1612 = ORIENTED_EDGE ( 'NONE', *, *, #6071, .T. ) ;
#1613 = EDGE_LOOP ( 'NONE', ( #7098, #3910, #8758, #2151 ) ) ;
#1614 = DIRECTION ( 'NONE',  ( -0.000000000000000000, -0.000000000000000000, 1.000000000000000000 ) ) ;
#1615 = AXIS2_PLACEMENT_3D ( 'NONE', #8512, #5166, #327 ) ;
#1616 = ORIENTED_EDGE ( 'NONE', *, *, #5968, .T. ) ;
#1617 = DIRECTION ( 'NONE',  ( 0.000000000000000000, 0.000000000000000000, -1.000000000000000000 ) ) ;
#1618 = CARTESIAN_POINT ( 'NONE',  ( 39.09768490291496335, 0.2034051652805246302, -6.202567585311997256 ) ) ;
#1619 = AXIS2_PLACEMENT_3D ( 'NONE', #2554, #8875, #1478 ) ;
#1620 = CARTESIAN_POINT ( 'NONE',  ( -400000.2249999999767, 5.500000000000000000, -6.750000000010913936 ) ) ;
#1621 = ORIENTED_EDGE ( 'NONE', *, *, #1773, .F. ) ;
#1622 = DIRECTION ( 'NONE',  ( -0.000000000000000000, -0.000000000000000000, 1.000000000000000000 ) ) ;
#1623 = ORIENTED_EDGE ( 'NONE', *, *, #10033, .F. ) ;
#1624 = VERTEX_POINT ( 'NONE', #2104 ) ;
#1625 = CARTESIAN_POINT ( 'NONE',  ( 25.85635347795579975, 0.2999999999999999889, -0.2752072131253918696 ) ) ;
#1626 = VERTEX_POINT ( 'NONE', #2848 ) ;
#1627 = VERTEX_POINT ( 'NONE', #3698 ) ;
#1628 = DIRECTION ( 'NONE',  ( 0.000000000000000000, 0.000000000000000000, 1.000000000000000000 ) ) ;
#1629 = AXIS2_PLACEMENT_3D ( 'NONE', #7026, #1383, #7876 ) ;
#1630 = ADVANCED_FACE ( 'NONE', ( #6054 ), #10495, .T. ) ;
#1631 = CARTESIAN_POINT ( 'NONE',  ( -52.15661494277107835, 9.716960195022473101, 3.819531249999938538 ) ) ;
#1632 = CARTESIAN_POINT ( 'NONE',  ( -31.51661123066064363, 3.000000000000000000, 8.349999999999997868 ) ) ;
#1633 = DIRECTION ( 'NONE',  ( -0.000000000000000000, 1.000000000000000000, -0.000000000000000000 ) ) ;
#1634 = DIRECTION ( 'NONE',  ( -0.000000000000000000, -0.000000000000000000, 1.000000000000000000 ) ) ;
#1635 = EDGE_CURVE ( 'NONE', #4484, #8151, #7744, .T. ) ;
#1636 = ORIENTED_EDGE ( 'NONE', *, *, #6837, .F. ) ;
#1637 = VERTEX_POINT ( 'NONE', #6950 ) ;
#1638 = DIRECTION ( 'NONE',  ( 1.000000000000000000, -0.000000000000000000, -0.000000000000000000 ) ) ;
#1639 = EDGE_CURVE ( 'NONE', #2613, #6933, #9338, .T. ) ;
#1640 = CARTESIAN_POINT ( 'NONE',  ( 51.95000000000000284, 11.35000000000000320, -3.299999999999998490 ) ) ;
#1641 = DIRECTION ( 'NONE',  ( 0.000000000000000000, 0.000000000000000000, -1.000000000000000000 ) ) ;
#1642 = ORIENTED_EDGE ( 'NONE', *, *, #7774, .T. ) ;
#1643 = VECTOR ( 'NONE', #10177, 1000.000000000000000 ) ;
#1644 = VECTOR ( 'NONE', #938, 1000.000000000000000 ) ;
#1645 = FACE_OUTER_BOUND ( 'NONE', #4, .T. ) ;
#1646 = AXIS2_PLACEMENT_3D ( 'NONE', #4237, #7478, #4070 ) ;
#1647 = ORIENTED_EDGE ( 'NONE', *, *, #5264, .T. ) ;
#1648 = CARTESIAN_POINT ( 'NONE',  ( 31.70000000000002061, 0.2999999999999999889, 3.098623679425835942 ) ) ;
#1649 = LINE ( 'NONE', #6609, #5065 ) ;
#1650 = CARTESIAN_POINT ( 'NONE',  ( -52.34423006580575333, 8.821493285070527435, 4.159434162369263888 ) ) ;
#1651 = ORIENTED_EDGE ( 'NONE', *, *, #9449, .T. ) ;
#1652 = VERTEX_POINT ( 'NONE', #10030 ) ;
#1653 = VECTOR ( 'NONE', #1700, 1000.000000000000000 ) ;
#1654 = CARTESIAN_POINT ( 'NONE',  ( 0.000000000000000000, 16.60000000000000142, 13.25000000000000178 ) ) ;
#1655 = ORIENTED_EDGE ( 'NONE', *, *, #9517, .F. ) ;
#1656 = LINE ( 'NONE', #5775, #3797 ) ;
#1657 =( BOUNDED_CURVE ( )  B_SPLINE_CURVE ( 3, ( #933, #6731, #1935, #144 ),
 .UNSPECIFIED., .F., .F. ) 
 B_SPLINE_CURVE_WITH_KNOTS ( ( 4, 4 ),
 ( 3.141592653589793116, 4.712388980384689674 ),
 .UNSPECIFIED. ) 
 CURVE ( )  GEOMETRIC_REPRESENTATION_ITEM ( )  RATIONAL_B_SPLINE_CURVE ( ( 1.000000000000000000, 0.8047378541243649375, 0.8047378541243649375, 1.000000000000000000 ) ) 
 REPRESENTATION_ITEM ( '' )  );
#1658 = CIRCLE ( 'NONE', #5243, 1.500000000000000888 ) ;
#1659 = EDGE_CURVE ( 'NONE', #8151, #1868, #6110, .T. ) ;
#1660 = DIRECTION ( 'NONE',  ( 0.000000000000000000, 0.000000000000000000, -1.000000000000000000 ) ) ;
#1661 = ADVANCED_FACE ( 'NONE', ( #5311 ), #3598, .T. ) ;
#1662 = AXIS2_PLACEMENT_3D ( 'NONE', #10142, #7118, #518 ) ;
#1663 = CARTESIAN_POINT ( 'NONE',  ( 22.78484194167169008, 0.1248391197358918181, -6.258743620592524870 ) ) ;
#1664 = ADVANCED_FACE ( 'NONE', ( #2746 ), #1891, .T. ) ;
#1665 = DIRECTION ( 'NONE',  ( 0.000000000000000000, 0.000000000000000000, -1.000000000000000000 ) ) ;
#1666 = CARTESIAN_POINT ( 'NONE',  ( 0.000000000000000000, 0.5000000000000000000, 0.000000000000000000 ) ) ;
#1667 = CARTESIAN_POINT ( 'NONE',  ( -45.19999999999994600, 3.000000000000000000, -14.75000000000000355 ) ) ;
#1668 = AXIS2_PLACEMENT_3D ( 'NONE', #6264, #9499, #8237 ) ;
#1669 = DIRECTION ( 'NONE',  ( -0.8660254037844390407, 0.000000000000000000, -0.4999999999999995004 ) ) ;
#1670 = CIRCLE ( 'NONE', #7959, 0.3000000000000016542 ) ;
#1671 = CARTESIAN_POINT ( 'NONE',  ( -52.22340835089975997, 7.205390757595235840, -3.692296232791190125 ) ) ;
#1672 = ORIENTED_EDGE ( 'NONE', *, *, #5637, .T. ) ;
#1673 = VERTEX_POINT ( 'NONE', #6842 ) ;
#1674 = VECTOR ( 'NONE', #9634, 1000.000000000000000 ) ;
#1675 = LINE ( 'NONE', #7366, #990 ) ;
#1676 = ORIENTED_EDGE ( 'NONE', *, *, #9841, .F. ) ;
#1677 = AXIS2_PLACEMENT_3D ( 'NONE', #8820, #679, #8762 ) ;
#1678 = DIRECTION ( 'NONE',  ( 0.000000000000000000, 0.000000000000000000, -1.000000000000000000 ) ) ;
#1679 = PLANE ( 'NONE',  #328 ) ;
#1680 = VECTOR ( 'NONE', #10390, 1000.000000000000000 ) ;
#1681 = CARTESIAN_POINT ( 'NONE',  ( -53.20100000000002183, 11.35000000000000320, -3.299999999999998490 ) ) ;
#1682 = VERTEX_POINT ( 'NONE', #10185 ) ;
#1683 = CIRCLE ( 'NONE', #10001, 2.750000000000002665 ) ;
#1684 = CARTESIAN_POINT ( 'NONE',  ( 30.27889104939041687, 0.09378038618371772883, 6.704106061119894377 ) ) ;
#1685 = ORIENTED_EDGE ( 'NONE', *, *, #3895, .F. ) ;
#1686 = EDGE_LOOP ( 'NONE', ( #1167, #6791, #2477, #1251 ) ) ;
#1687 = LINE ( 'NONE', #9879, #6253 ) ;
#1688 = ORIENTED_EDGE ( 'NONE', *, *, #9098, .T. ) ;
#1689 = EDGE_LOOP ( 'NONE', ( #1018, #3570, #671, #6571 ) ) ;
#1690 = CYLINDRICAL_SURFACE ( 'NONE', #5420, 0.3000000000000016542 ) ;
#1691 = ADVANCED_FACE ( 'NONE', ( #2899 ), #4552, .F. ) ;
#1692 = CYLINDRICAL_SURFACE ( 'NONE', #484, 5.499999999999985789 ) ;
#1693 = CARTESIAN_POINT ( 'NONE',  ( -53.20000000000000284, 8.400000000000000355, 2.925000000000030465 ) ) ;
#1694 = LINE ( 'NONE', #2549, #8789 ) ;
#1695 = CARTESIAN_POINT ( 'NONE',  ( 51.95000000000000284, 11.00000000000000178, 9.500000000000000000 ) ) ;
#1696 = ORIENTED_EDGE ( 'NONE', *, *, #3401, .T. ) ;
#1697 = VERTEX_POINT ( 'NONE', #3749 ) ;
#1698 = CIRCLE ( 'NONE', #9671, 0.2999999999999999334 ) ;
#1699 = CARTESIAN_POINT ( 'NONE',  ( -31.51661123066064363, 3.000000000000000000, -20.34067203111825251 ) ) ;
#1700 = DIRECTION ( 'NONE',  ( -1.000000000000000000, 0.000000000000000000, 7.485322442186879976E-17 ) ) ;
#1701 = FACE_OUTER_BOUND ( 'NONE', #4013, .T. ) ;
#1702 = ORIENTED_EDGE ( 'NONE', *, *, #1308, .T. ) ;
#1703 = DIRECTION ( 'NONE',  ( -0.000000000000000000, -1.000000000000000000, -0.000000000000000000 ) ) ;
#1704 = VERTEX_POINT ( 'NONE', #1098 ) ;
#1705 = CARTESIAN_POINT ( 'NONE',  ( 9.519658948938198861, 5.500000000000000000, 12.25000000000000178 ) ) ;
#1706 = EDGE_CURVE ( 'NONE', #3697, #7099, #4354, .T. ) ;
#1707 = CARTESIAN_POINT ( 'NONE',  ( -52.25000000000001421, 9.897368276523900832, -3.013815789473690110 ) ) ;
#1708 = LINE ( 'NONE', #2612, #10292 ) ;
#1709 = ORIENTED_EDGE ( 'NONE', *, *, #7050, .F. ) ;
#1710 = ORIENTED_EDGE ( 'NONE', *, *, #3895, .T. ) ;
#1711 = LINE ( 'NONE', #1654, #4314 ) ;
#1712 = ORIENTED_EDGE ( 'NONE', *, *, #7655, .F. ) ;
#1713 = PLANE ( 'NONE',  #4654 ) ;
#1714 = EDGE_CURVE ( 'NONE', #5210, #5347, #10281, .T. ) ;
#1715 = CARTESIAN_POINT ( 'NONE',  ( -47.50000000000000711, 8.000000000000000000, 10.35000000000000142 ) ) ;
#1716 = CARTESIAN_POINT ( 'NONE',  ( 38.76960222758095398, 0.000000000000000000, 2.684264693320296491 ) ) ;
#1717 = B_SPLINE_CURVE_WITH_KNOTS ( 'NONE', 3,
 ( #6625, #2413, #2526, #8174, #3214, #2579, #5032, #927 ),
 .UNSPECIFIED., .F., .F.,
 ( 4, 2, 2, 4 ),
 ( 0.000000000000000000, 0.0007309556039258854670, 0.001096433405888826845, 0.001461911207851768332 ),
 .UNSPECIFIED. ) ;
#1718 = LINE ( 'NONE', #4859, #6605 ) ;
#1719 = DIRECTION ( 'NONE',  ( 1.927470528863116189E-15, 0.000000000000000000, 1.000000000000000000 ) ) ;
#1720 = CARTESIAN_POINT ( 'NONE',  ( -39.53506879479627401, 0.1999999999999996503, -8.849999999999997868 ) ) ;
#1721 = LINE ( 'NONE', #8952, #1983 ) ;
#1722 = CARTESIAN_POINT ( 'NONE',  ( 26.15068545307677184, 1.754205233763655213E-15, -0.1771536671051732459 ) ) ;
#1723 = VERTEX_POINT ( 'NONE', #3909 ) ;
#1724 = ORIENTED_EDGE ( 'NONE', *, *, #3600, .T. ) ;
#1725 =( BOUNDED_CURVE ( )  B_SPLINE_CURVE ( 3, ( #8418, #4282, #1076, #10108 ),
 .UNSPECIFIED., .F., .F. ) 
 B_SPLINE_CURVE_WITH_KNOTS ( ( 4, 4 ),
 ( 4.712388980384688786, 5.906926873010759138 ),
 .UNSPECIFIED. ) 
 CURVE ( )  GEOMETRIC_REPRESENTATION_ITEM ( )  RATIONAL_B_SPLINE_CURVE ( ( 1.000000000000000000, 0.8845830693046150550, 0.8845830693046150550, 1.000000000000000000 ) ) 
 REPRESENTATION_ITEM ( '' )  );
#1726 = CARTESIAN_POINT ( 'NONE',  ( -39.58434658500975445, 0.1071145293931473758, 3.592122244086235927 ) ) ;
#1727 = ORIENTED_EDGE ( 'NONE', *, *, #554, .T. ) ;
#1728 = FACE_OUTER_BOUND ( 'NONE', #5559, .T. ) ;
#1729 = EDGE_CURVE ( 'NONE', #7351, #4671, #4701, .T. ) ;
#1730 = CARTESIAN_POINT ( 'NONE',  ( 51.95000000000000284, 9.849999999999999645, 1.699999999999999734 ) ) ;
#1731 = CARTESIAN_POINT ( 'NONE',  ( -30.30484636607248561, -1.468623938954177977, -20.34067203111825251 ) ) ;
#1732 = DIRECTION ( 'NONE',  ( 1.000000000000000000, 0.000000000000000000, 0.000000000000000000 ) ) ;
#1733 = ORIENTED_EDGE ( 'NONE', *, *, #6975, .F. ) ;
#1734 = CARTESIAN_POINT ( 'NONE',  ( -39.76146882909598901, 0.000000000000000000, -3.415000000000000036 ) ) ;
#1735 = ORIENTED_EDGE ( 'NONE', *, *, #10472, .F. ) ;
#1736 = VERTEX_POINT ( 'NONE', #9484 ) ;
#1737 = DIRECTION ( 'NONE',  ( 0.000000000000000000, 1.000000000000000000, -0.000000000000000000 ) ) ;
#1738 = ORIENTED_EDGE ( 'NONE', *, *, #2560, .F. ) ;
#1739 = ORIENTED_EDGE ( 'NONE', *, *, #3076, .F. ) ;
#1740 = CARTESIAN_POINT ( 'NONE',  ( 43.49999999999999289, 7.000000000000000000, 0.000000000000000000 ) ) ;
#1741 = CYLINDRICAL_SURFACE ( 'NONE', #1174, 5.499999999999985789 ) ;
#1742 = ADVANCED_FACE ( 'NONE', ( #7155 ), #2401, .T. ) ;
#1743 = CARTESIAN_POINT ( 'NONE',  ( -53.20100000000002183, 11.35000000000000142, -2.500000000000000000 ) ) ;
#1744 = EDGE_CURVE ( 'NONE', #10351, #6818, #4649, .T. ) ;
#1745 = DIRECTION ( 'NONE',  ( -1.000000000000000000, 0.000000000000000000, -0.000000000000000000 ) ) ;
#1746 = LINE ( 'NONE', #7549, #3804 ) ;
#1747 = ORIENTED_EDGE ( 'NONE', *, *, #1252, .F. ) ;
#1748 = AXIS2_PLACEMENT_3D ( 'NONE', #4776, #4980, #929 ) ;
#1749 = EDGE_LOOP ( 'NONE', ( #10031, #8386, #4373, #3737, #1118 ) ) ;
#1750 = CARTESIAN_POINT ( 'NONE',  ( -52.22340835089975997, 7.205390757595131923, 3.692296232791099975 ) ) ;
#1751 = CARTESIAN_POINT ( 'NONE',  ( -29.84000000000000696, -5.002961977226933143, -2.765000000000000124 ) ) ;
#1752 = CARTESIAN_POINT ( 'NONE',  ( 31.70000000000001350, -0.0009999999999999158867, -6.248819466864732974E-14 ) ) ;
#1753 = EDGE_LOOP ( 'NONE', ( #5018, #1385, #957, #8695 ) ) ;
#1754 = VECTOR ( 'NONE', #494, 1000.000000000000000 ) ;
#1755 = DIRECTION ( 'NONE',  ( -1.000000000000000000, 0.000000000000000000, 0.000000000000000000 ) ) ;
#1756 = B_SPLINE_CURVE_WITH_KNOTS ( 'NONE', 3,
 ( #9179, #8535, #1246, #2098, #7738, #4294, #7536, #249 ),
 .UNSPECIFIED., .F., .F.,
 ( 4, 2, 2, 4 ),
 ( 0.000000000000000000, 0.0001382025733524842805, 0.0002764051467049685610, 0.0005528102934099349535 ),
 .UNSPECIFIED. ) ;
#1757 = ORIENTED_EDGE ( 'NONE', *, *, #9281, .F. ) ;
#1758 = DIRECTION ( 'NONE',  ( -0.000000000000000000, 1.000000000000000000, -0.000000000000000000 ) ) ;
#1759 = DIRECTION ( 'NONE',  ( -0.000000000000000000, -1.000000000000000000, 0.000000000000000000 ) ) ;
#1760 = FACE_OUTER_BOUND ( 'NONE', #7162, .T. ) ;
#1761 = ORIENTED_EDGE ( 'NONE', *, *, #8314, .F. ) ;
#1762 = AXIS2_PLACEMENT_3D ( 'NONE', #902, #5007, #8830 ) ;
#1763 = FACE_OUTER_BOUND ( 'NONE', #6546, .T. ) ;
#1764 = ORIENTED_EDGE ( 'NONE', *, *, #9625, .T. ) ;
#1765 = LINE ( 'NONE', #5021, #5511 ) ;
#1766 = ADVANCED_FACE ( 'NONE', ( #6401, #8696, #4015, #3150, #3097, #9644, #1452, #10443, #7259, #1400, #6203, #7205, #7894 ), #6349, .F. ) ;
#1767 = CARTESIAN_POINT ( 'NONE',  ( -31.47472780755320443, 0.2000000000000000111, 2.765000000000000124 ) ) ;
#1768 = CARTESIAN_POINT ( 'NONE',  ( -52.25000000000001421, 9.852693908957483870, 3.264948469478256676 ) ) ;
#1769 = CARTESIAN_POINT ( 'NONE',  ( -52.25000000000001421, 6.800000000000000711, -2.449999999999999289 ) ) ;
#1770 = VECTOR ( 'NONE', #8768, 1000.000000000000000 ) ;
#1771 = CARTESIAN_POINT ( 'NONE',  ( -52.26167570767589154, 8.184713429713283972, 4.211499472778886144 ) ) ;
#1772 = CARTESIAN_POINT ( 'NONE',  ( 39.08172798364529399, 5.400000000000000355, 6.181727983645293634 ) ) ;
#1773 = EDGE_CURVE ( 'NONE', #2234, #9641, #9585, .T. ) ;
#1774 = CARTESIAN_POINT ( 'NONE',  ( 26.68856210340544521, 0.000000000000000000, 0.6299575590044237394 ) ) ;
#1775 = DIRECTION ( 'NONE',  ( -0.000000000000000000, -0.000000000000000000, 1.000000000000000000 ) ) ;
#1776 = ORIENTED_EDGE ( 'NONE', *, *, #934, .T. ) ;
#1777 = VERTEX_POINT ( 'NONE', #5561 ) ;
#1778 = LINE ( 'NONE', #9912, #6601 ) ;
#1779 = EDGE_CURVE ( 'NONE', #2945, #4108, #8796, .T. ) ;
#1780 = ORIENTED_EDGE ( 'NONE', *, *, #8935, .T. ) ;
#1781 = DIRECTION ( 'NONE',  ( 0.000000000000000000, 0.000000000000000000, 1.000000000000000000 ) ) ;
#1782 = DIRECTION ( 'NONE',  ( 1.000000000000000000, 0.000000000000000000, 0.000000000000000000 ) ) ;
#1783 = DIRECTION ( 'NONE',  ( -0.000000000000000000, 0.000000000000000000, 1.000000000000000000 ) ) ;
#1784 = FACE_OUTER_BOUND ( 'NONE', #999, .T. ) ;
#1785 = VERTEX_POINT ( 'NONE', #8007 ) ;
#1786 = CARTESIAN_POINT ( 'NONE',  ( -47.50000000000000711, 8.000000000000000000, -9.500000000000001776 ) ) ;
#1787 = ORIENTED_EDGE ( 'NONE', *, *, #3935, .F. ) ;
#1788 = ORIENTED_EDGE ( 'NONE', *, *, #7136, .F. ) ;
#1789 = DIRECTION ( 'NONE',  ( -1.000000000000000000, 0.000000000000000000, 0.000000000000000000 ) ) ;
#1790 = ORIENTED_EDGE ( 'NONE', *, *, #5802, .T. ) ;
#1791 = ORIENTED_EDGE ( 'NONE', *, *, #7505, .T. ) ;
#1792 = CYLINDRICAL_SURFACE ( 'NONE', #2530, 2.000000000000003109 ) ;
#1793 = CARTESIAN_POINT ( 'NONE',  ( -52.20449119161393270, 8.641133555070735994, 4.260293390209231923 ) ) ;
#1794 = AXIS2_PLACEMENT_3D ( 'NONE', #5709, #4161, #2503 ) ;
#1795 = EDGE_CURVE ( 'NONE', #2304, #5368, #3958, .T. ) ;
#1796 = DIRECTION ( 'NONE',  ( -1.000000000000000000, 4.625929269271485322E-15, 4.625929269271483744E-15 ) ) ;
#1797 = EDGE_CURVE ( 'NONE', #8755, #6797, #1560, .T. ) ;
#1798 = ADVANCED_FACE ( 'NONE', ( #764 ), #1358, .F. ) ;
#1799 = CARTESIAN_POINT ( 'NONE',  ( -29.84000000000001052, 6.228315339590860589, -9.726391234683012144 ) ) ;
#1800 = VERTEX_POINT ( 'NONE', #4605 ) ;
#1801 = ORIENTED_EDGE ( 'NONE', *, *, #7779, .F. ) ;
#1802 = CYLINDRICAL_SURFACE ( 'NONE', #9951, 0.8500000000000000888 ) ;
#1803 = ADVANCED_FACE ( 'NONE', ( #7844 ), #548, .T. ) ;
#1804 = AXIS2_PLACEMENT_3D ( 'NONE', #3817, #478, #4575 ) ;
#1805 = LINE ( 'NONE', #1953, #5586 ) ;
#1806 = DIRECTION ( 'NONE',  ( -1.000000000000000000, 0.000000000000000000, 0.000000000000000000 ) ) ;
#1807 = VECTOR ( 'NONE', #3047, 1000.000000000000000 ) ;
#1808 = CARTESIAN_POINT ( 'NONE',  ( 0.000000000000000000, 1.000000000000000000, 0.000000000000000000 ) ) ;
#1809 = ORIENTED_EDGE ( 'NONE', *, *, #1565, .T. ) ;
#1810 = CARTESIAN_POINT ( 'NONE',  ( 31.40000000000001279, 0.2999999999999999889, -6.189682374118379699E-14 ) ) ;
#1811 = CARTESIAN_POINT ( 'NONE',  ( 31.69999999999997797, -0.0009999999999999158867, -11.31869555732605015 ) ) ;
#1812 = CARTESIAN_POINT ( 'NONE',  ( -31.47472780755320443, 0.1999999999999987899, -2.765000000000000124 ) ) ;
#1813 = VERTEX_POINT ( 'NONE', #137 ) ;
#1814 = CARTESIAN_POINT ( 'NONE',  ( 22.35000000000000142, 5.400000000000000355, -8.849999999999997868 ) ) ;
#1815 = ORIENTED_EDGE ( 'NONE', *, *, #4143, .T. ) ;
#1816 = AXIS2_PLACEMENT_3D ( 'NONE', #6931, #8372, #5134 ) ;
#1817 = CARTESIAN_POINT ( 'NONE',  ( -31.22777815357900622, 3.000000000000000000, -8.849999999999997868 ) ) ;
#1818 = CARTESIAN_POINT ( 'NONE',  ( -35.06554871542299878, 0.000000000000000000, 8.549999999999998934 ) ) ;
#1819 = CARTESIAN_POINT ( 'NONE',  ( -31.45678631915142631, 0.2827931057192701325, -20.34067203111825251 ) ) ;
#1820 = DIRECTION ( 'NONE',  ( 0.000000000000000000, 0.000000000000000000, -1.000000000000000000 ) ) ;
#1821 = CARTESIAN_POINT ( 'NONE',  ( -39.55229126436578468, 0.1679080823531932110, 3.614999999999999769 ) ) ;
#1822 = DIRECTION ( 'NONE',  ( 0.000000000000000000, -2.891205793294682764E-16, 1.000000000000000000 ) ) ;
#1823 =( NAMED_UNIT ( * ) SI_UNIT ( $, .STERADIAN. ) SOLID_ANGLE_UNIT ( ) );
#1824 = ORIENTED_EDGE ( 'NONE', *, *, #196, .F. ) ;
#1825 = ORIENTED_EDGE ( 'NONE', *, *, #7386, .F. ) ;
#1826 = EDGE_CURVE ( 'NONE', #1425, #7896, #1717, .T. ) ;
#1827 = LINE ( 'NONE', #9810, #5249 ) ;
#1828 = VECTOR ( 'NONE', #2908, 1000.000000000000000 ) ;
#1829 = ORIENTED_EDGE ( 'NONE', *, *, #5427, .F. ) ;
#1830 = AXIS2_PLACEMENT_3D ( 'NONE', #3015, #2962, #9553 ) ;
#1831 = DIRECTION ( 'NONE',  ( 0.000000000000000000, 0.000000000000000000, -1.000000000000000000 ) ) ;
#1832 =( BOUNDED_CURVE ( )  B_SPLINE_CURVE ( 3, ( #1269, #1323, #6812, #5163 ),
 .UNSPECIFIED., .F., .F. ) 
 B_SPLINE_CURVE_WITH_KNOTS ( ( 4, 4 ),
 ( 1.570796326794896558, 3.141592653589792228 ),
 .UNSPECIFIED. ) 
 CURVE ( )  GEOMETRIC_REPRESENTATION_ITEM ( )  RATIONAL_B_SPLINE_CURVE ( ( 1.000000000000000000, 0.8047378541243652705, 0.8047378541243652705, 1.000000000000000000 ) ) 
 REPRESENTATION_ITEM ( '' )  );
#1833 = AXIS2_PLACEMENT_3D ( 'NONE', #9159, #5283, #8361 ) ;
#1834 = CARTESIAN_POINT ( 'NONE',  ( -52.45000000000000284, 7.109077595116156445, 3.116562148732941129 ) ) ;
#1835 = CARTESIAN_POINT ( 'NONE',  ( -52.43158278002104566, 7.190425164400033431, 3.452455002252607486 ) ) ;
#1836 = EDGE_CURVE ( 'NONE', #5489, #9962, #6594, .T. ) ;
#1837 = CIRCLE ( 'NONE', #9146, 0.2000000000000003719 ) ;
#1838 = VECTOR ( 'NONE', #6498, 1000.000000000000000 ) ;
#1839 = CARTESIAN_POINT ( 'NONE',  ( 8.980079849446665818, 0.2999999999999999889, -15.55395455526715409 ) ) ;
#1840 = ORIENTED_EDGE ( 'NONE', *, *, #904, .F. ) ;
#1841 = CARTESIAN_POINT ( 'NONE',  ( -52.33851084445228707, 8.185779421546723000, -4.211694383884690751 ) ) ;
#1842 = ORIENTED_EDGE ( 'NONE', *, *, #6161, .T. ) ;
#1843 = ORIENTED_EDGE ( 'NONE', *, *, #2177, .T. ) ;
#1844 = CIRCLE ( 'NONE', #7103, 1.300000000000000266 ) ;
#1845 = ADVANCED_FACE ( 'NONE', ( #4180 ), #5089, .T. ) ;
#1846 = CARTESIAN_POINT ( 'NONE',  ( -51.95000000000000995, 9.716960195022345204, -3.819531250000052669 ) ) ;
#1847 = ORIENTED_EDGE ( 'NONE', *, *, #1094, .T. ) ;
#1848 = ORIENTED_EDGE ( 'NONE', *, *, #7754, .T. ) ;
#1849 = DIRECTION ( 'NONE',  ( -1.000000000000000000, 0.000000000000000000, 0.000000000000000000 ) ) ;
#1850 = CARTESIAN_POINT ( 'NONE',  ( 31.68872575786367563, 0.2077789836488295183, -7.788811295319359118 ) ) ;
#1851 = VECTOR ( 'NONE', #3702, 1000.000000000000000 ) ;
#1852 = PLANE ( 'NONE',  #3887 ) ;
#1853 = AXIS2_PLACEMENT_3D ( 'NONE', #7322, #6408, #8750 ) ;
#1854 = DIRECTION ( 'NONE',  ( 0.000000000000000000, 0.000000000000000000, 1.000000000000000000 ) ) ;
#1855 = VERTEX_POINT ( 'NONE', #5888 ) ;
#1856 = ORIENTED_EDGE ( 'NONE', *, *, #5265, .T. ) ;
#1857 = CARTESIAN_POINT ( 'NONE',  ( 45.25000000000000711, 5.500000000000000000, 8.250000000000003553 ) ) ;
#1858 = AXIS2_PLACEMENT_3D ( 'NONE', #3900, #7310, #6338 ) ;
#1859 = DIRECTION ( 'NONE',  ( 1.000000000000000000, 0.000000000000000000, 0.000000000000000000 ) ) ;
#1860 = EDGE_CURVE ( 'NONE', #6613, #10085, #9069, .T. ) ;
#1861 = VECTOR ( 'NONE', #6476, 1000.000000000000000 ) ;
#1862 = PLANE ( 'NONE',  #4540 ) ;
#1863 = EDGE_CURVE ( 'NONE', #3564, #3859, #1675, .T. ) ;
#1864 = ORIENTED_EDGE ( 'NONE', *, *, #10298, .T. ) ;
#1865 = DIRECTION ( 'NONE',  ( -0.000000000000000000, -0.000000000000000000, 1.000000000000000000 ) ) ;
#1866 = DIRECTION ( 'NONE',  ( -0.8660254037844384856, 0.000000000000000000, 0.5000000000000002220 ) ) ;
#1867 = CARTESIAN_POINT ( 'NONE',  ( 35.29364652204419883, 0.2999999999999999889, -5.723830892551260874 ) ) ;
#1868 = VERTEX_POINT ( 'NONE', #7530 ) ;
#1869 = FACE_OUTER_BOUND ( 'NONE', #979, .T. ) ;
#1870 = EDGE_LOOP ( 'NONE', ( #9867, #3260, #3195, #7502, #9965, #3129, #3315, #7541, #3284, #2653, #6492, #8579, #9937, #3498, #6611, #9277, #3494, #8315, #7317, #5242 ) ) ;
#1871 = DIRECTION ( 'NONE',  ( 1.000000000000000000, -0.000000000000000000, 0.000000000000000000 ) ) ;
#1872 = ADVANCED_FACE ( 'NONE', ( #7420 ), #4241, .T. ) ;
#1873 = CARTESIAN_POINT ( 'NONE',  ( -35.06554871542299878, 0.2000000000000000944, 8.349999999999996092 ) ) ;
#1874 = DIRECTION ( 'NONE',  ( 0.000000000000000000, 0.000000000000000000, 1.000000000000000000 ) ) ;
#1875 = CARTESIAN_POINT ( 'NONE',  ( -52.36521917770384960, 7.596331622010035645, 3.968786056728780931 ) ) ;
#1876 = EDGE_CURVE ( 'NONE', #4124, #673, #1778, .T. ) ;
#1877 = CARTESIAN_POINT ( 'NONE',  ( 35.29364652204419173, 0.5000000000000000000, -5.723830892551259097 ) ) ;
#1878 = DIRECTION ( 'NONE',  ( 0.000000000000000000, 0.000000000000000000, 1.000000000000000000 ) ) ;
#1879 = EDGE_LOOP ( 'NONE', ( #2475, #253, #4136, #5157 ) ) ;
#1880 = ORIENTED_EDGE ( 'NONE', *, *, #108, .F. ) ;
#1881 = DIRECTION ( 'NONE',  ( -0.000000000000000000, -0.7208059210526044369, -0.6931369447486597224 ) ) ;
#1882 = EDGE_LOOP ( 'NONE', ( #9004, #9828, #8334, #763 ) ) ;
#1883 = LINE ( 'NONE', #2631, #2601 ) ;
#1884 = CARTESIAN_POINT ( 'NONE',  ( -34.52834772718359346, 0.000000000000000000, 8.549999999999998934 ) ) ;
#1885 = CARTESIAN_POINT ( 'NONE',  ( 31.69999999999997797, 0.5000000000000000000, -11.31869555732606791 ) ) ;
#1886 = CARTESIAN_POINT ( 'NONE',  ( -47.19749843554382096, 16.60000000000000142, -13.25000000000000178 ) ) ;
#1887 = VERTEX_POINT ( 'NONE', #9749 ) ;
#1888 = PLANE ( 'NONE',  #3351 ) ;
#1889 = ORIENTED_EDGE ( 'NONE', *, *, #8283, .T. ) ;
#1890 = VERTEX_POINT ( 'NONE', #982 ) ;
#1891 = CYLINDRICAL_SURFACE ( 'NONE', #145, 0.3000000000000003220 ) ;
#1892 = VERTEX_POINT ( 'NONE', #2629 ) ;
#1893 = FACE_OUTER_BOUND ( 'NONE', #6908, .T. ) ;
#1894 = LINE ( 'NONE', #2648, #7625 ) ;
#1895 = CARTESIAN_POINT ( 'NONE',  ( -52.45000000000001705, 7.102280827012616982, -3.001973684210527349 ) ) ;
#1896 = EDGE_CURVE ( 'NONE', #7967, #9923, #7899, .T. ) ;
#1897 = LINE ( 'NONE', #512, #5360 ) ;
#1898 = B_SPLINE_CURVE_WITH_KNOTS ( 'NONE', 3,
 ( #6441, #4221, #4962, #7465, #7240, #116, #1650, #8887, #10481, #3193 ),
 .UNSPECIFIED., .F., .F.,
 ( 4, 2, 2, 2, 4 ),
 ( 0.000000000000000000, 0.0003199684540615822890, 0.0006399369081231645780, 0.0009599053621847468670, 0.001279873816246329156 ),
 .UNSPECIFIED. ) ;
#1899 = DIRECTION ( 'NONE',  ( 0.000000000000000000, -0.000000000000000000, 1.000000000000000000 ) ) ;
#1900 = ORIENTED_EDGE ( 'NONE', *, *, #429, .T. ) ;
#1901 = EDGE_CURVE ( 'NONE', #1312, #2502, #8956, .T. ) ;
#1902 = EDGE_CURVE ( 'NONE', #416, #7390, #646, .T. ) ;
#1903 = ORIENTED_EDGE ( 'NONE', *, *, #7208, .F. ) ;
#1904 = CARTESIAN_POINT ( 'NONE',  ( -35.06554871542299878, 0.2000000000000000944, -8.849999999999997868 ) ) ;
#1905 = CARTESIAN_POINT ( 'NONE',  ( 7.094920150553281069, 0.2999999999999999889, 12.28876217640250346 ) ) ;
#1906 = EDGE_CURVE ( 'NONE', #4440, #3397, #1827, .T. ) ;
#1907 = DIRECTION ( 'NONE',  ( -0.000000000000000000, -1.000000000000000000, -0.000000000000000000 ) ) ;
#1908 = ORIENTED_EDGE ( 'NONE', *, *, #6293, .T. ) ;
#1909 = LINE ( 'NONE', #6020, #7230 ) ;
#1910 = EDGE_CURVE ( 'NONE', #7649, #8071, #8996, .T. ) ;
#1911 = LINE ( 'NONE', #3572, #10311 ) ;
#1912 = ORIENTED_EDGE ( 'NONE', *, *, #242, .F. ) ;
#1913 = FACE_OUTER_BOUND ( 'NONE', #2907, .T. ) ;
#1914 = VERTEX_POINT ( 'NONE', #6458 ) ;
#1915 = EDGE_CURVE ( 'NONE', #5322, #1313, #4727, .T. ) ;
#1916 = DIRECTION ( 'NONE',  ( 0.000000000000000000, -0.000000000000000000, -1.000000000000000000 ) ) ;
#1917 = EDGE_CURVE ( 'NONE', #5425, #5715, #8118, .T. ) ;
#1918 = CARTESIAN_POINT ( 'NONE',  ( -52.45000000000000995, 7.102280827012613429, 3.001973684210525573 ) ) ;
#1919 = CARTESIAN_POINT ( 'NONE',  ( 2.099999999999991207, 15.10000000000000142, -12.35000000000018971 ) ) ;
#1920 = CARTESIAN_POINT ( 'NONE',  ( 50.25000000000000000, 8.000000000000000000, -9.499999999999978684 ) ) ;
#1921 = TOROIDAL_SURFACE ( 'NONE', #3786, 9.300000000000013145, 0.2999999999999999889 ) ;
#1922 = FACE_OUTER_BOUND ( 'NONE', #889, .T. ) ;
#1923 = EDGE_CURVE ( 'NONE', #3467, #2885, #3876, .T. ) ;
#1924 = CARTESIAN_POINT ( 'NONE',  ( -34.52834772718359346, 0.000000000000000000, 8.549999999999998934 ) ) ;
#1925 = CARTESIAN_POINT ( 'NONE',  ( -30.14000000000000412, 0.5000000000000004441, -3.064999999999999947 ) ) ;
#1926 = VERTEX_POINT ( 'NONE', #1085 ) ;
#1927 = ORIENTED_EDGE ( 'NONE', *, *, #9310, .F. ) ;
#1928 = DIRECTION ( 'NONE',  ( 0.000000000000000000, 0.000000000000000000, 1.000000000000000000 ) ) ;
#1929 = EDGE_CURVE ( 'NONE', #643, #332, #7957, .T. ) ;
#1930 = ORIENTED_EDGE ( 'NONE', *, *, #826, .F. ) ;
#1931 = DIRECTION ( 'NONE',  ( -1.000000000000000000, 0.000000000000000000, 4.231032868236115418E-16 ) ) ;
#1932 = AXIS2_PLACEMENT_3D ( 'NONE', #320, #9197, #8310 ) ;
#1933 = LINE ( 'NONE', #9267, #7120 ) ;
#1934 = VECTOR ( 'NONE', #6318, 1000.000000000000000 ) ;
#1935 = CARTESIAN_POINT ( 'NONE',  ( -35.18270600294837891, 1.028366075111244352E-16, 8.432842712474617031 ) ) ;
#1936 = DIRECTION ( 'NONE',  ( 0.000000000000000000, 0.000000000000000000, 1.000000000000000000 ) ) ;
#1937 = CARTESIAN_POINT ( 'NONE',  ( 35.83788868748258949, 0.02221052063481758487, -4.494004637071012276 ) ) ;
#1938 = ORIENTED_EDGE ( 'NONE', *, *, #2099, .F. ) ;
#1939 = DIRECTION ( 'NONE',  ( 0.000000000000000000, 0.000000000000000000, 1.000000000000000000 ) ) ;
#1940 = VERTEX_POINT ( 'NONE', #4439 ) ;
#1941 = ORIENTED_EDGE ( 'NONE', *, *, #10215, .F. ) ;
#1942 = DIRECTION ( 'NONE',  ( -1.000000000000000000, 0.000000000000000000, 0.000000000000000000 ) ) ;
#1943 = ORIENTED_EDGE ( 'NONE', *, *, #8012, .F. ) ;
#1944 = FACE_OUTER_BOUND ( 'NONE', #2872, .T. ) ;
#1945 = CARTESIAN_POINT ( 'NONE',  ( -52.20488103182029960, 8.871554330847606806, 4.203493146152818660 ) ) ;
#1946 = DIRECTION ( 'NONE',  ( -4.625929269271485322E-15, -1.000000000000000000, 0.000000000000000000 ) ) ;
#1947 = VECTOR ( 'NONE', #6502, 1000.000000000000000 ) ;
#1948 = FACE_OUTER_BOUND ( 'NONE', #2628, .T. ) ;
#1949 = CARTESIAN_POINT ( 'NONE',  ( 30.20000000000002416, -0.0009999999999999158867, 3.098623679425835942 ) ) ;
#1950 = ORIENTED_EDGE ( 'NONE', *, *, #5780, .F. ) ;
#1951 = ORIENTED_EDGE ( 'NONE', *, *, #8231, .T. ) ;
#1952 = ORIENTED_EDGE ( 'NONE', *, *, #2007, .T. ) ;
#1953 = CARTESIAN_POINT ( 'NONE',  ( -39.63977263648107652, 0.2000000000000000111, 2.765000000000000124 ) ) ;
#1954 = FACE_OUTER_BOUND ( 'NONE', #2464, .T. ) ;
#1955 = EDGE_CURVE ( 'NONE', #10322, #4868, #2887, .T. ) ;
#1956 = CIRCLE ( 'NONE', #771, 1.000000000000000888 ) ;
#1957 = ADVANCED_FACE ( 'NONE', ( #3631 ), #7683, .T. ) ;
#1958 = EDGE_CURVE ( 'NONE', #2945, #4637, #2042, .T. ) ;
#1959 = CARTESIAN_POINT ( 'NONE',  ( -53.20000000000000995, 8.000000000000000000, -6.749999999999940492 ) ) ;
#1960 = ADVANCED_FACE ( 'NONE', ( #9216 ), #9369, .F. ) ;
#1961 = AXIS2_PLACEMENT_3D ( 'NONE', #9611, #9672, #8827 ) ;
#1962 = EDGE_LOOP ( 'NONE', ( #9511, #2190, #10336, #5679, #6904, #9292, #10169, #391 ) ) ;
#1963 = CARTESIAN_POINT ( 'NONE',  ( -15.77802059593024708, 13.30000000000000071, 5.742729852557563852 ) ) ;
#1964 = CARTESIAN_POINT ( 'NONE',  ( -31.44101788930268171, 2.721234519427555121, 8.349999999999997868 ) ) ;
#1965 = ORIENTED_EDGE ( 'NONE', *, *, #8021, .F. ) ;
#1966 = CARTESIAN_POINT ( 'NONE',  ( 3.099999999999991651, 15.10000000000000142, 13.45000000000019114 ) ) ;
#1967 = ORIENTED_EDGE ( 'NONE', *, *, #2491, .F. ) ;
#1968 =( GEOMETRIC_REPRESENTATION_CONTEXT ( 3 ) GLOBAL_UNCERTAINTY_ASSIGNED_CONTEXT ( ( #9750 ) ) GLOBAL_UNIT_ASSIGNED_CONTEXT ( ( #2626, #4975, #1823 ) ) REPRESENTATION_CONTEXT ( 'NONE', 'WORKASPACE' ) );
#1969 = DIRECTION ( 'NONE',  ( 1.000000000000000000, 0.000000000000000000, 0.000000000000000000 ) ) ;
#1970 = DIRECTION ( 'NONE',  ( 0.000000000000000000, 0.000000000000000000, 1.000000000000000000 ) ) ;
#1971 = DIRECTION ( 'NONE',  ( 1.000000000000000000, 0.000000000000000000, 1.561251128379125123E-14 ) ) ;
#1972 = CIRCLE ( 'NONE', #3164, 0.3706384263718887073 ) ;
#1973 = CARTESIAN_POINT ( 'NONE',  ( -34.32300333360996092, 0.1748349968067968163, -8.849999999999997868 ) ) ;
#1974 = AXIS2_PLACEMENT_3D ( 'NONE', #224, #2813, #3466 ) ;
#1975 = CARTESIAN_POINT ( 'NONE',  ( 0.5999999999999912070, 13.30000000000000071, -13.35000000000018971 ) ) ;
#1976 = CARTESIAN_POINT ( 'NONE',  ( -34.31252571724582623, 0.2000000000000111411, 2.765000000000000124 ) ) ;
#1977 = ORIENTED_EDGE ( 'NONE', *, *, #4502, .T. ) ;
#1978 = VERTEX_POINT ( 'NONE', #10170 ) ;
#1979 = FACE_OUTER_BOUND ( 'NONE', #2645, .T. ) ;
#1980 = ORIENTED_EDGE ( 'NONE', *, *, #3028, .T. ) ;
#1981 = CARTESIAN_POINT ( 'NONE',  ( -52.25000000000001421, 8.400000000000000355, -2.924999999999968736 ) ) ;
#1982 = EDGE_CURVE ( 'NONE', #7018, #4392, #2255, .T. ) ;
#1983 = VECTOR ( 'NONE', #1669, 999.9999999999998863 ) ;
#1984 = EDGE_CURVE ( 'NONE', #3397, #10263, #1078, .T. ) ;
#1985 = VECTOR ( 'NONE', #7457, 1000.000000000000000 ) ;
#1986 = ADVANCED_FACE ( 'NONE', ( #1979 ), #2831, .F. ) ;
#1987 = CARTESIAN_POINT ( 'NONE',  ( 8.380079849446691043, 0.5000000000000000000, -14.51472407072583692 ) ) ;
#1988 = CYLINDRICAL_SURFACE ( 'NONE', #4903, 4.450000000000009948 ) ;
#1989 = FACE_OUTER_BOUND ( 'NONE', #2202, .T. ) ;
#1990 = EDGE_CURVE ( 'NONE', #3654, #6146, #6091, .T. ) ;
#1991 = DIRECTION ( 'NONE',  ( 0.000000000000000000, 0.000000000000000000, 1.000000000000000000 ) ) ;
#1992 = ORIENTED_EDGE ( 'NONE', *, *, #10193, .T. ) ;
#1993 = AXIS2_PLACEMENT_3D ( 'NONE', #7401, #6, #6440 ) ;
#1994 = DIRECTION ( 'NONE',  ( 0.000000000000000000, 0.000000000000000000, 1.000000000000000000 ) ) ;
#1995 = VECTOR ( 'NONE', #3282, 1000.000000000000000 ) ;
#1996 = DIRECTION ( 'NONE',  ( -0.000000000000000000, -1.000000000000000000, -0.000000000000000000 ) ) ;
#1997 = VERTEX_POINT ( 'NONE', #8526 ) ;
#1998 = EDGE_LOOP ( 'NONE', ( #2362, #7180, #1538, #2065 ) ) ;
#1999 = CARTESIAN_POINT ( 'NONE',  ( 0.000000000000000000, 11.00000000000000178, -14.75000000000000355 ) ) ;
#2000 = UNCERTAINTY_MEASURE_WITH_UNIT (LENGTH_MEASURE( 1.000000000000000082E-05 ), #7824, 'distance_accuracy_value', 'NONE');
#2001 = ORIENTED_EDGE ( 'NONE', *, *, #6424, .F. ) ;
#2002 = CIRCLE ( 'NONE', #3700, 2.750000000000000888 ) ;
#2003 = AXIS2_PLACEMENT_3D ( 'NONE', #3261, #8903, #6508 ) ;
#2004 = DIRECTION ( 'NONE',  ( 1.000000000000000000, 0.000000000000000000, 0.000000000000000000 ) ) ;
#2005 = VECTOR ( 'NONE', #6243, 1000.000000000000000 ) ;
#2006 = PLANE ( 'NONE',  #7292 ) ;
#2007 = EDGE_CURVE ( 'NONE', #6820, #8628, #559, .T. ) ;
#2008 = CIRCLE ( 'NONE', #7956, 5.499999999999985789 ) ;
#2009 = DIRECTION ( 'NONE',  ( 0.000000000000000000, 0.000000000000000000, 1.000000000000000000 ) ) ;
#2010 = ORIENTED_EDGE ( 'NONE', *, *, #1440, .F. ) ;
#2011 = EDGE_CURVE ( 'NONE', #2252, #2989, #5138, .T. ) ;
#2012 = ORIENTED_EDGE ( 'NONE', *, *, #2167, .T. ) ;
#2013 = AXIS2_PLACEMENT_3D ( 'NONE', #6935, #8377, #8480 ) ;
#2014 = ORIENTED_EDGE ( 'NONE', *, *, #7725, .F. ) ;
#2015 = CIRCLE ( 'NONE', #3369, 9.000000000000012434 ) ;
#2016 = CARTESIAN_POINT ( 'NONE',  ( 23.22491561756133294, -6.956963940115108441E-16, -7.407147389567068529 ) ) ;
#2017 = CARTESIAN_POINT ( 'NONE',  ( -34.52834772718359346, 0.000000000000000000, 3.415000000000000036 ) ) ;
#2018 = VECTOR ( 'NONE', #1607, 1000.000000000000000 ) ;
#2019 = VECTOR ( 'NONE', #6115, 1000.000000000000000 ) ;
#2020 = FACE_OUTER_BOUND ( 'NONE', #3470, .T. ) ;
#2021 = EDGE_LOOP ( 'NONE', ( #632, #7333, #7028, #576 ) ) ;
#2022 = VECTOR ( 'NONE', #4185, 1000.000000000000000 ) ;
#2023 = FACE_OUTER_BOUND ( 'NONE', #8783, .T. ) ;
#2024 = CIRCLE ( 'NONE', #8972, 0.1999999999999987899 ) ;
#2025 = FACE_OUTER_BOUND ( 'NONE', #3085, .T. ) ;
#2026 = ORIENTED_EDGE ( 'NONE', *, *, #6191, .F. ) ;
#2027 = CARTESIAN_POINT ( 'NONE',  ( -15.77802059593024708, 13.30000000000000071, 5.742729852557563852 ) ) ;
#2028 = ORIENTED_EDGE ( 'NONE', *, *, #9662, .T. ) ;
#2029 = CIRCLE ( 'NONE', #3728, 0.1999999999999987899 ) ;
#2030 = CARTESIAN_POINT ( 'NONE',  ( -31.51661123066064363, 3.000000000000000000, 2.765000000000000124 ) ) ;
#2031 = LINE ( 'NONE', #7626, #8138 ) ;
#2032 = ADVANCED_FACE ( 'NONE', ( #10064 ), #1289, .F. ) ;
#2033 = DIRECTION ( 'NONE',  ( -1.561251128379125123E-14, 0.000000000000000000, 1.000000000000000000 ) ) ;
#2034 = CARTESIAN_POINT ( 'NONE',  ( 30.95000000000000284, 0.2999999999999999889, -2.350000000000003197 ) ) ;
#2035 = B_SPLINE_CURVE_WITH_KNOTS ( 'NONE', 3,
 ( #1976, #2680, #6776, #10013 ),
 .UNSPECIFIED., .F., .F.,
 ( 4, 4 ),
 ( 1.084202172485504434E-19, 8.053029081881113395E-05 ),
 .UNSPECIFIED. ) ;
#2036 = CARTESIAN_POINT ( 'NONE',  ( -39.76146882909598901, 0.1999999999999996503, -20.34067203111825251 ) ) ;
#2037 = DIRECTION ( 'NONE',  ( 0.000000000000000000, -1.000000000000000000, 0.000000000000000000 ) ) ;
#2038 = EDGE_LOOP ( 'NONE', ( #4845, #3262, #3878, #8296, #7432, #1237 ) ) ;
#2039 = EDGE_LOOP ( 'NONE', ( #6251, #8058, #8992, #8042 ) ) ;
#2040 = AXIS2_PLACEMENT_3D ( 'NONE', #4200, #1796, #1946 ) ;
#2041 = EDGE_CURVE ( 'NONE', #7419, #2312, #10018, .T. ) ;
#2042 = LINE ( 'NONE', #4390, #7369 ) ;
#2043 = VERTEX_POINT ( 'NONE', #5941 ) ;
#2044 = DIRECTION ( 'NONE',  ( 0.000000000000000000, 0.000000000000000000, -1.000000000000000000 ) ) ;
#2045 = EDGE_CURVE ( 'NONE', #6121, #4353, #6177, .T. ) ;
#2046 = DIRECTION ( 'NONE',  ( 0.000000000000000000, 0.000000000000000000, 1.000000000000000000 ) ) ;
#2047 = DIRECTION ( 'NONE',  ( 1.000000000000000000, 0.000000000000000000, 0.000000000000000000 ) ) ;
#2048 = CARTESIAN_POINT ( 'NONE',  ( 22.80788180854702318, 0.2999999999999999889, 1.484828725824713480 ) ) ;
#2049 = FACE_OUTER_BOUND ( 'NONE', #7552, .T. ) ;
#2050 = ORIENTED_EDGE ( 'NONE', *, *, #2617, .F. ) ;
#2051 = DIRECTION ( 'NONE',  ( 2.891205793294712543E-15, 0.000000000000000000, 1.000000000000000000 ) ) ;
#2052 = FACE_OUTER_BOUND ( 'NONE', #5072, .T. ) ;
#2053 = ORIENTED_EDGE ( 'NONE', *, *, #1394, .F. ) ;
#2054 = ORIENTED_EDGE ( 'NONE', *, *, #9150, .T. ) ;
#2055 = ADVANCED_FACE ( 'NONE', ( #5988 ), #1921, .T. ) ;
#2056 = DIRECTION ( 'NONE',  ( -1.000000000000000000, 0.000000000000000000, 0.000000000000000000 ) ) ;
#2057 = ORIENTED_EDGE ( 'NONE', *, *, #6448, .F. ) ;
#2058 = FACE_OUTER_BOUND ( 'NONE', #6736, .T. ) ;
#2059 = CARTESIAN_POINT ( 'NONE',  ( -31.11939691791956974, 0.5000000000000004441, 8.349999999999997868 ) ) ;
#2060 = CARTESIAN_POINT ( 'NONE',  ( -30.30484636607248561, -1.468623938954177977, 8.349999999999997868 ) ) ;
#2061 = ORIENTED_EDGE ( 'NONE', *, *, #7428, .F. ) ;
#2062 = ORIENTED_EDGE ( 'NONE', *, *, #10275, .T. ) ;
#2063 = ORIENTED_EDGE ( 'NONE', *, *, #2099, .T. ) ;
#2064 = CARTESIAN_POINT ( 'NONE',  ( 0.5999999999999912070, 13.30000000000000071, 13.55000000000000071 ) ) ;
#2065 = ORIENTED_EDGE ( 'NONE', *, *, #4235, .T. ) ;
#2066 = CARTESIAN_POINT ( 'NONE',  ( 31.70000000000002061, 0.2999999999999999889, 3.098623679425835942 ) ) ;
#2067 = DIRECTION ( 'NONE',  ( -0.000000000000000000, -0.000000000000000000, -1.000000000000000000 ) ) ;
#2068 = EDGE_CURVE ( 'NONE', #897, #6287, #1577, .T. ) ;
#2069 = EDGE_CURVE ( 'NONE', #2684, #2541, #10094, .T. ) ;
#2070 = LINE ( 'NONE', #5326, #798 ) ;
#2071 = ORIENTED_EDGE ( 'NONE', *, *, #4932, .T. ) ;
#2072 = PLANE ( 'NONE',  #6057 ) ;
#2073 = DIRECTION ( 'NONE',  ( 0.000000000000000000, 0.000000000000000000, -1.000000000000000000 ) ) ;
#2074 = VERTEX_POINT ( 'NONE', #536 ) ;
#2075 = CARTESIAN_POINT ( 'NONE',  ( -52.21641199541443257, 7.337481789739553228, -3.846616994046209825 ) ) ;
#2076 = ORIENTED_EDGE ( 'NONE', *, *, #589, .T. ) ;
#2077 = DIRECTION ( 'NONE',  ( -0.000000000000000000, -0.000000000000000000, 1.000000000000000000 ) ) ;
#2078 = CARTESIAN_POINT ( 'NONE',  ( 0.000000000000000000, 0.1999999999999996503, -9.049999999999998934 ) ) ;
#2079 = FACE_OUTER_BOUND ( 'NONE', #6992, .T. ) ;
#2080 =( NAMED_UNIT ( * ) SI_UNIT ( $, .STERADIAN. ) SOLID_ANGLE_UNIT ( ) );
#2081 = CARTESIAN_POINT ( 'NONE',  ( -52.27563198490998531, 9.491884724233109694, -3.630658523920786696 ) ) ;
#2082 = LINE ( 'NONE', #4631, #5734 ) ;
#2083 = DIRECTION ( 'NONE',  ( 1.000000000000000000, -0.000000000000000000, 0.000000000000000000 ) ) ;
#2084 = ORIENTED_EDGE ( 'NONE', *, *, #5649, .F. ) ;
#2085 = AXIS2_PLACEMENT_3D ( 'NONE', #6390, #5455, #10267 ) ;
#2086 = ORIENTED_EDGE ( 'NONE', *, *, #9434, .T. ) ;
#2087 = DIRECTION ( 'NONE',  ( 0.000000000000000000, -0.000000000000000000, 1.000000000000000000 ) ) ;
#2088 = ORIENTED_EDGE ( 'NONE', *, *, #4595, .F. ) ;
#2089 = CARTESIAN_POINT ( 'NONE',  ( -39.63977263648107652, 0.1999999999999987899, -2.765000000000000124 ) ) ;
#2090 = EDGE_CURVE ( 'NONE', #5544, #4151, #5496, .T. ) ;
#2091 = PLANE ( 'NONE',  #2866 ) ;
#2092 = AXIS2_PLACEMENT_3D ( 'NONE', #4747, #9626, #5606 ) ;
#2093 = CARTESIAN_POINT ( 'NONE',  ( -52.25000000000002132, 9.875312345479724030, 3.137801170208927015 ) ) ;
#2094 = EDGE_CURVE ( 'NONE', #6838, #10482, #7868, .T. ) ;
#2095 = ADVANCED_FACE ( 'NONE', ( #1386 ), #10375, .T. ) ;
#2096 = B_SPLINE_CURVE_WITH_KNOTS ( 'NONE', 3,
 ( #2619, #68, #3308, #6717 ),
 .UNSPECIFIED., .F., .F.,
 ( 4, 4 ),
 ( 0.000000000000000000, 8.053029081880106442E-05 ),
 .UNSPECIFIED. ) ;
#2097 = LINE ( 'NONE', #4492, #2005 ) ;
#2098 = CARTESIAN_POINT ( 'NONE',  ( 35.28101804361232752, 0.1300423822510673733, -5.659915084219579562 ) ) ;
#2099 = EDGE_CURVE ( 'NONE', #2792, #5713, #4477, .T. ) ;
#2100 = CARTESIAN_POINT ( 'NONE',  ( 47.49999999999999289, 3.000000000000000000, -9.499999999999998224 ) ) ;
#2101 = CARTESIAN_POINT ( 'NONE',  ( -52.22340835089975997, 9.594609242404862570, 3.692296232791095534 ) ) ;
#2102 = ORIENTED_EDGE ( 'NONE', *, *, #6403, .T. ) ;
#2103 = ORIENTED_EDGE ( 'NONE', *, *, #5678, .F. ) ;
#2104 = CARTESIAN_POINT ( 'NONE',  ( 39.08172798364529399, 0.5000000000000000000, 6.781727983645294167 ) ) ;
#2105 = PRODUCT_DEFINITION_CONTEXT ( 'detailed design', #9087, 'design' ) ;
#2106 = VERTEX_POINT ( 'NONE', #5453 ) ;
#2107 = AXIS2_PLACEMENT_3D ( 'NONE', #9257, #3579, #6084 ) ;
#2108 = CARTESIAN_POINT ( 'NONE',  ( -20.00000000000001066, 15.10000000000000142, -13.25000000000000178 ) ) ;
#2109 = DIRECTION ( 'NONE',  ( -0.000000000000000000, 0.000000000000000000, 1.000000000000000000 ) ) ;
#2110 = DIRECTION ( 'NONE',  ( 0.000000000000000000, 0.000000000000000000, -1.000000000000000000 ) ) ;
#2111 = CIRCLE ( 'NONE', #4331, 4.341174913715429184 ) ;
#2112 = PLANE ( 'NONE',  #7077 ) ;
#2113 = ORIENTED_EDGE ( 'NONE', *, *, #8673, .T. ) ;
#2114 = ORIENTED_EDGE ( 'NONE', *, *, #6997, .T. ) ;
#2115 = DIRECTION ( 'NONE',  ( -8.673617379884087537E-15, 0.000000000000000000, -1.000000000000000000 ) ) ;
#2116 = ORIENTED_EDGE ( 'NONE', *, *, #8748, .T. ) ;
#2117 = CARTESIAN_POINT ( 'NONE',  ( 31.46707591882804422, -3.811648262644349985E-18, 6.868693016353912384 ) ) ;
#2118 = CARTESIAN_POINT ( 'NONE',  ( -47.50000000000000711, 15.10000000000000142, -9.500000000000001776 ) ) ;
#2119 = B_SPLINE_CURVE_WITH_KNOTS ( 'NONE', 3,
 ( #7587, #2534, #3388, #198, #8285, #4983, #5142, #2634, #3590, #6632, #5893, #2689, #8382, #8230 ),
 .UNSPECIFIED., .F., .F.,
 ( 4, 2, 2, 2, 2, 2, 4 ),
 ( 0.000000000000000000, 0.0007308796340597644705, 0.001096319451089647953, 0.001461759268119531543, 0.001827199085149414917, 0.002192638902179298507, 0.002923518536239066989 ),
 .UNSPECIFIED. ) ;
#2120 = EDGE_CURVE ( 'NONE', #7145, #5239, #1436, .T. ) ;
#2121 = AXIS2_PLACEMENT_3D ( 'NONE', #2652, #9886, #3283 ) ;
#2122 = EDGE_CURVE ( 'NONE', #1398, #9003, #4630, .T. ) ;
#2123 = EDGE_CURVE ( 'NONE', #2755, #837, #585, .T. ) ;
#2124 = CARTESIAN_POINT ( 'NONE',  ( -29.84000000000000696, -5.002961977226933143, -8.849999999999997868 ) ) ;
#2125 = ORIENTED_EDGE ( 'NONE', *, *, #1955, .T. ) ;
#2126 = CARTESIAN_POINT ( 'NONE',  ( -31.47472780755320443, 0.2000000000000000111, 8.349999999999997868 ) ) ;
#2127 =( BOUNDED_CURVE ( )  B_SPLINE_CURVE ( 3, ( #10262, #7992, #2976, #8729 ),
 .UNSPECIFIED., .F., .F. ) 
 B_SPLINE_CURVE_WITH_KNOTS ( ( 4, 4 ),
 ( 3.141592653589793116, 4.712388980384690562 ),
 .UNSPECIFIED. ) 
 CURVE ( )  GEOMETRIC_REPRESENTATION_ITEM ( )  RATIONAL_B_SPLINE_CURVE ( ( 1.000000000000000000, 0.8047378541243648264, 0.8047378541243648264, 1.000000000000000000 ) ) 
 REPRESENTATION_ITEM ( '' )  );
#2128 = AXIS2_PLACEMENT_3D ( 'NONE', #4873, #3219, #9919 ) ;
#2129 = CARTESIAN_POINT ( 'NONE',  ( -51.22917112000553885, 15.10000000000000142, 9.894693245086287448 ) ) ;
#2130 = ORIENTED_EDGE ( 'NONE', *, *, #2007, .F. ) ;
#2131 = CARTESIAN_POINT ( 'NONE',  ( -51.96383377495563138, 7.465620762015313439, -4.122169272842949539 ) ) ;
#2132 = EDGE_LOOP ( 'NONE', ( #1941, #5273, #7604, #5955, #9729, #5696, #6562, #6794, #6959, #6780, #4471, #5281, #1912, #3766, #7278, #480 ) ) ;
#2133 = DIRECTION ( 'NONE',  ( 0.8660254037844393737, 0.000000000000000000, 0.4999999999999986677 ) ) ;
#2134 = CARTESIAN_POINT ( 'NONE',  ( 30.20000000000002416, 0.5000000000000000000, 0.000000000000000000 ) ) ;
#2135 = CARTESIAN_POINT ( 'NONE',  ( -52.20456437409607986, 8.623970877145341163, -4.262457020310538525 ) ) ;
#2136 = CARTESIAN_POINT ( 'NONE',  ( -8.947521086617219380E-16, 8.000000000000000000, 12.25000000000000355 ) ) ;
#2137 = CARTESIAN_POINT ( 'NONE',  ( -2.000000000000011990, 15.10000000000000142, -14.75000000000000355 ) ) ;
#2138 = ORIENTED_EDGE ( 'NONE', *, *, #5107, .F. ) ;
#2139 = VERTEX_POINT ( 'NONE', #2290 ) ;
#2140 = DIRECTION ( 'NONE',  ( 0.000000000000000000, 0.000000000000000000, -1.000000000000000000 ) ) ;
#2141 = ORIENTED_EDGE ( 'NONE', *, *, #2441, .T. ) ;
#2142 = CARTESIAN_POINT ( 'NONE',  ( 1.036764281119435083, 15.10000000000000142, -14.75000000000000178 ) ) ;
#2143 = DIRECTION ( 'NONE',  ( 1.000000000000000000, 0.000000000000000000, 0.000000000000000000 ) ) ;
#2144 = CARTESIAN_POINT ( 'NONE',  ( -3.469693845669917120, 13.30000000000000071, 13.55000000000019611 ) ) ;
#2145 = MECHANICAL_DESIGN_GEOMETRIC_PRESENTATION_REPRESENTATION (  '', ( #9781 ), #1968 ) ;
#2146 = CARTESIAN_POINT ( 'NONE',  ( -31.27472780755320869, 0.000000000000000000, -8.849999999999997868 ) ) ;
#2147 = DIRECTION ( 'NONE',  ( -5.337610695313248229E-15, 0.000000000000000000, 1.000000000000000000 ) ) ;
#2148 = PLANE ( 'NONE',  #6074 ) ;
#2149 = CARTESIAN_POINT ( 'NONE',  ( 20.65000000000000213, 0.5000000000000004441, 0.000000000000000000 ) ) ;
#2150 = EDGE_LOOP ( 'NONE', ( #940, #2212, #9, #1724, #8593, #1952, #7638, #3394 ) ) ;
#2151 = ORIENTED_EDGE ( 'NONE', *, *, #6998, .T. ) ;
#2152 = CARTESIAN_POINT ( 'NONE',  ( 0.000000000000000000, 11.00000000000000178, 12.25000000000000711 ) ) ;
#2153 = ORIENTED_EDGE ( 'NONE', *, *, #164, .F. ) ;
#2154 = VECTOR ( 'NONE', #9030, 1000.000000000000000 ) ;
#2155 = DIRECTION ( 'NONE',  ( -0.000000000000000000, 1.000000000000000000, -0.000000000000000000 ) ) ;
#2156 = DIRECTION ( 'NONE',  ( 0.000000000000000000, 0.000000000000000000, 1.000000000000000000 ) ) ;
#2157 = CIRCLE ( 'NONE', #5220, 0.2999999999999999334 ) ;
#2158 = CARTESIAN_POINT ( 'NONE',  ( -8.958845726811304644, 13.30000000000000071, 13.55000000000019078 ) ) ;
#2159 = EDGE_CURVE ( 'NONE', #3215, #7364, #10324, .T. ) ;
#2160 = EDGE_LOOP ( 'NONE', ( #4290, #9131, #943, #1764 ) ) ;
#2161 = CARTESIAN_POINT ( 'NONE',  ( -52.39339168156018900, 7.374426906261694725, -3.731065991842181795 ) ) ;
#2162 = ORIENTED_EDGE ( 'NONE', *, *, #6219, .F. ) ;
#2163 = ORIENTED_EDGE ( 'NONE', *, *, #7785, .F. ) ;
#2164 = LINE ( 'NONE', #2611, #5919 ) ;
#2165 = ORIENTED_EDGE ( 'NONE', *, *, #3622, .T. ) ;
#2166 = LINE ( 'NONE', #2066, #6252 ) ;
#2167 = EDGE_CURVE ( 'NONE', #8851, #4336, #9522, .T. ) ;
#2168 = CARTESIAN_POINT ( 'NONE',  ( -31.11939691791956974, 0.1293615736281126527, -2.765000000000000124 ) ) ;
#2169 = VECTOR ( 'NONE', #4106, 1000.000000000000000 ) ;
#2170 = VECTOR ( 'NONE', #4202, 1000.000000000000000 ) ;
#2171 = CARTESIAN_POINT ( 'NONE',  ( -47.19749843554385649, 15.10000000000000142, 13.25000000000000178 ) ) ;
#2172 = AXIS2_PLACEMENT_3D ( 'NONE', #2253, #8801, #4760 ) ;
#2173 = ORIENTED_EDGE ( 'NONE', *, *, #6699, .T. ) ;
#2174 = CIRCLE ( 'NONE', #5736, 1.499999999999997780 ) ;
#2175 = CARTESIAN_POINT ( 'NONE',  ( 26.61898195638764975, 0.1300423822510694827, -5.659915084219545811 ) ) ;
#2176 = DIRECTION ( 'NONE',  ( -0.000000000000000000, 1.000000000000000000, -0.000000000000000000 ) ) ;
#2177 = EDGE_CURVE ( 'NONE', #1697, #3563, #7934, .T. ) ;
#2178 = CARTESIAN_POINT ( 'NONE',  ( -51.95000000000000995, 9.716960195022355862, -3.819531250000042011 ) ) ;
#2179 = ORIENTED_EDGE ( 'NONE', *, *, #1773, .T. ) ;
#2180 = EDGE_CURVE ( 'NONE', #2259, #6820, #3135, .T. ) ;
#2181 = VECTOR ( 'NONE', #3950, 1000.000000000000000 ) ;
#2182 = DIRECTION ( 'NONE',  ( -1.000000000000000000, 0.000000000000000000, 0.000000000000000000 ) ) ;
#2183 = AXIS2_PLACEMENT_3D ( 'NONE', #2752, #10080, #6693 ) ;
#2184 = DIRECTION ( 'NONE',  ( 1.000000000000000000, 0.000000000000000000, 0.000000000000000000 ) ) ;
#2185 = DIRECTION ( 'NONE',  ( -1.176083712526649195E-16, 0.000000000000000000, -1.000000000000000000 ) ) ;
#2186 = CARTESIAN_POINT ( 'NONE',  ( 20.65000000000000213, 5.400000000000000355, -8.849999999999997868 ) ) ;
#2187 = EDGE_LOOP ( 'NONE', ( #5655, #8938, #7729, #2488, #7367, #638, #4946, #3456 ) ) ;
#2188 = ORIENTED_EDGE ( 'NONE', *, *, #4470, .F. ) ;
#2189 = DIRECTION ( 'NONE',  ( -0.000000000000000000, 1.000000000000000000, -0.000000000000000000 ) ) ;
#2190 = ORIENTED_EDGE ( 'NONE', *, *, #9662, .F. ) ;
#2191 = DIRECTION ( 'NONE',  ( 0.000000000000000000, 0.000000000000000000, -1.000000000000000000 ) ) ;
#2192 = VECTOR ( 'NONE', #878, 1000.000000000000000 ) ;
#2193 = EDGE_CURVE ( 'NONE', #5049, #1544, #6388, .T. ) ;
#2194 = CARTESIAN_POINT ( 'NONE',  ( -34.34233853611036835, 0.1265113557324328841, -8.863990808926775600 ) ) ;
#2195 = EDGE_CURVE ( 'NONE', #10028, #5239, #8216, .T. ) ;
#2196 = DIRECTION ( 'NONE',  ( -0.000000000000000000, 1.000000000000000000, -0.000000000000000000 ) ) ;
#2197 = CARTESIAN_POINT ( 'NONE',  ( -2.000000000000008882, 13.30000000000000071, -13.35000000000018971 ) ) ;
#2198 = AXIS2_PLACEMENT_3D ( 'NONE', #7518, #6715, #5719 ) ;
#2199 = FACE_OUTER_BOUND ( 'NONE', #8357, .T. ) ;
#2200 = CARTESIAN_POINT ( 'NONE',  ( 0.000000000000000000, 0.5000000000000004441, 0.000000000000000000 ) ) ;
#2201 = DIRECTION ( 'NONE',  ( 0.000000000000000000, 0.000000000000000000, 1.000000000000000000 ) ) ;
#2202 = EDGE_LOOP ( 'NONE', ( #6402, #8451, #10367, #9707 ) ) ;
#2203 = VERTEX_POINT ( 'NONE', #1547 ) ;
#2204 = CARTESIAN_POINT ( 'NONE',  ( -52.28382328137055168, 9.619787542371877720, -3.432738694139694235 ) ) ;
#2205 = VERTEX_POINT ( 'NONE', #4592 ) ;
#2206 = LINE ( 'NONE', #6159, #1851 ) ;
#2207 = CARTESIAN_POINT ( 'NONE',  ( 0.5999999999999912070, 13.30000000000000071, -13.35000000000018971 ) ) ;
#2208 = FACE_OUTER_BOUND ( 'NONE', #9564, .T. ) ;
#2209 = ORIENTED_EDGE ( 'NONE', *, *, #892, .T. ) ;
#2210 = CARTESIAN_POINT ( 'NONE',  ( -52.40568058483292901, 7.148330670390516062, -3.751634072195762393 ) ) ;
#2211 = EDGE_LOOP ( 'NONE', ( #2580, #4182, #1848, #1277 ) ) ;
#2212 = ORIENTED_EDGE ( 'NONE', *, *, #7699, .T. ) ;
#2213 = CARTESIAN_POINT ( 'NONE',  ( -31.44101788930268171, 2.721234519427555121, -20.34067203111825251 ) ) ;
#2214 = ORIENTED_EDGE ( 'NONE', *, *, #795, .F. ) ;
#2215 = CARTESIAN_POINT ( 'NONE',  ( 3.099999999999990763, 15.10000000000000142, 13.35000000000019149 ) ) ;
#2216 = DIRECTION ( 'NONE',  ( 0.000000000000000000, 0.000000000000000000, 1.000000000000000000 ) ) ;
#2217 = B_SPLINE_CURVE_WITH_KNOTS ( 'NONE', 3,
 ( #4515, #7712, #324, #373, #1175, #10044, #3762, #5280 ),
 .UNSPECIFIED., .F., .F.,
 ( 4, 2, 2, 4 ),
 ( -3.466145320679069506E-06, 0.0002882777914485998316, 0.0004341497598332376092, 0.0005800217282178754411 ),
 .UNSPECIFIED. ) ;
#2218 = EDGE_CURVE ( 'NONE', #1332, #9116, #9418, .T. ) ;
#2219 = LINE ( 'NONE', #3067, #8461 ) ;
#2220 = EDGE_CURVE ( 'NONE', #4440, #3490, #3736, .T. ) ;
#2221 = EDGE_CURVE ( 'NONE', #8089, #8674, #2930, .T. ) ;
#2222 = CARTESIAN_POINT ( 'NONE',  ( -34.00000000000000711, 6.500000000000000888, 12.25000000000000178 ) ) ;
#2223 = EDGE_LOOP ( 'NONE', ( #8398, #10191, #1967, #10228 ) ) ;
#2224 = LINE ( 'NONE', #8714, #7747 ) ;
#2225 = CARTESIAN_POINT ( 'NONE',  ( 50.99857113690718080, 9.000000000000001776, 12.25000000000000711 ) ) ;
#2226 = CARTESIAN_POINT ( 'NONE',  ( -52.23028309663556712, 7.216839901680636160, -3.680390056226395146 ) ) ;
#2227 = EDGE_CURVE ( 'NONE', #4797, #3825, #7831, .T. ) ;
#2228 = ORIENTED_EDGE ( 'NONE', *, *, #1003, .F. ) ;
#2229 = EDGE_CURVE ( 'NONE', #5819, #8701, #6660, .T. ) ;
#2230 = ORIENTED_EDGE ( 'NONE', *, *, #1404, .T. ) ;
#2231 = CARTESIAN_POINT ( 'NONE',  ( -52.34850307846874529, 8.922317727665376452, -4.120210123730118745 ) ) ;
#2232 = CARTESIAN_POINT ( 'NONE',  ( -30.83999999999999986, 0.5000000000000004441, 8.349999999999997868 ) ) ;
#2233 = CARTESIAN_POINT ( 'NONE',  ( 0.000000000000000000, 0.5000000000000000000, 0.000000000000000000 ) ) ;
#2234 = VERTEX_POINT ( 'NONE', #5827 ) ;
#2235 = ORIENTED_EDGE ( 'NONE', *, *, #7405, .F. ) ;
#2236 = CARTESIAN_POINT ( 'NONE',  ( -39.58434658500975445, 0.1071145293931473896, 8.372877755913762599 ) ) ;
#2237 = VERTEX_POINT ( 'NONE', #9106 ) ;
#2238 = CARTESIAN_POINT ( 'NONE',  ( 22.80788180854698410, 0.5000000000000000000, -6.184828725824681683 ) ) ;
#2239 = ADVANCED_FACE ( 'NONE', ( #9793 ), #8889, .T. ) ;
#2240 = FACE_OUTER_BOUND ( 'NONE', #4252, .T. ) ;
#2241 = EDGE_CURVE ( 'NONE', #1997, #6172, #9899, .T. ) ;
#2242 = DIRECTION ( 'NONE',  ( -0.000000000000000000, -1.000000000000000000, -0.000000000000000000 ) ) ;
#2243 = EDGE_CURVE ( 'NONE', #5886, #5853, #9737, .T. ) ;
#2244 = DIRECTION ( 'NONE',  ( 0.000000000000000000, 0.000000000000000000, 1.000000000000000000 ) ) ;
#2245 = VECTOR ( 'NONE', #5373, 1000.000000000000000 ) ;
#2246 = LINE ( 'NONE', #2939, #3307 ) ;
#2247 = EDGE_CURVE ( 'NONE', #8813, #6531, #915, .T. ) ;
#2248 = EDGE_CURVE ( 'NONE', #8362, #2252, #1600, .T. ) ;
#2249 = DIRECTION ( 'NONE',  ( -0.000000000000000000, 1.000000000000000000, -0.000000000000000000 ) ) ;
#2250 = DIRECTION ( 'NONE',  ( -0.000000000000000000, 1.000000000000000000, -0.000000000000000000 ) ) ;
#2251 = ORIENTED_EDGE ( 'NONE', *, *, #1585, .F. ) ;
#2252 = VERTEX_POINT ( 'NONE', #5875 ) ;
#2253 = CARTESIAN_POINT ( 'NONE',  ( 50.24999999999999289, 9.849999999999999645, 2.499999999999999556 ) ) ;
#2254 = ORIENTED_EDGE ( 'NONE', *, *, #6675, .T. ) ;
#2255 = CIRCLE ( 'NONE', #4814, 2.750000000000000888 ) ;
#2256 = DIRECTION ( 'NONE',  ( -1.000000000000000000, -1.506492794866855939E-14, 0.000000000000000000 ) ) ;
#2257 = DIRECTION ( 'NONE',  ( 0.000000000000000000, -0.9982455176826040555, -0.05921052631576485120 ) ) ;
#2258 = CARTESIAN_POINT ( 'NONE',  ( 0.000000000000000000, 16.60000000000000142, -13.25000000000000178 ) ) ;
#2259 = VERTEX_POINT ( 'NONE', #5714 ) ;
#2260 = CARTESIAN_POINT ( 'NONE',  ( -31.22777815357900622, 3.000000000000000000, -20.34067203111825251 ) ) ;
#2261 = VERTEX_POINT ( 'NONE', #862 ) ;
#2262 = VECTOR ( 'NONE', #5477, 1000.000000000000000 ) ;
#2263 = ORIENTED_EDGE ( 'NONE', *, *, #3528, .F. ) ;
#2264 = CARTESIAN_POINT ( 'NONE',  ( 37.45000000000000284, 5.400000000000000355, 6.484690356689041479 ) ) ;
#2265 = VERTEX_POINT ( 'NONE', #4798 ) ;
#2266 = DIRECTION ( 'NONE',  ( 0.000000000000000000, 1.000000000000000000, 0.000000000000000000 ) ) ;
#2267 = LINE ( 'NONE', #9397, #541 ) ;
#2268 = FACE_OUTER_BOUND ( 'NONE', #5912, .T. ) ;
#2269 = CARTESIAN_POINT ( 'NONE',  ( -39.53506879479627401, 0.1999999999999996503, 2.765000000000000124 ) ) ;
#2270 = CIRCLE ( 'NONE', #8896, 0.8500000000000000888 ) ;
#2271 = DIRECTION ( 'NONE',  ( 0.000000000000000000, 0.000000000000000000, 1.000000000000000000 ) ) ;
#2272 = CARTESIAN_POINT ( 'NONE',  ( 2.099999999999991207, 13.30000000000000071, -12.35000000000018971 ) ) ;
#2273 = ORIENTED_EDGE ( 'NONE', *, *, #13, .T. ) ;
#2274 = CARTESIAN_POINT ( 'NONE',  ( 47.49999999999997868, 3.000000000000000000, -14.75000000000000178 ) ) ;
#2275 = EDGE_CURVE ( 'NONE', #3816, #8083, #3196, .T. ) ;
#2276 = CARTESIAN_POINT ( 'NONE',  ( 0.000000000000000000, 1.000000000000000000, 4.549999999999997158 ) ) ;
#2277 = CARTESIAN_POINT ( 'NONE',  ( -50.25000000000545697, 5.500000000000000000, 6.750000000010913936 ) ) ;
#2278 = CIRCLE ( 'NONE', #3987, 1.500000000000000888 ) ;
#2279 = VERTEX_POINT ( 'NONE', #8098 ) ;
#2280 = PRODUCT_RELATED_PRODUCT_CATEGORY ( 'part', '', ( #9666 ) ) ;
#2281 = EDGE_CURVE ( 'NONE', #4953, #7544, #1711, .T. ) ;
#2282 = ADVANCED_FACE ( 'NONE', ( #10484 ), #7352, .T. ) ;
#2283 = PLANE ( 'NONE',  #3001 ) ;
#2284 = VERTEX_POINT ( 'NONE', #7303 ) ;
#2285 = CARTESIAN_POINT ( 'NONE',  ( 3.614232777074994810E-13, 13.30000000000000071, -13.54999999999995097 ) ) ;
#2286 = DIRECTION ( 'NONE',  ( 1.000000000000000000, 0.000000000000000000, 0.000000000000000000 ) ) ;
#2287 = CARTESIAN_POINT ( 'NONE',  ( -30.14000000000000767, 5.995909431799613998, -3.615000000000000213 ) ) ;
#2288 = EDGE_LOOP ( 'NONE', ( #10450, #10128, #495, #9808 ) ) ;
#2289 = VERTEX_POINT ( 'NONE', #2398 ) ;
#2290 = CARTESIAN_POINT ( 'NONE',  ( 35.21143789659458179, 0.000000000000000000, 0.6299575590043866580 ) ) ;
#2291 = ORIENTED_EDGE ( 'NONE', *, *, #8765, .T. ) ;
#2292 = DIRECTION ( 'NONE',  ( -0.000000000000000000, -1.000000000000000000, 0.000000000000000000 ) ) ;
#2293 = VECTOR ( 'NONE', #8169, 1000.000000000000000 ) ;
#2294 = FACE_OUTER_BOUND ( 'NONE', #960, .T. ) ;
#2295 = CARTESIAN_POINT ( 'NONE',  ( -39.76146882909598901, 0.1999999999999996503, -20.34067203111825251 ) ) ;
#2296 = DIRECTION ( 'NONE',  ( -0.000000000000000000, -0.000000000000000000, 1.000000000000000000 ) ) ;
#2297 = DIRECTION ( 'NONE',  ( 0.000000000000000000, 1.000000000000000000, -0.000000000000000000 ) ) ;
#2298 = VECTOR ( 'NONE', #7816, 1000.000000000000000 ) ;
#2299 = DIRECTION ( 'NONE',  ( -0.000000000000000000, -1.000000000000000000, -0.000000000000000000 ) ) ;
#2300 = DIRECTION ( 'NONE',  ( 0.000000000000000000, 0.000000000000000000, -1.000000000000000000 ) ) ;
#2301 = ORIENTED_EDGE ( 'NONE', *, *, #4420, .F. ) ;
#2302 = ORIENTED_EDGE ( 'NONE', *, *, #4766, .F. ) ;
#2303 = DIRECTION ( 'NONE',  ( 0.8660254037844390407, 0.000000000000000000, 0.4999999999999992784 ) ) ;
#2304 = VERTEX_POINT ( 'NONE', #3997 ) ;
#2305 = EDGE_CURVE ( 'NONE', #7537, #2451, #4141, .T. ) ;
#2306 = B_SPLINE_CURVE_WITH_KNOTS ( 'NONE', 3,
 ( #5467, #8651, #8698, #1402, #7846, #553 ),
 .UNSPECIFIED., .F., .F.,
 ( 4, 2, 4 ),
 ( 0.000000000000000000, 0.0003916002862991423573, 0.0007832005725982847145 ),
 .UNSPECIFIED. ) ;
#2307 = EDGE_CURVE ( 'NONE', #6613, #6358, #7243, .T. ) ;
#2308 = DIRECTION ( 'NONE',  ( 0.000000000000000000, 0.000000000000000000, 1.000000000000000000 ) ) ;
#2309 = AXIS2_PLACEMENT_3D ( 'NONE', #9366, #5985, #1192 ) ;
#2310 = CARTESIAN_POINT ( 'NONE',  ( 2.128978811426075087E-15, 8.000000000000000000, 6.749999999999984901 ) ) ;
#2311 = CARTESIAN_POINT ( 'NONE',  ( -31.51661123066064363, 3.000000000000000000, 3.615000000000000213 ) ) ;
#2312 = VERTEX_POINT ( 'NONE', #9684 ) ;
#2313 = CARTESIAN_POINT ( 'NONE',  ( 47.50000000000000000, 11.00000000000000178, -9.500000000000001776 ) ) ;
#2314 = VERTEX_POINT ( 'NONE', #6493 ) ;
#2315 = ORIENTED_EDGE ( 'NONE', *, *, #3502, .F. ) ;
#2316 = TOROIDAL_SURFACE ( 'NONE', #5739, 5.199999999999985967, 0.2999999999999999889 ) ;
#2317 = CARTESIAN_POINT ( 'NONE',  ( -51.25000000000001421, 15.10000000000000142, 9.499999999999978684 ) ) ;
#2318 = ORIENTED_EDGE ( 'NONE', *, *, #6654, .F. ) ;
#2319 = VERTEX_POINT ( 'NONE', #119 ) ;
#2320 = CARTESIAN_POINT ( 'NONE',  ( 22.35000000000000142, 1.000000000000000000, -10.34999999999999787 ) ) ;
#2321 = CARTESIAN_POINT ( 'NONE',  ( 0.000000000000000000, 15.10000000000000142, 0.000000000000000000 ) ) ;
#2322 = CIRCLE ( 'NONE', #6240, 3.999999999999998224 ) ;
#2323 = DIRECTION ( 'NONE',  ( 0.000000000000000000, 0.000000000000000000, 1.000000000000000000 ) ) ;
#2324 = VECTOR ( 'NONE', #1907, 1000.000000000000000 ) ;
#2325 = EDGE_CURVE ( 'NONE', #2234, #5725, #4913, .T. ) ;
#2326 = DIRECTION ( 'NONE',  ( 1.000000000000000000, -0.000000000000000000, -0.000000000000000000 ) ) ;
#2327 = EDGE_CURVE ( 'NONE', #9261, #5685, #3303, .T. ) ;
#2328 = CARTESIAN_POINT ( 'NONE',  ( 47.49999999999997868, 0.000000000000000000, -11.75000000000000000 ) ) ;
#2329 = LINE ( 'NONE', #6977, #4659 ) ;
#2330 = LINE ( 'NONE', #7064, #8053 ) ;
#2331 = ORIENTED_EDGE ( 'NONE', *, *, #4901, .F. ) ;
#2332 = FACE_OUTER_BOUND ( 'NONE', #2963, .T. ) ;
#2333 = AXIS2_PLACEMENT_3D ( 'NONE', #7024, #641, #4743 ) ;
#2334 = CIRCLE ( 'NONE', #2514, 5.499999999999985789 ) ;
#2335 = DIRECTION ( 'NONE',  ( 0.000000000000000000, 0.000000000000000000, 1.000000000000000000 ) ) ;
#2336 = DIRECTION ( 'NONE',  ( 0.000000000000000000, 0.000000000000000000, 1.000000000000000000 ) ) ;
#2337 = EDGE_LOOP ( 'NONE', ( #7154, #697, #6037, #2209, #3454, #5475, #8514, #7045, #5120 ) ) ;
#2338 = VECTOR ( 'NONE', #10090, 1000.000000000000000 ) ;
#2339 = CIRCLE ( 'NONE', #1668, 2.750000000000000888 ) ;
#2340 = AXIS2_PLACEMENT_3D ( 'NONE', #9956, #10056, #186 ) ;
#2341 = CARTESIAN_POINT ( 'NONE',  ( -31.39188509507858882, -5.763799554131271643E-16, -2.847842712474618843 ) ) ;
#2342 = ORIENTED_EDGE ( 'NONE', *, *, #10088, .F. ) ;
#2343 = VECTOR ( 'NONE', #8553, 1000.000000000000000 ) ;
#2344 = CARTESIAN_POINT ( 'NONE',  ( -15.77802059593024708, 11.00000000000000178, 5.742729852557563852 ) ) ;
#2345 = CARTESIAN_POINT ( 'NONE',  ( -52.24731767899169199, 9.837999709794040371, -3.258922934676001137 ) ) ;
#2346 = DIRECTION ( 'NONE',  ( -0.000000000000000000, 1.000000000000000000, -0.000000000000000000 ) ) ;
#2347 = ORIENTED_EDGE ( 'NONE', *, *, #4966, .F. ) ;
#2348 = EDGE_LOOP ( 'NONE', ( #8525, #1688, #4577, #2054 ) ) ;
#2349 = DIRECTION ( 'NONE',  ( 0.000000000000000000, 0.000000000000000000, 1.000000000000000000 ) ) ;
#2350 = ORIENTED_EDGE ( 'NONE', *, *, #10323, .T. ) ;
#2351 = LINE ( 'NONE', #3898, #3455 ) ;
#2352 = EDGE_CURVE ( 'NONE', #3383, #6967, #6016, .T. ) ;
#2353 = AXIS2_PLACEMENT_3D ( 'NONE', #4459, #10234, #4504 ) ;
#2354 = CARTESIAN_POINT ( 'NONE',  ( 30.95000000000000284, -0.0009999999999999158867, -2.350000000000003197 ) ) ;
#2355 = CARTESIAN_POINT ( 'NONE',  ( -23.23676428111944148, 11.00000000000000178, 14.75000000000000355 ) ) ;
#2356 = PLANE ( 'NONE',  #831 ) ;
#2357 = DIRECTION ( 'NONE',  ( 0.000000000000000000, 1.000000000000000000, 0.000000000000000000 ) ) ;
#2358 = ADVANCED_FACE ( 'NONE', ( #1763 ), #6612, .T. ) ;
#2359 = LINE ( 'NONE', #7888, #7561 ) ;
#2360 = CARTESIAN_POINT ( 'NONE',  ( -20.00000000000001066, 11.00000000000000178, -13.55000000000000071 ) ) ;
#2361 = LINE ( 'NONE', #4698, #10276 ) ;
#2362 = ORIENTED_EDGE ( 'NONE', *, *, #2898, .T. ) ;
#2363 = ORIENTED_EDGE ( 'NONE', *, *, #10037, .T. ) ;
#2364 = DIRECTION ( 'NONE',  ( 0.000000000000000000, 0.000000000000000000, 1.000000000000000000 ) ) ;
#2365 = ORIENTED_EDGE ( 'NONE', *, *, #2971, .F. ) ;
#2366 = EDGE_CURVE ( 'NONE', #6778, #5579, #9949, .T. ) ;
#2367 = CARTESIAN_POINT ( 'NONE',  ( -39.63977263648107652, 0.1999999999999987899, -2.965000000000000302 ) ) ;
#2368 = VECTOR ( 'NONE', #9688, 1000.000000000000000 ) ;
#2369 = DIRECTION ( 'NONE',  ( -0.000000000000000000, -0.000000000000000000, 1.000000000000000000 ) ) ;
#2370 = EDGE_CURVE ( 'NONE', #6494, #7004, #1182, .T. ) ;
#2371 = CARTESIAN_POINT ( 'NONE',  ( 0.000000000000000000, 0.5000000000000004441, -2.765000000000000124 ) ) ;
#2372 = ORIENTED_EDGE ( 'NONE', *, *, #77, .F. ) ;
#2373 = LINE ( 'NONE', #3805, #3676 ) ;
#2374 = ORIENTED_EDGE ( 'NONE', *, *, #4817, .F. ) ;
#2375 = EDGE_LOOP ( 'NONE', ( #5911, #7906, #3031, #3314, #26, #5531 ) ) ;
#2376 = LINE ( 'NONE', #5578, #9811 ) ;
#2377 = VERTEX_POINT ( 'NONE', #2871 ) ;
#2378 = ORIENTED_EDGE ( 'NONE', *, *, #5573, .F. ) ;
#2379 = DIRECTION ( 'NONE',  ( -0.000000000000000000, -1.000000000000000000, 0.000000000000000000 ) ) ;
#2380 = EDGE_CURVE ( 'NONE', #10477, #5049, #6694, .T. ) ;
#2381 = CARTESIAN_POINT ( 'NONE',  ( -53.20100000000002183, 11.35000000000000142, 1.700000000000000178 ) ) ;
#2382 = CARTESIAN_POINT ( 'NONE',  ( -31.22777815357900622, 3.000000000000000000, 8.349999999999997868 ) ) ;
#2383 = DIRECTION ( 'NONE',  ( -1.000000000000000000, 0.000000000000000000, 0.000000000000000000 ) ) ;
#2384 = LINE ( 'NONE', #6369, #3292 ) ;
#2385 = ORIENTED_EDGE ( 'NONE', *, *, #1227, .T. ) ;
#2386 = DIRECTION ( 'NONE',  ( 1.000000000000000000, 0.000000000000000000, 0.000000000000000000 ) ) ;
#2387 = ADVANCED_FACE ( 'NONE', ( #1913 ), #6866, .T. ) ;
#2388 = CARTESIAN_POINT ( 'NONE',  ( -29.84000000000000341, 6.296018041280833089, -3.064999999999999947 ) ) ;
#2389 = CARTESIAN_POINT ( 'NONE',  ( 20.65000000000000213, 1.000000000000000888, 8.349999999999997868 ) ) ;
#2390 = ORIENTED_EDGE ( 'NONE', *, *, #6096, .T. ) ;
#2391 = CARTESIAN_POINT ( 'NONE',  ( 6.944920150553280713, 0.2999999999999999889, 12.02895455526717150 ) ) ;
#2392 = ORIENTED_EDGE ( 'NONE', *, *, #1513, .T. ) ;
#2393 = DIRECTION ( 'NONE',  ( -0.000000000000000000, -0.000000000000000000, 1.000000000000000000 ) ) ;
#2394 = DIRECTION ( 'NONE',  ( -1.000000000000000000, 0.000000000000000000, 0.000000000000000000 ) ) ;
#2395 = CARTESIAN_POINT ( 'NONE',  ( -51.95000000000000995, 7.083039804977544485, 3.819531249999947864 ) ) ;
#2396 = VERTEX_POINT ( 'NONE', #1966 ) ;
#2397 = EDGE_LOOP ( 'NONE', ( #5928, #507, #5925, #3617 ) ) ;
#2398 = CARTESIAN_POINT ( 'NONE',  ( -52.22340835089975997, 7.205390757595235840, -3.692296232791190125 ) ) ;
#2399 = ORIENTED_EDGE ( 'NONE', *, *, #6714, .F. ) ;
#2400 = PLANE ( 'NONE',  #6351 ) ;
#2401 =( BOUNDED_SURFACE ( )  B_SPLINE_SURFACE ( 3, 2, ( 
 ( #5621, #7954, #8744 ),
 ( #662, #2204, #10339 ),
 ( #10501, #5464, #3050 ),
 ( #1511, #7043, #10388 ) ),
 .UNSPECIFIED., .F., .F., .F. ) 
 B_SPLINE_SURFACE_WITH_KNOTS ( ( 4, 4 ),
 ( 3, 3 ),
 ( 0.000000000000000000, 0.0007825590053263052062 ),
 ( 0.000000000000000000, 1.000000000000000000 ),
 .UNSPECIFIED. ) 
 GEOMETRIC_REPRESENTATION_ITEM ( )  RATIONAL_B_SPLINE_SURFACE ( (
 ( 1.000000000000000000, 0.8371290630494900853, 1.000000000000000000),
 ( 1.000000000000000000, 0.8027790047357461489, 1.000000000000000000),
 ( 1.000000000000000000, 0.7601121344914577582, 1.000000000000000000),
 ( 1.000000000000000000, 0.7071067811865597852, 1.000000000000000000) ) ) 
 REPRESENTATION_ITEM ( '' )  SURFACE ( )  );
#2402 = B_SPLINE_CURVE_WITH_KNOTS ( 'NONE', 3,
 ( #8388, #9382, #4455, #5359, #7696, #405 ),
 .UNSPECIFIED., .F., .F.,
 ( 4, 2, 4 ),
 ( -6.324574032845557636E-06, 0.0004159297648535481670, 0.0008381841037399418316 ),
 .UNSPECIFIED. ) ;
#2403 = CARTESIAN_POINT ( 'NONE',  ( 39.08172798364529399, 0.5000000000000000000, 5.581727983645293101 ) ) ;
#2404 = DIRECTION ( 'NONE',  ( 0.000000000000000000, 1.000000000000000000, -0.000000000000000000 ) ) ;
#2405 = DIRECTION ( 'NONE',  ( -1.000000000000000000, -0.000000000000000000, 4.476705744456300993E-16 ) ) ;
#2406 = CARTESIAN_POINT ( 'NONE',  ( -52.33705536026285188, 8.508382070898258931, 4.224942567312479191 ) ) ;
#2407 = CARTESIAN_POINT ( 'NONE',  ( 45.25000000000000711, 7.000000000000000000, 0.9682458365518327170 ) ) ;
#2408 = DIRECTION ( 'NONE',  ( -0.000000000000000000, -1.000000000000000000, -0.000000000000000000 ) ) ;
#2409 = CARTESIAN_POINT ( 'NONE',  ( -52.20455412270070639, 8.171060701784746527, -4.261849622335483367 ) ) ;
#2410 = ORIENTED_EDGE ( 'NONE', *, *, #7753, .T. ) ;
#2411 = EDGE_LOOP ( 'NONE', ( #4271, #8661, #7374, #94 ) ) ;
#2412 = EDGE_CURVE ( 'NONE', #7707, #1398, #4475, .T. ) ;
#2413 = CARTESIAN_POINT ( 'NONE',  ( -51.95000000000000995, 9.540539679193125622, -3.989179658484622415 ) ) ;
#2414 = EDGE_LOOP ( 'NONE', ( #1329, #5201, #7994, #710 ) ) ;
#2415 = EDGE_CURVE ( 'NONE', #393, #2742, #9161, .T. ) ;
#2416 = DIRECTION ( 'NONE',  ( 0.000000000000000000, 1.000000000000000000, -0.000000000000000000 ) ) ;
#2417 = AXIS2_PLACEMENT_3D ( 'NONE', #2960, #7912, #6910 ) ;
#2418 = DIRECTION ( 'NONE',  ( -1.000000000000000000, 0.000000000000000000, 3.154042683594192162E-16 ) ) ;
#2419 = ADVANCED_FACE ( 'NONE', ( #1869 ), #275, .T. ) ;
#2420 = CARTESIAN_POINT ( 'NONE',  ( -51.95000000000000995, 8.400000000000000355, -2.449999999999999734 ) ) ;
#2421 = EDGE_LOOP ( 'NONE', ( #6627, #8119, #4352, #8345, #5683, #1702 ) ) ;
#2422 = DIRECTION ( 'NONE',  ( 0.000000000000000000, 0.000000000000000000, -1.000000000000000000 ) ) ;
#2423 = VERTEX_POINT ( 'NONE', #7672 ) ;
#2424 = EDGE_LOOP ( 'NONE', ( #9354, #5574, #1761, #600 ) ) ;
#2425 = LINE ( 'NONE', #5684, #4397 ) ;
#2426 = ORIENTED_EDGE ( 'NONE', *, *, #4501, .T. ) ;
#2427 = ORIENTED_EDGE ( 'NONE', *, *, #7464, .F. ) ;
#2428 = DIRECTION ( 'NONE',  ( 0.000000000000000000, 1.000000000000000000, -0.000000000000000000 ) ) ;
#2429 = DIRECTION ( 'NONE',  ( 0.000000000000000000, 0.000000000000000000, 1.000000000000000000 ) ) ;
#2430 = DIRECTION ( 'NONE',  ( -0.000000000000000000, -1.000000000000000000, -0.000000000000000000 ) ) ;
#2431 = VECTOR ( 'NONE', #1345, 1000.000000000000000 ) ;
#2432 = CARTESIAN_POINT ( 'NONE',  ( -20.00000000000001066, 16.60000000000000142, 2.352167425053299574E-15 ) ) ;
#2433 = DIRECTION ( 'NONE',  ( 0.000000000000000000, 0.000000000000000000, -1.000000000000000000 ) ) ;
#2434 = CARTESIAN_POINT ( 'NONE',  ( -52.25000000000001421, 6.800000000000000711, -2.449999999999999734 ) ) ;
#2435 = ORIENTED_EDGE ( 'NONE', *, *, #6534, .F. ) ;
#2436 = DIRECTION ( 'NONE',  ( 1.000000000000000000, 0.000000000000000000, -0.000000000000000000 ) ) ;
#2437 = DIRECTION ( 'NONE',  ( 1.000000000000000000, 0.000000000000000000, 0.000000000000000000 ) ) ;
#2438 = EDGE_CURVE ( 'NONE', #8180, #1682, #8467, .T. ) ;
#2439 = CARTESIAN_POINT ( 'NONE',  ( 30.19999999999998153, 0.2999999999999999889, -11.31869555732605015 ) ) ;
#2440 = ORIENTED_EDGE ( 'NONE', *, *, #4316, .T. ) ;
#2441 = EDGE_CURVE ( 'NONE', #5998, #6265, #6765, .T. ) ;
#2442 = CIRCLE ( 'NONE', #10222, 0.3706384263718852656 ) ;
#2443 = EDGE_CURVE ( 'NONE', #465, #9998, #3668, .T. ) ;
#2444 = CIRCLE ( 'NONE', #567, 0.2999999999999999334 ) ;
#2445 = CARTESIAN_POINT ( 'NONE',  ( -35.50000000000001421, 8.000000000000000000, 0.000000000000000000 ) ) ;
#2446 = EDGE_LOOP ( 'NONE', ( #9229, #4537, #7176, #5650 ) ) ;
#2447 = CARTESIAN_POINT ( 'NONE',  ( 50.24999999999999289, 11.35000000000000320, -3.299999999999998490 ) ) ;
#2448 = CARTESIAN_POINT ( 'NONE',  ( 23.22491561756135070, -8.976431658527447843E-16, 2.707147389567174489 ) ) ;
#2449 = AXIS2_PLACEMENT_3D ( 'NONE', #4712, #1564, #8065 ) ;
#2450 = DIRECTION ( 'NONE',  ( -1.000000000000000000, -0.000000000000000000, 4.476705744456300993E-16 ) ) ;
#2451 = VERTEX_POINT ( 'NONE', #9205 ) ;
#2452 = ORIENTED_EDGE ( 'NONE', *, *, #5123, .T. ) ;
#2453 = CARTESIAN_POINT ( 'NONE',  ( 50.25000000000000000, 11.00000000000000178, -6.000000000000000000 ) ) ;
#2454 = ORIENTED_EDGE ( 'NONE', *, *, #9021, .T. ) ;
#2455 = CARTESIAN_POINT ( 'NONE',  ( -7.849999999999971223, 13.30000000000000071, 14.19019237886469220 ) ) ;
#2456 = CARTESIAN_POINT ( 'NONE',  ( 38.45553138218367195, 0.09378038618371954682, -7.458250430495007244 ) ) ;
#2457 = AXIS2_PLACEMENT_3D ( 'NONE', #7946, #503, #8585 ) ;
#2458 = CARTESIAN_POINT ( 'NONE',  ( -31.27472780755320869, 0.2000000000000000111, -20.34067203111825251 ) ) ;
#2459 = LINE ( 'NONE', #2573, #10508 ) ;
#2460 = CARTESIAN_POINT ( 'NONE',  ( -52.20882673043998068, 9.446674361054370195, 3.879343854972923111 ) ) ;
#2461 = ADVANCED_FACE ( 'NONE', ( #4429, #4374, #6921 ), #2723, .T. ) ;
#2462 = CARTESIAN_POINT ( 'NONE',  ( -29.84000000000000341, 6.123958770389134720, 2.892940729108300246 ) ) ;
#2463 = LINE ( 'NONE', #4121, #3520 ) ;
#2464 = EDGE_LOOP ( 'NONE', ( #102, #10183, #6063, #6055 ) ) ;
#2465 = ORIENTED_EDGE ( 'NONE', *, *, #9121, .T. ) ;
#2466 = VECTOR ( 'NONE', #10210, 999.9999999999998863 ) ;
#2467 = ORIENTED_EDGE ( 'NONE', *, *, #7995, .F. ) ;
#2468 = PLANE ( 'NONE',  #9999 ) ;
#2469 = CARTESIAN_POINT ( 'NONE',  ( 22.80788180854702318, 0.2999999999999999889, 1.484828725824713480 ) ) ;
#2470 = AXIS2_PLACEMENT_3D ( 'NONE', #5922, #1865, #3571 ) ;
#2471 = CYLINDRICAL_SURFACE ( 'NONE', #9586, 0.2999999999999994338 ) ;
#2472 = ORIENTED_EDGE ( 'NONE', *, *, #8286, .F. ) ;
#2473 = CARTESIAN_POINT ( 'NONE',  ( -52.33705538435194882, 8.291562316800584753, -4.224942351437010579 ) ) ;
#2474 = VERTEX_POINT ( 'NONE', #1814 ) ;
#2475 = ORIENTED_EDGE ( 'NONE', *, *, #605, .F. ) ;
#2476 = CARTESIAN_POINT ( 'NONE',  ( 26.68856210340542390, 0.000000000000000000, -5.329957559004394163 ) ) ;
#2477 = ORIENTED_EDGE ( 'NONE', *, *, #112, .F. ) ;
#2478 = EDGE_LOOP ( 'NONE', ( #5137, #4476, #4534, #3595, #9162, #6108, #6688, #2641, #5146, #2544, #7540, #9812, #2116, #1316, #4985, #4485 ) ) ;
#2479 = CARTESIAN_POINT ( 'NONE',  ( -35.06554871542299878, 0.2000000000000000944, -2.765000000000000124 ) ) ;
#2480 = CIRCLE ( 'NONE', #6558, 1.300000000000000711 ) ;
#2481 = CARTESIAN_POINT ( 'NONE',  ( -2.000000000000008882, 13.30000000000000071, -13.35000000000018971 ) ) ;
#2482 = DIRECTION ( 'NONE',  ( 1.000000000000000000, -0.000000000000000000, -0.000000000000000000 ) ) ;
#2483 = EDGE_CURVE ( 'NONE', #5942, #9368, #8363, .T. ) ;
#2484 = CIRCLE ( 'NONE', #457, 2.750000000000000888 ) ;
#2485 = CYLINDRICAL_SURFACE ( 'NONE', #10488, 0.2999999999999998779 ) ;
#2486 = CARTESIAN_POINT ( 'NONE',  ( -51.95000000000000995, 9.716960195022455338, 3.819531249999947864 ) ) ;
#2487 = AXIS2_PLACEMENT_3D ( 'NONE', #8262, #9681, #9788 ) ;
#2488 = ORIENTED_EDGE ( 'NONE', *, *, #8404, .T. ) ;
#2489 = ORIENTED_EDGE ( 'NONE', *, *, #7671, .T. ) ;
#2490 = CARTESIAN_POINT ( 'NONE',  ( -52.38111596566540129, 7.433570362412056376, 3.820619583450080459 ) ) ;
#2491 = EDGE_CURVE ( 'NONE', #4024, #3564, #10050, .T. ) ;
#2492 = CARTESIAN_POINT ( 'NONE',  ( 0.000000000000000000, 8.000000000000000000, 0.000000000000000000 ) ) ;
#2493 = DIRECTION ( 'NONE',  ( 1.000000000000000000, -0.000000000000000000, -0.000000000000000000 ) ) ;
#2494 = CIRCLE ( 'NONE', #6754, 0.6000000000000007550 ) ;
#2495 = EDGE_LOOP ( 'NONE', ( #3934, #7650, #9628, #8718 ) ) ;
#2496 = AXIS2_PLACEMENT_3D ( 'NONE', #2458, #10491, #703 ) ;
#2497 = VECTOR ( 'NONE', #7053, 1000.000000000000000 ) ;
#2498 = ADVANCED_FACE ( 'NONE', ( #5225 ), #5285, .F. ) ;
#2499 = FACE_OUTER_BOUND ( 'NONE', #6154, .T. ) ;
#2500 = VECTOR ( 'NONE', #2115, 1000.000000000000000 ) ;
#2501 = AXIS2_PLACEMENT_3D ( 'NONE', #10473, #4050, #3 ) ;
#2502 = VERTEX_POINT ( 'NONE', #3468 ) ;
#2503 = DIRECTION ( 'NONE',  ( -1.000000000000000000, 0.000000000000000000, 0.000000000000000000 ) ) ;
#2504 = EDGE_CURVE ( 'NONE', #7364, #7543, #6712, .T. ) ;
#2505 = LINE ( 'NONE', #5602, #6080 ) ;
#2506 = DIRECTION ( 'NONE',  ( 0.000000000000000000, 0.000000000000000000, 1.000000000000000000 ) ) ;
#2507 = ORIENTED_EDGE ( 'NONE', *, *, #9188, .T. ) ;
#2508 = ORIENTED_EDGE ( 'NONE', *, *, #4790, .F. ) ;
#2509 = VECTOR ( 'NONE', #5593, 1000.000000000000000 ) ;
#2510 = DIRECTION ( 'NONE',  ( 1.000000000000000000, -0.000000000000000000, -0.000000000000000000 ) ) ;
#2511 = ORIENTED_EDGE ( 'NONE', *, *, #3784, .T. ) ;
#2512 = CARTESIAN_POINT ( 'NONE',  ( -31.51661123066064363, 3.000000000000000000, -20.34067203111825251 ) ) ;
#2513 = CIRCLE ( 'NONE', #8460, 2.000000000000000000 ) ;
#2514 = AXIS2_PLACEMENT_3D ( 'NONE', #4922, #2519, #6343 ) ;
#2515 = CARTESIAN_POINT ( 'NONE',  ( -53.20100000000002183, 9.849999999999999645, 1.699999999999999734 ) ) ;
#2516 = AXIS2_PLACEMENT_3D ( 'NONE', #6909, #2266, #5372 ) ;
#2517 = CARTESIAN_POINT ( 'NONE',  ( -51.25000000000001421, 15.10000000000000142, -9.499999999999976907 ) ) ;
#2518 = CARTESIAN_POINT ( 'NONE',  ( 0.000000000000000000, 0.5000000000000004441, 2.765000000000000124 ) ) ;
#2519 = DIRECTION ( 'NONE',  ( -0.000000000000000000, -1.000000000000000000, -0.000000000000000000 ) ) ;
#2520 = CARTESIAN_POINT ( 'NONE',  ( -51.95000000000000995, 6.500000000000000888, 2.449999999999999289 ) ) ;
#2521 = AXIS2_PLACEMENT_3D ( 'NONE', #5671, #1614, #4866 ) ;
#2522 = FACE_OUTER_BOUND ( 'NONE', #9429, .T. ) ;
#2523 = CARTESIAN_POINT ( 'NONE',  ( -30.84000000000000696, 5.400000000000000355, -8.849999999999997868 ) ) ;
#2524 = EDGE_LOOP ( 'NONE', ( #3056, #7592, #317, #3937 ) ) ;
#2525 = ORIENTED_EDGE ( 'NONE', *, *, #5830, .F. ) ;
#2526 = CARTESIAN_POINT ( 'NONE',  ( -51.96395228292889357, 9.332527881964873373, -4.122894222564043254 ) ) ;
#2527 = EDGE_CURVE ( 'NONE', #6107, #4337, #10004, .T. ) ;
#2528 = ORIENTED_EDGE ( 'NONE', *, *, #5385, .T. ) ;
#2529 = CARTESIAN_POINT ( 'NONE',  ( -35.06554871542299878, 0.000000000000000000, -3.415000000000000036 ) ) ;
#2530 = AXIS2_PLACEMENT_3D ( 'NONE', #1740, #6742, #5150 ) ;
#2531 = B_SPLINE_CURVE_WITH_KNOTS ( 'NONE', 3,
 ( #8924, #8770, #7288, #7392 ),
 .UNSPECIFIED., .F., .F.,
 ( 4, 4 ),
 ( 1.328147661294742739E-18, 8.053029081880111863E-05 ),
 .UNSPECIFIED. ) ;
#2532 = EDGE_CURVE ( 'NONE', #2885, #4166, #7130, .T. ) ;
#2533 = CARTESIAN_POINT ( 'NONE',  ( -47.50000000000000711, 8.000000000000000000, -6.750000000000000000 ) ) ;
#2534 = CARTESIAN_POINT ( 'NONE',  ( -51.95000000000001705, 7.259441985024257527, 3.989162026542441009 ) ) ;
#2535 = AXIS2_PLACEMENT_3D ( 'NONE', #4443, #10176, #7686 ) ;
#2536 = DIRECTION ( 'NONE',  ( -0.000000000000000000, 1.000000000000000000, -0.000000000000000000 ) ) ;
#2537 = ORIENTED_EDGE ( 'NONE', *, *, #3812, .F. ) ;
#2538 = AXIS2_PLACEMENT_3D ( 'NONE', #7535, #349, #5945 ) ;
#2539 = CARTESIAN_POINT ( 'NONE',  ( -35.06554871542299878, 0.2000000000000000944, -20.34067203111825251 ) ) ;
#2540 = ORIENTED_EDGE ( 'NONE', *, *, #5382, .T. ) ;
#2541 = VERTEX_POINT ( 'NONE', #574 ) ;
#2542 = LINE ( 'NONE', #998, #7105 ) ;
#2543 = ORIENTED_EDGE ( 'NONE', *, *, #6744, .T. ) ;
#2544 = ORIENTED_EDGE ( 'NONE', *, *, #4120, .F. ) ;
#2545 = LINE ( 'NONE', #7970, #9825 ) ;
#2546 = CIRCLE ( 'NONE', #171, 9.000000000000012434 ) ;
#2547 = CARTESIAN_POINT ( 'NONE',  ( -51.95000000000000995, 7.083039804977534715, 3.819531249999938538 ) ) ;
#2548 = CARTESIAN_POINT ( 'NONE',  ( 30.95000000000000284, 0.000000000000000000, -2.350000000000003197 ) ) ;
#2549 = CARTESIAN_POINT ( 'NONE',  ( 43.25000000000000711, 1.000000000000000000, -7.250000000000000000 ) ) ;
#2550 = CARTESIAN_POINT ( 'NONE',  ( -29.95770030836797915, 6.046579023193680236, -9.361962529587431803 ) ) ;
#2551 = EDGE_LOOP ( 'NONE', ( #3968, #8646, #4057, #8800 ) ) ;
#2552 = EDGE_LOOP ( 'NONE', ( #5256, #2847, #2654, #8516 ) ) ;
#2553 = AXIS2_PLACEMENT_3D ( 'NONE', #5587, #6426, #1530 ) ;
#2554 = CARTESIAN_POINT ( 'NONE',  ( -45.20000000000000284, 16.60000000000000142, -6.750000000000000888 ) ) ;
#2555 = CYLINDRICAL_SURFACE ( 'NONE', #1156, 0.3000000000000016542 ) ;
#2556 = CYLINDRICAL_SURFACE ( 'NONE', #5860, 0.7999999999999994893 ) ;
#2557 = EDGE_CURVE ( 'NONE', #6053, #10085, #5535, .T. ) ;
#2558 = ORIENTED_EDGE ( 'NONE', *, *, #9243, .T. ) ;
#2559 = EDGE_CURVE ( 'NONE', #3516, #4195, #6278, .T. ) ;
#2560 = EDGE_CURVE ( 'NONE', #4178, #5452, #6340, .T. ) ;
#2561 = DIRECTION ( 'NONE',  ( 0.000000000000000000, 0.000000000000000000, -1.000000000000000000 ) ) ;
#2562 = ADVANCED_FACE ( 'NONE', ( #3933 ), #7159, .F. ) ;
#2563 = ORIENTED_EDGE ( 'NONE', *, *, #4990, .T. ) ;
#2564 = DIRECTION ( 'NONE',  ( 0.000000000000000000, 0.000000000000000000, 1.000000000000000000 ) ) ;
#2565 = CARTESIAN_POINT ( 'NONE',  ( -52.23135835191838794, 9.672116944819819651, -3.593343174115887440 ) ) ;
#2566 = DIRECTION ( 'NONE',  ( 7.517135062566157239E-15, 6.938893903907228378E-15, 1.000000000000000000 ) ) ;
#2567 = VERTEX_POINT ( 'NONE', #2277 ) ;
#2568 = CARTESIAN_POINT ( 'NONE',  ( 0.000000000000000000, 9.000000000000001776, 12.25000000000000711 ) ) ;
#2569 = ORIENTED_EDGE ( 'NONE', *, *, #2327, .F. ) ;
#2570 = CARTESIAN_POINT ( 'NONE',  ( -30.14000000000000412, 5.995909431799613998, -2.765000000000000124 ) ) ;
#2571 = DIRECTION ( 'NONE',  ( 0.000000000000000000, 1.000000000000000000, 0.000000000000000000 ) ) ;
#2572 = CARTESIAN_POINT ( 'NONE',  ( -52.25000000000000711, 9.697719172987392611, 3.001973684210524684 ) ) ;
#2573 = CARTESIAN_POINT ( 'NONE',  ( 21.96734517834434897, 1.000000000000000000, 21.96734517834455502 ) ) ;
#2574 = CARTESIAN_POINT ( 'NONE',  ( -52.22340835089975997, 7.205390757595128370, 3.692296232791094202 ) ) ;
#2575 = CYLINDRICAL_SURFACE ( 'NONE', #946, 1.000000000000000888 ) ;
#2576 = DIRECTION ( 'NONE',  ( 0.000000000000000000, 0.000000000000000000, -1.000000000000000000 ) ) ;
#2577 = EDGE_LOOP ( 'NONE', ( #4826, #4891, #4255, #6728 ) ) ;
#2578 = EDGE_LOOP ( 'NONE', ( #2062, #2860, #9546, #2301 ) ) ;
#2579 = CARTESIAN_POINT ( 'NONE',  ( -52.00325065436499017, 8.641081842182469330, -4.338532249317836431 ) ) ;
#2580 = ORIENTED_EDGE ( 'NONE', *, *, #9709, .F. ) ;
#2581 = CYLINDRICAL_SURFACE ( 'NONE', #2928, 2.999999999999999112 ) ;
#2582 = EDGE_CURVE ( 'NONE', #10321, #2252, #3767, .T. ) ;
#2583 = ADVANCED_FACE ( 'NONE', ( #6226 ), #3289, .F. ) ;
#2584 = EDGE_CURVE ( 'NONE', #1890, #3159, #913, .T. ) ;
#2585 = CARTESIAN_POINT ( 'NONE',  ( -47.50000000000000711, 5.500000000000000000, 9.500000000000001776 ) ) ;
#2586 = CARTESIAN_POINT ( 'NONE',  ( -52.22340835089975997, 7.205390757595139029, 3.692296232791100863 ) ) ;
#2587 = ADVANCED_FACE ( 'NONE', ( #6434 ), #6375, .T. ) ;
#2588 = CYLINDRICAL_SURFACE ( 'NONE', #1428, 0.2888330770816384119 ) ;
#2589 = ORIENTED_EDGE ( 'NONE', *, *, #10043, .F. ) ;
#2590 = FACE_OUTER_BOUND ( 'NONE', #3211, .T. ) ;
#2591 = VERTEX_POINT ( 'NONE', #7342 ) ;
#2592 = EDGE_LOOP ( 'NONE', ( #9323, #1170, #211, #7963 ) ) ;
#2593 = DIRECTION ( 'NONE',  ( 1.000000000000000000, -0.000000000000000000, -0.000000000000000000 ) ) ;
#2594 = ORIENTED_EDGE ( 'NONE', *, *, #7710, .F. ) ;
#2595 = EDGE_LOOP ( 'NONE', ( #1463, #861, #9682, #1406, #853, #1788, #9070, #6689, #8537, #5003, #9171, #8006, #1738, #2630 ) ) ;
#2596 = DIRECTION ( 'NONE',  ( -5.139921410301693197E-16, 0.000000000000000000, -1.000000000000000000 ) ) ;
#2597 = CARTESIAN_POINT ( 'NONE',  ( 47.49999999999999289, 3.000000000000000000, -9.499999999999998224 ) ) ;
#2598 = CARTESIAN_POINT ( 'NONE',  ( 47.49999999999999289, 3.000000000000000000, -9.499999999999998224 ) ) ;
#2599 = LINE ( 'NONE', #4306, #9933 ) ;
#2600 = VERTEX_POINT ( 'NONE', #956 ) ;
#2601 = VECTOR ( 'NONE', #241, 1000.000000000000000 ) ;
#2602 = ORIENTED_EDGE ( 'NONE', *, *, #4501, .F. ) ;
#2603 = CARTESIAN_POINT ( 'NONE',  ( -20.00000000000001066, 15.10000000000000142, 2.352167425053299574E-15 ) ) ;
#2604 = CARTESIAN_POINT ( 'NONE',  ( 23.32059264874606797, 0.02145563245112853956, -7.429700915573386411 ) ) ;
#2605 = CARTESIAN_POINT ( 'NONE',  ( 2.099999999999991207, 13.30000000000000071, 12.35000000000019149 ) ) ;
#2606 = VECTOR ( 'NONE', #179, 1000.000000000000000 ) ;
#2607 = DIRECTION ( 'NONE',  ( 0.000000000000000000, 0.000000000000000000, 1.000000000000000000 ) ) ;
#2608 = EDGE_CURVE ( 'NONE', #1599, #5969, #9044, .T. ) ;
#2609 = ORIENTED_EDGE ( 'NONE', *, *, #4958, .T. ) ;
#2610 = DIRECTION ( 'NONE',  ( 0.000000000000000000, 0.000000000000000000, -1.000000000000000000 ) ) ;
#2611 = CARTESIAN_POINT ( 'NONE',  ( -15.77802059593038564, 11.00000000000000178, -5.742729852557515002 ) ) ;
#2612 = CARTESIAN_POINT ( 'NONE',  ( -44.75000000000000711, 8.000000000000000000, 0.000000000000000000 ) ) ;
#2613 = VERTEX_POINT ( 'NONE', #2439 ) ;
#2614 = CARTESIAN_POINT ( 'NONE',  ( -29.84000000000000341, 6.296018041280833089, 1.010032166305325429E-14 ) ) ;
#2615 = ORIENTED_EDGE ( 'NONE', *, *, #7774, .F. ) ;
#2616 = DIRECTION ( 'NONE',  ( -0.000000000000000000, -1.000000000000000000, -0.000000000000000000 ) ) ;
#2617 = EDGE_CURVE ( 'NONE', #5725, #7673, #3986, .T. ) ;
#2618 = CARTESIAN_POINT ( 'NONE',  ( -35.06554871542299878, 0.2000000000000000944, 2.765000000000000124 ) ) ;
#2619 = CARTESIAN_POINT ( 'NONE',  ( -34.34233853611036835, 0.1265113557324328841, 3.601009191073224258 ) ) ;
#2620 = ADVANCED_FACE ( 'NONE', ( #5646 ), #10470, .F. ) ;
#2621 = CARTESIAN_POINT ( 'NONE',  ( -39.53506879479627401, 0.1999999999999996503, -8.849999999999997868 ) ) ;
#2622 = AXIS2_PLACEMENT_3D ( 'NONE', #9209, #4330, #6665 ) ;
#2623 = DIRECTION ( 'NONE',  ( 0.000000000000000000, 0.000000000000000000, 1.000000000000000000 ) ) ;
#2624 = CARTESIAN_POINT ( 'NONE',  ( -52.27563198490997820, 7.308115275766890129, -3.630658523920789804 ) ) ;
#2625 = DIRECTION ( 'NONE',  ( -1.000000000000000000, 0.000000000000000000, -7.304098846218136886E-17 ) ) ;
#2626 =( LENGTH_UNIT ( ) NAMED_UNIT ( * ) SI_UNIT ( .MILLI., .METRE. ) );
#2627 = ORIENTED_EDGE ( 'NONE', *, *, #9625, .F. ) ;
#2628 = EDGE_LOOP ( 'NONE', ( #1287, #4288, #9439, #1864 ) ) ;
#2629 = CARTESIAN_POINT ( 'NONE',  ( 51.95000000000000284, 11.00000000000000178, -9.499999999999964473 ) ) ;
#2630 = ORIENTED_EDGE ( 'NONE', *, *, #10438, .F. ) ;
#2631 = CARTESIAN_POINT ( 'NONE',  ( 0.000000000000000000, 11.00000000000000178, -13.55000000000000249 ) ) ;
#2632 = AXIS2_PLACEMENT_3D ( 'NONE', #488, #3730, #10209 ) ;
#2633 = CARTESIAN_POINT ( 'NONE',  ( -52.42966255667123221, 7.203137727425397152, 3.444967340623585450 ) ) ;
#2634 = CARTESIAN_POINT ( 'NONE',  ( -52.00633259687491972, 8.520914595560235227, 4.350009616020406256 ) ) ;
#2635 = FACE_OUTER_BOUND ( 'NONE', #7237, .T. ) ;
#2636 = ORIENTED_EDGE ( 'NONE', *, *, #81, .T. ) ;
#2637 = VECTOR ( 'NONE', #2147, 1000.000000000000000 ) ;
#2638 = CARTESIAN_POINT ( 'NONE',  ( 30.50000000000002842, 0.000000000000000000, 6.939106523234632284 ) ) ;
#2639 = ADVANCED_FACE ( 'NONE', ( #1701 ), #626, .T. ) ;
#2640 = ORIENTED_EDGE ( 'NONE', *, *, #1505, .F. ) ;
#2641 = ORIENTED_EDGE ( 'NONE', *, *, #4789, .T. ) ;
#2642 = ADVANCED_FACE ( 'NONE', ( #4841 ), #2556, .F. ) ;
#2643 = DIRECTION ( 'NONE',  ( 0.000000000000000000, 0.000000000000000000, 1.000000000000000000 ) ) ;
#2644 = ORIENTED_EDGE ( 'NONE', *, *, #159, .T. ) ;
#2645 = EDGE_LOOP ( 'NONE', ( #389, #6868, #9948, #7496 ) ) ;
#2646 = PLANE ( 'NONE',  #4063 ) ;
#2647 = ADVANCED_FACE ( 'NONE', ( #9613 ), #8929, .T. ) ;
#2648 = CARTESIAN_POINT ( 'NONE',  ( 9.519658948938198861, 8.000000000000000000, 10.25000000000000178 ) ) ;
#2649 = CIRCLE ( 'NONE', #4856, 0.1999999999999987899 ) ;
#2650 = B_SPLINE_CURVE_WITH_KNOTS ( 'NONE', 3,
 ( #1234, #10110, #1973, #7678 ),
 .UNSPECIFIED., .F., .F.,
 ( 4, 4 ),
 ( 0.000000000000000000, 8.053029081880144389E-05 ),
 .UNSPECIFIED. ) ;
#2651 = DIRECTION ( 'NONE',  ( -0.000000000000000000, 1.000000000000000000, -0.000000000000000000 ) ) ;
#2652 = CARTESIAN_POINT ( 'NONE',  ( -47.50000000000000711, 3.000000000000000000, -9.500000000000001776 ) ) ;
#2653 = ORIENTED_EDGE ( 'NONE', *, *, #6538, .T. ) ;
#2654 = ORIENTED_EDGE ( 'NONE', *, *, #7386, .T. ) ;
#2655 = CARTESIAN_POINT ( 'NONE',  ( 50.99857113690718080, 11.00000000000000178, 12.25000000000000711 ) ) ;
#2656 = VECTOR ( 'NONE', #6223, 1000.000000000000000 ) ;
#2657 = DIRECTION ( 'NONE',  ( 0.000000000000000000, 0.000000000000000000, -1.000000000000000000 ) ) ;
#2658 = FACE_OUTER_BOUND ( 'NONE', #5345, .T. ) ;
#2659 = EDGE_CURVE ( 'NONE', #5013, #5853, #3239, .T. ) ;
#2660 = EDGE_CURVE ( 'NONE', #9979, #1997, #5682, .T. ) ;
#2661 = AXIS2_PLACEMENT_3D ( 'NONE', #3680, #8423, #10060 ) ;
#2662 = FACE_OUTER_BOUND ( 'NONE', #833, .T. ) ;
#2663 = ORIENTED_EDGE ( 'NONE', *, *, #471, .F. ) ;
#2664 = CARTESIAN_POINT ( 'NONE',  ( 1.104085060222564741E-15, 15.20000000000000284, 14.75000000000000355 ) ) ;
#2665 = FACE_OUTER_BOUND ( 'NONE', #5031, .T. ) ;
#2666 = VECTOR ( 'NONE', #3949, 1000.000000000000000 ) ;
#2667 = CARTESIAN_POINT ( 'NONE',  ( -20.00000000000001066, 11.00000000000000178, 13.55000000000000249 ) ) ;
#2668 = VERTEX_POINT ( 'NONE', #5595 ) ;
#2669 = VECTOR ( 'NONE', #6893, 1000.000000000000000 ) ;
#2670 = CARTESIAN_POINT ( 'NONE',  ( 47.50000000000000000, 8.000000000000000000, -9.500000000000001776 ) ) ;
#2671 = VERTEX_POINT ( 'NONE', #1537 ) ;
#2672 = AXIS2_PLACEMENT_3D ( 'NONE', #9259, #5293, #3529 ) ;
#2673 = CYLINDRICAL_SURFACE ( 'NONE', #7482, 6.800000000000007816 ) ;
#2674 = CIRCLE ( 'NONE', #7088, 0.1999999999999987899 ) ;
#2675 = DIRECTION ( 'NONE',  ( 0.000000000000000000, 1.000000000000000000, 0.000000000000000000 ) ) ;
#2676 = DIRECTION ( 'NONE',  ( -1.000000000000000000, -0.000000000000000000, -0.000000000000000000 ) ) ;
#2677 = CARTESIAN_POINT ( 'NONE',  ( -30.70813828070014040, 5.966497468351620093, -8.849999999999997868 ) ) ;
#2678 = CARTESIAN_POINT ( 'NONE',  ( 36.04364652204422725, 0.2999999999999999889, -0.2752072131254369447 ) ) ;
#2679 = CARTESIAN_POINT ( 'NONE',  ( 43.25000000000000711, 5.500000000000000000, 8.250000000000001776 ) ) ;
#2680 = CARTESIAN_POINT ( 'NONE',  ( -34.32300333360993250, 0.1748349968067927918, 2.765000000000000124 ) ) ;
#2681 = ORIENTED_EDGE ( 'NONE', *, *, #7629, .F. ) ;
#2682 = ORIENTED_EDGE ( 'NONE', *, *, #5063, .T. ) ;
#2683 = DIRECTION ( 'NONE',  ( 0.000000000000000000, -1.000000000000000000, 0.000000000000000000 ) ) ;
#2684 = VERTEX_POINT ( 'NONE', #6484 ) ;
#2685 = AXIS2_PLACEMENT_3D ( 'NONE', #9222, #44, #1936 ) ;
#2686 = CARTESIAN_POINT ( 'NONE',  ( 30.95000000000000284, 0.2999999999999999889, -2.350000000000003197 ) ) ;
#2687 = ADVANCED_FACE ( 'NONE', ( #4786 ), #8033, .T. ) ;
#2688 = LINE ( 'NONE', #246, #9325 ) ;
#2689 = CARTESIAN_POINT ( 'NONE',  ( -51.96381253676756984, 9.334687333697363698, 4.121974490813006042 ) ) ;
#2690 = EDGE_CURVE ( 'NONE', #2451, #6852, #8456, .T. ) ;
#2691 = AXIS2_PLACEMENT_3D ( 'NONE', #8051, #6449, #4751 ) ;
#2692 = CARTESIAN_POINT ( 'NONE',  ( 36.04364652204419883, 0.2999999999999999889, -4.424792786874605532 ) ) ;
#2693 = EDGE_LOOP ( 'NONE', ( #839, #5410, #3395, #2762, #4362 ) ) ;
#2694 = DIRECTION ( 'NONE',  ( -0.000000000000000000, -1.000000000000000000, 0.000000000000000000 ) ) ;
#2695 = ORIENTED_EDGE ( 'NONE', *, *, #3405, .F. ) ;
#2696 = ORIENTED_EDGE ( 'NONE', *, *, #9387, .F. ) ;
#2697 = CIRCLE ( 'NONE', #8131, 3.999999999999998224 ) ;
#2698 = LINE ( 'NONE', #3328, #2852 ) ;
#2699 = ADVANCED_FACE ( 'NONE', ( #1954 ), #5214, .T. ) ;
#2700 = VERTEX_POINT ( 'NONE', #3459 ) ;
#2701 = DIRECTION ( 'NONE',  ( 0.000000000000000000, 0.000000000000000000, 1.000000000000000000 ) ) ;
#2702 = CARTESIAN_POINT ( 'NONE',  ( -52.11703005195204241, 8.888474363168331394, 4.290295324905450514 ) ) ;
#2703 = VECTOR ( 'NONE', #4655, 1000.000000000000000 ) ;
#2704 = EDGE_CURVE ( 'NONE', #162, #1521, #738, .T. ) ;
#2705 = CYLINDRICAL_SURFACE ( 'NONE', #8810, 6.166261152084816288 ) ;
#2706 = CIRCLE ( 'NONE', #2863, 2.750000000000000888 ) ;
#2707 = CARTESIAN_POINT ( 'NONE',  ( 50.24999999999999289, 9.849999999999999645, 1.699999999999999956 ) ) ;
#2708 = VERTEX_POINT ( 'NONE', #5117 ) ;
#2709 = ORIENTED_EDGE ( 'NONE', *, *, #6096, .F. ) ;
#2710 = ADVANCED_FACE ( 'NONE', ( #2714 ), #3567, .T. ) ;
#2711 = VERTEX_POINT ( 'NONE', #9940 ) ;
#2712 = LINE ( 'NONE', #1857, #639 ) ;
#2713 = VECTOR ( 'NONE', #6730, 1000.000000000000114 ) ;
#2714 = FACE_OUTER_BOUND ( 'NONE', #443, .T. ) ;
#2715 = ADVANCED_FACE ( 'NONE', ( #7507 ), #9242, .F. ) ;
#2716 = CIRCLE ( 'NONE', #3903, 5.199999999999985967 ) ;
#2717 = CARTESIAN_POINT ( 'NONE',  ( -34.31252571724582623, 0.2000000000000016209, 8.349999999999997868 ) ) ;
#2718 = ADVANCED_FACE ( 'NONE', ( #10042 ), #3291, .T. ) ;
#2719 = VERTEX_POINT ( 'NONE', #369 ) ;
#2720 = CARTESIAN_POINT ( 'NONE',  ( 0.5999999999999912070, 15.10000000000000142, -13.55000000000000071 ) ) ;
#2721 = DIRECTION ( 'NONE',  ( -1.000000000000000000, 0.000000000000000000, -1.871330610546719070E-17 ) ) ;
#2722 = ORIENTED_EDGE ( 'NONE', *, *, #3528, .T. ) ;
#2723 = PLANE ( 'NONE',  #407 ) ;
#2724 = ORIENTED_EDGE ( 'NONE', *, *, #5569, .T. ) ;
#2725 = CARTESIAN_POINT ( 'NONE',  ( -39.56900131232449525, 0.1363762547886367138, -3.607467516771496907 ) ) ;
#2726 = DIRECTION ( 'NONE',  ( 0.000000000000000000, 1.000000000000000000, -0.000000000000000000 ) ) ;
#2727 = CARTESIAN_POINT ( 'NONE',  ( 0.000000000000000000, 11.00000000000000178, 12.25000000000000178 ) ) ;
#2728 = CARTESIAN_POINT ( 'NONE',  ( -30.33608986671381302, 5.989480959052015940, -8.976339092010153564 ) ) ;
#2729 = LINE ( 'NONE', #7726, #6373 ) ;
#2730 = CARTESIAN_POINT ( 'NONE',  ( -45.19999999999993889, 8.000000000000000000, 14.75000000000000533 ) ) ;
#2731 = DIRECTION ( 'NONE',  ( 0.8660254037843672092, 0.000000000000000000, -0.5000000000001236788 ) ) ;
#2732 = ORIENTED_EDGE ( 'NONE', *, *, #1603, .F. ) ;
#2733 = ORIENTED_EDGE ( 'NONE', *, *, #6015, .F. ) ;
#2734 = DIRECTION ( 'NONE',  ( 0.000000000000000000, 0.6931369447486590563, -0.7208059210526051030 ) ) ;
#2735 = ORIENTED_EDGE ( 'NONE', *, *, #8211, .T. ) ;
#2736 = DIRECTION ( 'NONE',  ( -0.000000000000000000, -1.000000000000000000, -0.000000000000000000 ) ) ;
#2737 = CARTESIAN_POINT ( 'NONE',  ( 31.39999999999997726, 0.000000000000000000, 0.000000000000000000 ) ) ;
#2738 = CARTESIAN_POINT ( 'NONE',  ( -35.18270600294837891, -5.221698467888518440E-16, -2.847842712474618843 ) ) ;
#2739 = DIRECTION ( 'NONE',  ( 0.000000000000000000, 0.8660254037844418162, 0.4999999999999947264 ) ) ;
#2740 = CARTESIAN_POINT ( 'NONE',  ( 35.98197956910961892, 0.1300423822510696770, -4.445814107907310131 ) ) ;
#2741 = EDGE_CURVE ( 'NONE', #9407, #4256, #5061, .T. ) ;
#2742 = VERTEX_POINT ( 'NONE', #215 ) ;
#2743 = FACE_OUTER_BOUND ( 'NONE', #8206, .T. ) ;
#2744 = ORIENTED_EDGE ( 'NONE', *, *, #5808, .T. ) ;
#2745 = ORIENTED_EDGE ( 'NONE', *, *, #1058, .T. ) ;
#2746 = FACE_OUTER_BOUND ( 'NONE', #3685, .T. ) ;
#2747 = ORIENTED_EDGE ( 'NONE', *, *, #8639, .F. ) ;
#2748 = DIRECTION ( 'NONE',  ( 0.000000000000000000, 0.000000000000000000, 1.000000000000000000 ) ) ;
#2749 = ADVANCED_FACE ( 'NONE', ( #10091 ), #2805, .T. ) ;
#2750 = EDGE_CURVE ( 'NONE', #9407, #4853, #6065, .T. ) ;
#2751 = CARTESIAN_POINT ( 'NONE',  ( -39.61980179287454717, 0.03950539805616452155, -3.556667036221440092 ) ) ;
#2752 = CARTESIAN_POINT ( 'NONE',  ( -51.95000000000000995, 8.400000000000000355, 2.449999999999999734 ) ) ;
#2753 = CARTESIAN_POINT ( 'NONE',  ( -50.25000000000000711, 15.10000000000000142, -9.499999999999982236 ) ) ;
#2754 = DIRECTION ( 'NONE',  ( 1.000000000000000000, 0.000000000000000000, 0.000000000000000000 ) ) ;
#2755 = VERTEX_POINT ( 'NONE', #2017 ) ;
#2756 = VERTEX_POINT ( 'NONE', #5277 ) ;
#2757 = LINE ( 'NONE', #6856, #6416 ) ;
#2758 = PLANE ( 'NONE',  #4652 ) ;
#2759 = CIRCLE ( 'NONE', #2085, 5.249999999999998224 ) ;
#2760 = DIRECTION ( 'NONE',  ( 1.000000000000000000, 0.000000000000000000, 0.000000000000000000 ) ) ;
#2761 = ADVANCED_FACE ( 'NONE', ( #6702, #2658 ), #1222, .F. ) ;
#2762 = ORIENTED_EDGE ( 'NONE', *, *, #9452, .F. ) ;
#2763 = FACE_OUTER_BOUND ( 'NONE', #8236, .T. ) ;
#2764 = EDGE_CURVE ( 'NONE', #4403, #788, #5915, .T. ) ;
#2765 = DIRECTION ( 'NONE',  ( -0.000000000000000000, 1.000000000000000000, -0.000000000000000000 ) ) ;
#2766 = EDGE_LOOP ( 'NONE', ( #9079, #2331, #9016, #5630 ) ) ;
#2767 = EDGE_CURVE ( 'NONE', #4256, #557, #6808, .T. ) ;
#2768 = CARTESIAN_POINT ( 'NONE',  ( -2.000000000000008882, 13.30000000000000071, -13.85000000000018971 ) ) ;
#2769 = ORIENTED_EDGE ( 'NONE', *, *, #4621, .F. ) ;
#2770 = VECTOR ( 'NONE', #10102, 1000.000000000000000 ) ;
#2771 = CARTESIAN_POINT ( 'NONE',  ( 30.95000000000000284, 0.000000000000000000, -2.350000000000003197 ) ) ;
#2772 = CARTESIAN_POINT ( 'NONE',  ( -51.96380946639080634, 7.465268144135401407, -4.121946119023315092 ) ) ;
#2773 = DIRECTION ( 'NONE',  ( 0.000000000000000000, 0.000000000000000000, 1.000000000000000000 ) ) ;
#2774 = AXIS2_PLACEMENT_3D ( 'NONE', #1586, #9675, #3181 ) ;
#2775 = DIRECTION ( 'NONE',  ( -1.000000000000000000, 0.000000000000000000, 0.000000000000000000 ) ) ;
#2776 = CARTESIAN_POINT ( 'NONE',  ( 6.344920150553305049, 0.5000000000000000000, 10.98972407072586677 ) ) ;
#2777 = DIRECTION ( 'NONE',  ( -1.651030467765866087E-15, 0.05921052631581455450, 0.9982455176826010579 ) ) ;
#2778 = ORIENTED_EDGE ( 'NONE', *, *, #10413, .T. ) ;
#2779 = ORIENTED_EDGE ( 'NONE', *, *, #9150, .F. ) ;
#2780 = DIRECTION ( 'NONE',  ( -0.000000000000000000, 1.000000000000000000, -0.000000000000000000 ) ) ;
#2781 = ORIENTED_EDGE ( 'NONE', *, *, #2248, .F. ) ;
#2782 = CARTESIAN_POINT ( 'NONE',  ( 30.49999999999998224, 0.2999999999999999889, -0.000000000000000000 ) ) ;
#2783 = ADVANCED_FACE ( 'NONE', ( #5867 ), #7554, .F. ) ;
#2784 = CARTESIAN_POINT ( 'NONE',  ( 0.000000000000000000, 5.400000000000000355, 4.549999999999997158 ) ) ;
#2785 = AXIS2_PLACEMENT_3D ( 'NONE', #8209, #4112, #807 ) ;
#2786 = ADVANCED_FACE ( 'NONE', ( #4312 ), #2758, .T. ) ;
#2787 = CARTESIAN_POINT ( 'NONE',  ( 20.66000000000000369, 0.5000000000000004441, 10.25000000000000178 ) ) ;
#2788 = DIRECTION ( 'NONE',  ( 0.5000000000000001110, 0.000000000000000000, 0.8660254037844385966 ) ) ;
#2789 = DIRECTION ( 'NONE',  ( 1.000000000000000000, 0.000000000000000000, 0.000000000000000000 ) ) ;
#2790 = ORIENTED_EDGE ( 'NONE', *, *, #7779, .T. ) ;
#2791 = LINE ( 'NONE', #6792, #1305 ) ;
#2792 = VERTEX_POINT ( 'NONE', #9549 ) ;
#2793 = VERTEX_POINT ( 'NONE', #6268 ) ;
#2794 = DIRECTION ( 'NONE',  ( -3.652049423109083111E-16, 0.000000000000000000, -1.000000000000000000 ) ) ;
#2795 = VECTOR ( 'NONE', #5640, 1000.000000000000000 ) ;
#2796 = ORIENTED_EDGE ( 'NONE', *, *, #6953, .F. ) ;
#2797 = LINE ( 'NONE', #6254, #2703 ) ;
#2798 = CARTESIAN_POINT ( 'NONE',  ( -29.81007189365366372, -2.624222992386002318, -20.34067203111825251 ) ) ;
#2799 = AXIS2_PLACEMENT_3D ( 'NONE', #3546, #7646, #6151 ) ;
#2800 = PLANE ( 'NONE',  #6527 ) ;
#2801 = CARTESIAN_POINT ( 'NONE',  ( -2.000000000000008882, 13.30000000000000071, 13.35000000000018971 ) ) ;
#2802 = VERTEX_POINT ( 'NONE', #3659 ) ;
#2803 = VERTEX_POINT ( 'NONE', #4721 ) ;
#2804 = DIRECTION ( 'NONE',  ( -1.000000000000000000, 0.000000000000000000, 0.000000000000000000 ) ) ;
#2805 = CYLINDRICAL_SURFACE ( 'NONE', #1932, 1.499999999999999556 ) ;
#2806 = AXIS2_PLACEMENT_3D ( 'NONE', #2034, #5180, #9258 ) ;
#2807 = EDGE_CURVE ( 'NONE', #8251, #7004, #4513, .T. ) ;
#2808 = FACE_OUTER_BOUND ( 'NONE', #1998, .T. ) ;
#2809 = EDGE_CURVE ( 'NONE', #2043, #6335, #8228, .T. ) ;
#2810 = CIRCLE ( 'NONE', #5377, 5.199999999999985967 ) ;
#2811 = ORIENTED_EDGE ( 'NONE', *, *, #9245, .F. ) ;
#2812 = CARTESIAN_POINT ( 'NONE',  ( -45.19999999999993889, 15.20000000000000462, 14.75000000000000533 ) ) ;
#2813 = DIRECTION ( 'NONE',  ( 0.000000000000000000, 0.000000000000000000, -1.000000000000000000 ) ) ;
#2814 = ORIENTED_EDGE ( 'NONE', *, *, #9308, .T. ) ;
#2815 = CARTESIAN_POINT ( 'NONE',  ( -39.63977263648107652, 0.1999999999999987899, -2.765000000000000124 ) ) ;
#2816 = ADVANCED_FACE ( 'NONE', ( #8760, #469 ), #8663, .T. ) ;
#2817 = ORIENTED_EDGE ( 'NONE', *, *, #1002, .T. ) ;
#2818 = AXIS2_PLACEMENT_3D ( 'NONE', #9568, #5543, #696 ) ;
#2819 = CARTESIAN_POINT ( 'NONE',  ( -39.58434658500975445, 0.1071145293931473896, -3.592122244086235483 ) ) ;
#2820 = CARTESIAN_POINT ( 'NONE',  ( -34.33293214504335822, 0.1503201388544058437, -2.769584417859758840 ) ) ;
#2821 = EDGE_CURVE ( 'NONE', #579, #1207, #2442, .T. ) ;
#2822 = CARTESIAN_POINT ( 'NONE',  ( 45.25000000000000711, 7.000000000000000000, -0.9682458365518327170 ) ) ;
#2823 = APPLICATION_PROTOCOL_DEFINITION ( 'draft international standard', 'automotive_design', 1998, #9273 ) ;
#2824 = VECTOR ( 'NONE', #6357, 1000.000000000000000 ) ;
#2825 = CARTESIAN_POINT ( 'NONE',  ( -8.107033542344556309, 13.30000000000000071, 14.04179399400123351 ) ) ;
#2826 = CIRCLE ( 'NONE', #9794, 3.000000000000002665 ) ;
#2827 = LINE ( 'NONE', #2679, #9128 ) ;
#2828 = CARTESIAN_POINT ( 'NONE',  ( 30.95000000000000284, 0.000000000000000000, -2.350000000000003197 ) ) ;
#2829 = ORIENTED_EDGE ( 'NONE', *, *, #6267, .T. ) ;
#2830 = ORIENTED_EDGE ( 'NONE', *, *, #8599, .T. ) ;
#2831 = PLANE ( 'NONE',  #396 ) ;
#2832 = ORIENTED_EDGE ( 'NONE', *, *, #3655, .F. ) ;
#2833 = CARTESIAN_POINT ( 'NONE',  ( -31.27472780755320869, 0.2000000000000000111, 2.765000000000000124 ) ) ;
#2834 = AXIS2_PLACEMENT_3D ( 'NONE', #3093, #6345, #9581 ) ;
#2835 = VECTOR ( 'NONE', #2607, 1000.000000000000000 ) ;
#2836 = DIRECTION ( 'NONE',  ( 0.000000000000000000, 1.000000000000000000, 0.000000000000000000 ) ) ;
#2837 = LINE ( 'NONE', #5457, #3514 ) ;
#2838 = PLANE ( 'NONE',  #9819 ) ;
#2839 = CARTESIAN_POINT ( 'NONE',  ( -47.50000000000000711, 3.000000000000000000, 9.500000000000001776 ) ) ;
#2840 = ORIENTED_EDGE ( 'NONE', *, *, #1585, .T. ) ;
#2841 = VECTOR ( 'NONE', #7276, 1000.000000000000000 ) ;
#2842 = EDGE_CURVE ( 'NONE', #274, #7353, #1415, .T. ) ;
#2843 = CARTESIAN_POINT ( 'NONE',  ( -2.000000000000011990, 15.10000000000000142, -14.75000000000000355 ) ) ;
#2844 = AXIS2_PLACEMENT_3D ( 'NONE', #7737, #3788, #449 ) ;
#2845 = CARTESIAN_POINT ( 'NONE',  ( -52.21203848064534725, 9.441079406995784851, 3.865501394531461354 ) ) ;
#2846 = ORIENTED_EDGE ( 'NONE', *, *, #248, .T. ) ;
#2847 = ORIENTED_EDGE ( 'NONE', *, *, #9027, .F. ) ;
#2848 = CARTESIAN_POINT ( 'NONE',  ( 31.40000000000002345, 0.000000000000000000, 6.939106523234631396 ) ) ;
#2849 = VERTEX_POINT ( 'NONE', #420 ) ;
#2850 = EDGE_CURVE ( 'NONE', #5013, #3884, #6495, .T. ) ;
#2851 = CIRCLE ( 'NONE', #10147, 0.5999999999999998668 ) ;
#2852 = VECTOR ( 'NONE', #8294, 1000.000000000000000 ) ;
#2853 = DIRECTION ( 'NONE',  ( 1.000000000000000000, -0.000000000000000000, -0.000000000000000000 ) ) ;
#2854 = CYLINDRICAL_SURFACE ( 'NONE', #1336, 3.000000000000002665 ) ;
#2855 = CIRCLE ( 'NONE', #4231, 1.499999999999997780 ) ;
#2856 = CARTESIAN_POINT ( 'NONE',  ( 31.69999999999997797, 0.5000000000000000000, -7.798623679425833899 ) ) ;
#2857 = ORIENTED_EDGE ( 'NONE', *, *, #2842, .F. ) ;
#2858 = ORIENTED_EDGE ( 'NONE', *, *, #8164, .T. ) ;
#2859 = CARTESIAN_POINT ( 'NONE',  ( -34.34233853611036835, 0.1265113557324332449, -20.34067203111825251 ) ) ;
#2860 = ORIENTED_EDGE ( 'NONE', *, *, #10403, .F. ) ;
#2861 = LINE ( 'NONE', #7708, #7618 ) ;
#2862 = DIRECTION ( 'NONE',  ( -0.8660254037844390407, 0.000000000000000000, -0.4999999999999992784 ) ) ;
#2863 = AXIS2_PLACEMENT_3D ( 'NONE', #9286, #7601, #10035 ) ;
#2864 = CARTESIAN_POINT ( 'NONE',  ( 2.760212650556410866E-16, 11.00000000000000178, -14.75000000000000355 ) ) ;
#2865 = ORIENTED_EDGE ( 'NONE', *, *, #8858, .T. ) ;
#2866 = AXIS2_PLACEMENT_3D ( 'NONE', #8485, #2046, #7033 ) ;
#2867 = DIRECTION ( 'NONE',  ( -0.000000000000000000, -0.000000000000000000, 1.000000000000000000 ) ) ;
#2868 = EDGE_CURVE ( 'NONE', #8159, #925, #3769, .T. ) ;
#2869 = CARTESIAN_POINT ( 'NONE',  ( 22.81827201635470459, -1.697056274847719815, -9.481727983645297897 ) ) ;
#2870 = EDGE_LOOP ( 'NONE', ( #1343, #2163, #9733, #748, #2374 ) ) ;
#2871 = CARTESIAN_POINT ( 'NONE',  ( 30.19999999999998153, 0.5000000000000000000, -7.798623679425841893 ) ) ;
#2872 = EDGE_LOOP ( 'NONE', ( #1210, #101 ) ) ;
#2873 = EDGE_CURVE ( 'NONE', #3290, #4679, #9719, .T. ) ;
#2874 = EDGE_CURVE ( 'NONE', #6706, #6962, #8709, .T. ) ;
#2875 = AXIS2_PLACEMENT_3D ( 'NONE', #334, #1969, #1186 ) ;
#2876 = EDGE_CURVE ( 'NONE', #3941, #8841, #8373, .T. ) ;
#2877 = CARTESIAN_POINT ( 'NONE',  ( -39.58434658500975445, 0.1071145293931473896, 2.787877755913764855 ) ) ;
#2878 = CARTESIAN_POINT ( 'NONE',  ( -52.00633014137980581, 8.278946080208923419, -4.350000000000210143 ) ) ;
#2879 = DIRECTION ( 'NONE',  ( 0.000000000000000000, 0.000000000000000000, 1.000000000000000000 ) ) ;
#2880 = SHAPE_DEFINITION_REPRESENTATION ( #9487, #5396 ) ;
#2881 = CARTESIAN_POINT ( 'NONE',  ( -52.26625702410917995, 9.211782051960241802, -3.963648087263979658 ) ) ;
#2882 = DIRECTION ( 'NONE',  ( -1.000000000000000000, 0.000000000000000000, 0.000000000000000000 ) ) ;
#2883 = DIRECTION ( 'NONE',  ( 0.000000000000000000, -0.9982455176826010579, 0.05921052631581454062 ) ) ;
#2884 = EDGE_LOOP ( 'NONE', ( #3755, #1856, #6260, #4768, #5330, #2076, #4988, #9773, #6981, #5976, #6793, #5627, #492, #4060 ) ) ;
#2885 = VERTEX_POINT ( 'NONE', #6168 ) ;
#2886 = AXIS2_PLACEMENT_3D ( 'NONE', #1632, #5810, #4887 ) ;
#2887 = LINE ( 'NONE', #392, #9552 ) ;
#2888 = ORIENTED_EDGE ( 'NONE', *, *, #5905, .T. ) ;
#2889 = CARTESIAN_POINT ( 'NONE',  ( 0.000000000000000000, 0.1999999999999996503, -8.849999999999997868 ) ) ;
#2890 = DIRECTION ( 'NONE',  ( 0.000000000000000000, 0.000000000000000000, 1.000000000000000000 ) ) ;
#2891 = FACE_OUTER_BOUND ( 'NONE', #6993, .T. ) ;
#2892 = DIRECTION ( 'NONE',  ( 0.000000000000000000, 1.000000000000000000, 0.000000000000000000 ) ) ;
#2893 = DIRECTION ( 'NONE',  ( 0.000000000000000000, 1.000000000000000000, -0.000000000000000000 ) ) ;
#2894 = DIRECTION ( 'NONE',  ( 0.000000000000000000, 0.000000000000000000, 1.000000000000000000 ) ) ;
#2895 = CARTESIAN_POINT ( 'NONE',  ( -52.20354702646690015, 7.940798442284987324, 4.221184600453645075 ) ) ;
#2896 = ORIENTED_EDGE ( 'NONE', *, *, #8219, .T. ) ;
#2897 = ORIENTED_EDGE ( 'NONE', *, *, #3684, .T. ) ;
#2898 = EDGE_CURVE ( 'NONE', #847, #10304, #2267, .T. ) ;
#2899 = FACE_OUTER_BOUND ( 'NONE', #5814, .T. ) ;
#2900 = EDGE_LOOP ( 'NONE', ( #7454, #877, #7435, #1050 ) ) ;
#2901 = EDGE_CURVE ( 'NONE', #4124, #8330, #7181, .T. ) ;
#2902 = ADVANCED_FACE ( 'NONE', ( #1318 ), #10143, .T. ) ;
#2903 = DIRECTION ( 'NONE',  ( 5.139921410301691225E-16, 0.000000000000000000, -1.000000000000000000 ) ) ;
#2904 = DIRECTION ( 'NONE',  ( 0.000000000000000000, 0.000000000000000000, 1.000000000000000000 ) ) ;
#2905 = LINE ( 'NONE', #8547, #8062 ) ;
#2906 = LINE ( 'NONE', #1949, #1141 ) ;
#2907 = EDGE_LOOP ( 'NONE', ( #6777, #6829, #609, #2228, #2138, #4813, #8442, #1301, #10139 ) ) ;
#2908 = DIRECTION ( 'NONE',  ( -0.000000000000000000, 1.000000000000000000, -0.000000000000000000 ) ) ;
#2909 = ORIENTED_EDGE ( 'NONE', *, *, #691, .F. ) ;
#2910 = CARTESIAN_POINT ( 'NONE',  ( -52.45000000000001705, 7.102280827012616982, -3.001973684210527349 ) ) ;
#2911 = DIRECTION ( 'NONE',  ( 0.000000000000000000, 1.000000000000000000, 0.000000000000000000 ) ) ;
#2912 = CARTESIAN_POINT ( 'NONE',  ( 38.05384757729338929, 5.500000000000000000, -4.651923788646721292 ) ) ;
#2913 = ORIENTED_EDGE ( 'NONE', *, *, #7547, .F. ) ;
#2914 = CARTESIAN_POINT ( 'NONE',  ( -31.44101788930268171, 2.721234519427554233, 3.615000000000000213 ) ) ;
#2915 = DIRECTION ( 'NONE',  ( -0.8660254037844380415, 0.000000000000000000, 0.5000000000000009992 ) ) ;
#2916 = EDGE_LOOP ( 'NONE', ( #4952, #9652, #6519, #1696, #995, #5726 ) ) ;
#2917 = DIRECTION ( 'NONE',  ( -0.000000000000000000, 1.000000000000000000, -0.000000000000000000 ) ) ;
#2918 = ORIENTED_EDGE ( 'NONE', *, *, #8211, .F. ) ;
#2919 = VECTOR ( 'NONE', #6972, 1000.000000000000000 ) ;
#2920 = EDGE_CURVE ( 'NONE', #3048, #2600, #7812, .T. ) ;
#2921 = CARTESIAN_POINT ( 'NONE',  ( -8.000000000000008882, 13.30000000000000071, -14.75000000000000178 ) ) ;
#2922 = CARTESIAN_POINT ( 'NONE',  ( 20.65000000000000213, 5.400000000000000355, 0.000000000000000000 ) ) ;
#2923 = PRODUCT_DEFINITION ( 'æœ', '', #3703, #2105 ) ;
#2924 = FACE_OUTER_BOUND ( 'NONE', #7565, .T. ) ;
#2925 = CARTESIAN_POINT ( 'NONE',  ( 41.25000000000000000, 8.000000000000000000, 8.349999999999997868 ) ) ;
#2926 = CARTESIAN_POINT ( 'NONE',  ( 47.49999999999997868, 0.000000000000000000, -11.75000000000000178 ) ) ;
#2927 = EDGE_LOOP ( 'NONE', ( #2363, #3163, #3058, #5897, #8038, #2452, #5194, #1776 ) ) ;
#2928 = AXIS2_PLACEMENT_3D ( 'NONE', #5035, #7532, #9176 ) ;
#2929 = VERTEX_POINT ( 'NONE', #9352 ) ;
#2930 = LINE ( 'NONE', #6188, #5333 ) ;
#2931 = EDGE_CURVE ( 'NONE', #3048, #6841, #4259, .T. ) ;
#2932 = ORIENTED_EDGE ( 'NONE', *, *, #350, .F. ) ;
#2933 = CARTESIAN_POINT ( 'NONE',  ( 6.964593510958737361E-16, 9.000000000000001776, -13.55000000000000071 ) ) ;
#2934 = EDGE_CURVE ( 'NONE', #9486, #10397, #6215, .T. ) ;
#2935 = CARTESIAN_POINT ( 'NONE',  ( -29.84000000000000696, -5.002961977226933143, 2.765000000000000124 ) ) ;
#2936 = VECTOR ( 'NONE', #1494, 1000.000000000000000 ) ;
#2937 = LINE ( 'NONE', #6045, #5388 ) ;
#2938 = DIRECTION ( 'NONE',  ( -0.9396926207859080948, 0.000000000000000000, -0.3420201433256695456 ) ) ;
#2939 = CARTESIAN_POINT ( 'NONE',  ( 20.65000000000000213, -29.13279938488576448, -12.25000000000000178 ) ) ;
#2940 = LINE ( 'NONE', #7889, #4031 ) ;
#2941 = LINE ( 'NONE', #8057, #1113 ) ;
#2942 = VERTEX_POINT ( 'NONE', #9814 ) ;
#2943 = ORIENTED_EDGE ( 'NONE', *, *, #6321, .T. ) ;
#2944 = CARTESIAN_POINT ( 'NONE',  ( 30.19999999999998153, -0.0009999999999999158867, -11.31869555732605015 ) ) ;
#2945 = VERTEX_POINT ( 'NONE', #3973 ) ;
#2946 = VECTOR ( 'NONE', #5075, 1000.000000000000000 ) ;
#2947 = AXIS2_PLACEMENT_3D ( 'NONE', #2512, #3423, #969 ) ;
#2948 = DIRECTION ( 'NONE',  ( -0.000000000000000000, -1.000000000000000000, 0.000000000000000000 ) ) ;
#2949 = CARTESIAN_POINT ( 'NONE',  ( -31.46672734614590183, 0.000000000000000000, -3.415000000000000036 ) ) ;
#2950 = ADVANCED_FACE ( 'NONE', ( #1728 ), #8227, .F. ) ;
#2951 = LINE ( 'NONE', #6209, #256 ) ;
#2952 = VECTOR ( 'NONE', #3603, 1000.000000000000000 ) ;
#2953 = DIRECTION ( 'NONE',  ( 0.000000000000000000, 1.000000000000000000, 0.000000000000000000 ) ) ;
#2954 = VERTEX_POINT ( 'NONE', #7485 ) ;
#2955 = VERTEX_POINT ( 'NONE', #3169 ) ;
#2956 = CARTESIAN_POINT ( 'NONE',  ( 49.74999999999999289, 3.000000000000000000, -1.816894587996768538E-14 ) ) ;
#2957 = ORIENTED_EDGE ( 'NONE', *, *, #8495, .T. ) ;
#2958 = DIRECTION ( 'NONE',  ( 0.000000000000000000, 1.000000000000000000, -0.000000000000000000 ) ) ;
#2959 = ADVANCED_FACE ( 'NONE', ( #9020 ), #1238, .T. ) ;
#2960 = CARTESIAN_POINT ( 'NONE',  ( 43.49999999999999289, 8.000000000000000000, 0.000000000000000000 ) ) ;
#2961 = VECTOR ( 'NONE', #10383, 1000.000000000000000 ) ;
#2962 = DIRECTION ( 'NONE',  ( 0.000000000000000000, 1.000000000000000000, -0.000000000000000000 ) ) ;
#2963 = EDGE_LOOP ( 'NONE', ( #3894, #8680, #2897, #6048, #9416, #8901, #8703, #4029, #4085, #4157 ) ) ;
#2964 = CARTESIAN_POINT ( 'NONE',  ( -35.24172192299145934, 0.2946731267839041712, -20.34067203111825251 ) ) ;
#2965 = VECTOR ( 'NONE', #7461, 1000.000000000000000 ) ;
#2966 = EDGE_CURVE ( 'NONE', #5942, #3215, #4581, .T. ) ;
#2967 = DIRECTION ( 'NONE',  ( -1.000000000000000000, 0.000000000000000000, 1.374038396813312538E-16 ) ) ;
#2968 = ORIENTED_EDGE ( 'NONE', *, *, #7760, .T. ) ;
#2969 = CARTESIAN_POINT ( 'NONE',  ( -52.11623319514061592, 9.009002635916381507, -4.253749210878611464 ) ) ;
#2970 = ORIENTED_EDGE ( 'NONE', *, *, #10434, .T. ) ;
#2971 = EDGE_CURVE ( 'NONE', #4484, #3006, #986, .T. ) ;
#2972 = AXIS2_PLACEMENT_3D ( 'NONE', #7615, #9355, #7715 ) ;
#2973 = DIRECTION ( 'NONE',  ( 0.000000000000000000, -1.000000000000000000, 0.000000000000000000 ) ) ;
#2974 = DIRECTION ( 'NONE',  ( 0.8660254037844384856, -0.000000000000000000, -0.5000000000000002220 ) ) ;
#2975 = CARTESIAN_POINT ( 'NONE',  ( 31.64750775685063644, 0.1248391197358917071, -11.37560611472381034 ) ) ;
#2976 = CARTESIAN_POINT ( 'NONE',  ( -31.39188509507858527, -2.832502129165929981E-17, 2.847842712474618398 ) ) ;
#2977 = ORIENTED_EDGE ( 'NONE', *, *, #426, .T. ) ;
#2978 = EDGE_LOOP ( 'NONE', ( #2696, #5344 ) ) ;
#2979 = CARTESIAN_POINT ( 'NONE',  ( -53.20000000000000284, 3.000000000000000000, 2.734438190280500643E-14 ) ) ;
#2980 = AXIS2_PLACEMENT_3D ( 'NONE', #6455, #4925, #978 ) ;
#2981 = EDGE_LOOP ( 'NONE', ( #1561, #840, #9827, #7078 ) ) ;
#2982 = CARTESIAN_POINT ( 'NONE',  ( 47.50000000000000000, 8.000000000000000000, -9.500000000000001776 ) ) ;
#2983 = DIRECTION ( 'NONE',  ( 0.000000000000000000, 0.000000000000000000, -1.000000000000000000 ) ) ;
#2984 = CARTESIAN_POINT ( 'NONE',  ( 0.000000000000000000, 13.30000000000000071, -12.25000000000000178 ) ) ;
#2985 = DIRECTION ( 'NONE',  ( 0.000000000000000000, 0.000000000000000000, -1.000000000000000000 ) ) ;
#2986 = CARTESIAN_POINT ( 'NONE',  ( 47.49999999999999289, 11.00000000000000178, 9.500000000000000000 ) ) ;
#2987 = CARTESIAN_POINT ( 'NONE',  ( -31.11939691791956974, 0.1293615736281126527, 2.765000000000000124 ) ) ;
#2988 = CARTESIAN_POINT ( 'NONE',  ( -21.63608679191100137, 13.30000000000000071, -18.15483244721227152 ) ) ;
#2989 = VERTEX_POINT ( 'NONE', #5943 ) ;
#2990 = ORIENTED_EDGE ( 'NONE', *, *, #8667, .F. ) ;
#2991 = ADVANCED_FACE ( 'NONE', ( #5843 ), #9071, .F. ) ;
#2992 = CARTESIAN_POINT ( 'NONE',  ( -39.63977263648107652, 0.1999999999999987899, 3.615000000000000213 ) ) ;
#2993 = ORIENTED_EDGE ( 'NONE', *, *, #2011, .T. ) ;
#2994 = VECTOR ( 'NONE', #500, 1000.000000000000000 ) ;
#2995 = AXIS2_PLACEMENT_3D ( 'NONE', #1786, #8128, #4251 ) ;
#2996 = EDGE_CURVE ( 'NONE', #4771, #5544, #6002, .T. ) ;
#2997 = EDGE_CURVE ( 'NONE', #545, #3859, #1883, .T. ) ;
#2998 = CARTESIAN_POINT ( 'NONE',  ( 23.55788180854698766, 0.2999999999999999889, -7.483866831501331696 ) ) ;
#2999 = DIRECTION ( 'NONE',  ( 5.139921410301691225E-16, 0.000000000000000000, -1.000000000000000000 ) ) ;
#3000 = AXIS2_PLACEMENT_3D ( 'NONE', #8329, #9959, #4385 ) ;
#3001 = AXIS2_PLACEMENT_3D ( 'NONE', #8091, #7869, #4844 ) ;
#3002 = CYLINDRICAL_SURFACE ( 'NONE', #4499, 0.1999999999999987899 ) ;
#3003 = ORIENTED_EDGE ( 'NONE', *, *, #6161, .F. ) ;
#3004 = ADVANCED_FACE ( 'NONE', ( #9966 ), #9120, .T. ) ;
#3005 = FACE_OUTER_BOUND ( 'NONE', #7593, .T. ) ;
#3006 = VERTEX_POINT ( 'NONE', #3384 ) ;
#3007 = VECTOR ( 'NONE', #6076, 1000.000000000000000 ) ;
#3008 = DIRECTION ( 'NONE',  ( -1.000000000000000000, -0.000000000000000000, -0.000000000000000000 ) ) ;
#3009 = ORIENTED_EDGE ( 'NONE', *, *, #8558, .F. ) ;
#3010 = CARTESIAN_POINT ( 'NONE',  ( 2.099999999999991207, 15.10000000000000142, 12.35000000000019149 ) ) ;
#3011 = DIRECTION ( 'NONE',  ( -0.000000000000000000, -1.000000000000000000, 0.000000000000000000 ) ) ;
#3012 = TOROIDAL_SURFACE ( 'NONE', #7773, 1.500000000000000888, 0.2000000000000000111 ) ;
#3013 = EDGE_CURVE ( 'NONE', #9175, #1425, #7698, .T. ) ;
#3014 = AXIS2_PLACEMENT_3D ( 'NONE', #5476, #8707, #7911 ) ;
#3015 = CARTESIAN_POINT ( 'NONE',  ( -47.50000000000000711, 8.000000000000000000, -9.500000000000001776 ) ) ;
#3016 = AXIS2_PLACEMENT_3D ( 'NONE', #6578, #2593, #9826 ) ;
#3017 = DIRECTION ( 'NONE',  ( -1.892425610156521707E-15, 0.000000000000000000, 1.000000000000000000 ) ) ;
#3018 = ORIENTED_EDGE ( 'NONE', *, *, #1190, .T. ) ;
#3019 = AXIS2_PLACEMENT_3D ( 'NONE', #7148, #5502, #8737 ) ;
#3020 = CARTESIAN_POINT ( 'NONE',  ( 26.60635347795576777, 0.2999999999999999889, -5.723830892551231564 ) ) ;
#3021 = CARTESIAN_POINT ( 'NONE',  ( 6.944920150553320681, 0.2999999999999999889, 12.02895455526721769 ) ) ;
#3022 = EDGE_CURVE ( 'NONE', #5987, #5425, #10458, .T. ) ;
#3023 = VECTOR ( 'NONE', #4199, 1000.000000000000000 ) ;
#3024 = CARTESIAN_POINT ( 'NONE',  ( -52.20449119161370533, 8.158866444929048001, -4.260293390209243469 ) ) ;
#3025 = ORIENTED_EDGE ( 'NONE', *, *, #7884, .T. ) ;
#3026 = EDGE_CURVE ( 'NONE', #4637, #7681, #7860, .T. ) ;
#3027 = EDGE_CURVE ( 'NONE', #5045, #9610, #8544, .T. ) ;
#3028 = EDGE_CURVE ( 'NONE', #1627, #8134, #9548, .T. ) ;
#3029 = AXIS2_PLACEMENT_3D ( 'NONE', #4065, #4690, #7941 ) ;
#3030 = AXIS2_PLACEMENT_3D ( 'NONE', #5859, #9089, #4656 ) ;
#3031 = ORIENTED_EDGE ( 'NONE', *, *, #4626, .T. ) ;
#3032 = CARTESIAN_POINT ( 'NONE',  ( -52.26931696081980760, 9.377994522194288862, -3.806794915005420332 ) ) ;
#3033 = CYLINDRICAL_SURFACE ( 'NONE', #7612, 0.2888330770816384119 ) ;
#3034 = DIRECTION ( 'NONE',  ( -5.139921410301690239E-16, 0.000000000000000000, 1.000000000000000000 ) ) ;
#3035 = ORIENTED_EDGE ( 'NONE', *, *, #1901, .F. ) ;
#3036 = EDGE_LOOP ( 'NONE', ( #2932, #1757, #6804, #8632 ) ) ;
#3037 = CARTESIAN_POINT ( 'NONE',  ( -34.34233853611036835, 0.1265113557324328841, -3.601009191073223814 ) ) ;
#3038 = ORIENTED_EDGE ( 'NONE', *, *, #5808, .F. ) ;
#3039 = LINE ( 'NONE', #7246, #48 ) ;
#3040 = CIRCLE ( 'NONE', #5276, 9.300000000000013145 ) ;
#3041 = CARTESIAN_POINT ( 'NONE',  ( 30.95000000000000284, 0.000000000000000000, -2.350000000000003197 ) ) ;
#3042 = CARTESIAN_POINT ( 'NONE',  ( -52.45000000000001705, 9.697719172987385505, 3.001973684210523796 ) ) ;
#3043 = DIRECTION ( 'NONE',  ( 8.673617379884087537E-15, -0.000000000000000000, -1.000000000000000000 ) ) ;
#3044 = CIRCLE ( 'NONE', #2886, 0.2888330770816384119 ) ;
#3045 = CARTESIAN_POINT ( 'NONE',  ( 35.74931454692333688, -2.400397257746766949E-15, -4.522846332895221089 ) ) ;
#3046 = DIRECTION ( 'NONE',  ( -0.000000000000000000, -1.000000000000000000, 0.000000000000000000 ) ) ;
#3047 = DIRECTION ( 'NONE',  ( -0.000000000000000000, 1.000000000000000000, -0.000000000000000000 ) ) ;
#3048 = VERTEX_POINT ( 'NONE', #9871 ) ;
#3049 = ORIENTED_EDGE ( 'NONE', *, *, #9360, .T. ) ;
#3050 = CARTESIAN_POINT ( 'NONE',  ( -52.44999998641311834, 9.684093796512103225, -3.231687416539728464 ) ) ;
#3051 = ORIENTED_EDGE ( 'NONE', *, *, #2901, .F. ) ;
#3052 = CARTESIAN_POINT ( 'NONE',  ( -31.11939691791956974, 0.1293615736281126527, -3.615000000000000213 ) ) ;
#3053 = CARTESIAN_POINT ( 'NONE',  ( -31.27472780755320869, 0.000000000000000000, -9.049999999999998934 ) ) ;
#3054 = ADVANCED_FACE ( 'NONE', ( #6729 ), #2581, .T. ) ;
#3055 = DIRECTION ( 'NONE',  ( 1.000000000000000000, 0.000000000000000000, -7.485322442186879976E-17 ) ) ;
#3056 = ORIENTED_EDGE ( 'NONE', *, *, #8880, .F. ) ;
#3057 = CARTESIAN_POINT ( 'NONE',  ( -30.83999999999999986, 5.954463462733936119, 8.349999999999997868 ) ) ;
#3058 = ORIENTED_EDGE ( 'NONE', *, *, #7559, .T. ) ;
#3059 = EDGE_LOOP ( 'NONE', ( #4511, #3795, #7635, #9683, #4550 ) ) ;
#3060 = ADVANCED_FACE ( 'NONE', ( #7971 ), #6363, .F. ) ;
#3061 = PLANE ( 'NONE',  #627 ) ;
#3062 = ORIENTED_EDGE ( 'NONE', *, *, #3714, .F. ) ;
#3063 = CARTESIAN_POINT ( 'NONE',  ( 3.099999999999991651, 13.30000000000000071, 13.45000000000019114 ) ) ;
#3064 = DIRECTION ( 'NONE',  ( 0.000000000000000000, 0.000000000000000000, 1.000000000000000000 ) ) ;
#3065 = EDGE_CURVE ( 'NONE', #3632, #5030, #4982, .T. ) ;
#3066 = DIRECTION ( 'NONE',  ( -0.000000000000000000, -1.000000000000000000, 0.000000000000000000 ) ) ;
#3067 = CARTESIAN_POINT ( 'NONE',  ( -29.84000000000000341, 6.000000000000000000, -3.315000000000000391 ) ) ;
#3068 = CARTESIAN_POINT ( 'NONE',  ( -20.00000000000001066, 15.10000000000000142, 13.25000000000000178 ) ) ;
#3069 = ORIENTED_EDGE ( 'NONE', *, *, #9498, .T. ) ;
#3070 = CARTESIAN_POINT ( 'NONE',  ( -39.76146882909598901, 0.000000000000000000, 2.965000000000000302 ) ) ;
#3071 = CARTESIAN_POINT ( 'NONE',  ( -30.14000000000001123, 6.296018041280833089, -20.34067203111825251 ) ) ;
#3072 = CARTESIAN_POINT ( 'NONE',  ( -52.20454763282541677, 8.281128428327065194, -4.275301107353317143 ) ) ;
#3073 = ORIENTED_EDGE ( 'NONE', *, *, #30, .F. ) ;
#3074 =( BOUNDED_CURVE ( )  B_SPLINE_CURVE ( 3, ( #6453, #19, #2462, #6619 ),
 .UNSPECIFIED., .F., .F. ) 
 B_SPLINE_CURVE_WITH_KNOTS ( ( 4, 4 ),
 ( 3.168137486254775315, 4.712388980384691450 ),
 .UNSPECIFIED. ) 
 CURVE ( )  GEOMETRIC_REPRESENTATION_ITEM ( )  RATIONAL_B_SPLINE_CURVE ( ( 1.000000000000000000, 0.8109528274920958513, 0.8109528274920958513, 1.000000000000000000 ) ) 
 REPRESENTATION_ITEM ( '' )  );
#3075 = FACE_OUTER_BOUND ( 'NONE', #6072, .T. ) ;
#3076 = EDGE_CURVE ( 'NONE', #4746, #1800, #8580, .T. ) ;
#3077 = ORIENTED_EDGE ( 'NONE', *, *, #7975, .F. ) ;
#3078 = CARTESIAN_POINT ( 'NONE',  ( 2.009170479469691184, 13.30000000000000071, 14.75000000000000178 ) ) ;
#3079 = ADVANCED_FACE ( 'NONE', ( #444 ), #3588, .T. ) ;
#3080 = DIRECTION ( 'NONE',  ( -5.139921410301690239E-16, 0.000000000000000000, 1.000000000000000000 ) ) ;
#3081 = PLANE ( 'NONE',  #2818 ) ;
#3082 = ORIENTED_EDGE ( 'NONE', *, *, #3358, .T. ) ;
#3083 = ORIENTED_EDGE ( 'NONE', *, *, #4507, .T. ) ;
#3084 = DIRECTION ( 'NONE',  ( -0.000000000000000000, 1.000000000000000000, -0.000000000000000000 ) ) ;
#3085 = EDGE_LOOP ( 'NONE', ( #1365, #10200, #1468, #9623, #4265, #6815 ) ) ;
#3086 = CARTESIAN_POINT ( 'NONE',  ( -51.95000000000000995, 6.499999999999999112, -2.449999999999999289 ) ) ;
#3087 = EDGE_CURVE ( 'NONE', #1777, #8154, #390, .T. ) ;
#3088 = CYLINDRICAL_SURFACE ( 'NONE', #10016, 5.499999999999985789 ) ;
#3089 = CYLINDRICAL_SURFACE ( 'NONE', #5930, 0.1999999999999987899 ) ;
#3090 = DIRECTION ( 'NONE',  ( 0.000000000000000000, 0.000000000000000000, 1.000000000000000000 ) ) ;
#3091 = AXIS2_PLACEMENT_3D ( 'NONE', #3484, #6565, #5793 ) ;
#3092 = CYLINDRICAL_SURFACE ( 'NONE', #7223, 0.2888330770816384119 ) ;
#3093 = CARTESIAN_POINT ( 'NONE',  ( -25.50000000000004263, 13.30000000000000071, 6.805453636524403956E-14 ) ) ;
#3094 = CARTESIAN_POINT ( 'NONE',  ( 22.81827201635470459, -1.697056274847719815, -10.08172798364529754 ) ) ;
#3095 = EDGE_LOOP ( 'NONE', ( #7338, #1068, #1908, #6634 ) ) ;
#3096 = VERTEX_POINT ( 'NONE', #4441 ) ;
#3097 = FACE_BOUND ( 'NONE', #3897, .T. ) ;
#3098 = ORIENTED_EDGE ( 'NONE', *, *, #1221, .F. ) ;
#3099 = ADVANCED_FACE ( 'NONE', ( #7733 ), #6883, .T. ) ;
#3100 = AXIS2_PLACEMENT_3D ( 'NONE', #3421, #805, #5657 ) ;
#3101 = EDGE_CURVE ( 'NONE', #3111, #6521, #6939, .T. ) ;
#3102 = FACE_OUTER_BOUND ( 'NONE', #1487, .T. ) ;
#3103 = DIRECTION ( 'NONE',  ( 0.000000000000000000, 0.000000000000000000, 1.000000000000000000 ) ) ;
#3104 = CARTESIAN_POINT ( 'NONE',  ( -53.20000000000000284, 3.000000000000000000, 6.749999999999950262 ) ) ;
#3105 = ORIENTED_EDGE ( 'NONE', *, *, #370, .T. ) ;
#3106 = CARTESIAN_POINT ( 'NONE',  ( -21.63608679191100137, 11.00000000000000178, 18.15483244721227152 ) ) ;
#3107 = EDGE_LOOP ( 'NONE', ( #749, #524, #353, #423, #7005, #598 ) ) ;
#3108 = AXIS2_PLACEMENT_3D ( 'NONE', #2670, #6025, #380 ) ;
#3109 = ORIENTED_EDGE ( 'NONE', *, *, #10215, .T. ) ;
#3110 = FACE_OUTER_BOUND ( 'NONE', #8339, .T. ) ;
#3111 = VERTEX_POINT ( 'NONE', #6781 ) ;
#3112 = DIRECTION ( 'NONE',  ( 4.625929269271484533E-15, 0.000000000000000000, -1.000000000000000000 ) ) ;
#3113 = CARTESIAN_POINT ( 'NONE',  ( -20.00000000000001066, 15.10000000000000142, -14.75000000000000355 ) ) ;
#3114 = CARTESIAN_POINT ( 'NONE',  ( 1.036764281119435083, 13.30000000000000071, 14.75000000000000178 ) ) ;
#3115 = CARTESIAN_POINT ( 'NONE',  ( 1.104085060222564741E-15, 11.00000000000000178, 14.75000000000000355 ) ) ;
#3116 = AXIS2_PLACEMENT_3D ( 'NONE', #8028, #732, #10009 ) ;
#3117 = CARTESIAN_POINT ( 'NONE',  ( -34.52834772718359346, 0.000000000000000000, -9.049999999999998934 ) ) ;
#3118 = DIRECTION ( 'NONE',  ( 1.000000000000000000, 0.000000000000000000, 0.000000000000000000 ) ) ;
#3119 = DIRECTION ( 'NONE',  ( -0.000000000000000000, 1.000000000000000000, -0.000000000000000000 ) ) ;
#3120 = EDGE_LOOP ( 'NONE', ( #237, #6506, #3422, #8069, #4782, #1710, #6661, #1829 ) ) ;
#3121 = DIRECTION ( 'NONE',  ( 0.000000000000000000, 1.000000000000000000, 0.000000000000000000 ) ) ;
#3122 = DIRECTION ( 'NONE',  ( 0.000000000000000000, 0.000000000000000000, 1.000000000000000000 ) ) ;
#3123 = CARTESIAN_POINT ( 'NONE',  ( -51.98539848752885462, 8.998678764500352756, -4.257248146259637878 ) ) ;
#3124 = EDGE_CURVE ( 'NONE', #9261, #1892, #10020, .T. ) ;
#3125 = VECTOR ( 'NONE', #8859, 1000.000000000000000 ) ;
#3126 = EDGE_LOOP ( 'NONE', ( #3480, #7830, #6376, #9710 ) ) ;
#3127 = ADVANCED_FACE ( 'NONE', ( #8482 ), #9218, .T. ) ;
#3128 = CYLINDRICAL_SURFACE ( 'NONE', #300, 0.2999999999999998779 ) ;
#3129 = ORIENTED_EDGE ( 'NONE', *, *, #550, .F. ) ;
#3130 = CARTESIAN_POINT ( 'NONE',  ( 31.65096152549729780, 0.1300423822510694549, 3.055729192126843685 ) ) ;
#3131 = CARTESIAN_POINT ( 'NONE',  ( 23.44446861781633373, 0.09378038618371714596, 2.758250430495004402 ) ) ;
#3132 = DIRECTION ( 'NONE',  ( 0.000000000000000000, 1.000000000000000000, 0.000000000000000000 ) ) ;
#3133 = ORIENTED_EDGE ( 'NONE', *, *, #7586, .F. ) ;
#3134 = ORIENTED_EDGE ( 'NONE', *, *, #5176, .T. ) ;
#3135 = LINE ( 'NONE', #7144, #3960 ) ;
#3136 = VERTEX_POINT ( 'NONE', #5188 ) ;
#3137 = DIRECTION ( 'NONE',  ( -0.8660254037844380415, 0.000000000000000000, 0.5000000000000009992 ) ) ;
#3138 = TOROIDAL_SURFACE ( 'NONE', #9943, 9.300000000000013145, 0.2999999999999999889 ) ;
#3139 = EDGE_CURVE ( 'NONE', #465, #7459, #10119, .T. ) ;
#3140 = DIRECTION ( 'NONE',  ( -0.000000000000000000, 1.000000000000000000, 2.891205793294675861E-16 ) ) ;
#3141 = CARTESIAN_POINT ( 'NONE',  ( -34.52834772718359346, 0.000000000000000000, -3.415000000000000036 ) ) ;
#3142 = CARTESIAN_POINT ( 'NONE',  ( 52.75100000000002609, 8.400000000000000355, 2.924999999999982947 ) ) ;
#3143 = CARTESIAN_POINT ( 'NONE',  ( 35.66143789659457752, 0.000000000000000000, -0.1494653044016144572 ) ) ;
#3144 = LINE ( 'NONE', #3744, #8581 ) ;
#3145 = AXIS2_PLACEMENT_3D ( 'NONE', #6371, #4099, #7340 ) ;
#3146 = CARTESIAN_POINT ( 'NONE',  ( -52.45000000000000995, 9.697719172987381953, -3.001973684210526905 ) ) ;
#3147 = LINE ( 'NONE', #657, #3155 ) ;
#3148 = ORIENTED_EDGE ( 'NONE', *, *, #3139, .T. ) ;
#3149 = ORIENTED_EDGE ( 'NONE', *, *, #8311, .F. ) ;
#3150 = FACE_BOUND ( 'NONE', #2348, .T. ) ;
#3151 = ORIENTED_EDGE ( 'NONE', *, *, #2750, .F. ) ;
#3152 = EDGE_CURVE ( 'NONE', #8424, #5284, #6190, .T. ) ;
#3153 = B_SPLINE_CURVE_WITH_KNOTS ( 'NONE', 3,
 ( #10478, #3191, #6439, #7347, #9679, #800 ),
 .UNSPECIFIED., .F., .F.,
 ( 4, 2, 4 ),
 ( 0.000000000000000000, 0.0003762168376258460348, 0.0007524336752516920697 ),
 .UNSPECIFIED. ) ;
#3154 = CARTESIAN_POINT ( 'NONE',  ( 30.20000000000002416, -0.0009999999999999158867, 0.000000000000000000 ) ) ;
#3155 = VECTOR ( 'NONE', #7040, 1000.000000000000000 ) ;
#3156 = DIRECTION ( 'NONE',  ( 1.000000000000000000, 0.000000000000000000, 0.000000000000000000 ) ) ;
#3157 = EDGE_CURVE ( 'NONE', #3696, #5540, #9324, .T. ) ;
#3158 = CARTESIAN_POINT ( 'NONE',  ( 51.95000000000000284, 11.35000000000000142, -1.700000000000000178 ) ) ;
#3159 = VERTEX_POINT ( 'NONE', #8428 ) ;
#3160 = DIRECTION ( 'NONE',  ( 1.000000000000000000, 0.000000000000000000, 0.000000000000000000 ) ) ;
#3161 = ORIENTED_EDGE ( 'NONE', *, *, #9000, .T. ) ;
#3162 = EDGE_CURVE ( 'NONE', #4517, #1813, #9420, .T. ) ;
#3163 = ORIENTED_EDGE ( 'NONE', *, *, #7710, .T. ) ;
#3164 = AXIS2_PLACEMENT_3D ( 'NONE', #7214, #10451, #3160 ) ;
#3165 = DIRECTION ( 'NONE',  ( 0.000000000000000000, 0.000000000000000000, 1.000000000000000000 ) ) ;
#3166 = ORIENTED_EDGE ( 'NONE', *, *, #4542, .T. ) ;
#3167 = ORIENTED_EDGE ( 'NONE', *, *, #193, .T. ) ;
#3168 = DIRECTION ( 'NONE',  ( 0.000000000000000000, 0.000000000000000000, 1.000000000000000000 ) ) ;
#3169 = CARTESIAN_POINT ( 'NONE',  ( 50.25000000000000000, 11.00000000000000178, 6.000000000000000000 ) ) ;
#3170 = VECTOR ( 'NONE', #1298, 1000.000000000000000 ) ;
#3171 = CARTESIAN_POINT ( 'NONE',  ( 9.130079849446705254, 0.5000000000000000000, -15.81376217640252690 ) ) ;
#3172 = AXIS2_PLACEMENT_3D ( 'NONE', #6966, #473, #3717 ) ;
#3173 = DIRECTION ( 'NONE',  ( 0.000000000000000000, 0.000000000000000000, 1.000000000000000000 ) ) ;
#3174 = CARTESIAN_POINT ( 'NONE',  ( 36.04364652204422725, 0.2999999999999999889, -0.2752072131254369447 ) ) ;
#3175 = PLANE ( 'NONE',  #7213 ) ;
#3176 = DIRECTION ( 'NONE',  ( 1.000000000000000000, 0.000000000000000000, 0.000000000000000000 ) ) ;
#3177 = ORIENTED_EDGE ( 'NONE', *, *, #3332, .T. ) ;
#3178 = CARTESIAN_POINT ( 'NONE',  ( 50.24999999999999289, 9.850000000000003197, -2.500000000000000444 ) ) ;
#3179 = VECTOR ( 'NONE', #3656, 1000.000000000000000 ) ;
#3180 = DIRECTION ( 'NONE',  ( 0.3420201433256696566, 0.000000000000000000, 0.9396926207859080948 ) ) ;
#3181 = DIRECTION ( 'NONE',  ( 0.000000000000000000, 0.000000000000000000, -1.000000000000000000 ) ) ;
#3182 = ORIENTED_EDGE ( 'NONE', *, *, #1797, .F. ) ;
#3183 = VECTOR ( 'NONE', #6433, 1000.000000000000000 ) ;
#3184 = VECTOR ( 'NONE', #4880, 1000.000000000000000 ) ;
#3185 = VECTOR ( 'NONE', #5175, 1000.000000000000000 ) ;
#3186 = CARTESIAN_POINT ( 'NONE',  ( 3.099999999999991651, 13.30000000000000071, -13.45000000000019114 ) ) ;
#3187 = ADVANCED_FACE ( 'NONE', ( #5140 ), #1292, .T. ) ;
#3188 = B_SPLINE_CURVE_WITH_KNOTS ( 'NONE', 3,
 ( #8392, #9930, #1850, #259, #4304, #945, #10034, #4357 ),
 .UNSPECIFIED., .F., .F.,
 ( 4, 2, 2, 4 ),
 ( 0.000000000000000000, 0.0001382025733524806755, 0.0002764051467049613510, 0.0005528102934099356040 ),
 .UNSPECIFIED. ) ;
#3189 = ORIENTED_EDGE ( 'NONE', *, *, #7170, .T. ) ;
#3190 = AXIS2_PLACEMENT_3D ( 'NONE', #944, #306, #5202 ) ;
#3191 = CARTESIAN_POINT ( 'NONE',  ( -52.23135736848558253, 7.127892643055092847, -3.593355414828996341 ) ) ;
#3192 = PLANE ( 'NONE',  #5745 ) ;
#3193 = CARTESIAN_POINT ( 'NONE',  ( -52.33704905526284534, 8.400000000000959588, 4.225000000000030731 ) ) ;
#3194 = ORIENTED_EDGE ( 'NONE', *, *, #4653, .T. ) ;
#3195 = ORIENTED_EDGE ( 'NONE', *, *, #669, .T. ) ;
#3196 = LINE ( 'NONE', #8045, #3460 ) ;
#3197 = ADVANCED_FACE ( 'NONE', ( #1087 ), #4340, .T. ) ;
#3198 = ORIENTED_EDGE ( 'NONE', *, *, #1333, .F. ) ;
#3199 = DIRECTION ( 'NONE',  ( -1.000000000000000000, 0.000000000000000000, 0.000000000000000000 ) ) ;
#3200 = ADVANCED_FACE ( 'NONE', ( #6042 ), #4393, .T. ) ;
#3201 = CIRCLE ( 'NONE', #1498, 0.7999999999999999334 ) ;
#3202 = AXIS2_PLACEMENT_3D ( 'NONE', #9702, #4019, #5731 ) ;
#3203 = DIRECTION ( 'NONE',  ( 0.000000000000000000, 1.000000000000000000, -0.000000000000000000 ) ) ;
#3204 = CYLINDRICAL_SURFACE ( 'NONE', #2691, 0.2000000000000005107 ) ;
#3205 = DIRECTION ( 'NONE',  ( -1.000000000000000000, 0.000000000000000000, 1.374038396813312538E-16 ) ) ;
#3206 = CARTESIAN_POINT ( 'NONE',  ( -52.26145712155787493, 8.508982683180377649, 4.224941934850096281 ) ) ;
#3207 = DIRECTION ( 'NONE',  ( 0.000000000000000000, 1.000000000000000000, -0.000000000000000000 ) ) ;
#3208 = CARTESIAN_POINT ( 'NONE',  ( 26.64929317472360637, 0.02221052063481712691, 0.8110334556950198337 ) ) ;
#3209 = LINE ( 'NONE', #2523, #3510 ) ;
#3210 = ORIENTED_EDGE ( 'NONE', *, *, #361, .T. ) ;
#3211 = EDGE_LOOP ( 'NONE', ( #3035, #3098, #4881, #7557 ) ) ;
#3212 = VECTOR ( 'NONE', #4395, 1000.000000000000000 ) ;
#3213 =( BOUNDED_SURFACE ( )  B_SPLINE_SURFACE ( 3, 2, ( 
 ( #1575, #1631, #4831 ),
 ( #96, #4091, #4885 ),
 ( #3278, #8075, #6525 ),
 ( #9767, #6313, #4723 ),
 ( #1945, #2702, #8444 ),
 ( #1793, #156, #4260 ),
 ( #5152, #208, #5857 ),
 ( #6003, #5204, #1160 ),
 ( #3555, #5052, #8299 ),
 ( #9037, #7441, #9088 ),
 ( #3451, #5904, #3402 ),
 ( #5958, #6583, #6642 ),
 ( #9884, #1103, #9832 ),
 ( #7499, #1005, #2547 ) ),
 .UNSPECIFIED., .F., .F., .F. ) 
 B_SPLINE_SURFACE_WITH_KNOTS ( ( 4, 2, 2, 2, 2, 2, 4 ),
 ( 3, 3 ),
 ( 0.001155377463937200255, 0.001777644056775336484, 0.002088777353194404707, 0.002399910649613472714, 0.002711043946032541153, 0.003022177242451609160, 0.003644443835289745172 ),
 ( 0.2421920237796739983, 1.000000000000000000 ),
 .UNSPECIFIED. ) 
 GEOMETRIC_REPRESENTATION_ITEM ( )  RATIONAL_B_SPLINE_SURFACE ( (
 ( 0.8924876584055161377, 0.7780431826023104236, 1.000000000000000000),
 ( 0.9142263183624192990, 0.8229221584200262507, 1.000000000000000000),
 ( 0.9307382614168151491, 0.8570106944434441321, 1.000000000000000000),
 ( 0.9478720286472832601, 0.8923829725289831316, 1.000000000000000000),
 ( 0.9521871564487636164, 0.9012914570738865816, 1.000000000000000000),
 ( 0.9580339200397480770, 0.9133619693470391709, 1.000000000000000000),
 ( 0.9595443787239428257, 0.9164802774164431121, 1.000000000000000000),
 ( 0.9595213182611155300, 0.9164326696082514268, 1.000000000000000000),
 ( 0.9580366851113608639, 0.9133676777753548803, 1.000000000000000000),
 ( 0.9521631394559417760, 0.9012418745309791479, 1.000000000000000000),
 ( 0.9477395637319951938, 0.8921095016829558855, 1.000000000000000000),
 ( 0.9306991181601713681, 0.8569298840682038065, 1.000000000000000000),
 ( 0.9139791508508045004, 0.8224118866370057068, 1.000000000000000000),
 ( 0.8924876584055168038, 0.7780431826023118669, 1.000000000000000000) ) ) 
 REPRESENTATION_ITEM ( '' )  SURFACE ( )  );
#3214 = CARTESIAN_POINT ( 'NONE',  ( -51.99281528994465162, 8.878969356734467411, -4.292623908086768303 ) ) ;
#3215 = VERTEX_POINT ( 'NONE', #9266 ) ;
#3216 = FACE_BOUND ( 'NONE', #8854, .T. ) ;
#3217 = DIRECTION ( 'NONE',  ( 0.000000000000000000, 0.000000000000000000, 1.000000000000000000 ) ) ;
#3218 = EDGE_CURVE ( 'NONE', #4797, #2074, #752, .T. ) ;
#3219 = DIRECTION ( 'NONE',  ( 1.000000000000000000, 0.000000000000000000, 0.000000000000000000 ) ) ;
#3220 = ORIENTED_EDGE ( 'NONE', *, *, #8555, .T. ) ;
#3221 = CYLINDRICAL_SURFACE ( 'NONE', #10132, 0.2999999999999999334 ) ;
#3222 = ADVANCED_FACE ( 'NONE', ( #5550 ), #1549, .T. ) ;
#3223 = ORIENTED_EDGE ( 'NONE', *, *, #1394, .T. ) ;
#3224 = EDGE_LOOP ( 'NONE', ( #8904, #1509, #1938, #6971 ) ) ;
#3225 = ADVANCED_FACE ( 'NONE', ( #8047 ), #6239, .T. ) ;
#3226 = CARTESIAN_POINT ( 'NONE',  ( -31.11939691791956974, 0.5000000000000004441, -20.34067203111825251 ) ) ;
#3227 = VERTEX_POINT ( 'NONE', #10428 ) ;
#3228 = EDGE_LOOP ( 'NONE', ( #3585, #1120, #9445, #5424 ) ) ;
#3229 = DIRECTION ( 'NONE',  ( 0.000000000000000000, 0.000000000000000000, -1.000000000000000000 ) ) ;
#3230 = EDGE_CURVE ( 'NONE', #365, #5629, #3039, .T. ) ;
#3231 = CARTESIAN_POINT ( 'NONE',  ( 26.06211131251739843, 0.02221052063481773406, -4.494004637070963426 ) ) ;
#3232 = DIRECTION ( 'NONE',  ( 1.971236424878464058E-15, -0.000000000000000000, 1.000000000000000000 ) ) ;
#3233 = CARTESIAN_POINT ( 'NONE',  ( -52.25000000000001421, 8.400000000000000355, -4.350000000000000533 ) ) ;
#3234 = DIRECTION ( 'NONE',  ( 0.000000000000000000, 1.000000000000000000, -0.000000000000000000 ) ) ;
#3235 = CARTESIAN_POINT ( 'NONE',  ( -29.81007189365366372, -2.624222992386002318, -3.615000000000000213 ) ) ;
#3236 = VERTEX_POINT ( 'NONE', #7833 ) ;
#3237 = CARTESIAN_POINT ( 'NONE',  ( 0.000000000000000000, 5.400000000000000355, -8.849999999999997868 ) ) ;
#3238 = DIRECTION ( 'NONE',  ( -0.000000000000000000, -0.000000000000000000, 1.000000000000000000 ) ) ;
#3239 = LINE ( 'NONE', #9779, #4324 ) ;
#3240 = ORIENTED_EDGE ( 'NONE', *, *, #792, .T. ) ;
#3241 = B_SPLINE_CURVE_WITH_KNOTS ( 'NONE', 3,
 ( #1716, #5933, #6771, #1074, #7357, #5832, #973, #919 ),
 .UNSPECIFIED., .F., .F.,
 ( 4, 2, 2, 4 ),
 ( -3.466145320681136689E-06, 0.0002882777914486061742, 0.0004341497598332409702, 0.0005800217282178758748 ),
 .UNSPECIFIED. ) ;
#3242 = LINE ( 'NONE', #6437, #10307 ) ;
#3243 = VERTEX_POINT ( 'NONE', #2142 ) ;
#3244 = CARTESIAN_POINT ( 'NONE',  ( 51.95000000000000284, 11.00000000000000178, 4.000000000000000000 ) ) ;
#3245 = CARTESIAN_POINT ( 'NONE',  ( 0.5999999999999912070, 13.30000000000000071, 13.55000000000000071 ) ) ;
#3246 = CARTESIAN_POINT ( 'NONE',  ( -34.34233853611036835, 0.1265113557324328841, 8.363990808926773823 ) ) ;
#3247 = ORIENTED_EDGE ( 'NONE', *, *, #9736, .F. ) ;
#3248 = ORIENTED_EDGE ( 'NONE', *, *, #5573, .T. ) ;
#3249 = CARTESIAN_POINT ( 'NONE',  ( 37.45000000000000284, 5.400000000000000355, 8.349999999999997868 ) ) ;
#3250 = VERTEX_POINT ( 'NONE', #3086 ) ;
#3251 = DIRECTION ( 'NONE',  ( 0.000000000000000000, -0.000000000000000000, 1.000000000000000000 ) ) ;
#3252 = CARTESIAN_POINT ( 'NONE',  ( 30.95000000000000284, 0.2999999999999999889, -2.350000000000003197 ) ) ;
#3253 = CARTESIAN_POINT ( 'NONE',  ( -19.99999999999997158, 13.30000000000000071, 5.337610695313241287E-14 ) ) ;
#3254 = LINE ( 'NONE', #4067, #5259 ) ;
#3255 = FACE_OUTER_BOUND ( 'NONE', #2421, .T. ) ;
#3256 = DIRECTION ( 'NONE',  ( 1.000000000000000000, 0.000000000000000000, -2.667330462785983744E-14 ) ) ;
#3257 = DIRECTION ( 'NONE',  ( 0.000000000000000000, 1.000000000000000000, -0.000000000000000000 ) ) ;
#3258 = CARTESIAN_POINT ( 'NONE',  ( -52.21634906207963667, 7.277009259197138036, -3.782850090902825979 ) ) ;
#3259 = VERTEX_POINT ( 'NONE', #10327 ) ;
#3260 = ORIENTED_EDGE ( 'NONE', *, *, #42, .F. ) ;
#3261 = CARTESIAN_POINT ( 'NONE',  ( -35.06554871542299878, 0.2000000000000000944, -20.34067203111825251 ) ) ;
#3262 = ORIENTED_EDGE ( 'NONE', *, *, #6699, .F. ) ;
#3263 = EDGE_CURVE ( 'NONE', #10482, #1346, #7355, .T. ) ;
#3264 = CARTESIAN_POINT ( 'NONE',  ( 51.95000000000000284, 11.34999999999999964, 3.299999999999999378 ) ) ;
#3265 = DIRECTION ( 'NONE',  ( 0.000000000000000000, -0.05921052631576486508, 0.9982455176826041665 ) ) ;
#3266 = EDGE_CURVE ( 'NONE', #3295, #5272, #2759, .T. ) ;
#3267 = CARTESIAN_POINT ( 'NONE',  ( 43.25000000000000711, 5.500000000000000000, -4.651923788646721292 ) ) ;
#3268 = ORIENTED_EDGE ( 'NONE', *, *, #4113, .F. ) ;
#3269 = LINE ( 'NONE', #7491, #9122 ) ;
#3270 = ORIENTED_EDGE ( 'NONE', *, *, #9728, .T. ) ;
#3271 = VERTEX_POINT ( 'NONE', #3945 ) ;
#3272 = LINE ( 'NONE', #8343, #3184 ) ;
#3273 = EDGE_CURVE ( 'NONE', #8145, #9003, #5676, .T. ) ;
#3274 = ORIENTED_EDGE ( 'NONE', *, *, #20, .F. ) ;
#3275 = ORIENTED_EDGE ( 'NONE', *, *, #2412, .F. ) ;
#3276 = DIRECTION ( 'NONE',  ( 0.000000000000000000, 0.000000000000000000, -1.000000000000000000 ) ) ;
#3277 = VECTOR ( 'NONE', #6095, 1000.000000000000000 ) ;
#3278 = CARTESIAN_POINT ( 'NONE',  ( -52.20955632327768825, 9.292356794821946764, 4.000050849201755909 ) ) ;
#3279 = EDGE_CURVE ( 'NONE', #1219, #1408, #2351, .T. ) ;
#3280 = FACE_OUTER_BOUND ( 'NONE', #3364, .T. ) ;
#3281 = VECTOR ( 'NONE', #8264, 1000.000000000000000 ) ;
#3282 = DIRECTION ( 'NONE',  ( -1.176083712526649195E-16, 0.000000000000000000, -1.000000000000000000 ) ) ;
#3283 = DIRECTION ( 'NONE',  ( 0.000000000000000000, 0.000000000000000000, 1.000000000000000000 ) ) ;
#3284 = ORIENTED_EDGE ( 'NONE', *, *, #1102, .T. ) ;
#3285 = VERTEX_POINT ( 'NONE', #7086 ) ;
#3286 = CARTESIAN_POINT ( 'NONE',  ( 52.75100000000002609, 9.700000000000001066, -2.925000000000016254 ) ) ;
#3287 = EDGE_CURVE ( 'NONE', #90, #5629, #538, .T. ) ;
#3288 = DIRECTION ( 'NONE',  ( 0.000000000000000000, 0.000000000000000000, 1.000000000000000000 ) ) ;
#3289 = PLANE ( 'NONE',  #9561 ) ;
#3290 = VERTEX_POINT ( 'NONE', #701 ) ;
#3291 = TOROIDAL_SURFACE ( 'NONE', #6518, 5.199999999999985967, 0.2999999999999999889 ) ;
#3292 = VECTOR ( 'NONE', #682, 1000.000000000000000 ) ;
#3293 = CARTESIAN_POINT ( 'NONE',  ( -52.40568058483291480, 7.148330670390468100, 3.751634072195720204 ) ) ;
#3294 = EDGE_CURVE ( 'NONE', #8134, #7117, #9726, .T. ) ;
#3295 = VERTEX_POINT ( 'NONE', #5608 ) ;
#3296 = FACE_OUTER_BOUND ( 'NONE', #6923, .T. ) ;
#3297 = CARTESIAN_POINT ( 'NONE',  ( -52.23796951423593526, 9.736145541864376085, -3.486806783907491880 ) ) ;
#3298 = AXIS2_PLACEMENT_3D ( 'NONE', #7002, #1458, #9492 ) ;
#3299 = CARTESIAN_POINT ( 'NONE',  ( -30.13203748537932825, 5.996123729295902649, -2.765105688015068619 ) ) ;
#3300 = ORIENTED_EDGE ( 'NONE', *, *, #6755, .F. ) ;
#3301 = ORIENTED_EDGE ( 'NONE', *, *, #9931, .F. ) ;
#3302 = EDGE_CURVE ( 'NONE', #23, #4204, #8654, .T. ) ;
#3303 = LINE ( 'NONE', #2453, #61 ) ;
#3304 = EDGE_LOOP ( 'NONE', ( #8399, #8984, #4297, #1056, #330, #7301 ) ) ;
#3305 = DIRECTION ( 'NONE',  ( 0.000000000000000000, 0.000000000000000000, -1.000000000000000000 ) ) ;
#3306 = DIRECTION ( 'NONE',  ( -0.000000000000000000, -1.000000000000000000, -0.000000000000000000 ) ) ;
#3307 = VECTOR ( 'NONE', #10437, 1000.000000000000000 ) ;
#3308 = CARTESIAN_POINT ( 'NONE',  ( -34.32300333360995381, 0.1748349968067964832, 3.615000000000000657 ) ) ;
#3309 = CARTESIAN_POINT ( 'NONE',  ( 50.24999999999999289, 9.850000000000001421, -3.299999999999999822 ) ) ;
#3310 = CARTESIAN_POINT ( 'NONE',  ( -52.34853377184430911, 8.922947273160144022, 4.119929395690672180 ) ) ;
#3311 = FACE_OUTER_BOUND ( 'NONE', #9144, .T. ) ;
#3312 = CARTESIAN_POINT ( 'NONE',  ( 26.66860260373149671, 7.564004218980900056E-16, 0.7199051519403094623 ) ) ;
#3313 = FILL_AREA_STYLE_COLOUR ( '', #9444 ) ;
#3314 = ORIENTED_EDGE ( 'NONE', *, *, #4094, .T. ) ;
#3315 = ORIENTED_EDGE ( 'NONE', *, *, #589, .F. ) ;
#3316 = DIRECTION ( 'NONE',  ( 0.000000000000000000, 0.000000000000000000, 1.000000000000000000 ) ) ;
#3317 = AXIS2_PLACEMENT_3D ( 'NONE', #6182, #4629, #1339 ) ;
#3318 = ORIENTED_EDGE ( 'NONE', *, *, #10057, .T. ) ;
#3319 = CARTESIAN_POINT ( 'NONE',  ( -34.37348617369437420, 0.04767268713831671056, 8.395138446510774344 ) ) ;
#3320 = CARTESIAN_POINT ( 'NONE',  ( 52.75000000000000000, 8.000000000000000000, -9.499999999999920064 ) ) ;
#3321 = CIRCLE ( 'NONE', #6900, 0.7999999999999992673 ) ;
#3322 = DIRECTION ( 'NONE',  ( 0.000000000000000000, 2.891205793294675861E-16, -1.000000000000000000 ) ) ;
#3323 = EDGE_CURVE ( 'NONE', #4440, #2139, #5313, .T. ) ;
#3324 = ORIENTED_EDGE ( 'NONE', *, *, #7760, .F. ) ;
#3325 = CARTESIAN_POINT ( 'NONE',  ( -52.38110278637028472, 9.366366140756406722, -3.820715728817349888 ) ) ;
#3326 = ORIENTED_EDGE ( 'NONE', *, *, #5577, .T. ) ;
#3327 = VERTEX_POINT ( 'NONE', #2238 ) ;
#3328 = CARTESIAN_POINT ( 'NONE',  ( 51.95000000000000284, 9.000000000000001776, 0.000000000000000000 ) ) ;
#3329 = ORIENTED_EDGE ( 'NONE', *, *, #3655, .T. ) ;
#3330 = ORIENTED_EDGE ( 'NONE', *, *, #6102, .T. ) ;
#3331 = DIRECTION ( 'NONE',  ( 1.000000000000000000, -2.312964634635741872E-15, 4.625929269271483744E-15 ) ) ;
#3332 = EDGE_CURVE ( 'NONE', #4462, #3657, #5486, .T. ) ;
#3333 = EDGE_CURVE ( 'NONE', #1855, #9237, #649, .T. ) ;
#3334 = VECTOR ( 'NONE', #2731, 1000.000000000000114 ) ;
#3335 = ADVANCED_FACE ( 'NONE', ( #9007 ), #4915, .T. ) ;
#3336 = LINE ( 'NONE', #3500, #3023 ) ;
#3337 = DIRECTION ( 'NONE',  ( 0.6427876096865379196, 0.000000000000000000, -0.7660444431189792347 ) ) ;
#3338 = AXIS2_PLACEMENT_3D ( 'NONE', #2539, #1622, #89 ) ;
#3339 = DIRECTION ( 'NONE',  ( 0.5000000000000009992, 0.000000000000000000, 0.8660254037844380415 ) ) ;
#3340 = DIRECTION ( 'NONE',  ( -0.000000000000000000, -1.000000000000000000, -0.000000000000000000 ) ) ;
#3341 = AXIS2_PLACEMENT_3D ( 'NONE', #8937, #4056, #2506 ) ;
#3342 = ORIENTED_EDGE ( 'NONE', *, *, #4445, .F. ) ;
#3343 = ORIENTED_EDGE ( 'NONE', *, *, #4648, .F. ) ;
#3344 = DIRECTION ( 'NONE',  ( -0.000000000000000000, -1.000000000000000000, -0.000000000000000000 ) ) ;
#3345 = DIRECTION ( 'NONE',  ( -0.000000000000000000, 1.000000000000000000, 2.891205793294675861E-16 ) ) ;
#3346 = EDGE_CURVE ( 'NONE', #8175, #916, #1602, .T. ) ;
#3347 = CARTESIAN_POINT ( 'NONE',  ( -52.23908574990804254, 7.052545631470603205, -3.497160870918232689 ) ) ;
#3348 = AXIS2_PLACEMENT_3D ( 'NONE', #1506, #7095, #8003 ) ;
#3349 = ORIENTED_EDGE ( 'NONE', *, *, #3279, .F. ) ;
#3350 = AXIS2_PLACEMENT_3D ( 'NONE', #4571, #5216, #8459 ) ;
#3351 = AXIS2_PLACEMENT_3D ( 'NONE', #2843, #6105, #2051 ) ;
#3352 = CARTESIAN_POINT ( 'NONE',  ( -30.14000000000000412, 0.5000000000000004441, -3.064999999999999947 ) ) ;
#3353 = CIRCLE ( 'NONE', #4216, 11.00296197722692959 ) ;
#3354 = EDGE_CURVE ( 'NONE', #2259, #2591, #7408, .T. ) ;
#3355 = ORIENTED_EDGE ( 'NONE', *, *, #616, .F. ) ;
#3356 = CARTESIAN_POINT ( 'NONE',  ( -31.44101788930268171, 2.721234519427554233, -2.765000000000000124 ) ) ;
#3357 = FACE_OUTER_BOUND ( 'NONE', #1870, .T. ) ;
#3358 = EDGE_CURVE ( 'NONE', #5272, #4771, #9056, .T. ) ;
#3359 = DIRECTION ( 'NONE',  ( 0.000000000000000000, 1.000000000000000000, -0.000000000000000000 ) ) ;
#3360 = ORIENTED_EDGE ( 'NONE', *, *, #1157, .T. ) ;
#3361 = AXIS2_PLACEMENT_3D ( 'NONE', #1374, #1273, #2915 ) ;
#3362 = EDGE_CURVE ( 'NONE', #5874, #6107, #7456, .T. ) ;
#3363 = DIRECTION ( 'NONE',  ( 0.000000000000000000, 0.000000000000000000, -1.000000000000000000 ) ) ;
#3364 = EDGE_LOOP ( 'NONE', ( #10213, #4474, #8481, #7218 ) ) ;
#3365 = CARTESIAN_POINT ( 'NONE',  ( -30.13733985612995525, 5.995981988622158809, -2.765000000000000124 ) ) ;
#3366 = VECTOR ( 'NONE', #10352, 1000.000000000000000 ) ;
#3367 = ADVANCED_FACE ( 'NONE', ( #4226 ), #1713, .T. ) ;
#3368 = EDGE_CURVE ( 'NONE', #6262, #3563, #7307, .T. ) ;
#3369 = AXIS2_PLACEMENT_3D ( 'NONE', #4234, #7476, #1719 ) ;
#3370 = CARTESIAN_POINT ( 'NONE',  ( -52.25000000000001421, 8.400000000000000355, 2.449999999999999734 ) ) ;
#3371 = CIRCLE ( 'NONE', #3706, 0.1999999999999987899 ) ;
#3372 = LINE ( 'NONE', #2517, #3185 ) ;
#3373 = CARTESIAN_POINT ( 'NONE',  ( -30.13203748537936733, 5.996123729295902649, -3.614894311984932607 ) ) ;
#3374 = CARTESIAN_POINT ( 'NONE',  ( -52.27563198490997820, 7.308115275766796870, 3.630658523920708092 ) ) ;
#3375 = CARTESIAN_POINT ( 'NONE',  ( 0.000000000000000000, 9.000000000000001776, -12.25000000000000178 ) ) ;
#3376 = VECTOR ( 'NONE', #876, 1000.000000000000000 ) ;
#3377 = DIRECTION ( 'NONE',  ( -0.000000000000000000, -0.000000000000000000, 1.000000000000000000 ) ) ;
#3378 = AXIS2_PLACEMENT_3D ( 'NONE', #8271, #922, #975 ) ;
#3379 = PRESENTATION_STYLE_ASSIGNMENT (( #9015 ) ) ;
#3380 = ORIENTED_EDGE ( 'NONE', *, *, #725, .T. ) ;
#3381 = ORIENTED_EDGE ( 'NONE', *, *, #4689, .T. ) ;
#3382 = DIRECTION ( 'NONE',  ( -0.000000000000000000, -1.000000000000000000, -0.000000000000000000 ) ) ;
#3383 = VERTEX_POINT ( 'NONE', #6496 ) ;
#3384 = CARTESIAN_POINT ( 'NONE',  ( -45.19999999999994600, 17.60000000000000142, -13.55000000000000249 ) ) ;
#3385 = VECTOR ( 'NONE', #309, 1000.000000000000000 ) ;
#3386 = AXIS2_PLACEMENT_3D ( 'NONE', #1307, #2369, #8906 ) ;
#3387 = CARTESIAN_POINT ( 'NONE',  ( -52.40568058483291480, 7.315219914338405793, 3.641416195902961395 ) ) ;
#3388 = CARTESIAN_POINT ( 'NONE',  ( -51.96394933554886819, 7.467429479039968676, 4.122866789112356933 ) ) ;
#3389 = VECTOR ( 'NONE', #6044, 999.9999999999998863 ) ;
#3390 = LINE ( 'NONE', #9075, #937 ) ;
#3391 = ORIENTED_EDGE ( 'NONE', *, *, #1121, .T. ) ;
#3392 = CIRCLE ( 'NONE', #7090, 11.00296197722692959 ) ;
#3393 = DIRECTION ( 'NONE',  ( 1.000000000000000000, -0.000000000000000000, 1.826024711554533223E-15 ) ) ;
#3394 = ORIENTED_EDGE ( 'NONE', *, *, #217, .T. ) ;
#3395 = ORIENTED_EDGE ( 'NONE', *, *, #7947, .T. ) ;
#3396 = DIRECTION ( 'NONE',  ( 0.000000000000000000, 0.000000000000000000, -1.000000000000000000 ) ) ;
#3397 = VERTEX_POINT ( 'NONE', #6614 ) ;
#3398 = EDGE_LOOP ( 'NONE', ( #1026, #5840, #3300, #5901, #4222 ) ) ;
#3399 = CARTESIAN_POINT ( 'NONE',  ( 1.408389356733644618E-15, 0.5000000000000004441, 10.24999999999999467 ) ) ;
#3400 = VECTOR ( 'NONE', #5779, 1000.000000000000000 ) ;
#3401 = EDGE_CURVE ( 'NONE', #9348, #2259, #413, .T. ) ;
#3402 = CARTESIAN_POINT ( 'NONE',  ( -51.98539848752852066, 7.801321235499571571, 4.257248146259612120 ) ) ;
#3403 = CARTESIAN_POINT ( 'NONE',  ( -22.80000000000001492, 11.00000000000000178, 13.55000000000000249 ) ) ;
#3404 = FACE_OUTER_BOUND ( 'NONE', #7878, .T. ) ;
#3405 = EDGE_CURVE ( 'NONE', #7818, #4151, #1765, .T. ) ;
#3406 = EDGE_LOOP ( 'NONE', ( #8505, #4205, #4453, #6189 ) ) ;
#3407 = ORIENTED_EDGE ( 'NONE', *, *, #10148, .T. ) ;
#3408 = AXIS2_PLACEMENT_3D ( 'NONE', #1743, #2482, #5748 ) ;
#3409 = CYLINDRICAL_SURFACE ( 'NONE', #270, 0.5999999999999998668 ) ;
#3410 = EDGE_CURVE ( 'NONE', #10072, #8577, #6550, .T. ) ;
#3411 = CARTESIAN_POINT ( 'NONE',  ( 47.49999999999997868, 11.00000000000000178, -12.25000000000000178 ) ) ;
#3412 = DIRECTION ( 'NONE',  ( 0.000000000000000000, 0.000000000000000000, 1.000000000000000000 ) ) ;
#3413 = VERTEX_POINT ( 'NONE', #8266 ) ;
#3414 = ADVANCED_FACE ( 'NONE', ( #8892 ), #9739, .T. ) ;
#3415 = FACE_OUTER_BOUND ( 'NONE', #7003, .T. ) ;
#3416 = EDGE_LOOP ( 'NONE', ( #7936, #10445, #6948, #5604, #6805 ) ) ;
#3417 = CARTESIAN_POINT ( 'NONE',  ( 50.84065861769801131, 11.00000000000000178, 13.54999999999999716 ) ) ;
#3418 = CARTESIAN_POINT ( 'NONE',  ( 30.95000000000000284, 0.5000000000000000000, -2.350000000000003197 ) ) ;
#3419 = DIRECTION ( 'NONE',  ( 0.000000000000000000, 0.000000000000000000, 1.000000000000000000 ) ) ;
#3420 = ORIENTED_EDGE ( 'NONE', *, *, #2218, .T. ) ;
#3421 = CARTESIAN_POINT ( 'NONE',  ( -45.20000000000000284, 15.20000000000000107, -6.750000000000000888 ) ) ;
#3422 = ORIENTED_EDGE ( 'NONE', *, *, #830, .F. ) ;
#3423 = DIRECTION ( 'NONE',  ( -0.000000000000000000, -0.000000000000000000, 1.000000000000000000 ) ) ;
#3424 = CARTESIAN_POINT ( 'NONE',  ( -50.25000000000000711, 6.500000000000000888, 6.750000000000000888 ) ) ;
#3425 = ADVANCED_FACE ( 'NONE', ( #9686 ), #2400, .T. ) ;
#3426 = CARTESIAN_POINT ( 'NONE',  ( -52.28390545973977055, 9.621070697778124625, 3.430753123072940891 ) ) ;
#3427 = EDGE_CURVE ( 'NONE', #4430, #8201, #8101, .T. ) ;
#3428 = CARTESIAN_POINT ( 'NONE',  ( -52.25000000000001421, 8.400000000000000355, -2.924999999999968736 ) ) ;
#3429 = DIRECTION ( 'NONE',  ( -1.000000000000000000, 0.000000000000000000, 0.000000000000000000 ) ) ;
#3430 = FACE_OUTER_BOUND ( 'NONE', #5952, .T. ) ;
#3431 = CYLINDRICAL_SURFACE ( 'NONE', #9617, 0.8500000000000000888 ) ;
#3432 = CARTESIAN_POINT ( 'NONE',  ( -52.21203848064535435, 7.358920593004309119, -3.865501394531517754 ) ) ;
#3433 = ORIENTED_EDGE ( 'NONE', *, *, #2366, .T. ) ;
#3434 = ORIENTED_EDGE ( 'NONE', *, *, #9591, .T. ) ;
#3435 = EDGE_CURVE ( 'NONE', #1134, #3136, #1656, .T. ) ;
#3436 = CARTESIAN_POINT ( 'NONE',  ( -34.44357915404025761, -7.612458484799914281E-17, -8.965231426856663077 ) ) ;
#3437 = ORIENTED_EDGE ( 'NONE', *, *, #7046, .F. ) ;
#3438 = DIRECTION ( 'NONE',  ( -1.000000000000000000, -0.000000000000000000, -0.000000000000000000 ) ) ;
#3439 = DIRECTION ( 'NONE',  ( 0.000000000000000000, 0.000000000000000000, 1.000000000000000000 ) ) ;
#3440 = CARTESIAN_POINT ( 'NONE',  ( -31.22777815357900622, 3.000000000000000000, -20.34067203111825251 ) ) ;
#3441 = LINE ( 'NONE', #199, #3491 ) ;
#3442 = EDGE_LOOP ( 'NONE', ( #6389, #3518, #9029, #8922 ) ) ;
#3443 = CARTESIAN_POINT ( 'NONE',  ( 30.36555363911333316, 0.02145563245112850834, 6.797111039792337550 ) ) ;
#3444 = ORIENTED_EDGE ( 'NONE', *, *, #1340, .T. ) ;
#3445 = ORIENTED_EDGE ( 'NONE', *, *, #8958, .F. ) ;
#3446 = DIRECTION ( 'NONE',  ( -0.000000000000000000, 1.000000000000000000, -0.000000000000000000 ) ) ;
#3447 = ORIENTED_EDGE ( 'NONE', *, *, #3812, .T. ) ;
#3448 = ORIENTED_EDGE ( 'NONE', *, *, #8085, .T. ) ;
#3449 = CYLINDRICAL_SURFACE ( 'NONE', #5932, 1.900000000000000577 ) ;
#3450 = EDGE_CURVE ( 'NONE', #8816, #1194, #787, .T. ) ;
#3451 = CARTESIAN_POINT ( 'NONE',  ( -52.20538535074121711, 7.815545748667330983, 4.160314501066038950 ) ) ;
#3452 = DIRECTION ( 'NONE',  ( 0.000000000000000000, 0.000000000000000000, 1.000000000000000000 ) ) ;
#3453 = CARTESIAN_POINT ( 'NONE',  ( 20.65000000000000213, 0.1999999999999987899, 8.349999999999997868 ) ) ;
#3454 = ORIENTED_EDGE ( 'NONE', *, *, #4526, .T. ) ;
#3455 = VECTOR ( 'NONE', #1388, 1000.000000000000000 ) ;
#3456 = ORIENTED_EDGE ( 'NONE', *, *, #8217, .T. ) ;
#3457 = CARTESIAN_POINT ( 'NONE',  ( 52.75000000000000000, 3.000000000000000000, -9.499999999999920064 ) ) ;
#3458 = CARTESIAN_POINT ( 'NONE',  ( 23.48234969852232723, 0.1248391197358933308, -7.466862494131236261 ) ) ;
#3459 = CARTESIAN_POINT ( 'NONE',  ( -51.25000000000001421, 15.10000000000000142, -9.499999999999976907 ) ) ;
#3460 = VECTOR ( 'NONE', #750, 1000.000000000000000 ) ;
#3461 = LINE ( 'NONE', #10095, #8120 ) ;
#3462 = VERTEX_POINT ( 'NONE', #9554 ) ;
#3463 = DIRECTION ( 'NONE',  ( 0.000000000000000000, -0.000000000000000000, -1.000000000000000000 ) ) ;
#3464 = ADVANCED_FACE ( 'NONE', ( #8082 ), #5479, .T. ) ;
#3465 = DIRECTION ( 'NONE',  ( -0.9396926207859080948, 0.000000000000000000, 0.3420201433256695456 ) ) ;
#3466 = DIRECTION ( 'NONE',  ( -1.000000000000000000, 0.000000000000000000, -0.000000000000000000 ) ) ;
#3467 = VERTEX_POINT ( 'NONE', #7286 ) ;
#3468 = CARTESIAN_POINT ( 'NONE',  ( 23.85000000000000142, 1.000000000000000000, -10.34999999999999787 ) ) ;
#3469 = VECTOR ( 'NONE', #1127, 1000.000000000000000 ) ;
#3470 = EDGE_LOOP ( 'NONE', ( #6361, #8068, #8100, #5712 ) ) ;
#3471 = EDGE_CURVE ( 'NONE', #549, #7204, #1476, .T. ) ;
#3472 = DIRECTION ( 'NONE',  ( 0.000000000000000000, 0.6931369447486612767, 0.7208059210526029936 ) ) ;
#3473 = CARTESIAN_POINT ( 'NONE',  ( -39.53506879479627401, 0.1999999999999996503, -3.615000000000000213 ) ) ;
#3474 = CARTESIAN_POINT ( 'NONE',  ( -39.58434658500975445, 0.1071145293931473758, -8.872877755913762599 ) ) ;
#3475 = CIRCLE ( 'NONE', #575, 9.000000000000012434 ) ;
#3476 = CARTESIAN_POINT ( 'NONE',  ( -31.60047529527845001, 3.276389878762281160, -2.765000000000000124 ) ) ;
#3477 = CARTESIAN_POINT ( 'NONE',  ( 35.83788868748260370, 0.02221052063481579464, -0.2059953629290367794 ) ) ;
#3478 = DIRECTION ( 'NONE',  ( -0.000000000000000000, -0.000000000000000000, -1.000000000000000000 ) ) ;
#3479 = CYLINDRICAL_SURFACE ( 'NONE', #2309, 0.2000000000000005107 ) ;
#3480 = ORIENTED_EDGE ( 'NONE', *, *, #741, .F. ) ;
#3481 = ORIENTED_EDGE ( 'NONE', *, *, #8353, .T. ) ;
#3482 = CARTESIAN_POINT ( 'NONE',  ( -47.50000000000000711, 15.10000000000000142, 9.500000000000001776 ) ) ;
#3483 = EDGE_LOOP ( 'NONE', ( #8182, #10287, #7910, #9961 ) ) ;
#3484 = CARTESIAN_POINT ( 'NONE',  ( -31.51661123066064363, 3.000000000000000000, -8.849999999999997868 ) ) ;
#3485 = EDGE_CURVE ( 'NONE', #1978, #2502, #7227, .T. ) ;
#3486 = VECTOR ( 'NONE', #2536, 1000.000000000000000 ) ;
#3487 = CARTESIAN_POINT ( 'NONE',  ( 23.40788180854701395, 0.000000000000000000, 2.524059210366046191 ) ) ;
#3488 = EDGE_CURVE ( 'NONE', #2304, #3096, #2270, .T. ) ;
#3489 = DIRECTION ( 'NONE',  ( 0.000000000000000000, 0.000000000000000000, 1.000000000000000000 ) ) ;
#3490 = VERTEX_POINT ( 'NONE', #4837 ) ;
#3491 = VECTOR ( 'NONE', #10509, 1000.000000000000000 ) ;
#3492 = DIRECTION ( 'NONE',  ( 0.000000000000000000, 0.000000000000000000, 1.000000000000000000 ) ) ;
#3493 = VERTEX_POINT ( 'NONE', #1419 ) ;
#3494 = ORIENTED_EDGE ( 'NONE', *, *, #7566, .F. ) ;
#3495 = EDGE_CURVE ( 'NONE', #5863, #5489, #2384, .T. ) ;
#3496 = DIRECTION ( 'NONE',  ( -1.000000000000000000, 0.000000000000000000, 0.000000000000000000 ) ) ;
#3497 = ORIENTED_EDGE ( 'NONE', *, *, #4958, .F. ) ;
#3498 = ORIENTED_EDGE ( 'NONE', *, *, #7995, .T. ) ;
#3499 = CARTESIAN_POINT ( 'NONE',  ( -52.25000000000001421, 8.400000000000000355, 2.449999999999999734 ) ) ;
#3500 = CARTESIAN_POINT ( 'NONE',  ( -34.34233853611036835, 0.1265113557324332449, -20.34067203111825251 ) ) ;
#3501 = CIRCLE ( 'NONE', #2806, 9.000000000000012434 ) ;
#3502 = EDGE_CURVE ( 'NONE', #7928, #10348, #10422, .T. ) ;
#3503 = DIRECTION ( 'NONE',  ( 0.000000000000000000, 0.000000000000000000, 1.000000000000000000 ) ) ;
#3504 = DIRECTION ( 'NONE',  ( 0.000000000000000000, 0.000000000000000000, -1.000000000000000000 ) ) ;
#3505 = EDGE_LOOP ( 'NONE', ( #5295, #7184, #265, #9383 ) ) ;
#3506 = ORIENTED_EDGE ( 'NONE', *, *, #9627, .F. ) ;
#3507 = EDGE_LOOP ( 'NONE', ( #9496, #240, #6561, #2508, #2724 ) ) ;
#3508 = CARTESIAN_POINT ( 'NONE',  ( -29.84000000000000696, -5.002961977226933143, 8.349999999999997868 ) ) ;
#3509 = CARTESIAN_POINT ( 'NONE',  ( 43.25000000000000711, 5.500000000000000000, -12.25000000000000178 ) ) ;
#3510 = VECTOR ( 'NONE', #8953, 1000.000000000000000 ) ;
#3511 = CARTESIAN_POINT ( 'NONE',  ( 0.5999999999999912070, 13.30000000000000071, 13.35000000000018971 ) ) ;
#3512 = ORIENTED_EDGE ( 'NONE', *, *, #8225, .F. ) ;
#3513 = CARTESIAN_POINT ( 'NONE',  ( 20.65000000000000213, 8.000000000000000000, 8.349999999999997868 ) ) ;
#3514 = VECTOR ( 'NONE', #9375, 1000.000000000000000 ) ;
#3515 = CARTESIAN_POINT ( 'NONE',  ( 2.760212650556410866E-16, 8.000000000000000000, -14.75000000000000355 ) ) ;
#3516 = VERTEX_POINT ( 'NONE', #8872 ) ;
#3517 = DIRECTION ( 'NONE',  ( 0.000000000000000000, 1.000000000000000000, 0.000000000000000000 ) ) ;
#3518 = ORIENTED_EDGE ( 'NONE', *, *, #690, .F. ) ;
#3519 = EDGE_CURVE ( 'NONE', #4038, #4882, #8239, .T. ) ;
#3520 = VECTOR ( 'NONE', #6620, 1000.000000000000000 ) ;
#3521 = CARTESIAN_POINT ( 'NONE',  ( -39.56900131232449525, 0.1363762547886367138, 2.772532483228503430 ) ) ;
#3522 = VECTOR ( 'NONE', #4739, 1000.000000000000000 ) ;
#3523 = CARTESIAN_POINT ( 'NONE',  ( 35.66143789659455621, 0.000000000000000000, -4.550534695598433821 ) ) ;
#3524 = DIRECTION ( 'NONE',  ( -1.000000000000000000, 0.000000000000000000, 0.000000000000000000 ) ) ;
#3525 = CARTESIAN_POINT ( 'NONE',  ( -52.34850307846915030, 7.877682272334646463, 4.120210123730204010 ) ) ;
#3526 = EDGE_CURVE ( 'NONE', #5789, #8175, #10526, .T. ) ;
#3527 = CARTESIAN_POINT ( 'NONE',  ( -39.58434658500975445, 0.1071145293931473758, 3.592122244086235927 ) ) ;
#3528 = EDGE_CURVE ( 'NONE', #381, #9116, #4827, .T. ) ;
#3529 = DIRECTION ( 'NONE',  ( 0.000000000000000000, 0.000000000000000000, -1.000000000000000000 ) ) ;
#3530 = CARTESIAN_POINT ( 'NONE',  ( 2.009170479469691184, 15.10000000000000142, -14.75000000000000178 ) ) ;
#3531 = ORIENTED_EDGE ( 'NONE', *, *, #8407, .T. ) ;
#3532 = ORIENTED_EDGE ( 'NONE', *, *, #1197, .T. ) ;
#3533 = DIRECTION ( 'NONE',  ( -0.5000000000001236788, 0.000000000000000000, -0.8660254037843672092 ) ) ;
#3534 = EDGE_CURVE ( 'NONE', #4178, #3669, #4728, .T. ) ;
#3535 = AXIS2_PLACEMENT_3D ( 'NONE', #4909, #3993, #10421 ) ;
#3536 = VERTEX_POINT ( 'NONE', #7979 ) ;
#3537 = VECTOR ( 'NONE', #501, 1000.000000000000000 ) ;
#3538 = DIRECTION ( 'NONE',  ( -0.000000000000000000, 1.000000000000000000, -0.000000000000000000 ) ) ;
#3539 = CIRCLE ( 'NONE', #6940, 5.199999999999985967 ) ;
#3540 = CARTESIAN_POINT ( 'NONE',  ( -34.44357915404025761, 6.574342867117175101E-17, 8.465231426856663077 ) ) ;
#3541 = CARTESIAN_POINT ( 'NONE',  ( -52.45000000000000995, 7.102280827012613429, 3.001973684210526017 ) ) ;
#3542 = AXIS2_PLACEMENT_3D ( 'NONE', #8224, #5841, #25 ) ;
#3543 = VECTOR ( 'NONE', #5835, 1000.000000000000000 ) ;
#3544 = DIRECTION ( 'NONE',  ( 0.000000000000000000, 0.000000000000000000, 1.000000000000000000 ) ) ;
#3545 = VECTOR ( 'NONE', #2973, 1000.000000000000000 ) ;
#3546 = CARTESIAN_POINT ( 'NONE',  ( -20.00000000000001066, 16.60001199999999955, 2.352167425053299179E-15 ) ) ;
#3547 = ORIENTED_EDGE ( 'NONE', *, *, #1917, .T. ) ;
#3548 = DIRECTION ( 'NONE',  ( 0.000000000000000000, 1.000000000000000000, 0.000000000000000000 ) ) ;
#3549 = EDGE_LOOP ( 'NONE', ( #1047, #9145, #4977, #7745 ) ) ;
#3550 = ORIENTED_EDGE ( 'NONE', *, *, #361, .F. ) ;
#3551 = AXIS2_PLACEMENT_3D ( 'NONE', #3810, #7058, #10294 ) ;
#3552 = CARTESIAN_POINT ( 'NONE',  ( 52.75000000000000000, 9.000000000000001776, -1.926456070690041313E-14 ) ) ;
#3553 = ORIENTED_EDGE ( 'NONE', *, *, #7508, .F. ) ;
#3554 = FACE_OUTER_BOUND ( 'NONE', #3120, .T. ) ;
#3555 = CARTESIAN_POINT ( 'NONE',  ( -52.20449052919846622, 8.158825211874519923, 4.260318664618296225 ) ) ;
#3556 = ADVANCED_FACE ( 'NONE', ( #4618 ), #7862, .F. ) ;
#3557 = FACE_OUTER_BOUND ( 'NONE', #1689, .T. ) ;
#3558 = VECTOR ( 'NONE', #2651, 1000.000000000000000 ) ;
#3559 = EDGE_CURVE ( 'NONE', #3988, #1736, #2330, .T. ) ;
#3560 = EDGE_CURVE ( 'NONE', #3816, #1978, #10303, .T. ) ;
#3561 = LINE ( 'NONE', #6803, #6709 ) ;
#3562 = CARTESIAN_POINT ( 'NONE',  ( -34.52834772718359346, 0.2000000000000000944, -20.34067203111825251 ) ) ;
#3563 = VERTEX_POINT ( 'NONE', #8824 ) ;
#3564 = VERTEX_POINT ( 'NONE', #7918 ) ;
#3565 = CARTESIAN_POINT ( 'NONE',  ( -53.20000000000000284, 8.400000000000000355, 2.925000000000030465 ) ) ;
#3566 =( BOUNDED_CURVE ( )  B_SPLINE_CURVE ( 3, ( #7793, #9427, #5505, #3745 ),
 .UNSPECIFIED., .F., .F. ) 
 B_SPLINE_CURVE_WITH_KNOTS ( ( 4, 4 ),
 ( 3.141592653589796225, 4.712388980384690562 ),
 .UNSPECIFIED. ) 
 CURVE ( )  GEOMETRIC_REPRESENTATION_ITEM ( )  RATIONAL_B_SPLINE_CURVE ( ( 1.000000000000000000, 0.8047378541243654926, 0.8047378541243654926, 1.000000000000000000 ) ) 
 REPRESENTATION_ITEM ( '' )  );
#3567 = CYLINDRICAL_SURFACE ( 'NONE', #4146, 5.499999999999985789 ) ;
#3568 = AXIS2_PLACEMENT_3D ( 'NONE', #9109, #9857, #4170 ) ;
#3569 = LINE ( 'NONE', #2864, #4212 ) ;
#3570 = ORIENTED_EDGE ( 'NONE', *, *, #9449, .F. ) ;
#3571 = DIRECTION ( 'NONE',  ( -1.000000000000000000, -1.758281308145593320E-15, 0.000000000000000000 ) ) ;
#3572 = CARTESIAN_POINT ( 'NONE',  ( -2.000000000000008882, 15.10000000000000142, 13.54999999999999716 ) ) ;
#3573 = ORIENTED_EDGE ( 'NONE', *, *, #372, .F. ) ;
#3574 = CARTESIAN_POINT ( 'NONE',  ( -29.84000000000000341, 6.500000000000000888, 1.010032166305325429E-14 ) ) ;
#3575 = VERTEX_POINT ( 'NONE', #1533 ) ;
#3576 = EDGE_CURVE ( 'NONE', #916, #9183, #7175, .T. ) ;
#3577 = CARTESIAN_POINT ( 'NONE',  ( 2.099999999999991207, 13.30000000000000071, 13.35000000000019149 ) ) ;
#3578 = CARTESIAN_POINT ( 'NONE',  ( 30.50000000000002842, 0.000000000000000000, 2.830492254602823721 ) ) ;
#3579 = DIRECTION ( 'NONE',  ( 1.000000000000000000, 0.000000000000000000, 0.000000000000000000 ) ) ;
#3580 = CARTESIAN_POINT ( 'NONE',  ( -2.000000000000008882, 15.10000000000000142, 13.85000000000018971 ) ) ;
#3581 = CARTESIAN_POINT ( 'NONE',  ( -52.34853377184433043, 7.877052726839838925, -4.119929395690599350 ) ) ;
#3582 = DIRECTION ( 'NONE',  ( -0.000000000000000000, -1.000000000000000000, -0.000000000000000000 ) ) ;
#3583 = CARTESIAN_POINT ( 'NONE',  ( -44.75000000002182787, 5.500000000000000000, 9.500000000002728484 ) ) ;
#3584 = ORIENTED_EDGE ( 'NONE', *, *, #10434, .F. ) ;
#3585 = ORIENTED_EDGE ( 'NONE', *, *, #6757, .T. ) ;
#3586 = DIRECTION ( 'NONE',  ( 0.000000000000000000, 0.000000000000000000, 1.000000000000000000 ) ) ;
#3587 = ORIENTED_EDGE ( 'NONE', *, *, #6032, .F. ) ;
#3588 = CYLINDRICAL_SURFACE ( 'NONE', #9902, 0.3000000000000016542 ) ;
#3589 = CARTESIAN_POINT ( 'NONE',  ( 31.39999999999997726, 0.000000000000000000, -11.63910652323463957 ) ) ;
#3590 = CARTESIAN_POINT ( 'NONE',  ( -52.00316349883281930, 8.643615705931519955, 4.338179946693939470 ) ) ;
#3591 = CARTESIAN_POINT ( 'NONE',  ( -31.45678631915142631, 0.2827931057192691333, -3.615000000000000213 ) ) ;
#3592 = LINE ( 'NONE', #450, #7395 ) ;
#3593 = ORIENTED_EDGE ( 'NONE', *, *, #1404, .F. ) ;
#3594 = LINE ( 'NONE', #4494, #5553 ) ;
#3595 = ORIENTED_EDGE ( 'NONE', *, *, #2068, .T. ) ;
#3596 = ORIENTED_EDGE ( 'NONE', *, *, #5203, .F. ) ;
#3597 = EDGE_CURVE ( 'NONE', #3236, #7544, #4781, .T. ) ;
#3598 = PLANE ( 'NONE',  #9818 ) ;
#3599 = ORIENTED_EDGE ( 'NONE', *, *, #7870, .F. ) ;
#3600 = EDGE_CURVE ( 'NONE', #9017, #5136, #5686, .T. ) ;
#3601 = CARTESIAN_POINT ( 'NONE',  ( -31.11939691791956974, 0.1293615736281126527, -20.34067203111825251 ) ) ;
#3602 = LINE ( 'NONE', #8244, #4570 ) ;
#3603 = DIRECTION ( 'NONE',  ( -0.000000000000000000, -1.000000000000000000, -0.000000000000000000 ) ) ;
#3604 = EDGE_CURVE ( 'NONE', #3851, #6820, #9927, .T. ) ;
#3605 = DIRECTION ( 'NONE',  ( 0.000000000000000000, 0.000000000000000000, -1.000000000000000000 ) ) ;
#3606 = ORIENTED_EDGE ( 'NONE', *, *, #8667, .T. ) ;
#3607 = ORIENTED_EDGE ( 'NONE', *, *, #5375, .F. ) ;
#3608 = VERTEX_POINT ( 'NONE', #6823 ) ;
#3609 = DIRECTION ( 'NONE',  ( 0.000000000000000000, 0.000000000000000000, -1.000000000000000000 ) ) ;
#3610 = DIRECTION ( 'NONE',  ( 0.000000000000000000, 1.000000000000000000, 0.000000000000000000 ) ) ;
#3611 = EDGE_CURVE ( 'NONE', #885, #7016, #5010, .T. ) ;
#3612 = VECTOR ( 'NONE', #3438, 1000.000000000000000 ) ;
#3613 = CARTESIAN_POINT ( 'NONE',  ( 26.23856210340542461, 0.000000000000000000, -4.550534695598392965 ) ) ;
#3614 = ORIENTED_EDGE ( 'NONE', *, *, #196, .T. ) ;
#3615 = DIRECTION ( 'NONE',  ( 0.9396926207859109814, 0.000000000000000000, -0.3420201433256616630 ) ) ;
#3616 = DIRECTION ( 'NONE',  ( 1.871330610546719070E-17, 0.000000000000000000, -1.000000000000000000 ) ) ;
#3617 = ORIENTED_EDGE ( 'NONE', *, *, #1528, .F. ) ;
#3618 = DIRECTION ( 'NONE',  ( 0.000000000000000000, -0.000000000000000000, -1.000000000000000000 ) ) ;
#3619 = ORIENTED_EDGE ( 'NONE', *, *, #30, .T. ) ;
#3620 = AXIS2_PLACEMENT_3D ( 'NONE', #9174, #1881, #2734 ) ;
#3621 = DIRECTION ( 'NONE',  ( -0.000000000000000000, -0.000000000000000000, 1.000000000000000000 ) ) ;
#3622 = EDGE_CURVE ( 'NONE', #6077, #10014, #4233, .T. ) ;
#3623 = CYLINDRICAL_SURFACE ( 'NONE', #4704, 0.3706384263718887073 ) ;
#3624 = CARTESIAN_POINT ( 'NONE',  ( -35.26554871542300162, 0.08284271247461881538, -8.849999999999997868 ) ) ;
#3625 = EDGE_CURVE ( 'NONE', #6053, #3608, #7475, .T. ) ;
#3626 = FACE_OUTER_BOUND ( 'NONE', #3224, .T. ) ;
#3627 = LINE ( 'NONE', #2776, #8612 ) ;
#3628 = CARTESIAN_POINT ( 'NONE',  ( -31.27472780755320869, 0.000000000000000000, 3.615000000000000213 ) ) ;
#3629 = ORIENTED_EDGE ( 'NONE', *, *, #10506, .F. ) ;
#3630 = ORIENTED_EDGE ( 'NONE', *, *, #3922, .T. ) ;
#3631 = FACE_OUTER_BOUND ( 'NONE', #7684, .T. ) ;
#3632 = VERTEX_POINT ( 'NONE', #974 ) ;
#3633 = DIRECTION ( 'NONE',  ( -0.000000000000000000, -1.000000000000000000, -0.000000000000000000 ) ) ;
#3634 = CARTESIAN_POINT ( 'NONE',  ( 38.34211819145301092, -0.0009999999999999158867, 2.783866831501332406 ) ) ;
#3635 = VECTOR ( 'NONE', #7125, 1000.000000000000000 ) ;
#3636 = CARTESIAN_POINT ( 'NONE',  ( -53.20000000000000284, 9.700000000000001066, -2.924999999999968736 ) ) ;
#3637 = CARTESIAN_POINT ( 'NONE',  ( 22.77335966720670513, 0.09378038618371598023, 1.595855630624926746 ) ) ;
#3638 = DIRECTION ( 'NONE',  ( 1.000000000000000000, 0.000000000000000000, 0.000000000000000000 ) ) ;
#3639 = ORIENTED_EDGE ( 'NONE', *, *, #2584, .T. ) ;
#3640 = CARTESIAN_POINT ( 'NONE',  ( 31.70000000000002771, 0.5000000000000000000, 6.618695557326056189 ) ) ;
#3641 = CARTESIAN_POINT ( 'NONE',  ( -52.21634909492502175, 7.277008925970863018, 3.782849669574257501 ) ) ;
#3642 = VERTEX_POINT ( 'NONE', #5934 ) ;
#3643 = ORIENTED_EDGE ( 'NONE', *, *, #2325, .F. ) ;
#3644 = DIRECTION ( 'NONE',  ( 0.000000000000000000, -0.8344462197396892433, -0.5510893814637894961 ) ) ;
#3645 = AXIS2_PLACEMENT_3D ( 'NONE', #160, #6695, #3504 ) ;
#3646 = ORIENTED_EDGE ( 'NONE', *, *, #2120, .F. ) ;
#3647 = FACE_OUTER_BOUND ( 'NONE', #10393, .T. ) ;
#3648 = LINE ( 'NONE', #8500, #8649 ) ;
#3649 = EDGE_CURVE ( 'NONE', #3884, #1303, #7627, .T. ) ;
#3650 = AXIS2_PLACEMENT_3D ( 'NONE', #2839, #5305, #9377 ) ;
#3651 = CARTESIAN_POINT ( 'NONE',  ( -53.20100000000002183, 11.35000000000000142, 1.700000000000000178 ) ) ;
#3652 = DIRECTION ( 'NONE',  ( 0.000000000000000000, 0.000000000000000000, 1.000000000000000000 ) ) ;
#3653 = ORIENTED_EDGE ( 'NONE', *, *, #3888, .F. ) ;
#3654 = VERTEX_POINT ( 'NONE', #2822 ) ;
#3655 = EDGE_CURVE ( 'NONE', #9913, #984, #185, .T. ) ;
#3656 = DIRECTION ( 'NONE',  ( 0.000000000000000000, 0.000000000000000000, 1.000000000000000000 ) ) ;
#3657 = VERTEX_POINT ( 'NONE', #5131 ) ;
#3658 = PLANE ( 'NONE',  #9465 ) ;
#3659 = CARTESIAN_POINT ( 'NONE',  ( -51.95000000000000995, 7.083039804977653731, -3.819531250000052669 ) ) ;
#3660 = EDGE_CURVE ( 'NONE', #9217, #5755, #5972, .T. ) ;
#3661 = VECTOR ( 'NONE', #8835, 1000.000000000000114 ) ;
#3662 = FACE_OUTER_BOUND ( 'NONE', #4967, .T. ) ;
#3663 = AXIS2_PLACEMENT_3D ( 'NONE', #5308, #6106, #5815 ) ;
#3664 = ORIENTED_EDGE ( 'NONE', *, *, #109, .F. ) ;
#3665 = CYLINDRICAL_SURFACE ( 'NONE', #1446, 11.00296197722693314 ) ;
#3666 = LINE ( 'NONE', #6022, #613 ) ;
#3667 = ORIENTED_EDGE ( 'NONE', *, *, #9373, .F. ) ;
#3668 = LINE ( 'NONE', #8413, #8394 ) ;
#3669 = VERTEX_POINT ( 'NONE', #1919 ) ;
#3670 = TOROIDAL_SURFACE ( 'NONE', #2661, 5.199999999999985967, 0.2999999999999999889 ) ;
#3671 = CARTESIAN_POINT ( 'NONE',  ( -39.53506879479627401, 0.1999999999999996503, -3.615000000000000213 ) ) ;
#3672 = EDGE_CURVE ( 'NONE', #2755, #5563, #1725, .T. ) ;
#3673 = CARTESIAN_POINT ( 'NONE',  ( 30.36281813779383754, 0.02221052063481799080, 2.955038092765991387 ) ) ;
#3674 = CARTESIAN_POINT ( 'NONE',  ( -47.50000000000000711, 6.500000000000000888, 6.750000000000000000 ) ) ;
#3675 = EDGE_CURVE ( 'NONE', #733, #1599, #739, .T. ) ;
#3676 = VECTOR ( 'NONE', #7904, 1000.000000000000000 ) ;
#3677 = CARTESIAN_POINT ( 'NONE',  ( 20.65000000000000213, 5.400000000000000355, -8.849999999999997868 ) ) ;
#3678 = EDGE_CURVE ( 'NONE', #6505, #4898, #2444, .T. ) ;
#3679 = CARTESIAN_POINT ( 'NONE',  ( -53.20100000000002183, 11.34999999999999964, 3.299999999999999378 ) ) ;
#3680 = CARTESIAN_POINT ( 'NONE',  ( 30.95000000000000284, 0.2999999999999999889, -2.350000000000003197 ) ) ;
#3681 = ORIENTED_EDGE ( 'NONE', *, *, #1061, .T. ) ;
#3682 = EDGE_LOOP ( 'NONE', ( #5962, #8425 ) ) ;
#3683 = CARTESIAN_POINT ( 'NONE',  ( 39.08172798364529399, -1.697056274847719815, 6.181727983645293634 ) ) ;
#3684 = EDGE_CURVE ( 'NONE', #6146, #1544, #6772, .T. ) ;
#3685 = EDGE_LOOP ( 'NONE', ( #8364, #2747, #2814, #10118 ) ) ;
#3686 = DIRECTION ( 'NONE',  ( -1.000000000000000000, -1.874314505684327150E-13, 0.000000000000000000 ) ) ;
#3687 = AXIS2_PLACEMENT_3D ( 'NONE', #2124, #4368, #519 ) ;
#3688 = LINE ( 'NONE', #499, #497 ) ;
#3689 = LINE ( 'NONE', #6942, #1643 ) ;
#3690 = CARTESIAN_POINT ( 'NONE',  ( 0.5999999999999912070, 13.30000000000000071, -13.55000000000000071 ) ) ;
#3691 = DIRECTION ( 'NONE',  ( -0.000000000000000000, -0.000000000000000000, 1.000000000000000000 ) ) ;
#3692 = VECTOR ( 'NONE', #8626, 1000.000000000000000 ) ;
#3693 = CARTESIAN_POINT ( 'NONE',  ( -24.49308044258726724, 13.30000000000000071, 14.75000000000000355 ) ) ;
#3694 = AXIS2_PLACEMENT_3D ( 'NONE', #10360, #622, #3927 ) ;
#3695 = CARTESIAN_POINT ( 'NONE',  ( -52.21211380852812312, 7.357290146186907798, 3.863961515592198914 ) ) ;
#3696 = VERTEX_POINT ( 'NONE', #231 ) ;
#3697 = VERTEX_POINT ( 'NONE', #5177 ) ;
#3698 = CARTESIAN_POINT ( 'NONE',  ( -31.44101788930268171, 2.721234519427555121, -8.849999999999997868 ) ) ;
#3699 = EDGE_LOOP ( 'NONE', ( #7466, #4912, #7293, #6741 ) ) ;
#3700 = AXIS2_PLACEMENT_3D ( 'NONE', #6863, #10154, #6763 ) ;
#3701 = VECTOR ( 'NONE', #6250, 1000.000000000000000 ) ;
#3702 = DIRECTION ( 'NONE',  ( 1.000000000000000000, 0.000000000000000000, -3.634931228083748646E-15 ) ) ;
#3703 = PRODUCT_DEFINITION_FORMATION_WITH_SPECIFIED_SOURCE ( 'ä»', '', #9666, .NOT_KNOWN. ) ;
#3704 = VECTOR ( 'NONE', #4543, 1000.000000000000000 ) ;
#3705 = DIRECTION ( 'NONE',  ( 1.000000000000000000, -0.000000000000000000, 0.000000000000000000 ) ) ;
#3706 = AXIS2_PLACEMENT_3D ( 'NONE', #2479, #3229, #5743 ) ;
#3707 = DIRECTION ( 'NONE',  ( -0.000000000000000000, 0.000000000000000000, 1.000000000000000000 ) ) ;
#3708 = CARTESIAN_POINT ( 'NONE',  ( 30.21127424213629098, 0.2077789836488295738, -7.788811295319352901 ) ) ;
#3709 = ORIENTED_EDGE ( 'NONE', *, *, #1214, .T. ) ;
#3710 = DIRECTION ( 'NONE',  ( 0.000000000000000000, 1.000000000000000000, -0.000000000000000000 ) ) ;
#3711 = EDGE_LOOP ( 'NONE', ( #9852, #4524, #8902, #7138 ) ) ;
#3712 = CARTESIAN_POINT ( 'NONE',  ( 31.53444636088670450, 0.02145563245112806772, 6.797111039792336662 ) ) ;
#3713 = CARTESIAN_POINT ( 'NONE',  ( -25.50000000000004263, 13.30000000000000071, -6.805453636524403956E-14 ) ) ;
#3714 = EDGE_CURVE ( 'NONE', #1997, #3295, #6026, .T. ) ;
#3715 = AXIS2_PLACEMENT_3D ( 'NONE', #4921, #8167, #869 ) ;
#3716 = CIRCLE ( 'NONE', #4064, 4.341174913715429184 ) ;
#3717 = DIRECTION ( 'NONE',  ( 1.000000000000000000, 0.000000000000000000, -0.000000000000000000 ) ) ;
#3718 = EDGE_CURVE ( 'NONE', #8561, #8292, #5234, .T. ) ;
#3719 = ORIENTED_EDGE ( 'NONE', *, *, #3526, .F. ) ;
#3720 = AXIS2_PLACEMENT_3D ( 'NONE', #5661, #7089, #7195 ) ;
#3721 = FACE_OUTER_BOUND ( 'NONE', #2927, .T. ) ;
#3722 = CARTESIAN_POINT ( 'NONE',  ( -2.000000000000008882, 13.30000000000000071, -12.35000000000019149 ) ) ;
#3723 = EDGE_LOOP ( 'NONE', ( #9839, #10040 ) ) ;
#3724 = CARTESIAN_POINT ( 'NONE',  ( -52.11873083013001207, 8.152124297240787243, -4.337699192715577468 ) ) ;
#3725 = EDGE_CURVE ( 'NONE', #7364, #1800, #10357, .T. ) ;
#3726 = EDGE_LOOP ( 'NONE', ( #2858, #10386, #5470, #5087 ) ) ;
#3727 = B_SPLINE_CURVE_WITH_KNOTS ( 'NONE', 3,
 ( #7553, #2016, #2604, #8506, #3458, #1109, #4365, #1220 ),
 .UNSPECIFIED., .F., .F.,
 ( 4, 2, 2, 4 ),
 ( -3.466145320678279647E-06, 0.0002882777914485970669, 0.0004341497598332391271, 0.0005800217282178811874 ),
 .UNSPECIFIED. ) ;
#3728 = AXIS2_PLACEMENT_3D ( 'NONE', #2618, #5878, #6497 ) ;
#3729 = LINE ( 'NONE', #6136, #7609 ) ;
#3730 = DIRECTION ( 'NONE',  ( -0.000000000000000000, -0.000000000000000000, 1.000000000000000000 ) ) ;
#3731 = CARTESIAN_POINT ( 'NONE',  ( -52.36521917770472356, 9.203668377989654203, -3.968786056728903056 ) ) ;
#3732 = CARTESIAN_POINT ( 'NONE',  ( 50.24999999999999289, 11.34999999999999964, 3.299999999999999378 ) ) ;
#3733 = FACE_OUTER_BOUND ( 'NONE', #1879, .T. ) ;
#3734 = EDGE_LOOP ( 'NONE', ( #3809, #5332, #7742, #10005 ) ) ;
#3735 = ORIENTED_EDGE ( 'NONE', *, *, #4273, .T. ) ;
#3736 = LINE ( 'NONE', #6983, #7705 ) ;
#3737 = ORIENTED_EDGE ( 'NONE', *, *, #3678, .F. ) ;
#3738 = DIRECTION ( 'NONE',  ( -4.231032868236115418E-16, 0.000000000000000000, -1.000000000000000000 ) ) ;
#3739 = EDGE_CURVE ( 'NONE', #9034, #4746, #10258, .T. ) ;
#3740 = CARTESIAN_POINT ( 'NONE',  ( -34.34233853611036835, 0.1265113557324328841, -2.778990808926776079 ) ) ;
#3741 = CARTESIAN_POINT ( 'NONE',  ( 41.25000000000000000, 5.400000000000000355, 4.549999999999997158 ) ) ;
#3742 = CARTESIAN_POINT ( 'NONE',  ( 25.85635347795577133, 0.5000000000000000000, -4.424792786874576223 ) ) ;
#3743 = EDGE_CURVE ( 'NONE', #8694, #3851, #1090, .T. ) ;
#3744 = CARTESIAN_POINT ( 'NONE',  ( 2.009170479469691184, 15.10000000000000142, -14.75000000000000178 ) ) ;
#3745 = CARTESIAN_POINT ( 'NONE',  ( -35.06554871542299878, 0.000000000000000000, 3.415000000000000036 ) ) ;
#3746 = CARTESIAN_POINT ( 'NONE',  ( -29.84000000000000696, 6.500000000000000888, -10.25000000000000178 ) ) ;
#3747 = ORIENTED_EDGE ( 'NONE', *, *, #795, .T. ) ;
#3748 = ORIENTED_EDGE ( 'NONE', *, *, #4127, .T. ) ;
#3749 = CARTESIAN_POINT ( 'NONE',  ( -47.50000000000000711, 8.000000000000000000, 12.25000000000000178 ) ) ;
#3750 = ORIENTED_EDGE ( 'NONE', *, *, #347, .T. ) ;
#3751 = CARTESIAN_POINT ( 'NONE',  ( -52.00000000000001421, 17.60000000000000142, -2.672759133356879398E-14 ) ) ;
#3752 = CARTESIAN_POINT ( 'NONE',  ( 22.81827201635470459, -1.697056274847719815, -10.68172798364529719 ) ) ;
#3753 = EDGE_CURVE ( 'NONE', #5799, #9962, #7823, .T. ) ;
#3754 = DIRECTION ( 'NONE',  ( 1.000000000000000000, 0.000000000000000000, 0.000000000000000000 ) ) ;
#3755 = ORIENTED_EDGE ( 'NONE', *, *, #504, .T. ) ;
#3756 = EDGE_CURVE ( 'NONE', #9685, #8222, #1337, .T. ) ;
#3757 = ORIENTED_EDGE ( 'NONE', *, *, #9098, .F. ) ;
#3758 = DIRECTION ( 'NONE',  ( -5.139921410301693197E-16, -0.000000000000000000, -1.000000000000000000 ) ) ;
#3759 = ORIENTED_EDGE ( 'NONE', *, *, #2966, .T. ) ;
#3760 = CARTESIAN_POINT ( 'NONE',  ( 39.21960222758095682, 0.000000000000000000, 1.904841829914288853 ) ) ;
#3761 = CARTESIAN_POINT ( 'NONE',  ( -39.68512705544042518, -8.136653386224946541E-16, -2.888658226344437363 ) ) ;
#3762 = CARTESIAN_POINT ( 'NONE',  ( 30.19999999999997442, 0.2505450496179577047, -11.31869555732604837 ) ) ;
#3763 = ORIENTED_EDGE ( 'NONE', *, *, #6586, .F. ) ;
#3764 = CARTESIAN_POINT ( 'NONE',  ( 26.60921413079552877, 0.2077789836488301567, -5.709160920399542150 ) ) ;
#3765 = PLANE ( 'NONE',  #3361 ) ;
#3766 = ORIENTED_EDGE ( 'NONE', *, *, #471, .T. ) ;
#3767 = LINE ( 'NONE', #1276, #8873 ) ;
#3768 = ORIENTED_EDGE ( 'NONE', *, *, #10429, .T. ) ;
#3769 = CIRCLE ( 'NONE', #1062, 5.250000000000006217 ) ;
#3770 = CARTESIAN_POINT ( 'NONE',  ( -52.23135835191838794, 7.127883055180105565, 3.593343174115802174 ) ) ;
#3771 = EDGE_CURVE ( 'NONE', #8145, #9400, #8571, .T. ) ;
#3772 = DIRECTION ( 'NONE',  ( 0.000000000000000000, 0.000000000000000000, 1.000000000000000000 ) ) ;
#3773 = CARTESIAN_POINT ( 'NONE',  ( -52.20568082859747960, 9.258464342854637152, -4.027471805003918881 ) ) ;
#3774 = CARTESIAN_POINT ( 'NONE',  ( 30.95000000000000284, 0.2999999999999999889, -2.350000000000003197 ) ) ;
#3775 = CARTESIAN_POINT ( 'NONE',  ( -34.31252571724582623, 0.2000000000000003164, -2.765000000000000124 ) ) ;
#3776 = EDGE_LOOP ( 'NONE', ( #1241, #7704 ) ) ;
#3777 = AXIS2_PLACEMENT_3D ( 'NONE', #8787, #6336, #10486 ) ;
#3778 = VERTEX_POINT ( 'NONE', #6368 ) ;
#3779 = EDGE_CURVE ( 'NONE', #875, #5619, #435, .T. ) ;
#3780 = DIRECTION ( 'NONE',  ( 0.000000000000000000, 0.000000000000000000, -1.000000000000000000 ) ) ;
#3781 = ADVANCED_FACE ( 'NONE', ( #785 ), #6179, .T. ) ;
#3782 = ORIENTED_EDGE ( 'NONE', *, *, #2227, .F. ) ;
#3783 = CARTESIAN_POINT ( 'NONE',  ( -31.47472780755320443, 0.2000000000000000111, -3.615000000000000213 ) ) ;
#3784 = EDGE_CURVE ( 'NONE', #1855, #8180, #7724, .T. ) ;
#3785 = DIRECTION ( 'NONE',  ( -0.000000000000000000, 1.000000000000000000, -0.000000000000000000 ) ) ;
#3786 = AXIS2_PLACEMENT_3D ( 'NONE', #6038, #9263, #2349 ) ;
#3787 = CARTESIAN_POINT ( 'NONE',  ( -52.23807474045420918, 9.737198043323274987, 3.484891521729045483 ) ) ;
#3788 = DIRECTION ( 'NONE',  ( -1.000000000000000000, -1.734723475976806503E-15, 2.312964634635743450E-15 ) ) ;
#3789 = DIRECTION ( 'NONE',  ( 1.513940488125209161E-14, 0.000000000000000000, 1.000000000000000000 ) ) ;
#3790 = DIRECTION ( 'NONE',  ( 0.000000000000000000, 0.000000000000000000, 1.000000000000000000 ) ) ;
#3791 = CARTESIAN_POINT ( 'NONE',  ( 30.20000000000002416, 0.5000000000000000000, 6.618695557326061518 ) ) ;
#3792 = ORIENTED_EDGE ( 'NONE', *, *, #6705, .F. ) ;
#3793 = EDGE_LOOP ( 'NONE', ( #3038, #8618, #6683, #2365 ) ) ;
#3794 = ADVANCED_FACE ( 'NONE', ( #2079 ), #3979, .F. ) ;
#3795 = ORIENTED_EDGE ( 'NONE', *, *, #9512, .T. ) ;
#3796 = VECTOR ( 'NONE', #9459, 1000.000000000000000 ) ;
#3797 = VECTOR ( 'NONE', #3981, 999.9999999999998863 ) ;
#3798 = EDGE_CURVE ( 'NONE', #3778, #2314, #2329, .T. ) ;
#3799 = CARTESIAN_POINT ( 'NONE',  ( 50.24999999999999289, 11.35000000000000142, 2.500000000000000000 ) ) ;
#3800 = DIRECTION ( 'NONE',  ( -0.000000000000000000, 1.000000000000000000, -0.000000000000000000 ) ) ;
#3801 = EDGE_CURVE ( 'NONE', #9042, #7903, #10474, .T. ) ;
#3802 = CARTESIAN_POINT ( 'NONE',  ( -35.39005668592174914, 0.000000000000000000, -3.415000000000000036 ) ) ;
#3803 = ORIENTED_EDGE ( 'NONE', *, *, #245, .F. ) ;
#3804 = VECTOR ( 'NONE', #6748, 1000.000000000000000 ) ;
#3805 = CARTESIAN_POINT ( 'NONE',  ( 6.344920150553301497, 0.5000000000000000000, 10.98972407072588098 ) ) ;
#3806 = ORIENTED_EDGE ( 'NONE', *, *, #7304, .T. ) ;
#3807 = ADVANCED_FACE ( 'NONE', ( #9363 ), #3175, .T. ) ;
#3808 = DIRECTION ( 'NONE',  ( -0.000000000000000000, -0.000000000000000000, 1.000000000000000000 ) ) ;
#3809 = ORIENTED_EDGE ( 'NONE', *, *, #429, .F. ) ;
#3810 = CARTESIAN_POINT ( 'NONE',  ( -52.45000000000000995, 6.902631723476092773, 3.013815789473678564 ) ) ;
#3811 = CARTESIAN_POINT ( 'NONE',  ( 47.49999999999999289, 8.000000000000000000, 9.500000000000001776 ) ) ;
#3812 = EDGE_CURVE ( 'NONE', #10510, #6933, #80, .T. ) ;
#3813 = VECTOR ( 'NONE', #7839, 1000.000000000000000 ) ;
#3814 = CYLINDRICAL_SURFACE ( 'NONE', #6082, 0.2999999999999999334 ) ;
#3815 = DIRECTION ( 'NONE',  ( -0.6427876096865420275, 0.000000000000000000, 0.7660444431189757930 ) ) ;
#3816 = VERTEX_POINT ( 'NONE', #4529 ) ;
#3817 = CARTESIAN_POINT ( 'NONE',  ( -47.50000000000000711, 15.10000000000000142, 9.500000000000001776 ) ) ;
#3818 = VECTOR ( 'NONE', #5785, 1000.000000000000000 ) ;
#3819 = FACE_OUTER_BOUND ( 'NONE', #250, .T. ) ;
#3820 = CARTESIAN_POINT ( 'NONE',  ( -51.96382476168633957, 9.334427710026760749, -4.121853269765141548 ) ) ;
#3821 = ORIENTED_EDGE ( 'NONE', *, *, #4522, .T. ) ;
#3822 =( BOUNDED_SURFACE ( )  B_SPLINE_SURFACE ( 3, 2, ( 
 ( #9859, #2572, #9059 ),
 ( #1768, #5024, #4232 ),
 ( #7474, #3426, #8368 ),
 ( #6664, #5880, #9110 ) ),
 .UNSPECIFIED., .F., .F., .T. ) 
 B_SPLINE_SURFACE_WITH_KNOTS ( ( 4, 4 ),
 ( 3, 3 ),
 ( -5.421010862427522170E-20, 0.0007827539330231540358 ),
 ( 0.000000000000000000, 1.000000000000000000 ),
 .UNSPECIFIED. ) 
 GEOMETRIC_REPRESENTATION_ITEM ( )  RATIONAL_B_SPLINE_SURFACE ( (
 ( 1.000000000000000000, 0.7071067811865597852, 1.000000000000000000),
 ( 1.000000000000000000, 0.7595966335268765635, 1.000000000000000000),
 ( 1.000000000000000000, 0.8024371557888917428, 1.000000000000000000),
 ( 1.000000000000000000, 0.8371290630494891971, 1.000000000000000000) ) ) 
 REPRESENTATION_ITEM ( '' )  SURFACE ( )  );
#3823 = CIRCLE ( 'NONE', #3145, 0.8500000000000000888 ) ;
#3824 = FACE_OUTER_BOUND ( 'NONE', #804, .T. ) ;
#3825 = VERTEX_POINT ( 'NONE', #7776 ) ;
#3826 = CARTESIAN_POINT ( 'NONE',  ( -52.33850938628283700, 8.185880689601797044, -4.211707670827586014 ) ) ;
#3827 = CARTESIAN_POINT ( 'NONE',  ( -52.00000000000001421, 16.60000000000000142, -2.672759133356879398E-14 ) ) ;
#3828 = DIRECTION ( 'NONE',  ( 0.000000000000000000, 0.000000000000000000, -1.000000000000000000 ) ) ;
#3829 = ORIENTED_EDGE ( 'NONE', *, *, #8048, .F. ) ;
#3830 = ORIENTED_EDGE ( 'NONE', *, *, #6144, .T. ) ;
#3831 = CARTESIAN_POINT ( 'NONE',  ( -39.53506879479627401, 0.1999999999999996503, 8.349999999999997868 ) ) ;
#3832 = AXIS2_PLACEMENT_3D ( 'NONE', #9746, #74, #134 ) ;
#3833 = ORIENTED_EDGE ( 'NONE', *, *, #2248, .T. ) ;
#3834 = CARTESIAN_POINT ( 'NONE',  ( 35.21143789659458179, 0.000000000000000000, 0.6299575590043866580 ) ) ;
#3835 = ADVANCED_FACE ( 'NONE', ( #6429 ), #10463, .T. ) ;
#3836 = DIRECTION ( 'NONE',  ( -0.000000000000000000, 1.000000000000000000, -0.000000000000000000 ) ) ;
#3837 = CIRCLE ( 'NONE', #6231, 3.000000000000002665 ) ;
#3838 = CARTESIAN_POINT ( 'NONE',  ( 22.35000000000000142, 5.400000000000000355, -10.34999999999999787 ) ) ;
#3839 = EDGE_CURVE ( 'NONE', #1682, #926, #7285, .T. ) ;
#3840 = EDGE_CURVE ( 'NONE', #7261, #10477, #8623, .T. ) ;
#3841 = AXIS2_PLACEMENT_3D ( 'NONE', #9249, #8513, #378 ) ;
#3842 = DIRECTION ( 'NONE',  ( -0.3420201433256695456, 0.000000000000000000, 0.9396926207859080948 ) ) ;
#3843 = CARTESIAN_POINT ( 'NONE',  ( 0.000000000000000000, 8.000000000000000000, -6.750000000000000000 ) ) ;
#3844 = ADVANCED_FACE ( 'NONE', ( #9717 ), #530, .F. ) ;
#3845 = FACE_OUTER_BOUND ( 'NONE', #9134, .T. ) ;
#3846 = DIRECTION ( 'NONE',  ( 0.000000000000000000, 0.000000000000000000, 1.000000000000000000 ) ) ;
#3847 = EDGE_LOOP ( 'NONE', ( #5766, #9304, #3481, #9877 ) ) ;
#3848 = EDGE_LOOP ( 'NONE', ( #3735, #2130, #10326, #534 ) ) ;
#3849 = DIRECTION ( 'NONE',  ( 0.000000000000000000, 1.000000000000000000, -0.000000000000000000 ) ) ;
#3850 = CIRCLE ( 'NONE', #3000, 1.900000000000000577 ) ;
#3851 = VERTEX_POINT ( 'NONE', #4780 ) ;
#3852 = AXIS2_PLACEMENT_3D ( 'NONE', #9905, #2726, #184 ) ;
#3853 = AXIS2_PLACEMENT_3D ( 'NONE', #2100, #251, #3492 ) ;
#3854 = FACE_OUTER_BOUND ( 'NONE', #1962, .T. ) ;
#3855 = CARTESIAN_POINT ( 'NONE',  ( 45.25000000000000711, 1.000000000000000000, -7.250000000000000000 ) ) ;
#3856 = AXIS2_PLACEMENT_3D ( 'NONE', #5631, #7217, #9658 ) ;
#3857 = TOROIDAL_SURFACE ( 'NONE', #5917, 2.250000000000005329, 3.000000000000000000 ) ;
#3858 = CARTESIAN_POINT ( 'NONE',  ( 20.66000000000000369, 5.500000000000000000, 10.25000000000000178 ) ) ;
#3859 = VERTEX_POINT ( 'NONE', #8027 ) ;
#3860 = CARTESIAN_POINT ( 'NONE',  ( 20.65000000000000213, 6.500000000000000888, -10.25000000000000000 ) ) ;
#3861 = ORIENTED_EDGE ( 'NONE', *, *, #10037, .F. ) ;
#3862 = EDGE_LOOP ( 'NONE', ( #5995, #2990, #4703, #8731, #8440 ) ) ;
#3863 = VECTOR ( 'NONE', #6483, 1000.000000000000000 ) ;
#3864 = CARTESIAN_POINT ( 'NONE',  ( -35.24172192299145934, 0.2946731267839041712, -8.849999999999997868 ) ) ;
#3865 = ORIENTED_EDGE ( 'NONE', *, *, #5245, .F. ) ;
#3866 = CARTESIAN_POINT ( 'NONE',  ( 31.68742105278086996, 0.2034051652805220212, 6.632385900611298624 ) ) ;
#3867 = DIRECTION ( 'NONE',  ( 0.000000000000000000, 0.000000000000000000, 1.000000000000000000 ) ) ;
#3868 = VECTOR ( 'NONE', #10130, 1000.000000000000000 ) ;
#3869 = AXIS2_PLACEMENT_3D ( 'NONE', #1202, #5404, #2244 ) ;
#3870 = ADVANCED_FACE ( 'NONE', ( #5290 ), #5002, .F. ) ;
#3871 = ADVANCED_FACE ( 'NONE', ( #896 ), #8921, .T. ) ;
#3872 = AXIS2_PLACEMENT_3D ( 'NONE', #5581, #8915, #3276 ) ;
#3873 = EDGE_CURVE ( 'NONE', #8610, #9809, #8193, .T. ) ;
#3874 = DIRECTION ( 'NONE',  ( 1.000000000000000000, 0.000000000000000000, -3.652049423109083111E-16 ) ) ;
#3875 = LINE ( 'NONE', #7062, #9130 ) ;
#3876 = CIRCLE ( 'NONE', #2013, 6.800000000000001599 ) ;
#3877 = CARTESIAN_POINT ( 'NONE',  ( -29.83999999999999986, 0.5000000000000004441, 9.349999999999997868 ) ) ;
#3878 = ORIENTED_EDGE ( 'NONE', *, *, #3725, .F. ) ;
#3879 = DIRECTION ( 'NONE',  ( -1.000000000000000000, 0.000000000000000000, 3.384826294588891940E-16 ) ) ;
#3880 = EDGE_CURVE ( 'NONE', #8016, #7649, #8143, .T. ) ;
#3881 = DIRECTION ( 'NONE',  ( 0.000000000000000000, 1.000000000000000000, 2.891205793294675861E-16 ) ) ;
#3882 = AXIS2_PLACEMENT_3D ( 'NONE', #2597, #4998, #8242 ) ;
#3883 = CARTESIAN_POINT ( 'NONE',  ( -52.11702421443743560, 8.889319677110705697, -4.290099133721530400 ) ) ;
#3884 = VERTEX_POINT ( 'NONE', #5113 ) ;
#3885 = AXIS2_PLACEMENT_3D ( 'NONE', #9219, #9917, #4292 ) ;
#3886 = CARTESIAN_POINT ( 'NONE',  ( -34.52834772718359346, 0.000000000000000000, 2.965000000000000302 ) ) ;
#3887 = AXIS2_PLACEMENT_3D ( 'NONE', #948, #4305, #3503 ) ;
#3888 = EDGE_CURVE ( 'NONE', #1813, #8629, #7555, .T. ) ;
#3889 = ORIENTED_EDGE ( 'NONE', *, *, #6975, .T. ) ;
#3890 = CARTESIAN_POINT ( 'NONE',  ( 0.5999999999999912070, 13.30000000000000071, -13.55000000000000071 ) ) ;
#3891 = CARTESIAN_POINT ( 'NONE',  ( 43.49999999999999289, 7.000000000000000000, 0.000000000000000000 ) ) ;
#3892 = DIRECTION ( 'NONE',  ( -0.000000000000000000, 1.000000000000000000, -0.000000000000000000 ) ) ;
#3893 = ORIENTED_EDGE ( 'NONE', *, *, #10229, .T. ) ;
#3894 = ORIENTED_EDGE ( 'NONE', *, *, #5484, .F. ) ;
#3895 = EDGE_CURVE ( 'NONE', #2708, #9520, #8350, .T. ) ;
#3896 = CARTESIAN_POINT ( 'NONE',  ( -8.947521086617219380E-16, 8.000000000000000000, 12.25000000000000355 ) ) ;
#3897 = EDGE_LOOP ( 'NONE', ( #6445, #9392, #7245, #6350 ) ) ;
#3898 = CARTESIAN_POINT ( 'NONE',  ( 8.980079849446665818, 0.000000000000000000, -15.55395455526715587 ) ) ;
#3899 = CIRCLE ( 'NONE', #10344, 1.600000000000000755 ) ;
#3900 = CARTESIAN_POINT ( 'NONE',  ( -47.50000000000000711, 8.000000000000000000, -9.500000000000001776 ) ) ;
#3901 = CARTESIAN_POINT ( 'NONE',  ( -35.50000000001318767, 5.500000000000000000, -12.24999999999454303 ) ) ;
#3902 = CARTESIAN_POINT ( 'NONE',  ( -52.20476079210905596, 8.513600012123866634, 4.274945468914533642 ) ) ;
#3903 = AXIS2_PLACEMENT_3D ( 'NONE', #2548, #7335, #783 ) ;
#3904 = DIRECTION ( 'NONE',  ( 0.000000000000000000, 0.000000000000000000, 1.000000000000000000 ) ) ;
#3905 = DIRECTION ( 'NONE',  ( -1.000000000000000000, 0.000000000000000000, 0.000000000000000000 ) ) ;
#3906 = DIRECTION ( 'NONE',  ( 0.000000000000000000, 0.000000000000000000, 1.000000000000000000 ) ) ;
#3907 = VERTEX_POINT ( 'NONE', #9935 ) ;
#3908 = ORIENTED_EDGE ( 'NONE', *, *, #6650, .F. ) ;
#3909 = CARTESIAN_POINT ( 'NONE',  ( 20.65000000000000213, 6.500000000000000888, -12.25000000000000000 ) ) ;
#3910 = ORIENTED_EDGE ( 'NONE', *, *, #7944, .T. ) ;
#3911 = DIRECTION ( 'NONE',  ( 1.000000000000000000, 0.000000000000000000, 5.467081091833260121E-17 ) ) ;
#3912 = CARTESIAN_POINT ( 'NONE',  ( 39.09211819145298961, 0.2999999999999999889, -6.184828725824718099 ) ) ;
#3913 = PLANE ( 'NONE',  #9576 ) ;
#3914 = EDGE_CURVE ( 'NONE', #10279, #5523, #1055, .T. ) ;
#3915 = ORIENTED_EDGE ( 'NONE', *, *, #3152, .F. ) ;
#3916 = CARTESIAN_POINT ( 'NONE',  ( -29.84000000000000696, 0.5000000000000004441, 0.000000000000000000 ) ) ;
#3917 = ORIENTED_EDGE ( 'NONE', *, *, #5267, .T. ) ;
#3918 = ORIENTED_EDGE ( 'NONE', *, *, #1714, .F. ) ;
#3919 = CARTESIAN_POINT ( 'NONE',  ( -34.34233853611036835, 0.1265113557324328841, 2.778990808926776523 ) ) ;
#3920 = VERTEX_POINT ( 'NONE', #2486 ) ;
#3921 = DIRECTION ( 'NONE',  ( 0.000000000000000000, 0.000000000000000000, 1.000000000000000000 ) ) ;
#3922 = EDGE_CURVE ( 'NONE', #3642, #6505, #2599, .T. ) ;
#3923 = CARTESIAN_POINT ( 'NONE',  ( -35.26554871542300162, 0.2000000000000000111, -3.615000000000000213 ) ) ;
#3924 = PLANE ( 'NONE',  #9650 ) ;
#3925 = DIRECTION ( 'NONE',  ( -0.000000000000000000, 1.239088197126290817E-16, 1.000000000000000000 ) ) ;
#3926 = EDGE_CURVE ( 'NONE', #9371, #8034, #1746, .T. ) ;
#3927 = DIRECTION ( 'NONE',  ( -1.000000000000000000, 0.000000000000000000, -0.000000000000000000 ) ) ;
#3928 = CARTESIAN_POINT ( 'NONE',  ( 23.84999999999998366, 5.400000000000000355, 4.355068937057558623E-14 ) ) ;
#3929 = ORIENTED_EDGE ( 'NONE', *, *, #9924, .T. ) ;
#3930 = DIRECTION ( 'NONE',  ( 0.000000000000000000, 0.000000000000000000, -1.000000000000000000 ) ) ;
#3931 = LINE ( 'NONE', #8771, #7973 ) ;
#3932 = EDGE_CURVE ( 'NONE', #4168, #6319, #2278, .T. ) ;
#3933 = FACE_OUTER_BOUND ( 'NONE', #2693, .T. ) ;
#3934 = ORIENTED_EDGE ( 'NONE', *, *, #5358, .F. ) ;
#3935 = EDGE_CURVE ( 'NONE', #2613, #2793, #5695, .T. ) ;
#3936 = DIRECTION ( 'NONE',  ( -0.5000000000000001110, 0.000000000000000000, -0.8660254037844385966 ) ) ;
#3937 = ORIENTED_EDGE ( 'NONE', *, *, #8156, .T. ) ;
#3938 = CARTESIAN_POINT ( 'NONE',  ( -52.33850472028424861, 8.613676031935970201, -4.211750111036855593 ) ) ;
#3939 = CARTESIAN_POINT ( 'NONE',  ( -8.947521086617219380E-16, 8.000000000000000000, 12.25000000000000355 ) ) ;
#3940 = LINE ( 'NONE', #7188, #4198 ) ;
#3941 = VERTEX_POINT ( 'NONE', #4889 ) ;
#3942 = ORIENTED_EDGE ( 'NONE', *, *, #3358, .F. ) ;
#3943 = DIRECTION ( 'NONE',  ( -1.927470528863116189E-15, 0.000000000000000000, 1.000000000000000000 ) ) ;
#3944 = ORIENTED_EDGE ( 'NONE', *, *, #4470, .T. ) ;
#3945 = CARTESIAN_POINT ( 'NONE',  ( 38.34211819145301803, 0.5000000000000000000, 2.783866831501341288 ) ) ;
#3946 = EDGE_CURVE ( 'NONE', #10322, #3227, #8249, .T. ) ;
#3947 = CYLINDRICAL_SURFACE ( 'NONE', #6436, 0.2000000000000000944 ) ;
#3948 = ADVANCED_FACE ( 'NONE', ( #4951 ), #7337, .T. ) ;
#3949 = DIRECTION ( 'NONE',  ( -1.000000000000000000, -0.000000000000000000, -0.000000000000000000 ) ) ;
#3950 = DIRECTION ( 'NONE',  ( -1.000000000000000000, 0.000000000000000000, 0.000000000000000000 ) ) ;
#3951 = CARTESIAN_POINT ( 'NONE',  ( -52.20456334646853236, 8.624434568406469381, 4.262417259502946365 ) ) ;
#3952 = VECTOR ( 'NONE', #6147, 1000.000000000000000 ) ;
#3953 = CARTESIAN_POINT ( 'NONE',  ( 47.49999999999997868, 11.00000000000000178, 12.25000000000000711 ) ) ;
#3954 = CARTESIAN_POINT ( 'NONE',  ( 0.000000000000000000, 8.000000000000000000, -12.25000000000000000 ) ) ;
#3955 = PLANE ( 'NONE',  #6228 ) ;
#3956 = EDGE_LOOP ( 'NONE', ( #3639, #5253, #3248, #4821 ) ) ;
#3957 = ORIENTED_EDGE ( 'NONE', *, *, #2996, .T. ) ;
#3958 = LINE ( 'NONE', #9432, #4227 ) ;
#3959 = EDGE_LOOP ( 'NONE', ( #1208, #8550, #8645, #4369 ) ) ;
#3960 = VECTOR ( 'NONE', #3780, 1000.000000000000000 ) ;
#3961 = LINE ( 'NONE', #3264, #9843 ) ;
#3962 = CARTESIAN_POINT ( 'NONE',  ( -35.06554871542299878, 0.2000000000000000944, -20.34067203111825251 ) ) ;
#3963 = CARTESIAN_POINT ( 'NONE',  ( -45.19999999999999574, 16.60000000000000142, 6.750000000000006217 ) ) ;
#3964 = ORIENTED_EDGE ( 'NONE', *, *, #1863, .T. ) ;
#3965 = DIRECTION ( 'NONE',  ( 0.000000000000000000, 0.000000000000000000, 1.000000000000000000 ) ) ;
#3966 = ORIENTED_EDGE ( 'NONE', *, *, #2307, .F. ) ;
#3967 = VECTOR ( 'NONE', #9891, 1000.000000000000000 ) ;
#3968 = ORIENTED_EDGE ( 'NONE', *, *, #9302, .F. ) ;
#3969 = LINE ( 'NONE', #675, #7266 ) ;
#3970 = ORIENTED_EDGE ( 'NONE', *, *, #6911, .F. ) ;
#3971 = ORIENTED_EDGE ( 'NONE', *, *, #4987, .F. ) ;
#3972 = LINE ( 'NONE', #9601, #5081 ) ;
#3973 = CARTESIAN_POINT ( 'NONE',  ( 50.24999999999997158, 9.850000000000001421, 3.299999999999998934 ) ) ;
#3974 = EDGE_CURVE ( 'NONE', #2954, #1601, #7446, .T. ) ;
#3975 = CARTESIAN_POINT ( 'NONE',  ( 25.95062952100079201, 0.09795398803915322805, -4.456839648980968960 ) ) ;
#3976 = CARTESIAN_POINT ( 'NONE',  ( -8.000000000000008882, 13.30000000000000071, 14.75000000000000178 ) ) ;
#3977 = VECTOR ( 'NONE', #9111, 1000.000000000000000 ) ;
#3978 = PLANE ( 'NONE',  #7940 ) ;
#3979 = PLANE ( 'NONE',  #1268 ) ;
#3980 = EDGE_CURVE ( 'NONE', #3516, #2849, #10395, .T. ) ;
#3981 = DIRECTION ( 'NONE',  ( 0.3420201433256696566, 0.000000000000000000, 0.9396926207859080948 ) ) ;
#3982 = ORIENTED_EDGE ( 'NONE', *, *, #4442, .F. ) ;
#3983 = FACE_OUTER_BOUND ( 'NONE', #9250, .T. ) ;
#3984 = ADVANCED_FACE ( 'NONE', ( #3404 ), #9040, .T. ) ;
#3985 = CARTESIAN_POINT ( 'NONE',  ( -30.14000000000000767, 0.5000000000000004441, -3.615000000000000213 ) ) ;
#3986 = LINE ( 'NONE', #2389, #10417 ) ;
#3987 = AXIS2_PLACEMENT_3D ( 'NONE', #846, #7501, #2433 ) ;
#3988 = VERTEX_POINT ( 'NONE', #6644 ) ;
#3989 = CARTESIAN_POINT ( 'NONE',  ( -31.47472780755319732, 0.08284271247461812149, -2.765000000000000124 ) ) ;
#3990 = CIRCLE ( 'NONE', #8255, 3.750000000000001776 ) ;
#3991 = ORIENTED_EDGE ( 'NONE', *, *, #6809, .F. ) ;
#3992 = CARTESIAN_POINT ( 'NONE',  ( -52.25000000000001421, 9.897368276523900832, -3.013815789473690110 ) ) ;
#3993 = DIRECTION ( 'NONE',  ( 0.000000000000000000, 1.000000000000000000, -0.000000000000000000 ) ) ;
#3994 = CARTESIAN_POINT ( 'NONE',  ( 20.66000000000000369, 0.5000000000000004441, 10.25000000000000178 ) ) ;
#3995 = ORIENTED_EDGE ( 'NONE', *, *, #4762, .F. ) ;
#3996 = ORIENTED_EDGE ( 'NONE', *, *, #8102, .T. ) ;
#3997 = CARTESIAN_POINT ( 'NONE',  ( -47.50000000000000711, 3.000000000000000000, 8.650000000000002132 ) ) ;
#3998 = ORIENTED_EDGE ( 'NONE', *, *, #10347, .T. ) ;
#3999 = DIRECTION ( 'NONE',  ( 0.000000000000000000, 0.000000000000000000, -1.000000000000000000 ) ) ;
#4000 = ADVANCED_FACE ( 'NONE', ( #1008 ), #6118, .F. ) ;
#4001 = CARTESIAN_POINT ( 'NONE',  ( -51.95000000000000995, 8.400000000000000355, 2.449999999999999734 ) ) ;
#4002 =( BOUNDED_CURVE ( )  B_SPLINE_CURVE ( 3, ( #1426, #4678, #9563, #3886 ),
 .UNSPECIFIED., .F., .F. ) 
 B_SPLINE_CURVE_WITH_KNOTS ( ( 4, 4 ),
 ( 3.517851087758627315, 4.712388980384689674 ),
 .UNSPECIFIED. ) 
 CURVE ( )  GEOMETRIC_REPRESENTATION_ITEM ( )  RATIONAL_B_SPLINE_CURVE ( ( 1.000000000000000000, 0.8845830693046164983, 0.8845830693046164983, 1.000000000000000000 ) ) 
 REPRESENTATION_ITEM ( '' )  );
#4003 = ADVANCED_FACE ( 'NONE', ( #4360 ), #7804, .T. ) ;
#4004 = DIRECTION ( 'NONE',  ( 0.000000000000000000, 1.000000000000000000, 0.000000000000000000 ) ) ;
#4005 = EDGE_CURVE ( 'NONE', #4392, #4671, #7702, .T. ) ;
#4006 = CARTESIAN_POINT ( 'NONE',  ( -47.50000000000000711, 6.500000000000000888, -6.750000000000000000 ) ) ;
#4007 = CARTESIAN_POINT ( 'NONE',  ( -52.22340835089975997, 9.594609242404864347, 3.692296232791095534 ) ) ;
#4008 = LINE ( 'NONE', #8055, #5189 ) ;
#4009 = VECTOR ( 'NONE', #6532, 1000.000000000000000 ) ;
#4010 = CARTESIAN_POINT ( 'NONE',  ( 37.45000000000000284, 5.400000000000000355, 6.484690356689041479 ) ) ;
#4011 = DIRECTION ( 'NONE',  ( 0.000000000000000000, 1.000000000000000000, -0.000000000000000000 ) ) ;
#4012 = ORIENTED_EDGE ( 'NONE', *, *, #9736, .T. ) ;
#4013 = EDGE_LOOP ( 'NONE', ( #6952, #8291, #8658, #8450 ) ) ;
#4014 = EDGE_CURVE ( 'NONE', #8222, #8375, #1897, .T. ) ;
#4015 = FACE_BOUND ( 'NONE', #3228, .T. ) ;
#4016 = ORIENTED_EDGE ( 'NONE', *, *, #2809, .T. ) ;
#4017 = CARTESIAN_POINT ( 'NONE',  ( -50.25000000000000711, 16.60000000000000142, 0.000000000000000000 ) ) ;
#4018 = VECTOR ( 'NONE', #388, 1000.000000000000000 ) ;
#4019 = DIRECTION ( 'NONE',  ( 0.000000000000000000, 1.000000000000000000, -0.000000000000000000 ) ) ;
#4020 = LINE ( 'NONE', #1620, #5527 ) ;
#4021 = EDGE_LOOP ( 'NONE', ( #8208, #4823, #4838, #3982 ) ) ;
#4022 = CARTESIAN_POINT ( 'NONE',  ( -52.22340835089975997, 9.594609242404766647, -3.692296232791192789 ) ) ;
#4023 = VECTOR ( 'NONE', #4971, 1000.000000000000000 ) ;
#4024 = VERTEX_POINT ( 'NONE', #4460 ) ;
#4025 = ORIENTED_EDGE ( 'NONE', *, *, #2608, .T. ) ;
#4026 = AXIS2_PLACEMENT_3D ( 'NONE', #7326, #4351, #1994 ) ;
#4027 = DIRECTION ( 'NONE',  ( 0.000000000000000000, 0.000000000000000000, 1.000000000000000000 ) ) ;
#4028 = ORIENTED_EDGE ( 'NONE', *, *, #3332, .F. ) ;
#4029 = ORIENTED_EDGE ( 'NONE', *, *, #6705, .T. ) ;
#4030 = CYLINDRICAL_SURFACE ( 'NONE', #3872, 2.750000000000000888 ) ;
#4031 = VECTOR ( 'NONE', #4697, 1000.000000000000000 ) ;
#4032 = DIRECTION ( 'NONE',  ( 0.000000000000000000, 0.000000000000000000, 1.000000000000000000 ) ) ;
#4033 = TOROIDAL_SURFACE ( 'NONE', #6918, 1.500000000000000888, 0.2000000000000000111 ) ;
#4034 = PLANE ( 'NONE',  #4258 ) ;
#4035 = CARTESIAN_POINT ( 'NONE',  ( -52.45000000000001705, 8.400000000000000355, 2.925000000000030465 ) ) ;
#4036 = CARTESIAN_POINT ( 'NONE',  ( -34.52834772718359346, 0.000000000000000000, -2.965000000000000302 ) ) ;
#4037 = DIRECTION ( 'NONE',  ( 0.000000000000000000, 0.000000000000000000, -1.000000000000000000 ) ) ;
#4038 = VERTEX_POINT ( 'NONE', #2856 ) ;
#4039 = CARTESIAN_POINT ( 'NONE',  ( 30.95000000000000284, 0.5000000000000000000, -2.350000000000003197 ) ) ;
#4040 = VECTOR ( 'NONE', #8261, 1000.000000000000000 ) ;
#4041 = B_SPLINE_CURVE_WITH_KNOTS ( 'NONE', 3,
 ( #2692, #5143, #10024, #2740, #9223, #1937, #3045, #4599 ),
 .UNSPECIFIED., .F., .F.,
 ( 4, 2, 2, 4 ),
 ( 0.000000000000000000, 0.0001382025733524826000, 0.0002764051467049651999, 0.0005528102934099297493 ),
 .UNSPECIFIED. ) ;
#4042 = VECTOR ( 'NONE', #3043, 1000.000000000000000 ) ;
#4043 = CARTESIAN_POINT ( 'NONE',  ( -53.20000000000000284, 9.700000000000001066, 2.925000000000023359 ) ) ;
#4044 = DIRECTION ( 'NONE',  ( 1.000000000000000000, 0.000000000000000000, -1.971236424878464058E-15 ) ) ;
#4045 = VERTEX_POINT ( 'NONE', #10190 ) ;
#4046 = VECTOR ( 'NONE', #3345, 1000.000000000000000 ) ;
#4047 = AXIS2_PLACEMENT_3D ( 'NONE', #4194, #7379, #3396 ) ;
#4048 =( GEOMETRIC_REPRESENTATION_CONTEXT ( 3 ) GLOBAL_UNCERTAINTY_ASSIGNED_CONTEXT ( ( #2000 ) ) GLOBAL_UNIT_ASSIGNED_CONTEXT ( ( #7824, #6874, #2080 ) ) REPRESENTATION_CONTEXT ( 'NONE', 'WORKASPACE' ) );
#4049 = CIRCLE ( 'NONE', #5417, 0.1999999999999987899 ) ;
#4050 = DIRECTION ( 'NONE',  ( 1.000000000000000000, 0.000000000000000000, -5.139921410301693197E-16 ) ) ;
#4051 = EDGE_LOOP ( 'NONE', ( #2745, #5306, #2472, #5493 ) ) ;
#4052 = VECTOR ( 'NONE', #4512, 1000.000000000000000 ) ;
#4053 = CARTESIAN_POINT ( 'NONE',  ( 51.95000000000000284, 13.00000000000000178, -4.000000000000000000 ) ) ;
#4054 = EDGE_CURVE ( 'NONE', #1312, #5819, #9345, .T. ) ;
#4055 = PLANE ( 'NONE',  #9630 ) ;
#4056 = DIRECTION ( 'NONE',  ( -1.000000000000000000, 0.000000000000000000, 0.000000000000000000 ) ) ;
#4057 = ORIENTED_EDGE ( 'NONE', *, *, #7304, .F. ) ;
#4058 = ORIENTED_EDGE ( 'NONE', *, *, #5858, .F. ) ;
#4059 = DIRECTION ( 'NONE',  ( 5.139921410301693197E-16, 0.000000000000000000, 1.000000000000000000 ) ) ;
#4060 = ORIENTED_EDGE ( 'NONE', *, *, #6593, .T. ) ;
#4061 = DIRECTION ( 'NONE',  ( -1.000000000000000000, -0.000000000000000000, -1.871330610546719070E-17 ) ) ;
#4062 = EDGE_CURVE ( 'NONE', #4337, #6761, #385, .T. ) ;
#4063 = AXIS2_PLACEMENT_3D ( 'NONE', #9136, #1849, #2701 ) ;
#4064 = AXIS2_PLACEMENT_3D ( 'NONE', #5625, #8122, #5513 ) ;
#4065 = CARTESIAN_POINT ( 'NONE',  ( -51.95000000000000995, 7.290980888402234683, -3.603289473684255118 ) ) ;
#4066 = DIRECTION ( 'NONE',  ( -2.668805347656624115E-15, 0.000000000000000000, -1.000000000000000000 ) ) ;
#4067 = CARTESIAN_POINT ( 'NONE',  ( -1.408389356733645998E-15, 0.5000000000000004441, -10.25000000000000533 ) ) ;
#4068 = CARTESIAN_POINT ( 'NONE',  ( -35.39005668592174914, 0.000000000000000000, 2.965000000000000302 ) ) ;
#4069 = DIRECTION ( 'NONE',  ( 1.000000000000000000, 0.000000000000000000, 0.000000000000000000 ) ) ;
#4070 = DIRECTION ( 'NONE',  ( 0.000000000000000000, 0.000000000000000000, 1.000000000000000000 ) ) ;
#4071 = CARTESIAN_POINT ( 'NONE',  ( -52.20654232640314518, 9.265227589467645686, -4.007613973532534679 ) ) ;
#4072 = EDGE_LOOP ( 'NONE', ( #2781, #1943, #9350, #8233 ) ) ;
#4073 = ORIENTED_EDGE ( 'NONE', *, *, #4445, .T. ) ;
#4074 = VECTOR ( 'NONE', #1142, 1000.000000000000000 ) ;
#4075 = DIRECTION ( 'NONE',  ( 0.000000000000000000, -0.000000000000000000, -1.000000000000000000 ) ) ;
#4076 = ORIENTED_EDGE ( 'NONE', *, *, #3410, .T. ) ;
#4077 = EDGE_CURVE ( 'NONE', #9570, #4927, #3561, .T. ) ;
#4078 = DIRECTION ( 'NONE',  ( 0.000000000000000000, 1.000000000000000000, 0.000000000000000000 ) ) ;
#4079 = AXIS2_PLACEMENT_3D ( 'NONE', #7248, #4802, #4639 ) ;
#4080 = EDGE_CURVE ( 'NONE', #6238, #9809, #2111, .T. ) ;
#4081 = LINE ( 'NONE', #6512, #5270 ) ;
#4082 = CYLINDRICAL_SURFACE ( 'NONE', #6043, 3.999999999999998224 ) ;
#4083 = ORIENTED_EDGE ( 'NONE', *, *, #5636, .F. ) ;
#4084 = CARTESIAN_POINT ( 'NONE',  ( -52.33850616358628116, 8.613775823039464541, -4.211736958226217631 ) ) ;
#4085 = ORIENTED_EDGE ( 'NONE', *, *, #2934, .T. ) ;
#4086 = ORIENTED_EDGE ( 'NONE', *, *, #10081, .T. ) ;
#4087 = CARTESIAN_POINT ( 'NONE',  ( -52.42966255667123221, 9.596862272574551156, -3.444967340623644958 ) ) ;
#4088 = EDGE_LOOP ( 'NONE', ( #3330, #1587, #776, #939 ) ) ;
#4089 = ORIENTED_EDGE ( 'NONE', *, *, #9687, .T. ) ;
#4090 = CARTESIAN_POINT ( 'NONE',  ( -23.23676428111944148, 13.30000000000000071, 14.75000000000000355 ) ) ;
#4091 = CARTESIAN_POINT ( 'NONE',  ( -52.12881868157363385, 9.556350158179993670, 3.973976113587969650 ) ) ;
#4092 = ADVANCED_FACE ( 'NONE', ( #6957 ), #9989, .F. ) ;
#4093 = CARTESIAN_POINT ( 'NONE',  ( 47.49999999999999289, 3.000000000000000000, 8.650000000000002132 ) ) ;
#4094 = EDGE_CURVE ( 'NONE', #4497, #4619, #2905, .T. ) ;
#4095 = CARTESIAN_POINT ( 'NONE',  ( 6.494920150553305405, 0.2999999999999999889, 11.24953169186119872 ) ) ;
#4096 = CARTESIAN_POINT ( 'NONE',  ( -20.00000000000001066, 15.10000000000000142, 13.54999999999999716 ) ) ;
#4097 = ORIENTED_EDGE ( 'NONE', *, *, #9765, .T. ) ;
#4098 = EDGE_LOOP ( 'NONE', ( #6937, #3391, #9253, #10171, #3629 ) ) ;
#4099 = DIRECTION ( 'NONE',  ( 0.000000000000000000, 1.000000000000000000, 0.000000000000000000 ) ) ;
#4100 = CARTESIAN_POINT ( 'NONE',  ( -30.83999999999999986, -29.13279938488576448, 8.349999999999997868 ) ) ;
#4101 = DIRECTION ( 'NONE',  ( 0.000000000000000000, 0.000000000000000000, 1.000000000000000000 ) ) ;
#4102 = ORIENTED_EDGE ( 'NONE', *, *, #4493, .F. ) ;
#4103 = CARTESIAN_POINT ( 'NONE',  ( -31.11939691791956974, 0.1293615736281126527, -20.34067203111825251 ) ) ;
#4104 = ORIENTED_EDGE ( 'NONE', *, *, #7834, .F. ) ;
#4105 = CYLINDRICAL_SURFACE ( 'NONE', #97, 4.450000000000004619 ) ;
#4106 = DIRECTION ( 'NONE',  ( -1.000000000000000000, 0.000000000000000000, 0.000000000000000000 ) ) ;
#4107 = CARTESIAN_POINT ( 'NONE',  ( 30.95000000000000284, 0.000000000000000000, -2.350000000000003197 ) ) ;
#4108 = VERTEX_POINT ( 'NONE', #2707 ) ;
#4109 = VERTEX_POINT ( 'NONE', #6162 ) ;
#4110 = CARTESIAN_POINT ( 'NONE',  ( 41.25000000000000000, 1.000000000000000888, 8.349999999999997868 ) ) ;
#4111 = ORIENTED_EDGE ( 'NONE', *, *, #5287, .F. ) ;
#4112 = DIRECTION ( 'NONE',  ( 1.000000000000000000, 0.000000000000000000, -1.176083712526649195E-16 ) ) ;
#4113 = EDGE_CURVE ( 'NONE', #8194, #8089, #4997, .T. ) ;
#4114 = CARTESIAN_POINT ( 'NONE',  ( 30.50000000000002842, 0.000000000000000000, 2.830492254602823721 ) ) ;
#4115 = DIRECTION ( 'NONE',  ( 4.336808689941893096E-15, 0.000000000000000000, 1.000000000000000000 ) ) ;
#4116 = CARTESIAN_POINT ( 'NONE',  ( -34.52834772718359346, 0.000000000000000000, 0.000000000000000000 ) ) ;
#4117 = CARTESIAN_POINT ( 'NONE',  ( -52.26934719375725535, 9.378539756920224235, 3.805951680773572932 ) ) ;
#4118 = EDGE_CURVE ( 'NONE', #1303, #2265, #1099, .T. ) ;
#4119 = DIRECTION ( 'NONE',  ( 1.000000000000000000, 0.000000000000000000, -5.782411586589351722E-16 ) ) ;
#4120 = EDGE_CURVE ( 'NONE', #3271, #2668, #3475, .T. ) ;
#4121 = CARTESIAN_POINT ( 'NONE',  ( 38.34211819145298961, -0.0009999999999999158867, -7.483866831501378769 ) ) ;
#4122 = CARTESIAN_POINT ( 'NONE',  ( -52.20650430357857630, 7.536768672106258116, -4.009004978326783153 ) ) ;
#4123 = ORIENTED_EDGE ( 'NONE', *, *, #8533, .T. ) ;
#4124 = VERTEX_POINT ( 'NONE', #2753 ) ;
#4125 = CARTESIAN_POINT ( 'NONE',  ( -8.947521086617219380E-16, 9.000000000000001776, 12.25000000000000355 ) ) ;
#4126 = ORIENTED_EDGE ( 'NONE', *, *, #10033, .T. ) ;
#4127 = EDGE_CURVE ( 'NONE', #135, #2719, #9331, .T. ) ;
#4128 = DIRECTION ( 'NONE',  ( 0.000000000000000000, 1.000000000000000000, -0.000000000000000000 ) ) ;
#4129 = AXIS2_PLACEMENT_3D ( 'NONE', #1199, #10172, #9372 ) ;
#4130 = DIRECTION ( 'NONE',  ( 0.000000000000000000, -0.000000000000000000, -1.000000000000000000 ) ) ;
#4131 = ADVANCED_FACE ( 'NONE', ( #1948 ), #2800, .F. ) ;
#4132 = CARTESIAN_POINT ( 'NONE',  ( -15.77802059593038564, 13.30000000000000071, -5.742729852557515002 ) ) ;
#4133 = VERTEX_POINT ( 'NONE', #8501 ) ;
#4134 = CARTESIAN_POINT ( 'NONE',  ( -52.34420783010357070, 8.820788012308153014, -4.159637416766241103 ) ) ;
#4135 = ORIENTED_EDGE ( 'NONE', *, *, #8958, .T. ) ;
#4136 = ORIENTED_EDGE ( 'NONE', *, *, #2850, .T. ) ;
#4137 = CARTESIAN_POINT ( 'NONE',  ( 52.75100000000002609, 7.099999999999998757, -2.925000000000016254 ) ) ;
#4138 = VERTEX_POINT ( 'NONE', #772 ) ;
#4139 = ORIENTED_EDGE ( 'NONE', *, *, #4145, .F. ) ;
#4140 = DIRECTION ( 'NONE',  ( -1.000000000000000000, -0.000000000000000000, -0.000000000000000000 ) ) ;
#4141 = CIRCLE ( 'NONE', #10238, 1.000000000000000888 ) ;
#4142 = CARTESIAN_POINT ( 'NONE',  ( 22.81827201635470459, 5.400000000000000355, -10.68172798364529719 ) ) ;
#4143 = EDGE_CURVE ( 'NONE', #6685, #579, #5626, .T. ) ;
#4144 = DIRECTION ( 'NONE',  ( 0.7660444431189792347, -0.000000000000000000, 0.6427876096865379196 ) ) ;
#4145 = EDGE_CURVE ( 'NONE', #225, #3215, #7902, .T. ) ;
#4146 = AXIS2_PLACEMENT_3D ( 'NONE', #5965, #7607, #267 ) ;
#4147 = LINE ( 'NONE', #2432, #1995 ) ;
#4148 = ADVANCED_FACE ( 'NONE', ( #10392 ), #3913, .T. ) ;
#4149 = CARTESIAN_POINT ( 'NONE',  ( -29.81007189365366372, -2.624222992386002318, -20.34067203111825251 ) ) ;
#4150 = ORIENTED_EDGE ( 'NONE', *, *, #4706, .F. ) ;
#4151 = VERTEX_POINT ( 'NONE', #3104 ) ;
#4152 = FACE_OUTER_BOUND ( 'NONE', #3959, .T. ) ;
#4153 = ADVANCED_FACE ( 'NONE', ( #7161 ), #3002, .T. ) ;
#4154 = EDGE_CURVE ( 'NONE', #9655, #4375, #670, .T. ) ;
#4155 = DIRECTION ( 'NONE',  ( 0.000000000000000000, 0.000000000000000000, 1.000000000000000000 ) ) ;
#4156 = CARTESIAN_POINT ( 'NONE',  ( -52.25000000000000711, 7.102280827012609876, -3.001973684210528237 ) ) ;
#4157 = ORIENTED_EDGE ( 'NONE', *, *, #4731, .T. ) ;
#4158 = VECTOR ( 'NONE', #5716, 1000.000000000000000 ) ;
#4159 = CARTESIAN_POINT ( 'NONE',  ( 0.000000000000000000, 0.5000000000000004441, 8.349999999999997868 ) ) ;
#4160 = ORIENTED_EDGE ( 'NONE', *, *, #4785, .F. ) ;
#4161 = DIRECTION ( 'NONE',  ( 0.000000000000000000, 0.000000000000000000, -1.000000000000000000 ) ) ;
#4162 = CARTESIAN_POINT ( 'NONE',  ( 23.32059264874610349, 0.02145563245112765138, 2.729700915573427089 ) ) ;
#4163 = AXIS2_PLACEMENT_3D ( 'NONE', #9143, #262, #1854 ) ;
#4164 = DIRECTION ( 'NONE',  ( -1.000000000000000000, 0.000000000000000000, 0.000000000000000000 ) ) ;
#4165 = ORIENTED_EDGE ( 'NONE', *, *, #6914, .T. ) ;
#4166 = VERTEX_POINT ( 'NONE', #5421 ) ;
#4167 = DIRECTION ( 'NONE',  ( 0.000000000000000000, 0.000000000000000000, -1.000000000000000000 ) ) ;
#4168 = VERTEX_POINT ( 'NONE', #5469 ) ;
#4169 = CARTESIAN_POINT ( 'NONE',  ( -30.13203748537932825, 5.996123729295902649, -2.765105688015068619 ) ) ;
#4170 = DIRECTION ( 'NONE',  ( 0.000000000000000000, 0.000000000000000000, 1.000000000000000000 ) ) ;
#4171 = DIRECTION ( 'NONE',  ( 1.000000000000000000, 0.000000000000000000, -4.336808689942043768E-15 ) ) ;
#4172 = CARTESIAN_POINT ( 'NONE',  ( -31.27472780755320869, 0.000000000000000000, 2.965000000000000302 ) ) ;
#4173 = CARTESIAN_POINT ( 'NONE',  ( -53.20000000000000284, 9.700000000000001066, -2.924999999999968736 ) ) ;
#4174 = LINE ( 'NONE', #132, #2293 ) ;
#4175 = CARTESIAN_POINT ( 'NONE',  ( 3.099999999999990763, 13.30000000000000071, 13.35000000000019149 ) ) ;
#4176 = CARTESIAN_POINT ( 'NONE',  ( 25.95062952100080977, 0.09795398803915229824, -0.2431603510189914719 ) ) ;
#4177 = ORIENTED_EDGE ( 'NONE', *, *, #669, .F. ) ;
#4178 = VERTEX_POINT ( 'NONE', #7110 ) ;
#4179 = EDGE_CURVE ( 'NONE', #5713, #9610, #4609, .T. ) ;
#4180 = FACE_OUTER_BOUND ( 'NONE', #8342, .T. ) ;
#4181 = CIRCLE ( 'NONE', #5195, 0.7999999999999992673 ) ;
#4182 = ORIENTED_EDGE ( 'NONE', *, *, #5690, .F. ) ;
#4183 = DIRECTION ( 'NONE',  ( 0.000000000000000000, 3.652049423109066446E-15, -1.000000000000000000 ) ) ;
#4184 = EDGE_CURVE ( 'NONE', #7818, #980, #1424, .T. ) ;
#4185 = DIRECTION ( 'NONE',  ( -0.000000000000000000, -0.000000000000000000, 1.000000000000000000 ) ) ;
#4186 = CARTESIAN_POINT ( 'NONE',  ( -35.26554871542300162, 0.1999999999999987899, -2.765000000000000124 ) ) ;
#4187 = EDGE_CURVE ( 'NONE', #10348, #6123, #8752, .T. ) ;
#4188 = VECTOR ( 'NONE', #3463, 1000.000000000000000 ) ;
#4189 = PLANE ( 'NONE',  #4505 ) ;
#4190 = ORIENTED_EDGE ( 'NONE', *, *, #2275, .T. ) ;
#4191 = CARTESIAN_POINT ( 'NONE',  ( 0.000000000000000000, 11.00000000000000178, 13.55000000000000249 ) ) ;
#4192 = ORIENTED_EDGE ( 'NONE', *, *, #8286, .T. ) ;
#4193 = ORIENTED_EDGE ( 'NONE', *, *, #4213, .F. ) ;
#4194 = CARTESIAN_POINT ( 'NONE',  ( -52.25000000000001421, 8.400000000000000355, -2.449999999999999734 ) ) ;
#4195 = VERTEX_POINT ( 'NONE', #9438 ) ;
#4196 = VERTEX_POINT ( 'NONE', #2158 ) ;
#4197 = PLANE ( 'NONE',  #5594 ) ;
#4198 = VECTOR ( 'NONE', #3132, 1000.000000000000000 ) ;
#4199 = DIRECTION ( 'NONE',  ( 0.000000000000000000, 0.000000000000000000, -1.000000000000000000 ) ) ;
#4200 = CARTESIAN_POINT ( 'NONE',  ( 47.49999999999999289, 3.000000000000000000, -11.75000000000000000 ) ) ;
#4201 = AXIS2_PLACEMENT_3D ( 'NONE', #5896, #9129, #8340 ) ;
#4202 = DIRECTION ( 'NONE',  ( 1.000000000000000000, -0.000000000000000000, -0.000000000000000000 ) ) ;
#4203 = DIRECTION ( 'NONE',  ( -1.000000000000000000, 0.000000000000000000, 3.634931228083748646E-15 ) ) ;
#4204 = VERTEX_POINT ( 'NONE', #4767 ) ;
#4205 = ORIENTED_EDGE ( 'NONE', *, *, #3026, .T. ) ;
#4206 = CARTESIAN_POINT ( 'NONE',  ( -52.45000000000001705, 8.400000000000000355, -2.924999999999968736 ) ) ;
#4207 = CARTESIAN_POINT ( 'NONE',  ( -51.22917112000553885, 15.10000000000000142, 9.894693245086287448 ) ) ;
#4208 = CARTESIAN_POINT ( 'NONE',  ( 47.50000000000000000, 0.000000000000000000, -9.500000000000001776 ) ) ;
#4209 = VECTOR ( 'NONE', #5667, 1000.000000000000000 ) ;
#4210 = ORIENTED_EDGE ( 'NONE', *, *, #8509, .T. ) ;
#4211 = EDGE_CURVE ( 'NONE', #2541, #9239, #981, .T. ) ;
#4212 = VECTOR ( 'NONE', #8510, 1000.000000000000000 ) ;
#4213 = EDGE_CURVE ( 'NONE', #10424, #4463, #4818, .T. ) ;
#4214 = DIRECTION ( 'NONE',  ( 1.000000000000000000, 0.000000000000000000, 4.231032868236115418E-16 ) ) ;
#4215 = ADVANCED_FACE ( 'NONE', ( #2208 ), #8700, .T. ) ;
#4216 = AXIS2_PLACEMENT_3D ( 'NONE', #10319, #5449, #2882 ) ;
#4217 = VECTOR ( 'NONE', #4544, 1000.000000000000000 ) ;
#4218 = VERTEX_POINT ( 'NONE', #10236 ) ;
#4219 = LINE ( 'NONE', #2664, #268 ) ;
#4220 = CYLINDRICAL_SURFACE ( 'NONE', #1993, 3.750000000000001776 ) ;
#4221 = CARTESIAN_POINT ( 'NONE',  ( -52.39338509191044579, 9.425541345312240082, 3.731114064541546593 ) ) ;
#4222 = ORIENTED_EDGE ( 'NONE', *, *, #9243, .F. ) ;
#4223 = AXIS2_PLACEMENT_3D ( 'NONE', #52, #3238, #735 ) ;
#4224 = CARTESIAN_POINT ( 'NONE',  ( 43.25000000000000711, 7.000000000000000000, -12.25000000000000178 ) ) ;
#4225 = ORIENTED_EDGE ( 'NONE', *, *, #554, .F. ) ;
#4226 = FACE_OUTER_BOUND ( 'NONE', #3442, .T. ) ;
#4227 = VECTOR ( 'NONE', #8853, 1000.000000000000000 ) ;
#4228 = VECTOR ( 'NONE', #6618, 1000.000000000000000 ) ;
#4229 = LINE ( 'NONE', #3424, #8826 ) ;
#4230 = EDGE_CURVE ( 'NONE', #107, #2396, #2951, .T. ) ;
#4231 = AXIS2_PLACEMENT_3D ( 'NONE', #2320, #8817, #6581 ) ;
#4232 = CARTESIAN_POINT ( 'NONE',  ( -52.44999998424968624, 9.684237726556574444, 3.229260862839328894 ) ) ;
#4233 = LINE ( 'NONE', #5881, #3977 ) ;
#4234 = CARTESIAN_POINT ( 'NONE',  ( 30.95000000000000284, 0.2999999999999999889, -2.350000000000003197 ) ) ;
#4235 = EDGE_CURVE ( 'NONE', #476, #847, #1362, .T. ) ;
#4236 = DIRECTION ( 'NONE',  ( 0.000000000000000000, -1.000000000000000000, 0.000000000000000000 ) ) ;
#4237 = CARTESIAN_POINT ( 'NONE',  ( 52.75100000000002609, 8.400000000000000355, -2.925000000000016254 ) ) ;
#4238 = CARTESIAN_POINT ( 'NONE',  ( -52.21211380852813733, 9.442709853812990772, -3.863961515592257090 ) ) ;
#4239 = ORIENTED_EDGE ( 'NONE', *, *, #4600, .F. ) ;
#4240 = ORIENTED_EDGE ( 'NONE', *, *, #1319, .F. ) ;
#4241 = PLANE ( 'NONE',  #6936 ) ;
#4242 = EDGE_LOOP ( 'NONE', ( #9101, #2918, #1010, #10114, #7603, #8908, #9394, #7805 ) ) ;
#4243 = CARTESIAN_POINT ( 'NONE',  ( -45.20000000000000284, 3.000000000000000000, -6.750000000000000888 ) ) ;
#4244 = CIRCLE ( 'NONE', #3715, 5.199999999999985967 ) ;
#4245 = AXIS2_PLACEMENT_3D ( 'NONE', #9437, #7847, #2904 ) ;
#4246 = DIRECTION ( 'NONE',  ( 0.000000000000000000, -0.000000000000000000, 1.000000000000000000 ) ) ;
#4247 = CARTESIAN_POINT ( 'NONE',  ( -45.19999999999994600, 3.000000000000000000, -11.75000000000000355 ) ) ;
#4248 = AXIS2_PLACEMENT_3D ( 'NONE', #10021, #8336, #5892 ) ;
#4249 = DIRECTION ( 'NONE',  ( 1.000000000000000000, 0.000000000000000000, 0.000000000000000000 ) ) ;
#4250 = VERTEX_POINT ( 'NONE', #714 ) ;
#4251 = DIRECTION ( 'NONE',  ( 0.000000000000000000, 0.000000000000000000, 1.000000000000000000 ) ) ;
#4252 = EDGE_LOOP ( 'NONE', ( #4959, #1903, #2273, #6598 ) ) ;
#4253 = ORIENTED_EDGE ( 'NONE', *, *, #13, .F. ) ;
#4254 = LINE ( 'NONE', #9977, #1158 ) ;
#4255 = ORIENTED_EDGE ( 'NONE', *, *, #2560, .T. ) ;
#4256 = VERTEX_POINT ( 'NONE', #10346 ) ;
#4257 = DIRECTION ( 'NONE',  ( 0.000000000000000000, 1.000000000000000000, -0.000000000000000000 ) ) ;
#4258 = AXIS2_PLACEMENT_3D ( 'NONE', #8190, #3925, #8821 ) ;
#4259 =( BOUNDED_CURVE ( )  B_SPLINE_CURVE ( 3, ( #8606, #3761, #5324, #7010 ),
 .UNSPECIFIED., .F., .F. ) 
 B_SPLINE_CURVE_WITH_KNOTS ( ( 4, 4 ),
 ( 4.712388980384688786, 5.800197417813647505 ),
 .UNSPECIFIED. ) 
 CURVE ( )  GEOMETRIC_REPRESENTATION_ITEM ( )  RATIONAL_B_SPLINE_CURVE ( ( 1.000000000000000000, 0.9037965667448127904, 0.9037965667448127904, 1.000000000000000000 ) ) 
 REPRESENTATION_ITEM ( '' )  );
#4260 = CARTESIAN_POINT ( 'NONE',  ( -52.00319465118865736, 8.642702946773580308, 4.338305428497906568 ) ) ;
#4261 = DIRECTION ( 'NONE',  ( 0.000000000000000000, 1.000000000000000000, 0.000000000000000000 ) ) ;
#4262 = EDGE_CURVE ( 'NONE', #6077, #9570, #10431, .T. ) ;
#4263 = CARTESIAN_POINT ( 'NONE',  ( 39.38469035668907026, 5.400000000000000355, 4.549999999999998934 ) ) ;
#4264 = VERTEX_POINT ( 'NONE', #8011 ) ;
#4265 = ORIENTED_EDGE ( 'NONE', *, *, #9140, .F. ) ;
#4266 = DIRECTION ( 'NONE',  ( -3.652049423109083111E-16, -0.000000000000000000, -1.000000000000000000 ) ) ;
#4267 = EDGE_CURVE ( 'NONE', #9132, #8127, #6193, .T. ) ;
#4268 = FACE_OUTER_BOUND ( 'NONE', #8706, .T. ) ;
#4269 = DIRECTION ( 'NONE',  ( 0.000000000000000000, 0.8344462197396310676, -0.5510893814638778698 ) ) ;
#4270 = CARTESIAN_POINT ( 'NONE',  ( -52.25000000000001421, 9.900000000000000355, -2.924999999999968736 ) ) ;
#4271 = ORIENTED_EDGE ( 'NONE', *, *, #4458, .T. ) ;
#4272 = DIRECTION ( 'NONE',  ( -0.000000000000000000, -1.000000000000000000, -0.000000000000000000 ) ) ;
#4273 = EDGE_CURVE ( 'NONE', #8694, #8628, #8410, .T. ) ;
#4274 = CARTESIAN_POINT ( 'NONE',  ( 9.519658948938198861, 5.500000000000000000, 10.25000000000000178 ) ) ;
#4275 = CARTESIAN_POINT ( 'NONE',  ( -34.31252571724582623, 0.2000000000000111411, 2.765000000000000124 ) ) ;
#4276 = ORIENTED_EDGE ( 'NONE', *, *, #426, .F. ) ;
#4277 = CARTESIAN_POINT ( 'NONE',  ( -2.036682489283829767E-14, 13.30000000000000071, 14.75000000000003553 ) ) ;
#4278 = ORIENTED_EDGE ( 'NONE', *, *, #4080, .F. ) ;
#4279 = CARTESIAN_POINT ( 'NONE',  ( 38.57940735125389864, 0.02145563245112837997, -7.429700915573433484 ) ) ;
#4280 = EDGE_CURVE ( 'NONE', #2955, #7480, #9874, .T. ) ;
#4281 = CARTESIAN_POINT ( 'NONE',  ( -31.46672734614590183, 0.000000000000000000, 2.965000000000000302 ) ) ;
#4282 = CARTESIAN_POINT ( 'NONE',  ( -34.44357915404025761, -6.058573835305378367E-16, 3.499768573143335892 ) ) ;
#4283 = DIRECTION ( 'NONE',  ( -0.000000000000000000, -0.000000000000000000, -1.000000000000000000 ) ) ;
#4284 = CARTESIAN_POINT ( 'NONE',  ( 35.74931454692331556, -1.869401714590240059E-15, -0.1771536671050051859 ) ) ;
#4285 = DIRECTION ( 'NONE',  ( 0.000000000000000000, -1.000000000000000000, -2.891205793294682764E-16 ) ) ;
#4286 = CARTESIAN_POINT ( 'NONE',  ( -29.83999999999999986, 0.5000000000000004441, 9.349999999999997868 ) ) ;
#4287 = ORIENTED_EDGE ( 'NONE', *, *, #4869, .T. ) ;
#4288 = ORIENTED_EDGE ( 'NONE', *, *, #3597, .F. ) ;
#4289 = EDGE_CURVE ( 'NONE', #154, #1723, #3441, .T. ) ;
#4290 = ORIENTED_EDGE ( 'NONE', *, *, #5176, .F. ) ;
#4291 = DIRECTION ( 'NONE',  ( -1.374038396813312538E-16, 0.000000000000000000, -1.000000000000000000 ) ) ;
#4292 = DIRECTION ( 'NONE',  ( 0.000000000000000000, 0.000000000000000000, 1.000000000000000000 ) ) ;
#4293 = DIRECTION ( 'NONE',  ( -0.000000000000000000, -1.000000000000000000, -0.000000000000000000 ) ) ;
#4294 = CARTESIAN_POINT ( 'NONE',  ( 35.25070682527638155, 0.02221052063481617628, -5.511033455695020677 ) ) ;
#4295 = VERTEX_POINT ( 'NONE', #4939 ) ;
#4296 = CARTESIAN_POINT ( 'NONE',  ( 20.66000000000000369, 0.5000000000000004441, 8.349999999999997868 ) ) ;
#4297 = ORIENTED_EDGE ( 'NONE', *, *, #8961, .T. ) ;
#4298 = ORIENTED_EDGE ( 'NONE', *, *, #2041, .F. ) ;
#4299 = DIRECTION ( 'NONE',  ( 0.000000000000000000, 0.000000000000000000, 1.000000000000000000 ) ) ;
#4300 = ORIENTED_EDGE ( 'NONE', *, *, #5301, .T. ) ;
#4301 = VERTEX_POINT ( 'NONE', #5732 ) ;
#4302 = DIRECTION ( 'NONE',  ( 0.000000000000000000, 0.000000000000000000, 1.000000000000000000 ) ) ;
#4303 = VECTOR ( 'NONE', #565, 1000.000000000000000 ) ;
#4304 = CARTESIAN_POINT ( 'NONE',  ( 31.62510858178175255, 0.09795398803915360275, -7.733001662233784046 ) ) ;
#4305 = DIRECTION ( 'NONE',  ( -1.000000000000000000, 0.000000000000000000, 0.000000000000000000 ) ) ;
#4306 = CARTESIAN_POINT ( 'NONE',  ( -30.14000000000000767, 0.5000000000000004441, -3.615000000000000213 ) ) ;
#4307 = ORIENTED_EDGE ( 'NONE', *, *, #7594, .F. ) ;
#4308 = VECTOR ( 'NONE', #5348, 1000.000000000000000 ) ;
#4309 = ORIENTED_EDGE ( 'NONE', *, *, #4113, .T. ) ;
#4310 = CARTESIAN_POINT ( 'NONE',  ( -39.63977263648107652, 0.1999999999999987899, 3.415000000000000036 ) ) ;
#4311 =( BOUNDED_CURVE ( )  B_SPLINE_CURVE ( 3, ( #360, #5363, #6206, #6848 ),
 .UNSPECIFIED., .F., .F. ) 
 B_SPLINE_CURVE_WITH_KNOTS ( ( 4, 4 ),
 ( 4.712388980384691450, 6.256640474514465033 ),
 .UNSPECIFIED. ) 
 CURVE ( )  GEOMETRIC_REPRESENTATION_ITEM ( )  RATIONAL_B_SPLINE_CURVE ( ( 1.000000000000000000, 0.8109528274921290469, 0.8109528274921290469, 1.000000000000000000 ) ) 
 REPRESENTATION_ITEM ( '' )  );
#4312 = FACE_OUTER_BOUND ( 'NONE', #4758, .T. ) ;
#4313 = ADVANCED_FACE ( 'NONE', ( #7373 ), #2588, .T. ) ;
#4314 = VECTOR ( 'NONE', #4965, 1000.000000000000000 ) ;
#4315 = EDGE_CURVE ( 'NONE', #255, #1193, #4020, .T. ) ;
#4316 = EDGE_CURVE ( 'NONE', #7515, #2756, #3390, .T. ) ;
#4317 = LINE ( 'NONE', #2445, #6075 ) ;
#4318 = ADVANCED_FACE ( 'NONE', ( #881 ), #2471, .T. ) ;
#4319 = ORIENTED_EDGE ( 'NONE', *, *, #9408, .F. ) ;
#4320 = DIRECTION ( 'NONE',  ( 1.000000000000000000, 0.000000000000000000, 0.000000000000000000 ) ) ;
#4321 = CARTESIAN_POINT ( 'NONE',  ( 3.099999999999991651, 15.10000000000000142, 13.45000000000019114 ) ) ;
#4322 = CARTESIAN_POINT ( 'NONE',  ( -25.50000000000000711, 11.00000000000000178, 13.55000000000000249 ) ) ;
#4323 = ORIENTED_EDGE ( 'NONE', *, *, #5520, .F. ) ;
#4324 = VECTOR ( 'NONE', #8254, 1000.000000000000000 ) ;
#4325 = DIRECTION ( 'NONE',  ( -1.000000000000000000, -0.000000000000000000, -0.000000000000000000 ) ) ;
#4326 = VECTOR ( 'NONE', #9718, 1000.000000000000000 ) ;
#4327 = ORIENTED_EDGE ( 'NONE', *, *, #4077, .T. ) ;
#4328 = LINE ( 'NONE', #7569, #7981 ) ;
#4329 = DIRECTION ( 'NONE',  ( 1.000000000000000000, -0.000000000000000000, 0.000000000000000000 ) ) ;
#4330 = DIRECTION ( 'NONE',  ( -0.000000000000000000, -0.000000000000000000, 1.000000000000000000 ) ) ;
#4331 = AXIS2_PLACEMENT_3D ( 'NONE', #2060, #3707, #412 ) ;
#4332 = LINE ( 'NONE', #1030, #6094 ) ;
#4333 = CARTESIAN_POINT ( 'NONE',  ( -52.22340835089975997, 7.205390757595235840, -3.692296232791189681 ) ) ;
#4334 = LINE ( 'NONE', #2730, #5062 ) ;
#4335 = CARTESIAN_POINT ( 'NONE',  ( 26.60635347795579619, -0.0009999999999999158867, 1.023830892551267135 ) ) ;
#4336 = VERTEX_POINT ( 'NONE', #935 ) ;
#4337 = VERTEX_POINT ( 'NONE', #5894 ) ;
#4338 = DIRECTION ( 'NONE',  ( 1.000000000000000000, -0.000000000000000000, -0.000000000000000000 ) ) ;
#4339 = ORIENTED_EDGE ( 'NONE', *, *, #3435, .F. ) ;
#4340 = CYLINDRICAL_SURFACE ( 'NONE', #5325, 5.250000000000005329 ) ;
#4341 = EDGE_CURVE ( 'NONE', #6494, #10072, #8967, .T. ) ;
#4342 = CIRCLE ( 'NONE', #6365, 5.249999999999998224 ) ;
#4343 = ADVANCED_FACE ( 'NONE', ( #2635 ), #6464, .T. ) ;
#4344 = ADVANCED_FACE ( 'NONE', ( #1784 ), #5702, .F. ) ;
#4345 = DIRECTION ( 'NONE',  ( 0.000000000000000000, 1.000000000000000000, 0.000000000000000000 ) ) ;
#4346 = CARTESIAN_POINT ( 'NONE',  ( -52.23893568960530587, 7.054008657985665565, 3.499028688288178035 ) ) ;
#4347 = ADVANCED_FACE ( 'NONE', ( #8338 ), #7269, .F. ) ;
#4348 = CARTESIAN_POINT ( 'NONE',  ( 0.000000000000000000, 11.00000000000000178, 0.000000000000000000 ) ) ;
#4349 = VERTEX_POINT ( 'NONE', #9703 ) ;
#4350 = VECTOR ( 'NONE', #2564, 1000.000000000000000 ) ;
#4351 = DIRECTION ( 'NONE',  ( 0.000000000000000000, 1.000000000000000000, -0.000000000000000000 ) ) ;
#4352 = ORIENTED_EDGE ( 'NONE', *, *, #7428, .T. ) ;
#4353 = VERTEX_POINT ( 'NONE', #6633 ) ;
#4354 = LINE ( 'NONE', #3552, #9992 ) ;
#4355 = EDGE_LOOP ( 'NONE', ( #5839, #1685, #1582, #3326 ) ) ;
#4356 = CARTESIAN_POINT ( 'NONE',  ( 41.25000000000000711, 5.500000000000000000, 8.250000000000003553 ) ) ;
#4357 = CARTESIAN_POINT ( 'NONE',  ( 31.39999999999997726, 0.000000000000000000, -7.530492254602830116 ) ) ;
#4358 = AXIS2_PLACEMENT_3D ( 'NONE', #4206, #7449, #163 ) ;
#4359 = FACE_OUTER_BOUND ( 'NONE', #7329, .T. ) ;
#4360 = FACE_OUTER_BOUND ( 'NONE', #6012, .T. ) ;
#4361 = CARTESIAN_POINT ( 'NONE',  ( -400000.2249999999767, 5.500000000000000000, -12.24999999999454303 ) ) ;
#4362 = ORIENTED_EDGE ( 'NONE', *, *, #1826, .F. ) ;
#4363 = CIRCLE ( 'NONE', #2487, 1.900000000000000577 ) ;
#4364 = ORIENTED_EDGE ( 'NONE', *, *, #9924, .F. ) ;
#4365 = CARTESIAN_POINT ( 'NONE',  ( 23.55788180854699476, 0.2505450496179589259, -7.483866831501331696 ) ) ;
#4366 = DIRECTION ( 'NONE',  ( 0.09864855753175855169, -0.5484013522092406889, -0.8303760708209141361 ) ) ;
#4367 = AXIS2_PLACEMENT_3D ( 'NONE', #5711, #3359, #3419 ) ;
#4368 = DIRECTION ( 'NONE',  ( -0.000000000000000000, -0.000000000000000000, 1.000000000000000000 ) ) ;
#4369 = ORIENTED_EDGE ( 'NONE', *, *, #4897, .T. ) ;
#4370 = DIRECTION ( 'NONE',  ( 0.8660254037843672092, 0.000000000000000000, 0.5000000000001236788 ) ) ;
#4371 = AXIS2_PLACEMENT_3D ( 'NONE', #10221, #447, #1201 ) ;
#4372 = DIRECTION ( 'NONE',  ( -0.000000000000000000, -0.000000000000000000, -1.000000000000000000 ) ) ;
#4373 = ORIENTED_EDGE ( 'NONE', *, *, #9986, .F. ) ;
#4374 = FACE_BOUND ( 'NONE', #7070, .T. ) ;
#4375 = VERTEX_POINT ( 'NONE', #991 ) ;
#4376 = CIRCLE ( 'NONE', #3348, 0.2888330770816419091 ) ;
#4377 = CARTESIAN_POINT ( 'NONE',  ( 30.19999999999998153, 0.5000000000000000000, 0.000000000000000000 ) ) ;
#4378 = AXIS2_PLACEMENT_3D ( 'NONE', #3293, #5820, #4904 ) ;
#4379 = CARTESIAN_POINT ( 'NONE',  ( -34.34233853611036835, 0.1265113557324328841, -2.778990808926776079 ) ) ;
#4380 = ADVANCED_FACE ( 'NONE', ( #7489 ), #4082, .F. ) ;
#4381 = DIRECTION ( 'NONE',  ( 1.000000000000000000, 0.000000000000000000, 0.000000000000000000 ) ) ;
#4382 = DIRECTION ( 'NONE',  ( 0.000000000000000000, 0.000000000000000000, -1.000000000000000000 ) ) ;
#4383 = AXIS2_PLACEMENT_3D ( 'NONE', #8411, #7616, #2967 ) ;
#4384 = CARTESIAN_POINT ( 'NONE',  ( -52.26934719376642136, 7.421460243081539510, -3.805951680772738932 ) ) ;
#4385 = DIRECTION ( 'NONE',  ( 0.000000000000000000, 9.130123557772666115E-16, -1.000000000000000000 ) ) ;
#4386 = LINE ( 'NONE', #3628, #4018 ) ;
#4387 = VERTEX_POINT ( 'NONE', #9820 ) ;
#4388 = ORIENTED_EDGE ( 'NONE', *, *, #9596, .T. ) ;
#4389 = EDGE_CURVE ( 'NONE', #476, #3327, #7324, .T. ) ;
#4390 = CARTESIAN_POINT ( 'NONE',  ( -53.20100000000002183, 9.850000000000001421, 3.299999999999998934 ) ) ;
#4391 = CIRCLE ( 'NONE', #3535, 9.000000000000012434 ) ;
#4392 = VERTEX_POINT ( 'NONE', #9028 ) ;
#4393 = CYLINDRICAL_SURFACE ( 'NONE', #8035, 8.000000000000000000 ) ;
#4394 = VECTOR ( 'NONE', #5159, 1000.000000000000000 ) ;
#4395 = DIRECTION ( 'NONE',  ( 0.000000000000000000, 0.000000000000000000, 1.000000000000000000 ) ) ;
#4396 = CARTESIAN_POINT ( 'NONE',  ( 30.50000000000002842, 0.000000000000000000, 6.939106523234632284 ) ) ;
#4397 = VECTOR ( 'NONE', #7056, 1000.000000000000000 ) ;
#4398 = DIRECTION ( 'NONE',  ( 0.000000000000000000, 0.000000000000000000, 1.000000000000000000 ) ) ;
#4399 = CIRCLE ( 'NONE', #1140, 0.1999999999999996503 ) ;
#4400 = CARTESIAN_POINT ( 'NONE',  ( -50.20000000000000284, 0.000000000000000000, -6.749999999999941380 ) ) ;
#4401 = ORIENTED_EDGE ( 'NONE', *, *, #6424, .T. ) ;
#4402 = CARTESIAN_POINT ( 'NONE',  ( -47.50000000000000711, 8.000000000000000000, 9.500000000000001776 ) ) ;
#4403 = VERTEX_POINT ( 'NONE', #3267 ) ;
#4404 = ORIENTED_EDGE ( 'NONE', *, *, #6117, .T. ) ;
#4405 = CIRCLE ( 'NONE', #9474, 0.1999999999999987899 ) ;
#4406 = ADVANCED_FACE ( 'NONE', ( #8232 ), #4189, .T. ) ;
#4407 = LINE ( 'NONE', #1999, #7094 ) ;
#4408 = ORIENTED_EDGE ( 'NONE', *, *, #374, .F. ) ;
#4409 = CARTESIAN_POINT ( 'NONE',  ( -39.68512705544042518, -1.215015152484107712E-16, -3.491341773655562086 ) ) ;
#4410 = AXIS2_PLACEMENT_3D ( 'NONE', #7370, #4345, #7424 ) ;
#4411 = FACE_OUTER_BOUND ( 'NONE', #5974, .T. ) ;
#4412 = CARTESIAN_POINT ( 'NONE',  ( -31.39188509507858882, -6.517412704708242199E-16, 3.532157287525381495 ) ) ;
#4413 = DIRECTION ( 'NONE',  ( -0.000000000000000000, 1.000000000000000000, 0.000000000000000000 ) ) ;
#4414 = EDGE_LOOP ( 'NONE', ( #4309, #1254, #6176, #3512, #2399 ) ) ;
#4415 = ORIENTED_EDGE ( 'NONE', *, *, #3266, .T. ) ;
#4416 = ORIENTED_EDGE ( 'NONE', *, *, #3435, .T. ) ;
#4417 = CARTESIAN_POINT ( 'NONE',  ( -30.14000000000000412, 0.5000000000000004441, -2.765000000000000124 ) ) ;
#4418 = VECTOR ( 'NONE', #4478, 999.9999999999998863 ) ;
#4419 = CARTESIAN_POINT ( 'NONE',  ( 30.95000000000000284, 0.2999999999999999889, -2.350000000000003197 ) ) ;
#4420 = EDGE_CURVE ( 'NONE', #5139, #7818, #4842, .T. ) ;
#4421 = ADVANCED_FACE ( 'NONE', ( #1092 ), #6204, .T. ) ;
#4422 = CIRCLE ( 'NONE', #7987, 1.300000000000000266 ) ;
#4423 = CARTESIAN_POINT ( 'NONE',  ( -34.39005668592174203, 0.2000000000000000111, -3.615000000000000213 ) ) ;
#4424 = B_SPLINE_CURVE_WITH_KNOTS ( 'NONE', 3,
 ( #2678, #6875, #9168, #6086, #1031, #3477, #4284, #9317 ),
 .UNSPECIFIED., .F., .F.,
 ( 4, 2, 2, 4 ),
 ( 0.000000000000000000, 0.0001382025733524854731, 0.0002764051467049709462, 0.0005528102934099418924 ),
 .UNSPECIFIED. ) ;
#4425 = ORIENTED_EDGE ( 'NONE', *, *, #8529, .T. ) ;
#4426 = DIRECTION ( 'NONE',  ( -0.3420201433256616630, 0.000000000000000000, -0.9396926207859109814 ) ) ;
#4427 = FACE_OUTER_BOUND ( 'NONE', #6996, .T. ) ;
#4428 = EDGE_LOOP ( 'NONE', ( #91, #3889, #3149, #4192, #8066, #4700, #3996, #5473, #8891, #2558, #3189, #1727 ) ) ;
#4429 = FACE_OUTER_BOUND ( 'NONE', #2337, .T. ) ;
#4430 = VERTEX_POINT ( 'NONE', #9271 ) ;
#4431 = CARTESIAN_POINT ( 'NONE',  ( -47.50000000000000711, 3.000000000000000000, 10.35000000000000142 ) ) ;
#4432 = DIRECTION ( 'NONE',  ( 1.000000000000000000, -0.000000000000000000, -0.000000000000000000 ) ) ;
#4433 = B_SPLINE_CURVE_WITH_KNOTS ( 'NONE', 3,
 ( #1750, #3641, #3695, #1206, #6991, #2895, #6947, #10182, #9379, #6894, #4452, #402, #10127, #2845, #5005, #2101 ),
 .UNSPECIFIED., .F., .F.,
 ( 4, 2, 2, 2, 2, 2, 2, 4 ),
 ( 4.336808689942017736E-19, 0.0003420773149254407444, 0.0006841546298508802961, 0.001368309259701755605, 0.001710386574627193422, 0.002052463889552631239, 0.002394541204478069490, 0.002736618519403507740 ),
 .UNSPECIFIED. ) ;
#4434 = DIRECTION ( 'NONE',  ( -0.8660254037843672092, 0.000000000000000000, -0.5000000000001236788 ) ) ;
#4435 = DIRECTION ( 'NONE',  ( -0.000000000000000000, 1.000000000000000000, -0.000000000000000000 ) ) ;
#4436 = CARTESIAN_POINT ( 'NONE',  ( 41.25000000000000711, 5.500000000000000000, 10.25000000000000178 ) ) ;
#4437 = ORIENTED_EDGE ( 'NONE', *, *, #8763, .F. ) ;
#4438 = ORIENTED_EDGE ( 'NONE', *, *, #5877, .T. ) ;
#4439 = CARTESIAN_POINT ( 'NONE',  ( -20.00000000000000711, 13.30000000000000071, -13.55000000000000249 ) ) ;
#4440 = VERTEX_POINT ( 'NONE', #5948 ) ;
#4441 = CARTESIAN_POINT ( 'NONE',  ( -47.50000000000000711, 3.000000000000000000, 10.35000000000000142 ) ) ;
#4442 = EDGE_CURVE ( 'NONE', #1154, #7892, #3592, .T. ) ;
#4443 = CARTESIAN_POINT ( 'NONE',  ( 0.000000000000000000, 11.00000000000000178, 0.000000000000000000 ) ) ;
#4444 = DIRECTION ( 'NONE',  ( -0.000000000000000000, -1.000000000000000000, -0.000000000000000000 ) ) ;
#4445 = EDGE_CURVE ( 'NONE', #4989, #7928, #5252, .T. ) ;
#4446 = ADVANCED_FACE ( 'NONE', ( #5193 ), #6836, .T. ) ;
#4447 = CARTESIAN_POINT ( 'NONE',  ( 3.099999999999991651, 13.30000000000000071, -13.45000000000019114 ) ) ;
#4448 = PLANE ( 'NONE',  #2799 ) ;
#4449 = ADVANCED_FACE ( 'NONE', ( #9330 ), #1605, .F. ) ;
#4450 = ORIENTED_EDGE ( 'NONE', *, *, #5689, .T. ) ;
#4451 = CARTESIAN_POINT ( 'NONE',  ( 0.000000000000000000, 13.30000000000000071, 13.55000000000000249 ) ) ;
#4452 = CARTESIAN_POINT ( 'NONE',  ( -52.20411103711287382, 8.959357085087512829, 4.172018366709767001 ) ) ;
#4453 = ORIENTED_EDGE ( 'NONE', *, *, #8219, .F. ) ;
#4454 = ORIENTED_EDGE ( 'NONE', *, *, #5066, .T. ) ;
#4455 = CARTESIAN_POINT ( 'NONE',  ( -29.86274486613614343, 6.159699727088188581, 9.101794378926269857 ) ) ;
#4456 = ORIENTED_EDGE ( 'NONE', *, *, #1157, .F. ) ;
#4457 = CARTESIAN_POINT ( 'NONE',  ( -30.14000000000000412, 0.5000000000000004441, 3.615000000000000213 ) ) ;
#4458 = EDGE_CURVE ( 'NONE', #4264, #8127, #3990, .T. ) ;
#4459 = CARTESIAN_POINT ( 'NONE',  ( 38.05384757729338929, 1.000000000000000000, -7.250000000000000000 ) ) ;
#4460 = CARTESIAN_POINT ( 'NONE',  ( -23.23676428111944858, 13.30000000000000071, -14.75000000000000000 ) ) ;
#4461 = CARTESIAN_POINT ( 'NONE',  ( -31.27472780755320869, 0.000000000000000000, -3.415000000000000036 ) ) ;
#4462 = VERTEX_POINT ( 'NONE', #4400 ) ;
#4463 = VERTEX_POINT ( 'NONE', #1886 ) ;
#4464 = CARTESIAN_POINT ( 'NONE',  ( -29.84000000000000341, 6.000000000000000000, 3.064999999999999947 ) ) ;
#4465 = DIRECTION ( 'NONE',  ( -7.485322442186879976E-17, 0.000000000000000000, -1.000000000000000000 ) ) ;
#4466 = ADVANCED_FACE ( 'NONE', ( #2049 ), #4448, .T. ) ;
#4467 = ADVANCED_FACE ( 'NONE', ( #8489 ), #6790, .F. ) ;
#4468 = ADVANCED_FACE ( 'NONE', ( #6890 ), #10124, .T. ) ;
#4469 = DIRECTION ( 'NONE',  ( -1.000000000000000000, -0.000000000000000000, -0.000000000000000000 ) ) ;
#4470 = EDGE_CURVE ( 'NONE', #7579, #5042, #1756, .T. ) ;
#4471 = ORIENTED_EDGE ( 'NONE', *, *, #1574, .T. ) ;
#4472 = CARTESIAN_POINT ( 'NONE',  ( -31.11939691791956974, 0.1293615736281126527, 3.615000000000000213 ) ) ;
#4473 = PLANE ( 'NONE',  #1833 ) ;
#4474 = ORIENTED_EDGE ( 'NONE', *, *, #4969, .F. ) ;
#4475 = LINE ( 'NONE', #7564, #5000 ) ;
#4476 = ORIENTED_EDGE ( 'NONE', *, *, #8074, .F. ) ;
#4477 = CIRCLE ( 'NONE', #6691, 2.999999999999999112 ) ;
#4478 = DIRECTION ( 'NONE',  ( 0.000000000000000000, 0.8660254037844418162, 0.4999999999999947264 ) ) ;
#4479 = CARTESIAN_POINT ( 'NONE',  ( 30.20000000000002771, 0.2531612188914915129, 3.098623679425835498 ) ) ;
#4480 = VECTOR ( 'NONE', #8989, 1000.000000000000000 ) ;
#4481 = CARTESIAN_POINT ( 'NONE',  ( 39.09211819145298961, 0.2999999999999999889, -6.184828725824718099 ) ) ;
#4482 = CARTESIAN_POINT ( 'NONE',  ( 43.25000000000000711, 5.500000000000000000, 8.250000000000001776 ) ) ;
#4483 = CARTESIAN_POINT ( 'NONE',  ( -50.25000000000000711, 10.30000000000000071, 2.449999999999999289 ) ) ;
#4484 = VERTEX_POINT ( 'NONE', #9970 ) ;
#4485 = ORIENTED_EDGE ( 'NONE', *, *, #1084, .T. ) ;
#4486 = CARTESIAN_POINT ( 'NONE',  ( 0.5999999999999912070, 15.10000000000000142, 13.35000000000018971 ) ) ;
#4487 = ORIENTED_EDGE ( 'NONE', *, *, #4458, .F. ) ;
#4488 = DIRECTION ( 'NONE',  ( -0.000000000000000000, -0.000000000000000000, 1.000000000000000000 ) ) ;
#4489 = CARTESIAN_POINT ( 'NONE',  ( 0.000000000000000000, 11.00000000000000178, -4.000000000000000000 ) ) ;
#4490 = AXIS2_PLACEMENT_3D ( 'NONE', #5980, #9315, #4381 ) ;
#4491 = DIRECTION ( 'NONE',  ( 1.000000000000000000, 0.000000000000000000, 0.000000000000000000 ) ) ;
#4492 = CARTESIAN_POINT ( 'NONE',  ( 0.000000000000000000, 6.500000000000000888, -12.25000000000000000 ) ) ;
#4493 = EDGE_CURVE ( 'NONE', #9407, #9307, #4041, .T. ) ;
#4494 = CARTESIAN_POINT ( 'NONE',  ( -20.00000000000001066, 9.000000000000001776, 2.352167425053299179E-15 ) ) ;
#4495 = CARTESIAN_POINT ( 'NONE',  ( -29.84000000000000341, 6.296018041280833089, -3.064999999999999947 ) ) ;
#4496 = ORIENTED_EDGE ( 'NONE', *, *, #9022, .F. ) ;
#4497 = VERTEX_POINT ( 'NONE', #3953 ) ;
#4498 = DIRECTION ( 'NONE',  ( -0.000000000000000000, -0.000000000000000000, 1.000000000000000000 ) ) ;
#4499 = AXIS2_PLACEMENT_3D ( 'NONE', #556, #1405, #606 ) ;
#4500 = ORIENTED_EDGE ( 'NONE', *, *, #9627, .T. ) ;
#4501 = EDGE_CURVE ( 'NONE', #7459, #778, #7150, .T. ) ;
#4502 = EDGE_CURVE ( 'NONE', #8044, #1624, #8909, .T. ) ;
#4503 = CARTESIAN_POINT ( 'NONE',  ( 43.25000000000000711, 8.000000000000000000, -12.25000000000000178 ) ) ;
#4504 = DIRECTION ( 'NONE',  ( 0.000000000000000000, 0.8660254037844418162, 0.4999999999999947264 ) ) ;
#4505 = AXIS2_PLACEMENT_3D ( 'NONE', #4348, #8383, #6047 ) ;
#4506 = DIRECTION ( 'NONE',  ( -1.000000000000000000, 0.000000000000000000, 0.000000000000000000 ) ) ;
#4507 = EDGE_CURVE ( 'NONE', #7099, #3111, #4342, .T. ) ;
#4508 = DIRECTION ( 'NONE',  ( -0.000000000000000000, 1.000000000000000000, -0.000000000000000000 ) ) ;
#4509 = EDGE_LOOP ( 'NONE', ( #6711, #8834, #5212, #136 ) ) ;
#4510 = CARTESIAN_POINT ( 'NONE',  ( 7.094920150553281069, -0.0009999999999999158867, 12.28876217640250346 ) ) ;
#4511 = ORIENTED_EDGE ( 'NONE', *, *, #8085, .F. ) ;
#4512 = DIRECTION ( 'NONE',  ( 0.000000000000000000, 0.000000000000000000, 1.000000000000000000 ) ) ;
#4513 = LINE ( 'NONE', #1266, #2262 ) ;
#4514 = VECTOR ( 'NONE', #1758, 1000.000000000000000 ) ;
#4515 = CARTESIAN_POINT ( 'NONE',  ( 30.49999999999998224, 0.000000000000000000, -11.63910652323463779 ) ) ;
#4516 = CIRCLE ( 'NONE', #2972, 0.2888330770816419091 ) ;
#4517 = VERTEX_POINT ( 'NONE', #8002 ) ;
#4518 = CARTESIAN_POINT ( 'NONE',  ( -39.58434658500975445, 0.1071145293931473896, 2.787877755913764855 ) ) ;
#4519 = EDGE_CURVE ( 'NONE', #274, #5327, #9478, .T. ) ;
#4520 = DIRECTION ( 'NONE',  ( -0.000000000000000000, 1.000000000000000000, -0.000000000000000000 ) ) ;
#4521 = EDGE_LOOP ( 'NONE', ( #3380, #1709, #7484, #8265 ) ) ;
#4522 = EDGE_CURVE ( 'NONE', #1652, #4038, #5556, .T. ) ;
#4523 = DIRECTION ( 'NONE',  ( 0.000000000000000000, 1.000000000000000000, 0.000000000000000000 ) ) ;
#4524 = ORIENTED_EDGE ( 'NONE', *, *, #4731, .F. ) ;
#4525 = VECTOR ( 'NONE', #9695, 1000.000000000000000 ) ;
#4526 = EDGE_CURVE ( 'NONE', #10376, #7261, #7734, .T. ) ;
#4527 = FACE_OUTER_BOUND ( 'NONE', #526, .T. ) ;
#4528 = PLANE ( 'NONE',  #8635 ) ;
#4529 = CARTESIAN_POINT ( 'NONE',  ( 23.85000000000000142, 5.400000000000000355, -12.25000000000000178 ) ) ;
#4530 = VECTOR ( 'NONE', #201, 1000.000000000000000 ) ;
#4531 = LINE ( 'NONE', #7778, #8258 ) ;
#4532 = CARTESIAN_POINT ( 'NONE',  ( 31.69999999999997797, 0.2999999999999999889, -11.31869555732605015 ) ) ;
#4533 = LINE ( 'NONE', #5492, #4686 ) ;
#4534 = ORIENTED_EDGE ( 'NONE', *, *, #1185, .F. ) ;
#4535 = ORIENTED_EDGE ( 'NONE', *, *, #3974, .F. ) ;
#4536 = CARTESIAN_POINT ( 'NONE',  ( 39.08172798364529399, 5.400000000000000355, 6.181727983645293634 ) ) ;
#4537 = ORIENTED_EDGE ( 'NONE', *, *, #350, .T. ) ;
#4538 = DIRECTION ( 'NONE',  ( 0.000000000000000000, 0.000000000000000000, -1.000000000000000000 ) ) ;
#4539 = EDGE_CURVE ( 'NONE', #7242, #3243, #3144, .T. ) ;
#4540 = AXIS2_PLACEMENT_3D ( 'NONE', #1808, #5765, #5705 ) ;
#4541 = CARTESIAN_POINT ( 'NONE',  ( -53.20000000000000995, 15.19999999999999574, -6.749999999999940492 ) ) ;
#4542 = EDGE_CURVE ( 'NONE', #1682, #154, #6989, .T. ) ;
#4543 = DIRECTION ( 'NONE',  ( 1.000000000000000000, -0.000000000000000000, 0.000000000000000000 ) ) ;
#4544 = DIRECTION ( 'NONE',  ( -1.000000000000000000, -0.000000000000000000, -0.000000000000000000 ) ) ;
#4545 = DIRECTION ( 'NONE',  ( -0.000000000000000000, 1.000000000000000000, -0.000000000000000000 ) ) ;
#4546 = VECTOR ( 'NONE', #1263, 1000.000000000000000 ) ;
#4547 = LINE ( 'NONE', #595, #298 ) ;
#4548 = VECTOR ( 'NONE', #9606, 1000.000000000000000 ) ;
#4549 = CARTESIAN_POINT ( 'NONE',  ( -52.25000000000001421, 8.400000000000000355, 2.449999999999999734 ) ) ;
#4550 = ORIENTED_EDGE ( 'NONE', *, *, #826, .T. ) ;
#4551 = ORIENTED_EDGE ( 'NONE', *, *, #7464, .T. ) ;
#4552 = CYLINDRICAL_SURFACE ( 'NONE', #8631, 11.00296197722693314 ) ;
#4553 = ORIENTED_EDGE ( 'NONE', *, *, #85, .F. ) ;
#4554 = AXIS2_PLACEMENT_3D ( 'NONE', #6648, #5116, #1172 ) ;
#4555 = VECTOR ( 'NONE', #1209, 1000.000000000000000 ) ;
#4556 = DIRECTION ( 'NONE',  ( -0.000000000000000000, 1.000000000000000000, -0.000000000000000000 ) ) ;
#4557 = AXIS2_PLACEMENT_3D ( 'NONE', #17, #4752, #9744 ) ;
#4558 = CIRCLE ( 'NONE', #10500, 0.1999999999999987899 ) ;
#4559 = FACE_OUTER_BOUND ( 'NONE', #7302, .T. ) ;
#4560 = CIRCLE ( 'NONE', #2516, 9.000000000000012434 ) ;
#4561 = CARTESIAN_POINT ( 'NONE',  ( 30.95000000000000284, 0.5000000000000000000, -2.350000000000003197 ) ) ;
#4562 = ORIENTED_EDGE ( 'NONE', *, *, #5233, .F. ) ;
#4563 = ORIENTED_EDGE ( 'NONE', *, *, #6169, .T. ) ;
#4564 = LINE ( 'NONE', #6122, #10487 ) ;
#4565 = EDGE_LOOP ( 'NONE', ( #683, #8015, #7933, #5597 ) ) ;
#4566 = FACE_OUTER_BOUND ( 'NONE', #2288, .T. ) ;
#4567 = DIRECTION ( 'NONE',  ( 0.000000000000000000, 1.000000000000000000, -0.000000000000000000 ) ) ;
#4568 = VECTOR ( 'NONE', #7746, 1000.000000000000000 ) ;
#4569 = EDGE_CURVE ( 'NONE', #8083, #1723, #2246, .T. ) ;
#4570 = VECTOR ( 'NONE', #8348, 1000.000000000000000 ) ;
#4571 = CARTESIAN_POINT ( 'NONE',  ( -2.000000000000008882, 13.30000000000000071, -12.35000000000019149 ) ) ;
#4572 = ADVANCED_FACE ( 'NONE', ( #2199 ), #3092, .T. ) ;
#4573 = ORIENTED_EDGE ( 'NONE', *, *, #9765, .F. ) ;
#4574 = CIRCLE ( 'NONE', #5598, 11.00296197722692959 ) ;
#4575 = DIRECTION ( 'NONE',  ( 0.000000000000000000, 0.000000000000000000, 1.000000000000000000 ) ) ;
#4576 = CARTESIAN_POINT ( 'NONE',  ( -30.83999999999999986, 0.5000000000000004441, 9.349999999999997868 ) ) ;
#4577 = ORIENTED_EDGE ( 'NONE', *, *, #5844, .T. ) ;
#4578 = CARTESIAN_POINT ( 'NONE',  ( -52.11892880171318865, 9.350218215710377478, -4.114102427807208251 ) ) ;
#4579 = VERTEX_POINT ( 'NONE', #4643 ) ;
#4580 = VECTOR ( 'NONE', #8685, 1000.000000000000114 ) ;
#4581 =( BOUNDED_CURVE ( )  B_SPLINE_CURVE ( 3, ( #3923, #7221, #1526, #2529 ),
 .UNSPECIFIED., .F., .F. ) 
 B_SPLINE_CURVE_WITH_KNOTS ( ( 4, 4 ),
 ( 3.141592653589793116, 4.712388980384690562 ),
 .UNSPECIFIED. ) 
 CURVE ( )  GEOMETRIC_REPRESENTATION_ITEM ( )  RATIONAL_B_SPLINE_CURVE ( ( 1.000000000000000000, 0.8047378541243648264, 0.8047378541243648264, 1.000000000000000000 ) ) 
 REPRESENTATION_ITEM ( '' )  );
#4582 = CARTESIAN_POINT ( 'NONE',  ( -52.00315927030257512, 8.156259320763499687, -4.338162987989951702 ) ) ;
#4583 = EDGE_CURVE ( 'NONE', #926, #2474, #2359, .T. ) ;
#4584 = DIRECTION ( 'NONE',  ( 0.000000000000000000, 0.000000000000000000, -1.000000000000000000 ) ) ;
#4585 = CARTESIAN_POINT ( 'NONE',  ( -39.55229126436578468, 0.1679080823531932110, -2.765000000000000568 ) ) ;
#4586 = CARTESIAN_POINT ( 'NONE',  ( -52.22340835089975997, 9.594609242404771976, -3.692296232791187016 ) ) ;
#4587 = DIRECTION ( 'NONE',  ( 0.000000000000000000, 0.000000000000000000, -1.000000000000000000 ) ) ;
#4588 = CARTESIAN_POINT ( 'NONE',  ( 39.09211819145301803, 0.2505450496179587594, 1.484828725824668405 ) ) ;
#4589 = ORIENTED_EDGE ( 'NONE', *, *, #2483, .T. ) ;
#4590 = ORIENTED_EDGE ( 'NONE', *, *, #3124, .T. ) ;
#4591 = ADVANCED_FACE ( 'NONE', ( #5504 ), #9528, .T. ) ;
#4592 = CARTESIAN_POINT ( 'NONE',  ( 0.5999999999999912070, 15.10000000000000142, -13.35000000000018971 ) ) ;
#4593 = ORIENTED_EDGE ( 'NONE', *, *, #170, .F. ) ;
#4594 = CARTESIAN_POINT ( 'NONE',  ( -31.27472780755320869, 0.000000000000000000, -3.415000000000000036 ) ) ;
#4595 = EDGE_CURVE ( 'NONE', #6053, #6300, #1297, .T. ) ;
#4596 = LINE ( 'NONE', #8638, #7802 ) ;
#4597 = CARTESIAN_POINT ( 'NONE',  ( -35.24172192299145934, 0.2946731267839041712, -3.615000000000000213 ) ) ;
#4598 = LINE ( 'NONE', #1296, #4217 ) ;
#4599 = CARTESIAN_POINT ( 'NONE',  ( 35.66143789659455621, 0.000000000000000000, -4.550534695598433821 ) ) ;
#4600 = EDGE_CURVE ( 'NONE', #4250, #7795, #5405, .T. ) ;
#4601 = CARTESIAN_POINT ( 'NONE',  ( -51.25000000000001421, 15.10000000000000142, 0.000000000000000000 ) ) ;
#4602 = CARTESIAN_POINT ( 'NONE',  ( 30.95000000000000284, 1.000000000000000000, -11.35000000000001563 ) ) ;
#4603 = ORIENTED_EDGE ( 'NONE', *, *, #8102, .F. ) ;
#4604 = ORIENTED_EDGE ( 'NONE', *, *, #8852, .F. ) ;
#4605 = CARTESIAN_POINT ( 'NONE',  ( -35.26554871542300162, 0.1999999999999996503, -8.849999999999997868 ) ) ;
#4606 = ORIENTED_EDGE ( 'NONE', *, *, #1138, .F. ) ;
#4607 = DIRECTION ( 'NONE',  ( 1.000000000000000000, 0.000000000000000000, 0.000000000000000000 ) ) ;
#4608 = DIRECTION ( 'NONE',  ( 0.000000000000000000, 0.000000000000000000, 1.000000000000000000 ) ) ;
#4609 = LINE ( 'NONE', #6258, #7034 ) ;
#4610 = ORIENTED_EDGE ( 'NONE', *, *, #4094, .F. ) ;
#4611 = CARTESIAN_POINT ( 'NONE',  ( 30.95000000000000284, 0.2999999999999999889, -2.350000000000003197 ) ) ;
#4612 = ORIENTED_EDGE ( 'NONE', *, *, #3675, .F. ) ;
#4613 = FACE_OUTER_BOUND ( 'NONE', #9135, .T. ) ;
#4614 = VERTEX_POINT ( 'NONE', #7093 ) ;
#4615 = LINE ( 'NONE', #9351, #2343 ) ;
#4616 = DIRECTION ( 'NONE',  ( 0.000000000000000000, 0.000000000000000000, 1.000000000000000000 ) ) ;
#4617 = DIRECTION ( 'NONE',  ( 0.000000000000000000, 0.000000000000000000, -1.000000000000000000 ) ) ;
#4618 = FACE_OUTER_BOUND ( 'NONE', #7980, .T. ) ;
#4619 = VERTEX_POINT ( 'NONE', #8642 ) ;
#4620 = CARTESIAN_POINT ( 'NONE',  ( 26.66860260373155000, 2.021867645096014120E-15, -5.419905151940299426 ) ) ;
#4621 = EDGE_CURVE ( 'NONE', #8548, #8816, #8795, .T. ) ;
#4622 = CARTESIAN_POINT ( 'NONE',  ( 30.95000000000000284, -0.0009999999999999158867, -11.35000000000001563 ) ) ;
#4623 = CARTESIAN_POINT ( 'NONE',  ( -52.20488312692984323, 8.872355668500411241, -4.203259824542856293 ) ) ;
#4624 = ORIENTED_EDGE ( 'NONE', *, *, #3714, .T. ) ;
#4625 = EDGE_CURVE ( 'NONE', #3462, #1637, #1353, .T. ) ;
#4626 = EDGE_CURVE ( 'NONE', #5355, #4497, #9411, .T. ) ;
#4627 = CARTESIAN_POINT ( 'NONE',  ( 8.530079849446689622, 0.2999999999999999889, -14.77453169186116533 ) ) ;
#4628 = EDGE_LOOP ( 'NONE', ( #2957, #6686, #1930, #4150 ) ) ;
#4629 = DIRECTION ( 'NONE',  ( 0.000000000000000000, 0.000000000000000000, -1.000000000000000000 ) ) ;
#4630 = B_SPLINE_CURVE_WITH_KNOTS ( 'NONE', 3,
 ( #3831, #7880, #699, #2236 ),
 .UNSPECIFIED., .F., .F.,
 ( 4, 4 ),
 ( 2.710505431213761085E-19, 0.0001077442398752775362 ),
 .UNSPECIFIED. ) ;
#4631 = CARTESIAN_POINT ( 'NONE',  ( -45.00000000000001421, 8.000000000000000000, 0.000000000000000000 ) ) ;
#4632 = FACE_OUTER_BOUND ( 'NONE', #9763, .T. ) ;
#4633 = ORIENTED_EDGE ( 'NONE', *, *, #3779, .F. ) ;
#4634 = VECTOR ( 'NONE', #496, 1000.000000000000000 ) ;
#4635 = ORIENTED_EDGE ( 'NONE', *, *, #6537, .F. ) ;
#4636 = DIRECTION ( 'NONE',  ( -0.000000000000000000, 1.000000000000000000, -0.000000000000000000 ) ) ;
#4637 = VERTEX_POINT ( 'NONE', #7038 ) ;
#4638 = CARTESIAN_POINT ( 'NONE',  ( -31.39188509507858527, 3.268866404956363135E-17, -3.532157287525381939 ) ) ;
#4639 = DIRECTION ( 'NONE',  ( 0.000000000000000000, -1.000000000000000000, 7.517135062566163550E-15 ) ) ;
#4640 = VECTOR ( 'NONE', #3586, 1000.000000000000000 ) ;
#4641 = CARTESIAN_POINT ( 'NONE',  ( -34.52834772718359346, 0.000000000000000000, -2.965000000000000302 ) ) ;
#4642 = DIRECTION ( 'NONE',  ( 0.000000000000000000, 1.000000000000000000, -0.000000000000000000 ) ) ;
#4643 = CARTESIAN_POINT ( 'NONE',  ( -45.19999999999994600, 16.60000000000000142, 13.55000000000000604 ) ) ;
#4644 = CARTESIAN_POINT ( 'NONE',  ( -31.11939691791956974, 0.5000000000000004441, -2.765000000000000124 ) ) ;
#4645 = CARTESIAN_POINT ( 'NONE',  ( 30.95000000000000284, 0.2999999999999999889, -2.350000000000003197 ) ) ;
#4646 = ORIENTED_EDGE ( 'NONE', *, *, #7471, .T. ) ;
#4647 = ORIENTED_EDGE ( 'NONE', *, *, #1465, .F. ) ;
#4648 = EDGE_CURVE ( 'NONE', #2451, #1154, #6244, .T. ) ;
#4649 = LINE ( 'NONE', #6301, #5241 ) ;
#4650 = ORIENTED_EDGE ( 'NONE', *, *, #3294, .T. ) ;
#4651 = EDGE_CURVE ( 'NONE', #7353, #5398, #4008, .T. ) ;
#4652 = AXIS2_PLACEMENT_3D ( 'NONE', #6014, #10295, #5525 ) ;
#4653 = EDGE_CURVE ( 'NONE', #6962, #5523, #9692, .T. ) ;
#4654 = AXIS2_PLACEMENT_3D ( 'NONE', #7354, #9901, #122 ) ;
#4655 = DIRECTION ( 'NONE',  ( -2.668805347656624115E-15, 0.000000000000000000, -1.000000000000000000 ) ) ;
#4656 = DIRECTION ( 'NONE',  ( -0.8660254037844380415, 0.000000000000000000, -0.5000000000000009992 ) ) ;
#4657 = DIRECTION ( 'NONE',  ( 0.8660254037844390407, -0.000000000000000000, 0.4999999999999995004 ) ) ;
#4658 = ORIENTED_EDGE ( 'NONE', *, *, #3675, .T. ) ;
#4659 = VECTOR ( 'NONE', #10164, 1000.000000000000000 ) ;
#4660 = DIRECTION ( 'NONE',  ( -1.000000000000000000, -0.000000000000000000, -0.000000000000000000 ) ) ;
#4661 = ORIENTED_EDGE ( 'NONE', *, *, #3027, .F. ) ;
#4662 = EDGE_LOOP ( 'NONE', ( #5741, #1401, #7241, #3607, #10214 ) ) ;
#4663 = DIRECTION ( 'NONE',  ( -1.000000000000000000, 0.000000000000000000, -1.871330610546719070E-17 ) ) ;
#4664 = ORIENTED_EDGE ( 'NONE', *, *, #8367, .T. ) ;
#4665 = CARTESIAN_POINT ( 'NONE',  ( -52.45000000000001705, 7.099999999999998757, -2.924999999999968736 ) ) ;
#4666 = DIRECTION ( 'NONE',  ( -0.000000000000000000, -0.000000000000000000, 1.000000000000000000 ) ) ;
#4667 = EDGE_CURVE ( 'NONE', #9237, #4614, #72, .T. ) ;
#4668 = EDGE_CURVE ( 'NONE', #4337, #8813, #3074, .T. ) ;
#4669 = FACE_OUTER_BOUND ( 'NONE', #7843, .T. ) ;
#4670 = DIRECTION ( 'NONE',  ( -0.7660444431189757930, 0.000000000000000000, -0.6427876096865420275 ) ) ;
#4671 = VERTEX_POINT ( 'NONE', #4973 ) ;
#4672 = DIRECTION ( 'NONE',  ( 0.000000000000000000, 1.000000000000000000, -1.239088197126290817E-16 ) ) ;
#4673 = AXIS2_PLACEMENT_3D ( 'NONE', #386, #5291, #5085 ) ;
#4674 = LINE ( 'NONE', #2276, #812 ) ;
#4675 = CARTESIAN_POINT ( 'NONE',  ( -52.00630698373560534, 8.522626916553313947, -4.349909309300405091 ) ) ;
#4676 = EDGE_LOOP ( 'NONE', ( #2569, #4590, #3167, #9642, #2230, #2454 ) ) ;
#4677 = VECTOR ( 'NONE', #1996, 1000.000000000000000 ) ;
#4678 = CARTESIAN_POINT ( 'NONE',  ( -34.37348617369437420, 0.04767268713831634280, 2.810138446510776600 ) ) ;
#4679 = VERTEX_POINT ( 'NONE', #9863 ) ;
#4680 = DIRECTION ( 'NONE',  ( 0.000000000000000000, 0.000000000000000000, 1.000000000000000000 ) ) ;
#4681 = DIRECTION ( 'NONE',  ( 0.000000000000000000, -1.000000000000000000, 0.000000000000000000 ) ) ;
#4682 = CARTESIAN_POINT ( 'NONE',  ( 3.099999999999990763, 15.10000000000000142, -13.35000000000019149 ) ) ;
#4683 = ORIENTED_EDGE ( 'NONE', *, *, #6801, .T. ) ;
#4684 = ORIENTED_EDGE ( 'NONE', *, *, #551, .F. ) ;
#4685 = CARTESIAN_POINT ( 'NONE',  ( -35.06554871542299878, 0.000000000000000000, -8.849999999999997868 ) ) ;
#4686 = VECTOR ( 'NONE', #3034, 1000.000000000000000 ) ;
#4687 = ORIENTED_EDGE ( 'NONE', *, *, #2608, .F. ) ;
#4688 = CARTESIAN_POINT ( 'NONE',  ( 35.29364652204422725, 0.2999999999999999889, 1.023830892551222060 ) ) ;
#4689 = EDGE_CURVE ( 'NONE', #537, #9175, #976, .T. ) ;
#4690 = DIRECTION ( 'NONE',  ( 0.000000000000000000, -0.7208059210526582827, 0.6931369447486038782 ) ) ;
#4691 = AXIS2_PLACEMENT_3D ( 'NONE', #6163, #3605, #7703 ) ;
#4692 = CARTESIAN_POINT ( 'NONE',  ( 45.25000000000000711, 7.000000000000000000, 0.9682458365518327170 ) ) ;
#4693 = VECTOR ( 'NONE', #9732, 1000.000000000000000 ) ;
#4694 = CARTESIAN_POINT ( 'NONE',  ( 45.25000000000000711, 8.000000000000000000, 0.9682458365518327170 ) ) ;
#4695 = ADVANCED_FACE ( 'NONE', ( #3311 ), #2575, .T. ) ;
#4696 = DIRECTION ( 'NONE',  ( -0.000000000000000000, -0.000000000000000000, 1.000000000000000000 ) ) ;
#4697 = DIRECTION ( 'NONE',  ( -1.000000000000000000, 0.000000000000000000, -7.304098846218136886E-17 ) ) ;
#4698 = CARTESIAN_POINT ( 'NONE',  ( 3.099999999999991651, 13.30000000000000071, -13.45000000000019114 ) ) ;
#4699 = ORIENTED_EDGE ( 'NONE', *, *, #3101, .T. ) ;
#4700 = ORIENTED_EDGE ( 'NONE', *, *, #3611, .T. ) ;
#4701 = LINE ( 'NONE', #5509, #10151 ) ;
#4702 = VECTOR ( 'NONE', #3790, 1000.000000000000000 ) ;
#4703 = ORIENTED_EDGE ( 'NONE', *, *, #4211, .F. ) ;
#4704 = AXIS2_PLACEMENT_3D ( 'NONE', #9464, #7676, #10162 ) ;
#4705 = AXIS2_PLACEMENT_3D ( 'NONE', #8538, #7740, #1939 ) ;
#4706 = EDGE_CURVE ( 'NONE', #3250, #3575, #4807, .T. ) ;
#4707 = DIRECTION ( 'NONE',  ( -1.000000000000000000, 0.000000000000000000, -0.000000000000000000 ) ) ;
#4708 = CYLINDRICAL_SURFACE ( 'NONE', #1853, 0.2888330770816384119 ) ;
#4709 = AXIS2_PLACEMENT_3D ( 'NONE', #2064, #3465, #1066 ) ;
#4710 = AXIS2_PLACEMENT_3D ( 'NONE', #10247, #1475, #4617 ) ;
#4711 = EDGE_CURVE ( 'NONE', #332, #643, #7739, .T. ) ;
#4712 = CARTESIAN_POINT ( 'NONE',  ( -29.81007189365366372, -2.624222992386002318, -20.34067203111825251 ) ) ;
#4713 = ORIENTED_EDGE ( 'NONE', *, *, #2094, .T. ) ;
#4714 = DIRECTION ( 'NONE',  ( -1.000000000000000000, 0.000000000000000000, 0.000000000000000000 ) ) ;
#4715 = ORIENTED_EDGE ( 'NONE', *, *, #1255, .T. ) ;
#4716 = VERTEX_POINT ( 'NONE', #9907 ) ;
#4717 = VECTOR ( 'NONE', #479, 1000.000000000000000 ) ;
#4718 = DIRECTION ( 'NONE',  ( -3.154042683594191669E-16, 0.000000000000000000, -1.000000000000000000 ) ) ;
#4719 = ORIENTED_EDGE ( 'NONE', *, *, #8032, .T. ) ;
#4720 = FACE_OUTER_BOUND ( 'NONE', #1176, .T. ) ;
#4721 = CARTESIAN_POINT ( 'NONE',  ( 22.81827201635470459, 5.400000000000000355, -9.481727983645297897 ) ) ;
#4722 = CIRCLE ( 'NONE', #8307, 5.249999999999998224 ) ;
#4723 = CARTESIAN_POINT ( 'NONE',  ( -51.98558673494321170, 8.995702590247891095, 4.258298117934717020 ) ) ;
#4724 = TOROIDAL_SURFACE ( 'NONE', #7282, 9.300000000000013145, 0.2999999999999999889 ) ;
#4725 = CARTESIAN_POINT ( 'NONE',  ( 9.519658948938198861, 6.500000000000000888, 0.000000000000000000 ) ) ;
#4726 = CARTESIAN_POINT ( 'NONE',  ( -31.45678631915142631, 0.2827931057192691333, 3.615000000000000213 ) ) ;
#4727 = CIRCLE ( 'NONE', #2521, 4.341174913715429184 ) ;
#4728 = LINE ( 'NONE', #2272, #3635 ) ;
#4729 = ORIENTED_EDGE ( 'NONE', *, *, #816, .T. ) ;
#4730 = LINE ( 'NONE', #4892, #5205 ) ;
#4731 = EDGE_CURVE ( 'NONE', #10397, #9214, #7254, .T. ) ;
#4732 = CYLINDRICAL_SURFACE ( 'NONE', #8624, 1.000000000000000888 ) ;
#4733 = AXIS2_PLACEMENT_3D ( 'NONE', #1553, #6450, #6499 ) ;
#4734 = CARTESIAN_POINT ( 'NONE',  ( -52.20536001237461221, 7.818300294989628973, -4.161567919110510161 ) ) ;
#4735 = AXIS2_PLACEMENT_3D ( 'NONE', #7210, #3265, #2257 ) ;
#4736 = VERTEX_POINT ( 'NONE', #5027 ) ;
#4737 = ADVANCED_FACE ( 'NONE', ( #3430 ), #7477, .F. ) ;
#4738 = CIRCLE ( 'NONE', #8322, 5.499999999999985789 ) ;
#4739 = DIRECTION ( 'NONE',  ( 0.000000000000000000, 1.000000000000000000, 0.000000000000000000 ) ) ;
#4740 = VECTOR ( 'NONE', #4520, 1000.000000000000000 ) ;
#4741 = EDGE_LOOP ( 'NONE', ( #305, #9900, #7320, #7165 ) ) ;
#4742 = LINE ( 'NONE', #3890, #2466 ) ;
#4743 = DIRECTION ( 'NONE',  ( 0.000000000000000000, 0.000000000000000000, -1.000000000000000000 ) ) ;
#4744 = DIRECTION ( 'NONE',  ( 0.000000000000000000, 1.000000000000000000, -0.000000000000000000 ) ) ;
#4745 = EDGE_LOOP ( 'NONE', ( #942, #10341, #5669, #10517 ) ) ;
#4746 = VERTEX_POINT ( 'NONE', #1720 ) ;
#4747 = CARTESIAN_POINT ( 'NONE',  ( 47.49999999999999289, 8.000000000000000000, -9.499999999999998224 ) ) ;
#4748 = EDGE_LOOP ( 'NONE', ( #8493, #4940, #9048, #1621, #899, #400 ) ) ;
#4749 = AXIS2_PLACEMENT_3D ( 'NONE', #3577, #7772, #6821 ) ;
#4750 = CYLINDRICAL_SURFACE ( 'NONE', #1348, 2.750000000000000888 ) ;
#4751 = DIRECTION ( 'NONE',  ( 0.000000000000000000, 0.000000000000000000, -1.000000000000000000 ) ) ;
#4752 = DIRECTION ( 'NONE',  ( 0.000000000000000000, 1.000000000000000000, -0.000000000000000000 ) ) ;
#4753 = CIRCLE ( 'NONE', #7487, 0.8500000000000000888 ) ;
#4754 = DIRECTION ( 'NONE',  ( -0.000000000000000000, -1.000000000000000000, 0.000000000000000000 ) ) ;
#4755 = DIRECTION ( 'NONE',  ( 0.000000000000000000, 0.000000000000000000, 1.000000000000000000 ) ) ;
#4756 = CARTESIAN_POINT ( 'NONE',  ( 39.21960222758093551, 0.000000000000000000, -6.604841829914341211 ) ) ;
#4757 = ORIENTED_EDGE ( 'NONE', *, *, #9722, .T. ) ;
#4758 = EDGE_LOOP ( 'NONE', ( #6751, #1198, #439, #6737 ) ) ;
#4759 = EDGE_CURVE ( 'NONE', #9107, #1785, #817, .T. ) ;
#4760 = DIRECTION ( 'NONE',  ( 0.000000000000000000, 0.000000000000000000, 1.000000000000000000 ) ) ;
#4761 = ORIENTED_EDGE ( 'NONE', *, *, #1910, .F. ) ;
#4762 = EDGE_CURVE ( 'NONE', #984, #8610, #2649, .T. ) ;
#4763 = ADVANCED_FACE ( 'NONE', ( #4923 ), #3138, .T. ) ;
#4764 = FACE_BOUND ( 'NONE', #6604, .T. ) ;
#4765 = DIRECTION ( 'NONE',  ( 0.000000000000000000, 0.000000000000000000, 1.000000000000000000 ) ) ;
#4766 = EDGE_CURVE ( 'NONE', #4196, #9107, #5615, .T. ) ;
#4767 = CARTESIAN_POINT ( 'NONE',  ( -31.47472780755320443, 0.2000000000000000111, -3.615000000000000213 ) ) ;
#4768 = ORIENTED_EDGE ( 'NONE', *, *, #5047, .T. ) ;
#4769 = LINE ( 'NONE', #10349, #1464 ) ;
#4770 = EDGE_LOOP ( 'NONE', ( #2733, #9203, #5088, #2817 ) ) ;
#4771 = VERTEX_POINT ( 'NONE', #1667 ) ;
#4772 = LINE ( 'NONE', #2213, #9981 ) ;
#4773 = ORIENTED_EDGE ( 'NONE', *, *, #4211, .T. ) ;
#4774 = EDGE_LOOP ( 'NONE', ( #6457, #5008, #821, #6061 ) ) ;
#4775 = DIRECTION ( 'NONE',  ( 0.000000000000000000, -1.000000000000000000, 0.000000000000000000 ) ) ;
#4776 = CARTESIAN_POINT ( 'NONE',  ( -29.84000000000000696, -5.002961977226933143, -20.34067203111825251 ) ) ;
#4777 = CARTESIAN_POINT ( 'NONE',  ( 30.95000000000000284, -0.0009999999999999158867, -2.350000000000003197 ) ) ;
#4778 = CARTESIAN_POINT ( 'NONE',  ( 50.24999999999999289, 11.35000000000000142, -2.500000000000000000 ) ) ;
#4779 = DIRECTION ( 'NONE',  ( 0.000000000000000000, -0.000000000000000000, 1.000000000000000000 ) ) ;
#4780 = CARTESIAN_POINT ( 'NONE',  ( -52.25000000000001421, 6.899999999999998579, -2.924999999999968736 ) ) ;
#4781 = LINE ( 'NONE', #3068, #7207 ) ;
#4782 = ORIENTED_EDGE ( 'NONE', *, *, #6652, .F. ) ;
#4783 = CARTESIAN_POINT ( 'NONE',  ( -52.33704905526285955, 8.292304885474839793, 4.225000000000110667 ) ) ;
#4784 = PLANE ( 'NONE',  #9987 ) ;
#4785 = EDGE_CURVE ( 'NONE', #1637, #6509, #4174, .T. ) ;
#4786 = FACE_OUTER_BOUND ( 'NONE', #7057, .T. ) ;
#4787 = ORIENTED_EDGE ( 'NONE', *, *, #7471, .F. ) ;
#4788 = EDGE_CURVE ( 'NONE', #6172, #431, #433, .T. ) ;
#4789 = EDGE_CURVE ( 'NONE', #4853, #698, #3501, .T. ) ;
#4790 = EDGE_CURVE ( 'NONE', #6531, #1558, #7524, .T. ) ;
#4791 = PLANE ( 'NONE',  #2501 ) ;
#4792 = ORIENTED_EDGE ( 'NONE', *, *, #8405, .F. ) ;
#4793 = LINE ( 'NONE', #6543, #10448 ) ;
#4794 = PLANE ( 'NONE',  #5758 ) ;
#4795 = DIRECTION ( 'NONE',  ( 1.000000000000000000, 0.000000000000000000, -7.517135062566157239E-15 ) ) ;
#4796 = ORIENTED_EDGE ( 'NONE', *, *, #5298, .F. ) ;
#4797 = VERTEX_POINT ( 'NONE', #6721 ) ;
#4798 = CARTESIAN_POINT ( 'NONE',  ( 41.25000000000000711, 8.000000000000000000, 10.25000000000000178 ) ) ;
#4799 = ORIENTED_EDGE ( 'NONE', *, *, #8722, .T. ) ;
#4800 = CARTESIAN_POINT ( 'NONE',  ( 41.25000000000000000, 8.000000000000000000, -7.250000000000000888 ) ) ;
#4801 = B_SPLINE_CURVE_WITH_KNOTS ( 'NONE', 3,
 ( #6669, #873, #9807, #820, #4176, #9066, #1722, #8275 ),
 .UNSPECIFIED., .F., .F.,
 ( 4, 2, 2, 4 ),
 ( 0.000000000000000000, 0.0001382025733524831421, 0.0002764051467049662841, 0.0005528102934099325683 ),
 .UNSPECIFIED. ) ;
#4802 = DIRECTION ( 'NONE',  ( 5.782411586589351722E-16, 7.517135062566163550E-15, 1.000000000000000000 ) ) ;
#4803 = DIRECTION ( 'NONE',  ( 0.000000000000000000, -6.505213034913037648E-15, 1.000000000000000000 ) ) ;
#4804 = LINE ( 'NONE', #4116, #6257 ) ;
#4805 = FACE_OUTER_BOUND ( 'NONE', #4662, .T. ) ;
#4806 = AXIS2_PLACEMENT_3D ( 'NONE', #2118, #6311, #3867 ) ;
#4807 = LINE ( 'NONE', #2520, #3818 ) ;
#4808 = CYLINDRICAL_SURFACE ( 'NONE', #5562, 0.1999999999999987899 ) ;
#4809 = DIRECTION ( 'NONE',  ( 0.000000000000000000, -1.000000000000000000, 0.000000000000000000 ) ) ;
#4810 = EDGE_LOOP ( 'NONE', ( #4404, #647, #3829, #7219 ) ) ;
#4811 = ORIENTED_EDGE ( 'NONE', *, *, #7695, .F. ) ;
#4812 = CARTESIAN_POINT ( 'NONE',  ( 31.70000000000002061, -0.0009999999999999158867, 3.098623679425835942 ) ) ;
#4813 = ORIENTED_EDGE ( 'NONE', *, *, #4987, .T. ) ;
#4814 = AXIS2_PLACEMENT_3D ( 'NONE', #3482, #7731, #1928 ) ;
#4815 = DIRECTION ( 'NONE',  ( 0.000000000000000000, -1.000000000000000000, -2.891205793294682764E-16 ) ) ;
#4816 = CARTESIAN_POINT ( 'NONE',  ( 47.50000000000000000, 9.000000000000001776, -9.500000000000001776 ) ) ;
#4817 = EDGE_CURVE ( 'NONE', #7967, #325, #2650, .T. ) ;
#4818 = LINE ( 'NONE', #2258, #421 ) ;
#4819 = ORIENTED_EDGE ( 'NONE', *, *, #6845, .T. ) ;
#4820 = PLANE ( 'NONE',  #7924 ) ;
#4821 = ORIENTED_EDGE ( 'NONE', *, *, #665, .T. ) ;
#4822 = AXIS2_PLACEMENT_3D ( 'NONE', #1173, #4366, #4269 ) ;
#4823 = ORIENTED_EDGE ( 'NONE', *, *, #4759, .T. ) ;
#4824 = DIRECTION ( 'NONE',  ( -0.000000000000000000, 1.000000000000000000, -0.000000000000000000 ) ) ;
#4825 = B_SPLINE_CURVE_WITH_KNOTS ( 'NONE', 3,
 ( #7728, #438, #5135, #2287 ),
 .UNSPECIFIED., .F., .F.,
 ( 4, 4 ),
 ( 0.0004608189856411178142, 0.0004686829255822940192 ),
 .UNSPECIFIED. ) ;
#4826 = ORIENTED_EDGE ( 'NONE', *, *, #7753, .F. ) ;
#4827 = CIRCLE ( 'NONE', #8566, 6.166261152084816288 ) ;
#4828 = EDGE_LOOP ( 'NONE', ( #7872, #9751, #3448, #1034, #6698, #775 ) ) ;
#4829 = DIRECTION ( 'NONE',  ( -1.000000000000000000, 0.000000000000000000, 1.692413147294445970E-16 ) ) ;
#4830 = EDGE_CURVE ( 'NONE', #8071, #5210, #8723, .T. ) ;
#4831 = CARTESIAN_POINT ( 'NONE',  ( -51.95000000000000995, 9.716960195022469549, 3.819531249999933653 ) ) ;
#4832 = DIRECTION ( 'NONE',  ( -1.000000000000000000, 0.000000000000000000, 0.000000000000000000 ) ) ;
#4833 = ADVANCED_FACE ( 'NONE', ( #3626 ), #5936, .T. ) ;
#4834 = VECTOR ( 'NONE', #7962, 1000.000000000000000 ) ;
#4835 = FACE_OUTER_BOUND ( 'NONE', #2478, .T. ) ;
#4836 = DIRECTION ( 'NONE',  ( 0.000000000000000000, -0.000000000000000000, 1.000000000000000000 ) ) ;
#4837 = CARTESIAN_POINT ( 'NONE',  ( 35.29364652204422725, 0.5000000000000000000, 1.023830892551220728 ) ) ;
#4838 = ORIENTED_EDGE ( 'NONE', *, *, #10479, .F. ) ;
#4839 = DIRECTION ( 'NONE',  ( -0.000000000000000000, 0.000000000000000000, -1.000000000000000000 ) ) ;
#4840 = DIRECTION ( 'NONE',  ( 0.000000000000000000, 1.000000000000000000, 0.000000000000000000 ) ) ;
#4841 = FACE_OUTER_BOUND ( 'NONE', #1568, .T. ) ;
#4842 = CIRCLE ( 'NONE', #8745, 8.000000000000000000 ) ;
#4843 = EDGE_LOOP ( 'NONE', ( #4624, #6485, #117, #6309 ) ) ;
#4844 = DIRECTION ( 'NONE',  ( -1.000000000000000000, 0.000000000000000000, 0.000000000000000000 ) ) ;
#4845 = ORIENTED_EDGE ( 'NONE', *, *, #2218, .F. ) ;
#4846 = CARTESIAN_POINT ( 'NONE',  ( 8.380079849446763873, 0.5000000000000000000, -14.51472407072590443 ) ) ;
#4847 = ADVANCED_FACE ( 'NONE', ( #1922 ), #5706, .T. ) ;
#4848 = CARTESIAN_POINT ( 'NONE',  ( 23.55788180854701608, 0.2999999999999999889, 2.783866831501377703 ) ) ;
#4849 = CARTESIAN_POINT ( 'NONE',  ( 45.25000000000000711, 8.000000000000000000, -0.9682458365518327170 ) ) ;
#4850 = ORIENTED_EDGE ( 'NONE', *, *, #880, .T. ) ;
#4851 = ORIENTED_EDGE ( 'NONE', *, *, #9023, .T. ) ;
#4852 = CARTESIAN_POINT ( 'NONE',  ( 0.5999999999999912070, 15.10000000000000142, 13.35000000000018971 ) ) ;
#4853 = VERTEX_POINT ( 'NONE', #4481 ) ;
#4854 = DIRECTION ( 'NONE',  ( 0.000000000000000000, 1.000000000000000000, 0.000000000000000000 ) ) ;
#4855 = ADVANCED_FACE ( 'NONE', ( #8328 ), #234, .T. ) ;
#4856 = AXIS2_PLACEMENT_3D ( 'NONE', #10494, #8112, #4069 ) ;
#4857 = CARTESIAN_POINT ( 'NONE',  ( -35.06554871542299878, 0.000000000000000000, 3.415000000000000036 ) ) ;
#4858 = CARTESIAN_POINT ( 'NONE',  ( 22.70783969873341945, -1.713335894058635419E-15, -6.511545626786739760 ) ) ;
#4859 = CARTESIAN_POINT ( 'NONE',  ( -2.000000000000008882, 13.30000000000000071, -14.75000000000000178 ) ) ;
#4860 = CARTESIAN_POINT ( 'NONE',  ( 9.519658948938198861, 5.500000000000000000, 10.25000000000000178 ) ) ;
#4861 = DIRECTION ( 'NONE',  ( 0.000000000000000000, 1.000000000000000000, 0.000000000000000000 ) ) ;
#4862 = CIRCLE ( 'NONE', #6216, 0.3706384263718852656 ) ;
#4863 = DIRECTION ( 'NONE',  ( 0.000000000000000000, 0.000000000000000000, 1.000000000000000000 ) ) ;
#4864 = ORIENTED_EDGE ( 'NONE', *, *, #1451, .F. ) ;
#4865 = ORIENTED_EDGE ( 'NONE', *, *, #1795, .T. ) ;
#4866 = DIRECTION ( 'NONE',  ( -1.000000000000000000, 6.193764225599474254E-15, 0.000000000000000000 ) ) ;
#4867 = EDGE_CURVE ( 'NONE', #882, #10351, #4424, .T. ) ;
#4868 = VERTEX_POINT ( 'NONE', #9957 ) ;
#4869 = EDGE_CURVE ( 'NONE', #5545, #7111, #2729, .T. ) ;
#4870 = PLANE ( 'NONE',  #650 ) ;
#4871 = TOROIDAL_SURFACE ( 'NONE', #5548, 5.199999999999985967, 0.2999999999999999889 ) ;
#4872 = CARTESIAN_POINT ( 'NONE',  ( 39.09211819145298250, 0.2505450496179580933, -6.184828725824716322 ) ) ;
#4873 = CARTESIAN_POINT ( 'NONE',  ( 0.000000000000000000, 0.2000000000000000111, 8.549999999999998934 ) ) ;
#4874 = ORIENTED_EDGE ( 'NONE', *, *, #3346, .F. ) ;
#4875 = DIRECTION ( 'NONE',  ( 0.000000000000000000, -1.000000000000000000, 0.000000000000000000 ) ) ;
#4876 = CIRCLE ( 'NONE', #6255, 5.499999999999985789 ) ;
#4877 = EDGE_LOOP ( 'NONE', ( #8968, #7383 ) ) ;
#4878 = EDGE_LOOP ( 'NONE', ( #7168, #8462, #3917, #3757, #2790 ) ) ;
#4879 = AXIS2_PLACEMENT_3D ( 'NONE', #3562, #364, #6851 ) ;
#4880 = DIRECTION ( 'NONE',  ( -0.000000000000000000, 1.000000000000000000, -0.000000000000000000 ) ) ;
#4881 = ORIENTED_EDGE ( 'NONE', *, *, #3560, .T. ) ;
#4882 = VERTEX_POINT ( 'NONE', #1877 ) ;
#4883 = FACE_OUTER_BOUND ( 'NONE', #7490, .T. ) ;
#4884 = AXIS2_PLACEMENT_3D ( 'NONE', #3679, #1822, #4285 ) ;
#4885 = CARTESIAN_POINT ( 'NONE',  ( -51.95000001717433946, 9.540567522430086100, 3.989152884042828529 ) ) ;
#4886 = AXIS2_PLACEMENT_3D ( 'NONE', #5289, #2182, #1970 ) ;
#4887 = DIRECTION ( 'NONE',  ( 1.000000000000000000, 0.000000000000000000, 0.000000000000000000 ) ) ;
#4888 = DIRECTION ( 'NONE',  ( 0.8660254037844380415, 0.000000000000000000, -0.5000000000000009992 ) ) ;
#4889 = CARTESIAN_POINT ( 'NONE',  ( 47.49999999999999289, 8.000000000000000000, 8.650000000000002132 ) ) ;
#4890 = ORIENTED_EDGE ( 'NONE', *, *, #8558, .T. ) ;
#4891 = ORIENTED_EDGE ( 'NONE', *, *, #3534, .F. ) ;
#4892 = CARTESIAN_POINT ( 'NONE',  ( -20.00000000000001066, 15.10000000000000142, -13.55000000000001670 ) ) ;
#4893 = AXIS2_PLACEMENT_3D ( 'NONE', #3418, #8602, #7755 ) ;
#4894 = VECTOR ( 'NONE', #6150, 1000.000000000000000 ) ;
#4895 = CARTESIAN_POINT ( 'NONE',  ( -47.50000000000000711, 15.10000000000000142, -9.500000000000001776 ) ) ;
#4896 = DIRECTION ( 'NONE',  ( -1.000000000000000000, 0.000000000000000000, 0.000000000000000000 ) ) ;
#4897 = EDGE_CURVE ( 'NONE', #926, #4614, #436, .T. ) ;
#4898 = VERTEX_POINT ( 'NONE', #1129 ) ;
#4899 = CIRCLE ( 'NONE', #10156, 5.499999999999985789 ) ;
#4900 = ADVANCED_FACE ( 'NONE', ( #8371 ), #1043, .T. ) ;
#4901 = EDGE_CURVE ( 'NONE', #3159, #4218, #5340, .T. ) ;
#4902 = AXIS2_PLACEMENT_3D ( 'NONE', #8973, #1737, #2643 ) ;
#4903 = AXIS2_PLACEMENT_3D ( 'NONE', #397, #4444, #9423 ) ;
#4904 = DIRECTION ( 'NONE',  ( 0.000000000000000000, 0.8344462197396870229, -0.5510893814637930488 ) ) ;
#4905 = ORIENTED_EDGE ( 'NONE', *, *, #992, .F. ) ;
#4906 = VECTOR ( 'NONE', #10492, 1000.000000000000000 ) ;
#4907 = CARTESIAN_POINT ( 'NONE',  ( -2.000000000000008882, 15.10000000000000142, -12.35000000000019149 ) ) ;
#4908 = ADVANCED_FACE ( 'NONE', ( #580 ), #6232, .T. ) ;
#4909 = CARTESIAN_POINT ( 'NONE',  ( 30.95000000000000284, 1.000000000000000000, -2.350000000000003197 ) ) ;
#4910 = CARTESIAN_POINT ( 'NONE',  ( 52.75100000000002609, 8.400000000000000355, 4.224999999999983658 ) ) ;
#4911 = VERTEX_POINT ( 'NONE', #1284 ) ;
#4912 = ORIENTED_EDGE ( 'NONE', *, *, #4932, .F. ) ;
#4913 = LINE ( 'NONE', #3249, #9231 ) ;
#4914 = ORIENTED_EDGE ( 'NONE', *, *, #3980, .F. ) ;
#4915 = PLANE ( 'NONE',  #2785 ) ;
#4916 = AXIS2_PLACEMENT_3D ( 'NONE', #8856, #9588, #1454 ) ;
#4917 = EDGE_CURVE ( 'NONE', #4045, #3988, #4742, .T. ) ;
#4918 = AXIS2_PLACEMENT_3D ( 'NONE', #2207, #10134, #2156 ) ;
#4919 = DIRECTION ( 'NONE',  ( -1.000000000000000000, 0.000000000000000000, 0.000000000000000000 ) ) ;
#4920 = CARTESIAN_POINT ( 'NONE',  ( 22.80231509708501392, 0.2034051652805218546, -6.202567585311951071 ) ) ;
#4921 = CARTESIAN_POINT ( 'NONE',  ( 30.95000000000000284, 0.000000000000000000, -2.350000000000003197 ) ) ;
#4922 = CARTESIAN_POINT ( 'NONE',  ( 30.95000000000000284, 0.5000000000000000000, -2.350000000000003197 ) ) ;
#4923 = FACE_OUTER_BOUND ( 'NONE', #3726, .T. ) ;
#4924 = CARTESIAN_POINT ( 'NONE',  ( -30.14000000000000412, 5.995909431799613998, 3.615000000000000213 ) ) ;
#4925 = DIRECTION ( 'NONE',  ( 0.000000000000000000, 0.000000000000000000, -1.000000000000000000 ) ) ;
#4926 = ORIENTED_EDGE ( 'NONE', *, *, #1389, .T. ) ;
#4927 = VERTEX_POINT ( 'NONE', #8726 ) ;
#4928 = AXIS2_PLACEMENT_3D ( 'NONE', #4489, #2143, #9374 ) ;
#4929 = CARTESIAN_POINT ( 'NONE',  ( -34.34233853611036835, 0.1265113557324328841, -8.863990808926775600 ) ) ;
#4930 = ORIENTED_EDGE ( 'NONE', *, *, #10232, .F. ) ;
#4931 = EDGE_CURVE ( 'NONE', #7193, #9080, #4531, .T. ) ;
#4932 = EDGE_CURVE ( 'NONE', #8923, #8199, #694, .T. ) ;
#4933 = EDGE_CURVE ( 'NONE', #393, #5102, #8676, .T. ) ;
#4934 = CARTESIAN_POINT ( 'NONE',  ( -52.45000000000001705, 8.400000000000000355, -2.924999999999968736 ) ) ;
#4935 = CIRCLE ( 'NONE', #343, 2.000000000000000000 ) ;
#4936 = CARTESIAN_POINT ( 'NONE',  ( 39.21960222758093551, 0.000000000000000000, -6.604841829914341211 ) ) ;
#4937 =( BOUNDED_CURVE ( )  B_SPLINE_CURVE ( 3, ( #10418, #796, #7295, #1539 ),
 .UNSPECIFIED., .F., .F. ) 
 B_SPLINE_CURVE_WITH_KNOTS ( ( 4, 4 ),
 ( 4.712388980384689674, 5.800197417813646616 ),
 .UNSPECIFIED. ) 
 CURVE ( )  GEOMETRIC_REPRESENTATION_ITEM ( )  RATIONAL_B_SPLINE_CURVE ( ( 1.000000000000000000, 0.9037965667448131235, 0.9037965667448131235, 1.000000000000000000 ) ) 
 REPRESENTATION_ITEM ( '' )  );
#4938 = ADVANCED_FACE ( 'NONE', ( #2924 ), #5541, .F. ) ;
#4939 = CARTESIAN_POINT ( 'NONE',  ( -24.49308044258727080, 13.30000000000000071, -14.75000000000000355 ) ) ;
#4940 = ORIENTED_EDGE ( 'NONE', *, *, #5107, .T. ) ;
#4941 = CARTESIAN_POINT ( 'NONE',  ( -52.34854327958188236, 7.876850872607898957, -4.119842274477535149 ) ) ;
#4942 = EDGE_LOOP ( 'NONE', ( #5681, #3865, #5519, #1787 ) ) ;
#4943 = EDGE_LOOP ( 'NONE', ( #10264, #5521, #903, #9430 ) ) ;
#4944 = DIRECTION ( 'NONE',  ( 0.000000000000000000, 0.000000000000000000, 1.000000000000000000 ) ) ;
#4945 = ORIENTED_EDGE ( 'NONE', *, *, #7129, .F. ) ;
#4946 = ORIENTED_EDGE ( 'NONE', *, *, #6796, .F. ) ;
#4947 = CARTESIAN_POINT ( 'NONE',  ( -20.00000000000001066, 15.20000000000000284, 14.75000000000000355 ) ) ;
#4948 = CARTESIAN_POINT ( 'NONE',  ( -35.06554871542299878, 0.000000000000000000, -9.049999999999998934 ) ) ;
#4949 = LINE ( 'NONE', #8918, #1861 ) ;
#4950 = DIRECTION ( 'NONE',  ( -0.8660254037844381525, 0.000000000000000000, 0.5000000000000009992 ) ) ;
#4951 = FACE_OUTER_BOUND ( 'NONE', #5296, .T. ) ;
#4952 = ORIENTED_EDGE ( 'NONE', *, *, #6195, .F. ) ;
#4953 = VERTEX_POINT ( 'NONE', #5391 ) ;
#4954 = LINE ( 'NONE', #5643, #9776 ) ;
#4955 = CARTESIAN_POINT ( 'NONE',  ( -51.95000000000000995, 10.00000000000000000, 2.449999999999999734 ) ) ;
#4956 = ORIENTED_EDGE ( 'NONE', *, *, #8032, .F. ) ;
#4957 = LINE ( 'NONE', #4270, #1149 ) ;
#4958 = EDGE_CURVE ( 'NONE', #6123, #9469, #4181, .T. ) ;
#4959 = ORIENTED_EDGE ( 'NONE', *, *, #9988, .F. ) ;
#4960 = CARTESIAN_POINT ( 'NONE',  ( 0.000000000000000000, 5.400000000000000355, -8.849999999999997868 ) ) ;
#4961 = DIRECTION ( 'NONE',  ( 0.000000000000000000, 0.000000000000000000, -1.000000000000000000 ) ) ;
#4962 = CARTESIAN_POINT ( 'NONE',  ( -52.38357425900493780, 9.356441691692955587, 3.811901127391623234 ) ) ;
#4963 = ORIENTED_EDGE ( 'NONE', *, *, #10521, .F. ) ;
#4964 = ORIENTED_EDGE ( 'NONE', *, *, #7247, .F. ) ;
#4965 = DIRECTION ( 'NONE',  ( 1.000000000000000000, -0.000000000000000000, 0.000000000000000000 ) ) ;
#4966 = EDGE_CURVE ( 'NONE', #928, #5789, #1956, .T. ) ;
#4967 = EDGE_LOOP ( 'NONE', ( #2888, #10129, #5821, #6211 ) ) ;
#4968 = DIRECTION ( 'NONE',  ( -0.000000000000000000, 1.000000000000000000, -0.000000000000000000 ) ) ;
#4969 = EDGE_CURVE ( 'NONE', #3493, #107, #10370, .T. ) ;
#4970 = CARTESIAN_POINT ( 'NONE',  ( -35.06554871542299878, 0.000000000000000000, 2.965000000000000302 ) ) ;
#4971 = DIRECTION ( 'NONE',  ( -1.000000000000000000, 0.000000000000000000, 1.374038396813312538E-16 ) ) ;
#4972 = CARTESIAN_POINT ( 'NONE',  ( -51.95000000000000995, 10.00000000000000000, -2.449999999999999289 ) ) ;
#4973 = CARTESIAN_POINT ( 'NONE',  ( -50.25000000000000711, 8.000000000000000000, 9.499999999999980460 ) ) ;
#4974 = FACE_OUTER_BOUND ( 'NONE', #3734, .T. ) ;
#4975 =( NAMED_UNIT ( * ) PLANE_ANGLE_UNIT ( ) SI_UNIT ( $, .RADIAN. ) );
#4976 = ORIENTED_EDGE ( 'NONE', *, *, #5499, .T. ) ;
#4977 = ORIENTED_EDGE ( 'NONE', *, *, #374, .T. ) ;
#4978 = DIRECTION ( 'NONE',  ( -0.000000000000000000, -1.000000000000000000, 0.000000000000000000 ) ) ;
#4979 = EDGE_LOOP ( 'NONE', ( #1183, #9676, #3077, #7381 ) ) ;
#4980 = DIRECTION ( 'NONE',  ( -0.000000000000000000, -0.000000000000000000, 1.000000000000000000 ) ) ;
#4981 = CARTESIAN_POINT ( 'NONE',  ( -52.41872069990385796, 7.252393641680304093, 3.546286172565119355 ) ) ;
#4982 = CIRCLE ( 'NONE', #8708, 1.500000000000000888 ) ;
#4983 = CARTESIAN_POINT ( 'NONE',  ( -52.00324649621061468, 8.158793872361021826, 4.338515617864549867 ) ) ;
#4984 = DIRECTION ( 'NONE',  ( -0.4999999999999978906, 0.000000000000000000, 0.8660254037844398178 ) ) ;
#4985 = ORIENTED_EDGE ( 'NONE', *, *, #1440, .T. ) ;
#4986 = PLANE ( 'NONE',  #7423 ) ;
#4987 = EDGE_CURVE ( 'NONE', #6299, #4375, #8039, .T. ) ;
#4988 = ORIENTED_EDGE ( 'NONE', *, *, #1982, .T. ) ;
#4989 = VERTEX_POINT ( 'NONE', #2447 ) ;
#4990 = EDGE_CURVE ( 'NONE', #7543, #225, #10420, .T. ) ;
#4991 = FACE_OUTER_BOUND ( 'NONE', #1181, .T. ) ;
#4992 = ORIENTED_EDGE ( 'NONE', *, *, #6586, .T. ) ;
#4993 = VERTEX_POINT ( 'NONE', #4907 ) ;
#4994 = DIRECTION ( 'NONE',  ( 0.000000000000000000, 1.000000000000000000, -0.000000000000000000 ) ) ;
#4995 = AXIS2_PLACEMENT_3D ( 'NONE', #1240, #6145, #8578 ) ;
#4996 = EDGE_CURVE ( 'NONE', #3490, #3271, #7238, .T. ) ;
#4997 =( BOUNDED_CURVE ( )  B_SPLINE_CURVE ( 3, ( #5366, #10036, #9191, #8598 ),
 .UNSPECIFIED., .F., .F. ) 
 B_SPLINE_CURVE_WITH_KNOTS ( ( 4, 4 ),
 ( 3.141592653589793116, 4.712388980384690562 ),
 .UNSPECIFIED. ) 
 CURVE ( )  GEOMETRIC_REPRESENTATION_ITEM ( )  RATIONAL_B_SPLINE_CURVE ( ( 1.000000000000000000, 0.8047378541243648264, 0.8047378541243648264, 1.000000000000000000 ) ) 
 REPRESENTATION_ITEM ( '' )  );
#4998 = DIRECTION ( 'NONE',  ( -0.000000000000000000, 1.000000000000000000, -0.000000000000000000 ) ) ;
#4999 = CARTESIAN_POINT ( 'NONE',  ( -2.000000000000008882, 15.10000000000000142, 13.35000000000018971 ) ) ;
#5000 = VECTOR ( 'NONE', #10157, 1000.000000000000000 ) ;
#5001 = CARTESIAN_POINT ( 'NONE',  ( 7.094920150553321925, -0.0009999999999999158867, 12.28876217640254964 ) ) ;
#5002 = CYLINDRICAL_SURFACE ( 'NONE', #2121, 0.8500000000000000888 ) ;
#5003 = ORIENTED_EDGE ( 'NONE', *, *, #6788, .F. ) ;
#5004 = ORIENTED_EDGE ( 'NONE', *, *, #4766, .T. ) ;
#5005 = CARTESIAN_POINT ( 'NONE',  ( -52.21634906207962956, 9.522990740802963927, 3.782850090902750484 ) ) ;
#5006 = DIRECTION ( 'NONE',  ( 0.000000000000000000, -1.000000000000000000, 0.000000000000000000 ) ) ;
#5007 = DIRECTION ( 'NONE',  ( 0.000000000000000000, 1.000000000000000000, -0.000000000000000000 ) ) ;
#5008 = ORIENTED_EDGE ( 'NONE', *, *, #8639, .T. ) ;
#5009 = EDGE_CURVE ( 'NONE', #5099, #8809, #5822, .T. ) ;
#5010 = CIRCLE ( 'NONE', #2622, 6.166261152084816288 ) ;
#5011 = EDGE_CURVE ( 'NONE', #2237, #3859, #9620, .T. ) ;
#5012 = CARTESIAN_POINT ( 'NONE',  ( -35.06554871542299878, 0.2000000000000000944, 3.615000000000000213 ) ) ;
#5013 = VERTEX_POINT ( 'NONE', #8155 ) ;
#5014 = DIRECTION ( 'NONE',  ( 0.3420201433256616630, 0.000000000000000000, 0.9396926207859109814 ) ) ;
#5015 = DIRECTION ( 'NONE',  ( 0.000000000000000000, 0.000000000000000000, 1.000000000000000000 ) ) ;
#5016 = VECTOR ( 'NONE', #6354, 1000.000000000000000 ) ;
#5017 = CARTESIAN_POINT ( 'NONE',  ( -50.25000000000545697, 6.499999999999999112, 2.449999999999999734 ) ) ;
#5018 = ORIENTED_EDGE ( 'NONE', *, *, #10174, .F. ) ;
#5019 = CARTESIAN_POINT ( 'NONE',  ( -2.000000000000008882, 13.30000000000000071, 13.85000000000018971 ) ) ;
#5020 = VERTEX_POINT ( 'NONE', #9049 ) ;
#5021 = CARTESIAN_POINT ( 'NONE',  ( -53.20000000000000284, 8.000000000000000000, 6.749999999999950262 ) ) ;
#5022 = CARTESIAN_POINT ( 'NONE',  ( -52.22340835089975997, 9.594609242404862570, 3.692296232791095534 ) ) ;
#5023 = VECTOR ( 'NONE', #1203, 1000.000000000000000 ) ;
#5024 = CARTESIAN_POINT ( 'NONE',  ( -52.27769444090081663, 9.685675373605043603, 3.205023119326726455 ) ) ;
#5025 = CARTESIAN_POINT ( 'NONE',  ( -52.00000000000001421, 17.60000000000000142, -6.749999999999950262 ) ) ;
#5026 = CARTESIAN_POINT ( 'NONE',  ( -52.20423501068191996, 7.957049601210568035, 4.212724285319897177 ) ) ;
#5027 = CARTESIAN_POINT ( 'NONE',  ( 38.76960222758095398, 0.000000000000000000, 2.684264693320296491 ) ) ;
#5028 = CYLINDRICAL_SURFACE ( 'NONE', #970, 9.000000000000012434 ) ;
#5029 = CARTESIAN_POINT ( 'NONE',  ( -52.20354702646689304, 8.859201557714957431, -4.221184600453621982 ) ) ;
#5030 = VERTEX_POINT ( 'NONE', #3992 ) ;
#5031 = EDGE_LOOP ( 'NONE', ( #5044, #8939, #4416, #6590 ) ) ;
#5032 = CARTESIAN_POINT ( 'NONE',  ( -52.00633014137971344, 8.521079087843583366, -4.349999999999790035 ) ) ;
#5033 = CIRCLE ( 'NONE', #1794, 0.1999999999999987899 ) ;
#5034 = ORIENTED_EDGE ( 'NONE', *, *, #1058, .F. ) ;
#5035 = CARTESIAN_POINT ( 'NONE',  ( -3.368395098984093647E-17, 15.19999999999999929, -11.75000000000000355 ) ) ;
#5036 = EDGE_CURVE ( 'NONE', #8755, #7952, #1499, .T. ) ;
#5037 = CARTESIAN_POINT ( 'NONE',  ( -30.13203748537938864, 5.996123729295900873, -20.34067203111825251 ) ) ;
#5038 = CARTESIAN_POINT ( 'NONE',  ( -31.22777815357900622, 3.000000000000000000, 2.765000000000000124 ) ) ;
#5039 = ADVANCED_FACE ( 'NONE', ( #3296 ), #857, .F. ) ;
#5040 = AXIS2_PLACEMENT_3D ( 'NONE', #6298, #4011, #2201 ) ;
#5041 = DIRECTION ( 'NONE',  ( 0.000000000000000000, 0.000000000000000000, 1.000000000000000000 ) ) ;
#5042 = VERTEX_POINT ( 'NONE', #1541 ) ;
#5043 = CARTESIAN_POINT ( 'NONE',  ( 30.25249224314938701, 0.1248391197358927895, 6.675606114723799500 ) ) ;
#5044 = ORIENTED_EDGE ( 'NONE', *, *, #6511, .F. ) ;
#5045 = VERTEX_POINT ( 'NONE', #5651 ) ;
#5046 = DIRECTION ( 'NONE',  ( 0.8660254037844380415, -0.000000000000000000, -0.5000000000000009992 ) ) ;
#5047 = EDGE_CURVE ( 'NONE', #9991, #3236, #4793, .T. ) ;
#5048 = ORIENTED_EDGE ( 'NONE', *, *, #5861, .T. ) ;
#5049 = VERTEX_POINT ( 'NONE', #5601 ) ;
#5050 = CARTESIAN_POINT ( 'NONE',  ( -8.000000000000008882, 13.30000000000000071, -14.75000000000000178 ) ) ;
#5051 = VECTOR ( 'NONE', #1236, 1000.000000000000000 ) ;
#5052 = CARTESIAN_POINT ( 'NONE',  ( -52.11873040192837436, 8.152082915616928105, 4.337720183757056702 ) ) ;
#5053 = ADVANCED_FACE ( 'NONE', ( #6382 ), #4105, .T. ) ;
#5054 = CARTESIAN_POINT ( 'NONE',  ( 6.344920150553301497, 0.2999999999999999889, 10.98972407072588098 ) ) ;
#5055 = VECTOR ( 'NONE', #10138, 1000.000000000000000 ) ;
#5056 = CARTESIAN_POINT ( 'NONE',  ( -30.13203748537938864, 5.996123729295900873, -9.143749989102969877 ) ) ;
#5057 = ORIENTED_EDGE ( 'NONE', *, *, #6071, .F. ) ;
#5058 = VERTEX_POINT ( 'NONE', #3356 ) ;
#5059 = PLANE ( 'NONE',  #3663 ) ;
#5060 = CARTESIAN_POINT ( 'NONE',  ( -29.83999999999999986, 6.500000000000000888, 10.24999999999999822 ) ) ;
#5061 = LINE ( 'NONE', #6857, #1588 ) ;
#5062 = VECTOR ( 'NONE', #3582, 1000.000000000000000 ) ;
#5063 = EDGE_CURVE ( 'NONE', #2289, #8694, #3153, .T. ) ;
#5064 = CARTESIAN_POINT ( 'NONE',  ( -2.000000000000008882, 15.10000000000000142, 14.75000000000000178 ) ) ;
#5065 = VECTOR ( 'NONE', #9001, 1000.000000000000000 ) ;
#5066 = EDGE_CURVE ( 'NONE', #5058, #5998, #6049, .T. ) ;
#5067 = AXIS2_PLACEMENT_3D ( 'NONE', #1666, #10436, #3090 ) ;
#5068 = VERTEX_POINT ( 'NONE', #4053 ) ;
#5069 = DIRECTION ( 'NONE',  ( 0.000000000000000000, -1.000000000000000000, 0.000000000000000000 ) ) ;
#5070 = LINE ( 'NONE', #8317, #2841 ) ;
#5071 = CYLINDRICAL_SURFACE ( 'NONE', #3841, 0.2000000000000000944 ) ;
#5072 = EDGE_LOOP ( 'NONE', ( #1842, #8092, #6640, #1598 ) ) ;
#5073 = EDGE_CURVE ( 'NONE', #3285, #7480, #9590, .T. ) ;
#5074 = VECTOR ( 'NONE', #10250, 1000.000000000000000 ) ;
#5075 = DIRECTION ( 'NONE',  ( 0.3420201433256616630, 0.000000000000000000, 0.9396926207859109814 ) ) ;
#5076 = ORIENTED_EDGE ( 'NONE', *, *, #5823, .T. ) ;
#5077 = VECTOR ( 'NONE', #4498, 1000.000000000000000 ) ;
#5078 = VECTOR ( 'NONE', #4283, 1000.000000000000000 ) ;
#5079 = VECTOR ( 'NONE', #2196, 1000.000000000000000 ) ;
#5080 = DIRECTION ( 'NONE',  ( -0.000000000000000000, 1.000000000000000000, -0.000000000000000000 ) ) ;
#5081 = VECTOR ( 'NONE', #4140, 1000.000000000000000 ) ;
#5082 = LINE ( 'NONE', #4281, #8106 ) ;
#5083 = DIRECTION ( 'NONE',  ( -0.000000000000000000, -0.000000000000000000, 1.000000000000000000 ) ) ;
#5084 = DIRECTION ( 'NONE',  ( 0.000000000000000000, 1.000000000000000000, -0.000000000000000000 ) ) ;
#5085 = DIRECTION ( 'NONE',  ( 0.000000000000000000, 0.000000000000000000, 1.000000000000000000 ) ) ;
#5086 = DIRECTION ( 'NONE',  ( 0.8660254037844380415, 0.000000000000000000, -0.5000000000000009992 ) ) ;
#5087 = ORIENTED_EDGE ( 'NONE', *, *, #5861, .F. ) ;
#5088 = ORIENTED_EDGE ( 'NONE', *, *, #9709, .T. ) ;
#5089 = CYLINDRICAL_SURFACE ( 'NONE', #2003, 0.1999999999999987899 ) ;
#5090 = ORIENTED_EDGE ( 'NONE', *, *, #1213, .F. ) ;
#5091 = DIRECTION ( 'NONE',  ( 0.000000000000000000, -0.000000000000000000, 1.000000000000000000 ) ) ;
#5092 = AXIS2_PLACEMENT_3D ( 'NONE', #8499, #2948, #9385 ) ;
#5093 = AXIS2_PLACEMENT_3D ( 'NONE', #4816, #84, #3103 ) ;
#5094 = DIRECTION ( 'NONE',  ( -0.000000000000000000, 1.000000000000000000, 0.000000000000000000 ) ) ;
#5095 = CARTESIAN_POINT ( 'NONE',  ( -52.25000000000001421, 6.947776825863866357, 3.267594706388181613 ) ) ;
#5096 = AXIS2_PLACEMENT_3D ( 'NONE', #2784, #1349, #10220 ) ;
#5097 = DIRECTION ( 'NONE',  ( 0.000000000000000000, 0.000000000000000000, -1.000000000000000000 ) ) ;
#5098 = EDGE_CURVE ( 'NONE', #135, #9913, #5033, .T. ) ;
#5099 = VERTEX_POINT ( 'NONE', #5768 ) ;
#5100 = DIRECTION ( 'NONE',  ( 1.826024711554533223E-15, 0.000000000000000000, -1.000000000000000000 ) ) ;
#5101 = ORIENTED_EDGE ( 'NONE', *, *, #6473, .F. ) ;
#5102 = VERTEX_POINT ( 'NONE', #8999 ) ;
#5103 = DIRECTION ( 'NONE',  ( 0.000000000000000000, 1.000000000000000000, -0.000000000000000000 ) ) ;
#5104 = ORIENTED_EDGE ( 'NONE', *, *, #5704, .T. ) ;
#5105 = ORIENTED_EDGE ( 'NONE', *, *, #4706, .T. ) ;
#5106 = LINE ( 'NONE', #7597, #10503 ) ;
#5107 = EDGE_CURVE ( 'NONE', #6299, #6580, #6073, .T. ) ;
#5108 = EDGE_CURVE ( 'NONE', #4133, #6622, #1909, .T. ) ;
#5109 = CIRCLE ( 'NONE', #6964, 4.341174913715429184 ) ;
#5110 = EDGE_CURVE ( 'NONE', #2742, #7614, #9247, .T. ) ;
#5111 = FACE_OUTER_BOUND ( 'NONE', #7085, .T. ) ;
#5112 = CARTESIAN_POINT ( 'NONE',  ( 0.000000000000000000, 16.60000000000000142, 0.000000000000000000 ) ) ;
#5113 = CARTESIAN_POINT ( 'NONE',  ( 43.25000000000000711, 8.000000000000000000, 1.984313483298447922 ) ) ;
#5114 = ORIENTED_EDGE ( 'NONE', *, *, #5678, .T. ) ;
#5115 = EDGE_LOOP ( 'NONE', ( #9117, #6591, #3355, #10231 ) ) ;
#5116 = DIRECTION ( 'NONE',  ( -0.000000000000000000, 1.000000000000000000, -0.000000000000000000 ) ) ;
#5117 = CARTESIAN_POINT ( 'NONE',  ( 51.95000000000000284, 11.00000000000000178, 9.500000000000000000 ) ) ;
#5118 = CARTESIAN_POINT ( 'NONE',  ( 6.964593510958737361E-16, 11.00000000000000178, -13.55000000000000071 ) ) ;
#5119 = ADVANCED_FACE ( 'NONE', ( #8316 ), #1019, .F. ) ;
#5120 = ORIENTED_EDGE ( 'NONE', *, *, #3684, .F. ) ;
#5121 = LINE ( 'NONE', #2720, #8927 ) ;
#5122 = PLANE ( 'NONE',  #7771 ) ;
#5123 = EDGE_CURVE ( 'NONE', #9003, #8071, #5218, .T. ) ;
#5124 = CARTESIAN_POINT ( 'NONE',  ( -50.25000000000545697, 5.500000000000000000, 291583.7750000000233 ) ) ;
#5125 = ORIENTED_EDGE ( 'NONE', *, *, #9057, .F. ) ;
#5126 = ADVANCED_FACE ( 'NONE', ( #2023 ), #10097, .T. ) ;
#5127 = DIRECTION ( 'NONE',  ( 0.000000000000000000, 0.000000000000000000, 1.000000000000000000 ) ) ;
#5128 = ORIENTED_EDGE ( 'NONE', *, *, #10506, .T. ) ;
#5129 = CARTESIAN_POINT ( 'NONE',  ( -7.849999999999971223, 11.00000000000000178, 14.19019237886469220 ) ) ;
#5130 = FACE_OUTER_BOUND ( 'NONE', #2981, .T. ) ;
#5131 = CARTESIAN_POINT ( 'NONE',  ( -45.19999999999996732, 0.000000000000000000, -11.75000000000000355 ) ) ;
#5132 = LINE ( 'NONE', #337, #3543 ) ;
#5133 = DIRECTION ( 'NONE',  ( -0.000000000000000000, -1.000000000000000000, -0.000000000000000000 ) ) ;
#5134 = DIRECTION ( 'NONE',  ( -0.6427876096865420275, 0.000000000000000000, -0.7660444431189757930 ) ) ;
#5135 = CARTESIAN_POINT ( 'NONE',  ( -30.13734193765159119, 5.995981931847601309, -3.615000000001399538 ) ) ;
#5136 = VERTEX_POINT ( 'NONE', #272 ) ;
#5137 = ORIENTED_EDGE ( 'NONE', *, *, #6403, .F. ) ;
#5138 = LINE ( 'NONE', #4486, #4640 ) ;
#5139 = VERTEX_POINT ( 'NONE', #2812 ) ;
#5140 = FACE_OUTER_BOUND ( 'NONE', #3483, .T. ) ;
#5141 = DIRECTION ( 'NONE',  ( -1.000000000000000000, -0.000000000000000000, -0.000000000000000000 ) ) ;
#5142 = CARTESIAN_POINT ( 'NONE',  ( -52.00632768281999319, 8.278783389005438309, 4.349990371977842329 ) ) ;
#5143 = CARTESIAN_POINT ( 'NONE',  ( 36.04364652204420594, 0.2531612188914927342, -4.424792786874607309 ) ) ;
#5144 = EDGE_LOOP ( 'NONE', ( #1676, #4165, #4976, #3957 ) ) ;
#5145 = PLANE ( 'NONE',  #6577 ) ;
#5146 = ORIENTED_EDGE ( 'NONE', *, *, #5718, .T. ) ;
#5147 = VERTEX_POINT ( 'NONE', #6707 ) ;
#5148 = DIRECTION ( 'NONE',  ( -0.000000000000000000, -0.000000000000000000, 1.000000000000000000 ) ) ;
#5149 = ORIENTED_EDGE ( 'NONE', *, *, #9958, .T. ) ;
#5150 = DIRECTION ( 'NONE',  ( 0.000000000000000000, 0.000000000000000000, 1.000000000000000000 ) ) ;
#5151 = AXIS2_PLACEMENT_3D ( 'NONE', #3811, #2911, #3064 ) ;
#5152 = CARTESIAN_POINT ( 'NONE',  ( -52.20454763282555177, 8.518871571672995913, 4.275301107353262076 ) ) ;
#5153 = DIRECTION ( 'NONE',  ( 1.000000000000000000, 0.000000000000000000, 0.000000000000000000 ) ) ;
#5154 = DIRECTION ( 'NONE',  ( -0.000000000000000000, 0.000000000000000000, -1.000000000000000000 ) ) ;
#5155 = DIRECTION ( 'NONE',  ( 1.000000000000000000, 0.000000000000000000, -0.000000000000000000 ) ) ;
#5156 = AXIS2_PLACEMENT_3D ( 'NONE', #7060, #10243, #2862 ) ;
#5157 = ORIENTED_EDGE ( 'NONE', *, *, #248, .F. ) ;
#5158 = ORIENTED_EDGE ( 'NONE', *, *, #9047, .F. ) ;
#5159 = DIRECTION ( 'NONE',  ( -1.000000000000000000, -0.000000000000000000, 3.154042683594192162E-16 ) ) ;
#5160 = DIRECTION ( 'NONE',  ( 0.000000000000000000, 1.000000000000000000, -0.000000000000000000 ) ) ;
#5161 = EDGE_CURVE ( 'NONE', #6967, #5139, #4219, .T. ) ;
#5162 = VECTOR ( 'NONE', #2510, 1000.000000000000000 ) ;
#5163 = CARTESIAN_POINT ( 'NONE',  ( -31.47472780755320443, 0.1999999999999996503, -8.849999999999997868 ) ) ;
#5164 = EDGE_CURVE ( 'NONE', #925, #5580, #174, .T. ) ;
#5165 = ORIENTED_EDGE ( 'NONE', *, *, #10043, .T. ) ;
#5166 = DIRECTION ( 'NONE',  ( -0.000000000000000000, -1.000000000000000000, -0.000000000000000000 ) ) ;
#5167 = PLANE ( 'NONE',  #4383 ) ;
#5168 = VERTEX_POINT ( 'NONE', #10000 ) ;
#5169 = AXIS2_PLACEMENT_3D ( 'NONE', #1752, #4044, #1 ) ;
#5170 = DIRECTION ( 'NONE',  ( 0.8660254037843672092, 0.000000000000000000, -0.5000000000001236788 ) ) ;
#5171 = EDGE_CURVE ( 'NONE', #3259, #10028, #5970, .T. ) ;
#5172 = VECTOR ( 'NONE', #7470, 1000.000000000000000 ) ;
#5173 = ORIENTED_EDGE ( 'NONE', *, *, #753, .F. ) ;
#5174 = CARTESIAN_POINT ( 'NONE',  ( -25.50000000000000711, 13.30000000000000071, 13.55000000000000249 ) ) ;
#5175 = DIRECTION ( 'NONE',  ( -0.000000000000000000, 1.000000000000000000, -0.000000000000000000 ) ) ;
#5176 = EDGE_CURVE ( 'NONE', #3243, #37, #5121, .T. ) ;
#5177 = CARTESIAN_POINT ( 'NONE',  ( 52.75000000000000711, 9.000000000000001776, 9.500000000000001776 ) ) ;
#5178 = VECTOR ( 'NONE', #8303, 1000.000000000000000 ) ;
#5179 = CARTESIAN_POINT ( 'NONE',  ( -30.22554098627246688, 5.993641111376233788, -9.050019762417358393 ) ) ;
#5180 = DIRECTION ( 'NONE',  ( -0.000000000000000000, -1.000000000000000000, 0.000000000000000000 ) ) ;
#5181 = FACE_OUTER_BOUND ( 'NONE', #10115, .T. ) ;
#5182 = LINE ( 'NONE', #9960, #5051 ) ;
#5183 = ORIENTED_EDGE ( 'NONE', *, *, #6032, .T. ) ;
#5184 = ORIENTED_EDGE ( 'NONE', *, *, #9402, .F. ) ;
#5185 = EDGE_CURVE ( 'NONE', #7117, #1332, #6732, .T. ) ;
#5186 = CARTESIAN_POINT ( 'NONE',  ( -8.107033542344556309, 13.30000000000000071, -14.04179399400123351 ) ) ;
#5187 = EDGE_LOOP ( 'NONE', ( #9193, #6060, #908, #6332, #7690, #2968 ) ) ;
#5188 = CARTESIAN_POINT ( 'NONE',  ( 1.036764281119435083, 13.30000000000000071, 14.75000000000000178 ) ) ;
#5189 = VECTOR ( 'NONE', #1555, 1000.000000000000000 ) ;
#5190 = CARTESIAN_POINT ( 'NONE',  ( -31.27472780755320869, 0.2000000000000000111, -3.615000000000000213 ) ) ;
#5191 = DIRECTION ( 'NONE',  ( -6.938893903907228378E-15, -1.000000000000000000, 0.000000000000000000 ) ) ;
#5192 = DIRECTION ( 'NONE',  ( 0.000000000000000000, 1.000000000000000000, -0.000000000000000000 ) ) ;
#5193 = FACE_OUTER_BOUND ( 'NONE', #9515, .T. ) ;
#5194 = ORIENTED_EDGE ( 'NONE', *, *, #4830, .T. ) ;
#5195 = AXIS2_PLACEMENT_3D ( 'NONE', #7825, #7079, #4680 ) ;
#5196 = ADVANCED_FACE ( 'NONE', ( #1178 ), #6816, .T. ) ;
#5197 = DIRECTION ( 'NONE',  ( 0.000000000000000000, 1.000000000000000000, 0.000000000000000000 ) ) ;
#5198 = ORIENTED_EDGE ( 'NONE', *, *, #9903, .F. ) ;
#5199 = ORIENTED_EDGE ( 'NONE', *, *, #3597, .T. ) ;
#5200 = DIRECTION ( 'NONE',  ( 0.09864855753176426933, -0.5484013522091524262, 0.8303760708209717567 ) ) ;
#5201 = ORIENTED_EDGE ( 'NONE', *, *, #5009, .F. ) ;
#5202 = DIRECTION ( 'NONE',  ( 0.000000000000000000, 0.000000000000000000, -1.000000000000000000 ) ) ;
#5203 = EDGE_CURVE ( 'NONE', #6158, #3536, #9200, .T. ) ;
#5204 = CARTESIAN_POINT ( 'NONE',  ( -52.11955117507701374, 8.275153950283375082, 4.349906030956656622 ) ) ;
#5205 = VECTOR ( 'NONE', #850, 1000.000000000000000 ) ;
#5206 = FACE_OUTER_BOUND ( 'NONE', #7732, .T. ) ;
#5207 = CARTESIAN_POINT ( 'NONE',  ( -31.47472780755320443, 0.1999999999999987899, 3.615000000000000213 ) ) ;
#5208 = EDGE_LOOP ( 'NONE', ( #3861, #8263, #5057, #8172, #1791 ) ) ;
#5209 = EDGE_LOOP ( 'NONE', ( #6831, #1977, #2489, #6286 ) ) ;
#5210 = VERTEX_POINT ( 'NONE', #10047 ) ;
#5211 = VECTOR ( 'NONE', #8374, 1000.000000000000000 ) ;
#5212 = ORIENTED_EDGE ( 'NONE', *, *, #1410, .T. ) ;
#5213 = CARTESIAN_POINT ( 'NONE',  ( -8.000000000000008882, 13.30000000000000071, 14.75000000000000178 ) ) ;
#5214 = CYLINDRICAL_SURFACE ( 'NONE', #566, 0.1999999999999987899 ) ;
#5215 = VECTOR ( 'NONE', #8754, 1000.000000000000114 ) ;
#5216 = DIRECTION ( 'NONE',  ( -4.231032868236115418E-16, 0.000000000000000000, 1.000000000000000000 ) ) ;
#5217 = ORIENTED_EDGE ( 'NONE', *, *, #3157, .T. ) ;
#5218 = LINE ( 'NONE', #6861, #9426 ) ;
#5219 = ADVANCED_FACE ( 'NONE', ( #1065 ), #9102, .T. ) ;
#5220 = AXIS2_PLACEMENT_3D ( 'NONE', #9973, #2694, #5950 ) ;
#5221 = AXIS2_PLACEMENT_3D ( 'NONE', #6281, #9615, #5444 ) ;
#5222 = FACE_OUTER_BOUND ( 'NONE', #456, .T. ) ;
#5223 = ORIENTED_EDGE ( 'NONE', *, *, #40, .F. ) ;
#5224 = CIRCLE ( 'NONE', #8448, 0.5999999999999998668 ) ;
#5225 = FACE_OUTER_BOUND ( 'NONE', #8552, .T. ) ;
#5226 = ORIENTED_EDGE ( 'NONE', *, *, #4626, .F. ) ;
#5227 = ADVANCED_FACE ( 'NONE', ( #2763 ), #8409, .T. ) ;
#5228 = EDGE_CURVE ( 'NONE', #6517, #8201, #9156, .T. ) ;
#5229 = VECTOR ( 'NONE', #9443, 1000.000000000000000 ) ;
#5230 = CYLINDRICAL_SURFACE ( 'NONE', #4749, 1.000000000000000888 ) ;
#5231 = AXIS2_PLACEMENT_3D ( 'NONE', #6758, #1703, #2561 ) ;
#5232 = CARTESIAN_POINT ( 'NONE',  ( -52.25000000000001421, 10.30000000000000071, 2.449999999999999289 ) ) ;
#5233 = EDGE_CURVE ( 'NONE', #8733, #381, #4516, .T. ) ;
#5234 = LINE ( 'NONE', #8473, #6184 ) ;
#5235 = CARTESIAN_POINT ( 'NONE',  ( -39.53506879479627401, 0.1999999999999987899, 3.615000000000000213 ) ) ;
#5236 = DIRECTION ( 'NONE',  ( -1.000000000000000000, 0.000000000000000000, 0.000000000000000000 ) ) ;
#5237 = LINE ( 'NONE', #4436, #603 ) ;
#5238 = ORIENTED_EDGE ( 'NONE', *, *, #8852, .T. ) ;
#5239 = VERTEX_POINT ( 'NONE', #8611 ) ;
#5240 = DIRECTION ( 'NONE',  ( 0.000000000000000000, 1.000000000000000000, -0.000000000000000000 ) ) ;
#5241 = VECTOR ( 'NONE', #2303, 1000.000000000000114 ) ;
#5242 = ORIENTED_EDGE ( 'NONE', *, *, #3450, .T. ) ;
#5243 = AXIS2_PLACEMENT_3D ( 'NONE', #10462, #5478, #1578 ) ;
#5244 = DIRECTION ( 'NONE',  ( 1.000000000000000000, 0.000000000000000000, 0.000000000000000000 ) ) ;
#5245 = EDGE_CURVE ( 'NONE', #6443, #6637, #521, .T. ) ;
#5246 = AXIS2_PLACEMENT_3D ( 'NONE', #1572, #2379, #1628 ) ;
#5247 = PLANE ( 'NONE',  #2535 ) ;
#5248 = CARTESIAN_POINT ( 'NONE',  ( -50.25000000000000711, 6.500000000000000888, -6.750000000000000000 ) ) ;
#5249 = VECTOR ( 'NONE', #8333, 1000.000000000000114 ) ;
#5250 = CIRCLE ( 'NONE', #7950, 1.499999999999999556 ) ;
#5251 = LINE ( 'NONE', #9716, #5568 ) ;
#5252 = LINE ( 'NONE', #1145, #5023 ) ;
#5253 = ORIENTED_EDGE ( 'NONE', *, *, #4901, .T. ) ;
#5254 = CARTESIAN_POINT ( 'NONE',  ( 39.08172798364529399, 5.400000000000000355, 5.581727983645293101 ) ) ;
#5255 = CARTESIAN_POINT ( 'NONE',  ( -47.50000000000000711, 8.000000000000000000, -10.35000000000000142 ) ) ;
#5256 = ORIENTED_EDGE ( 'NONE', *, *, #9559, .T. ) ;
#5257 = ORIENTED_EDGE ( 'NONE', *, *, #1982, .F. ) ;
#5258 = ADVANCED_FACE ( 'NONE', ( #7920 ), #2072, .F. ) ;
#5259 = VECTOR ( 'NONE', #3205, 1000.000000000000000 ) ;
#5260 = DIRECTION ( 'NONE',  ( 0.000000000000000000, 0.000000000000000000, 1.000000000000000000 ) ) ;
#5261 = VECTOR ( 'NONE', #9918, 1000.000000000000000 ) ;
#5262 = ORIENTED_EDGE ( 'NONE', *, *, #2504, .T. ) ;
#5263 = ADVANCED_FACE ( 'NONE', ( #3721 ), #3665, .F. ) ;
#5264 = EDGE_CURVE ( 'NONE', #465, #1408, #7850, .T. ) ;
#5265 = EDGE_CURVE ( 'NONE', #1363, #6418, #10117, .T. ) ;
#5266 = CYLINDRICAL_SURFACE ( 'NONE', #9483, 0.3000000000000016542 ) ;
#5267 = EDGE_CURVE ( 'NONE', #8610, #767, #5335, .T. ) ;
#5268 = AXIS2_PLACEMENT_3D ( 'NONE', #2585, #5094, #4246 ) ;
#5269 = DIRECTION ( 'NONE',  ( 0.000000000000000000, 1.000000000000000000, -0.000000000000000000 ) ) ;
#5270 = VECTOR ( 'NONE', #8857, 1000.000000000000000 ) ;
#5271 = DIRECTION ( 'NONE',  ( 1.000000000000000000, 0.000000000000000000, -0.000000000000000000 ) ) ;
#5272 = VERTEX_POINT ( 'NONE', #2274 ) ;
#5273 = ORIENTED_EDGE ( 'NONE', *, *, #3526, .T. ) ;
#5274 = ORIENTED_EDGE ( 'NONE', *, *, #6607, .T. ) ;
#5275 = CARTESIAN_POINT ( 'NONE',  ( -20.00000000000001066, 16.60001199999999955, 14.75000000000000355 ) ) ;
#5276 = AXIS2_PLACEMENT_3D ( 'NONE', #3041, #3203, #10330 ) ;
#5277 = CARTESIAN_POINT ( 'NONE',  ( -31.11939691791956974, 0.5000000000000004441, 3.615000000000000213 ) ) ;
#5278 = B_SPLINE_CURVE_WITH_KNOTS ( 'NONE', 3,
 ( #9451, #9505, #5529, #7225 ),
 .UNSPECIFIED., .F., .F.,
 ( 4, 4 ),
 ( 0.000000000000000000, 7.870128501809136044E-06 ),
 .UNSPECIFIED. ) ;
#5279 = CIRCLE ( 'NONE', #2040, 3.000000000000000000 ) ;
#5280 = CARTESIAN_POINT ( 'NONE',  ( 30.19999999999998153, 0.2999999999999999889, -11.31869555732605015 ) ) ;
#5281 = ORIENTED_EDGE ( 'NONE', *, *, #9783, .T. ) ;
#5282 = DIRECTION ( 'NONE',  ( -0.000000000000000000, 1.000000000000000000, -0.000000000000000000 ) ) ;
#5283 = DIRECTION ( 'NONE',  ( 0.000000000000000000, 1.000000000000000000, 0.000000000000000000 ) ) ;
#5284 = VERTEX_POINT ( 'NONE', #6968 ) ;
#5285 = CYLINDRICAL_SURFACE ( 'NONE', #1416, 1.300000000000000711 ) ;
#5286 = ORIENTED_EDGE ( 'NONE', *, *, #8327, .T. ) ;
#5287 = EDGE_CURVE ( 'NONE', #5136, #2591, #8562, .T. ) ;
#5288 = DIRECTION ( 'NONE',  ( -1.000000000000000000, 2.647334709328807468E-15, 0.000000000000000000 ) ) ;
#5289 = CARTESIAN_POINT ( 'NONE',  ( 0.000000000000000000, 0.2000000000000000111, 2.965000000000000302 ) ) ;
#5290 = FACE_OUTER_BOUND ( 'NONE', #2446, .T. ) ;
#5291 = DIRECTION ( 'NONE',  ( 0.000000000000000000, 1.000000000000000000, -0.000000000000000000 ) ) ;
#5292 = EDGE_CURVE ( 'NONE', #7346, #2600, #7510, .T. ) ;
#5293 = DIRECTION ( 'NONE',  ( 1.000000000000000000, -0.000000000000000000, -0.000000000000000000 ) ) ;
#5294 = LINE ( 'NONE', #6932, #6907 ) ;
#5295 = ORIENTED_EDGE ( 'NONE', *, *, #5317, .F. ) ;
#5296 = EDGE_LOOP ( 'NONE', ( #8160, #9593, #6623, #9950 ) ) ;
#5297 = DIRECTION ( 'NONE',  ( -0.000000000000000000, -1.000000000000000000, -0.000000000000000000 ) ) ;
#5298 = EDGE_CURVE ( 'NONE', #7206, #9469, #7066, .T. ) ;
#5299 = ORIENTED_EDGE ( 'NONE', *, *, #816, .F. ) ;
#5300 = DIRECTION ( 'NONE',  ( -1.000000000000000000, -0.000000000000000000, -0.000000000000000000 ) ) ;
#5301 = EDGE_CURVE ( 'NONE', #2756, #9913, #4862, .T. ) ;
#5302 = DIRECTION ( 'NONE',  ( -1.000000000000000000, -1.874314505684327150E-13, 0.000000000000000000 ) ) ;
#5303 = DIRECTION ( 'NONE',  ( 0.000000000000000000, 0.000000000000000000, -1.000000000000000000 ) ) ;
#5304 = DIRECTION ( 'NONE',  ( -1.000000000000000000, -0.000000000000000000, 4.231032868236115418E-16 ) ) ;
#5305 = DIRECTION ( 'NONE',  ( 0.000000000000000000, 1.000000000000000000, 0.000000000000000000 ) ) ;
#5306 = ORIENTED_EDGE ( 'NONE', *, *, #8944, .T. ) ;
#5307 = DIRECTION ( 'NONE',  ( 1.000000000000000000, 0.000000000000000000, -3.634931228083748646E-15 ) ) ;
#5308 = CARTESIAN_POINT ( 'NONE',  ( -44.75000000000000711, 6.500000000000000888, 0.000000000000000000 ) ) ;
#5309 = ORIENTED_EDGE ( 'NONE', *, *, #8117, .F. ) ;
#5310 = EDGE_LOOP ( 'NONE', ( #9320, #2846, #9184, #2214, #9433, #6549, #8746, #7027, #8384 ) ) ;
#5311 = FACE_OUTER_BOUND ( 'NONE', #2884, .T. ) ;
#5312 = ORIENTED_EDGE ( 'NONE', *, *, #8533, .F. ) ;
#5313 = B_SPLINE_CURVE_WITH_KNOTS ( 'NONE', 3,
 ( #4688, #9524, #1347, #7031, #587, #10377, #8734, #3834 ),
 .UNSPECIFIED., .F., .F.,
 ( 4, 2, 2, 4 ),
 ( 0.000000000000000000, 0.0001382025733524839010, 0.0002764051467049678020, 0.0005528102934099358209 ),
 .UNSPECIFIED. ) ;
#5314 = CARTESIAN_POINT ( 'NONE',  ( -52.45000000000001705, 9.900000000000000355, -2.924999999999968736 ) ) ;
#5315 = DIRECTION ( 'NONE',  ( -0.000000000000000000, 1.000000000000000000, -0.000000000000000000 ) ) ;
#5316 = EDGE_CURVE ( 'NONE', #9790, #8733, #6379, .T. ) ;
#5317 = EDGE_CURVE ( 'NONE', #2942, #107, #10201, .T. ) ;
#5318 = DIRECTION ( 'NONE',  ( 0.000000000000000000, 2.891205793294675861E-16, -1.000000000000000000 ) ) ;
#5319 = FACE_OUTER_BOUND ( 'NONE', #799, .T. ) ;
#5320 = ORIENTED_EDGE ( 'NONE', *, *, #2441, .F. ) ;
#5321 = FACE_OUTER_BOUND ( 'NONE', #5361, .T. ) ;
#5322 = VERTEX_POINT ( 'NONE', #2914 ) ;
#5323 = CARTESIAN_POINT ( 'NONE',  ( 31.70000000000002771, 0.2505450496179579267, 6.618695557326046419 ) ) ;
#5324 = CARTESIAN_POINT ( 'NONE',  ( -39.61980179287453296, 0.03950539805616428563, -2.823332963778559357 ) ) ;
#5325 = AXIS2_PLACEMENT_3D ( 'NONE', #7583, #2736, #2044 ) ;
#5326 = CARTESIAN_POINT ( 'NONE',  ( 0.000000000000000000, 16.60000000000000142, 13.55000000000000604 ) ) ;
#5327 = VERTEX_POINT ( 'NONE', #6173 ) ;
#5328 = CARTESIAN_POINT ( 'NONE',  ( 26.68856210340542390, 0.000000000000000000, -5.329957559004394163 ) ) ;
#5329 = DIRECTION ( 'NONE',  ( 0.000000000000000000, 1.000000000000000000, 0.000000000000000000 ) ) ;
#5330 = ORIENTED_EDGE ( 'NONE', *, *, #7438, .T. ) ;
#5331 = CARTESIAN_POINT ( 'NONE',  ( -52.21659773288666884, 9.464150433809102481, -3.844379067123651517 ) ) ;
#5332 = ORIENTED_EDGE ( 'NONE', *, *, #2120, .T. ) ;
#5333 = VECTOR ( 'NONE', #2140, 1000.000000000000000 ) ;
#5334 = EDGE_CURVE ( 'NONE', #10125, #2106, #9401, .T. ) ;
#5335 =( BOUNDED_CURVE ( )  B_SPLINE_CURVE ( 3, ( #2126, #6916, #10153, #5481 ),
 .UNSPECIFIED., .F., .F. ) 
 B_SPLINE_CURVE_WITH_KNOTS ( ( 4, 4 ),
 ( 3.141592653589793116, 4.712388980384689674 ),
 .UNSPECIFIED. ) 
 CURVE ( )  GEOMETRIC_REPRESENTATION_ITEM ( )  RATIONAL_B_SPLINE_CURVE ( ( 1.000000000000000000, 0.8047378541243649375, 0.8047378541243649375, 1.000000000000000000 ) ) 
 REPRESENTATION_ITEM ( '' )  );
#5336 = CARTESIAN_POINT ( 'NONE',  ( -45.19999999999994600, 17.60000000000000142, 13.55000000000000604 ) ) ;
#5337 = DIRECTION ( 'NONE',  ( 0.000000000000000000, 0.000000000000000000, -1.000000000000000000 ) ) ;
#5338 = CARTESIAN_POINT ( 'NONE',  ( 30.95000000000000284, 0.5000000000000000000, -2.350000000000003197 ) ) ;
#5339 = AXIS2_PLACEMENT_3D ( 'NONE', #9724, #1641, #4896 ) ;
#5340 = LINE ( 'NONE', #7023, #9100 ) ;
#5341 = CARTESIAN_POINT ( 'NONE',  ( 31.46707591882797672, -3.811648262644349985E-18, -11.56869301635390634 ) ) ;
#5342 = AXIS2_PLACEMENT_3D ( 'NONE', #6272, #9609, #5641 ) ;
#5343 = DIRECTION ( 'NONE',  ( 0.000000000000000000, 1.000000000000000000, -0.000000000000000000 ) ) ;
#5344 = ORIENTED_EDGE ( 'NONE', *, *, #2876, .F. ) ;
#5345 = EDGE_LOOP ( 'NONE', ( #1545, #5560, #1566, #2342, #3908, #7376, #9725, #5772, #1049, #7115 ) ) ;
#5346 = DIRECTION ( 'NONE',  ( -0.000000000000000000, 1.000000000000000000, -0.000000000000000000 ) ) ;
#5347 = VERTEX_POINT ( 'NONE', #625 ) ;
#5348 = DIRECTION ( 'NONE',  ( 1.000000000000000000, -0.000000000000000000, 1.871330610546719070E-17 ) ) ;
#5349 = CYLINDRICAL_SURFACE ( 'NONE', #4928, 2.000000000000000000 ) ;
#5350 = VECTOR ( 'NONE', #5083, 1000.000000000000000 ) ;
#5351 = CARTESIAN_POINT ( 'NONE',  ( -31.27472780755320869, 0.000000000000000000, -2.965000000000000302 ) ) ;
#5352 = CARTESIAN_POINT ( 'NONE',  ( -47.19749843554385649, 15.10000000000000142, 13.25000000000000178 ) ) ;
#5353 = DIRECTION ( 'NONE',  ( 1.000000000000000000, 0.000000000000000000, 0.000000000000000000 ) ) ;
#5354 = LINE ( 'NONE', #354, #8282 ) ;
#5355 = VERTEX_POINT ( 'NONE', #9508 ) ;
#5356 = B_SPLINE_CURVE_WITH_KNOTS ( 'NONE', 3,
 ( #8212, #8470, #3521, #2877 ),
 .UNSPECIFIED., .F., .F.,
 ( 4, 4 ),
 ( 2.710505431213761085E-19, 0.0001077442398752776040 ),
 .UNSPECIFIED. ) ;
#5357 = ORIENTED_EDGE ( 'NONE', *, *, #2868, .T. ) ;
#5358 = EDGE_CURVE ( 'NONE', #6348, #2671, #2224, .T. ) ;
#5359 = CARTESIAN_POINT ( 'NONE',  ( -29.95769889347217330, 6.046579875402138704, 8.861964771337504487 ) ) ;
#5360 = VECTOR ( 'NONE', #5960, 1000.000000000000000 ) ;
#5361 = EDGE_LOOP ( 'NONE', ( #7842, #9881, #7189, #8256 ) ) ;
#5362 = ADVANCED_FACE ( 'NONE', ( #1535 ), #6481, .F. ) ;
#5363 = CARTESIAN_POINT ( 'NONE',  ( -29.84000000000000696, 6.123958770389151596, 3.487059270891679219 ) ) ;
#5364 = CARTESIAN_POINT ( 'NONE',  ( 8.530079849446764229, 0.000000000000000000, -14.77453169186123638 ) ) ;
#5365 = VECTOR ( 'NONE', #3904, 1000.000000000000000 ) ;
#5366 = CARTESIAN_POINT ( 'NONE',  ( -35.26554871542300162, 0.2000000000000000111, 2.765000000000000124 ) ) ;
#5367 = CARTESIAN_POINT ( 'NONE',  ( 30.36281813779379490, 0.02221052063481687364, -7.655038092765988900 ) ) ;
#5368 = VERTEX_POINT ( 'NONE', #8084 ) ;
#5369 = ORIENTED_EDGE ( 'NONE', *, *, #10268, .F. ) ;
#5370 = DIRECTION ( 'NONE',  ( -0.000000000000000000, -1.000000000000000000, -0.000000000000000000 ) ) ;
#5371 = ORIENTED_EDGE ( 'NONE', *, *, #2931, .F. ) ;
#5372 = DIRECTION ( 'NONE',  ( 0.000000000000000000, 0.000000000000000000, 1.000000000000000000 ) ) ;
#5373 = DIRECTION ( 'NONE',  ( 0.000000000000000000, 0.000000000000000000, 1.000000000000000000 ) ) ;
#5374 = AXIS2_PLACEMENT_3D ( 'NONE', #531, #9413, #2185 ) ;
#5375 = EDGE_CURVE ( 'NONE', #9738, #7800, #745, .T. ) ;
#5376 = DIRECTION ( 'NONE',  ( 0.000000000000000000, -0.000000000000000000, 1.000000000000000000 ) ) ;
#5377 = AXIS2_PLACEMENT_3D ( 'NONE', #1011, #7692, #7794 ) ;
#5378 = ORIENTED_EDGE ( 'NONE', *, *, #4154, .T. ) ;
#5379 = DIRECTION ( 'NONE',  ( -0.000000000000000000, -0.000000000000000000, 1.000000000000000000 ) ) ;
#5380 = DIRECTION ( 'NONE',  ( 1.000000000000000000, 0.000000000000000000, 0.000000000000000000 ) ) ;
#5381 = ORIENTED_EDGE ( 'NONE', *, *, #1451, .T. ) ;
#5382 = EDGE_CURVE ( 'NONE', #5619, #5454, #6551, .T. ) ;
#5383 = CARTESIAN_POINT ( 'NONE',  ( -51.98558673494318327, 7.804297409751997705, -4.258298117934669058 ) ) ;
#5384 = ORIENTED_EDGE ( 'NONE', *, *, #3287, .F. ) ;
#5385 = EDGE_CURVE ( 'NONE', #9809, #6134, #2531, .T. ) ;
#5386 = CARTESIAN_POINT ( 'NONE',  ( 45.25000000000000711, 8.000000000000000000, 8.250000000000003553 ) ) ;
#5387 = DIRECTION ( 'NONE',  ( 0.8660254037844384856, 0.000000000000000000, -0.5000000000000002220 ) ) ;
#5388 = VECTOR ( 'NONE', #8640, 1000.000000000000000 ) ;
#5389 = VECTOR ( 'NONE', #299, 1000.000000000000000 ) ;
#5390 = B_SPLINE_CURVE_WITH_KNOTS ( 'NONE', 3,
 ( #7751, #9346, #3708, #6958, #5961, #5367, #10038, #314 ),
 .UNSPECIFIED., .F., .F.,
 ( 4, 2, 2, 4 ),
 ( 0.000000000000000000, 0.0001382025733524870723, 0.0002764051467049741446, 0.0005528102934099417840 ),
 .UNSPECIFIED. ) ;
#5391 = CARTESIAN_POINT ( 'NONE',  ( -47.19749843554385649, 16.60000000000000142, 13.25000000000000178 ) ) ;
#5392 = DIRECTION ( 'NONE',  ( 0.000000000000000000, 1.000000000000000000, -0.000000000000000000 ) ) ;
#5393 = PLANE ( 'NONE',  #6743 ) ;
#5394 = ORIENTED_EDGE ( 'NONE', *, *, #1122, .F. ) ;
#5395 = EDGE_LOOP ( 'NONE', ( #4757, #5507, #10373, #4811 ) ) ;
#5396 = ADVANCED_BREP_SHAPE_REPRESENTATION ( '5_\X2\58f34f53\X0\', ( #5816, #8308 ), #4048 ) ;
#5397 = DIRECTION ( 'NONE',  ( -0.000000000000000000, -1.000000000000000000, 0.000000000000000000 ) ) ;
#5398 = VERTEX_POINT ( 'NONE', #789 ) ;
#5399 = CARTESIAN_POINT ( 'NONE',  ( -39.68512705544042518, -1.495490278729654113E-16, 8.473658226344436883 ) ) ;
#5400 = AXIS2_PLACEMENT_3D ( 'NONE', #2987, #6990, #1447 ) ;
#5401 = AXIS2_PLACEMENT_3D ( 'NONE', #1063, #269, #9152 ) ;
#5402 = CARTESIAN_POINT ( 'NONE',  ( 47.49999999999997868, 11.00000000000000178, 12.25000000000000711 ) ) ;
#5403 = CYLINDRICAL_SURFACE ( 'NONE', #2496, 0.1999999999999987899 ) ;
#5404 = DIRECTION ( 'NONE',  ( 0.000000000000000000, 1.000000000000000000, -0.000000000000000000 ) ) ;
#5405 = LINE ( 'NONE', #3843, #2961 ) ;
#5406 = AXIS2_PLACEMENT_3D ( 'NONE', #612, #1466, #6417 ) ;
#5407 = CARTESIAN_POINT ( 'NONE',  ( -47.49999999999999289, 16.60000000000000142, -12.25000000000000000 ) ) ;
#5408 = AXIS2_PLACEMENT_3D ( 'NONE', #9376, #6101, #7036 ) ;
#5409 = CARTESIAN_POINT ( 'NONE',  ( -20.00000000000001066, 15.10000000000000142, -13.55000000000001670 ) ) ;
#5410 = ORIENTED_EDGE ( 'NONE', *, *, #5782, .T. ) ;
#5411 = ORIENTED_EDGE ( 'NONE', *, *, #6801, .F. ) ;
#5412 = DIRECTION ( 'NONE',  ( 0.000000000000000000, 0.000000000000000000, -1.000000000000000000 ) ) ;
#5413 = ORIENTED_EDGE ( 'NONE', *, *, #4526, .F. ) ;
#5414 = AXIS2_PLACEMENT_3D ( 'NONE', #3508, #368, #8309 ) ;
#5415 = CIRCLE ( 'NONE', #4902, 3.750000000000001776 ) ;
#5416 = DIRECTION ( 'NONE',  ( -1.000000000000000000, 0.000000000000000000, 0.000000000000000000 ) ) ;
#5417 = AXIS2_PLACEMENT_3D ( 'NONE', #5781, #4115, #4171 ) ;
#5418 = DIRECTION ( 'NONE',  ( 0.000000000000000000, 0.000000000000000000, -1.000000000000000000 ) ) ;
#5419 = ADVANCED_FACE ( 'NONE', ( #2332 ), #8146, .F. ) ;
#5420 = AXIS2_PLACEMENT_3D ( 'NONE', #8187, #9829, #891 ) ;
#5421 = CARTESIAN_POINT ( 'NONE',  ( -51.22917112000553885, 16.60000000000000142, -9.894693245086278566 ) ) ;
#5422 = ORIENTED_EDGE ( 'NONE', *, *, #9187, .F. ) ;
#5423 = CARTESIAN_POINT ( 'NONE',  ( -52.38358488462046125, 7.443484401221976299, -3.811814397759208273 ) ) ;
#5424 = ORIENTED_EDGE ( 'NONE', *, *, #2221, .T. ) ;
#5425 = VERTEX_POINT ( 'NONE', #5756 ) ;
#5426 = ADVANCED_FACE ( 'NONE', ( #4152 ), #10467, .F. ) ;
#5427 = EDGE_CURVE ( 'NONE', #1892, #1096, #8030, .T. ) ;
#5428 = DIRECTION ( 'NONE',  ( -0.000000000000000000, 1.000000000000000000, -0.000000000000000000 ) ) ;
#5429 = ORIENTED_EDGE ( 'NONE', *, *, #2807, .F. ) ;
#5430 = CARTESIAN_POINT ( 'NONE',  ( -39.58434658500975445, 0.1071145293931473758, -2.787877755913764410 ) ) ;
#5431 = CARTESIAN_POINT ( 'NONE',  ( -30.14000000000000057, 0.5000000000000004441, 3.064999999999999947 ) ) ;
#5432 = EDGE_CURVE ( 'NONE', #6007, #7206, #3321, .T. ) ;
#5433 = AXIS2_PLACEMENT_3D ( 'NONE', #4017, #1562, #10505 ) ;
#5434 = AXIS2_PLACEMENT_3D ( 'NONE', #6680, #1783, #1041 ) ;
#5435 = CARTESIAN_POINT ( 'NONE',  ( 47.49999999999999289, 8.000000000000000000, -9.499999999999998224 ) ) ;
#5436 = ORIENTED_EDGE ( 'NONE', *, *, #7160, .T. ) ;
#5437 = VECTOR ( 'NONE', #5141, 1000.000000000000000 ) ;
#5438 = DIRECTION ( 'NONE',  ( 1.000000000000000000, -0.000000000000000000, -0.000000000000000000 ) ) ;
#5439 = CARTESIAN_POINT ( 'NONE',  ( 47.49999999999999289, 9.000000000000001776, 9.500000000000000000 ) ) ;
#5440 = CARTESIAN_POINT ( 'NONE',  ( -52.20955632327744667, 7.507643205178270662, -4.000050849201956638 ) ) ;
#5441 = ORIENTED_EDGE ( 'NONE', *, *, #4689, .F. ) ;
#5442 = AXIS2_PLACEMENT_3D ( 'NONE', #5831, #2571, #8366 ) ;
#5443 = EDGE_CURVE ( 'NONE', #5715, #6112, #4730, .T. ) ;
#5444 = DIRECTION ( 'NONE',  ( 0.000000000000000000, 0.000000000000000000, 1.000000000000000000 ) ) ;
#5445 = EDGE_CURVE ( 'NONE', #2423, #9789, #3823, .T. ) ;
#5446 = PRODUCT_CONTEXT ( 'NONE', #9273, 'mechanical' ) ;
#5447 = CARTESIAN_POINT ( 'NONE',  ( -52.20476079210907727, 8.286399987876109208, -4.274945468914473246 ) ) ;
#5448 = EDGE_CURVE ( 'NONE', #3462, #9017, #6592, .T. ) ;
#5449 = DIRECTION ( 'NONE',  ( 0.000000000000000000, 0.000000000000000000, -1.000000000000000000 ) ) ;
#5450 = PLANE ( 'NONE',  #448 ) ;
#5451 = EDGE_LOOP ( 'NONE', ( #996, #8576, #7448, #4890, #1843, #3003 ) ) ;
#5452 = VERTEX_POINT ( 'NONE', #9775 ) ;
#5453 = CARTESIAN_POINT ( 'NONE',  ( -35.24172192299145934, 0.2946731267839041712, 8.349999999999997868 ) ) ;
#5454 = VERTEX_POINT ( 'NONE', #734 ) ;
#5455 = DIRECTION ( 'NONE',  ( 0.000000000000000000, 1.000000000000000000, -0.000000000000000000 ) ) ;
#5456 = DIRECTION ( 'NONE',  ( 0.000000000000000000, 0.000000000000000000, 1.000000000000000000 ) ) ;
#5457 = CARTESIAN_POINT ( 'NONE',  ( 0.5999999999999912070, 15.10000000000000142, -13.35000000000018971 ) ) ;
#5458 = CARTESIAN_POINT ( 'NONE',  ( -8.000000000000008882, 13.30000000000000071, -14.45000000000000107 ) ) ;
#5459 = CARTESIAN_POINT ( 'NONE',  ( -25.50000000000001066, 13.30000000000000071, -12.25000000000000178 ) ) ;
#5460 = DIRECTION ( 'NONE',  ( 0.000000000000000000, 1.000000000000000000, -0.000000000000000000 ) ) ;
#5461 = DIRECTION ( 'NONE',  ( 1.000000000000000000, 0.000000000000000000, 0.000000000000000000 ) ) ;
#5462 = ORIENTED_EDGE ( 'NONE', *, *, #2660, .T. ) ;
#5463 = ORIENTED_EDGE ( 'NONE', *, *, #5569, .F. ) ;
#5464 = CARTESIAN_POINT ( 'NONE',  ( -52.27797353565416216, 9.685554008425919292, -3.207069356143451788 ) ) ;
#5465 = EDGE_LOOP ( 'NONE', ( #9199, #9774, #3653, #6697, #6465 ) ) ;
#5466 = ADVANCED_FACE ( 'NONE', ( #3983 ), #8986, .T. ) ;
#5467 = CARTESIAN_POINT ( 'NONE',  ( -30.13203748537938864, 5.996123729295900873, 8.643749989102962772 ) ) ;
#5468 = CARTESIAN_POINT ( 'NONE',  ( 50.84065861769799710, 11.00000000000000178, -13.55000000000001670 ) ) ;
#5469 = CARTESIAN_POINT ( 'NONE',  ( -52.25000000000001421, 6.899999999999998579, 2.925000000000021583 ) ) ;
#5470 = ORIENTED_EDGE ( 'NONE', *, *, #1004, .F. ) ;
#5471 = CARTESIAN_POINT ( 'NONE',  ( 20.65000000000000213, -29.13279938488576448, 8.349999999999997868 ) ) ;
#5472 = ORIENTED_EDGE ( 'NONE', *, *, #6117, .F. ) ;
#5473 = ORIENTED_EDGE ( 'NONE', *, *, #6714, .T. ) ;
#5474 = PLANE ( 'NONE',  #1320 ) ;
#5475 = ORIENTED_EDGE ( 'NONE', *, *, #3840, .T. ) ;
#5476 = CARTESIAN_POINT ( 'NONE',  ( 20.65000000000000213, -29.13279938488576448, 8.349999999999997868 ) ) ;
#5477 = DIRECTION ( 'NONE',  ( 0.6427876096865420275, 0.000000000000000000, 0.7660444431189757930 ) ) ;
#5478 = DIRECTION ( 'NONE',  ( -1.000000000000000000, -0.000000000000000000, -0.000000000000000000 ) ) ;
#5479 = CYLINDRICAL_SURFACE ( 'NONE', #7550, 0.2000000000000000944 ) ;
#5480 = ORIENTED_EDGE ( 'NONE', *, *, #1836, .F. ) ;
#5481 = CARTESIAN_POINT ( 'NONE',  ( -31.27472780755320869, 0.000000000000000000, 8.549999999999998934 ) ) ;
#5482 = DIRECTION ( 'NONE',  ( 0.8660254037844381525, -0.000000000000000000, -0.5000000000000009992 ) ) ;
#5483 = CARTESIAN_POINT ( 'NONE',  ( -51.99275608861707809, 7.920029344712049557, -4.292343692618075579 ) ) ;
#5484 = EDGE_CURVE ( 'NONE', #3654, #9214, #4954, .T. ) ;
#5485 = ORIENTED_EDGE ( 'NONE', *, *, #6005, .T. ) ;
#5486 = CIRCLE ( 'NONE', #6696, 5.000000000000000000 ) ;
#5487 = EDGE_CURVE ( 'NONE', #1868, #4463, #277, .T. ) ;
#5488 = CARTESIAN_POINT ( 'NONE',  ( 0.5999999999999912070, 13.30000000000000071, -13.55000000000000071 ) ) ;
#5489 = VERTEX_POINT ( 'NONE', #1583 ) ;
#5490 = CARTESIAN_POINT ( 'NONE',  ( -52.40568058483292901, 9.484780085661501658, -3.641416195903037334 ) ) ;
#5491 = DIRECTION ( 'NONE',  ( 0.000000000000000000, 1.000000000000000000, 0.000000000000000000 ) ) ;
#5492 = CARTESIAN_POINT ( 'NONE',  ( -52.00000000000001421, 17.60000000000000142, -2.672759133356879398E-14 ) ) ;
#5493 = ORIENTED_EDGE ( 'NONE', *, *, #1308, .F. ) ;
#5494 = VECTOR ( 'NONE', #9306, 1000.000000000000000 ) ;
#5495 = ORIENTED_EDGE ( 'NONE', *, *, #7050, .T. ) ;
#5496 = LINE ( 'NONE', #2979, #9063 ) ;
#5497 = EDGE_LOOP ( 'NONE', ( #2057, #4535, #1449, #4851 ) ) ;
#5498 = CARTESIAN_POINT ( 'NONE',  ( 20.65000000000000213, 0.5000000000000004441, 8.349999999999997868 ) ) ;
#5499 = EDGE_CURVE ( 'NONE', #3696, #4771, #7982, .T. ) ;
#5500 = DIRECTION ( 'NONE',  ( 0.000000000000000000, 0.000000000000000000, 1.000000000000000000 ) ) ;
#5501 = VECTOR ( 'NONE', #3412, 1000.000000000000000 ) ;
#5502 = DIRECTION ( 'NONE',  ( 0.000000000000000000, 0.000000000000000000, -1.000000000000000000 ) ) ;
#5503 = LINE ( 'NONE', #7887, #6584 ) ;
#5504 = FACE_OUTER_BOUND ( 'NONE', #2766, .T. ) ;
#5505 = CARTESIAN_POINT ( 'NONE',  ( -35.18270600294837891, -5.975311618465488996E-16, 3.532157287525381495 ) ) ;
#5506 = CARTESIAN_POINT ( 'NONE',  ( -35.50000000000001421, 6.500000000000000888, -12.25000000000000000 ) ) ;
#5507 = ORIENTED_EDGE ( 'NONE', *, *, #9512, .F. ) ;
#5508 = ORIENTED_EDGE ( 'NONE', *, *, #6033, .T. ) ;
#5509 = CARTESIAN_POINT ( 'NONE',  ( -50.25000000000000711, 8.000000000000000000, 0.000000000000000000 ) ) ;
#5510 = EDGE_LOOP ( 'NONE', ( #6864, #8502, #3584, #3747 ) ) ;
#5511 = VECTOR ( 'NONE', #2616, 1000.000000000000000 ) ;
#5512 = DIRECTION ( 'NONE',  ( 0.000000000000000000, 0.000000000000000000, 1.000000000000000000 ) ) ;
#5513 = DIRECTION ( 'NONE',  ( -1.000000000000000000, 4.445524323212526105E-15, 0.000000000000000000 ) ) ;
#5514 = ADVANCED_FACE ( 'NONE', ( #2052 ), #5059, .F. ) ;
#5515 = DIRECTION ( 'NONE',  ( -1.000000000000000000, 0.000000000000000000, 0.000000000000000000 ) ) ;
#5516 = ORIENTED_EDGE ( 'NONE', *, *, #4519, .T. ) ;
#5517 = VECTOR ( 'NONE', #1634, 1000.000000000000000 ) ;
#5518 = CARTESIAN_POINT ( 'NONE',  ( 9.519658948938198861, 5.500000000000000000, 10.25000000000000178 ) ) ;
#5519 = ORIENTED_EDGE ( 'NONE', *, *, #18, .F. ) ;
#5520 = EDGE_CURVE ( 'NONE', #7419, #5147, #9334, .T. ) ;
#5521 = ORIENTED_EDGE ( 'NONE', *, *, #5884, .F. ) ;
#5522 = CARTESIAN_POINT ( 'NONE',  ( 0.000000000000000000, 11.00000000000000178, 0.000000000000000000 ) ) ;
#5523 = VERTEX_POINT ( 'NONE', #5865 ) ;
#5524 = DIRECTION ( 'NONE',  ( -1.000000000000000000, 0.000000000000000000, 0.000000000000000000 ) ) ;
#5525 = DIRECTION ( 'NONE',  ( 0.000000000000000000, -0.000000000000000000, 1.000000000000000000 ) ) ;
#5526 = FACE_OUTER_BOUND ( 'NONE', #1108, .T. ) ;
#5527 = VECTOR ( 'NONE', #5847, 1000.000000000000000 ) ;
#5528 = DIRECTION ( 'NONE',  ( 0.000000000000000000, 0.000000000000000000, 1.000000000000000000 ) ) ;
#5529 = CARTESIAN_POINT ( 'NONE',  ( -30.13468570924808887, 5.996053416120790125, 3.614964625160044243 ) ) ;
#5530 = DIRECTION ( 'NONE',  ( 0.000000000000000000, -0.000000000000000000, -1.000000000000000000 ) ) ;
#5531 = ORIENTED_EDGE ( 'NONE', *, *, #6652, .T. ) ;
#5532 = DIRECTION ( 'NONE',  ( 1.000000000000000000, 0.000000000000000000, 0.000000000000000000 ) ) ;
#5533 = VECTOR ( 'NONE', #8420, 1000.000000000000000 ) ;
#5534 = FACE_OUTER_BOUND ( 'NONE', #8478, .T. ) ;
#5535 = LINE ( 'NONE', #9358, #10245 ) ;
#5536 = ORIENTED_EDGE ( 'NONE', *, *, #7438, .F. ) ;
#5537 = VECTOR ( 'NONE', #6247, 1000.000000000000000 ) ;
#5538 = DIRECTION ( 'NONE',  ( -0.6427876096865379196, -0.000000000000000000, -0.7660444431189792347 ) ) ;
#5539 = EDGE_CURVE ( 'NONE', #431, #3295, #6051, .T. ) ;
#5540 = VERTEX_POINT ( 'NONE', #6700 ) ;
#5541 = PLANE ( 'NONE',  #3317 ) ;
#5542 = LINE ( 'NONE', #532, #5567 ) ;
#5543 = DIRECTION ( 'NONE',  ( 1.000000000000000000, 0.000000000000000000, -1.176083712526649195E-16 ) ) ;
#5544 = VERTEX_POINT ( 'NONE', #7741 ) ;
#5545 = VERTEX_POINT ( 'NONE', #8539 ) ;
#5546 = CARTESIAN_POINT ( 'NONE',  ( 22.80788180854702318, -0.0009999999999999158867, 1.484828725824713480 ) ) ;
#5547 = ADVANCED_FACE ( 'NONE', ( #1249 ), #1802, .F. ) ;
#5548 = AXIS2_PLACEMENT_3D ( 'NONE', #4645, #7890, #3846 ) ;
#5549 = ORIENTED_EDGE ( 'NONE', *, *, #6475, .T. ) ;
#5550 = FACE_OUTER_BOUND ( 'NONE', #5654, .T. ) ;
#5551 = ADVANCED_FACE ( 'NONE', ( #452 ), #1299, .T. ) ;
#5552 = LINE ( 'NONE', #1500, #7645 ) ;
#5553 = VECTOR ( 'NONE', #6839, 1000.000000000000000 ) ;
#5554 = DIRECTION ( 'NONE',  ( -0.000000000000000000, -0.000000000000000000, 1.000000000000000000 ) ) ;
#5555 = CARTESIAN_POINT ( 'NONE',  ( -25.50000000000001066, 13.30000000000000071, 12.25000000000000178 ) ) ;
#5556 = LINE ( 'NONE', #8739, #10257 ) ;
#5557 = LINE ( 'NONE', #3954, #8446 ) ;
#5558 = CARTESIAN_POINT ( 'NONE',  ( 23.55788180854701253, 0.5000000000000000000, 2.783866831501380368 ) ) ;
#5559 = EDGE_LOOP ( 'NONE', ( #8650, #2663, #1367, #7986, #3166 ) ) ;
#5560 = ORIENTED_EDGE ( 'NONE', *, *, #4014, .F. ) ;
#5561 = CARTESIAN_POINT ( 'NONE',  ( -31.45678631915142631, 0.2827931057192691333, 2.765000000000000124 ) ) ;
#5562 = AXIS2_PLACEMENT_3D ( 'NONE', #8056, #3377, #9806 ) ;
#5563 = VERTEX_POINT ( 'NONE', #9094 ) ;
#5564 = VECTOR ( 'NONE', #4214, 1000.000000000000000 ) ;
#5565 = DIRECTION ( 'NONE',  ( 1.000000000000000000, 0.000000000000000000, 0.000000000000000000 ) ) ;
#5566 = FACE_OUTER_BOUND ( 'NONE', #2038, .T. ) ;
#5567 = VECTOR ( 'NONE', #695, 1000.000000000000000 ) ;
#5568 = VECTOR ( 'NONE', #99, 1000.000000000000000 ) ;
#5569 = EDGE_CURVE ( 'NONE', #6531, #6107, #6759, .T. ) ;
#5570 = DIRECTION ( 'NONE',  ( -1.000000000000000000, 0.000000000000000000, 0.000000000000000000 ) ) ;
#5571 = VERTEX_POINT ( 'NONE', #5255 ) ;
#5572 = CARTESIAN_POINT ( 'NONE',  ( 2.009170479469691184, 15.10000000000000142, 14.75000000000000178 ) ) ;
#5573 = EDGE_CURVE ( 'NONE', #4218, #9848, #2810, .T. ) ;
#5574 = ORIENTED_EDGE ( 'NONE', *, *, #9903, .T. ) ;
#5575 = ORIENTED_EDGE ( 'NONE', *, *, #9201, .T. ) ;
#5576 = CIRCLE ( 'NONE', #987, 0.8500000000000000888 ) ;
#5577 = EDGE_CURVE ( 'NONE', #4619, #6358, #7504, .T. ) ;
#5578 = CARTESIAN_POINT ( 'NONE',  ( 25.85635347795579975, -0.0009999999999999158867, -0.2752072131253918696 ) ) ;
#5579 = VERTEX_POINT ( 'NONE', #3746 ) ;
#5580 = VERTEX_POINT ( 'NONE', #8492 ) ;
#5581 = CARTESIAN_POINT ( 'NONE',  ( 47.50000000000000000, 16.60000000000000142, -9.500000000000001776 ) ) ;
#5582 = CARTESIAN_POINT ( 'NONE',  ( -1.408389356733645998E-15, 0.5000000000000004441, -10.25000000000000533 ) ) ;
#5583 = VECTOR ( 'NONE', #8060, 1000.000000000000000 ) ;
#5584 = EDGE_CURVE ( 'NONE', #4353, #8144, #4433, .T. ) ;
#5585 = DIRECTION ( 'NONE',  ( 0.000000000000000000, 1.000000000000000000, 0.000000000000000000 ) ) ;
#5586 = VECTOR ( 'NONE', #6752, 1000.000000000000000 ) ;
#5587 = CARTESIAN_POINT ( 'NONE',  ( -51.95000000000000995, 6.799999999999998934, -2.449999999999999289 ) ) ;
#5588 = PLANE ( 'NONE',  #3694 ) ;
#5589 = CARTESIAN_POINT ( 'NONE',  ( -34.37348617369437420, 0.04767268713831619709, -2.810138446510775267 ) ) ;
#5590 = DIRECTION ( 'NONE',  ( -1.826024711554533223E-15, 0.000000000000000000, 1.000000000000000000 ) ) ;
#5591 = ORIENTED_EDGE ( 'NONE', *, *, #2767, .T. ) ;
#5592 = DIRECTION ( 'NONE',  ( -1.000000000000000000, 0.000000000000000000, -0.000000000000000000 ) ) ;
#5593 = DIRECTION ( 'NONE',  ( -0.000000000000000000, -1.000000000000000000, -0.000000000000000000 ) ) ;
#5594 = AXIS2_PLACEMENT_3D ( 'NONE', #9980, #7437, #155 ) ;
#5595 = CARTESIAN_POINT ( 'NONE',  ( 39.09211819145301092, 0.5000000000000000000, 1.484828725824668183 ) ) ;
#5596 = VECTOR ( 'NONE', #3800, 1000.000000000000000 ) ;
#5597 = ORIENTED_EDGE ( 'NONE', *, *, #7657, .T. ) ;
#5598 = AXIS2_PLACEMENT_3D ( 'NONE', #2935, #6833, #7835 ) ;
#5599 = DIRECTION ( 'NONE',  ( 0.8660254037844390407, 0.000000000000000000, 0.4999999999999995004 ) ) ;
#5600 = ORIENTED_EDGE ( 'NONE', *, *, #1826, .T. ) ;
#5601 = CARTESIAN_POINT ( 'NONE',  ( 47.49999999999997868, 8.000000000000000000, -12.25000000000000178 ) ) ;
#5602 = CARTESIAN_POINT ( 'NONE',  ( 31.69999999999997797, 0.5000000000000000000, 0.000000000000000000 ) ) ;
#5603 = CARTESIAN_POINT ( 'NONE',  ( 39.09211819145298961, -0.0009999999999999158867, -6.184828725824718099 ) ) ;
#5604 = ORIENTED_EDGE ( 'NONE', *, *, #9657, .F. ) ;
#5605 = ORIENTED_EDGE ( 'NONE', *, *, #10219, .T. ) ;
#5606 = DIRECTION ( 'NONE',  ( 0.000000000000000000, 0.000000000000000000, 1.000000000000000000 ) ) ;
#5607 = ORIENTED_EDGE ( 'NONE', *, *, #3076, .T. ) ;
#5608 = CARTESIAN_POINT ( 'NONE',  ( 52.75000000000000000, 3.000000000000000000, -9.499999999999920064 ) ) ;
#5609 = AXIS2_PLACEMENT_3D ( 'NONE', #4001, #1442, #7147 ) ;
#5610 = ADVANCED_FACE ( 'NONE', ( #8252 ), #8761, .T. ) ;
#5611 = DIRECTION ( 'NONE',  ( 0.000000000000000000, 0.000000000000000000, 1.000000000000000000 ) ) ;
#5612 = LINE ( 'NONE', #9689, #1838 ) ;
#5613 = DIRECTION ( 'NONE',  ( 1.000000000000000000, 0.000000000000000000, 0.000000000000000000 ) ) ;
#5614 = CARTESIAN_POINT ( 'NONE',  ( 0.5999999999999912070, 13.30000000000000071, 13.35000000000018971 ) ) ;
#5615 = LINE ( 'NONE', #7314, #1111 ) ;
#5616 = ADVANCED_FACE ( 'NONE', ( #953 ), #3409, .F. ) ;
#5617 = LINE ( 'NONE', #1354, #3170 ) ;
#5618 = DIRECTION ( 'NONE',  ( 8.673617379884087537E-15, -0.000000000000000000, -1.000000000000000000 ) ) ;
#5619 = VERTEX_POINT ( 'NONE', #3791 ) ;
#5620 = ORIENTED_EDGE ( 'NONE', *, *, #8246, .F. ) ;
#5621 = CARTESIAN_POINT ( 'NONE',  ( -52.22340835089975997, 9.594609242404761318, -3.692296232791193233 ) ) ;
#5622 = VERTEX_POINT ( 'NONE', #4756 ) ;
#5623 = EDGE_CURVE ( 'NONE', #5452, #8115, #2361, .T. ) ;
#5624 = FACE_OUTER_BOUND ( 'NONE', #7114, .T. ) ;
#5625 = CARTESIAN_POINT ( 'NONE',  ( -30.30484636607248561, -1.468623938954177977, -8.849999999999997868 ) ) ;
#5626 = LINE ( 'NONE', #2371, #4834 ) ;
#5627 = ORIENTED_EDGE ( 'NONE', *, *, #7538, .T. ) ;
#5628 = CARTESIAN_POINT ( 'NONE',  ( -50.20000000000000995, 15.20000000000000462, -6.749999999999949374 ) ) ;
#5629 = VERTEX_POINT ( 'NONE', #5558 ) ;
#5630 = ORIENTED_EDGE ( 'NONE', *, *, #8509, .F. ) ;
#5631 = CARTESIAN_POINT ( 'NONE',  ( -29.81007189365366372, -2.624222992386002318, 3.615000000000000213 ) ) ;
#5632 = EDGE_LOOP ( 'NONE', ( #7551, #10155, #4327, #9262 ) ) ;
#5633 = ORIENTED_EDGE ( 'NONE', *, *, #8997, .T. ) ;
#5634 = CARTESIAN_POINT ( 'NONE',  ( -20.00000000000001066, 11.00000000000000178, -13.55000000000000071 ) ) ;
#5635 = CARTESIAN_POINT ( 'NONE',  ( -21.63608679191100137, 11.00000000000000178, -18.15483244721227152 ) ) ;
#5636 = EDGE_CURVE ( 'NONE', #7353, #4295, #10335, .T. ) ;
#5637 = EDGE_CURVE ( 'NONE', #9371, #9531, #8849, .T. ) ;
#5638 = FACE_OUTER_BOUND ( 'NONE', #5895, .T. ) ;
#5639 = DIRECTION ( 'NONE',  ( -0.8660254037844390407, -0.000000000000000000, -0.4999999999999992784 ) ) ;
#5640 = DIRECTION ( 'NONE',  ( 0.000000000000000000, 0.000000000000000000, 1.000000000000000000 ) ) ;
#5641 = DIRECTION ( 'NONE',  ( 0.000000000000000000, 0.000000000000000000, 1.000000000000000000 ) ) ;
#5642 = ORIENTED_EDGE ( 'NONE', *, *, #2220, .F. ) ;
#5643 = CARTESIAN_POINT ( 'NONE',  ( 45.25000000000000711, 7.000000000000000000, -12.25000000000000000 ) ) ;
#5644 = EDGE_CURVE ( 'NONE', #7515, #718, #1557, .T. ) ;
#5645 = DIRECTION ( 'NONE',  ( 0.000000000000000000, 0.000000000000000000, 1.000000000000000000 ) ) ;
#5646 = FACE_OUTER_BOUND ( 'NONE', #8427, .T. ) ;
#5647 = ORIENTED_EDGE ( 'NONE', *, *, #6922, .T. ) ;
#5648 = CARTESIAN_POINT ( 'NONE',  ( 47.49999999999999289, 3.000000000000000000, 9.500000000000000000 ) ) ;
#5649 = EDGE_CURVE ( 'NONE', #1559, #271, #2941, .T. ) ;
#5650 = ORIENTED_EDGE ( 'NONE', *, *, #5108, .F. ) ;
#5651 = CARTESIAN_POINT ( 'NONE',  ( 47.49999999999997158, 0.000000000000000000, 11.75000000000000000 ) ) ;
#5652 = CARTESIAN_POINT ( 'NONE',  ( -50.25000000000000711, 8.400000000000000355, -2.449999999999999734 ) ) ;
#5653 = LINE ( 'NONE', #9051, #8941 ) ;
#5654 = EDGE_LOOP ( 'NONE', ( #10527, #8970, #5754, #693 ) ) ;
#5655 = ORIENTED_EDGE ( 'NONE', *, *, #528, .F. ) ;
#5656 = ADVANCED_FACE ( 'NONE', ( #761 ), #954, .T. ) ;
#5657 = DIRECTION ( 'NONE',  ( 0.000000000000000000, 0.000000000000000000, 1.000000000000000000 ) ) ;
#5658 = ORIENTED_EDGE ( 'NONE', *, *, #6005, .F. ) ;
#5659 = VECTOR ( 'NONE', #8554, 1000.000000000000000 ) ;
#5660 = CARTESIAN_POINT ( 'NONE',  ( 0.000000000000000000, 15.10000000000000142, 0.000000000000000000 ) ) ;
#5661 = CARTESIAN_POINT ( 'NONE',  ( 30.95000000000000284, 0.5000000000000000000, -2.350000000000003197 ) ) ;
#5662 = DIRECTION ( 'NONE',  ( 0.000000000000000000, -1.000000000000000000, 0.000000000000000000 ) ) ;
#5663 = DIRECTION ( 'NONE',  ( 0.000000000000000000, 0.000000000000000000, 1.000000000000000000 ) ) ;
#5664 = FACE_OUTER_BOUND ( 'NONE', #3776, .T. ) ;
#5665 = AXIS2_PLACEMENT_3D ( 'NONE', #2833, #4488, #3686 ) ;
#5666 = CARTESIAN_POINT ( 'NONE',  ( -3.469693845669916676, 13.30000000000000071, 13.55000000000019611 ) ) ;
#5667 = DIRECTION ( 'NONE',  ( 0.000000000000000000, 1.000000000000000000, 0.000000000000000000 ) ) ;
#5668 = CARTESIAN_POINT ( 'NONE',  ( 38.34211819145299671, 0.5000000000000000000, -7.483866831501380545 ) ) ;
#5669 = ORIENTED_EDGE ( 'NONE', *, *, #7247, .T. ) ;
#5670 = ORIENTED_EDGE ( 'NONE', *, *, #8721, .T. ) ;
#5671 = CARTESIAN_POINT ( 'NONE',  ( -30.30484636607248561, -1.468623938954177977, 3.615000000000000213 ) ) ;
#5672 = ORIENTED_EDGE ( 'NONE', *, *, #7059, .F. ) ;
#5673 = VECTOR ( 'NONE', #9053, 1000.000000000000000 ) ;
#5674 = DIRECTION ( 'NONE',  ( 0.000000000000000000, 0.000000000000000000, 1.000000000000000000 ) ) ;
#5675 = LINE ( 'NONE', #2310, #8991 ) ;
#5676 =( BOUNDED_CURVE ( )  B_SPLINE_CURVE ( 3, ( #6446, #5399, #8683, #8634 ),
 .UNSPECIFIED., .F., .F. ) 
 B_SPLINE_CURVE_WITH_KNOTS ( ( 4, 4 ),
 ( 4.712388980384689674, 5.800197417813645728 ),
 .UNSPECIFIED. ) 
 CURVE ( )  GEOMETRIC_REPRESENTATION_ITEM ( )  RATIONAL_B_SPLINE_CURVE ( ( 1.000000000000000000, 0.9037965667448132345, 0.9037965667448132345, 1.000000000000000000 ) ) 
 REPRESENTATION_ITEM ( '' )  );
#5677 = CARTESIAN_POINT ( 'NONE',  ( 41.25000000000000711, 5.500000000000000000, 8.250000000000003553 ) ) ;
#5678 = EDGE_CURVE ( 'NONE', #9998, #778, #3147, .T. ) ;
#5679 = ORIENTED_EDGE ( 'NONE', *, *, #5909, .F. ) ;
#5680 = FACE_OUTER_BOUND ( 'NONE', #2578, .T. ) ;
#5681 = ORIENTED_EDGE ( 'NONE', *, *, #9787, .F. ) ;
#5682 = CIRCLE ( 'NONE', #8719, 2.249999999999998668 ) ;
#5683 = ORIENTED_EDGE ( 'NONE', *, *, #5066, .F. ) ;
#5684 = CARTESIAN_POINT ( 'NONE',  ( -35.24172192299145934, 0.2946731267839041712, -20.34067203111825251 ) ) ;
#5685 = VERTEX_POINT ( 'NONE', #7256 ) ;
#5686 = CIRCLE ( 'NONE', #3116, 1.300000000000000711 ) ;
#5687 = VERTEX_POINT ( 'NONE', #9480 ) ;
#5688 = CARTESIAN_POINT ( 'NONE',  ( -35.24172192299145934, 0.2946731267839041712, 2.765000000000000124 ) ) ;
#5689 = EDGE_CURVE ( 'NONE', #6962, #5049, #8798, .T. ) ;
#5690 = EDGE_CURVE ( 'NONE', #9195, #2319, #9428, .T. ) ;
#5691 = CARTESIAN_POINT ( 'NONE',  ( 25.91802043089036900, 0.1300423822510703709, -4.445814107907265722 ) ) ;
#5692 = CARTESIAN_POINT ( 'NONE',  ( 2.009170479469691184, 13.30000000000000071, 14.75000000000000178 ) ) ;
#5693 = VECTOR ( 'NONE', #4584, 1000.000000000000000 ) ;
#5694 = LINE ( 'NONE', #7284, #9983 ) ;
#5695 = LINE ( 'NONE', #8983, #5517 ) ;
#5696 = ORIENTED_EDGE ( 'NONE', *, *, #6755, .T. ) ;
#5697 = ORIENTED_EDGE ( 'NONE', *, *, #8855, .F. ) ;
#5698 = CARTESIAN_POINT ( 'NONE',  ( -52.34853060988542950, 7.877115474299435149, 4.119958270625192931 ) ) ;
#5699 = LINE ( 'NONE', #105, #2509 ) ;
#5700 = ADVANCED_FACE ( 'NONE', ( #1507 ), #8004, .F. ) ;
#5701 = DIRECTION ( 'NONE',  ( -1.000000000000000000, 0.000000000000000000, 0.000000000000000000 ) ) ;
#5702 = TOROIDAL_SURFACE ( 'NONE', #88, 1.600000000000000755, 0.2999999999999999889 ) ;
#5703 = ORIENTED_EDGE ( 'NONE', *, *, #5539, .T. ) ;
#5704 = EDGE_CURVE ( 'NONE', #6431, #7242, #596, .T. ) ;
#5705 = DIRECTION ( 'NONE',  ( 0.000000000000000000, 0.000000000000000000, 1.000000000000000000 ) ) ;
#5706 = TOROIDAL_SURFACE ( 'NONE', #4673, 2.249999999999998668, 3.000000000000000000 ) ;
#5707 = ADVANCED_FACE ( 'NONE', ( #8693 ), #3955, .T. ) ;
#5708 = ORIENTED_EDGE ( 'NONE', *, *, #6482, .T. ) ;
#5709 = CARTESIAN_POINT ( 'NONE',  ( -31.27472780755320869, 0.2000000000000000111, 3.615000000000000213 ) ) ;
#5710 = CARTESIAN_POINT ( 'NONE',  ( 51.95000000000000284, 9.000000000000001776, -9.499999999999964473 ) ) ;
#5711 = CARTESIAN_POINT ( 'NONE',  ( 0.000000000000000000, 8.000000000000000000, 0.000000000000000000 ) ) ;
#5712 = ORIENTED_EDGE ( 'NONE', *, *, #3534, .T. ) ;
#5713 = VERTEX_POINT ( 'NONE', #7951 ) ;
#5714 = CARTESIAN_POINT ( 'NONE',  ( -52.45000000000001705, 7.099999999999998757, 2.925000000000022915 ) ) ;
#5715 = VERTEX_POINT ( 'NONE', #5409 ) ;
#5716 = DIRECTION ( 'NONE',  ( -1.000000000000000000, -0.000000000000000000, 4.476705744456300993E-16 ) ) ;
#5717 = VECTOR ( 'NONE', #2300, 1000.000000000000000 ) ;
#5718 = EDGE_CURVE ( 'NONE', #698, #2668, #1355, .T. ) ;
#5719 = DIRECTION ( 'NONE',  ( 0.000000000000000000, 0.000000000000000000, 1.000000000000000000 ) ) ;
#5720 = CARTESIAN_POINT ( 'NONE',  ( -47.50000000000000711, 3.000000000000000000, -9.500000000000001776 ) ) ;
#5721 = FACE_OUTER_BOUND ( 'NONE', #2916, .T. ) ;
#5722 = CARTESIAN_POINT ( 'NONE',  ( -52.20568855767159988, 9.258912725377680175, 4.027145805446578741 ) ) ;
#5723 = CIRCLE ( 'NONE', #8603, 0.2000000000000008438 ) ;
#5724 = CARTESIAN_POINT ( 'NONE',  ( -8.000000000000008882, 11.00000000000000178, 14.75000000000000178 ) ) ;
#5725 = VERTEX_POINT ( 'NONE', #9640 ) ;
#5726 = ORIENTED_EDGE ( 'NONE', *, *, #6783, .T. ) ;
#5727 = DIRECTION ( 'NONE',  ( -1.000000000000000000, 0.000000000000000000, -7.304098846218136886E-17 ) ) ;
#5728 = ORIENTED_EDGE ( 'NONE', *, *, #1084, .F. ) ;
#5729 = CARTESIAN_POINT ( 'NONE',  ( 35.29364652204419883, 0.2999999999999999889, -5.723830892551262650 ) ) ;
#5730 = VECTOR ( 'NONE', #2765, 1000.000000000000000 ) ;
#5731 = DIRECTION ( 'NONE',  ( 0.000000000000000000, 0.000000000000000000, 1.000000000000000000 ) ) ;
#5732 = CARTESIAN_POINT ( 'NONE',  ( -35.50000000001318767, 5.500000000000000000, 12.24999999996691358 ) ) ;
#5733 = ORIENTED_EDGE ( 'NONE', *, *, #8278, .T. ) ;
#5734 = VECTOR ( 'NONE', #7827, 1000.000000000000000 ) ;
#5735 = CARTESIAN_POINT ( 'NONE',  ( -52.33704276677080003, 8.507051016228091456, -4.225057278784964510 ) ) ;
#5736 = AXIS2_PLACEMENT_3D ( 'NONE', #3838, #2404, #8894 ) ;
#5737 = ORIENTED_EDGE ( 'NONE', *, *, #9988, .T. ) ;
#5738 = VERTEX_POINT ( 'NONE', #4602 ) ;
#5739 = AXIS2_PLACEMENT_3D ( 'NONE', #4611, #558, #8014 ) ;
#5740 = DIRECTION ( 'NONE',  ( -0.000000000000000000, 1.000000000000000000, -0.000000000000000000 ) ) ;
#5741 = ORIENTED_EDGE ( 'NONE', *, *, #1592, .T. ) ;
#5742 = EDGE_LOOP ( 'NONE', ( #5658, #8774, #10399, #1623 ) ) ;
#5743 = DIRECTION ( 'NONE',  ( -1.000000000000000000, 0.000000000000000000, 0.000000000000000000 ) ) ;
#5744 = ADVANCED_FACE ( 'NONE', ( #7841 ), #4871, .T. ) ;
#5745 = AXIS2_PLACEMENT_3D ( 'NONE', #9731, #5824, #9050 ) ;
#5746 = FACE_OUTER_BOUND ( 'NONE', #7052, .T. ) ;
#5747 = CIRCLE ( 'NONE', #5221, 6.800000000000001599 ) ;
#5748 = DIRECTION ( 'NONE',  ( 0.000000000000000000, 0.000000000000000000, -1.000000000000000000 ) ) ;
#5749 = FACE_OUTER_BOUND ( 'NONE', #1046, .T. ) ;
#5750 = AXIS2_PLACEMENT_3D ( 'NONE', #3071, #10202, #5380 ) ;
#5751 = EDGE_CURVE ( 'NONE', #7673, #9237, #1397, .T. ) ;
#5752 = DIRECTION ( 'NONE',  ( 0.000000000000000000, -1.000000000000000000, 0.000000000000000000 ) ) ;
#5753 = EDGE_CURVE ( 'NONE', #1477, #4218, #4801, .T. ) ;
#5754 = ORIENTED_EDGE ( 'NONE', *, *, #446, .T. ) ;
#5755 = VERTEX_POINT ( 'NONE', #7363 ) ;
#5756 = CARTESIAN_POINT ( 'NONE',  ( -20.00000000000001066, 15.10000000000000142, -14.75000000000000355 ) ) ;
#5757 = EDGE_CURVE ( 'NONE', #4138, #5687, #3209, .T. ) ;
#5758 = AXIS2_PLACEMENT_3D ( 'NONE', #8094, #801, #7299 ) ;
#5759 = AXIS2_PLACEMENT_3D ( 'NONE', #3690, #2938, #3842 ) ;
#5760 = DIRECTION ( 'NONE',  ( 0.000000000000000000, 1.000000000000000000, -0.000000000000000000 ) ) ;
#5761 = CARTESIAN_POINT ( 'NONE',  ( -30.14000000000000057, 17.60100000000000264, 3.064999999999999947 ) ) ;
#5762 = EDGE_LOOP ( 'NONE', ( #4239, #379, #8911, #7212 ) ) ;
#5763 = VECTOR ( 'NONE', #6469, 1000.000000000000000 ) ;
#5764 = VECTOR ( 'NONE', #4293, 1000.000000000000000 ) ;
#5765 = DIRECTION ( 'NONE',  ( 0.000000000000000000, 1.000000000000000000, -0.000000000000000000 ) ) ;
#5766 = ORIENTED_EDGE ( 'NONE', *, *, #1795, .F. ) ;
#5767 = CIRCLE ( 'NONE', #7290, 1.499999999999999556 ) ;
#5768 = CARTESIAN_POINT ( 'NONE',  ( 9.519658948938198861, 5.500000000000000000, 12.25000000000000178 ) ) ;
#5769 = CARTESIAN_POINT ( 'NONE',  ( -31.51661123066064363, 3.000000000000000000, -2.765000000000000124 ) ) ;
#5770 = CARTESIAN_POINT ( 'NONE',  ( -3.469693845669879817, 15.10000000000000142, -13.55000000000001670 ) ) ;
#5771 = ORIENTED_EDGE ( 'NONE', *, *, #1116, .T. ) ;
#5772 = ORIENTED_EDGE ( 'NONE', *, *, #4179, .T. ) ;
#5773 = DIRECTION ( 'NONE',  ( 1.000000000000000000, 0.000000000000000000, -1.176083712526649195E-16 ) ) ;
#5774 = ORIENTED_EDGE ( 'NONE', *, *, #5978, .T. ) ;
#5775 = CARTESIAN_POINT ( 'NONE',  ( 0.5999999999999912070, 13.30000000000000071, 13.55000000000000071 ) ) ;
#5776 = EDGE_CURVE ( 'NONE', #1637, #9217, #2480, .T. ) ;
#5777 = VECTOR ( 'NONE', #3785, 1000.000000000000000 ) ;
#5778 = AXIS2_PLACEMENT_3D ( 'NONE', #1731, #9178, #6786 ) ;
#5779 = DIRECTION ( 'NONE',  ( 1.000000000000000000, -0.000000000000000000, -0.000000000000000000 ) ) ;
#5780 = EDGE_CURVE ( 'NONE', #7013, #4387, #9114, .T. ) ;
#5781 = CARTESIAN_POINT ( 'NONE',  ( -52.45000000000001705, 9.900000000000000355, 2.925000000000023359 ) ) ;
#5782 = EDGE_CURVE ( 'NONE', #162, #2289, #8103, .T. ) ;
#5783 = CARTESIAN_POINT ( 'NONE',  ( 2.009170479469691184, 15.10000000000000142, -14.75000000000000178 ) ) ;
#5784 = CARTESIAN_POINT ( 'NONE',  ( -52.26625702410743202, 7.588217948039475580, 3.963648087263236253 ) ) ;
#5785 = DIRECTION ( 'NONE',  ( -0.000000000000000000, 0.000000000000000000, 1.000000000000000000 ) ) ;
#5786 = CARTESIAN_POINT ( 'NONE',  ( 26.60635347795579619, 0.2999999999999999889, 1.023830892551267135 ) ) ;
#5787 = CARTESIAN_POINT ( 'NONE',  ( -52.22340835089975997, 9.594609242404766647, -3.692296232791192789 ) ) ;
#5788 = ORIENTED_EDGE ( 'NONE', *, *, #10158, .T. ) ;
#5789 = VERTEX_POINT ( 'NONE', #4286 ) ;
#5790 = TOROIDAL_SURFACE ( 'NONE', #667, 5.199999999999985967, 0.2999999999999999889 ) ;
#5791 = CARTESIAN_POINT ( 'NONE',  ( -39.68512705544042518, -8.136653386224946541E-16, 3.491341773655562086 ) ) ;
#5792 = VERTEX_POINT ( 'NONE', #5668 ) ;
#5793 = DIRECTION ( 'NONE',  ( -1.000000000000000000, -1.501493088589770621E-15, 0.000000000000000000 ) ) ;
#5794 = CARTESIAN_POINT ( 'NONE',  ( -35.26554871542300162, 0.2000000000000000111, 8.349999999999997868 ) ) ;
#5795 = B_SPLINE_CURVE_WITH_KNOTS ( 'NONE', 3,
 ( #7822, #4479, #383, #8417, #434, #3673, #9313, #3578 ),
 .UNSPECIFIED., .F., .F.,
 ( 4, 2, 2, 4 ),
 ( 0.000000000000000000, 0.0001382025733524831150, 0.0002764051467049662299, 0.0005528102934099380977 ),
 .UNSPECIFIED. ) ;
#5796 = VECTOR ( 'NONE', #6366, 1000.000000000000000 ) ;
#5797 = CARTESIAN_POINT ( 'NONE',  ( -52.25000000000001421, 7.102280827012607212, 3.001973684210526905 ) ) ;
#5798 = DIRECTION ( 'NONE',  ( 0.000000000000000000, -0.9982455176826009469, -0.05921052631581480430 ) ) ;
#5799 = VERTEX_POINT ( 'NONE', #10497 ) ;
#5800 = CARTESIAN_POINT ( 'NONE',  ( -52.25000000000001421, 10.30000000000000071, -2.449999999999999289 ) ) ;
#5801 = EDGE_LOOP ( 'NONE', ( #6960, #597, #3833, #2993, #8205, #993, #8802, #3532, #9460, #7932, #10498, #3018, #520 ) ) ;
#5802 = EDGE_CURVE ( 'NONE', #4387, #10046, #8900, .T. ) ;
#5803 = ORIENTED_EDGE ( 'NONE', *, *, #6844, .F. ) ;
#5804 = DIRECTION ( 'NONE',  ( 0.000000000000000000, 0.000000000000000000, -1.000000000000000000 ) ) ;
#5805 = EDGE_LOOP ( 'NONE', ( #1064, #6089, #5309, #6843 ) ) ;
#5806 = ORIENTED_EDGE ( 'NONE', *, *, #884, .T. ) ;
#5807 = DIRECTION ( 'NONE',  ( 0.000000000000000000, 0.000000000000000000, 1.000000000000000000 ) ) ;
#5808 = EDGE_CURVE ( 'NONE', #5540, #4484, #7598, .T. ) ;
#5809 = DIRECTION ( 'NONE',  ( -0.000000000000000000, 1.000000000000000000, -0.000000000000000000 ) ) ;
#5810 = DIRECTION ( 'NONE',  ( -0.000000000000000000, 0.000000000000000000, 1.000000000000000000 ) ) ;
#5811 = CARTESIAN_POINT ( 'NONE',  ( 0.000000000000000000, 13.30000000000000071, 0.000000000000000000 ) ) ;
#5812 = CARTESIAN_POINT ( 'NONE',  ( -29.84000000000000696, 6.296018041280833089, -9.849999999999997868 ) ) ;
#5813 = ORIENTED_EDGE ( 'NONE', *, *, #6593, .F. ) ;
#5814 = EDGE_LOOP ( 'NONE', ( #10337, #9272, #5997, #1616, #6248, #1951, #367, #848 ) ) ;
#5815 = DIRECTION ( 'NONE',  ( 0.000000000000000000, 0.000000000000000000, 1.000000000000000000 ) ) ;
#5816 = MANIFOLD_SOLID_BREP ( '\X2\52079664\X0\-\X2\62c94f38\X0\29', #9282 ) ;
#5817 = CARTESIAN_POINT ( 'NONE',  ( -25.50000000000001066, 13.30000000000000071, 12.25000000000000178 ) ) ;
#5818 = DIRECTION ( 'NONE',  ( 0.000000000000000000, 0.000000000000000000, 1.000000000000000000 ) ) ;
#5819 = VERTEX_POINT ( 'NONE', #1033 ) ;
#5820 = DIRECTION ( 'NONE',  ( -0.09864855753179602171, -0.5484013522091542026, -0.8303760708209668717 ) ) ;
#5821 = ORIENTED_EDGE ( 'NONE', *, *, #7519, .F. ) ;
#5822 = LINE ( 'NONE', #1705, #4514 ) ;
#5823 = EDGE_CURVE ( 'NONE', #5725, #10387, #9865, .T. ) ;
#5824 = DIRECTION ( 'NONE',  ( 7.304098846218138119E-17, 0.000000000000000000, -1.000000000000000000 ) ) ;
#5825 = DIRECTION ( 'NONE',  ( 0.000000000000000000, 0.000000000000000000, 1.000000000000000000 ) ) ;
#5826 = EDGE_LOOP ( 'NONE', ( #5828, #7436, #2769, #7953 ) ) ;
#5827 = CARTESIAN_POINT ( 'NONE',  ( 37.45000000000000284, 5.400000000000002132, 8.349999999999997868 ) ) ;
#5828 = ORIENTED_EDGE ( 'NONE', *, *, #6015, .T. ) ;
#5829 = DIRECTION ( 'NONE',  ( 1.000000000000000000, 0.000000000000000000, 0.000000000000000000 ) ) ;
#5830 = EDGE_CURVE ( 'NONE', #10282, #7242, #7633, .T. ) ;
#5831 = CARTESIAN_POINT ( 'NONE',  ( 2.099999999999991207, 15.10000000000000142, 13.35000000000019149 ) ) ;
#5832 = CARTESIAN_POINT ( 'NONE',  ( 38.36026385013414597, 0.2034051652805223820, 2.779818315299310338 ) ) ;
#5833 = EDGE_CURVE ( 'NONE', #7273, #2265, #5237, .T. ) ;
#5834 = DIRECTION ( 'NONE',  ( 0.7071067811865507924, 0.000000000000000000, -0.7071067811865442421 ) ) ;
#5835 = DIRECTION ( 'NONE',  ( -0.000000000000000000, 1.000000000000000000, -0.000000000000000000 ) ) ;
#5836 = DIRECTION ( 'NONE',  ( 0.000000000000000000, 1.000000000000000000, -0.000000000000000000 ) ) ;
#5837 = CARTESIAN_POINT ( 'NONE',  ( -53.20100000000002183, 9.850000000000001421, -1.700000000000000622 ) ) ;
#5838 = DIRECTION ( 'NONE',  ( 0.000000000000000000, 0.000000000000000000, -1.000000000000000000 ) ) ;
#5839 = ORIENTED_EDGE ( 'NONE', *, *, #6339, .T. ) ;
#5840 = ORIENTED_EDGE ( 'NONE', *, *, #4668, .T. ) ;
#5841 = DIRECTION ( 'NONE',  ( 0.000000000000000000, 1.000000000000000000, -0.000000000000000000 ) ) ;
#5842 = VERTEX_POINT ( 'NONE', #7577 ) ;
#5843 = FACE_OUTER_BOUND ( 'NONE', #7857, .T. ) ;
#5844 = EDGE_CURVE ( 'NONE', #767, #2719, #4386, .T. ) ;
#5845 = CARTESIAN_POINT ( 'NONE',  ( 37.45000000000000284, 5.400000000000000355, 0.000000000000000000 ) ) ;
#5846 = LINE ( 'NONE', #9074, #5764 ) ;
#5847 = DIRECTION ( 'NONE',  ( 1.000000000000000000, 0.000000000000000000, 0.000000000000000000 ) ) ;
#5848 = ORIENTED_EDGE ( 'NONE', *, *, #8378, .F. ) ;
#5849 = DIRECTION ( 'NONE',  ( 3.384826294588891940E-16, 0.000000000000000000, 1.000000000000000000 ) ) ;
#5850 = ORIENTED_EDGE ( 'NONE', *, *, #1378, .F. ) ;
#5851 = ORIENTED_EDGE ( 'NONE', *, *, #2532, .F. ) ;
#5852 = DIRECTION ( 'NONE',  ( -0.000000000000000000, -1.000000000000000000, -0.000000000000000000 ) ) ;
#5853 = VERTEX_POINT ( 'NONE', #9260 ) ;
#5854 = ORIENTED_EDGE ( 'NONE', *, *, #8404, .F. ) ;
#5855 = FACE_OUTER_BOUND ( 'NONE', #3304, .T. ) ;
#5856 = VECTOR ( 'NONE', #967, 1000.000000000000000 ) ;
#5857 = CARTESIAN_POINT ( 'NONE',  ( -52.00635303056958492, 8.519800277465707339, 4.350089639398326824 ) ) ;
#5858 = EDGE_CURVE ( 'NONE', #6112, #4993, #10464, .T. ) ;
#5859 = CARTESIAN_POINT ( 'NONE',  ( 8.380079849446763873, -0.0009999999999999158867, -14.51472407072590443 ) ) ;
#5860 = AXIS2_PLACEMENT_3D ( 'NONE', #791, #2493, #6535 ) ;
#5861 = EDGE_CURVE ( 'NONE', #5842, #7863, #10122, .T. ) ;
#5862 = DIRECTION ( 'NONE',  ( 2.891205793294671522E-15, 0.000000000000000000, 1.000000000000000000 ) ) ;
#5863 = VERTEX_POINT ( 'NONE', #3583 ) ;
#5864 = ORIENTED_EDGE ( 'NONE', *, *, #1565, .F. ) ;
#5865 = CARTESIAN_POINT ( 'NONE',  ( 50.99857113690718791, 9.000000000000001776, -12.25000000000000178 ) ) ;
#5866 = LINE ( 'NONE', #9095, #9142 ) ;
#5867 = FACE_OUTER_BOUND ( 'NONE', #9645, .T. ) ;
#5868 = FACE_OUTER_BOUND ( 'NONE', #6854, .T. ) ;
#5869 = EDGE_LOOP ( 'NONE', ( #9105, #3223, #5986, #5864 ) ) ;
#5870 = DIRECTION ( 'NONE',  ( -1.000000000000000000, 0.000000000000000000, -0.000000000000000000 ) ) ;
#5871 = DIRECTION ( 'NONE',  ( 0.3420201433256564449, 0.000000000000000000, -0.9396926207859128688 ) ) ;
#5872 = AXIS2_PLACEMENT_3D ( 'NONE', #2311, #8808, #1517 ) ;
#5873 = CYLINDRICAL_SURFACE ( 'NONE', #120, 0.2000000000000000944 ) ;
#5874 = VERTEX_POINT ( 'NONE', #9170 ) ;
#5875 = CARTESIAN_POINT ( 'NONE',  ( 0.5999999999999912070, 15.10000000000000142, 13.35000000000018971 ) ) ;
#5876 = ORIENTED_EDGE ( 'NONE', *, *, #5301, .F. ) ;
#5877 = EDGE_CURVE ( 'NONE', #7203, #365, #7526, .T. ) ;
#5878 = DIRECTION ( 'NONE',  ( -0.000000000000000000, -0.000000000000000000, 1.000000000000000000 ) ) ;
#5879 = VECTOR ( 'NONE', #4545, 1000.000000000000000 ) ;
#5880 = CARTESIAN_POINT ( 'NONE',  ( -52.27563198490998531, 9.491884724233200288, 3.630658523920709868 ) ) ;
#5881 = CARTESIAN_POINT ( 'NONE',  ( -31.22777815357900622, 3.000000000000000000, -20.34067203111825251 ) ) ;
#5882 = CARTESIAN_POINT ( 'NONE',  ( -52.33704279059700326, 8.293000100198550939, 4.225057065303532866 ) ) ;
#5883 = CARTESIAN_POINT ( 'NONE',  ( -52.40568058483292901, 7.315219914338493723, -3.641416195903033781 ) ) ;
#5884 = EDGE_CURVE ( 'NONE', #8280, #3383, #5294, .T. ) ;
#5885 = LINE ( 'NONE', #10012, #7260 ) ;
#5886 = VERTEX_POINT ( 'NONE', #6141 ) ;
#5887 = ORIENTED_EDGE ( 'NONE', *, *, #1639, .T. ) ;
#5888 = CARTESIAN_POINT ( 'NONE',  ( 20.65000000000000213, 0.5000000000000004441, 8.349999999999997868 ) ) ;
#5889 = ADVANCED_FACE ( 'NONE', ( #9213 ), #3670, .T. ) ;
#5890 = ORIENTED_EDGE ( 'NONE', *, *, #10432, .F. ) ;
#5891 = DIRECTION ( 'NONE',  ( -1.000000000000000000, 0.000000000000000000, 1.374038396813312538E-16 ) ) ;
#5892 = DIRECTION ( 'NONE',  ( -1.000000000000000000, 2.647334709328807468E-15, 0.000000000000000000 ) ) ;
#5893 = CARTESIAN_POINT ( 'NONE',  ( -51.98555142777797755, 8.996263542329996810, 4.258108007148362795 ) ) ;
#5894 = CARTESIAN_POINT ( 'NONE',  ( -30.13203748537936733, 5.996123729295902649, 2.765105688015067287 ) ) ;
#5895 = EDGE_LOOP ( 'NONE', ( #9756, #9697, #6129, #10251 ) ) ;
#5896 = CARTESIAN_POINT ( 'NONE',  ( -51.95000000000000995, 6.800000000000000711, 2.449999999999999734 ) ) ;
#5897 = ORIENTED_EDGE ( 'NONE', *, *, #6681, .T. ) ;
#5898 = ORIENTED_EDGE ( 'NONE', *, *, #1138, .T. ) ;
#5899 = CARTESIAN_POINT ( 'NONE',  ( -20.00000000000000355, 11.00000000000000178, -12.25000000000000178 ) ) ;
#5900 = ORIENTED_EDGE ( 'NONE', *, *, #9559, .F. ) ;
#5901 = ORIENTED_EDGE ( 'NONE', *, *, #2809, .F. ) ;
#5902 = DIRECTION ( 'NONE',  ( -1.000000000000000000, 0.000000000000000000, -1.380801687650050777E-15 ) ) ;
#5903 = AXIS2_PLACEMENT_3D ( 'NONE', #1925, #2037, #6723 ) ;
#5904 = CARTESIAN_POINT ( 'NONE',  ( -52.11623319514104224, 7.790997364083521504, 4.253749210878456033 ) ) ;
#5905 = EDGE_CURVE ( 'NONE', #535, #5030, #5723, .T. ) ;
#5906 = CARTESIAN_POINT ( 'NONE',  ( -8.000000000000008882, 13.30000000000000071, -14.45000000000000107 ) ) ;
#5907 = EDGE_CURVE ( 'NONE', #6263, #1357, #2035, .T. ) ;
#5908 = AXIS2_PLACEMENT_3D ( 'NONE', #835, #3548, #401 ) ;
#5909 = EDGE_CURVE ( 'NONE', #4392, #4124, #8575, .T. ) ;
#5910 = DIRECTION ( 'NONE',  ( -0.000000000000000000, -1.000000000000000000, -0.000000000000000000 ) ) ;
#5911 = ORIENTED_EDGE ( 'NONE', *, *, #4280, .F. ) ;
#5912 = EDGE_LOOP ( 'NONE', ( #7391, #509, #3182, #6307 ) ) ;
#5913 = ADVANCED_FACE ( 'NONE', ( #6877 ), #3479, .T. ) ;
#5914 = DIRECTION ( 'NONE',  ( 0.000000000000000000, 0.000000000000000000, 1.000000000000000000 ) ) ;
#5915 = LINE ( 'NONE', #3509, #5501 ) ;
#5916 = CIRCLE ( 'NONE', #1309, 0.3000000000000016542 ) ;
#5917 = AXIS2_PLACEMENT_3D ( 'NONE', #5648, #8883, #7137 ) ;
#5918 = CARTESIAN_POINT ( 'NONE',  ( -2.000000000000008882, 15.10000000000000142, -12.35000000000019149 ) ) ;
#5919 = VECTOR ( 'NONE', #5871, 1000.000000000000114 ) ;
#5920 = VECTOR ( 'NONE', #8435, 1000.000000000000000 ) ;
#5921 = EDGE_LOOP ( 'NONE', ( #3944, #1520, #2235, #6828 ) ) ;
#5922 = CARTESIAN_POINT ( 'NONE',  ( -29.81007189365366372, -2.624222992386002318, -8.849999999999997868 ) ) ;
#5923 = DIRECTION ( 'NONE',  ( -3.652049423109083111E-16, 0.000000000000000000, -1.000000000000000000 ) ) ;
#5924 = LINE ( 'NONE', #5124, #3007 ) ;
#5925 = ORIENTED_EDGE ( 'NONE', *, *, #5905, .F. ) ;
#5926 = CIRCLE ( 'NONE', #5414, 11.00296197722693314 ) ;
#5927 = DIRECTION ( 'NONE',  ( 0.000000000000000000, 0.000000000000000000, 1.000000000000000000 ) ) ;
#5928 = ORIENTED_EDGE ( 'NONE', *, *, #2704, .F. ) ;
#5929 = AXIS2_PLACEMENT_3D ( 'NONE', #304, #8441, #6897 ) ;
#5930 = AXIS2_PLACEMENT_3D ( 'NONE', #2295, #5554, #10433 ) ;
#5931 = LINE ( 'NONE', #9164, #1515 ) ;
#5932 = AXIS2_PLACEMENT_3D ( 'NONE', #3499, #6690, #9086 ) ;
#5933 = CARTESIAN_POINT ( 'NONE',  ( 38.67508438243875446, -2.620155250173459990E-16, 2.707147389567381879 ) ) ;
#5934 = CARTESIAN_POINT ( 'NONE',  ( -30.14000000000000767, 5.995909431799613998, -3.615000000000000213 ) ) ;
#5935 = CARTESIAN_POINT ( 'NONE',  ( -52.20456437409614381, 8.176029122854703957, 4.262457020310525202 ) ) ;
#5936 = CYLINDRICAL_SURFACE ( 'NONE', #8917, 2.999999999999999112 ) ;
#5937 = DIRECTION ( 'NONE',  ( -0.000000000000000000, -0.000000000000000000, -1.000000000000000000 ) ) ;
#5938 = DIRECTION ( 'NONE',  ( -0.6427876096865379196, -0.000000000000000000, -0.7660444431189792347 ) ) ;
#5939 = ORIENTED_EDGE ( 'NONE', *, *, #4653, .F. ) ;
#5940 = ORIENTED_EDGE ( 'NONE', *, *, #2660, .F. ) ;
#5941 = CARTESIAN_POINT ( 'NONE',  ( -30.14000000000000057, 0.5000000000000004441, 2.765000000000000124 ) ) ;
#5942 = VERTEX_POINT ( 'NONE', #10167 ) ;
#5943 = CARTESIAN_POINT ( 'NONE',  ( 0.5999999999999912070, 15.10000000000000142, 13.55000000000000071 ) ) ;
#5944 = VECTOR ( 'NONE', #4556, 1000.000000000000000 ) ;
#5945 = DIRECTION ( 'NONE',  ( 0.000000000000000000, 0.000000000000000000, 1.000000000000000000 ) ) ;
#5946 = EDGE_CURVE ( 'NONE', #2203, #7614, #10113, .T. ) ;
#5947 = CIRCLE ( 'NONE', #3720, 5.499999999999985789 ) ;
#5948 = CARTESIAN_POINT ( 'NONE',  ( 35.29364652204422725, 0.2999999999999999889, 1.023830892551222060 ) ) ;
#5949 = ORIENTED_EDGE ( 'NONE', *, *, #863, .T. ) ;
#5950 = DIRECTION ( 'NONE',  ( -5.782411586589358033E-15, 0.000000000000000000, 1.000000000000000000 ) ) ;
#5951 = EDGE_LOOP ( 'NONE', ( #1495, #7142, #10239, #8018 ) ) ;
#5952 = EDGE_LOOP ( 'NONE', ( #5600, #4086, #4658, #7770, #7447 ) ) ;
#5953 = ADVANCED_FACE ( 'NONE', ( #6035 ), #9319, .T. ) ;
#5954 = CARTESIAN_POINT ( 'NONE',  ( 30.20000000000002416, 0.2999999999999999889, 3.098623679425835942 ) ) ;
#5955 = ORIENTED_EDGE ( 'NONE', *, *, #3576, .T. ) ;
#5956 = CARTESIAN_POINT ( 'NONE',  ( -31.60047529527845001, 3.276389878762281160, -8.849999999999997868 ) ) ;
#5957 = VECTOR ( 'NONE', #1390, 1000.000000000000000 ) ;
#5958 = CARTESIAN_POINT ( 'NONE',  ( -52.20957954963188996, 7.507737535849405397, 3.999730970227153737 ) ) ;
#5959 = CARTESIAN_POINT ( 'NONE',  ( -31.27472780755320869, 0.2000000000000000111, -20.34067203111825251 ) ) ;
#5960 = DIRECTION ( 'NONE',  ( -1.000000000000000000, 0.000000000000000000, 0.000000000000000000 ) ) ;
#5961 = CARTESIAN_POINT ( 'NONE',  ( 30.27489141821820695, 0.09795398803915132679, -7.733001662233776052 ) ) ;
#5962 = ORIENTED_EDGE ( 'NONE', *, *, #1929, .F. ) ;
#5963 = ORIENTED_EDGE ( 'NONE', *, *, #18, .T. ) ;
#5964 = CARTESIAN_POINT ( 'NONE',  ( -400000.2250000000931, 5.500000000000000000, 6.750000000124600774 ) ) ;
#5965 = CARTESIAN_POINT ( 'NONE',  ( 30.95000000000000284, -0.0009999999999999158867, -2.350000000000003197 ) ) ;
#5966 = EDGE_CURVE ( 'NONE', #8251, #6306, #5182, .T. ) ;
#5967 = DIRECTION ( 'NONE',  ( -0.000000000000000000, -1.000000000000000000, -0.000000000000000000 ) ) ;
#5968 = EDGE_CURVE ( 'NONE', #4195, #3642, #4825, .T. ) ;
#5969 = VERTEX_POINT ( 'NONE', #4483 ) ;
#5970 = LINE ( 'NONE', #377, #2965 ) ;
#5971 = B_SPLINE_CURVE_WITH_KNOTS ( 'NONE', 3,
 ( #5786, #10496, #9864, #8899, #73, #3208, #3312, #1774 ),
 .UNSPECIFIED., .F., .F.,
 ( 4, 2, 2, 4 ),
 ( 0.000000000000000000, 0.0001382025733524862049, 0.0002764051467049725183, 0.0005528102934099433019 ),
 .UNSPECIFIED. ) ;
#5972 = B_SPLINE_CURVE_WITH_KNOTS ( 'NONE', 3,
 ( #6719, #8325, #8369, #9166, #7522, #7573 ),
 .UNSPECIFIED., .F., .F.,
 ( 4, 2, 4 ),
 ( 4.336808689942017736E-19, 0.0003393837279784445203, 0.0006787674559568886070 ),
 .UNSPECIFIED. ) ;
#5973 = LINE ( 'NONE', #9202, #7275 ) ;
#5974 = EDGE_LOOP ( 'NONE', ( #7042, #5642, #1434, #10316 ) ) ;
#5975 = DIRECTION ( 'NONE',  ( 0.000000000000000000, -1.000000000000000000, 0.000000000000000000 ) ) ;
#5976 = ORIENTED_EDGE ( 'NONE', *, *, #7881, .T. ) ;
#5977 = LINE ( 'NONE', #4431, #7127 ) ;
#5978 = EDGE_CURVE ( 'NONE', #3657, #9979, #7081, .T. ) ;
#5979 = CARTESIAN_POINT ( 'NONE',  ( 1.408389356733644618E-15, 6.500000000000000888, 10.24999999999999467 ) ) ;
#5980 = CARTESIAN_POINT ( 'NONE',  ( -52.45000000000000995, 6.899999999999998579, -2.924999999999968736 ) ) ;
#5981 = LINE ( 'NONE', #9210, #4228 ) ;
#5982 = ADVANCED_FACE ( 'NONE', ( #10372 ), #5450, .T. ) ;
#5983 = CARTESIAN_POINT ( 'NONE',  ( -52.20411386731400682, 7.847643348050715062, -4.174609651986998848 ) ) ;
#5984 = CYLINDRICAL_SURFACE ( 'NONE', #2672, 1.900000000000000577 ) ;
#5985 = DIRECTION ( 'NONE',  ( 1.000000000000000000, 0.000000000000000000, 0.000000000000000000 ) ) ;
#5986 = ORIENTED_EDGE ( 'NONE', *, *, #3611, .F. ) ;
#5987 = VERTEX_POINT ( 'NONE', #2137 ) ;
#5988 = FACE_OUTER_BOUND ( 'NONE', #1136, .T. ) ;
#5989 = ORIENTED_EDGE ( 'NONE', *, *, #5267, .F. ) ;
#5990 = DIRECTION ( 'NONE',  ( 1.000000000000000000, 0.000000000000000000, 0.000000000000000000 ) ) ;
#5991 = DIRECTION ( 'NONE',  ( -0.000000000000000000, 0.000000000000000000, 1.000000000000000000 ) ) ;
#5992 = CARTESIAN_POINT ( 'NONE',  ( -52.44999998641311834, 7.115906203487876169, 3.231687416539684055 ) ) ;
#5993 = PLANE ( 'NONE',  #8966 ) ;
#5994 = DIRECTION ( 'NONE',  ( -0.000000000000000000, -1.000000000000000000, 0.000000000000000000 ) ) ;
#5995 = ORIENTED_EDGE ( 'NONE', *, *, #3302, .F. ) ;
#5996 = DIRECTION ( 'NONE',  ( -1.000000000000000000, 0.000000000000000000, -0.000000000000000000 ) ) ;
#5997 = ORIENTED_EDGE ( 'NONE', *, *, #2559, .T. ) ;
#5998 = VERTEX_POINT ( 'NONE', #3775 ) ;
#5999 = CARTESIAN_POINT ( 'NONE',  ( 8.530079849446764229, 0.2999999999999999889, -14.77453169186123461 ) ) ;
#6000 = ORIENTED_EDGE ( 'NONE', *, *, #504, .F. ) ;
#6001 = CARTESIAN_POINT ( 'NONE',  ( 30.95000000000000284, 0.000000000000000000, -2.350000000000003197 ) ) ;
#6002 = CIRCLE ( 'NONE', #552, 8.000000000000000000 ) ;
#6003 = CARTESIAN_POINT ( 'NONE',  ( -52.20454750418739565, 8.278320776163639039, 4.275074528582204714 ) ) ;
#6004 = LINE ( 'NONE', #6849, #8483 ) ;
#6005 = EDGE_CURVE ( 'NONE', #6818, #698, #7620, .T. ) ;
#6006 = DIRECTION ( 'NONE',  ( 0.000000000000000000, 0.000000000000000000, 1.000000000000000000 ) ) ;
#6007 = VERTEX_POINT ( 'NONE', #9468 ) ;
#6008 = AXIS2_PLACEMENT_3D ( 'NONE', #1039, #6628, #9914 ) ;
#6009 = ORIENTED_EDGE ( 'NONE', *, *, #4493, .T. ) ;
#6010 = EDGE_CURVE ( 'NONE', #4853, #557, #1342, .T. ) ;
#6011 = ADVANCED_FACE ( 'NONE', ( #4632 ), #5393, .T. ) ;
#6012 = EDGE_LOOP ( 'NONE', ( #6895, #8186, #212, #5125 ) ) ;
#6013 = CYLINDRICAL_SURFACE ( 'NONE', #4554, 5.499999999999985789 ) ;
#6014 = CARTESIAN_POINT ( 'NONE',  ( 0.000000000000000000, 13.00000000000000178, 0.000000000000000000 ) ) ;
#6015 = EDGE_CURVE ( 'NONE', #5020, #1194, #9622, .T. ) ;
#6016 = CIRCLE ( 'NONE', #7360, 2.999999999999999112 ) ;
#6017 = LINE ( 'NONE', #1959, #2324 ) ;
#6018 =( BOUNDED_CURVE ( )  B_SPLINE_CURVE ( 3, ( #740, #2341, #3989, #10368 ),
 .UNSPECIFIED., .F., .F. ) 
 B_SPLINE_CURVE_WITH_KNOTS ( ( 4, 4 ),
 ( 1.570796326794896558, 3.141592653589790451 ),
 .UNSPECIFIED. ) 
 CURVE ( )  GEOMETRIC_REPRESENTATION_ITEM ( )  RATIONAL_B_SPLINE_CURVE ( ( 1.000000000000000000, 0.8047378541243654926, 0.8047378541243654926, 1.000000000000000000 ) ) 
 REPRESENTATION_ITEM ( '' )  );
#6019 = ORIENTED_EDGE ( 'NONE', *, *, #10053, .F. ) ;
#6020 = CARTESIAN_POINT ( 'NONE',  ( -47.50000000000000711, 3.000000000000000000, -8.650000000000002132 ) ) ;
#6021 = EDGE_CURVE ( 'NONE', #2279, #980, #4533, .T. ) ;
#6022 = CARTESIAN_POINT ( 'NONE',  ( 30.19999999999998153, -0.0009999999999999158867, -7.798623679425841893 ) ) ;
#6023 = ORIENTED_EDGE ( 'NONE', *, *, #8359, .F. ) ;
#6024 = VECTOR ( 'NONE', #226, 1000.000000000000000 ) ;
#6025 = DIRECTION ( 'NONE',  ( 0.000000000000000000, 1.000000000000000000, -0.000000000000000000 ) ) ;
#6026 = CIRCLE ( 'NONE', #247, 3.000000000000002665 ) ;
#6027 = ORIENTED_EDGE ( 'NONE', *, *, #9360, .F. ) ;
#6028 = DIRECTION ( 'NONE',  ( -1.000000000000000000, 0.000000000000000000, 0.000000000000000000 ) ) ;
#6029 = ADVANCED_FACE ( 'NONE', ( #3733 ), #7828, .F. ) ;
#6030 = CARTESIAN_POINT ( 'NONE',  ( -51.99271289544003594, 7.919282861351958580, -4.292140065396726101 ) ) ;
#6031 = VECTOR ( 'NONE', #5910, 1000.000000000000000 ) ;
#6032 = EDGE_CURVE ( 'NONE', #8154, #7193, #2127, .T. ) ;
#6033 = EDGE_CURVE ( 'NONE', #9116, #5942, #6062, .T. ) ;
#6034 = FACE_OUTER_BOUND ( 'NONE', #7365, .T. ) ;
#6035 = FACE_OUTER_BOUND ( 'NONE', #3507, .T. ) ;
#6036 = ORIENTED_EDGE ( 'NONE', *, *, #217, .F. ) ;
#6037 = ORIENTED_EDGE ( 'NONE', *, *, #601, .F. ) ;
#6038 = CARTESIAN_POINT ( 'NONE',  ( 30.95000000000000284, 0.2999999999999999889, -2.350000000000003197 ) ) ;
#6039 = EDGE_CURVE ( 'NONE', #3006, #1868, #582, .T. ) ;
#6040 = EDGE_CURVE ( 'NONE', #8222, #8, #642, .T. ) ;
#6041 = ORIENTED_EDGE ( 'NONE', *, *, #887, .F. ) ;
#6042 = FACE_OUTER_BOUND ( 'NONE', #3126, .T. ) ;
#6043 = AXIS2_PLACEMENT_3D ( 'NONE', #5677, #8907, #8126 ) ;
#6044 = DIRECTION ( 'NONE',  ( -0.8660254037844390407, 0.000000000000000000, -0.4999999999999995004 ) ) ;
#6045 = CARTESIAN_POINT ( 'NONE',  ( -39.58434658500975445, 0.1071145293931484166, -20.34067203111825251 ) ) ;
#6046 = FACE_OUTER_BOUND ( 'NONE', #822, .T. ) ;
#6047 = DIRECTION ( 'NONE',  ( 0.000000000000000000, 0.000000000000000000, 1.000000000000000000 ) ) ;
#6048 = ORIENTED_EDGE ( 'NONE', *, *, #1340, .F. ) ;
#6049 = CIRCLE ( 'NONE', #1441, 4.341174913715429184 ) ;
#6050 = CARTESIAN_POINT ( 'NONE',  ( -47.50000000000000711, 3.000000000000000000, -10.35000000000000142 ) ) ;
#6051 = LINE ( 'NONE', #3457, #10459 ) ;
#6052 = VERTEX_POINT ( 'NONE', #4682 ) ;
#6053 = VERTEX_POINT ( 'NONE', #7931 ) ;
#6054 = FACE_OUTER_BOUND ( 'NONE', #9019, .T. ) ;
#6055 = ORIENTED_EDGE ( 'NONE', *, *, #4625, .F. ) ;
#6056 = DIRECTION ( 'NONE',  ( 1.000000000000000000, -0.000000000000000000, 5.139921410301691225E-16 ) ) ;
#6057 = AXIS2_PLACEMENT_3D ( 'NONE', #10305, #3879, #424 ) ;
#6058 = PLANE ( 'NONE',  #3030 ) ;
#6059 = LINE ( 'NONE', #9291, #5215 ) ;
#6060 = ORIENTED_EDGE ( 'NONE', *, *, #7908, .T. ) ;
#6061 = ORIENTED_EDGE ( 'NONE', *, *, #10272, .T. ) ;
#6062 = CIRCLE ( 'NONE', #1629, 0.1999999999999987899 ) ;
#6063 = ORIENTED_EDGE ( 'NONE', *, *, #9340, .F. ) ;
#6064 = LINE ( 'NONE', #5213, #9305 ) ;
#6065 = LINE ( 'NONE', #1905, #9234 ) ;
#6066 = ADVANCED_FACE ( 'NONE', ( #7141 ), #3081, .T. ) ;
#6067 = CIRCLE ( 'NONE', #6392, 2.250000000000005329 ) ;
#6068 = EDGE_CURVE ( 'NONE', #4045, #3243, #3940, .T. ) ;
#6069 = CIRCLE ( 'NONE', #6568, 9.300000000000013145 ) ;
#6070 = PLANE ( 'NONE',  #6404 ) ;
#6071 = EDGE_CURVE ( 'NONE', #9183, #7515, #7756, .T. ) ;
#6072 = EDGE_LOOP ( 'NONE', ( #8669, #5369, #4661, #4593 ) ) ;
#6073 = LINE ( 'NONE', #3513, #1279 ) ;
#6074 = AXIS2_PLACEMENT_3D ( 'NONE', #2200, #5460, #706 ) ;
#6075 = VECTOR ( 'NONE', #7397, 1000.000000000000000 ) ;
#6076 = DIRECTION ( 'NONE',  ( 0.000000000000000000, 0.000000000000000000, -1.000000000000000000 ) ) ;
#6077 = VERTEX_POINT ( 'NONE', #8204 ) ;
#6078 = DIRECTION ( 'NONE',  ( 1.000000000000000000, 0.000000000000000000, 0.000000000000000000 ) ) ;
#6079 = ORIENTED_EDGE ( 'NONE', *, *, #7129, .T. ) ;
#6080 = VECTOR ( 'NONE', #4961, 1000.000000000000000 ) ;
#6081 = CARTESIAN_POINT ( 'NONE',  ( -47.50000000000000711, 15.10000000000000142, 9.500000000000001776 ) ) ;
#6082 = AXIS2_PLACEMENT_3D ( 'NONE', #6315, #7174, #10407 ) ;
#6083 = DIRECTION ( 'NONE',  ( 1.000000000000000000, -0.000000000000000000, -0.000000000000000000 ) ) ;
#6084 = DIRECTION ( 'NONE',  ( 0.000000000000000000, 0.000000000000000000, -1.000000000000000000 ) ) ;
#6085 = AXIS2_PLACEMENT_3D ( 'NONE', #8031, #901, #4155 ) ;
#6086 = CARTESIAN_POINT ( 'NONE',  ( 35.98197956910962603, 0.1300423822510689553, -0.2541858920927396737 ) ) ;
#6087 = FACE_OUTER_BOUND ( 'NONE', #7143, .T. ) ;
#6088 = CARTESIAN_POINT ( 'NONE',  ( -8.107033542344556309, 11.00000000000000178, -14.04179399400123351 ) ) ;
#6089 = ORIENTED_EDGE ( 'NONE', *, *, #5584, .T. ) ;
#6090 = EDGE_LOOP ( 'NONE', ( #4300, #3329, #1824, #5101 ) ) ;
#6091 = LINE ( 'NONE', #6830, #7019 ) ;
#6092 = AXIS2_PLACEMENT_3D ( 'NONE', #599, #3849, #9533 ) ;
#6093 = ORIENTED_EDGE ( 'NONE', *, *, #9308, .F. ) ;
#6094 = VECTOR ( 'NONE', #9167, 1000.000000000000000 ) ;
#6095 = DIRECTION ( 'NONE',  ( -1.000000000000000000, 0.000000000000000000, -5.139921410301651289E-17 ) ) ;
#6096 = EDGE_CURVE ( 'NONE', #2802, #3250, #4363, .T. ) ;
#6097 = VECTOR ( 'NONE', #7169, 1000.000000000000000 ) ;
#6098 = EDGE_CURVE ( 'NONE', #4151, #5713, #7925, .T. ) ;
#6099 = FACE_OUTER_BOUND ( 'NONE', #56, .T. ) ;
#6100 = LINE ( 'NONE', #7886, #794 ) ;
#6101 = DIRECTION ( 'NONE',  ( -0.000000000000000000, -1.000000000000000000, 0.000000000000000000 ) ) ;
#6102 = EDGE_CURVE ( 'NONE', #6818, #5622, #6069, .T. ) ;
#6103 = CARTESIAN_POINT ( 'NONE',  ( -45.20000000000000284, 3.000000000000000000, -6.750000000000000888 ) ) ;
#6104 = ORIENTED_EDGE ( 'NONE', *, *, #3139, .F. ) ;
#6105 = DIRECTION ( 'NONE',  ( -1.000000000000000000, 0.000000000000000000, 2.891205793294712543E-15 ) ) ;
#6106 = DIRECTION ( 'NONE',  ( -1.000000000000000000, 0.000000000000000000, 0.000000000000000000 ) ) ;
#6107 = VERTEX_POINT ( 'NONE', #3299 ) ;
#6108 = ORIENTED_EDGE ( 'NONE', *, *, #1230, .F. ) ;
#6109 = AXIS2_PLACEMENT_3D ( 'NONE', #7385, #1527, #1472 ) ;
#6110 = LINE ( 'NONE', #455, #818 ) ;
#6111 = AXIS2_PLACEMENT_3D ( 'NONE', #5906, #1054, #9932 ) ;
#6112 = VERTEX_POINT ( 'NONE', #5770 ) ;
#6113 = CARTESIAN_POINT ( 'NONE',  ( 3.099999999999990763, 13.30000000000000071, 13.35000000000019149 ) ) ;
#6114 = VECTOR ( 'NONE', #9647, 1000.000000000000000 ) ;
#6115 = DIRECTION ( 'NONE',  ( -0.000000000000000000, -1.000000000000000000, -0.000000000000000000 ) ) ;
#6116 = VECTOR ( 'NONE', #1481, 1000.000000000000000 ) ;
#6117 = EDGE_CURVE ( 'NONE', #5544, #4462, #2826, .T. ) ;
#6118 = PLANE ( 'NONE',  #8572 ) ;
#6119 = DIRECTION ( 'NONE',  ( 0.000000000000000000, 0.000000000000000000, 1.000000000000000000 ) ) ;
#6120 = ADVANCED_FACE ( 'NONE', ( #1760 ), #5873, .T. ) ;
#6121 = VERTEX_POINT ( 'NONE', #2395 ) ;
#6122 = CARTESIAN_POINT ( 'NONE',  ( -8.958845726811304644, 13.30000000000000071, -13.55000000000019256 ) ) ;
#6123 = VERTEX_POINT ( 'NONE', #1543 ) ;
#6124 = CARTESIAN_POINT ( 'NONE',  ( -31.22777815357900622, 3.000000000000000000, -2.765000000000000124 ) ) ;
#6125 = CIRCLE ( 'NONE', #3568, 6.800000000000007816 ) ;
#6126 = CARTESIAN_POINT ( 'NONE',  ( -39.76146882909598901, 0.000000000000000000, 0.000000000000000000 ) ) ;
#6127 = AXIS2_PLACEMENT_3D ( 'NONE', #5959, #9885, #5153 ) ;
#6128 = DIRECTION ( 'NONE',  ( -0.4999999999999995004, 0.000000000000000000, 0.8660254037844390407 ) ) ;
#6129 = ORIENTED_EDGE ( 'NONE', *, *, #1639, .F. ) ;
#6130 = CARTESIAN_POINT ( 'NONE',  ( 2.009170479469691184, 15.10000000000000142, 14.75000000000000178 ) ) ;
#6131 = CYLINDRICAL_SURFACE ( 'NONE', #10490, 0.2999999999999998779 ) ;
#6132 = ORIENTED_EDGE ( 'NONE', *, *, #8231, .F. ) ;
#6133 = DIRECTION ( 'NONE',  ( 0.000000000000000000, 0.000000000000000000, 1.000000000000000000 ) ) ;
#6134 = VERTEX_POINT ( 'NONE', #3246 ) ;
#6135 = DIRECTION ( 'NONE',  ( -2.001604010742475186E-15, 0.000000000000000000, 1.000000000000000000 ) ) ;
#6136 = CARTESIAN_POINT ( 'NONE',  ( -39.63977263648107652, 0.1999999999999987899, 3.615000000000000213 ) ) ;
#6137 = ADVANCED_FACE ( 'NONE', ( #9897, #747 ), #7402, .T. ) ;
#6138 = CARTESIAN_POINT ( 'NONE',  ( -34.44357915404025761, -6.058573835305378367E-16, -2.880231426856664001 ) ) ;
#6139 = CARTESIAN_POINT ( 'NONE',  ( -52.34420172950730432, 8.820613841954308754, -4.159693197046820501 ) ) ;
#6140 = CARTESIAN_POINT ( 'NONE',  ( -31.45678631915142631, 0.2827931057192691333, 8.349999999999997868 ) ) ;
#6141 = CARTESIAN_POINT ( 'NONE',  ( 43.25000000000000711, 7.000000000000000000, 1.984313483298447922 ) ) ;
#6142 = EDGE_LOOP ( 'NONE', ( #1647, #3349, #2543, #6104 ) ) ;
#6143 = ORIENTED_EDGE ( 'NONE', *, *, #4583, .T. ) ;
#6144 = EDGE_CURVE ( 'NONE', #6505, #1673, #5653, .T. ) ;
#6145 = DIRECTION ( 'NONE',  ( 1.000000000000000000, 0.000000000000000000, 0.000000000000000000 ) ) ;
#6146 = VERTEX_POINT ( 'NONE', #4849 ) ;
#6147 = DIRECTION ( 'NONE',  ( 1.000000000000000000, 0.000000000000000000, 0.000000000000000000 ) ) ;
#6148 = CARTESIAN_POINT ( 'NONE',  ( 51.95000000000000284, 11.35000000000000320, -3.299999999999998490 ) ) ;
#6149 = LINE ( 'NONE', #1391, #9967 ) ;
#6150 = DIRECTION ( 'NONE',  ( -0.000000000000000000, -1.000000000000000000, -0.000000000000000000 ) ) ;
#6151 = DIRECTION ( 'NONE',  ( -1.176083712526649195E-16, 0.000000000000000000, -1.000000000000000000 ) ) ;
#6152 = CARTESIAN_POINT ( 'NONE',  ( -31.60047529527845001, 3.276389878762281160, -3.615000000000000213 ) ) ;
#6153 = DIRECTION ( 'NONE',  ( 0.000000000000000000, 0.000000000000000000, -1.000000000000000000 ) ) ;
#6154 = EDGE_LOOP ( 'NONE', ( #624, #3929, #4225, #9045 ) ) ;
#6155 = EDGE_LOOP ( 'NONE', ( #6915, #1492, #9875, #7955 ) ) ;
#6156 = ADVANCED_FACE ( 'NONE', ( #859 ), #6610, .T. ) ;
#6157 = CARTESIAN_POINT ( 'NONE',  ( 50.25000000000000000, 11.00000000000000178, -4.000000000000000000 ) ) ;
#6158 = VERTEX_POINT ( 'NONE', #5017 ) ;
#6159 = CARTESIAN_POINT ( 'NONE',  ( 4.925331814053546354E-14, 9.000000000000001776, 13.55000000000018368 ) ) ;
#6160 = PLANE ( 'NONE',  #10163 ) ;
#6161 = EDGE_CURVE ( 'NONE', #5489, #3563, #1708, .T. ) ;
#6162 = CARTESIAN_POINT ( 'NONE',  ( -52.25000000000001421, 9.900000000000000355, 2.925000000000022471 ) ) ;
#6163 = CARTESIAN_POINT ( 'NONE',  ( -51.95000000000000995, 10.00000000000000000, 2.449999999999999289 ) ) ;
#6164 = ORIENTED_EDGE ( 'NONE', *, *, #6607, .F. ) ;
#6165 = CARTESIAN_POINT ( 'NONE',  ( -47.49999999995679900, 5.500000000000000000, -6.750000000000000888 ) ) ;
#6166 = VERTEX_POINT ( 'NONE', #3994 ) ;
#6167 = FACE_OUTER_BOUND ( 'NONE', #7306, .T. ) ;
#6168 = CARTESIAN_POINT ( 'NONE',  ( -51.22917112000553885, 15.10000000000000142, -9.894693245086278566 ) ) ;
#6169 = EDGE_CURVE ( 'NONE', #5755, #9738, #1898, .T. ) ;
#6170 = AXIS2_PLACEMENT_3D ( 'NONE', #2321, #10402, #5091 ) ;
#6171 = CARTESIAN_POINT ( 'NONE',  ( -29.84000000000000696, 0.5000000000000004441, -9.849999999999997868 ) ) ;
#6172 = VERTEX_POINT ( 'NONE', #1597 ) ;
#6173 = CARTESIAN_POINT ( 'NONE',  ( -25.50000000000001066, 11.00000000000000178, -12.25000000000000178 ) ) ;
#6174 = FACE_OUTER_BOUND ( 'NONE', #8888, .T. ) ;
#6175 = ORIENTED_EDGE ( 'NONE', *, *, #3333, .F. ) ;
#6176 = ORIENTED_EDGE ( 'NONE', *, *, #5292, .F. ) ;
#6177 = CIRCLE ( 'NONE', #3620, 0.2999999999999998779 ) ;
#6178 = FACE_OUTER_BOUND ( 'NONE', #6090, .T. ) ;
#6179 = PLANE ( 'NONE',  #1417 ) ;
#6180 = DIRECTION ( 'NONE',  ( 0.000000000000000000, 0.000000000000000000, 1.000000000000000000 ) ) ;
#6181 = VECTOR ( 'NONE', #2917, 1000.000000000000000 ) ;
#6182 = CARTESIAN_POINT ( 'NONE',  ( -39.63977263648107652, 17.60100000000000264, -2.765000000000000124 ) ) ;
#6183 = CARTESIAN_POINT ( 'NONE',  ( -24.49308044258727080, 13.30000000000000071, -14.75000000000000355 ) ) ;
#6184 = VECTOR ( 'NONE', #1188, 1000.000000000000000 ) ;
#6185 = CARTESIAN_POINT ( 'NONE',  ( 39.19216030126666794, -1.905824131322174993E-18, 1.811545626786699836 ) ) ;
#6186 = VERTEX_POINT ( 'NONE', #8095 ) ;
#6187 = ORIENTED_EDGE ( 'NONE', *, *, #2229, .F. ) ;
#6188 = CARTESIAN_POINT ( 'NONE',  ( -35.06554871542299878, 0.000000000000000000, -2.765000000000000124 ) ) ;
#6189 = ORIENTED_EDGE ( 'NONE', *, *, #1779, .F. ) ;
#6190 = LINE ( 'NONE', #2089, #6325 ) ;
#6191 = EDGE_CURVE ( 'NONE', #9789, #8841, #802, .T. ) ;
#6192 = CARTESIAN_POINT ( 'NONE',  ( 0.000000000000000000, 15.10000000000000142, -12.25000000000000000 ) ) ;
#6193 = CIRCLE ( 'NONE', #1596, 6.800000000000007816 ) ;
#6194 = DIRECTION ( 'NONE',  ( -1.000000000000000000, 0.000000000000000000, 0.000000000000000000 ) ) ;
#6195 = EDGE_CURVE ( 'NONE', #9738, #10131, #177, .T. ) ;
#6196 = CARTESIAN_POINT ( 'NONE',  ( 22.73614628785940894, 0.02145563245112852568, 1.717410124218951673 ) ) ;
#6197 = CARTESIAN_POINT ( 'NONE',  ( 47.49999999999999289, 8.000000000000000000, 9.500000000000000000 ) ) ;
#6198 = EDGE_CURVE ( 'NONE', #7579, #4882, #8158, .T. ) ;
#6199 = DIRECTION ( 'NONE',  ( 0.000000000000000000, 1.000000000000000000, 0.000000000000000000 ) ) ;
#6200 = DIRECTION ( 'NONE',  ( -0.000000000000000000, -1.000000000000000000, -0.000000000000000000 ) ) ;
#6201 = ORIENTED_EDGE ( 'NONE', *, *, #6040, .F. ) ;
#6202 = EDGE_LOOP ( 'NONE', ( #2103, #1462, #3148, #2426 ) ) ;
#6203 = FACE_BOUND ( 'NONE', #9507, .T. ) ;
#6204 = TOROIDAL_SURFACE ( 'NONE', #7044, 5.000000000000000000, 3.000000000000000000 ) ;
#6205 = ORIENTED_EDGE ( 'NONE', *, *, #6039, .F. ) ;
#6206 = CARTESIAN_POINT ( 'NONE',  ( -29.96003882983036348, 6.000690477496230635, 3.610327563784602400 ) ) ;
#6207 = PLANE ( 'NONE',  #4918 ) ;
#6208 = VECTOR ( 'NONE', #6606, 1000.000000000000000 ) ;
#6209 = CARTESIAN_POINT ( 'NONE',  ( 2.009170479469691184, 15.10000000000000142, 14.75000000000000178 ) ) ;
#6210 = DIRECTION ( 'NONE',  ( 0.000000000000000000, -0.000000000000000000, 1.000000000000000000 ) ) ;
#6211 = ORIENTED_EDGE ( 'NONE', *, *, #7699, .F. ) ;
#6212 = LINE ( 'NONE', #6708, #8298 ) ;
#6213 = ORIENTED_EDGE ( 'NONE', *, *, #2557, .F. ) ;
#6214 = CARTESIAN_POINT ( 'NONE',  ( -52.42986711028338931, 7.202212344727054294, -3.442853664916081691 ) ) ;
#6215 = LINE ( 'NONE', #9447, #8210 ) ;
#6216 = AXIS2_PLACEMENT_3D ( 'NONE', #4472, #2867, #6275 ) ;
#6217 = ADVANCED_FACE ( 'NONE', ( #7669 ), #5071, .T. ) ;
#6218 = EDGE_CURVE ( 'NONE', #644, #5619, #8464, .T. ) ;
#6219 = EDGE_CURVE ( 'NONE', #2793, #2377, #3666, .T. ) ;
#6220 = FACE_OUTER_BOUND ( 'NONE', #1749, .T. ) ;
#6221 = VECTOR ( 'NONE', #9889, 1000.000000000000000 ) ;
#6222 = ORIENTED_EDGE ( 'NONE', *, *, #5636, .T. ) ;
#6223 = DIRECTION ( 'NONE',  ( 0.000000000000000000, 0.000000000000000000, 1.000000000000000000 ) ) ;
#6224 = CARTESIAN_POINT ( 'NONE',  ( 43.25000000000000711, 1.000000000000000000, -7.250000000000000000 ) ) ;
#6225 = ORIENTED_EDGE ( 'NONE', *, *, #5802, .F. ) ;
#6226 = FACE_OUTER_BOUND ( 'NONE', #9760, .T. ) ;
#6227 = ORIENTED_EDGE ( 'NONE', *, *, #9022, .T. ) ;
#6228 = AXIS2_PLACEMENT_3D ( 'NONE', #8741, #7202, #1448 ) ;
#6229 = LINE ( 'NONE', #5232, #972 ) ;
#6230 = CIRCLE ( 'NONE', #1304, 3.000000000000000000 ) ;
#6231 = AXIS2_PLACEMENT_3D ( 'NONE', #5628, #1364, #8861 ) ;
#6232 = PLANE ( 'NONE',  #5374 ) ;
#6233 = CARTESIAN_POINT ( 'NONE',  ( 31.69999999999998508, 0.2505450496179571496, -11.31869555732605015 ) ) ;
#6234 = CARTESIAN_POINT ( 'NONE',  ( 39.09211819145301092, 0.2999999999999999889, 1.484828725824668183 ) ) ;
#6235 = ORIENTED_EDGE ( 'NONE', *, *, #7566, .T. ) ;
#6236 = EDGE_LOOP ( 'NONE', ( #773, #3381, #8704, #4025 ) ) ;
#6237 = DIRECTION ( 'NONE',  ( -1.000000000000000000, 0.000000000000000000, 0.000000000000000000 ) ) ;
#6238 = VERTEX_POINT ( 'NONE', #1964 ) ;
#6239 = CYLINDRICAL_SURFACE ( 'NONE', #6846, 5.249999999999997335 ) ;
#6240 = AXIS2_PLACEMENT_3D ( 'NONE', #1610, #3257, #2576 ) ;
#6241 = LINE ( 'NONE', #6192, #8819 ) ;
#6242 = DIRECTION ( 'NONE',  ( 0.000000000000000000, 0.000000000000000000, 1.000000000000000000 ) ) ;
#6243 = DIRECTION ( 'NONE',  ( -1.000000000000000000, 0.000000000000000000, 0.000000000000000000 ) ) ;
#6244 = LINE ( 'NONE', #8847, #261 ) ;
#6245 = CARTESIAN_POINT ( 'NONE',  ( 39.09211819145299671, 0.5000000000000000000, -6.184828725824724316 ) ) ;
#6246 = CIRCLE ( 'NONE', #5408, 1.000000000000000888 ) ;
#6247 = DIRECTION ( 'NONE',  ( -0.000000000000000000, 1.000000000000000000, -0.000000000000000000 ) ) ;
#6248 = ORIENTED_EDGE ( 'NONE', *, *, #10193, .F. ) ;
#6249 = ORIENTED_EDGE ( 'NONE', *, *, #242, .T. ) ;
#6250 = DIRECTION ( 'NONE',  ( 1.000000000000000000, 0.000000000000000000, 0.000000000000000000 ) ) ;
#6251 = ORIENTED_EDGE ( 'NONE', *, *, #2559, .F. ) ;
#6252 = VECTOR ( 'NONE', #1368, 1000.000000000000000 ) ;
#6253 = VECTOR ( 'NONE', #1789, 1000.000000000000000 ) ;
#6254 = CARTESIAN_POINT ( 'NONE',  ( -19.99999999999997158, 11.00000000000000178, 5.337610695313241287E-14 ) ) ;
#6255 = AXIS2_PLACEMENT_3D ( 'NONE', #813, #2242, #10331 ) ;
#6256 = CARTESIAN_POINT ( 'NONE',  ( 0.000000000000000000, 16.60000000000000142, 0.000000000000000000 ) ) ;
#6257 = VECTOR ( 'NONE', #9742, 1000.000000000000000 ) ;
#6258 = CARTESIAN_POINT ( 'NONE',  ( 1.104085060222564741E-15, 3.000000000000000000, 14.75000000000000355 ) ) ;
#6259 = EDGE_CURVE ( 'NONE', #4138, #9380, #1022, .T. ) ;
#6260 = ORIENTED_EDGE ( 'NONE', *, *, #8105, .T. ) ;
#6261 = DIRECTION ( 'NONE',  ( -1.000000000000000000, 0.000000000000000000, -0.000000000000000000 ) ) ;
#6262 = VERTEX_POINT ( 'NONE', #1180 ) ;
#6263 = VERTEX_POINT ( 'NONE', #4275 ) ;
#6264 = CARTESIAN_POINT ( 'NONE',  ( 47.50000000000000000, 11.00000000000000178, -9.500000000000001776 ) ) ;
#6265 = VERTEX_POINT ( 'NONE', #1812 ) ;
#6266 = FACE_OUTER_BOUND ( 'NONE', #4748, .T. ) ;
#6267 = EDGE_CURVE ( 'NONE', #6287, #7579, #10100, .T. ) ;
#6268 = CARTESIAN_POINT ( 'NONE',  ( 30.19999999999998153, 0.2999999999999999889, -7.798623679425841893 ) ) ;
#6269 = AXIS2_PLACEMENT_3D ( 'NONE', #4934, #1782, #988 ) ;
#6270 = VECTOR ( 'NONE', #7265, 1000.000000000000000 ) ;
#6271 = DIRECTION ( 'NONE',  ( -0.000000000000000000, 0.000000000000000000, 1.000000000000000000 ) ) ;
#6272 = CARTESIAN_POINT ( 'NONE',  ( 51.95000000000000284, 11.35000000000000142, -2.500000000000000000 ) ) ;
#6273 = EDGE_LOOP ( 'NONE', ( #3573, #6749 ) ) ;
#6274 = AXIS2_PLACEMENT_3D ( 'NONE', #2367, #5565, #8804 ) ;
#6275 = DIRECTION ( 'NONE',  ( -1.000000000000000000, -1.506492794866855939E-14, 0.000000000000000000 ) ) ;
#6276 = LINE ( 'NONE', #3722, #9633 ) ;
#6277 = ADVANCED_FACE ( 'NONE', ( #6919 ), #7514, .F. ) ;
#6278 = LINE ( 'NONE', #8773, #2919 ) ;
#6279 = ORIENTED_EDGE ( 'NONE', *, *, #6321, .F. ) ;
#6280 = VECTOR ( 'NONE', #8569, 1000.000000000000000 ) ;
#6281 = CARTESIAN_POINT ( 'NONE',  ( -45.20000000000000284, 17.60000000000000142, -6.750000000000000888 ) ) ;
#6282 = ORIENTED_EDGE ( 'NONE', *, *, #5978, .F. ) ;
#6283 = CARTESIAN_POINT ( 'NONE',  ( -52.26257746176778340, 8.823418644210281769, -4.158831838305944828 ) ) ;
#6284 = CARTESIAN_POINT ( 'NONE',  ( -31.60047529527845001, 3.276389878762281160, 2.765000000000000124 ) ) ;
#6285 = CARTESIAN_POINT ( 'NONE',  ( -45.19999999999994600, 17.60000000000000142, -13.55000000000000249 ) ) ;
#6286 = ORIENTED_EDGE ( 'NONE', *, *, #1929, .T. ) ;
#6287 = VERTEX_POINT ( 'NONE', #6710 ) ;
#6288 = CARTESIAN_POINT ( 'NONE',  ( 41.25000000000000711, 5.500000000000000000, 8.250000000000001776 ) ) ;
#6289 = ORIENTED_EDGE ( 'NONE', *, *, #691, .T. ) ;
#6290 = CARTESIAN_POINT ( 'NONE',  ( 23.55788180854701608, -0.0009999999999999158867, 2.783866831501377703 ) ) ;
#6291 = EDGE_CURVE ( 'NONE', #2567, #255, #5924, .T. ) ;
#6292 = CARTESIAN_POINT ( 'NONE',  ( 26.60635347795579975, 0.2999999999999999889, 1.023830892551264915 ) ) ;
#6293 = EDGE_CURVE ( 'NONE', #7390, #2803, #427, .T. ) ;
#6294 = FACE_OUTER_BOUND ( 'NONE', #2552, .T. ) ;
#6295 = CARTESIAN_POINT ( 'NONE',  ( -29.84000000000000341, 0.5000000000000004441, 1.010032166305325429E-14 ) ) ;
#6296 = CARTESIAN_POINT ( 'NONE',  ( 47.50000000000000000, 9.000000000000001776, -9.500000000000001776 ) ) ;
#6297 = CARTESIAN_POINT ( 'NONE',  ( 22.80788180854699476, 0.2999999999999999889, -6.184828725824678131 ) ) ;
#6298 = CARTESIAN_POINT ( 'NONE',  ( 30.95000000000000284, 0.2999999999999999889, -2.350000000000003197 ) ) ;
#6299 = VERTEX_POINT ( 'NONE', #1225 ) ;
#6300 = VERTEX_POINT ( 'NONE', #2667 ) ;
#6301 = CARTESIAN_POINT ( 'NONE',  ( 38.94211819145301945, 0.000000000000000000, 1.744636346960001472 ) ) ;
#6302 = ORIENTED_EDGE ( 'NONE', *, *, #10158, .F. ) ;
#6303 = DIRECTION ( 'NONE',  ( 1.000000000000000000, 0.000000000000000000, 0.000000000000000000 ) ) ;
#6304 = ORIENTED_EDGE ( 'NONE', *, *, #4143, .F. ) ;
#6305 = CARTESIAN_POINT ( 'NONE',  ( -31.44101788930268171, 2.721234519427554233, 2.765000000000000124 ) ) ;
#6306 = VERTEX_POINT ( 'NONE', #4322 ) ;
#6307 = ORIENTED_EDGE ( 'NONE', *, *, #7586, .T. ) ;
#6308 = CARTESIAN_POINT ( 'NONE',  ( 2.198813467392395669E-16, 3.000000000000000000, -11.75000000000000355 ) ) ;
#6309 = ORIENTED_EDGE ( 'NONE', *, *, #2241, .F. ) ;
#6310 = CARTESIAN_POINT ( 'NONE',  ( 31.70000000000002061, 0.5000000000000000000, 3.098623679425835942 ) ) ;
#6311 = DIRECTION ( 'NONE',  ( -0.000000000000000000, -1.000000000000000000, 0.000000000000000000 ) ) ;
#6312 = ADVANCED_FACE ( 'NONE', ( #5222 ), #4473, .T. ) ;
#6313 = CARTESIAN_POINT ( 'NONE',  ( -52.11623050028232029, 9.006030039894778128, 4.254815835186602335 ) ) ;
#6314 = FACE_OUTER_BOUND ( 'NONE', #4741, .T. ) ;
#6315 = CARTESIAN_POINT ( 'NONE',  ( -30.14000000000000767, 17.60100000000000264, -3.315000000000000391 ) ) ;
#6316 = ADVANCED_FACE ( 'NONE', ( #4427, #1067 ), #273, .T. ) ;
#6317 = EDGE_CURVE ( 'NONE', #8292, #673, #2002, .T. ) ;
#6318 = DIRECTION ( 'NONE',  ( -0.000000000000000000, 1.000000000000000000, -0.000000000000000000 ) ) ;
#6319 = VERTEX_POINT ( 'NONE', #10002 ) ;
#6320 = CARTESIAN_POINT ( 'NONE',  ( 26.64929317472358505, 0.02221052063481828223, -5.511033455694991368 ) ) ;
#6321 = EDGE_CURVE ( 'NONE', #6521, #271, #5973, .T. ) ;
#6322 = FACE_OUTER_BOUND ( 'NONE', #10453, .T. ) ;
#6323 = CARTESIAN_POINT ( 'NONE',  ( -52.23028309663556001, 9.583160098319360998, -3.680390056226400475 ) ) ;
#6324 = ORIENTED_EDGE ( 'NONE', *, *, #7908, .F. ) ;
#6325 = VECTOR ( 'NONE', #5990, 1000.000000000000000 ) ;
#6326 = LINE ( 'NONE', #5488, #619 ) ;
#6327 = EDGE_CURVE ( 'NONE', #9685, #8362, #1911, .T. ) ;
#6328 = ORIENTED_EDGE ( 'NONE', *, *, #7854, .F. ) ;
#6329 = CARTESIAN_POINT ( 'NONE',  ( -52.34424071095980935, 7.978246084482067069, -4.159336803306636909 ) ) ;
#6330 = LINE ( 'NONE', #9566, #3692 ) ;
#6331 = CARTESIAN_POINT ( 'NONE',  ( -2.000000000000008882, 13.30000000000000071, 14.75000000000000178 ) ) ;
#6332 = ORIENTED_EDGE ( 'NONE', *, *, #8790, .F. ) ;
#6333 = ORIENTED_EDGE ( 'NONE', *, *, #7183, .F. ) ;
#6334 = CARTESIAN_POINT ( 'NONE',  ( -45.19999999999996021, 3.000000000000000000, 11.75000000000000711 ) ) ;
#6335 = VERTEX_POINT ( 'NONE', #9303 ) ;
#6336 = DIRECTION ( 'NONE',  ( -0.000000000000000000, -0.000000000000000000, 1.000000000000000000 ) ) ;
#6337 = ADVANCED_FACE ( 'NONE', ( #2025 ), #5167, .T. ) ;
#6338 = DIRECTION ( 'NONE',  ( 0.000000000000000000, 0.000000000000000000, 1.000000000000000000 ) ) ;
#6339 = EDGE_CURVE ( 'NONE', #6358, #9520, #7942, .T. ) ;
#6340 = CIRCLE ( 'NONE', #7196, 1.000000000000000888 ) ;
#6341 = LINE ( 'NONE', #7091, #2666 ) ;
#6342 = EDGE_CURVE ( 'NONE', #9656, #4993, #6276, .T. ) ;
#6343 = DIRECTION ( 'NONE',  ( 0.000000000000000000, 0.000000000000000000, 1.000000000000000000 ) ) ;
#6344 = CARTESIAN_POINT ( 'NONE',  ( -34.00000000000000711, 6.500000000000000888, 0.000000000000000000 ) ) ;
#6345 = DIRECTION ( 'NONE',  ( 1.000000000000000000, 0.000000000000000000, -2.668805347656624115E-15 ) ) ;
#6346 = CARTESIAN_POINT ( 'NONE',  ( -45.00000000001591616, 5.500000000000000000, 291583.7750000000233 ) ) ;
#6347 = ORIENTED_EDGE ( 'NONE', *, *, #3604, .T. ) ;
#6348 = VERTEX_POINT ( 'NONE', #6224 ) ;
#6349 = PLANE ( 'NONE',  #6092 ) ;
#6350 = ORIENTED_EDGE ( 'NONE', *, *, #3880, .T. ) ;
#6351 = AXIS2_PLACEMENT_3D ( 'NONE', #5660, #4854, #3251 ) ;
#6352 = CYLINDRICAL_SURFACE ( 'NONE', #6274, 0.2000000000000000944 ) ;
#6353 = FACE_OUTER_BOUND ( 'NONE', #659, .T. ) ;
#6354 = DIRECTION ( 'NONE',  ( 0.000000000000000000, 1.000000000000000000, 0.000000000000000000 ) ) ;
#6355 = ORIENTED_EDGE ( 'NONE', *, *, #5644, .T. ) ;
#6356 = VECTOR ( 'NONE', #4657, 999.9999999999998863 ) ;
#6357 = DIRECTION ( 'NONE',  ( 0.6427876096865420275, 0.000000000000000000, 0.7660444431189757930 ) ) ;
#6358 = VERTEX_POINT ( 'NONE', #2225 ) ;
#6359 = ORIENTED_EDGE ( 'NONE', *, *, #8472, .F. ) ;
#6360 = CARTESIAN_POINT ( 'NONE',  ( -35.24172192299145934, 0.2946731267839041712, -2.765000000000000124 ) ) ;
#6361 = ORIENTED_EDGE ( 'NONE', *, *, #9687, .F. ) ;
#6362 = DIRECTION ( 'NONE',  ( 0.000000000000000000, 0.000000000000000000, -1.000000000000000000 ) ) ;
#6363 = CYLINDRICAL_SURFACE ( 'NONE', #898, 0.5999999999999998668 ) ;
#6364 = DIRECTION ( 'NONE',  ( 0.000000000000000000, 1.000000000000000000, 0.000000000000000000 ) ) ;
#6365 = AXIS2_PLACEMENT_3D ( 'NONE', #6296, #2297, #9637 ) ;
#6366 = DIRECTION ( 'NONE',  ( 1.000000000000000000, 0.000000000000000000, -7.485322442186879976E-17 ) ) ;
#6367 = CARTESIAN_POINT ( 'NONE',  ( -47.50000000000000711, 3.000000000000000000, -9.500000000000001776 ) ) ;
#6368 = CARTESIAN_POINT ( 'NONE',  ( 45.25000000000000711, 5.500000000000000000, 8.250000000000003553 ) ) ;
#6369 = CARTESIAN_POINT ( 'NONE',  ( -44.75000000000000711, 6.500000000000000888, 9.500000000000001776 ) ) ;
#6370 = ORIENTED_EDGE ( 'NONE', *, *, #1901, .T. ) ;
#6371 = CARTESIAN_POINT ( 'NONE',  ( 47.49999999999999289, 3.000000000000000000, 9.500000000000001776 ) ) ;
#6372 = EDGE_CURVE ( 'NONE', #882, #8240, #7817, .T. ) ;
#6373 = VECTOR ( 'NONE', #2775, 1000.000000000000000 ) ;
#6374 = CYLINDRICAL_SURFACE ( 'NONE', #6085, 2.750000000000002665 ) ;
#6375 = CYLINDRICAL_SURFACE ( 'NONE', #9072, 0.2999999999999999334 ) ;
#6376 = ORIENTED_EDGE ( 'NONE', *, *, #3405, .T. ) ;
#6377 = ADVANCED_FACE ( 'NONE', ( #6174 ), #9457, .T. ) ;
#6378 = ADVANCED_FACE ( 'NONE', ( #8671 ), #4732, .T. ) ;
#6379 = CIRCLE ( 'NONE', #8090, 0.2888330770816419091 ) ;
#6380 = FACE_OUTER_BOUND ( 'NONE', #7590, .T. ) ;
#6381 = ORIENTED_EDGE ( 'NONE', *, *, #1984, .F. ) ;
#6382 = FACE_OUTER_BOUND ( 'NONE', #1882, .T. ) ;
#6383 = ADVANCED_FACE ( 'NONE', ( #5534 ), #3765, .T. ) ;
#6384 = CARTESIAN_POINT ( 'NONE',  ( 23.48234969852235565, 0.1248391197358923593, 2.766862494131276051 ) ) ;
#6385 = CARTESIAN_POINT ( 'NONE',  ( -30.14000000000000412, 0.5000000000000004441, 3.315000000000000391 ) ) ;
#6386 = ORIENTED_EDGE ( 'NONE', *, *, #9140, .T. ) ;
#6387 = ORIENTED_EDGE ( 'NONE', *, *, #6928, .F. ) ;
#6388 = LINE ( 'NONE', #8785, #2936 ) ;
#6389 = ORIENTED_EDGE ( 'NONE', *, *, #7173, .F. ) ;
#6390 = CARTESIAN_POINT ( 'NONE',  ( 47.50000000000000000, 3.000000000000000000, -9.500000000000001776 ) ) ;
#6391 = FACE_OUTER_BOUND ( 'NONE', #5465, .T. ) ;
#6392 = AXIS2_PLACEMENT_3D ( 'NONE', #8811, #8702, #9594 ) ;
#6393 = CARTESIAN_POINT ( 'NONE',  ( -51.95000000000000995, 10.30000000000000071, -2.449999999999999289 ) ) ;
#6394 = CARTESIAN_POINT ( 'NONE',  ( 41.25000000000000000, 5.400000000000000355, 4.549999999999997158 ) ) ;
#6395 = CARTESIAN_POINT ( 'NONE',  ( -52.27563198490999241, 9.491884724233198511, 3.630658523920710312 ) ) ;
#6396 = DIRECTION ( 'NONE',  ( 0.000000000000000000, 0.000000000000000000, 1.000000000000000000 ) ) ;
#6397 = CARTESIAN_POINT ( 'NONE',  ( -52.25000000000001421, 6.800000000000000711, 2.449999999999999289 ) ) ;
#6398 = DIRECTION ( 'NONE',  ( -0.000000000000000000, 1.000000000000000000, -0.000000000000000000 ) ) ;
#6399 = ORIENTED_EDGE ( 'NONE', *, *, #10229, .F. ) ;
#6400 = EDGE_LOOP ( 'NONE', ( #493, #6036, #2153, #10196 ) ) ;
#6401 = FACE_BOUND ( 'NONE', #7763, .T. ) ;
#6402 = ORIENTED_EDGE ( 'NONE', *, *, #9274, .T. ) ;
#6403 = EDGE_CURVE ( 'NONE', #10510, #5738, #7015, .T. ) ;
#6404 = AXIS2_PLACEMENT_3D ( 'NONE', #6913, #6128, #1112 ) ;
#6405 = EDGE_CURVE ( 'NONE', #3608, #6306, #9403, .T. ) ;
#6406 = CARTESIAN_POINT ( 'NONE',  ( 39.08172798364529399, -1.697056274847719815, 6.781727983645294167 ) ) ;
#6407 = EDGE_CURVE ( 'NONE', #1736, #2205, #9356, .T. ) ;
#6408 = DIRECTION ( 'NONE',  ( -0.000000000000000000, -0.000000000000000000, 1.000000000000000000 ) ) ;
#6409 = VECTOR ( 'NONE', #7187, 1000.000000000000000 ) ;
#6410 = CIRCLE ( 'NONE', #4710, 1.600000000000000755 ) ;
#6411 = DIRECTION ( 'NONE',  ( 1.000000000000000000, -0.000000000000000000, 0.000000000000000000 ) ) ;
#6412 = ORIENTED_EDGE ( 'NONE', *, *, #616, .T. ) ;
#6413 = LINE ( 'NONE', #9542, #8443 ) ;
#6414 = EDGE_LOOP ( 'NONE', ( #3646, #5312, #9922, #9888 ) ) ;
#6415 = ORIENTED_EDGE ( 'NONE', *, *, #7854, .T. ) ;
#6416 = VECTOR ( 'NONE', #318, 1000.000000000000000 ) ;
#6417 = DIRECTION ( 'NONE',  ( 0.000000000000000000, 0.000000000000000000, 1.000000000000000000 ) ) ;
#6418 = VERTEX_POINT ( 'NONE', #2129 ) ;
#6419 = ORIENTED_EDGE ( 'NONE', *, *, #10296, .T. ) ;
#6420 = LINE ( 'NONE', #5634, #312 ) ;
#6421 = VECTOR ( 'NONE', #5852, 1000.000000000000000 ) ;
#6422 = VECTOR ( 'NONE', #5662, 1000.000000000000000 ) ;
#6423 = CARTESIAN_POINT ( 'NONE',  ( -50.25000000000000711, 8.000000000000000000, 6.750000000000000888 ) ) ;
#6424 = EDGE_CURVE ( 'NONE', #5540, #5425, #8614, .T. ) ;
#6425 = VECTOR ( 'NONE', #2596, 1000.000000000000000 ) ;
#6426 = DIRECTION ( 'NONE',  ( -0.000000000000000000, -0.000000000000000000, -1.000000000000000000 ) ) ;
#6427 = ADVANCED_FACE ( 'NONE', ( #3819 ), #6131, .T. ) ;
#6428 = DIRECTION ( 'NONE',  ( 0.000000000000000000, 0.000000000000000000, 1.000000000000000000 ) ) ;
#6429 = FACE_OUTER_BOUND ( 'NONE', #10471, .T. ) ;
#6430 = DIRECTION ( 'NONE',  ( -0.000000000000000000, -1.000000000000000000, -0.000000000000000000 ) ) ;
#6431 = VERTEX_POINT ( 'NONE', #685 ) ;
#6432 = DIRECTION ( 'NONE',  ( -0.000000000000000000, -0.000000000000000000, 1.000000000000000000 ) ) ;
#6433 = DIRECTION ( 'NONE',  ( -0.000000000000000000, -1.000000000000000000, -0.000000000000000000 ) ) ;
#6434 = FACE_OUTER_BOUND ( 'NONE', #3398, .T. ) ;
#6435 = ORIENTED_EDGE ( 'NONE', *, *, #3273, .F. ) ;
#6436 = AXIS2_PLACEMENT_3D ( 'NONE', #9525, #652, #5500 ) ;
#6437 = CARTESIAN_POINT ( 'NONE',  ( 2.009170479469691184, 13.30000000000000071, -14.75000000000000178 ) ) ;
#6438 = ORIENTED_EDGE ( 'NONE', *, *, #5623, .T. ) ;
#6439 = CARTESIAN_POINT ( 'NONE',  ( -52.23807474045420918, 7.062801956676783455, -3.484891521729121866 ) ) ;
#6440 = DIRECTION ( 'NONE',  ( 0.000000000000000000, 0.000000000000000000, 1.000000000000000000 ) ) ;
#6441 = CARTESIAN_POINT ( 'NONE',  ( -52.40568058483292901, 9.484780085661595805, 3.641416195902957398 ) ) ;
#6442 = ORIENTED_EDGE ( 'NONE', *, *, #3753, .T. ) ;
#6443 = VERTEX_POINT ( 'NONE', #8716 ) ;
#6444 = CARTESIAN_POINT ( 'NONE',  ( -50.20000000000000284, 3.000000000000000000, 2.580240547971449896E-14 ) ) ;
#6445 = ORIENTED_EDGE ( 'NONE', *, *, #527, .T. ) ;
#6446 = CARTESIAN_POINT ( 'NONE',  ( -39.76146882909598901, 0.000000000000000000, 8.549999999999998934 ) ) ;
#6447 = AXIS2_PLACEMENT_3D ( 'NONE', #4778, #8981, #8024 ) ;
#6448 = EDGE_CURVE ( 'NONE', #1601, #3825, #4674, .T. ) ;
#6449 = DIRECTION ( 'NONE',  ( 1.000000000000000000, 0.000000000000000000, 0.000000000000000000 ) ) ;
#6450 = DIRECTION ( 'NONE',  ( 0.000000000000000000, -1.000000000000000000, 0.000000000000000000 ) ) ;
#6451 = CARTESIAN_POINT ( 'NONE',  ( -30.30484636607248561, -1.468623938954177977, -20.34067203111825251 ) ) ;
#6452 = EDGE_CURVE ( 'NONE', #4108, #467, #7921, .T. ) ;
#6453 = CARTESIAN_POINT ( 'NONE',  ( -30.13203748537936733, 5.996123729295902649, 2.765105688015067287 ) ) ;
#6454 = CARTESIAN_POINT ( 'NONE',  ( 30.95000000000000284, -0.0009999999999999158867, -2.350000000000003197 ) ) ;
#6455 = CARTESIAN_POINT ( 'NONE',  ( -31.27472780755320869, 0.2000000000000000111, -8.849999999999997868 ) ) ;
#6456 = ORIENTED_EDGE ( 'NONE', *, *, #2352, .T. ) ;
#6457 = ORIENTED_EDGE ( 'NONE', *, *, #8021, .T. ) ;
#6458 = CARTESIAN_POINT ( 'NONE',  ( 50.25000000000000000, 13.00000000000000178, 4.000000000000000000 ) ) ;
#6459 = EDGE_LOOP ( 'NONE', ( #5480, #10499, #8013, #6442 ) ) ;
#6460 = EDGE_CURVE ( 'NONE', #9619, #6007, #3931, .T. ) ;
#6461 = FACE_OUTER_BOUND ( 'NONE', #4428, .T. ) ;
#6462 = FACE_OUTER_BOUND ( 'NONE', #404, .T. ) ;
#6463 = ADVANCED_FACE ( 'NONE', ( #6322 ), #10364, .F. ) ;
#6464 = CYLINDRICAL_SURFACE ( 'NONE', #2128, 0.2000000000000005107 ) ;
#6465 = ORIENTED_EDGE ( 'NONE', *, *, #8560, .F. ) ;
#6466 = CARTESIAN_POINT ( 'NONE',  ( -30.14000000000000412, 0.5000000000000004441, 3.315000000000000391 ) ) ;
#6467 = ORIENTED_EDGE ( 'NONE', *, *, #6198, .T. ) ;
#6468 = ORIENTED_EDGE ( 'NONE', *, *, #5264, .F. ) ;
#6469 = DIRECTION ( 'NONE',  ( -0.000000000000000000, -0.000000000000000000, 1.000000000000000000 ) ) ;
#6470 = ORIENTED_EDGE ( 'NONE', *, *, #2041, .T. ) ;
#6471 = ORIENTED_EDGE ( 'NONE', *, *, #5966, .F. ) ;
#6472 = DIRECTION ( 'NONE',  ( 0.000000000000000000, 1.000000000000000000, -0.000000000000000000 ) ) ;
#6473 = EDGE_CURVE ( 'NONE', #2756, #8697, #8563, .T. ) ;
#6474 = LINE ( 'NONE', #5635, #10161 ) ;
#6475 = EDGE_CURVE ( 'NONE', #9380, #4387, #634, .T. ) ;
#6476 = DIRECTION ( 'NONE',  ( 1.000000000000000000, -0.000000000000000000, 0.000000000000000000 ) ) ;
#6477 = LINE ( 'NONE', #845, #7268 ) ;
#6478 = CARTESIAN_POINT ( 'NONE',  ( 50.25000000000000000, 8.000000000000000000, 0.000000000000000000 ) ) ;
#6479 = CARTESIAN_POINT ( 'NONE',  ( -47.50000000000000711, 3.000000000000000000, 9.500000000000001776 ) ) ;
#6480 = EDGE_LOOP ( 'NONE', ( #5806, #7481, #1672, #5898 ) ) ;
#6481 = PLANE ( 'NONE',  #1961 ) ;
#6482 = EDGE_CURVE ( 'NONE', #9469, #7928, #8253, .T. ) ;
#6483 = DIRECTION ( 'NONE',  ( 1.692413147294445970E-16, 0.000000000000000000, 1.000000000000000000 ) ) ;
#6484 = CARTESIAN_POINT ( 'NONE',  ( -34.31252571724582623, 0.2000000000000111411, -3.615000000000000213 ) ) ;
#6485 = ORIENTED_EDGE ( 'NONE', *, *, #5539, .F. ) ;
#6486 = DIRECTION ( 'NONE',  ( 0.8660254037844385966, 0.000000000000000000, -0.5000000000000003331 ) ) ;
#6487 = ORIENTED_EDGE ( 'NONE', *, *, #461, .T. ) ;
#6488 = DIRECTION ( 'NONE',  ( -1.000000000000000000, 0.000000000000000000, -0.000000000000000000 ) ) ;
#6489 = LINE ( 'NONE', #8936, #1828 ) ;
#6490 = DIRECTION ( 'NONE',  ( -1.000000000000000000, 0.000000000000000000, 0.000000000000000000 ) ) ;
#6491 = EDGE_LOOP ( 'NONE', ( #8933, #912, #6438, #8812 ) ) ;
#6492 = ORIENTED_EDGE ( 'NONE', *, *, #3625, .F. ) ;
#6493 = CARTESIAN_POINT ( 'NONE',  ( 45.25000000000000711, 5.500000000000000000, -4.651923788646721292 ) ) ;
#6494 = VERTEX_POINT ( 'NONE', #9842 ) ;
#6495 = CIRCLE ( 'NONE', #2417, 2.000000000000003109 ) ;
#6496 = CARTESIAN_POINT ( 'NONE',  ( -20.00000000000001066, 17.60000000000000142, 13.55000000000000604 ) ) ;
#6497 = DIRECTION ( 'NONE',  ( -1.000000000000000000, -1.775381057445024239E-14, 0.000000000000000000 ) ) ;
#6498 = DIRECTION ( 'NONE',  ( -5.337610695313248229E-15, 0.000000000000000000, 1.000000000000000000 ) ) ;
#6499 = DIRECTION ( 'NONE',  ( 0.000000000000000000, -0.000000000000000000, -1.000000000000000000 ) ) ;
#6500 = CYLINDRICAL_SURFACE ( 'NONE', #6602, 4.341174913715429184 ) ;
#6501 = AXIS2_PLACEMENT_3D ( 'NONE', #8335, #6674, #1831 ) ;
#6502 = DIRECTION ( 'NONE',  ( 0.000000000000000000, 0.000000000000000000, -1.000000000000000000 ) ) ;
#6503 = DIRECTION ( 'NONE',  ( 1.000000000000000000, -0.000000000000000000, -0.000000000000000000 ) ) ;
#6504 = CARTESIAN_POINT ( 'NONE',  ( -52.20422514057981545, 7.948527322046842869, -4.210235238010393566 ) ) ;
#6505 = VERTEX_POINT ( 'NONE', #3985 ) ;
#6506 = ORIENTED_EDGE ( 'NONE', *, *, #1457, .T. ) ;
#6507 = EDGE_CURVE ( 'NONE', #5045, #2792, #7231, .T. ) ;
#6508 = DIRECTION ( 'NONE',  ( 1.000000000000000000, 0.000000000000000000, 0.000000000000000000 ) ) ;
#6509 = VERTEX_POINT ( 'NONE', #4043 ) ;
#6510 = AXIS2_PLACEMENT_3D ( 'NONE', #3683, #2780, #6726 ) ;
#6511 = EDGE_CURVE ( 'NONE', #2989, #2942, #9043, .T. ) ;
#6512 = CARTESIAN_POINT ( 'NONE',  ( 31.70000000000002771, -0.0009999999999999158867, 6.618695557326044643 ) ) ;
#6513 = ADVANCED_FACE ( 'NONE', ( #9612 ), #2555, .F. ) ;
#6514 = DIRECTION ( 'NONE',  ( 0.000000000000000000, -0.05921052631581481818, 0.9982455176826010579 ) ) ;
#6515 = ORIENTED_EDGE ( 'NONE', *, *, #1267, .T. ) ;
#6516 = CARTESIAN_POINT ( 'NONE',  ( -52.36523654977524700, 9.203877212248006146, -3.968630669091287366 ) ) ;
#6517 = VERTEX_POINT ( 'NONE', #7289 ) ;
#6518 = AXIS2_PLACEMENT_3D ( 'NONE', #4419, #7665, #8507 ) ;
#6519 = ORIENTED_EDGE ( 'NONE', *, *, #7695, .T. ) ;
#6520 = CARTESIAN_POINT ( 'NONE',  ( -52.45000000000000284, 9.690922404883833607, -3.116562148732958892 ) ) ;
#6521 = VERTEX_POINT ( 'NONE', #1536 ) ;
#6522 = VECTOR ( 'NONE', #7021, 1000.000000000000000 ) ;
#6523 = ORIENTED_EDGE ( 'NONE', *, *, #6473, .T. ) ;
#6524 = DIRECTION ( 'NONE',  ( 0.000000000000000000, 0.000000000000000000, -1.000000000000000000 ) ) ;
#6525 = CARTESIAN_POINT ( 'NONE',  ( -51.96383377495565270, 9.334379237985116262, 4.122169272842766574 ) ) ;
#6526 = CYLINDRICAL_SURFACE ( 'NONE', #3408, 0.7999999999999990452 ) ;
#6527 = AXIS2_PLACEMENT_3D ( 'NONE', #9290, #2009, #5271 ) ;
#6528 = LINE ( 'NONE', #9771, #5920 ) ;
#6529 = CARTESIAN_POINT ( 'NONE',  ( 50.99857113690718791, 11.00000000000000178, -12.25000000000000178 ) ) ;
#6530 = ORIENTED_EDGE ( 'NONE', *, *, #2527, .T. ) ;
#6531 = VERTEX_POINT ( 'NONE', #2388 ) ;
#6532 = DIRECTION ( 'NONE',  ( -1.000000000000000000, -0.000000000000000000, 4.476705744456300993E-16 ) ) ;
#6533 = LINE ( 'NONE', #5817, #472 ) ;
#6534 = EDGE_CURVE ( 'NONE', #8424, #5874, #3392, .T. ) ;
#6535 = DIRECTION ( 'NONE',  ( 0.000000000000000000, 0.000000000000000000, -1.000000000000000000 ) ) ;
#6536 = ORIENTED_EDGE ( 'NONE', *, *, #5185, .F. ) ;
#6537 = EDGE_CURVE ( 'NONE', #9336, #6166, #851, .T. ) ;
#6538 = EDGE_CURVE ( 'NONE', #10389, #3608, #6533, .T. ) ;
#6539 = FACE_BOUND ( 'NONE', #8799, .T. ) ;
#6540 = ADVANCED_FACE ( 'NONE', ( #955 ), #4784, .T. ) ;
#6541 = AXIS2_PLACEMENT_3D ( 'NONE', #187, #1609, #6667 ) ;
#6542 = ORIENTED_EDGE ( 'NONE', *, *, #2090, .T. ) ;
#6543 = CARTESIAN_POINT ( 'NONE',  ( 0.000000000000000000, 15.10000000000000142, 13.25000000000000178 ) ) ;
#6544 = CARTESIAN_POINT ( 'NONE',  ( -52.22340835089975997, 9.594609242404766647, -3.692296232791192789 ) ) ;
#6545 = CARTESIAN_POINT ( 'NONE',  ( 0.000000000000000000, 0.2000000000000000111, -3.415000000000000036 ) ) ;
#6546 = EDGE_LOOP ( 'NONE', ( #6201, #10141, #9215, #6041, #5004, #3667, #3343, #7743, #4456, #5803, #9185, #4339, #3073, #1009 ) ) ;
#6547 = ORIENTED_EDGE ( 'NONE', *, *, #7173, .T. ) ;
#6548 = DIRECTION ( 'NONE',  ( -0.000000000000000000, -1.000000000000000000, -0.000000000000000000 ) ) ;
#6549 = ORIENTED_EDGE ( 'NONE', *, *, #10109, .F. ) ;
#6550 = LINE ( 'NONE', #9796, #5172 ) ;
#6551 = CIRCLE ( 'NONE', #7061, 9.000000000000012434 ) ;
#6552 = CARTESIAN_POINT ( 'NONE',  ( -35.26554871542300162, 0.2000000000000000111, 2.765000000000000124 ) ) ;
#6553 = CARTESIAN_POINT ( 'NONE',  ( -45.00000000001591616, 5.500000000000000000, -8.354356076267777098 ) ) ;
#6554 = CYLINDRICAL_SURFACE ( 'NONE', #8148, 1.300000000000000711 ) ;
#6555 = CARTESIAN_POINT ( 'NONE',  ( -52.20423352066370626, 8.844162235952223838, 4.212383012905341673 ) ) ;
#6556 = EDGE_CURVE ( 'NONE', #6418, #8127, #790, .T. ) ;
#6557 = DIRECTION ( 'NONE',  ( 1.000000000000000000, -0.000000000000000000, 0.000000000000000000 ) ) ;
#6558 = AXIS2_PLACEMENT_3D ( 'NONE', #7479, #6560, #5838 ) ;
#6559 = DIRECTION ( 'NONE',  ( 0.000000000000000000, -1.000000000000000000, 0.000000000000000000 ) ) ;
#6560 = DIRECTION ( 'NONE',  ( 1.000000000000000000, 0.000000000000000000, 0.000000000000000000 ) ) ;
#6561 = ORIENTED_EDGE ( 'NONE', *, *, #9755, .F. ) ;
#6562 = ORIENTED_EDGE ( 'NONE', *, *, #2247, .T. ) ;
#6563 = CARTESIAN_POINT ( 'NONE',  ( 22.81827201635470459, 0.5000000000000000000, -10.08172798364529754 ) ) ;
#6564 = ORIENTED_EDGE ( 'NONE', *, *, #2741, .T. ) ;
#6565 = DIRECTION ( 'NONE',  ( -0.000000000000000000, -0.000000000000000000, 1.000000000000000000 ) ) ;
#6566 = CIRCLE ( 'NONE', #7761, 0.2000000000000003164 ) ;
#6567 = CARTESIAN_POINT ( 'NONE',  ( -52.44535045267406304, 7.131214483597773324, 3.230005980589773618 ) ) ;
#6568 = AXIS2_PLACEMENT_3D ( 'NONE', #4107, #911, #5825 ) ;
#6569 = CARTESIAN_POINT ( 'NONE',  ( 39.12664033279327924, 0.09378038618371903334, -6.295855630624933141 ) ) ;
#6570 = DIRECTION ( 'NONE',  ( 1.000000000000000000, 0.000000000000000000, 0.000000000000000000 ) ) ;
#6571 = ORIENTED_EDGE ( 'NONE', *, *, #5110, .T. ) ;
#6572 = AXIS2_PLACEMENT_3D ( 'NONE', #9908, #819, #4863 ) ;
#6573 = FACE_OUTER_BOUND ( 'NONE', #7851, .T. ) ;
#6574 = CIRCLE ( 'NONE', #4378, 0.1999999999999998723 ) ;
#6575 = ORIENTED_EDGE ( 'NONE', *, *, #863, .F. ) ;
#6576 = ORIENTED_EDGE ( 'NONE', *, *, #10472, .T. ) ;
#6577 = AXIS2_PLACEMENT_3D ( 'NONE', #1248, #9275, #5996 ) ;
#6578 = CARTESIAN_POINT ( 'NONE',  ( 51.95000000000000284, 11.00000000000000178, -4.000000000000000000 ) ) ;
#6579 = VERTEX_POINT ( 'NONE', #8987 ) ;
#6580 = VERTEX_POINT ( 'NONE', #7452 ) ;
#6581 = DIRECTION ( 'NONE',  ( 0.000000000000000000, 0.000000000000000000, 1.000000000000000000 ) ) ;
#6582 = CIRCLE ( 'NONE', #8123, 2.000000000000003109 ) ;
#6583 = CARTESIAN_POINT ( 'NONE',  ( -52.11892880171233600, 7.449781784289609021, 4.114102427807431184 ) ) ;
#6584 = VECTOR ( 'NONE', #7688, 1000.000000000000000 ) ;
#6585 = CARTESIAN_POINT ( 'NONE',  ( 31.70000000000001350, 0.5000000000000000000, -6.248819466864732974E-14 ) ) ;
#6586 = EDGE_CURVE ( 'NONE', #5987, #5545, #5699, .T. ) ;
#6587 = FACE_OUTER_BOUND ( 'NONE', #297, .T. ) ;
#6588 = VECTOR ( 'NONE', #2176, 1000.000000000000000 ) ;
#6589 = CARTESIAN_POINT ( 'NONE',  ( -30.03104100737205684, 5.998805293769204461, -9.244991361753825743 ) ) ;
#6590 = ORIENTED_EDGE ( 'NONE', *, *, #7267, .T. ) ;
#6591 = ORIENTED_EDGE ( 'NONE', *, *, #4187, .T. ) ;
#6592 = LINE ( 'NONE', #3286, #4009 ) ;
#6593 = EDGE_CURVE ( 'NONE', #2885, #2700, #8458, .T. ) ;
#6594 = CIRCLE ( 'NONE', #3542, 2.750000000000002665 ) ;
#6595 = CIRCLE ( 'NONE', #9631, 11.00296197722692959 ) ;
#6596 = CARTESIAN_POINT ( 'NONE',  ( -47.50000000000000711, 8.000000000000000000, -8.650000000000002132 ) ) ;
#6597 = CARTESIAN_POINT ( 'NONE',  ( -52.43183304299726899, 7.189219421286907163, -3.450629295177544353 ) ) ;
#6598 = ORIENTED_EDGE ( 'NONE', *, *, #3926, .T. ) ;
#6599 = VECTOR ( 'NONE', #6524, 1000.000000000000000 ) ;
#6600 = ADVANCED_FACE ( 'NONE', ( #8197 ), #6374, .T. ) ;
#6601 = VECTOR ( 'NONE', #3382, 1000.000000000000000 ) ;
#6602 = AXIS2_PLACEMENT_3D ( 'NONE', #6451, #2296, #9636 ) ;
#6603 = CYLINDRICAL_SURFACE ( 'NONE', #5231, 2.750000000000008438 ) ;
#6604 = EDGE_LOOP ( 'NONE', ( #4687, #4612, #1146, #3596, #38 ) ) ;
#6605 = VECTOR ( 'NONE', #7358, 1000.000000000000000 ) ;
#6606 = DIRECTION ( 'NONE',  ( 1.692413147294445970E-16, 0.000000000000000000, 1.000000000000000000 ) ) ;
#6607 = EDGE_CURVE ( 'NONE', #87, #928, #8147, .T. ) ;
#6608 = VECTOR ( 'NONE', #5315, 1000.000000000000000 ) ;
#6609 = CARTESIAN_POINT ( 'NONE',  ( 3.099999999999990763, 13.30000000000000071, -13.35000000000019149 ) ) ;
#6610 = CYLINDRICAL_SURFACE ( 'NONE', #3341, 2.999999999999999112 ) ;
#6611 = ORIENTED_EDGE ( 'NONE', *, *, #892, .F. ) ;
#6612 = PLANE ( 'NONE',  #1409 ) ;
#6613 = VERTEX_POINT ( 'NONE', #7393 ) ;
#6614 = CARTESIAN_POINT ( 'NONE',  ( 38.34211819145301092, 0.2999999999999999889, 2.783866831501332406 ) ) ;
#6615 = CIRCLE ( 'NONE', #6269, 1.300000000000001155 ) ;
#6616 = CARTESIAN_POINT ( 'NONE',  ( 20.65000000000000213, 5.400000000000002132, -12.25000000000000178 ) ) ;
#6617 = LINE ( 'NONE', #5025, #8806 ) ;
#6618 = DIRECTION ( 'NONE',  ( -1.000000000000000000, 0.000000000000000000, 0.000000000000000000 ) ) ;
#6619 = CARTESIAN_POINT ( 'NONE',  ( -29.84000000000000341, 6.296018041280833089, 3.064999999999999947 ) ) ;
#6620 = DIRECTION ( 'NONE',  ( -0.000000000000000000, 1.000000000000000000, -0.000000000000000000 ) ) ;
#6621 = CARTESIAN_POINT ( 'NONE',  ( -52.21634909492502885, 9.522991074029041769, -3.782849669574331664 ) ) ;
#6622 = VERTEX_POINT ( 'NONE', #6596 ) ;
#6623 = ORIENTED_EDGE ( 'NONE', *, *, #8673, .F. ) ;
#6624 = CIRCLE ( 'NONE', #9846, 0.3000000000000001554 ) ;
#6625 = CARTESIAN_POINT ( 'NONE',  ( -51.95000000000000995, 9.716960195022345204, -3.819531250000052669 ) ) ;
#6626 = EDGE_CURVE ( 'NONE', #7390, #416, #2851, .T. ) ;
#6627 = ORIENTED_EDGE ( 'NONE', *, *, #8311, .T. ) ;
#6628 = DIRECTION ( 'NONE',  ( -1.000000000000000000, -0.000000000000000000, -9.251858538542967489E-15 ) ) ;
#6629 = EDGE_CURVE ( 'NONE', #8567, #4133, #5576, .T. ) ;
#6630 = LINE ( 'NONE', #5845, #2192 ) ;
#6631 = AXIS2_PLACEMENT_3D ( 'NONE', #98, #10522, #9715 ) ;
#6632 = CARTESIAN_POINT ( 'NONE',  ( -51.99271843925620118, 8.880620398697836038, 4.292166158528912590 ) ) ;
#6633 = CARTESIAN_POINT ( 'NONE',  ( -52.22340835089975997, 7.205390757595131923, 3.692296232791099975 ) ) ;
#6634 = ORIENTED_EDGE ( 'NONE', *, *, #9579, .T. ) ;
#6635 = CARTESIAN_POINT ( 'NONE',  ( 43.25000000000000711, 7.000000000000000000, 1.984313483298447922 ) ) ;
#6636 = VERTEX_POINT ( 'NONE', #9196 ) ;
#6637 = VERTEX_POINT ( 'NONE', #10041 ) ;
#6638 = LINE ( 'NONE', #8184, #9638 ) ;
#6639 = ORIENTED_EDGE ( 'NONE', *, *, #9868, .F. ) ;
#6640 = ORIENTED_EDGE ( 'NONE', *, *, #8359, .T. ) ;
#6641 = FACE_OUTER_BOUND ( 'NONE', #5451, .T. ) ;
#6642 = CARTESIAN_POINT ( 'NONE',  ( -51.96382476168705722, 7.465572289973177789, 4.121853269765105132 ) ) ;
#6643 = FACE_OUTER_BOUND ( 'NONE', #5869, .T. ) ;
#6644 = CARTESIAN_POINT ( 'NONE',  ( 0.5999999999999912070, 13.30000000000000071, -13.55000000000000071 ) ) ;
#6645 = ORIENTED_EDGE ( 'NONE', *, *, #323, .F. ) ;
#6646 = EDGE_LOOP ( 'NONE', ( #3991, #1000, #9887, #10266 ) ) ;
#6647 = CARTESIAN_POINT ( 'NONE',  ( -47.50000000000000711, 3.000000000000000000, -9.500000000000001776 ) ) ;
#6648 = CARTESIAN_POINT ( 'NONE',  ( 30.95000000000000284, -0.0009999999999999158867, -2.350000000000003197 ) ) ;
#6649 = DIRECTION ( 'NONE',  ( -0.000000000000000000, 1.000000000000000000, -0.000000000000000000 ) ) ;
#6650 = EDGE_CURVE ( 'NONE', #6967, #3227, #9994, .T. ) ;
#6651 = B_SPLINE_CURVE_WITH_KNOTS ( 'NONE', 3,
 ( #7758, #2117, #3712, #1414, #6963, #3866, #5323, #7858 ),
 .UNSPECIFIED., .F., .F.,
 ( 4, 2, 2, 4 ),
 ( -3.466145320677185281E-06, 0.0002882777914485933806, 0.0004341497598332356577, 0.0005800217282178779347 ),
 .UNSPECIFIED. ) ;
#6652 = EDGE_CURVE ( 'NONE', #2708, #7480, #5866, .T. ) ;
#6653 = CYLINDRICAL_SURFACE ( 'NONE', #9288, 2.750000000000000888 ) ;
#6654 = EDGE_CURVE ( 'NONE', #5622, #9307, #8400, .T. ) ;
#6655 = ORIENTED_EDGE ( 'NONE', *, *, #2243, .T. ) ;
#6656 = CARTESIAN_POINT ( 'NONE',  ( -39.63977263648107652, 17.60100000000000264, -3.615000000000000213 ) ) ;
#6657 = DIRECTION ( 'NONE',  ( 0.000000000000000000, -1.000000000000000000, 0.000000000000000000 ) ) ;
#6658 = CARTESIAN_POINT ( 'NONE',  ( -45.19999999999999574, 3.000000000000000000, 6.750000000000006217 ) ) ;
#6659 = ORIENTED_EDGE ( 'NONE', *, *, #4062, .T. ) ;
#6660 = LINE ( 'NONE', #7468, #3281 ) ;
#6661 = ORIENTED_EDGE ( 'NONE', *, *, #1437, .T. ) ;
#6662 = CARTESIAN_POINT ( 'NONE',  ( -30.13468570924808887, 5.996053416120790125, -2.765035374839955651 ) ) ;
#6663 = DIRECTION ( 'NONE',  ( 1.000000000000000000, 0.000000000000000000, 0.000000000000000000 ) ) ;
#6664 = CARTESIAN_POINT ( 'NONE',  ( -52.22340835089975997, 9.594609242404864347, 3.692296232791095978 ) ) ;
#6665 = DIRECTION ( 'NONE',  ( -1.000000000000000000, -1.758281308145593320E-15, 0.000000000000000000 ) ) ;
#6666 = CARTESIAN_POINT ( 'NONE',  ( 30.95000000000000284, 0.5000000000000000000, -11.35000000000001563 ) ) ;
#6667 = DIRECTION ( 'NONE',  ( 0.000000000000000000, 0.000000000000000000, -1.000000000000000000 ) ) ;
#6668 = CARTESIAN_POINT ( 'NONE',  ( -400000.2249999999767, 5.500000000000000000, 12.24999999993769961 ) ) ;
#6669 = CARTESIAN_POINT ( 'NONE',  ( 25.85635347795579975, 0.2999999999999999889, -0.2752072131253918696 ) ) ;
#6670 = ORIENTED_EDGE ( 'NONE', *, *, #3888, .T. ) ;
#6671 = ORIENTED_EDGE ( 'NONE', *, *, #7547, .T. ) ;
#6672 = CARTESIAN_POINT ( 'NONE',  ( -34.52834772718359346, 0.000000000000000000, -9.049999999999998934 ) ) ;
#6673 = ORIENTED_EDGE ( 'NONE', *, *, #5164, .F. ) ;
#6674 = DIRECTION ( 'NONE',  ( 1.000000000000000000, 0.000000000000000000, 0.000000000000000000 ) ) ;
#6675 = EDGE_CURVE ( 'NONE', #7328, #5987, #2757, .T. ) ;
#6676 = ADVANCED_FACE ( 'NONE', ( #266 ), #6013, .T. ) ;
#6677 = ADVANCED_FACE ( 'NONE', ( #4268 ), #9241, .T. ) ;
#6678 = CARTESIAN_POINT ( 'NONE',  ( -52.45000000000000995, 7.102280827012613429, 3.001973684210525573 ) ) ;
#6679 = AXIS2_PLACEMENT_3D ( 'NONE', #9473, #7998, #2191 ) ;
#6680 = CARTESIAN_POINT ( 'NONE',  ( -31.51661123066064363, 3.000000000000000000, 8.349999999999997868 ) ) ;
#6681 = EDGE_CURVE ( 'NONE', #87, #1398, #5926, .T. ) ;
#6682 = DIRECTION ( 'NONE',  ( -0.8660254037844394848, 0.000000000000000000, -0.4999999999999987232 ) ) ;
#6683 = ORIENTED_EDGE ( 'NONE', *, *, #6994, .T. ) ;
#6684 = CYLINDRICAL_SURFACE ( 'NONE', #4201, 0.3000000000000016542 ) ;
#6685 = VERTEX_POINT ( 'NONE', #4417 ) ;
#6686 = ORIENTED_EDGE ( 'NONE', *, *, #3471, .F. ) ;
#6687 = DIRECTION ( 'NONE',  ( 0.000000000000000000, 0.000000000000000000, 1.000000000000000000 ) ) ;
#6688 = ORIENTED_EDGE ( 'NONE', *, *, #6010, .F. ) ;
#6689 = ORIENTED_EDGE ( 'NONE', *, *, #3559, .F. ) ;
#6690 = DIRECTION ( 'NONE',  ( 1.000000000000000000, -0.000000000000000000, -0.000000000000000000 ) ) ;
#6691 = AXIS2_PLACEMENT_3D ( 'NONE', #6334, #9571, #8732 ) ;
#6692 = CYLINDRICAL_SURFACE ( 'NONE', #3882, 0.8500000000000000888 ) ;
#6693 = DIRECTION ( 'NONE',  ( 0.000000000000000000, 1.826024711554533223E-15, -1.000000000000000000 ) ) ;
#6694 = CIRCLE ( 'NONE', #3108, 2.750000000000000888 ) ;
#6695 = DIRECTION ( 'NONE',  ( 1.000000000000000000, 0.000000000000000000, 0.000000000000000000 ) ) ;
#6696 = AXIS2_PLACEMENT_3D ( 'NONE', #9573, #2292, #7937 ) ;
#6697 = ORIENTED_EDGE ( 'NONE', *, *, #40, .T. ) ;
#6698 = ORIENTED_EDGE ( 'NONE', *, *, #1435, .T. ) ;
#6699 = EDGE_CURVE ( 'NONE', #1800, #1332, #2024, .T. ) ;
#6700 = CARTESIAN_POINT ( 'NONE',  ( -20.00000000000001066, 15.19999999999999929, -14.75000000000000178 ) ) ;
#6701 = CARTESIAN_POINT ( 'NONE',  ( -20.00000000000001066, 15.10000000000000142, 12.25000000000000178 ) ) ;
#6702 = FACE_BOUND ( 'NONE', #9614, .T. ) ;
#6703 = AXIS2_PLACEMENT_3D ( 'NONE', #4149, #7389, #100 ) ;
#6704 = PLANE ( 'NONE',  #8960 ) ;
#6705 = EDGE_CURVE ( 'NONE', #3778, #9486, #2712, .T. ) ;
#6706 = VERTEX_POINT ( 'NONE', #3411 ) ;
#6707 = CARTESIAN_POINT ( 'NONE',  ( -20.00000000000001066, 15.10000000000000142, -13.25000000000000178 ) ) ;
#6708 = CARTESIAN_POINT ( 'NONE',  ( -50.20000000000000995, 0.000000000000000000, 2.580240547971450527E-14 ) ) ;
#6709 = VECTOR ( 'NONE', #7750, 1000.000000000000000 ) ;
#6710 = CARTESIAN_POINT ( 'NONE',  ( 38.34211819145298961, 0.2999999999999999889, -7.483866831501378769 ) ) ;
#6711 = ORIENTED_EDGE ( 'NONE', *, *, #3354, .F. ) ;
#6712 = LINE ( 'NONE', #1069, #8050 ) ;
#6713 = ORIENTED_EDGE ( 'NONE', *, *, #5690, .T. ) ;
#6714 = EDGE_CURVE ( 'NONE', #8194, #8341, #1805, .T. ) ;
#6715 = DIRECTION ( 'NONE',  ( 0.000000000000000000, 1.000000000000000000, -0.000000000000000000 ) ) ;
#6716 = AXIS2_PLACEMENT_3D ( 'NONE', #6733, #3691, #5353 ) ;
#6717 = CARTESIAN_POINT ( 'NONE',  ( -34.31252571724582623, 0.2000000000000003164, 3.615000000000000213 ) ) ;
#6718 = EDGE_CURVE ( 'NONE', #5799, #2567, #1012, .T. ) ;
#6719 = CARTESIAN_POINT ( 'NONE',  ( -52.45000000000001705, 9.697719172987385505, 3.001973684210523796 ) ) ;
#6720 = FACE_OUTER_BOUND ( 'NONE', #762, .T. ) ;
#6721 = CARTESIAN_POINT ( 'NONE',  ( 41.25000000000000000, 1.000000000000000000, -7.250000000000000000 ) ) ;
#6722 = CARTESIAN_POINT ( 'NONE',  ( -31.27472780755320869, 0.000000000000000000, 8.549999999999998934 ) ) ;
#6723 = DIRECTION ( 'NONE',  ( 0.000000000000000000, 0.000000000000000000, -1.000000000000000000 ) ) ;
#6724 = ORIENTED_EDGE ( 'NONE', *, *, #9787, .T. ) ;
#6725 = ORIENTED_EDGE ( 'NONE', *, *, #1435, .F. ) ;
#6726 = DIRECTION ( 'NONE',  ( 0.000000000000000000, 0.000000000000000000, 1.000000000000000000 ) ) ;
#6727 = AXIS2_PLACEMENT_3D ( 'NONE', #1963, #3615, #4426 ) ;
#6728 = ORIENTED_EDGE ( 'NONE', *, *, #1052, .T. ) ;
#6729 = FACE_OUTER_BOUND ( 'NONE', #3793, .T. ) ;
#6730 = DIRECTION ( 'NONE',  ( -0.8660254037844380415, 0.000000000000000000, 0.5000000000000009992 ) ) ;
#6731 = CARTESIAN_POINT ( 'NONE',  ( -35.26554871542300162, 0.08284271247461910681, 8.349999999999997868 ) ) ;
#6732 = CIRCLE ( 'NONE', #2470, 6.166261152084816288 ) ;
#6733 = CARTESIAN_POINT ( 'NONE',  ( -39.76146882909598901, 0.1999999999999996503, -20.34067203111825251 ) ) ;
#6734 = ORIENTED_EDGE ( 'NONE', *, *, #4867, .T. ) ;
#6735 = LINE ( 'NONE', #3693, #9289 ) ;
#6736 = EDGE_LOOP ( 'NONE', ( #1840, #4945, #6896, #2735 ) ) ;
#6737 = ORIENTED_EDGE ( 'NONE', *, *, #9057, .T. ) ;
#6738 = EDGE_CURVE ( 'NONE', #8375, #715, #6064, .T. ) ;
#6739 = LINE ( 'NONE', #9082, #7948 ) ;
#6740 = ORIENTED_EDGE ( 'NONE', *, *, #9964, .T. ) ;
#6741 = ORIENTED_EDGE ( 'NONE', *, *, #9964, .F. ) ;
#6742 = DIRECTION ( 'NONE',  ( -0.000000000000000000, 1.000000000000000000, -0.000000000000000000 ) ) ;
#6743 = AXIS2_PLACEMENT_3D ( 'NONE', #2233, #4744, #8837 ) ;
#6744 = EDGE_CURVE ( 'NONE', #1219, #7459, #3727, .T. ) ;
#6745 = DIRECTION ( 'NONE',  ( -1.000000000000000000, -0.000000000000000000, -0.000000000000000000 ) ) ;
#6746 = CARTESIAN_POINT ( 'NONE',  ( 41.25000000000000711, 5.500000000000000000, 12.25000000000000178 ) ) ;
#6747 = CIRCLE ( 'NONE', #9450, 1.900000000000000577 ) ;
#6748 = DIRECTION ( 'NONE',  ( -0.000000000000000000, 1.000000000000000000, -0.000000000000000000 ) ) ;
#6749 = ORIENTED_EDGE ( 'NONE', *, *, #547, .F. ) ;
#6750 = EDGE_LOOP ( 'NONE', ( #8352, #1356, #914, #6671 ) ) ;
#6751 = ORIENTED_EDGE ( 'NONE', *, *, #830, .T. ) ;
#6752 = DIRECTION ( 'NONE',  ( -1.000000000000000000, -0.000000000000000000, -0.000000000000000000 ) ) ;
#6753 = DIRECTION ( 'NONE',  ( 0.000000000000000000, 0.000000000000000000, -1.000000000000000000 ) ) ;
#6754 = AXIS2_PLACEMENT_3D ( 'NONE', #9479, #3046, #10225 ) ;
#6755 = EDGE_CURVE ( 'NONE', #6335, #8813, #8354, .T. ) ;
#6756 = CIRCLE ( 'NONE', #9813, 0.5999999999999998668 ) ;
#6757 = EDGE_CURVE ( 'NONE', #8674, #3048, #165, .T. ) ;
#6758 = CARTESIAN_POINT ( 'NONE',  ( 47.49999999999999289, 16.60000000000000142, 9.500000000000000000 ) ) ;
#6759 =( BOUNDED_CURVE ( )  B_SPLINE_CURVE ( 3, ( #4495, #9276, #10226, #8306 ),
 .UNSPECIFIED., .F., .F. ) 
 B_SPLINE_CURVE_WITH_KNOTS ( ( 4, 4 ),
 ( 4.712388980384687898, 6.256640474514465033 ),
 .UNSPECIFIED. ) 
 CURVE ( )  GEOMETRIC_REPRESENTATION_ITEM ( )  RATIONAL_B_SPLINE_CURVE ( ( 1.000000000000000000, 0.8109528274921281588, 0.8109528274921281588, 1.000000000000000000 ) ) 
 REPRESENTATION_ITEM ( '' )  );
#6760 = VECTOR ( 'NONE', #9946, 1000.000000000000000 ) ;
#6761 = VERTEX_POINT ( 'NONE', #9890 ) ;
#6762 = DIRECTION ( 'NONE',  ( 0.000000000000000000, 0.000000000000000000, -1.000000000000000000 ) ) ;
#6763 = DIRECTION ( 'NONE',  ( 0.000000000000000000, 0.000000000000000000, 1.000000000000000000 ) ) ;
#6764 = ORIENTED_EDGE ( 'NONE', *, *, #1958, .F. ) ;
#6765 = LINE ( 'NONE', #2815, #7377 ) ;
#6766 = VERTEX_POINT ( 'NONE', #6701 ) ;
#6767 = VECTOR ( 'NONE', #7101, 1000.000000000000000 ) ;
#6768 = AXIS2_PLACEMENT_3D ( 'NONE', #5720, #4004, #7251 ) ;
#6769 = DIRECTION ( 'NONE',  ( -3.652049423109083111E-16, 0.000000000000000000, -1.000000000000000000 ) ) ;
#6770 = AXIS2_PLACEMENT_3D ( 'NONE', #6798, #4994, #2748 ) ;
#6771 = CARTESIAN_POINT ( 'NONE',  ( 38.57940735125393417, 0.02145563245112604503, 2.729700915573388897 ) ) ;
#6772 = LINE ( 'NONE', #336, #3469 ) ;
#6773 = CARTESIAN_POINT ( 'NONE',  ( -52.20568082859675485, 7.541535657144664562, 4.027471805004492644 ) ) ;
#6774 = CARTESIAN_POINT ( 'NONE',  ( -52.26626415635273304, 7.587819974970902770, -3.963311410493727927 ) ) ;
#6775 = CARTESIAN_POINT ( 'NONE',  ( 50.24999999999999289, 11.34999999999999964, 3.299999999999999378 ) ) ;
#6776 = CARTESIAN_POINT ( 'NONE',  ( -34.33293214504335822, 0.1503201388544083417, 2.769584417859758396 ) ) ;
#6777 = ORIENTED_EDGE ( 'NONE', *, *, #2850, .F. ) ;
#6778 = VERTEX_POINT ( 'NONE', #5060 ) ;
#6779 = DIRECTION ( 'NONE',  ( 0.000000000000000000, 0.000000000000000000, 1.000000000000000000 ) ) ;
#6780 = ORIENTED_EDGE ( 'NONE', *, *, #9986, .T. ) ;
#6781 = CARTESIAN_POINT ( 'NONE',  ( 50.84065861769799710, 9.000000000000001776, -13.55000000000001670 ) ) ;
#6782 = CIRCLE ( 'NONE', #4916, 5.499999999999985789 ) ;
#6783 = EDGE_CURVE ( 'NONE', #2591, #10131, #1844, .T. ) ;
#6784 = VECTOR ( 'NONE', #362, 1000.000000000000000 ) ;
#6785 = CARTESIAN_POINT ( 'NONE',  ( -34.34233853611036835, 0.1265113557324328841, 8.363990808926773823 ) ) ;
#6786 = DIRECTION ( 'NONE',  ( 1.000000000000000000, 0.000000000000000000, 0.000000000000000000 ) ) ;
#6787 = ADVANCED_FACE ( 'NONE', ( #6167 ), #3658, .T. ) ;
#6788 = EDGE_CURVE ( 'NONE', #6431, #4045, #419, .T. ) ;
#6789 = DIRECTION ( 'NONE',  ( 1.000000000000000000, 0.000000000000000000, 0.000000000000000000 ) ) ;
#6790 = CYLINDRICAL_SURFACE ( 'NONE', #10099, 4.341174913715429184 ) ;
#6791 = ORIENTED_EDGE ( 'NONE', *, *, #6021, .F. ) ;
#6792 = CARTESIAN_POINT ( 'NONE',  ( -53.20100000000002183, 11.35000000000000142, -1.700000000000000178 ) ) ;
#6793 = ORIENTED_EDGE ( 'NONE', *, *, #5520, .T. ) ;
#6794 = ORIENTED_EDGE ( 'NONE', *, *, #4790, .T. ) ;
#6795 = LINE ( 'NONE', #6995, #5077 ) ;
#6796 = EDGE_CURVE ( 'NONE', #2955, #5355, #8662, .T. ) ;
#6797 = VERTEX_POINT ( 'NONE', #6310 ) ;
#6798 = CARTESIAN_POINT ( 'NONE',  ( 0.000000000000000000, 8.000000000000000000, 0.000000000000000000 ) ) ;
#6799 = CIRCLE ( 'NONE', #4079, 3.000000000000000000 ) ;
#6800 = CARTESIAN_POINT ( 'NONE',  ( -20.00000000000001066, 15.10000000000000142, 2.352167425053299574E-15 ) ) ;
#6801 = EDGE_CURVE ( 'NONE', #2793, #465, #8803, .T. ) ;
#6802 = CARTESIAN_POINT ( 'NONE',  ( -31.47472780755320443, 0.2000000000000000111, 8.349999999999997868 ) ) ;
#6803 = CARTESIAN_POINT ( 'NONE',  ( -31.60047529527845001, 3.276389878762281160, -20.34067203111825251 ) ) ;
#6804 = ORIENTED_EDGE ( 'NONE', *, *, #5108, .T. ) ;
#6805 = ORIENTED_EDGE ( 'NONE', *, *, #1465, .T. ) ;
#6806 = VERTEX_POINT ( 'NONE', #2215 ) ;
#6807 = DIRECTION ( 'NONE',  ( -0.8660254037844384856, 0.000000000000000000, 0.5000000000000002220 ) ) ;
#6808 = LINE ( 'NONE', #9149, #3967 ) ;
#6809 = EDGE_CURVE ( 'NONE', #1626, #10263, #6651, .T. ) ;
#6810 = EDGE_CURVE ( 'NONE', #5580, #3697, #9151, .T. ) ;
#6811 = EDGE_CURVE ( 'NONE', #4336, #5629, #4560, .T. ) ;
#6812 = CARTESIAN_POINT ( 'NONE',  ( -31.47472780755320443, 0.08284271247461874599, -8.849999999999997868 ) ) ;
#6813 = EDGE_CURVE ( 'NONE', #8628, #2284, #6899, .T. ) ;
#6814 = ADVANCED_FACE ( 'NONE', ( #4566 ), #10354, .F. ) ;
#6815 = ORIENTED_EDGE ( 'NONE', *, *, #7046, .T. ) ;
#6816 = PLANE ( 'NONE',  #9108 ) ;
#6817 = DIRECTION ( 'NONE',  ( -0.000000000000000000, 1.000000000000000000, -0.000000000000000000 ) ) ;
#6818 = VERTEX_POINT ( 'NONE', #3760 ) ;
#6819 = CARTESIAN_POINT ( 'NONE',  ( -8.107033542344556309, 13.30000000000000071, -14.04179399400123351 ) ) ;
#6820 = VERTEX_POINT ( 'NONE', #4665 ) ;
#6821 = DIRECTION ( 'NONE',  ( 0.000000000000000000, 0.000000000000000000, 1.000000000000000000 ) ) ;
#6822 = CARTESIAN_POINT ( 'NONE',  ( -52.00633014137976318, 8.400000000003295497, -4.350000000000000533 ) ) ;
#6823 = CARTESIAN_POINT ( 'NONE',  ( -25.50000000000001066, 11.00000000000000178, 12.25000000000000178 ) ) ;
#6824 = PLANE ( 'NONE',  #2340 ) ;
#6825 = CARTESIAN_POINT ( 'NONE',  ( -52.20423352066374889, 7.955837764047884342, -4.212383012905292823 ) ) ;
#6826 = DIRECTION ( 'NONE',  ( 1.000000000000000000, 0.000000000000000000, 0.000000000000000000 ) ) ;
#6827 = DIRECTION ( 'NONE',  ( -0.000000000000000000, 1.000000000000000000, -0.000000000000000000 ) ) ;
#6828 = ORIENTED_EDGE ( 'NONE', *, *, #6945, .F. ) ;
#6829 = ORIENTED_EDGE ( 'NONE', *, *, #7440, .F. ) ;
#6830 = CARTESIAN_POINT ( 'NONE',  ( 45.25000000000000711, 7.000000000000000000, -0.9682458365518327170 ) ) ;
#6831 = ORIENTED_EDGE ( 'NONE', *, *, #959, .F. ) ;
#6832 = CARTESIAN_POINT ( 'NONE',  ( -45.19999999999999574, 8.000000000000000000, 6.750000000000006217 ) ) ;
#6833 = DIRECTION ( 'NONE',  ( 0.000000000000000000, 0.000000000000000000, -1.000000000000000000 ) ) ;
#6834 = CARTESIAN_POINT ( 'NONE',  ( -31.51661123066064363, 3.000000000000000000, 3.615000000000000213 ) ) ;
#6835 = DIRECTION ( 'NONE',  ( -0.000000000000000000, -0.000000000000000000, 1.000000000000000000 ) ) ;
#6836 = CYLINDRICAL_SURFACE ( 'NONE', #6716, 0.1999999999999987899 ) ;
#6837 = EDGE_CURVE ( 'NONE', #5068, #836, #2861, .T. ) ;
#6838 = VERTEX_POINT ( 'NONE', #6124 ) ;
#6839 = DIRECTION ( 'NONE',  ( 1.176083712526648949E-16, 0.000000000000000000, 1.000000000000000000 ) ) ;
#6840 = EDGE_LOOP ( 'NONE', ( #5963, #4964, #6468, #5411 ) ) ;
#6841 = VERTEX_POINT ( 'NONE', #5430 ) ;
#6842 = CARTESIAN_POINT ( 'NONE',  ( -31.11939691791956974, 0.5000000000000004441, -3.615000000000000213 ) ) ;
#6843 = ORIENTED_EDGE ( 'NONE', *, *, #8961, .F. ) ;
#6844 = EDGE_CURVE ( 'NONE', #3493, #1262, #4615, .T. ) ;
#6845 = EDGE_CURVE ( 'NONE', #10263, #8755, #2166, .T. ) ;
#6846 = AXIS2_PLACEMENT_3D ( 'NONE', #2982, #7194, #3999 ) ;
#6847 = EDGE_CURVE ( 'NONE', #6319, #9348, #827, .T. ) ;
#6848 = CARTESIAN_POINT ( 'NONE',  ( -30.13203748537932825, 5.996123729295902649, 3.614894311984931718 ) ) ;
#6849 = CARTESIAN_POINT ( 'NONE',  ( -25.50000000000004263, 13.30000000000000071, 6.805453636524403956E-14 ) ) ;
#6850 = CARTESIAN_POINT ( 'NONE',  ( -30.13734193765158764, 5.995981931847600421, 2.764999999998600799 ) ) ;
#6851 = DIRECTION ( 'NONE',  ( 1.000000000000000000, 0.000000000000000000, 0.000000000000000000 ) ) ;
#6852 = VERTEX_POINT ( 'NONE', #3010 ) ;
#6853 = AXIS2_PLACEMENT_3D ( 'NONE', #9322, #2087, #239 ) ;
#6854 = EDGE_LOOP ( 'NONE', ( #6370, #6860, #153, #9670, #9085, #2050, #5076, #6547, #10280, #3782, #8096, #610, #6187, #8321 ) ) ;
#6855 = ORIENTED_EDGE ( 'NONE', *, *, #6405, .F. ) ;
#6856 = CARTESIAN_POINT ( 'NONE',  ( -2.000000000000011990, 15.10000000000000142, -14.75000000000000355 ) ) ;
#6857 = CARTESIAN_POINT ( 'NONE',  ( 36.04364652204419883, -0.0009999999999999158867, -4.424792786874605532 ) ) ;
#6858 = AXIS2_PLACEMENT_3D ( 'NONE', #9096, #1859, #6753 ) ;
#6859 = DIRECTION ( 'NONE',  ( 0.000000000000000000, 0.000000000000000000, -1.000000000000000000 ) ) ;
#6860 = ORIENTED_EDGE ( 'NONE', *, *, #6997, .F. ) ;
#6861 = CARTESIAN_POINT ( 'NONE',  ( -39.58434658500975445, 0.1071145293931484166, -20.34067203111825251 ) ) ;
#6862 = ADVANCED_FACE ( 'NONE', ( #6266 ), #9501, .F. ) ;
#6863 = CARTESIAN_POINT ( 'NONE',  ( -47.50000000000000711, 8.000000000000000000, -9.500000000000001776 ) ) ;
#6864 = ORIENTED_EDGE ( 'NONE', *, *, #4118, .T. ) ;
#6865 = EDGE_CURVE ( 'NONE', #6494, #9265, #8759, .T. ) ;
#6866 = PLANE ( 'NONE',  #244 ) ;
#6867 = VECTOR ( 'NONE', #5530, 1000.000000000000000 ) ;
#6868 = ORIENTED_EDGE ( 'NONE', *, *, #5110, .F. ) ;
#6869 = ADVANCED_FACE ( 'NONE', ( #4883 ), #4724, .T. ) ;
#6870 = LINE ( 'NONE', #10104, #502 ) ;
#6871 = CYLINDRICAL_SURFACE ( 'NONE', #629, 0.2000000000000005107 ) ;
#6872 = CARTESIAN_POINT ( 'NONE',  ( 43.25000000000000711, 8.000000000000000000, -12.25000000000000178 ) ) ;
#6873 = VECTOR ( 'NONE', #46, 1000.000000000000000 ) ;
#6874 =( NAMED_UNIT ( * ) PLANE_ANGLE_UNIT ( ) SI_UNIT ( $, .RADIAN. ) );
#6875 = CARTESIAN_POINT ( 'NONE',  ( 36.04364652204422725, 0.2531612188914912909, -0.2752072131254370002 ) ) ;
#6876 = DIRECTION ( 'NONE',  ( -1.000000000000000000, 0.000000000000000000, 0.000000000000000000 ) ) ;
#6877 = FACE_OUTER_BOUND ( 'NONE', #10019, .T. ) ;
#6878 = ORIENTED_EDGE ( 'NONE', *, *, #6650, .T. ) ;
#6879 = ORIENTED_EDGE ( 'NONE', *, *, #2807, .T. ) ;
#6880 = DIRECTION ( 'NONE',  ( -0.000000000000000000, 1.000000000000000000, -0.000000000000000000 ) ) ;
#6881 = ORIENTED_EDGE ( 'NONE', *, *, #1529, .T. ) ;
#6882 = B_SPLINE_CURVE_WITH_KNOTS ( 'NONE', 3,
 ( #7780, #5341, #8574, #10261, #2975, #1285, #6233, #4532 ),
 .UNSPECIFIED., .F., .F.,
 ( 4, 2, 2, 4 ),
 ( -3.466145320677813356E-06, 0.0002882777914486065536, 0.0004341497598332410245, 0.0005800217282178754411 ),
 .UNSPECIFIED. ) ;
#6883 = PLANE ( 'NONE',  #7534 ) ;
#6884 = AXIS2_PLACEMENT_3D ( 'NONE', #1681, #3322, #832 ) ;
#6885 = ADVANCED_FACE ( 'NONE', ( #7334 ), #4030, .F. ) ;
#6886 = DIRECTION ( 'NONE',  ( -0.000000000000000000, -0.000000000000000000, 1.000000000000000000 ) ) ;
#6887 = EDGE_CURVE ( 'NONE', #644, #90, #151, .T. ) ;
#6888 = LINE ( 'NONE', #3741, #9800 ) ;
#6889 = DIRECTION ( 'NONE',  ( 8.673617379884085959E-15, 0.000000000000000000, -1.000000000000000000 ) ) ;
#6890 = FACE_OUTER_BOUND ( 'NONE', #8615, .T. ) ;
#6891 = ORIENTED_EDGE ( 'NONE', *, *, #1860, .T. ) ;
#6892 = VECTOR ( 'NONE', #4236, 1000.000000000000000 ) ;
#6893 = DIRECTION ( 'NONE',  ( -1.000000000000000000, 0.000000000000000000, 0.000000000000000000 ) ) ;
#6894 = CARTESIAN_POINT ( 'NONE',  ( -52.20422514057981545, 8.851472677953204027, 4.210235238010413994 ) ) ;
#6895 = ORIENTED_EDGE ( 'NONE', *, *, #8217, .F. ) ;
#6896 = ORIENTED_EDGE ( 'NONE', *, *, #6021, .T. ) ;
#6897 = DIRECTION ( 'NONE',  ( 0.000000000000000000, 0.000000000000000000, 1.000000000000000000 ) ) ;
#6898 = ORIENTED_EDGE ( 'NONE', *, *, #3660, .T. ) ;
#6899 = B_SPLINE_CURVE_WITH_KNOTS ( 'NONE', 3,
 ( #2910, #10197, #1469, #6214, #615, #1317 ),
 .UNSPECIFIED., .F., .F.,
 ( 4, 2, 4 ),
 ( 4.336808689942017736E-19, 0.0003393837279784946105, 0.0006787674559569887873 ),
 .UNSPECIFIED. ) ;
#6900 = AXIS2_PLACEMENT_3D ( 'NONE', #3178, #1638, #7177 ) ;
#6901 = DIRECTION ( 'NONE',  ( 0.000000000000000000, 1.000000000000000000, -0.000000000000000000 ) ) ;
#6902 = CARTESIAN_POINT ( 'NONE',  ( -50.25000000000000711, 16.60000000000000142, 9.499999999999980460 ) ) ;
#6903 = LINE ( 'NONE', #10084, #8608 ) ;
#6904 = ORIENTED_EDGE ( 'NONE', *, *, #4005, .T. ) ;
#6905 = ORIENTED_EDGE ( 'NONE', *, *, #2180, .F. ) ;
#6906 = CARTESIAN_POINT ( 'NONE',  ( 23.13039777241904460, 0.000000000000000000, -7.384264693320294448 ) ) ;
#6907 = VECTOR ( 'NONE', #2083, 1000.000000000000000 ) ;
#6908 = EDGE_LOOP ( 'NONE', ( #1166, #6027, #147, #2779, #737 ) ) ;
#6909 = CARTESIAN_POINT ( 'NONE',  ( 30.95000000000000284, 0.5000000000000000000, -2.350000000000003197 ) ) ;
#6910 = DIRECTION ( 'NONE',  ( 0.000000000000000000, 0.000000000000000000, 1.000000000000000000 ) ) ;
#6911 = EDGE_CURVE ( 'NONE', #1558, #4898, #2545, .T. ) ;
#6912 = CIRCLE ( 'NONE', #966, 5.199999999999985967 ) ;
#6913 = CARTESIAN_POINT ( 'NONE',  ( 8.380079849446691043, -0.0009999999999999158867, -14.51472407072583692 ) ) ;
#6914 = EDGE_CURVE ( 'NONE', #7882, #3696, #9646, .T. ) ;
#6915 = ORIENTED_EDGE ( 'NONE', *, *, #9180, .T. ) ;
#6916 = CARTESIAN_POINT ( 'NONE',  ( -31.47472780755320443, 0.08284271247461907905, 8.349999999999997868 ) ) ;
#6917 = VECTOR ( 'NONE', #4755, 1000.000000000000000 ) ;
#6918 = AXIS2_PLACEMENT_3D ( 'NONE', #8609, #9298, #6859 ) ;
#6919 = FACE_OUTER_BOUND ( 'NONE', #2021, .T. ) ;
#6920 = ORIENTED_EDGE ( 'NONE', *, *, #3801, .F. ) ;
#6921 = FACE_BOUND ( 'NONE', #2978, .T. ) ;
#6922 = EDGE_CURVE ( 'NONE', #5715, #1940, #6420, .T. ) ;
#6923 = EDGE_LOOP ( 'NONE', ( #7605, #708, #10425, #5607, #2173, #6536, #10456, #8839, #9597, #7215, #10184, #9226 ) ) ;
#6924 = CIRCLE ( 'NONE', #10312, 9.300000000000013145 ) ;
#6925 = CARTESIAN_POINT ( 'NONE',  ( -39.55228633380069425, 0.1679172698444631462, -3.615000000000000213 ) ) ;
#6926 = VECTOR ( 'NONE', #2892, 1000.000000000000000 ) ;
#6927 = CARTESIAN_POINT ( 'NONE',  ( 0.5999999999999912070, 13.30000000000000071, 13.35000000000018971 ) ) ;
#6928 = EDGE_CURVE ( 'NONE', #1652, #897, #39, .T. ) ;
#6929 = CARTESIAN_POINT ( 'NONE',  ( 20.65000000000000213, 0.5000000000000004441, 0.000000000000000000 ) ) ;
#6930 = VECTOR ( 'NONE', #6807, 1000.000000000000000 ) ;
#6931 = CARTESIAN_POINT ( 'NONE',  ( -21.63608679191100137, 13.30000000000000071, 18.15483244721227152 ) ) ;
#6932 = CARTESIAN_POINT ( 'NONE',  ( 0.000000000000000000, 17.60000000000000142, 13.55000000000000604 ) ) ;
#6933 = VERTEX_POINT ( 'NONE', #722 ) ;
#6934 = ORIENTED_EDGE ( 'NONE', *, *, #3678, .T. ) ;
#6935 = CARTESIAN_POINT ( 'NONE',  ( -45.20000000000000284, 15.10000000000000142, -6.750000000000000888 ) ) ;
#6936 = AXIS2_PLACEMENT_3D ( 'NONE', #9869, #8279, #3316 ) ;
#6937 = ORIENTED_EDGE ( 'NONE', *, *, #9958, .F. ) ;
#6938 = CIRCLE ( 'NONE', #4557, 6.800000000000007816 ) ;
#6939 = LINE ( 'NONE', #2933, #3277 ) ;
#6940 = AXIS2_PLACEMENT_3D ( 'NONE', #6001, #1001, #4302 ) ;
#6941 = FACE_OUTER_BOUND ( 'NONE', #3416, .T. ) ;
#6942 = CARTESIAN_POINT ( 'NONE',  ( 0.000000000000000000, 0.000000000000000000, 3.415000000000000036 ) ) ;
#6943 = DIRECTION ( 'NONE',  ( 1.000000000000000000, -0.000000000000000000, 8.673617379884085959E-15 ) ) ;
#6944 = DIRECTION ( 'NONE',  ( 0.000000000000000000, 0.000000000000000000, -1.000000000000000000 ) ) ;
#6945 = EDGE_CURVE ( 'NONE', #7579, #1652, #2008, .T. ) ;
#6946 = CYLINDRICAL_SURFACE ( 'NONE', #4705, 0.8500000000000000888 ) ;
#6947 = CARTESIAN_POINT ( 'NONE',  ( -52.20475899798740471, 8.170326419120092609, 4.274804758350671641 ) ) ;
#6948 = ORIENTED_EDGE ( 'NONE', *, *, #5946, .F. ) ;
#6949 = ORIENTED_EDGE ( 'NONE', *, *, #4931, .F. ) ;
#6950 = CARTESIAN_POINT ( 'NONE',  ( -52.45000000000001705, 9.700000000000001066, 2.925000000000023359 ) ) ;
#6951 = CIRCLE ( 'NONE', #651, 6.166261152084816288 ) ;
#6952 = ORIENTED_EDGE ( 'NONE', *, *, #164, .T. ) ;
#6953 = EDGE_CURVE ( 'NONE', #5284, #1346, #3371, .T. ) ;
#6954 = DIRECTION ( 'NONE',  ( -0.000000000000000000, 0.000000000000000000, 1.000000000000000000 ) ) ;
#6955 = AXIS2_PLACEMENT_3D ( 'NONE', #10120, #2836, #2890 ) ;
#6956 = CYLINDRICAL_SURFACE ( 'NONE', #3386, 0.1999999999999987899 ) ;
#6957 = FACE_OUTER_BOUND ( 'NONE', #75, .T. ) ;
#6958 = CARTESIAN_POINT ( 'NONE',  ( 30.24903847450270788, 0.1300423822510689831, -7.755729192126849192 ) ) ;
#6959 = ORIENTED_EDGE ( 'NONE', *, *, #6911, .T. ) ;
#6960 = ORIENTED_EDGE ( 'NONE', *, *, #10088, .T. ) ;
#6961 = CARTESIAN_POINT ( 'NONE',  ( -52.00000000000001421, 16.60000000000000142, -6.749999999999950262 ) ) ;
#6962 = VERTEX_POINT ( 'NONE', #7279 ) ;
#6963 = CARTESIAN_POINT ( 'NONE',  ( 31.64750775685067197, 0.1248391197358922761, 6.675606114723800388 ) ) ;
#6964 = AXIS2_PLACEMENT_3D ( 'NONE', #1278, #3621, #5288 ) ;
#6965 = CARTESIAN_POINT ( 'NONE',  ( 0.000000000000000000, 5.400000000000000355, 0.000000000000000000 ) ) ;
#6966 = CARTESIAN_POINT ( 'NONE',  ( 2.009170479469691184, 13.30000000000000071, 14.75000000000000178 ) ) ;
#6967 = VERTEX_POINT ( 'NONE', #4947 ) ;
#6968 = CARTESIAN_POINT ( 'NONE',  ( -35.26554871542300162, 0.1999999999999987899, -2.765000000000000124 ) ) ;
#6969 = ADVANCED_FACE ( 'NONE', ( #8976 ), #1690, .T. ) ;
#6970 = DIRECTION ( 'NONE',  ( 0.000000000000000000, 1.000000000000000000, -0.000000000000000000 ) ) ;
#6971 = ORIENTED_EDGE ( 'NONE', *, *, #6507, .F. ) ;
#6972 = DIRECTION ( 'NONE',  ( -0.000000000000000000, -0.000000000000000000, 1.000000000000000000 ) ) ;
#6973 = ORIENTED_EDGE ( 'NONE', *, *, #5292, .T. ) ;
#6974 = EDGE_CURVE ( 'NONE', #8083, #1682, #9712, .T. ) ;
#6975 = EDGE_CURVE ( 'NONE', #8154, #6263, #3972, .T. ) ;
#6976 = CARTESIAN_POINT ( 'NONE',  ( -52.25000000000002132, 6.924690623612607787, 3.137817860687452054 ) ) ;
#6977 = CARTESIAN_POINT ( 'NONE',  ( 45.25000000000000711, 5.500000000000000000, -12.25000000000000000 ) ) ;
#6978 = CARTESIAN_POINT ( 'NONE',  ( -52.26145520592809390, 8.507590946319707470, -4.225057692675156851 ) ) ;
#6979 = LINE ( 'NONE', #1341, #1139 ) ;
#6980 = CARTESIAN_POINT ( 'NONE',  ( 0.000000000000000000, 11.00000000000000178, 0.000000000000000000 ) ) ;
#6981 = ORIENTED_EDGE ( 'NONE', *, *, #2901, .T. ) ;
#6982 = ORIENTED_EDGE ( 'NONE', *, *, #906, .T. ) ;
#6983 = CARTESIAN_POINT ( 'NONE',  ( 35.29364652204422725, -0.0009999999999999158867, 1.023830892551222060 ) ) ;
#6984 = ORIENTED_EDGE ( 'NONE', *, *, #9868, .T. ) ;
#6985 = CARTESIAN_POINT ( 'NONE',  ( 51.95000000000000284, 11.00000000000000178, 0.000000000000000000 ) ) ;
#6986 = FACE_OUTER_BOUND ( 'NONE', #5762, .T. ) ;
#6987 = CARTESIAN_POINT ( 'NONE',  ( -52.22340835089975997, 9.594609242404862570, 3.692296232791095534 ) ) ;
#6988 = LINE ( 'NONE', #9477, #4042 ) ;
#6989 = LINE ( 'NONE', #10224, #1272 ) ;
#6990 = DIRECTION ( 'NONE',  ( -0.000000000000000000, -0.000000000000000000, 1.000000000000000000 ) ) ;
#6991 = CARTESIAN_POINT ( 'NONE',  ( -52.20526305257706667, 7.633145352280545026, 4.070482360731032756 ) ) ;
#6992 = EDGE_LOOP ( 'NONE', ( #1880, #3198, #4210, #2012 ) ) ;
#6993 = EDGE_LOOP ( 'NONE', ( #6225, #1950, #9300, #6399, #7832, #700 ) ) ;
#6994 = EDGE_CURVE ( 'NONE', #3696, #3006, #1488, .T. ) ;
#6995 = CARTESIAN_POINT ( 'NONE',  ( -31.60047529527845001, 3.276389878762281160, -20.34067203111825251 ) ) ;
#6996 = EDGE_LOOP ( 'NONE', ( #4287, #1651, #721, #4715, #3082, #8130, #5217, #4401, #9910, #4992 ) ) ;
#6997 = EDGE_CURVE ( 'NONE', #3413, #2502, #2855, .T. ) ;
#6998 = EDGE_CURVE ( 'NONE', #7203, #1413, #4899, .T. ) ;
#6999 = CYLINDRICAL_SURFACE ( 'NONE', #8980, 0.3706384263718887073 ) ;
#7000 = ADVANCED_FACE ( 'NONE', ( #4720 ), #677, .T. ) ;
#7001 = FACE_OUTER_BOUND ( 'NONE', #793, .T. ) ;
#7002 = CARTESIAN_POINT ( 'NONE',  ( -50.19999999999999574, 15.20000000000001705, 6.749999999999962697 ) ) ;
#7003 = EDGE_LOOP ( 'NONE', ( #10015, #5257, #1567, #3009 ) ) ;
#7004 = VERTEX_POINT ( 'NONE', #780 ) ;
#7005 = ORIENTED_EDGE ( 'NONE', *, *, #3784, .F. ) ;
#7006 = CARTESIAN_POINT ( 'NONE',  ( 47.49999999999997868, 8.000000000000000000, -14.75000000000000178 ) ) ;
#7007 = AXIS2_PLACEMENT_3D ( 'NONE', #7119, #10198, #7859 ) ;
#7008 = ORIENTED_EDGE ( 'NONE', *, *, #2764, .T. ) ;
#7009 = CARTESIAN_POINT ( 'NONE',  ( 2.009170479469691184, 13.30000000000000071, -14.75000000000000178 ) ) ;
#7010 = CARTESIAN_POINT ( 'NONE',  ( -39.58434658500975445, 0.1071145293931473758, -2.787877755913764410 ) ) ;
#7011 = AXIS2_PLACEMENT_3D ( 'NONE', #724, #8022, #4183 ) ;
#7012 = DIRECTION ( 'NONE',  ( 1.000000000000000000, 0.000000000000000000, 0.000000000000000000 ) ) ;
#7013 = VERTEX_POINT ( 'NONE', #10518 ) ;
#7014 = CARTESIAN_POINT ( 'NONE',  ( -39.61980179287454717, 0.03950539805616452155, 2.823332963778559357 ) ) ;
#7015 = LINE ( 'NONE', #4622, #4740 ) ;
#7016 = VERTEX_POINT ( 'NONE', #5688 ) ;
#7017 = CARTESIAN_POINT ( 'NONE',  ( -52.11703005195267480, 7.911525636832191566, -4.290295324905226693 ) ) ;
#7018 = VERTEX_POINT ( 'NONE', #207 ) ;
#7019 = VECTOR ( 'NONE', #5346, 1000.000000000000000 ) ;
#7020 = LINE ( 'NONE', #2921, #3545 ) ;
#7021 = DIRECTION ( 'NONE',  ( -0.000000000000000000, -1.000000000000000000, -0.000000000000000000 ) ) ;
#7022 = AXIS2_PLACEMENT_3D ( 'NONE', #6965, #4567, #2216 ) ;
#7023 = CARTESIAN_POINT ( 'NONE',  ( 6.494920150553300964, 0.000000000000000000, 11.24953169186121293 ) ) ;
#7024 = CARTESIAN_POINT ( 'NONE',  ( -53.20100000000002183, 11.35000000000000142, 2.500000000000000000 ) ) ;
#7025 = AXIS2_PLACEMENT_3D ( 'NONE', #3428, #2676, #1579 ) ;
#7026 = CARTESIAN_POINT ( 'NONE',  ( -35.06554871542299878, 0.2000000000000000944, -3.615000000000000213 ) ) ;
#7027 = ORIENTED_EDGE ( 'NONE', *, *, #7440, .T. ) ;
#7028 = ORIENTED_EDGE ( 'NONE', *, *, #5833, .T. ) ;
#7029 = CARTESIAN_POINT ( 'NONE',  ( -34.33293214504335822, 0.1503201388544083417, -3.610415582140241941 ) ) ;
#7030 = ORIENTED_EDGE ( 'NONE', *, *, #6372, .T. ) ;
#7031 = CARTESIAN_POINT ( 'NONE',  ( 35.28101804361235594, 0.1300423822510684835, 0.9599150842195391942 ) ) ;
#7032 = ADVANCED_FACE ( 'NONE', ( #8241, #6641 ), #9186, .T. ) ;
#7033 = DIRECTION ( 'NONE',  ( 1.000000000000000000, 0.000000000000000000, -0.000000000000000000 ) ) ;
#7034 = VECTOR ( 'NONE', #3055, 1000.000000000000000 ) ;
#7035 = LINE ( 'NONE', #9327, #3704 ) ;
#7036 = DIRECTION ( 'NONE',  ( 0.000000000000000000, 0.000000000000000000, 1.000000000000000000 ) ) ;
#7037 = ADVANCED_FACE ( 'NONE', ( #1893 ), #10032, .T. ) ;
#7038 = CARTESIAN_POINT ( 'NONE',  ( 51.95000000000000284, 9.849999999999999645, 3.299999999999998934 ) ) ;
#7039 = CARTESIAN_POINT ( 'NONE',  ( 50.25000000000000000, 13.00000000000000178, -6.000000000000000000 ) ) ;
#7040 = DIRECTION ( 'NONE',  ( -0.8660254037844393737, 0.000000000000000000, -0.4999999999999986677 ) ) ;
#7041 = ORIENTED_EDGE ( 'NONE', *, *, #8037, .T. ) ;
#7042 = ORIENTED_EDGE ( 'NONE', *, *, #4996, .F. ) ;
#7043 = CARTESIAN_POINT ( 'NONE',  ( -52.25000000000000711, 9.697719172987387282, -3.001973684210528237 ) ) ;
#7044 = AXIS2_PLACEMENT_3D ( 'NONE', #6103, #2893, #3489 ) ;
#7045 = ORIENTED_EDGE ( 'NONE', *, *, #2193, .T. ) ;
#7046 = EDGE_CURVE ( 'NONE', #6166, #4349, #7545, .T. ) ;
#7047 = DIRECTION ( 'NONE',  ( -0.000000000000000000, -0.000000000000000000, 1.000000000000000000 ) ) ;
#7048 = FACE_OUTER_BOUND ( 'NONE', #1359, .T. ) ;
#7049 = VECTOR ( 'NONE', #5133, 1000.000000000000000 ) ;
#7050 = EDGE_CURVE ( 'NONE', #8199, #10441, #3539, .T. ) ;
#7051 = CARTESIAN_POINT ( 'NONE',  ( -34.52834772718359346, 0.000000000000000000, -3.415000000000000036 ) ) ;
#7052 = EDGE_LOOP ( 'NONE', ( #6724, #1735, #9555, #5090 ) ) ;
#7053 = DIRECTION ( 'NONE',  ( -0.000000000000000000, -0.000000000000000000, 1.000000000000000000 ) ) ;
#7054 = ORIENTED_EDGE ( 'NONE', *, *, #2898, .F. ) ;
#7055 = ORIENTED_EDGE ( 'NONE', *, *, #1590, .F. ) ;
#7056 = DIRECTION ( 'NONE',  ( -0.000000000000000000, -0.000000000000000000, 1.000000000000000000 ) ) ;
#7057 = EDGE_LOOP ( 'NONE', ( #9926, #9720, #8825, #6387 ) ) ;
#7058 = DIRECTION ( 'NONE',  ( -0.000000000000000000, 0.05921052631576485120, 0.9982455176826040555 ) ) ;
#7059 = EDGE_CURVE ( 'NONE', #8959, #3778, #2697, .T. ) ;
#7060 = CARTESIAN_POINT ( 'NONE',  ( 9.130079849446705254, -0.0009999999999999158867, -15.81376217640252690 ) ) ;
#7061 = AXIS2_PLACEMENT_3D ( 'NONE', #4039, #3121, #900 ) ;
#7062 = CARTESIAN_POINT ( 'NONE',  ( -31.45678631915142631, 0.2827931057192701325, -20.34067203111825251 ) ) ;
#7063 = AXIS2_PLACEMENT_3D ( 'NONE', #10423, #3892, #533 ) ;
#7064 = CARTESIAN_POINT ( 'NONE',  ( 0.5999999999999912070, 13.30000000000000071, -13.35000000000018971 ) ) ;
#7065 = ORIENTED_EDGE ( 'NONE', *, *, #1116, .F. ) ;
#7066 = LINE ( 'NONE', #9556, #781 ) ;
#7067 = EDGE_CURVE ( 'NONE', #7818, #7882, #9882, .T. ) ;
#7068 = DIRECTION ( 'NONE',  ( 0.000000000000000000, 1.000000000000000000, 0.000000000000000000 ) ) ;
#7069 = DIRECTION ( 'NONE',  ( 0.000000000000000000, -1.000000000000000000, 0.000000000000000000 ) ) ;
#7070 = EDGE_LOOP ( 'NONE', ( #8590, #3301 ) ) ;
#7071 = ADVANCED_FACE ( 'NONE', ( #5855 ), #3449, .F. ) ;
#7072 = VECTOR ( 'NONE', #4660, 1000.000000000000000 ) ;
#7073 = VECTOR ( 'NONE', #7716, 1000.000000000000114 ) ;
#7074 = DIRECTION ( 'NONE',  ( 0.000000000000000000, 0.000000000000000000, 1.000000000000000000 ) ) ;
#7075 = VECTOR ( 'NONE', #10371, 1000.000000000000000 ) ;
#7076 = CIRCLE ( 'NONE', #477, 9.300000000000013145 ) ;
#7077 = AXIS2_PLACEMENT_3D ( 'NONE', #8600, #1899, #5155 ) ;
#7078 = ORIENTED_EDGE ( 'NONE', *, *, #3660, .F. ) ;
#7079 = DIRECTION ( 'NONE',  ( 1.000000000000000000, 0.000000000000000000, -0.000000000000000000 ) ) ;
#7080 = CARTESIAN_POINT ( 'NONE',  ( -29.84000000000000341, 6.296018041280833089, 3.315000000000000391 ) ) ;
#7081 = LINE ( 'NONE', #2926, #9269 ) ;
#7082 = ORIENTED_EDGE ( 'NONE', *, *, #6922, .F. ) ;
#7083 = ORIENTED_EDGE ( 'NONE', *, *, #8176, .T. ) ;
#7084 = CARTESIAN_POINT ( 'NONE',  ( -34.52834772718359346, 0.000000000000000000, 0.000000000000000000 ) ) ;
#7085 = EDGE_LOOP ( 'NONE', ( #6564, #8884, #8890, #5788 ) ) ;
#7086 = CARTESIAN_POINT ( 'NONE',  ( 51.95000000000000284, 13.00000000000000178, 4.000000000000000000 ) ) ;
#7087 = VECTOR ( 'NONE', #5428, 1000.000000000000000 ) ;
#7088 = AXIS2_PLACEMENT_3D ( 'NONE', #5012, #172, #8313 ) ;
#7089 = DIRECTION ( 'NONE',  ( -0.000000000000000000, -1.000000000000000000, -0.000000000000000000 ) ) ;
#7090 = AXIS2_PLACEMENT_3D ( 'NONE', #1751, #10469, #10530 ) ;
#7091 = CARTESIAN_POINT ( 'NONE',  ( 0.000000000000000000, 0.000000000000000000, -2.965000000000000302 ) ) ;
#7092 = CARTESIAN_POINT ( 'NONE',  ( 31.70000000000002771, 0.2999999999999999889, 6.618695557326044643 ) ) ;
#7093 = CARTESIAN_POINT ( 'NONE',  ( 20.65000000000000213, 1.000000000000000000, -8.849999999999997868 ) ) ;
#7094 = VECTOR ( 'NONE', #1942, 1000.000000000000000 ) ;
#7095 = DIRECTION ( 'NONE',  ( -0.000000000000000000, -0.000000000000000000, 1.000000000000000000 ) ) ;
#7096 = AXIS2_PLACEMENT_3D ( 'NONE', #5458, #4642, #8111 ) ;
#7097 = CARTESIAN_POINT ( 'NONE',  ( 20.65000000000000213, 1.000000000000000888, 8.349999999999997868 ) ) ;
#7098 = ORIENTED_EDGE ( 'NONE', *, *, #20, .T. ) ;
#7099 = VERTEX_POINT ( 'NONE', #9230 ) ;
#7100 = EDGE_CURVE ( 'NONE', #9265, #8974, #5106, .T. ) ;
#7101 = DIRECTION ( 'NONE',  ( 1.000000000000000000, 0.000000000000000000, 0.000000000000000000 ) ) ;
#7102 = ORIENTED_EDGE ( 'NONE', *, *, #6865, .T. ) ;
#7103 = AXIS2_PLACEMENT_3D ( 'NONE', #3565, #9939, #5914 ) ;
#7104 = ADVANCED_FACE ( 'NONE', ( #1051 ), #1792, .F. ) ;
#7105 = VECTOR ( 'NONE', #5046, 1000.000000000000114 ) ;
#7106 = CARTESIAN_POINT ( 'NONE',  ( -39.76146882909598901, 0.000000000000000000, 3.415000000000000036 ) ) ;
#7107 = CARTESIAN_POINT ( 'NONE',  ( 41.25000000000000000, 5.400000000000000355, 0.000000000000000000 ) ) ;
#7108 = ADVANCED_FACE ( 'NONE', ( #1944 ), #4197, .T. ) ;
#7109 = CIRCLE ( 'NONE', #5092, 5.000000000000000888 ) ;
#7110 = CARTESIAN_POINT ( 'NONE',  ( 2.099999999999991207, 13.30000000000000071, -12.35000000000018971 ) ) ;
#7111 = VERTEX_POINT ( 'NONE', #5050 ) ;
#7112 = ADVANCED_FACE ( 'NONE', ( #9929, #8297, #3554 ), #2646, .F. ) ;
#7113 = CARTESIAN_POINT ( 'NONE',  ( -31.47472780755320443, 0.1999999999999987899, 3.615000000000000213 ) ) ;
#7114 = EDGE_LOOP ( 'NONE', ( #10369, #2589, #4437, #9821 ) ) ;
#7115 = ORIENTED_EDGE ( 'NONE', *, *, #8479, .F. ) ;
#7116 = DIRECTION ( 'NONE',  ( 1.000000000000000000, 0.000000000000000000, -1.374038396813312538E-16 ) ) ;
#7117 = VERTEX_POINT ( 'NONE', #5956 ) ;
#7118 = DIRECTION ( 'NONE',  ( -0.000000000000000000, 1.000000000000000000, 0.000000000000000000 ) ) ;
#7119 = CARTESIAN_POINT ( 'NONE',  ( 51.95000000000000284, 11.35000000000000142, 2.500000000000000000 ) ) ;
#7120 = VECTOR ( 'NONE', #7642, 1000.000000000000000 ) ;
#7121 = EDGE_CURVE ( 'NONE', #4196, #6517, #8390, .T. ) ;
#7122 = CIRCLE ( 'NONE', #2538, 9.000000000000012434 ) ;
#7123 = LINE ( 'NONE', #7721, #1184 ) ;
#7124 = CYLINDRICAL_SURFACE ( 'NONE', #140, 0.3000000000000016542 ) ;
#7125 = DIRECTION ( 'NONE',  ( 0.000000000000000000, 1.000000000000000000, 0.000000000000000000 ) ) ;
#7126 = ORIENTED_EDGE ( 'NONE', *, *, #1461, .T. ) ;
#7127 = VECTOR ( 'NONE', #7675, 1000.000000000000000 ) ;
#7128 = DIRECTION ( 'NONE',  ( 0.000000000000000000, -1.000000000000000000, -2.891205793294679312E-16 ) ) ;
#7129 = EDGE_CURVE ( 'NONE', #2279, #1224, #6617, .T. ) ;
#7130 = LINE ( 'NONE', #1482, #6181 ) ;
#7131 = ORIENTED_EDGE ( 'NONE', *, *, #1635, .F. ) ;
#7132 = EDGE_CURVE ( 'NONE', #3136, #3493, #7412, .T. ) ;
#7133 = EDGE_CURVE ( 'NONE', #3383, #2261, #814, .T. ) ;
#7134 = CIRCLE ( 'NONE', #2553, 0.3000000000000016542 ) ;
#7135 = EDGE_CURVE ( 'NONE', #4195, #8454, #9673, .T. ) ;
#7136 = EDGE_CURVE ( 'NONE', #7297, #5545, #1718, .T. ) ;
#7137 = DIRECTION ( 'NONE',  ( 0.000000000000000000, 0.000000000000000000, 1.000000000000000000 ) ) ;
#7138 = ORIENTED_EDGE ( 'NONE', *, *, #1990, .F. ) ;
#7139 = DIRECTION ( 'NONE',  ( -0.000000000000000000, -1.000000000000000000, 0.000000000000000000 ) ) ;
#7140 = DIRECTION ( 'NONE',  ( 0.000000000000000000, 0.000000000000000000, 1.000000000000000000 ) ) ;
#7141 = FACE_OUTER_BOUND ( 'NONE', #7693, .T. ) ;
#7142 = ORIENTED_EDGE ( 'NONE', *, *, #6040, .T. ) ;
#7143 = EDGE_LOOP ( 'NONE', ( #9735, #8226, #2390, #8713, #161 ) ) ;
#7144 = CARTESIAN_POINT ( 'NONE',  ( -52.45000000000001705, 7.099999999999998757, -2.924999999999968736 ) ) ;
#7145 = VERTEX_POINT ( 'NONE', #8949 ) ;
#7146 = CARTESIAN_POINT ( 'NONE',  ( -31.51661123066064363, 3.000000000000000000, -8.849999999999997868 ) ) ;
#7147 = DIRECTION ( 'NONE',  ( 0.000000000000000000, 0.000000000000000000, -1.000000000000000000 ) ) ;
#7148 = CARTESIAN_POINT ( 'NONE',  ( 0.000000000000000000, 17.60000000000000142, 13.55000000000000604 ) ) ;
#7149 = CARTESIAN_POINT ( 'NONE',  ( -52.26258374207989021, 8.824569528330236778, 4.158469840024134889 ) ) ;
#7150 = LINE ( 'NONE', #7200, #5879 ) ;
#7151 = FACE_OUTER_BOUND ( 'NONE', #9838, .T. ) ;
#7152 = CARTESIAN_POINT ( 'NONE',  ( 2.009170479469691184, 13.30000000000000071, -14.75000000000000178 ) ) ;
#7153 = ORIENTED_EDGE ( 'NONE', *, *, #8997, .F. ) ;
#7154 = ORIENTED_EDGE ( 'NONE', *, *, #7915, .F. ) ;
#7155 = FACE_OUTER_BOUND ( 'NONE', #2397, .T. ) ;
#7156 = ORIENTED_EDGE ( 'NONE', *, *, #2443, .T. ) ;
#7157 = CARTESIAN_POINT ( 'NONE',  ( 50.24999999999999289, 11.35000000000000320, -3.299999999999998490 ) ) ;
#7158 = DIRECTION ( 'NONE',  ( -0.000000000000000000, -1.000000000000000000, -0.000000000000000000 ) ) ;
#7159 =( BOUNDED_SURFACE ( )  B_SPLINE_SURFACE ( 3, 2, ( 
 ( #2226, #8565, #8672 ),
 ( #2075, #8717, #631 ),
 ( #5440, #7769, #2131 ),
 ( #4734, #7985, #5383 ),
 ( #7819, #7017, #5483 ),
 ( #3024, #3724, #1423 ),
 ( #3072, #687, #1375 ),
 ( #7179, #9405, #4675 ),
 ( #1331, #10415, #8617 ),
 ( #4623, #3883, #7922 ),
 ( #10252, #2969, #3123 ),
 ( #7866, #4578, #3820 ),
 ( #5331, #525, #10366 ),
 ( #6323, #9558, #2178 ) ),
 .UNSPECIFIED., .F., .F., .F. ) 
 B_SPLINE_SURFACE_WITH_KNOTS ( ( 4, 2, 2, 2, 2, 2, 4 ),
 ( 3, 3 ),
 ( 0.001155377463937341418, 0.001777644056775407391, 0.002088777353194440269, 0.002399910649613473147, 0.002711043946032506025, 0.003022177242451538903, 0.003644443835289605093 ),
 ( 0.2421920237796919562, 1.000000000000000000 ),
 .UNSPECIFIED. ) 
 GEOMETRIC_REPRESENTATION_ITEM ( )  RATIONAL_B_SPLINE_SURFACE ( (
 ( 0.8924876584055105866, 0.7780431826023156416, 1.000000000000000000),
 ( 0.9142263183625229939, 0.8229221584202534023, 1.000000000000000000),
 ( 0.9307382614166495038, 0.8570106944431130636, 1.000000000000000000),
 ( 0.9478720286473365508, 0.8923829725291009263, 1.000000000000000000),
 ( 0.9521871564489117201, 0.9012914570741995535, 1.000000000000000000),
 ( 0.9580339200395593391, 0.9133619693466561440, 1.000000000000000000),
 ( 0.9595443787238817634, 0.9164802774163232080, 1.000000000000000000),
 ( 0.9595213182611335156, 0.9164326696082947254, 1.000000000000000000),
 ( 0.9580366851112810389, 0.9133676777751968956, 1.000000000000000000),
 ( 0.9521631394559791906, 0.9012418745310638579, 1.000000000000000000),
 ( 0.9477395637319854238, 0.8921095016829438951, 1.000000000000000000),
 ( 0.9306991181601316221, 0.8569298840681324192, 1.000000000000000000),
 ( 0.9139791508508163798, 0.8224118866370435654, 1.000000000000000000),
 ( 0.8924876584055114748, 0.7780431826023176400, 1.000000000000000000) ) ) 
 REPRESENTATION_ITEM ( '' )  SURFACE ( )  );
#7160 = EDGE_CURVE ( 'NONE', #8180, #264, #3254, .T. ) ;
#7161 = FACE_OUTER_BOUND ( 'NONE', #8019, .T. ) ;
#7162 = EDGE_LOOP ( 'NONE', ( #3759, #4139, #1825, #6132, #8477 ) ) ;
#7163 = LINE ( 'NONE', #5518, #7072 ) ;
#7164 = ORIENTED_EDGE ( 'NONE', *, *, #7521, .T. ) ;
#7165 = ORIENTED_EDGE ( 'NONE', *, *, #2690, .T. ) ;
#7166 = ADVANCED_FACE ( 'NONE', ( #9861 ), #8214, .F. ) ;
#7167 = LINE ( 'NONE', #10515, #7622 ) ;
#7168 = ORIENTED_EDGE ( 'NONE', *, *, #5385, .F. ) ;
#7169 = DIRECTION ( 'NONE',  ( 0.000000000000000000, 0.000000000000000000, 1.000000000000000000 ) ) ;
#7170 = EDGE_CURVE ( 'NONE', #2043, #1704, #69, .T. ) ;
#7171 = FACE_OUTER_BOUND ( 'NONE', #5805, .T. ) ;
#7172 = CARTESIAN_POINT ( 'NONE',  ( -29.84000000000000341, 6.296018041280833089, -3.315000000000000391 ) ) ;
#7173 = EDGE_CURVE ( 'NONE', #10387, #1601, #2459, .T. ) ;
#7174 = DIRECTION ( 'NONE',  ( 0.000000000000000000, 1.000000000000000000, 0.000000000000000000 ) ) ;
#7175 = LINE ( 'NONE', #623, #1260 ) ;
#7176 = ORIENTED_EDGE ( 'NONE', *, *, #245, .T. ) ;
#7177 = DIRECTION ( 'NONE',  ( 0.000000000000000000, -2.168404344971010840E-15, 1.000000000000000000 ) ) ;
#7178 = CARTESIAN_POINT ( 'NONE',  ( -45.20000000000000284, 17.60000000000000142, -6.750000000000000888 ) ) ;
#7179 = CARTESIAN_POINT ( 'NONE',  ( -52.20454750418753775, 8.521679223836294170, -4.275074528582079481 ) ) ;
#7180 = ORIENTED_EDGE ( 'NONE', *, *, #7834, .T. ) ;
#7181 = CIRCLE ( 'NONE', #4806, 2.750000000000000888 ) ;
#7182 = FACE_OUTER_BOUND ( 'NONE', #2551, .T. ) ;
#7183 = EDGE_CURVE ( 'NONE', #9923, #9239, #4804, .T. ) ;
#7184 = ORIENTED_EDGE ( 'NONE', *, *, #7267, .F. ) ;
#7185 = CARTESIAN_POINT ( 'NONE',  ( 31.68872575786372536, 0.2077789836488299902, 3.088811295319346950 ) ) ;
#7186 = ADVANCED_FACE ( 'NONE', ( #9061 ), #8052, .T. ) ;
#7187 = DIRECTION ( 'NONE',  ( 1.000000000000000000, 0.000000000000000000, 7.304098846218136886E-17 ) ) ;
#7188 = CARTESIAN_POINT ( 'NONE',  ( 1.036764281119435083, 13.30000000000000071, -14.75000000000000178 ) ) ;
#7189 = ORIENTED_EDGE ( 'NONE', *, *, #2750, .T. ) ;
#7190 = VECTOR ( 'NONE', #4167, 1000.000000000000000 ) ;
#7191 = ORIENTED_EDGE ( 'NONE', *, *, #7947, .F. ) ;
#7192 = DIRECTION ( 'NONE',  ( 0.000000000000000000, 0.000000000000000000, 1.000000000000000000 ) ) ;
#7193 = VERTEX_POINT ( 'NONE', #4172 ) ;
#7194 = DIRECTION ( 'NONE',  ( -0.000000000000000000, -1.000000000000000000, -0.000000000000000000 ) ) ;
#7195 = DIRECTION ( 'NONE',  ( 0.000000000000000000, 0.000000000000000000, 1.000000000000000000 ) ) ;
#7196 = AXIS2_PLACEMENT_3D ( 'NONE', #10309, #482, #9510 ) ;
#7197 = CARTESIAN_POINT ( 'NONE',  ( 20.65000000000000213, 1.000000000000000888, 8.349999999999997868 ) ) ;
#7198 = DIRECTION ( 'NONE',  ( -0.8660254037844391517, 0.000000000000000000, -0.4999999999999993339 ) ) ;
#7199 = LINE ( 'NONE', #4860, #809 ) ;
#7200 = CARTESIAN_POINT ( 'NONE',  ( 23.55788180854698766, -0.0009999999999999158867, -7.483866831501331696 ) ) ;
#7201 = LINE ( 'NONE', #7039, #6917 ) ;
#7202 = DIRECTION ( 'NONE',  ( -5.139921410301651289E-17, 0.000000000000000000, 1.000000000000000000 ) ) ;
#7203 = VERTEX_POINT ( 'NONE', #757 ) ;
#7204 = VERTEX_POINT ( 'NONE', #1769 ) ;
#7205 = FACE_BOUND ( 'NONE', #586, .T. ) ;
#7206 = VERTEX_POINT ( 'NONE', #3309 ) ;
#7207 = VECTOR ( 'NONE', #3119, 1000.000000000000000 ) ;
#7208 = EDGE_CURVE ( 'NONE', #1193, #7795, #16, .T. ) ;
#7209 = DIRECTION ( 'NONE',  ( -0.000000000000000000, -1.000000000000000000, -0.000000000000000000 ) ) ;
#7210 = CARTESIAN_POINT ( 'NONE',  ( -52.45000000000001705, 9.897368276523906161, 3.013815789473676787 ) ) ;
#7211 = CARTESIAN_POINT ( 'NONE',  ( -34.37348617369437420, 0.04767268713831664811, -3.569861553489224626 ) ) ;
#7212 = ORIENTED_EDGE ( 'NONE', *, *, #7208, .T. ) ;
#7213 = AXIS2_PLACEMENT_3D ( 'NONE', #731, #3234, #8823 ) ;
#7214 = CARTESIAN_POINT ( 'NONE',  ( -31.11939691791956974, 0.1293615736281126527, 8.349999999999997868 ) ) ;
#7215 = ORIENTED_EDGE ( 'NONE', *, *, #9770, .T. ) ;
#7216 = ORIENTED_EDGE ( 'NONE', *, *, #3230, .F. ) ;
#7217 = DIRECTION ( 'NONE',  ( -0.000000000000000000, -0.000000000000000000, 1.000000000000000000 ) ) ;
#7218 = ORIENTED_EDGE ( 'NONE', *, *, #8586, .T. ) ;
#7219 = ORIENTED_EDGE ( 'NONE', *, *, #2090, .F. ) ;
#7220 = CARTESIAN_POINT ( 'NONE',  ( 30.95000000000000284, 0.2999999999999999889, -2.350000000000003197 ) ) ;
#7221 = CARTESIAN_POINT ( 'NONE',  ( -35.26554871542300162, 0.08284271247461905130, -3.615000000000000213 ) ) ;
#7222 = LINE ( 'NONE', #3114, #9312 ) ;
#7223 = AXIS2_PLACEMENT_3D ( 'NONE', #8690, #4696, #1395 ) ;
#7224 = CARTESIAN_POINT ( 'NONE',  ( 50.25000000000000000, 16.60000000000000142, -9.499999999999978684 ) ) ;
#7225 = CARTESIAN_POINT ( 'NONE',  ( -30.13203748537932825, 5.996123729295902649, 3.614894311984931718 ) ) ;
#7226 = CARTESIAN_POINT ( 'NONE',  ( 6.344920150553301497, -0.0009999999999999158867, 10.98972407072588098 ) ) ;
#7227 = LINE ( 'NONE', #8712, #1770 ) ;
#7228 = EDGE_LOOP ( 'NONE', ( #7258, #3763, #1433, #9293 ) ) ;
#7229 = CARTESIAN_POINT ( 'NONE',  ( -52.33704905526284534, 8.400000000000959588, 4.225000000000030731 ) ) ;
#7230 = VECTOR ( 'NONE', #5282, 1000.000000000000000 ) ;
#7231 = LINE ( 'NONE', #8928, #1653 ) ;
#7232 = CARTESIAN_POINT ( 'NONE',  ( -52.28390545973979897, 7.178929302223492570, -3.430753123072006527 ) ) ;
#7233 = ADVANCED_FACE ( 'NONE', ( #5721 ), #6554, .F. ) ;
#7234 = VERTEX_POINT ( 'NONE', #6394 ) ;
#7235 = ADVANCED_FACE ( 'NONE', ( #9803 ), #2356, .T. ) ;
#7236 = CARTESIAN_POINT ( 'NONE',  ( 22.81827201635470459, 5.400000000000000355, -10.08172798364529754 ) ) ;
#7237 = EDGE_LOOP ( 'NONE', ( #10396, #3275, #5633, #9706, #9472 ) ) ;
#7238 = LINE ( 'NONE', #4846, #3661 ) ;
#7239 = CARTESIAN_POINT ( 'NONE',  ( -8.947521086617219380E-16, 6.500000000000000888, 12.25000000000000355 ) ) ;
#7240 = CARTESIAN_POINT ( 'NONE',  ( -52.35967909479732896, 9.110328841451311277, 4.018973549586682736 ) ) ;
#7241 = ORIENTED_EDGE ( 'NONE', *, *, #9722, .F. ) ;
#7242 = VERTEX_POINT ( 'NONE', #5783 ) ;
#7243 = LINE ( 'NONE', #2568, #5673 ) ;
#7244 = VECTOR ( 'NONE', #6398, 1000.000000000000000 ) ;
#7245 = ORIENTED_EDGE ( 'NONE', *, *, #1502, .T. ) ;
#7246 = CARTESIAN_POINT ( 'NONE',  ( 7.094920150553321925, 0.5000000000000000000, 12.28876217640254964 ) ) ;
#7247 = EDGE_CURVE ( 'NONE', #1408, #6443, #4244, .T. ) ;
#7248 = CARTESIAN_POINT ( 'NONE',  ( -50.20000000000000284, 3.000000000000000000, 6.749999999999948486 ) ) ;
#7249 = CIRCLE ( 'NONE', #4371, 0.3000000000000000444 ) ;
#7250 = CIRCLE ( 'NONE', #4691, 0.3000000000000016542 ) ;
#7251 = DIRECTION ( 'NONE',  ( 0.000000000000000000, 0.000000000000000000, 1.000000000000000000 ) ) ;
#7252 = DIRECTION ( 'NONE',  ( -0.000000000000000000, 1.000000000000000000, -0.000000000000000000 ) ) ;
#7253 = DIRECTION ( 'NONE',  ( -0.000000000000000000, 1.000000000000000000, -0.000000000000000000 ) ) ;
#7254 = LINE ( 'NONE', #2407, #6892 ) ;
#7255 = LINE ( 'NONE', #21, #10135 ) ;
#7256 = CARTESIAN_POINT ( 'NONE',  ( 50.25000000000000000, 11.00000000000000178, -6.000000000000000000 ) ) ;
#7257 = ORIENTED_EDGE ( 'NONE', *, *, #3946, .F. ) ;
#7258 = ORIENTED_EDGE ( 'NONE', *, *, #7136, .T. ) ;
#7259 = FACE_BOUND ( 'NONE', #4745, .T. ) ;
#7260 = VECTOR ( 'NONE', #3478, 1000.000000000000000 ) ;
#7261 = VERTEX_POINT ( 'NONE', #9011 ) ;
#7262 = VECTOR ( 'NONE', #1486, 1000.000000000000000 ) ;
#7263 = EDGE_CURVE ( 'NONE', #5398, #1926, #6474, .T. ) ;
#7264 = CARTESIAN_POINT ( 'NONE',  ( 0.000000000000000000, 5.400000000000000355, 0.000000000000000000 ) ) ;
#7265 = DIRECTION ( 'NONE',  ( -0.000000000000000000, -1.000000000000000000, -0.000000000000000000 ) ) ;
#7266 = VECTOR ( 'NONE', #3008, 1000.000000000000000 ) ;
#7267 = EDGE_CURVE ( 'NONE', #3136, #2942, #7222, .T. ) ;
#7268 = VECTOR ( 'NONE', #1144, 1000.000000000000000 ) ;
#7269 = PLANE ( 'NONE',  #6884 ) ;
#7270 = ORIENTED_EDGE ( 'NONE', *, *, #4933, .T. ) ;
#7271 =( BOUNDED_SURFACE ( )  B_SPLINE_SURFACE ( 3, 2, ( 
 ( #4007, #6395, #1444 ),
 ( #2460, #4117, #7359 ),
 ( #5722, #71, #10382 ),
 ( #9691, #9804, #3310 ),
 ( #6555, #7149, #7945 ),
 ( #3951, #654, #10493 ),
 ( #3902, #3206, #2406 ),
 ( #8897, #1608, #5882 ),
 ( #5935, #1771, #9112 ),
 ( #5026, #7413, #9012 ),
 ( #8370, #9062, #3525 ),
 ( #6773, #5784, #1875 ),
 ( #7574, #7628, #9862 ),
 ( #2574, #3374, #1077 ) ),
 .UNSPECIFIED., .F., .F., .F. ) 
 B_SPLINE_SURFACE_WITH_KNOTS ( ( 4, 2, 2, 2, 2, 2, 4 ),
 ( 3, 3 ),
 ( 0.000000000000000000, 0.0007376526362297295900, 0.001106478954344594385, 0.001475305272459459180, 0.001844131590574323975, 0.002212957908689188770, 0.002950610544918918360 ),
 ( 0.000000000000000000, 1.000000000000000000 ),
 .UNSPECIFIED. ) 
 GEOMETRIC_REPRESENTATION_ITEM ( )  RATIONAL_B_SPLINE_SURFACE ( (
 ( 1.000000000000000000, 0.8371290630494894192, 1.000000000000000000),
 ( 1.000000000000000000, 0.8719211742457760872, 1.000000000000000000),
 ( 1.000000000000000000, 0.8962488235019208105, 1.000000000000000000),
 ( 1.000000000000000000, 0.9199089190827720586, 1.000000000000000000),
 ( 1.000000000000000000, 0.9257815976085489451, 1.000000000000000000),
 ( 1.000000000000000000, 0.9335084709568596262, 1.000000000000000000),
 ( 1.000000000000000000, 0.9354060336752179072, 1.000000000000000000),
 ( 1.000000000000000000, 0.9354226065320006001, 1.000000000000000000),
 ( 1.000000000000000000, 0.9335143594897957753, 1.000000000000000000),
 ( 1.000000000000000000, 0.9258345507496202886, 1.000000000000000000),
 ( 1.000000000000000000, 0.9199515991819391392, 1.000000000000000000),
 ( 1.000000000000000000, 0.8963026785456549295, 1.000000000000000000),
 ( 1.000000000000000000, 0.8720564020256140747, 1.000000000000000000),
 ( 1.000000000000000000, 0.8371290630494816476, 1.000000000000000000) ) ) 
 REPRESENTATION_ITEM ( '' )  SURFACE ( )  );
#7272 = CARTESIAN_POINT ( 'NONE',  ( -52.34424698005091159, 7.978067474405636794, -4.159279481154422697 ) ) ;
#7273 = VERTEX_POINT ( 'NONE', #41 ) ;
#7274 = VERTEX_POINT ( 'NONE', #9713 ) ;
#7275 = VECTOR ( 'NONE', #1117, 1000.000000000000000 ) ;
#7276 = DIRECTION ( 'NONE',  ( -0.000000000000000000, -0.000000000000000000, 1.000000000000000000 ) ) ;
#7277 = ORIENTED_EDGE ( 'NONE', *, *, #5334, .F. ) ;
#7278 = ORIENTED_EDGE ( 'NONE', *, *, #2366, .F. ) ;
#7279 = CARTESIAN_POINT ( 'NONE',  ( 47.49999999999997868, 9.000000000000001776, -12.25000000000000178 ) ) ;
#7280 = VECTOR ( 'NONE', #9165, 1000.000000000000000 ) ;
#7281 = DIRECTION ( 'NONE',  ( 0.6427876096865420275, 0.000000000000000000, -0.7660444431189757930 ) ) ;
#7282 = AXIS2_PLACEMENT_3D ( 'NONE', #7220, #6472, #7384 ) ;
#7283 = CARTESIAN_POINT ( 'NONE',  ( -39.53506879479627401, 0.1999999999999987899, -2.765000000000000124 ) ) ;
#7284 = CARTESIAN_POINT ( 'NONE',  ( -31.60047529527845001, 3.276389878762281160, -20.34067203111825251 ) ) ;
#7285 = LINE ( 'NONE', #2922, #2795 ) ;
#7286 = CARTESIAN_POINT ( 'NONE',  ( -47.19749843554382096, 15.10000000000000142, -13.25000000000000178 ) ) ;
#7287 = ORIENTED_EDGE ( 'NONE', *, *, #51, .F. ) ;
#7288 = CARTESIAN_POINT ( 'NONE',  ( -34.33293214504335822, 0.1503201388544035400, 8.354584417859758361 ) ) ;
#7289 = CARTESIAN_POINT ( 'NONE',  ( -8.958845726811304644, 11.00000000000000178, 13.55000000000019078 ) ) ;
#7290 = AXIS2_PLACEMENT_3D ( 'NONE', #10460, #5585, #2429 ) ;
#7291 = CARTESIAN_POINT ( 'NONE',  ( -50.25000000000000711, 10.30000000000000071, 2.449999999999999289 ) ) ;
#7292 = AXIS2_PLACEMENT_3D ( 'NONE', #5112, #260, #3452 ) ;
#7293 = ORIENTED_EDGE ( 'NONE', *, *, #288, .T. ) ;
#7294 = CIRCLE ( 'NONE', #3029, 0.3000000000000000444 ) ;
#7295 = CARTESIAN_POINT ( 'NONE',  ( -39.61980179287454717, 0.03950539805616474359, -8.908332963778560654 ) ) ;
#7296 = EDGE_CURVE ( 'NONE', #5102, #9656, #5767, .T. ) ;
#7297 = VERTEX_POINT ( 'NONE', #2481 ) ;
#7298 = DIRECTION ( 'NONE',  ( 0.000000000000000000, 0.000000000000000000, -1.000000000000000000 ) ) ;
#7299 = DIRECTION ( 'NONE',  ( 1.000000000000000000, 0.000000000000000000, 0.000000000000000000 ) ) ;
#7300 = DIRECTION ( 'NONE',  ( 0.000000000000000000, 1.000000000000000000, -0.000000000000000000 ) ) ;
#7301 = ORIENTED_EDGE ( 'NONE', *, *, #9078, .T. ) ;
#7302 = EDGE_LOOP ( 'NONE', ( #5158, #2627, #9911, #9584 ) ) ;
#7303 = CARTESIAN_POINT ( 'NONE',  ( -52.40568058483292901, 7.315219914338494611, -3.641416195903034225 ) ) ;
#7304 = EDGE_CURVE ( 'NONE', #847, #9848, #1551, .T. ) ;
#7305 = B_SPLINE_CURVE_WITH_KNOTS ( 'NONE', 3,
 ( #1281, #6976, #9409, #8622, #3770, #1335 ),
 .UNSPECIFIED., .F., .F.,
 ( 4, 2, 4 ),
 ( 0.000000000000000000, 0.0003763378220701133424, 0.0007526756441402266849 ),
 .UNSPECIFIED. ) ;
#7306 = EDGE_LOOP ( 'NONE', ( #9031, #8779, #3360, #9878 ) ) ;
#7307 = LINE ( 'NONE', #865, #9398 ) ;
#7308 = VECTOR ( 'NONE', #3232, 1000.000000000000000 ) ;
#7309 = ADVANCED_FACE ( 'NONE', ( #2268 ), #1692, .T. ) ;
#7310 = DIRECTION ( 'NONE',  ( 0.000000000000000000, 1.000000000000000000, 0.000000000000000000 ) ) ;
#7311 = CARTESIAN_POINT ( 'NONE',  ( 22.73614628785937697, 0.02145563245112796363, -6.417410124218911882 ) ) ;
#7312 = DIRECTION ( 'NONE',  ( -0.4999999999999978906, 0.000000000000000000, 0.8660254037844398178 ) ) ;
#7313 = CARTESIAN_POINT ( 'NONE',  ( 37.45000000000000284, 1.000000000000000000, 6.484690356689041479 ) ) ;
#7314 = CARTESIAN_POINT ( 'NONE',  ( 3.614232777074994810E-13, 13.30000000000000071, 13.54999999999995097 ) ) ;
#7315 = CARTESIAN_POINT ( 'NONE',  ( 47.49999999999999289, 3.000000000000000000, -9.499999999999998224 ) ) ;
#7316 = CARTESIAN_POINT ( 'NONE',  ( -52.20526305257705957, 9.166854647719373972, -4.070482360731044302 ) ) ;
#7317 = ORIENTED_EDGE ( 'NONE', *, *, #1094, .F. ) ;
#7318 = VERTEX_POINT ( 'NONE', #8979 ) ;
#7319 = DIRECTION ( 'NONE',  ( 0.000000000000000000, -1.000000000000000000, 0.000000000000000000 ) ) ;
#7320 = ORIENTED_EDGE ( 'NONE', *, *, #2305, .T. ) ;
#7321 = CARTESIAN_POINT ( 'NONE',  ( -7.849999999999971223, 11.00000000000000178, -14.19019237886469220 ) ) ;
#7322 = CARTESIAN_POINT ( 'NONE',  ( -31.51661123066064363, 3.000000000000000000, -20.34067203111825251 ) ) ;
#7323 = ADVANCED_FACE ( 'NONE', ( #893 ), #3924, .F. ) ;
#7324 = LINE ( 'NONE', #31, #3486 ) ;
#7325 = ORIENTED_EDGE ( 'NONE', *, *, #5203, .T. ) ;
#7326 = CARTESIAN_POINT ( 'NONE',  ( -45.19999999999999574, 15.20000000000000639, 6.750000000000006217 ) ) ;
#7327 = ADVANCED_FACE ( 'NONE', ( #5526 ), #8188, .T. ) ;
#7328 = VERTEX_POINT ( 'NONE', #8139 ) ;
#7329 = EDGE_LOOP ( 'NONE', ( #4364, #9704, #10192, #6949, #3587, #1082 ) ) ;
#7330 = EDGE_CURVE ( 'NONE', #8240, #2668, #782, .T. ) ;
#7331 = CARTESIAN_POINT ( 'NONE',  ( -52.44535045267406304, 9.668785516402198965, -3.230005980589806036 ) ) ;
#7332 = ORIENTED_EDGE ( 'NONE', *, *, #1227, .F. ) ;
#7333 = ORIENTED_EDGE ( 'NONE', *, *, #82, .F. ) ;
#7334 = FACE_OUTER_BOUND ( 'NONE', #8195, .T. ) ;
#7335 = DIRECTION ( 'NONE',  ( -0.000000000000000000, -1.000000000000000000, 0.000000000000000000 ) ) ;
#7336 = CARTESIAN_POINT ( 'NONE',  ( -53.20000000000000284, 8.400000000000000355, 4.225000000000031619 ) ) ;
#7337 = CYLINDRICAL_SURFACE ( 'NONE', #6703, 6.166261152084816288 ) ;
#7338 = ORIENTED_EDGE ( 'NONE', *, *, #8688, .F. ) ;
#7339 = VERTEX_POINT ( 'NONE', #4142 ) ;
#7340 = DIRECTION ( 'NONE',  ( 0.000000000000000000, 0.000000000000000000, 1.000000000000000000 ) ) ;
#7341 = DIRECTION ( 'NONE',  ( 0.000000000000000000, 0.000000000000000000, 1.000000000000000000 ) ) ;
#7342 = CARTESIAN_POINT ( 'NONE',  ( -53.20000000000000284, 7.099999999999998757, 2.925000000000022915 ) ) ;
#7343 = ORIENTED_EDGE ( 'NONE', *, *, #2868, .F. ) ;
#7344 = ADVANCED_FACE ( 'NONE', ( #5746 ), #9155, .T. ) ;
#7345 = CARTESIAN_POINT ( 'NONE',  ( -50.25000000000000711, 8.000000000000000000, 0.000000000000000000 ) ) ;
#7346 = VERTEX_POINT ( 'NONE', #843 ) ;
#7347 = CARTESIAN_POINT ( 'NONE',  ( -52.24737880384225974, 6.961238601352045308, -3.256771301096196503 ) ) ;
#7348 = CARTESIAN_POINT ( 'NONE',  ( -52.25000000000001421, 6.499999999999999112, -2.449999999999999289 ) ) ;
#7349 = DIRECTION ( 'NONE',  ( 0.000000000000000000, 0.000000000000000000, 1.000000000000000000 ) ) ;
#7350 = ORIENTED_EDGE ( 'NONE', *, *, #3914, .T. ) ;
#7351 = VERTEX_POINT ( 'NONE', #6423 ) ;
#7352 = CYLINDRICAL_SURFACE ( 'NONE', #729, 3.000000000000002665 ) ;
#7353 = VERTEX_POINT ( 'NONE', #9664 ) ;
#7354 = CARTESIAN_POINT ( 'NONE',  ( 21.96734517834434897, 5.400000000000000355, 21.96734517834455502 ) ) ;
#7355 = CIRCLE ( 'NONE', #3777, 6.166261152084816288 ) ;
#7356 = CARTESIAN_POINT ( 'NONE',  ( 20.65000000000000213, 0.5000000000000004441, -10.25000000000000533 ) ) ;
#7357 = CARTESIAN_POINT ( 'NONE',  ( 38.41765030147767135, 0.1248391197358911658, 2.766862494131238304 ) ) ;
#7358 = DIRECTION ( 'NONE',  ( -0.000000000000000000, -0.000000000000000000, -1.000000000000000000 ) ) ;
#7359 = CARTESIAN_POINT ( 'NONE',  ( -52.38137872115429872, 9.367695482386823258, 3.818702871855311098 ) ) ;
#7360 = AXIS2_PLACEMENT_3D ( 'NONE', #8940, #5773, #3363 ) ;
#7361 = DIRECTION ( 'NONE',  ( -1.000000000000000000, -0.000000000000000000, 4.231032868236115418E-16 ) ) ;
#7362 = CARTESIAN_POINT ( 'NONE',  ( -30.13203748537932825, 5.996123729295902649, 3.614894311984931718 ) ) ;
#7363 = CARTESIAN_POINT ( 'NONE',  ( -52.40568058483292901, 9.484780085661595805, 3.641416195902957398 ) ) ;
#7364 = VERTEX_POINT ( 'NONE', #4948 ) ;
#7365 = EDGE_LOOP ( 'NONE', ( #1270, #6471, #6879, #2977 ) ) ;
#7366 = CARTESIAN_POINT ( 'NONE',  ( -22.80000000000001492, 13.30000000000000071, -13.55000000000000249 ) ) ;
#7367 = ORIENTED_EDGE ( 'NONE', *, *, #3840, .F. ) ;
#7368 = ADVANCED_FACE ( 'NONE', ( #7171 ), #3213, .F. ) ;
#7369 = VECTOR ( 'NONE', #4338, 1000.000000000000000 ) ;
#7370 = CARTESIAN_POINT ( 'NONE',  ( -52.25000000000001421, 10.30000000000000071, 2.449999999999999289 ) ) ;
#7371 = CARTESIAN_POINT ( 'NONE',  ( 31.70000000000002061, 0.2999999999999999889, 3.098623679425835942 ) ) ;
#7372 = ADVANCED_FACE ( 'NONE', ( #5111 ), #1741, .T. ) ;
#7373 = FACE_OUTER_BOUND ( 'NONE', #8503, .T. ) ;
#7374 = ORIENTED_EDGE ( 'NONE', *, *, #5265, .F. ) ;
#7375 = CARTESIAN_POINT ( 'NONE',  ( -52.40568058483291480, 9.484780085661503435, -3.641416195903036890 ) ) ;
#7376 = ORIENTED_EDGE ( 'NONE', *, *, #5161, .T. ) ;
#7377 = VECTOR ( 'NONE', #6078, 1000.000000000000000 ) ;
#7378 = EDGE_LOOP ( 'NONE', ( #1483, #5274, #4012, #3614, #8954, #200, #4278, #779, #406, #2113, #10203, #7966 ) ) ;
#7379 = DIRECTION ( 'NONE',  ( 1.000000000000000000, 0.000000000000000000, 0.000000000000000000 ) ) ;
#7380 = ADVANCED_FACE ( 'NONE', ( #9982 ), #6692, .F. ) ;
#7381 = ORIENTED_EDGE ( 'NONE', *, *, #3026, .F. ) ;
#7382 = VECTOR ( 'NONE', #10525, 1000.000000000000000 ) ;
#7383 = ORIENTED_EDGE ( 'NONE', *, *, #6629, .T. ) ;
#7384 = DIRECTION ( 'NONE',  ( 0.000000000000000000, 0.000000000000000000, 1.000000000000000000 ) ) ;
#7385 = CARTESIAN_POINT ( 'NONE',  ( 30.95000000000000284, 0.2999999999999999889, -2.350000000000003197 ) ) ;
#7386 = EDGE_CURVE ( 'NONE', #3907, #225, #8926, .T. ) ;
#7387 = DIRECTION ( 'NONE',  ( -1.000000000000000000, 0.000000000000000000, 4.476705744456300993E-16 ) ) ;
#7388 = CARTESIAN_POINT ( 'NONE',  ( -51.25000000000001421, 16.60000000000000142, -9.499999999999976907 ) ) ;
#7389 = DIRECTION ( 'NONE',  ( -0.000000000000000000, -0.000000000000000000, 1.000000000000000000 ) ) ;
#7390 = VERTEX_POINT ( 'NONE', #1053 ) ;
#7391 = ORIENTED_EDGE ( 'NONE', *, *, #2220, .T. ) ;
#7392 = CARTESIAN_POINT ( 'NONE',  ( -34.34233853611036835, 0.1265113557324328841, 8.363990808926773823 ) ) ;
#7393 = CARTESIAN_POINT ( 'NONE',  ( 47.49999999999997868, 9.000000000000001776, 12.25000000000000711 ) ) ;
#7394 = CARTESIAN_POINT ( 'NONE',  ( -52.25000000000001421, 6.902631723476097214, -3.013815789473690554 ) ) ;
#7395 = VECTOR ( 'NONE', #8436, 1000.000000000000000 ) ;
#7396 = ORIENTED_EDGE ( 'NONE', *, *, #3725, .T. ) ;
#7397 = DIRECTION ( 'NONE',  ( 0.000000000000000000, 0.000000000000000000, 1.000000000000000000 ) ) ;
#7398 = EDGE_CURVE ( 'NONE', #2265, #4375, #1894, .T. ) ;
#7399 = ORIENTED_EDGE ( 'NONE', *, *, #5966, .T. ) ;
#7400 = CARTESIAN_POINT ( 'NONE',  ( 31.62510858178179518, 0.09795398803915129904, 3.033001662233769657 ) ) ;
#7401 = CARTESIAN_POINT ( 'NONE',  ( -47.50000000000000711, 15.10000000000000142, -9.500000000000001776 ) ) ;
#7402 = PLANE ( 'NONE',  #4367 ) ;
#7403 = ORIENTED_EDGE ( 'NONE', *, *, #8748, .F. ) ;
#7404 = ORIENTED_EDGE ( 'NONE', *, *, #6811, .F. ) ;
#7405 = EDGE_CURVE ( 'NONE', #1652, #8497, #3188, .T. ) ;
#7406 = DIRECTION ( 'NONE',  ( 0.000000000000000000, 0.000000000000000000, 1.000000000000000000 ) ) ;
#7407 = ORIENTED_EDGE ( 'NONE', *, *, #6887, .F. ) ;
#7408 = LINE ( 'NONE', #9855, #4158 ) ;
#7409 = VECTOR ( 'NONE', #7764, 1000.000000000000000 ) ;
#7410 = CARTESIAN_POINT ( 'NONE',  ( -39.76146882909598901, 0.000000000000000000, 8.549999999999998934 ) ) ;
#7411 = CARTESIAN_POINT ( 'NONE',  ( 9.519658948938198861, 5.500000000000000000, 10.25000000000000178 ) ) ;
#7412 = LINE ( 'NONE', #920, #322 ) ;
#7413 = CARTESIAN_POINT ( 'NONE',  ( -52.26257746176649022, 7.976581355789556405, 4.158831838306205952 ) ) ;
#7414 = CARTESIAN_POINT ( 'NONE',  ( 20.65000000000000213, 1.000000000000000888, 8.349999999999997868 ) ) ;
#7415 = AXIS2_PLACEMENT_3D ( 'NONE', #2149, #5461, #8644 ) ;
#7416 = FACE_OUTER_BOUND ( 'NONE', #9227, .T. ) ;
#7417 = SURFACE_STYLE_FILL_AREA ( #8221 ) ;
#7418 = ORIENTED_EDGE ( 'NONE', *, *, #5228, .F. ) ;
#7419 = VERTEX_POINT ( 'NONE', #7654 ) ;
#7420 = FACE_OUTER_BOUND ( 'NONE', #418, .T. ) ;
#7421 = ORIENTED_EDGE ( 'NONE', *, *, #906, .F. ) ;
#7422 = DIRECTION ( 'NONE',  ( -1.000000000000000000, 0.000000000000000000, 0.000000000000000000 ) ) ;
#7423 = AXIS2_PLACEMENT_3D ( 'NONE', #8234, #3393, #5100 ) ;
#7424 = DIRECTION ( 'NONE',  ( 0.000000000000000000, -0.000000000000000000, 1.000000000000000000 ) ) ;
#7425 = VECTOR ( 'NONE', #6817, 1000.000000000000000 ) ;
#7426 = CARTESIAN_POINT ( 'NONE',  ( -52.27797353565425453, 7.114445991574547712, 3.207069356144089500 ) ) ;
#7427 = DIRECTION ( 'NONE',  ( -0.000000000000000000, -0.000000000000000000, 1.000000000000000000 ) ) ;
#7428 = EDGE_CURVE ( 'NONE', #1357, #7903, #3336, .T. ) ;
#7429 = ORIENTED_EDGE ( 'NONE', *, *, #8765, .F. ) ;
#7430 = CIRCLE ( 'NONE', #6572, 2.000000000000003109 ) ;
#7431 = CARTESIAN_POINT ( 'NONE',  ( 30.21257894721918191, 0.2034051652805228816, 6.632385900611301288 ) ) ;
#7432 = ORIENTED_EDGE ( 'NONE', *, *, #2966, .F. ) ;
#7433 = ORIENTED_EDGE ( 'NONE', *, *, #4262, .F. ) ;
#7434 = LINE ( 'NONE', #888, #6421 ) ;
#7435 = ORIENTED_EDGE ( 'NONE', *, *, #10235, .F. ) ;
#7436 = ORIENTED_EDGE ( 'NONE', *, *, #3450, .F. ) ;
#7437 = DIRECTION ( 'NONE',  ( 0.000000000000000000, 1.000000000000000000, 0.000000000000000000 ) ) ;
#7438 = EDGE_CURVE ( 'NONE', #3236, #6766, #9232, .T. ) ;
#7439 = ADVANCED_FACE ( 'NONE', ( #3647 ), #10187, .T. ) ;
#7440 = EDGE_CURVE ( 'NONE', #2671, #5013, #10079, .T. ) ;
#7441 = CARTESIAN_POINT ( 'NONE',  ( -52.11702421443717981, 7.910680322889249716, 4.290099133721717806 ) ) ;
#7442 = CIRCLE ( 'NONE', #2844, 2.999999999999999112 ) ;
#7443 = LINE ( 'NONE', #6746, #3558 ) ;
#7444 = FACE_OUTER_BOUND ( 'NONE', #149, .T. ) ;
#7445 = AXIS2_PLACEMENT_3D ( 'NONE', #4895, #8087, #3122 ) ;
#7446 = LINE ( 'NONE', #4263, #8245 ) ;
#7447 = ORIENTED_EDGE ( 'NONE', *, *, #3013, .T. ) ;
#7448 = ORIENTED_EDGE ( 'NONE', *, *, #1729, .T. ) ;
#7449 = DIRECTION ( 'NONE',  ( 1.000000000000000000, 0.000000000000000000, 0.000000000000000000 ) ) ;
#7450 = CIRCLE ( 'NONE', #4047, 1.600000000000000755 ) ;
#7451 = VECTOR ( 'NONE', #2357, 1000.000000000000000 ) ;
#7452 = CARTESIAN_POINT ( 'NONE',  ( 41.25000000000000000, 8.000000000000000000, 8.349999999999997868 ) ) ;
#7453 = DIRECTION ( 'NONE',  ( -0.000000000000000000, -1.000000000000000000, 0.000000000000000000 ) ) ;
#7454 = ORIENTED_EDGE ( 'NONE', *, *, #9302, .T. ) ;
#7455 = AXIS2_PLACEMENT_3D ( 'NONE', #95, #3331, #3112 ) ;
#7456 = B_SPLINE_CURVE_WITH_KNOTS ( 'NONE', 3,
 ( #2570, #3365, #6662, #4169 ),
 .UNSPECIFIED., .F., .F.,
 ( 4, 4 ),
 ( 0.000000000000000000, 7.870128501809136044E-06 ),
 .UNSPECIFIED. ) ;
#7457 = DIRECTION ( 'NONE',  ( -1.000000000000000000, 0.000000000000000000, 0.000000000000000000 ) ) ;
#7458 = ADVANCED_FACE ( 'NONE', ( #7801 ), #5266, .T. ) ;
#7459 = VERTEX_POINT ( 'NONE', #2998 ) ;
#7460 = VECTOR ( 'NONE', #5416, 1000.000000000000000 ) ;
#7461 = DIRECTION ( 'NONE',  ( -0.000000000000000000, 1.000000000000000000, -0.000000000000000000 ) ) ;
#7462 = VECTOR ( 'NONE', #3705, 1000.000000000000000 ) ;
#7463 = LINE ( 'NONE', #4321, #2500 ) ;
#7464 = EDGE_CURVE ( 'NONE', #1559, #545, #2797, .T. ) ;
#7465 = CARTESIAN_POINT ( 'NONE',  ( -52.36668385389351243, 9.199105587336569911, 3.955924138656428113 ) ) ;
#7466 = ORIENTED_EDGE ( 'NONE', *, *, #9462, .T. ) ;
#7467 = ADVANCED_FACE ( 'NONE', ( #2058 ), #510, .T. ) ;
#7468 = CARTESIAN_POINT ( 'NONE',  ( 45.25000000000000711, 1.000000000000000000, -12.25000000000000000 ) ) ;
#7469 = ORIENTED_EDGE ( 'NONE', *, *, #4668, .F. ) ;
#7470 = DIRECTION ( 'NONE',  ( 0.000000000000000000, -1.000000000000000000, 0.000000000000000000 ) ) ;
#7471 = EDGE_CURVE ( 'NONE', #2792, #9978, #7109, .T. ) ;
#7472 = AXIS2_PLACEMENT_3D ( 'NONE', #9422, #348, #8432 ) ;
#7473 = CARTESIAN_POINT ( 'NONE',  ( 38.34211819145298961, 0.2999999999999999889, -7.483866831501378769 ) ) ;
#7474 = CARTESIAN_POINT ( 'NONE',  ( -52.23908574990826992, 9.747454368529167468, 3.497160870917722875 ) ) ;
#7475 = LINE ( 'NONE', #2727, #8396 ) ;
#7476 = DIRECTION ( 'NONE',  ( -0.000000000000000000, -1.000000000000000000, 0.000000000000000000 ) ) ;
#7477 = CYLINDRICAL_SURFACE ( 'NONE', #6541, 1.900000000000000577 ) ;
#7478 = DIRECTION ( 'NONE',  ( -1.000000000000000000, -0.000000000000000000, 4.476705744456300993E-16 ) ) ;
#7479 = CARTESIAN_POINT ( 'NONE',  ( -52.45000000000001705, 8.400000000000000355, 2.925000000000030465 ) ) ;
#7480 = VERTEX_POINT ( 'NONE', #410 ) ;
#7481 = ORIENTED_EDGE ( 'NONE', *, *, #3926, .F. ) ;
#7482 = AXIS2_PLACEMENT_3D ( 'NONE', #1073, #3306, #1660 ) ;
#7483 = CARTESIAN_POINT ( 'NONE',  ( 2.099999999999991207, 13.30000000000000071, -13.35000000000019149 ) ) ;
#7484 = ORIENTED_EDGE ( 'NONE', *, *, #9462, .F. ) ;
#7485 = CARTESIAN_POINT ( 'NONE',  ( 39.38469035668907026, 5.400000000000000355, 4.549999999999998934 ) ) ;
#7486 = LINE ( 'NONE', #5037, #2022 ) ;
#7487 = AXIS2_PLACEMENT_3D ( 'NONE', #2598, #4261, #9985 ) ;
#7488 = CYLINDRICAL_SURFACE ( 'NONE', #5778, 4.341174913715429184 ) ;
#7489 = FACE_OUTER_BOUND ( 'NONE', #1086, .T. ) ;
#7490 = EDGE_LOOP ( 'NONE', ( #5771, #7407, #9181, #825 ) ) ;
#7491 = CARTESIAN_POINT ( 'NONE',  ( -29.84000000000000341, 0.5000000000000004441, 1.010032166305325429E-14 ) ) ;
#7492 = ORIENTED_EDGE ( 'NONE', *, *, #4759, .F. ) ;
#7493 = ORIENTED_EDGE ( 'NONE', *, *, #6626, .F. ) ;
#7494 = CARTESIAN_POINT ( 'NONE',  ( 45.25000000000000711, 8.000000000000000000, -12.25000000000000000 ) ) ;
#7495 = ORIENTED_EDGE ( 'NONE', *, *, #2380, .F. ) ;
#7496 = ORIENTED_EDGE ( 'NONE', *, *, #1252, .T. ) ;
#7497 = DIRECTION ( 'NONE',  ( 0.000000000000000000, 0.000000000000000000, -1.000000000000000000 ) ) ;
#7498 = ADVANCED_FACE ( 'NONE', ( #8595 ), #6999, .T. ) ;
#7499 = CARTESIAN_POINT ( 'NONE',  ( -52.23028309663555291, 7.216839901680547342, 3.680390056226301443 ) ) ;
#7500 = CARTESIAN_POINT ( 'NONE',  ( -52.25000000000001421, 6.499999999999999112, 2.449999999999999289 ) ) ;
#7501 = DIRECTION ( 'NONE',  ( -1.000000000000000000, -0.000000000000000000, -0.000000000000000000 ) ) ;
#7502 = ORIENTED_EDGE ( 'NONE', *, *, #3368, .T. ) ;
#7503 = ORIENTED_EDGE ( 'NONE', *, *, #3718, .F. ) ;
#7504 = LINE ( 'NONE', #2655, #4677 ) ;
#7505 = EDGE_CURVE ( 'NONE', #916, #688, #4311, .T. ) ;
#7506 = CARTESIAN_POINT ( 'NONE',  ( 6.944920150553280713, 0.000000000000000000, 12.02895455526717150 ) ) ;
#7507 = FACE_OUTER_BOUND ( 'NONE', #79, .T. ) ;
#7508 = EDGE_CURVE ( 'NONE', #4716, #5580, #2206, .T. ) ;
#7509 = CARTESIAN_POINT ( 'NONE',  ( -2.000000000000008882, 13.30000000000000071, -12.35000000000019149 ) ) ;
#7510 =( BOUNDED_CURVE ( )  B_SPLINE_CURVE ( 3, ( #4518, #7014, #10363, #3070 ),
 .UNSPECIFIED., .F., .F. ) 
 B_SPLINE_CURVE_WITH_KNOTS ( ( 4, 4 ),
 ( 3.624580542955738505, 4.712388980384689674 ),
 .UNSPECIFIED. ) 
 CURVE ( )  GEOMETRIC_REPRESENTATION_ITEM ( )  RATIONAL_B_SPLINE_CURVE ( ( 1.000000000000000000, 0.9037965667448141227, 0.9037965667448141227, 1.000000000000000000 ) ) 
 REPRESENTATION_ITEM ( '' )  );
#7511 = ORIENTED_EDGE ( 'NONE', *, *, #1378, .T. ) ;
#7512 = DIRECTION ( 'NONE',  ( -1.971236424878464058E-15, 0.000000000000000000, -1.000000000000000000 ) ) ;
#7513 = DIRECTION ( 'NONE',  ( -1.000000000000000000, 0.000000000000000000, 3.652049423109075222E-16 ) ) ;
#7514 = PLANE ( 'NONE',  #1974 ) ;
#7515 = VERTEX_POINT ( 'NONE', #4457 ) ;
#7516 = DIRECTION ( 'NONE',  ( 0.000000000000000000, 1.000000000000000000, -0.000000000000000000 ) ) ;
#7517 = ORIENTED_EDGE ( 'NONE', *, *, #6974, .F. ) ;
#7518 = CARTESIAN_POINT ( 'NONE',  ( -45.20000000000000284, 16.60000000000000142, -6.750000000000000888 ) ) ;
#7519 = EDGE_CURVE ( 'NONE', #3462, #3632, #4405, .T. ) ;
#7520 = LINE ( 'NONE', #5979, #4023 ) ;
#7521 = EDGE_CURVE ( 'NONE', #3467, #4463, #7700, .T. ) ;
#7522 = CARTESIAN_POINT ( 'NONE',  ( -52.41871936047785852, 9.547599905068059556, 3.546295943922747718 ) ) ;
#7523 = CARTESIAN_POINT ( 'NONE',  ( -30.57847976130367584, 5.975861024595712223, -8.875928149811134205 ) ) ;
#7524 = LINE ( 'NONE', #1189, #5533 ) ;
#7525 = CARTESIAN_POINT ( 'NONE',  ( 30.20000000000002416, 0.5000000000000000000, 3.098623679425827060 ) ) ;
#7526 = LINE ( 'NONE', #4335, #10284 ) ;
#7527 = ORIENTED_EDGE ( 'NONE', *, *, #4080, .T. ) ;
#7528 = ORIENTED_EDGE ( 'NONE', *, *, #8367, .F. ) ;
#7529 = EDGE_CURVE ( 'NONE', #467, #890, #3201, .T. ) ;
#7530 = CARTESIAN_POINT ( 'NONE',  ( -45.19999999999994600, 16.60000000000000142, -13.55000000000000249 ) ) ;
#7531 = ORIENTED_EDGE ( 'NONE', *, *, #1255, .F. ) ;
#7532 = DIRECTION ( 'NONE',  ( 1.000000000000000000, 0.000000000000000000, 0.000000000000000000 ) ) ;
#7533 = CARTESIAN_POINT ( 'NONE',  ( 41.25000000000000000, -29.13279938488576448, 8.349999999999997868 ) ) ;
#7534 = AXIS2_PLACEMENT_3D ( 'NONE', #7787, #3738, #1931 ) ;
#7535 = CARTESIAN_POINT ( 'NONE',  ( 30.95000000000000284, 0.5000000000000000000, -2.350000000000003197 ) ) ;
#7536 = CARTESIAN_POINT ( 'NONE',  ( 35.23139739626869016, -1.503483481376382510E-15, -5.419905151940268340 ) ) ;
#7537 = VERTEX_POINT ( 'NONE', #6113 ) ;
#7538 = EDGE_CURVE ( 'NONE', #5147, #3467, #9343, .T. ) ;
#7539 = FACE_OUTER_BOUND ( 'NONE', #3847, .T. ) ;
#7540 = ORIENTED_EDGE ( 'NONE', *, *, #7820, .F. ) ;
#7541 = ORIENTED_EDGE ( 'NONE', *, *, #85, .T. ) ;
#7542 = CARTESIAN_POINT ( 'NONE',  ( 43.25000000000000711, 5.500000000000000000, -12.25000000000000178 ) ) ;
#7543 = VERTEX_POINT ( 'NONE', #9488 ) ;
#7544 = VERTEX_POINT ( 'NONE', #1306 ) ;
#7545 = LINE ( 'NONE', #3399, #8140 ) ;
#7546 = AXIS2_PLACEMENT_3D ( 'NONE', #8840, #10265, #6237 ) ;
#7547 = EDGE_CURVE ( 'NONE', #5147, #10424, #1256, .T. ) ;
#7548 = DIRECTION ( 'NONE',  ( 2.668805347656624115E-15, 0.000000000000000000, 1.000000000000000000 ) ) ;
#7549 = CARTESIAN_POINT ( 'NONE',  ( -45.00000000000001421, 6.500000000000000888, -8.354356076261030495 ) ) ;
#7550 = AXIS2_PLACEMENT_3D ( 'NONE', #9506, #3176, #4037 ) ;
#7551 = ORIENTED_EDGE ( 'NONE', *, *, #3622, .F. ) ;
#7552 = EDGE_LOOP ( 'NONE', ( #6213, #9659, #5381, #3550 ) ) ;
#7553 = CARTESIAN_POINT ( 'NONE',  ( 23.13039777241904460, 0.000000000000000000, -7.384264693320294448 ) ) ;
#7554 = PLANE ( 'NONE',  #6858 ) ;
#7555 = CIRCLE ( 'NONE', #3645, 1.600000000000000755 ) ;
#7556 = CARTESIAN_POINT ( 'NONE',  ( 20.66000000000000369, 5.500000000000000000, 10.25000000000000178 ) ) ;
#7557 = ORIENTED_EDGE ( 'NONE', *, *, #3485, .T. ) ;
#7558 = CARTESIAN_POINT ( 'NONE',  ( -8.107033542344556309, 11.00000000000000178, 14.04179399400123351 ) ) ;
#7559 = EDGE_CURVE ( 'NONE', #47, #87, #2306, .T. ) ;
#7560 = CYLINDRICAL_SURFACE ( 'NONE', #10145, 3.000000000000002665 ) ;
#7561 = VECTOR ( 'NONE', #9580, 1000.000000000000000 ) ;
#7562 = DIRECTION ( 'NONE',  ( -0.000000000000000000, 1.000000000000000000, -0.000000000000000000 ) ) ;
#7563 = ORIENTED_EDGE ( 'NONE', *, *, #2193, .F. ) ;
#7564 = CARTESIAN_POINT ( 'NONE',  ( 20.65000000000000213, 0.1999999999999987899, 8.349999999999997868 ) ) ;
#7565 = EDGE_LOOP ( 'NONE', ( #4454, #2141, #3531, #49, #6304, #2392, #2435, #8173, #874, #9866, #9975, #5034 ) ) ;
#7566 = EDGE_CURVE ( 'NONE', #5099, #8959, #666, .T. ) ;
#7567 = ADVANCED_FACE ( 'NONE', ( #3216, #9701 ), #4870, .T. ) ;
#7568 =( BOUNDED_CURVE ( )  B_SPLINE_CURVE ( 3, ( #1884, #3540, #3319, #6785 ),
 .UNSPECIFIED., .F., .F. ) 
 B_SPLINE_CURVE_WITH_KNOTS ( ( 4, 4 ),
 ( 4.712388980384689674, 5.906926873010757362 ),
 .UNSPECIFIED. ) 
 CURVE ( )  GEOMETRIC_REPRESENTATION_ITEM ( )  RATIONAL_B_SPLINE_CURVE ( ( 1.000000000000000000, 0.8845830693046154991, 0.8845830693046154991, 1.000000000000000000 ) ) 
 REPRESENTATION_ITEM ( '' )  );
#7569 = CARTESIAN_POINT ( 'NONE',  ( -52.00000000000002132, 17.60000000000000142, 6.749999999999946709 ) ) ;
#7570 = VECTOR ( 'NONE', #4272, 1000.000000000000000 ) ;
#7571 = DIRECTION ( 'NONE',  ( -0.000000000000000000, 0.000000000000000000, 1.000000000000000000 ) ) ;
#7572 = ADVANCED_FACE ( 'NONE', ( #828 ), #2468, .F. ) ;
#7573 = CARTESIAN_POINT ( 'NONE',  ( -52.40568058483292901, 9.484780085661595805, 3.641416195902957398 ) ) ;
#7574 = CARTESIAN_POINT ( 'NONE',  ( -52.20875532609003500, 7.354050044790870544, 3.880259791441486694 ) ) ;
#7575 = CARTESIAN_POINT ( 'NONE',  ( -52.20882673044052780, 7.353325638946570209, -3.879343854972125083 ) ) ;
#7576 = FACE_OUTER_BOUND ( 'NONE', #2187, .T. ) ;
#7577 = CARTESIAN_POINT ( 'NONE',  ( 38.76960222758092556, 0.000000000000000000, -7.384264693320337969 ) ) ;
#7578 = ORIENTED_EDGE ( 'NONE', *, *, #1003, .T. ) ;
#7579 = VERTEX_POINT ( 'NONE', #5729 ) ;
#7580 = CARTESIAN_POINT ( 'NONE',  ( 39.08172798364529399, -1.697056274847719815, 6.181727983645293634 ) ) ;
#7581 = VECTOR ( 'NONE', #3344, 1000.000000000000000 ) ;
#7582 = EDGE_LOOP ( 'NONE', ( #5549, #1790, #1712, #205 ) ) ;
#7583 = CARTESIAN_POINT ( 'NONE',  ( 47.49999999999999289, 8.000000000000000000, 9.500000000000000000 ) ) ;
#7584 = ADVANCED_FACE ( 'NONE', ( #4764, #3854 ), #711, .T. ) ;
#7585 = PLANE ( 'NONE',  #4410 ) ;
#7586 = EDGE_CURVE ( 'NONE', #8755, #4440, #6782, .T. ) ;
#7587 = CARTESIAN_POINT ( 'NONE',  ( -51.95000000000000995, 7.083039804977544485, 3.819531249999947864 ) ) ;
#7588 = VECTOR ( 'NONE', #3828, 1000.000000000000000 ) ;
#7589 = CARTESIAN_POINT ( 'NONE',  ( -51.95000000000000995, 8.400000000000000355, -2.449999999999999734 ) ) ;
#7590 = EDGE_LOOP ( 'NONE', ( #2695, #674, #9224, #6542 ) ) ;
#7591 = LINE ( 'NONE', #6050, #5389 ) ;
#7592 = ORIENTED_EDGE ( 'NONE', *, *, #3753, .F. ) ;
#7593 = EDGE_LOOP ( 'NONE', ( #10159, #9419, #7517, #9523 ) ) ;
#7594 = EDGE_CURVE ( 'NONE', #778, #3327, #9489, .T. ) ;
#7595 = CARTESIAN_POINT ( 'NONE',  ( -52.40568058483292901, 9.651669329609534387, 3.751634072195715319 ) ) ;
#7596 = ORIENTED_EDGE ( 'NONE', *, *, #6291, .F. ) ;
#7597 = CARTESIAN_POINT ( 'NONE',  ( -2.036682489283829767E-14, 11.00000000000000178, 14.75000000000003553 ) ) ;
#7598 = CIRCLE ( 'NONE', #3832, 2.999999999999999112 ) ;
#7599 = CARTESIAN_POINT ( 'NONE',  ( 30.95000000000000284, -0.0009999999999999158867, -2.350000000000003197 ) ) ;
#7600 = ADVANCED_FACE ( 'NONE', ( #6461 ), #602, .T. ) ;
#7601 = DIRECTION ( 'NONE',  ( 0.000000000000000000, 1.000000000000000000, -0.000000000000000000 ) ) ;
#7602 = AXIS2_PLACEMENT_3D ( 'NONE', #6834, #8531, #6194 ) ;
#7603 = ORIENTED_EDGE ( 'NONE', *, *, #10413, .F. ) ;
#7604 = ORIENTED_EDGE ( 'NONE', *, *, #3346, .T. ) ;
#7605 = ORIENTED_EDGE ( 'NONE', *, *, #6259, .F. ) ;
#7606 = DIRECTION ( 'NONE',  ( -1.000000000000000000, -0.000000000000000000, -0.000000000000000000 ) ) ;
#7607 = DIRECTION ( 'NONE',  ( -0.000000000000000000, 1.000000000000000000, -0.000000000000000000 ) ) ;
#7608 = VECTOR ( 'NONE', #6559, 1000.000000000000000 ) ;
#7609 = VECTOR ( 'NONE', #9362, 1000.000000000000000 ) ;
#7610 = AXIS2_PLACEMENT_3D ( 'NONE', #5439, #6970, #10308 ) ;
#7611 = CARTESIAN_POINT ( 'NONE',  ( 47.49999999999999289, 3.000000000000000000, 10.35000000000000142 ) ) ;
#7612 = AXIS2_PLACEMENT_3D ( 'NONE', #8727, #10211, #2286 ) ;
#7613 = VECTOR ( 'NONE', #5639, 1000.000000000000114 ) ;
#7614 = VERTEX_POINT ( 'NONE', #7321 ) ;
#7615 = CARTESIAN_POINT ( 'NONE',  ( -31.51661123066064363, 3.000000000000000000, -3.615000000000000213 ) ) ;
#7616 = DIRECTION ( 'NONE',  ( -1.374038396813312538E-16, 0.000000000000000000, -1.000000000000000000 ) ) ;
#7617 = ORIENTED_EDGE ( 'NONE', *, *, #7623, .T. ) ;
#7618 = VECTOR ( 'NONE', #5524, 1000.000000000000000 ) ;
#7619 = CARTESIAN_POINT ( 'NONE',  ( -39.63977263648107652, 0.2000000000000000111, -3.615000000000000213 ) ) ;
#7620 = B_SPLINE_CURVE_WITH_KNOTS ( 'NONE', 3,
 ( #8678, #6185, #9415, #1491, #491, #9519, #4588, #6234 ),
 .UNSPECIFIED., .F., .F.,
 ( 4, 2, 2, 4 ),
 ( -3.466145320679517162E-06, 0.0002882777914485967958, 0.0004341497598332349529, 0.0005800217282178731643 ),
 .UNSPECIFIED. ) ;
#7621 = ORIENTED_EDGE ( 'NONE', *, *, #9341, .F. ) ;
#7622 = VECTOR ( 'NONE', #7116, 1000.000000000000000 ) ;
#7623 = EDGE_CURVE ( 'NONE', #4679, #4637, #3961, .T. ) ;
#7624 = LINE ( 'NONE', #4377, #6280 ) ;
#7625 = VECTOR ( 'NONE', #6745, 1000.000000000000000 ) ;
#7626 = CARTESIAN_POINT ( 'NONE',  ( -25.50000000000004263, 11.00000000000000178, -6.805453636524403956E-14 ) ) ;
#7627 = LINE ( 'NONE', #6872, #9567 ) ;
#7628 = CARTESIAN_POINT ( 'NONE',  ( -52.26931696081984313, 7.422005477805896589, 3.806794915005424773 ) ) ;
#7629 = EDGE_CURVE ( 'NONE', #3490, #6797, #4738, .T. ) ;
#7630 = CARTESIAN_POINT ( 'NONE',  ( -52.26328285338848900, 7.873257469887147586, -4.118260431646167063 ) ) ;
#7631 = ADVANCED_FACE ( 'NONE', ( #5624 ), #1510, .T. ) ;
#7632 = DIRECTION ( 'NONE',  ( 0.000000000000000000, -1.000000000000000000, -2.891205793294682764E-16 ) ) ;
#7633 = LINE ( 'NONE', #3530, #8767 ) ;
#7634 = ORIENTED_EDGE ( 'NONE', *, *, #5298, .T. ) ;
#7635 = ORIENTED_EDGE ( 'NONE', *, *, #2045, .F. ) ;
#7636 = CARTESIAN_POINT ( 'NONE',  ( 30.95000000000000284, 0.2999999999999999889, -2.350000000000003197 ) ) ;
#7637 = ADVANCED_FACE ( 'NONE', ( #10446 ), #9752, .F. ) ;
#7638 = ORIENTED_EDGE ( 'NONE', *, *, #6813, .T. ) ;
#7639 = CARTESIAN_POINT ( 'NONE',  ( 9.130079849446664397, 0.2999999999999999889, -15.81376217640248427 ) ) ;
#7640 = AXIS2_PLACEMENT_3D ( 'NONE', #9073, #4128, #1040 ) ;
#7641 = AXIS2_PLACEMENT_3D ( 'NONE', #8010, #7158, #770 ) ;
#7642 = DIRECTION ( 'NONE',  ( 0.000000000000000000, 0.000000000000000000, -1.000000000000000000 ) ) ;
#7643 = FACE_OUTER_BOUND ( 'NONE', #5395, .T. ) ;
#7644 = LINE ( 'NONE', #351, #8621 ) ;
#7645 = VECTOR ( 'NONE', #8104, 1000.000000000000000 ) ;
#7646 = DIRECTION ( 'NONE',  ( 1.000000000000000000, 0.000000000000000000, -1.176083712526649195E-16 ) ) ;
#7647 = ORIENTED_EDGE ( 'NONE', *, *, #1896, .F. ) ;
#7648 = CARTESIAN_POINT ( 'NONE',  ( 30.95000000000000284, 0.000000000000000000, -2.350000000000003197 ) ) ;
#7649 = VERTEX_POINT ( 'NONE', #7106 ) ;
#7650 = ORIENTED_EDGE ( 'NONE', *, *, #10106, .T. ) ;
#7651 = CARTESIAN_POINT ( 'NONE',  ( -50.25000000000000711, 10.30000000000000071, -2.449999999999999289 ) ) ;
#7652 = ORIENTED_EDGE ( 'NONE', *, *, #81, .F. ) ;
#7653 = AXIS2_PLACEMENT_3D ( 'NONE', #6081, #382, #5528 ) ;
#7654 = CARTESIAN_POINT ( 'NONE',  ( -20.00000000000001066, 15.10000000000000142, -12.25000000000000000 ) ) ;
#7655 = EDGE_CURVE ( 'NONE', #1673, #10046, #8152, .T. ) ;
#7656 = DIRECTION ( 'NONE',  ( 0.000000000000000000, 0.000000000000000000, 1.000000000000000000 ) ) ;
#7657 = EDGE_CURVE ( 'NONE', #7206, #4989, #7958, .T. ) ;
#7658 = ADVANCED_FACE ( 'NONE', ( #3102 ), #6352, .T. ) ;
#7659 = CARTESIAN_POINT ( 'NONE',  ( -31.27472780755320869, 0.000000000000000000, 3.415000000000000036 ) ) ;
#7660 = CYLINDRICAL_SURFACE ( 'NONE', #4879, 0.1999999999999987899 ) ;
#7661 = ORIENTED_EDGE ( 'NONE', *, *, #5228, .T. ) ;
#7662 = EDGE_LOOP ( 'NONE', ( #10254, #6645, #10003, #1151 ) ) ;
#7663 = ORIENTED_EDGE ( 'NONE', *, *, #3801, .T. ) ;
#7664 = DIRECTION ( 'NONE',  ( 0.000000000000000000, 0.000000000000000000, -1.000000000000000000 ) ) ;
#7665 = DIRECTION ( 'NONE',  ( 0.000000000000000000, 1.000000000000000000, -0.000000000000000000 ) ) ;
#7666 = FACE_OUTER_BOUND ( 'NONE', #1083, .T. ) ;
#7667 = ORIENTED_EDGE ( 'NONE', *, *, #8993, .F. ) ;
#7668 = DIRECTION ( 'NONE',  ( -1.000000000000000000, 0.000000000000000000, 1.971236424878472341E-15 ) ) ;
#7669 = FACE_OUTER_BOUND ( 'NONE', #3862, .T. ) ;
#7670 = ORIENTED_EDGE ( 'NONE', *, *, #3101, .F. ) ;
#7671 = EDGE_CURVE ( 'NONE', #1624, #643, #1514, .T. ) ;
#7672 = CARTESIAN_POINT ( 'NONE',  ( 47.49999999999999289, 3.000000000000000000, 8.650000000000002132 ) ) ;
#7673 = VERTEX_POINT ( 'NONE', #8177 ) ;
#7674 = ADVANCED_FACE ( 'NONE', ( #8229 ), #9024, .T. ) ;
#7675 = DIRECTION ( 'NONE',  ( -0.000000000000000000, 1.000000000000000000, -0.000000000000000000 ) ) ;
#7676 = DIRECTION ( 'NONE',  ( -0.000000000000000000, -0.000000000000000000, 1.000000000000000000 ) ) ;
#7677 = CARTESIAN_POINT ( 'NONE',  ( -35.06554871542299878, 0.000000000000000000, -9.049999999999998934 ) ) ;
#7678 = CARTESIAN_POINT ( 'NONE',  ( -34.31252571724582623, 0.2000000000000011768, -8.849999999999997868 ) ) ;
#7679 = CARTESIAN_POINT ( 'NONE',  ( -51.95000000000000995, 6.800000000000000711, 2.449999999999999289 ) ) ;
#7680 = CARTESIAN_POINT ( 'NONE',  ( 37.45000000000000284, 1.000000000000000000, 0.000000000000000000 ) ) ;
#7681 = VERTEX_POINT ( 'NONE', #1730 ) ;
#7682 = ORIENTED_EDGE ( 'NONE', *, *, #2876, .T. ) ;
#7683 = PLANE ( 'NONE',  #6853 ) ;
#7684 = EDGE_LOOP ( 'NONE', ( #7503, #4606, #7757, #6713, #10051, #2640, #4930, #7697, #9339, #9493, #1300, #3444, #7563, #8769, #2909, #2084, #5286, #10293, #4496, #4298, #1261, #6487 ) ) ;
#7685 = CARTESIAN_POINT ( 'NONE',  ( -20.00000000000001066, 15.19999999999999929, -14.75000000000000355 ) ) ;
#7686 = DIRECTION ( 'NONE',  ( 0.000000000000000000, 0.000000000000000000, 1.000000000000000000 ) ) ;
#7687 = LINE ( 'NONE', #2984, #319 ) ;
#7688 = DIRECTION ( 'NONE',  ( 1.971236424878464058E-15, 0.000000000000000000, 1.000000000000000000 ) ) ;
#7689 = CARTESIAN_POINT ( 'NONE',  ( -30.30484636607248561, -1.468623938954177977, -20.34067203111825251 ) ) ;
#7690 = ORIENTED_EDGE ( 'NONE', *, *, #9341, .T. ) ;
#7691 = DIRECTION ( 'NONE',  ( -0.000000000000000000, 1.000000000000000000, -0.000000000000000000 ) ) ;
#7692 = DIRECTION ( 'NONE',  ( -0.000000000000000000, -1.000000000000000000, 0.000000000000000000 ) ) ;
#7693 = EDGE_LOOP ( 'NONE', ( #2913, #4323, #6470, #8072, #7082, #8838, #2001, #2744, #1512, #6019 ) ) ;
#7694 = ORIENTED_EDGE ( 'NONE', *, *, #82, .T. ) ;
#7695 = EDGE_CURVE ( 'NONE', #7800, #9348, #9535, .T. ) ;
#7696 = CARTESIAN_POINT ( 'NONE',  ( -30.03104001501887055, 5.998805320117242879, 8.744992356513241916 ) ) ;
#7697 = ORIENTED_EDGE ( 'NONE', *, *, #4569, .F. ) ;
#7698 = CIRCLE ( 'NONE', #7011, 1.900000000000000577 ) ;
#7699 = EDGE_CURVE ( 'NONE', #535, #3462, #6615, .T. ) ;
#7700 = LINE ( 'NONE', #10133, #7797 ) ;
#7701 = LINE ( 'NONE', #1212, #6608 ) ;
#7702 = LINE ( 'NONE', #6902, #2952 ) ;
#7703 = DIRECTION ( 'NONE',  ( -1.000000000000000000, 0.000000000000000000, 0.000000000000000000 ) ) ;
#7704 = ORIENTED_EDGE ( 'NONE', *, *, #4502, .F. ) ;
#7705 = VECTOR ( 'NONE', #10216, 1000.000000000000000 ) ;
#7706 = ORIENTED_EDGE ( 'NONE', *, *, #7901, .T. ) ;
#7707 = VERTEX_POINT ( 'NONE', #5794 ) ;
#7708 = CARTESIAN_POINT ( 'NONE',  ( 50.25000000000000000, 13.00000000000000178, -4.000000000000000000 ) ) ;
#7709 = DIRECTION ( 'NONE',  ( -1.000000000000000000, 0.000000000000000000, 7.485322442186879976E-17 ) ) ;
#7710 = EDGE_CURVE ( 'NONE', #688, #47, #7486, .T. ) ;
#7711 = VECTOR ( 'NONE', #5170, 1000.000000000000114 ) ;
#7712 = CARTESIAN_POINT ( 'NONE',  ( 30.43292408117201475, -1.334076891925523034E-17, -11.56869301635388858 ) ) ;
#7713 = ADVANCED_FACE ( 'NONE', ( #932 ), #7585, .F. ) ;
#7714 = ORIENTED_EDGE ( 'NONE', *, *, #8832, .F. ) ;
#7715 = DIRECTION ( 'NONE',  ( -1.000000000000000000, 0.000000000000000000, 0.000000000000000000 ) ) ;
#7716 = DIRECTION ( 'NONE',  ( -0.8660254037844380415, -0.000000000000000000, 0.5000000000000009992 ) ) ;
#7717 = ORIENTED_EDGE ( 'NONE', *, *, #8944, .F. ) ;
#7718 = CARTESIAN_POINT ( 'NONE',  ( 20.65000000000000213, 0.5000000000000004441, -10.25000000000000533 ) ) ;
#7719 = VECTOR ( 'NONE', #5590, 1000.000000000000000 ) ;
#7720 = ORIENTED_EDGE ( 'NONE', *, *, #6452, .F. ) ;
#7721 = CARTESIAN_POINT ( 'NONE',  ( 0.000000000000000000, 11.00000000000000178, -12.25000000000000178 ) ) ;
#7722 = ADVANCED_FACE ( 'NONE', ( #143 ), #8284, .T. ) ;
#7723 = CARTESIAN_POINT ( 'NONE',  ( 36.04364652204419883, 0.2999999999999999889, -4.424792786874605532 ) ) ;
#7724 = LINE ( 'NONE', #6929, #7382 ) ;
#7725 = EDGE_CURVE ( 'NONE', #2234, #1274, #6630, .T. ) ;
#7726 = CARTESIAN_POINT ( 'NONE',  ( 0.000000000000000000, 13.30000000000000071, -14.75000000000000178 ) ) ;
#7727 = LINE ( 'NONE', #1975, #7765 ) ;
#7728 = CARTESIAN_POINT ( 'NONE',  ( -30.13203748537936733, 5.996123729295902649, -3.614894311984932607 ) ) ;
#7729 = ORIENTED_EDGE ( 'NONE', *, *, #9021, .F. ) ;
#7730 = EDGE_LOOP ( 'NONE', ( #8162, #4850, #7055, #7919 ) ) ;
#7731 = DIRECTION ( 'NONE',  ( -0.000000000000000000, -1.000000000000000000, 0.000000000000000000 ) ) ;
#7732 = EDGE_LOOP ( 'NONE', ( #583, #7083, #8786, #10039, #4487, #9928 ) ) ;
#7733 = FACE_OUTER_BOUND ( 'NONE', #1753, .T. ) ;
#7734 = CIRCLE ( 'NONE', #765, 2.750000000000007550 ) ;
#7735 = PLANE ( 'NONE',  #5096 ) ;
#7736 = LINE ( 'NONE', #10069, #8978 ) ;
#7737 = CARTESIAN_POINT ( 'NONE',  ( -45.19999999999994600, 15.19999999999999929, 11.75000000000000711 ) ) ;
#7738 = CARTESIAN_POINT ( 'NONE',  ( 35.27426189721742134, 0.09795398803914998065, -5.626162013252804073 ) ) ;
#7739 = CIRCLE ( 'NONE', #7900, 0.6000000000000007550 ) ;
#7740 = DIRECTION ( 'NONE',  ( -0.000000000000000000, 1.000000000000000000, -0.000000000000000000 ) ) ;
#7741 = CARTESIAN_POINT ( 'NONE',  ( -53.20000000000000995, 3.000000000000000000, -6.749999999999940492 ) ) ;
#7742 = ORIENTED_EDGE ( 'NONE', *, *, #9931, .T. ) ;
#7743 = ORIENTED_EDGE ( 'NONE', *, *, #2305, .F. ) ;
#7744 = LINE ( 'NONE', #10076, #1324 ) ;
#7745 = ORIENTED_EDGE ( 'NONE', *, *, #6293, .F. ) ;
#7746 = DIRECTION ( 'NONE',  ( 0.000000000000000000, 0.000000000000000000, 1.000000000000000000 ) ) ;
#7747 = VECTOR ( 'NONE', #4672, 1000.000000000000000 ) ;
#7748 = DIRECTION ( 'NONE',  ( 0.000000000000000000, 0.000000000000000000, 1.000000000000000000 ) ) ;
#7749 = EDGE_CURVE ( 'NONE', #9641, #6580, #197, .T. ) ;
#7750 = DIRECTION ( 'NONE',  ( -0.000000000000000000, -0.000000000000000000, 1.000000000000000000 ) ) ;
#7751 = CARTESIAN_POINT ( 'NONE',  ( 30.19999999999998153, 0.2999999999999999889, -7.798623679425841893 ) ) ;
#7752 = ORIENTED_EDGE ( 'NONE', *, *, #2247, .F. ) ;
#7753 = EDGE_CURVE ( 'NONE', #3669, #6052, #166, .T. ) ;
#7754 = EDGE_CURVE ( 'NONE', #9195, #4301, #2688, .T. ) ;
#7755 = DIRECTION ( 'NONE',  ( 0.000000000000000000, 0.000000000000000000, 1.000000000000000000 ) ) ;
#7756 = CIRCLE ( 'NONE', #8931, 0.2999999999999999334 ) ;
#7757 = ORIENTED_EDGE ( 'NONE', *, *, #51, .T. ) ;
#7758 = CARTESIAN_POINT ( 'NONE',  ( 31.40000000000002345, 0.000000000000000000, 6.939106523234631396 ) ) ;
#7759 = DIRECTION ( 'NONE',  ( 0.000000000000000000, 0.000000000000000000, 1.000000000000000000 ) ) ;
#7760 = EDGE_CURVE ( 'NONE', #9790, #2684, #9163, .T. ) ;
#7761 = AXIS2_PLACEMENT_3D ( 'NONE', #2210, #9494, #1407 ) ;
#7762 = PLANE ( 'NONE',  #3172 ) ;
#7763 = EDGE_LOOP ( 'NONE', ( #5262, #2563, #9381, #8850 ) ) ;
#7764 = DIRECTION ( 'NONE',  ( 0.000000000000000000, 0.000000000000000000, -1.000000000000000000 ) ) ;
#7765 = VECTOR ( 'NONE', #8522, 1000.000000000000000 ) ;
#7766 = CIRCLE ( 'NONE', #125, 0.2999999999999999334 ) ;
#7767 = CARTESIAN_POINT ( 'NONE',  ( -31.11939691791956974, 0.5000000000000004441, -20.34067203111825251 ) ) ;
#7768 = ORIENTED_EDGE ( 'NONE', *, *, #5316, .F. ) ;
#7769 = CARTESIAN_POINT ( 'NONE',  ( -52.11888654234441276, 7.449723205157722461, -4.114386614190038038 ) ) ;
#7770 = ORIENTED_EDGE ( 'NONE', *, *, #220, .F. ) ;
#7771 = AXIS2_PLACEMENT_3D ( 'NONE', #4510, #10195, #1866 ) ;
#7772 = DIRECTION ( 'NONE',  ( 0.000000000000000000, 1.000000000000000000, 0.000000000000000000 ) ) ;
#7773 = AXIS2_PLACEMENT_3D ( 'NONE', #4035, #6789, #8192 ) ;
#7774 = EDGE_CURVE ( 'NONE', #10441, #2711, #9123, .T. ) ;
#7775 = DIRECTION ( 'NONE',  ( -0.4999999999999987232, 0.000000000000000000, 0.8660254037844394848 ) ) ;
#7776 = CARTESIAN_POINT ( 'NONE',  ( 41.25000000000000000, 1.000000000000000000, 4.549999999999997158 ) ) ;
#7777 = EDGE_CURVE ( 'NONE', #3851, #4168, #83, .T. ) ;
#7778 = CARTESIAN_POINT ( 'NONE',  ( -31.27472780755320869, 0.000000000000000000, -2.765000000000000124 ) ) ;
#7779 = EDGE_CURVE ( 'NONE', #837, #6134, #7568, .T. ) ;
#7780 = CARTESIAN_POINT ( 'NONE',  ( 31.39999999999997726, 0.000000000000000000, -11.63910652323463957 ) ) ;
#7781 = DIRECTION ( 'NONE',  ( 1.000000000000000000, 0.000000000000000000, 1.871330610546719070E-17 ) ) ;
#7782 = ORIENTED_EDGE ( 'NONE', *, *, #1659, .T. ) ;
#7783 = ORIENTED_EDGE ( 'NONE', *, *, #5316, .T. ) ;
#7784 = CARTESIAN_POINT ( 'NONE',  ( -35.24172192299145934, 0.2946731267839041712, -20.34067203111825251 ) ) ;
#7785 = EDGE_CURVE ( 'NONE', #8743, #9923, #9177, .T. ) ;
#7786 = ORIENTED_EDGE ( 'NONE', *, *, #1902, .F. ) ;
#7787 = CARTESIAN_POINT ( 'NONE',  ( -2.000000000000008882, 13.30000000000000071, 12.35000000000019149 ) ) ;
#7788 = CIRCLE ( 'NONE', #6768, 0.8500000000000000888 ) ;
#7789 = CARTESIAN_POINT ( 'NONE',  ( -2.000000000000008882, 15.10000000000000142, 12.35000000000019149 ) ) ;
#7790 = LINE ( 'NONE', #2787, #2994 ) ;
#7791 = LINE ( 'NONE', #2197, #6926 ) ;
#7792 = CARTESIAN_POINT ( 'NONE',  ( 39.08172798364529399, 0.5000000000000000000, 6.181727983645293634 ) ) ;
#7793 = CARTESIAN_POINT ( 'NONE',  ( -35.26554871542300162, 0.1999999999999987899, 3.615000000000000213 ) ) ;
#7794 = DIRECTION ( 'NONE',  ( 0.000000000000000000, 0.000000000000000000, 1.000000000000000000 ) ) ;
#7795 = VERTEX_POINT ( 'NONE', #2533 ) ;
#7796 = ORIENTED_EDGE ( 'NONE', *, *, #9198, .F. ) ;
#7797 = VECTOR ( 'NONE', #2155, 1000.000000000000000 ) ;
#7798 = CARTESIAN_POINT ( 'NONE',  ( -29.84000000000000696, -5.002961977226933143, -20.34067203111825251 ) ) ;
#7799 = CIRCLE ( 'NONE', #3202, 9.000000000000012434 ) ;
#7800 = VERTEX_POINT ( 'NONE', #8381 ) ;
#7801 = FACE_OUTER_BOUND ( 'NONE', #2039, .T. ) ;
#7802 = VECTOR ( 'NONE', #539, 1000.000000000000000 ) ;
#7803 = DIRECTION ( 'NONE',  ( 1.000000000000000000, 0.000000000000000000, 0.000000000000000000 ) ) ;
#7804 = CYLINDRICAL_SURFACE ( 'NONE', #8403, 2.000000000000000000 ) ;
#7805 = ORIENTED_EDGE ( 'NONE', *, *, #6556, .T. ) ;
#7806 = ORIENTED_EDGE ( 'NONE', *, *, #6865, .F. ) ;
#7807 = ORIENTED_EDGE ( 'NONE', *, *, #5487, .F. ) ;
#7808 = CARTESIAN_POINT ( 'NONE',  ( 23.85000000000000142, 5.400000000000000355, -12.25000000000000178 ) ) ;
#7809 = ORIENTED_EDGE ( 'NONE', *, *, #4315, .F. ) ;
#7810 = CARTESIAN_POINT ( 'NONE',  ( 47.49999999999999289, 9.000000000000001776, 9.500000000000000000 ) ) ;
#7811 = VECTOR ( 'NONE', #2430, 1000.000000000000000 ) ;
#7812 = LINE ( 'NONE', #6126, #2245 ) ;
#7813 = DIRECTION ( 'NONE',  ( 1.000000000000000000, -0.000000000000000000, 0.000000000000000000 ) ) ;
#7814 = EDGE_CURVE ( 'NONE', #7863, #8497, #1089, .T. ) ;
#7815 = ORIENTED_EDGE ( 'NONE', *, *, #6342, .T. ) ;
#7816 = DIRECTION ( 'NONE',  ( 1.000000000000000000, -0.000000000000000000, -0.000000000000000000 ) ) ;
#7817 = LINE ( 'NONE', #7865, #6588 ) ;
#7818 = VERTEX_POINT ( 'NONE', #395 ) ;
#7819 = CARTESIAN_POINT ( 'NONE',  ( -52.20488103182052697, 7.928445669152752728, -4.203493146152769810 ) ) ;
#7820 = EDGE_CURVE ( 'NONE', #3397, #3271, #1243, .T. ) ;
#7821 = ORIENTED_EDGE ( 'NONE', *, *, #8666, .T. ) ;
#7822 = CARTESIAN_POINT ( 'NONE',  ( 30.20000000000002416, 0.2999999999999999889, 3.098623679425835942 ) ) ;
#7823 = LINE ( 'NONE', #3674, #9743 ) ;
#7824 =( LENGTH_UNIT ( ) NAMED_UNIT ( * ) SI_UNIT ( .MILLI., .METRE. ) );
#7825 = CARTESIAN_POINT ( 'NONE',  ( 51.95000000000000284, 9.850000000000003197, -2.500000000000000444 ) ) ;
#7826 = EDGE_CURVE ( 'NONE', #3096, #2304, #10519, .T. ) ;
#7827 = DIRECTION ( 'NONE',  ( 0.000000000000000000, 0.000000000000000000, 1.000000000000000000 ) ) ;
#7828 = CYLINDRICAL_SURFACE ( 'NONE', #7063, 2.000000000000003109 ) ;
#7829 = VERTEX_POINT ( 'NONE', #1200 ) ;
#7830 = ORIENTED_EDGE ( 'NONE', *, *, #4420, .T. ) ;
#7831 = LINE ( 'NONE', #4110, #5856 ) ;
#7832 = ORIENTED_EDGE ( 'NONE', *, *, #3302, .T. ) ;
#7833 = CARTESIAN_POINT ( 'NONE',  ( -20.00000000000001066, 15.10000000000000142, 13.25000000000000178 ) ) ;
#7834 = EDGE_CURVE ( 'NONE', #10304, #3327, #9326, .T. ) ;
#7835 = DIRECTION ( 'NONE',  ( -1.000000000000000000, 0.000000000000000000, 0.000000000000000000 ) ) ;
#7836 = CARTESIAN_POINT ( 'NONE',  ( 0.000000000000000000, 0.000000000000000000, 8.549999999999998934 ) ) ;
#7837 = CARTESIAN_POINT ( 'NONE',  ( -29.84000000000000696, -5.002961977226933143, -3.615000000000000213 ) ) ;
#7838 = ADVANCED_FACE ( 'NONE', ( #6986 ), #2091, .T. ) ;
#7839 = DIRECTION ( 'NONE',  ( 0.000000000000000000, -0.000000000000000000, 1.000000000000000000 ) ) ;
#7840 = CARTESIAN_POINT ( 'NONE',  ( 50.24999999999999289, 11.35000000000000142, 1.700000000000000178 ) ) ;
#7841 = FACE_OUTER_BOUND ( 'NONE', #6840, .T. ) ;
#7842 = ORIENTED_EDGE ( 'NONE', *, *, #2767, .F. ) ;
#7843 = EDGE_LOOP ( 'NONE', ( #5939, #9006, #8971, #7350 ) ) ;
#7844 = FACE_OUTER_BOUND ( 'NONE', #2595, .T. ) ;
#7845 = ORIENTED_EDGE ( 'NONE', *, *, #9256, .T. ) ;
#7846 = CARTESIAN_POINT ( 'NONE',  ( -30.70813922878696189, 5.966497381827025492, 8.349999999999996092 ) ) ;
#7847 = DIRECTION ( 'NONE',  ( 0.000000000000000000, 1.000000000000000000, 0.000000000000000000 ) ) ;
#7848 = ADVANCED_FACE ( 'NONE', ( #6099 ), #5349, .T. ) ;
#7849 = CARTESIAN_POINT ( 'NONE',  ( -35.50000000000001421, 6.500000000000000888, 0.000000000000000000 ) ) ;
#7850 = B_SPLINE_CURVE_WITH_KNOTS ( 'NONE', 3,
 ( #3020, #1373, #3764, #2175, #1327, #6320, #4620, #5328 ),
 .UNSPECIFIED., .F., .F.,
 ( 4, 2, 2, 4 ),
 ( 0.000000000000000000, 0.0001382025733524834673, 0.0002764051467049669347, 0.0005528102934099360377 ),
 .UNSPECIFIED. ) ;
#7851 = EDGE_LOOP ( 'NONE', ( #1450, #9600, #7153, #1372, #7277, #4573 ) ) ;
#7852 = CARTESIAN_POINT ( 'NONE',  ( -8.000000000000008882, 11.00000000000000178, -14.75000000000000178 ) ) ;
#7853 = EDGE_LOOP ( 'NONE', ( #7030, #614, #8295, #4126 ) ) ;
#7854 = EDGE_CURVE ( 'NONE', #4497, #6613, #445, .T. ) ;
#7855 = ORIENTED_EDGE ( 'NONE', *, *, #5858, .T. ) ;
#7856 = CARTESIAN_POINT ( 'NONE',  ( 45.25000000000000711, 5.500000000000000000, -12.25000000000000000 ) ) ;
#7857 = EDGE_LOOP ( 'NONE', ( #571, #6530, #6659, #8725, #968, #7706, #9898, #9035 ) ) ;
#7858 = CARTESIAN_POINT ( 'NONE',  ( 31.70000000000002771, 0.2999999999999999889, 6.618695557326044643 ) ) ;
#7859 = DIRECTION ( 'NONE',  ( 0.000000000000000000, 0.000000000000000000, -1.000000000000000000 ) ) ;
#7860 = CIRCLE ( 'NONE', #6501, 0.7999999999999997113 ) ;
#7861 = LINE ( 'NONE', #1418, #4548 ) ;
#7862 = PLANE ( 'NONE',  #9084 ) ;
#7863 = VERTEX_POINT ( 'NONE', #3589 ) ;
#7864 = CARTESIAN_POINT ( 'NONE',  ( 30.49999999999998224, 0.000000000000000000, -11.31869555732605015 ) ) ;
#7865 = CARTESIAN_POINT ( 'NONE',  ( 36.04364652204422725, -0.0009999999999999158867, -0.2752072131254369447 ) ) ;
#7866 = CARTESIAN_POINT ( 'NONE',  ( -52.20957954963235892, 9.292262464150480739, -3.999730970226966331 ) ) ;
#7867 = ORIENTED_EDGE ( 'NONE', *, *, #10148, .F. ) ;
#7868 = CIRCLE ( 'NONE', #7546, 0.2888330770816419091 ) ;
#7869 = DIRECTION ( 'NONE',  ( -0.000000000000000000, 0.000000000000000000, -1.000000000000000000 ) ) ;
#7870 = EDGE_CURVE ( 'NONE', #9042, #2929, #8582, .T. ) ;
#7871 = VECTOR ( 'NONE', #3610, 1000.000000000000000 ) ;
#7872 = ORIENTED_EDGE ( 'NONE', *, *, #7777, .T. ) ;
#7873 = CARTESIAN_POINT ( 'NONE',  ( 30.50000000000002842, 0.000000000000000000, -0.000000000000000000 ) ) ;
#7874 = FACE_OUTER_BOUND ( 'NONE', #513, .T. ) ;
#7875 = VECTOR ( 'NONE', #3118, 1000.000000000000000 ) ;
#7876 = DIRECTION ( 'NONE',  ( -1.000000000000000000, -1.775381057445024239E-14, 0.000000000000000000 ) ) ;
#7877 = ORIENTED_EDGE ( 'NONE', *, *, #4341, .F. ) ;
#7878 = EDGE_LOOP ( 'NONE', ( #2302, #9870, #9055, #1540, #3553, #4864, #202, #9678, #60, #860, #139, #7492 ) ) ;
#7879 = EDGE_CURVE ( 'NONE', #2474, #3413, #4596, .T. ) ;
#7880 = CARTESIAN_POINT ( 'NONE',  ( -39.55228633380069425, 0.1679172698444630907, 8.349999999999997868 ) ) ;
#7881 = EDGE_CURVE ( 'NONE', #8330, #7419, #6241, .T. ) ;
#7882 = VERTEX_POINT ( 'NONE', #4541 ) ;
#7883 = CARTESIAN_POINT ( 'NONE',  ( -31.47472780755320443, 0.08284271247461903742, -3.614999999999999769 ) ) ;
#7884 = EDGE_CURVE ( 'NONE', #10046, #4204, #10006, .T. ) ;
#7885 = VECTOR ( 'NONE', #6411, 1000.000000000000000 ) ;
#7886 = CARTESIAN_POINT ( 'NONE',  ( -31.44101788930268171, 2.721234519427555121, -20.34067203111825251 ) ) ;
#7887 = CARTESIAN_POINT ( 'NONE',  ( 31.40000000000002345, 0.000000000000000000, 6.618695557326045531 ) ) ;
#7888 = CARTESIAN_POINT ( 'NONE',  ( 0.000000000000000000, 5.400000000000000355, -8.849999999999997868 ) ) ;
#7889 = CARTESIAN_POINT ( 'NONE',  ( -8.947521086617219380E-16, 15.10000000000000142, 12.25000000000000355 ) ) ;
#7890 = DIRECTION ( 'NONE',  ( 0.000000000000000000, 1.000000000000000000, -0.000000000000000000 ) ) ;
#7891 = ORIENTED_EDGE ( 'NONE', *, *, #1659, .F. ) ;
#7892 = VERTEX_POINT ( 'NONE', #7789 ) ;
#7893 = ADVANCED_FACE ( 'NONE', ( #8530 ), #7735, .T. ) ;
#7894 = FACE_BOUND ( 'NONE', #4088, .T. ) ;
#7895 = VECTOR ( 'NONE', #705, 1000.000000000000000 ) ;
#7896 = VERTEX_POINT ( 'NONE', #10270 ) ;
#7897 = DIRECTION ( 'NONE',  ( 0.000000000000000000, 0.000000000000000000, -1.000000000000000000 ) ) ;
#7898 = DIRECTION ( 'NONE',  ( -1.000000000000000000, 0.000000000000000000, 0.000000000000000000 ) ) ;
#7899 =( BOUNDED_CURVE ( )  B_SPLINE_CURVE ( 3, ( #4929, #192, #3436, #6672 ),
 .UNSPECIFIED., .F., .F. ) 
 B_SPLINE_CURVE_WITH_KNOTS ( ( 4, 4 ),
 ( 0.3762584341688284817, 1.570796326794896558 ),
 .UNSPECIFIED. ) 
 CURVE ( )  GEOMETRIC_REPRESENTATION_ITEM ( )  RATIONAL_B_SPLINE_CURVE ( ( 1.000000000000000000, 0.8845830693046154991, 0.8845830693046154991, 1.000000000000000000 ) ) 
 REPRESENTATION_ITEM ( '' )  );
#7900 = AXIS2_PLACEMENT_3D ( 'NONE', #1772, #3207, #9013 ) ;
#7901 = EDGE_CURVE ( 'NONE', #7346, #6841, #3688, .T. ) ;
#7902 = LINE ( 'NONE', #3802, #7885 ) ;
#7903 = VERTEX_POINT ( 'NONE', #3740 ) ;
#7904 = DIRECTION ( 'NONE',  ( -0.8660254037844384856, 0.000000000000000000, 0.5000000000000002220 ) ) ;
#7905 = EDGE_CURVE ( 'NONE', #8341, #6761, #4574, .T. ) ;
#7906 = ORIENTED_EDGE ( 'NONE', *, *, #6796, .T. ) ;
#7907 = ORIENTED_EDGE ( 'NONE', *, *, #399, .F. ) ;
#7908 = EDGE_CURVE ( 'NONE', #2541, #7967, #1933, .T. ) ;
#7909 = DIRECTION ( 'NONE',  ( -1.000000000000000000, 0.000000000000000000, 3.154042683594191669E-16 ) ) ;
#7910 = ORIENTED_EDGE ( 'NONE', *, *, #6788, .T. ) ;
#7911 = DIRECTION ( 'NONE',  ( 1.000000000000000000, 0.000000000000000000, 0.000000000000000000 ) ) ;
#7912 = DIRECTION ( 'NONE',  ( 0.000000000000000000, 1.000000000000000000, 0.000000000000000000 ) ) ;
#7913 = ADVANCED_FACE ( 'NONE', ( #6941 ), #5247, .T. ) ;
#7914 = VECTOR ( 'NONE', #8589, 1000.000000000000000 ) ;
#7915 = EDGE_CURVE ( 'NONE', #10397, #6146, #1177, .T. ) ;
#7916 = DIRECTION ( 'NONE',  ( -0.000000000000000000, -0.000000000000000000, 1.000000000000000000 ) ) ;
#7917 = VECTOR ( 'NONE', #236, 1000.000000000000000 ) ;
#7918 = CARTESIAN_POINT ( 'NONE',  ( -22.80000000000001492, 13.30000000000000071, -13.55000000000000249 ) ) ;
#7919 = ORIENTED_EDGE ( 'NONE', *, *, #633, .F. ) ;
#7920 = FACE_OUTER_BOUND ( 'NONE', #2132, .T. ) ;
#7921 = LINE ( 'NONE', #630, #1484 ) ;
#7922 = CARTESIAN_POINT ( 'NONE',  ( -51.99271462781828035, 8.880799096165929996, -4.292154627758329788 ) ) ;
#7923 = ORIENTED_EDGE ( 'NONE', *, *, #9783, .F. ) ;
#7924 = AXIS2_PLACEMENT_3D ( 'NONE', #10237, #2953, #6210 ) ;
#7925 = CIRCLE ( 'NONE', #9283, 8.000000000000000000 ) ;
#7926 = VECTOR ( 'NONE', #8932, 1000.000000000000000 ) ;
#7927 = VECTOR ( 'NONE', #7691, 1000.000000000000000 ) ;
#7928 = VERTEX_POINT ( 'NONE', #6148 ) ;
#7929 = CARTESIAN_POINT ( 'NONE',  ( -30.83999999999999986, 0.5000000000000004441, 9.349999999999997868 ) ) ;
#7930 = LINE ( 'NONE', #3827, #9798 ) ;
#7931 = CARTESIAN_POINT ( 'NONE',  ( -20.00000000000000355, 11.00000000000000178, 12.25000000000000178 ) ) ;
#7932 = ORIENTED_EDGE ( 'NONE', *, *, #10174, .T. ) ;
#7933 = ORIENTED_EDGE ( 'NONE', *, *, #5432, .T. ) ;
#7934 = LINE ( 'NONE', #3896, #9734 ) ;
#7935 = B_SPLINE_CURVE_WITH_KNOTS ( 'NONE', 3,
 ( #6822, #2878, #4582, #6030, #8570, #2772, #1187, #1232 ),
 .UNSPECIFIED., .F., .F.,
 ( 4, 2, 2, 4 ),
 ( 0.001461911207851768332, 0.001827313039948525071, 0.002192714872045281593, 0.002923518536238790301 ),
 .UNSPECIFIED. ) ;
#7936 = ORIENTED_EDGE ( 'NONE', *, *, #9792, .T. ) ;
#7937 = DIRECTION ( 'NONE',  ( 0.000000000000000000, 0.000000000000000000, 1.000000000000000000 ) ) ;
#7938 = ADVANCED_FACE ( 'NONE', ( #2240 ), #4750, .T. ) ;
#7939 = CIRCLE ( 'NONE', #9461, 0.2888330770816419091 ) ;
#7940 = AXIS2_PLACEMENT_3D ( 'NONE', #6367, #1531, #4779 ) ;
#7941 = DIRECTION ( 'NONE',  ( 0.000000000000000000, -0.6931369447486037672, -0.7208059210526581717 ) ) ;
#7942 = CIRCLE ( 'NONE', #7610, 4.450000000000009948 ) ;
#7943 = CARTESIAN_POINT ( 'NONE',  ( 30.95000000000000284, 0.000000000000000000, -2.350000000000003197 ) ) ;
#7944 = EDGE_CURVE ( 'NONE', #875, #365, #5947, .T. ) ;
#7945 = CARTESIAN_POINT ( 'NONE',  ( -52.34424071095978093, 8.821753915517833278, 4.159336803306723951 ) ) ;
#7946 = CARTESIAN_POINT ( 'NONE',  ( 6.494920150553300964, 0.2999999999999999889, 11.24953169186121293 ) ) ;
#7947 = EDGE_CURVE ( 'NONE', #2289, #2802, #7294, .T. ) ;
#7948 = VECTOR ( 'NONE', #5804, 1000.000000000000000 ) ;
#7949 = FACE_OUTER_BOUND ( 'NONE', #10205, .T. ) ;
#7950 = AXIS2_PLACEMENT_3D ( 'NONE', #3580, #8419, #4382 ) ;
#7951 = CARTESIAN_POINT ( 'NONE',  ( -45.19999999999993889, 3.000000000000000000, 14.75000000000000533 ) ) ;
#7952 = VERTEX_POINT ( 'NONE', #1604 ) ;
#7953 = ORIENTED_EDGE ( 'NONE', *, *, #1505, .T. ) ;
#7954 = CARTESIAN_POINT ( 'NONE',  ( -52.27563198490998531, 9.491884724233106141, -3.630658523920792469 ) ) ;
#7955 = ORIENTED_EDGE ( 'NONE', *, *, #4931, .T. ) ;
#7956 = AXIS2_PLACEMENT_3D ( 'NONE', #9764, #2428, #5807 ) ;
#7957 = CIRCLE ( 'NONE', #9830, 0.6000000000000007550 ) ;
#7958 = LINE ( 'NONE', #7157, #1680 ) ;
#7959 = AXIS2_PLACEMENT_3D ( 'NONE', #4972, #1820, #3429 ) ;
#7960 = CARTESIAN_POINT ( 'NONE',  ( -34.00000000000000711, 6.500000000000000888, 12.25000000000000178 ) ) ;
#7961 = B_SPLINE_CURVE_WITH_KNOTS ( 'NONE', 3,
 ( #4936, #1456, #8964, #6569, #10391, #1618, #4872, #3912 ),
 .UNSPECIFIED., .F., .F.,
 ( 4, 2, 2, 4 ),
 ( -3.466145320678219931E-06, 0.0002882777914485881222, 0.0004341497598332238941, 0.0005800217282178596117 ),
 .UNSPECIFIED. ) ;
#7962 = DIRECTION ( 'NONE',  ( -1.000000000000000000, 0.000000000000000000, 0.000000000000000000 ) ) ;
#7963 = ORIENTED_EDGE ( 'NONE', *, *, #7671, .F. ) ;
#7964 = AXIS2_PLACEMENT_3D ( 'NONE', #411, #6901, #7748 ) ;
#7965 = LINE ( 'NONE', #2260, #2497 ) ;
#7966 = ORIENTED_EDGE ( 'NONE', *, *, #2412, .T. ) ;
#7967 = VERTEX_POINT ( 'NONE', #2194 ) ;
#7968 = LINE ( 'NONE', #7856, #8977 ) ;
#7969 = ORIENTED_EDGE ( 'NONE', *, *, #1497, .T. ) ;
#7970 = CARTESIAN_POINT ( 'NONE',  ( -29.84000000000000696, 0.5000000000000004441, 0.000000000000000000 ) ) ;
#7971 = FACE_OUTER_BOUND ( 'NONE', #3549, .T. ) ;
#7972 = VECTOR ( 'NONE', #5991, 1000.000000000000000 ) ;
#7973 = VECTOR ( 'NONE', #7128, 1000.000000000000000 ) ;
#7974 = DIRECTION ( 'NONE',  ( -1.000000000000000000, 0.000000000000000000, 0.000000000000000000 ) ) ;
#7975 = EDGE_CURVE ( 'NONE', #7681, #3290, #8843, .T. ) ;
#7976 = ADVANCED_FACE ( 'NONE', ( #8791 ), #3947, .T. ) ;
#7977 = FACE_OUTER_BOUND ( 'NONE', #3059, .T. ) ;
#7978 = CARTESIAN_POINT ( 'NONE',  ( -47.50000000000000711, 8.000000000000000000, 6.750000000000000000 ) ) ;
#7979 = CARTESIAN_POINT ( 'NONE',  ( -50.25000000000545697, 6.499999999999999112, -2.449999999999999289 ) ) ;
#7980 = EDGE_LOOP ( 'NONE', ( #952, #341, #4083, #8116 ) ) ;
#7981 = VECTOR ( 'NONE', #278, 1000.000000000000000 ) ;
#7982 = LINE ( 'NONE', #684, #6221 ) ;
#7983 = EDGE_CURVE ( 'NONE', #6622, #5571, #9663, .T. ) ;
#7984 = DIRECTION ( 'NONE',  ( 0.000000000000000000, -1.000000000000000000, 0.000000000000000000 ) ) ;
#7985 = CARTESIAN_POINT ( 'NONE',  ( -52.11623050028259030, 7.793969960105152417, -4.254815835186446016 ) ) ;
#7986 = ORIENTED_EDGE ( 'NONE', *, *, #2438, .T. ) ;
#7987 = AXIS2_PLACEMENT_3D ( 'NONE', #1693, #7387, #3173 ) ;
#7988 = CARTESIAN_POINT ( 'NONE',  ( 51.95000000000000284, 9.000000000000001776, 9.500000000000000000 ) ) ;
#7989 = ORIENTED_EDGE ( 'NONE', *, *, #5757, .F. ) ;
#7990 = CARTESIAN_POINT ( 'NONE',  ( -52.26167570767463388, 8.615286570286787793, -4.211499472779046904 ) ) ;
#7991 = LINE ( 'NONE', #3939, #6409 ) ;
#7992 = CARTESIAN_POINT ( 'NONE',  ( -31.47472780755320443, 0.08284271247461899579, 2.764999999999999680 ) ) ;
#7993 = EDGE_LOOP ( 'NONE', ( #6143, #7845, #453, #4190, #9347, #8408 ) ) ;
#7994 = ORIENTED_EDGE ( 'NONE', *, *, #1214, .F. ) ;
#7995 = EDGE_CURVE ( 'NONE', #6613, #10376, #5552, .T. ) ;
#7996 = CARTESIAN_POINT ( 'NONE',  ( -34.31252571724582623, 0.2000000000000111411, -3.615000000000000213 ) ) ;
#7997 = ORIENTED_EDGE ( 'NONE', *, *, #9274, .F. ) ;
#7998 = DIRECTION ( 'NONE',  ( 0.000000000000000000, -1.000000000000000000, 0.000000000000000000 ) ) ;
#7999 = DIRECTION ( 'NONE',  ( 0.000000000000000000, 1.000000000000000000, -0.000000000000000000 ) ) ;
#8000 = LINE ( 'NONE', #10381, #6422 ) ;
#8001 = DIRECTION ( 'NONE',  ( 0.000000000000000000, 0.000000000000000000, 1.000000000000000000 ) ) ;
#8002 = CARTESIAN_POINT ( 'NONE',  ( -52.25000000000001421, 10.00000000000000000, -2.449999999999999289 ) ) ;
#8003 = DIRECTION ( 'NONE',  ( -1.000000000000000000, 0.000000000000000000, 0.000000000000000000 ) ) ;
#8004 = PLANE ( 'NONE',  #7415 ) ;
#8005 = ORIENTED_EDGE ( 'NONE', *, *, #10468, .F. ) ;
#8006 = ORIENTED_EDGE ( 'NONE', *, *, #5623, .F. ) ;
#8007 = CARTESIAN_POINT ( 'NONE',  ( -3.469693845669876264, 15.10000000000000142, 13.54999999999999716 ) ) ;
#8008 = ORIENTED_EDGE ( 'NONE', *, *, #6339, .F. ) ;
#8009 = CARTESIAN_POINT ( 'NONE',  ( 9.519658948938198861, 5.500000000000000000, 12.25000000000000178 ) ) ;
#8010 = CARTESIAN_POINT ( 'NONE',  ( 30.95000000000000284, 0.5000000000000000000, -2.350000000000003197 ) ) ;
#8011 = CARTESIAN_POINT ( 'NONE',  ( -51.25000000000001421, 16.60000000000000142, 9.499999999999978684 ) ) ;
#8012 = EDGE_CURVE ( 'NONE', #8, #8362, #14, .T. ) ;
#8013 = ORIENTED_EDGE ( 'NONE', *, *, #8877, .T. ) ;
#8014 = DIRECTION ( 'NONE',  ( 0.000000000000000000, 0.000000000000000000, 1.000000000000000000 ) ) ;
#8015 = ORIENTED_EDGE ( 'NONE', *, *, #6460, .T. ) ;
#8016 = VERTEX_POINT ( 'NONE', #4857 ) ;
#8017 = DIRECTION ( 'NONE',  ( 0.000000000000000000, 1.000000000000000000, -0.000000000000000000 ) ) ;
#8018 = ORIENTED_EDGE ( 'NONE', *, *, #6327, .F. ) ;
#8019 = EDGE_LOOP ( 'NONE', ( #6347, #6905, #7997, #9453 ) ) ;
#8020 = CARTESIAN_POINT ( 'NONE',  ( 31.69999999999997797, 0.2999999999999999889, 0.000000000000000000 ) ) ;
#8021 = EDGE_CURVE ( 'NONE', #1626, #4736, #3040, .T. ) ;
#8022 = DIRECTION ( 'NONE',  ( -1.000000000000000000, -0.000000000000000000, -0.000000000000000000 ) ) ;
#8023 = CARTESIAN_POINT ( 'NONE',  ( 26.15068545307674341, 1.716935784084466590E-15, -4.522846332894778776 ) ) ;
#8024 = DIRECTION ( 'NONE',  ( 0.000000000000000000, 0.000000000000000000, 1.000000000000000000 ) ) ;
#8025 = ADVANCED_FACE ( 'NONE', ( #2294 ), #5790, .T. ) ;
#8026 = CARTESIAN_POINT ( 'NONE',  ( 26.60635347795577843, 0.5000000000000000000, -5.723830892551223570 ) ) ;
#8027 = CARTESIAN_POINT ( 'NONE',  ( -22.80000000000001492, 11.00000000000000178, -13.55000000000000249 ) ) ;
#8028 = CARTESIAN_POINT ( 'NONE',  ( -53.20000000000000284, 8.400000000000000355, -2.924999999999968736 ) ) ;
#8029 = ORIENTED_EDGE ( 'NONE', *, *, #7330, .F. ) ;
#8030 = LINE ( 'NONE', #103, #7581 ) ;
#8031 = CARTESIAN_POINT ( 'NONE',  ( -47.50000000000000711, 6.500000000000000888, 9.500000000000001776 ) ) ;
#8032 = EDGE_CURVE ( 'NONE', #90, #7203, #9632, .T. ) ;
#8033 = CYLINDRICAL_SURFACE ( 'NONE', #5339, 0.3000000000000016542 ) ;
#8034 = VERTEX_POINT ( 'NONE', #9575 ) ;
#8035 = AXIS2_PLACEMENT_3D ( 'NONE', #6832, #3633, #10066 ) ;
#8036 = DIRECTION ( 'NONE',  ( 0.4999999999999978906, 0.000000000000000000, -0.8660254037844398178 ) ) ;
#8037 = EDGE_CURVE ( 'NONE', #3697, #431, #1550, .T. ) ;
#8038 = ORIENTED_EDGE ( 'NONE', *, *, #2122, .T. ) ;
#8039 = LINE ( 'NONE', #9849, #6208 ) ;
#8040 = DIRECTION ( 'NONE',  ( -1.000000000000000000, 0.000000000000000000, 0.000000000000000000 ) ) ;
#8041 = DIRECTION ( 'NONE',  ( 0.000000000000000000, 0.000000000000000000, 1.000000000000000000 ) ) ;
#8042 = ORIENTED_EDGE ( 'NONE', *, *, #7135, .F. ) ;
#8043 = VECTOR ( 'NONE', #10426, 1000.000000000000000 ) ;
#8044 = VERTEX_POINT ( 'NONE', #2403 ) ;
#8045 = CARTESIAN_POINT ( 'NONE',  ( 0.000000000000000000, 5.400000000000000355, -12.25000000000000178 ) ) ;
#8046 = ORIENTED_EDGE ( 'NONE', *, *, #9591, .F. ) ;
#8047 = FACE_OUTER_BOUND ( 'NONE', #10241, .T. ) ;
#8048 = EDGE_CURVE ( 'NONE', #4151, #9978, #6799, .T. ) ;
#8049 = CARTESIAN_POINT ( 'NONE',  ( 30.95000000000000284, 0.5000000000000000000, -2.350000000000003197 ) ) ;
#8050 = VECTOR ( 'NONE', #4325, 1000.000000000000000 ) ;
#8051 = CARTESIAN_POINT ( 'NONE',  ( 0.000000000000000000, 0.2000000000000000111, 8.549999999999998934 ) ) ;
#8052 = CYLINDRICAL_SURFACE ( 'NONE', #1334, 0.2999999999999994338 ) ;
#8053 = VECTOR ( 'NONE', #10465, 1000.000000000000000 ) ;
#8054 = LINE ( 'NONE', #4068, #1162 ) ;
#8055 = CARTESIAN_POINT ( 'NONE',  ( -25.50000000000001066, 13.30000000000000071, -13.55000000000000249 ) ) ;
#8056 = CARTESIAN_POINT ( 'NONE',  ( -34.52834772718359346, 0.2000000000000000944, -20.34067203111825251 ) ) ;
#8057 = CARTESIAN_POINT ( 'NONE',  ( -20.00000000000001066, 16.60001199999999955, -12.25000000000000000 ) ) ;
#8058 = ORIENTED_EDGE ( 'NONE', *, *, #3980, .T. ) ;
#8059 = ORIENTED_EDGE ( 'NONE', *, *, #6267, .F. ) ;
#8060 = DIRECTION ( 'NONE',  ( -0.000000000000000000, 1.000000000000000000, -0.000000000000000000 ) ) ;
#8061 = ORIENTED_EDGE ( 'NONE', *, *, #5123, .F. ) ;
#8062 = VECTOR ( 'NONE', #8449, 1000.000000000000000 ) ;
#8063 = CARTESIAN_POINT ( 'NONE',  ( -2.000000000000008882, 15.10000000000000142, 13.54999999999999716 ) ) ;
#8064 = CARTESIAN_POINT ( 'NONE',  ( 47.49999999999999289, 8.000000000000000000, 10.35000000000000142 ) ) ;
#8065 = DIRECTION ( 'NONE',  ( 1.000000000000000000, 0.000000000000000000, 0.000000000000000000 ) ) ;
#8066 = ORIENTED_EDGE ( 'NONE', *, *, #522, .T. ) ;
#8067 = DIRECTION ( 'NONE',  ( -0.000000000000000000, 0.000000000000000000, 1.000000000000000000 ) ) ;
#8068 = ORIENTED_EDGE ( 'NONE', *, *, #6342, .F. ) ;
#8069 = ORIENTED_EDGE ( 'NONE', *, *, #5073, .T. ) ;
#8070 = CARTESIAN_POINT ( 'NONE',  ( -53.20100000000002183, 11.34999999999999964, 3.299999999999999378 ) ) ;
#8071 = VERTEX_POINT ( 'NONE', #702 ) ;
#8072 = ORIENTED_EDGE ( 'NONE', *, *, #9198, .T. ) ;
#8073 = DIRECTION ( 'NONE',  ( 1.692413147294445970E-16, 0.000000000000000000, 1.000000000000000000 ) ) ;
#8074 = EDGE_CURVE ( 'NONE', #8930, #10510, #2546, .T. ) ;
#8075 = CARTESIAN_POINT ( 'NONE',  ( -52.11888654234496698, 9.350276794842523387, 4.114386614189654345 ) ) ;
#8076 = AXIS2_PLACEMENT_3D ( 'NONE', #7792, #4754, #6396 ) ;
#8077 = DIRECTION ( 'NONE',  ( 0.000000000000000000, 0.000000000000000000, -1.000000000000000000 ) ) ;
#8078 = CYLINDRICAL_SURFACE ( 'NONE', #10313, 9.000000000000012434 ) ;
#8079 = ADVANCED_FACE ( 'NONE', ( #6391 ), #8332, .F. ) ;
#8080 = DIRECTION ( 'NONE',  ( 1.000000000000000000, 0.000000000000000000, -0.000000000000000000 ) ) ;
#8081 = ADVANCED_FACE ( 'NONE', ( #10379 ), #3088, .T. ) ;
#8082 = FACE_OUTER_BOUND ( 'NONE', #720, .T. ) ;
#8083 = VERTEX_POINT ( 'NONE', #6616 ) ;
#8084 = CARTESIAN_POINT ( 'NONE',  ( -47.50000000000000711, 8.000000000000000000, 8.650000000000002132 ) ) ;
#8085 = EDGE_CURVE ( 'NONE', #6319, #549, #3899, .T. ) ;
#8086 = AXIS2_PLACEMENT_3D ( 'NONE', #9064, #871, #4119 ) ;
#8087 = DIRECTION ( 'NONE',  ( 0.000000000000000000, 1.000000000000000000, -0.000000000000000000 ) ) ;
#8088 = CARTESIAN_POINT ( 'NONE',  ( -52.27563198490997820, 7.308115275766890129, -3.630658523920790692 ) ) ;
#8089 = VERTEX_POINT ( 'NONE', #4970 ) ;
#8090 = AXIS2_PLACEMENT_3D ( 'NONE', #10249, #1421, #8670 ) ;
#8091 = CARTESIAN_POINT ( 'NONE',  ( 0.000000000000000000, 15.10000000000000142, -13.25000000000000178 ) ) ;
#8092 = ORIENTED_EDGE ( 'NONE', *, *, #3368, .F. ) ;
#8093 = CARTESIAN_POINT ( 'NONE',  ( 47.50000000000000000, 11.00000000000000178, -9.500000000000001776 ) ) ;
#8094 = CARTESIAN_POINT ( 'NONE',  ( 20.65000000000000213, -29.13279938488576448, 8.349999999999997868 ) ) ;
#8095 = CARTESIAN_POINT ( 'NONE',  ( 25.85635347795580685, 0.5000000000000000000, -0.2752072131253949228 ) ) ;
#8096 = ORIENTED_EDGE ( 'NONE', *, *, #10106, .F. ) ;
#8097 = ORIENTED_EDGE ( 'NONE', *, *, #5443, .F. ) ;
#8098 = CARTESIAN_POINT ( 'NONE',  ( -52.00000000000001421, 17.60000000000000142, -6.749999999999950262 ) ) ;
#8099 = VECTOR ( 'NONE', #10320, 1000.000000000000000 ) ;
#8100 = ORIENTED_EDGE ( 'NONE', *, *, #10438, .T. ) ;
#8101 = LINE ( 'NONE', #2455, #921 ) ;
#8102 = EDGE_CURVE ( 'NONE', #7016, #8194, #2029, .T. ) ;
#8103 = B_SPLINE_CURVE_WITH_KNOTS ( 'NONE', 3,
 ( #5787, #6621, #4238, #4071, #7316, #5029, #9909, #189, #2409, #6504, #22, #8171, #4122, #3432, #3258, #1671 ),
 .UNSPECIFIED., .F., .F.,
 ( 4, 2, 2, 2, 2, 2, 2, 4 ),
 ( 4.336808689942017736E-19, 0.0003420773149253982979, 0.0006841546298507961621, 0.001368309259701591890, 0.001710386574626989809, 0.002052463889552387510, 0.002394541204477785429, 0.002736618519403183781 ),
 .UNSPECIFIED. ) ;
#8104 = DIRECTION ( 'NONE',  ( -0.000000000000000000, -1.000000000000000000, -0.000000000000000000 ) ) ;
#8105 = EDGE_CURVE ( 'NONE', #6418, #9991, #6125, .T. ) ;
#8106 = VECTOR ( 'NONE', #4329, 1000.000000000000000 ) ;
#8107 = AXIS2_PLACEMENT_3D ( 'NONE', #2313, #1519, #3965 ) ;
#8108 = LINE ( 'NONE', #1552, #1674 ) ;
#8109 = EDGE_CURVE ( 'NONE', #6806, #6852, #9502, .T. ) ;
#8110 = DIRECTION ( 'NONE',  ( -0.000000000000000000, -1.000000000000000000, -0.000000000000000000 ) ) ;
#8111 = DIRECTION ( 'NONE',  ( 0.000000000000000000, 0.000000000000000000, 1.000000000000000000 ) ) ;
#8112 = DIRECTION ( 'NONE',  ( -0.000000000000000000, 0.000000000000000000, 1.000000000000000000 ) ) ;
#8113 = LINE ( 'NONE', #5837, #8288 ) ;
#8114 = CARTESIAN_POINT ( 'NONE',  ( -31.45678631915142631, 0.2827931057192701325, -20.34067203111825251 ) ) ;
#8115 = VERTEX_POINT ( 'NONE', #9740 ) ;
#8116 = ORIENTED_EDGE ( 'NONE', *, *, #4651, .T. ) ;
#8117 = EDGE_CURVE ( 'NONE', #3920, #8144, #6624, .T. ) ;
#8118 = LINE ( 'NONE', #824, #8469 ) ;
#8119 = ORIENTED_EDGE ( 'NONE', *, *, #5907, .T. ) ;
#8120 = VECTOR ( 'NONE', #2760, 1000.000000000000000 ) ;
#8121 = CARTESIAN_POINT ( 'NONE',  ( 30.95000000000000284, 0.5000000000000000000, -2.350000000000003197 ) ) ;
#8122 = DIRECTION ( 'NONE',  ( -0.000000000000000000, -0.000000000000000000, 1.000000000000000000 ) ) ;
#8123 = AXIS2_PLACEMENT_3D ( 'NONE', #3891, #5491, #7140 ) ;
#8124 = B_SPLINE_CURVE_WITH_KNOTS ( 'NONE', 3,
 ( #8132, #838, #4087, #7331, #6520, #9133 ),
 .UNSPECIFIED., .F., .F.,
 ( 4, 2, 4 ),
 ( 4.336808689942017736E-19, 0.0003393158518393210588, 0.0006786317036786416838 ),
 .UNSPECIFIED. ) ;
#8125 = VECTOR ( 'NONE', #1245, 1000.000000000000000 ) ;
#8126 = DIRECTION ( 'NONE',  ( 0.000000000000000000, 0.000000000000000000, 1.000000000000000000 ) ) ;
#8127 = VERTEX_POINT ( 'NONE', #918 ) ;
#8128 = DIRECTION ( 'NONE',  ( 0.000000000000000000, 1.000000000000000000, 0.000000000000000000 ) ) ;
#8129 = ORIENTED_EDGE ( 'NONE', *, *, #5776, .T. ) ;
#8130 = ORIENTED_EDGE ( 'NONE', *, *, #5499, .F. ) ;
#8131 = AXIS2_PLACEMENT_3D ( 'NONE', #4356, #4257, #7497 ) ;
#8132 = CARTESIAN_POINT ( 'NONE',  ( -52.40568058483291480, 9.484780085661503435, -3.641416195903036890 ) ) ;
#8133 = ORIENTED_EDGE ( 'NONE', *, *, #7725, .T. ) ;
#8134 = VERTEX_POINT ( 'NONE', #1817 ) ;
#8135 = CARTESIAN_POINT ( 'NONE',  ( 30.95000000000000284, 0.2999999999999999889, -2.350000000000003197 ) ) ;
#8136 = AXIS2_PLACEMENT_3D ( 'NONE', #2152, #5412, #8648 ) ;
#8137 = AXIS2_PLACEMENT_3D ( 'NONE', #758, #7253, #8001 ) ;
#8138 = VECTOR ( 'NONE', #10255, 1000.000000000000000 ) ;
#8139 = CARTESIAN_POINT ( 'NONE',  ( -2.000000000000008882, 15.10000000000000142, -13.35000000000018971 ) ) ;
#8140 = VECTOR ( 'NONE', #8346, 1000.000000000000000 ) ;
#8141 = PLANE ( 'NONE',  #10355 ) ;
#8142 = CARTESIAN_POINT ( 'NONE',  ( -20.00000000000001066, 9.000000000000001776, 12.25000000000000178 ) ) ;
#8143 = LINE ( 'NONE', #9836, #6873 ) ;
#8144 = VERTEX_POINT ( 'NONE', #5022 ) ;
#8145 = VERTEX_POINT ( 'NONE', #7410 ) ;
#8146 = PLANE ( 'NONE',  #8267 ) ;
#8147 = LINE ( 'NONE', #4100, #3183 ) ;
#8148 = AXIS2_PLACEMENT_3D ( 'NONE', #3142, #2405, #5663 ) ;
#8149 = CARTESIAN_POINT ( 'NONE',  ( 31.69999999999997797, -0.0009999999999999158867, 0.000000000000000000 ) ) ;
#8150 = VECTOR ( 'NONE', #1257, 1000.000000000000114 ) ;
#8151 = VERTEX_POINT ( 'NONE', #229 ) ;
#8152 = CIRCLE ( 'NONE', #326, 0.3706384263718852656 ) ;
#8153 = DIRECTION ( 'NONE',  ( -0.000000000000000000, -0.000000000000000000, 1.000000000000000000 ) ) ;
#8154 = VERTEX_POINT ( 'NONE', #1767 ) ;
#8155 = CARTESIAN_POINT ( 'NONE',  ( 43.25000000000000711, 8.000000000000000000, -1.984313483298447922 ) ) ;
#8156 = EDGE_CURVE ( 'NONE', #2567, #7351, #4229, .T. ) ;
#8157 = CARTESIAN_POINT ( 'NONE',  ( 0.000000000000000000, 13.30000000000000071, 12.25000000000000178 ) ) ;
#8158 = LINE ( 'NONE', #9104, #7425 ) ;
#8159 = VERTEX_POINT ( 'NONE', #8268 ) ;
#8160 = ORIENTED_EDGE ( 'NONE', *, *, #1319, .T. ) ;
#8161 = CARTESIAN_POINT ( 'NONE',  ( 49.75000000000000000, 0.000000000000000000, 9.500000000000003553 ) ) ;
#8162 = ORIENTED_EDGE ( 'NONE', *, *, #10468, .T. ) ;
#8163 = DIRECTION ( 'NONE',  ( -0.000000000000000000, 1.000000000000000000, -0.000000000000000000 ) ) ;
#8164 = EDGE_CURVE ( 'NONE', #5842, #6287, #8772, .T. ) ;
#8165 = DIRECTION ( 'NONE',  ( 0.000000000000000000, 0.000000000000000000, 1.000000000000000000 ) ) ;
#8166 = CARTESIAN_POINT ( 'NONE',  ( 22.80788180854699121, 0.2505450496179590369, -6.184828725824678131 ) ) ;
#8167 = DIRECTION ( 'NONE',  ( -0.000000000000000000, -1.000000000000000000, 0.000000000000000000 ) ) ;
#8168 = FACE_OUTER_BOUND ( 'NONE', #517, .T. ) ;
#8169 = DIRECTION ( 'NONE',  ( -1.000000000000000000, -0.000000000000000000, 4.476705744456300993E-16 ) ) ;
#8170 = CYLINDRICAL_SURFACE ( 'NONE', #1646, 1.300000000000000711 ) ;
#8171 = CARTESIAN_POINT ( 'NONE',  ( -52.20525866347234256, 7.632980932816005648, -4.070506270392262316 ) ) ;
#8172 = ORIENTED_EDGE ( 'NONE', *, *, #3576, .F. ) ;
#8173 = ORIENTED_EDGE ( 'NONE', *, *, #3152, .T. ) ;
#8174 = CARTESIAN_POINT ( 'NONE',  ( -51.98551494665066741, 8.996823414810817710, -4.257857196839966107 ) ) ;
#8175 = VERTEX_POINT ( 'NONE', #183 ) ;
#8176 = EDGE_CURVE ( 'NONE', #4166, #1224, #8488, .T. ) ;
#8177 = CARTESIAN_POINT ( 'NONE',  ( 20.66000000000000369, 1.000000000000000888, 8.349999999999997868 ) ) ;
#8178 = CYLINDRICAL_SURFACE ( 'NONE', #663, 0.8500000000000000888 ) ;
#8179 = CARTESIAN_POINT ( 'NONE',  ( 50.25000000000000000, 11.00000000000000178, 6.000000000000000000 ) ) ;
#8180 = VERTEX_POINT ( 'NONE', #7356 ) ;
#8181 = CARTESIAN_POINT ( 'NONE',  ( -52.34851251526774263, 8.922518270238573024, -4.120123652065644571 ) ) ;
#8182 = ORIENTED_EDGE ( 'NONE', *, *, #4539, .F. ) ;
#8183 = ORIENTED_EDGE ( 'NONE', *, *, #8421, .F. ) ;
#8184 = CARTESIAN_POINT ( 'NONE',  ( 30.95000000000000284, -0.0009999999999999158867, 6.650000000000010125 ) ) ;
#8185 = ORIENTED_EDGE ( 'NONE', *, *, #109, .T. ) ;
#8186 = ORIENTED_EDGE ( 'NONE', *, *, #4280, .T. ) ;
#8187 = CARTESIAN_POINT ( 'NONE',  ( -30.14000000000001123, 6.296018041280833089, -20.34067203111825251 ) ) ;
#8188 = PLANE ( 'NONE',  #1677 ) ;
#8189 = ADVANCED_FACE ( 'NONE', ( #9953 ), #2673, .F. ) ;
#8190 = CARTESIAN_POINT ( 'NONE',  ( 53.85232526704263023, 8.000000000000000000, -7.250000000000000888 ) ) ;
#8191 = EDGE_CURVE ( 'NONE', #6706, #10279, #5931, .T. ) ;
#8192 = DIRECTION ( 'NONE',  ( 0.000000000000000000, 0.000000000000000000, -1.000000000000000000 ) ) ;
#8193 = LINE ( 'NONE', #3453, #8736 ) ;
#8194 = VERTEX_POINT ( 'NONE', #6552 ) ;
#8195 = EDGE_LOOP ( 'NONE', ( #5854, #3593, #9595, #4450, #7495 ) ) ;
#8196 = CARTESIAN_POINT ( 'NONE',  ( -52.40568058483291480, 7.315219914338405793, 3.641416195902961395 ) ) ;
#8197 = FACE_OUTER_BOUND ( 'NONE', #6459, .T. ) ;
#8198 = DIRECTION ( 'NONE',  ( 0.000000000000000000, 1.000000000000000000, 0.000000000000000000 ) ) ;
#8199 = VERTEX_POINT ( 'NONE', #4114 ) ;
#8200 = DIRECTION ( 'NONE',  ( 0.000000000000000000, -0.000000000000000000, -1.000000000000000000 ) ) ;
#8201 = VERTEX_POINT ( 'NONE', #5129 ) ;
#8202 = CARTESIAN_POINT ( 'NONE',  ( -30.30484636607248561, -1.468623938954177977, -2.765000000000000124 ) ) ;
#8203 = CARTESIAN_POINT ( 'NONE',  ( 30.95000000000000284, 0.2999999999999999889, -2.350000000000003197 ) ) ;
#8204 = CARTESIAN_POINT ( 'NONE',  ( -31.22777815357900622, 3.000000000000000000, 3.615000000000000213 ) ) ;
#8205 = ORIENTED_EDGE ( 'NONE', *, *, #6511, .T. ) ;
#8206 = EDGE_LOOP ( 'NONE', ( #8351, #1534, #3240, #8863 ) ) ;
#8207 = DIRECTION ( 'NONE',  ( -1.000000000000000000, -0.000000000000000000, -0.000000000000000000 ) ) ;
#8208 = ORIENTED_EDGE ( 'NONE', *, *, #9373, .T. ) ;
#8209 = CARTESIAN_POINT ( 'NONE',  ( -20.00000000000001066, 16.60001199999999955, 2.352167425053299179E-15 ) ) ;
#8210 = VECTOR ( 'NONE', #2067, 1000.000000000000000 ) ;
#8211 = EDGE_CURVE ( 'NONE', #980, #9132, #4328, .T. ) ;
#8212 = CARTESIAN_POINT ( 'NONE',  ( -39.53506879479627401, 0.1999999999999996503, 2.765000000000000124 ) ) ;
#8213 = LINE ( 'NONE', #7411, #7280 ) ;
#8214 = PLANE ( 'NONE',  #4733 ) ;
#8215 = LINE ( 'NONE', #4173, #5078 ) ;
#8216 = CIRCLE ( 'NONE', #2092, 0.8500000000000000888 ) ;
#8217 = EDGE_CURVE ( 'NONE', #2955, #1914, #4935, .T. ) ;
#8218 = CARTESIAN_POINT ( 'NONE',  ( 30.95000000000000284, 0.2999999999999999889, -2.350000000000003197 ) ) ;
#8219 = EDGE_CURVE ( 'NONE', #4108, #7681, #867, .T. ) ;
#8220 = CARTESIAN_POINT ( 'NONE',  ( 30.20000000000002416, 0.2999999999999999889, 6.618695557326043755 ) ) ;
#8221 = FILL_AREA_STYLE ('',( #3313 ) ) ;
#8222 = VERTEX_POINT ( 'NONE', #9009 ) ;
#8223 = ORIENTED_EDGE ( 'NONE', *, *, #2491, .T. ) ;
#8224 = CARTESIAN_POINT ( 'NONE',  ( -47.50000000000000711, 8.000000000000000000, 9.500000000000001776 ) ) ;
#8225 = EDGE_CURVE ( 'NONE', #8341, #7346, #5356, .T. ) ;
#8226 = ORIENTED_EDGE ( 'NONE', *, *, #9452, .T. ) ;
#8227 = PLANE ( 'NONE',  #228 ) ;
#8228 = CIRCLE ( 'NONE', #9916, 0.2999999999999999334 ) ;
#8229 = FACE_OUTER_BOUND ( 'NONE', #1429, .T. ) ;
#8230 = CARTESIAN_POINT ( 'NONE',  ( -51.95000000000000995, 9.716960195022455338, 3.819531249999947864 ) ) ;
#8231 = EDGE_CURVE ( 'NONE', #9368, #3907, #1038, .T. ) ;
#8232 = FACE_OUTER_BOUND ( 'NONE', #4676, .T. ) ;
#8233 = ORIENTED_EDGE ( 'NONE', *, *, #2582, .T. ) ;
#8234 = CARTESIAN_POINT ( 'NONE',  ( 23.84999999999998366, 5.400000000000000355, 4.355068937057558623E-14 ) ) ;
#8235 = VERTEX_POINT ( 'NONE', #1715 ) ;
#8236 = EDGE_LOOP ( 'NONE', ( #8910, #1508, #366, #707, #10248, #2088, #10416 ) ) ;
#8237 = DIRECTION ( 'NONE',  ( 0.000000000000000000, 0.000000000000000000, 1.000000000000000000 ) ) ;
#8238 = EDGE_LOOP ( 'NONE', ( #3161, #4028, #5472, #9521 ) ) ;
#8239 = CIRCLE ( 'NONE', #10246, 5.499999999999985789 ) ;
#8240 = VERTEX_POINT ( 'NONE', #8764 ) ;
#8241 = FACE_BOUND ( 'NONE', #6273, .T. ) ;
#8242 = DIRECTION ( 'NONE',  ( 0.000000000000000000, 0.000000000000000000, 1.000000000000000000 ) ) ;
#8243 = EDGE_CURVE ( 'NONE', #9307, #10351, #849, .T. ) ;
#8244 = CARTESIAN_POINT ( 'NONE',  ( 3.099999999999991651, 13.30000000000000071, 13.45000000000019114 ) ) ;
#8245 = VECTOR ( 'NONE', #3340, 1000.000000000000000 ) ;
#8246 = EDGE_CURVE ( 'NONE', #2377, #6933, #7624, .T. ) ;
#8247 = CARTESIAN_POINT ( 'NONE',  ( 30.95000000000000284, 0.2999999999999999889, -2.350000000000003197 ) ) ;
#8248 = ADVANCED_FACE ( 'NONE', ( #10007 ), #9551, .F. ) ;
#8249 = LINE ( 'NONE', #4096, #931 ) ;
#8250 = VERTEX_POINT ( 'NONE', #9361 ) ;
#8251 = VERTEX_POINT ( 'NONE', #5174 ) ;
#8252 = FACE_OUTER_BOUND ( 'NONE', #3848, .T. ) ;
#8253 = LINE ( 'NONE', #1640, #4046 ) ;
#8254 = DIRECTION ( 'NONE',  ( 0.000000000000000000, -1.000000000000000000, 0.000000000000000000 ) ) ;
#8255 = AXIS2_PLACEMENT_3D ( 'NONE', #10180, #296, #1991 ) ;
#8256 = ORIENTED_EDGE ( 'NONE', *, *, #6010, .T. ) ;
#8257 = DIRECTION ( 'NONE',  ( 0.000000000000000000, 0.000000000000000000, 1.000000000000000000 ) ) ;
#8258 = VECTOR ( 'NONE', #1430, 1000.000000000000000 ) ;
#8259 = ORIENTED_EDGE ( 'NONE', *, *, #6195, .T. ) ;
#8260 = CARTESIAN_POINT ( 'NONE',  ( 31.70000000000000639, 0.2531612188914907358, 3.098623679425835942 ) ) ;
#8261 = DIRECTION ( 'NONE',  ( 1.000000000000000000, -0.000000000000000000, -0.000000000000000000 ) ) ;
#8262 = CARTESIAN_POINT ( 'NONE',  ( -51.95000000000000995, 8.400000000000000355, -2.449999999999999734 ) ) ;
#8263 = ORIENTED_EDGE ( 'NONE', *, *, #5644, .F. ) ;
#8264 = DIRECTION ( 'NONE',  ( 0.000000000000000000, 0.000000000000000000, 1.000000000000000000 ) ) ;
#8265 = ORIENTED_EDGE ( 'NONE', *, *, #6998, .F. ) ;
#8266 = CARTESIAN_POINT ( 'NONE',  ( 22.35000000000000142, 1.000000000000000000, -8.849999999999997868 ) ) ;
#8267 = AXIS2_PLACEMENT_3D ( 'NONE', #50, #2436, #4839 ) ;
#8268 = CARTESIAN_POINT ( 'NONE',  ( 47.49999999999999289, 11.00000000000000178, 14.75000000000000533 ) ) ;
#8269 = DIRECTION ( 'NONE',  ( 1.000000000000000000, 0.000000000000000000, 0.000000000000000000 ) ) ;
#8270 = CARTESIAN_POINT ( 'NONE',  ( -35.26554871542300162, 0.1999999999999996503, -8.849999999999997868 ) ) ;
#8271 = CARTESIAN_POINT ( 'NONE',  ( 41.25000000000000711, 5.500000000000000000, 8.250000000000001776 ) ) ;
#8272 = DIRECTION ( 'NONE',  ( -0.000000000000000000, 0.000000000000000000, -1.000000000000000000 ) ) ;
#8273 = PRESENTATION_LAYER_ASSIGNMENT (  '', '', ( #9781 ) ) ;
#8274 = DIRECTION ( 'NONE',  ( -0.000000000000000000, 1.000000000000000000, -0.000000000000000000 ) ) ;
#8275 = CARTESIAN_POINT ( 'NONE',  ( 26.23856210340544237, 0.000000000000000000, -0.1494653044015669952 ) ) ;
#8276 = EDGE_LOOP ( 'NONE', ( #62, #2315, #10411, #3497 ) ) ;
#8277 = ORIENTED_EDGE ( 'NONE', *, *, #1122, .T. ) ;
#8278 = EDGE_CURVE ( 'NONE', #8201, #715, #1698, .T. ) ;
#8279 = DIRECTION ( 'NONE',  ( 0.000000000000000000, 1.000000000000000000, -0.000000000000000000 ) ) ;
#8280 = VERTEX_POINT ( 'NONE', #5336 ) ;
#8281 = DIRECTION ( 'NONE',  ( 0.000000000000000000, 1.000000000000000000, -0.000000000000000000 ) ) ;
#8282 = VECTOR ( 'NONE', #5307, 1000.000000000000000 ) ;
#8283 = EDGE_CURVE ( 'NONE', #8809, #4911, #1231, .T. ) ;
#8284 = PLANE ( 'NONE',  #5268 ) ;
#8285 = CARTESIAN_POINT ( 'NONE',  ( -51.99280968577653539, 7.920932411665745576, 4.292597590559728893 ) ) ;
#8286 = EDGE_CURVE ( 'NONE', #93, #8998, #10528, .T. ) ;
#8287 = ORIENTED_EDGE ( 'NONE', *, *, #1102, .F. ) ;
#8288 = VECTOR ( 'NONE', #6503, 1000.000000000000000 ) ;
#8289 = CARTESIAN_POINT ( 'NONE',  ( 30.20000000000002416, 0.2999999999999999889, 6.618695557326043755 ) ) ;
#8290 = CIRCLE ( 'NONE', #3687, 11.00296197722692959 ) ;
#8291 = ORIENTED_EDGE ( 'NONE', *, *, #6813, .F. ) ;
#8292 = VERTEX_POINT ( 'NONE', #9207 ) ;
#8293 = ADVANCED_FACE ( 'NONE', ( #6314 ), #5230, .T. ) ;
#8294 = DIRECTION ( 'NONE',  ( 0.000000000000000000, 0.000000000000000000, -1.000000000000000000 ) ) ;
#8295 = ORIENTED_EDGE ( 'NONE', *, *, #5718, .F. ) ;
#8296 = ORIENTED_EDGE ( 'NONE', *, *, #2159, .F. ) ;
#8297 = FACE_BOUND ( 'NONE', #8276, .T. ) ;
#8298 = VECTOR ( 'NONE', #3758, 1000.000000000000000 ) ;
#8299 = CARTESIAN_POINT ( 'NONE',  ( -52.00319817479341111, 8.157263597525663101, 4.338327429859345941 ) ) ;
#8300 = CIRCLE ( 'NONE', #1830, 2.750000000000000888 ) ;
#8301 = DIRECTION ( 'NONE',  ( -0.8660254037844384856, 0.000000000000000000, 0.5000000000000002220 ) ) ;
#8302 = AXIS2_PLACEMENT_3D ( 'NONE', #3515, #3616, #2721 ) ;
#8303 = DIRECTION ( 'NONE',  ( -0.000000000000000000, -1.000000000000000000, -0.000000000000000000 ) ) ;
#8304 = VERTEX_POINT ( 'NONE', #1124 ) ;
#8305 = ORIENTED_EDGE ( 'NONE', *, *, #5637, .F. ) ;
#8306 = CARTESIAN_POINT ( 'NONE',  ( -30.13203748537932825, 5.996123729295902649, -2.765105688015068619 ) ) ;
#8307 = AXIS2_PLACEMENT_3D ( 'NONE', #36, #5103, #4299 ) ;
#8308 = AXIS2_PLACEMENT_3D ( 'NONE', #8520, #6180, #2184 ) ;
#8309 = DIRECTION ( 'NONE',  ( 1.000000000000000000, 0.000000000000000000, 0.000000000000000000 ) ) ;
#8310 = DIRECTION ( 'NONE',  ( 0.000000000000000000, 0.000000000000000000, 1.000000000000000000 ) ) ;
#8311 = EDGE_CURVE ( 'NONE', #93, #6263, #5109, .T. ) ;
#8312 = ADVANCED_FACE ( 'NONE', ( #4527 ), #621, .T. ) ;
#8313 = DIRECTION ( 'NONE',  ( -1.000000000000000000, 0.000000000000000000, 0.000000000000000000 ) ) ;
#8314 = EDGE_CURVE ( 'NONE', #8701, #2314, #8517, .T. ) ;
#8315 = ORIENTED_EDGE ( 'NONE', *, *, #5009, .T. ) ;
#8316 = FACE_OUTER_BOUND ( 'NONE', #2223, .T. ) ;
#8317 = CARTESIAN_POINT ( 'NONE',  ( -31.11939691791956974, 0.5000000000000004441, -20.34067203111825251 ) ) ;
#8318 = CARTESIAN_POINT ( 'NONE',  ( 0.000000000000000000, 0.5000000000000004441, -8.849999999999997868 ) ) ;
#8319 = EDGE_LOOP ( 'NONE', ( #1524, #10289, #4610, #6415 ) ) ;
#8320 = DIRECTION ( 'NONE',  ( -1.000000000000000000, -0.000000000000000000, 4.476705744456300993E-16 ) ) ;
#8321 = ORIENTED_EDGE ( 'NONE', *, *, #4054, .F. ) ;
#8322 = AXIS2_PLACEMENT_3D ( 'NONE', #769, #7209, #5512 ) ;
#8323 = CARTESIAN_POINT ( 'NONE',  ( 38.76960222758092556, 0.000000000000000000, -7.384264693320337969 ) ) ;
#8324 = CARTESIAN_POINT ( 'NONE',  ( -31.11939691791956974, 0.5000000000000004441, -8.849999999999997868 ) ) ;
#8325 = CARTESIAN_POINT ( 'NONE',  ( -52.45000000000000995, 9.690923126127481524, 3.116549989100671603 ) ) ;
#8326 = CARTESIAN_POINT ( 'NONE',  ( -30.13203748537938864, 5.996123729295900873, -9.143749989102969877 ) ) ;
#8327 = EDGE_CURVE ( 'NONE', #1559, #5327, #7123, .T. ) ;
#8328 = FACE_OUTER_BOUND ( 'NONE', #9748, .T. ) ;
#8329 = CARTESIAN_POINT ( 'NONE',  ( -51.95000000000000995, 8.400000000000000355, 2.449999999999999734 ) ) ;
#8330 = VERTEX_POINT ( 'NONE', #432 ) ;
#8331 = ORIENTED_EDGE ( 'NONE', *, *, #8721, .F. ) ;
#8332 = TOROIDAL_SURFACE ( 'NONE', #5609, 1.600000000000000755, 0.2999999999999999889 ) ;
#8333 = DIRECTION ( 'NONE',  ( 0.8660254037844380415, 0.000000000000000000, 0.5000000000000009992 ) ) ;
#8334 = ORIENTED_EDGE ( 'NONE', *, *, #193, .F. ) ;
#8335 = CARTESIAN_POINT ( 'NONE',  ( 51.95000000000000284, 9.849999999999999645, 2.499999999999999556 ) ) ;
#8336 = DIRECTION ( 'NONE',  ( -0.000000000000000000, -0.000000000000000000, 1.000000000000000000 ) ) ;
#8337 = CARTESIAN_POINT ( 'NONE',  ( -52.27563198490998531, 7.308115275766802199, 3.630658523920715197 ) ) ;
#8338 = FACE_OUTER_BOUND ( 'NONE', #9119, .T. ) ;
#8339 = EDGE_LOOP ( 'NONE', ( #8465, #2778, #6984, #3407 ) ) ;
#8340 = DIRECTION ( 'NONE',  ( 1.000000000000000000, 0.000000000000000000, 0.000000000000000000 ) ) ;
#8341 = VERTEX_POINT ( 'NONE', #2269 ) ;
#8342 = EDGE_LOOP ( 'NONE', ( #2053, #2796, #3445, #263, #3268, #4603 ) ) ;
#8343 = CARTESIAN_POINT ( 'NONE',  ( -34.00000000000000711, 6.500000000000000888, -12.25000000000000000 ) ) ;
#8344 = ORIENTED_EDGE ( 'NONE', *, *, #3519, .F. ) ;
#8345 = ORIENTED_EDGE ( 'NONE', *, *, #9408, .T. ) ;
#8346 = DIRECTION ( 'NONE',  ( -1.000000000000000000, 0.000000000000000000, 1.374038396813312538E-16 ) ) ;
#8347 = DIRECTION ( 'NONE',  ( 0.000000000000000000, 0.000000000000000000, 1.000000000000000000 ) ) ;
#8348 = DIRECTION ( 'NONE',  ( 0.000000000000000000, 1.000000000000000000, 0.000000000000000000 ) ) ;
#8349 = ADVANCED_FACE ( 'NONE', ( #7977 ), #1352, .F. ) ;
#8350 = LINE ( 'NONE', #1695, #6031 ) ;
#8351 = ORIENTED_EDGE ( 'NONE', *, *, #8666, .F. ) ;
#8352 = ORIENTED_EDGE ( 'NONE', *, *, #4213, .T. ) ;
#8353 = EDGE_CURVE ( 'NONE', #3096, #8235, #5977, .T. ) ;
#8354 = LINE ( 'NONE', #4464, #10317 ) ;
#8355 = DIRECTION ( 'NONE',  ( 0.000000000000000000, 0.000000000000000000, 1.000000000000000000 ) ) ;
#8356 = CYLINDRICAL_SURFACE ( 'NONE', #5401, 0.7999999999999997113 ) ;
#8357 = EDGE_LOOP ( 'NONE', ( #7717, #4713, #1809, #9154 ) ) ;
#8358 = CARTESIAN_POINT ( 'NONE',  ( -50.25000000000545697, 6.500000000000000888, 0.000000000000000000 ) ) ;
#8359 = EDGE_CURVE ( 'NONE', #6262, #5863, #6870, .T. ) ;
#8360 = CARTESIAN_POINT ( 'NONE',  ( -34.00000000000000711, 8.000000000000000000, 12.25000000000000178 ) ) ;
#8361 = DIRECTION ( 'NONE',  ( 0.000000000000000000, -0.000000000000000000, 1.000000000000000000 ) ) ;
#8362 = VERTEX_POINT ( 'NONE', #4999 ) ;
#8363 = LINE ( 'NONE', #7619, #1088 ) ;
#8364 = ORIENTED_EDGE ( 'NONE', *, *, #3323, .T. ) ;
#8365 = ADVANCED_FACE ( 'NONE', ( #844 ), #4034, .F. ) ;
#8366 = DIRECTION ( 'NONE',  ( 0.000000000000000000, 0.000000000000000000, 1.000000000000000000 ) ) ;
#8367 = EDGE_CURVE ( 'NONE', #6797, #403, #727, .T. ) ;
#8368 = CARTESIAN_POINT ( 'NONE',  ( -52.43183304299722636, 9.610780578713146838, 3.450629295177468414 ) ) ;
#8369 = CARTESIAN_POINT ( 'NONE',  ( -52.44547663803059834, 9.669376713961845837, 3.227573038195338029 ) ) ;
#8370 = CARTESIAN_POINT ( 'NONE',  ( -52.20411310831072882, 7.848321591041715450, 4.174880509859483446 ) ) ;
#8371 = FACE_OUTER_BOUND ( 'NONE', #6400, .T. ) ;
#8372 = DIRECTION ( 'NONE',  ( 0.7660444431189757930, 0.000000000000000000, -0.6427876096865420275 ) ) ;
#8373 = CIRCLE ( 'NONE', #5151, 0.8500000000000000888 ) ;
#8374 = DIRECTION ( 'NONE',  ( 0.000000000000000000, 0.000000000000000000, -1.000000000000000000 ) ) ;
#8375 = VERTEX_POINT ( 'NONE', #3976 ) ;
#8376 = ORIENTED_EDGE ( 'NONE', *, *, #6102, .F. ) ;
#8377 = DIRECTION ( 'NONE',  ( 0.000000000000000000, 1.000000000000000000, -0.000000000000000000 ) ) ;
#8378 = EDGE_CURVE ( 'NONE', #4989, #9619, #10179, .T. ) ;
#8379 = ORIENTED_EDGE ( 'NONE', *, *, #1779, .T. ) ;
#8380 = CARTESIAN_POINT ( 'NONE',  ( 2.009170479469691184, 13.30000000000000071, -14.75000000000000178 ) ) ;
#8381 = CARTESIAN_POINT ( 'NONE',  ( -52.40568058483291480, 7.315219914338405793, 3.641416195902961395 ) ) ;
#8382 = CARTESIAN_POINT ( 'NONE',  ( -51.95000000000000995, 9.540540231233309854, 3.989179127635171351 ) ) ;
#8383 = DIRECTION ( 'NONE',  ( 0.000000000000000000, 1.000000000000000000, -0.000000000000000000 ) ) ;
#8384 = ORIENTED_EDGE ( 'NONE', *, *, #2659, .T. ) ;
#8385 = LINE ( 'NONE', #4451, #2669 ) ;
#8386 = ORIENTED_EDGE ( 'NONE', *, *, #7135, .T. ) ;
#8387 = ORIENTED_EDGE ( 'NONE', *, *, #5445, .F. ) ;
#8388 = CARTESIAN_POINT ( 'NONE',  ( -29.83999999999999986, 6.296018041280833089, 9.349999999999997868 ) ) ;
#8389 = ORIENTED_EDGE ( 'NONE', *, *, #1706, .T. ) ;
#8390 = LINE ( 'NONE', #1101, #2018 ) ;
#8391 = VECTOR ( 'NONE', #9005, 1000.000000000000000 ) ;
#8392 = CARTESIAN_POINT ( 'NONE',  ( 31.69999999999997797, 0.2999999999999999889, -7.798623679425841893 ) ) ;
#8393 = CARTESIAN_POINT ( 'NONE',  ( -34.00000000000000711, 6.500000000000000888, -12.25000000000000000 ) ) ;
#8394 = VECTOR ( 'NONE', #9251, 1000.000000000000000 ) ;
#8395 = DIRECTION ( 'NONE',  ( 0.000000000000000000, 1.000000000000000000, 2.891205793294675861E-16 ) ) ;
#8396 = VECTOR ( 'NONE', #3524, 1000.000000000000000 ) ;
#8397 = LINE ( 'NONE', #4361, #293 ) ;
#8398 = ORIENTED_EDGE ( 'NONE', *, *, #5011, .T. ) ;
#8399 = ORIENTED_EDGE ( 'NONE', *, *, #8555, .F. ) ;
#8400 = LINE ( 'NONE', #7506, #6930 ) ;
#8401 = CARTESIAN_POINT ( 'NONE',  ( 1.104085060222564741E-15, 8.000000000000000000, 14.75000000000000355 ) ) ;
#8402 = EDGE_CURVE ( 'NONE', #4614, #3413, #4949, .T. ) ;
#8403 = AXIS2_PLACEMENT_3D ( 'NONE', #463, #1215, #6006 ) ;
#8404 = EDGE_CURVE ( 'NONE', #6579, #10477, #9769, .T. ) ;
#8405 = EDGE_CURVE ( 'NONE', #2139, #7952, #2716, .T. ) ;
#8406 = LINE ( 'NONE', #4423, #9974 ) ;
#8407 = EDGE_CURVE ( 'NONE', #6265, #1207, #1525, .T. ) ;
#8408 = ORIENTED_EDGE ( 'NONE', *, *, #3839, .T. ) ;
#8409 = PLANE ( 'NONE',  #8426 ) ;
#8410 = CIRCLE ( 'NONE', #425, 0.1999999999999999556 ) ;
#8411 = CARTESIAN_POINT ( 'NONE',  ( 1.408389356733644618E-15, 0.5000000000000004441, 10.24999999999999467 ) ) ;
#8412 = ORIENTED_EDGE ( 'NONE', *, *, #6887, .T. ) ;
#8413 = CARTESIAN_POINT ( 'NONE',  ( 26.60635347795576777, -0.0009999999999999158867, -5.723830892551231564 ) ) ;
#8414 = ORIENTED_EDGE ( 'NONE', *, *, #5233, .T. ) ;
#8415 = CARTESIAN_POINT ( 'NONE',  ( 45.25000000000000711, 1.000000000000000000, -7.250000000000000000 ) ) ;
#8416 = VECTOR ( 'NONE', #8625, 1000.000000000000000 ) ;
#8417 = CARTESIAN_POINT ( 'NONE',  ( 30.24903847450274696, 0.1300423822510688721, 3.055729192126849458 ) ) ;
#8418 = CARTESIAN_POINT ( 'NONE',  ( -34.52834772718359346, 0.000000000000000000, 3.415000000000000036 ) ) ;
#8419 = DIRECTION ( 'NONE',  ( 0.000000000000000000, 1.000000000000000000, -0.000000000000000000 ) ) ;
#8420 = DIRECTION ( 'NONE',  ( 0.000000000000000000, -1.000000000000000000, 0.000000000000000000 ) ) ;
#8421 = EDGE_CURVE ( 'NONE', #1363, #4264, #9834, .T. ) ;
#8422 = CARTESIAN_POINT ( 'NONE',  ( 50.25000000000000000, 16.60000000000000142, 0.000000000000000000 ) ) ;
#8423 = DIRECTION ( 'NONE',  ( 0.000000000000000000, 1.000000000000000000, -0.000000000000000000 ) ) ;
#8424 = VERTEX_POINT ( 'NONE', #7283 ) ;
#8425 = ORIENTED_EDGE ( 'NONE', *, *, #4711, .F. ) ;
#8426 = AXIS2_PLACEMENT_3D ( 'NONE', #222, #9945, #1115 ) ;
#8427 = EDGE_LOOP ( 'NONE', ( #415, #3051, #9076, #9321 ) ) ;
#8428 = CARTESIAN_POINT ( 'NONE',  ( 22.68039777241907373, 0.000000000000000000, 1.904841829914338147 ) ) ;
#8429 = EDGE_CURVE ( 'NONE', #2423, #3941, #43, .T. ) ;
#8430 = ADVANCED_FACE ( 'NONE', ( #3280 ), #8141, .T. ) ;
#8431 = EDGE_CURVE ( 'NONE', #6238, #10014, #3044, .T. ) ;
#8432 = DIRECTION ( 'NONE',  ( 0.000000000000000000, 0.000000000000000000, 1.000000000000000000 ) ) ;
#8433 = CARTESIAN_POINT ( 'NONE',  ( -39.58434658500975445, 0.1071145293931473896, 8.372877755913762599 ) ) ;
#8434 = VECTOR ( 'NONE', #6200, 1000.000000000000000 ) ;
#8435 = DIRECTION ( 'NONE',  ( -1.176083712526649195E-16, 0.000000000000000000, -1.000000000000000000 ) ) ;
#8436 = DIRECTION ( 'NONE',  ( 0.000000000000000000, 1.000000000000000000, 0.000000000000000000 ) ) ;
#8437 = ORIENTED_EDGE ( 'NONE', *, *, #7296, .T. ) ;
#8438 = CARTESIAN_POINT ( 'NONE',  ( 52.75000000000000711, 3.000000000000000000, 9.500000000000001776 ) ) ;
#8439 = ORIENTED_EDGE ( 'NONE', *, *, #9060, .F. ) ;
#8440 = ORIENTED_EDGE ( 'NONE', *, *, #9858, .F. ) ;
#8441 = DIRECTION ( 'NONE',  ( 0.000000000000000000, 1.000000000000000000, -0.000000000000000000 ) ) ;
#8442 = ORIENTED_EDGE ( 'NONE', *, *, #7398, .F. ) ;
#8443 = VECTOR ( 'NONE', #4714, 1000.000000000000000 ) ;
#8444 = CARTESIAN_POINT ( 'NONE',  ( -51.99275608861675835, 8.879970655288349946, 4.292343692617996531 ) ) ;
#8445 = DIRECTION ( 'NONE',  ( -0.000000000000000000, -0.000000000000000000, 1.000000000000000000 ) ) ;
#8446 = VECTOR ( 'NONE', #3905, 1000.000000000000000 ) ;
#8447 = VECTOR ( 'NONE', #230, 1000.000000000000000 ) ;
#8448 = AXIS2_PLACEMENT_3D ( 'NONE', #10073, #10181, #2894 ) ;
#8449 = DIRECTION ( 'NONE',  ( 1.000000000000000000, -0.000000000000000000, 0.000000000000000000 ) ) ;
#8450 = ORIENTED_EDGE ( 'NONE', *, *, #5063, .F. ) ;
#8451 = ORIENTED_EDGE ( 'NONE', *, *, #3401, .F. ) ;
#8452 = ADVANCED_FACE ( 'NONE', ( #9038 ), #6526, .F. ) ;
#8453 = EDGE_LOOP ( 'NONE', ( #10502, #6673, #7343, #5575, #9845, #546 ) ) ;
#8454 = VERTEX_POINT ( 'NONE', #7172 ) ;
#8455 = DIRECTION ( 'NONE',  ( -0.000000000000000000, 1.000000000000000000, -0.000000000000000000 ) ) ;
#8456 = LINE ( 'NONE', #2605, #7871 ) ;
#8457 = CIRCLE ( 'NONE', #3856, 6.166261152084816288 ) ;
#8458 = CIRCLE ( 'NONE', #7445, 3.750000000000001776 ) ;
#8459 = DIRECTION ( 'NONE',  ( 1.000000000000000000, 0.000000000000000000, 4.231032868236115418E-16 ) ) ;
#8460 = AXIS2_PLACEMENT_3D ( 'NONE', #6157, #357, #9228 ) ;
#8461 = VECTOR ( 'NONE', #784, 1000.000000000000000 ) ;
#8462 = ORIENTED_EDGE ( 'NONE', *, *, #3873, .F. ) ;
#8463 = DIRECTION ( 'NONE',  ( -1.000000000000000000, 0.000000000000000000, 7.485322442186879976E-17 ) ) ;
#8464 = LINE ( 'NONE', #10048, #5730 ) ;
#8465 = ORIENTED_EDGE ( 'NONE', *, *, #2281, .F. ) ;
#8466 = AXIS2_PLACEMENT_3D ( 'NONE', #8135, #841, #3921 ) ;
#8467 = LINE ( 'NONE', #7718, #6024 ) ;
#8468 = ORIENTED_EDGE ( 'NONE', *, *, #9629, .F. ) ;
#8469 = VECTOR ( 'NONE', #1196, 1000.000000000000000 ) ;
#8470 = CARTESIAN_POINT ( 'NONE',  ( -39.55228633380069425, 0.1679172698444631462, 2.765000000000000124 ) ) ;
#8471 = CARTESIAN_POINT ( 'NONE',  ( -34.31252571724582623, 0.2000000000000003164, -2.765000000000000124 ) ) ;
#8472 = EDGE_CURVE ( 'NONE', #10131, #6509, #4422, .T. ) ;
#8473 = CARTESIAN_POINT ( 'NONE',  ( 0.000000000000000000, 8.000000000000000000, -12.25000000000000000 ) ) ;
#8474 = DIRECTION ( 'NONE',  ( 1.000000000000000000, -0.000000000000000000, -7.485322442186878744E-17 ) ) ;
#8475 = CARTESIAN_POINT ( 'NONE',  ( 25.85635347795577133, 0.2999999999999999889, -4.424792786874576223 ) ) ;
#8476 = DIRECTION ( 'NONE',  ( 0.000000000000000000, 0.000000000000000000, 1.000000000000000000 ) ) ;
#8477 = ORIENTED_EDGE ( 'NONE', *, *, #2483, .F. ) ;
#8478 = EDGE_LOOP ( 'NONE', ( #6467, #5949, #506, #2829 ) ) ;
#8479 = EDGE_CURVE ( 'NONE', #715, #8159, #10405, .T. ) ;
#8480 = DIRECTION ( 'NONE',  ( 0.000000000000000000, 0.000000000000000000, 1.000000000000000000 ) ) ;
#8481 = ORIENTED_EDGE ( 'NONE', *, *, #6844, .T. ) ;
#8482 = FACE_OUTER_BOUND ( 'NONE', #5144, .T. ) ;
#8483 = VECTOR ( 'NONE', #7548, 1000.000000000000000 ) ;
#8484 = EDGE_CURVE ( 'NONE', #467, #3290, #9605, .T. ) ;
#8485 = CARTESIAN_POINT ( 'NONE',  ( 0.000000000000000000, 6.500000000000000888, -6.750000000000000000 ) ) ;
#8486 = CARTESIAN_POINT ( 'NONE',  ( -52.25000000000001421, 9.897368276523906161, 3.013815789473676787 ) ) ;
#8487 = DIRECTION ( 'NONE',  ( 0.000000000000000000, 1.000000000000000000, -0.000000000000000000 ) ) ;
#8488 = CIRCLE ( 'NONE', #2198, 6.800000000000001599 ) ;
#8489 = FACE_OUTER_BOUND ( 'NONE', #5187, .T. ) ;
#8490 = ORIENTED_EDGE ( 'NONE', *, *, #3739, .F. ) ;
#8491 = CARTESIAN_POINT ( 'NONE',  ( 26.60635347795579619, 0.5000000000000000000, 1.023830892551267135 ) ) ;
#8492 = CARTESIAN_POINT ( 'NONE',  ( 50.84065861769801131, 9.000000000000001776, 13.54999999999999716 ) ) ;
#8493 = ORIENTED_EDGE ( 'NONE', *, *, #399, .T. ) ;
#8494 = EDGE_LOOP ( 'NONE', ( #9470, #4664, #7403, #4819 ) ) ;
#8495 = EDGE_CURVE ( 'NONE', #3250, #7204, #7134, .T. ) ;
#8496 = CARTESIAN_POINT ( 'NONE',  ( -29.84000000000000341, 6.296018041280833089, 1.010032166305325429E-14 ) ) ;
#8497 = VERTEX_POINT ( 'NONE', #9665 ) ;
#8498 = AXIS2_PLACEMENT_3D ( 'NONE', #1576, #4832, #7656 ) ;
#8499 = CARTESIAN_POINT ( 'NONE',  ( -45.19999999999999574, 0.000000000000000000, 6.750000000000006217 ) ) ;
#8500 = CARTESIAN_POINT ( 'NONE',  ( 0.5999999999999912070, 15.10000000000000142, -13.35000000000018971 ) ) ;
#8501 = CARTESIAN_POINT ( 'NONE',  ( -47.50000000000000711, 3.000000000000000000, -8.650000000000002132 ) ) ;
#8502 = ORIENTED_EDGE ( 'NONE', *, *, #5833, .F. ) ;
#8503 = EDGE_LOOP ( 'NONE', ( #1218, #2165, #1453, #8439 ) ) ;
#8504 = ORIENTED_EDGE ( 'NONE', *, *, #8164, .F. ) ;
#8505 = ORIENTED_EDGE ( 'NONE', *, *, #1958, .T. ) ;
#8506 = CARTESIAN_POINT ( 'NONE',  ( 23.44446861781630176, 0.09378038618371745128, -7.458250430494965499 ) ) ;
#8507 = DIRECTION ( 'NONE',  ( 0.000000000000000000, 0.000000000000000000, 1.000000000000000000 ) ) ;
#8508 = ADVANCED_FACE ( 'NONE', ( #5638 ), #8869, .T. ) ;
#8509 = EDGE_CURVE ( 'NONE', #1477, #8851, #9141, .T. ) ;
#8510 = DIRECTION ( 'NONE',  ( -1.000000000000000000, 0.000000000000000000, -1.871330610546719070E-17 ) ) ;
#8511 = ORIENTED_EDGE ( 'NONE', *, *, #1461, .F. ) ;
#8512 = CARTESIAN_POINT ( 'NONE',  ( 22.35000000000000142, 5.400000000000000355, -10.34999999999999787 ) ) ;
#8513 = DIRECTION ( 'NONE',  ( -1.000000000000000000, 0.000000000000000000, 0.000000000000000000 ) ) ;
#8514 = ORIENTED_EDGE ( 'NONE', *, *, #2380, .T. ) ;
#8515 = CARTESIAN_POINT ( 'NONE',  ( 52.75100000000002609, 8.400000000000000355, 2.924999999999982947 ) ) ;
#8516 = ORIENTED_EDGE ( 'NONE', *, *, #4990, .F. ) ;
#8517 = LINE ( 'NONE', #8415, #4418 ) ;
#8518 = CARTESIAN_POINT ( 'NONE',  ( -34.32300333360995381, 0.1748349968067964832, -2.764999999999999680 ) ) ;
#8519 = DIRECTION ( 'NONE',  ( -0.000000000000000000, 1.000000000000000000, -0.000000000000000000 ) ) ;
#8520 = CARTESIAN_POINT ( 'NONE',  ( 0.000000000000000000, 0.000000000000000000, 0.000000000000000000 ) ) ;
#8521 = CARTESIAN_POINT ( 'NONE',  ( 8.795253869569584650E-16, 3.000000000000000000, 11.75000000000000355 ) ) ;
#8522 = DIRECTION ( 'NONE',  ( -1.000000000000000000, 0.000000000000000000, 0.000000000000000000 ) ) ;
#8523 = CARTESIAN_POINT ( 'NONE',  ( -50.25000000000000711, 15.10000000000000142, 0.000000000000000000 ) ) ;
#8524 = ORIENTED_EDGE ( 'NONE', *, *, #2532, .T. ) ;
#8525 = ORIENTED_EDGE ( 'NONE', *, *, #2123, .T. ) ;
#8526 = CARTESIAN_POINT ( 'NONE',  ( 49.74999999999999289, 0.000000000000000000, -9.499999999999966249 ) ) ;
#8527 = ORIENTED_EDGE ( 'NONE', *, *, #2931, .T. ) ;
#8528 = DIRECTION ( 'NONE',  ( 0.000000000000000000, 3.585095183685399014E-14, -1.000000000000000000 ) ) ;
#8529 = EDGE_CURVE ( 'NONE', #5272, #9979, #5279, .T. ) ;
#8530 = FACE_OUTER_BOUND ( 'NONE', #5497, .T. ) ;
#8531 = DIRECTION ( 'NONE',  ( -0.000000000000000000, -0.000000000000000000, 1.000000000000000000 ) ) ;
#8532 = ADVANCED_FACE ( 'NONE', ( #4359 ), #1007, .T. ) ;
#8533 = EDGE_CURVE ( 'NONE', #3259, #7145, #4753, .T. ) ;
#8534 = FACE_OUTER_BOUND ( 'NONE', #2160, .T. ) ;
#8535 = CARTESIAN_POINT ( 'NONE',  ( 35.29364652204418462, 0.2531612188914919570, -5.723830892551260874 ) ) ;
#8536 = EDGE_CURVE ( 'NONE', #8959, #7829, #7443, .T. ) ;
#8537 = ORIENTED_EDGE ( 'NONE', *, *, #4917, .F. ) ;
#8538 = CARTESIAN_POINT ( 'NONE',  ( -47.50000000000000711, 3.000000000000000000, 9.500000000000001776 ) ) ;
#8539 = CARTESIAN_POINT ( 'NONE',  ( -2.000000000000008882, 13.30000000000000071, -14.75000000000000178 ) ) ;
#8540 = ORIENTED_EDGE ( 'NONE', *, *, #7121, .F. ) ;
#8541 = ORIENTED_EDGE ( 'NONE', *, *, #6945, .T. ) ;
#8542 = CARTESIAN_POINT ( 'NONE',  ( 0.000000000000000000, 15.10000000000000142, 0.000000000000000000 ) ) ;
#8543 = EDGE_LOOP ( 'NONE', ( #864, #4792, #1399, #3133 ) ) ;
#8544 = CIRCLE ( 'NONE', #6008, 3.000000000000000888 ) ;
#8545 = CARTESIAN_POINT ( 'NONE',  ( 0.000000000000000000, 15.10000000000000142, -13.25000000000000178 ) ) ;
#8546 = LINE ( 'NONE', #5364, #8150 ) ;
#8547 = CARTESIAN_POINT ( 'NONE',  ( 0.000000000000000000, 11.00000000000000178, 12.25000000000000711 ) ) ;
#8548 = VERTEX_POINT ( 'NONE', #8393 ) ;
#8549 = VECTOR ( 'NONE', #2683, 1000.000000000000000 ) ;
#8550 = ORIENTED_EDGE ( 'NONE', *, *, #7879, .F. ) ;
#8551 = LINE ( 'NONE', #7808, #9137 ) ;
#8552 = EDGE_LOOP ( 'NONE', ( #4563, #8259, #10485, #4160, #8129, #6898 ) ) ;
#8553 = DIRECTION ( 'NONE',  ( 0.6427876096865379196, 0.000000000000000000, -0.7660444431189792347 ) ) ;
#8554 = DIRECTION ( 'NONE',  ( 2.668805347656624115E-15, 0.000000000000000000, -1.000000000000000000 ) ) ;
#8555 = EDGE_CURVE ( 'NONE', #3575, #6158, #209, .T. ) ;
#8556 = ADVANCED_FACE ( 'NONE', ( #5206 ), #2006, .T. ) ;
#8557 = AXIS2_PLACEMENT_3D ( 'NONE', #8401, #4465, #7709 ) ;
#8558 = EDGE_CURVE ( 'NONE', #4671, #1697, #2706, .T. ) ;
#8559 = FACE_OUTER_BOUND ( 'NONE', #3505, .T. ) ;
#8560 = EDGE_CURVE ( 'NONE', #3920, #537, #487, .T. ) ;
#8561 = VERTEX_POINT ( 'NONE', #311 ) ;
#8562 = LINE ( 'NONE', #1271, #2656 ) ;
#8563 = LINE ( 'NONE', #7767, #4717 ) ;
#8564 = ORIENTED_EDGE ( 'NONE', *, *, #8176, .F. ) ;
#8565 = CARTESIAN_POINT ( 'NONE',  ( -52.15661494277107835, 7.083039804977634191, -3.819531250000042011 ) ) ;
#8566 = AXIS2_PLACEMENT_3D ( 'NONE', #3235, #8668, #1371 ) ;
#8567 = VERTEX_POINT ( 'NONE', #1104 ) ;
#8568 = B_SPLINE_CURVE_WITH_KNOTS ( 'NONE', 3,
 ( #10273, #9424, #6196, #3637, #592, #9527, #1351, #2048 ),
 .UNSPECIFIED., .F., .F.,
 ( 4, 2, 2, 4 ),
 ( -3.466145320678416020E-06, 0.0002882777914486017831, 0.0004341497598332416208, 0.0005800217282178815126 ),
 .UNSPECIFIED. ) ;
#8569 = DIRECTION ( 'NONE',  ( 0.000000000000000000, 0.000000000000000000, -1.000000000000000000 ) ) ;
#8570 = CARTESIAN_POINT ( 'NONE',  ( -51.98554618413229633, 7.803653188896272574, -4.258079740417366921 ) ) ;
#8571 = LINE ( 'NONE', #10256, #7875 ) ;
#8572 = AXIS2_PLACEMENT_3D ( 'NONE', #10137, #5154, #4506 ) ;
#8573 = CARTESIAN_POINT ( 'NONE',  ( -52.33704279059703168, 8.506999899801405363, -4.225057065303473358 ) ) ;
#8574 = CARTESIAN_POINT ( 'NONE',  ( 31.53444636088666897, 0.02145563245112781792, -11.49711103979234395 ) ) ;
#8575 = LINE ( 'NONE', #8523, #7917 ) ;
#8576 = ORIENTED_EDGE ( 'NONE', *, *, #8880, .T. ) ;
#8577 = VERTEX_POINT ( 'NONE', #3403 ) ;
#8578 = DIRECTION ( 'NONE',  ( 0.000000000000000000, 0.000000000000000000, -1.000000000000000000 ) ) ;
#8579 = ORIENTED_EDGE ( 'NONE', *, *, #2557, .T. ) ;
#8580 = LINE ( 'NONE', #2889, #3952 ) ;
#8581 = VECTOR ( 'NONE', #594, 1000.000000000000000 ) ;
#8582 = LINE ( 'NONE', #10067, #3212 ) ;
#8583 = CARTESIAN_POINT ( 'NONE',  ( -52.23135736848558253, 9.672107356944980694, 3.593355414828908856 ) ) ;
#8584 = PLANE ( 'NONE',  #5759 ) ;
#8585 = DIRECTION ( 'NONE',  ( 0.5000000000000001110, 0.000000000000000000, 0.8660254037844385966 ) ) ;
#8586 = EDGE_CURVE ( 'NONE', #1262, #2396, #3602, .T. ) ;
#8587 = VECTOR ( 'NONE', #5069, 1000.000000000000000 ) ;
#8588 = DIRECTION ( 'NONE',  ( 1.000000000000000000, -0.000000000000000000, -0.000000000000000000 ) ) ;
#8589 = DIRECTION ( 'NONE',  ( -1.176083712526649195E-16, 0.000000000000000000, -1.000000000000000000 ) ) ;
#8590 = ORIENTED_EDGE ( 'NONE', *, *, #2195, .F. ) ;
#8591 = ORIENTED_EDGE ( 'NONE', *, *, #5011, .F. ) ;
#8592 = CARTESIAN_POINT ( 'NONE',  ( 39.38469035668907026, 1.000000000000000000, 4.549999999999998934 ) ) ;
#8593 = ORIENTED_EDGE ( 'NONE', *, *, #1410, .F. ) ;
#8594 = ADVANCED_FACE ( 'NONE', ( #3557 ), #158, .T. ) ;
#8595 = FACE_OUTER_BOUND ( 'NONE', #7582, .T. ) ;
#8596 = VECTOR ( 'NONE', #9454, 1000.000000000000000 ) ;
#8597 = LINE ( 'NONE', #5468, #2019 ) ;
#8598 = CARTESIAN_POINT ( 'NONE',  ( -35.06554871542299878, 0.000000000000000000, 2.965000000000000302 ) ) ;
#8599 = EDGE_CURVE ( 'NONE', #10389, #8251, #6004, .T. ) ;
#8600 = CARTESIAN_POINT ( 'NONE',  ( 0.000000000000000000, 17.60000000000000142, -13.55000000000000249 ) ) ;
#8601 = ORIENTED_EDGE ( 'NONE', *, *, #6144, .F. ) ;
#8602 = DIRECTION ( 'NONE',  ( 0.000000000000000000, 1.000000000000000000, 0.000000000000000000 ) ) ;
#8603 = AXIS2_PLACEMENT_3D ( 'NONE', #285, #2777, #2883 ) ;
#8604 = ORIENTED_EDGE ( 'NONE', *, *, #3502, .T. ) ;
#8605 = DIRECTION ( 'NONE',  ( -8.673617379884085959E-15, 0.000000000000000000, -1.000000000000000000 ) ) ;
#8606 = CARTESIAN_POINT ( 'NONE',  ( -39.76146882909598901, 0.000000000000000000, -2.965000000000000302 ) ) ;
#8607 = AXIS2_PLACEMENT_3D ( 'NONE', #9954, #9802, #9010 ) ;
#8608 = VECTOR ( 'NONE', #6119, 1000.000000000000000 ) ;
#8609 = CARTESIAN_POINT ( 'NONE',  ( -52.45000000000001705, 8.400000000000000355, -2.924999999999968736 ) ) ;
#8610 = VERTEX_POINT ( 'NONE', #6802 ) ;
#8611 = CARTESIAN_POINT ( 'NONE',  ( 47.49999999999999289, 8.000000000000000000, -10.34999999999999787 ) ) ;
#8612 = VECTOR ( 'NONE', #5086, 1000.000000000000114 ) ;
#8613 = AXIS2_PLACEMENT_3D ( 'NONE', #4627, #5599, #8036 ) ;
#8614 = LINE ( 'NONE', #1328, #168 ) ;
#8615 = EDGE_LOOP ( 'NONE', ( #9127, #10065 ) ) ;
#8616 = ADVANCED_FACE ( 'NONE', ( #9233 ), #1852, .F. ) ;
#8617 = CARTESIAN_POINT ( 'NONE',  ( -52.00319817479337559, 8.642736402474216817, -4.338327429859365481 ) ) ;
#8618 = ORIENTED_EDGE ( 'NONE', *, *, #3157, .F. ) ;
#8619 = ADVANCED_FACE ( 'NONE', ( #6643 ), #2705, .T. ) ;
#8620 = VECTOR ( 'NONE', #4587, 1000.000000000000000 ) ;
#8621 = VECTOR ( 'NONE', #5304, 1000.000000000000000 ) ;
#8622 = CARTESIAN_POINT ( 'NONE',  ( -52.23796951423593526, 7.063854458135563341, 3.486806783907418161 ) ) ;
#8623 = LINE ( 'NONE', #6478, #5693 ) ;
#8624 = AXIS2_PLACEMENT_3D ( 'NONE', #4576, #7068, #523 ) ;
#8625 = DIRECTION ( 'NONE',  ( -0.000000000000000000, -0.000000000000000000, -1.000000000000000000 ) ) ;
#8626 = DIRECTION ( 'NONE',  ( -0.000000000000000000, 1.000000000000000000, -0.000000000000000000 ) ) ;
#8627 = CARTESIAN_POINT ( 'NONE',  ( -34.00000000000000711, 8.000000000000000000, 0.000000000000000000 ) ) ;
#8628 = VERTEX_POINT ( 'NONE', #1895 ) ;
#8629 = VERTEX_POINT ( 'NONE', #1163 ) ;
#8630 = CARTESIAN_POINT ( 'NONE',  ( -34.32300333360993250, 0.1748349968067927918, -3.615000000000000213 ) ) ;
#8631 = AXIS2_PLACEMENT_3D ( 'NONE', #7798, #5148, #508 ) ;
#8632 = ORIENTED_EDGE ( 'NONE', *, *, #7983, .T. ) ;
#8633 = CIRCLE ( 'NONE', #1171, 6.800000000000007816 ) ;
#8634 = CARTESIAN_POINT ( 'NONE',  ( -39.58434658500975445, 0.1071145293931473896, 8.372877755913762599 ) ) ;
#8635 = AXIS2_PLACEMENT_3D ( 'NONE', #1125, #7775, #2133 ) ;
#8636 = ADVANCED_FACE ( 'NONE', ( #4411 ), #6058, .F. ) ;
#8637 = AXIS2_PLACEMENT_3D ( 'NONE', #7810, #2958, #563 ) ;
#8638 = CARTESIAN_POINT ( 'NONE',  ( 22.35000000000000142, 5.400000000000000355, -8.849999999999997868 ) ) ;
#8639 = EDGE_CURVE ( 'NONE', #4736, #2139, #8546, .T. ) ;
#8640 = DIRECTION ( 'NONE',  ( 0.000000000000000000, 0.000000000000000000, -1.000000000000000000 ) ) ;
#8641 = FACE_OUTER_BOUND ( 'NONE', #6491, .T. ) ;
#8642 = CARTESIAN_POINT ( 'NONE',  ( 50.99857113690718080, 11.00000000000000178, 12.25000000000000711 ) ) ;
#8643 = CARTESIAN_POINT ( 'NONE',  ( 26.60635347795576777, 0.2999999999999999889, -5.723830892551231564 ) ) ;
#8644 = DIRECTION ( 'NONE',  ( 0.000000000000000000, 0.000000000000000000, -1.000000000000000000 ) ) ;
#8645 = ORIENTED_EDGE ( 'NONE', *, *, #4583, .F. ) ;
#8646 = ORIENTED_EDGE ( 'NONE', *, *, #665, .F. ) ;
#8647 = VECTOR ( 'NONE', #3911, 1000.000000000000000 ) ;
#8648 = DIRECTION ( 'NONE',  ( -1.000000000000000000, 0.000000000000000000, -0.000000000000000000 ) ) ;
#8649 = VECTOR ( 'NONE', #7898, 1000.000000000000000 ) ;
#8650 = ORIENTED_EDGE ( 'NONE', *, *, #1376, .F. ) ;
#8651 = CARTESIAN_POINT ( 'NONE',  ( -30.22553775529167552, 5.993641197162227208, 8.550023001232567310 ) ) ;
#8652 = AXIS2_PLACEMENT_3D ( 'NONE', #8963, #10342, #1678 ) ;
#8653 = LINE ( 'NONE', #7107, #834 ) ;
#8654 =( BOUNDED_CURVE ( )  B_SPLINE_CURVE ( 3, ( #4594, #4638, #7883, #3783 ),
 .UNSPECIFIED., .F., .F. ) 
 B_SPLINE_CURVE_WITH_KNOTS ( ( 4, 4 ),
 ( 4.712388980384689674, 6.283185307179586232 ),
 .UNSPECIFIED. ) 
 CURVE ( )  GEOMETRIC_REPRESENTATION_ITEM ( )  RATIONAL_B_SPLINE_CURVE ( ( 1.000000000000000000, 0.8047378541243649375, 0.8047378541243649375, 1.000000000000000000 ) ) 
 REPRESENTATION_ITEM ( '' )  );
#8655 = DIRECTION ( 'NONE',  ( 0.6427876096865379196, 0.000000000000000000, -0.7660444431189792347 ) ) ;
#8656 = ORIENTED_EDGE ( 'NONE', *, *, #2873, .T. ) ;
#8657 = CARTESIAN_POINT ( 'NONE',  ( -52.36670038755151069, 7.600715368230758884, -3.955779289759070672 ) ) ;
#8658 = ORIENTED_EDGE ( 'NONE', *, *, #4273, .F. ) ;
#8659 = ORIENTED_EDGE ( 'NONE', *, *, #1590, .T. ) ;
#8660 = CARTESIAN_POINT ( 'NONE',  ( -20.00000000000001066, 15.10000000000000142, 13.54999999999999716 ) ) ;
#8661 = ORIENTED_EDGE ( 'NONE', *, *, #6556, .F. ) ;
#8662 = LINE ( 'NONE', #468, #4052 ) ;
#8663 = PLANE ( 'NONE',  #7022 ) ;
#8664 = ADVANCED_FACE ( 'NONE', ( #10188 ), #1361, .T. ) ;
#8665 = DIRECTION ( 'NONE',  ( 1.000000000000000000, 0.000000000000000000, 0.000000000000000000 ) ) ;
#8666 = EDGE_CURVE ( 'NONE', #2205, #7328, #3648, .T. ) ;
#8667 = EDGE_CURVE ( 'NONE', #9239, #23, #10345, .T. ) ;
#8668 = DIRECTION ( 'NONE',  ( -0.000000000000000000, -0.000000000000000000, 1.000000000000000000 ) ) ;
#8669 = ORIENTED_EDGE ( 'NONE', *, *, #4788, .T. ) ;
#8670 = DIRECTION ( 'NONE',  ( -1.000000000000000000, 0.000000000000000000, 0.000000000000000000 ) ) ;
#8671 = FACE_OUTER_BOUND ( 'NONE', #11, .T. ) ;
#8672 = CARTESIAN_POINT ( 'NONE',  ( -51.95000000000000995, 7.083039804977637743, -3.819531250000037126 ) ) ;
#8673 = EDGE_CURVE ( 'NONE', #4927, #2106, #6951, .T. ) ;
#8674 = VERTEX_POINT ( 'NONE', #1403 ) ;
#8675 = EDGE_CURVE ( 'NONE', #4349, #6778, #7701, .T. ) ;
#8676 = LINE ( 'NONE', #2285, #8751 ) ;
#8677 = CARTESIAN_POINT ( 'NONE',  ( -52.00000000000002132, 17.60000000000000142, 6.749999999999946709 ) ) ;
#8678 = CARTESIAN_POINT ( 'NONE',  ( 39.21960222758095682, 0.000000000000000000, 1.904841829914288853 ) ) ;
#8679 = ORIENTED_EDGE ( 'NONE', *, *, #6538, .F. ) ;
#8680 = ORIENTED_EDGE ( 'NONE', *, *, #1990, .T. ) ;
#8681 = DIRECTION ( 'NONE',  ( 5.139921410301693197E-16, 0.000000000000000000, 1.000000000000000000 ) ) ;
#8682 = ORIENTED_EDGE ( 'NONE', *, *, #9755, .T. ) ;
#8683 = CARTESIAN_POINT ( 'NONE',  ( -39.61980179287454717, 0.03950539805616481992, 8.408332963778557101 ) ) ;
#8684 = ADVANCED_FACE ( 'NONE', ( #9344 ), #2854, .T. ) ;
#8685 = DIRECTION ( 'NONE',  ( 0.8660254037844380415, -0.000000000000000000, -0.5000000000000009992 ) ) ;
#8686 = ADVANCED_FACE ( 'NONE', ( #7048 ), #6160, .T. ) ;
#8687 = CARTESIAN_POINT ( 'NONE',  ( -52.24737880384225974, 9.838761398647974943, 3.256771301096148985 ) ) ;
#8688 = EDGE_CURVE ( 'NONE', #416, #7339, #9386, .T. ) ;
#8689 = DIRECTION ( 'NONE',  ( -1.000000000000000000, 0.000000000000000000, 0.000000000000000000 ) ) ;
#8690 = CARTESIAN_POINT ( 'NONE',  ( -31.51661123066064363, 3.000000000000000000, -20.34067203111825251 ) ) ;
#8691 = ADVANCED_FACE ( 'NONE', ( #511 ), #9490, .T. ) ;
#8692 = DIRECTION ( 'NONE',  ( 0.000000000000000000, 0.000000000000000000, 1.000000000000000000 ) ) ;
#8693 = FACE_OUTER_BOUND ( 'NONE', #10513, .T. ) ;
#8694 = VERTEX_POINT ( 'NONE', #10285 ) ;
#8695 = ORIENTED_EDGE ( 'NONE', *, *, #4442, .T. ) ;
#8696 = FACE_BOUND ( 'NONE', #6155, .T. ) ;
#8697 = VERTEX_POINT ( 'NONE', #2059 ) ;
#8698 = CARTESIAN_POINT ( 'NONE',  ( -30.33578302860138365, 5.989494515002736996, 8.476517393160385438 ) ) ;
#8699 = CARTESIAN_POINT ( 'NONE',  ( -31.22777815357900622, 3.000000000000000000, -3.615000000000000213 ) ) ;
#8700 = CYLINDRICAL_SURFACE ( 'NONE', #2449, 6.166261152084816288 ) ;
#8701 = VERTEX_POINT ( 'NONE', #3855 ) ;
#8702 = DIRECTION ( 'NONE',  ( -0.000000000000000000, -1.000000000000000000, 0.000000000000000000 ) ) ;
#8703 = ORIENTED_EDGE ( 'NONE', *, *, #3798, .F. ) ;
#8704 = ORIENTED_EDGE ( 'NONE', *, *, #220, .T. ) ;
#8705 = FACE_OUTER_BOUND ( 'NONE', #9052, .T. ) ;
#8706 = EDGE_LOOP ( 'NONE', ( #3918, #1377, #4761, #9083, #4684 ) ) ;
#8707 = DIRECTION ( 'NONE',  ( -0.000000000000000000, 0.000000000000000000, 1.000000000000000000 ) ) ;
#8708 = AXIS2_PLACEMENT_3D ( 'NONE', #1981, #5300, #8528 ) ;
#8709 = LINE ( 'NONE', #9503, #4303 ) ;
#8710 = AXIS2_PLACEMENT_3D ( 'NONE', #6288, #3084, #7192 ) ;
#8711 = CARTESIAN_POINT ( 'NONE',  ( 30.95000000000000284, -0.0009999999999999158867, -2.350000000000003197 ) ) ;
#8712 = CARTESIAN_POINT ( 'NONE',  ( 23.85000000000000142, 5.400000000000000355, -10.34999999999999787 ) ) ;
#8713 = ORIENTED_EDGE ( 'NONE', *, *, #1070, .T. ) ;
#8714 = CARTESIAN_POINT ( 'NONE',  ( 43.25000000000000711, 5.500000000000000888, -7.250000000000000888 ) ) ;
#8715 = ADVANCED_FACE ( 'NONE', ( #7001 ), #9314, .T. ) ;
#8716 = CARTESIAN_POINT ( 'NONE',  ( 30.49999999999998224, 0.000000000000000000, -7.530492254602825675 ) ) ;
#8717 = CARTESIAN_POINT ( 'NONE',  ( -52.12881868157380438, 7.243649841820034574, -3.973976113587543768 ) ) ;
#8718 = ORIENTED_EDGE ( 'NONE', *, *, #1280, .F. ) ;
#8719 = AXIS2_PLACEMENT_3D ( 'NONE', #4208, #7453, #2336 ) ;
#8720 = ADVANCED_FACE ( 'NONE', ( #4559 ), #6207, .T. ) ;
#8721 = EDGE_CURVE ( 'NONE', #9641, #7234, #8653, .T. ) ;
#8722 = EDGE_CURVE ( 'NONE', #7318, #3111, #8597, .T. ) ;
#8723 = B_SPLINE_CURVE_WITH_KNOTS ( 'NONE', 3,
 ( #3527, #1079, #1821, #5235 ),
 .UNSPECIFIED., .F., .F.,
 ( 4, 4 ),
 ( 0.000000000000000000, 0.0001077286665339028825 ),
 .UNSPECIFIED. ) ;
#8724 = LINE ( 'NONE', #8777, #7262 ) ;
#8725 = ORIENTED_EDGE ( 'NONE', *, *, #7905, .F. ) ;
#8726 = CARTESIAN_POINT ( 'NONE',  ( -31.60047529527845001, 3.276389878762281160, 8.349999999999997868 ) ) ;
#8727 = CARTESIAN_POINT ( 'NONE',  ( -31.51661123066064363, 3.000000000000000000, -20.34067203111825251 ) ) ;
#8728 = VECTOR ( 'NONE', #181, 1000.000000000000000 ) ;
#8729 = CARTESIAN_POINT ( 'NONE',  ( -31.27472780755320869, 0.000000000000000000, 2.965000000000000302 ) ) ;
#8730 = ORIENTED_EDGE ( 'NONE', *, *, #4341, .T. ) ;
#8731 = ORIENTED_EDGE ( 'NONE', *, *, #2069, .F. ) ;
#8732 = DIRECTION ( 'NONE',  ( 6.938893903907230744E-15, 0.000000000000000000, 1.000000000000000000 ) ) ;
#8733 = VERTEX_POINT ( 'NONE', #8699 ) ;
#8734 = CARTESIAN_POINT ( 'NONE',  ( 35.23139739626871858, -1.003734042496346099E-15, 0.7199051519402281940 ) ) ;
#8735 = CARTESIAN_POINT ( 'NONE',  ( 52.75000000000000711, 8.000000000000000000, 9.500000000000001776 ) ) ;
#8736 = VECTOR ( 'NONE', #9772, 1000.000000000000000 ) ;
#8737 = DIRECTION ( 'NONE',  ( -1.000000000000000000, 0.000000000000000000, -0.000000000000000000 ) ) ;
#8738 = DIRECTION ( 'NONE',  ( 1.000000000000000000, -0.000000000000000000, 0.000000000000000000 ) ) ;
#8739 = CARTESIAN_POINT ( 'NONE',  ( 31.69999999999997797, -0.0009999999999999158867, -7.798623679425841893 ) ) ;
#8740 = DIRECTION ( 'NONE',  ( -2.668805347656624115E-15, 0.000000000000000000, 1.000000000000000000 ) ) ;
#8741 = CARTESIAN_POINT ( 'NONE',  ( 6.964593510958737361E-16, 11.00000000000000178, -13.55000000000000071 ) ) ;
#8742 = EDGE_LOOP ( 'NONE', ( #7156, #2350, #2162, #4683 ) ) ;
#8743 = VERTEX_POINT ( 'NONE', #3053 ) ;
#8744 = CARTESIAN_POINT ( 'NONE',  ( -52.40568058483292901, 9.484780085661501658, -3.641416195903037334 ) ) ;
#8745 = AXIS2_PLACEMENT_3D ( 'NONE', #352, #5994, #1042 ) ;
#8746 = ORIENTED_EDGE ( 'NONE', *, *, #5358, .T. ) ;
#8747 = ADVANCED_FACE ( 'NONE', ( #459 ), #6956, .T. ) ;
#8748 = EDGE_CURVE ( 'NONE', #10263, #403, #4081, .T. ) ;
#8749 = DIRECTION ( 'NONE',  ( -1.000000000000000000, 0.000000000000000000, 0.000000000000000000 ) ) ;
#8750 = DIRECTION ( 'NONE',  ( 1.000000000000000000, 0.000000000000000000, 0.000000000000000000 ) ) ;
#8751 = VECTOR ( 'NONE', #1380, 1000.000000000000000 ) ;
#8752 = LINE ( 'NONE', #3158, #3125 ) ;
#8753 = ORIENTED_EDGE ( 'NONE', *, *, #9081, .F. ) ;
#8754 = DIRECTION ( 'NONE',  ( 0.7071067811865507924, 0.000000000000000000, -0.7071067811865442421 ) ) ;
#8755 = VERTEX_POINT ( 'NONE', #7371 ) ;
#8756 = ORIENTED_EDGE ( 'NONE', *, *, #6809, .T. ) ;
#8757 = DIRECTION ( 'NONE',  ( 0.000000000000000000, 1.000000000000000000, -0.000000000000000000 ) ) ;
#8758 = ORIENTED_EDGE ( 'NONE', *, *, #5877, .F. ) ;
#8759 = LINE ( 'NONE', #4090, #481 ) ;
#8760 = FACE_BOUND ( 'NONE', #3682, .T. ) ;
#8761 = TOROIDAL_SURFACE ( 'NONE', #4358, 1.500000000000000888, 0.2000000000000000111 ) ;
#8762 = DIRECTION ( 'NONE',  ( -0.6427876096865379196, 0.000000000000000000, -0.7660444431189792347 ) ) ;
#8763 = EDGE_CURVE ( 'NONE', #9217, #8629, #9485, .T. ) ;
#8764 = CARTESIAN_POINT ( 'NONE',  ( 36.04364652204422725, 0.5000000000000000000, -0.2752072131254387211 ) ) ;
#8765 = EDGE_CURVE ( 'NONE', #5622, #4853, #7961, .T. ) ;
#8766 = CARTESIAN_POINT ( 'NONE',  ( 47.49999999999999289, 11.00000000000000178, 9.500000000000000000 ) ) ;
#8767 = VECTOR ( 'NONE', #5938, 1000.000000000000000 ) ;
#8768 = DIRECTION ( 'NONE',  ( -0.000000000000000000, -1.000000000000000000, -0.000000000000000000 ) ) ;
#8769 = ORIENTED_EDGE ( 'NONE', *, *, #5689, .F. ) ;
#8770 = CARTESIAN_POINT ( 'NONE',  ( -34.32300333360995381, 0.1748349968067960669, 8.349999999999997868 ) ) ;
#8771 = CARTESIAN_POINT ( 'NONE',  ( 50.24999999999999289, 11.35000000000000142, -1.700000000000000178 ) ) ;
#8772 = B_SPLINE_CURVE_WITH_KNOTS ( 'NONE', 3,
 ( #8323, #9799, #4279, #2456, #66, #971, #1027, #7473 ),
 .UNSPECIFIED., .F., .F.,
 ( 4, 2, 2, 4 ),
 ( -3.466145320680729267E-06, 0.0002882777914486001568, 0.0004341497598332318630, 0.0005800217282178635149 ),
 .UNSPECIFIED. ) ;
#8773 = CARTESIAN_POINT ( 'NONE',  ( -30.13203748537938864, 5.996123729295900873, -20.34067203111825251 ) ) ;
#8774 = ORIENTED_EDGE ( 'NONE', *, *, #1744, .F. ) ;
#8775 = CIRCLE ( 'NONE', #2995, 0.8500000000000000888 ) ;
#8776 = B_SPLINE_CURVE_WITH_KNOTS ( 'NONE', 3,
 ( #1707, #9621, #2345, #3297, #2565, #6544 ),
 .UNSPECIFIED., .F., .F.,
 ( 4, 2, 4 ),
 ( 4.336808689942017736E-19, 0.0003763378220701708052, 0.0007526756441403411766 ),
 .UNSPECIFIED. ) ;
#8777 = CARTESIAN_POINT ( 'NONE',  ( 0.000000000000000000, 5.400000000000000355, 4.549999999999997158 ) ) ;
#8778 = VECTOR ( 'NONE', #2625, 1000.000000000000000 ) ;
#8779 = ORIENTED_EDGE ( 'NONE', *, *, #8586, .F. ) ;
#8780 = DIRECTION ( 'NONE',  ( 0.000000000000000000, 0.000000000000000000, 1.000000000000000000 ) ) ;
#8781 = DIRECTION ( 'NONE',  ( 0.8660254037843672092, 0.000000000000000000, 0.5000000000001236788 ) ) ;
#8782 = DIRECTION ( 'NONE',  ( 0.000000000000000000, 0.000000000000000000, 1.000000000000000000 ) ) ;
#8783 = EDGE_LOOP ( 'NONE', ( #2114, #9560, #1071, #454 ) ) ;
#8784 = ORIENTED_EDGE ( 'NONE', *, *, #5753, .F. ) ;
#8785 = CARTESIAN_POINT ( 'NONE',  ( 0.000000000000000000, 8.000000000000000000, -12.25000000000000000 ) ) ;
#8786 = ORIENTED_EDGE ( 'NONE', *, *, #904, .T. ) ;
#8787 = CARTESIAN_POINT ( 'NONE',  ( -29.81007189365366372, -2.624222992386002318, -2.765000000000000124 ) ) ;
#8788 = AXIS2_PLACEMENT_3D ( 'NONE', #5652, #746, #8886 ) ;
#8789 = VECTOR ( 'NONE', #2739, 999.9999999999998863 ) ;
#8790 = EDGE_CURVE ( 'NONE', #1627, #325, #3716, .T. ) ;
#8791 = FACE_OUTER_BOUND ( 'NONE', #355, .T. ) ;
#8792 = FACE_OUTER_BOUND ( 'NONE', #4878, .T. ) ;
#8793 = CARTESIAN_POINT ( 'NONE',  ( 0.5999999999999912070, 13.30000000000000071, 13.55000000000000071 ) ) ;
#8794 = ADVANCED_FACE ( 'NONE', ( #829 ), #4708, .T. ) ;
#8795 = LINE ( 'NONE', #6344, #5365 ) ;
#8796 = CIRCLE ( 'NONE', #2172, 0.7999999999999994893 ) ;
#8797 = LINE ( 'NONE', #4601, #4702 ) ;
#8798 = LINE ( 'NONE', #10278, #8434 ) ;
#8799 = EDGE_LOOP ( 'NONE', ( #5728, #4604 ) ) ;
#8800 = ORIENTED_EDGE ( 'NONE', *, *, #4235, .F. ) ;
#8801 = DIRECTION ( 'NONE',  ( 1.000000000000000000, -0.000000000000000000, -0.000000000000000000 ) ) ;
#8802 = ORIENTED_EDGE ( 'NONE', *, *, #4230, .T. ) ;
#8803 = CIRCLE ( 'NONE', #1330, 5.499999999999985789 ) ;
#8804 = DIRECTION ( 'NONE',  ( 0.000000000000000000, 0.000000000000000000, -1.000000000000000000 ) ) ;
#8805 = CYLINDRICAL_SURFACE ( 'NONE', #10340, 0.1999999999999987899 ) ;
#8806 = VECTOR ( 'NONE', #8110, 1000.000000000000000 ) ;
#8807 = ADVANCED_FACE ( 'NONE', ( #879 ), #8178, .F. ) ;
#8808 = DIRECTION ( 'NONE',  ( -0.000000000000000000, -0.000000000000000000, 1.000000000000000000 ) ) ;
#8809 = VERTEX_POINT ( 'NONE', #1516 ) ;
#8810 = AXIS2_PLACEMENT_3D ( 'NONE', #2798, #8445, #9190 ) ;
#8811 = CARTESIAN_POINT ( 'NONE',  ( 47.49999999999999289, 0.000000000000000000, 9.500000000000000000 ) ) ;
#8812 = ORIENTED_EDGE ( 'NONE', *, *, #9517, .T. ) ;
#8813 = VERTEX_POINT ( 'NONE', #9753 ) ;
#8814 = CARTESIAN_POINT ( 'NONE',  ( 2.128978811426075087E-15, 6.500000000000000888, 6.749999999999984901 ) ) ;
#8815 = ORIENTED_EDGE ( 'NONE', *, *, #7100, .T. ) ;
#8816 = VERTEX_POINT ( 'NONE', #7960 ) ;
#8817 = DIRECTION ( 'NONE',  ( 0.000000000000000000, 1.000000000000000000, -0.000000000000000000 ) ) ;
#8818 = DIRECTION ( 'NONE',  ( 0.000000000000000000, 0.000000000000000000, 1.000000000000000000 ) ) ;
#8819 = VECTOR ( 'NONE', #1293, 1000.000000000000000 ) ;
#8820 = CARTESIAN_POINT ( 'NONE',  ( 2.009170479469691184, 13.30000000000000071, -14.75000000000000178 ) ) ;
#8821 = DIRECTION ( 'NONE',  ( 0.000000000000000000, -1.000000000000000000, 1.239088197126290817E-16 ) ) ;
#8822 = FACE_OUTER_BOUND ( 'NONE', #4877, .T. ) ;
#8823 = DIRECTION ( 'NONE',  ( 0.000000000000000000, 0.000000000000000000, 1.000000000000000000 ) ) ;
#8824 = CARTESIAN_POINT ( 'NONE',  ( -44.75000000000000711, 8.000000000000000000, 12.25000000000000000 ) ) ;
#8825 = ORIENTED_EDGE ( 'NONE', *, *, #1004, .T. ) ;
#8826 = VECTOR ( 'NONE', #5080, 1000.000000000000000 ) ;
#8827 = DIRECTION ( 'NONE',  ( 0.000000000000000000, -1.000000000000000000, -2.891205793294679312E-16 ) ) ;
#8828 = ADVANCED_FACE ( 'NONE', ( #6353 ), #1679, .F. ) ;
#8829 = CARTESIAN_POINT ( 'NONE',  ( 22.81827201635470459, 0.5000000000000000000, -10.08172798364529754 ) ) ;
#8830 = DIRECTION ( 'NONE',  ( 0.000000000000000000, 0.000000000000000000, 1.000000000000000000 ) ) ;
#8831 = EDGE_LOOP ( 'NONE', ( #658, #4874, #2840, #2594 ) ) ;
#8832 = EDGE_CURVE ( 'NONE', #1096, #5523, #9157, .T. ) ;
#8833 = CARTESIAN_POINT ( 'NONE',  ( 47.49999999999994316, 3.000000000000000000, 14.75000000000000000 ) ) ;
#8834 = ORIENTED_EDGE ( 'NONE', *, *, #2180, .T. ) ;
#8835 = DIRECTION ( 'NONE',  ( 0.8660254037844380415, -0.000000000000000000, 0.5000000000000009992 ) ) ;
#8836 = FACE_OUTER_BOUND ( 'NONE', #6480, .T. ) ;
#8837 = DIRECTION ( 'NONE',  ( 0.000000000000000000, 0.000000000000000000, 1.000000000000000000 ) ) ;
#8838 = ORIENTED_EDGE ( 'NONE', *, *, #1917, .F. ) ;
#8839 = ORIENTED_EDGE ( 'NONE', *, *, #3028, .F. ) ;
#8840 = CARTESIAN_POINT ( 'NONE',  ( -31.51661123066064363, 3.000000000000000000, -2.765000000000000124 ) ) ;
#8841 = VERTEX_POINT ( 'NONE', #8064 ) ;
#8842 = DIRECTION ( 'NONE',  ( -0.000000000000000000, -0.000000000000000000, 1.000000000000000000 ) ) ;
#8843 = LINE ( 'NONE', #10430, #8988 ) ;
#8844 = PLANE ( 'NONE',  #3019 ) ;
#8845 = DIRECTION ( 'NONE',  ( 1.000000000000000000, -0.000000000000000000, -0.000000000000000000 ) ) ;
#8846 = CARTESIAN_POINT ( 'NONE',  ( -20.00000000000001066, 15.10000000000000142, 13.54999999999999716 ) ) ;
#8847 = CARTESIAN_POINT ( 'NONE',  ( -2.000000000000008882, 13.30000000000000071, 12.35000000000019149 ) ) ;
#8848 = CARTESIAN_POINT ( 'NONE',  ( -23.23676428111944858, 13.30000000000000071, -14.75000000000000000 ) ) ;
#8849 = LINE ( 'NONE', #6346, #5717 ) ;
#8850 = ORIENTED_EDGE ( 'NONE', *, *, #2159, .T. ) ;
#8851 = VERTEX_POINT ( 'NONE', #2469 ) ;
#8852 = EDGE_CURVE ( 'NONE', #5738, #7274, #7799, .T. ) ;
#8853 = DIRECTION ( 'NONE',  ( -0.000000000000000000, 1.000000000000000000, -0.000000000000000000 ) ) ;
#8854 = EDGE_LOOP ( 'NONE', ( #1057, #4408 ) ) ;
#8855 = EDGE_CURVE ( 'NONE', #6186, #10304, #10511, .T. ) ;
#8856 = CARTESIAN_POINT ( 'NONE',  ( 30.95000000000000284, 0.2999999999999999889, -2.350000000000003197 ) ) ;
#8857 = DIRECTION ( 'NONE',  ( -0.000000000000000000, 1.000000000000000000, -0.000000000000000000 ) ) ;
#8858 = EDGE_CURVE ( 'NONE', #7099, #3295, #712, .T. ) ;
#8859 = DIRECTION ( 'NONE',  ( 0.000000000000000000, -1.000000000000000000, -2.891205793294679312E-16 ) ) ;
#8860 = EDGE_LOOP ( 'NONE', ( #2465, #8183, #6000, #301 ) ) ;
#8861 = DIRECTION ( 'NONE',  ( -1.000000000000000000, 0.000000000000000000, 3.180326372624143447E-15 ) ) ;
#8862 = ORIENTED_EDGE ( 'NONE', *, *, #10429, .F. ) ;
#8863 = ORIENTED_EDGE ( 'NONE', *, *, #10301, .T. ) ;
#8864 = DIRECTION ( 'NONE',  ( -1.871330610546719994E-17, 0.000000000000000000, 1.000000000000000000 ) ) ;
#8865 = EDGE_LOOP ( 'NONE', ( #8468, #2372, #2014, #2179, #5670 ) ) ;
#8866 = ORIENTED_EDGE ( 'NONE', *, *, #5751, .T. ) ;
#8867 = CARTESIAN_POINT ( 'NONE',  ( 20.66000000000000369, 0.5000000000000004441, -3.496525562310325940E-15 ) ) ;
#8868 = CARTESIAN_POINT ( 'NONE',  ( 25.85635347795577133, 0.2999999999999999889, -4.424792786874576223 ) ) ;
#8869 = PLANE ( 'NONE',  #8498 ) ;
#8870 = CARTESIAN_POINT ( 'NONE',  ( 30.50000000000002842, 0.2999999999999999889, 0.000000000000000000 ) ) ;
#8871 = CARTESIAN_POINT ( 'NONE',  ( -2.000000000000008882, 15.10000000000000142, 14.75000000000000178 ) ) ;
#8872 = CARTESIAN_POINT ( 'NONE',  ( -30.13203748537938864, 5.996123729295900873, -9.143749989102969877 ) ) ;
#8873 = VECTOR ( 'NONE', #4523, 1000.000000000000000 ) ;
#8874 = ORIENTED_EDGE ( 'NONE', *, *, #4621, .T. ) ;
#8875 = DIRECTION ( 'NONE',  ( 0.000000000000000000, 1.000000000000000000, -0.000000000000000000 ) ) ;
#8876 = CARTESIAN_POINT ( 'NONE',  ( 20.66000000000000369, 0.5000000000000004441, -3.496525562310325940E-15 ) ) ;
#8877 = EDGE_CURVE ( 'NONE', #5863, #5799, #1683, .T. ) ;
#8878 = CARTESIAN_POINT ( 'NONE',  ( -52.27769444090088768, 7.114324626393934814, -3.205023119327417014 ) ) ;
#8879 = EDGE_LOOP ( 'NONE', ( #8866, #6175, #3664, #3768 ) ) ;
#8880 = EDGE_CURVE ( 'NONE', #9962, #7351, #5675, .T. ) ;
#8881 = ADVANCED_FACE ( 'NONE', ( #5566 ), #8805, .T. ) ;
#8882 = VECTOR ( 'NONE', #4538, 1000.000000000000000 ) ;
#8883 = DIRECTION ( 'NONE',  ( 0.000000000000000000, 1.000000000000000000, -0.000000000000000000 ) ) ;
#8884 = ORIENTED_EDGE ( 'NONE', *, *, #9187, .T. ) ;
#8885 = CARTESIAN_POINT ( 'NONE',  ( 31.46791715065484851, 3.083199928005651755E-16, 2.892751484835150766 ) ) ;
#8886 = DIRECTION ( 'NONE',  ( 0.000000000000000000, 0.000000000000000000, -1.000000000000000000 ) ) ;
#8887 = CARTESIAN_POINT ( 'NONE',  ( -52.33850009812077531, 8.613657360593185430, 4.211792455234414589 ) ) ;
#8888 = EDGE_LOOP ( 'NONE', ( #5463, #7752, #7469, #302 ) ) ;
#8889 = TOROIDAL_SURFACE ( 'NONE', #3100, 5.000000000000000000, 3.000000000000000000 ) ;
#8890 = ORIENTED_EDGE ( 'NONE', *, *, #6372, .F. ) ;
#8891 = ORIENTED_EDGE ( 'NONE', *, *, #7905, .T. ) ;
#8892 = FACE_OUTER_BOUND ( 'NONE', #5632, .T. ) ;
#8893 = CARTESIAN_POINT ( 'NONE',  ( -47.50000000000000711, 6.500000000000000888, -9.500000000000001776 ) ) ;
#8894 = DIRECTION ( 'NONE',  ( 0.000000000000000000, 0.000000000000000000, 1.000000000000000000 ) ) ;
#8895 = CARTESIAN_POINT ( 'NONE',  ( -52.25000000000001421, 8.400000000000000355, 2.449999999999999734 ) ) ;
#8896 = AXIS2_PLACEMENT_3D ( 'NONE', #6479, #9669, #10410 ) ;
#8897 = CARTESIAN_POINT ( 'NONE',  ( -52.20476218285829617, 8.287848702076630047, 4.275054182253116508 ) ) ;
#8898 = CARTESIAN_POINT ( 'NONE',  ( -30.84000000000000696, 5.400000000000000355, -9.849999999999997868 ) ) ;
#8899 = CARTESIAN_POINT ( 'NONE',  ( 26.61898195638766751, 0.1300423822510689553, 0.9599150842195777189 ) ) ;
#8900 = LINE ( 'NONE', #8114, #9608 ) ;
#8901 = ORIENTED_EDGE ( 'NONE', *, *, #8314, .T. ) ;
#8902 = ORIENTED_EDGE ( 'NONE', *, *, #7915, .T. ) ;
#8903 = DIRECTION ( 'NONE',  ( -0.000000000000000000, -0.000000000000000000, 1.000000000000000000 ) ) ;
#8904 = ORIENTED_EDGE ( 'NONE', *, *, #3027, .T. ) ;
#8905 = CARTESIAN_POINT ( 'NONE',  ( -39.63977263648107652, 17.60100000000000264, 2.765000000000000124 ) ) ;
#8906 = DIRECTION ( 'NONE',  ( 1.000000000000000000, 0.000000000000000000, 0.000000000000000000 ) ) ;
#8907 = DIRECTION ( 'NONE',  ( -0.000000000000000000, 1.000000000000000000, -0.000000000000000000 ) ) ;
#8908 = ORIENTED_EDGE ( 'NONE', *, *, #10298, .F. ) ;
#8909 = CIRCLE ( 'NONE', #8076, 0.6000000000000007550 ) ;
#8910 = ORIENTED_EDGE ( 'NONE', *, *, #6405, .T. ) ;
#8911 = ORIENTED_EDGE ( 'NONE', *, *, #4315, .T. ) ;
#8912 = PLANE ( 'NONE',  #9299 ) ;
#8913 = ORIENTED_EDGE ( 'NONE', *, *, #2370, .T. ) ;
#8914 = ORIENTED_EDGE ( 'NONE', *, *, #6039, .T. ) ;
#8915 = DIRECTION ( 'NONE',  ( -0.000000000000000000, -1.000000000000000000, -0.000000000000000000 ) ) ;
#8916 = CARTESIAN_POINT ( 'NONE',  ( -34.00000000000000711, 6.500000000000000888, 0.000000000000000000 ) ) ;
#8917 = AXIS2_PLACEMENT_3D ( 'NONE', #8521, #8474, #9113 ) ;
#8918 = CARTESIAN_POINT ( 'NONE',  ( 0.000000000000000000, 1.000000000000000000, -8.849999999999997868 ) ) ;
#8919 = ADVANCED_FACE ( 'NONE', ( #6462 ), #7488, .F. ) ;
#8920 = CARTESIAN_POINT ( 'NONE',  ( -39.63977263648107652, 17.60100000000000264, 3.615000000000000213 ) ) ;
#8921 = PLANE ( 'NONE',  #4163 ) ;
#8922 = ORIENTED_EDGE ( 'NONE', *, *, #3974, .T. ) ;
#8923 = VERTEX_POINT ( 'NONE', #4396 ) ;
#8924 = CARTESIAN_POINT ( 'NONE',  ( -34.31252571724582623, 0.2000000000000016209, 8.349999999999997868 ) ) ;
#8925 = EDGE_CURVE ( 'NONE', #10014, #4927, #1179, .T. ) ;
#8926 =( BOUNDED_CURVE ( )  B_SPLINE_CURVE ( 3, ( #9138, #2751, #4409, #9189 ),
 .UNSPECIFIED., .F., .F. ) 
 B_SPLINE_CURVE_WITH_KNOTS ( ( 4, 4 ),
 ( 3.624580542955738505, 4.712388980384689674 ),
 .UNSPECIFIED. ) 
 CURVE ( )  GEOMETRIC_REPRESENTATION_ITEM ( )  RATIONAL_B_SPLINE_CURVE ( ( 1.000000000000000000, 0.9037965667448141227, 0.9037965667448141227, 1.000000000000000000 ) ) 
 REPRESENTATION_ITEM ( '' )  );
#8927 = VECTOR ( 'NONE', #9894, 999.9999999999998863 ) ;
#8928 = CARTESIAN_POINT ( 'NONE',  ( 8.795253869569584650E-16, 0.000000000000000000, 11.75000000000000355 ) ) ;
#8929 = PLANE ( 'NONE',  #5169 ) ;
#8930 = VERTEX_POINT ( 'NONE', #1885 ) ;
#8931 = AXIS2_PLACEMENT_3D ( 'NONE', #6385, #963, #7349 ) ;
#8932 = DIRECTION ( 'NONE',  ( -1.000000000000000000, 0.000000000000000000, -5.139921410301651289E-17 ) ) ;
#8933 = ORIENTED_EDGE ( 'NONE', *, *, #10219, .F. ) ;
#8934 = DIRECTION ( 'NONE',  ( 0.000000000000000000, 1.000000000000000000, 0.000000000000000000 ) ) ;
#8935 = EDGE_CURVE ( 'NONE', #5454, #403, #7122, .T. ) ;
#8936 = CARTESIAN_POINT ( 'NONE',  ( -45.00000000000001421, 6.500000000000000888, -12.25000000000000000 ) ) ;
#8937 = CARTESIAN_POINT ( 'NONE',  ( -1.347358039593640417E-16, 15.20000000000000284, 11.75000000000000355 ) ) ;
#8938 = ORIENTED_EDGE ( 'NONE', *, *, #1603, .T. ) ;
#8939 = ORIENTED_EDGE ( 'NONE', *, *, #10380, .F. ) ;
#8940 = CARTESIAN_POINT ( 'NONE',  ( -20.00000000000001066, 15.20000000000000284, 11.75000000000000355 ) ) ;
#8941 = VECTOR ( 'NONE', #6490, 1000.000000000000000 ) ;
#8942 = EDGE_LOOP ( 'NONE', ( #4699, #2943, #6289, #3194, #7714, #1571, #8008, #3966, #6891, #3210, #1325, #803, #8389, #3083 ) ) ;
#8943 = DIRECTION ( 'NONE',  ( 0.000000000000000000, -1.000000000000000000, 0.000000000000000000 ) ) ;
#8944 = EDGE_CURVE ( 'NONE', #6838, #8998, #9025, .T. ) ;
#8945 = VECTOR ( 'NONE', #7632, 1000.000000000000000 ) ;
#8946 = CARTESIAN_POINT ( 'NONE',  ( 50.25000000000000000, 11.00000000000000178, 4.000000000000000000 ) ) ;
#8947 = CIRCLE ( 'NONE', #7602, 0.2888330770816419091 ) ;
#8948 = CARTESIAN_POINT ( 'NONE',  ( 22.77335966720669092, 0.09378038618371598023, -6.295855630624890509 ) ) ;
#8949 = CARTESIAN_POINT ( 'NONE',  ( 47.49999999999999289, 3.000000000000000000, -10.34999999999999787 ) ) ;
#8950 = PLANE ( 'NONE',  #5067 ) ;
#8951 = DIRECTION ( 'NONE',  ( 0.000000000000000000, 0.000000000000000000, 1.000000000000000000 ) ) ;
#8952 = CARTESIAN_POINT ( 'NONE',  ( 22.95788180854700045, 0.000000000000000000, -6.444636346960002093 ) ) ;
#8953 = DIRECTION ( 'NONE',  ( 0.000000000000000000, 1.000000000000000000, 0.000000000000000000 ) ) ;
#8954 = ORIENTED_EDGE ( 'NONE', *, *, #4762, .T. ) ;
#8955 = ORIENTED_EDGE ( 'NONE', *, *, #753, .T. ) ;
#8956 = LINE ( 'NONE', #1036, #3376 ) ;
#8957 = VECTOR ( 'NONE', #9169, 1000.000000000000000 ) ;
#8958 = EDGE_CURVE ( 'NONE', #8674, #5284, #10017, .T. ) ;
#8959 = VERTEX_POINT ( 'NONE', #9873 ) ;
#8960 = AXIS2_PLACEMENT_3D ( 'NONE', #3511, #1755, #55 ) ;
#8961 = EDGE_CURVE ( 'NONE', #6121, #3920, #2119, .T. ) ;
#8962 = VECTOR ( 'NONE', #9947, 1000.000000000000000 ) ;
#8963 = CARTESIAN_POINT ( 'NONE',  ( -52.45000000000001705, 8.400000000000000355, 2.925000000000030465 ) ) ;
#8964 = CARTESIAN_POINT ( 'NONE',  ( 39.16385371214060029, 0.02145563245112802608, -6.417410124218951850 ) ) ;
#8965 = VECTOR ( 'NONE', #1315, 1000.000000000000000 ) ;
#8966 = AXIS2_PLACEMENT_3D ( 'NONE', #5001, #3339, #4888 ) ;
#8967 = LINE ( 'NONE', #4132, #9941 ) ;
#8968 = ORIENTED_EDGE ( 'NONE', *, *, #9281, .T. ) ;
#8969 = CARTESIAN_POINT ( 'NONE',  ( -25.50000000000001066, 13.30000000000000071, -12.25000000000000178 ) ) ;
#8970 = ORIENTED_EDGE ( 'NONE', *, *, #3427, .F. ) ;
#8971 = ORIENTED_EDGE ( 'NONE', *, *, #8191, .T. ) ;
#8972 = AXIS2_PLACEMENT_3D ( 'NONE', #1904, #3609, #2804 ) ;
#8973 = CARTESIAN_POINT ( 'NONE',  ( -47.50000000000000711, 16.60000000000000142, -9.500000000000001776 ) ) ;
#8974 = VERTEX_POINT ( 'NONE', #1091 ) ;
#8975 = ORIENTED_EDGE ( 'NONE', *, *, #108, .T. ) ;
#8976 = FACE_OUTER_BOUND ( 'NONE', #8831, .T. ) ;
#8977 = VECTOR ( 'NONE', #561, 1000.000000000000000 ) ;
#8978 = VECTOR ( 'NONE', #10271, 1000.000000000000000 ) ;
#8979 = CARTESIAN_POINT ( 'NONE',  ( 50.84065861769799710, 11.00000000000000178, -13.55000000000001670 ) ) ;
#8980 = AXIS2_PLACEMENT_3D ( 'NONE', #3601, #10233, #4607 ) ;
#8981 = DIRECTION ( 'NONE',  ( 1.000000000000000000, -0.000000000000000000, -0.000000000000000000 ) ) ;
#8982 = PLANE ( 'NONE',  #636 ) ;
#8983 = CARTESIAN_POINT ( 'NONE',  ( 30.19999999999998153, 0.2999999999999999889, -7.798623679425841893 ) ) ;
#8984 = ORIENTED_EDGE ( 'NONE', *, *, #744, .T. ) ;
#8985 = ORIENTED_EDGE ( 'NONE', *, *, #371, .F. ) ;
#8986 = CYLINDRICAL_SURFACE ( 'NONE', #9436, 0.2888330770816384119 ) ;
#8987 = CARTESIAN_POINT ( 'NONE',  ( 50.25000000000000000, 11.00000000000000178, -9.499999999999978684 ) ) ;
#8988 = VECTOR ( 'NONE', #3140, 1000.000000000000000 ) ;
#8989 = DIRECTION ( 'NONE',  ( -0.000000000000000000, -0.000000000000000000, 1.000000000000000000 ) ) ;
#8990 = ADVANCED_FACE ( 'NONE', ( #7643 ), #564, .T. ) ;
#8991 = VECTOR ( 'NONE', #2418, 1000.000000000000000 ) ;
#8992 = ORIENTED_EDGE ( 'NONE', *, *, #1574, .F. ) ;
#8993 = EDGE_CURVE ( 'NONE', #8280, #4579, #5846, .T. ) ;
#8994 = AXIS2_PLACEMENT_3D ( 'NONE', #2030, #2077, #10359 ) ;
#8995 = CYLINDRICAL_SURFACE ( 'NONE', #10476, 0.3706384263718887073 ) ;
#8996 =( BOUNDED_CURVE ( )  B_SPLINE_CURVE ( 3, ( #9698, #5791, #9018, #1726 ),
 .UNSPECIFIED., .F., .F. ) 
 B_SPLINE_CURVE_WITH_KNOTS ( ( 4, 4 ),
 ( 4.712388980384688786, 5.800197417813647505 ),
 .UNSPECIFIED. ) 
 CURVE ( )  GEOMETRIC_REPRESENTATION_ITEM ( )  RATIONAL_B_SPLINE_CURVE ( ( 1.000000000000000000, 0.9037965667448127904, 0.9037965667448127904, 1.000000000000000000 ) ) 
 REPRESENTATION_ITEM ( '' )  );
#8997 = EDGE_CURVE ( 'NONE', #7707, #9400, #1657, .T. ) ;
#8998 = VERTEX_POINT ( 'NONE', #5038 ) ;
#8999 = CARTESIAN_POINT ( 'NONE',  ( -3.469693845669876708, 13.30000000000000071, -13.55000000000004334 ) ) ;
#9000 = EDGE_CURVE ( 'NONE', #4771, #3657, #6230, .T. ) ;
#9001 = DIRECTION ( 'NONE',  ( 0.000000000000000000, 1.000000000000000000, 0.000000000000000000 ) ) ;
#9002 = DIRECTION ( 'NONE',  ( 0.000000000000000000, 0.000000000000000000, 1.000000000000000000 ) ) ;
#9003 = VERTEX_POINT ( 'NONE', #8433 ) ;
#9004 = ORIENTED_EDGE ( 'NONE', *, *, #8832, .T. ) ;
#9005 = DIRECTION ( 'NONE',  ( 3.652049423109083111E-16, 0.000000000000000000, 1.000000000000000000 ) ) ;
#9006 = ORIENTED_EDGE ( 'NONE', *, *, #2874, .F. ) ;
#9007 = FACE_OUTER_BOUND ( 'NONE', #1438, .T. ) ;
#9008 = ADVANCED_FACE ( 'NONE', ( #1143 ), #1988, .T. ) ;
#9009 = CARTESIAN_POINT ( 'NONE',  ( -2.000000000000008882, 13.30000000000000071, 14.75000000000000355 ) ) ;
#9010 = DIRECTION ( 'NONE',  ( 0.000000000000000000, 0.000000000000000000, -1.000000000000000000 ) ) ;
#9011 = CARTESIAN_POINT ( 'NONE',  ( 50.25000000000000000, 8.000000000000000000, 9.499999999999982236 ) ) ;
#9012 = CARTESIAN_POINT ( 'NONE',  ( -52.34420172950727590, 7.979386158045405963, 4.159693197046804514 ) ) ;
#9013 = DIRECTION ( 'NONE',  ( 0.000000000000000000, 0.000000000000000000, 1.000000000000000000 ) ) ;
#9014 = FACE_OUTER_BOUND ( 'NONE', #2150, .T. ) ;
#9015 = SURFACE_STYLE_USAGE ( .BOTH. , #1611 ) ;
#9016 = ORIENTED_EDGE ( 'NONE', *, *, #10235, .T. ) ;
#9017 = VERTEX_POINT ( 'NONE', #3636 ) ;
#9018 = CARTESIAN_POINT ( 'NONE',  ( -39.61980179287453296, 0.03950539805616428563, 3.556667036221440537 ) ) ;
#9019 = EDGE_LOOP ( 'NONE', ( #6734, #1570, #4102, #6302 ) ) ;
#9020 = FACE_OUTER_BOUND ( 'NONE', #2900, .T. ) ;
#9021 = EDGE_CURVE ( 'NONE', #6579, #5685, #6149, .T. ) ;
#9022 = EDGE_CURVE ( 'NONE', #2312, #274, #7687, .T. ) ;
#9023 = EDGE_CURVE ( 'NONE', #7234, #3825, #6888, .T. ) ;
#9024 = PLANE ( 'NONE',  #3885 ) ;
#9025 = LINE ( 'NONE', #3440, #5261 ) ;
#9026 = EDGE_CURVE ( 'NONE', #255, #4250, #9476, .T. ) ;
#9027 = EDGE_CURVE ( 'NONE', #3907, #9034, #2937, .T. ) ;
#9028 = CARTESIAN_POINT ( 'NONE',  ( -50.25000000000000711, 15.10000000000000142, 9.499999999999980460 ) ) ;
#9029 = ORIENTED_EDGE ( 'NONE', *, *, #77, .T. ) ;
#9030 = DIRECTION ( 'NONE',  ( 1.000000000000000000, -0.000000000000000000, -0.000000000000000000 ) ) ;
#9031 = ORIENTED_EDGE ( 'NONE', *, *, #1197, .F. ) ;
#9032 = ORIENTED_EDGE ( 'NONE', *, *, #8484, .F. ) ;
#9033 = CARTESIAN_POINT ( 'NONE',  ( -52.40568058483291480, 9.484780085661503435, -3.641416195903036890 ) ) ;
#9034 = VERTEX_POINT ( 'NONE', #10121 ) ;
#9035 = ORIENTED_EDGE ( 'NONE', *, *, #6534, .T. ) ;
#9036 = DIRECTION ( 'NONE',  ( 0.000000000000000000, 1.000000000000000000, -0.000000000000000000 ) ) ;
#9037 = CARTESIAN_POINT ( 'NONE',  ( -52.20488312692972244, 7.927644331499529073, 4.203259824542958434 ) ) ;
#9038 = FACE_OUTER_BOUND ( 'NONE', #9990, .T. ) ;
#9039 = DIRECTION ( 'NONE',  ( 0.000000000000000000, 0.000000000000000000, 1.000000000000000000 ) ) ;
#9040 = PLANE ( 'NONE',  #9244 ) ;
#9041 = ORIENTED_EDGE ( 'NONE', *, *, #9180, .F. ) ;
#9042 = VERTEX_POINT ( 'NONE', #4641 ) ;
#9043 = LINE ( 'NONE', #9777, #142 ) ;
#9044 = LINE ( 'NONE', #7291, #4480 ) ;
#9045 = ORIENTED_EDGE ( 'NONE', *, *, #1389, .F. ) ;
#9046 = DIRECTION ( 'NONE',  ( -0.000000000000000000, -1.000000000000000000, 0.000000000000000000 ) ) ;
#9047 = EDGE_CURVE ( 'NONE', #37, #2205, #2837, .T. ) ;
#9048 = ORIENTED_EDGE ( 'NONE', *, *, #7749, .F. ) ;
#9049 = CARTESIAN_POINT ( 'NONE',  ( -34.00000000000000711, 8.000000000000000000, -12.25000000000000000 ) ) ;
#9050 = DIRECTION ( 'NONE',  ( -1.000000000000000000, 0.000000000000000000, -7.304098846218138119E-17 ) ) ;
#9051 = CARTESIAN_POINT ( 'NONE',  ( 0.000000000000000000, 0.5000000000000004441, -3.615000000000000213 ) ) ;
#9052 = EDGE_LOOP ( 'NONE', ( #4425, #6282, #1097, #3942 ) ) ;
#9053 = DIRECTION ( 'NONE',  ( 1.000000000000000000, -0.000000000000000000, 0.000000000000000000 ) ) ;
#9054 = EDGE_CURVE ( 'NONE', #8144, #8629, #1580, .T. ) ;
#9055 = ORIENTED_EDGE ( 'NONE', *, *, #371, .T. ) ;
#9056 = LINE ( 'NONE', #917, #1589 ) ;
#9057 = EDGE_CURVE ( 'NONE', #1914, #3285, #7035, .T. ) ;
#9058 = DIRECTION ( 'NONE',  ( 2.704993699216097308E-16, -0.7208059210526038818, 0.6931369447486603885 ) ) ;
#9059 = CARTESIAN_POINT ( 'NONE',  ( -52.45000000000000995, 9.697719172987385505, 3.001973684210523796 ) ) ;
#9060 = EDGE_CURVE ( 'NONE', #5322, #6238, #6100, .T. ) ;
#9061 = FACE_OUTER_BOUND ( 'NONE', #5742, .T. ) ;
#9062 = CARTESIAN_POINT ( 'NONE',  ( -52.26327769597627793, 7.873890648591413743, 4.118545122950743931 ) ) ;
#9063 = VECTOR ( 'NONE', #8681, 1000.000000000000000 ) ;
#9064 = CARTESIAN_POINT ( 'NONE',  ( 49.75000000000000000, 3.000000000000000000, 9.500000000000003553 ) ) ;
#9065 = CARTESIAN_POINT ( 'NONE',  ( 39.08172798364529399, 5.400000000000000355, 6.781727983645294167 ) ) ;
#9066 = CARTESIAN_POINT ( 'NONE',  ( 26.06211131251742330, 0.02221052063481734201, -0.2059953629289967281 ) ) ;
#9067 = ORIENTED_EDGE ( 'NONE', *, *, #6452, .T. ) ;
#9068 = ORIENTED_EDGE ( 'NONE', *, *, #1070, .F. ) ;
#9069 = LINE ( 'NONE', #4125, #316 ) ;
#9070 = ORIENTED_EDGE ( 'NONE', *, *, #792, .F. ) ;
#9071 = CYLINDRICAL_SURFACE ( 'NONE', #1748, 11.00296197722693314 ) ;
#9072 = AXIS2_PLACEMENT_3D ( 'NONE', #5761, #8198, #4101 ) ;
#9073 = CARTESIAN_POINT ( 'NONE',  ( 2.099999999999991207, 15.10000000000000142, -13.35000000000019149 ) ) ;
#9074 = CARTESIAN_POINT ( 'NONE',  ( -45.19999999999994600, 17.60000000000000142, 13.55000000000000604 ) ) ;
#9075 = CARTESIAN_POINT ( 'NONE',  ( 0.000000000000000000, 0.5000000000000004441, 3.615000000000000213 ) ) ;
#9076 = ORIENTED_EDGE ( 'NONE', *, *, #1876, .T. ) ;
#9077 = LINE ( 'NONE', #4191, #4530 ) ;
#9078 = EDGE_CURVE ( 'NONE', #5969, #6158, #6747, .T. ) ;
#9079 = ORIENTED_EDGE ( 'NONE', *, *, #5753, .T. ) ;
#9080 = VERTEX_POINT ( 'NONE', #5351 ) ;
#9081 = EDGE_CURVE ( 'NONE', #5322, #6077, #8947, .T. ) ;
#9082 = CARTESIAN_POINT ( 'NONE',  ( -35.06554871542299878, 0.000000000000000000, 3.615000000000000213 ) ) ;
#9083 = ORIENTED_EDGE ( 'NONE', *, *, #3880, .F. ) ;
#9084 = AXIS2_PLACEMENT_3D ( 'NONE', #570, #4670, #3815 ) ;
#9085 = ORIENTED_EDGE ( 'NONE', *, *, #5751, .F. ) ;
#9086 = DIRECTION ( 'NONE',  ( 0.000000000000000000, 0.000000000000000000, -1.000000000000000000 ) ) ;
#9087 = APPLICATION_CONTEXT ( 'automotive_design' ) ;
#9088 = CARTESIAN_POINT ( 'NONE',  ( -51.99271462781831588, 7.919200903834113348, 4.292154627758335117 ) ) ;
#9089 = DIRECTION ( 'NONE',  ( 0.5000000000000009992, 0.000000000000000000, -0.8660254037844380415 ) ) ;
#9090 = AXIS2_PLACEMENT_3D ( 'NONE', #3651, #5318, #8395 ) ;
#9091 = CARTESIAN_POINT ( 'NONE',  ( -29.86274625017408013, 6.159697244918440617, -9.601789551324229066 ) ) ;
#9092 = EDGE_LOOP ( 'NONE', ( #6881, #1927, #5813, #8524 ) ) ;
#9093 = ORIENTED_EDGE ( 'NONE', *, *, #3718, .T. ) ;
#9094 = CARTESIAN_POINT ( 'NONE',  ( -34.34233853611036835, 0.1265113557324328841, 3.601009191073224258 ) ) ;
#9095 = CARTESIAN_POINT ( 'NONE',  ( 51.95000000000000284, 11.00000000000000178, 0.000000000000000000 ) ) ;
#9096 = CARTESIAN_POINT ( 'NONE',  ( 41.25000000000000000, -29.13279938488576448, 8.349999999999997868 ) ) ;
#9097 = VECTOR ( 'NONE', #1732, 1000.000000000000000 ) ;
#9098 = EDGE_CURVE ( 'NONE', #837, #767, #1244, .T. ) ;
#9099 = CARTESIAN_POINT ( 'NONE',  ( 41.25000000000000000, 5.400000000000000355, 8.349999999999997868 ) ) ;
#9100 = VECTOR ( 'NONE', #2974, 1000.000000000000000 ) ;
#9101 = ORIENTED_EDGE ( 'NONE', *, *, #4267, .F. ) ;
#9102 = CYLINDRICAL_SURFACE ( 'NONE', #442, 0.3000000000000016542 ) ;
#9103 = CARTESIAN_POINT ( 'NONE',  ( 3.099999999999991651, 13.30000000000000071, 13.45000000000019114 ) ) ;
#9104 = CARTESIAN_POINT ( 'NONE',  ( 35.29364652204419883, -0.0009999999999999158867, -5.723830892551262650 ) ) ;
#9105 = ORIENTED_EDGE ( 'NONE', *, *, #3263, .T. ) ;
#9106 = CARTESIAN_POINT ( 'NONE',  ( -23.23676428111944858, 11.00000000000000178, -14.75000000000000355 ) ) ;
#9107 = VERTEX_POINT ( 'NONE', #2144 ) ;
#9108 = AXIS2_PLACEMENT_3D ( 'NONE', #6656, #2610, #5870 ) ;
#9109 = CARTESIAN_POINT ( 'NONE',  ( -45.19999999999999574, 15.10000000000000142, 6.750000000000006217 ) ) ;
#9110 = CARTESIAN_POINT ( 'NONE',  ( -52.40568058483292901, 9.484780085661595805, 3.641416195902957398 ) ) ;
#9111 = DIRECTION ( 'NONE',  ( -0.000000000000000000, -0.000000000000000000, 1.000000000000000000 ) ) ;
#9112 = CARTESIAN_POINT ( 'NONE',  ( -52.33850472028422018, 8.186323968064188605, 4.211750111036962174 ) ) ;
#9113 = DIRECTION ( 'NONE',  ( -7.485322442186879976E-17, 0.000000000000000000, -1.000000000000000000 ) ) ;
#9114 = CIRCLE ( 'NONE', #2980, 0.1999999999999987899 ) ;
#9115 = DIRECTION ( 'NONE',  ( 0.000000000000000000, 0.000000000000000000, 1.000000000000000000 ) ) ;
#9116 = VERTEX_POINT ( 'NONE', #4597 ) ;
#9117 = ORIENTED_EDGE ( 'NONE', *, *, #358, .T. ) ;
#9118 = DIRECTION ( 'NONE',  ( 0.000000000000000000, 0.000000000000000000, 1.000000000000000000 ) ) ;
#9119 = EDGE_LOOP ( 'NONE', ( #7634, #5708, #3342, #10103 ) ) ;
#9120 = PLANE ( 'NONE',  #6170 ) ;
#9121 = EDGE_CURVE ( 'NONE', #10096, #4264, #7736, .T. ) ;
#9122 = VECTOR ( 'NONE', #5849, 1000.000000000000000 ) ;
#9123 = LINE ( 'NONE', #3487, #2713 ) ;
#9124 = CARTESIAN_POINT ( 'NONE',  ( -52.28382328137058721, 7.180212457628511125, 3.432738694138526725 ) ) ;
#9125 = EDGE_CURVE ( 'NONE', #162, #1425, #7249, .T. ) ;
#9126 = CARTESIAN_POINT ( 'NONE',  ( -31.51661123066064363, 3.000000000000000000, -20.34067203111825251 ) ) ;
#9127 = ORIENTED_EDGE ( 'NONE', *, *, #7826, .T. ) ;
#9128 = VECTOR ( 'NONE', #4435, 1000.000000000000000 ) ;
#9129 = DIRECTION ( 'NONE',  ( -0.000000000000000000, 0.000000000000000000, 1.000000000000000000 ) ) ;
#9130 = VECTOR ( 'NONE', #7916, 1000.000000000000000 ) ;
#9131 = ORIENTED_EDGE ( 'NONE', *, *, #6068, .F. ) ;
#9132 = VERTEX_POINT ( 'NONE', #1350 ) ;
#9133 = CARTESIAN_POINT ( 'NONE',  ( -52.45000000000000995, 9.697719172987381953, -3.001973684210526905 ) ) ;
#9134 = EDGE_LOOP ( 'NONE', ( #10086, #4016, #2644, #1612, #2440, #6523, #3247, #1247, #3109, #3437, #4635, #8185, #2511, #5436, #6249, #6419, #1217, #6515, #8601, #6934, #3970, #8682, #1815, #4926 ) ) ;
#9135 = EDGE_LOOP ( 'NONE', ( #8591, #8659, #9332, #9880, #751, #4551, #10027 ) ) ;
#9136 = CARTESIAN_POINT ( 'NONE',  ( 51.95000000000000284, 11.00000000000000178, 0.000000000000000000 ) ) ;
#9137 = VECTOR ( 'NONE', #5370, 1000.000000000000000 ) ;
#9138 = CARTESIAN_POINT ( 'NONE',  ( -39.58434658500975445, 0.1071145293931473896, -3.592122244086235483 ) ) ;
#9139 = CIRCLE ( 'NONE', #1480, 0.8500000000000000888 ) ;
#9140 = EDGE_CURVE ( 'NONE', #6166, #9655, #7790, .T. ) ;
#9141 = LINE ( 'NONE', #5054, #182 ) ;
#9142 = VECTOR ( 'NONE', #2657, 1000.000000000000000 ) ;
#9143 = CARTESIAN_POINT ( 'NONE',  ( 0.000000000000000000, 9.000000000000001776, 0.000000000000000000 ) ) ;
#9144 = EDGE_LOOP ( 'NONE', ( #562, #7923, #4914, #5890, #7989 ) ) ;
#9145 = ORIENTED_EDGE ( 'NONE', *, *, #8688, .T. ) ;
#9146 = AXIS2_PLACEMENT_3D ( 'NONE', #7595, #5200, #3644 ) ;
#9147 = CARTESIAN_POINT ( 'NONE',  ( 0.000000000000000000, 0.000000000000000000, -2.965000000000000302 ) ) ;
#9148 = CIRCLE ( 'NONE', #3852, 0.2999999999999999334 ) ;
#9149 = CARTESIAN_POINT ( 'NONE',  ( 7.094920150553281069, 0.5000000000000000000, 12.28876217640250346 ) ) ;
#9150 = EDGE_CURVE ( 'NONE', #2719, #2755, #3689, .T. ) ;
#9151 = CIRCLE ( 'NONE', #8637, 5.250000000000006217 ) ;
#9152 = DIRECTION ( 'NONE',  ( 0.000000000000000000, 0.000000000000000000, -1.000000000000000000 ) ) ;
#9153 = ADVANCED_FACE ( 'NONE', ( #2891 ), #5403, .T. ) ;
#9154 = ORIENTED_EDGE ( 'NONE', *, *, #522, .F. ) ;
#9155 = TOROIDAL_SURFACE ( 'NONE', #6109, 9.300000000000013145, 0.2999999999999999889 ) ;
#9156 = LINE ( 'NONE', #7558, #9264 ) ;
#9157 = CIRCLE ( 'NONE', #5093, 4.450000000000004619 ) ;
#9158 = CARTESIAN_POINT ( 'NONE',  ( -31.45678631915142631, 0.2827931057192691333, -2.765000000000000124 ) ) ;
#9159 = CARTESIAN_POINT ( 'NONE',  ( 43.49999999999999289, 7.000000000000000000, 0.000000000000000000 ) ) ;
#9160 = ORIENTED_EDGE ( 'NONE', *, *, #690, .T. ) ;
#9161 = LINE ( 'NONE', #6819, #7711 ) ;
#9162 = ORIENTED_EDGE ( 'NONE', *, *, #713, .T. ) ;
#9163 = CIRCLE ( 'NONE', #4248, 4.341174913715429184 ) ;
#9164 = CARTESIAN_POINT ( 'NONE',  ( 0.000000000000000000, 11.00000000000000178, -12.25000000000000178 ) ) ;
#9165 = DIRECTION ( 'NONE',  ( -0.000000000000000000, 1.000000000000000000, -0.000000000000000000 ) ) ;
#9166 = CARTESIAN_POINT ( 'NONE',  ( -52.42986711028338931, 9.597787655272993490, 3.442853664916021295 ) ) ;
#9167 = DIRECTION ( 'NONE',  ( 1.000000000000000000, 0.000000000000000000, 4.231032868236115418E-16 ) ) ;
#9168 = CARTESIAN_POINT ( 'NONE',  ( 36.02951162706818167, 0.2077789836488306841, -0.2703496250802318590 ) ) ;
#9169 = DIRECTION ( 'NONE',  ( -0.000000000000000000, -1.000000000000000000, -0.000000000000000000 ) ) ;
#9170 = CARTESIAN_POINT ( 'NONE',  ( -30.14000000000000412, 5.995909431799613998, -2.765000000000000124 ) ) ;
#9171 = ORIENTED_EDGE ( 'NONE', *, *, #9574, .F. ) ;
#9172 = ORIENTED_EDGE ( 'NONE', *, *, #1155, .T. ) ;
#9173 = AXIS2_PLACEMENT_3D ( 'NONE', #10052, #3874, #6769 ) ;
#9174 = CARTESIAN_POINT ( 'NONE',  ( -51.95000000000000995, 7.290980888402142313, 3.603289473684166744 ) ) ;
#9175 = VERTEX_POINT ( 'NONE', #6393 ) ;
#9176 = DIRECTION ( 'NONE',  ( 0.000000000000000000, 0.000000000000000000, -1.000000000000000000 ) ) ;
#9177 = LINE ( 'NONE', #9816, #5437 ) ;
#9178 = DIRECTION ( 'NONE',  ( -0.000000000000000000, -0.000000000000000000, 1.000000000000000000 ) ) ;
#9179 = CARTESIAN_POINT ( 'NONE',  ( 35.29364652204419883, 0.2999999999999999889, -5.723830892551262650 ) ) ;
#9180 = EDGE_CURVE ( 'NONE', #9080, #9042, #6341, .T. ) ;
#9181 = ORIENTED_EDGE ( 'NONE', *, *, #288, .F. ) ;
#9182 = LINE ( 'NONE', #5407, #123 ) ;
#9183 = VERTEX_POINT ( 'NONE', #1443 ) ;
#9184 = ORIENTED_EDGE ( 'NONE', *, *, #3649, .T. ) ;
#9185 = ORIENTED_EDGE ( 'NONE', *, *, #7132, .F. ) ;
#9186 = PLANE ( 'NONE',  #6770 ) ;
#9187 = EDGE_CURVE ( 'NONE', #4256, #8240, #4876, .T. ) ;
#9188 = EDGE_CURVE ( 'NONE', #2711, #8923, #7076, .T. ) ;
#9189 = CARTESIAN_POINT ( 'NONE',  ( -39.76146882909598901, 0.000000000000000000, -3.415000000000000036 ) ) ;
#9190 = DIRECTION ( 'NONE',  ( 1.000000000000000000, 0.000000000000000000, 0.000000000000000000 ) ) ;
#9191 = CARTESIAN_POINT ( 'NONE',  ( -35.18270600294837891, -1.219966979521688965E-18, 2.847842712474618398 ) ) ;
#9192 = FACE_OUTER_BOUND ( 'NONE', #203, .T. ) ;
#9193 = ORIENTED_EDGE ( 'NONE', *, *, #2069, .T. ) ;
#9194 = B_SPLINE_CURVE_WITH_KNOTS ( 'NONE', 3,
 ( #232, #9412, #4585, #10259 ),
 .UNSPECIFIED., .F., .F.,
 ( 4, 4 ),
 ( 0.000000000000000000, 0.0001077286665339028825 ),
 .UNSPECIFIED. ) ;
#9195 = VERTEX_POINT ( 'NONE', #3901 ) ;
#9196 = CARTESIAN_POINT ( 'NONE',  ( 47.49999999999997868, 11.00000000000000178, -14.75000000000000000 ) ) ;
#9197 = DIRECTION ( 'NONE',  ( 0.000000000000000000, 1.000000000000000000, 0.000000000000000000 ) ) ;
#9198 = EDGE_CURVE ( 'NONE', #2312, #1940, #1501, .T. ) ;
#9199 = ORIENTED_EDGE ( 'NONE', *, *, #8117, .T. ) ;
#9200 = LINE ( 'NONE', #8358, #4188 ) ;
#9201 = EDGE_CURVE ( 'NONE', #8159, #9610, #8108, .T. ) ;
#9202 = CARTESIAN_POINT ( 'NONE',  ( -20.00000000000001066, 9.000000000000001776, 2.352167425053299179E-15 ) ) ;
#9203 = ORIENTED_EDGE ( 'NONE', *, *, #486, .T. ) ;
#9204 = ADVANCED_FACE ( 'NONE', ( #9577 ), #8844, .T. ) ;
#9205 = CARTESIAN_POINT ( 'NONE',  ( 2.099999999999991207, 13.30000000000000071, 12.35000000000019149 ) ) ;
#9206 = ORIENTED_EDGE ( 'NONE', *, *, #7975, .T. ) ;
#9207 = CARTESIAN_POINT ( 'NONE',  ( -47.49999999999999289, 8.000000000000000000, -12.25000000000000000 ) ) ;
#9208 = CARTESIAN_POINT ( 'NONE',  ( -31.44101788930268171, 2.721234519427555121, -20.34067203111825251 ) ) ;
#9209 = CARTESIAN_POINT ( 'NONE',  ( -29.81007189365366372, -2.624222992386002318, 2.765000000000000124 ) ) ;
#9210 = CARTESIAN_POINT ( 'NONE',  ( 0.000000000000000000, 13.30000000000000071, -14.75000000000000355 ) ) ;
#9211 = DIRECTION ( 'NONE',  ( 0.5000000000001236788, 0.000000000000000000, -0.8660254037843672092 ) ) ;
#9212 = CARTESIAN_POINT ( 'NONE',  ( -20.00000000000001066, 11.00000000000000178, -13.55000000000000071 ) ) ;
#9213 = FACE_OUTER_BOUND ( 'NONE', #4521, .T. ) ;
#9214 = VERTEX_POINT ( 'NONE', #4692 ) ;
#9215 = ORIENTED_EDGE ( 'NONE', *, *, #446, .F. ) ;
#9216 = FACE_OUTER_BOUND ( 'NONE', #5209, .T. ) ;
#9217 = VERTEX_POINT ( 'NONE', #3042 ) ;
#9218 = CYLINDRICAL_SURFACE ( 'NONE', #4129, 8.000000000000000000 ) ;
#9219 = CARTESIAN_POINT ( 'NONE',  ( 0.000000000000000000, 6.500000000000000888, 0.000000000000000000 ) ) ;
#9220 = ADVANCED_FACE ( 'NONE', ( #8792 ), #3204, .T. ) ;
#9221 = DIRECTION ( 'NONE',  ( -1.000000000000000000, 6.938893903907227589E-15, 0.000000000000000000 ) ) ;
#9222 = CARTESIAN_POINT ( 'NONE',  ( 37.45000000000000284, 5.400000000000000355, 0.000000000000000000 ) ) ;
#9223 = CARTESIAN_POINT ( 'NONE',  ( 35.94937047899919236, 0.09795398803915038310, -4.456839648981009816 ) ) ;
#9224 = ORIENTED_EDGE ( 'NONE', *, *, #9841, .T. ) ;
#9225 = CARTESIAN_POINT ( 'NONE',  ( -8.958845726811304644, 13.30000000000000071, -13.55000000000019256 ) ) ;
#9226 = ORIENTED_EDGE ( 'NONE', *, *, #6475, .F. ) ;
#9227 = EDGE_LOOP ( 'NONE', ( #7332, #1801, #10101, #10419 ) ) ;
#9228 = DIRECTION ( 'NONE',  ( 0.000000000000000000, 0.000000000000000000, 1.000000000000000000 ) ) ;
#9229 = ORIENTED_EDGE ( 'NONE', *, *, #6629, .F. ) ;
#9230 = CARTESIAN_POINT ( 'NONE',  ( 52.75000000000000000, 9.000000000000001776, -9.499999999999920064 ) ) ;
#9231 = VECTOR ( 'NONE', #6548, 1000.000000000000000 ) ;
#9232 = LINE ( 'NONE', #6800, #3385 ) ;
#9233 = FACE_OUTER_BOUND ( 'NONE', #2414, .T. ) ;
#9234 = VECTOR ( 'NONE', #9295, 1000.000000000000000 ) ;
#9235 = DIRECTION ( 'NONE',  ( 0.000000000000000000, 0.000000000000000000, 1.000000000000000000 ) ) ;
#9236 = VECTOR ( 'NONE', #2879, 1000.000000000000000 ) ;
#9237 = VERTEX_POINT ( 'NONE', #7197 ) ;
#9238 = ORIENTED_EDGE ( 'NONE', *, *, #8599, .F. ) ;
#9239 = VERTEX_POINT ( 'NONE', #3141 ) ;
#9240 = ORIENTED_EDGE ( 'NONE', *, *, #6218, .F. ) ;
#9241 = CYLINDRICAL_SURFACE ( 'NONE', #1322, 0.2000000000000000944 ) ;
#9242 = PLANE ( 'NONE',  #10078 ) ;
#9243 = EDGE_CURVE ( 'NONE', #6761, #2043, #8000, .T. ) ;
#9244 = AXIS2_PLACEMENT_3D ( 'NONE', #950, #210, #4203 ) ;
#9245 = EDGE_CURVE ( 'NONE', #8304, #4868, #5612, .T. ) ;
#9246 = ORIENTED_EDGE ( 'NONE', *, *, #5185, .T. ) ;
#9247 = LINE ( 'NONE', #9301, #8587 ) ;
#9248 = VECTOR ( 'NONE', #8272, 1000.000000000000000 ) ;
#9249 = CARTESIAN_POINT ( 'NONE',  ( 0.000000000000000000, 0.2000000000000000111, -3.415000000000000036 ) ) ;
#9250 = EDGE_LOOP ( 'NONE', ( #1980, #2636, #7768, #7621 ) ) ;
#9251 = DIRECTION ( 'NONE',  ( -0.000000000000000000, 1.000000000000000000, -0.000000000000000000 ) ) ;
#9252 = ADVANCED_FACE ( 'NONE', ( #6294 ), #3089, .T. ) ;
#9253 = ORIENTED_EDGE ( 'NONE', *, *, #9125, .T. ) ;
#9254 = VECTOR ( 'NONE', #4861, 1000.000000000000000 ) ;
#9255 = CARTESIAN_POINT ( 'NONE',  ( 51.95000000000000284, 9.850000000000001421, -3.299999999999999822 ) ) ;
#9256 = EDGE_CURVE ( 'NONE', #2474, #1978, #2174, .T. ) ;
#9257 = CARTESIAN_POINT ( 'NONE',  ( -50.25000000000000711, 8.400000000000000355, -2.449999999999999734 ) ) ;
#9258 = DIRECTION ( 'NONE',  ( -7.709882115452465347E-16, 0.000000000000000000, 1.000000000000000000 ) ) ;
#9259 = CARTESIAN_POINT ( 'NONE',  ( -52.25000000000001421, 8.400000000000000355, -2.449999999999999734 ) ) ;
#9260 = CARTESIAN_POINT ( 'NONE',  ( 43.25000000000000711, 7.000000000000000000, -1.984313483298447922 ) ) ;
#9261 = VERTEX_POINT ( 'NONE', #15 ) ;
#9262 = ORIENTED_EDGE ( 'NONE', *, *, #8925, .F. ) ;
#9263 = DIRECTION ( 'NONE',  ( 0.000000000000000000, 1.000000000000000000, -0.000000000000000000 ) ) ;
#9264 = VECTOR ( 'NONE', #4370, 1000.000000000000114 ) ;
#9265 = VERTEX_POINT ( 'NONE', #2355 ) ;
#9266 = CARTESIAN_POINT ( 'NONE',  ( -35.06554871542299878, 0.000000000000000000, -3.415000000000000036 ) ) ;
#9267 = CARTESIAN_POINT ( 'NONE',  ( -34.34233853611036835, 0.1265113557324332449, -20.34067203111825251 ) ) ;
#9268 = DIRECTION ( 'NONE',  ( -0.000000000000000000, -0.000000000000000000, 1.000000000000000000 ) ) ;
#9269 = VECTOR ( 'NONE', #7781, 1000.000000000000000 ) ;
#9270 = CARTESIAN_POINT ( 'NONE',  ( -35.24172192299145934, 0.2946731267839041712, 3.615000000000000213 ) ) ;
#9271 = CARTESIAN_POINT ( 'NONE',  ( -7.849999999999971223, 13.30000000000000071, 14.19019237886469220 ) ) ;
#9272 = ORIENTED_EDGE ( 'NONE', *, *, #10432, .T. ) ;
#9273 = APPLICATION_CONTEXT ( 'automotive_design' ) ;
#9274 = EDGE_CURVE ( 'NONE', #4168, #2259, #4399, .T. ) ;
#9275 = DIRECTION ( 'NONE',  ( 0.000000000000000000, 0.000000000000000000, -1.000000000000000000 ) ) ;
#9276 = CARTESIAN_POINT ( 'NONE',  ( -29.84000000000000696, 6.123958770389152484, -2.892940729108319342 ) ) ;
#9277 = ORIENTED_EDGE ( 'NONE', *, *, #8536, .F. ) ;
#9278 = ORIENTED_EDGE ( 'NONE', *, *, #6994, .F. ) ;
#9279 = DIRECTION ( 'NONE',  ( 0.8660254037844381525, 0.000000000000000000, 0.5000000000000009992 ) ) ;
#9280 = ORIENTED_EDGE ( 'NONE', *, *, #547, .T. ) ;
#9281 = EDGE_CURVE ( 'NONE', #4133, #8567, #7788, .T. ) ;
#9282 = CLOSED_SHELL ( 'NONE', ( #5466, #4737, #3060, #2032, #728, #8807, #661, #1546, #3870, #2498, #8794, #4313, #2710, #3794, #9860, #8081, #7637, #10111, #6676, #9431, #8508, #10408, #2583, #6383, #7309, #8636, #2647, #7372, #1161, #2902, #8919, #10378, #9497, #9654, #5263, #2991, #3948, #8619, #3414, #4572, #1872, #8686, #1381, #1957, #1024, #2620, #9766, #7584, #4908, #4466, #6066, #3335, #5982, #7913, #8556, #4406, #2761, #3197, #8312, #3225, #6316, #6885, #768, #9693, #5551, #628, #7233, #7166, #6814, #6137, #6540, #7032, #131, #8616, #6337, #2950, #5258, #2387, #6862, #6277, #8828, #1766, #9649, #3127, #9562, #3200, #2461, #5547, #9952, #1283, #216, #7380, #9797, #409, #4468, #2783, #10045, #7567, #5126, #243, #5426, #7893, #3367, #10144, #2816, #1960, #10365, #5616, #6011, #2095, #1427, #5419, #4380, #8365, #8691, #5700, #4000, #7000, #498, #7323, #7674, #6600, #1338, #7838, #7938, #1021, #4148, #5514, #7071, #7713, #810, #7235, #4344, #2562, #303, #4449, #8349, #6513, #7368, #8079, #1742, #9837, #4900, #2699, #2639, #7631, #5610, #9396, #4153, #10409, #10087, #8990, #4847, #1152, #1314, #9514, #4421, #4833, #2282, #8715, #3871, #3984, #7112, #5053, #9984, #1798, #9008, #3807, #5707, #2786, #7848, #4003, #8452, #4347, #5362, #2642, #930, #4092, #866, #9700, #8189, #7467, #6463, #45, #9204, #6156, #321, #8684, #2239, #3054, #408, #3425, #7572, #3004, #8664, #9778, #2419, #375, #8720, #10175, #3187, #7327, #10291, #1803, #2749, #3099, #8293, #6787, #8430, #9895, #1159, #9714, #3781, #2358, #4855, #3222, #8594, #1986, #5119, #3556, #474, #10150, #1275, #593, #766, #7439, #2715, #5227, #7186, #1630, #5656, #9537, #10092, #126, #4763, #2687, #6427, #5889, #6869, #9934, #9616, #8025, #2959, #4591, #3079, #5744, #7344, #4318, #5219, #2718, #2055, #1664, #3844, #1017, #9536, #4131, #8248, #1661, #7108, #7104, #6029, #6312, #7722, #5039, #4467, #7498, #1691, #4215, #965, #1126, #5196, #4938, #7600, #10098, #307, #2587, #5953, #10029, #8881, #5913, #6120, #9252, #8532, #7658, #7976, #27, #1845, #3464, #9458, #855, #7037, #689, #3835, #9220, #6677, #4446, #218, #4343, #6217, #8747, #9153, #9504, #6969, #6377, #7458, #6378, #4695, #10504 ) ) ;
#9283 = AXIS2_PLACEMENT_3D ( 'NONE', #6658, #7300, #7 ) ;
#9284 = DIRECTION ( 'NONE',  ( -0.9396926207859128688, 0.000000000000000000, -0.3420201433256563894 ) ) ;
#9285 = B_SPLINE_CURVE_WITH_KNOTS ( 'NONE', 3,
 ( #962, #2448, #4162, #3131, #6384, #1595, #58, #4848 ),
 .UNSPECIFIED., .F., .F.,
 ( 4, 2, 2, 4 ),
 ( -3.466145320682468225E-06, 0.0002882777914486015121, 0.0004341497598332391271, 0.0005800217282178766337 ),
 .UNSPECIFIED. ) ;
#9286 = CARTESIAN_POINT ( 'NONE',  ( -47.50000000000000711, 8.000000000000000000, 9.500000000000001776 ) ) ;
#9287 = CIRCLE ( 'NONE', #618, 0.8500000000000000888 ) ;
#9288 = AXIS2_PLACEMENT_3D ( 'NONE', #9892, #1016, #219 ) ;
#9289 = VECTOR ( 'NONE', #9378, 1000.000000000000000 ) ;
#9290 = CARTESIAN_POINT ( 'NONE',  ( 0.000000000000000000, 15.10000000000000142, 13.25000000000000178 ) ) ;
#9291 = CARTESIAN_POINT ( 'NONE',  ( 21.96734517834434897, 5.400000000000000355, 21.96734517834455502 ) ) ;
#9292 = ORIENTED_EDGE ( 'NONE', *, *, #1729, .F. ) ;
#9293 = ORIENTED_EDGE ( 'NONE', *, *, #10301, .F. ) ;
#9294 = DIRECTION ( 'NONE',  ( 1.000000000000000000, 0.000000000000000000, 0.000000000000000000 ) ) ;
#9295 = DIRECTION ( 'NONE',  ( 0.8660254037844384856, 0.000000000000000000, -0.5000000000000002220 ) ) ;
#9296 = AXIS2_PLACEMENT_3D ( 'NONE', #8203, #1759, #5015 ) ;
#9297 = AXIS2_PLACEMENT_3D ( 'NONE', #7178, #9557, #2073 ) ;
#9298 = DIRECTION ( 'NONE',  ( 1.000000000000000000, 0.000000000000000000, 0.000000000000000000 ) ) ;
#9299 = AXIS2_PLACEMENT_3D ( 'NONE', #1522, #8017, #3165 ) ;
#9300 = ORIENTED_EDGE ( 'NONE', *, *, #9831, .F. ) ;
#9301 = CARTESIAN_POINT ( 'NONE',  ( -7.849999999999971223, 13.30000000000000071, -14.19019237886469220 ) ) ;
#9302 = EDGE_CURVE ( 'NONE', #1890, #476, #10206, .T. ) ;
#9303 = CARTESIAN_POINT ( 'NONE',  ( -29.84000000000000696, 0.5000000000000004441, 3.064999999999999947 ) ) ;
#9304 = ORIENTED_EDGE ( 'NONE', *, *, #7826, .F. ) ;
#9305 = VECTOR ( 'NONE', #214, 1000.000000000000000 ) ;
#9306 = DIRECTION ( 'NONE',  ( -1.000000000000000000, 0.000000000000000000, -1.380801687650050777E-15 ) ) ;
#9307 = VERTEX_POINT ( 'NONE', #3523 ) ;
#9308 = EDGE_CURVE ( 'NONE', #4736, #3397, #3241, .T. ) ;
#9309 = AXIS2_PLACEMENT_3D ( 'NONE', #6563, #4978, #9118 ) ;
#9310 = EDGE_CURVE ( 'NONE', #2700, #10096, #3372, .T. ) ;
#9311 = CARTESIAN_POINT ( 'NONE',  ( -8.000000000000008882, 11.00000000000000178, 14.45000000000000107 ) ) ;
#9312 = VECTOR ( 'NONE', #6364, 1000.000000000000000 ) ;
#9313 = CARTESIAN_POINT ( 'NONE',  ( 30.43208284934527441, 4.235164736271499384E-18, 2.892751484835246245 ) ) ;
#9314 = TOROIDAL_SURFACE ( 'NONE', #7964, 5.000000000000000000, 3.000000000000000000 ) ;
#9315 = DIRECTION ( 'NONE',  ( 0.000000000000000000, -0.000000000000000000, 1.000000000000000000 ) ) ;
#9316 = APPLICATION_PROTOCOL_DEFINITION ( 'draft international standard', 'automotive_design', 1998, #9087 ) ;
#9317 = CARTESIAN_POINT ( 'NONE',  ( 35.66143789659457752, 0.000000000000000000, -0.1494653044016144572 ) ) ;
#9318 = CARTESIAN_POINT ( 'NONE',  ( 23.55788180854698055, 0.5000000000000000000, -7.483866831501338801 ) ) ;
#9319 = CYLINDRICAL_SURFACE ( 'NONE', #5903, 0.2999999999999999334 ) ;
#9320 = ORIENTED_EDGE ( 'NONE', *, *, #2243, .F. ) ;
#9321 = ORIENTED_EDGE ( 'NONE', *, *, #6317, .F. ) ;
#9322 = CARTESIAN_POINT ( 'NONE',  ( 0.000000000000000000, 16.60000000000000142, -12.25000000000000000 ) ) ;
#9323 = ORIENTED_EDGE ( 'NONE', *, *, #568, .T. ) ;
#9324 = LINE ( 'NONE', #7685, #4308 ) ;
#9325 = VECTOR ( 'NONE', #3439, 1000.000000000000000 ) ;
#9326 = LINE ( 'NONE', #1987, #3389 ) ;
#9327 = CARTESIAN_POINT ( 'NONE',  ( 51.95000000000000284, 13.00000000000000178, 4.000000000000000000 ) ) ;
#9328 = DIRECTION ( 'NONE',  ( -0.000000000000000000, 1.000000000000000000, -0.000000000000000000 ) ) ;
#9329 = AXIS2_PLACEMENT_3D ( 'NONE', #2771, #10160, #6135 ) ;
#9330 = FACE_OUTER_BOUND ( 'NONE', #4098, .T. ) ;
#9331 =( BOUNDED_CURVE ( )  B_SPLINE_CURVE ( 3, ( #5207, #1165, #4412, #7659 ),
 .UNSPECIFIED., .F., .F. ) 
 B_SPLINE_CURVE_WITH_KNOTS ( ( 4, 4 ),
 ( 3.141592653589795781, 4.712388980384690562 ),
 .UNSPECIFIED. ) 
 CURVE ( )  GEOMETRIC_REPRESENTATION_ITEM ( )  RATIONAL_B_SPLINE_CURVE ( ( 1.000000000000000000, 0.8047378541243654926, 0.8047378541243654926, 1.000000000000000000 ) ) 
 REPRESENTATION_ITEM ( '' )  );
#9332 = ORIENTED_EDGE ( 'NONE', *, *, #7263, .F. ) ;
#9333 = DIRECTION ( 'NONE',  ( -0.000000000000000000, -1.000000000000000000, 0.000000000000000000 ) ) ;
#9334 = LINE ( 'NONE', #2603, #7914 ) ;
#9335 = ORIENTED_EDGE ( 'NONE', *, *, #7901, .F. ) ;
#9336 = VERTEX_POINT ( 'NONE', #10008 ) ;
#9337 = EDGE_CURVE ( 'NONE', #4911, #6778, #7520, .T. ) ;
#9338 = LINE ( 'NONE', #2944, #3868 ) ;
#9339 = ORIENTED_EDGE ( 'NONE', *, *, #2275, .F. ) ;
#9340 = EDGE_CURVE ( 'NONE', #1637, #4109, #4049, .T. ) ;
#9341 = EDGE_CURVE ( 'NONE', #1627, #9790, #868, .T. ) ;
#9342 = EDGE_CURVE ( 'NONE', #7614, #191, #9148, .T. ) ;
#9343 = LINE ( 'NONE', #8545, #7460 ) ;
#9344 = FACE_OUTER_BOUND ( 'NONE', #1686, .T. ) ;
#9345 = LINE ( 'NONE', #1258, #755 ) ;
#9346 = CARTESIAN_POINT ( 'NONE',  ( 30.19999999999999218, 0.2531612188914907913, -7.798623679425843669 ) ) ;
#9347 = ORIENTED_EDGE ( 'NONE', *, *, #6974, .T. ) ;
#9348 = VERTEX_POINT ( 'NONE', #1918 ) ;
#9349 = CARTESIAN_POINT ( 'NONE',  ( 3.099999999999991651, 13.30000000000000071, 13.45000000000019114 ) ) ;
#9350 = ORIENTED_EDGE ( 'NONE', *, *, #9440, .T. ) ;
#9351 = CARTESIAN_POINT ( 'NONE',  ( 2.009170479469691184, 13.30000000000000071, 14.75000000000000178 ) ) ;
#9352 = CARTESIAN_POINT ( 'NONE',  ( -34.52834772718359346, 0.000000000000000000, 2.965000000000000302 ) ) ;
#9353 = PLANE ( 'NONE',  #3350 ) ;
#9354 = ORIENTED_EDGE ( 'NONE', *, *, #10109, .T. ) ;
#9355 = DIRECTION ( 'NONE',  ( -0.000000000000000000, -0.000000000000000000, 1.000000000000000000 ) ) ;
#9356 = LINE ( 'NONE', #10414, #6116 ) ;
#9357 = ORIENTED_EDGE ( 'NONE', *, *, #10380, .T. ) ;
#9358 = CARTESIAN_POINT ( 'NONE',  ( -20.00000000000001066, 16.60001199999999955, 12.25000000000000178 ) ) ;
#9359 = ORIENTED_EDGE ( 'NONE', *, *, #5487, .T. ) ;
#9360 = EDGE_CURVE ( 'NONE', #5563, #1313, #2096, .T. ) ;
#9361 = CARTESIAN_POINT ( 'NONE',  ( 9.519658948938198861, 5.500000000000000000, 10.24999999999999289 ) ) ;
#9362 = DIRECTION ( 'NONE',  ( 1.000000000000000000, 0.000000000000000000, 0.000000000000000000 ) ) ;
#9363 = FACE_OUTER_BOUND ( 'NONE', #2375, .T. ) ;
#9364 = CARTESIAN_POINT ( 'NONE',  ( -52.38125719838242844, 9.367109996345474698, -3.819589400665856171 ) ) ;
#9365 = LINE ( 'NONE', #2925, #8620 ) ;
#9366 = CARTESIAN_POINT ( 'NONE',  ( 0.000000000000000000, 0.1999999999999996503, -9.049999999999998934 ) ) ;
#9367 = ORIENTED_EDGE ( 'NONE', *, *, #5382, .F. ) ;
#9368 = VERTEX_POINT ( 'NONE', #3473 ) ;
#9369 = CYLINDRICAL_SURFACE ( 'NONE', #10068, 0.6000000000000007550 ) ;
#9370 = EDGE_CURVE ( 'NONE', #2106, #7707, #4558, .T. ) ;
#9371 = VERTEX_POINT ( 'NONE', #6553 ) ;
#9372 = DIRECTION ( 'NONE',  ( 0.000000000000000000, 0.000000000000000000, -1.000000000000000000 ) ) ;
#9373 = EDGE_CURVE ( 'NONE', #1154, #9107, #10328, .T. ) ;
#9374 = DIRECTION ( 'NONE',  ( 0.000000000000000000, 0.000000000000000000, -1.000000000000000000 ) ) ;
#9375 = DIRECTION ( 'NONE',  ( -0.000000000000000000, -0.000000000000000000, 1.000000000000000000 ) ) ;
#9376 = CARTESIAN_POINT ( 'NONE',  ( -30.84000000000000696, 0.5000000000000004441, -9.849999999999997868 ) ) ;
#9377 = DIRECTION ( 'NONE',  ( 0.000000000000000000, -0.000000000000000000, 1.000000000000000000 ) ) ;
#9378 = DIRECTION ( 'NONE',  ( 0.000000000000000000, -1.000000000000000000, 0.000000000000000000 ) ) ;
#9379 = CARTESIAN_POINT ( 'NONE',  ( -52.20455412270069928, 8.628939298215280829, 4.261849622335516230 ) ) ;
#9380 = VERTEX_POINT ( 'NONE', #8324 ) ;
#9381 = ORIENTED_EDGE ( 'NONE', *, *, #4145, .T. ) ;
#9382 = CARTESIAN_POINT ( 'NONE',  ( -29.84000000000000341, 6.228403500129232384, 9.226552194484586522 ) ) ;
#9383 = ORIENTED_EDGE ( 'NONE', *, *, #4969, .T. ) ;
#9384 = VECTOR ( 'NONE', #1439, 1000.000000000000000 ) ;
#9385 = DIRECTION ( 'NONE',  ( 0.000000000000000000, 0.000000000000000000, 1.000000000000000000 ) ) ;
#9386 = LINE ( 'NONE', #3752, #5596 ) ;
#9387 = EDGE_CURVE ( 'NONE', #8841, #3941, #1326, .T. ) ;
#9388 = EDGE_CURVE ( 'NONE', #8250, #4911, #8213, .T. ) ;
#9389 = CARTESIAN_POINT ( 'NONE',  ( -30.14000000000000057, 5.995909431799613998, 2.765000000000000124 ) ) ;
#9390 = LINE ( 'NONE', #414, #5055 ) ;
#9391 = VECTOR ( 'NONE', #2189, 1000.000000000000000 ) ;
#9392 = ORIENTED_EDGE ( 'NONE', *, *, #3771, .T. ) ;
#9393 = DIRECTION ( 'NONE',  ( 0.000000000000000000, 0.000000000000000000, 1.000000000000000000 ) ) ;
#9394 = ORIENTED_EDGE ( 'NONE', *, *, #8105, .F. ) ;
#9395 = DIRECTION ( 'NONE',  ( -1.000000000000000000, 0.000000000000000000, 0.000000000000000000 ) ) ;
#9396 = ADVANCED_FACE ( 'NONE', ( #5130 ), #3822, .T. ) ;
#9397 = CARTESIAN_POINT ( 'NONE',  ( 25.85635347795577133, -0.0009999999999999158867, -4.424792786874576223 ) ) ;
#9398 = VECTOR ( 'NONE', #8163, 1000.000000000000000 ) ;
#9399 = LINE ( 'NONE', #6171, #1473 ) ;
#9400 = VERTEX_POINT ( 'NONE', #1818 ) ;
#9401 = LINE ( 'NONE', #2964, #8596 ) ;
#9402 = EDGE_CURVE ( 'NONE', #2929, #7193, #5082, .T. ) ;
#9403 = LINE ( 'NONE', #573, #5074 ) ;
#9404 = ORIENTED_EDGE ( 'NONE', *, *, #2971, .T. ) ;
#9405 = CARTESIAN_POINT ( 'NONE',  ( -52.11955117507724111, 8.524846049716604313, -4.349906030956490532 ) ) ;
#9406 = AXIS2_PLACEMENT_3D ( 'NONE', #5338, #1282, #1532 ) ;
#9407 = VERTEX_POINT ( 'NONE', #7723 ) ;
#9408 = EDGE_CURVE ( 'NONE', #7903, #5998, #10343, .T. ) ;
#9409 = CARTESIAN_POINT ( 'NONE',  ( -52.24731767899169199, 6.962000290205938136, 3.258922934675954952 ) ) ;
#9410 = CARTESIAN_POINT ( 'NONE',  ( 0.5999999999999912070, 13.30000000000000071, 13.35000000000018971 ) ) ;
#9411 = CIRCLE ( 'NONE', #9757, 2.750000000000007550 ) ;
#9412 = CARTESIAN_POINT ( 'NONE',  ( -39.56899347744757023, 0.1363911950260412453, -2.772524648351583743 ) ) ;
#9413 = DIRECTION ( 'NONE',  ( 1.000000000000000000, 0.000000000000000000, -1.176083712526649195E-16 ) ) ;
#9414 = CYLINDRICAL_SURFACE ( 'NONE', #2333, 0.7999999999999997113 ) ;
#9415 = CARTESIAN_POINT ( 'NONE',  ( 39.16385371214060029, 0.02145563245112688117, 1.717410124218900158 ) ) ;
#9416 = ORIENTED_EDGE ( 'NONE', *, *, #2229, .T. ) ;
#9417 = ORIENTED_EDGE ( 'NONE', *, *, #2504, .F. ) ;
#9418 = LINE ( 'NONE', #7784, #1754 ) ;
#9419 = ORIENTED_EDGE ( 'NONE', *, *, #4542, .F. ) ;
#9420 = LINE ( 'NONE', #346, #10401 ) ;
#9421 = AXIS2_PLACEMENT_3D ( 'NONE', #3244, #57, #9730 ) ;
#9422 = CARTESIAN_POINT ( 'NONE',  ( -47.50000000000000711, 3.000000000000000000, 9.500000000000001776 ) ) ;
#9423 = DIRECTION ( 'NONE',  ( 0.000000000000000000, 0.000000000000000000, -1.000000000000000000 ) ) ;
#9424 = CARTESIAN_POINT ( 'NONE',  ( 22.70783969873346564, -1.712135930716695311E-15, 1.811545626786781549 ) ) ;
#9425 = DIRECTION ( 'NONE',  ( -0.000000000000000000, 1.000000000000000000, -0.000000000000000000 ) ) ;
#9426 = VECTOR ( 'NONE', #6762, 1000.000000000000000 ) ;
#9427 = CARTESIAN_POINT ( 'NONE',  ( -35.26554871542300162, 0.08284271247461812149, 3.614999999999999769 ) ) ;
#9428 = LINE ( 'NONE', #5506, #1807 ) ;
#9429 = EDGE_LOOP ( 'NONE', ( #2537, #2102, #5238, #2010, #9367, #9240, #8412, #1100, #7404, #9759, #3681, #1107, #4307, #2602, #6576, #5887 ) ) ;
#9430 = ORIENTED_EDGE ( 'NONE', *, *, #5161, .F. ) ;
#9431 = ADVANCED_FACE ( 'NONE', ( #10054 ), #4528, .F. ) ;
#9432 = CARTESIAN_POINT ( 'NONE',  ( -47.50000000000000711, 3.000000000000000000, 8.650000000000002132 ) ) ;
#9433 = ORIENTED_EDGE ( 'NONE', *, *, #2764, .F. ) ;
#9434 = EDGE_CURVE ( 'NONE', #5327, #5398, #2031, .T. ) ;
#9435 = DIRECTION ( 'NONE',  ( 0.000000000000000000, 2.168404344971008868E-15, 1.000000000000000000 ) ) ;
#9436 = AXIS2_PLACEMENT_3D ( 'NONE', #1699, #6432, #2386 ) ;
#9437 = CARTESIAN_POINT ( 'NONE',  ( 2.099999999999991207, 13.30000000000000071, -13.35000000000019149 ) ) ;
#9438 = CARTESIAN_POINT ( 'NONE',  ( -30.13203748537936733, 5.996123729295902649, -3.614894311984932607 ) ) ;
#9439 = ORIENTED_EDGE ( 'NONE', *, *, #5047, .F. ) ;
#9440 = EDGE_CURVE ( 'NONE', #8, #10321, #335, .T. ) ;
#9441 = CARTESIAN_POINT ( 'NONE',  ( -52.40568058483292901, 7.315219914338494611, -3.641416195903034225 ) ) ;
#9442 = ORIENTED_EDGE ( 'NONE', *, *, #7133, .T. ) ;
#9443 = DIRECTION ( 'NONE',  ( -0.000000000000000000, -1.000000000000000000, -0.000000000000000000 ) ) ;
#9444 = COLOUR_RGB ( '',0.7921568627450980005, 0.8196078431372548767, 0.9333333333333333481 ) ;
#9445 = ORIENTED_EDGE ( 'NONE', *, *, #10356, .T. ) ;
#9446 = DIRECTION ( 'NONE',  ( 0.000000000000000000, 0.000000000000000000, 1.000000000000000000 ) ) ;
#9447 = CARTESIAN_POINT ( 'NONE',  ( 45.25000000000000711, 8.000000000000000000, -12.25000000000000000 ) ) ;
#9448 = B_SPLINE_CURVE_WITH_KNOTS ( 'NONE', 3,
 ( #130, #2677, #7523, #2728, #5179, #8326 ),
 .UNSPECIFIED., .F., .F.,
 ( 4, 2, 4 ),
 ( 0.000000000000000000, 0.0003916138837253803286, 0.0007832277674507606572 ),
 .UNSPECIFIED. ) ;
#9449 = EDGE_CURVE ( 'NONE', #7111, #191, #7020, .T. ) ;
#9450 = AXIS2_PLACEMENT_3D ( 'NONE', #591, #2047, #5303 ) ;
#9451 = CARTESIAN_POINT ( 'NONE',  ( -30.14000000000000412, 5.995909431799613998, 3.615000000000000213 ) ) ;
#9452 = EDGE_CURVE ( 'NONE', #7896, #2802, #7935, .T. ) ;
#9453 = ORIENTED_EDGE ( 'NONE', *, *, #7777, .F. ) ;
#9454 = DIRECTION ( 'NONE',  ( -0.000000000000000000, -0.000000000000000000, 1.000000000000000000 ) ) ;
#9455 = AXIS2_PLACEMENT_3D ( 'NONE', #2036, #339, #6826 ) ;
#9456 = CIRCLE ( 'NONE', #9618, 4.450000000000009948 ) ;
#9457 = CYLINDRICAL_SURFACE ( 'NONE', #5750, 0.3000000000000016542 ) ;
#9458 = ADVANCED_FACE ( 'NONE', ( #10207 ), #485, .T. ) ;
#9459 = DIRECTION ( 'NONE',  ( -0.000000000000000000, -0.000000000000000000, 1.000000000000000000 ) ) ;
#9460 = ORIENTED_EDGE ( 'NONE', *, *, #8109, .T. ) ;
#9461 = AXIS2_PLACEMENT_3D ( 'NONE', #5769, #10480, #2394 ) ;
#9462 = EDGE_CURVE ( 'NONE', #1413, #8199, #5795, .T. ) ;
#9463 = AXIS2_PLACEMENT_3D ( 'NONE', #8247, #5192, #4398 ) ;
#9464 = CARTESIAN_POINT ( 'NONE',  ( -31.11939691791956974, 0.1293615736281126527, -20.34067203111825251 ) ) ;
#9465 = AXIS2_PLACEMENT_3D ( 'NONE', #3063, #1265, #8605 ) ;
#9466 = CARTESIAN_POINT ( 'NONE',  ( -52.20456334646848973, 8.175565431593415866, -4.262417259502919720 ) ) ;
#9467 = DIRECTION ( 'NONE',  ( 0.000000000000000000, 0.000000000000000000, 1.000000000000000000 ) ) ;
#9468 = CARTESIAN_POINT ( 'NONE',  ( 50.24999999999997158, 9.850000000000001421, -1.700000000000000622 ) ) ;
#9469 = VERTEX_POINT ( 'NONE', #9255 ) ;
#9470 = ORIENTED_EDGE ( 'NONE', *, *, #1797, .T. ) ;
#9471 = CARTESIAN_POINT ( 'NONE',  ( 47.49999999999999289, 3.000000000000000000, -10.34999999999999787 ) ) ;
#9472 = ORIENTED_EDGE ( 'NONE', *, *, #3273, .T. ) ;
#9473 = CARTESIAN_POINT ( 'NONE',  ( -8.000000000000008882, 13.30000000000000071, 14.45000000000000107 ) ) ;
#9474 = AXIS2_PLACEMENT_3D ( 'NONE', #5314, #6954, #2004 ) ;
#9475 = CARTESIAN_POINT ( 'NONE',  ( -2.000000000000008882, 13.30000000000000071, 13.35000000000018971 ) ) ;
#9476 = LINE ( 'NONE', #5248, #5079 ) ;
#9477 = CARTESIAN_POINT ( 'NONE',  ( 3.099999999999991651, 15.10000000000000142, -13.45000000000019114 ) ) ;
#9478 = LINE ( 'NONE', #5459, #7895 ) ;
#9479 = CARTESIAN_POINT ( 'NONE',  ( 39.08172798364529399, 0.5000000000000000000, 6.181727983645293634 ) ) ;
#9480 = CARTESIAN_POINT ( 'NONE',  ( -30.84000000000000696, 5.954463462733934342, -8.849999999999997868 ) ) ;
#9481 = ORIENTED_EDGE ( 'NONE', *, *, #8536, .T. ) ;
#9482 = ORIENTED_EDGE ( 'NONE', *, *, #601, .T. ) ;
#9483 = AXIS2_PLACEMENT_3D ( 'NONE', #1360, #7047, #458 ) ;
#9484 = CARTESIAN_POINT ( 'NONE',  ( 0.5999999999999912070, 13.30000000000000071, -13.35000000000018971 ) ) ;
#9485 = CIRCLE ( 'NONE', #4735, 0.2000000000000002331 ) ;
#9486 = VERTEX_POINT ( 'NONE', #5386 ) ;
#9487 = PRODUCT_DEFINITION_SHAPE ( 'NONE', 'NONE',  #2923 ) ;
#9488 = CARTESIAN_POINT ( 'NONE',  ( -39.76146882909598901, 0.000000000000000000, -9.049999999999998934 ) ) ;
#9489 = CIRCLE ( 'NONE', #1013, 9.000000000000012434 ) ;
#9490 = PLANE ( 'NONE',  #2353 ) ;
#9491 = EDGE_CURVE ( 'NONE', #537, #5969, #6229, .T. ) ;
#9492 = DIRECTION ( 'NONE',  ( -1.000000000000000000, 0.000000000000000000, -4.047688110612546206E-15 ) ) ;
#9493 = ORIENTED_EDGE ( 'NONE', *, *, #1221, .T. ) ;
#9494 = DIRECTION ( 'NONE',  ( -0.09864855753151274831, -0.5484013522089712378, 0.8303760708211213037 ) ) ;
#9495 = ORIENTED_EDGE ( 'NONE', *, *, #170, .T. ) ;
#9496 = ORIENTED_EDGE ( 'NONE', *, *, #3362, .F. ) ;
#9497 = ADVANCED_FACE ( 'NONE', ( #6178 ), #3623, .T. ) ;
#9498 = EDGE_CURVE ( 'NONE', #1313, #135, #3729, .T. ) ;
#9499 = DIRECTION ( 'NONE',  ( -0.000000000000000000, -1.000000000000000000, 0.000000000000000000 ) ) ;
#9500 = ORIENTED_EDGE ( 'NONE', *, *, #7983, .F. ) ;
#9501 = PLANE ( 'NONE',  #3014 ) ;
#9502 = CIRCLE ( 'NONE', #5442, 1.000000000000000888 ) ;
#9503 = CARTESIAN_POINT ( 'NONE',  ( 47.49999999999997868, 11.00000000000000178, -12.25000000000000178 ) ) ;
#9504 = ADVANCED_FACE ( 'NONE', ( #529 ), #6871, .T. ) ;
#9505 = CARTESIAN_POINT ( 'NONE',  ( -30.13733985612995525, 5.995981988622158809, 3.615000000000000213 ) ) ;
#9506 = CARTESIAN_POINT ( 'NONE',  ( -39.63977263648107652, 0.1999999999999987899, -2.965000000000000302 ) ) ;
#9507 = EDGE_LOOP ( 'NONE', ( #2507, #2071, #5495, #1642 ) ) ;
#9508 = CARTESIAN_POINT ( 'NONE',  ( 50.25000000000000000, 11.00000000000000178, 9.499999999999982236 ) ) ;
#9509 = DIRECTION ( 'NONE',  ( -0.5000000000000001110, 0.000000000000000000, -0.8660254037844385966 ) ) ;
#9510 = DIRECTION ( 'NONE',  ( 0.000000000000000000, 0.000000000000000000, -1.000000000000000000 ) ) ;
#9511 = ORIENTED_EDGE ( 'NONE', *, *, #9026, .T. ) ;
#9512 = EDGE_CURVE ( 'NONE', #6319, #4353, #7305, .T. ) ;
#9513 = DIRECTION ( 'NONE',  ( 0.000000000000000000, 1.000000000000000000, 0.000000000000000000 ) ) ;
#9514 = ADVANCED_FACE ( 'NONE', ( #3075 ), #3857, .T. ) ;
#9515 = EDGE_LOOP ( 'NONE', ( #8061, #6435, #440, #584 ) ) ;
#9516 = CARTESIAN_POINT ( 'NONE',  ( -52.20423501068198391, 8.842950398789271915, -4.212724285319842110 ) ) ;
#9517 = EDGE_CURVE ( 'NONE', #8115, #10282, #9677, .T. ) ;
#9518 = CARTESIAN_POINT ( 'NONE',  ( 50.84065861769801131, 11.00000000000000178, 13.54999999999999716 ) ) ;
#9519 = CARTESIAN_POINT ( 'NONE',  ( 39.09768490291499177, 0.2034051652805227428, 1.502567585311941789 ) ) ;
#9520 = VERTEX_POINT ( 'NONE', #7988 ) ;
#9521 = ORIENTED_EDGE ( 'NONE', *, *, #2996, .F. ) ;
#9522 = LINE ( 'NONE', #5546, #9391 ) ;
#9523 = ORIENTED_EDGE ( 'NONE', *, *, #4569, .T. ) ;
#9524 = CARTESIAN_POINT ( 'NONE',  ( 35.29364652204423436, 0.2531612188914919570, 1.023830892551222060 ) ) ;
#9525 = CARTESIAN_POINT ( 'NONE',  ( 0.000000000000000000, 0.2000000000000000111, 2.965000000000000302 ) ) ;
#9526 = DIRECTION ( 'NONE',  ( 0.000000000000000000, 1.000000000000000000, -0.000000000000000000 ) ) ;
#9527 = CARTESIAN_POINT ( 'NONE',  ( 22.80231509708504234, 0.2034051652805221599, 1.502567585311989307 ) ) ;
#9528 = CYLINDRICAL_SURFACE ( 'NONE', #2457, 0.2999999999999998779 ) ;
#9529 = CARTESIAN_POINT ( 'NONE',  ( -29.84000000000000696, 0.5000000000000004441, -10.25000000000000178 ) ) ;
#9530 = DIRECTION ( 'NONE',  ( 0.000000000000000000, 1.000000000000000000, 0.000000000000000000 ) ) ;
#9531 = VERTEX_POINT ( 'NONE', #10314 ) ;
#9532 = ORIENTED_EDGE ( 'NONE', *, *, #5830, .T. ) ;
#9533 = DIRECTION ( 'NONE',  ( 0.000000000000000000, 0.000000000000000000, 1.000000000000000000 ) ) ;
#9534 = ORIENTED_EDGE ( 'NONE', *, *, #7559, .F. ) ;
#9535 = B_SPLINE_CURVE_WITH_KNOTS ( 'NONE', 3,
 ( #3387, #4981, #2633, #6567, #1834, #6678 ),
 .UNSPECIFIED., .F., .F.,
 ( 4, 2, 4 ),
 ( 0.000000000000000000, 0.0003393158518392704807, 0.0006786317036785409615 ),
 .UNSPECIFIED. ) ;
#9536 = ADVANCED_FACE ( 'NONE', ( #692 ), #2283, .F. ) ;
#9537 = ADVANCED_FACE ( 'NONE', ( #3824 ), #3128, .T. ) ;
#9538 = DIRECTION ( 'NONE',  ( -0.000000000000000000, -0.000000000000000000, 1.000000000000000000 ) ) ;
#9539 = CARTESIAN_POINT ( 'NONE',  ( -29.81007189365366372, -2.624222992386002318, 8.349999999999997868 ) ) ;
#9540 = CARTESIAN_POINT ( 'NONE',  ( -34.34233853611036835, 0.1265113557324328841, -3.601009191073223814 ) ) ;
#9541 = EDGE_LOOP ( 'NONE', ( #10227, #8656, #5850, #10077 ) ) ;
#9542 = CARTESIAN_POINT ( 'NONE',  ( 0.000000000000000000, 0.5000000000000004441, 8.349999999999997868 ) ) ;
#9543 = EDGE_LOOP ( 'NONE', ( #34, #4111, #194, #4963, #6359 ) ) ;
#9544 = ORIENTED_EDGE ( 'NONE', *, *, #934, .F. ) ;
#9545 = CARTESIAN_POINT ( 'NONE',  ( 23.85000000000000142, 1.000000000000000000, -12.25000000000000178 ) ) ;
#9546 = ORIENTED_EDGE ( 'NONE', *, *, #4184, .F. ) ;
#9547 = CARTESIAN_POINT ( 'NONE',  ( 30.95000000000000284, 0.2999999999999999889, -2.350000000000003197 ) ) ;
#9548 = CIRCLE ( 'NONE', #3091, 0.2888330770816419091 ) ;
#9549 = CARTESIAN_POINT ( 'NONE',  ( -45.19999999999996021, 0.000000000000000000, 11.75000000000000711 ) ) ;
#9550 = CARTESIAN_POINT ( 'NONE',  ( 25.85635347795577488, 0.2531612188914909578, -4.424792786874577111 ) ) ;
#9551 = CYLINDRICAL_SURFACE ( 'NONE', #7653, 3.750000000000001776 ) ;
#9552 = VECTOR ( 'NONE', #5297, 1000.000000000000000 ) ;
#9553 = DIRECTION ( 'NONE',  ( 0.000000000000000000, 0.000000000000000000, 1.000000000000000000 ) ) ;
#9554 = CARTESIAN_POINT ( 'NONE',  ( -52.45000000000001705, 9.700000000000001066, -2.924999999999968736 ) ) ;
#9555 = ORIENTED_EDGE ( 'NONE', *, *, #6744, .F. ) ;
#9556 = CARTESIAN_POINT ( 'NONE',  ( -53.20100000000002183, 9.850000000000001421, -3.299999999999999822 ) ) ;
#9557 = DIRECTION ( 'NONE',  ( -0.000000000000000000, -1.000000000000000000, -0.000000000000000000 ) ) ;
#9558 = CARTESIAN_POINT ( 'NONE',  ( -52.15661494277105703, 9.716960195022357638, -3.819531250000045564 ) ) ;
#9559 = EDGE_CURVE ( 'NONE', #7543, #9034, #4937, .T. ) ;
#9560 = ORIENTED_EDGE ( 'NONE', *, *, #3485, .F. ) ;
#9561 = AXIS2_PLACEMENT_3D ( 'NONE', #8149, #106, #5818 ) ;
#9562 = ADVANCED_FACE ( 'NONE', ( #1591, #6380 ), #4791, .F. ) ;
#9563 = CARTESIAN_POINT ( 'NONE',  ( -34.44357915404025761, 9.688689720165385246E-17, 2.880231426856664889 ) ) ;
#9564 = EDGE_LOOP ( 'NONE', ( #9246, #3420, #2263, #560 ) ) ;
#9565 = CARTESIAN_POINT ( 'NONE',  ( -52.26145712155787493, 8.291017316819599969, -4.224941934849980818 ) ) ;
#9566 = CARTESIAN_POINT ( 'NONE',  ( 39.08172798364529399, -1.697056274847719815, 5.581727983645293101 ) ) ;
#9567 = VECTOR ( 'NONE', #2773, 1000.000000000000000 ) ;
#9568 = CARTESIAN_POINT ( 'NONE',  ( -20.00000000000001066, 16.60001199999999955, 2.352167425053299179E-15 ) ) ;
#9569 = ORIENTED_EDGE ( 'NONE', *, *, #9047, .T. ) ;
#9570 = VERTEX_POINT ( 'NONE', #637 ) ;
#9571 = DIRECTION ( 'NONE',  ( -1.000000000000000000, 0.000000000000000000, 6.938893903907229955E-15 ) ) ;
#9572 = ORIENTED_EDGE ( 'NONE', *, *, #5823, .F. ) ;
#9573 = CARTESIAN_POINT ( 'NONE',  ( -45.20000000000000284, 0.000000000000000000, -6.750000000000000888 ) ) ;
#9574 = EDGE_CURVE ( 'NONE', #8115, #6431, #3242, .T. ) ;
#9575 = CARTESIAN_POINT ( 'NONE',  ( -45.00000000000001421, 8.000000000000000000, -8.354356076261030495 ) ) ;
#9576 = AXIS2_PLACEMENT_3D ( 'NONE', #7849, #5570, #9651 ) ;
#9577 = FACE_OUTER_BOUND ( 'NONE', #10061, .T. ) ;
#9578 = CARTESIAN_POINT ( 'NONE',  ( 47.49999999999997868, 8.000000000000000000, 12.25000000000000711 ) ) ;
#9579 = EDGE_CURVE ( 'NONE', #2803, #7339, #6756, .T. ) ;
#9580 = DIRECTION ( 'NONE',  ( 1.000000000000000000, -0.000000000000000000, 0.000000000000000000 ) ) ;
#9581 = DIRECTION ( 'NONE',  ( -2.668805347656624115E-15, 0.000000000000000000, -1.000000000000000000 ) ) ;
#9582 = CARTESIAN_POINT ( 'NONE',  ( -30.14000000000000412, 17.60100000000000264, 3.615000000000000213 ) ) ;
#9583 = ORIENTED_EDGE ( 'NONE', *, *, #8858, .F. ) ;
#9584 = ORIENTED_EDGE ( 'NONE', *, *, #6407, .T. ) ;
#9585 = LINE ( 'NONE', #709, #6767 ) ;
#9586 = AXIS2_PLACEMENT_3D ( 'NONE', #1839, #6682, #4984 ) ;
#9587 = ORIENTED_EDGE ( 'NONE', *, *, #5884, .T. ) ;
#9588 = DIRECTION ( 'NONE',  ( 0.000000000000000000, 1.000000000000000000, -0.000000000000000000 ) ) ;
#9589 = CARTESIAN_POINT ( 'NONE',  ( -47.50000000000000711, 5.500000000000000000, 9.500000000000001776 ) ) ;
#9590 = CIRCLE ( 'NONE', #9421, 2.000000000000000000 ) ;
#9591 = EDGE_CURVE ( 'NONE', #3006, #2279, #5747, .T. ) ;
#9592 = CARTESIAN_POINT ( 'NONE',  ( -34.44357915404025761, 2.159727986697190071E-17, -3.499768573143335892 ) ) ;
#9593 = ORIENTED_EDGE ( 'NONE', *, *, #5334, .T. ) ;
#9594 = DIRECTION ( 'NONE',  ( 2.775557561562884725E-14, 0.000000000000000000, 1.000000000000000000 ) ) ;
#9595 = ORIENTED_EDGE ( 'NONE', *, *, #2874, .T. ) ;
#9596 = EDGE_CURVE ( 'NONE', #9080, #6265, #6018, .T. ) ;
#9597 = ORIENTED_EDGE ( 'NONE', *, *, #8790, .T. ) ;
#9598 = CYLINDRICAL_SURFACE ( 'NONE', #5406, 0.8500000000000000888 ) ;
#9599 = ORIENTED_EDGE ( 'NONE', *, *, #8479, .T. ) ;
#9600 = ORIENTED_EDGE ( 'NONE', *, *, #1502, .F. ) ;
#9601 = CARTESIAN_POINT ( 'NONE',  ( -34.39005668592174203, 0.2000000000000000111, 2.765000000000000124 ) ) ;
#9602 = CARTESIAN_POINT ( 'NONE',  ( 22.81827201635470459, -1.697056274847719815, -10.08172798364529754 ) ) ;
#9603 = VECTOR ( 'NONE', #10385, 1000.000000000000000 ) ;
#9604 = DIRECTION ( 'NONE',  ( -0.000000000000000000, 1.000000000000000000, -0.000000000000000000 ) ) ;
#9605 = LINE ( 'NONE', #2381, #9856 ) ;
#9606 = DIRECTION ( 'NONE',  ( -0.000000000000000000, 0.000000000000000000, 1.000000000000000000 ) ) ;
#9607 = DIRECTION ( 'NONE',  ( 0.5000000000000003331, 0.000000000000000000, 0.8660254037844385966 ) ) ;
#9608 = VECTOR ( 'NONE', #1775, 1000.000000000000000 ) ;
#9609 = DIRECTION ( 'NONE',  ( 1.000000000000000000, 0.000000000000000000, -0.000000000000000000 ) ) ;
#9610 = VERTEX_POINT ( 'NONE', #8833 ) ;
#9611 = CARTESIAN_POINT ( 'NONE',  ( -53.20100000000002183, 11.35000000000000142, -1.700000000000000178 ) ) ;
#9612 = FACE_OUTER_BOUND ( 'NONE', #10353, .T. ) ;
#9613 = FACE_OUTER_BOUND ( 'NONE', #8494, .T. ) ;
#9614 = EDGE_LOOP ( 'NONE', ( #4276, #1493, #7102, #8815 ) ) ;
#9615 = DIRECTION ( 'NONE',  ( 0.000000000000000000, 1.000000000000000000, -0.000000000000000000 ) ) ;
#9616 = ADVANCED_FACE ( 'NONE', ( #7182 ), #1379, .T. ) ;
#9617 = AXIS2_PLACEMENT_3D ( 'NONE', #7315, #9694, #9745 ) ;
#9618 = AXIS2_PLACEMENT_3D ( 'NONE', #8766, #730, #6428 ) ;
#9619 = VERTEX_POINT ( 'NONE', #577 ) ;
#9620 = LINE ( 'NONE', #2344, #10269 ) ;
#9621 = CARTESIAN_POINT ( 'NONE',  ( -52.25000000000002132, 9.875309376387376048, -3.137817860687481364 ) ) ;
#9622 = LINE ( 'NONE', #8627, #8099 ) ;
#9623 = ORIENTED_EDGE ( 'NONE', *, *, #10347, .F. ) ;
#9624 = ORIENTED_EDGE ( 'NONE', *, *, #1333, .T. ) ;
#9625 = EDGE_CURVE ( 'NONE', #3988, #37, #6326, .T. ) ;
#9626 = DIRECTION ( 'NONE',  ( 0.000000000000000000, 1.000000000000000000, 0.000000000000000000 ) ) ;
#9627 = EDGE_CURVE ( 'NONE', #1357, #2929, #4002, .T. ) ;
#9628 = ORIENTED_EDGE ( 'NONE', *, *, #3218, .T. ) ;
#9629 = EDGE_CURVE ( 'NONE', #2954, #7234, #8724, .T. ) ;
#9630 = AXIS2_PLACEMENT_3D ( 'NONE', #115, #8040, #9680 ) ;
#9631 = AXIS2_PLACEMENT_3D ( 'NONE', #7837, #2985, #8689 ) ;
#9632 = LINE ( 'NONE', #6292, #4580 ) ;
#9633 = VECTOR ( 'NONE', #5329, 1000.000000000000000 ) ;
#9634 = DIRECTION ( 'NONE',  ( -0.000000000000000000, -1.000000000000000000, -0.000000000000000000 ) ) ;
#9635 = CARTESIAN_POINT ( 'NONE',  ( -20.00000000000001066, 17.60000000000000142, 13.55000000000000604 ) ) ;
#9636 = DIRECTION ( 'NONE',  ( 1.000000000000000000, 0.000000000000000000, 0.000000000000000000 ) ) ;
#9637 = DIRECTION ( 'NONE',  ( 0.000000000000000000, 0.000000000000000000, 1.000000000000000000 ) ) ;
#9638 = VECTOR ( 'NONE', #5740, 1000.000000000000000 ) ;
#9639 = DIRECTION ( 'NONE',  ( -1.000000000000000000, 0.000000000000000000, -2.668805347656624115E-15 ) ) ;
#9640 = CARTESIAN_POINT ( 'NONE',  ( 37.45000000000000284, 1.000000000000000000, 8.349999999999997868 ) ) ;
#9641 = VERTEX_POINT ( 'NONE', #9099 ) ;
#9642 = ORIENTED_EDGE ( 'NONE', *, *, #8191, .F. ) ;
#9643 = VECTOR ( 'NONE', #4491, 1000.000000000000000 ) ;
#9644 = FACE_BOUND ( 'NONE', #1384, .T. ) ;
#9645 = EDGE_LOOP ( 'NONE', ( #7578, #1459, #150, #10168, #8331, #1288 ) ) ;
#9646 = CIRCLE ( 'NONE', #5246, 8.000000000000000000 ) ;
#9647 = DIRECTION ( 'NONE',  ( -0.000000000000000000, 1.000000000000000000, -0.000000000000000000 ) ) ;
#9648 = DIRECTION ( 'NONE',  ( -0.000000000000000000, 1.000000000000000000, -0.000000000000000000 ) ) ;
#9649 = ADVANCED_FACE ( 'NONE', ( #6539, #5868 ), #1862, .T. ) ;
#9650 = AXIS2_PLACEMENT_3D ( 'NONE', #8916, #7974, #2323 ) ;
#9651 = DIRECTION ( 'NONE',  ( 0.000000000000000000, 0.000000000000000000, 1.000000000000000000 ) ) ;
#9652 = ORIENTED_EDGE ( 'NONE', *, *, #5375, .T. ) ;
#9653 = FACE_OUTER_BOUND ( 'NONE', #3723, .T. ) ;
#9654 = ADVANCED_FACE ( 'NONE', ( #2499 ), #8995, .T. ) ;
#9655 = VERTEX_POINT ( 'NONE', #7556 ) ;
#9656 = VERTEX_POINT ( 'NONE', #7509 ) ;
#9657 = EDGE_CURVE ( 'NONE', #7318, #2203, #9942, .T. ) ;
#9658 = DIRECTION ( 'NONE',  ( -1.000000000000000000, -1.758281308145593320E-15, 0.000000000000000000 ) ) ;
#9659 = ORIENTED_EDGE ( 'NONE', *, *, #4595, .T. ) ;
#9660 = ORIENTED_EDGE ( 'NONE', *, *, #3230, .T. ) ;
#9661 = CARTESIAN_POINT ( 'NONE',  ( 20.65000000000000213, 5.400000000000000355, 0.000000000000000000 ) ) ;
#9662 = EDGE_CURVE ( 'NONE', #673, #4250, #9782, .T. ) ;
#9663 = CIRCLE ( 'NONE', #1858, 0.8500000000000000888 ) ;
#9664 = CARTESIAN_POINT ( 'NONE',  ( -25.50000000000001066, 13.30000000000000071, -13.55000000000000249 ) ) ;
#9665 = CARTESIAN_POINT ( 'NONE',  ( 31.39999999999997726, 0.000000000000000000, -7.530492254602830116 ) ) ;
#9666 = PRODUCT ( '5_\X2\58f34f53\X0\', '5_\X2\58f34f53\X0\', '', ( #5446 ) ) ;
#9667 = DIRECTION ( 'NONE',  ( 0.000000000000000000, 1.000000000000000000, 0.000000000000000000 ) ) ;
#9668 = CARTESIAN_POINT ( 'NONE',  ( -34.34233853611036835, 0.1265113557324328841, -2.778990808926776079 ) ) ;
#9669 = DIRECTION ( 'NONE',  ( 0.000000000000000000, 1.000000000000000000, 0.000000000000000000 ) ) ;
#9670 = ORIENTED_EDGE ( 'NONE', *, *, #4667, .F. ) ;
#9671 = AXIS2_PLACEMENT_3D ( 'NONE', #9311, #3066, #1474 ) ;
#9672 = DIRECTION ( 'NONE',  ( 0.000000000000000000, -2.891205793294679312E-16, 1.000000000000000000 ) ) ;
#9673 =( BOUNDED_CURVE ( )  B_SPLINE_CURVE ( 3, ( #3373, #10435, #129, #704 ),
 .UNSPECIFIED., .F., .F. ) 
 B_SPLINE_CURVE_WITH_KNOTS ( ( 4, 4 ),
 ( 3.168137486254775315, 4.712388980384687898 ),
 .UNSPECIFIED. ) 
 CURVE ( )  GEOMETRIC_REPRESENTATION_ITEM ( )  RATIONAL_B_SPLINE_CURVE ( ( 1.000000000000000000, 0.8109528274920966284, 0.8109528274920966284, 1.000000000000000000 ) ) 
 REPRESENTATION_ITEM ( '' )  );
#9674 = DIRECTION ( 'NONE',  ( -0.000000000000000000, -1.000000000000000000, 0.000000000000000000 ) ) ;
#9675 = DIRECTION ( 'NONE',  ( -0.000000000000000000, -1.000000000000000000, -0.000000000000000000 ) ) ;
#9676 = ORIENTED_EDGE ( 'NONE', *, *, #2873, .F. ) ;
#9677 = LINE ( 'NONE', #3186, #3522 ) ;
#9678 = ORIENTED_EDGE ( 'NONE', *, *, #3410, .F. ) ;
#9679 = CARTESIAN_POINT ( 'NONE',  ( -52.25000000000002132, 6.924687654520286451, -3.137801170208958990 ) ) ;
#9680 = DIRECTION ( 'NONE',  ( 0.000000000000000000, 0.000000000000000000, 1.000000000000000000 ) ) ;
#9681 = DIRECTION ( 'NONE',  ( -1.000000000000000000, -0.000000000000000000, -0.000000000000000000 ) ) ;
#9682 = ORIENTED_EDGE ( 'NONE', *, *, #2415, .T. ) ;
#9683 = ORIENTED_EDGE ( 'NONE', *, *, #744, .F. ) ;
#9684 = CARTESIAN_POINT ( 'NONE',  ( -20.00000000000000355, 13.30000000000000071, -12.25000000000000178 ) ) ;
#9685 = VERTEX_POINT ( 'NONE', #5064 ) ;
#9686 = FACE_OUTER_BOUND ( 'NONE', #742, .T. ) ;
#9687 = EDGE_CURVE ( 'NONE', #4993, #3669, #9847, .T. ) ;
#9688 = DIRECTION ( 'NONE',  ( 0.000000000000000000, 1.000000000000000000, 0.000000000000000000 ) ) ;
#9689 = CARTESIAN_POINT ( 'NONE',  ( -19.99999999999993960, 13.30000000000000071, -1.067522139062646364E-13 ) ) ;
#9690 = CARTESIAN_POINT ( 'NONE',  ( 8.980079849446704898, 0.2999999999999999889, -15.55395455526719672 ) ) ;
#9691 = CARTESIAN_POINT ( 'NONE',  ( -52.20411386731401393, 8.952356651949251898, 4.174609651987039705 ) ) ;
#9692 = LINE ( 'NONE', #3375, #578 ) ;
#9693 = ADVANCED_FACE ( 'NONE', ( #2662 ), #6603, .F. ) ;
#9694 = DIRECTION ( 'NONE',  ( -0.000000000000000000, 1.000000000000000000, -0.000000000000000000 ) ) ;
#9695 = DIRECTION ( 'NONE',  ( -1.000000000000000000, 0.000000000000000000, 0.000000000000000000 ) ) ;
#9696 = ORIENTED_EDGE ( 'NONE', *, *, #7785, .T. ) ;
#9697 = ORIENTED_EDGE ( 'NONE', *, *, #8246, .T. ) ;
#9698 = CARTESIAN_POINT ( 'NONE',  ( -39.76146882909598901, 0.000000000000000000, 3.415000000000000036 ) ) ;
#9699 = ORIENTED_EDGE ( 'NONE', *, *, #2241, .T. ) ;
#9700 = ADVANCED_FACE ( 'NONE', ( #958 ), #8356, .F. ) ;
#9701 = FACE_OUTER_BOUND ( 'NONE', #7993, .T. ) ;
#9702 = CARTESIAN_POINT ( 'NONE',  ( 30.95000000000000284, 1.000000000000000000, -2.350000000000003197 ) ) ;
#9703 = CARTESIAN_POINT ( 'NONE',  ( -29.83999999999999986, 0.5000000000000004441, 10.24999999999999822 ) ) ;
#9704 = ORIENTED_EDGE ( 'NONE', *, *, #8407, .F. ) ;
#9705 = CARTESIAN_POINT ( 'NONE',  ( -20.00000000000001066, 9.000000000000001776, -12.25000000000000000 ) ) ;
#9706 = ORIENTED_EDGE ( 'NONE', *, *, #3771, .F. ) ;
#9707 = ORIENTED_EDGE ( 'NONE', *, *, #3932, .F. ) ;
#9708 = LINE ( 'NONE', #8070, #3366 ) ;
#9709 = EDGE_CURVE ( 'NONE', #2319, #1887, #4317, .T. ) ;
#9710 = ORIENTED_EDGE ( 'NONE', *, *, #6098, .T. ) ;
#9711 = ORIENTED_EDGE ( 'NONE', *, *, #7183, .T. ) ;
#9712 = LINE ( 'NONE', #9661, #6097 ) ;
#9713 = CARTESIAN_POINT ( 'NONE',  ( 30.95000000000000284, 1.000000000000000000, 6.650000000000010125 ) ) ;
#9714 = ADVANCED_FACE ( 'NONE', ( #1645 ), #6704, .T. ) ;
#9715 = DIRECTION ( 'NONE',  ( -1.000000000000000000, 0.000000000000000000, 0.000000000000000000 ) ) ;
#9716 = CARTESIAN_POINT ( 'NONE',  ( 53.85232526704263023, 1.000000000000000000, -7.250000000000000000 ) ) ;
#9717 = FACE_OUTER_BOUND ( 'NONE', #8860, .T. ) ;
#9718 = DIRECTION ( 'NONE',  ( 0.000000000000000000, 1.000000000000000000, 0.000000000000000000 ) ) ;
#9719 = CIRCLE ( 'NONE', #7007, 0.7999999999999997113 ) ;
#9720 = ORIENTED_EDGE ( 'NONE', *, *, #7814, .F. ) ;
#9721 = CARTESIAN_POINT ( 'NONE',  ( -52.33851692808962497, 8.185661063988368014, 4.211638720451235329 ) ) ;
#9722 = EDGE_CURVE ( 'NONE', #7800, #4353, #6574, .T. ) ;
#9723 = DIRECTION ( 'NONE',  ( -0.000000000000000000, 1.000000000000000000, -0.000000000000000000 ) ) ;
#9724 = CARTESIAN_POINT ( 'NONE',  ( 31.39999999999997726, 0.2999999999999999889, 0.000000000000000000 ) ) ;
#9725 = ORIENTED_EDGE ( 'NONE', *, *, #741, .T. ) ;
#9726 = CIRCLE ( 'NONE', #10062, 0.2888330770816419091 ) ;
#9727 = DIRECTION ( 'NONE',  ( 0.000000000000000000, 1.000000000000000000, -0.000000000000000000 ) ) ;
#9728 = EDGE_CURVE ( 'NONE', #4109, #3632, #4957, .T. ) ;
#9729 = ORIENTED_EDGE ( 'NONE', *, *, #159, .F. ) ;
#9730 = DIRECTION ( 'NONE',  ( 0.000000000000000000, 0.000000000000000000, 1.000000000000000000 ) ) ;
#9731 = CARTESIAN_POINT ( 'NONE',  ( -8.947521086617219380E-16, 16.60000000000000142, 12.25000000000000355 ) ) ;
#9732 = DIRECTION ( 'NONE',  ( -0.000000000000000000, 1.000000000000000000, -0.000000000000000000 ) ) ;
#9733 = ORIENTED_EDGE ( 'NONE', *, *, #9831, .T. ) ;
#9734 = VECTOR ( 'NONE', #645, 1000.000000000000000 ) ;
#9735 = ORIENTED_EDGE ( 'NONE', *, *, #10081, .F. ) ;
#9736 = EDGE_CURVE ( 'NONE', #928, #8697, #907, .T. ) ;
#9737 = LINE ( 'NONE', #4224, #7190 ) ;
#9738 = VERTEX_POINT ( 'NONE', #111 ) ;
#9739 = CYLINDRICAL_SURFACE ( 'NONE', #2947, 0.2888330770816384119 ) ;
#9740 = CARTESIAN_POINT ( 'NONE',  ( 3.099999999999991651, 13.30000000000000071, -13.45000000000019114 ) ) ;
#9741 = CARTESIAN_POINT ( 'NONE',  ( -52.45000000000000995, 6.899999999999998579, 2.925000000000021583 ) ) ;
#9742 = DIRECTION ( 'NONE',  ( 0.000000000000000000, 0.000000000000000000, 1.000000000000000000 ) ) ;
#9743 = VECTOR ( 'NONE', #8519, 1000.000000000000000 ) ;
#9744 = DIRECTION ( 'NONE',  ( 0.000000000000000000, 0.000000000000000000, 1.000000000000000000 ) ) ;
#9745 = DIRECTION ( 'NONE',  ( 0.000000000000000000, 0.000000000000000000, 1.000000000000000000 ) ) ;
#9746 = CARTESIAN_POINT ( 'NONE',  ( -20.00000000000001066, 15.19999999999999929, -11.75000000000000355 ) ) ;
#9747 = ORIENTED_EDGE ( 'NONE', *, *, #3779, .T. ) ;
#9748 = EDGE_LOOP ( 'NONE', ( #7418, #8540, #9893, #238 ) ) ;
#9749 = CARTESIAN_POINT ( 'NONE',  ( -35.50000000000001421, 8.000000000000000000, 12.25000000000000178 ) ) ;
#9750 = UNCERTAINTY_MEASURE_WITH_UNIT (LENGTH_MEASURE( 1.000000000000000082E-05 ), #2626, 'distance_accuracy_value', 'NONE');
#9751 = ORIENTED_EDGE ( 'NONE', *, *, #3932, .T. ) ;
#9752 = PLANE ( 'NONE',  #333 ) ;
#9753 = CARTESIAN_POINT ( 'NONE',  ( -29.84000000000000341, 6.296018041280833089, 3.064999999999999947 ) ) ;
#9754 = DIRECTION ( 'NONE',  ( -1.000000000000000000, 0.000000000000000000, 0.000000000000000000 ) ) ;
#9755 = EDGE_CURVE ( 'NONE', #1558, #6685, #7766, .T. ) ;
#9756 = ORIENTED_EDGE ( 'NONE', *, *, #6219, .T. ) ;
#9757 = AXIS2_PLACEMENT_3D ( 'NONE', #2986, #543, #3789 ) ;
#9758 = CYLINDRICAL_SURFACE ( 'NONE', #3338, 0.1999999999999987899 ) ;
#9759 = ORIENTED_EDGE ( 'NONE', *, *, #2167, .F. ) ;
#9760 = EDGE_LOOP ( 'NONE', ( #5394, #1168, #376, #10025 ) ) ;
#9761 = DIRECTION ( 'NONE',  ( -0.000000000000000000, 1.000000000000000000, -0.000000000000000000 ) ) ;
#9762 = ORIENTED_EDGE ( 'NONE', *, *, #10523, .F. ) ;
#9763 = EDGE_LOOP ( 'NONE', ( #7493, #7786 ) ) ;
#9764 = CARTESIAN_POINT ( 'NONE',  ( 30.95000000000000284, 0.2999999999999999889, -2.350000000000003197 ) ) ;
#9765 = EDGE_CURVE ( 'NONE', #5347, #10125, #2674, .T. ) ;
#9766 = ADVANCED_FACE ( 'NONE', ( #3415 ), #6653, .F. ) ;
#9767 = CARTESIAN_POINT ( 'NONE',  ( -52.20536001237450563, 8.981699705010363743, 4.161567919110606084 ) ) ;
#9768 = AXIS2_PLACEMENT_3D ( 'NONE', #2825, #9211, #4434 ) ;
#9769 = LINE ( 'NONE', #7224, #7811 ) ;
#9770 = EDGE_CURVE ( 'NONE', #325, #7013, #3461, .T. ) ;
#9771 = CARTESIAN_POINT ( 'NONE',  ( -20.00000000000001066, 16.60000000000000142, 2.352167425053299574E-15 ) ) ;
#9772 = DIRECTION ( 'NONE',  ( -1.000000000000000000, -0.000000000000000000, -0.000000000000000000 ) ) ;
#9773 = ORIENTED_EDGE ( 'NONE', *, *, #5909, .T. ) ;
#9774 = ORIENTED_EDGE ( 'NONE', *, *, #9054, .T. ) ;
#9775 = CARTESIAN_POINT ( 'NONE',  ( 3.099999999999990763, 13.30000000000000071, -13.35000000000019149 ) ) ;
#9776 = VECTOR ( 'NONE', #9840, 1000.000000000000000 ) ;
#9777 = CARTESIAN_POINT ( 'NONE',  ( 0.5999999999999912070, 15.10000000000000142, 13.55000000000000071 ) ) ;
#9778 = ADVANCED_FACE ( 'NONE', ( #2020 ), #9353, .T. ) ;
#9779 = CARTESIAN_POINT ( 'NONE',  ( 43.25000000000000711, 7.000000000000000000, -1.984313483298447922 ) ) ;
#9780 = ORIENTED_EDGE ( 'NONE', *, *, #7655, .T. ) ;
#9781 = STYLED_ITEM ( 'NONE', ( #3379 ), #5816 ) ;
#9782 = LINE ( 'NONE', #7345, #2835 ) ;
#9783 = EDGE_CURVE ( 'NONE', #2849, #5168, #9399, .T. ) ;
#9784 = ORIENTED_EDGE ( 'NONE', *, *, #10323, .F. ) ;
#9785 = DIRECTION ( 'NONE',  ( -1.000000000000000000, 6.193764225599474254E-15, 0.000000000000000000 ) ) ;
#9786 = LINE ( 'NONE', #8157, #2169 ) ;
#9787 = EDGE_CURVE ( 'NONE', #6637, #2613, #2217, .T. ) ;
#9788 = DIRECTION ( 'NONE',  ( 0.000000000000000000, 0.000000000000000000, -1.000000000000000000 ) ) ;
#9789 = VERTEX_POINT ( 'NONE', #7611 ) ;
#9790 = VERTEX_POINT ( 'NONE', #422 ) ;
#9791 = AXIS2_PLACEMENT_3D ( 'NONE', #5471, #6261, #8067 ) ;
#9792 = EDGE_CURVE ( 'NONE', #6636, #191, #3569, .T. ) ;
#9793 = FACE_OUTER_BOUND ( 'NONE', #252, .T. ) ;
#9794 = AXIS2_PLACEMENT_3D ( 'NONE', #59, #2566, #4795 ) ;
#9795 = ORIENTED_EDGE ( 'NONE', *, *, #4507, .F. ) ;
#9796 = CARTESIAN_POINT ( 'NONE',  ( -22.80000000000001492, 13.30000000000000071, 13.55000000000000249 ) ) ;
#9797 = ADVANCED_FACE ( 'NONE', ( #7666 ), #10149, .T. ) ;
#9798 = VECTOR ( 'NONE', #3080, 1000.000000000000000 ) ;
#9799 = CARTESIAN_POINT ( 'NONE',  ( 38.67508438243870472, 1.789568859311522647E-15, -7.407147389567374951 ) ) ;
#9800 = VECTOR ( 'NONE', #1294, 1000.000000000000000 ) ;
#9801 = CIRCLE ( 'NONE', #620, 0.8500000000000000888 ) ;
#9802 = DIRECTION ( 'NONE',  ( 0.000000000000000000, 1.000000000000000000, -0.000000000000000000 ) ) ;
#9803 = FACE_OUTER_BOUND ( 'NONE', #4828, .T. ) ;
#9804 = CARTESIAN_POINT ( 'NONE',  ( -52.26328285338891533, 8.926742530112642626, 4.118260431646063147 ) ) ;
#9805 = CARTESIAN_POINT ( 'NONE',  ( -51.95000000000000995, 10.30000000000000071, 2.449999999999999289 ) ) ;
#9806 = DIRECTION ( 'NONE',  ( 1.000000000000000000, 0.000000000000000000, 0.000000000000000000 ) ) ;
#9807 = CARTESIAN_POINT ( 'NONE',  ( 25.87048837293184889, 0.2077789836488307951, -0.2703496250801845080 ) ) ;
#9808 = ORIENTED_EDGE ( 'NONE', *, *, #10521, .T. ) ;
#9809 = VERTEX_POINT ( 'NONE', #2717 ) ;
#9810 = CARTESIAN_POINT ( 'NONE',  ( 8.380079849446763873, 0.2999999999999999889, -14.51472407072590443 ) ) ;
#9811 = VECTOR ( 'NONE', #4824, 1000.000000000000000 ) ;
#9812 = ORIENTED_EDGE ( 'NONE', *, *, #1984, .T. ) ;
#9813 = AXIS2_PLACEMENT_3D ( 'NONE', #7236, #9727, #7074 ) ;
#9814 = CARTESIAN_POINT ( 'NONE',  ( 1.036764281119435083, 15.10000000000000142, 14.75000000000000178 ) ) ;
#9815 = VECTOR ( 'NONE', #9723, 1000.000000000000000 ) ;
#9816 = CARTESIAN_POINT ( 'NONE',  ( 0.000000000000000000, 0.000000000000000000, -9.049999999999998934 ) ) ;
#9817 = CARTESIAN_POINT ( 'NONE',  ( -52.40568058483292901, 7.315219914338405793, 3.641416195902962283 ) ) ;
#9818 = AXIS2_PLACEMENT_3D ( 'NONE', #8542, #1302, #5260 ) ;
#9819 = AXIS2_PLACEMENT_3D ( 'NONE', #4447, #6943, #6889 ) ;
#9820 = CARTESIAN_POINT ( 'NONE',  ( -31.45678631915142631, 0.2827931057192691333, -8.849999999999997868 ) ) ;
#9821 = ORIENTED_EDGE ( 'NONE', *, *, #5776, .F. ) ;
#9822 = LINE ( 'NONE', #5800, #2154 ) ;
#9823 = ORIENTED_EDGE ( 'NONE', *, *, #6718, .F. ) ;
#9824 = ORIENTED_EDGE ( 'NONE', *, *, #5844, .F. ) ;
#9825 = VECTOR ( 'NONE', #6362, 1000.000000000000000 ) ;
#9826 = DIRECTION ( 'NONE',  ( 0.000000000000000000, 0.000000000000000000, 1.000000000000000000 ) ) ;
#9827 = ORIENTED_EDGE ( 'NONE', *, *, #1592, .F. ) ;
#9828 = ORIENTED_EDGE ( 'NONE', *, *, #3914, .F. ) ;
#9829 = DIRECTION ( 'NONE',  ( -0.000000000000000000, -0.000000000000000000, 1.000000000000000000 ) ) ;
#9830 = AXIS2_PLACEMENT_3D ( 'NONE', #4536, #5240, #6779 ) ;
#9831 = EDGE_CURVE ( 'NONE', #8743, #7013, #1832, .T. ) ;
#9832 = CARTESIAN_POINT ( 'NONE',  ( -51.95000002018760199, 7.257062783563016595, 3.986874153505306051 ) ) ;
#9833 = AXIS2_PLACEMENT_3D ( 'NONE', #1211, #9284, #10283 ) ;
#9834 = LINE ( 'NONE', #680, #678 ) ;
#9835 = PLANE ( 'NONE',  #2685 ) ;
#9836 = CARTESIAN_POINT ( 'NONE',  ( 0.000000000000000000, 0.000000000000000000, 3.415000000000000036 ) ) ;
#9837 = ADVANCED_FACE ( 'NONE', ( #3662 ), #4033, .T. ) ;
#9838 = EDGE_LOOP ( 'NONE', ( #2086, #1150, #2857, #5516 ) ) ;
#9839 = ORIENTED_EDGE ( 'NONE', *, *, #323, .T. ) ;
#9840 = DIRECTION ( 'NONE',  ( 0.000000000000000000, -0.000000000000000000, 1.000000000000000000 ) ) ;
#9841 = EDGE_CURVE ( 'NONE', #7882, #5544, #6017, .T. ) ;
#9842 = CARTESIAN_POINT ( 'NONE',  ( -23.23676428111944148, 13.30000000000000071, 14.75000000000000355 ) ) ;
#9843 = VECTOR ( 'NONE', #4815, 1000.000000000000000 ) ;
#9844 = CARTESIAN_POINT ( 'NONE',  ( -52.40568058483292901, 7.315219914338493723, -3.641416195903034225 ) ) ;
#9845 = ORIENTED_EDGE ( 'NONE', *, *, #10268, .T. ) ;
#9846 = AXIS2_PLACEMENT_3D ( 'NONE', #124, #9058, #3472 ) ;
#9847 = LINE ( 'NONE', #5918, #5564 ) ;
#9848 = VERTEX_POINT ( 'NONE', #3613 ) ;
#9849 = CARTESIAN_POINT ( 'NONE',  ( 20.66000000000000369, 8.000000000000000000, -3.496525562310325940E-15 ) ) ;
#9850 = LINE ( 'NONE', #7348, #4040 ) ;
#9851 = CARTESIAN_POINT ( 'NONE',  ( 47.49999999999999289, 3.000000000000000000, 10.35000000000000142 ) ) ;
#9852 = ORIENTED_EDGE ( 'NONE', *, *, #947, .F. ) ;
#9853 = DIRECTION ( 'NONE',  ( 0.000000000000000000, 1.000000000000000000, 0.000000000000000000 ) ) ;
#9854 = ORIENTED_EDGE ( 'NONE', *, *, #9060, .T. ) ;
#9855 = CARTESIAN_POINT ( 'NONE',  ( 52.75100000000002609, 7.099999999999998757, 2.924999999999975842 ) ) ;
#9856 = VECTOR ( 'NONE', #2326, 1000.000000000000000 ) ;
#9857 = DIRECTION ( 'NONE',  ( 0.000000000000000000, 1.000000000000000000, -0.000000000000000000 ) ) ;
#9858 = EDGE_CURVE ( 'NONE', #4204, #2684, #8406, .T. ) ;
#9859 = CARTESIAN_POINT ( 'NONE',  ( -52.25000000000001421, 9.897368276523906161, 3.013815789473676787 ) ) ;
#9860 = ADVANCED_FACE ( 'NONE', ( #2808 ), #6070, .T. ) ;
#9861 = FACE_OUTER_BOUND ( 'NONE', #4509, .T. ) ;
#9862 = CARTESIAN_POINT ( 'NONE',  ( -52.38125719838258476, 7.432890003654481603, 3.819589400665901913 ) ) ;
#9863 = CARTESIAN_POINT ( 'NONE',  ( 51.95000000000000284, 11.34999999999999964, 3.299999999999999378 ) ) ;
#9864 = CARTESIAN_POINT ( 'NONE',  ( 26.60921413079555364, 0.2077789836488297681, 1.009160920399571726 ) ) ;
#9865 = LINE ( 'NONE', #7680, #5211 ) ;
#9866 = ORIENTED_EDGE ( 'NONE', *, *, #3263, .F. ) ;
#9867 = ORIENTED_EDGE ( 'NONE', *, *, #1002, .F. ) ;
#9868 = EDGE_CURVE ( 'NONE', #4579, #2261, #2070, .T. ) ;
#9869 = CARTESIAN_POINT ( 'NONE',  ( 0.000000000000000000, 6.500000000000000888, 0.000000000000000000 ) ) ;
#9870 = ORIENTED_EDGE ( 'NONE', *, *, #7121, .T. ) ;
#9871 = CARTESIAN_POINT ( 'NONE',  ( -39.76146882909598901, 0.000000000000000000, -2.965000000000000302 ) ) ;
#9872 = DIRECTION ( 'NONE',  ( -0.000000000000000000, 1.000000000000000000, -0.000000000000000000 ) ) ;
#9873 = CARTESIAN_POINT ( 'NONE',  ( 41.25000000000000711, 5.500000000000000000, 12.25000000000000178 ) ) ;
#9874 = LINE ( 'NONE', #8179, #9097 ) ;
#9875 = ORIENTED_EDGE ( 'NONE', *, *, #9402, .T. ) ;
#9876 = CARTESIAN_POINT ( 'NONE',  ( 30.43292408117196501, 5.717472393966525748E-18, 6.868693016353961234 ) ) ;
#9877 = ORIENTED_EDGE ( 'NONE', *, *, #372, .T. ) ;
#9878 = ORIENTED_EDGE ( 'NONE', *, *, #686, .T. ) ;
#9879 = CARTESIAN_POINT ( 'NONE',  ( 0.000000000000000000, 13.30000000000000071, -13.55000000000000249 ) ) ;
#9880 = ORIENTED_EDGE ( 'NONE', *, *, #9434, .F. ) ;
#9881 = ORIENTED_EDGE ( 'NONE', *, *, #2741, .F. ) ;
#9882 = LINE ( 'NONE', #258, #6425 ) ;
#9883 = EDGE_CURVE ( 'NONE', #5687, #4746, #8290, .T. ) ;
#9884 = CARTESIAN_POINT ( 'NONE',  ( -52.21659773288744333, 7.335849566190821847, 3.844379067123562699 ) ) ;
#9885 = DIRECTION ( 'NONE',  ( -0.000000000000000000, -0.000000000000000000, 1.000000000000000000 ) ) ;
#9886 = DIRECTION ( 'NONE',  ( -0.000000000000000000, 1.000000000000000000, -0.000000000000000000 ) ) ;
#9887 = ORIENTED_EDGE ( 'NONE', *, *, #5036, .F. ) ;
#9888 = ORIENTED_EDGE ( 'NONE', *, *, #2195, .T. ) ;
#9889 = DIRECTION ( 'NONE',  ( -0.000000000000000000, -1.000000000000000000, -0.000000000000000000 ) ) ;
#9890 = CARTESIAN_POINT ( 'NONE',  ( -30.14000000000000057, 5.995909431799613998, 2.765000000000000124 ) ) ;
#9891 = DIRECTION ( 'NONE',  ( 0.8660254037844384856, 0.000000000000000000, -0.5000000000000002220 ) ) ;
#9892 = CARTESIAN_POINT ( 'NONE',  ( -47.50000000000000711, 16.60000000000000142, 9.500000000000001776 ) ) ;
#9893 = ORIENTED_EDGE ( 'NONE', *, *, #887, .T. ) ;
#9894 = DIRECTION ( 'NONE',  ( -0.3420201433256696566, -0.000000000000000000, 0.9396926207859080948 ) ) ;
#9895 = ADVANCED_FACE ( 'NONE', ( #8559 ), #7762, .T. ) ;
#9896 = LINE ( 'NONE', #7006, #5229 ) ;
#9897 = FACE_BOUND ( 'NONE', #1044, .T. ) ;
#9898 = ORIENTED_EDGE ( 'NONE', *, *, #10523, .T. ) ;
#9899 = LINE ( 'NONE', #8161, #8391 ) ;
#9900 = ORIENTED_EDGE ( 'NONE', *, *, #686, .F. ) ;
#9901 = DIRECTION ( 'NONE',  ( -0.7071067811865442421, 0.000000000000000000, -0.7071067811865509034 ) ) ;
#9902 = AXIS2_PLACEMENT_3D ( 'NONE', #2782, #1242, #5244 ) ;
#9903 = EDGE_CURVE ( 'NONE', #4403, #2314, #10199, .T. ) ;
#9904 = DIRECTION ( 'NONE',  ( 0.000000000000000000, 0.000000000000000000, -1.000000000000000000 ) ) ;
#9905 = CARTESIAN_POINT ( 'NONE',  ( -8.000000000000008882, 11.00000000000000178, -14.45000000000000107 ) ) ;
#9906 = CARTESIAN_POINT ( 'NONE',  ( -39.55229126436578468, 0.1679080823531936273, -8.849999999999997868 ) ) ;
#9907 = CARTESIAN_POINT ( 'NONE',  ( -20.00000000000001066, 9.000000000000001776, 13.55000000000000604 ) ) ;
#9908 = CARTESIAN_POINT ( 'NONE',  ( 43.49999999999999289, 7.000000000000000000, 0.000000000000000000 ) ) ;
#9909 = CARTESIAN_POINT ( 'NONE',  ( -52.20475899798739761, 8.629673580879883232, -4.274804758350633449 ) ) ;
#9910 = ORIENTED_EDGE ( 'NONE', *, *, #3022, .F. ) ;
#9911 = ORIENTED_EDGE ( 'NONE', *, *, #3559, .T. ) ;
#9912 = CARTESIAN_POINT ( 'NONE',  ( -50.25000000000000711, 16.60000000000000142, -9.499999999999982236 ) ) ;
#9913 = VERTEX_POINT ( 'NONE', #4726 ) ;
#9914 = DIRECTION ( 'NONE',  ( -9.251858538542969067E-15, 0.000000000000000000, 1.000000000000000000 ) ) ;
#9915 = EDGE_CURVE ( 'NONE', #4619, #2708, #9456, .T. ) ;
#9916 = AXIS2_PLACEMENT_3D ( 'NONE', #5431, #3011, #7759 ) ;
#9917 = DIRECTION ( 'NONE',  ( 0.000000000000000000, 1.000000000000000000, -0.000000000000000000 ) ) ;
#9918 = DIRECTION ( 'NONE',  ( -0.000000000000000000, -0.000000000000000000, 1.000000000000000000 ) ) ;
#9919 = DIRECTION ( 'NONE',  ( 0.000000000000000000, 0.000000000000000000, -1.000000000000000000 ) ) ;
#9920 = ORIENTED_EDGE ( 'NONE', *, *, #10208, .T. ) ;
#9921 = CARTESIAN_POINT ( 'NONE',  ( -50.25000000000545697, 5.500000000000000000, -6.750000000010913936 ) ) ;
#9922 = ORIENTED_EDGE ( 'NONE', *, *, #5171, .T. ) ;
#9923 = VERTEX_POINT ( 'NONE', #3117 ) ;
#9924 = EDGE_CURVE ( 'NONE', #1207, #1777, #3875, .T. ) ;
#9925 = CARTESIAN_POINT ( 'NONE',  ( -29.84000000000000696, 0.5000000000000004441, -3.064999999999999947 ) ) ;
#9926 = ORIENTED_EDGE ( 'NONE', *, *, #7405, .T. ) ;
#9927 = CIRCLE ( 'NONE', #4490, 0.1999999999999987899 ) ;
#9928 = ORIENTED_EDGE ( 'NONE', *, *, #9121, .F. ) ;
#9929 = FACE_BOUND ( 'NONE', #4979, .T. ) ;
#9930 = CARTESIAN_POINT ( 'NONE',  ( 31.69999999999997797, 0.2531612188914912354, -7.798623679425842781 ) ) ;
#9931 = EDGE_CURVE ( 'NONE', #5239, #10028, #9139, .T. ) ;
#9932 = DIRECTION ( 'NONE',  ( 0.000000000000000000, 0.000000000000000000, -1.000000000000000000 ) ) ;
#9933 = VECTOR ( 'NONE', #5752, 1000.000000000000000 ) ;
#9934 = ADVANCED_FACE ( 'NONE', ( #569 ), #7124, .T. ) ;
#9935 = CARTESIAN_POINT ( 'NONE',  ( -39.58434658500975445, 0.1071145293931473896, -3.592122244086235483 ) ) ;
#9936 = ORIENTED_EDGE ( 'NONE', *, *, #9657, .T. ) ;
#9937 = ORIENTED_EDGE ( 'NONE', *, *, #1860, .F. ) ;
#9938 = DIRECTION ( 'NONE',  ( 0.000000000000000000, 0.000000000000000000, 1.000000000000000000 ) ) ;
#9939 = DIRECTION ( 'NONE',  ( -1.000000000000000000, 0.000000000000000000, 4.476705744456300993E-16 ) ) ;
#9940 = CARTESIAN_POINT ( 'NONE',  ( 23.13039777241907657, 0.000000000000000000, 2.684264693320333350 ) ) ;
#9941 = VECTOR ( 'NONE', #146, 1000.000000000000114 ) ;
#9942 = LINE ( 'NONE', #5118, #7926 ) ;
#9943 = AXIS2_PLACEMENT_3D ( 'NONE', #8218, #5836, #8951 ) ;
#9944 = ORIENTED_EDGE ( 'NONE', *, *, #5098, .F. ) ;
#9945 = DIRECTION ( 'NONE',  ( 0.000000000000000000, 1.000000000000000000, -0.000000000000000000 ) ) ;
#9946 = DIRECTION ( 'NONE',  ( -1.000000000000000000, -0.000000000000000000, -0.000000000000000000 ) ) ;
#9947 = DIRECTION ( 'NONE',  ( -0.000000000000000000, 1.000000000000000000, -0.000000000000000000 ) ) ;
#9948 = ORIENTED_EDGE ( 'NONE', *, *, #2415, .F. ) ;
#9949 = LINE ( 'NONE', #3574, #2770 ) ;
#9950 = ORIENTED_EDGE ( 'NONE', *, *, #4077, .F. ) ;
#9951 = AXIS2_PLACEMENT_3D ( 'NONE', #6647, #213, #9938 ) ;
#9952 = ADVANCED_FACE ( 'NONE', ( #8822 ), #3978, .T. ) ;
#9953 = FACE_OUTER_BOUND ( 'NONE', #4242, .T. ) ;
#9954 = CARTESIAN_POINT ( 'NONE',  ( -2.000000000000008882, 13.30000000000000071, 13.85000000000018971 ) ) ;
#9955 = CARTESIAN_POINT ( 'NONE',  ( -39.56899347744757023, 0.1363911950260414396, -8.857524648351581931 ) ) ;
#9956 = CARTESIAN_POINT ( 'NONE',  ( 30.95000000000000284, 0.5000000000000000000, -2.350000000000003197 ) ) ;
#9957 = CARTESIAN_POINT ( 'NONE',  ( -20.00000000000001066, 13.30000000000000071, 13.55000000000000604 ) ) ;
#9958 = EDGE_CURVE ( 'NONE', #5030, #4517, #6410, .T. ) ;
#9959 = DIRECTION ( 'NONE',  ( -1.000000000000000000, -0.000000000000000000, -0.000000000000000000 ) ) ;
#9960 = CARTESIAN_POINT ( 'NONE',  ( -25.50000000000000711, 13.30000000000000071, 13.55000000000000249 ) ) ;
#9961 = ORIENTED_EDGE ( 'NONE', *, *, #6068, .T. ) ;
#9962 = VERTEX_POINT ( 'NONE', #7978 ) ;
#9963 = CARTESIAN_POINT ( 'NONE',  ( -20.00000000000001066, 16.60001199999999955, -12.25000000000000000 ) ) ;
#9964 = EDGE_CURVE ( 'NONE', #1413, #644, #7861, .T. ) ;
#9965 = ORIENTED_EDGE ( 'NONE', *, *, #2177, .F. ) ;
#9966 = FACE_OUTER_BOUND ( 'NONE', #5801, .T. ) ;
#9967 = VECTOR ( 'NONE', #6242, 1000.000000000000000 ) ;
#9968 = CIRCLE ( 'NONE', #5908, 0.8500000000000000888 ) ;
#9969 = DIRECTION ( 'NONE',  ( -0.000000000000000000, 0.000000000000000000, 1.000000000000000000 ) ) ;
#9970 = CARTESIAN_POINT ( 'NONE',  ( -20.00000000000001066, 17.60000000000000142, -13.55000000000000249 ) ) ;
#9971 = ORIENTED_EDGE ( 'NONE', *, *, #3022, .T. ) ;
#9972 = VECTOR ( 'NONE', #2408, 1000.000000000000000 ) ;
#9973 = CARTESIAN_POINT ( 'NONE',  ( -8.000000000000008882, 13.30000000000000071, 14.45000000000000107 ) ) ;
#9974 = VECTOR ( 'NONE', #4469, 1000.000000000000000 ) ;
#9975 = ORIENTED_EDGE ( 'NONE', *, *, #2094, .F. ) ;
#9976 = ORIENTED_EDGE ( 'NONE', *, *, #2011, .F. ) ;
#9977 = CARTESIAN_POINT ( 'NONE',  ( -30.14000000000000412, 17.60100000000000264, -2.765000000000000124 ) ) ;
#9978 = VERTEX_POINT ( 'NONE', #10302 ) ;
#9979 = VERTEX_POINT ( 'NONE', #2328 ) ;
#9980 = CARTESIAN_POINT ( 'NONE',  ( 43.49999999999999289, 7.000000000000000000, 0.000000000000000000 ) ) ;
#9981 = VECTOR ( 'NONE', #3808, 1000.000000000000000 ) ;
#9982 = FACE_OUTER_BOUND ( 'NONE', #6414, .T. ) ;
#9983 = VECTOR ( 'NONE', #6835, 1000.000000000000000 ) ;
#9984 = ADVANCED_FACE ( 'NONE', ( #4669 ), #5588, .T. ) ;
#9985 = DIRECTION ( 'NONE',  ( 0.000000000000000000, 0.000000000000000000, 1.000000000000000000 ) ) ;
#9986 = EDGE_CURVE ( 'NONE', #4898, #8454, #2219, .T. ) ;
#9987 = AXIS2_PLACEMENT_3D ( 'NONE', #2492, #5760, #2335 ) ;
#9988 = EDGE_CURVE ( 'NONE', #7795, #8034, #8300, .T. ) ;
#9989 = PLANE ( 'NONE',  #9090 ) ;
#9990 = EDGE_LOOP ( 'NONE', ( #4073, #8604, #287, #5848 ) ) ;
#9991 = VERTEX_POINT ( 'NONE', #2171 ) ;
#9992 = VECTOR ( 'NONE', #2794, 1000.000000000000000 ) ;
#9993 = ORIENTED_EDGE ( 'NONE', *, *, #4316, .F. ) ;
#9994 = LINE ( 'NONE', #5275, #2338 ) ;
#9995 = DIRECTION ( 'NONE',  ( 0.000000000000000000, 0.000000000000000000, -1.000000000000000000 ) ) ;
#9996 = VECTOR ( 'NONE', #9395, 1000.000000000000000 ) ;
#9997 = CARTESIAN_POINT ( 'NONE',  ( 47.49999999999999289, 3.000000000000000000, -9.499999999999998224 ) ) ;
#9998 = VERTEX_POINT ( 'NONE', #8026 ) ;
#9999 = AXIS2_PLACEMENT_3D ( 'NONE', #8063, #8749, #28 ) ;
#10000 = CARTESIAN_POINT ( 'NONE',  ( -29.84000000000000696, 0.5000000000000004441, -9.849999999999997868 ) ) ;
#10001 = AXIS2_PLACEMENT_3D ( 'NONE', #9589, #10507, #3217 ) ;
#10002 = CARTESIAN_POINT ( 'NONE',  ( -52.25000000000001421, 6.902631723476092773, 3.013815789473678564 ) ) ;
#10003 = ORIENTED_EDGE ( 'NONE', *, *, #6191, .T. ) ;
#10004 = LINE ( 'NONE', #10204, #3796 ) ;
#10005 = ORIENTED_EDGE ( 'NONE', *, *, #5171, .F. ) ;
#10006 = CIRCLE ( 'NONE', #10173, 0.1999999999999987899 ) ;
#10007 = FACE_OUTER_BOUND ( 'NONE', #2411, .T. ) ;
#10008 = CARTESIAN_POINT ( 'NONE',  ( 20.66000000000000369, 0.5000000000000004441, 8.349999999999997868 ) ) ;
#10009 = DIRECTION ( 'NONE',  ( 0.000000000000000000, 0.000000000000000000, 1.000000000000000000 ) ) ;
#10010 = CARTESIAN_POINT ( 'NONE',  ( -20.00000000000001066, 16.60000000000000142, -13.25000000000000178 ) ) ;
#10011 = CARTESIAN_POINT ( 'NONE',  ( -52.36525618977527330, 7.595935550850475337, -3.968456183257683012 ) ) ;
#10012 = CARTESIAN_POINT ( 'NONE',  ( 51.95000000000000284, 13.00000000000000178, -6.000000000000000000 ) ) ;
#10013 = CARTESIAN_POINT ( 'NONE',  ( -34.34233853611036835, 0.1265113557324328841, 2.778990808926776523 ) ) ;
#10014 = VERTEX_POINT ( 'NONE', #2382 ) ;
#10015 = ORIENTED_EDGE ( 'NONE', *, *, #4005, .F. ) ;
#10016 = AXIS2_PLACEMENT_3D ( 'NONE', #2354, #3836, #10489 ) ;
#10017 =( BOUNDED_CURVE ( )  B_SPLINE_CURVE ( 3, ( #10022, #2738, #989, #4186 ),
 .UNSPECIFIED., .F., .F. ) 
 B_SPLINE_CURVE_WITH_KNOTS ( ( 4, 4 ),
 ( 1.570796326794896558, 3.141592653589790451 ),
 .UNSPECIFIED. ) 
 CURVE ( )  GEOMETRIC_REPRESENTATION_ITEM ( )  RATIONAL_B_SPLINE_CURVE ( ( 1.000000000000000000, 0.8047378541243654926, 0.8047378541243654926, 1.000000000000000000 ) ) 
 REPRESENTATION_ITEM ( '' )  );
#10018 = LINE ( 'NONE', #9963, #8549 ) ;
#10019 = EDGE_LOOP ( 'NONE', ( #1739, #8490, #5900, #9417, #7396 ) ) ;
#10020 = LINE ( 'NONE', #6985, #8882 ) ;
#10021 = CARTESIAN_POINT ( 'NONE',  ( -30.30484636607248561, -1.468623938954177977, -3.615000000000000213 ) ) ;
#10022 = CARTESIAN_POINT ( 'NONE',  ( -35.06554871542299878, 0.000000000000000000, -2.965000000000000302 ) ) ;
#10023 = PLANE ( 'NONE',  #10146 ) ;
#10024 = CARTESIAN_POINT ( 'NONE',  ( 36.02951162706815325, 0.2077789836488299624, -4.429650374919818390 ) ) ;
#10025 = ORIENTED_EDGE ( 'NONE', *, *, #1185, .T. ) ;
#10026 = DIRECTION ( 'NONE',  ( 0.000000000000000000, 0.000000000000000000, 1.000000000000000000 ) ) ;
#10027 = ORIENTED_EDGE ( 'NONE', *, *, #2997, .T. ) ;
#10028 = VERTEX_POINT ( 'NONE', #1370 ) ;
#10029 = ADVANCED_FACE ( 'NONE', ( #6220 ), #3814, .T. ) ;
#10030 = CARTESIAN_POINT ( 'NONE',  ( 31.69999999999997797, 0.2999999999999999889, -7.798623679425841893 ) ) ;
#10031 = ORIENTED_EDGE ( 'NONE', *, *, #5968, .F. ) ;
#10032 = CYLINDRICAL_SURFACE ( 'NONE', #3190, 0.2000000000000000944 ) ;
#10033 = EDGE_CURVE ( 'NONE', #698, #882, #681, .T. ) ;
#10034 = CARTESIAN_POINT ( 'NONE',  ( 31.46791715065477746, 1.694065894508599137E-18, -7.592751484835193132 ) ) ;
#10035 = DIRECTION ( 'NONE',  ( 0.000000000000000000, 0.000000000000000000, 1.000000000000000000 ) ) ;
#10036 = CARTESIAN_POINT ( 'NONE',  ( -35.26554871542300162, 0.08284271247461905130, 2.764999999999999680 ) ) ;
#10037 = EDGE_CURVE ( 'NONE', #718, #688, #5278, .T. ) ;
#10038 = CARTESIAN_POINT ( 'NONE',  ( 30.43208284934520691, -4.517509052022827033E-18, -7.592751484835231324 ) ) ;
#10039 = ORIENTED_EDGE ( 'NONE', *, *, #4267, .T. ) ;
#10040 = ORIENTED_EDGE ( 'NONE', *, *, #5445, .T. ) ;
#10041 = CARTESIAN_POINT ( 'NONE',  ( 30.49999999999998224, 0.000000000000000000, -11.63910652323463779 ) ) ;
#10042 = FACE_OUTER_BOUND ( 'NONE', #8543, .T. ) ;
#10043 = EDGE_CURVE ( 'NONE', #8629, #4109, #1658, .T. ) ;
#10044 = CARTESIAN_POINT ( 'NONE',  ( 30.21257894721913217, 0.2034051652805234089, -11.33238590061130324 ) ) ;
#10045 = ADVANCED_FACE ( 'NONE', ( #4835 ), #8078, .F. ) ;
#10046 = VERTEX_POINT ( 'NONE', #3591 ) ;
#10047 = CARTESIAN_POINT ( 'NONE',  ( -39.53506879479627401, 0.1999999999999987899, 3.615000000000000213 ) ) ;
#10048 = CARTESIAN_POINT ( 'NONE',  ( 30.20000000000002416, -0.0009999999999999158867, 6.618695557326043755 ) ) ;
#10049 = EDGE_LOOP ( 'NONE', ( #7511, #7617, #6764, #5299 ) ) ;
#10050 = LINE ( 'NONE', #2027, #2946 ) ;
#10051 = ORIENTED_EDGE ( 'NONE', *, *, #486, .F. ) ;
#10052 = CARTESIAN_POINT ( 'NONE',  ( 52.75000000000000000, 8.000000000000000000, -1.926456070690041313E-14 ) ) ;
#10053 = EDGE_CURVE ( 'NONE', #10424, #8151, #4147, .T. ) ;
#10054 = FACE_OUTER_BOUND ( 'NONE', #6202, .T. ) ;
#10055 = CARTESIAN_POINT ( 'NONE',  ( 49.74999999999999289, 3.000000000000000000, -9.499999999999966249 ) ) ;
#10056 = DIRECTION ( 'NONE',  ( 0.000000000000000000, 1.000000000000000000, 0.000000000000000000 ) ) ;
#10057 = EDGE_CURVE ( 'NONE', #7117, #381, #5694, .T. ) ;
#10058 = CARTESIAN_POINT ( 'NONE',  ( -52.26258374208074997, 7.975430471669870514, -4.158469840023912845 ) ) ;
#10059 = FACE_BOUND ( 'NONE', #359, .T. ) ;
#10060 = DIRECTION ( 'NONE',  ( 0.000000000000000000, 0.000000000000000000, 1.000000000000000000 ) ) ;
#10061 = EDGE_LOOP ( 'NONE', ( #6639, #7667, #9587, #9442 ) ) ;
#10062 = AXIS2_PLACEMENT_3D ( 'NONE', #7146, #8842, #3199 ) ;
#10063 = ORIENTED_EDGE ( 'NONE', *, *, #8855, .T. ) ;
#10064 = FACE_OUTER_BOUND ( 'NONE', #2592, .T. ) ;
#10065 = ORIENTED_EDGE ( 'NONE', *, *, #3488, .T. ) ;
#10066 = DIRECTION ( 'NONE',  ( 0.000000000000000000, 0.000000000000000000, -1.000000000000000000 ) ) ;
#10067 = CARTESIAN_POINT ( 'NONE',  ( -34.52834772718359346, 0.000000000000000000, 0.000000000000000000 ) ) ;
#10068 = AXIS2_PLACEMENT_3D ( 'NONE', #7580, #6880, #10116 ) ;
#10069 = CARTESIAN_POINT ( 'NONE',  ( -51.25000000000001421, 16.60000000000000142, 0.000000000000000000 ) ) ;
#10070 = FACE_OUTER_BOUND ( 'NONE', #1229, .T. ) ;
#10071 = DIRECTION ( 'NONE',  ( -0.000000000000000000, -0.000000000000000000, 1.000000000000000000 ) ) ;
#10072 = VERTEX_POINT ( 'NONE', #10524 ) ;
#10073 = CARTESIAN_POINT ( 'NONE',  ( 22.81827201635470459, 5.400000000000000355, -10.08172798364529754 ) ) ;
#10074 = ORIENTED_EDGE ( 'NONE', *, *, #9245, .T. ) ;
#10075 = ORIENTED_EDGE ( 'NONE', *, *, #1457, .F. ) ;
#10076 = CARTESIAN_POINT ( 'NONE',  ( -20.00000000000001066, 17.60000000000000142, -13.55000000000000249 ) ) ;
#10077 = ORIENTED_EDGE ( 'NONE', *, *, #7529, .F. ) ;
#10078 = AXIS2_PLACEMENT_3D ( 'NONE', #1014, #5160, #8355 ) ;
#10079 = LINE ( 'NONE', #4503, #4568 ) ;
#10080 = DIRECTION ( 'NONE',  ( -1.000000000000000000, -0.000000000000000000, -0.000000000000000000 ) ) ;
#10081 = EDGE_CURVE ( 'NONE', #7896, #733, #895, .T. ) ;
#10082 = CARTESIAN_POINT ( 'NONE',  ( 41.25000000000000711, 8.000000000000000000, 8.250000000000001776 ) ) ;
#10083 = AXIS2_PLACEMENT_3D ( 'NONE', #65, #5829, #3305 ) ;
#10084 = CARTESIAN_POINT ( 'NONE',  ( 0.5999999999999912070, 13.30000000000000071, 13.35000000000018971 ) ) ;
#10085 = VERTEX_POINT ( 'NONE', #8142 ) ;
#10086 = ORIENTED_EDGE ( 'NONE', *, *, #7170, .F. ) ;
#10087 = ADVANCED_FACE ( 'NONE', ( #1989 ), #3012, .T. ) ;
#10088 = EDGE_CURVE ( 'NONE', #3227, #9685, #6477, .T. ) ;
#10089 = ORIENTED_EDGE ( 'NONE', *, *, #7754, .F. ) ;
#10090 = DIRECTION ( 'NONE',  ( 0.000000000000000000, -1.000000000000000000, 0.000000000000000000 ) ) ;
#10091 = FACE_OUTER_BOUND ( 'NONE', #4021, .T. ) ;
#10092 = ADVANCED_FACE ( 'NONE', ( #10070 ), #2485, .T. ) ;
#10093 = AXIS2_PLACEMENT_3D ( 'NONE', #1233, #2383, #3772 ) ;
#10094 = B_SPLINE_CURVE_WITH_KNOTS ( 'NONE', 3,
 ( #7996, #8630, #7029, #3037 ),
 .UNSPECIFIED., .F., .F.,
 ( 4, 4 ),
 ( 1.084202172485504434E-19, 8.053029081881113395E-05 ),
 .UNSPECIFIED. ) ;
#10095 = CARTESIAN_POINT ( 'NONE',  ( 0.000000000000000000, 0.1999999999999996503, -8.849999999999997868 ) ) ;
#10096 = VERTEX_POINT ( 'NONE', #7388 ) ;
#10097 = CYLINDRICAL_SURFACE ( 'NONE', #1615, 1.499999999999997780 ) ;
#10098 = ADVANCED_FACE ( 'NONE', ( #6046 ), #10023, .F. ) ;
#10099 = AXIS2_PLACEMENT_3D ( 'NONE', #7689, #10071, #3638 ) ;
#10100 = LINE ( 'NONE', #1867, #7073 ) ;
#10101 = ORIENTED_EDGE ( 'NONE', *, *, #2123, .F. ) ;
#10102 = DIRECTION ( 'NONE',  ( -3.384826294588891940E-16, 0.000000000000000000, -1.000000000000000000 ) ) ;
#10103 = ORIENTED_EDGE ( 'NONE', *, *, #7657, .F. ) ;
#10104 = CARTESIAN_POINT ( 'NONE',  ( -44.75000000002182787, 5.500000000000000000, 291583.7750000000233 ) ) ;
#10105 = AXIS2_PLACEMENT_3D ( 'NONE', #4960, #7298, #6488 ) ;
#10106 = EDGE_CURVE ( 'NONE', #6348, #4797, #5251, .T. ) ;
#10107 = DIRECTION ( 'NONE',  ( 1.000000000000000000, 0.000000000000000000, 0.000000000000000000 ) ) ;
#10108 = CARTESIAN_POINT ( 'NONE',  ( -34.34233853611036835, 0.1265113557324328841, 3.601009191073224258 ) ) ;
#10109 = EDGE_CURVE ( 'NONE', #6348, #4403, #1694, .T. ) ;
#10110 = CARTESIAN_POINT ( 'NONE',  ( -34.33293214504335822, 0.1503201388544058714, -8.854584417859758361 ) ) ;
#10111 = ADVANCED_FACE ( 'NONE', ( #7444 ), #5993, .T. ) ;
#10112 = FACE_OUTER_BOUND ( 'NONE', #10049, .T. ) ;
#10113 = LINE ( 'NONE', #6088, #3334 ) ;
#10114 = ORIENTED_EDGE ( 'NONE', *, *, #8993, .T. ) ;
#10115 = EDGE_LOOP ( 'NONE', ( #8527, #9335, #6973, #221 ) ) ;
#10116 = DIRECTION ( 'NONE',  ( 0.000000000000000000, 0.000000000000000000, 1.000000000000000000 ) ) ;
#10117 = CIRCLE ( 'NONE', #1804, 3.750000000000001776 ) ;
#10118 = ORIENTED_EDGE ( 'NONE', *, *, #1906, .F. ) ;
#10119 = LINE ( 'NONE', #7639, #4634 ) ;
#10120 = CARTESIAN_POINT ( 'NONE',  ( 43.49999999999999289, 8.000000000000000000, 0.000000000000000000 ) ) ;
#10121 = CARTESIAN_POINT ( 'NONE',  ( -39.58434658500975445, 0.1071145293931473758, -8.872877755913762599 ) ) ;
#10122 = CIRCLE ( 'NONE', #110, 9.300000000000013145 ) ;
#10123 = CARTESIAN_POINT ( 'NONE',  ( 50.99857113690718791, 11.00000000000000178, -12.25000000000000178 ) ) ;
#10124 = PLANE ( 'NONE',  #3650 ) ;
#10125 = VERTEX_POINT ( 'NONE', #9270 ) ;
#10126 = FACE_OUTER_BOUND ( 'NONE', #7228, .T. ) ;
#10127 = CARTESIAN_POINT ( 'NONE',  ( -52.20650430357857630, 9.263231327893826972, 4.009004978326757396 ) ) ;
#10128 = ORIENTED_EDGE ( 'NONE', *, *, #4625, .T. ) ;
#10129 = ORIENTED_EDGE ( 'NONE', *, *, #3065, .F. ) ;
#10130 = DIRECTION ( 'NONE',  ( -0.000000000000000000, 1.000000000000000000, -0.000000000000000000 ) ) ;
#10131 = VERTEX_POINT ( 'NONE', #7336 ) ;
#10132 = AXIS2_PLACEMENT_3D ( 'NONE', #6466, #4875, #2422 ) ;
#10133 = CARTESIAN_POINT ( 'NONE',  ( -47.19749843554382096, 15.10000000000000142, -13.25000000000000178 ) ) ;
#10134 = DIRECTION ( 'NONE',  ( -1.000000000000000000, 0.000000000000000000, 0.000000000000000000 ) ) ;
#10135 = VECTOR ( 'NONE', #133, 1000.000000000000000 ) ;
#10136 = AXIS2_PLACEMENT_3D ( 'NONE', #9997, #1223, #5376 ) ;
#10137 = CARTESIAN_POINT ( 'NONE',  ( 0.000000000000000000, 0.5000000000000004441, 8.349999999999997868 ) ) ;
#10138 = DIRECTION ( 'NONE',  ( -0.000000000000000000, 1.000000000000000000, -0.000000000000000000 ) ) ;
#10139 = ORIENTED_EDGE ( 'NONE', *, *, #3649, .F. ) ;
#10140 = LINE ( 'NONE', #2859, #4546 ) ;
#10141 = ORIENTED_EDGE ( 'NONE', *, *, #4014, .T. ) ;
#10142 = CARTESIAN_POINT ( 'NONE',  ( 52.75100000000002609, 9.700000000000001066, -2.925000000000016254 ) ) ;
#10143 = PLANE ( 'NONE',  #5156 ) ;
#10144 = ADVANCED_FACE ( 'NONE', ( #6587 ), #9835, .T. ) ;
#10145 = AXIS2_PLACEMENT_3D ( 'NONE', #2956, #5923, #7513 ) ;
#10146 = AXIS2_PLACEMENT_3D ( 'NONE', #8920, #949, #1745 ) ;
#10147 = AXIS2_PLACEMENT_3D ( 'NONE', #8829, #9674, #5645 ) ;
#10148 = EDGE_CURVE ( 'NONE', #2261, #7544, #6528, .T. ) ;
#10149 = PLANE ( 'NONE',  #10136 ) ;
#10150 = ADVANCED_FACE ( 'NONE', ( #5749 ), #8982, .F. ) ;
#10151 = VECTOR ( 'NONE', #2364, 1000.000000000000000 ) ;
#10152 = ORIENTED_EDGE ( 'NONE', *, *, #6218, .T. ) ;
#10153 = CARTESIAN_POINT ( 'NONE',  ( -31.39188509507858527, 7.573155319898681205E-17, 8.432842712474617031 ) ) ;
#10154 = DIRECTION ( 'NONE',  ( 0.000000000000000000, 1.000000000000000000, -0.000000000000000000 ) ) ;
#10155 = ORIENTED_EDGE ( 'NONE', *, *, #4262, .T. ) ;
#10156 = AXIS2_PLACEMENT_3D ( 'NONE', #10457, #9036, #3168 ) ;
#10157 = DIRECTION ( 'NONE',  ( -1.000000000000000000, -0.000000000000000000, -0.000000000000000000 ) ) ;
#10158 = EDGE_CURVE ( 'NONE', #882, #9407, #1321, .T. ) ;
#10159 = ORIENTED_EDGE ( 'NONE', *, *, #4289, .F. ) ;
#10160 = DIRECTION ( 'NONE',  ( -0.000000000000000000, -1.000000000000000000, 0.000000000000000000 ) ) ;
#10161 = VECTOR ( 'NONE', #7281, 1000.000000000000000 ) ;
#10162 = DIRECTION ( 'NONE',  ( 1.000000000000000000, 0.000000000000000000, 0.000000000000000000 ) ) ;
#10163 = AXIS2_PLACEMENT_3D ( 'NONE', #6256, #5269, #4608 ) ;
#10164 = DIRECTION ( 'NONE',  ( -0.000000000000000000, -0.000000000000000000, -1.000000000000000000 ) ) ;
#10165 = CARTESIAN_POINT ( 'NONE',  ( -52.26327769597544659, 8.926109351408467063, -4.118545122950427739 ) ) ;
#10166 = PLANE ( 'NONE',  #460 ) ;
#10167 = CARTESIAN_POINT ( 'NONE',  ( -35.26554871542300162, 0.2000000000000000111, -3.615000000000000213 ) ) ;
#10168 = ORIENTED_EDGE ( 'NONE', *, *, #9023, .F. ) ;
#10169 = ORIENTED_EDGE ( 'NONE', *, *, #8156, .F. ) ;
#10170 = CARTESIAN_POINT ( 'NONE',  ( 23.85000000000000142, 5.400000000000000355, -10.34999999999999787 ) ) ;
#10171 = ORIENTED_EDGE ( 'NONE', *, *, #3013, .F. ) ;
#10172 = DIRECTION ( 'NONE',  ( -0.000000000000000000, -1.000000000000000000, -0.000000000000000000 ) ) ;
#10173 = AXIS2_PLACEMENT_3D ( 'NONE', #5190, #6886, #5302 ) ;
#10174 = EDGE_CURVE ( 'NONE', #6852, #7892, #7644, .T. ) ;
#10175 = ADVANCED_FACE ( 'NONE', ( #8534 ), #8584, .T. ) ;
#10176 = DIRECTION ( 'NONE',  ( 0.000000000000000000, 1.000000000000000000, -0.000000000000000000 ) ) ;
#10177 = DIRECTION ( 'NONE',  ( -1.000000000000000000, -0.000000000000000000, -0.000000000000000000 ) ) ;
#10178 = LINE ( 'NONE', #5352, #985 ) ;
#10179 = CIRCLE ( 'NONE', #6447, 0.7999999999999992673 ) ;
#10180 = CARTESIAN_POINT ( 'NONE',  ( -47.50000000000000711, 16.60000000000000142, 9.500000000000001776 ) ) ;
#10181 = DIRECTION ( 'NONE',  ( 0.000000000000000000, 1.000000000000000000, -0.000000000000000000 ) ) ;
#10182 = CARTESIAN_POINT ( 'NONE',  ( -52.20476272510934734, 8.512913454325062190, 4.275096801039012462 ) ) ;
#10183 = ORIENTED_EDGE ( 'NONE', *, *, #9728, .F. ) ;
#10184 = ORIENTED_EDGE ( 'NONE', *, *, #5780, .T. ) ;
#10185 = CARTESIAN_POINT ( 'NONE',  ( 20.65000000000000213, 5.400000000000000355, -10.25000000000000533 ) ) ;
#10186 = ORIENTED_EDGE ( 'NONE', *, *, #2327, .T. ) ;
#10187 = PLANE ( 'NONE',  #9833 ) ;
#10188 = FACE_OUTER_BOUND ( 'NONE', #2577, .T. ) ;
#10189 = B_SPLINE_CURVE_WITH_KNOTS ( 'NONE', 3,
 ( #2638, #9876, #3443, #1684, #5043, #7431, #148, #8289 ),
 .UNSPECIFIED., .F., .F.,
 ( 4, 2, 2, 4 ),
 ( -3.466145320679578149E-06, 0.0002882777914485967416, 0.0004341497598332348987, 0.0005800217282178730558 ),
 .UNSPECIFIED. ) ;
#10190 = CARTESIAN_POINT ( 'NONE',  ( 1.036764281119435083, 13.30000000000000071, -14.75000000000000178 ) ) ;
#10191 = ORIENTED_EDGE ( 'NONE', *, *, #1863, .F. ) ;
#10192 = ORIENTED_EDGE ( 'NONE', *, *, #9596, .F. ) ;
#10193 = EDGE_CURVE ( 'NONE', #9368, #3642, #6595, .T. ) ;
#10194 = ORIENTED_EDGE ( 'NONE', *, *, #3798, .T. ) ;
#10195 = DIRECTION ( 'NONE',  ( -0.5000000000000003331, 0.000000000000000000, -0.8660254037844385966 ) ) ;
#10196 = ORIENTED_EDGE ( 'NONE', *, *, #5782, .F. ) ;
#10197 = CARTESIAN_POINT ( 'NONE',  ( -52.45000000000000995, 7.109076873872527180, -3.116549989100691587 ) ) ;
#10198 = DIRECTION ( 'NONE',  ( 1.000000000000000000, 0.000000000000000000, 0.000000000000000000 ) ) ;
#10199 = LINE ( 'NONE', #2912, #462 ) ;
#10200 = ORIENTED_EDGE ( 'NONE', *, *, #9337, .F. ) ;
#10201 = LINE ( 'NONE', #6130, #2298 ) ;
#10202 = DIRECTION ( 'NONE',  ( -0.000000000000000000, -0.000000000000000000, 1.000000000000000000 ) ) ;
#10203 = ORIENTED_EDGE ( 'NONE', *, *, #9370, .T. ) ;
#10204 = CARTESIAN_POINT ( 'NONE',  ( -30.13203748537938864, 5.996123729295900873, -20.34067203111825251 ) ) ;
#10205 = EDGE_LOOP ( 'NONE', ( #6855, #8679, #2830, #7399 ) ) ;
#10206 = B_SPLINE_CURVE_WITH_KNOTS ( 'NONE', 3,
 ( #1606, #4858, #7311, #8948, #1663, #4920, #8166, #279 ),
 .UNSPECIFIED., .F., .F.,
 ( 4, 2, 2, 4 ),
 ( -3.466145320680080016E-06, 0.0002882777914486010242, 0.0004341497598332415666, 0.0005800217282178820547 ),
 .UNSPECIFIED. ) ;
#10207 = FACE_OUTER_BOUND ( 'NONE', #4414, .T. ) ;
#10208 = EDGE_CURVE ( 'NONE', #5355, #7261, #398, .T. ) ;
#10209 = DIRECTION ( 'NONE',  ( 1.000000000000000000, 0.000000000000000000, 0.000000000000000000 ) ) ;
#10210 = DIRECTION ( 'NONE',  ( -0.3420201433256696566, -0.000000000000000000, 0.9396926207859080948 ) ) ;
#10211 = DIRECTION ( 'NONE',  ( -0.000000000000000000, -0.000000000000000000, 1.000000000000000000 ) ) ;
#10212 = DIRECTION ( 'NONE',  ( 0.000000000000000000, 1.000000000000000000, -0.000000000000000000 ) ) ;
#10213 = ORIENTED_EDGE ( 'NONE', *, *, #4230, .F. ) ;
#10214 = ORIENTED_EDGE ( 'NONE', *, *, #6169, .F. ) ;
#10215 = EDGE_CURVE ( 'NONE', #5789, #4349, #542, .T. ) ;
#10216 = DIRECTION ( 'NONE',  ( -0.000000000000000000, 1.000000000000000000, -0.000000000000000000 ) ) ;
#10217 = EDGE_LOOP ( 'NONE', ( #345, #4865, #9280, #173 ) ) ;
#10218 = DIRECTION ( 'NONE',  ( 0.000000000000000000, 0.000000000000000000, 1.000000000000000000 ) ) ;
#10219 = EDGE_CURVE ( 'NONE', #6052, #10282, #6988, .T. ) ;
#10220 = DIRECTION ( 'NONE',  ( -1.000000000000000000, 0.000000000000000000, -0.000000000000000000 ) ) ;
#10221 = CARTESIAN_POINT ( 'NONE',  ( -51.95000000000000995, 9.509019111597766027, -3.603289473684255118 ) ) ;
#10222 = AXIS2_PLACEMENT_3D ( 'NONE', #2168, #4666, #10358 ) ;
#10223 = CARTESIAN_POINT ( 'NONE',  ( 50.25000000000000000, 16.60000000000000142, 9.499999999999982236 ) ) ;
#10224 = CARTESIAN_POINT ( 'NONE',  ( 20.65000000000000213, 0.5000000000000004441, -10.25000000000000533 ) ) ;
#10225 = DIRECTION ( 'NONE',  ( 0.000000000000000000, 0.000000000000000000, 1.000000000000000000 ) ) ;
#10226 = CARTESIAN_POINT ( 'NONE',  ( -29.96003882983035993, 6.000690477496228858, -2.769672436215394828 ) ) ;
#10227 = ORIENTED_EDGE ( 'NONE', *, *, #8484, .T. ) ;
#10228 = ORIENTED_EDGE ( 'NONE', *, *, #633, .T. ) ;
#10229 = EDGE_CURVE ( 'NONE', #23, #8743, #10332, .T. ) ;
#10230 = LINE ( 'NONE', #8496, #4555 ) ;
#10231 = ORIENTED_EDGE ( 'NONE', *, *, #6460, .F. ) ;
#10232 = EDGE_CURVE ( 'NONE', #1723, #8548, #2097, .T. ) ;
#10233 = DIRECTION ( 'NONE',  ( -0.000000000000000000, -0.000000000000000000, 1.000000000000000000 ) ) ;
#10234 = DIRECTION ( 'NONE',  ( 0.000000000000000000, 0.4999999999999947264, -0.8660254037844418162 ) ) ;
#10235 = EDGE_CURVE ( 'NONE', #3159, #8851, #8568, .T. ) ;
#10236 = CARTESIAN_POINT ( 'NONE',  ( 26.23856210340544237, 0.000000000000000000, -0.1494653044015669952 ) ) ;
#10237 = CARTESIAN_POINT ( 'NONE',  ( 47.49999999999999289, 3.000000000000000000, 9.500000000000001776 ) ) ;
#10238 = AXIS2_PLACEMENT_3D ( 'NONE', #10, #9853, #7406 ) ;
#10239 = ORIENTED_EDGE ( 'NONE', *, *, #8012, .T. ) ;
#10240 = FACE_OUTER_BOUND ( 'NONE', #4843, .T. ) ;
#10241 = EDGE_LOOP ( 'NONE', ( #9795, #2865, #4415, #7531, #4647, #4799 ) ) ;
#10242 = DIRECTION ( 'NONE',  ( 0.000000000000000000, 1.000000000000000000, -0.000000000000000000 ) ) ;
#10243 = DIRECTION ( 'NONE',  ( 0.4999999999999992784, 0.000000000000000000, -0.8660254037844390407 ) ) ;
#10244 = EDGE_CURVE ( 'NONE', #8701, #6348, #4598, .T. ) ;
#10245 = VECTOR ( 'NONE', #7069, 1000.000000000000000 ) ;
#10246 = AXIS2_PLACEMENT_3D ( 'NONE', #1581, #6430, #3017 ) ;
#10247 = CARTESIAN_POINT ( 'NONE',  ( -52.25000000000001421, 8.400000000000000355, -2.449999999999999734 ) ) ;
#10248 = ORIENTED_EDGE ( 'NONE', *, *, #280, .F. ) ;
#10249 = CARTESIAN_POINT ( 'NONE',  ( -31.51661123066064363, 3.000000000000000000, -3.615000000000000213 ) ) ;
#10250 = DIRECTION ( 'NONE',  ( 2.668805347656624115E-15, 0.000000000000000000, 1.000000000000000000 ) ) ;
#10251 = ORIENTED_EDGE ( 'NONE', *, *, #3935, .T. ) ;
#10252 = CARTESIAN_POINT ( 'NONE',  ( -52.20538535074098974, 8.984454251332604002, -4.160314501066147308 ) ) ;
#10253 = AXIS2_PLACEMENT_3D ( 'NONE', #10082, #1310, #2110 ) ;
#10254 = ORIENTED_EDGE ( 'NONE', *, *, #8429, .F. ) ;
#10255 = DIRECTION ( 'NONE',  ( 2.668805347656624115E-15, 0.000000000000000000, -1.000000000000000000 ) ) ;
#10256 = CARTESIAN_POINT ( 'NONE',  ( 0.000000000000000000, 0.000000000000000000, 8.549999999999998934 ) ) ;
#10257 = VECTOR ( 'NONE', #9425, 1000.000000000000000 ) ;
#10258 = B_SPLINE_CURVE_WITH_KNOTS ( 'NONE', 3,
 ( #3474, #9955, #9906, #2621 ),
 .UNSPECIFIED., .F., .F.,
 ( 4, 4 ),
 ( 0.000000000000000000, 0.0001077286665339035601 ),
 .UNSPECIFIED. ) ;
#10259 = CARTESIAN_POINT ( 'NONE',  ( -39.53506879479627401, 0.1999999999999987899, -2.765000000000000124 ) ) ;
#10260 = CARTESIAN_POINT ( 'NONE',  ( -52.20476218285827485, 8.512151297923326254, -4.275054182253104074 ) ) ;
#10261 = CARTESIAN_POINT ( 'NONE',  ( 31.62110895060959948, 0.09378038618371778434, -11.40410606111990077 ) ) ;
#10262 = CARTESIAN_POINT ( 'NONE',  ( -31.47472780755320443, 0.2000000000000000111, 2.765000000000000124 ) ) ;
#10263 = VERTEX_POINT ( 'NONE', #7092 ) ;
#10264 = ORIENTED_EDGE ( 'NONE', *, *, #2352, .F. ) ;
#10265 = DIRECTION ( 'NONE',  ( -0.000000000000000000, -0.000000000000000000, 1.000000000000000000 ) ) ;
#10266 = ORIENTED_EDGE ( 'NONE', *, *, #6845, .F. ) ;
#10267 = DIRECTION ( 'NONE',  ( 0.000000000000000000, 0.000000000000000000, 1.000000000000000000 ) ) ;
#10268 = EDGE_CURVE ( 'NONE', #9610, #431, #310, .T. ) ;
#10269 = VECTOR ( 'NONE', #5014, 1000.000000000000000 ) ;
#10270 = CARTESIAN_POINT ( 'NONE',  ( -52.00633014137976318, 8.400000000003295497, -4.350000000000000533 ) ) ;
#10271 = DIRECTION ( 'NONE',  ( 0.000000000000000000, 0.000000000000000000, 1.000000000000000000 ) ) ;
#10272 = EDGE_CURVE ( 'NONE', #7952, #1626, #5503, .T. ) ;
#10273 = CARTESIAN_POINT ( 'NONE',  ( 22.68039777241907373, 0.000000000000000000, 1.904841829914338147 ) ) ;
#10274 = DIRECTION ( 'NONE',  ( 0.000000000000000000, 0.000000000000000000, 1.000000000000000000 ) ) ;
#10275 = EDGE_CURVE ( 'NONE', #5139, #8280, #7442, .T. ) ;
#10276 = VECTOR ( 'NONE', #5618, 1000.000000000000000 ) ;
#10277 = DIRECTION ( 'NONE',  ( 0.000000000000000000, 0.000000000000000000, 1.000000000000000000 ) ) ;
#10278 = CARTESIAN_POINT ( 'NONE',  ( 47.49999999999997868, 16.60000000000000142, -12.25000000000000000 ) ) ;
#10279 = VERTEX_POINT ( 'NONE', #10123 ) ;
#10280 = ORIENTED_EDGE ( 'NONE', *, *, #6448, .T. ) ;
#10281 = LINE ( 'NONE', #2992, #3701 ) ;
#10282 = VERTEX_POINT ( 'NONE', #1392 ) ;
#10283 = DIRECTION ( 'NONE',  ( -0.3420201433256563894, 0.000000000000000000, 0.9396926207859128688 ) ) ;
#10284 = VECTOR ( 'NONE', #6827, 1000.000000000000000 ) ;
#10285 = CARTESIAN_POINT ( 'NONE',  ( -52.25000000000001421, 6.902631723476097214, -3.013815789473690554 ) ) ;
#10286 = CARTESIAN_POINT ( 'NONE',  ( 25.85635347795578198, 0.2999999999999999889, -4.424792786874569117 ) ) ;
#10287 = ORIENTED_EDGE ( 'NONE', *, *, #5704, .F. ) ;
#10288 = PLANE ( 'NONE',  #9791 ) ;
#10289 = ORIENTED_EDGE ( 'NONE', *, *, #5577, .F. ) ;
#10290 = CARTESIAN_POINT ( 'NONE',  ( -39.53506879479627401, 0.1999999999999996503, 8.349999999999997868 ) ) ;
#10291 = ADVANCED_FACE ( 'NONE', ( #8641 ), #2838, .T. ) ;
#10292 = VECTOR ( 'NONE', #9002, 1000.000000000000000 ) ;
#10293 = ORIENTED_EDGE ( 'NONE', *, *, #4519, .F. ) ;
#10294 = DIRECTION ( 'NONE',  ( 0.000000000000000000, -0.9982455176826040555, 0.05921052631576485120 ) ) ;
#10295 = DIRECTION ( 'NONE',  ( 0.000000000000000000, 1.000000000000000000, 0.000000000000000000 ) ) ;
#10296 = EDGE_CURVE ( 'NONE', #5168, #4138, #6246, .T. ) ;
#10297 = VECTOR ( 'NONE', #4681, 1000.000000000000000 ) ;
#10298 = EDGE_CURVE ( 'NONE', #9991, #4953, #10178, .T. ) ;
#10299 = VECTOR ( 'NONE', #4066, 1000.000000000000000 ) ;
#10300 = TOROIDAL_SURFACE ( 'NONE', #4026, 5.000000000000000000, 3.000000000000000000 ) ;
#10301 = EDGE_CURVE ( 'NONE', #7297, #7328, #7791, .T. ) ;
#10302 = CARTESIAN_POINT ( 'NONE',  ( -50.20000000000000284, 0.000000000000000000, 6.749999999999971578 ) ) ;
#10303 = LINE ( 'NONE', #3928, #7719 ) ;
#10304 = VERTEX_POINT ( 'NONE', #3742 ) ;
#10305 = CARTESIAN_POINT ( 'NONE',  ( -29.84000000000000341, 0.5000000000000004441, 1.010032166305325429E-14 ) ) ;
#10306 = CIRCLE ( 'NONE', #8788, 1.900000000000000577 ) ;
#10307 = VECTOR ( 'NONE', #5538, 1000.000000000000000 ) ;
#10308 = DIRECTION ( 'NONE',  ( 0.000000000000000000, 0.000000000000000000, 1.000000000000000000 ) ) ;
#10309 = CARTESIAN_POINT ( 'NONE',  ( 2.099999999999991207, 13.30000000000000071, -13.35000000000019149 ) ) ;
#10310 = ORIENTED_EDGE ( 'NONE', *, *, #3162, .F. ) ;
#10311 = VECTOR ( 'NONE', #4372, 1000.000000000000000 ) ;
#10312 = AXIS2_PLACEMENT_3D ( 'NONE', #417, #3710, #9393 ) ;
#10313 = AXIS2_PLACEMENT_3D ( 'NONE', #8711, #1633, #3544 ) ;
#10314 = CARTESIAN_POINT ( 'NONE',  ( -45.00000000001591616, 5.500000000000000000, -12.24999999999454303 ) ) ;
#10315 = EDGE_CURVE ( 'NONE', #2742, #7111, #470, .T. ) ;
#10316 = ORIENTED_EDGE ( 'NONE', *, *, #7820, .T. ) ;
#10317 = VECTOR ( 'NONE', #8455, 1000.000000000000000 ) ;
#10318 = CARTESIAN_POINT ( 'NONE',  ( -52.20875532608991421, 9.445949955209155036, -3.880259791441779793 ) ) ;
#10319 = CARTESIAN_POINT ( 'NONE',  ( -29.84000000000000696, -5.002961977226933143, 3.615000000000000213 ) ) ;
#10320 = DIRECTION ( 'NONE',  ( 0.000000000000000000, 0.000000000000000000, 1.000000000000000000 ) ) ;
#10321 = VERTEX_POINT ( 'NONE', #5614 ) ;
#10322 = VERTEX_POINT ( 'NONE', #8846 ) ;
#10323 = EDGE_CURVE ( 'NONE', #9998, #2377, #2334, .T. ) ;
#10324 = LINE ( 'NONE', #4685, #8043 ) ;
#10325 = AXIS2_PLACEMENT_3D ( 'NONE', #7542, #3496, #4944 ) ;
#10326 = ORIENTED_EDGE ( 'NONE', *, *, #3604, .F. ) ;
#10327 = CARTESIAN_POINT ( 'NONE',  ( 47.49999999999999289, 3.000000000000000000, -8.649999999999998579 ) ) ;
#10328 = CIRCLE ( 'NONE', #8607, 1.499999999999999556 ) ;
#10329 = AXIS2_PLACEMENT_3D ( 'NONE', #3751, #6056, #2903 ) ;
#10330 = DIRECTION ( 'NONE',  ( 0.000000000000000000, 0.000000000000000000, 1.000000000000000000 ) ) ;
#10331 = DIRECTION ( 'NONE',  ( -3.784851220313043414E-15, 0.000000000000000000, 1.000000000000000000 ) ) ;
#10332 = LINE ( 'NONE', #2146, #3537 ) ;
#10333 = DIRECTION ( 'NONE',  ( 0.000000000000000000, 1.000000000000000000, -0.000000000000000000 ) ) ;
#10334 = CARTESIAN_POINT ( 'NONE',  ( -47.50000000000000711, 8.000000000000000000, 9.500000000000001776 ) ) ;
#10335 = LINE ( 'NONE', #2988, #9603 ) ;
#10336 = ORIENTED_EDGE ( 'NONE', *, *, #1876, .F. ) ;
#10337 = ORIENTED_EDGE ( 'NONE', *, *, #9883, .F. ) ;
#10338 = VECTOR ( 'NONE', #9872, 1000.000000000000000 ) ;
#10339 = CARTESIAN_POINT ( 'NONE',  ( -52.43158278002099593, 9.609574835599925535, -3.452455002252656779 ) ) ;
#10340 = AXIS2_PLACEMENT_3D ( 'NONE', #3962, #10447, #3156 ) ;
#10341 = ORIENTED_EDGE ( 'NONE', *, *, #3279, .T. ) ;
#10342 = DIRECTION ( 'NONE',  ( 1.000000000000000000, 0.000000000000000000, 0.000000000000000000 ) ) ;
#10343 = B_SPLINE_CURVE_WITH_KNOTS ( 'NONE', 3,
 ( #4379, #2820, #8518, #8471 ),
 .UNSPECIFIED., .F., .F.,
 ( 4, 4 ),
 ( 0.000000000000000000, 8.053029081880106442E-05 ),
 .UNSPECIFIED. ) ;
#10344 = AXIS2_PLACEMENT_3D ( 'NONE', #3370, #6663, #9904 ) ;
#10345 = LINE ( 'NONE', #2949, #7462 ) ;
#10346 = CARTESIAN_POINT ( 'NONE',  ( 36.04364652204419883, 0.5000000000000000000, -4.424792786874606421 ) ) ;
#10347 = EDGE_CURVE ( 'NONE', #9655, #8250, #7199, .T. ) ;
#10348 = VERTEX_POINT ( 'NONE', #1503 ) ;
#10349 = CARTESIAN_POINT ( 'NONE',  ( -20.00000000000001066, 16.60001199999999955, 12.25000000000000178 ) ) ;
#10350 = ORIENTED_EDGE ( 'NONE', *, *, #1706, .F. ) ;
#10351 = VERTEX_POINT ( 'NONE', #3143 ) ;
#10352 = DIRECTION ( 'NONE',  ( 1.000000000000000000, -0.000000000000000000, -0.000000000000000000 ) ) ;
#10353 = EDGE_LOOP ( 'NONE', ( #5128, #5441, #5223, #10310 ) ) ;
#10354 = PLANE ( 'NONE',  #1662 ) ;
#10355 = AXIS2_PLACEMENT_3D ( 'NONE', #5692, #4144, #3337 ) ;
#10356 = EDGE_CURVE ( 'NONE', #2600, #8089, #8054, .T. ) ;
#10357 =( BOUNDED_CURVE ( )  B_SPLINE_CURVE ( 3, ( #7677, #384, #3624, #8270 ),
 .UNSPECIFIED., .F., .F. ) 
 B_SPLINE_CURVE_WITH_KNOTS ( ( 4, 4 ),
 ( 1.570796326794896558, 3.141592653589792228 ),
 .UNSPECIFIED. ) 
 CURVE ( )  GEOMETRIC_REPRESENTATION_ITEM ( )  RATIONAL_B_SPLINE_CURVE ( ( 1.000000000000000000, 0.8047378541243652705, 0.8047378541243652705, 1.000000000000000000 ) ) 
 REPRESENTATION_ITEM ( '' )  );
#10358 = DIRECTION ( 'NONE',  ( -1.000000000000000000, -1.506492794866855939E-14, 0.000000000000000000 ) ) ;
#10359 = DIRECTION ( 'NONE',  ( -1.000000000000000000, 0.000000000000000000, 0.000000000000000000 ) ) ;
#10360 = CARTESIAN_POINT ( 'NONE',  ( 0.000000000000000000, 11.00000000000000178, -12.25000000000000178 ) ) ;
#10361 = DIRECTION ( 'NONE',  ( 0.000000000000000000, -1.000000000000000000, 0.000000000000000000 ) ) ;
#10362 = ORIENTED_EDGE ( 'NONE', *, *, #7944, .F. ) ;
#10363 = CARTESIAN_POINT ( 'NONE',  ( -39.68512705544042518, -1.215015152484107712E-16, 2.888658226344438251 ) ) ;
#10364 = CYLINDRICAL_SURFACE ( 'NONE', #9297, 6.800000000000002487 ) ;
#10365 = ADVANCED_FACE ( 'NONE', ( #5664 ), #8950, .T. ) ;
#10366 = CARTESIAN_POINT ( 'NONE',  ( -51.95000002018760199, 9.542937216436865100, -3.986874153505393981 ) ) ;
#10367 = ORIENTED_EDGE ( 'NONE', *, *, #6847, .F. ) ;
#10368 = CARTESIAN_POINT ( 'NONE',  ( -31.47472780755320443, 0.1999999999999987899, -2.765000000000000124 ) ) ;
#10369 = ORIENTED_EDGE ( 'NONE', *, *, #9340, .T. ) ;
#10370 = LINE ( 'NONE', #3078, #588 ) ;
#10371 = DIRECTION ( 'NONE',  ( 1.000000000000000000, 0.000000000000000000, 7.304098846218136886E-17 ) ) ;
#10372 = FACE_OUTER_BOUND ( 'NONE', #1226, .T. ) ;
#10373 = ORIENTED_EDGE ( 'NONE', *, *, #6847, .T. ) ;
#10374 = ORIENTED_EDGE ( 'NONE', *, *, #9574, .T. ) ;
#10375 = CYLINDRICAL_SURFACE ( 'NONE', #8710, 1.999999999999996669 ) ;
#10376 = VERTEX_POINT ( 'NONE', #9578 ) ;
#10377 = CARTESIAN_POINT ( 'NONE',  ( 35.25070682527642418, 0.02221052063481728997, 0.8110334556949788665 ) ) ;
#10378 = ADVANCED_FACE ( 'NONE', ( #3255 ), #6500, .F. ) ;
#10379 = FACE_OUTER_BOUND ( 'NONE', #1613, .T. ) ;
#10380 = EDGE_CURVE ( 'NONE', #1134, #2989, #1554, .T. ) ;
#10381 = CARTESIAN_POINT ( 'NONE',  ( -30.14000000000000057, 0.5000000000000004441, 2.765000000000000124 ) ) ;
#10382 = CARTESIAN_POINT ( 'NONE',  ( -52.36525618977525909, 9.204064449149656824, 3.968456183257664804 ) ) ;
#10383 = DIRECTION ( 'NONE',  ( 1.000000000000000000, -0.000000000000000000, 0.000000000000000000 ) ) ;
#10384 = PLANE ( 'NONE',  #2834 ) ;
#10385 = DIRECTION ( 'NONE',  ( 0.6427876096865420275, 0.000000000000000000, -0.7660444431189757930 ) ) ;
#10386 = ORIENTED_EDGE ( 'NONE', *, *, #2068, .F. ) ;
#10387 = VERTEX_POINT ( 'NONE', #7313 ) ;
#10388 = CARTESIAN_POINT ( 'NONE',  ( -52.45000000000000995, 9.697719172987380176, -3.001973684210527349 ) ) ;
#10389 = VERTEX_POINT ( 'NONE', #5555 ) ;
#10390 = DIRECTION ( 'NONE',  ( 0.000000000000000000, 1.000000000000000000, 2.891205793294675861E-16 ) ) ;
#10391 = CARTESIAN_POINT ( 'NONE',  ( 39.11515805832828363, 0.1248391197358940941, -6.258743620592569279 ) ) ;
#10392 = FACE_OUTER_BOUND ( 'NONE', #2211, .T. ) ;
#10393 = EDGE_LOOP ( 'NONE', ( #676, #7806, #8730, #4076 ) ) ;
#10394 = DIRECTION ( 'NONE',  ( 0.000000000000000000, 0.000000000000000000, 1.000000000000000000 ) ) ;
#10395 = B_SPLINE_CURVE_WITH_KNOTS ( 'NONE', 3,
 ( #5056, #6589, #2550, #9091, #1799, #5812 ),
 .UNSPECIFIED., .F., .F.,
 ( 4, 2, 4 ),
 ( 0.000000000000000000, 0.0004228049033699867116, 0.0008456098067399734231 ),
 .UNSPECIFIED. ) ;
#10396 = ORIENTED_EDGE ( 'NONE', *, *, #2122, .F. ) ;
#10397 = VERTEX_POINT ( 'NONE', #4694 ) ;
#10398 = CARTESIAN_POINT ( 'NONE',  ( 43.25000000000000711, 8.000000000000000000, 8.250000000000001776 ) ) ;
#10399 = ORIENTED_EDGE ( 'NONE', *, *, #4867, .F. ) ;
#10400 = DIRECTION ( 'NONE',  ( -0.000000000000000000, -1.000000000000000000, -0.000000000000000000 ) ) ;
#10401 = VECTOR ( 'NONE', #1137, 1000.000000000000000 ) ;
#10402 = DIRECTION ( 'NONE',  ( 0.000000000000000000, 1.000000000000000000, 0.000000000000000000 ) ) ;
#10403 = EDGE_CURVE ( 'NONE', #980, #8280, #6938, .T. ) ;
#10404 = CARTESIAN_POINT ( 'NONE',  ( 26.23856210340542461, 0.000000000000000000, -4.550534695598392965 ) ) ;
#10405 = LINE ( 'NONE', #3115, #5796 ) ;
#10406 = VECTOR ( 'NONE', #4636, 1000.000000000000000 ) ;
#10407 = DIRECTION ( 'NONE',  ( 0.000000000000000000, 0.000000000000000000, 1.000000000000000000 ) ) ;
#10408 = ADVANCED_FACE ( 'NONE', ( #8168 ), #870, .T. ) ;
#10409 = ADVANCED_FACE ( 'NONE', ( #4805 ), #7271, .T. ) ;
#10410 = DIRECTION ( 'NONE',  ( 0.000000000000000000, 0.000000000000000000, 1.000000000000000000 ) ) ;
#10411 = ORIENTED_EDGE ( 'NONE', *, *, #6482, .F. ) ;
#10412 = CARTESIAN_POINT ( 'NONE',  ( -52.34422460401103905, 7.978776088857458149, 4.159484018988001353 ) ) ;
#10413 = EDGE_CURVE ( 'NONE', #4953, #4579, #8633, .T. ) ;
#10414 = CARTESIAN_POINT ( 'NONE',  ( 0.5999999999999912070, 13.30000000000000071, -13.35000000000018971 ) ) ;
#10415 = CARTESIAN_POINT ( 'NONE',  ( -52.11873040192809015, 8.647917084383003328, -4.337720183757261871 ) ) ;
#10416 = ORIENTED_EDGE ( 'NONE', *, *, #3625, .T. ) ;
#10417 = VECTOR ( 'NONE', #5701, 1000.000000000000000 ) ;
#10418 = CARTESIAN_POINT ( 'NONE',  ( -39.76146882909598901, 0.000000000000000000, -9.049999999999998934 ) ) ;
#10419 = ORIENTED_EDGE ( 'NONE', *, *, #3672, .T. ) ;
#10420 = LINE ( 'NONE', #961, #4350 ) ;
#10421 = DIRECTION ( 'NONE',  ( 0.000000000000000000, 0.000000000000000000, 1.000000000000000000 ) ) ;
#10422 = CIRCLE ( 'NONE', #5342, 0.7999999999999992673 ) ;
#10423 = CARTESIAN_POINT ( 'NONE',  ( 43.49999999999999289, 7.000000000000000000, 0.000000000000000000 ) ) ;
#10424 = VERTEX_POINT ( 'NONE', #10010 ) ;
#10425 = ORIENTED_EDGE ( 'NONE', *, *, #9883, .T. ) ;
#10426 = DIRECTION ( 'NONE',  ( 0.000000000000000000, 0.000000000000000000, -1.000000000000000000 ) ) ;
#10427 = ORIENTED_EDGE ( 'NONE', *, *, #7059, .T. ) ;
#10428 = CARTESIAN_POINT ( 'NONE',  ( -20.00000000000000711, 15.10000000000000142, 14.75000000000000178 ) ) ;
#10429 = EDGE_CURVE ( 'NONE', #9336, #7673, #5132, .T. ) ;
#10430 = CARTESIAN_POINT ( 'NONE',  ( 51.95000000000000284, 11.35000000000000142, 1.700000000000000178 ) ) ;
#10431 = CIRCLE ( 'NONE', #5872, 0.2888330770816419091 ) ;
#10432 = EDGE_CURVE ( 'NONE', #5687, #3516, #9448, .T. ) ;
#10433 = DIRECTION ( 'NONE',  ( 1.000000000000000000, 0.000000000000000000, 0.000000000000000000 ) ) ;
#10434 = EDGE_CURVE ( 'NONE', #788, #7273, #648, .T. ) ;
#10435 = CARTESIAN_POINT ( 'NONE',  ( -29.96003882983038125, 6.000690477496205766, -3.610327563784627269 ) ) ;
#10436 = DIRECTION ( 'NONE',  ( 0.000000000000000000, 1.000000000000000000, -0.000000000000000000 ) ) ;
#10437 = DIRECTION ( 'NONE',  ( -0.000000000000000000, 1.000000000000000000, -0.000000000000000000 ) ) ;
#10438 = EDGE_CURVE ( 'NONE', #9656, #4178, #4332, .T. ) ;
#10439 = CARTESIAN_POINT ( 'NONE',  ( -51.95000000000000995, 10.30000000000000071, 2.449999999999999289 ) ) ;
#10440 = CARTESIAN_POINT ( 'NONE',  ( 39.09211819145301092, -0.0009999999999999158867, 1.484828725824668183 ) ) ;
#10441 = VERTEX_POINT ( 'NONE', #282 ) ;
#10442 = ORIENTED_EDGE ( 'NONE', *, *, #2997, .F. ) ;
#10443 = FACE_BOUND ( 'NONE', #4774, .T. ) ;
#10444 = AXIS2_PLACEMENT_3D ( 'NONE', #7589, #2789, #6944 ) ;
#10445 = ORIENTED_EDGE ( 'NONE', *, *, #9342, .F. ) ;
#10446 = FACE_OUTER_BOUND ( 'NONE', #286, .T. ) ;
#10447 = DIRECTION ( 'NONE',  ( -0.000000000000000000, -0.000000000000000000, 1.000000000000000000 ) ) ;
#10448 = VECTOR ( 'NONE', #909, 1000.000000000000000 ) ;
#10449 = DIRECTION ( 'NONE',  ( 0.000000000000000000, 1.000000000000000000, -0.000000000000000000 ) ) ;
#10450 = ORIENTED_EDGE ( 'NONE', *, *, #5448, .F. ) ;
#10451 = DIRECTION ( 'NONE',  ( -0.000000000000000000, 0.000000000000000000, 1.000000000000000000 ) ) ;
#10452 = ORIENTED_EDGE ( 'NONE', *, *, #112, .T. ) ;
#10453 = EDGE_LOOP ( 'NONE', ( #7807, #6205, #3434, #6079, #8564, #5851, #1291, #7164 ) ) ;
#10454 = CARTESIAN_POINT ( 'NONE',  ( -34.31252571724582623, 0.2000000000000003164, 3.615000000000000213 ) ) ;
#10455 = ORIENTED_EDGE ( 'NONE', *, *, #6198, .F. ) ;
#10456 = ORIENTED_EDGE ( 'NONE', *, *, #3294, .F. ) ;
#10457 = CARTESIAN_POINT ( 'NONE',  ( 30.95000000000000284, 0.2999999999999999889, -2.350000000000003197 ) ) ;
#10458 = LINE ( 'NONE', #3113, #3612 ) ;
#10459 = VECTOR ( 'NONE', #4266, 1000.000000000000000 ) ;
#10460 = CARTESIAN_POINT ( 'NONE',  ( -2.000000000000008882, 13.30000000000000071, -13.85000000000018971 ) ) ;
#10461 = DIRECTION ( 'NONE',  ( -0.000000000000000000, 1.000000000000000000, -0.000000000000000000 ) ) ;
#10462 = CARTESIAN_POINT ( 'NONE',  ( -52.25000000000001421, 8.400000000000000355, 2.925000000000030465 ) ) ;
#10463 = CYLINDRICAL_SURFACE ( 'NONE', #2632, 0.1999999999999987899 ) ;
#10464 = CIRCLE ( 'NONE', #1295, 1.499999999999999556 ) ;
#10465 = DIRECTION ( 'NONE',  ( -0.000000000000000000, -0.000000000000000000, 1.000000000000000000 ) ) ;
#10466 = EDGE_LOOP ( 'NONE', ( #4773, #6333, #7647, #6324 ) ) ;
#10467 = PLANE ( 'NONE',  #104 ) ;
#10468 = EDGE_CURVE ( 'NONE', #4024, #4295, #5981, .T. ) ;
#10469 = DIRECTION ( 'NONE',  ( 0.000000000000000000, 0.000000000000000000, -1.000000000000000000 ) ) ;
#10470 = CYLINDRICAL_SURFACE ( 'NONE', #2774, 2.750000000000000888 ) ;
#10471 = EDGE_LOOP ( 'NONE', ( #3748, #9824, #5989, #3995, #2832, #9944 ) ) ;
#10472 = EDGE_CURVE ( 'NONE', #7459, #2613, #2015, .T. ) ;
#10473 = CARTESIAN_POINT ( 'NONE',  ( -53.20000000000000284, 8.000000000000000000, 2.734438190280500643E-14 ) ) ;
#10474 =( BOUNDED_CURVE ( )  B_SPLINE_CURVE ( 3, ( #4036, #6138, #5589, #9668 ),
 .UNSPECIFIED., .F., .F. ) 
 B_SPLINE_CURVE_WITH_KNOTS ( ( 4, 4 ),
 ( 4.712388980384688786, 5.906926873010759138 ),
 .UNSPECIFIED. ) 
 CURVE ( )  GEOMETRIC_REPRESENTATION_ITEM ( )  RATIONAL_B_SPLINE_CURVE ( ( 1.000000000000000000, 0.8845830693046150550, 0.8845830693046150550, 1.000000000000000000 ) ) 
 REPRESENTATION_ITEM ( '' )  );
#10475 = AXIS2_PLACEMENT_3D ( 'NONE', #544, #9639, #8740 ) ;
#10476 = AXIS2_PLACEMENT_3D ( 'NONE', #4103, #8153, #854 ) ;
#10477 = VERTEX_POINT ( 'NONE', #1920 ) ;
#10478 = CARTESIAN_POINT ( 'NONE',  ( -52.22340835089975997, 7.205390757595235840, -3.692296232791190125 ) ) ;
#10479 = EDGE_CURVE ( 'NONE', #7892, #1785, #5250, .T. ) ;
#10480 = DIRECTION ( 'NONE',  ( -0.000000000000000000, -0.000000000000000000, 1.000000000000000000 ) ) ;
#10481 = CARTESIAN_POINT ( 'NONE',  ( -52.33704905526285955, 8.507810674690052366, 4.224999999999952571 ) ) ;
#10482 = VERTEX_POINT ( 'NONE', #3476 ) ;
#10483 = ORIENTED_EDGE ( 'NONE', *, *, #1714, .T. ) ;
#10484 = FACE_OUTER_BOUND ( 'NONE', #4810, .T. ) ;
#10485 = ORIENTED_EDGE ( 'NONE', *, *, #8472, .T. ) ;
#10486 = DIRECTION ( 'NONE',  ( -1.000000000000000000, -1.758281308145593320E-15, 0.000000000000000000 ) ) ;
#10487 = VECTOR ( 'NONE', #6657, 1000.000000000000000 ) ;
#10488 = AXIS2_PLACEMENT_3D ( 'NONE', #4095, #4950, #2788 ) ;
#10489 = DIRECTION ( 'NONE',  ( 0.000000000000000000, 0.000000000000000000, 1.000000000000000000 ) ) ;
#10490 = AXIS2_PLACEMENT_3D ( 'NONE', #3021, #5482, #9509 ) ;
#10491 = DIRECTION ( 'NONE',  ( -0.000000000000000000, -0.000000000000000000, 1.000000000000000000 ) ) ;
#10492 = DIRECTION ( 'NONE',  ( -0.000000000000000000, -1.000000000000000000, -0.000000000000000000 ) ) ;
#10493 = CARTESIAN_POINT ( 'NONE',  ( -52.33850938628280858, 8.614119310398308471, 4.211707670827620653 ) ) ;
#10494 = CARTESIAN_POINT ( 'NONE',  ( -31.27472780755320869, 0.2000000000000000111, 8.349999999999996092 ) ) ;
#10495 = TOROIDAL_SURFACE ( 'NONE', #5929, 5.199999999999985967, 0.2999999999999999889 ) ;
#10496 = CARTESIAN_POINT ( 'NONE',  ( 26.60635347795579619, 0.2531612188914901806, 1.023830892551266913 ) ) ;
#10497 = CARTESIAN_POINT ( 'NONE',  ( -47.50000000001364242, 5.500000000000000000, 6.749999999998454570 ) ) ;
#10498 = ORIENTED_EDGE ( 'NONE', *, *, #10479, .T. ) ;
#10499 = ORIENTED_EDGE ( 'NONE', *, *, #3495, .F. ) ;
#10500 = AXIS2_PLACEMENT_3D ( 'NONE', #1873, #7571, #8269 ) ;
#10501 = CARTESIAN_POINT ( 'NONE',  ( -52.25000000000001421, 9.852223174136490513, -3.267594706388155856 ) ) ;
#10502 = ORIENTED_EDGE ( 'NONE', *, *, #6810, .F. ) ;
#10503 = VECTOR ( 'NONE', #5902, 1000.000000000000000 ) ;
#10504 = ADVANCED_FACE ( 'NONE', ( #6720 ), #6824, .T. ) ;
#10505 = DIRECTION ( 'NONE',  ( 0.000000000000000000, 0.000000000000000000, -1.000000000000000000 ) ) ;
#10506 = EDGE_CURVE ( 'NONE', #4517, #9175, #1670, .T. ) ;
#10507 = DIRECTION ( 'NONE',  ( -0.000000000000000000, 1.000000000000000000, 0.000000000000000000 ) ) ;
#10508 = VECTOR ( 'NONE', #5834, 1000.000000000000114 ) ;
#10509 = DIRECTION ( 'NONE',  ( 0.000000000000000000, 0.000000000000000000, -1.000000000000000000 ) ) ;
#10510 = VERTEX_POINT ( 'NONE', #6666 ) ;
#10511 = CIRCLE ( 'NONE', #7641, 5.499999999999985789 ) ;
#10512 = CARTESIAN_POINT ( 'NONE',  ( -29.84000000000000696, 0.5000000000000004441, -10.25000000000000178 ) ) ;
#10513 = EDGE_LOOP ( 'NONE', ( #7270, #4905, #8097, #5647, #7126, #3964, #10442, #8955, #7670, #257, #9936, #1747 ) ) ;
#10514 = ORIENTED_EDGE ( 'NONE', *, *, #1915, .F. ) ;
#10515 = CARTESIAN_POINT ( 'NONE',  ( -1.408389356733645998E-15, 6.500000000000000888, -10.25000000000000533 ) ) ;
#10516 = EDGE_LOOP ( 'NONE', ( #2028, #1420, #5737, #428, #9093, #206 ) ) ;
#10517 = ORIENTED_EDGE ( 'NONE', *, *, #5245, .T. ) ;
#10518 = CARTESIAN_POINT ( 'NONE',  ( -31.47472780755320443, 0.1999999999999996503, -8.849999999999997868 ) ) ;
#10519 = CIRCLE ( 'NONE', #7472, 0.8500000000000000888 ) ;
#10520 = CARTESIAN_POINT ( 'NONE',  ( 25.87048837293183112, 0.2077789836488309061, -4.429650374919776645 ) ) ;
#10521 = EDGE_CURVE ( 'NONE', #6509, #9017, #8215, .T. ) ;
#10522 = DIRECTION ( 'NONE',  ( 0.000000000000000000, 0.000000000000000000, -1.000000000000000000 ) ) ;
#10523 = EDGE_CURVE ( 'NONE', #6841, #8424, #9194, .T. ) ;
#10524 = CARTESIAN_POINT ( 'NONE',  ( -22.80000000000001492, 13.30000000000000071, 13.55000000000000249 ) ) ;
#10525 = DIRECTION ( 'NONE',  ( 0.000000000000000000, 0.000000000000000000, -1.000000000000000000 ) ) ;
#10526 = LINE ( 'NONE', #3877, #4326 ) ;
#10527 = ORIENTED_EDGE ( 'NONE', *, *, #8278, .F. ) ;
#10528 = CIRCLE ( 'NONE', #8994, 0.2888330770816419091 ) ;
#10529 = CARTESIAN_POINT ( 'NONE',  ( -52.36525418156715261, 7.595950132782685493, 3.968473906735677126 ) ) ;
#10530 = DIRECTION ( 'NONE',  ( -1.000000000000000000, 0.000000000000000000, 0.000000000000000000 ) ) ;
ENDSEC;
END-ISO-10303-21;
