ISO-10303-21;
HEADER;
FILE_DESCRIPTION (( 'STEP AP214' ),
    '1' );
FILE_NAME ('5_¿ÇÌו.STEP',
    '2025-12-15T13:50:51',
    ( '' ),
    ( '' ),
    'SwSTEP 2.0',
    'SolidWorks 2025',
    '' );
FILE_SCHEMA (( 'AUTOMOTIVE_DESIGN' ));
ENDSEC;

DATA;
#1 = EDGE_LOOP ( 'NONE', ( #2123, #7042, #4072, #1642 ) ) ;
#2 = DIRECTION ( 'NONE',  ( 0.000000000000000000, 0.000000000000000000, -1.000000000000000000 ) ) ;
#3 = CYLINDRICAL_SURFACE ( 'NONE', #3920, 0.8500000000000000888 ) ;
#4 = VERTEX_POINT ( 'NONE', #8621 ) ;
#5 = ORIENTED_EDGE ( 'NONE', *, *, #9103, .T. ) ;
#6 = VECTOR ( 'NONE', #9954, 1000.000000000000000 ) ;
#7 = AXIS2_PLACEMENT_3D ( 'NONE', #4368, #2076, #7589 ) ;
#8 = CARTESIAN_POINT ( 'NONE',  ( -45.20000000000000284, 14.60000000000000142, -6.750000000000000888 ) ) ;
#9 = LINE ( 'NONE', #115, #3385 ) ;
#10 = LINE ( 'NONE', #2447, #5645 ) ;
#11 = CARTESIAN_POINT ( 'NONE',  ( -52.34854327958188236, 7.876850872607898957, -4.119842274477535149 ) ) ;
#12 = CARTESIAN_POINT ( 'NONE',  ( 39.08172798364529399, 0.5000000000000000000, 6.181727983645293634 ) ) ;
#13 = EDGE_CURVE ( 'NONE', #244, #7078, #8093, .T. ) ;
#14 = AXIS2_PLACEMENT_3D ( 'NONE', #1763, #5005, #2614 ) ;
#15 = DIRECTION ( 'NONE',  ( 0.000000000000000000, 0.000000000000000000, 1.000000000000000000 ) ) ;
#16 = VERTEX_POINT ( 'NONE', #902 ) ;
#17 = VERTEX_POINT ( 'NONE', #9082 ) ;
#18 = DIRECTION ( 'NONE',  ( 1.000000000000000000, 0.000000000000000000, 0.000000000000000000 ) ) ;
#19 = FACE_BOUND ( 'NONE', #3067, .T. ) ;
#20 = CARTESIAN_POINT ( 'NONE',  ( 30.95000000000000284, 0.5000000000000000000, -2.350000000000003197 ) ) ;
#21 = ORIENTED_EDGE ( 'NONE', *, *, #8767, .F. ) ;
#22 = CARTESIAN_POINT ( 'NONE',  ( -52.20423501068194838, 8.842950398789376720, -4.212724285319853657 ) ) ;
#23 = DIRECTION ( 'NONE',  ( -1.000000000000000000, 0.000000000000000000, 0.000000000000000000 ) ) ;
#24 = VECTOR ( 'NONE', #2994, 1000.000000000000000 ) ;
#25 = B_SPLINE_CURVE_WITH_KNOTS ( 'NONE', 3,
 ( #8444, #7609, #1837, #3490, #2693, #4386, #258, #3582 ),
 .UNSPECIFIED., .F., .F.,
 ( 4, 2, 2, 4 ),
 ( -3.466145320678954733E-06, 0.0002882777914485985305, 0.0004341497598332372840, 0.0005800217282178760916 ),
 .UNSPECIFIED. ) ;
#26 = LINE ( 'NONE', #3254, #1447 ) ;
#27 = FACE_OUTER_BOUND ( 'NONE', #8283, .T. ) ;
#28 = EDGE_CURVE ( 'NONE', #3249, #10319, #3546, .T. ) ;
#29 = VERTEX_POINT ( 'NONE', #64 ) ;
#30 = ORIENTED_EDGE ( 'NONE', *, *, #2412, .F. ) ;
#31 = CARTESIAN_POINT ( 'NONE',  ( 31.69999999999997797, 0.2531612188914912354, -7.798623679425842781 ) ) ;
#32 = ORIENTED_EDGE ( 'NONE', *, *, #3161, .F. ) ;
#33 = DIRECTION ( 'NONE',  ( 0.000000000000000000, 1.000000000000000000, 0.000000000000000000 ) ) ;
#34 = VECTOR ( 'NONE', #6712, 1000.000000000000000 ) ;
#35 = EDGE_CURVE ( 'NONE', #4436, #7736, #2870, .T. ) ;
#36 = CARTESIAN_POINT ( 'NONE',  ( 6.494920150553300964, 0.2999999999999999889, 11.24953169186121293 ) ) ;
#37 = CARTESIAN_POINT ( 'NONE',  ( 41.25000000000000000, 4.899999999999999467, 4.549999999999997158 ) ) ;
#38 = DIRECTION ( 'NONE',  ( -0.5000000000000009992, 0.000000000000000000, -0.8660254037844380415 ) ) ;
#39 = CARTESIAN_POINT ( 'NONE',  ( -34.32300333360995381, 0.1748349968067960669, 8.349999999999997868 ) ) ;
#40 = CARTESIAN_POINT ( 'NONE',  ( -2.036682489283829767E-14, 13.00000000000000178, 14.75000000000003553 ) ) ;
#41 = EDGE_CURVE ( 'NONE', #5309, #4210, #4996, .T. ) ;
#42 = ORIENTED_EDGE ( 'NONE', *, *, #2511, .T. ) ;
#43 = VECTOR ( 'NONE', #2050, 1000.000000000000000 ) ;
#44 = ORIENTED_EDGE ( 'NONE', *, *, #5666, .F. ) ;
#45 = CARTESIAN_POINT ( 'NONE',  ( 35.66143789659457752, 0.000000000000000000, -0.1494653044016114873 ) ) ;
#46 = EDGE_CURVE ( 'NONE', #3875, #4154, #3398, .T. ) ;
#47 = CARTESIAN_POINT ( 'NONE',  ( 30.95000000000000284, 0.2999999999999999889, -2.350000000000003197 ) ) ;
#48 = CARTESIAN_POINT ( 'NONE',  ( -30.84000000000000696, 4.899999999999999467, -9.849999999999997868 ) ) ;
#49 = ORIENTED_EDGE ( 'NONE', *, *, #5551, .F. ) ;
#50 = DIRECTION ( 'NONE',  ( 0.000000000000000000, -0.000000000000000000, 1.000000000000000000 ) ) ;
#51 = TOROIDAL_SURFACE ( 'NONE', #1557, 5.199999999999985967, 0.2999999999999999889 ) ;
#52 = FACE_OUTER_BOUND ( 'NONE', #1864, .T. ) ;
#53 = ORIENTED_EDGE ( 'NONE', *, *, #8596, .T. ) ;
#54 = CARTESIAN_POINT ( 'NONE',  ( 3.099999999999990763, 14.50000000000000000, -13.35000000000019149 ) ) ;
#55 = AXIS2_PLACEMENT_3D ( 'NONE', #6218, #8694, #7012 ) ;
#56 = CARTESIAN_POINT ( 'NONE',  ( -7.849999999999971223, 13.00000000000000178, 14.19019237886469220 ) ) ;
#57 = EDGE_CURVE ( 'NONE', #2060, #5253, #9, .T. ) ;
#58 = VERTEX_POINT ( 'NONE', #6673 ) ;
#59 = VERTEX_POINT ( 'NONE', #1753 ) ;
#60 = AXIS2_PLACEMENT_3D ( 'NONE', #5950, #5796, #8218 ) ;
#61 = CARTESIAN_POINT ( 'NONE',  ( 30.95000000000000284, 0.000000000000000000, -2.350000000000003197 ) ) ;
#62 = AXIS2_PLACEMENT_3D ( 'NONE', #6467, #4892, #4146 ) ;
#63 = ORIENTED_EDGE ( 'NONE', *, *, #8569, .F. ) ;
#64 = CARTESIAN_POINT ( 'NONE',  ( -30.14000000000000412, 0.5000000000000000000, 3.615000000000000213 ) ) ;
#65 = PLANE ( 'NONE',  #2605 ) ;
#66 = CARTESIAN_POINT ( 'NONE',  ( 2.128978811426075087E-15, 6.500000000000000888, 6.749999999999984901 ) ) ;
#67 = CARTESIAN_POINT ( 'NONE',  ( -52.44535045267406304, 9.668785516402198965, -3.230005980589806036 ) ) ;
#68 = VECTOR ( 'NONE', #5886, 1000.000000000000000 ) ;
#69 = LINE ( 'NONE', #4840, #3094 ) ;
#70 = EDGE_CURVE ( 'NONE', #10353, #6667, #6525, .T. ) ;
#71 = VERTEX_POINT ( 'NONE', #7314 ) ;
#72 = VECTOR ( 'NONE', #8202, 1000.000000000000000 ) ;
#73 = AXIS2_PLACEMENT_3D ( 'NONE', #1166, #5249, #2969 ) ;
#74 = ORIENTED_EDGE ( 'NONE', *, *, #1401, .F. ) ;
#75 = CARTESIAN_POINT ( 'NONE',  ( -34.34233853611036835, 0.1265113557324328841, -2.778990808926776079 ) ) ;
#76 = EDGE_CURVE ( 'NONE', #2610, #5309, #2352, .T. ) ;
#77 = CARTESIAN_POINT ( 'NONE',  ( 0.000000000000000000, 0.000000000000000000, 0.000000000000000000 ) ) ;
#78 = DIRECTION ( 'NONE',  ( 0.000000000000000000, 0.000000000000000000, 1.000000000000000000 ) ) ;
#79 = AXIS2_PLACEMENT_3D ( 'NONE', #10346, #2965, #3857 ) ;
#80 = ORIENTED_EDGE ( 'NONE', *, *, #3162, .F. ) ;
#81 = DIRECTION ( 'NONE',  ( -1.000000000000000000, 0.000000000000000000, 0.000000000000000000 ) ) ;
#82 = CARTESIAN_POINT ( 'NONE',  ( 51.95000000000000284, 11.00000000000000178, 9.500000000000000000 ) ) ;
#83 = DIRECTION ( 'NONE',  ( 0.000000000000000000, 0.000000000000000000, 1.000000000000000000 ) ) ;
#84 = CARTESIAN_POINT ( 'NONE',  ( -34.37348617369437420, 0.04767268713831619709, 3.569861553489225070 ) ) ;
#85 = AXIS2_PLACEMENT_3D ( 'NONE', #7339, #9478, #4696 ) ;
#86 = ORIENTED_EDGE ( 'NONE', *, *, #2048, .F. ) ;
#87 = CARTESIAN_POINT ( 'NONE',  ( -50.25000000000000711, 8.400000000000000355, -4.350000000000000533 ) ) ;
#88 = PLANE ( 'NONE',  #6913 ) ;
#89 = ORIENTED_EDGE ( 'NONE', *, *, #8563, .T. ) ;
#90 = DIRECTION ( 'NONE',  ( 0.000000000000000000, 0.000000000000000000, 1.000000000000000000 ) ) ;
#91 = CARTESIAN_POINT ( 'NONE',  ( 9.519658948938198861, 6.000000000000000000, 12.25000000000000178 ) ) ;
#92 = LINE ( 'NONE', #9541, #9762 ) ;
#93 = EDGE_CURVE ( 'NONE', #4251, #636, #9824, .T. ) ;
#94 = VECTOR ( 'NONE', #4262, 1000.000000000000000 ) ;
#95 = CARTESIAN_POINT ( 'NONE',  ( 47.49999999999999289, 8.000000000000000000, 9.500000000000000000 ) ) ;
#96 = CARTESIAN_POINT ( 'NONE',  ( -45.19999999999993889, 3.000000000000000000, 14.75000000000000533 ) ) ;
#97 = FACE_OUTER_BOUND ( 'NONE', #1098, .T. ) ;
#98 = VERTEX_POINT ( 'NONE', #3343 ) ;
#99 = VERTEX_POINT ( 'NONE', #4937 ) ;
#100 = FACE_OUTER_BOUND ( 'NONE', #5662, .T. ) ;
#101 = PLANE ( 'NONE',  #3112 ) ;
#102 = CARTESIAN_POINT ( 'NONE',  ( -20.00000000000000355, 13.00000000000000178, 12.25000000000000178 ) ) ;
#103 = ADVANCED_FACE ( 'NONE', ( #9726 ), #8934, .T. ) ;
#104 = ORIENTED_EDGE ( 'NONE', *, *, #1845, .F. ) ;
#105 = CARTESIAN_POINT ( 'NONE',  ( -52.25000000000001421, 10.30000000000000071, 2.449999999999999289 ) ) ;
#106 = CARTESIAN_POINT ( 'NONE',  ( -30.13468777611176463, 5.996053361243350643, -3.614964680037484168 ) ) ;
#107 = ORIENTED_EDGE ( 'NONE', *, *, #2223, .T. ) ;
#108 = DIRECTION ( 'NONE',  ( -0.000000000000000000, 1.000000000000000000, -3.469446951953614189E-16 ) ) ;
#109 = ORIENTED_EDGE ( 'NONE', *, *, #363, .T. ) ;
#110 = ADVANCED_FACE ( 'NONE', ( #3235 ), #1804, .F. ) ;
#111 = ORIENTED_EDGE ( 'NONE', *, *, #2348, .F. ) ;
#112 = CARTESIAN_POINT ( 'NONE',  ( 50.84065861769799710, 11.00000000000000178, -13.55000000000001670 ) ) ;
#113 = ADVANCED_FACE ( 'NONE', ( #5726 ), #2657, .F. ) ;
#114 = ORIENTED_EDGE ( 'NONE', *, *, #493, .F. ) ;
#115 = CARTESIAN_POINT ( 'NONE',  ( -21.63608679191100137, 13.00000000000000178, 18.15483244721227152 ) ) ;
#116 = DIRECTION ( 'NONE',  ( -0.7071067811865442421, 0.000000000000000000, -0.7071067811865509034 ) ) ;
#117 = DIRECTION ( 'NONE',  ( 0.000000000000000000, -1.000000000000000000, -6.505213034913037648E-15 ) ) ;
#118 = PLANE ( 'NONE',  #8516 ) ;
#119 = CYLINDRICAL_SURFACE ( 'NONE', #2250, 0.6000000000000007550 ) ;
#120 = VERTEX_POINT ( 'NONE', #8927 ) ;
#121 = ORIENTED_EDGE ( 'NONE', *, *, #2538, .F. ) ;
#122 = CARTESIAN_POINT ( 'NONE',  ( 30.19999999999998153, 0.5000000000000000000, -11.31869555732605015 ) ) ;
#123 = EDGE_CURVE ( 'NONE', #10319, #7800, #6900, .T. ) ;
#124 = DIRECTION ( 'NONE',  ( 0.000000000000000000, -0.000000000000000000, -1.000000000000000000 ) ) ;
#125 = ORIENTED_EDGE ( 'NONE', *, *, #7830, .T. ) ;
#126 = LINE ( 'NONE', #1524, #9914 ) ;
#127 = CARTESIAN_POINT ( 'NONE',  ( -52.21211380852811601, 9.442709853812994325, -3.863961515592252649 ) ) ;
#128 = CYLINDRICAL_SURFACE ( 'NONE', #9091, 0.7999999999999994893 ) ;
#129 = B_SPLINE_CURVE_WITH_KNOTS ( 'NONE', 3,
 ( #8154, #4095, #5894, #6630, #9886, #2666, #8312, #4899 ),
 .UNSPECIFIED., .F., .F.,
 ( 4, 2, 2, 4 ),
 ( 0.000000000000000000, 0.0001382025733524831150, 0.0002764051467049662299, 0.0005528102934099380977 ),
 .UNSPECIFIED. ) ;
#130 = CARTESIAN_POINT ( 'NONE',  ( -52.26145712155787493, 8.508982683180372319, 4.224941934850096281 ) ) ;
#131 = EDGE_CURVE ( 'NONE', #2874, #6007, #5884, .T. ) ;
#132 = CARTESIAN_POINT ( 'NONE',  ( -39.53506879479627401, 0.1999999999999996503, -3.615000000000000213 ) ) ;
#133 = ORIENTED_EDGE ( 'NONE', *, *, #3847, .F. ) ;
#134 = CYLINDRICAL_SURFACE ( 'NONE', #5589, 5.499999999999985789 ) ;
#135 = VECTOR ( 'NONE', #2733, 1000.000000000000000 ) ;
#136 = DIRECTION ( 'NONE',  ( 0.000000000000000000, 0.000000000000000000, 1.000000000000000000 ) ) ;
#137 = CARTESIAN_POINT ( 'NONE',  ( -35.24172192299145934, 0.2946731267839041712, -20.34067203111825251 ) ) ;
#138 = ORIENTED_EDGE ( 'NONE', *, *, #1333, .F. ) ;
#139 = FACE_OUTER_BOUND ( 'NONE', #5341, .T. ) ;
#140 = CARTESIAN_POINT ( 'NONE',  ( 31.70000000000002771, 0.2999999999999999889, 6.618695557326044643 ) ) ;
#141 = DIRECTION ( 'NONE',  ( 0.000000000000000000, -0.000000000000000000, 1.000000000000000000 ) ) ;
#142 = PLANE ( 'NONE',  #233 ) ;
#143 = AXIS2_PLACEMENT_3D ( 'NONE', #2156, #5448, #1427 ) ;
#144 = CYLINDRICAL_SURFACE ( 'NONE', #10033, 5.249999999999997335 ) ;
#145 = DIRECTION ( 'NONE',  ( -1.000000000000000000, -0.000000000000000000, -0.000000000000000000 ) ) ;
#146 = ORIENTED_EDGE ( 'NONE', *, *, #8893, .T. ) ;
#147 = VERTEX_POINT ( 'NONE', #9670 ) ;
#148 = LINE ( 'NONE', #5131, #2387 ) ;
#149 = CARTESIAN_POINT ( 'NONE',  ( -31.44101788930268171, 2.721234519427555121, -20.34067203111825251 ) ) ;
#150 = CARTESIAN_POINT ( 'NONE',  ( -34.34233853611036835, 0.1265113557324328841, 3.601009191073224258 ) ) ;
#151 = VECTOR ( 'NONE', #1630, 1000.000000000000000 ) ;
#152 = CARTESIAN_POINT ( 'NONE',  ( 3.099999999999991651, 13.00000000000000178, -13.45000000000019114 ) ) ;
#153 = ORIENTED_EDGE ( 'NONE', *, *, #2179, .F. ) ;
#154 = FACE_BOUND ( 'NONE', #8708, .T. ) ;
#155 = FACE_OUTER_BOUND ( 'NONE', #5879, .T. ) ;
#156 = ORIENTED_EDGE ( 'NONE', *, *, #2459, .F. ) ;
#157 = CARTESIAN_POINT ( 'NONE',  ( -53.20000000000000995, 14.59999999999999787, -6.749999999999940492 ) ) ;
#158 = ORIENTED_EDGE ( 'NONE', *, *, #8624, .T. ) ;
#159 = VECTOR ( 'NONE', #192, 1000.000000000000000 ) ;
#160 = ORIENTED_EDGE ( 'NONE', *, *, #3237, .T. ) ;
#161 = EDGE_CURVE ( 'NONE', #1651, #2402, #4243, .T. ) ;
#162 = CARTESIAN_POINT ( 'NONE',  ( -53.20000000000000284, 8.400000000000000355, 2.925000000000030465 ) ) ;
#163 = CIRCLE ( 'NONE', #5907, 0.1999999999999987899 ) ;
#164 = ADVANCED_FACE ( 'NONE', ( #4493 ), #2893, .T. ) ;
#165 = DIRECTION ( 'NONE',  ( 0.6427876096865420275, 0.000000000000000000, 0.7660444431189757930 ) ) ;
#166 = ADVANCED_FACE ( 'NONE', ( #2046 ), #1177, .T. ) ;
#167 = CARTESIAN_POINT ( 'NONE',  ( -31.27472780755320869, 0.000000000000000000, -9.049999999999998934 ) ) ;
#168 = CARTESIAN_POINT ( 'NONE',  ( -52.45000000000000995, 6.899999999999998579, 2.925000000000021583 ) ) ;
#169 = DIRECTION ( 'NONE',  ( 0.000000000000000000, 0.8660254037844420383, 0.4999999999999943379 ) ) ;
#170 = VERTEX_POINT ( 'NONE', #1363 ) ;
#171 = AXIS2_PLACEMENT_3D ( 'NONE', #5876, #4074, #892 ) ;
#172 = VECTOR ( 'NONE', #1005, 1000.000000000000000 ) ;
#173 = EDGE_CURVE ( 'NONE', #5776, #6907, #6226, .T. ) ;
#174 = ORIENTED_EDGE ( 'NONE', *, *, #8612, .F. ) ;
#175 = LINE ( 'NONE', #8153, #9277 ) ;
#176 = FACE_OUTER_BOUND ( 'NONE', #9634, .T. ) ;
#177 = EDGE_LOOP ( 'NONE', ( #4738, #10167, #1122, #5197 ) ) ;
#178 = CARTESIAN_POINT ( 'NONE',  ( 0.000000000000000000, 11.00000000000000178, -12.25000000000000178 ) ) ;
#179 = EDGE_CURVE ( 'NONE', #6732, #4136, #5281, .T. ) ;
#180 = AXIS2_PLACEMENT_3D ( 'NONE', #8222, #7438, #186 ) ;
#181 = DIRECTION ( 'NONE',  ( 0.000000000000000000, -1.000000000000000000, 0.000000000000000000 ) ) ;
#182 = DIRECTION ( 'NONE',  ( -1.000000000000000000, -0.000000000000000000, -0.000000000000000000 ) ) ;
#183 = CARTESIAN_POINT ( 'NONE',  ( -52.36521917770299694, 7.596331622010153772, 3.968786056728842215 ) ) ;
#184 = EDGE_CURVE ( 'NONE', #8656, #10110, #7708, .T. ) ;
#185 = ORIENTED_EDGE ( 'NONE', *, *, #10377, .T. ) ;
#186 = DIRECTION ( 'NONE',  ( 0.5000000000000022204, 0.000000000000000000, -0.8660254037844372643 ) ) ;
#187 = FACE_OUTER_BOUND ( 'NONE', #8812, .T. ) ;
#188 = CARTESIAN_POINT ( 'NONE',  ( 51.95000000000000284, 11.00000000000000178, -4.000000000000000000 ) ) ;
#189 = ORIENTED_EDGE ( 'NONE', *, *, #1461, .T. ) ;
#190 = DIRECTION ( 'NONE',  ( -1.000000000000000000, -0.000000000000000000, 4.476705744456300993E-16 ) ) ;
#191 = LINE ( 'NONE', #3480, #4568 ) ;
#192 = DIRECTION ( 'NONE',  ( -0.000000000000000000, -1.000000000000000000, -0.000000000000000000 ) ) ;
#193 = DIRECTION ( 'NONE',  ( 1.000000000000000000, 0.000000000000000000, 0.000000000000000000 ) ) ;
#194 = DIRECTION ( 'NONE',  ( 1.000000000000000000, 0.000000000000000000, 0.000000000000000000 ) ) ;
#195 = ORIENTED_EDGE ( 'NONE', *, *, #5854, .T. ) ;
#196 = EDGE_CURVE ( 'NONE', #9946, #2639, #5900, .T. ) ;
#197 = ORIENTED_EDGE ( 'NONE', *, *, #9233, .F. ) ;
#198 = CARTESIAN_POINT ( 'NONE',  ( 2.009170479469691184, 13.00000000000000178, 14.75000000000000178 ) ) ;
#199 = CARTESIAN_POINT ( 'NONE',  ( -52.11703005195384009, 8.888474363168453962, 4.290295324905421204 ) ) ;
#200 = CARTESIAN_POINT ( 'NONE',  ( -2.000000000000008882, 13.00000000000000178, -13.85000000000018971 ) ) ;
#201 = EDGE_CURVE ( 'NONE', #2102, #8420, #454, .T. ) ;
#202 = CYLINDRICAL_SURFACE ( 'NONE', #5391, 0.1999999999999987899 ) ;
#203 = VERTEX_POINT ( 'NONE', #6965 ) ;
#204 = CARTESIAN_POINT ( 'NONE',  ( -47.50000000000000711, 5.500000000000000000, 9.500000000000001776 ) ) ;
#205 = CARTESIAN_POINT ( 'NONE',  ( -47.50000000000000711, 3.000000000000000000, -9.500000000000001776 ) ) ;
#206 = VECTOR ( 'NONE', #3064, 1000.000000000000000 ) ;
#207 = ORIENTED_EDGE ( 'NONE', *, *, #791, .F. ) ;
#208 = CARTESIAN_POINT ( 'NONE',  ( -31.27472780755320869, 0.2000000000000000111, -2.765000000000000124 ) ) ;
#209 = EDGE_LOOP ( 'NONE', ( #750, #7747, #9248, #5675, #1481, #730 ) ) ;
#210 = ORIENTED_EDGE ( 'NONE', *, *, #9532, .F. ) ;
#211 = AXIS2_PLACEMENT_3D ( 'NONE', #2849, #5192, #9331 ) ;
#212 = CARTESIAN_POINT ( 'NONE',  ( -52.11873040192975282, 8.647917084383072606, -4.337720183757253878 ) ) ;
#213 = TOROIDAL_SURFACE ( 'NONE', #3761, 5.199999999999985967, 0.2999999999999999889 ) ;
#214 = ORIENTED_EDGE ( 'NONE', *, *, #5945, .T. ) ;
#215 = CARTESIAN_POINT ( 'NONE',  ( -50.25000000000545697, 6.500000000000000888, 0.000000000000000000 ) ) ;
#216 = AXIS2_PLACEMENT_3D ( 'NONE', #6955, #9421, #4584 ) ;
#217 = PLANE ( 'NONE',  #4984 ) ;
#218 = LINE ( 'NONE', #2659, #68 ) ;
#219 = EDGE_CURVE ( 'NONE', #590, #477, #3822, .T. ) ;
#220 = FACE_OUTER_BOUND ( 'NONE', #209, .T. ) ;
#221 = ORIENTED_EDGE ( 'NONE', *, *, #2556, .T. ) ;
#222 = AXIS2_PLACEMENT_3D ( 'NONE', #10376, #1610, #4902 ) ;
#223 = ORIENTED_EDGE ( 'NONE', *, *, #4836, .T. ) ;
#224 = AXIS2_PLACEMENT_3D ( 'NONE', #2228, #8725, #8833 ) ;
#225 = ORIENTED_EDGE ( 'NONE', *, *, #7655, .T. ) ;
#226 = DIRECTION ( 'NONE',  ( 0.000000000000000000, 0.000000000000000000, 1.000000000000000000 ) ) ;
#227 = DIRECTION ( 'NONE',  ( -1.000000000000000000, 4.625929269271485322E-15, 4.625929269271483744E-15 ) ) ;
#228 = ORIENTED_EDGE ( 'NONE', *, *, #4945, .F. ) ;
#229 = LINE ( 'NONE', #1866, #6727 ) ;
#230 = AXIS2_PLACEMENT_3D ( 'NONE', #4299, #6527, #4196 ) ;
#231 = CARTESIAN_POINT ( 'NONE',  ( 0.5999999999999912070, 14.50000000000000000, 13.35000000000018971 ) ) ;
#232 = EDGE_CURVE ( 'NONE', #9417, #6501, #2254, .T. ) ;
#233 = AXIS2_PLACEMENT_3D ( 'NONE', #8176, #933, #8043 ) ;
#234 = CARTESIAN_POINT ( 'NONE',  ( -51.22917112000553885, 14.50000000000000000, 9.894693245086287448 ) ) ;
#235 = CARTESIAN_POINT ( 'NONE',  ( -52.26626415635187328, 9.212180025029535813, 3.963311410493563613 ) ) ;
#236 = LINE ( 'NONE', #3470, #4659 ) ;
#237 = EDGE_CURVE ( 'NONE', #3249, #8256, #5779, .T. ) ;
#238 = EDGE_CURVE ( 'NONE', #5126, #8101, #498, .T. ) ;
#239 = ORIENTED_EDGE ( 'NONE', *, *, #989, .F. ) ;
#240 = DIRECTION ( 'NONE',  ( -1.971236424878464058E-15, 0.000000000000000000, -1.000000000000000000 ) ) ;
#241 = VECTOR ( 'NONE', #1588, 1000.000000000000000 ) ;
#242 = FACE_OUTER_BOUND ( 'NONE', #177, .T. ) ;
#243 = DIRECTION ( 'NONE',  ( 1.000000000000000000, -0.000000000000000000, -0.000000000000000000 ) ) ;
#244 = VERTEX_POINT ( 'NONE', #7519 ) ;
#245 = DIRECTION ( 'NONE',  ( 1.000000000000000000, 0.000000000000000000, 0.000000000000000000 ) ) ;
#246 = CARTESIAN_POINT ( 'NONE',  ( -29.84000000000000696, 0.5000000000000000000, 0.000000000000000000 ) ) ;
#247 = EDGE_CURVE ( 'NONE', #8566, #3496, #1604, .T. ) ;
#248 = AXIS2_PLACEMENT_3D ( 'NONE', #4779, #8677, #3981 ) ;
#249 = DIRECTION ( 'NONE',  ( 0.000000000000000000, 0.000000000000000000, -1.000000000000000000 ) ) ;
#250 = DIRECTION ( 'NONE',  ( -0.000000000000000000, -0.000000000000000000, 1.000000000000000000 ) ) ;
#251 = ORIENTED_EDGE ( 'NONE', *, *, #1136, .T. ) ;
#252 = ORIENTED_EDGE ( 'NONE', *, *, #6829, .F. ) ;
#253 = CYLINDRICAL_SURFACE ( 'NONE', #8790, 3.750000000000001776 ) ;
#254 = CIRCLE ( 'NONE', #1600, 3.000000000000002665 ) ;
#255 = AXIS2_PLACEMENT_3D ( 'NONE', #6644, #291, #4165 ) ;
#256 = CARTESIAN_POINT ( 'NONE',  ( 41.25000000000000711, 6.000000000000000000, 8.250000000000001776 ) ) ;
#257 = DIRECTION ( 'NONE',  ( 0.8660254037844380415, -0.000000000000000000, -0.5000000000000009992 ) ) ;
#258 = CARTESIAN_POINT ( 'NONE',  ( 22.80788180854699121, 0.2505450496179593700, -6.184828725824678131 ) ) ;
#259 = EDGE_CURVE ( 'NONE', #9296, #3457, #4060, .T. ) ;
#260 = ORIENTED_EDGE ( 'NONE', *, *, #1800, .T. ) ;
#261 = DIRECTION ( 'NONE',  ( 0.000000000000000000, -0.000000000000000000, 1.000000000000000000 ) ) ;
#262 = DIRECTION ( 'NONE',  ( 0.000000000000000000, -1.000000000000000000, 7.517135062566163550E-15 ) ) ;
#263 = DIRECTION ( 'NONE',  ( 0.000000000000000000, -1.000000000000000000, 0.000000000000000000 ) ) ;
#264 = VERTEX_POINT ( 'NONE', #3796 ) ;
#265 = CIRCLE ( 'NONE', #7195, 5.499999999999985789 ) ;
#266 = EDGE_CURVE ( 'NONE', #8221, #8963, #1413, .T. ) ;
#267 = ORIENTED_EDGE ( 'NONE', *, *, #2160, .F. ) ;
#268 = CARTESIAN_POINT ( 'NONE',  ( 35.27426189721744265, 0.09795398803915149333, 0.9261620132527620397 ) ) ;
#269 = ORIENTED_EDGE ( 'NONE', *, *, #7352, .T. ) ;
#270 = CARTESIAN_POINT ( 'NONE',  ( -45.19999999999996021, 14.60000000000000142, -11.75000000000000178 ) ) ;
#271 = CARTESIAN_POINT ( 'NONE',  ( -50.25000000000545697, 5.500000000000000000, 6.750000000010913936 ) ) ;
#272 = DIRECTION ( 'NONE',  ( 0.000000000000000000, 0.000000000000000000, 1.000000000000000000 ) ) ;
#273 = FACE_OUTER_BOUND ( 'NONE', #3511, .T. ) ;
#274 = DIRECTION ( 'NONE',  ( 0.8660254037843672092, 0.000000000000000000, 0.5000000000001236788 ) ) ;
#275 = ORIENTED_EDGE ( 'NONE', *, *, #4571, .F. ) ;
#276 = DIRECTION ( 'NONE',  ( -0.000000000000000000, 1.000000000000000000, 0.000000000000000000 ) ) ;
#277 = VERTEX_POINT ( 'NONE', #9925 ) ;
#278 = ORIENTED_EDGE ( 'NONE', *, *, #7532, .T. ) ;
#279 =( BOUNDED_CURVE ( )  B_SPLINE_CURVE ( 3, ( #8959, #6723, #2477, #1674 ),
 .UNSPECIFIED., .F., .F. ) 
 B_SPLINE_CURVE_WITH_KNOTS ( ( 4, 4 ),
 ( 4.712388980384687898, 6.256640474514465033 ),
 .UNSPECIFIED. ) 
 CURVE ( )  GEOMETRIC_REPRESENTATION_ITEM ( )  RATIONAL_B_SPLINE_CURVE ( ( 1.000000000000000000, 0.8109528274921281588, 0.8109528274921281588, 1.000000000000000000 ) ) 
 REPRESENTATION_ITEM ( '' )  );
#280 = DIRECTION ( 'NONE',  ( 0.000000000000000000, 1.000000000000000000, 0.000000000000000000 ) ) ;
#281 = VERTEX_POINT ( 'NONE', #2844 ) ;
#282 = ORIENTED_EDGE ( 'NONE', *, *, #6309, .F. ) ;
#283 = CARTESIAN_POINT ( 'NONE',  ( -51.99280968577653539, 7.920932411665745576, 4.292597590559728893 ) ) ;
#284 = DIRECTION ( 'NONE',  ( 0.7071067811865507924, 0.000000000000000000, -0.7071067811865442421 ) ) ;
#285 = FACE_OUTER_BOUND ( 'NONE', #716, .T. ) ;
#286 = CARTESIAN_POINT ( 'NONE',  ( -52.26257746176649732, 7.976581355789546635, 4.158831838306312534 ) ) ;
#287 = ORIENTED_EDGE ( 'NONE', *, *, #9137, .T. ) ;
#288 = EDGE_CURVE ( 'NONE', #2501, #365, #5417, .T. ) ;
#289 = DIRECTION ( 'NONE',  ( 0.000000000000000000, 1.000000000000000000, 0.000000000000000000 ) ) ;
#290 = PLANE ( 'NONE',  #5573 ) ;
#291 = DIRECTION ( 'NONE',  ( 0.000000000000000000, 1.000000000000000000, -0.000000000000000000 ) ) ;
#292 = VERTEX_POINT ( 'NONE', #8905 ) ;
#293 = CARTESIAN_POINT ( 'NONE',  ( -2.000000000000011990, 14.50000000000000000, -14.75000000000000355 ) ) ;
#294 = LINE ( 'NONE', #5908, #6 ) ;
#295 = DIRECTION ( 'NONE',  ( 0.000000000000000000, 0.000000000000000000, 1.000000000000000000 ) ) ;
#296 = ADVANCED_FACE ( 'NONE', ( #4861 ), #6386, .T. ) ;
#297 = CARTESIAN_POINT ( 'NONE',  ( 30.19999999999998153, 0.2999999999999999889, -11.31869555732605015 ) ) ;
#298 = CARTESIAN_POINT ( 'NONE',  ( -35.24172192299145934, 0.2946731267839041712, 2.765000000000000124 ) ) ;
#299 = ORIENTED_EDGE ( 'NONE', *, *, #2946, .F. ) ;
#300 = CIRCLE ( 'NONE', #9747, 0.5999999999999998668 ) ;
#301 = VERTEX_POINT ( 'NONE', #7287 ) ;
#302 = EDGE_CURVE ( 'NONE', #98, #4789, #3555, .T. ) ;
#303 = CARTESIAN_POINT ( 'NONE',  ( -52.25000000000001421, 6.947776825863866357, 3.267594706388181613 ) ) ;
#304 = DIRECTION ( 'NONE',  ( 0.000000000000000000, 0.000000000000000000, -1.000000000000000000 ) ) ;
#305 = CYLINDRICAL_SURFACE ( 'NONE', #3848, 0.5999999999999998668 ) ;
#306 = CARTESIAN_POINT ( 'NONE',  ( -31.27472780755320869, 0.000000000000000000, -2.765000000000000124 ) ) ;
#307 = ADVANCED_FACE ( 'NONE', ( #4753 ), #7187, .T. ) ;
#308 = VECTOR ( 'NONE', #6746, 1000.000000000000000 ) ;
#309 = CARTESIAN_POINT ( 'NONE',  ( 43.49999999999999289, 7.000000000000000000, 0.000000000000000000 ) ) ;
#310 = CARTESIAN_POINT ( 'NONE',  ( -53.20000000000000284, 9.700000000000001066, 2.925000000000023359 ) ) ;
#311 = CARTESIAN_POINT ( 'NONE',  ( -47.50000000000000711, 16.00000000000000000, 9.500000000000001776 ) ) ;
#312 = VERTEX_POINT ( 'NONE', #6337 ) ;
#313 = VERTEX_POINT ( 'NONE', #6493 ) ;
#314 = EDGE_CURVE ( 'NONE', #5615, #8761, #6650, .T. ) ;
#315 = AXIS2_PLACEMENT_3D ( 'NONE', #1201, #2799, #4438 ) ;
#316 = CARTESIAN_POINT ( 'NONE',  ( -52.20488312693201038, 8.872355668499986692, -4.203259824540701572 ) ) ;
#317 = ORIENTED_EDGE ( 'NONE', *, *, #7855, .F. ) ;
#318 = CARTESIAN_POINT ( 'NONE',  ( -47.50000000000000711, 3.000000000000000000, 9.500000000000001776 ) ) ;
#319 = DIRECTION ( 'NONE',  ( -1.000000000000000000, 2.647334709328807468E-15, 0.000000000000000000 ) ) ;
#320 = EDGE_CURVE ( 'NONE', #264, #7281, #9587, .T. ) ;
#321 = DIRECTION ( 'NONE',  ( -0.000000000000000000, -1.000000000000000000, 0.000000000000000000 ) ) ;
#322 = ORIENTED_EDGE ( 'NONE', *, *, #5498, .T. ) ;
#323 = DIRECTION ( 'NONE',  ( -0.000000000000000000, 1.000000000000000000, -0.000000000000000000 ) ) ;
#324 = VERTEX_POINT ( 'NONE', #8070 ) ;
#325 = ORIENTED_EDGE ( 'NONE', *, *, #5744, .F. ) ;
#326 = CARTESIAN_POINT ( 'NONE',  ( 8.380079849446691043, 0.5000000000000000000, -14.51472407072583692 ) ) ;
#327 = B_SPLINE_CURVE_WITH_KNOTS ( 'NONE', 3,
 ( #1828, #8384, #5071, #1935, #8278, #5020, #4327, #140 ),
 .UNSPECIFIED., .F., .F.,
 ( 4, 2, 2, 4 ),
 ( -3.466145320677185281E-06, 0.0002882777914485933806, 0.0004341497598332356577, 0.0005800217282178779347 ),
 .UNSPECIFIED. ) ;
#328 = CARTESIAN_POINT ( 'NONE',  ( -52.33704905526284534, 8.400000000000959588, 4.225000000000030731 ) ) ;
#329 = EDGE_LOOP ( 'NONE', ( #9307, #3884, #210, #5493 ) ) ;
#330 = ORIENTED_EDGE ( 'NONE', *, *, #4969, .T. ) ;
#331 = EDGE_CURVE ( 'NONE', #10406, #9565, #9528, .T. ) ;
#332 = CIRCLE ( 'NONE', #6081, 5.199999999999985967 ) ;
#333 = DIRECTION ( 'NONE',  ( 0.000000000000000000, 0.000000000000000000, 1.000000000000000000 ) ) ;
#334 = VECTOR ( 'NONE', #8205, 1000.000000000000000 ) ;
#335 = LINE ( 'NONE', #918, #8092 ) ;
#336 = CYLINDRICAL_SURFACE ( 'NONE', #6139, 0.2000000000000000944 ) ;
#337 = ORIENTED_EDGE ( 'NONE', *, *, #4795, .T. ) ;
#338 = DIRECTION ( 'NONE',  ( 8.673617379884087537E-15, -0.000000000000000000, -1.000000000000000000 ) ) ;
#339 = CIRCLE ( 'NONE', #9435, 0.8500000000000000888 ) ;
#340 = AXIS2_PLACEMENT_3D ( 'NONE', #2561, #3246, #6474 ) ;
#341 = CARTESIAN_POINT ( 'NONE',  ( -52.25000000000000711, 7.102280827012609876, -3.001973684210528237 ) ) ;
#342 = ORIENTED_EDGE ( 'NONE', *, *, #5686, .T. ) ;
#343 = DIRECTION ( 'NONE',  ( -1.000000000000000000, 0.000000000000000000, 2.891205793294712938E-15 ) ) ;
#344 = DIRECTION ( 'NONE',  ( 0.000000000000000000, -1.000000000000000000, 0.000000000000000000 ) ) ;
#345 = EDGE_CURVE ( 'NONE', #120, #2738, #5595, .T. ) ;
#346 = CARTESIAN_POINT ( 'NONE',  ( 30.49999999999998224, 0.000000000000000000, -11.63910652323463779 ) ) ;
#347 = DIRECTION ( 'NONE',  ( 0.000000000000000000, 0.000000000000000000, 1.000000000000000000 ) ) ;
#348 = EDGE_LOOP ( 'NONE', ( #3563, #8035, #8335, #8499, #5782 ) ) ;
#349 = ORIENTED_EDGE ( 'NONE', *, *, #7211, .T. ) ;
#350 = DIRECTION ( 'NONE',  ( 0.000000000000000000, 0.000000000000000000, 1.000000000000000000 ) ) ;
#351 = EDGE_CURVE ( 'NONE', #8411, #2818, #339, .T. ) ;
#352 = CARTESIAN_POINT ( 'NONE',  ( -45.19999999999999574, 17.00000000000000000, 6.750000000000006217 ) ) ;
#353 = CARTESIAN_POINT ( 'NONE',  ( -52.11892880171471631, 7.449781784289369213, 4.114102427807313056 ) ) ;
#354 = CYLINDRICAL_SURFACE ( 'NONE', #2319, 1.499999999999999556 ) ;
#355 = CARTESIAN_POINT ( 'NONE',  ( 45.25000000000000711, 6.000000000000000000, -4.074573519457105775 ) ) ;
#356 = PLANE ( 'NONE',  #7515 ) ;
#357 = DIRECTION ( 'NONE',  ( -0.000000000000000000, -0.000000000000000000, 1.000000000000000000 ) ) ;
#358 = ADVANCED_FACE ( 'NONE', ( #1670 ), #7342, .T. ) ;
#359 = CARTESIAN_POINT ( 'NONE',  ( 26.60635347795576777, 0.2999999999999999889, -5.723830892551231564 ) ) ;
#360 = ORIENTED_EDGE ( 'NONE', *, *, #10227, .T. ) ;
#361 = B_SPLINE_CURVE_WITH_KNOTS ( 'NONE', 3,
 ( #4785, #9461, #2981, #754, #698, #1544, #3987, #6419 ),
 .UNSPECIFIED., .F., .F.,
 ( 4, 2, 2, 4 ),
 ( -3.466145320679402389E-06, 0.0002882777914485954948, 0.0004341497598332373382, 0.0005800217282178792358 ),
 .UNSPECIFIED. ) ;
#362 = ORIENTED_EDGE ( 'NONE', *, *, #93, .T. ) ;
#363 = EDGE_CURVE ( 'NONE', #2823, #5361, #2416, .T. ) ;
#364 = CARTESIAN_POINT ( 'NONE',  ( -52.11956194878220572, 8.278038078818116929, -4.350092874894017747 ) ) ;
#365 = VERTEX_POINT ( 'NONE', #8857 ) ;
#366 = CIRCLE ( 'NONE', #7795, 0.2999999999999999334 ) ;
#367 = CARTESIAN_POINT ( 'NONE',  ( -52.40568058483291480, 7.315219914338405793, 3.641416195902961395 ) ) ;
#368 = DIRECTION ( 'NONE',  ( -1.000000000000000000, 0.000000000000000000, 0.000000000000000000 ) ) ;
#369 = EDGE_CURVE ( 'NONE', #6679, #7463, #1621, .T. ) ;
#370 = DIRECTION ( 'NONE',  ( 0.000000000000000000, 0.000000000000000000, 1.000000000000000000 ) ) ;
#371 = ORIENTED_EDGE ( 'NONE', *, *, #9843, .T. ) ;
#372 = CARTESIAN_POINT ( 'NONE',  ( -31.51661123066064363, 3.000000000000000000, -20.34067203111825251 ) ) ;
#373 = EDGE_LOOP ( 'NONE', ( #5531, #9959, #7349, #1743 ) ) ;
#374 = ORIENTED_EDGE ( 'NONE', *, *, #2759, .T. ) ;
#375 = VECTOR ( 'NONE', #344, 1000.000000000000000 ) ;
#376 = CARTESIAN_POINT ( 'NONE',  ( -52.45000000000001705, 9.697719172987385505, 3.001973684210523796 ) ) ;
#377 = CIRCLE ( 'NONE', #3432, 2.999999999999999112 ) ;
#378 = CARTESIAN_POINT ( 'NONE',  ( -45.20000000000000284, 14.60000000000000142, -6.750000000000000888 ) ) ;
#379 = ORIENTED_EDGE ( 'NONE', *, *, #6313, .F. ) ;
#380 = ORIENTED_EDGE ( 'NONE', *, *, #8541, .T. ) ;
#381 = DIRECTION ( 'NONE',  ( -0.000000000000000000, -1.000000000000000000, -0.000000000000000000 ) ) ;
#382 = EDGE_CURVE ( 'NONE', #6091, #3342, #3322, .T. ) ;
#383 = AXIS2_PLACEMENT_3D ( 'NONE', #796, #7098, #4028 ) ;
#384 = LINE ( 'NONE', #2821, #7988 ) ;
#385 = ORIENTED_EDGE ( 'NONE', *, *, #4795, .F. ) ;
#386 = AXIS2_PLACEMENT_3D ( 'NONE', #5522, #694, #8884 ) ;
#387 = EDGE_CURVE ( 'NONE', #1373, #7782, #5758, .T. ) ;
#388 = ORIENTED_EDGE ( 'NONE', *, *, #9510, .F. ) ;
#389 = LINE ( 'NONE', #9362, #5763 ) ;
#390 = VECTOR ( 'NONE', #8986, 1000.000000000000000 ) ;
#391 = LINE ( 'NONE', #2131, #2353 ) ;
#392 = CARTESIAN_POINT ( 'NONE',  ( -20.00000000000001066, 16.00000000000000000, -13.55000000000000249 ) ) ;
#393 = EDGE_LOOP ( 'NONE', ( #7789, #5380, #8152, #1115, #275, #10064 ) ) ;
#394 = CARTESIAN_POINT ( 'NONE',  ( -52.22340835089975997, 7.205390757595235840, -3.692296232791189681 ) ) ;
#395 = DIRECTION ( 'NONE',  ( -7.709882115452465347E-16, 0.000000000000000000, 1.000000000000000000 ) ) ;
#396 = DIRECTION ( 'NONE',  ( 0.000000000000000000, -0.000000000000000000, 1.000000000000000000 ) ) ;
#397 = CIRCLE ( 'NONE', #7665, 8.000000000000000000 ) ;
#398 = DIRECTION ( 'NONE',  ( 0.000000000000000000, 1.000000000000000000, -0.000000000000000000 ) ) ;
#399 = ORIENTED_EDGE ( 'NONE', *, *, #700, .T. ) ;
#400 = VECTOR ( 'NONE', #2856, 1000.000000000000000 ) ;
#401 = ORIENTED_EDGE ( 'NONE', *, *, #1899, .F. ) ;
#402 = FACE_OUTER_BOUND ( 'NONE', #4234, .T. ) ;
#403 = CARTESIAN_POINT ( 'NONE',  ( -29.95769889347217330, 6.046579875402138704, 8.861964771337504487 ) ) ;
#404 = EDGE_CURVE ( 'NONE', #4671, #6446, #3899, .T. ) ;
#405 = DIRECTION ( 'NONE',  ( 0.000000000000000000, 9.130123557772666115E-16, -1.000000000000000000 ) ) ;
#406 = ORIENTED_EDGE ( 'NONE', *, *, #76, .F. ) ;
#407 = CARTESIAN_POINT ( 'NONE',  ( -30.13203748537938864, 5.996123729295900873, -9.143749989102969877 ) ) ;
#408 = CIRCLE ( 'NONE', #10385, 0.2000000000000003719 ) ;
#409 = DIRECTION ( 'NONE',  ( 0.8660254037844393737, -0.000000000000000000, 0.4999999999999987232 ) ) ;
#410 = AXIS2_PLACEMENT_3D ( 'NONE', #1684, #8084, #4985 ) ;
#411 = FACE_OUTER_BOUND ( 'NONE', #964, .T. ) ;
#412 = CARTESIAN_POINT ( 'NONE',  ( 26.60921413079553233, 0.2077789836488289077, -5.709160920399542150 ) ) ;
#413 = ORIENTED_EDGE ( 'NONE', *, *, #7022, .F. ) ;
#414 = ORIENTED_EDGE ( 'NONE', *, *, #1019, .T. ) ;
#415 = AXIS2_PLACEMENT_3D ( 'NONE', #6044, #5161, #5307 ) ;
#416 = EDGE_CURVE ( 'NONE', #8256, #3444, #5179, .T. ) ;
#417 = CARTESIAN_POINT ( 'NONE',  ( -51.99271462781828035, 8.880799096165928219, -4.292154627758329788 ) ) ;
#418 = ORIENTED_EDGE ( 'NONE', *, *, #858, .T. ) ;
#419 = CARTESIAN_POINT ( 'NONE',  ( -45.00000000000001421, 6.500000000000000888, 0.000000000000000000 ) ) ;
#420 = DIRECTION ( 'NONE',  ( 0.000000000000000000, 0.000000000000000000, 1.000000000000000000 ) ) ;
#421 = ADVANCED_FACE ( 'NONE', ( #9164 ), #4374, .T. ) ;
#422 = AXIS2_PLACEMENT_3D ( 'NONE', #10148, #6211, #7639 ) ;
#423 = EDGE_CURVE ( 'NONE', #8607, #1559, #8272, .T. ) ;
#424 = ORIENTED_EDGE ( 'NONE', *, *, #1316, .T. ) ;
#425 = DIRECTION ( 'NONE',  ( -1.000000000000000000, -1.506492794866855939E-14, 0.000000000000000000 ) ) ;
#426 = ORIENTED_EDGE ( 'NONE', *, *, #9729, .T. ) ;
#427 = EDGE_CURVE ( 'NONE', #3508, #2700, #191, .T. ) ;
#428 = DIRECTION ( 'NONE',  ( 1.000000000000000000, 0.000000000000000000, 0.000000000000000000 ) ) ;
#429 = AXIS2_PLACEMENT_3D ( 'NONE', #8737, #7114, #551 ) ;
#430 = CYLINDRICAL_SURFACE ( 'NONE', #9693, 5.499999999999985789 ) ;
#431 = EDGE_LOOP ( 'NONE', ( #4723, #4586, #5614, #7673 ) ) ;
#432 = VERTEX_POINT ( 'NONE', #5863 ) ;
#433 = DIRECTION ( 'NONE',  ( -0.000000000000000000, 1.000000000000000000, -0.000000000000000000 ) ) ;
#434 = DIRECTION ( 'NONE',  ( 0.000000000000000000, 0.000000000000000000, 1.000000000000000000 ) ) ;
#435 = ORIENTED_EDGE ( 'NONE', *, *, #5856, .F. ) ;
#436 = ORIENTED_EDGE ( 'NONE', *, *, #1281, .T. ) ;
#437 = EDGE_CURVE ( 'NONE', #8842, #2546, #294, .T. ) ;
#438 = CARTESIAN_POINT ( 'NONE',  ( -34.31252571724582623, 0.2000000000000011768, -8.849999999999997868 ) ) ;
#439 = CARTESIAN_POINT ( 'NONE',  ( -44.75000000000000711, 8.000000000000000000, 9.500000000000001776 ) ) ;
#440 = CARTESIAN_POINT ( 'NONE',  ( -52.43183304299724767, 7.189219421286849432, -3.450629295177456868 ) ) ;
#441 = ORIENTED_EDGE ( 'NONE', *, *, #6430, .T. ) ;
#442 = DIRECTION ( 'NONE',  ( -0.000000000000000000, 1.000000000000000000, -0.000000000000000000 ) ) ;
#443 = ORIENTED_EDGE ( 'NONE', *, *, #7089, .F. ) ;
#444 = LINE ( 'NONE', #10101, #1220 ) ;
#445 = ADVANCED_FACE ( 'NONE', ( #10005 ), #213, .T. ) ;
#446 = FACE_OUTER_BOUND ( 'NONE', #3048, .T. ) ;
#447 = CARTESIAN_POINT ( 'NONE',  ( 2.009170479469691184, 13.00000000000000178, 14.75000000000000178 ) ) ;
#448 = VERTEX_POINT ( 'NONE', #9801 ) ;
#449 = EDGE_LOOP ( 'NONE', ( #3928, #7040, #2183, #8526 ) ) ;
#450 = CARTESIAN_POINT ( 'NONE',  ( 43.49999999999999289, 7.000000000000000000, 0.000000000000000000 ) ) ;
#451 = CARTESIAN_POINT ( 'NONE',  ( -30.03104001501887055, 5.998805320117242879, 8.744992356513241916 ) ) ;
#452 = VERTEX_POINT ( 'NONE', #8330 ) ;
#453 = DIRECTION ( 'NONE',  ( 1.000000000000000000, 0.000000000000000000, -8.673617379884087537E-15 ) ) ;
#454 = LINE ( 'NONE', #7070, #4230 ) ;
#455 = DIRECTION ( 'NONE',  ( -0.000000000000000000, -1.000000000000000000, -0.000000000000000000 ) ) ;
#456 = DIRECTION ( 'NONE',  ( 1.000000000000000000, -0.000000000000000000, 0.000000000000000000 ) ) ;
#457 = TOROIDAL_SURFACE ( 'NONE', #1659, 5.199999999999985967, 0.2999999999999999889 ) ;
#458 = CYLINDRICAL_SURFACE ( 'NONE', #2231, 0.3000000000000016542 ) ;
#459 = ORIENTED_EDGE ( 'NONE', *, *, #7780, .F. ) ;
#460 = ORIENTED_EDGE ( 'NONE', *, *, #9904, .T. ) ;
#461 = DIRECTION ( 'NONE',  ( 1.000000000000000000, 0.000000000000000000, -3.634931228083748646E-15 ) ) ;
#462 = AXIS2_PLACEMENT_3D ( 'NONE', #8082, #2483, #7356 ) ;
#463 = DIRECTION ( 'NONE',  ( 1.000000000000000000, -0.000000000000000000, -0.000000000000000000 ) ) ;
#464 = VERTEX_POINT ( 'NONE', #6748 ) ;
#465 = DIRECTION ( 'NONE',  ( 0.000000000000000000, 1.000000000000000000, 0.000000000000000000 ) ) ;
#466 = CARTESIAN_POINT ( 'NONE',  ( -44.75000000002182787, 5.500000000000000000, 291583.7750000000233 ) ) ;
#467 = CARTESIAN_POINT ( 'NONE',  ( -51.95000000000000995, 6.800000000000000711, 2.449999999999999734 ) ) ;
#468 = EDGE_CURVE ( 'NONE', #1341, #4410, #327, .T. ) ;
#469 = EDGE_LOOP ( 'NONE', ( #790, #1472, #6178, #9410, #1833, #5464 ) ) ;
#470 = CARTESIAN_POINT ( 'NONE',  ( 23.53973614986585616, 0.2034051652805226873, -7.479818315299306519 ) ) ;
#471 = AXIS2_PLACEMENT_3D ( 'NONE', #5543, #1512, #2360 ) ;
#472 = ORIENTED_EDGE ( 'NONE', *, *, #8802, .T. ) ;
#473 = EDGE_CURVE ( 'NONE', #3733, #3709, #8955, .T. ) ;
#474 = CARTESIAN_POINT ( 'NONE',  ( 0.5999999999999912070, 13.00000000000000178, 13.35000000000018971 ) ) ;
#475 = EDGE_CURVE ( 'NONE', #8403, #3404, #2754, .T. ) ;
#476 = DIRECTION ( 'NONE',  ( -0.000000000000000000, -1.000000000000000000, -0.000000000000000000 ) ) ;
#477 = VERTEX_POINT ( 'NONE', #1091 ) ;
#478 = EDGE_LOOP ( 'NONE', ( #1638, #4303, #6704, #5147 ) ) ;
#479 = LINE ( 'NONE', #1335, #9485 ) ;
#480 = CARTESIAN_POINT ( 'NONE',  ( -47.50000000000000711, 3.000000000000000000, -8.650000000000002132 ) ) ;
#481 = EDGE_CURVE ( 'NONE', #6948, #281, #5799, .T. ) ;
#482 = DIRECTION ( 'NONE',  ( -1.000000000000000000, -0.000000000000000000, -0.000000000000000000 ) ) ;
#483 = EDGE_LOOP ( 'NONE', ( #2095, #7300, #6001, #459, #6929, #349, #761 ) ) ;
#484 = LINE ( 'NONE', #1929, #4917 ) ;
#485 = EDGE_CURVE ( 'NONE', #8732, #6907, #7494, .T. ) ;
#486 = CARTESIAN_POINT ( 'NONE',  ( -45.19999999999994600, 3.000000000000000000, -14.75000000000000355 ) ) ;
#487 = CARTESIAN_POINT ( 'NONE',  ( -52.27769444090100848, 7.114324626393980111, -3.205023119328163528 ) ) ;
#488 = ORIENTED_EDGE ( 'NONE', *, *, #8748, .F. ) ;
#489 = DIRECTION ( 'NONE',  ( 0.000000000000000000, -0.000000000000000000, 1.000000000000000000 ) ) ;
#490 = CIRCLE ( 'NONE', #3028, 1.499999999999997780 ) ;
#491 = ORIENTED_EDGE ( 'NONE', *, *, #10171, .T. ) ;
#492 = LINE ( 'NONE', #6951, #7139 ) ;
#493 = EDGE_CURVE ( 'NONE', #9744, #1373, #9111, .T. ) ;
#494 = CARTESIAN_POINT ( 'NONE',  ( 1.036764281119435083, 14.50000000000000000, 14.75000000000000178 ) ) ;
#495 = DIRECTION ( 'NONE',  ( -3.384826294588891940E-16, -0.000000000000000000, -1.000000000000000000 ) ) ;
#496 = VERTEX_POINT ( 'NONE', #9901 ) ;
#497 = AXIS2_PLACEMENT_3D ( 'NONE', #1311, #4546, #262 ) ;
#498 = CIRCLE ( 'NONE', #7274, 3.000000000000000888 ) ;
#499 = VECTOR ( 'NONE', #10371, 1000.000000000000000 ) ;
#500 = ORIENTED_EDGE ( 'NONE', *, *, #9195, .T. ) ;
#501 = LINE ( 'NONE', #2944, #9430 ) ;
#502 = CARTESIAN_POINT ( 'NONE',  ( -29.84000000000000696, 0.5000000000000000000, -3.315000000000000391 ) ) ;
#503 = CARTESIAN_POINT ( 'NONE',  ( 41.25000000000000711, 8.000000000000000000, 12.25000000000000178 ) ) ;
#504 = ORIENTED_EDGE ( 'NONE', *, *, #5157, .F. ) ;
#505 = CARTESIAN_POINT ( 'NONE',  ( -45.19999999999999574, 16.00000000000000000, 6.750000000000006217 ) ) ;
#506 = CARTESIAN_POINT ( 'NONE',  ( 38.67508438243870472, 1.789568859311522647E-15, -7.407147389567374951 ) ) ;
#507 = CARTESIAN_POINT ( 'NONE',  ( -53.20000000000000284, 9.700000000000001066, -2.924999999999968736 ) ) ;
#508 = AXIS2_PLACEMENT_3D ( 'NONE', #5858, #6693, #9896 ) ;
#509 = FACE_OUTER_BOUND ( 'NONE', #9647, .T. ) ;
#510 = EDGE_CURVE ( 'NONE', #10394, #9692, #9395, .T. ) ;
#511 = DIRECTION ( 'NONE',  ( -1.000000000000000000, 0.000000000000000000, 1.971236424878472341E-15 ) ) ;
#512 = ORIENTED_EDGE ( 'NONE', *, *, #9651, .T. ) ;
#513 = VERTEX_POINT ( 'NONE', #8174 ) ;
#514 = EDGE_CURVE ( 'NONE', #2676, #3457, #1878, .T. ) ;
#515 = FACE_OUTER_BOUND ( 'NONE', #4804, .T. ) ;
#516 = LINE ( 'NONE', #6235, #3680 ) ;
#517 = ORIENTED_EDGE ( 'NONE', *, *, #9557, .T. ) ;
#518 = DIRECTION ( 'NONE',  ( -0.000000000000000000, 1.000000000000000000, -0.000000000000000000 ) ) ;
#519 = CARTESIAN_POINT ( 'NONE',  ( 2.099999999999991207, 13.00000000000000178, -12.35000000000018971 ) ) ;
#520 = CIRCLE ( 'NONE', #2898, 5.499999999999985789 ) ;
#521 = FACE_OUTER_BOUND ( 'NONE', #1844, .T. ) ;
#522 = ORIENTED_EDGE ( 'NONE', *, *, #2852, .T. ) ;
#523 = LINE ( 'NONE', #10191, #1059 ) ;
#524 = ORIENTED_EDGE ( 'NONE', *, *, #4976, .F. ) ;
#525 = EDGE_CURVE ( 'NONE', #2293, #4399, #4168, .T. ) ;
#526 = CYLINDRICAL_SURFACE ( 'NONE', #6942, 0.3000000000000016542 ) ;
#527 = CIRCLE ( 'NONE', #706, 0.2999999999999999334 ) ;
#528 = FACE_OUTER_BOUND ( 'NONE', #743, .T. ) ;
#529 = EDGE_CURVE ( 'NONE', #7874, #58, #6471, .T. ) ;
#530 = CARTESIAN_POINT ( 'NONE',  ( 2.009170479469691184, 13.00000000000000178, 14.75000000000000178 ) ) ;
#531 = ORIENTED_EDGE ( 'NONE', *, *, #954, .T. ) ;
#532 = ORIENTED_EDGE ( 'NONE', *, *, #7698, .T. ) ;
#533 = CARTESIAN_POINT ( 'NONE',  ( -30.14000000000000057, 5.995909431799613998, 2.765000000000000124 ) ) ;
#534 = CARTESIAN_POINT ( 'NONE',  ( 0.000000000000000000, 0.1999999999999996503, -9.049999999999998934 ) ) ;
#535 = CARTESIAN_POINT ( 'NONE',  ( -39.58434658500975445, 0.1071145293931473896, -3.592122244086235483 ) ) ;
#536 = ORIENTED_EDGE ( 'NONE', *, *, #5168, .T. ) ;
#537 = AXIS2_PLACEMENT_3D ( 'NONE', #8076, #5765, #3325 ) ;
#538 = ORIENTED_EDGE ( 'NONE', *, *, #6183, .T. ) ;
#539 = LINE ( 'NONE', #2729, #2550 ) ;
#540 = CARTESIAN_POINT ( 'NONE',  ( -31.39188509507858527, 3.268866404956363135E-17, -3.532157287525381939 ) ) ;
#541 = EDGE_CURVE ( 'NONE', #4829, #2928, #7643, .T. ) ;
#542 = DIRECTION ( 'NONE',  ( 0.000000000000000000, 0.000000000000000000, 1.000000000000000000 ) ) ;
#543 = ORIENTED_EDGE ( 'NONE', *, *, #700, .F. ) ;
#544 = DIRECTION ( 'NONE',  ( -1.000000000000000000, 0.000000000000000000, 0.000000000000000000 ) ) ;
#545 = VECTOR ( 'NONE', #9903, 1000.000000000000000 ) ;
#546 = VECTOR ( 'NONE', #6698, 1000.000000000000000 ) ;
#547 = ORIENTED_EDGE ( 'NONE', *, *, #6074, .F. ) ;
#548 = LINE ( 'NONE', #3675, #1732 ) ;
#549 = CIRCLE ( 'NONE', #7485, 2.750000000000000888 ) ;
#550 = EDGE_CURVE ( 'NONE', #7721, #5967, #5429, .T. ) ;
#551 = DIRECTION ( 'NONE',  ( 0.000000000000000000, 0.000000000000000000, 1.000000000000000000 ) ) ;
#552 = PLANE ( 'NONE',  #6971 ) ;
#553 = ORIENTED_EDGE ( 'NONE', *, *, #4501, .F. ) ;
#554 = ORIENTED_EDGE ( 'NONE', *, *, #2445, .T. ) ;
#555 = AXIS2_PLACEMENT_3D ( 'NONE', #9790, #6538, #1076 ) ;
#556 = DIRECTION ( 'NONE',  ( 1.000000000000000000, 0.000000000000000000, -0.000000000000000000 ) ) ;
#557 = VECTOR ( 'NONE', #5012, 1000.000000000000000 ) ;
#558 = DIRECTION ( 'NONE',  ( -0.000000000000000000, 1.000000000000000000, -0.000000000000000000 ) ) ;
#559 = ADVANCED_FACE ( 'NONE', ( #4638 ), #51, .T. ) ;
#560 = EDGE_LOOP ( 'NONE', ( #7121, #6531, #8949, #5405 ) ) ;
#561 = DIRECTION ( 'NONE',  ( 1.000000000000000000, 0.000000000000000000, 0.000000000000000000 ) ) ;
#562 = DIRECTION ( 'NONE',  ( 0.000000000000000000, 0.000000000000000000, 1.000000000000000000 ) ) ;
#563 = DIRECTION ( 'NONE',  ( 0.8660254037844393737, 0.000000000000000000, 0.4999999999999986677 ) ) ;
#564 = VECTOR ( 'NONE', #785, 1000.000000000000000 ) ;
#565 = DIRECTION ( 'NONE',  ( 0.000000000000000000, 0.000000000000000000, 1.000000000000000000 ) ) ;
#566 = AXIS2_PLACEMENT_3D ( 'NONE', #3748, #4661, #9436 ) ;
#567 = VECTOR ( 'NONE', #3324, 1000.000000000000000 ) ;
#568 = FACE_OUTER_BOUND ( 'NONE', #3352, .T. ) ;
#569 = ORIENTED_EDGE ( 'NONE', *, *, #7309, .T. ) ;
#570 = B_SPLINE_CURVE_WITH_KNOTS ( 'NONE', 3,
 ( #4739, #6371, #6266, #8843, #8107, #9465, #703, #4848 ),
 .UNSPECIFIED., .F., .F.,
 ( 4, 2, 2, 4 ),
 ( 0.000000000000000000, 0.0001382025733524870723, 0.0002764051467049741446, 0.0005528102934099417840 ),
 .UNSPECIFIED. ) ;
#571 = ORIENTED_EDGE ( 'NONE', *, *, #8238, .F. ) ;
#572 = EDGE_CURVE ( 'NONE', #1307, #7717, #548, .T. ) ;
#573 = VECTOR ( 'NONE', #5973, 1000.000000000000000 ) ;
#574 = CARTESIAN_POINT ( 'NONE',  ( -2.000000000000008882, 14.50000000000000000, 14.75000000000000178 ) ) ;
#575 = DIRECTION ( 'NONE',  ( 0.000000000000000000, 0.000000000000000000, 1.000000000000000000 ) ) ;
#576 = EDGE_LOOP ( 'NONE', ( #156, #8363, #8681, #9169 ) ) ;
#577 = CARTESIAN_POINT ( 'NONE',  ( -20.00000000000001066, 17.00000000000000000, -13.55000000000000249 ) ) ;
#578 = DIRECTION ( 'NONE',  ( 1.000000000000000000, -0.000000000000000000, 0.000000000000000000 ) ) ;
#579 = ADVANCED_FACE ( 'NONE', ( #6898 ), #7008, .F. ) ;
#580 = DIRECTION ( 'NONE',  ( 1.692413147294445970E-16, 0.000000000000000000, 1.000000000000000000 ) ) ;
#581 = DIRECTION ( 'NONE',  ( 0.000000000000000000, 0.000000000000000000, -1.000000000000000000 ) ) ;
#582 = VECTOR ( 'NONE', #9511, 1000.000000000000000 ) ;
#583 = ORIENTED_EDGE ( 'NONE', *, *, #5544, .F. ) ;
#584 = VECTOR ( 'NONE', #5207, 1000.000000000000000 ) ;
#585 = CARTESIAN_POINT ( 'NONE',  ( 23.22491561756128675, -1.334076891925522541E-16, -7.407147389567241724 ) ) ;
#586 = ORIENTED_EDGE ( 'NONE', *, *, #8321, .F. ) ;
#587 = SURFACE_STYLE_FILL_AREA ( #8129 ) ;
#588 = CYLINDRICAL_SURFACE ( 'NONE', #10196, 2.999999999999999112 ) ;
#589 = VECTOR ( 'NONE', #6568, 1000.000000000000000 ) ;
#590 = VERTEX_POINT ( 'NONE', #6111 ) ;
#591 = CIRCLE ( 'NONE', #3306, 0.6000000000000007550 ) ;
#592 = VERTEX_POINT ( 'NONE', #2832 ) ;
#593 = LINE ( 'NONE', #6305, #8654 ) ;
#594 = DIRECTION ( 'NONE',  ( -0.000000000000000000, 1.000000000000000000, -0.000000000000000000 ) ) ;
#595 = ORIENTED_EDGE ( 'NONE', *, *, #1871, .F. ) ;
#596 = CARTESIAN_POINT ( 'NONE',  ( 47.50000000000000000, 8.000000000000000000, -9.500000000000001776 ) ) ;
#597 = VECTOR ( 'NONE', #9742, 1000.000000000000000 ) ;
#598 = ORIENTED_EDGE ( 'NONE', *, *, #1329, .F. ) ;
#599 = CARTESIAN_POINT ( 'NONE',  ( 21.96734517834434897, 0.5000000000000000000, 21.96734517834455502 ) ) ;
#600 = FACE_BOUND ( 'NONE', #4518, .T. ) ;
#601 = DIRECTION ( 'NONE',  ( 0.000000000000000000, 0.000000000000000000, 1.000000000000000000 ) ) ;
#602 = ORIENTED_EDGE ( 'NONE', *, *, #3336, .F. ) ;
#603 = CARTESIAN_POINT ( 'NONE',  ( -52.20411386731401393, 7.847643348050768353, -4.174609651987011283 ) ) ;
#604 = ORIENTED_EDGE ( 'NONE', *, *, #7027, .F. ) ;
#605 = DIRECTION ( 'NONE',  ( -1.000000000000000000, 0.000000000000000000, -0.000000000000000000 ) ) ;
#606 = CARTESIAN_POINT ( 'NONE',  ( -52.45000000000001705, 7.102280827012616982, -3.001973684210527349 ) ) ;
#607 = DIRECTION ( 'NONE',  ( 1.000000000000000000, 0.000000000000000000, 0.000000000000000000 ) ) ;
#608 = ADVANCED_FACE ( 'NONE', ( #4480 ), #2988, .F. ) ;
#609 = EDGE_LOOP ( 'NONE', ( #7535, #9171, #5348, #9031, #6045, #7423, #9361, #6992, #3545 ) ) ;
#610 = ORIENTED_EDGE ( 'NONE', *, *, #5343, .F. ) ;
#611 = PLANE ( 'NONE',  #2544 ) ;
#612 = DIRECTION ( 'NONE',  ( -3.384826294588891940E-16, 0.000000000000000000, -1.000000000000000000 ) ) ;
#613 = EDGE_CURVE ( 'NONE', #2252, #9147, #7312, .T. ) ;
#614 = DIRECTION ( 'NONE',  ( 0.000000000000000000, -0.000000000000000000, 1.000000000000000000 ) ) ;
#615 = ORIENTED_EDGE ( 'NONE', *, *, #41, .F. ) ;
#616 = CARTESIAN_POINT ( 'NONE',  ( 50.25000000000000000, 13.00000000000000178, -4.000000000000000000 ) ) ;
#617 = EDGE_CURVE ( 'NONE', #10450, #9933, #7744, .T. ) ;
#618 = CARTESIAN_POINT ( 'NONE',  ( -45.19999999999999574, 14.60000000000000675, 6.750000000000006217 ) ) ;
#619 = CARTESIAN_POINT ( 'NONE',  ( -52.20475899798739050, 8.170326419120080175, 4.274804758350669864 ) ) ;
#620 = PLANE ( 'NONE',  #3376 ) ;
#621 = LINE ( 'NONE', #7872, #3080 ) ;
#622 = EDGE_CURVE ( 'NONE', #6755, #3430, #2187, .T. ) ;
#623 = ORIENTED_EDGE ( 'NONE', *, *, #6414, .T. ) ;
#624 = ORIENTED_EDGE ( 'NONE', *, *, #5123, .F. ) ;
#625 = CARTESIAN_POINT ( 'NONE',  ( 0.5999999999999912070, 14.50000000000000000, 13.35000000000018971 ) ) ;
#626 = EDGE_CURVE ( 'NONE', #1559, #1493, #2084, .T. ) ;
#627 = CARTESIAN_POINT ( 'NONE',  ( 31.69999999999997797, 0.2999999999999999889, 0.000000000000000000 ) ) ;
#628 = VERTEX_POINT ( 'NONE', #5268 ) ;
#629 = DIRECTION ( 'NONE',  ( -0.000000000000000000, -0.000000000000000000, 1.000000000000000000 ) ) ;
#630 = CYLINDRICAL_SURFACE ( 'NONE', #1757, 0.2000000000000000944 ) ;
#631 = CARTESIAN_POINT ( 'NONE',  ( -51.95000000000000995, 9.509019111597766027, -3.603289473684255118 ) ) ;
#632 = DIRECTION ( 'NONE',  ( -1.000000000000000000, 0.000000000000000000, -1.871330610546719070E-17 ) ) ;
#633 = ADVANCED_FACE ( 'NONE', ( #3727 ), #5323, .F. ) ;
#634 = ORIENTED_EDGE ( 'NONE', *, *, #8628, .F. ) ;
#635 = CARTESIAN_POINT ( 'NONE',  ( -52.22340835089975997, 9.594609242404864347, 3.692296232791095534 ) ) ;
#636 = VERTEX_POINT ( 'NONE', #1981 ) ;
#637 = FACE_OUTER_BOUND ( 'NONE', #1238, .T. ) ;
#638 = DIRECTION ( 'NONE',  ( 0.000000000000000000, 0.000000000000000000, -1.000000000000000000 ) ) ;
#639 = ORIENTED_EDGE ( 'NONE', *, *, #6519, .F. ) ;
#640 = EDGE_LOOP ( 'NONE', ( #7020, #9655, #413, #3532 ) ) ;
#641 = CARTESIAN_POINT ( 'NONE',  ( -52.33705538435194882, 8.291562316800584753, -4.224942351437010579 ) ) ;
#642 = DIRECTION ( 'NONE',  ( -0.000000000000000000, 1.000000000000000000, -0.000000000000000000 ) ) ;
#643 = CIRCLE ( 'NONE', #8240, 1.300000000000000711 ) ;
#644 = DIRECTION ( 'NONE',  ( 0.000000000000000000, 0.000000000000000000, 1.000000000000000000 ) ) ;
#645 = EDGE_CURVE ( 'NONE', #9771, #4895, #7696, .T. ) ;
#646 = ORIENTED_EDGE ( 'NONE', *, *, #3056, .F. ) ;
#647 = ORIENTED_EDGE ( 'NONE', *, *, #387, .F. ) ;
#648 = DIRECTION ( 'NONE',  ( 1.000000000000000000, 0.000000000000000000, 0.000000000000000000 ) ) ;
#649 = EDGE_CURVE ( 'NONE', #8269, #1928, #444, .T. ) ;
#650 = VECTOR ( 'NONE', #1622, 1000.000000000000000 ) ;
#651 = CARTESIAN_POINT ( 'NONE',  ( -39.68512705544042518, -8.136653386224946541E-16, 3.491341773655562086 ) ) ;
#652 = DIRECTION ( 'NONE',  ( 1.000000000000000000, -0.000000000000000000, 0.000000000000000000 ) ) ;
#653 = EDGE_LOOP ( 'NONE', ( #4819, #1585, #5257, #3731 ) ) ;
#654 = CARTESIAN_POINT ( 'NONE',  ( -52.27563198490998531, 9.491884724233109694, -3.630658523920786696 ) ) ;
#655 = ORIENTED_EDGE ( 'NONE', *, *, #9448, .F. ) ;
#656 = LINE ( 'NONE', #2463, #3930 ) ;
#657 = CARTESIAN_POINT ( 'NONE',  ( -3.469693845669916676, 13.00000000000000178, 13.55000000000019611 ) ) ;
#658 = DIRECTION ( 'NONE',  ( -1.000000000000000000, 2.647334709328807468E-15, 0.000000000000000000 ) ) ;
#659 = ORIENTED_EDGE ( 'NONE', *, *, #9099, .F. ) ;
#660 = VERTEX_POINT ( 'NONE', #5222 ) ;
#661 = CARTESIAN_POINT ( 'NONE',  ( 47.49999999999997868, 8.000000000000000000, -12.25000000000000178 ) ) ;
#662 = CIRCLE ( 'NONE', #10445, 1.999999999999997335 ) ;
#663 = CARTESIAN_POINT ( 'NONE',  ( -30.14000000000000057, 17.00100000000000122, 3.064999999999999947 ) ) ;
#664 = CARTESIAN_POINT ( 'NONE',  ( 52.75100000000002609, 9.700000000000001066, -2.925000000000016254 ) ) ;
#665 = VERTEX_POINT ( 'NONE', #1298 ) ;
#666 = CARTESIAN_POINT ( 'NONE',  ( 35.29364652204419883, 0.5000000000000000000, -5.723830892551258209 ) ) ;
#667 = DIRECTION ( 'NONE',  ( 0.000000000000000000, 0.000000000000000000, 1.000000000000000000 ) ) ;
#668 = DIRECTION ( 'NONE',  ( 1.000000000000000000, 0.000000000000000000, 0.000000000000000000 ) ) ;
#669 = EDGE_CURVE ( 'NONE', #5239, #6446, #492, .T. ) ;
#670 = DIRECTION ( 'NONE',  ( 0.000000000000000000, 1.000000000000000000, -0.000000000000000000 ) ) ;
#671 = FACE_OUTER_BOUND ( 'NONE', #393, .T. ) ;
#672 = CIRCLE ( 'NONE', #4228, 6.166261152084816288 ) ;
#673 = AXIS2_PLACEMENT_3D ( 'NONE', #2446, #9775, #7416 ) ;
#674 = CIRCLE ( 'NONE', #3387, 0.8500000000000000888 ) ;
#675 = LINE ( 'NONE', #7241, #2404 ) ;
#676 = VERTEX_POINT ( 'NONE', #1349 ) ;
#677 = ORIENTED_EDGE ( 'NONE', *, *, #7692, .F. ) ;
#678 = DIRECTION ( 'NONE',  ( 0.000000000000000000, 0.000000000000000000, -1.000000000000000000 ) ) ;
#679 = AXIS2_PLACEMENT_3D ( 'NONE', #8423, #8527, #2130 ) ;
#680 = CARTESIAN_POINT ( 'NONE',  ( -30.70813922878696189, 5.966497381827025492, 8.349999999999996092 ) ) ;
#681 = ADVANCED_FACE ( 'NONE', ( #10152 ), #2937, .F. ) ;
#682 = EDGE_LOOP ( 'NONE', ( #3190, #3105, #1898, #2602 ) ) ;
#683 = CYLINDRICAL_SURFACE ( 'NONE', #7002, 5.499999999999985789 ) ;
#684 = DIRECTION ( 'NONE',  ( 1.000000000000000000, 0.000000000000000000, 0.000000000000000000 ) ) ;
#685 = CYLINDRICAL_SURFACE ( 'NONE', #9468, 9.000000000000012434 ) ;
#686 = VERTEX_POINT ( 'NONE', #9688 ) ;
#687 = EDGE_CURVE ( 'NONE', #1689, #2060, #8736, .T. ) ;
#688 = ORIENTED_EDGE ( 'NONE', *, *, #9156, .T. ) ;
#689 = PLANE ( 'NONE',  #4318 ) ;
#690 = EDGE_CURVE ( 'NONE', #2859, #3720, #656, .T. ) ;
#691 = ORIENTED_EDGE ( 'NONE', *, *, #4409, .T. ) ;
#692 = CARTESIAN_POINT ( 'NONE',  ( 20.65000000000000213, 0.5000000000000004441, -10.25000000000000533 ) ) ;
#693 = CARTESIAN_POINT ( 'NONE',  ( 50.24999999999999289, 11.34999999999999964, 3.299999999999999378 ) ) ;
#694 = DIRECTION ( 'NONE',  ( -0.000000000000000000, -0.000000000000000000, 1.000000000000000000 ) ) ;
#695 = ORIENTED_EDGE ( 'NONE', *, *, #4472, .F. ) ;
#696 = COLOUR_RGB ( '',0.7921568627450980005, 0.8196078431372548767, 0.9333333333333333481 ) ;
#697 = ORIENTED_EDGE ( 'NONE', *, *, #3469, .T. ) ;
#698 = CARTESIAN_POINT ( 'NONE',  ( 23.48234969852236276, 0.1248391197358920401, 2.766862494131281824 ) ) ;
#699 = DIRECTION ( 'NONE',  ( 0.000000000000000000, 0.000000000000000000, 1.000000000000000000 ) ) ;
#700 = EDGE_CURVE ( 'NONE', #2170, #5994, #5532, .T. ) ;
#701 = LINE ( 'NONE', #2237, #4330 ) ;
#702 = ORIENTED_EDGE ( 'NONE', *, *, #7887, .F. ) ;
#703 = CARTESIAN_POINT ( 'NONE',  ( 30.43208284934520691, -4.517509052022827033E-18, -7.592751484835231324 ) ) ;
#704 = ORIENTED_EDGE ( 'NONE', *, *, #13, .F. ) ;
#705 = DIRECTION ( 'NONE',  ( -0.000000000000000000, -0.000000000000000000, 1.000000000000000000 ) ) ;
#706 = AXIS2_PLACEMENT_3D ( 'NONE', #2215, #9498, #735 ) ;
#707 = EDGE_CURVE ( 'NONE', #10044, #513, #1501, .T. ) ;
#708 = CARTESIAN_POINT ( 'NONE',  ( -8.107033542344556309, 13.00000000000000178, 14.04179399400123351 ) ) ;
#709 = LINE ( 'NONE', #8792, #7644 ) ;
#710 = ORIENTED_EDGE ( 'NONE', *, *, #2397, .F. ) ;
#711 = ORIENTED_EDGE ( 'NONE', *, *, #3746, .T. ) ;
#712 = CARTESIAN_POINT ( 'NONE',  ( -50.25000000000000711, 8.000000000000000000, 9.499999999999980460 ) ) ;
#713 = CIRCLE ( 'NONE', #7642, 3.750000000000001776 ) ;
#714 = VECTOR ( 'NONE', #7854, 1000.000000000000000 ) ;
#715 = CARTESIAN_POINT ( 'NONE',  ( -400000.2249999999767, 5.500000000000000000, -12.24999999999454303 ) ) ;
#716 = EDGE_LOOP ( 'NONE', ( #5300, #2805, #4022, #6915 ) ) ;
#717 = VECTOR ( 'NONE', #4797, 1000.000000000000000 ) ;
#718 = CARTESIAN_POINT ( 'NONE',  ( 22.70783969873346564, -1.712135930716695311E-15, 1.811545626786781549 ) ) ;
#719 = LINE ( 'NONE', #37, #650 ) ;
#720 = LINE ( 'NONE', #8072, #1924 ) ;
#721 = VECTOR ( 'NONE', #3251, 1000.000000000000000 ) ;
#722 = CARTESIAN_POINT ( 'NONE',  ( 8.530079849446764229, 0.000000000000000000, -14.77453169186123638 ) ) ;
#723 = ORIENTED_EDGE ( 'NONE', *, *, #10290, .T. ) ;
#724 = ADVANCED_FACE ( 'NONE', ( #5692 ), #3147, .F. ) ;
#725 = VERTEX_POINT ( 'NONE', #8059 ) ;
#726 = EDGE_CURVE ( 'NONE', #5912, #10100, #10314, .T. ) ;
#727 = CARTESIAN_POINT ( 'NONE',  ( -52.45000000000000995, 9.897368276523902608, -3.013815789473690110 ) ) ;
#728 = CIRCLE ( 'NONE', #5302, 0.2999999999999999334 ) ;
#729 = CARTESIAN_POINT ( 'NONE',  ( -47.50000000000000711, 3.000000000000000000, 10.35000000000000142 ) ) ;
#730 = ORIENTED_EDGE ( 'NONE', *, *, #2890, .T. ) ;
#731 = VECTOR ( 'NONE', #8094, 1000.000000000000000 ) ;
#732 = DIRECTION ( 'NONE',  ( -1.000000000000000000, -0.000000000000000000, -0.000000000000000000 ) ) ;
#733 = CARTESIAN_POINT ( 'NONE',  ( -7.849999999999971223, 13.00000000000000178, 14.19019237886469220 ) ) ;
#734 = LINE ( 'NONE', #6927, #4144 ) ;
#735 = DIRECTION ( 'NONE',  ( -5.782411586589358033E-15, 0.000000000000000000, 1.000000000000000000 ) ) ;
#736 = VERTEX_POINT ( 'NONE', #8894 ) ;
#737 = ORIENTED_EDGE ( 'NONE', *, *, #1198, .T. ) ;
#738 = ADVANCED_FACE ( 'NONE', ( #9525 ), #1660, .F. ) ;
#739 = VECTOR ( 'NONE', #1522, 1000.000000000000000 ) ;
#740 = DIRECTION ( 'NONE',  ( -0.000000000000000000, -0.000000000000000000, 1.000000000000000000 ) ) ;
#741 = EDGE_CURVE ( 'NONE', #8295, #752, #2296, .T. ) ;
#742 = EDGE_LOOP ( 'NONE', ( #7860, #9191, #9115, #8742, #4470, #7785, #460, #10207, #7392, #9533, #7044, #2247 ) ) ;
#743 = EDGE_LOOP ( 'NONE', ( #89, #839, #5367, #2829 ) ) ;
#744 = DIRECTION ( 'NONE',  ( 0.000000000000000000, 0.000000000000000000, 1.000000000000000000 ) ) ;
#745 = CARTESIAN_POINT ( 'NONE',  ( -52.33704276677080003, 8.507051016228091456, -4.225057278784964510 ) ) ;
#746 = AXIS2_PLACEMENT_3D ( 'NONE', #9166, #249, #2790 ) ;
#747 = PLANE ( 'NONE',  #9182 ) ;
#748 = AXIS2_PLACEMENT_3D ( 'NONE', #309, #3539, #6762 ) ;
#749 = DIRECTION ( 'NONE',  ( -0.000000000000000000, 0.000000000000000000, 1.000000000000000000 ) ) ;
#750 = ORIENTED_EDGE ( 'NONE', *, *, #4832, .T. ) ;
#751 = EDGE_CURVE ( 'NONE', #10133, #170, #3941, .T. ) ;
#752 = VERTEX_POINT ( 'NONE', #5635 ) ;
#753 = AXIS2_PLACEMENT_3D ( 'NONE', #10348, #10289, #4715 ) ;
#754 = CARTESIAN_POINT ( 'NONE',  ( 23.44446861781634439, 0.09378038618371579982, 2.758250430495010175 ) ) ;
#755 = VECTOR ( 'NONE', #1875, 1000.000000000000000 ) ;
#756 = CARTESIAN_POINT ( 'NONE',  ( 30.19999999999998153, 0.2999999999999999889, -7.798623679425841893 ) ) ;
#757 = CARTESIAN_POINT ( 'NONE',  ( 0.000000000000000000, 16.00000000000000000, 13.55000000000000604 ) ) ;
#758 = ORIENTED_EDGE ( 'NONE', *, *, #9970, .T. ) ;
#759 = CARTESIAN_POINT ( 'NONE',  ( -52.36521917770472356, 9.203668377989870919, -3.968786056728786704 ) ) ;
#760 = EDGE_CURVE ( 'NONE', #1121, #3484, #9318, .T. ) ;
#761 = ORIENTED_EDGE ( 'NONE', *, *, #8466, .T. ) ;
#762 = CARTESIAN_POINT ( 'NONE',  ( -34.52834772718359346, 0.000000000000000000, 0.000000000000000000 ) ) ;
#763 = AXIS2_PLACEMENT_3D ( 'NONE', #5319, #2984, #5425 ) ;
#764 = CARTESIAN_POINT ( 'NONE',  ( -39.63977263648107652, 0.1999999999999987899, -2.765000000000000124 ) ) ;
#765 = CARTESIAN_POINT ( 'NONE',  ( 2.009170479469691184, 14.50000000000000000, 14.75000000000000178 ) ) ;
#766 = ORIENTED_EDGE ( 'NONE', *, *, #4123, .T. ) ;
#767 = EDGE_CURVE ( 'NONE', #2606, #244, #10161, .T. ) ;
#768 = VERTEX_POINT ( 'NONE', #6323 ) ;
#769 = CARTESIAN_POINT ( 'NONE',  ( 43.49999999999999289, 7.000000000000000000, 0.000000000000000000 ) ) ;
#770 = DIRECTION ( 'NONE',  ( 0.5000000000000009992, 0.000000000000000000, 0.8660254037844380415 ) ) ;
#771 = ORIENTED_EDGE ( 'NONE', *, *, #1068, .F. ) ;
#772 = CARTESIAN_POINT ( 'NONE',  ( -29.81007189365366372, -2.624222992386002318, -20.34067203111825251 ) ) ;
#773 = DIRECTION ( 'NONE',  ( 0.000000000000000000, 0.000000000000000000, 1.000000000000000000 ) ) ;
#774 = DIRECTION ( 'NONE',  ( 0.000000000000000000, 0.000000000000000000, -1.000000000000000000 ) ) ;
#775 = FACE_OUTER_BOUND ( 'NONE', #9669, .T. ) ;
#776 = CYLINDRICAL_SURFACE ( 'NONE', #746, 0.1999999999999987899 ) ;
#777 = CARTESIAN_POINT ( 'NONE',  ( 31.70000000000002771, 0.2999999999999999889, 6.618695557326044643 ) ) ;
#778 = EDGE_LOOP ( 'NONE', ( #9575, #8388, #2886, #9355 ) ) ;
#779 = VERTEX_POINT ( 'NONE', #6373 ) ;
#780 = DIRECTION ( 'NONE',  ( -0.000000000000000000, 1.000000000000000000, -0.000000000000000000 ) ) ;
#781 = EDGE_CURVE ( 'NONE', #3430, #7954, #9576, .T. ) ;
#782 = DIRECTION ( 'NONE',  ( -1.000000000000000000, 0.000000000000000000, -1.380801687650050777E-15 ) ) ;
#783 = ORIENTED_EDGE ( 'NONE', *, *, #4958, .F. ) ;
#784 = FACE_OUTER_BOUND ( 'NONE', #7251, .T. ) ;
#785 = DIRECTION ( 'NONE',  ( 1.000000000000000000, 0.000000000000000000, 4.231032868236115418E-16 ) ) ;
#786 = VERTEX_POINT ( 'NONE', #864 ) ;
#787 = FACE_OUTER_BOUND ( 'NONE', #2287, .T. ) ;
#788 = LINE ( 'NONE', #7087, #3745 ) ;
#789 = ORIENTED_EDGE ( 'NONE', *, *, #7315, .T. ) ;
#790 = ORIENTED_EDGE ( 'NONE', *, *, #5116, .F. ) ;
#791 = EDGE_CURVE ( 'NONE', #3350, #862, #7277, .T. ) ;
#792 = DIRECTION ( 'NONE',  ( 4.336808689941893096E-15, 0.000000000000000000, 1.000000000000000000 ) ) ;
#793 = ORIENTED_EDGE ( 'NONE', *, *, #247, .T. ) ;
#794 = ORIENTED_EDGE ( 'NONE', *, *, #5837, .T. ) ;
#795 = CARTESIAN_POINT ( 'NONE',  ( 45.25000000000000711, 8.000000000000000000, 0.9682458365518327170 ) ) ;
#796 = CARTESIAN_POINT ( 'NONE',  ( 30.95000000000000284, 0.000000000000000000, -2.350000000000003197 ) ) ;
#797 = EDGE_CURVE ( 'NONE', #4210, #6091, #3594, .T. ) ;
#798 = LINE ( 'NONE', #5569, #582 ) ;
#799 = LINE ( 'NONE', #8778, #7651 ) ;
#800 = VERTEX_POINT ( 'NONE', #1550 ) ;
#801 = VECTOR ( 'NONE', #7021, 1000.000000000000000 ) ;
#802 = EDGE_CURVE ( 'NONE', #2002, #3610, #7329, .T. ) ;
#803 = ORIENTED_EDGE ( 'NONE', *, *, #7565, .F. ) ;
#804 = CARTESIAN_POINT ( 'NONE',  ( -51.96380946639080634, 7.465268144135401407, -4.121946119023315092 ) ) ;
#805 = DIRECTION ( 'NONE',  ( -1.000000000000000000, -0.000000000000000000, 4.476705744456300993E-16 ) ) ;
#806 = CARTESIAN_POINT ( 'NONE',  ( 47.49999999999999289, 3.000000000000000000, -9.499999999999998224 ) ) ;
#807 = ORIENTED_EDGE ( 'NONE', *, *, #1262, .F. ) ;
#808 = CARTESIAN_POINT ( 'NONE',  ( -52.26167570767463388, 8.615286570286690093, -4.211499472778993614 ) ) ;
#809 = AXIS2_PLACEMENT_3D ( 'NONE', #9851, #1934, #2631 ) ;
#810 = ORIENTED_EDGE ( 'NONE', *, *, #6569, .T. ) ;
#811 = CARTESIAN_POINT ( 'NONE',  ( 30.95000000000000284, 0.5000000000000000000, -2.350000000000003197 ) ) ;
#812 = EDGE_CURVE ( 'NONE', #8221, #8903, #3199, .T. ) ;
#813 = LINE ( 'NONE', #9577, #5842 ) ;
#814 = DIRECTION ( 'NONE',  ( 1.000000000000000000, -0.000000000000000000, -0.000000000000000000 ) ) ;
#815 = ORIENTED_EDGE ( 'NONE', *, *, #6475, .T. ) ;
#816 = EDGE_CURVE ( 'NONE', #6097, #1991, #1566, .T. ) ;
#817 = VERTEX_POINT ( 'NONE', #8690 ) ;
#818 = CARTESIAN_POINT ( 'NONE',  ( -20.00000000000001066, 16.00000000000000000, 2.352167425053299574E-15 ) ) ;
#819 = CARTESIAN_POINT ( 'NONE',  ( 47.49999999999999289, 11.00000000000000178, 9.500000000000000000 ) ) ;
#820 = ORIENTED_EDGE ( 'NONE', *, *, #9783, .F. ) ;
#821 = LINE ( 'NONE', #4109, #6381 ) ;
#822 = CARTESIAN_POINT ( 'NONE',  ( 47.49999999999999289, 3.000000000000000000, 9.500000000000001776 ) ) ;
#823 = DIRECTION ( 'NONE',  ( 0.000000000000000000, -1.000000000000000000, 0.000000000000000000 ) ) ;
#824 = EDGE_CURVE ( 'NONE', #2948, #4792, #5291, .T. ) ;
#825 = CARTESIAN_POINT ( 'NONE',  ( 0.5999999999999912070, 14.50000000000000000, -13.55000000000000071 ) ) ;
#826 = CARTESIAN_POINT ( 'NONE',  ( -47.50000000000000711, 14.50000000000000000, -9.500000000000001776 ) ) ;
#827 = VERTEX_POINT ( 'NONE', #8943 ) ;
#828 = VECTOR ( 'NONE', #9943, 1000.000000000000000 ) ;
#829 = ORIENTED_EDGE ( 'NONE', *, *, #8719, .T. ) ;
#830 = CARTESIAN_POINT ( 'NONE',  ( -52.22340835089975997, 7.205390757595139029, 3.692296232791100863 ) ) ;
#831 = CARTESIAN_POINT ( 'NONE',  ( 45.25000000000000711, 7.000000000000000000, -0.9682458365518327170 ) ) ;
#832 = CARTESIAN_POINT ( 'NONE',  ( 47.49999999999997868, 11.00000000000000178, -14.75000000000000000 ) ) ;
#833 = EDGE_CURVE ( 'NONE', #5043, #7791, #7480, .T. ) ;
#834 = VERTEX_POINT ( 'NONE', #2723 ) ;
#835 = VECTOR ( 'NONE', #7370, 1000.000000000000000 ) ;
#836 = FACE_OUTER_BOUND ( 'NONE', #3136, .T. ) ;
#837 = AXIS2_PLACEMENT_3D ( 'NONE', #10051, #3669, #2078 ) ;
#838 = DIRECTION ( 'NONE',  ( 0.000000000000000000, 1.000000000000000000, 0.000000000000000000 ) ) ;
#839 = ORIENTED_EDGE ( 'NONE', *, *, #4563, .F. ) ;
#840 = DIRECTION ( 'NONE',  ( -2.668805347656624115E-15, 0.000000000000000000, 1.000000000000000000 ) ) ;
#841 = LINE ( 'NONE', #4290, #7635 ) ;
#842 = ORIENTED_EDGE ( 'NONE', *, *, #751, .T. ) ;
#843 = EDGE_CURVE ( 'NONE', #6365, #1399, #9889, .T. ) ;
#844 = ORIENTED_EDGE ( 'NONE', *, *, #7413, .T. ) ;
#845 = AXIS2_PLACEMENT_3D ( 'NONE', #5703, #10438, #667 ) ;
#846 = AXIS2_PLACEMENT_3D ( 'NONE', #2338, #2180, #8629 ) ;
#847 = LINE ( 'NONE', #4024, #72 ) ;
#848 = ORIENTED_EDGE ( 'NONE', *, *, #4044, .F. ) ;
#849 = CARTESIAN_POINT ( 'NONE',  ( -35.06554871542299878, 0.2000000000000000944, -3.615000000000000213 ) ) ;
#850 = FACE_OUTER_BOUND ( 'NONE', #778, .T. ) ;
#851 = DIRECTION ( 'NONE',  ( 1.000000000000000000, 0.000000000000000000, -5.139921410301693197E-16 ) ) ;
#852 = LINE ( 'NONE', #4087, #2104 ) ;
#853 = ADVANCED_FACE ( 'NONE', ( #1025 ), #4258, .F. ) ;
#854 = VECTOR ( 'NONE', #4201, 1000.000000000000000 ) ;
#855 = DIRECTION ( 'NONE',  ( -1.000000000000000000, -1.506492794866855939E-14, 0.000000000000000000 ) ) ;
#856 = ORIENTED_EDGE ( 'NONE', *, *, #6811, .T. ) ;
#857 = ORIENTED_EDGE ( 'NONE', *, *, #9807, .T. ) ;
#858 = EDGE_CURVE ( 'NONE', #2612, #4885, #8263, .T. ) ;
#859 = LINE ( 'NONE', #3305, #2714 ) ;
#860 = DIRECTION ( 'NONE',  ( -1.176083712526649195E-16, 0.000000000000000000, -1.000000000000000000 ) ) ;
#861 = CARTESIAN_POINT ( 'NONE',  ( -34.34233853611036835, 0.1265113557324328841, 2.778990808926776523 ) ) ;
#862 = VERTEX_POINT ( 'NONE', #231 ) ;
#863 = LINE ( 'NONE', #9573, #7575 ) ;
#864 = CARTESIAN_POINT ( 'NONE',  ( -20.00000000000000355, 13.00000000000000178, -12.25000000000000178 ) ) ;
#865 = AXIS2_PLACEMENT_3D ( 'NONE', #9402, #5711, #5411 ) ;
#866 = DIRECTION ( 'NONE',  ( 1.000000000000000000, 0.000000000000000000, 0.000000000000000000 ) ) ;
#867 = CARTESIAN_POINT ( 'NONE',  ( 45.25000000000000711, 8.000000000000000000, -12.25000000000000000 ) ) ;
#868 = ORIENTED_EDGE ( 'NONE', *, *, #10426, .T. ) ;
#869 = EDGE_CURVE ( 'NONE', #292, #6423, #2923, .T. ) ;
#870 = CYLINDRICAL_SURFACE ( 'NONE', #180, 0.3000000000000003220 ) ;
#871 = ORIENTED_EDGE ( 'NONE', *, *, #5640, .F. ) ;
#872 = CARTESIAN_POINT ( 'NONE',  ( -31.11939691791956974, 0.5000000000000004441, 2.765000000000000124 ) ) ;
#873 = VECTOR ( 'NONE', #3950, 1000.000000000000000 ) ;
#874 = CARTESIAN_POINT ( 'NONE',  ( 22.77335966720670513, 0.09378038618371598023, 1.595855630624926746 ) ) ;
#875 = FACE_OUTER_BOUND ( 'NONE', #3473, .T. ) ;
#876 = EDGE_CURVE ( 'NONE', #4186, #6581, #5010, .T. ) ;
#877 = DIRECTION ( 'NONE',  ( -0.000000000000000000, -1.000000000000000000, -0.000000000000000000 ) ) ;
#878 = DIRECTION ( 'NONE',  ( -0.000000000000000000, -1.000000000000000000, 0.000000000000000000 ) ) ;
#879 = CYLINDRICAL_SURFACE ( 'NONE', #5626, 2.999999999999999112 ) ;
#880 = VERTEX_POINT ( 'NONE', #3411 ) ;
#881 = AXIS2_PLACEMENT_3D ( 'NONE', #1368, #7192, #10393 ) ;
#882 = ORIENTED_EDGE ( 'NONE', *, *, #2927, .F. ) ;
#883 = VECTOR ( 'NONE', #7059, 1000.000000000000000 ) ;
#884 = ADVANCED_FACE ( 'NONE', ( #916 ), #2565, .F. ) ;
#885 = AXIS2_PLACEMENT_3D ( 'NONE', #10036, #2117, #6246 ) ;
#886 =( LENGTH_UNIT ( ) NAMED_UNIT ( * ) SI_UNIT ( .MILLI., .METRE. ) );
#887 = CARTESIAN_POINT ( 'NONE',  ( -22.80000000000001492, 11.00000000000000178, -13.55000000000000249 ) ) ;
#888 = CARTESIAN_POINT ( 'NONE',  ( 54.26387818865998014, 8.000000000000000000, -7.250000000000000888 ) ) ;
#889 = ORIENTED_EDGE ( 'NONE', *, *, #1149, .T. ) ;
#890 = DIRECTION ( 'NONE',  ( 0.000000000000000000, 1.000000000000000000, -0.000000000000000000 ) ) ;
#891 = VECTOR ( 'NONE', #433, 1000.000000000000000 ) ;
#892 = DIRECTION ( 'NONE',  ( 1.000000000000000000, 0.000000000000000000, -0.000000000000000000 ) ) ;
#893 = ORIENTED_EDGE ( 'NONE', *, *, #7077, .T. ) ;
#894 = AXIS2_PLACEMENT_3D ( 'NONE', #4405, #3757, #3654 ) ;
#895 = CARTESIAN_POINT ( 'NONE',  ( 47.49999999999997868, 16.00000000000000000, 12.25000000000000711 ) ) ;
#896 = ORIENTED_EDGE ( 'NONE', *, *, #1652, .T. ) ;
#897 = ORIENTED_EDGE ( 'NONE', *, *, #7436, .F. ) ;
#898 = EDGE_CURVE ( 'NONE', #3703, #2662, #4106, .T. ) ;
#899 = AXIS2_PLACEMENT_3D ( 'NONE', #9827, #3451, #5728 ) ;
#900 = CARTESIAN_POINT ( 'NONE',  ( -24.49308044258726724, 13.00000000000000178, 14.75000000000000355 ) ) ;
#901 = CIRCLE ( 'NONE', #3772, 9.000000000000012434 ) ;
#902 = CARTESIAN_POINT ( 'NONE',  ( -29.84000000000000696, 6.500000000000000888, -10.25000000000000178 ) ) ;
#903 = CARTESIAN_POINT ( 'NONE',  ( 39.08172798364529399, -1.697056274847719815, 6.181727983645293634 ) ) ;
#904 = LINE ( 'NONE', #8304, #7994 ) ;
#905 = VECTOR ( 'NONE', #684, 1000.000000000000000 ) ;
#906 = DIRECTION ( 'NONE',  ( 0.000000000000000000, 0.000000000000000000, 1.000000000000000000 ) ) ;
#907 = VERTEX_POINT ( 'NONE', #9049 ) ;
#908 = VECTOR ( 'NONE', #3006, 1000.000000000000000 ) ;
#909 = ORIENTED_EDGE ( 'NONE', *, *, #9681, .T. ) ;
#910 = CARTESIAN_POINT ( 'NONE',  ( 30.95000000000000284, 0.5000000000000000000, -2.350000000000003197 ) ) ;
#911 = CIRCLE ( 'NONE', #2804, 0.2999999999999999334 ) ;
#912 = LINE ( 'NONE', #9146, #3462 ) ;
#913 = AXIS2_PLACEMENT_3D ( 'NONE', #1632, #4016, #4765 ) ;
#914 = ORIENTED_EDGE ( 'NONE', *, *, #833, .F. ) ;
#915 = DIRECTION ( 'NONE',  ( 0.000000000000000000, 1.000000000000000000, -0.000000000000000000 ) ) ;
#916 = FACE_OUTER_BOUND ( 'NONE', #5426, .T. ) ;
#917 = EDGE_CURVE ( 'NONE', #2090, #8027, #9942, .T. ) ;
#918 = CARTESIAN_POINT ( 'NONE',  ( 25.85635347795577133, -0.001000000000000024307, -4.424792786874576223 ) ) ;
#919 = CARTESIAN_POINT ( 'NONE',  ( -52.38137872115428451, 9.367695482386766415, 3.818702871855399916 ) ) ;
#920 = CARTESIAN_POINT ( 'NONE',  ( -39.76146882909598901, 0.000000000000000000, 0.000000000000000000 ) ) ;
#921 = DIRECTION ( 'NONE',  ( -0.000000000000000000, -0.000000000000000000, -1.000000000000000000 ) ) ;
#922 = VECTOR ( 'NONE', #83, 1000.000000000000000 ) ;
#923 = AXIS2_PLACEMENT_3D ( 'NONE', #9938, #8260, #1021 ) ;
#924 = ORIENTED_EDGE ( 'NONE', *, *, #3919, .T. ) ;
#925 = CARTESIAN_POINT ( 'NONE',  ( 50.25000000000000000, 13.00000000000000178, -6.000000000000000000 ) ) ;
#926 = DIRECTION ( 'NONE',  ( -0.000000000000000000, 1.000000000000000000, -0.000000000000000000 ) ) ;
#927 = DIRECTION ( 'NONE',  ( 0.000000000000000000, 3.585095183685399014E-14, -1.000000000000000000 ) ) ;
#928 = VERTEX_POINT ( 'NONE', #1922 ) ;
#929 = DIRECTION ( 'NONE',  ( -0.000000000000000000, 1.000000000000000000, -0.000000000000000000 ) ) ;
#930 = CARTESIAN_POINT ( 'NONE',  ( 31.69999999999997797, -0.001000000000000024307, -7.798623679425841893 ) ) ;
#931 = DIRECTION ( 'NONE',  ( 0.000000000000000000, 0.000000000000000000, 1.000000000000000000 ) ) ;
#932 = AXIS2_PLACEMENT_3D ( 'NONE', #10002, #6947, #7693 ) ;
#933 = DIRECTION ( 'NONE',  ( -5.139921410301651289E-17, 0.000000000000000000, 1.000000000000000000 ) ) ;
#934 = EDGE_CURVE ( 'NONE', #4048, #6459, #4156, .T. ) ;
#935 = DIRECTION ( 'NONE',  ( 0.000000000000000000, -1.000000000000000000, 0.000000000000000000 ) ) ;
#936 = LINE ( 'NONE', #2478, #9142 ) ;
#937 = ORIENTED_EDGE ( 'NONE', *, *, #9103, .F. ) ;
#938 = ORIENTED_EDGE ( 'NONE', *, *, #1473, .F. ) ;
#939 = EDGE_CURVE ( 'NONE', #3120, #9433, #1769, .T. ) ;
#940 = VECTOR ( 'NONE', #8896, 1000.000000000000000 ) ;
#941 = EDGE_CURVE ( 'NONE', #448, #10406, #2512, .T. ) ;
#942 = CARTESIAN_POINT ( 'NONE',  ( 0.000000000000000000, 4.899999999999999467, 8.349999999999997868 ) ) ;
#943 = DIRECTION ( 'NONE',  ( -1.000000000000000000, 0.000000000000000000, 0.000000000000000000 ) ) ;
#944 = DIRECTION ( 'NONE',  ( -0.4999999999999987232, 0.000000000000000000, 0.8660254037844393737 ) ) ;
#945 = LINE ( 'NONE', #729, #151 ) ;
#946 = ORIENTED_EDGE ( 'NONE', *, *, #4043, .T. ) ;
#947 = CARTESIAN_POINT ( 'NONE',  ( -47.50000000000000711, 16.00000000000000000, -9.500000000000001776 ) ) ;
#948 = DIRECTION ( 'NONE',  ( -0.3420201433256564449, 0.000000000000000000, 0.9396926207859128688 ) ) ;
#949 = EDGE_CURVE ( 'NONE', #3664, #2002, #5112, .T. ) ;
#950 = VERTEX_POINT ( 'NONE', #10202 ) ;
#951 = CARTESIAN_POINT ( 'NONE',  ( 52.75100000000002609, 7.099999999999998757, -2.925000000000016254 ) ) ;
#952 = VERTEX_POINT ( 'NONE', #7779 ) ;
#953 = ORIENTED_EDGE ( 'NONE', *, *, #5888, .F. ) ;
#954 = EDGE_CURVE ( 'NONE', #4759, #6882, #2124, .T. ) ;
#955 = CARTESIAN_POINT ( 'NONE',  ( 39.09211819145301092, 0.2999999999999999889, 1.484828725824668183 ) ) ;
#956 =( BOUNDED_CURVE ( )  B_SPLINE_CURVE ( 3, ( #861, #2562, #6685, #9046 ),
 .UNSPECIFIED., .F., .F. ) 
 B_SPLINE_CURVE_WITH_KNOTS ( ( 4, 4 ),
 ( 3.517851087758627315, 4.712388980384689674 ),
 .UNSPECIFIED. ) 
 CURVE ( )  GEOMETRIC_REPRESENTATION_ITEM ( )  RATIONAL_B_SPLINE_CURVE ( ( 1.000000000000000000, 0.8845830693046164983, 0.8845830693046164983, 1.000000000000000000 ) ) 
 REPRESENTATION_ITEM ( '' )  );
#957 = VERTEX_POINT ( 'NONE', #1286 ) ;
#958 = CARTESIAN_POINT ( 'NONE',  ( 31.69999999999998508, 0.2505450496179571496, -11.31869555732605015 ) ) ;
#959 = DIRECTION ( 'NONE',  ( -0.7071067811865507924, 0.000000000000000000, 0.7071067811865441310 ) ) ;
#960 = DIRECTION ( 'NONE',  ( -1.000000000000000000, 0.000000000000000000, 3.154042683594191669E-16 ) ) ;
#961 = EDGE_CURVE ( 'NONE', #6581, #8032, #4406, .T. ) ;
#962 = DIRECTION ( 'NONE',  ( 0.000000000000000000, 0.000000000000000000, 1.000000000000000000 ) ) ;
#963 = ORIENTED_EDGE ( 'NONE', *, *, #2040, .T. ) ;
#964 = EDGE_LOOP ( 'NONE', ( #6866, #3747, #3592, #80, #6804, #7553 ) ) ;
#965 = CARTESIAN_POINT ( 'NONE',  ( -8.947521086617219380E-16, 8.000000000000000000, 12.25000000000000355 ) ) ;
#966 = B_SPLINE_CURVE_WITH_KNOTS ( 'NONE', 3,
 ( #407, #6225, #9427, #9274, #2199, #10065 ),
 .UNSPECIFIED., .F., .F.,
 ( 4, 2, 4 ),
 ( 0.000000000000000000, 0.0004228049033699867116, 0.0008456098067399734231 ),
 .UNSPECIFIED. ) ;
#967 = FACE_OUTER_BOUND ( 'NONE', #5250, .T. ) ;
#968 = VERTEX_POINT ( 'NONE', #9356 ) ;
#969 = CARTESIAN_POINT ( 'NONE',  ( -52.21634909492504306, 9.522991074029036440, -3.782849669574330775 ) ) ;
#970 = ADVANCED_FACE ( 'NONE', ( #3768 ), #2820, .T. ) ;
#971 = CARTESIAN_POINT ( 'NONE',  ( -34.44357915404025761, -7.612458484799914281E-17, -8.965231426856663077 ) ) ;
#972 = VECTOR ( 'NONE', #5756, 1000.000000000000000 ) ;
#973 = CARTESIAN_POINT ( 'NONE',  ( -52.33704279059700326, 8.293000100198542057, 4.225057065303531978 ) ) ;
#974 = ADVANCED_FACE ( 'NONE', ( #6047 ), #9250, .F. ) ;
#975 = VERTEX_POINT ( 'NONE', #2172 ) ;
#976 = CYLINDRICAL_SURFACE ( 'NONE', #3557, 0.2000000000000000944 ) ;
#977 = AXIS2_PLACEMENT_3D ( 'NONE', #3626, #2880, #7056 ) ;
#978 = CARTESIAN_POINT ( 'NONE',  ( -47.50000000000000711, 3.000000000000000000, 10.35000000000000142 ) ) ;
#979 = DIRECTION ( 'NONE',  ( 0.000000000000000000, 0.000000000000000000, 1.000000000000000000 ) ) ;
#980 = EDGE_LOOP ( 'NONE', ( #815, #3454, #4621, #1441 ) ) ;
#981 = PLANE ( 'NONE',  #4023 ) ;
#982 = CARTESIAN_POINT ( 'NONE',  ( -52.45000000000001705, 6.899999999999998579, -2.925000000000016254 ) ) ;
#983 = AXIS2_PLACEMENT_3D ( 'NONE', #10332, #3109, #1255 ) ;
#984 = CARTESIAN_POINT ( 'NONE',  ( 36.04364652204422725, -0.001000000000000024307, -0.2752072131254369447 ) ) ;
#985 = DIRECTION ( 'NONE',  ( 0.000000000000000000, 1.000000000000000000, 0.000000000000000000 ) ) ;
#986 = ORIENTED_EDGE ( 'NONE', *, *, #7081, .F. ) ;
#987 = ORIENTED_EDGE ( 'NONE', *, *, #6936, .T. ) ;
#988 = CARTESIAN_POINT ( 'NONE',  ( -20.00000000000001066, 17.00000000000000000, 13.55000000000000604 ) ) ;
#989 = EDGE_CURVE ( 'NONE', #9767, #8616, #3268, .T. ) ;
#990 = CARTESIAN_POINT ( 'NONE',  ( -52.00319465118865736, 8.642702946773580308, 4.338305428497906568 ) ) ;
#991 = FACE_OUTER_BOUND ( 'NONE', #8086, .T. ) ;
#992 = AXIS2_PLACEMENT_3D ( 'NONE', #4169, #141, #6338 ) ;
#993 = DIRECTION ( 'NONE',  ( 0.5000000000000003331, 0.000000000000000000, 0.8660254037844385966 ) ) ;
#994 = ORIENTED_EDGE ( 'NONE', *, *, #2648, .T. ) ;
#995 = CARTESIAN_POINT ( 'NONE',  ( -31.45678631915142631, 0.2827931057192691333, -2.765000000000000124 ) ) ;
#996 = CARTESIAN_POINT ( 'NONE',  ( 47.49999999999997868, 8.000000000000000000, -14.75000000000000178 ) ) ;
#997 = EDGE_LOOP ( 'NONE', ( #7761, #4833, #2881, #6370 ) ) ;
#998 = CARTESIAN_POINT ( 'NONE',  ( -53.20000000000000284, 3.000000000000000000, 6.749999999999950262 ) ) ;
#999 = ORIENTED_EDGE ( 'NONE', *, *, #1791, .T. ) ;
#1000 = ORIENTED_EDGE ( 'NONE', *, *, #4513, .T. ) ;
#1001 = EDGE_CURVE ( 'NONE', #4348, #928, #2868, .T. ) ;
#1002 = CARTESIAN_POINT ( 'NONE',  ( -52.11623319514254149, 9.009002635916534274, -4.253749210878559062 ) ) ;
#1003 = AXIS2_PLACEMENT_3D ( 'NONE', #8951, #7338, #3318 ) ;
#1004 = VERTEX_POINT ( 'NONE', #5258 ) ;
#1005 = DIRECTION ( 'NONE',  ( -0.8660254037844393737, 0.000000000000000000, -0.4999999999999987232 ) ) ;
#1006 = DIRECTION ( 'NONE',  ( -0.000000000000000000, 1.000000000000000000, -0.000000000000000000 ) ) ;
#1007 = CARTESIAN_POINT ( 'NONE',  ( 8.380079849446763873, 0.5000000000000000000, -14.51472407072590443 ) ) ;
#1008 = EDGE_CURVE ( 'NONE', #8842, #752, #8468, .T. ) ;
#1009 = DIRECTION ( 'NONE',  ( -0.000000000000000000, 1.000000000000000000, -0.000000000000000000 ) ) ;
#1010 = EDGE_CURVE ( 'NONE', #9143, #6628, #479, .T. ) ;
#1011 = LINE ( 'NONE', #7880, #6676 ) ;
#1012 = FACE_OUTER_BOUND ( 'NONE', #1700, .T. ) ;
#1013 = ORIENTED_EDGE ( 'NONE', *, *, #5396, .T. ) ;
#1014 = VECTOR ( 'NONE', #6711, 1000.000000000000000 ) ;
#1015 = AXIS2_PLACEMENT_3D ( 'NONE', #6420, #7053, #7950 ) ;
#1016 = VERTEX_POINT ( 'NONE', #4465 ) ;
#1017 = ORIENTED_EDGE ( 'NONE', *, *, #2381, .F. ) ;
#1018 =( BOUNDED_CURVE ( )  B_SPLINE_CURVE ( 3, ( #1234, #3721, #2027, #4475 ),
 .UNSPECIFIED., .F., .F. ) 
 B_SPLINE_CURVE_WITH_KNOTS ( ( 4, 4 ),
 ( 3.624580542955738505, 4.712388980384689674 ),
 .UNSPECIFIED. ) 
 CURVE ( )  GEOMETRIC_REPRESENTATION_ITEM ( )  RATIONAL_B_SPLINE_CURVE ( ( 1.000000000000000000, 0.9037965667448141227, 0.9037965667448141227, 1.000000000000000000 ) ) 
 REPRESENTATION_ITEM ( '' )  );
#1019 = EDGE_CURVE ( 'NONE', #496, #800, #10140, .T. ) ;
#1020 = DIRECTION ( 'NONE',  ( 0.000000000000000000, 0.000000000000000000, -1.000000000000000000 ) ) ;
#1021 = DIRECTION ( 'NONE',  ( 0.000000000000000000, 0.000000000000000000, 1.000000000000000000 ) ) ;
#1022 = ORIENTED_EDGE ( 'NONE', *, *, #5081, .F. ) ;
#1023 = CARTESIAN_POINT ( 'NONE',  ( -2.000000000000008882, 13.00000000000000178, 12.35000000000019149 ) ) ;
#1024 = VECTOR ( 'NONE', #6593, 1000.000000000000000 ) ;
#1025 = FACE_OUTER_BOUND ( 'NONE', #5110, .T. ) ;
#1026 = CARTESIAN_POINT ( 'NONE',  ( -53.20100000000002183, 9.849999999999999645, 2.500000000000000000 ) ) ;
#1027 = CARTESIAN_POINT ( 'NONE',  ( -52.34850307846957662, 7.877682272334584290, 4.120210123730170260 ) ) ;
#1028 = ORIENTED_EDGE ( 'NONE', *, *, #10364, .F. ) ;
#1029 = EDGE_CURVE ( 'NONE', #2374, #9122, #5210, .T. ) ;
#1030 = CARTESIAN_POINT ( 'NONE',  ( 51.95000000000000284, 11.00000000000000178, -9.499999999999964473 ) ) ;
#1031 = FACE_OUTER_BOUND ( 'NONE', #4478, .T. ) ;
#1032 = CARTESIAN_POINT ( 'NONE',  ( -21.63608679191100137, 13.00000000000000178, -18.15483244721227152 ) ) ;
#1033 = EDGE_LOOP ( 'NONE', ( #1448, #7492, #2985, #1798 ) ) ;
#1034 = DIRECTION ( 'NONE',  ( 1.000000000000000000, -0.000000000000000000, 1.871330610546719070E-17 ) ) ;
#1035 = CARTESIAN_POINT ( 'NONE',  ( 51.95000000000000284, 11.00000000000000178, 4.000000000000000000 ) ) ;
#1036 = AXIS2_PLACEMENT_3D ( 'NONE', #9292, #5305, #1278 ) ;
#1037 = EDGE_CURVE ( 'NONE', #7577, #9907, #3662, .T. ) ;
#1038 = CARTESIAN_POINT ( 'NONE',  ( -25.50000000000000711, 11.00000000000000178, 13.55000000000000249 ) ) ;
#1039 = CARTESIAN_POINT ( 'NONE',  ( 30.49999999999998224, 0.000000000000000000, -11.31869555732605015 ) ) ;
#1040 = ORIENTED_EDGE ( 'NONE', *, *, #1654, .T. ) ;
#1041 = EDGE_LOOP ( 'NONE', ( #104, #8937, #5065, #8500 ) ) ;
#1042 = CIRCLE ( 'NONE', #8973, 9.000000000000012434 ) ;
#1043 = CARTESIAN_POINT ( 'NONE',  ( -52.40568058483292901, 9.484780085661595805, 3.641416195902957398 ) ) ;
#1044 = CARTESIAN_POINT ( 'NONE',  ( 52.75000000000000711, 9.000000000000001776, 9.500000000000001776 ) ) ;
#1045 = LINE ( 'NONE', #4226, #4363 ) ;
#1046 = CARTESIAN_POINT ( 'NONE',  ( 0.000000000000000000, 14.50000000000000000, 13.25000000000000178 ) ) ;
#1047 = EDGE_LOOP ( 'NONE', ( #3072, #7181, #7205, #6924 ) ) ;
#1048 = CARTESIAN_POINT ( 'NONE',  ( -31.27472780755320869, 0.000000000000000000, 3.415000000000000036 ) ) ;
#1049 = CARTESIAN_POINT ( 'NONE',  ( -25.50000000000001066, 13.00000000000000178, 12.25000000000000178 ) ) ;
#1050 = AXIS2_PLACEMENT_3D ( 'NONE', #6283, #1567, #4811 ) ;
#1051 = DIRECTION ( 'NONE',  ( 0.000000000000000000, 1.000000000000000000, -0.000000000000000000 ) ) ;
#1052 = ADVANCED_FACE ( 'NONE', ( #3613 ), #6155, .F. ) ;
#1053 = ORIENTED_EDGE ( 'NONE', *, *, #2962, .F. ) ;
#1054 = EDGE_LOOP ( 'NONE', ( #4813, #2069, #1379, #6984, #6186, #2385, #8740, #342, #2337 ) ) ;
#1055 = CIRCLE ( 'NONE', #9821, 0.2888330770816419091 ) ;
#1056 = CARTESIAN_POINT ( 'NONE',  ( -52.20449052920049837, 8.641174788125258743, -4.260318664616425721 ) ) ;
#1057 = EDGE_LOOP ( 'NONE', ( #2175, #8695, #512, #3817, #1337, #2135, #6023, #4149 ) ) ;
#1058 = CARTESIAN_POINT ( 'NONE',  ( 9.130079849446664397, 0.2999999999999999889, -15.81376217640248427 ) ) ;
#1059 = VECTOR ( 'NONE', #10132, 1000.000000000000000 ) ;
#1060 = DIRECTION ( 'NONE',  ( 0.000000000000000000, 0.000000000000000000, 1.000000000000000000 ) ) ;
#1061 = CARTESIAN_POINT ( 'NONE',  ( 30.95000000000000284, 0.5000000000000000000, -2.350000000000003197 ) ) ;
#1062 = FACE_OUTER_BOUND ( 'NONE', #4535, .T. ) ;
#1063 = ADVANCED_FACE ( 'NONE', ( #6843 ), #7685, .T. ) ;
#1064 = EDGE_LOOP ( 'NONE', ( #524, #8974, #1315, #6030 ) ) ;
#1065 = EDGE_LOOP ( 'NONE', ( #6819, #6554, #4853, #10074, #1834, #4419, #3443, #4932, #4450, #6520, #2306, #8077 ) ) ;
#1066 = VECTOR ( 'NONE', #8988, 1000.000000000000000 ) ;
#1067 = ORIENTED_EDGE ( 'NONE', *, *, #9783, .T. ) ;
#1068 = EDGE_CURVE ( 'NONE', #660, #8005, #9992, .T. ) ;
#1069 = DIRECTION ( 'NONE',  ( -0.000000000000000000, -1.000000000000000000, -0.000000000000000000 ) ) ;
#1070 = DIRECTION ( 'NONE',  ( 0.000000000000000000, 0.000000000000000000, 1.000000000000000000 ) ) ;
#1071 = ORIENTED_EDGE ( 'NONE', *, *, #7667, .F. ) ;
#1072 = EDGE_LOOP ( 'NONE', ( #9974, #5685, #9078, #1859, #6729, #8257 ) ) ;
#1073 = CARTESIAN_POINT ( 'NONE',  ( 0.000000000000000000, 0.5000000000000004441, 8.349999999999997868 ) ) ;
#1074 = VECTOR ( 'NONE', #9617, 1000.000000000000114 ) ;
#1075 = UNCERTAINTY_MEASURE_WITH_UNIT (LENGTH_MEASURE( 1.000000000000000082E-05 ), #8331, 'distance_accuracy_value', 'NONE');
#1076 = DIRECTION ( 'NONE',  ( 0.000000000000000000, 0.000000000000000000, 1.000000000000000000 ) ) ;
#1077 = CIRCLE ( 'NONE', #6156, 0.1999999999999987899 ) ;
#1078 = TOROIDAL_SURFACE ( 'NONE', #8338, 5.199999999999985967, 0.2999999999999999889 ) ;
#1079 = CARTESIAN_POINT ( 'NONE',  ( 0.5999999999999912070, 13.00000000000000178, 13.35000000000018971 ) ) ;
#1080 = CARTESIAN_POINT ( 'NONE',  ( -8.947521086617219380E-16, 8.000000000000000000, 12.25000000000000355 ) ) ;
#1081 = EDGE_CURVE ( 'NONE', #6365, #9722, #6883, .T. ) ;
#1082 =( BOUNDED_SURFACE ( )  B_SPLINE_SURFACE ( 3, 2, ( 
 ( #7740, #341, #8425 ),
 ( #6795, #487, #2932 ),
 ( #2784, #6010, #440 ),
 ( #9259, #6163, #2828 ) ),
 .UNSPECIFIED., .F., .F., .F. ) 
 B_SPLINE_SURFACE_WITH_KNOTS ( ( 4, 4 ),
 ( 3, 3 ),
 ( 0.000000000000000000, 0.0007827539330232003312 ),
 ( 0.000000000000000000, 1.000000000000000000 ),
 .UNSPECIFIED. ) 
 GEOMETRIC_REPRESENTATION_ITEM ( )  RATIONAL_B_SPLINE_SURFACE ( (
 ( 1.000000000000000000, 0.7071067811865597852, 1.000000000000000000),
 ( 1.000000000000000000, 0.7595966335268801162, 1.000000000000000000),
 ( 1.000000000000000000, 0.8024371557888760886, 1.000000000000000000),
 ( 1.000000000000000000, 0.8371290630494907514, 1.000000000000000000) ) ) 
 REPRESENTATION_ITEM ( '' )  SURFACE ( )  );
#1083 = ORIENTED_EDGE ( 'NONE', *, *, #707, .F. ) ;
#1084 = FACE_OUTER_BOUND ( 'NONE', #8887, .T. ) ;
#1085 = CIRCLE ( 'NONE', #4128, 2.750000000000000888 ) ;
#1086 = EDGE_CURVE ( 'NONE', #4136, #2813, #2072, .T. ) ;
#1087 = CYLINDRICAL_SURFACE ( 'NONE', #5401, 0.2999999999999998779 ) ;
#1088 = DIRECTION ( 'NONE',  ( -1.000000000000000000, 0.000000000000000000, 0.000000000000000000 ) ) ;
#1089 = EDGE_LOOP ( 'NONE', ( #5141, #8155, #8247, #5356 ) ) ;
#1090 = CARTESIAN_POINT ( 'NONE',  ( -20.00000000000001066, 14.59999999999999964, -14.75000000000000355 ) ) ;
#1091 = CARTESIAN_POINT ( 'NONE',  ( -20.00000000000001066, 14.50000000000000000, -13.25000000000000178 ) ) ;
#1092 = CARTESIAN_POINT ( 'NONE',  ( 0.000000000000000000, 0.000000000000000000, 0.000000000000000000 ) ) ;
#1093 = EDGE_CURVE ( 'NONE', #7228, #9143, #593, .T. ) ;
#1094 = VECTOR ( 'NONE', #9878, 1000.000000000000000 ) ;
#1095 = CARTESIAN_POINT ( 'NONE',  ( 30.27889104939037423, 0.09378038618371778434, -11.40410606111989722 ) ) ;
#1096 = LINE ( 'NONE', #3529, #4614 ) ;
#1097 = EDGE_LOOP ( 'NONE', ( #1370, #5867, #10159, #9280 ) ) ;
#1098 = EDGE_LOOP ( 'NONE', ( #10113, #2911, #7062, #7217 ) ) ;
#1099 = EDGE_CURVE ( 'NONE', #1872, #6297, #9921, .T. ) ;
#1100 = FACE_OUTER_BOUND ( 'NONE', #2899, .T. ) ;
#1101 = TOROIDAL_SURFACE ( 'NONE', #7522, 1.500000000000000888, 0.2000000000000000111 ) ;
#1102 = VECTOR ( 'NONE', #6201, 1000.000000000000000 ) ;
#1103 = CARTESIAN_POINT ( 'NONE',  ( -52.12881868157650445, 9.556350158180245913, 3.973976113587728509 ) ) ;
#1104 = DIRECTION ( 'NONE',  ( 1.000000000000000000, 0.000000000000000000, 0.000000000000000000 ) ) ;
#1105 = LINE ( 'NONE', #8344, #1664 ) ;
#1106 = ORIENTED_EDGE ( 'NONE', *, *, #9398, .T. ) ;
#1107 = DIRECTION ( 'NONE',  ( -0.000000000000000000, -0.000000000000000000, 1.000000000000000000 ) ) ;
#1108 = CARTESIAN_POINT ( 'NONE',  ( 47.49999999999997158, 0.000000000000000000, 11.75000000000000000 ) ) ;
#1109 = CARTESIAN_POINT ( 'NONE',  ( 30.49999999999998224, 0.000000000000000000, -11.63910652323463779 ) ) ;
#1110 = CARTESIAN_POINT ( 'NONE',  ( 31.70000000000002061, 0.2999999999999999889, 3.098623679425835942 ) ) ;
#1111 = ORIENTED_EDGE ( 'NONE', *, *, #3836, .F. ) ;
#1112 = ORIENTED_EDGE ( 'NONE', *, *, #1710, .T. ) ;
#1113 = EDGE_CURVE ( 'NONE', #4251, #3733, #3980, .T. ) ;
#1114 = CARTESIAN_POINT ( 'NONE',  ( -31.47472780755320443, 0.1999999999999987899, 3.615000000000000213 ) ) ;
#1115 = ORIENTED_EDGE ( 'NONE', *, *, #10108, .F. ) ;
#1116 = FACE_OUTER_BOUND ( 'NONE', #8722, .T. ) ;
#1117 = CYLINDRICAL_SURFACE ( 'NONE', #6486, 8.000000000000000000 ) ;
#1118 = LINE ( 'NONE', #3402, #1066 ) ;
#1119 = ORIENTED_EDGE ( 'NONE', *, *, #802, .T. ) ;
#1120 = LINE ( 'NONE', #7574, #3591 ) ;
#1121 = VERTEX_POINT ( 'NONE', #5520 ) ;
#1122 = ORIENTED_EDGE ( 'NONE', *, *, #4836, .F. ) ;
#1123 = CARTESIAN_POINT ( 'NONE',  ( -8.958845726811304644, 13.00000000000000178, 13.55000000000019078 ) ) ;
#1124 = EDGE_CURVE ( 'NONE', #9026, #2751, #9994, .T. ) ;
#1125 = CARTESIAN_POINT ( 'NONE',  ( 30.95000000000000284, -0.001000000000000024307, -2.350000000000003197 ) ) ;
#1126 = ORIENTED_EDGE ( 'NONE', *, *, #2626, .T. ) ;
#1127 = ORIENTED_EDGE ( 'NONE', *, *, #1141, .F. ) ;
#1128 = CARTESIAN_POINT ( 'NONE',  ( -53.20100000000002183, 9.850000000000003197, -2.500000000000000888 ) ) ;
#1129 = DIRECTION ( 'NONE',  ( -0.000000000000000000, -0.000000000000000000, 1.000000000000000000 ) ) ;
#1130 = CARTESIAN_POINT ( 'NONE',  ( -35.26554871542300162, 0.08284271247461812149, 3.614999999999999769 ) ) ;
#1131 = EDGE_LOOP ( 'NONE', ( #4746, #6662, #2331, #1788, #10213, #1839 ) ) ;
#1132 = ADVANCED_FACE ( 'NONE', ( #5568 ), #3871, .T. ) ;
#1133 = ORIENTED_EDGE ( 'NONE', *, *, #7436, .T. ) ;
#1134 = CARTESIAN_POINT ( 'NONE',  ( 45.25000000000000711, 6.000000000000000000, 8.250000000000003553 ) ) ;
#1135 = FACE_OUTER_BOUND ( 'NONE', #3059, .T. ) ;
#1136 = EDGE_CURVE ( 'NONE', #5883, #6640, #4960, .T. ) ;
#1137 = DIRECTION ( 'NONE',  ( 0.000000000000000000, 0.000000000000000000, 1.000000000000000000 ) ) ;
#1138 = ORIENTED_EDGE ( 'NONE', *, *, #7469, .F. ) ;
#1139 = CARTESIAN_POINT ( 'NONE',  ( 30.20000000000002771, 0.2505450496179572606, 6.618695557326044643 ) ) ;
#1140 = CARTESIAN_POINT ( 'NONE',  ( -30.14000000000000767, 0.5000000000000004441, -3.615000000000000213 ) ) ;
#1141 = EDGE_CURVE ( 'NONE', #1801, #120, #728, .T. ) ;
#1142 = EDGE_CURVE ( 'NONE', #8868, #3923, #8723, .T. ) ;
#1143 = CARTESIAN_POINT ( 'NONE',  ( 52.75000000000000000, 3.000000000000000000, -9.499999999999920064 ) ) ;
#1144 = CARTESIAN_POINT ( 'NONE',  ( 30.19999999999998153, -0.001000000000000024307, -7.798623679425841893 ) ) ;
#1145 = EDGE_LOOP ( 'NONE', ( #4162, #10366, #9622, #2224, #2313, #10280, #1739, #4540 ) ) ;
#1146 = ORIENTED_EDGE ( 'NONE', *, *, #9471, .T. ) ;
#1147 = CARTESIAN_POINT ( 'NONE',  ( -29.96003882983038480, 6.000690477496204878, 2.769672436215371292 ) ) ;
#1148 = CARTESIAN_POINT ( 'NONE',  ( -20.00000000000001066, 11.00000000000000178, -13.55000000000000071 ) ) ;
#1149 = EDGE_CURVE ( 'NONE', #4446, #2980, #6465, .T. ) ;
#1150 = CARTESIAN_POINT ( 'NONE',  ( -30.83999999999999986, 5.954463462733936119, 8.349999999999997868 ) ) ;
#1151 = DIRECTION ( 'NONE',  ( 0.000000000000000000, -0.7208059210526582827, 0.6931369447486038782 ) ) ;
#1152 = CARTESIAN_POINT ( 'NONE',  ( -20.00000000000001066, 14.50000000000000000, -14.75000000000000355 ) ) ;
#1153 = VECTOR ( 'NONE', #3908, 1000.000000000000000 ) ;
#1154 = CARTESIAN_POINT ( 'NONE',  ( -31.27472780755320869, 0.000000000000000000, 8.549999999999998934 ) ) ;
#1155 = DIRECTION ( 'NONE',  ( 0.000000000000000000, 1.000000000000000000, -0.000000000000000000 ) ) ;
#1156 = CARTESIAN_POINT ( 'NONE',  ( -30.83999999999999986, 0.5000000000000004441, 8.349999999999997868 ) ) ;
#1157 = ORIENTED_EDGE ( 'NONE', *, *, #5686, .F. ) ;
#1158 = VERTEX_POINT ( 'NONE', #9454 ) ;
#1159 = VECTOR ( 'NONE', #9226, 1000.000000000000000 ) ;
#1160 = EDGE_CURVE ( 'NONE', #2031, #4671, #3075, .T. ) ;
#1161 = CARTESIAN_POINT ( 'NONE',  ( -52.11703005195446536, 7.911525636831979291, -4.290295324905159191 ) ) ;
#1162 = ORIENTED_EDGE ( 'NONE', *, *, #6566, .T. ) ;
#1163 = FACE_OUTER_BOUND ( 'NONE', #9628, .T. ) ;
#1164 = CARTESIAN_POINT ( 'NONE',  ( -29.84000000000000341, 6.296018041280833089, -3.315000000000000391 ) ) ;
#1165 = EDGE_CURVE ( 'NONE', #10365, #4895, #6412, .T. ) ;
#1166 = CARTESIAN_POINT ( 'NONE',  ( 2.099999999999991207, 13.00000000000000178, 13.35000000000019149 ) ) ;
#1167 = ORIENTED_EDGE ( 'NONE', *, *, #3790, .T. ) ;
#1168 = DIRECTION ( 'NONE',  ( -0.000000000000000000, -0.000000000000000000, 1.000000000000000000 ) ) ;
#1169 = ORIENTED_EDGE ( 'NONE', *, *, #2112, .F. ) ;
#1170 = ORIENTED_EDGE ( 'NONE', *, *, #5047, .F. ) ;
#1171 = AXIS2_PLACEMENT_3D ( 'NONE', #2567, #2776, #4207 ) ;
#1172 = FACE_OUTER_BOUND ( 'NONE', #2166, .T. ) ;
#1173 = DIRECTION ( 'NONE',  ( 0.000000000000000000, 0.000000000000000000, 1.000000000000000000 ) ) ;
#1174 = ORIENTED_EDGE ( 'NONE', *, *, #382, .F. ) ;
#1175 = ORIENTED_EDGE ( 'NONE', *, *, #4192, .T. ) ;
#1176 = CARTESIAN_POINT ( 'NONE',  ( -1.347358039593640417E-16, 14.60000000000000320, 11.75000000000000355 ) ) ;
#1177 = TOROIDAL_SURFACE ( 'NONE', #2542, 5.000000000000000000, 3.000000000000000000 ) ;
#1178 = CIRCLE ( 'NONE', #10452, 5.499999999999985789 ) ;
#1179 = CARTESIAN_POINT ( 'NONE',  ( 41.25000000000000711, 8.000000000000000000, 8.250000000000003553 ) ) ;
#1180 = ORIENTED_EDGE ( 'NONE', *, *, #9930, .F. ) ;
#1181 = ADVANCED_FACE ( 'NONE', ( #5679 ), #2389, .F. ) ;
#1182 = ORIENTED_EDGE ( 'NONE', *, *, #5801, .F. ) ;
#1183 = LINE ( 'NONE', #5215, #5252 ) ;
#1184 = VECTOR ( 'NONE', #338, 1000.000000000000000 ) ;
#1185 = DIRECTION ( 'NONE',  ( 0.000000000000000000, -1.000000000000000000, 0.000000000000000000 ) ) ;
#1186 = DIRECTION ( 'NONE',  ( -1.000000000000000000, 0.000000000000000000, 4.476705744456300993E-16 ) ) ;
#1187 = B_SPLINE_CURVE_WITH_KNOTS ( 'NONE', 3,
 ( #4102, #8848, #1963, #5154, #4354, #7332, #4955, #1613 ),
 .UNSPECIFIED., .F., .F.,
 ( 4, 2, 2, 4 ),
 ( 0.000000000000000000, 0.0001382025733524842805, 0.0002764051467049685610, 0.0005528102934099349535 ),
 .UNSPECIFIED. ) ;
#1188 = ORIENTED_EDGE ( 'NONE', *, *, #7549, .T. ) ;
#1189 = PLANE ( 'NONE',  #3521 ) ;
#1190 = DIRECTION ( 'NONE',  ( -1.000000000000000000, 0.000000000000000000, 0.000000000000000000 ) ) ;
#1191 = DIRECTION ( 'NONE',  ( 0.000000000000000000, 0.000000000000000000, 1.000000000000000000 ) ) ;
#1192 = DIRECTION ( 'NONE',  ( -5.139921410301690239E-16, 0.000000000000000000, 1.000000000000000000 ) ) ;
#1193 = EDGE_CURVE ( 'NONE', #5387, #3203, #10359, .T. ) ;
#1194 = ORIENTED_EDGE ( 'NONE', *, *, #7501, .T. ) ;
#1195 = VERTEX_POINT ( 'NONE', #2226 ) ;
#1196 = CARTESIAN_POINT ( 'NONE',  ( -30.84000000000000696, 5.954463462733934342, -8.849999999999997868 ) ) ;
#1197 = CARTESIAN_POINT ( 'NONE',  ( -50.20000000000000284, 3.000000000000000000, -6.749999999999962697 ) ) ;
#1198 = EDGE_CURVE ( 'NONE', #4673, #6236, #6652, .T. ) ;
#1199 = ORIENTED_EDGE ( 'NONE', *, *, #4053, .F. ) ;
#1200 = DIRECTION ( 'NONE',  ( 0.000000000000000000, 0.000000000000000000, 1.000000000000000000 ) ) ;
#1201 = CARTESIAN_POINT ( 'NONE',  ( -29.81007189365366372, -2.624222992386002318, -20.34067203111825251 ) ) ;
#1202 = FACE_OUTER_BOUND ( 'NONE', #6769, .T. ) ;
#1203 = CARTESIAN_POINT ( 'NONE',  ( -52.40568058483291480, 7.315219914338405793, 3.641416195902961395 ) ) ;
#1204 = CARTESIAN_POINT ( 'NONE',  ( 26.68856210340542034, 0.000000000000000000, -5.329957559004394163 ) ) ;
#1205 = EDGE_CURVE ( 'NONE', #496, #1549, #8676, .T. ) ;
#1206 = ORIENTED_EDGE ( 'NONE', *, *, #550, .F. ) ;
#1207 = STYLED_ITEM ( 'NONE', ( #2279 ), #3616 ) ;
#1208 = ORIENTED_EDGE ( 'NONE', *, *, #797, .T. ) ;
#1209 = CARTESIAN_POINT ( 'NONE',  ( -52.15661494277453869, 7.083039804977634191, -3.819531250000041123 ) ) ;
#1210 = ORIENTED_EDGE ( 'NONE', *, *, #5998, .T. ) ;
#1211 = VECTOR ( 'NONE', #7961, 1000.000000000000000 ) ;
#1212 = DIRECTION ( 'NONE',  ( 0.000000000000000000, 1.000000000000000000, 2.891205793294675861E-16 ) ) ;
#1213 = LINE ( 'NONE', #466, #2772 ) ;
#1214 = FACE_OUTER_BOUND ( 'NONE', #1535, .T. ) ;
#1215 = EDGE_CURVE ( 'NONE', #58, #4340, #2609, .T. ) ;
#1216 = ORIENTED_EDGE ( 'NONE', *, *, #9745, .T. ) ;
#1217 = CARTESIAN_POINT ( 'NONE',  ( -45.19999999999994600, 14.59999999999999964, 11.75000000000000711 ) ) ;
#1218 = ORIENTED_EDGE ( 'NONE', *, *, #8034, .T. ) ;
#1219 = AXIS2_PLACEMENT_3D ( 'NONE', #9957, #398, #5911 ) ;
#1220 = VECTOR ( 'NONE', #8533, 1000.000000000000000 ) ;
#1221 = DIRECTION ( 'NONE',  ( 0.000000000000000000, 0.000000000000000000, -1.000000000000000000 ) ) ;
#1222 = EDGE_CURVE ( 'NONE', #7736, #7908, #5786, .T. ) ;
#1223 = CIRCLE ( 'NONE', #7322, 9.000000000000012434 ) ;
#1224 = CARTESIAN_POINT ( 'NONE',  ( -50.25000000000000711, 6.500000000000000888, 6.750000000000000888 ) ) ;
#1225 = ORIENTED_EDGE ( 'NONE', *, *, #1542, .T. ) ;
#1226 = ORIENTED_EDGE ( 'NONE', *, *, #10397, .T. ) ;
#1227 = DIRECTION ( 'NONE',  ( 0.000000000000000000, -0.000000000000000000, -1.000000000000000000 ) ) ;
#1228 = AXIS2_PLACEMENT_3D ( 'NONE', #5363, #6002, #4519 ) ;
#1229 = CARTESIAN_POINT ( 'NONE',  ( -52.25000000000001421, 6.902631723476092773, 3.013815789473678564 ) ) ;
#1230 = ORIENTED_EDGE ( 'NONE', *, *, #5815, .T. ) ;
#1231 = AXIS2_PLACEMENT_3D ( 'NONE', #7686, #9358, #434 ) ;
#1232 = EDGE_CURVE ( 'NONE', #5941, #3850, #2077, .T. ) ;
#1233 = ORIENTED_EDGE ( 'NONE', *, *, #6583, .T. ) ;
#1234 = CARTESIAN_POINT ( 'NONE',  ( -39.58434658500975445, 0.1071145293931473896, 2.787877755913764855 ) ) ;
#1235 = VECTOR ( 'NONE', #8456, 1000.000000000000000 ) ;
#1236 = DIRECTION ( 'NONE',  ( 0.000000000000000000, 0.000000000000000000, -1.000000000000000000 ) ) ;
#1237 = DIRECTION ( 'NONE',  ( -0.000000000000000000, -1.000000000000000000, -0.000000000000000000 ) ) ;
#1238 = EDGE_LOOP ( 'NONE', ( #8899, #5395, #8926, #7828 ) ) ;
#1239 = PLANE ( 'NONE',  #6220 ) ;
#1240 = AXIS2_PLACEMENT_3D ( 'NONE', #903, #7209, #7371 ) ;
#1241 = DIRECTION ( 'NONE',  ( 0.000000000000000000, -0.000000000000000000, -1.000000000000000000 ) ) ;
#1242 = DIRECTION ( 'NONE',  ( 0.000000000000000000, 0.000000000000000000, 1.000000000000000000 ) ) ;
#1243 = DIRECTION ( 'NONE',  ( 0.000000000000000000, 0.000000000000000000, 1.000000000000000000 ) ) ;
#1244 = ORIENTED_EDGE ( 'NONE', *, *, #3068, .T. ) ;
#1245 = VECTOR ( 'NONE', #2427, 1000.000000000000000 ) ;
#1246 = AXIS2_PLACEMENT_3D ( 'NONE', #419, #4349, #5986 ) ;
#1247 = VERTEX_POINT ( 'NONE', #4999 ) ;
#1248 = DIRECTION ( 'NONE',  ( 0.000000000000000000, 0.000000000000000000, 1.000000000000000000 ) ) ;
#1249 = B_SPLINE_CURVE_WITH_KNOTS ( 'NONE', 3,
 ( #5592, #31, #6382, #1667, #4107, #9584, #2354, #4803 ),
 .UNSPECIFIED., .F., .F.,
 ( 4, 2, 2, 4 ),
 ( 0.000000000000000000, 0.0001382025733524806755, 0.0002764051467049613510, 0.0005528102934099356040 ),
 .UNSPECIFIED. ) ;
#1250 = LINE ( 'NONE', #7751, #24 ) ;
#1251 = ORIENTED_EDGE ( 'NONE', *, *, #9038, .T. ) ;
#1252 = PLANE ( 'NONE',  #2673 ) ;
#1253 = AXIS2_PLACEMENT_3D ( 'NONE', #10103, #3095, #9371 ) ;
#1254 = CARTESIAN_POINT ( 'NONE',  ( 0.5999999999999912070, 13.00000000000000178, -13.35000000000018971 ) ) ;
#1255 = DIRECTION ( 'NONE',  ( 0.000000000000000000, 0.000000000000000000, 1.000000000000000000 ) ) ;
#1256 = ADVANCED_FACE ( 'NONE', ( #6722 ), #3345, .T. ) ;
#1257 = AXIS2_PLACEMENT_3D ( 'NONE', #9027, #2746, #261 ) ;
#1258 = FACE_OUTER_BOUND ( 'NONE', #5947, .T. ) ;
#1259 = CARTESIAN_POINT ( 'NONE',  ( -35.06554871542299878, 0.2000000000000000944, -20.34067203111825251 ) ) ;
#1260 = VERTEX_POINT ( 'NONE', #9084 ) ;
#1261 = EDGE_CURVE ( 'NONE', #1428, #3840, #3295, .T. ) ;
#1262 = EDGE_CURVE ( 'NONE', #2992, #2546, #10342, .T. ) ;
#1263 = EDGE_LOOP ( 'NONE', ( #8460, #1013, #7380, #9832 ) ) ;
#1264 = CIRCLE ( 'NONE', #7186, 6.166261152084816288 ) ;
#1265 = AXIS2_PLACEMENT_3D ( 'NONE', #7630, #2865, #3766 ) ;
#1266 = DIRECTION ( 'NONE',  ( 0.000000000000000000, 1.000000000000000000, -0.000000000000000000 ) ) ;
#1267 = CARTESIAN_POINT ( 'NONE',  ( -30.14000000000000767, 5.995909431799613998, -3.615000000000000213 ) ) ;
#1268 = EDGE_CURVE ( 'NONE', #2356, #5169, #9879, .T. ) ;
#1269 = ORIENTED_EDGE ( 'NONE', *, *, #5928, .T. ) ;
#1270 = DIRECTION ( 'NONE',  ( -0.000000000000000000, -1.000000000000000000, -0.000000000000000000 ) ) ;
#1271 = FACE_OUTER_BOUND ( 'NONE', #2964, .T. ) ;
#1272 = AXIS2_PLACEMENT_3D ( 'NONE', #20, #4683, #6477 ) ;
#1273 = CARTESIAN_POINT ( 'NONE',  ( 30.95000000000000284, 0.5000000000000000000, -2.350000000000003197 ) ) ;
#1274 = ORIENTED_EDGE ( 'NONE', *, *, #6879, .T. ) ;
#1275 = EDGE_CURVE ( 'NONE', #3326, #2681, #4972, .T. ) ;
#1276 = LINE ( 'NONE', #9290, #9481 ) ;
#1277 = EDGE_LOOP ( 'NONE', ( #4566, #1520, #9445, #7694 ) ) ;
#1278 = DIRECTION ( 'NONE',  ( -1.000000000000000000, 0.000000000000000000, -7.304098846218136886E-17 ) ) ;
#1279 = AXIS2_PLACEMENT_3D ( 'NONE', #6325, #8693, #9529 ) ;
#1280 = LINE ( 'NONE', #9403, #3804 ) ;
#1281 = EDGE_CURVE ( 'NONE', #817, #9771, #3400, .T. ) ;
#1282 = LINE ( 'NONE', #6937, #584 ) ;
#1283 = ORIENTED_EDGE ( 'NONE', *, *, #4755, .F. ) ;
#1284 = EDGE_LOOP ( 'NONE', ( #4296, #2225, #4066, #5004 ) ) ;
#1285 = EDGE_CURVE ( 'NONE', #636, #16, #904, .T. ) ;
#1286 = CARTESIAN_POINT ( 'NONE',  ( -20.00000000000001066, 9.000000000000001776, 13.55000000000000604 ) ) ;
#1287 = DIRECTION ( 'NONE',  ( 0.000000000000000000, 0.000000000000000000, 1.000000000000000000 ) ) ;
#1288 = ORIENTED_EDGE ( 'NONE', *, *, #2556, .F. ) ;
#1289 = CARTESIAN_POINT ( 'NONE',  ( -39.53506879479627401, 0.1999999999999996503, 2.765000000000000124 ) ) ;
#1290 = VERTEX_POINT ( 'NONE', #9040 ) ;
#1291 = CARTESIAN_POINT ( 'NONE',  ( -51.95000000000000995, 9.509019111597856622, 3.603289473684166300 ) ) ;
#1292 = CARTESIAN_POINT ( 'NONE',  ( 9.519658948938198861, 6.000000000000000000, 12.25000000000000178 ) ) ;
#1293 = EDGE_CURVE ( 'NONE', #6943, #4881, #6307, .T. ) ;
#1294 = DIRECTION ( 'NONE',  ( 1.000000000000000000, 0.000000000000000000, 0.000000000000000000 ) ) ;
#1295 = EDGE_LOOP ( 'NONE', ( #5833, #9131, #2490, #2585 ) ) ;
#1296 = CARTESIAN_POINT ( 'NONE',  ( -52.40568058483292901, 7.315219914338493723, -3.641416195903033781 ) ) ;
#1297 = EDGE_LOOP ( 'NONE', ( #3549, #1381, #9324, #4936 ) ) ;
#1298 = CARTESIAN_POINT ( 'NONE',  ( 45.25000000000000711, 8.000000000000000000, 8.250000000000003553 ) ) ;
#1299 = EDGE_CURVE ( 'NONE', #5725, #3750, #1417, .T. ) ;
#1300 = FACE_OUTER_BOUND ( 'NONE', #5293, .T. ) ;
#1301 = CARTESIAN_POINT ( 'NONE',  ( -34.34233853611036835, 0.1265113557324328841, -8.863990808926775600 ) ) ;
#1302 = APPLICATION_CONTEXT ( 'automotive_design' ) ;
#1303 = VERTEX_POINT ( 'NONE', #4888 ) ;
#1304 = ORIENTED_EDGE ( 'NONE', *, *, #10447, .F. ) ;
#1305 = CARTESIAN_POINT ( 'NONE',  ( -39.76146882909598901, 0.000000000000000000, 0.000000000000000000 ) ) ;
#1306 = DIRECTION ( 'NONE',  ( 7.517135062566157239E-15, 6.938893903907228378E-15, 1.000000000000000000 ) ) ;
#1307 = VERTEX_POINT ( 'NONE', #1806 ) ;
#1308 = DIRECTION ( 'NONE',  ( 1.000000000000000000, 0.000000000000000000, 0.000000000000000000 ) ) ;
#1309 = DIRECTION ( 'NONE',  ( 0.000000000000000000, -1.000000000000000000, 0.000000000000000000 ) ) ;
#1310 = CARTESIAN_POINT ( 'NONE',  ( -52.20476272510934734, 8.512913454325056861, 4.275096801039014238 ) ) ;
#1311 = CARTESIAN_POINT ( 'NONE',  ( -50.20000000000000284, 3.000000000000000000, 6.749999999999948486 ) ) ;
#1312 = CIRCLE ( 'NONE', #7725, 0.8500000000000000888 ) ;
#1313 = LINE ( 'NONE', #6914, #7310 ) ;
#1314 = ORIENTED_EDGE ( 'NONE', *, *, #8541, .F. ) ;
#1315 = ORIENTED_EDGE ( 'NONE', *, *, #8898, .T. ) ;
#1316 = EDGE_CURVE ( 'NONE', #1004, #592, #5046, .T. ) ;
#1317 = DIRECTION ( 'NONE',  ( 1.000000000000000000, 0.000000000000000000, 0.000000000000000000 ) ) ;
#1318 = AXIS2_PLACEMENT_3D ( 'NONE', #6449, #4012, #10399 ) ;
#1319 = DIRECTION ( 'NONE',  ( 3.652049423109083111E-16, 0.000000000000000000, 1.000000000000000000 ) ) ;
#1320 = ORIENTED_EDGE ( 'NONE', *, *, #4263, .F. ) ;
#1321 = LINE ( 'NONE', #5451, #5317 ) ;
#1322 = DIRECTION ( 'NONE',  ( -5.139921410301693197E-16, 0.000000000000000000, -1.000000000000000000 ) ) ;
#1323 = CARTESIAN_POINT ( 'NONE',  ( 6.944920150553280713, 0.2999999999999999889, 12.02895455526717150 ) ) ;
#1324 = CYLINDRICAL_SURFACE ( 'NONE', #9494, 0.3000000000000016542 ) ;
#1325 = VERTEX_POINT ( 'NONE', #8253 ) ;
#1326 = CARTESIAN_POINT ( 'NONE',  ( -23.23676428111944858, 13.00000000000000178, -14.75000000000000000 ) ) ;
#1327 = AXIS2_PLACEMENT_3D ( 'NONE', #5441, #6966, #10275 ) ;
#1328 = ORIENTED_EDGE ( 'NONE', *, *, #2281, .F. ) ;
#1329 = EDGE_CURVE ( 'NONE', #1290, #9056, #8095, .T. ) ;
#1330 = SURFACE_STYLE_USAGE ( .BOTH. , #7297 ) ;
#1331 = CARTESIAN_POINT ( 'NONE',  ( -52.43183304299722636, 9.610780578713146838, 3.450629295177467970 ) ) ;
#1332 = FACE_OUTER_BOUND ( 'NONE', #7248, .T. ) ;
#1333 = EDGE_CURVE ( 'NONE', #7804, #5043, #218, .T. ) ;
#1334 = ORIENTED_EDGE ( 'NONE', *, *, #6571, .F. ) ;
#1335 = CARTESIAN_POINT ( 'NONE',  ( 37.45000000000000284, 0.5000000000000000000, 0.000000000000000000 ) ) ;
#1336 = DIRECTION ( 'NONE',  ( 0.000000000000000000, 1.000000000000000000, -0.000000000000000000 ) ) ;
#1337 = ORIENTED_EDGE ( 'NONE', *, *, #3543, .T. ) ;
#1338 = DIRECTION ( 'NONE',  ( 0.000000000000000000, 0.000000000000000000, 1.000000000000000000 ) ) ;
#1339 = AXIS2_PLACEMENT_3D ( 'NONE', #1874, #5957, #9008 ) ;
#1340 = EDGE_CURVE ( 'NONE', #10409, #7361, #7496, .T. ) ;
#1341 = VERTEX_POINT ( 'NONE', #8929 ) ;
#1342 = CARTESIAN_POINT ( 'NONE',  ( -31.27472780755320869, 0.000000000000000000, -8.849999999999997868 ) ) ;
#1343 = CARTESIAN_POINT ( 'NONE',  ( 1.036764281119435083, 13.00000000000000178, -14.75000000000000178 ) ) ;
#1344 = CARTESIAN_POINT ( 'NONE',  ( -19.99999999999997158, 11.00000000000000178, 5.337610695313241287E-14 ) ) ;
#1345 = EDGE_LOOP ( 'NONE', ( #7921, #6502, #9759, #1486 ) ) ;
#1346 = LINE ( 'NONE', #4424, #8741 ) ;
#1347 = AXIS2_PLACEMENT_3D ( 'NONE', #9520, #10309, #8054 ) ;
#1348 = ORIENTED_EDGE ( 'NONE', *, *, #2826, .F. ) ;
#1349 = CARTESIAN_POINT ( 'NONE',  ( -52.00000000000001421, 16.00000000000000000, -6.749999999999950262 ) ) ;
#1350 = CARTESIAN_POINT ( 'NONE',  ( 37.45000000000000284, 4.899999999999999467, 6.484690356689041479 ) ) ;
#1351 = CARTESIAN_POINT ( 'NONE',  ( -29.84000000000000341, 0.5000000000000004441, -3.064999999999999947 ) ) ;
#1352 = ORIENTED_EDGE ( 'NONE', *, *, #9937, .T. ) ;
#1353 = ADVANCED_FACE ( 'NONE', ( #1698, #7317 ), #4143, .F. ) ;
#1354 = VECTOR ( 'NONE', #9411, 1000.000000000000000 ) ;
#1355 = ORIENTED_EDGE ( 'NONE', *, *, #3718, .T. ) ;
#1356 = CYLINDRICAL_SURFACE ( 'NONE', #8273, 0.2888330770816384119 ) ;
#1357 =( BOUNDED_SURFACE ( )  B_SPLINE_SURFACE ( 3, 2, ( 
 ( #5949, #3464, #4155 ),
 ( #5850, #6632, #1817 ),
 ( #1706, #6687, #3513 ),
 ( #4256, #9097, #9048 ) ),
 .UNSPECIFIED., .F., .F., .F. ) 
 B_SPLINE_SURFACE_WITH_KNOTS ( ( 4, 4 ),
 ( 3, 3 ),
 ( 4.553649124439118623E-18, 0.0007825590053263049893 ),
 ( 0.000000000000000000, 1.000000000000000000 ),
 .UNSPECIFIED. ) 
 GEOMETRIC_REPRESENTATION_ITEM ( )  RATIONAL_B_SPLINE_SURFACE ( (
 ( 1.000000000000000000, 0.8371290630494900853, 1.000000000000000000),
 ( 1.000000000000000000, 0.8027790047357422631, 1.000000000000000000),
 ( 1.000000000000000000, 0.7601121344914595346, 1.000000000000000000),
 ( 1.000000000000000000, 0.7071067811865597852, 1.000000000000000000) ) ) 
 REPRESENTATION_ITEM ( '' )  SURFACE ( )  );
#1358 = FACE_OUTER_BOUND ( 'NONE', #348, .T. ) ;
#1359 = CARTESIAN_POINT ( 'NONE',  ( -29.84000000000000696, 0.5000000000000000000, 3.315000000000000391 ) ) ;
#1360 = ORIENTED_EDGE ( 'NONE', *, *, #812, .T. ) ;
#1361 = PLANE ( 'NONE',  #3516 ) ;
#1362 = EDGE_CURVE ( 'NONE', #1865, #10241, #7670, .T. ) ;
#1363 = CARTESIAN_POINT ( 'NONE',  ( -44.75000000002182787, 5.500000000000000000, 12.24999999999454303 ) ) ;
#1364 = CARTESIAN_POINT ( 'NONE',  ( 0.000000000000000000, 0.2000000000000000111, 8.549999999999998934 ) ) ;
#1365 = DIRECTION ( 'NONE',  ( 0.000000000000000000, 1.000000000000000000, 0.000000000000000000 ) ) ;
#1366 = VECTOR ( 'NONE', #8515, 1000.000000000000000 ) ;
#1367 = CARTESIAN_POINT ( 'NONE',  ( -47.50000000000000711, 8.000000000000000000, 9.500000000000001776 ) ) ;
#1368 = CARTESIAN_POINT ( 'NONE',  ( 0.000000000000000000, 14.50000000000000000, 13.25000000000000178 ) ) ;
#1369 = ORIENTED_EDGE ( 'NONE', *, *, #3595, .T. ) ;
#1370 = ORIENTED_EDGE ( 'NONE', *, *, #1912, .T. ) ;
#1371 = CARTESIAN_POINT ( 'NONE',  ( -34.00000000000000711, 6.500000000000000888, -12.25000000000000000 ) ) ;
#1372 = CARTESIAN_POINT ( 'NONE',  ( -30.57812136139605030, 5.975884838393647591, 8.376025566382423904 ) ) ;
#1373 = VERTEX_POINT ( 'NONE', #2058 ) ;
#1374 = CARTESIAN_POINT ( 'NONE',  ( 0.000000000000000000, 14.50000000000000000, 0.000000000000000000 ) ) ;
#1375 = CARTESIAN_POINT ( 'NONE',  ( 0.000000000000000000, 0.000000000000000000, 8.549999999999998934 ) ) ;
#1376 = CIRCLE ( 'NONE', #7296, 5.000000000000000888 ) ;
#1377 = DIRECTION ( 'NONE',  ( -0.000000000000000000, -0.000000000000000000, -1.000000000000000000 ) ) ;
#1378 = CARTESIAN_POINT ( 'NONE',  ( 30.20000000000002416, -0.001000000000000024307, 6.618695557326043755 ) ) ;
#1379 = ORIENTED_EDGE ( 'NONE', *, *, #2684, .T. ) ;
#1380 = CARTESIAN_POINT ( 'NONE',  ( 23.44446861781629821, 0.09378038618371685453, -7.458250430494962835 ) ) ;
#1381 = ORIENTED_EDGE ( 'NONE', *, *, #8313, .F. ) ;
#1382 = CARTESIAN_POINT ( 'NONE',  ( -8.958845726811304644, 13.00000000000000178, 13.55000000000019078 ) ) ;
#1383 = CIRCLE ( 'NONE', #7303, 0.1999999999999987899 ) ;
#1384 = DIRECTION ( 'NONE',  ( 0.3420201433256696566, 0.000000000000000000, 0.9396926207859080948 ) ) ;
#1385 = ORIENTED_EDGE ( 'NONE', *, *, #4490, .F. ) ;
#1386 = ORIENTED_EDGE ( 'NONE', *, *, #1001, .T. ) ;
#1387 = DIRECTION ( 'NONE',  ( 1.000000000000000000, 0.000000000000000000, -7.485322442186879976E-17 ) ) ;
#1388 = ADVANCED_FACE ( 'NONE', ( #10185 ), #3698, .T. ) ;
#1389 = CARTESIAN_POINT ( 'NONE',  ( 30.95000000000000284, -0.001000000000000024307, -2.350000000000003197 ) ) ;
#1390 = ORIENTED_EDGE ( 'NONE', *, *, #3406, .F. ) ;
#1391 = CIRCLE ( 'NONE', #9983, 4.450000000000009948 ) ;
#1392 = EDGE_CURVE ( 'NONE', #6202, #4325, #5981, .T. ) ;
#1393 = EDGE_LOOP ( 'NONE', ( #7618, #8099 ) ) ;
#1394 = LINE ( 'NONE', #5575, #3722 ) ;
#1395 = FACE_BOUND ( 'NONE', #9581, .T. ) ;
#1396 = CARTESIAN_POINT ( 'NONE',  ( -20.00000000000001066, 17.00000000000000000, -13.55000000000000249 ) ) ;
#1397 = ORIENTED_EDGE ( 'NONE', *, *, #9542, .T. ) ;
#1398 = FACE_OUTER_BOUND ( 'NONE', #7753, .T. ) ;
#1399 = VERTEX_POINT ( 'NONE', #7719 ) ;
#1400 = DIRECTION ( 'NONE',  ( 0.000000000000000000, 0.000000000000000000, 1.000000000000000000 ) ) ;
#1401 = EDGE_CURVE ( 'NONE', #170, #4413, #1213, .T. ) ;
#1402 = CIRCLE ( 'NONE', #6472, 11.00296197722692959 ) ;
#1403 = CARTESIAN_POINT ( 'NONE',  ( 3.099999999999991651, 14.50000000000000000, 13.45000000000019114 ) ) ;
#1404 = DIRECTION ( 'NONE',  ( 0.000000000000000000, 0.000000000000000000, 1.000000000000000000 ) ) ;
#1405 = ORIENTED_EDGE ( 'NONE', *, *, #6872, .F. ) ;
#1406 = EDGE_LOOP ( 'NONE', ( #4517, #517, #251, #8284 ) ) ;
#1407 = VECTOR ( 'NONE', #2922, 1000.000000000000000 ) ;
#1408 = CARTESIAN_POINT ( 'NONE',  ( 30.95000000000000284, 0.2999999999999999889, -2.350000000000003197 ) ) ;
#1409 = CIRCLE ( 'NONE', #1231, 5.499999999999985789 ) ;
#1410 = DIRECTION ( 'NONE',  ( 1.000000000000000000, -0.000000000000000000, 0.000000000000000000 ) ) ;
#1411 = ORIENTED_EDGE ( 'NONE', *, *, #1086, .T. ) ;
#1412 = CARTESIAN_POINT ( 'NONE',  ( 2.099999999999991207, 13.00000000000000178, 12.35000000000019149 ) ) ;
#1413 = LINE ( 'NONE', #3500, #3215 ) ;
#1414 = DIRECTION ( 'NONE',  ( 0.000000000000000000, 0.000000000000000000, -1.000000000000000000 ) ) ;
#1415 = EDGE_CURVE ( 'NONE', #7528, #6478, #8670, .T. ) ;
#1416 = DIRECTION ( 'NONE',  ( -0.000000000000000000, 1.000000000000000000, -0.000000000000000000 ) ) ;
#1417 = CIRCLE ( 'NONE', #899, 0.2999999999999998779 ) ;
#1418 = CARTESIAN_POINT ( 'NONE',  ( -47.50000000000000711, 8.000000000000000000, -10.35000000000000142 ) ) ;
#1419 = VECTOR ( 'NONE', #780, 1000.000000000000000 ) ;
#1420 = VECTOR ( 'NONE', #4142, 1000.000000000000000 ) ;
#1421 = DIRECTION ( 'NONE',  ( -0.000000000000000000, 0.000000000000000000, 1.000000000000000000 ) ) ;
#1422 = EDGE_LOOP ( 'NONE', ( #8548, #1580, #424, #2873 ) ) ;
#1423 = EDGE_CURVE ( 'NONE', #6459, #2728, #3100, .T. ) ;
#1424 = EDGE_LOOP ( 'NONE', ( #9558, #2925, #9409, #153, #9273, #9493 ) ) ;
#1425 = AXIS2_PLACEMENT_3D ( 'NONE', #9083, #2808, #8303 ) ;
#1426 = CARTESIAN_POINT ( 'NONE',  ( -29.84000000000000341, 0.5000000000000004441, 1.010032166305325429E-14 ) ) ;
#1427 = DIRECTION ( 'NONE',  ( 0.000000000000000000, 0.000000000000000000, 1.000000000000000000 ) ) ;
#1428 = VERTEX_POINT ( 'NONE', #3599 ) ;
#1429 = DIRECTION ( 'NONE',  ( 0.000000000000000000, 0.000000000000000000, -1.000000000000000000 ) ) ;
#1430 = DIRECTION ( 'NONE',  ( 0.000000000000000000, 0.000000000000000000, 1.000000000000000000 ) ) ;
#1431 = CARTESIAN_POINT ( 'NONE',  ( -23.23676428111944858, 11.00000000000000178, -14.75000000000000355 ) ) ;
#1432 = AXIS2_PLACEMENT_3D ( 'NONE', #12, #5681, #6528 ) ;
#1433 = VERTEX_POINT ( 'NONE', #3652 ) ;
#1435 = ADVANCED_FACE ( 'NONE', ( #2966 ), #1117, .T. ) ;
#1434 = DIRECTION ( 'NONE',  ( 1.000000000000000000, 0.000000000000000000, 0.000000000000000000 ) ) ;
#1436 = ORIENTED_EDGE ( 'NONE', *, *, #5338, .F. ) ;
#1437 = DIRECTION ( 'NONE',  ( 0.000000000000000000, 0.000000000000000000, -1.000000000000000000 ) ) ;
#1438 = CARTESIAN_POINT ( 'NONE',  ( 0.000000000000000000, 11.00000000000000178, -13.55000000000000249 ) ) ;
#1439 = EDGE_LOOP ( 'NONE', ( #5811, #8567, #7640, #10122, #5565, #472, #7498, #9982, #9155, #4018, #1274, #6402, #3485, #3389, #10219, #7357 ) ) ;
#1440 = VECTOR ( 'NONE', #10442, 1000.000000000000000 ) ;
#1441 = ORIENTED_EDGE ( 'NONE', *, *, #1881, .T. ) ;
#1442 = CARTESIAN_POINT ( 'NONE',  ( -52.34420783010357070, 8.820788012308153014, -4.159637416766241103 ) ) ;
#1443 = LINE ( 'NONE', #7157, #7679 ) ;
#1444 = CARTESIAN_POINT ( 'NONE',  ( -39.76146882909598901, 0.000000000000000000, -9.049999999999998934 ) ) ;
#1445 = EDGE_LOOP ( 'NONE', ( #8399, #6778, #3834, #9764 ) ) ;
#1446 = LINE ( 'NONE', #6102, #7019 ) ;
#1447 = VECTOR ( 'NONE', #2466, 1000.000000000000000 ) ;
#1448 = ORIENTED_EDGE ( 'NONE', *, *, #7614, .F. ) ;
#1449 = EDGE_CURVE ( 'NONE', #5309, #10149, #6926, .T. ) ;
#1450 = CARTESIAN_POINT ( 'NONE',  ( -47.50000000000000711, 8.000000000000000000, -8.650000000000002132 ) ) ;
#1451 = DIRECTION ( 'NONE',  ( 0.000000000000000000, 0.000000000000000000, 1.000000000000000000 ) ) ;
#1452 = DIRECTION ( 'NONE',  ( -1.000000000000000000, 0.000000000000000000, 0.000000000000000000 ) ) ;
#1453 = VERTEX_POINT ( 'NONE', #2007 ) ;
#1454 = CARTESIAN_POINT ( 'NONE',  ( 23.55788180854698766, -0.001000000000000024307, -7.483866831501331696 ) ) ;
#1455 = ORIENTED_EDGE ( 'NONE', *, *, #4454, .T. ) ;
#1456 = CARTESIAN_POINT ( 'NONE',  ( -400000.2249999999767, 5.500000000000000000, 12.24999999993769961 ) ) ;
#1457 = LINE ( 'NONE', #4583, #8204 ) ;
#1458 = FACE_OUTER_BOUND ( 'NONE', #2913, .T. ) ;
#1459 = ORIENTED_EDGE ( 'NONE', *, *, #1037, .F. ) ;
#1460 = ORIENTED_EDGE ( 'NONE', *, *, #4238, .F. ) ;
#1461 = EDGE_CURVE ( 'NONE', #1549, #7256, #2248, .T. ) ;
#1462 = CYLINDRICAL_SURFACE ( 'NONE', #1858, 2.000000000000003109 ) ;
#1463 = CARTESIAN_POINT ( 'NONE',  ( -31.47472780755320443, 0.2000000000000000111, -3.615000000000000213 ) ) ;
#1464 = ORIENTED_EDGE ( 'NONE', *, *, #6716, .F. ) ;
#1465 = DIRECTION ( 'NONE',  ( 0.000000000000000000, 0.000000000000000000, 1.000000000000000000 ) ) ;
#1466 = CARTESIAN_POINT ( 'NONE',  ( 0.000000000000000000, 0.5000000000000000000, -3.615000000000000213 ) ) ;
#1467 = CARTESIAN_POINT ( 'NONE',  ( -52.20650430357857630, 9.263231327893857170, 4.009004978326736968 ) ) ;
#1468 = EDGE_CURVE ( 'NONE', #7908, #9744, #5143, .T. ) ;
#1469 = DIRECTION ( 'NONE',  ( -2.668805347656624115E-15, 0.000000000000000000, -1.000000000000000000 ) ) ;
#1470 = LINE ( 'NONE', #722, #1556 ) ;
#1471 = ORIENTED_EDGE ( 'NONE', *, *, #1010, .T. ) ;
#1472 = ORIENTED_EDGE ( 'NONE', *, *, #626, .F. ) ;
#1473 = EDGE_CURVE ( 'NONE', #8519, #6360, #9650, .T. ) ;
#1474 = PLANE ( 'NONE',  #1923 ) ;
#1475 = CARTESIAN_POINT ( 'NONE',  ( -30.22553775529167552, 5.993641197162227208, 8.550023001232567310 ) ) ;
#1476 = VERTEX_POINT ( 'NONE', #519 ) ;
#1477 = DIRECTION ( 'NONE',  ( 1.000000000000000000, -0.000000000000000000, -0.000000000000000000 ) ) ;
#1478 = PLANE ( 'NONE',  #10173 ) ;
#1479 = DIRECTION ( 'NONE',  ( 1.000000000000000000, -0.000000000000000000, 0.000000000000000000 ) ) ;
#1480 = DIRECTION ( 'NONE',  ( 1.000000000000000000, 0.000000000000000000, 2.667330462785983744E-14 ) ) ;
#1481 = ORIENTED_EDGE ( 'NONE', *, *, #10171, .F. ) ;
#1482 = ORIENTED_EDGE ( 'NONE', *, *, #9694, .T. ) ;
#1483 = ADVANCED_FACE ( 'NONE', ( #9341 ), #6037, .T. ) ;
#1484 = DIRECTION ( 'NONE',  ( -1.000000000000000000, 0.000000000000000000, 0.000000000000000000 ) ) ;
#1485 = ORIENTED_EDGE ( 'NONE', *, *, #6917, .T. ) ;
#1486 = ORIENTED_EDGE ( 'NONE', *, *, #760, .F. ) ;
#1487 = EDGE_CURVE ( 'NONE', #3519, #8761, #5987, .T. ) ;
#1488 = DIRECTION ( 'NONE',  ( 0.000000000000000000, 0.000000000000000000, 1.000000000000000000 ) ) ;
#1489 = LINE ( 'NONE', #693, #3124 ) ;
#1490 = AXIS2_PLACEMENT_3D ( 'NONE', #7695, #4579, #6109 ) ;
#1491 = DIRECTION ( 'NONE',  ( 1.000000000000000000, -0.000000000000000000, 0.000000000000000000 ) ) ;
#1492 = ORIENTED_EDGE ( 'NONE', *, *, #4992, .T. ) ;
#1493 = VERTEX_POINT ( 'NONE', #8555 ) ;
#1494 = CARTESIAN_POINT ( 'NONE',  ( -51.98554618413229633, 7.803653188896272574, -4.258079740417366921 ) ) ;
#1495 = VECTOR ( 'NONE', #5704, 1000.000000000000000 ) ;
#1496 = DIRECTION ( 'NONE',  ( -0.000000000000000000, -0.000000000000000000, 1.000000000000000000 ) ) ;
#1497 = PLANE ( 'NONE',  #5332 ) ;
#1498 = ORIENTED_EDGE ( 'NONE', *, *, #8373, .T. ) ;
#1499 = CARTESIAN_POINT ( 'NONE',  ( -30.14000000000000412, 5.995909431799613998, 3.615000000000000213 ) ) ;
#1500 = EDGE_LOOP ( 'NONE', ( #1850, #44, #1519, #2017 ) ) ;
#1501 = LINE ( 'NONE', #4743, #7148 ) ;
#1502 = EDGE_CURVE ( 'NONE', #9767, #8911, #3753, .T. ) ;
#1503 = CARTESIAN_POINT ( 'NONE',  ( -31.51661123066064363, 3.000000000000000000, -3.615000000000000213 ) ) ;
#1504 = CARTESIAN_POINT ( 'NONE',  ( 30.95000000000000284, 0.000000000000000000, -2.350000000000003197 ) ) ;
#1505 = EDGE_LOOP ( 'NONE', ( #3157, #7534, #195, #8437 ) ) ;
#1506 = ORIENTED_EDGE ( 'NONE', *, *, #8302, .T. ) ;
#1507 = DIRECTION ( 'NONE',  ( -0.000000000000000000, 1.000000000000000000, -0.000000000000000000 ) ) ;
#1508 = CIRCLE ( 'NONE', #4391, 2.750000000000000888 ) ;
#1509 = EDGE_LOOP ( 'NONE', ( #758, #6597, #6322, #3284 ) ) ;
#1510 = CARTESIAN_POINT ( 'NONE',  ( -52.40568058483292901, 9.484780085661595805, 3.641416195902957398 ) ) ;
#1511 = CARTESIAN_POINT ( 'NONE',  ( -52.22340835089975997, 7.205390757595235840, -3.692296232791190125 ) ) ;
#1512 = DIRECTION ( 'NONE',  ( 0.000000000000000000, 1.000000000000000000, 0.000000000000000000 ) ) ;
#1513 = CARTESIAN_POINT ( 'NONE',  ( -2.000000000000008882, 14.50000000000000000, 14.75000000000000178 ) ) ;
#1514 = FACE_OUTER_BOUND ( 'NONE', #8308, .T. ) ;
#1515 = ADVANCED_FACE ( 'NONE', ( #6870 ), #5297, .F. ) ;
#1516 = VECTOR ( 'NONE', #9428, 1000.000000000000000 ) ;
#1517 = AXIS2_PLACEMENT_3D ( 'NONE', #8539, #9221, #6120 ) ;
#1518 = DIRECTION ( 'NONE',  ( 0.000000000000000000, 0.000000000000000000, -1.000000000000000000 ) ) ;
#1519 = ORIENTED_EDGE ( 'NONE', *, *, #123, .F. ) ;
#1520 = ORIENTED_EDGE ( 'NONE', *, *, #9195, .F. ) ;
#1521 = ADVANCED_FACE ( 'NONE', ( #1271 ), #2321, .T. ) ;
#1522 = DIRECTION ( 'NONE',  ( -0.000000000000000000, 1.000000000000000000, -0.000000000000000000 ) ) ;
#1523 = CIRCLE ( 'NONE', #10283, 0.3706384263718852656 ) ;
#1524 = CARTESIAN_POINT ( 'NONE',  ( 31.70000000000002771, -0.001000000000000024307, 6.618695557326044643 ) ) ;
#1525 = ORIENTED_EDGE ( 'NONE', *, *, #1086, .F. ) ;
#1526 = FACE_OUTER_BOUND ( 'NONE', #2044, .T. ) ;
#1527 = CARTESIAN_POINT ( 'NONE',  ( -7.849999999999971223, 13.00000000000000178, -14.19019237886469220 ) ) ;
#1528 = ADVANCED_FACE ( 'NONE', ( #6293 ), #1478, .T. ) ;
#1529 = DIRECTION ( 'NONE',  ( 1.000000000000000000, 0.000000000000000000, 0.000000000000000000 ) ) ;
#1530 = DIRECTION ( 'NONE',  ( -1.871330610546719994E-17, 0.000000000000000000, 1.000000000000000000 ) ) ;
#1531 = ORIENTED_EDGE ( 'NONE', *, *, #9880, .F. ) ;
#1532 = ORIENTED_EDGE ( 'NONE', *, *, #5174, .F. ) ;
#1533 = EDGE_CURVE ( 'NONE', #8115, #8982, #4766, .T. ) ;
#1534 = DIRECTION ( 'NONE',  ( 0.000000000000000000, 0.000000000000000000, 1.000000000000000000 ) ) ;
#1535 = EDGE_LOOP ( 'NONE', ( #3974, #2797, #3234, #10003 ) ) ;
#1536 = VERTEX_POINT ( 'NONE', #3122 ) ;
#1537 = CARTESIAN_POINT ( 'NONE',  ( -52.39339168156018900, 7.374426906261694725, -3.731065991842181795 ) ) ;
#1538 = EDGE_CURVE ( 'NONE', #3496, #1341, #4608, .T. ) ;
#1539 = DIRECTION ( 'NONE',  ( -0.000000000000000000, -0.000000000000000000, 1.000000000000000000 ) ) ;
#1540 = DIRECTION ( 'NONE',  ( -2.891205793294712543E-15, -0.000000000000000000, -1.000000000000000000 ) ) ;
#1541 = VERTEX_POINT ( 'NONE', #733 ) ;
#1542 = EDGE_CURVE ( 'NONE', #8005, #2480, #5642, .T. ) ;
#1543 = ORIENTED_EDGE ( 'NONE', *, *, #2430, .F. ) ;
#1544 = CARTESIAN_POINT ( 'NONE',  ( 23.53973614986589880, 0.2034051652805224097, 2.779818315299353859 ) ) ;
#1545 = DIRECTION ( 'NONE',  ( 0.000000000000000000, 1.000000000000000000, -0.000000000000000000 ) ) ;
#1546 = DIRECTION ( 'NONE',  ( -0.000000000000000000, 1.000000000000000000, -0.000000000000000000 ) ) ;
#1547 = ORIENTED_EDGE ( 'NONE', *, *, #9198, .F. ) ;
#1548 = CARTESIAN_POINT ( 'NONE',  ( -52.26257746176779762, 8.823418644210395456, -4.158831838305995454 ) ) ;
#1549 = VERTEX_POINT ( 'NONE', #1527 ) ;
#1550 = CARTESIAN_POINT ( 'NONE',  ( -8.958845726811304644, 11.00000000000000178, -13.55000000000019256 ) ) ;
#1551 = CARTESIAN_POINT ( 'NONE',  ( -35.06554871542299878, 0.000000000000000000, -2.765000000000000124 ) ) ;
#1552 = CARTESIAN_POINT ( 'NONE',  ( -52.25000000000001421, 8.400000000000000355, -2.449999999999999734 ) ) ;
#1553 = ORIENTED_EDGE ( 'NONE', *, *, #3232, .T. ) ;
#1554 = ORIENTED_EDGE ( 'NONE', *, *, #3340, .T. ) ;
#1555 = DIRECTION ( 'NONE',  ( 0.000000000000000000, 1.000000000000000000, -0.000000000000000000 ) ) ;
#1556 = VECTOR ( 'NONE', #3113, 1000.000000000000114 ) ;
#1557 = AXIS2_PLACEMENT_3D ( 'NONE', #7792, #9418, #6013 ) ;
#1558 = CARTESIAN_POINT ( 'NONE',  ( 30.20000000000002416, 0.2999999999999999889, 0.000000000000000000 ) ) ;
#1559 = VERTEX_POINT ( 'NONE', #5453 ) ;
#1560 = CARTESIAN_POINT ( 'NONE',  ( 41.25000000000000711, 6.000000000000000000, 8.250000000000003553 ) ) ;
#1561 = CIRCLE ( 'NONE', #8320, 4.341174913715429184 ) ;
#1562 = CARTESIAN_POINT ( 'NONE',  ( 0.000000000000000000, 0.5000000000000000000, -2.765000000000000124 ) ) ;
#1563 = CARTESIAN_POINT ( 'NONE',  ( 0.5999999999999912070, 13.00000000000000178, -13.55000000000000071 ) ) ;
#1564 = DIRECTION ( 'NONE',  ( 0.000000000000000000, -0.9982455176826009469, -0.05921052631581480430 ) ) ;
#1565 = CARTESIAN_POINT ( 'NONE',  ( 38.34211819145298961, -0.001000000000000024307, -7.483866831501378769 ) ) ;
#1566 = CIRCLE ( 'NONE', #7820, 2.000000000000003109 ) ;
#1567 = DIRECTION ( 'NONE',  ( 1.000000000000000000, 0.000000000000000000, 0.000000000000000000 ) ) ;
#1568 = VERTEX_POINT ( 'NONE', #10453 ) ;
#1569 = AXIS2_PLACEMENT_3D ( 'NONE', #9564, #749, #7319 ) ;
#1570 = VERTEX_POINT ( 'NONE', #2271 ) ;
#1571 = ADVANCED_FACE ( 'NONE', ( #3968 ), #7035, .T. ) ;
#1572 = FACE_OUTER_BOUND ( 'NONE', #7541, .T. ) ;
#1573 = VECTOR ( 'NONE', #6675, 1000.000000000000000 ) ;
#1574 = DIRECTION ( 'NONE',  ( -0.000000000000000000, -1.000000000000000000, 0.000000000000000000 ) ) ;
#1575 = ORIENTED_EDGE ( 'NONE', *, *, #1316, .F. ) ;
#1576 = AXIS2_PLACEMENT_3D ( 'NONE', #7344, #6441, #9643 ) ;
#1577 = CARTESIAN_POINT ( 'NONE',  ( 39.09211819145298250, 0.2505450496179580933, -6.184828725824716322 ) ) ;
#1578 = CARTESIAN_POINT ( 'NONE',  ( 0.000000000000000000, 8.000000000000000000, -6.750000000000000000 ) ) ;
#1579 = EDGE_CURVE ( 'NONE', #2728, #7701, #7978, .T. ) ;
#1581 = ADVANCED_FACE ( 'NONE', ( #3859 ), #6239, .T. ) ;
#1580 = ORIENTED_EDGE ( 'NONE', *, *, #3056, .T. ) ;
#1582 = DIRECTION ( 'NONE',  ( 1.000000000000000000, 0.000000000000000000, 0.000000000000000000 ) ) ;
#1583 = CARTESIAN_POINT ( 'NONE',  ( 43.25000000000000711, 6.000000000000001776, -7.250000000000000000 ) ) ;
#1584 = ORIENTED_EDGE ( 'NONE', *, *, #5079, .T. ) ;
#1585 = ORIENTED_EDGE ( 'NONE', *, *, #6508, .F. ) ;
#1586 = AXIS2_PLACEMENT_3D ( 'NONE', #6823, #4294, #5931 ) ;
#1587 = EDGE_CURVE ( 'NONE', #2700, #8420, #6192, .T. ) ;
#1588 = DIRECTION ( 'NONE',  ( -1.971236424878464058E-15, 0.000000000000000000, -1.000000000000000000 ) ) ;
#1589 = ORIENTED_EDGE ( 'NONE', *, *, #3403, .T. ) ;
#1590 = VERTEX_POINT ( 'NONE', #4822 ) ;
#1591 = LINE ( 'NONE', #4998, #1420 ) ;
#1592 = CARTESIAN_POINT ( 'NONE',  ( -52.34851251526774263, 8.922518270238573024, -4.120123652065644571 ) ) ;
#1593 = CIRCLE ( 'NONE', #4481, 0.6000000000000007550 ) ;
#1594 = ADVANCED_FACE ( 'NONE', ( #7930 ), #630, .T. ) ;
#1595 = DIRECTION ( 'NONE',  ( -0.000000000000000000, -0.000000000000000000, 1.000000000000000000 ) ) ;
#1596 = AXIS2_PLACEMENT_3D ( 'NONE', #105, #1740, #5607 ) ;
#1597 = CYLINDRICAL_SURFACE ( 'NONE', #386, 0.2888330770816384119 ) ;
#1598 = ORIENTED_EDGE ( 'NONE', *, *, #5408, .F. ) ;
#1599 = ORIENTED_EDGE ( 'NONE', *, *, #8209, .T. ) ;
#1600 = AXIS2_PLACEMENT_3D ( 'NONE', #1725, #6551, #2528 ) ;
#1601 = EDGE_CURVE ( 'NONE', #2668, #4874, #8609, .T. ) ;
#1602 = DIRECTION ( 'NONE',  ( 0.000000000000000000, 0.000000000000000000, -1.000000000000000000 ) ) ;
#1603 = AXIS2_PLACEMENT_3D ( 'NONE', #530, #8517, #2121 ) ;
#1604 = B_SPLINE_CURVE_WITH_KNOTS ( 'NONE', 3,
 ( #9379, #10224, #3050, #2146, #5496, #5389, #8594, #4593 ),
 .UNSPECIFIED., .F., .F.,
 ( 4, 2, 2, 4 ),
 ( 0.000000000000000000, 0.0001382025733524817055, 0.0002764051467049634110, 0.0005528102934099397240 ),
 .UNSPECIFIED. ) ;
#1605 = FACE_BOUND ( 'NONE', #7893, .T. ) ;
#1606 = DIRECTION ( 'NONE',  ( 0.000000000000000000, 0.000000000000000000, 1.000000000000000000 ) ) ;
#1607 = VERTEX_POINT ( 'NONE', #4665 ) ;
#1608 = DIRECTION ( 'NONE',  ( 0.000000000000000000, -1.000000000000000000, -2.891205793294679312E-16 ) ) ;
#1609 = VERTEX_POINT ( 'NONE', #6352 ) ;
#1610 = DIRECTION ( 'NONE',  ( 1.000000000000000000, 0.000000000000000000, 0.000000000000000000 ) ) ;
#1611 = AXIS2_PLACEMENT_3D ( 'NONE', #7788, #1186, #542 ) ;
#1612 = LINE ( 'NONE', #7278, #7369 ) ;
#1613 = CARTESIAN_POINT ( 'NONE',  ( 35.21143789659456047, 0.000000000000000000, -5.329957559004428802 ) ) ;
#1614 = ORIENTED_EDGE ( 'NONE', *, *, #4241, .T. ) ;
#1615 = ORIENTED_EDGE ( 'NONE', *, *, #2397, .T. ) ;
#1616 = EDGE_CURVE ( 'NONE', #9934, #5739, #4980, .T. ) ;
#1617 = CARTESIAN_POINT ( 'NONE',  ( 23.40788180854701395, 0.000000000000000000, 2.524059210366052852 ) ) ;
#1618 = CARTESIAN_POINT ( 'NONE',  ( -39.53506879479627401, 0.1999999999999987899, 3.615000000000000213 ) ) ;
#1619 = EDGE_LOOP ( 'NONE', ( #4572, #604, #6578, #7891 ) ) ;
#1620 = DIRECTION ( 'NONE',  ( -0.000000000000000000, 1.000000000000000000, -0.000000000000000000 ) ) ;
#1621 = LINE ( 'NONE', #2308, #2712 ) ;
#1622 = DIRECTION ( 'NONE',  ( -0.000000000000000000, -1.000000000000000000, -0.000000000000000000 ) ) ;
#1623 = CARTESIAN_POINT ( 'NONE',  ( 35.94937047899919236, 0.09795398803915038310, -4.456839648981009816 ) ) ;
#1624 = CARTESIAN_POINT ( 'NONE',  ( -29.84000000000000341, 0.5000000000000004441, 1.010032166305325429E-14 ) ) ;
#1625 = FACE_OUTER_BOUND ( 'NONE', #980, .T. ) ;
#1626 = EDGE_LOOP ( 'NONE', ( #7460, #252, #807, #8255 ) ) ;
#1627 = VERTEX_POINT ( 'NONE', #3911 ) ;
#1628 = DIRECTION ( 'NONE',  ( -0.000000000000000000, -0.000000000000000000, 1.000000000000000000 ) ) ;
#1629 = DIRECTION ( 'NONE',  ( 0.000000000000000000, 1.000000000000000000, 0.000000000000000000 ) ) ;
#1630 = DIRECTION ( 'NONE',  ( -0.000000000000000000, 1.000000000000000000, -0.000000000000000000 ) ) ;
#1631 = ORIENTED_EDGE ( 'NONE', *, *, #468, .F. ) ;
#1632 = CARTESIAN_POINT ( 'NONE',  ( 0.000000000000000000, 0.5000000000000000000, 0.000000000000000000 ) ) ;
#1633 = DIRECTION ( 'NONE',  ( -0.5000000000000001110, 0.000000000000000000, -0.8660254037844385966 ) ) ;
#1634 = ORIENTED_EDGE ( 'NONE', *, *, #1749, .T. ) ;
#1635 = CARTESIAN_POINT ( 'NONE',  ( -8.000000000000008882, 11.00000000000000178, 14.45000000000000107 ) ) ;
#1636 = CARTESIAN_POINT ( 'NONE',  ( -29.84000000000000341, 6.296018041280833089, 3.315000000000000391 ) ) ;
#1637 = EDGE_CURVE ( 'NONE', #281, #5647, #9496, .T. ) ;
#1638 = ORIENTED_EDGE ( 'NONE', *, *, #5306, .T. ) ;
#1639 = VERTEX_POINT ( 'NONE', #3175 ) ;
#1640 = CARTESIAN_POINT ( 'NONE',  ( 39.09211819145300382, 0.2505450496179588704, 1.484828725824667739 ) ) ;
#1641 = B_SPLINE_CURVE_WITH_KNOTS ( 'NONE', 3,
 ( #3697, #2110, #6925, #2905, #8554, #4130, #1577, #7301 ),
 .UNSPECIFIED., .F., .F.,
 ( 4, 2, 2, 4 ),
 ( -3.466145320678219931E-06, 0.0002882777914485881222, 0.0004341497598332238941, 0.0005800217282178596117 ),
 .UNSPECIFIED. ) ;
#1642 = ORIENTED_EDGE ( 'NONE', *, *, #1281, .F. ) ;
#1643 = DIRECTION ( 'NONE',  ( -0.000000000000000000, -0.000000000000000000, 1.000000000000000000 ) ) ;
#1644 = DIRECTION ( 'NONE',  ( 0.000000000000000000, 1.000000000000000000, -0.000000000000000000 ) ) ;
#1645 = CARTESIAN_POINT ( 'NONE',  ( 3.099999999999991651, 13.00000000000000178, 13.45000000000019114 ) ) ;
#1646 = DIRECTION ( 'NONE',  ( -1.000000000000000000, -1.758281308145593320E-15, 0.000000000000000000 ) ) ;
#1647 = DIRECTION ( 'NONE',  ( -0.000000000000000000, 1.000000000000000000, -0.000000000000000000 ) ) ;
#1648 = EDGE_CURVE ( 'NONE', #5320, #686, #397, .T. ) ;
#1649 = EDGE_LOOP ( 'NONE', ( #8601, #9205, #9452, #8634 ) ) ;
#1650 = VECTOR ( 'NONE', #6707, 1000.000000000000000 ) ;
#1651 = VERTEX_POINT ( 'NONE', #9604 ) ;
#1652 = EDGE_CURVE ( 'NONE', #8519, #9744, #8298, .T. ) ;
#1653 = CARTESIAN_POINT ( 'NONE',  ( -31.11939691791956974, 0.1293615736281126527, 8.349999999999997868 ) ) ;
#1654 = EDGE_CURVE ( 'NONE', #2022, #1536, #8166, .T. ) ;
#1655 = PLANE ( 'NONE',  #7439 ) ;
#1656 = CARTESIAN_POINT ( 'NONE',  ( -2.000000000000008882, 13.00000000000000178, -12.35000000000019149 ) ) ;
#1657 = ORIENTED_EDGE ( 'NONE', *, *, #9718, .T. ) ;
#1658 = DIRECTION ( 'NONE',  ( 0.000000000000000000, -1.000000000000000000, -2.891205793294682764E-16 ) ) ;
#1659 = AXIS2_PLACEMENT_3D ( 'NONE', #3479, #8173, #9900 ) ;
#1660 = CYLINDRICAL_SURFACE ( 'NONE', #2595, 4.341174913715429184 ) ;
#1661 = EDGE_CURVE ( 'NONE', #2356, #7791, #6452, .T. ) ;
#1662 = LINE ( 'NONE', #5586, #5996 ) ;
#1663 = DIRECTION ( 'NONE',  ( -1.000000000000000000, 0.000000000000000000, 0.000000000000000000 ) ) ;
#1664 = VECTOR ( 'NONE', #5873, 1000.000000000000000 ) ;
#1665 = ORIENTED_EDGE ( 'NONE', *, *, #7942, .T. ) ;
#1666 = FACE_OUTER_BOUND ( 'NONE', #8465, .T. ) ;
#1667 = CARTESIAN_POINT ( 'NONE',  ( 31.65096152549724806, 0.1300423822510688998, -7.755729192126855409 ) ) ;
#1668 = VERTEX_POINT ( 'NONE', #9716 ) ;
#1669 = DIRECTION ( 'NONE',  ( 0.000000000000000000, 0.8660254037844420383, 0.4999999999999943379 ) ) ;
#1670 = FACE_OUTER_BOUND ( 'NONE', #2431, .T. ) ;
#1671 = CARTESIAN_POINT ( 'NONE',  ( 8.380079849446763873, 0.2999999999999999889, -14.51472407072590443 ) ) ;
#1672 = FACE_OUTER_BOUND ( 'NONE', #6987, .T. ) ;
#1673 = EDGE_CURVE ( 'NONE', #9873, #4154, #4396, .T. ) ;
#1674 = CARTESIAN_POINT ( 'NONE',  ( -30.13203748537932825, 5.996123729295902649, -2.765105688015068619 ) ) ;
#1675 = DIRECTION ( 'NONE',  ( 0.000000000000000000, 0.000000000000000000, 1.000000000000000000 ) ) ;
#1676 = ORIENTED_EDGE ( 'NONE', *, *, #3171, .F. ) ;
#1677 = VECTOR ( 'NONE', #1469, 1000.000000000000000 ) ;
#1678 = ORIENTED_EDGE ( 'NONE', *, *, #1587, .F. ) ;
#1679 = DIRECTION ( 'NONE',  ( 1.000000000000000000, 0.000000000000000000, 0.000000000000000000 ) ) ;
#1680 = DIRECTION ( 'NONE',  ( 0.000000000000000000, 0.000000000000000000, 1.000000000000000000 ) ) ;
#1681 = DIRECTION ( 'NONE',  ( -0.000000000000000000, -1.000000000000000000, 0.000000000000000000 ) ) ;
#1682 = ORIENTED_EDGE ( 'NONE', *, *, #8014, .F. ) ;
#1683 = AXIS2_PLACEMENT_3D ( 'NONE', #3293, #6620, #1851 ) ;
#1684 = CARTESIAN_POINT ( 'NONE',  ( -30.30484636607248561, -1.468623938954177977, -8.849999999999997868 ) ) ;
#1685 = AXIS2_PLACEMENT_3D ( 'NONE', #4856, #9583, #5591 ) ;
#1686 = CARTESIAN_POINT ( 'NONE',  ( -30.14000000000000057, 0.5000000000000000000, 2.765000000000000124 ) ) ;
#1687 = ORIENTED_EDGE ( 'NONE', *, *, #4118, .F. ) ;
#1688 = LINE ( 'NONE', #9917, #4943 ) ;
#1689 = VERTEX_POINT ( 'NONE', #1049 ) ;
#1690 = ORIENTED_EDGE ( 'NONE', *, *, #6114, .F. ) ;
#1691 = VECTOR ( 'NONE', #2525, 1000.000000000000000 ) ;
#1692 = AXIS2_PLACEMENT_3D ( 'NONE', #1653, #4093, #18 ) ;
#1693 = CARTESIAN_POINT ( 'NONE',  ( 39.12664033279330056, 0.09378038618371868640, 1.595855630624878563 ) ) ;
#1694 =( BOUNDED_SURFACE ( )  B_SPLINE_SURFACE ( 3, 2, ( 
 ( #5916, #8341, #5970 ),
 ( #5770, #1103, #5029 ),
 ( #9961, #6607, #9173 ),
 ( #8966, #9119, #9809 ),
 ( #9023, #199, #2589 ),
 ( #7402, #5823, #990 ),
 ( #8392, #1792, #8235 ),
 ( #1736, #4225, #4281 ),
 ( #9069, #7451, #4978 ),
 ( #4336, #3434, #1946 ),
 ( #1835, #6658, #7606 ),
 ( #7503, #353, #9863 ),
 ( #2644, #7556, #5082 ),
 ( #8286, #9910, #3580 ) ),
 .UNSPECIFIED., .F., .F., .F. ) 
 B_SPLINE_SURFACE_WITH_KNOTS ( ( 4, 2, 2, 2, 2, 2, 4 ),
 ( 3, 3 ),
 ( 0.001155377463937200255, 0.001777644056775336484, 0.002088777353194404707, 0.002399910649613472714, 0.002711043946032541153, 0.003022177242451609160, 0.003644443835289745172 ),
 ( 0.2421920237697430534, 1.000000000000000000 ),
 .UNSPECIFIED. ) 
 GEOMETRIC_REPRESENTATION_ITEM ( )  RATIONAL_B_SPLINE_SURFACE ( (
 ( 0.8924876584085156273, 0.7780431825994016393, 1.000000000000000000),
 ( 0.9142263183648124958, 0.8229221584177056625, 1.000000000000000000),
 ( 0.9307382614187476033, 0.8570106944415702976, 1.000000000000000000),
 ( 0.9478720286487376523, 0.8923829725275728153, 1.000000000000000000),
 ( 0.9521871564500974383, 0.9012914570725929497, 1.000000000000000000),
 ( 0.9580339200409189182, 0.9133619693459038569, 1.000000000000000000),
 ( 0.9595443787250717005, 0.9164802774153486542, 1.000000000000000000),
 ( 0.9595213182622448489, 0.9164326696071563028, 1.000000000000000000),
 ( 0.9580366851125314831, 0.9133676777742195663, 1.000000000000000000),
 ( 0.9521631394572764862, 0.9012418745296849609, 1.000000000000000000),
 ( 0.9477395637334531386, 0.8921095016815419054, 1.000000000000000000),
 ( 0.9306991181621049325, 0.8569298840663288619, 1.000000000000000000),
 ( 0.9139791508532044695, 0.8224118866346784573, 1.000000000000000000),
 ( 0.8924876584085164044, 0.7780431825994030826, 1.000000000000000000) ) ) 
 REPRESENTATION_ITEM ( '' )  SURFACE ( )  );
#1695 = EDGE_LOOP ( 'NONE', ( #820, #6672, #9882, #174 ) ) ;
#1696 = CARTESIAN_POINT ( 'NONE',  ( 31.39999999999997726, 0.000000000000000000, -11.63910652323463957 ) ) ;
#1697 = DIRECTION ( 'NONE',  ( 0.000000000000000000, 1.000000000000000000, -0.000000000000000000 ) ) ;
#1698 = FACE_BOUND ( 'NONE', #10432, .T. ) ;
#1699 = CARTESIAN_POINT ( 'NONE',  ( 50.99857113690718080, 11.00000000000000178, 12.25000000000000711 ) ) ;
#1700 = EDGE_LOOP ( 'NONE', ( #6625, #8735, #2630, #4321 ) ) ;
#1701 = ORIENTED_EDGE ( 'NONE', *, *, #6836, .T. ) ;
#1702 = CARTESIAN_POINT ( 'NONE',  ( 47.49999999999999289, 3.000000000000000000, 8.650000000000002132 ) ) ;
#1703 = ADVANCED_FACE ( 'NONE', ( #155 ), #9028, .T. ) ;
#1704 = CARTESIAN_POINT ( 'NONE',  ( 2.099999999999991207, 13.00000000000000178, -13.35000000000019149 ) ) ;
#1705 = ORIENTED_EDGE ( 'NONE', *, *, #7887, .T. ) ;
#1706 = CARTESIAN_POINT ( 'NONE',  ( -52.25000000000001421, 9.852223174136533146, -3.267594706387912051 ) ) ;
#1707 = CARTESIAN_POINT ( 'NONE',  ( -30.13203748537938864, 5.996123729295900873, -20.34067203111825251 ) ) ;
#1708 = CARTESIAN_POINT ( 'NONE',  ( 45.25000000000000711, 8.000000000000000000, -0.9682458365518327170 ) ) ;
#1709 = DIRECTION ( 'NONE',  ( 0.000000000000000000, 0.000000000000000000, 1.000000000000000000 ) ) ;
#1710 = EDGE_CURVE ( 'NONE', #6895, #9871, #3334, .T. ) ;
#1711 = AXIS2_PLACEMENT_3D ( 'NONE', #352, #9808, #4335 ) ;
#1712 = ADVANCED_FACE ( 'NONE', ( #2650 ), #8870, .T. ) ;
#1713 = CARTESIAN_POINT ( 'NONE',  ( 22.68039777241904886, 0.000000000000000000, -6.604841829914297691 ) ) ;
#1714 = FACE_OUTER_BOUND ( 'NONE', #4573, .T. ) ;
#1715 = ORIENTED_EDGE ( 'NONE', *, *, #9973, .F. ) ;
#1716 = DIRECTION ( 'NONE',  ( 1.000000000000000000, 0.000000000000000000, 1.871330610546719070E-17 ) ) ;
#1717 = CARTESIAN_POINT ( 'NONE',  ( 3.099999999999991651, 13.00000000000000178, 13.45000000000019114 ) ) ;
#1718 = EDGE_CURVE ( 'NONE', #7308, #9985, #3388, .T. ) ;
#1719 = CARTESIAN_POINT ( 'NONE',  ( 6.494920150553300964, 0.000000000000000000, 11.24953169186121293 ) ) ;
#1720 = VERTEX_POINT ( 'NONE', #7359 ) ;
#1721 = CARTESIAN_POINT ( 'NONE',  ( 20.65000000000000213, 8.000000000000000000, 8.349999999999997868 ) ) ;
#1722 = DIRECTION ( 'NONE',  ( 0.000000000000000000, 0.000000000000000000, 1.000000000000000000 ) ) ;
#1723 = CARTESIAN_POINT ( 'NONE',  ( -52.22340835089975997, 7.205390757595235840, -3.692296232791190125 ) ) ;
#1724 = LINE ( 'NONE', #1513, #10012 ) ;
#1725 = CARTESIAN_POINT ( 'NONE',  ( 49.74999999999999289, 3.000000000000000000, -9.499999999999966249 ) ) ;
#1726 = ADVANCED_FACE ( 'NONE', ( #8085 ), #2486, .T. ) ;
#1727 = LINE ( 'NONE', #984, #3619 ) ;
#1728 = DIRECTION ( 'NONE',  ( -1.000000000000000000, 0.000000000000000000, -0.000000000000000000 ) ) ;
#1729 = ORIENTED_EDGE ( 'NONE', *, *, #5466, .F. ) ;
#1730 = VECTOR ( 'NONE', #6653, 1000.000000000000000 ) ;
#1731 = ORIENTED_EDGE ( 'NONE', *, *, #1261, .T. ) ;
#1732 = VECTOR ( 'NONE', #6853, 1000.000000000000114 ) ;
#1733 = CIRCLE ( 'NONE', #4279, 0.3706384263718852656 ) ;
#1734 = DIRECTION ( 'NONE',  ( 0.000000000000000000, 1.000000000000000000, -0.000000000000000000 ) ) ;
#1735 = EDGE_CURVE ( 'NONE', #5239, #7308, #8194, .T. ) ;
#1736 = CARTESIAN_POINT ( 'NONE',  ( -52.20454750418952727, 8.278320776163717198, 4.275074528580331545 ) ) ;
#1737 = FACE_OUTER_BOUND ( 'NONE', #8641, .T. ) ;
#1738 = FACE_OUTER_BOUND ( 'NONE', #8786, .T. ) ;
#1739 = ORIENTED_EDGE ( 'NONE', *, *, #3947, .T. ) ;
#1740 = DIRECTION ( 'NONE',  ( 0.000000000000000000, 1.000000000000000000, 0.000000000000000000 ) ) ;
#1741 = AXIS2_PLACEMENT_3D ( 'NONE', #3888, #8789, #9467 ) ;
#1742 = DIRECTION ( 'NONE',  ( -0.000000000000000000, -1.000000000000000000, 0.000000000000000000 ) ) ;
#1743 = ORIENTED_EDGE ( 'NONE', *, *, #1502, .F. ) ;
#1744 = AXIS2_PLACEMENT_3D ( 'NONE', #9252, #1336, #8623 ) ;
#1745 = CARTESIAN_POINT ( 'NONE',  ( -30.13203748537932825, 5.996123729295902649, -2.765105688015068619 ) ) ;
#1746 = ORIENTED_EDGE ( 'NONE', *, *, #9019, .T. ) ;
#1747 = EDGE_LOOP ( 'NONE', ( #3375, #7838, #5128, #3633 ) ) ;
#1748 = VECTOR ( 'NONE', #2499, 1000.000000000000227 ) ;
#1749 = EDGE_CURVE ( 'NONE', #448, #6297, #5242, .T. ) ;
#1750 = CARTESIAN_POINT ( 'NONE',  ( -45.19999999999993889, 8.000000000000000000, 14.75000000000000533 ) ) ;
#1751 = CIRCLE ( 'NONE', #7161, 0.3000000000000016542 ) ;
#1752 = ORIENTED_EDGE ( 'NONE', *, *, #8628, .T. ) ;
#1753 = CARTESIAN_POINT ( 'NONE',  ( 47.49999999999999289, 3.000000000000000000, -10.34999999999999787 ) ) ;
#1754 = LINE ( 'NONE', #9727, #3781 ) ;
#1755 = DIRECTION ( 'NONE',  ( 0.000000000000000000, -6.505213034913037648E-15, 1.000000000000000000 ) ) ;
#1756 = ADVANCED_FACE ( 'NONE', ( #52 ), #3282, .T. ) ;
#1757 = AXIS2_PLACEMENT_3D ( 'NONE', #5402, #7085, #7200 ) ;
#1758 = CARTESIAN_POINT ( 'NONE',  ( 43.25000000000000711, 0.5000000000000000000, -7.249999999999998224 ) ) ;
#1759 = ORIENTED_EDGE ( 'NONE', *, *, #5508, .T. ) ;
#1760 = AXIS2_PLACEMENT_3D ( 'NONE', #727, #8866, #10398 ) ;
#1761 = CIRCLE ( 'NONE', #7666, 1.000000000000000888 ) ;
#1762 = ORIENTED_EDGE ( 'NONE', *, *, #6661, .F. ) ;
#1763 = CARTESIAN_POINT ( 'NONE',  ( 0.000000000000000000, 8.000000000000000000, 0.000000000000000000 ) ) ;
#1764 = AXIS2_PLACEMENT_3D ( 'NONE', #6854, #9060, #4483 ) ;
#1765 = CARTESIAN_POINT ( 'NONE',  ( 47.49999999999999289, 3.000000000000000000, 10.35000000000000142 ) ) ;
#1766 = AXIS2_PLACEMENT_3D ( 'NONE', #318, #1006, #7569 ) ;
#1767 = VERTEX_POINT ( 'NONE', #1686 ) ;
#1768 = CARTESIAN_POINT ( 'NONE',  ( -51.98550969718125003, 7.803093234024773395, 4.257828830504338136 ) ) ;
#1769 = LINE ( 'NONE', #2671, #6976 ) ;
#1770 = CARTESIAN_POINT ( 'NONE',  ( -20.00000000000001066, 11.00000000000000178, 13.55000000000000604 ) ) ;
#1771 = CARTESIAN_POINT ( 'NONE',  ( -45.19999999999996732, 0.000000000000000000, -11.75000000000000355 ) ) ;
#1772 = CIRCLE ( 'NONE', #1432, 0.6000000000000007550 ) ;
#1773 = EDGE_CURVE ( 'NONE', #9985, #6070, #6511, .T. ) ;
#1774 = VECTOR ( 'NONE', #476, 1000.000000000000000 ) ;
#1775 = ORIENTED_EDGE ( 'NONE', *, *, #5998, .F. ) ;
#1776 = FACE_OUTER_BOUND ( 'NONE', #997, .T. ) ;
#1777 = CYLINDRICAL_SURFACE ( 'NONE', #7433, 0.1999999999999987899 ) ;
#1778 = CARTESIAN_POINT ( 'NONE',  ( -31.45678631915142631, 0.2827931057192691333, -3.615000000000000213 ) ) ;
#1779 = ORIENTED_EDGE ( 'NONE', *, *, #3273, .T. ) ;
#1780 = CYLINDRICAL_SURFACE ( 'NONE', #8734, 0.8500000000000000888 ) ;
#1781 = CARTESIAN_POINT ( 'NONE',  ( 30.95000000000000284, 0.2999999999999999889, -2.350000000000003197 ) ) ;
#1782 = CARTESIAN_POINT ( 'NONE',  ( -2.000000000000011990, 14.50000000000000000, -14.75000000000000355 ) ) ;
#1783 = CIRCLE ( 'NONE', #1611, 1.300000000000000711 ) ;
#1784 = CARTESIAN_POINT ( 'NONE',  ( -30.14000000000000412, 17.00100000000000122, -2.765000000000000124 ) ) ;
#1785 = DIRECTION ( 'NONE',  ( -3.384826294588891940E-16, -0.000000000000000000, -1.000000000000000000 ) ) ;
#1786 = ADVANCED_FACE ( 'NONE', ( #9814 ), #2596, .F. ) ;
#1787 = ORIENTED_EDGE ( 'NONE', *, *, #4005, .F. ) ;
#1788 = ORIENTED_EDGE ( 'NONE', *, *, #7980, .F. ) ;
#1789 = VECTOR ( 'NONE', #935, 1000.000000000000000 ) ;
#1790 = DIRECTION ( 'NONE',  ( 0.000000000000000000, 0.000000000000000000, 1.000000000000000000 ) ) ;
#1791 = EDGE_CURVE ( 'NONE', #5929, #10204, #1841, .T. ) ;
#1792 = CARTESIAN_POINT ( 'NONE',  ( -52.11956194878246862, 8.521961921181882005, 4.350092874893856099 ) ) ;
#1793 = DIRECTION ( 'NONE',  ( -0.000000000000000000, -0.000000000000000000, 1.000000000000000000 ) ) ;
#1794 = FACE_OUTER_BOUND ( 'NONE', #3940, .T. ) ;
#1795 = VERTEX_POINT ( 'NONE', #7509 ) ;
#1796 = DIRECTION ( 'NONE',  ( 0.000000000000000000, 1.000000000000000000, 0.000000000000000000 ) ) ;
#1797 = DIRECTION ( 'NONE',  ( -0.000000000000000000, 1.000000000000000000, -0.000000000000000000 ) ) ;
#1798 = ORIENTED_EDGE ( 'NONE', *, *, #2566, .F. ) ;
#1799 = LINE ( 'NONE', #56, #7131 ) ;
#1800 = EDGE_CURVE ( 'NONE', #9940, #2025, #4928, .T. ) ;
#1801 = VERTEX_POINT ( 'NONE', #8920 ) ;
#1802 = EDGE_LOOP ( 'NONE', ( #7097, #10200, #6796, #8668 ) ) ;
#1803 = CYLINDRICAL_SURFACE ( 'NONE', #1586, 0.2999999999999994338 ) ;
#1804 = PLANE ( 'NONE',  #673 ) ;
#1805 = FACE_BOUND ( 'NONE', #6857, .T. ) ;
#1806 = CARTESIAN_POINT ( 'NONE',  ( -8.958845726811304644, 11.00000000000000178, 13.55000000000019078 ) ) ;
#1807 = DIRECTION ( 'NONE',  ( 0.000000000000000000, -1.000000000000000000, 0.000000000000000000 ) ) ;
#1808 = DIRECTION ( 'NONE',  ( -1.000000000000000000, 0.000000000000000000, 0.000000000000000000 ) ) ;
#1809 = EDGE_CURVE ( 'NONE', #1860, #9907, #7437, .T. ) ;
#1810 = ORIENTED_EDGE ( 'NONE', *, *, #898, .F. ) ;
#1811 = VERTEX_POINT ( 'NONE', #1203 ) ;
#1812 = EDGE_LOOP ( 'NONE', ( #6846, #7227, #9677, #399 ) ) ;
#1813 = CARTESIAN_POINT ( 'NONE',  ( -53.20000000000000284, 7.099999999999998757, -2.924999999999968736 ) ) ;
#1814 = EDGE_CURVE ( 'NONE', #8464, #1957, #672, .T. ) ;
#1815 = FACE_OUTER_BOUND ( 'NONE', #1942, .T. ) ;
#1816 = ORIENTED_EDGE ( 'NONE', *, *, #8969, .F. ) ;
#1817 = CARTESIAN_POINT ( 'NONE',  ( -52.43158278002086092, 9.609574835599943299, -3.452455002252631022 ) ) ;
#1818 = CARTESIAN_POINT ( 'NONE',  ( -52.20650430357858340, 7.536768672106227918, -4.009004978326761837 ) ) ;
#1819 = DIRECTION ( 'NONE',  ( 0.000000000000000000, 0.000000000000000000, 1.000000000000000000 ) ) ;
#1820 = CARTESIAN_POINT ( 'NONE',  ( -52.20476218285829617, 8.287848702076617613, 4.275054182253115620 ) ) ;
#1821 = EDGE_LOOP ( 'NONE', ( #4414, #9439, #4557, #3055 ) ) ;
#1822 = DIRECTION ( 'NONE',  ( -1.000000000000000000, -1.506492794866855939E-14, 0.000000000000000000 ) ) ;
#1823 = VECTOR ( 'NONE', #81, 1000.000000000000000 ) ;
#1824 = DIRECTION ( 'NONE',  ( 0.000000000000000000, -2.168404344971011629E-15, 1.000000000000000000 ) ) ;
#1825 = LINE ( 'NONE', #1719, #755 ) ;
#1826 = ORIENTED_EDGE ( 'NONE', *, *, #2742, .T. ) ;
#1827 = CARTESIAN_POINT ( 'NONE',  ( -31.45678631915142631, 0.2827931057192701325, -20.34067203111825251 ) ) ;
#1828 = CARTESIAN_POINT ( 'NONE',  ( 31.40000000000002345, 0.000000000000000000, 6.939106523234631396 ) ) ;
#1829 = EDGE_CURVE ( 'NONE', #513, #6122, #6082, .T. ) ;
#1830 = VECTOR ( 'NONE', #4807, 999.9999999999998863 ) ;
#1831 = DIRECTION ( 'NONE',  ( 0.000000000000000000, 0.000000000000000000, -1.000000000000000000 ) ) ;
#1832 = LINE ( 'NONE', #5817, #1730 ) ;
#1833 = ORIENTED_EDGE ( 'NONE', *, *, #7724, .T. ) ;
#1834 = ORIENTED_EDGE ( 'NONE', *, *, #6104, .T. ) ;
#1835 = CARTESIAN_POINT ( 'NONE',  ( -52.20538535074341269, 7.815545748667936721, 4.160314501063734127 ) ) ;
#1836 = LINE ( 'NONE', #8236, #8901 ) ;
#1837 = CARTESIAN_POINT ( 'NONE',  ( 22.73614628785938407, 0.02145563245112785608, -6.417410124218907441 ) ) ;
#1838 = ADVANCED_FACE ( 'NONE', ( #411 ), #6863, .T. ) ;
#1839 = ORIENTED_EDGE ( 'NONE', *, *, #9904, .F. ) ;
#1840 = DIRECTION ( 'NONE',  ( 0.000000000000000000, 0.000000000000000000, 1.000000000000000000 ) ) ;
#1841 = LINE ( 'NONE', #5088, #10106 ) ;
#1842 = AXIS2_PLACEMENT_3D ( 'NONE', #4362, #5061, #9840 ) ;
#1843 = CARTESIAN_POINT ( 'NONE',  ( -52.36525418156715261, 7.595950132782688158, 3.968473906735676238 ) ) ;
#1844 = EDGE_LOOP ( 'NONE', ( #3736, #897, #4843, #4585 ) ) ;
#1845 = EDGE_CURVE ( 'NONE', #6818, #827, #4440, .T. ) ;
#1846 = EDGE_CURVE ( 'NONE', #8864, #8434, #9370, .T. ) ;
#1847 = ORIENTED_EDGE ( 'NONE', *, *, #4871, .F. ) ;
#1848 = CARTESIAN_POINT ( 'NONE',  ( -52.20454763282752708, 8.281128428327139801, -4.275301107351445751 ) ) ;
#1849 = ADVANCED_FACE ( 'NONE', ( #3585 ), #1951, .F. ) ;
#1850 = ORIENTED_EDGE ( 'NONE', *, *, #237, .T. ) ;
#1851 = DIRECTION ( 'NONE',  ( 0.000000000000000000, 0.000000000000000000, 1.000000000000000000 ) ) ;
#1852 = CARTESIAN_POINT ( 'NONE',  ( -39.53506879479627401, 0.1999999999999987899, 3.615000000000000213 ) ) ;
#1853 = DIRECTION ( 'NONE',  ( -8.673617379884087537E-15, 0.000000000000000000, -1.000000000000000000 ) ) ;
#1854 = LINE ( 'NONE', #1699, #2424 ) ;
#1855 = EDGE_LOOP ( 'NONE', ( #2577, #9141, #4858, #10262 ) ) ;
#1856 = AXIS2_PLACEMENT_3D ( 'NONE', #6548, #773, #7965 ) ;
#1857 = EDGE_CURVE ( 'NONE', #2480, #7168, #8546, .T. ) ;
#1858 = AXIS2_PLACEMENT_3D ( 'NONE', #769, #1507, #3206 ) ;
#1859 = ORIENTED_EDGE ( 'NONE', *, *, #1800, .F. ) ;
#1860 = VERTEX_POINT ( 'NONE', #1108 ) ;
#1861 = DIRECTION ( 'NONE',  ( 0.000000000000000000, 1.000000000000000000, -0.000000000000000000 ) ) ;
#1862 = EDGE_CURVE ( 'NONE', #928, #8827, #2747, .T. ) ;
#1863 = DIRECTION ( 'NONE',  ( 1.000000000000000000, -0.000000000000000000, -0.000000000000000000 ) ) ;
#1864 = EDGE_LOOP ( 'NONE', ( #197, #9686, #4000, #3984 ) ) ;
#1865 = VERTEX_POINT ( 'NONE', #310 ) ;
#1866 = CARTESIAN_POINT ( 'NONE',  ( -45.19999999999994600, 17.00000000000000000, -13.55000000000000249 ) ) ;
#1867 = CIRCLE ( 'NONE', #3223, 0.2999999999999999334 ) ;
#1868 = CARTESIAN_POINT ( 'NONE',  ( -52.21634906207967930, 7.277009259197119384, -3.782850090902802886 ) ) ;
#1869 = LINE ( 'NONE', #5951, #7258 ) ;
#1870 = CARTESIAN_POINT ( 'NONE',  ( -35.06554871542299878, 0.000000000000000000, 3.415000000000000036 ) ) ;
#1871 = EDGE_CURVE ( 'NONE', #4184, #4090, #7092, .T. ) ;
#1872 = VERTEX_POINT ( 'NONE', #6764 ) ;
#1873 = DIRECTION ( 'NONE',  ( 0.000000000000000000, 0.000000000000000000, -1.000000000000000000 ) ) ;
#1874 = CARTESIAN_POINT ( 'NONE',  ( -1.408389356733645998E-15, 0.5000000000000004441, -10.25000000000000533 ) ) ;
#1875 = DIRECTION ( 'NONE',  ( 0.8660254037844384856, -0.000000000000000000, -0.5000000000000002220 ) ) ;
#1876 = ORIENTED_EDGE ( 'NONE', *, *, #9129, .T. ) ;
#1877 = FACE_OUTER_BOUND ( 'NONE', #6053, .T. ) ;
#1878 = LINE ( 'NONE', #930, #7321 ) ;
#1879 = SHAPE_DEFINITION_REPRESENTATION ( #2907, #7946 ) ;
#1880 = VECTOR ( 'NONE', #10112, 1000.000000000000000 ) ;
#1881 = EDGE_CURVE ( 'NONE', #5920, #8106, #6816, .T. ) ;
#1882 = DIRECTION ( 'NONE',  ( 1.000000000000000000, 0.000000000000000000, 0.000000000000000000 ) ) ;
#1883 = CYLINDRICAL_SURFACE ( 'NONE', #1900, 1.499999999999997780 ) ;
#1884 = ORIENTED_EDGE ( 'NONE', *, *, #93, .F. ) ;
#1885 = ORIENTED_EDGE ( 'NONE', *, *, #1449, .F. ) ;
#1886 = ADVANCED_FACE ( 'NONE', ( #1997 ), #8448, .T. ) ;
#1887 = AXIS2_PLACEMENT_3D ( 'NONE', #951, #263, #4880 ) ;
#1888 = CARTESIAN_POINT ( 'NONE',  ( -52.25000000000001421, 6.902631723476092773, 3.013815789473679008 ) ) ;
#1889 = DIRECTION ( 'NONE',  ( -0.000000000000000000, -0.000000000000000000, 1.000000000000000000 ) ) ;
#1890 = DIRECTION ( 'NONE',  ( 1.000000000000000000, -0.000000000000000000, -0.000000000000000000 ) ) ;
#1891 = LINE ( 'NONE', #1046, #1159 ) ;
#1892 = EDGE_LOOP ( 'NONE', ( #6431, #987, #9867, #856, #10311, #3667 ) ) ;
#1893 = CARTESIAN_POINT ( 'NONE',  ( -2.000000000000008882, 13.00000000000000178, -14.75000000000000178 ) ) ;
#1894 = DIRECTION ( 'NONE',  ( -1.000000000000000000, -0.000000000000000000, -9.251858538542967489E-15 ) ) ;
#1895 = VECTOR ( 'NONE', #9230, 1000.000000000000000 ) ;
#1896 = CARTESIAN_POINT ( 'NONE',  ( 26.64929317472358150, 0.02221052063481807406, -5.511033455694989591 ) ) ;
#1897 = ORIENTED_EDGE ( 'NONE', *, *, #1293, .T. ) ;
#1898 = ORIENTED_EDGE ( 'NONE', *, *, #4044, .T. ) ;
#1899 = EDGE_CURVE ( 'NONE', #4083, #6206, #8495, .T. ) ;
#1900 = AXIS2_PLACEMENT_3D ( 'NONE', #9265, #5125, #10009 ) ;
#1901 = CARTESIAN_POINT ( 'NONE',  ( -52.20449119161585116, 8.158866444929305572, -4.260293390207329445 ) ) ;
#1902 = ORIENTED_EDGE ( 'NONE', *, *, #7516, .F. ) ;
#1903 = ADVANCED_FACE ( 'NONE', ( #1258 ), #2895, .F. ) ;
#1904 = CIRCLE ( 'NONE', #6131, 5.250000000000006217 ) ;
#1905 = FACE_OUTER_BOUND ( 'NONE', #2288, .T. ) ;
#1906 = CARTESIAN_POINT ( 'NONE',  ( -29.96003882983038125, 6.000690477496205766, -3.610327563784627269 ) ) ;
#1907 = LINE ( 'NONE', #8149, #6989 ) ;
#1908 = ORIENTED_EDGE ( 'NONE', *, *, #8624, .F. ) ;
#1909 = CARTESIAN_POINT ( 'NONE',  ( -34.44357915404025761, -6.058573835305378367E-16, 3.499768573143335892 ) ) ;
#1910 = VECTOR ( 'NONE', #4098, 1000.000000000000000 ) ;
#1911 = ORIENTED_EDGE ( 'NONE', *, *, #6953, .F. ) ;
#1912 = EDGE_CURVE ( 'NONE', #9771, #1570, #4014, .T. ) ;
#1913 = VECTOR ( 'NONE', #2726, 1000.000000000000000 ) ;
#1914 = ORIENTED_EDGE ( 'NONE', *, *, #437, .T. ) ;
#1915 = CARTESIAN_POINT ( 'NONE',  ( -34.52834772718359346, 0.000000000000000000, -3.415000000000000036 ) ) ;
#1916 = CARTESIAN_POINT ( 'NONE',  ( 47.50000000000000000, 11.00000000000000178, -9.500000000000001776 ) ) ;
#1917 = EDGE_CURVE ( 'NONE', #7861, #2369, #6585, .T. ) ;
#1918 = ORIENTED_EDGE ( 'NONE', *, *, #9542, .F. ) ;
#1919 = ORIENTED_EDGE ( 'NONE', *, *, #9589, .F. ) ;
#1920 = CARTESIAN_POINT ( 'NONE',  ( -51.98555142777797755, 8.996263542329996810, 4.258108007148362795 ) ) ;
#1921 = AXIS2_PLACEMENT_3D ( 'NONE', #3061, #7879, #7825 ) ;
#1922 = CARTESIAN_POINT ( 'NONE',  ( 47.49999999999997868, 9.000000000000001776, 12.25000000000000711 ) ) ;
#1923 = AXIS2_PLACEMENT_3D ( 'NONE', #6188, #1266, #3057 ) ;
#1924 = VECTOR ( 'NONE', #877, 1000.000000000000000 ) ;
#1925 = LINE ( 'NONE', #3360, #828 ) ;
#1926 = CARTESIAN_POINT ( 'NONE',  ( -24.49308044258726724, 13.00000000000000178, 14.75000000000000355 ) ) ;
#1927 = ADVANCED_FACE ( 'NONE', ( #509 ), #620, .T. ) ;
#1928 = VERTEX_POINT ( 'NONE', #5442 ) ;
#1929 = CARTESIAN_POINT ( 'NONE',  ( 3.099999999999990763, 13.00000000000000178, -13.35000000000019149 ) ) ;
#1930 = VECTOR ( 'NONE', #1107, 1000.000000000000000 ) ;
#1931 = DIRECTION ( 'NONE',  ( 0.000000000000000000, 0.000000000000000000, -1.000000000000000000 ) ) ;
#1932 = CARTESIAN_POINT ( 'NONE',  ( -51.95000000000000995, 10.30000000000000071, 2.449999999999999289 ) ) ;
#1933 = ORIENTED_EDGE ( 'NONE', *, *, #259, .T. ) ;
#1934 = DIRECTION ( 'NONE',  ( 1.000000000000000000, 0.000000000000000000, 0.000000000000000000 ) ) ;
#1935 = CARTESIAN_POINT ( 'NONE',  ( 31.62110895060964921, 0.09378038618371792312, 6.704106061119892601 ) ) ;
#1936 = AXIS2_PLACEMENT_3D ( 'NONE', #708, #4161, #4045 ) ;
#1937 = AXIS2_PLACEMENT_3D ( 'NONE', #10326, #3104, #3156 ) ;
#1938 = DIRECTION ( 'NONE',  ( 0.000000000000000000, 1.000000000000000000, -0.000000000000000000 ) ) ;
#1939 = DIRECTION ( 'NONE',  ( -0.9396926207859082059, 0.000000000000000000, 0.3420201433256696011 ) ) ;
#1940 = ORIENTED_EDGE ( 'NONE', *, *, #6961, .T. ) ;
#1941 = ADVANCED_FACE ( 'NONE', ( #3902 ), #4702, .F. ) ;
#1942 = EDGE_LOOP ( 'NONE', ( #5619, #7749, #9453, #3125, #6963, #5513 ) ) ;
#1943 = DIRECTION ( 'NONE',  ( -0.000000000000000000, 1.000000000000000000, -0.000000000000000000 ) ) ;
#1944 = CIRCLE ( 'NONE', #4826, 0.2999999999999999334 ) ;
#1945 = CIRCLE ( 'NONE', #10378, 2.000000000000000000 ) ;
#1946 = CARTESIAN_POINT ( 'NONE',  ( -51.99271462781831588, 7.919200903834113348, 4.292154627758335117 ) ) ;
#1947 = DIRECTION ( 'NONE',  ( -1.000000000000000000, 0.000000000000000000, -0.000000000000000000 ) ) ;
#1948 = ADVANCED_FACE ( 'NONE', ( #1514 ), #7431, .F. ) ;
#1949 = LINE ( 'NONE', #1152, #3690 ) ;
#1950 = CARTESIAN_POINT ( 'NONE',  ( 47.49999999999999289, 8.000000000000000000, -9.499999999999998224 ) ) ;
#1951 = CYLINDRICAL_SURFACE ( 'NONE', #6918, 0.8500000000000000888 ) ;
#1952 = CYLINDRICAL_SURFACE ( 'NONE', #211, 1.900000000000000577 ) ;
#1953 = ORIENTED_EDGE ( 'NONE', *, *, #2684, .F. ) ;
#1954 = AXIS2_PLACEMENT_3D ( 'NONE', #3528, #1938, #7550 ) ;
#1955 = ORIENTED_EDGE ( 'NONE', *, *, #7176, .T. ) ;
#1956 = CARTESIAN_POINT ( 'NONE',  ( -51.95000000000000995, 7.083039804977637743, -3.819531250000037126 ) ) ;
#1957 = VERTEX_POINT ( 'NONE', #6341 ) ;
#1958 = CARTESIAN_POINT ( 'NONE',  ( -53.20100000000002183, 11.35000000000000320, -3.299999999999998490 ) ) ;
#1959 = DIRECTION ( 'NONE',  ( -0.8660254037844384856, 0.000000000000000000, 0.5000000000000002220 ) ) ;
#1960 = EDGE_CURVE ( 'NONE', #4823, #6611, #2505, .T. ) ;
#1961 = CARTESIAN_POINT ( 'NONE',  ( -30.84000000000000696, 4.899999999999999467, -8.849999999999997868 ) ) ;
#1962 = ORIENTED_EDGE ( 'NONE', *, *, #8238, .T. ) ;
#1963 = CARTESIAN_POINT ( 'NONE',  ( 35.29078586920444849, 0.2077789836488284081, -5.709160920399576788 ) ) ;
#1964 = ORIENTED_EDGE ( 'NONE', *, *, #4170, .F. ) ;
#1965 = EDGE_LOOP ( 'NONE', ( #2766, #3809, #4381, #7267 ) ) ;
#1966 = DIRECTION ( 'NONE',  ( 0.000000000000000000, 1.000000000000000000, -0.000000000000000000 ) ) ;
#1967 = LINE ( 'NONE', #4412, #1774 ) ;
#1968 = ORIENTED_EDGE ( 'NONE', *, *, #2160, .T. ) ;
#1969 = ORIENTED_EDGE ( 'NONE', *, *, #3365, .F. ) ;
#1970 = DIRECTION ( 'NONE',  ( 0.000000000000000000, -1.000000000000000000, 0.000000000000000000 ) ) ;
#1971 = EDGE_CURVE ( 'NONE', #5490, #3496, #332, .T. ) ;
#1972 = DIRECTION ( 'NONE',  ( 0.000000000000000000, -1.000000000000000000, 0.000000000000000000 ) ) ;
#1973 = ORIENTED_EDGE ( 'NONE', *, *, #8584, .T. ) ;
#1974 = CARTESIAN_POINT ( 'NONE',  ( 1.036764281119435083, 13.00000000000000178, -14.75000000000000178 ) ) ;
#1975 = EDGE_CURVE ( 'NONE', #2186, #8613, #8652, .T. ) ;
#1976 = VERTEX_POINT ( 'NONE', #1418 ) ;
#1977 = CARTESIAN_POINT ( 'NONE',  ( -35.26554871542300162, 0.1999999999999987899, -2.765000000000000124 ) ) ;
#1978 = CARTESIAN_POINT ( 'NONE',  ( 20.65000000000000213, 0.5000000000000004441, -12.25000000000000178 ) ) ;
#1979 = DIRECTION ( 'NONE',  ( 0.000000000000000000, 0.000000000000000000, 1.000000000000000000 ) ) ;
#1980 = ORIENTED_EDGE ( 'NONE', *, *, #8299, .T. ) ;
#1981 = CARTESIAN_POINT ( 'NONE',  ( -29.84000000000000696, 0.5000000000000004441, -10.25000000000000178 ) ) ;
#1982 = PRODUCT_CONTEXT ( 'NONE', #1302, 'mechanical' ) ;
#1983 = ADVANCED_FACE ( 'NONE', ( #671 ), #3111, .T. ) ;
#1984 = CARTESIAN_POINT ( 'NONE',  ( 2.099999999999991207, 14.50000000000000000, -12.35000000000018971 ) ) ;
#1985 = CARTESIAN_POINT ( 'NONE',  ( 0.000000000000000000, 0.2000000000000000111, 2.965000000000000302 ) ) ;
#1986 = ORIENTED_EDGE ( 'NONE', *, *, #7072, .F. ) ;
#1987 = ORIENTED_EDGE ( 'NONE', *, *, #3805, .F. ) ;
#1988 = PLANE ( 'NONE',  #8771 ) ;
#1989 = FACE_BOUND ( 'NONE', #6416, .T. ) ;
#1990 = DIRECTION ( 'NONE',  ( 0.8660254037843672092, 0.000000000000000000, -0.5000000000001236788 ) ) ;
#1991 = VERTEX_POINT ( 'NONE', #1708 ) ;
#1992 = DIRECTION ( 'NONE',  ( 1.000000000000000000, 0.000000000000000000, -1.176083712526649195E-16 ) ) ;
#1993 = DIRECTION ( 'NONE',  ( -1.000000000000000000, -0.000000000000000000, -0.000000000000000000 ) ) ;
#1994 = ADVANCED_FACE ( 'NONE', ( #3800 ), #7810, .T. ) ;
#1995 = VECTOR ( 'NONE', #3749, 1000.000000000000000 ) ;
#1996 = CARTESIAN_POINT ( 'NONE',  ( -47.50000000000000711, 8.000000000000000000, 9.500000000000001776 ) ) ;
#1997 = FACE_OUTER_BOUND ( 'NONE', #5095, .T. ) ;
#1998 = B_SPLINE_CURVE_WITH_KNOTS ( 'NONE', 3,
 ( #10270, #8854, #5492, #1618 ),
 .UNSPECIFIED., .F., .F.,
 ( 4, 4 ),
 ( 0.000000000000000000, 0.0001077286665339028825 ),
 .UNSPECIFIED. ) ;
#1999 = CARTESIAN_POINT ( 'NONE',  ( 26.61898195638764619, 0.1300423822510680671, -5.659915084219544923 ) ) ;
#2000 = EDGE_LOOP ( 'NONE', ( #1665, #2976, #4957, #4684 ) ) ;
#2001 = EDGE_CURVE ( 'NONE', #312, #4724, #2070, .T. ) ;
#2002 = VERTEX_POINT ( 'NONE', #10276 ) ;
#2003 = VECTOR ( 'NONE', #9702, 1000.000000000000000 ) ;
#2004 = CARTESIAN_POINT ( 'NONE',  ( 35.29364652204423436, 0.2531612188914919570, 1.023830892551222060 ) ) ;
#2005 = ORIENTED_EDGE ( 'NONE', *, *, #2371, .F. ) ;
#2006 = CARTESIAN_POINT ( 'NONE',  ( 50.25000000000000000, 16.00000000000000000, 0.000000000000000000 ) ) ;
#2007 = CARTESIAN_POINT ( 'NONE',  ( -45.00000000000001421, 8.000000000000000000, -8.354356076261030495 ) ) ;
#2008 = DIRECTION ( 'NONE',  ( 0.000000000000000000, 0.000000000000000000, 1.000000000000000000 ) ) ;
#2009 = VERTEX_POINT ( 'NONE', #3742 ) ;
#2010 = DIRECTION ( 'NONE',  ( 1.000000000000000000, 0.000000000000000000, 0.000000000000000000 ) ) ;
#2011 = ORIENTED_EDGE ( 'NONE', *, *, #4619, .T. ) ;
#2012 = AXIS2_PLACEMENT_3D ( 'NONE', #6282, #6967, #10174 ) ;
#2013 = VECTOR ( 'NONE', #926, 1000.000000000000000 ) ;
#2014 = LINE ( 'NONE', #474, #4253 ) ;
#2015 = CARTESIAN_POINT ( 'NONE',  ( 39.08172798364529399, 4.899999999999999467, 6.781727983645294167 ) ) ;
#2016 = ORIENTED_EDGE ( 'NONE', *, *, #3784, .T. ) ;
#2017 = ORIENTED_EDGE ( 'NONE', *, *, #28, .F. ) ;
#2018 = DIRECTION ( 'NONE',  ( 0.000000000000000000, 1.000000000000000000, -0.000000000000000000 ) ) ;
#2019 = AXIS2_PLACEMENT_3D ( 'NONE', #8135, #8242, #1633 ) ;
#2020 = CIRCLE ( 'NONE', #9101, 9.300000000000013145 ) ;
#2021 = DIRECTION ( 'NONE',  ( 1.000000000000000000, -0.000000000000000000, -0.000000000000000000 ) ) ;
#2022 = VERTEX_POINT ( 'NONE', #7191 ) ;
#2023 = CARTESIAN_POINT ( 'NONE',  ( 47.49999999999999289, 3.000000000000000000, 8.650000000000002132 ) ) ;
#2024 = DIRECTION ( 'NONE',  ( 0.000000000000000000, 0.000000000000000000, 1.000000000000000000 ) ) ;
#2025 = VERTEX_POINT ( 'NONE', #10226 ) ;
#2026 = ADVANCED_FACE ( 'NONE', ( #3000 ), #8925, .T. ) ;
#2027 = CARTESIAN_POINT ( 'NONE',  ( -39.68512705544042518, -1.215015152484107712E-16, 2.888658226344438251 ) ) ;
#2028 = CIRCLE ( 'NONE', #7, 0.5999999999999998668 ) ;
#2029 = DIRECTION ( 'NONE',  ( 1.000000000000000000, 0.000000000000000000, 0.000000000000000000 ) ) ;
#2030 = CARTESIAN_POINT ( 'NONE',  ( -35.26554871542300162, 0.1999999999999996503, -8.849999999999997868 ) ) ;
#2031 = VERTEX_POINT ( 'NONE', #5501 ) ;
#2032 = CARTESIAN_POINT ( 'NONE',  ( -35.50000000000001421, 6.500000000000000888, 0.000000000000000000 ) ) ;
#2033 = CARTESIAN_POINT ( 'NONE',  ( 50.84065861769801131, 11.00000000000000178, 13.54999999999999716 ) ) ;
#2034 = EDGE_CURVE ( 'NONE', #786, #7970, #8706, .T. ) ;
#2035 = EDGE_CURVE ( 'NONE', #4789, #3661, #5546, .T. ) ;
#2036 = CARTESIAN_POINT ( 'NONE',  ( 30.95000000000000284, 0.2999999999999999889, -2.350000000000003197 ) ) ;
#2037 = CARTESIAN_POINT ( 'NONE',  ( 39.08172798364529399, 0.5000000000000000000, 6.781727983645294167 ) ) ;
#2038 = ORIENTED_EDGE ( 'NONE', *, *, #6468, .T. ) ;
#2039 = ORIENTED_EDGE ( 'NONE', *, *, #6074, .T. ) ;
#2040 = EDGE_CURVE ( 'NONE', #4719, #5214, #3183, .T. ) ;
#2041 = CARTESIAN_POINT ( 'NONE',  ( -50.25000000000000711, 8.000000000000000000, -6.750000000000000000 ) ) ;
#2042 = DIRECTION ( 'NONE',  ( 0.000000000000000000, 0.000000000000000000, 1.000000000000000000 ) ) ;
#2043 = CARTESIAN_POINT ( 'NONE',  ( 52.75100000000002609, 9.700000000000001066, -2.925000000000016254 ) ) ;
#2044 = EDGE_LOOP ( 'NONE', ( #766, #5880, #8793, #7242, #8794, #569 ) ) ;
#2045 = DIRECTION ( 'NONE',  ( 0.000000000000000000, 0.000000000000000000, 1.000000000000000000 ) ) ;
#2046 = FACE_OUTER_BOUND ( 'NONE', #1821, .T. ) ;
#2047 = CARTESIAN_POINT ( 'NONE',  ( -52.40568058483292901, 7.315219914338494611, -3.641416195903034225 ) ) ;
#2048 = EDGE_CURVE ( 'NONE', #3610, #2408, #7758, .T. ) ;
#2049 = CARTESIAN_POINT ( 'NONE',  ( -35.26554871542300162, 0.2000000000000000111, 2.765000000000000124 ) ) ;
#2050 = DIRECTION ( 'NONE',  ( 1.000000000000000000, -0.000000000000000000, 0.000000000000000000 ) ) ;
#2051 = ORIENTED_EDGE ( 'NONE', *, *, #7027, .T. ) ;
#2052 = CIRCLE ( 'NONE', #3415, 5.499999999999985789 ) ;
#2053 = ORIENTED_EDGE ( 'NONE', *, *, #8521, .F. ) ;
#2054 = EDGE_CURVE ( 'NONE', #3875, #6206, #3466, .T. ) ;
#2055 = ORIENTED_EDGE ( 'NONE', *, *, #1960, .T. ) ;
#2056 = AXIS2_PLACEMENT_3D ( 'NONE', #3286, #8293, #8976 ) ;
#2057 = FACE_OUTER_BOUND ( 'NONE', #3301, .T. ) ;
#2058 = CARTESIAN_POINT ( 'NONE',  ( -30.14000000000000767, 0.5000000000000000000, -3.615000000000000213 ) ) ;
#2059 = FACE_OUTER_BOUND ( 'NONE', #9818, .T. ) ;
#2060 = VERTEX_POINT ( 'NONE', #6789 ) ;
#2061 = DIRECTION ( 'NONE',  ( 0.000000000000000000, 1.000000000000000000, 0.000000000000000000 ) ) ;
#2062 = ORIENTED_EDGE ( 'NONE', *, *, #4737, .F. ) ;
#2063 = EDGE_CURVE ( 'NONE', #2157, #2423, #1869, .T. ) ;
#2064 = VECTOR ( 'NONE', #3002, 1000.000000000000000 ) ;
#2065 = PLANE ( 'NONE',  #1036 ) ;
#2066 = AXIS2_PLACEMENT_3D ( 'NONE', #4689, #10158, #2190 ) ;
#2067 = CARTESIAN_POINT ( 'NONE',  ( -52.25000000000001421, 8.400000000000000355, 2.449999999999999734 ) ) ;
#2068 = ORIENTED_EDGE ( 'NONE', *, *, #514, .T. ) ;
#2069 = ORIENTED_EDGE ( 'NONE', *, *, #369, .T. ) ;
#2070 = CIRCLE ( 'NONE', #8589, 0.8500000000000000888 ) ;
#2071 = EDGE_CURVE ( 'NONE', #3671, #5639, #7929, .T. ) ;
#2072 = LINE ( 'NONE', #5310, #2763 ) ;
#2073 = VECTOR ( 'NONE', #181, 1000.000000000000000 ) ;
#2074 = DIRECTION ( 'NONE',  ( -1.000000000000000000, 0.000000000000000000, 0.000000000000000000 ) ) ;
#2075 = ORIENTED_EDGE ( 'NONE', *, *, #2188, .F. ) ;
#2076 = DIRECTION ( 'NONE',  ( -0.000000000000000000, -1.000000000000000000, 0.000000000000000000 ) ) ;
#2077 = CIRCLE ( 'NONE', #6146, 0.1999999999999996503 ) ;
#2078 = DIRECTION ( 'NONE',  ( 0.000000000000000000, 0.000000000000000000, -1.000000000000000000 ) ) ;
#2079 = PLANE ( 'NONE',  #5848 ) ;
#2080 = ORIENTED_EDGE ( 'NONE', *, *, #3290, .T. ) ;
#2081 = DIRECTION ( 'NONE',  ( 0.000000000000000000, 1.000000000000000000, 0.000000000000000000 ) ) ;
#2082 = AXIS2_PLACEMENT_3D ( 'NONE', #8597, #1365, #7809 ) ;
#2083 = ORIENTED_EDGE ( 'NONE', *, *, #3425, .T. ) ;
#2084 = LINE ( 'NONE', #2033, #3082 ) ;
#2085 = ADVANCED_FACE ( 'NONE', ( #8264 ), #6635, .T. ) ;
#2086 = DIRECTION ( 'NONE',  ( 1.000000000000000000, 0.000000000000000000, 0.000000000000000000 ) ) ;
#2087 = CARTESIAN_POINT ( 'NONE',  ( -47.49999999999999289, 16.00000000000000000, -12.25000000000000000 ) ) ;
#2088 = ORIENTED_EDGE ( 'NONE', *, *, #1268, .F. ) ;
#2089 = CIRCLE ( 'NONE', #10354, 9.000000000000012434 ) ;
#2090 = VERTEX_POINT ( 'NONE', #4951 ) ;
#2091 = CARTESIAN_POINT ( 'NONE',  ( 31.69999999999997797, 0.2999999999999999889, -7.798623679425841893 ) ) ;
#2092 =( BOUNDED_CURVE ( )  B_SPLINE_CURVE ( 3, ( #6890, #6848, #4420, #1977 ),
 .UNSPECIFIED., .F., .F. ) 
 B_SPLINE_CURVE_WITH_KNOTS ( ( 4, 4 ),
 ( 1.570796326794896558, 3.141592653589790451 ),
 .UNSPECIFIED. ) 
 CURVE ( )  GEOMETRIC_REPRESENTATION_ITEM ( )  RATIONAL_B_SPLINE_CURVE ( ( 1.000000000000000000, 0.8047378541243654926, 0.8047378541243654926, 1.000000000000000000 ) ) 
 REPRESENTATION_ITEM ( '' )  );
#2093 = DIRECTION ( 'NONE',  ( 0.000000000000000000, 0.000000000000000000, 1.000000000000000000 ) ) ;
#2094 = CARTESIAN_POINT ( 'NONE',  ( -52.25000000000001421, 8.400000000000000355, 2.449999999999999734 ) ) ;
#2095 = ORIENTED_EDGE ( 'NONE', *, *, #812, .F. ) ;
#2096 = DIRECTION ( 'NONE',  ( -0.000000000000000000, -0.000000000000000000, 1.000000000000000000 ) ) ;
#2097 = PLANE ( 'NONE',  #1327 ) ;
#2098 = VECTOR ( 'NONE', #3408, 1000.000000000000000 ) ;
#2099 = CARTESIAN_POINT ( 'NONE',  ( -31.27472780755320869, 0.2000000000000000111, -20.34067203111825251 ) ) ;
#2100 = EDGE_CURVE ( 'NONE', #6932, #5458, #9100, .T. ) ;
#2101 = CARTESIAN_POINT ( 'NONE',  ( 30.95000000000000284, 0.000000000000000000, -2.350000000000003197 ) ) ;
#2102 = VERTEX_POINT ( 'NONE', #4259 ) ;
#2103 = ORIENTED_EDGE ( 'NONE', *, *, #7855, .T. ) ;
#2104 = VECTOR ( 'NONE', #7318, 1000.000000000000000 ) ;
#2105 = ADVANCED_FACE ( 'NONE', ( #285 ), #128, .F. ) ;
#2106 = AXIS2_PLACEMENT_3D ( 'NONE', #6695, #8380, #4371 ) ;
#2107 = DIRECTION ( 'NONE',  ( -0.000000000000000000, 1.000000000000000000, -0.000000000000000000 ) ) ;
#2108 = LINE ( 'NONE', #6977, #7907 ) ;
#2109 = ORIENTED_EDGE ( 'NONE', *, *, #5802, .T. ) ;
#2110 = CARTESIAN_POINT ( 'NONE',  ( 39.19216030126719374, 2.344163681526276188E-15, -6.511545626786585217 ) ) ;
#2111 = DIRECTION ( 'NONE',  ( 0.000000000000000000, 1.000000000000000000, -0.000000000000000000 ) ) ;
#2112 = EDGE_CURVE ( 'NONE', #10133, #7281, #1925, .T. ) ;
#2113 = CIRCLE ( 'NONE', #1272, 9.000000000000012434 ) ;
#2114 = DIRECTION ( 'NONE',  ( 0.000000000000000000, -1.000000000000000000, 0.000000000000000000 ) ) ;
#2115 = CARTESIAN_POINT ( 'NONE',  ( -39.76146882909598901, 0.1999999999999996503, -20.34067203111825251 ) ) ;
#2116 = ORIENTED_EDGE ( 'NONE', *, *, #8309, .T. ) ;
#2117 = DIRECTION ( 'NONE',  ( -0.000000000000000000, -1.000000000000000000, 0.000000000000000000 ) ) ;
#2118 = EDGE_LOOP ( 'NONE', ( #6384, #5256, #6190, #9899 ) ) ;
#2119 = LINE ( 'NONE', #326, #3738 ) ;
#2120 = LINE ( 'NONE', #1438, #7009 ) ;
#2121 = DIRECTION ( 'NONE',  ( 1.000000000000000000, 0.000000000000000000, -0.000000000000000000 ) ) ;
#2122 = ORIENTED_EDGE ( 'NONE', *, *, #7903, .F. ) ;
#2123 = ORIENTED_EDGE ( 'NONE', *, *, #3253, .F. ) ;
#2124 = LINE ( 'NONE', #4567, #891 ) ;
#2125 = EDGE_CURVE ( 'NONE', #3151, #1121, #335, .T. ) ;
#2126 = CARTESIAN_POINT ( 'NONE',  ( 30.20000000000002416, 0.5000000000000000000, 3.098623679425835942 ) ) ;
#2127 = ORIENTED_EDGE ( 'NONE', *, *, #6811, .F. ) ;
#2128 = EDGE_CURVE ( 'NONE', #2738, #9247, #9050, .T. ) ;
#2129 = VERTEX_POINT ( 'NONE', #9203 ) ;
#2130 = DIRECTION ( 'NONE',  ( 0.000000000000000000, 0.000000000000000000, 1.000000000000000000 ) ) ;
#2131 = CARTESIAN_POINT ( 'NONE',  ( 20.65000000000000213, 0.5000000000000004441, 0.000000000000000000 ) ) ;
#2132 = LINE ( 'NONE', #2878, #9188 ) ;
#2133 = ORIENTED_EDGE ( 'NONE', *, *, #10447, .T. ) ;
#2134 = CARTESIAN_POINT ( 'NONE',  ( -52.20568855767160699, 7.541087274622367609, -4.027145805446569859 ) ) ;
#2135 = ORIENTED_EDGE ( 'NONE', *, *, #3872, .T. ) ;
#2136 = CARTESIAN_POINT ( 'NONE',  ( 26.60635347795579619, -0.001000000000000024307, 1.023830892551267135 ) ) ;
#2137 = CARTESIAN_POINT ( 'NONE',  ( -35.26554871542300162, 0.2000000000000000111, -3.615000000000000213 ) ) ;
#2138 = DIRECTION ( 'NONE',  ( 0.000000000000000000, -1.000000000000000000, 0.000000000000000000 ) ) ;
#2139 = ORIENTED_EDGE ( 'NONE', *, *, #9458, .T. ) ;
#2140 = EDGE_LOOP ( 'NONE', ( #1485, #3904, #2378, #414 ) ) ;
#2141 = DIRECTION ( 'NONE',  ( -1.000000000000000000, 0.000000000000000000, 0.000000000000000000 ) ) ;
#2142 = FACE_OUTER_BOUND ( 'NONE', #2720, .T. ) ;
#2143 = CARTESIAN_POINT ( 'NONE',  ( -8.107033542344556309, 11.00000000000000178, -14.04179399400123351 ) ) ;
#2144 = ORIENTED_EDGE ( 'NONE', *, *, #10441, .T. ) ;
#2145 = CARTESIAN_POINT ( 'NONE',  ( 43.49999999999999289, 7.000000000000000000, 0.000000000000000000 ) ) ;
#2146 = CARTESIAN_POINT ( 'NONE',  ( 31.65096152549729780, 0.1300423822510694549, 3.055729192126843685 ) ) ;
#2147 = DIRECTION ( 'NONE',  ( 1.692413147294445970E-16, 0.000000000000000000, 1.000000000000000000 ) ) ;
#2148 = DIRECTION ( 'NONE',  ( -0.000000000000000000, 1.000000000000000000, -0.000000000000000000 ) ) ;
#2149 = VECTOR ( 'NONE', #3381, 1000.000000000000000 ) ;
#2150 = CARTESIAN_POINT ( 'NONE',  ( -31.11939691791956974, 0.5000000000000004441, 8.349999999999997868 ) ) ;
#2151 = ORIENTED_EDGE ( 'NONE', *, *, #3590, .F. ) ;
#2152 = ORIENTED_EDGE ( 'NONE', *, *, #4263, .T. ) ;
#2153 = EDGE_CURVE ( 'NONE', #8415, #2246, #6417, .T. ) ;
#2154 = FACE_OUTER_BOUND ( 'NONE', #3339, .T. ) ;
#2155 = TOROIDAL_SURFACE ( 'NONE', #5723, 9.300000000000013145, 0.2999999999999999889 ) ;
#2156 = CARTESIAN_POINT ( 'NONE',  ( 0.000000000000000000, 0.2000000000000000111, 2.965000000000000302 ) ) ;
#2157 = VERTEX_POINT ( 'NONE', #9791 ) ;
#2158 = DIRECTION ( 'NONE',  ( -0.000000000000000000, 1.000000000000000000, -0.000000000000000000 ) ) ;
#2159 = DIRECTION ( 'NONE',  ( 5.139921410301691225E-16, 0.000000000000000000, -1.000000000000000000 ) ) ;
#2160 = EDGE_CURVE ( 'NONE', #1325, #2230, #8374, .T. ) ;
#2161 = CARTESIAN_POINT ( 'NONE',  ( 39.08172798364529399, 4.899999999999999467, 6.181727983645293634 ) ) ;
#2162 = DIRECTION ( 'NONE',  ( 1.000000000000000000, 0.000000000000000000, 0.000000000000000000 ) ) ;
#2163 = ORIENTED_EDGE ( 'NONE', *, *, #4315, .F. ) ;
#2164 = CARTESIAN_POINT ( 'NONE',  ( 23.13039777241904460, 0.000000000000000000, -7.384264693320293560 ) ) ;
#2165 = VECTOR ( 'NONE', #5661, 1000.000000000000000 ) ;
#2166 = EDGE_LOOP ( 'NONE', ( #4812, #5766, #1269, #4333 ) ) ;
#2167 = EDGE_CURVE ( 'NONE', #6591, #6070, #9993, .T. ) ;
#2168 = LINE ( 'NONE', #3019, #4938 ) ;
#2169 = CYLINDRICAL_SURFACE ( 'NONE', #8359, 0.2999999999999999334 ) ;
#2170 = VERTEX_POINT ( 'NONE', #6003 ) ;
#2171 = ORIENTED_EDGE ( 'NONE', *, *, #8575, .T. ) ;
#2172 = CARTESIAN_POINT ( 'NONE',  ( 43.25000000000001421, 8.000000000000000000, -7.250000000000000888 ) ) ;
#2173 = EDGE_CURVE ( 'NONE', #6605, #6939, #6689, .T. ) ;
#2174 = CARTESIAN_POINT ( 'NONE',  ( 38.36026385013414597, 0.2034051652805223820, 2.779818315299310338 ) ) ;
#2175 = ORIENTED_EDGE ( 'NONE', *, *, #7587, .T. ) ;
#2176 = CARTESIAN_POINT ( 'NONE',  ( 51.95000000000000284, 13.00000000000000178, -6.000000000000000000 ) ) ;
#2177 = AXIS2_PLACEMENT_3D ( 'NONE', #5852, #7538, #1819 ) ;
#2178 = ORIENTED_EDGE ( 'NONE', *, *, #2278, .F. ) ;
#2179 = EDGE_CURVE ( 'NONE', #10125, #6957, #5011, .T. ) ;
#2180 = DIRECTION ( 'NONE',  ( -0.000000000000000000, -1.000000000000000000, 0.000000000000000000 ) ) ;
#2181 = CARTESIAN_POINT ( 'NONE',  ( -31.47472780755320443, 0.2000000000000000111, -3.615000000000000213 ) ) ;
#2182 = CYLINDRICAL_SURFACE ( 'NONE', #3130, 0.2000000000000005107 ) ;
#2183 = ORIENTED_EDGE ( 'NONE', *, *, #4466, .F. ) ;
#2184 = FACE_OUTER_BOUND ( 'NONE', #8912, .T. ) ;
#2185 = AXIS2_PLACEMENT_3D ( 'NONE', #7219, #1545, #4786 ) ;
#2186 = VERTEX_POINT ( 'NONE', #2672 ) ;
#2187 = LINE ( 'NONE', #9311, #6798 ) ;
#2188 = EDGE_CURVE ( 'NONE', #8027, #5240, #7432, .T. ) ;
#2189 = DIRECTION ( 'NONE',  ( -0.8660254037844389297, 0.000000000000000000, -0.4999999999999992784 ) ) ;
#2190 = DIRECTION ( 'NONE',  ( 0.000000000000000000, 0.000000000000000000, 1.000000000000000000 ) ) ;
#2191 = VERTEX_POINT ( 'NONE', #1079 ) ;
#2192 = VECTOR ( 'NONE', #2474, 1000.000000000000000 ) ;
#2193 = VECTOR ( 'NONE', #2875, 1000.000000000000000 ) ;
#2194 = ORIENTED_EDGE ( 'NONE', *, *, #5544, .T. ) ;
#2195 = CARTESIAN_POINT ( 'NONE',  ( 43.49999999999999289, 8.000000000000000000, 0.000000000000000000 ) ) ;
#2196 = DIRECTION ( 'NONE',  ( -0.000000000000000000, -1.000000000000000000, 0.000000000000000000 ) ) ;
#2197 = CARTESIAN_POINT ( 'NONE',  ( 0.5999999999999912070, 14.50000000000000000, 13.55000000000000071 ) ) ;
#2198 = ORIENTED_EDGE ( 'NONE', *, *, #7555, .F. ) ;
#2199 = CARTESIAN_POINT ( 'NONE',  ( -29.84000000000001052, 6.228315339590860589, -9.726391234683012144 ) ) ;
#2200 = DIRECTION ( 'NONE',  ( 0.000000000000000000, 1.000000000000000000, -0.000000000000000000 ) ) ;
#2201 = CARTESIAN_POINT ( 'NONE',  ( -53.20100000000002183, 11.35000000000000142, -2.500000000000000444 ) ) ;
#2202 = ADVANCED_FACE ( 'NONE', ( #4316 ), #4623, .T. ) ;
#2203 = AXIS2_PLACEMENT_3D ( 'NONE', #5106, #4034, #3509 ) ;
#2204 = CARTESIAN_POINT ( 'NONE',  ( 0.000000000000000000, 11.00000000000000178, -12.25000000000000178 ) ) ;
#2205 = PLANE ( 'NONE',  #3252 ) ;
#2206 = ORIENTED_EDGE ( 'NONE', *, *, #8267, .T. ) ;
#2207 = ORIENTED_EDGE ( 'NONE', *, *, #1829, .T. ) ;
#2208 = CARTESIAN_POINT ( 'NONE',  ( -51.95000000000000995, 8.400000000000000355, 2.449999999999999734 ) ) ;
#2209 = CARTESIAN_POINT ( 'NONE',  ( 43.25000000000000711, 8.000000000000000000, 8.250000000000001776 ) ) ;
#2210 = ORIENTED_EDGE ( 'NONE', *, *, #10153, .T. ) ;
#2211 = CARTESIAN_POINT ( 'NONE',  ( -23.23676428111944148, 13.00000000000000178, 14.75000000000000355 ) ) ;
#2212 = CARTESIAN_POINT ( 'NONE',  ( 51.95000000000000284, 9.850000000000003197, -2.500000000000000888 ) ) ;
#2213 = AXIS2_PLACEMENT_3D ( 'NONE', #6199, #1628, #1679 ) ;
#2214 = CARTESIAN_POINT ( 'NONE',  ( -44.75000000000000711, 6.500000000000000888, 9.500000000000001776 ) ) ;
#2215 = CARTESIAN_POINT ( 'NONE',  ( -8.000000000000008882, 13.00000000000000178, 14.45000000000000107 ) ) ;
#2216 = EDGE_CURVE ( 'NONE', #5328, #8663, #5364, .T. ) ;
#2217 = EDGE_LOOP ( 'NONE', ( #547, #7473, #6436, #7927, #7272 ) ) ;
#2218 = DIRECTION ( 'NONE',  ( -0.000000000000000000, 0.000000000000000000, 1.000000000000000000 ) ) ;
#2219 = ORIENTED_EDGE ( 'NONE', *, *, #649, .T. ) ;
#2220 = CYLINDRICAL_SURFACE ( 'NONE', #8128, 1.900000000000000577 ) ;
#2221 = CIRCLE ( 'NONE', #5789, 2.000000000000000000 ) ;
#2222 = LINE ( 'NONE', #7094, #2455 ) ;
#2223 = EDGE_CURVE ( 'NONE', #1795, #7528, #5187, .T. ) ;
#2224 = ORIENTED_EDGE ( 'NONE', *, *, #2348, .T. ) ;
#2225 = ORIENTED_EDGE ( 'NONE', *, *, #2742, .F. ) ;
#2226 = CARTESIAN_POINT ( 'NONE',  ( -20.00000000000000711, 14.50000000000000000, 14.75000000000000178 ) ) ;
#2227 = FACE_OUTER_BOUND ( 'NONE', #9029, .T. ) ;
#2228 = CARTESIAN_POINT ( 'NONE',  ( -52.25000000000001421, 8.400000000000000355, -2.449999999999999734 ) ) ;
#2229 = ADVANCED_FACE ( 'NONE', ( #5132 ), #6758, .T. ) ;
#2230 = VERTEX_POINT ( 'NONE', #4177 ) ;
#2231 = AXIS2_PLACEMENT_3D ( 'NONE', #6767, #3542, #511 ) ;
#2232 = LINE ( 'NONE', #10205, #3639 ) ;
#2233 = AXIS2_PLACEMENT_3D ( 'NONE', #6483, #5695, #8897 ) ;
#2234 = ORIENTED_EDGE ( 'NONE', *, *, #10282, .F. ) ;
#2235 = ADVANCED_FACE ( 'NONE', ( #3380 ), #1694, .F. ) ;
#2236 = CARTESIAN_POINT ( 'NONE',  ( 26.15068545307677184, 1.754205233763655213E-15, -0.1771536671051732459 ) ) ;
#2237 = CARTESIAN_POINT ( 'NONE',  ( 0.000000000000000000, 0.5000000000000000000, -8.849999999999997868 ) ) ;
#2238 = VERTEX_POINT ( 'NONE', #1150 ) ;
#2239 = CARTESIAN_POINT ( 'NONE',  ( -52.34420172950730432, 8.820613841954404677, -4.159693197046796520 ) ) ;
#2240 = VERTEX_POINT ( 'NONE', #1044 ) ;
#2241 = DIRECTION ( 'NONE',  ( 0.000000000000000000, 1.000000000000000000, 0.000000000000000000 ) ) ;
#2242 = VECTOR ( 'NONE', #9828, 1000.000000000000000 ) ;
#2243 = EDGE_CURVE ( 'NONE', #2928, #3875, #662, .T. ) ;
#2244 = CARTESIAN_POINT ( 'NONE',  ( -39.55229126436578468, 0.1679080823531936273, -8.849999999999997868 ) ) ;
#2245 = CARTESIAN_POINT ( 'NONE',  ( 22.80788180854702318, 0.5000000000000000000, 1.484828725824713480 ) ) ;
#2246 = VERTEX_POINT ( 'NONE', #3535 ) ;
#2247 = ORIENTED_EDGE ( 'NONE', *, *, #5514, .T. ) ;
#2248 = CIRCLE ( 'NONE', #8832, 0.2999999999999999334 ) ;
#2249 = DIRECTION ( 'NONE',  ( 0.000000000000000000, 1.000000000000000000, -0.000000000000000000 ) ) ;
#2250 = AXIS2_PLACEMENT_3D ( 'NONE', #2500, #9881, #906 ) ;
#2251 = DIRECTION ( 'NONE',  ( 1.000000000000000000, 0.000000000000000000, -7.485322442186879976E-17 ) ) ;
#2252 = VERTEX_POINT ( 'NONE', #8189 ) ;
#2253 = DIRECTION ( 'NONE',  ( 0.000000000000000000, 1.000000000000000000, 0.000000000000000000 ) ) ;
#2254 = LINE ( 'NONE', #5336, #10107 ) ;
#2255 = CARTESIAN_POINT ( 'NONE',  ( -52.41871936047785852, 7.252400094932009544, -3.546295943922819660 ) ) ;
#2256 = VECTOR ( 'NONE', #10402, 1000.000000000000000 ) ;
#2257 = DIRECTION ( 'NONE',  ( 0.000000000000000000, 1.000000000000000000, 0.000000000000000000 ) ) ;
#2258 = EDGE_CURVE ( 'NONE', #8642, #4531, #163, .T. ) ;
#2259 = CIRCLE ( 'NONE', #9502, 0.8500000000000000888 ) ;
#2260 = AXIS2_PLACEMENT_3D ( 'NONE', #8752, #38, #6340 ) ;
#2261 = CARTESIAN_POINT ( 'NONE',  ( 50.24999999999999289, 9.849999999999999645, 1.700000000000000622 ) ) ;
#2262 = ORIENTED_EDGE ( 'NONE', *, *, #8653, .F. ) ;
#2263 = ORIENTED_EDGE ( 'NONE', *, *, #4180, .T. ) ;
#2264 = ADVANCED_FACE ( 'NONE', ( #4164 ), #88, .T. ) ;
#2265 = AXIS2_PLACEMENT_3D ( 'NONE', #3217, #4063, #7291 ) ;
#2266 = AXIS2_PLACEMENT_3D ( 'NONE', #7718, #465, #9340 ) ;
#2267 = CYLINDRICAL_SURFACE ( 'NONE', #3778, 1.900000000000000577 ) ;
#2268 = DIRECTION ( 'NONE',  ( -0.000000000000000000, 1.000000000000000000, -0.000000000000000000 ) ) ;
#2269 = EDGE_LOOP ( 'NONE', ( #9714, #4590, #3922, #5488 ) ) ;
#2270 = CARTESIAN_POINT ( 'NONE',  ( -52.40568058483291480, 9.484780085661503435, -3.641416195903036890 ) ) ;
#2271 = CARTESIAN_POINT ( 'NONE',  ( 26.68856210340544877, 0.000000000000000000, 0.6299575590044286244 ) ) ;
#2272 = DIRECTION ( 'NONE',  ( -0.000000000000000000, -0.000000000000000000, 1.000000000000000000 ) ) ;
#2273 = DIRECTION ( 'NONE',  ( -0.000000000000000000, 1.000000000000000000, -0.000000000000000000 ) ) ;
#2274 = AXIS2_PLACEMENT_3D ( 'NONE', #1323, #10349, #9342 ) ;
#2275 = ORIENTED_EDGE ( 'NONE', *, *, #3273, .F. ) ;
#2276 = CIRCLE ( 'NONE', #4828, 8.000000000000000000 ) ;
#2277 = ORIENTED_EDGE ( 'NONE', *, *, #10282, .T. ) ;
#2278 = EDGE_CURVE ( 'NONE', #6299, #8101, #4266, .T. ) ;
#2279 = PRESENTATION_STYLE_ASSIGNMENT (( #1330 ) ) ;
#2280 = DIRECTION ( 'NONE',  ( 0.000000000000000000, 0.000000000000000000, -1.000000000000000000 ) ) ;
#2281 = EDGE_CURVE ( 'NONE', #9109, #5912, #6587, .T. ) ;
#2282 = ORIENTED_EDGE ( 'NONE', *, *, #4582, .F. ) ;
#2283 = ORIENTED_EDGE ( 'NONE', *, *, #46, .F. ) ;
#2284 = DIRECTION ( 'NONE',  ( 0.000000000000000000, 1.000000000000000000, -0.000000000000000000 ) ) ;
#2285 = CARTESIAN_POINT ( 'NONE',  ( 39.38469035668907026, 4.899999999999999467, 4.549999999999998934 ) ) ;
#2286 = DIRECTION ( 'NONE',  ( 1.000000000000000000, 0.000000000000000000, -3.634931228083748646E-15 ) ) ;
#2287 = EDGE_LOOP ( 'NONE', ( #9316, #677, #4944, #1531 ) ) ;
#2288 = EDGE_LOOP ( 'NONE', ( #7259, #946, #5722, #5826, #7586, #2958, #3918, #7007 ) ) ;
#2289 = CARTESIAN_POINT ( 'NONE',  ( 30.95000000000000284, 0.000000000000000000, -2.350000000000003197 ) ) ;
#2290 = CARTESIAN_POINT ( 'NONE',  ( 26.15068545307670078, 1.694065894508600293E-18, -4.522846332894959076 ) ) ;
#2291 = ADVANCED_FACE ( 'NONE', ( #1031 ), #290, .F. ) ;
#2292 = PLANE ( 'NONE',  #4834 ) ;
#2293 = VERTEX_POINT ( 'NONE', #5175 ) ;
#2294 = CARTESIAN_POINT ( 'NONE',  ( -52.26625702410917285, 9.211782051960465623, -3.963648087263866859 ) ) ;
#2295 = ORIENTED_EDGE ( 'NONE', *, *, #8060, .T. ) ;
#2296 = LINE ( 'NONE', #2403, #721 ) ;
#2297 = EDGE_CURVE ( 'NONE', #2936, #6364, #4904, .T. ) ;
#2298 = EDGE_CURVE ( 'NONE', #10299, #2129, #490, .T. ) ;
#2299 = PLANE ( 'NONE',  #10360 ) ;
#2300 = LINE ( 'NONE', #3786, #5968 ) ;
#2301 = ORIENTED_EDGE ( 'NONE', *, *, #6187, .T. ) ;
#2302 = ORIENTED_EDGE ( 'NONE', *, *, #1579, .T. ) ;
#2303 = CARTESIAN_POINT ( 'NONE',  ( -52.23796951423593526, 9.736145541864376085, -3.486806783907491880 ) ) ;
#2304 = CARTESIAN_POINT ( 'NONE',  ( -8.947521086617219380E-16, 14.50000000000000000, 12.25000000000000355 ) ) ;
#2305 = EDGE_CURVE ( 'NONE', #3733, #4528, #3367, .T. ) ;
#2306 = ORIENTED_EDGE ( 'NONE', *, *, #9589, .T. ) ;
#2307 = CARTESIAN_POINT ( 'NONE',  ( -52.33704905526284534, 8.400000000000959588, 4.225000000000030731 ) ) ;
#2308 = CARTESIAN_POINT ( 'NONE',  ( 43.25000000000000711, 7.000000000000000000, 1.984313483298447922 ) ) ;
#2309 = CARTESIAN_POINT ( 'NONE',  ( 41.25000000000000000, 8.000000000000000000, 8.349999999999997868 ) ) ;
#2310 = CARTESIAN_POINT ( 'NONE',  ( -47.49999999999999289, 16.00000000000000000, 12.25000000000000000 ) ) ;
#2311 = CARTESIAN_POINT ( 'NONE',  ( -34.52834772718359346, 0.2000000000000000944, -20.34067203111825251 ) ) ;
#2312 = CARTESIAN_POINT ( 'NONE',  ( -51.25000000000001421, 16.00000000000000000, 0.000000000000000000 ) ) ;
#2313 = ORIENTED_EDGE ( 'NONE', *, *, #510, .T. ) ;
#2314 = ORIENTED_EDGE ( 'NONE', *, *, #3718, .F. ) ;
#2315 = ADVANCED_FACE ( 'NONE', ( #1135 ), #1087, .T. ) ;
#2316 = DIRECTION ( 'NONE',  ( -0.000000000000000000, 1.000000000000000000, -0.000000000000000000 ) ) ;
#2317 = CARTESIAN_POINT ( 'NONE',  ( -30.13203748537938864, 5.996123729295900873, 8.643749989102962772 ) ) ;
#2318 = ORIENTED_EDGE ( 'NONE', *, *, #7919, .T. ) ;
#2319 = AXIS2_PLACEMENT_3D ( 'NONE', #200, #6759, #2590 ) ;
#2320 = DIRECTION ( 'NONE',  ( 0.000000000000000000, 0.000000000000000000, 1.000000000000000000 ) ) ;
#2321 = PLANE ( 'NONE',  #7158 ) ;
#2322 = CARTESIAN_POINT ( 'NONE',  ( -45.19999999999999574, 3.000000000000000000, 6.750000000000006217 ) ) ;
#2323 = ADVANCED_FACE ( 'NONE', ( #187 ), #7390, .F. ) ;
#2324 = CARTESIAN_POINT ( 'NONE',  ( -51.95000000000000995, 6.800000000000000711, 2.449999999999999289 ) ) ;
#2325 = DIRECTION ( 'NONE',  ( 0.000000000000000000, 0.000000000000000000, 1.000000000000000000 ) ) ;
#2326 = ORIENTED_EDGE ( 'NONE', *, *, #3148, .T. ) ;
#2327 = EDGE_LOOP ( 'NONE', ( #6159, #10198, #4444, #9239, #8817 ) ) ;
#2328 = AXIS2_PLACEMENT_3D ( 'NONE', #6923, #463, #575 ) ;
#2329 = CARTESIAN_POINT ( 'NONE',  ( -45.00000000001591616, 5.500000000000000000, -12.24999999999454303 ) ) ;
#2330 = ORIENTED_EDGE ( 'NONE', *, *, #8596, .F. ) ;
#2331 = ORIENTED_EDGE ( 'NONE', *, *, #3133, .F. ) ;
#2332 = CARTESIAN_POINT ( 'NONE',  ( -30.14000000000000412, 0.5000000000000000000, -3.064999999999999947 ) ) ;
#2333 = CARTESIAN_POINT ( 'NONE',  ( 39.21960222758093551, 0.000000000000000000, -6.604841829914341211 ) ) ;
#2334 = CIRCLE ( 'NONE', #4891, 4.450000000000004619 ) ;
#2335 = LINE ( 'NONE', #10363, #5636 ) ;
#2336 = ORIENTED_EDGE ( 'NONE', *, *, #4849, .F. ) ;
#2337 = ORIENTED_EDGE ( 'NONE', *, *, #7540, .T. ) ;
#2338 = CARTESIAN_POINT ( 'NONE',  ( 22.81827201635470459, 0.5000000000000000000, -10.08172798364529754 ) ) ;
#2339 = CARTESIAN_POINT ( 'NONE',  ( 2.009170479469691184, 13.00000000000000178, 14.75000000000000178 ) ) ;
#2340 = DIRECTION ( 'NONE',  ( 0.9396926207859109814, 0.000000000000000000, -0.3420201433256616630 ) ) ;
#2341 = ORIENTED_EDGE ( 'NONE', *, *, #5792, .F. ) ;
#2342 = DIRECTION ( 'NONE',  ( -0.000000000000000000, 1.000000000000000000, -0.000000000000000000 ) ) ;
#2343 = ORIENTED_EDGE ( 'NONE', *, *, #3847, .T. ) ;
#2344 = CARTESIAN_POINT ( 'NONE',  ( -34.00000000000000711, 6.500000000000000888, 12.25000000000000178 ) ) ;
#2345 = B_SPLINE_CURVE_WITH_KNOTS ( 'NONE', 3,
 ( #3291, #2493, #9772, #6521 ),
 .UNSPECIFIED., .F., .F.,
 ( 4, 4 ),
 ( 0.000000000000000000, 8.053029081880106442E-05 ),
 .UNSPECIFIED. ) ;
#2346 = CARTESIAN_POINT ( 'NONE',  ( 39.09211819145298961, 0.2999999999999999889, -6.184828725824718099 ) ) ;
#2347 = PLANE ( 'NONE',  #55 ) ;
#2348 = EDGE_CURVE ( 'NONE', #2238, #10394, #4730, .T. ) ;
#2349 = ORIENTED_EDGE ( 'NONE', *, *, #5040, .F. ) ;
#2350 = ORIENTED_EDGE ( 'NONE', *, *, #6051, .T. ) ;
#2351 = DIRECTION ( 'NONE',  ( -0.000000000000000000, -0.000000000000000000, 1.000000000000000000 ) ) ;
#2352 = CIRCLE ( 'NONE', #1683, 5.499999999999985789 ) ;
#2353 = VECTOR ( 'NONE', #8424, 1000.000000000000000 ) ;
#2354 = CARTESIAN_POINT ( 'NONE',  ( 31.46791715065477746, 1.694065894508599137E-18, -7.592751484835193132 ) ) ;
#2355 = ADVANCED_FACE ( 'NONE', ( #242 ), #9159, .F. ) ;
#2356 = VERTEX_POINT ( 'NONE', #1717 ) ;
#2357 = CARTESIAN_POINT ( 'NONE',  ( -47.50000000000000711, 3.000000000000000000, -9.500000000000001776 ) ) ;
#2358 = EDGE_CURVE ( 'NONE', #7171, #2374, #1508, .T. ) ;
#2359 = CARTESIAN_POINT ( 'NONE',  ( -52.23807474045420918, 7.062801956676783455, -3.484891521729121866 ) ) ;
#2360 = DIRECTION ( 'NONE',  ( 0.000000000000000000, -0.000000000000000000, 1.000000000000000000 ) ) ;
#2361 = CARTESIAN_POINT ( 'NONE',  ( 51.95000000000000284, 9.849999999999999645, 3.299999999999999378 ) ) ;
#2362 = DIRECTION ( 'NONE',  ( 0.000000000000000000, 0.000000000000000000, -1.000000000000000000 ) ) ;
#2363 = VECTOR ( 'NONE', #6599, 1000.000000000000000 ) ;
#2364 = CIRCLE ( 'NONE', #2185, 9.300000000000013145 ) ;
#2365 = DIRECTION ( 'NONE',  ( -0.000000000000000000, -1.000000000000000000, -0.000000000000000000 ) ) ;
#2366 = DIRECTION ( 'NONE',  ( 0.000000000000000000, 1.000000000000000000, -0.000000000000000000 ) ) ;
#2367 = ADVANCED_FACE ( 'NONE', ( #6643 ), #1777, .T. ) ;
#2368 = EDGE_LOOP ( 'NONE', ( #3759, #7677, #8192, #1334 ) ) ;
#2369 = VERTEX_POINT ( 'NONE', #978 ) ;
#2370 = CARTESIAN_POINT ( 'NONE',  ( -29.84000000000000341, 6.000000000000000000, 3.064999999999999947 ) ) ;
#2371 = EDGE_CURVE ( 'NONE', #3018, #7058, #10329, .T. ) ;
#2372 = CIRCLE ( 'NONE', #8109, 3.999999999999998224 ) ;
#2373 = CARTESIAN_POINT ( 'NONE',  ( 47.50000000000000000, 9.000000000000001776, -9.500000000000001776 ) ) ;
#2374 = VERTEX_POINT ( 'NONE', #4323 ) ;
#2375 = B_SPLINE_CURVE_WITH_KNOTS ( 'NONE', 3,
 ( #4931, #7458, #9768, #4235, #2651, #1843, #5089, #4343 ),
 .UNSPECIFIED., .F., .F.,
 ( 4, 2, 2, 4 ),
 ( 0.001279873816246329156, 0.001599499302352241220, 0.001919124788458153284, 0.002558375760669971775 ),
 .UNSPECIFIED. ) ;
#2376 = FACE_BOUND ( 'NONE', #4982, .T. ) ;
#2377 = DIRECTION ( 'NONE',  ( 1.000000000000000000, 0.000000000000000000, -0.000000000000000000 ) ) ;
#2378 = ORIENTED_EDGE ( 'NONE', *, *, #1205, .F. ) ;
#2379 = PLANE ( 'NONE',  #7856 ) ;
#2380 = DIRECTION ( 'NONE',  ( 0.000000000000000000, 0.000000000000000000, 1.000000000000000000 ) ) ;
#2381 = EDGE_CURVE ( 'NONE', #324, #2461, #9257, .T. ) ;
#2382 = EDGE_LOOP ( 'NONE', ( #6426, #9547, #4578, #4365 ) ) ;
#2383 = ORIENTED_EDGE ( 'NONE', *, *, #8612, .T. ) ;
#2384 = CARTESIAN_POINT ( 'NONE',  ( -52.45000000000000995, 6.902631723476092773, 3.013815789473678564 ) ) ;
#2385 = ORIENTED_EDGE ( 'NONE', *, *, #5682, .F. ) ;
#2386 = ORIENTED_EDGE ( 'NONE', *, *, #5123, .T. ) ;
#2387 = VECTOR ( 'NONE', #6810, 1000.000000000000000 ) ;
#2388 = CARTESIAN_POINT ( 'NONE',  ( -31.27472780755320869, 0.000000000000000000, 2.965000000000000302 ) ) ;
#2389 = PLANE ( 'NONE',  #4458 ) ;
#2390 = CARTESIAN_POINT ( 'NONE',  ( -52.42966255667123221, 9.596862272574551156, -3.444967340623644958 ) ) ;
#2391 = DIRECTION ( 'NONE',  ( 0.000000000000000000, 1.000000000000000000, 0.000000000000000000 ) ) ;
#2392 = EDGE_CURVE ( 'NONE', #8269, #957, #4370, .T. ) ;
#2393 = ORIENTED_EDGE ( 'NONE', *, *, #9299, .F. ) ;
#2394 = AXIS2_PLACEMENT_3D ( 'NONE', #5539, #8744, #3155 ) ;
#2395 = VERTEX_POINT ( 'NONE', #9305 ) ;
#2396 = CARTESIAN_POINT ( 'NONE',  ( -39.76146882909598901, 0.000000000000000000, 2.965000000000000302 ) ) ;
#2397 = EDGE_CURVE ( 'NONE', #3787, #2395, #7638, .T. ) ;
#2398 = CARTESIAN_POINT ( 'NONE',  ( 52.75100000000002609, 8.400000000000000355, 4.224999999999983658 ) ) ;
#2399 = FACE_BOUND ( 'NONE', #2269, .T. ) ;
#2400 = ORIENTED_EDGE ( 'NONE', *, *, #5099, .T. ) ;
#2401 = CARTESIAN_POINT ( 'NONE',  ( -30.13733985612995525, 5.995981988622158809, 3.615000000000000213 ) ) ;
#2402 = VERTEX_POINT ( 'NONE', #8630 ) ;
#2403 = CARTESIAN_POINT ( 'NONE',  ( 0.000000000000000000, 9.000000000000001776, -12.25000000000000000 ) ) ;
#2404 = VECTOR ( 'NONE', #9431, 1000.000000000000000 ) ;
#2405 = LINE ( 'NONE', #4905, #922 ) ;
#2406 = LINE ( 'NONE', #9981, #5130 ) ;
#2407 = ORIENTED_EDGE ( 'NONE', *, *, #1362, .T. ) ;
#2408 = VERTEX_POINT ( 'NONE', #4477 ) ;
#2409 = DIRECTION ( 'NONE',  ( 0.000000000000000000, 0.000000000000000000, 1.000000000000000000 ) ) ;
#2410 = VECTOR ( 'NONE', #5327, 1000.000000000000000 ) ;
#2411 = DIRECTION ( 'NONE',  ( 0.000000000000000000, 1.000000000000000000, 0.000000000000000000 ) ) ;
#2412 = EDGE_CURVE ( 'NONE', #59, #10318, #8578, .T. ) ;
#2413 = VERTEX_POINT ( 'NONE', #7787 ) ;
#2414 = FACE_OUTER_BOUND ( 'NONE', #8769, .T. ) ;
#2415 = VECTOR ( 'NONE', #8738, 1000.000000000000000 ) ;
#2416 = LINE ( 'NONE', #91, #9106 ) ;
#2417 = CARTESIAN_POINT ( 'NONE',  ( 23.55788180854701608, 0.5000000000000000000, 2.783866831501377703 ) ) ;
#2418 = EDGE_CURVE ( 'NONE', #3364, #4942, #6808, .T. ) ;
#2419 = CARTESIAN_POINT ( 'NONE',  ( 36.04364652204419883, 0.2999999999999999889, -4.424792786874605532 ) ) ;
#2420 = FACE_OUTER_BOUND ( 'NONE', #1072, .T. ) ;
#2421 = VECTOR ( 'NONE', #3093, 1000.000000000000000 ) ;
#2422 = DIRECTION ( 'NONE',  ( 0.6427876096865420275, 0.000000000000000000, 0.7660444431189757930 ) ) ;
#2423 = VERTEX_POINT ( 'NONE', #6893 ) ;
#2424 = VECTOR ( 'NONE', #5787, 1000.000000000000000 ) ;
#2425 = ORIENTED_EDGE ( 'NONE', *, *, #9843, .F. ) ;
#2426 = B_SPLINE_CURVE_WITH_KNOTS ( 'NONE', 3,
 ( #5009, #9788, #7536, #1768, #283, #4204, #9941, #2721, #9149, #9740, #1920, #5292, #3310, #8504 ),
 .UNSPECIFIED., .F., .F.,
 ( 4, 2, 2, 2, 2, 2, 4 ),
 ( 0.000000000000000000, 0.0007308796340597644705, 0.001096319451089647953, 0.001461759268119531543, 0.001827199085149414917, 0.002192638902179298507, 0.002923518536239066989 ),
 .UNSPECIFIED. ) ;
#2427 = DIRECTION ( 'NONE',  ( 1.000000000000000000, -0.000000000000000000, -0.000000000000000000 ) ) ;
#2428 = AXIS2_PLACEMENT_3D ( 'NONE', #8358, #4453, #5149 ) ;
#2429 = CARTESIAN_POINT ( 'NONE',  ( -44.75000000000000711, 8.000000000000000000, 0.000000000000000000 ) ) ;
#2430 = EDGE_CURVE ( 'NONE', #2246, #9289, #10099, .T. ) ;
#2431 = EDGE_LOOP ( 'NONE', ( #9349, #5611, #2263, #9474 ) ) ;
#2432 = AXIS2_PLACEMENT_3D ( 'NONE', #8981, #5724, #2604 ) ;
#2433 = AXIS2_PLACEMENT_3D ( 'NONE', #6143, #2760, #4403 ) ;
#2434 = CARTESIAN_POINT ( 'NONE',  ( -20.00000000000001066, 16.00001200000000168, -14.75000000000000355 ) ) ;
#2435 = DIRECTION ( 'NONE',  ( 0.000000000000000000, 0.000000000000000000, 1.000000000000000000 ) ) ;
#2436 = ORIENTED_EDGE ( 'NONE', *, *, #3518, .T. ) ;
#2437 = CARTESIAN_POINT ( 'NONE',  ( 54.26387818865998014, 0.5000000000000000000, -7.249999999999998224 ) ) ;
#2438 = LINE ( 'NONE', #5559, #4434 ) ;
#2439 = EDGE_LOOP ( 'NONE', ( #322, #3022, #8696, #8871 ) ) ;
#2440 = ADVANCED_FACE ( 'NONE', ( #6106 ), #7084, .T. ) ;
#2441 = VERTEX_POINT ( 'NONE', #2827 ) ;
#2442 = AXIS2_PLACEMENT_3D ( 'NONE', #8193, #4073, #50 ) ;
#2443 = CARTESIAN_POINT ( 'NONE',  ( 39.08172798364529399, 4.899999999999999467, 5.581727983645293101 ) ) ;
#2444 =( BOUNDED_CURVE ( )  B_SPLINE_CURVE ( 3, ( #9338, #8662, #3119, #7765 ),
 .UNSPECIFIED., .F., .F. ) 
 B_SPLINE_CURVE_WITH_KNOTS ( ( 4, 4 ),
 ( 4.712388980384689674, 5.800197417813646616 ),
 .UNSPECIFIED. ) 
 CURVE ( )  GEOMETRIC_REPRESENTATION_ITEM ( )  RATIONAL_B_SPLINE_CURVE ( ( 1.000000000000000000, 0.9037965667448131235, 0.9037965667448131235, 1.000000000000000000 ) ) 
 REPRESENTATION_ITEM ( '' )  );
#2445 = EDGE_CURVE ( 'NONE', #5846, #4251, #391, .T. ) ;
#2446 = CARTESIAN_POINT ( 'NONE',  ( 9.519658948938198861, 6.000000000000000000, 10.25000000000000178 ) ) ;
#2447 = CARTESIAN_POINT ( 'NONE',  ( 52.75100000000002609, 7.099999999999998757, -2.925000000000016254 ) ) ;
#2448 = CARTESIAN_POINT ( 'NONE',  ( -52.40568058483291480, 9.484780085661503435, -3.641416195903036890 ) ) ;
#2449 = AXIS2_PLACEMENT_3D ( 'NONE', #9730, #7523, #5936 ) ;
#2450 = DIRECTION ( 'NONE',  ( -0.000000000000000000, 0.000000000000000000, 1.000000000000000000 ) ) ;
#2451 = AXIS2_PLACEMENT_3D ( 'NONE', #947, #4182, #2320 ) ;
#2452 = DIRECTION ( 'NONE',  ( -0.000000000000000000, -0.000000000000000000, -1.000000000000000000 ) ) ;
#2453 = ORIENTED_EDGE ( 'NONE', *, *, #5206, .F. ) ;
#2454 = ORIENTED_EDGE ( 'NONE', *, *, #6604, .T. ) ;
#2455 = VECTOR ( 'NONE', #1484, 1000.000000000000000 ) ;
#2456 = CARTESIAN_POINT ( 'NONE',  ( -52.00000000000001421, 17.00000000000000000, -6.749999999999950262 ) ) ;
#2457 = CIRCLE ( 'NONE', #3126, 3.000000000000000000 ) ;
#2458 = CARTESIAN_POINT ( 'NONE',  ( 52.75100000000002609, 8.400000000000000355, 2.924999999999982947 ) ) ;
#2459 = EDGE_CURVE ( 'NONE', #1607, #4353, #5318, .T. ) ;
#2460 = FACE_OUTER_BOUND ( 'NONE', #10151, .T. ) ;
#2461 = VERTEX_POINT ( 'NONE', #1343 ) ;
#2462 = CARTESIAN_POINT ( 'NONE',  ( -52.38125719838240713, 9.367109996345389433, -3.819589400665984957 ) ) ;
#2463 = CARTESIAN_POINT ( 'NONE',  ( 2.009170479469691184, 13.00000000000000178, 14.75000000000000178 ) ) ;
#2464 = CIRCLE ( 'NONE', #3812, 6.800000000000001599 ) ;
#2465 = EDGE_CURVE ( 'NONE', #7851, #8505, #10001, .T. ) ;
#2466 = DIRECTION ( 'NONE',  ( 0.000000000000000000, 0.000000000000000000, 1.000000000000000000 ) ) ;
#2467 = FACE_OUTER_BOUND ( 'NONE', #7104, .T. ) ;
#2468 = EDGE_LOOP ( 'NONE', ( #7405, #1482, #3863, #10340 ) ) ;
#2469 = ORIENTED_EDGE ( 'NONE', *, *, #7875, .F. ) ;
#2470 = CARTESIAN_POINT ( 'NONE',  ( 30.95000000000000284, 0.000000000000000000, -2.350000000000003197 ) ) ;
#2471 = DIRECTION ( 'NONE',  ( 1.000000000000000000, 0.000000000000000000, 0.000000000000000000 ) ) ;
#2472 = VERTEX_POINT ( 'NONE', #439 ) ;
#2473 = LINE ( 'NONE', #10437, #10069 ) ;
#2474 = DIRECTION ( 'NONE',  ( 0.000000000000000000, 0.000000000000000000, 1.000000000000000000 ) ) ;
#2475 = CARTESIAN_POINT ( 'NONE',  ( 0.5999999999999912070, 13.00000000000000178, 13.55000000000000071 ) ) ;
#2476 = DIRECTION ( 'NONE',  ( 1.000000000000000000, 0.000000000000000000, 0.000000000000000000 ) ) ;
#2477 = CARTESIAN_POINT ( 'NONE',  ( -29.96003882983035993, 6.000690477496228858, -2.769672436215394828 ) ) ;
#2478 = CARTESIAN_POINT ( 'NONE',  ( -29.84000000000000341, 6.296018041280833089, 1.010032166305325429E-14 ) ) ;
#2479 = ORIENTED_EDGE ( 'NONE', *, *, #617, .T. ) ;
#2480 = VERTEX_POINT ( 'NONE', #3622 ) ;
#2481 = PLANE ( 'NONE',  #865 ) ;
#2482 = FACE_OUTER_BOUND ( 'NONE', #4598, .T. ) ;
#2483 = DIRECTION ( 'NONE',  ( -0.000000000000000000, -0.000000000000000000, 1.000000000000000000 ) ) ;
#2484 = ORIENTED_EDGE ( 'NONE', *, *, #9515, .F. ) ;
#2485 = CARTESIAN_POINT ( 'NONE',  ( -35.26554871542300162, 0.08284271247461881538, -8.849999999999997868 ) ) ;
#2486 = PLANE ( 'NONE',  #171 ) ;
#2487 = ORIENTED_EDGE ( 'NONE', *, *, #687, .T. ) ;
#2488 = CARTESIAN_POINT ( 'NONE',  ( 0.5999999999999912070, 13.00000000000000178, -13.35000000000018971 ) ) ;
#2489 = PLANE ( 'NONE',  #2740 ) ;
#2490 = ORIENTED_EDGE ( 'NONE', *, *, #1449, .T. ) ;
#2491 = ORIENTED_EDGE ( 'NONE', *, *, #6375, .F. ) ;
#2492 = EDGE_CURVE ( 'NONE', #7154, #8616, #9603, .T. ) ;
#2493 = CARTESIAN_POINT ( 'NONE',  ( -34.33293214504335822, 0.1503201388544058437, 3.610415582140241497 ) ) ;
#2494 = EDGE_CURVE ( 'NONE', #5967, #4974, #8598, .T. ) ;
#2495 = EDGE_LOOP ( 'NONE', ( #3437, #7962, #3065, #4140 ) ) ;
#2496 = DIRECTION ( 'NONE',  ( 0.000000000000000000, 0.000000000000000000, 1.000000000000000000 ) ) ;
#2497 = EDGE_CURVE ( 'NONE', #2823, #6605, #8528, .T. ) ;
#2498 = FACE_OUTER_BOUND ( 'NONE', #4285, .T. ) ;
#2499 = DIRECTION ( 'NONE',  ( -0.8660254037844389297, -0.000000000000000000, -0.4999999999999992784 ) ) ;
#2500 = CARTESIAN_POINT ( 'NONE',  ( 39.08172798364529399, -1.697056274847719815, 6.181727983645293634 ) ) ;
#2501 = VERTEX_POINT ( 'NONE', #486 ) ;
#2502 = AXIS2_PLACEMENT_3D ( 'NONE', #6071, #7805, #5494 ) ;
#2503 = EDGE_CURVE ( 'NONE', #3146, #3966, #4607, .T. ) ;
#2504 = ORIENTED_EDGE ( 'NONE', *, *, #1846, .T. ) ;
#2505 =( BOUNDED_CURVE ( )  B_SPLINE_CURVE ( 3, ( #9383, #7127, #5742, #7871 ),
 .UNSPECIFIED., .F., .F. ) 
 B_SPLINE_CURVE_WITH_KNOTS ( ( 4, 4 ),
 ( 3.141592653589793116, 4.712388980384689674 ),
 .UNSPECIFIED. ) 
 CURVE ( )  GEOMETRIC_REPRESENTATION_ITEM ( )  RATIONAL_B_SPLINE_CURVE ( ( 1.000000000000000000, 0.8047378541243649375, 0.8047378541243649375, 1.000000000000000000 ) ) 
 REPRESENTATION_ITEM ( '' )  );
#2506 = CARTESIAN_POINT ( 'NONE',  ( -29.84000000000000696, 6.296018041280833089, -9.849999999999997868 ) ) ;
#2507 = PLANE ( 'NONE',  #8100 ) ;
#2508 = CARTESIAN_POINT ( 'NONE',  ( -20.00000000000001066, 9.000000000000001776, 2.352167425053299179E-15 ) ) ;
#2509 = ORIENTED_EDGE ( 'NONE', *, *, #5698, .F. ) ;
#2510 = CARTESIAN_POINT ( 'NONE',  ( -31.60047529527845001, 3.276389878762281160, -8.849999999999997868 ) ) ;
#2511 = EDGE_CURVE ( 'NONE', #1016, #1865, #2931, .T. ) ;
#2512 = B_SPLINE_CURVE_WITH_KNOTS ( 'NONE', 3,
 ( #8372, #969, #127, #3311, #2514, #9741, #5741, #6633, #9839, #7537, #5898, #2620, #1818, #9098, #1868, #5059 ),
 .UNSPECIFIED., .F., .F.,
 ( 4, 2, 2, 2, 2, 2, 2, 4 ),
 ( 4.336808689942017736E-19, 0.0003420773149253881606, 0.0006841546298507751285, 0.001368309259701550257, 0.001710386574626940152, 0.002052463889552330698, 0.002394541204477720377, 0.002736618519403110922 ),
 .UNSPECIFIED. ) ;
#2513 = CIRCLE ( 'NONE', #2328, 0.7999999999999990452 ) ;
#2514 = CARTESIAN_POINT ( 'NONE',  ( -52.20526305257705957, 9.166854647719384630, -4.070482360731038085 ) ) ;
#2515 = CARTESIAN_POINT ( 'NONE',  ( 22.95788180854699334, 0.000000000000000000, -6.444636346960007423 ) ) ;
#2516 = CARTESIAN_POINT ( 'NONE',  ( -34.34233853611036835, 0.1265113557324328841, 3.601009191073224258 ) ) ;
#2517 = EDGE_CURVE ( 'NONE', #6206, #968, #6210, .T. ) ;
#2518 = AXIS2_PLACEMENT_3D ( 'NONE', #2201, #8651, #1414 ) ;
#2519 = ORIENTED_EDGE ( 'NONE', *, *, #5732, .T. ) ;
#2520 = LINE ( 'NONE', #925, #4239 ) ;
#2521 = DIRECTION ( 'NONE',  ( 0.5000000000000001110, 0.000000000000000000, 0.8660254037844385966 ) ) ;
#2522 = DIRECTION ( 'NONE',  ( -0.7660444431189757930, 0.000000000000000000, -0.6427876096865420275 ) ) ;
#2523 = ORIENTED_EDGE ( 'NONE', *, *, #4382, .T. ) ;
#2524 = CARTESIAN_POINT ( 'NONE',  ( -8.947521086617219380E-16, 9.000000000000001776, 12.25000000000000355 ) ) ;
#2525 = DIRECTION ( 'NONE',  ( -0.000000000000000000, 1.000000000000000000, -0.000000000000000000 ) ) ;
#2526 = CARTESIAN_POINT ( 'NONE',  ( -39.58434658500975445, 0.1071145293931473758, 3.592122244086235927 ) ) ;
#2527 = PLANE ( 'NONE',  #2260 ) ;
#2528 = DIRECTION ( 'NONE',  ( 1.000000000000000000, 0.000000000000000000, 1.561251128379125123E-14 ) ) ;
#2529 = DIRECTION ( 'NONE',  ( -1.000000000000000000, 0.000000000000000000, 0.000000000000000000 ) ) ;
#2530 = DIRECTION ( 'NONE',  ( 0.000000000000000000, 0.000000000000000000, -1.000000000000000000 ) ) ;
#2531 = ORIENTED_EDGE ( 'NONE', *, *, #5640, .T. ) ;
#2532 = EDGE_CURVE ( 'NONE', #9871, #10382, #7902, .T. ) ;
#2533 = AXIS2_PLACEMENT_3D ( 'NONE', #4655, #9544, #3052 ) ;
#2534 = ORIENTED_EDGE ( 'NONE', *, *, #617, .F. ) ;
#2535 = CARTESIAN_POINT ( 'NONE',  ( -52.28382328137058721, 7.180212457628511125, 3.432738694138526725 ) ) ;
#2536 = DIRECTION ( 'NONE',  ( 0.000000000000000000, 0.000000000000000000, -1.000000000000000000 ) ) ;
#2537 = CARTESIAN_POINT ( 'NONE',  ( -31.60047529527845001, 3.276389878762281160, -3.615000000000000213 ) ) ;
#2538 = EDGE_CURVE ( 'NONE', #6865, #6174, #9462, .T. ) ;
#2539 = CARTESIAN_POINT ( 'NONE',  ( -30.13468570924808887, 5.996053416120790125, -2.765035374839955651 ) ) ;
#2540 = VECTOR ( 'NONE', #10022, 1000.000000000000000 ) ;
#2541 = EDGE_LOOP ( 'NONE', ( #3678, #9096, #789, #1112 ) ) ;
#2542 = AXIS2_PLACEMENT_3D ( 'NONE', #618, #6124, #6072 ) ;
#2543 = PLANE ( 'NONE',  #913 ) ;
#2544 = AXIS2_PLACEMENT_3D ( 'NONE', #6487, #8065, #3998 ) ;
#2545 = DIRECTION ( 'NONE',  ( 0.09864855753175855169, -0.5484013522092406889, -0.8303760708209141361 ) ) ;
#2546 = VERTEX_POINT ( 'NONE', #6264 ) ;
#2547 = DIRECTION ( 'NONE',  ( 0.000000000000000000, 1.000000000000000000, -0.000000000000000000 ) ) ;
#2548 = ORIENTED_EDGE ( 'NONE', *, *, #8811, .T. ) ;
#2549 = ORIENTED_EDGE ( 'NONE', *, *, #4968, .T. ) ;
#2550 = VECTOR ( 'NONE', #5956, 1000.000000000000000 ) ;
#2551 = CARTESIAN_POINT ( 'NONE',  ( 47.49999999999999289, 11.00000000000000178, 14.75000000000000533 ) ) ;
#2552 = ORIENTED_EDGE ( 'NONE', *, *, #1340, .F. ) ;
#2553 = CARTESIAN_POINT ( 'NONE',  ( 31.53444636088666897, 0.02145563245112781792, -11.49711103979234395 ) ) ;
#2554 = CARTESIAN_POINT ( 'NONE',  ( -29.83999999999999986, 0.5000000000000004441, 9.349999999999997868 ) ) ;
#2555 = CARTESIAN_POINT ( 'NONE',  ( -8.107033542344556309, 13.00000000000000178, -14.04179399400123351 ) ) ;
#2556 = EDGE_CURVE ( 'NONE', #3720, #2356, #10258, .T. ) ;
#2557 = CARTESIAN_POINT ( 'NONE',  ( 43.49999999999999289, 7.000000000000000000, 0.000000000000000000 ) ) ;
#2558 = DIRECTION ( 'NONE',  ( -1.927470528863116189E-15, 0.000000000000000000, 1.000000000000000000 ) ) ;
#2559 = EDGE_LOOP ( 'NONE', ( #10295, #2330, #6046, #6247 ) ) ;
#2560 = ORIENTED_EDGE ( 'NONE', *, *, #9874, .F. ) ;
#2561 = CARTESIAN_POINT ( 'NONE',  ( 47.49999999999999289, 11.00000000000000178, 9.500000000000000000 ) ) ;
#2562 = CARTESIAN_POINT ( 'NONE',  ( -34.37348617369437420, 0.04767268713831634280, 2.810138446510776600 ) ) ;
#2563 = ORIENTED_EDGE ( 'NONE', *, *, #10006, .F. ) ;
#2564 = FACE_OUTER_BOUND ( 'NONE', #8195, .T. ) ;
#2565 = PLANE ( 'NONE',  #60 ) ;
#2566 = EDGE_CURVE ( 'NONE', #6091, #2610, #4734, .T. ) ;
#2567 = CARTESIAN_POINT ( 'NONE',  ( -20.00000000000001066, 14.60000000000000320, 11.75000000000000355 ) ) ;
#2568 = CARTESIAN_POINT ( 'NONE',  ( -52.20568082859694670, 7.541535657144801341, 4.027471805004320338 ) ) ;
#2569 =( GEOMETRIC_REPRESENTATION_CONTEXT ( 3 ) GLOBAL_UNCERTAINTY_ASSIGNED_CONTEXT ( ( #4820 ) ) GLOBAL_UNIT_ASSIGNED_CONTEXT ( ( #886, #3819, #4869 ) ) REPRESENTATION_CONTEXT ( 'NONE', 'WORKASPACE' ) );
#2570 = LINE ( 'NONE', #3149, #6670 ) ;
#2571 = ADVANCED_FACE ( 'NONE', ( #7849 ), #6316, .T. ) ;
#2572 = ADVANCED_FACE ( 'NONE', ( #7106 ), #3830, .F. ) ;
#2573 = ORIENTED_EDGE ( 'NONE', *, *, #2243, .F. ) ;
#2574 = CARTESIAN_POINT ( 'NONE',  ( 52.75000000000000000, 8.000000000000000000, -9.499999999999920064 ) ) ;
#2575 = CARTESIAN_POINT ( 'NONE',  ( -50.25000000000000711, 8.400000000000000355, -2.449999999999999734 ) ) ;
#2576 = CARTESIAN_POINT ( 'NONE',  ( -50.25000000000545697, 6.499999999999999112, -2.449999999999999289 ) ) ;
#2577 = ORIENTED_EDGE ( 'NONE', *, *, #613, .F. ) ;
#2578 = CARTESIAN_POINT ( 'NONE',  ( 52.75000000000000711, 3.000000000000000000, 9.500000000000001776 ) ) ;
#2579 = AXIS2_PLACEMENT_3D ( 'NONE', #1197, #1306, #3637 ) ;
#2580 = CARTESIAN_POINT ( 'NONE',  ( 20.65000000000000213, 4.899999999999999467, 0.000000000000000000 ) ) ;
#2581 = ADVANCED_FACE ( 'NONE', ( #3031 ), #10418, .T. ) ;
#2582 = DIRECTION ( 'NONE',  ( -0.000000000000000000, -1.000000000000000000, 0.000000000000000000 ) ) ;
#2583 = PLANE ( 'NONE',  #5450 ) ;
#2584 = ORIENTED_EDGE ( 'NONE', *, *, #3004, .F. ) ;
#2585 = ORIENTED_EDGE ( 'NONE', *, *, #6788, .F. ) ;
#2586 = AXIS2_PLACEMENT_3D ( 'NONE', #6167, #9369, #4581 ) ;
#2587 = AXIS2_PLACEMENT_3D ( 'NONE', #9932, #6429, #7527 ) ;
#2588 = CARTESIAN_POINT ( 'NONE',  ( -44.75000000000000711, 6.500000000000000888, 0.000000000000000000 ) ) ;
#2589 = CARTESIAN_POINT ( 'NONE',  ( -51.99275608861675835, 8.879970655288349946, 4.292343692617996531 ) ) ;
#2590 = DIRECTION ( 'NONE',  ( 0.000000000000000000, 0.000000000000000000, 1.000000000000000000 ) ) ;
#2591 = PLANE ( 'NONE',  #2685 ) ;
#2592 = EDGE_CURVE ( 'NONE', #9857, #2700, #8685, .T. ) ;
#2593 = ORIENTED_EDGE ( 'NONE', *, *, #2702, .T. ) ;
#2594 = DIRECTION ( 'NONE',  ( 1.000000000000000000, 0.000000000000000000, -1.176083712526649195E-16 ) ) ;
#2595 = AXIS2_PLACEMENT_3D ( 'NONE', #3992, #705, #4687 ) ;
#2596 = CYLINDRICAL_SURFACE ( 'NONE', #6422, 0.8500000000000000888 ) ;
#2597 = ORIENTED_EDGE ( 'NONE', *, *, #2864, .T. ) ;
#2598 = AXIS2_PLACEMENT_3D ( 'NONE', #4302, #1808, #5101 ) ;
#2599 = CARTESIAN_POINT ( 'NONE',  ( -24.49308044258727080, 13.00000000000000178, -14.75000000000000355 ) ) ;
#2600 = ORIENTED_EDGE ( 'NONE', *, *, #9209, .T. ) ;
#2601 = EDGE_CURVE ( 'NONE', #3151, #6565, #8196, .T. ) ;
#2602 = ORIENTED_EDGE ( 'NONE', *, *, #4339, .T. ) ;
#2603 = AXIS2_PLACEMENT_3D ( 'NONE', #4714, #3811, #3012 ) ;
#2604 = DIRECTION ( 'NONE',  ( 1.000000000000000000, 0.000000000000000000, 0.000000000000000000 ) ) ;
#2605 = AXIS2_PLACEMENT_3D ( 'NONE', #4837, #116, #959 ) ;
#2606 = VERTEX_POINT ( 'NONE', #5527 ) ;
#2607 = CARTESIAN_POINT ( 'NONE',  ( 47.50000000000000000, 3.000000000000000000, -9.500000000000001776 ) ) ;
#2608 = CARTESIAN_POINT ( 'NONE',  ( -51.95000000000000995, 10.00000000000000000, -2.449999999999999289 ) ) ;
#2609 = LINE ( 'NONE', #5935, #1748 ) ;
#2610 = VERTEX_POINT ( 'NONE', #756 ) ;
#2611 = AXIS2_PLACEMENT_3D ( 'NONE', #3964, #7196, #1947 ) ;
#2612 = VERTEX_POINT ( 'NONE', #8784 ) ;
#2613 = EDGE_CURVE ( 'NONE', #5905, #6196, #7165, .T. ) ;
#2614 = DIRECTION ( 'NONE',  ( 0.000000000000000000, 0.000000000000000000, 1.000000000000000000 ) ) ;
#2615 = VECTOR ( 'NONE', #2529, 1000.000000000000000 ) ;
#2616 = CARTESIAN_POINT ( 'NONE',  ( 0.5999999999999912070, 13.00000000000000178, -13.35000000000018971 ) ) ;
#2617 = VECTOR ( 'NONE', #5236, 1000.000000000000000 ) ;
#2618 = ORIENTED_EDGE ( 'NONE', *, *, #3919, .F. ) ;
#2619 = LINE ( 'NONE', #8156, #8074 ) ;
#2620 = CARTESIAN_POINT ( 'NONE',  ( -52.20525866347232835, 7.632980932815975450, -4.070506270392245440 ) ) ;
#2621 = DIRECTION ( 'NONE',  ( 0.000000000000000000, 0.000000000000000000, -1.000000000000000000 ) ) ;
#2622 = CARTESIAN_POINT ( 'NONE',  ( -52.22340835089975997, 7.205390757595128370, 3.692296232791094202 ) ) ;
#2623 = TOROIDAL_SURFACE ( 'NONE', #10367, 9.300000000000013145, 0.2999999999999999889 ) ;
#2624 = AXIS2_PLACEMENT_3D ( 'NONE', #1032, #2522, #8952 ) ;
#2625 = ORIENTED_EDGE ( 'NONE', *, *, #10162, .T. ) ;
#2626 = EDGE_CURVE ( 'NONE', #7912, #8245, #2364, .T. ) ;
#2627 = LINE ( 'NONE', #5117, #1024 ) ;
#2628 = DIRECTION ( 'NONE',  ( 0.000000000000000000, 1.000000000000000000, -0.000000000000000000 ) ) ;
#2629 = CARTESIAN_POINT ( 'NONE',  ( -52.25000000000001421, 6.902631723476092773, 3.013815789473678564 ) ) ;
#2630 = ORIENTED_EDGE ( 'NONE', *, *, #7469, .T. ) ;
#2631 = DIRECTION ( 'NONE',  ( 0.000000000000000000, 0.000000000000000000, -1.000000000000000000 ) ) ;
#2632 = CARTESIAN_POINT ( 'NONE',  ( 30.95000000000000284, 0.2999999999999999889, -2.350000000000003197 ) ) ;
#2633 =( NAMED_UNIT ( * ) PLANE_ANGLE_UNIT ( ) SI_UNIT ( $, .RADIAN. ) );
#2634 = EDGE_CURVE ( 'NONE', #5228, #834, #9624, .T. ) ;
#2635 = CIRCLE ( 'NONE', #932, 0.2888330770816419091 ) ;
#2636 = ADVANCED_FACE ( 'NONE', ( #600, #1605, #4845, #4035, #9683, #5688, #7270, #19, #3247, #1395, #4631, #3307, #8103 ), #1655, .F. ) ;
#2637 = FACE_OUTER_BOUND ( 'NONE', #7304, .T. ) ;
#2638 = CARTESIAN_POINT ( 'NONE',  ( 0.000000000000000000, 4.899999999999999467, 4.549999999999997158 ) ) ;
#2639 = VERTEX_POINT ( 'NONE', #6533 ) ;
#2640 = ORIENTED_EDGE ( 'NONE', *, *, #7870, .F. ) ;
#2641 = ADVANCED_FACE ( 'NONE', ( #9737 ), #2507, .T. ) ;
#2642 = CIRCLE ( 'NONE', #1279, 2.250000000000005329 ) ;
#2643 = CARTESIAN_POINT ( 'NONE',  ( -47.50000000000000711, 14.50000000000000000, 9.500000000000001776 ) ) ;
#2644 = CARTESIAN_POINT ( 'NONE',  ( -52.21659773288950390, 7.335849566193044069, 3.844379067120553106 ) ) ;
#2645 = LINE ( 'NONE', #3489, #8066 ) ;
#2646 = CARTESIAN_POINT ( 'NONE',  ( 0.000000000000000000, 0.000000000000000000, -9.049999999999998934 ) ) ;
#2647 = ORIENTED_EDGE ( 'NONE', *, *, #7225, .T. ) ;
#2648 = EDGE_CURVE ( 'NONE', #5920, #3618, #3216, .T. ) ;
#2649 = CARTESIAN_POINT ( 'NONE',  ( 8.795253869569584650E-16, 0.000000000000000000, 11.75000000000000355 ) ) ;
#2650 = FACE_OUTER_BOUND ( 'NONE', #1, .T. ) ;
#2651 = CARTESIAN_POINT ( 'NONE',  ( -52.34853060988542950, 7.877115474299435149, 4.119958270625192931 ) ) ;
#2652 = ORIENTED_EDGE ( 'NONE', *, *, #7095, .T. ) ;
#2653 = ORIENTED_EDGE ( 'NONE', *, *, #351, .T. ) ;
#2654 = EDGE_CURVE ( 'NONE', #2413, #5470, #4930, .T. ) ;
#2655 = CARTESIAN_POINT ( 'NONE',  ( -52.21641199541650025, 7.337481789741765681, -3.846616994043206894 ) ) ;
#2656 = ORIENTED_EDGE ( 'NONE', *, *, #5472, .T. ) ;
#2657 = PLANE ( 'NONE',  #10098 ) ;
#2658 = CARTESIAN_POINT ( 'NONE',  ( -35.50000000000001421, 6.500000000000000888, -12.25000000000000000 ) ) ;
#2659 = CARTESIAN_POINT ( 'NONE',  ( 2.009170479469691184, 14.50000000000000000, 14.75000000000000178 ) ) ;
#2660 = FACE_OUTER_BOUND ( 'NONE', #6080, .T. ) ;
#2661 = CARTESIAN_POINT ( 'NONE',  ( 30.95000000000000284, 0.2999999999999999889, -2.350000000000003197 ) ) ;
#2662 = VERTEX_POINT ( 'NONE', #5275 ) ;
#2663 = ORIENTED_EDGE ( 'NONE', *, *, #382, .T. ) ;
#2664 = ORIENTED_EDGE ( 'NONE', *, *, #5466, .T. ) ;
#2665 = CYLINDRICAL_SURFACE ( 'NONE', #2203, 6.800000000000002487 ) ;
#2666 = CARTESIAN_POINT ( 'NONE',  ( 30.36281813779383754, 0.02221052063481799080, 2.955038092765991387 ) ) ;
#2667 = ORIENTED_EDGE ( 'NONE', *, *, #161, .T. ) ;
#2668 = VERTEX_POINT ( 'NONE', #6222 ) ;
#2669 = CARTESIAN_POINT ( 'NONE',  ( -3.469693845669876708, 13.00000000000000178, -13.55000000000000071 ) ) ;
#2670 = EDGE_CURVE ( 'NONE', #1433, #464, #3548, .T. ) ;
#2671 = CARTESIAN_POINT ( 'NONE',  ( 0.000000000000000000, 0.1999999999999996503, -8.849999999999997868 ) ) ;
#2672 = CARTESIAN_POINT ( 'NONE',  ( 39.08172798364529399, 0.5000000000000000000, 5.581727983645293101 ) ) ;
#2673 = AXIS2_PLACEMENT_3D ( 'NONE', #7707, #453, #3686 ) ;
#2674 = LINE ( 'NONE', #9002, #557 ) ;
#2675 = CARTESIAN_POINT ( 'NONE',  ( -31.45678631915142631, 0.2827931057192691333, 8.349999999999997868 ) ) ;
#2676 = VERTEX_POINT ( 'NONE', #2091 ) ;
#2677 = LINE ( 'NONE', #6742, #4232 ) ;
#2678 = VECTOR ( 'NONE', #1658, 1000.000000000000000 ) ;
#2679 = CARTESIAN_POINT ( 'NONE',  ( -52.00325065436499017, 8.641081842182469330, -4.338532249317836431 ) ) ;
#2680 = LINE ( 'NONE', #4324, #7524 ) ;
#2681 = VERTEX_POINT ( 'NONE', #7650 ) ;
#2682 = DIRECTION ( 'NONE',  ( 0.000000000000000000, 1.000000000000000000, -0.000000000000000000 ) ) ;
#2683 = DIRECTION ( 'NONE',  ( 0.000000000000000000, 0.000000000000000000, 1.000000000000000000 ) ) ;
#2684 = EDGE_CURVE ( 'NONE', #7463, #9873, #10061, .T. ) ;
#2685 = AXIS2_PLACEMENT_3D ( 'NONE', #888, #4126, #3331 ) ;
#2686 = CARTESIAN_POINT ( 'NONE',  ( 30.19999999999997442, 0.2505450496179577047, -11.31869555732604837 ) ) ;
#2687 = CARTESIAN_POINT ( 'NONE',  ( -39.58434658500975445, 0.1071145293931473758, -8.872877755913762599 ) ) ;
#2688 = ORIENTED_EDGE ( 'NONE', *, *, #10419, .T. ) ;
#2689 = ORIENTED_EDGE ( 'NONE', *, *, #4490, .T. ) ;
#2690 = ADVANCED_FACE ( 'NONE', ( #8390 ), #5330, .T. ) ;
#2691 = PLANE ( 'NONE',  #4261 ) ;
#2692 = DIRECTION ( 'NONE',  ( -0.000000000000000000, 1.000000000000000000, -0.000000000000000000 ) ) ;
#2693 = CARTESIAN_POINT ( 'NONE',  ( 22.78484194167169008, 0.1248391197358924426, -6.258743620592523094 ) ) ;
#2694 = ORIENTED_EDGE ( 'NONE', *, *, #3274, .T. ) ;
#2695 = CARTESIAN_POINT ( 'NONE',  ( 0.5999999999999912070, 14.50000000000000000, -13.35000000000018971 ) ) ;
#2696 = CARTESIAN_POINT ( 'NONE',  ( 26.60635347795579619, 0.2531612188914909023, 1.023830892551266913 ) ) ;
#2697 = EDGE_CURVE ( 'NONE', #6581, #5503, #8184, .T. ) ;
#2698 = VECTOR ( 'NONE', #1129, 1000.000000000000000 ) ;
#2699 = LINE ( 'NONE', #5719, #9815 ) ;
#2700 = VERTEX_POINT ( 'NONE', #2041 ) ;
#2701 = ORIENTED_EDGE ( 'NONE', *, *, #8104, .T. ) ;
#2702 = EDGE_CURVE ( 'NONE', #71, #1957, #5410, .T. ) ;
#2703 = CARTESIAN_POINT ( 'NONE',  ( -52.00319465118826656, 8.157297053226191252, -4.338305428497859495 ) ) ;
#2704 = AXIS2_PLACEMENT_3D ( 'NONE', #6849, #1236, #8473 ) ;
#2705 = EDGE_LOOP ( 'NONE', ( #1589, #6484, #5562, #2771, #2116, #5515, #8064, #7048, #1369, #6786, #623, #9235, #4081 ) ) ;
#2706 = DIRECTION ( 'NONE',  ( 0.000000000000000000, 1.000000000000000000, -0.000000000000000000 ) ) ;
#2707 = DIRECTION ( 'NONE',  ( 1.000000000000000000, 0.000000000000000000, 0.000000000000000000 ) ) ;
#2708 = ADVANCED_FACE ( 'NONE', ( #402 ), #1988, .F. ) ;
#2709 = PLANE ( 'NONE',  #5657 ) ;
#2710 = CARTESIAN_POINT ( 'NONE',  ( -20.00000000000001066, 16.00000000000000000, 2.352167425053299574E-15 ) ) ;
#2711 = ORIENTED_EDGE ( 'NONE', *, *, #3746, .F. ) ;
#2712 = VECTOR ( 'NONE', #4057, 1000.000000000000000 ) ;
#2713 = DIRECTION ( 'NONE',  ( -1.176083712526649195E-16, 0.000000000000000000, -1.000000000000000000 ) ) ;
#2714 = VECTOR ( 'NONE', #5791, 1000.000000000000000 ) ;
#2715 = EDGE_LOOP ( 'NONE', ( #6285, #9501, #2198, #4692 ) ) ;
#2716 = ORIENTED_EDGE ( 'NONE', *, *, #9892, .T. ) ;
#2717 = CARTESIAN_POINT ( 'NONE',  ( -34.34233853611036835, 0.1265113557324328841, -3.601009191073223814 ) ) ;
#2718 = CARTESIAN_POINT ( 'NONE',  ( 43.25000000000000711, 7.000000000000000000, 1.984313483298447922 ) ) ;
#2719 = ORIENTED_EDGE ( 'NONE', *, *, #8893, .F. ) ;
#2720 = EDGE_LOOP ( 'NONE', ( #6198, #9281, #8350, #10235 ) ) ;
#2721 = CARTESIAN_POINT ( 'NONE',  ( -52.00633259687491972, 8.520914595560235227, 4.350009616020406256 ) ) ;
#2722 = VECTOR ( 'NONE', #8994, 1000.000000000000000 ) ;
#2723 = CARTESIAN_POINT ( 'NONE',  ( 41.25000000000000000, 0.5000000000000000000, 4.549999999999997158 ) ) ;
#2724 = ADVANCED_FACE ( 'NONE', ( #6905 ), #6958, .T. ) ;
#2725 = DIRECTION ( 'NONE',  ( -0.000000000000000000, 1.000000000000000000, -0.000000000000000000 ) ) ;
#2726 = DIRECTION ( 'NONE',  ( 1.000000000000000000, 0.000000000000000000, 7.304098846218136886E-17 ) ) ;
#2727 = EDGE_CURVE ( 'NONE', #5482, #8458, #2888, .T. ) ;
#2728 = VERTEX_POINT ( 'NONE', #5229 ) ;
#2729 = CARTESIAN_POINT ( 'NONE',  ( 22.80788180854702318, -0.001000000000000024307, 1.484828725824713480 ) ) ;
#2730 = CARTESIAN_POINT ( 'NONE',  ( 20.65000000000000213, 0.5000000000000004441, -10.25000000000000533 ) ) ;
#2731 = DIRECTION ( 'NONE',  ( -1.000000000000000000, -0.000000000000000000, -0.000000000000000000 ) ) ;
#2732 = ORIENTED_EDGE ( 'NONE', *, *, #939, .F. ) ;
#2733 = DIRECTION ( 'NONE',  ( -0.000000000000000000, -0.000000000000000000, 1.000000000000000000 ) ) ;
#2734 = DIRECTION ( 'NONE',  ( 0.000000000000000000, 0.000000000000000000, 1.000000000000000000 ) ) ;
#2735 = AXIS2_PLACEMENT_3D ( 'NONE', #5385, #3735, #7864 ) ;
#2736 = FACE_BOUND ( 'NONE', #6856, .T. ) ;
#2737 = DIRECTION ( 'NONE',  ( 0.000000000000000000, 1.000000000000000000, -0.000000000000000000 ) ) ;
#2738 = VERTEX_POINT ( 'NONE', #10163 ) ;
#2739 = ORIENTED_EDGE ( 'NONE', *, *, #4170, .T. ) ;
#2740 = AXIS2_PLACEMENT_3D ( 'NONE', #8922, #2547, #6563 ) ;
#2741 = CYLINDRICAL_SURFACE ( 'NONE', #5269, 0.1999999999999987899 ) ;
#2742 = EDGE_CURVE ( 'NONE', #8924, #4827, #501, .T. ) ;
#2743 = DIRECTION ( 'NONE',  ( 0.000000000000000000, 0.000000000000000000, 1.000000000000000000 ) ) ;
#2744 = CARTESIAN_POINT ( 'NONE',  ( 30.19999999999998153, 0.5000000000000000000, -0.000000000000000000 ) ) ;
#2745 = CARTESIAN_POINT ( 'NONE',  ( 47.49999999999999289, 3.000000000000000000, 9.500000000000001776 ) ) ;
#2746 = DIRECTION ( 'NONE',  ( 0.000000000000000000, 1.000000000000000000, 0.000000000000000000 ) ) ;
#2747 = LINE ( 'NONE', #5191, #5085 ) ;
#2748 = VECTOR ( 'NONE', #5393, 1000.000000000000000 ) ;
#2749 = CARTESIAN_POINT ( 'NONE',  ( -30.14000000000000412, 5.995909431799613998, 3.615000000000000213 ) ) ;
#2750 = EDGE_LOOP ( 'NONE', ( #1126, #5901, #1553, #4054 ) ) ;
#2751 = VERTEX_POINT ( 'NONE', #6175 ) ;
#2752 = EDGE_CURVE ( 'NONE', #6732, #3073, #9375, .T. ) ;
#2753 = CARTESIAN_POINT ( 'NONE',  ( -51.95000002018760199, 9.542937216436863324, -3.986874153505396201 ) ) ;
#2754 = CIRCLE ( 'NONE', #5129, 2.000000000000000000 ) ;
#2755 = ORIENTED_EDGE ( 'NONE', *, *, #4223, .T. ) ;
#2756 = CIRCLE ( 'NONE', #3263, 1.600000000000000755 ) ;
#2757 = LINE ( 'NONE', #2658, #8678 ) ;
#2758 = ADVANCED_FACE ( 'NONE', ( #5384 ), #1356, .T. ) ;
#2759 = EDGE_CURVE ( 'NONE', #8514, #7463, #3207, .T. ) ;
#2760 = DIRECTION ( 'NONE',  ( 0.000000000000000000, 1.000000000000000000, -0.000000000000000000 ) ) ;
#2761 = ORIENTED_EDGE ( 'NONE', *, *, #10320, .F. ) ;
#2762 = DIRECTION ( 'NONE',  ( 0.000000000000000000, 0.000000000000000000, 1.000000000000000000 ) ) ;
#2763 = VECTOR ( 'NONE', #8044, 1000.000000000000000 ) ;
#2764 = ORIENTED_EDGE ( 'NONE', *, *, #8246, .F. ) ;
#2765 = VECTOR ( 'NONE', #1491, 1000.000000000000000 ) ;
#2766 = ORIENTED_EDGE ( 'NONE', *, *, #9075, .T. ) ;
#2767 = EDGE_CURVE ( 'NONE', #1570, #7912, #3578, .T. ) ;
#2768 = CARTESIAN_POINT ( 'NONE',  ( 23.85000000000000142, 4.899999999999999467, -12.25000000000000178 ) ) ;
#2769 = FACE_OUTER_BOUND ( 'NONE', #7636, .T. ) ;
#2770 = VERTEX_POINT ( 'NONE', #661 ) ;
#2771 = ORIENTED_EDGE ( 'NONE', *, *, #8739, .T. ) ;
#2772 = VECTOR ( 'NONE', #10076, 1000.000000000000000 ) ;
#2773 = DIRECTION ( 'NONE',  ( 0.3420201433256564449, 0.000000000000000000, -0.9396926207859128688 ) ) ;
#2774 = CIRCLE ( 'NONE', #5311, 0.3706384263718852656 ) ;
#2775 = CIRCLE ( 'NONE', #4129, 0.6000000000000007550 ) ;
#2776 = DIRECTION ( 'NONE',  ( 1.000000000000000000, 0.000000000000000000, -1.176083712526649195E-16 ) ) ;
#2777 = CARTESIAN_POINT ( 'NONE',  ( -35.26554871542300162, 0.1999999999999987899, 3.615000000000000213 ) ) ;
#2778 = ORIENTED_EDGE ( 'NONE', *, *, #1637, .F. ) ;
#2779 = LINE ( 'NONE', #5063, #94 ) ;
#2780 = ORIENTED_EDGE ( 'NONE', *, *, #9245, .T. ) ;
#2781 = ADVANCED_FACE ( 'NONE', ( #7909 ), #1462, .F. ) ;
#2782 = FACE_OUTER_BOUND ( 'NONE', #10267, .T. ) ;
#2783 = CARTESIAN_POINT ( 'NONE',  ( 2.009170479469691184, 13.00000000000000178, -14.75000000000000178 ) ) ;
#2784 = CARTESIAN_POINT ( 'NONE',  ( -52.23908574990760201, 7.052545631469993914, -3.497160870918995634 ) ) ;
#2785 = ORIENTED_EDGE ( 'NONE', *, *, #1814, .F. ) ;
#2786 = CARTESIAN_POINT ( 'NONE',  ( -25.50000000000001066, 13.00000000000000178, -12.25000000000000178 ) ) ;
#2787 = DIRECTION ( 'NONE',  ( 0.000000000000000000, 0.000000000000000000, 1.000000000000000000 ) ) ;
#2788 = VECTOR ( 'NONE', #7826, 1000.000000000000000 ) ;
#2789 = CIRCLE ( 'NONE', #8022, 3.000000000000000000 ) ;
#2790 = DIRECTION ( 'NONE',  ( -1.000000000000000000, 0.000000000000000000, 0.000000000000000000 ) ) ;
#2791 = CARTESIAN_POINT ( 'NONE',  ( -50.20000000000000284, 0.000000000000000000, -6.749999999999941380 ) ) ;
#2792 = ORIENTED_EDGE ( 'NONE', *, *, #1124, .F. ) ;
#2793 = EDGE_LOOP ( 'NONE', ( #6709, #2719, #3230, #3220, #7940, #21, #4148, #4549, #32, #2139, #1615, #1584, #8078, #6686, #9883, #1964, #1216, #6512, #1170, #9231, #7648, #6881 ) ) ;
#2794 = DIRECTION ( 'NONE',  ( -0.8660254037844391517, 0.000000000000000000, -0.4999999999999993894 ) ) ;
#2795 = CARTESIAN_POINT ( 'NONE',  ( 0.000000000000000000, 4.899999999999999467, 0.000000000000000000 ) ) ;
#2796 = AXIS2_PLACEMENT_3D ( 'NONE', #1656, #7850, #3882 ) ;
#2797 = ORIENTED_EDGE ( 'NONE', *, *, #2822, .T. ) ;
#2798 = DIRECTION ( 'NONE',  ( 0.000000000000000000, 0.000000000000000000, 1.000000000000000000 ) ) ;
#2799 = DIRECTION ( 'NONE',  ( -0.000000000000000000, -0.000000000000000000, 1.000000000000000000 ) ) ;
#2800 = CARTESIAN_POINT ( 'NONE',  ( 26.23856210340542461, 0.000000000000000000, -4.550534695598394741 ) ) ;
#2801 = DIRECTION ( 'NONE',  ( 0.000000000000000000, 0.000000000000000000, -1.000000000000000000 ) ) ;
#2802 = LINE ( 'NONE', #7613, #1895 ) ;
#2803 = ORIENTED_EDGE ( 'NONE', *, *, #5616, .F. ) ;
#2804 = AXIS2_PLACEMENT_3D ( 'NONE', #10428, #5804, #8061 ) ;
#2805 = ORIENTED_EDGE ( 'NONE', *, *, #2494, .T. ) ;
#2806 = CARTESIAN_POINT ( 'NONE',  ( -52.12881868157663234, 7.243649841819783219, -3.973976113587301739 ) ) ;
#2807 = ORIENTED_EDGE ( 'NONE', *, *, #6750, .F. ) ;
#2808 = DIRECTION ( 'NONE',  ( 0.000000000000000000, 1.000000000000000000, -0.000000000000000000 ) ) ;
#2809 = CARTESIAN_POINT ( 'NONE',  ( -30.13203748537936733, 5.996123729295902649, -3.614894311984932607 ) ) ;
#2810 = EDGE_CURVE ( 'NONE', #1668, #3151, #9534, .T. ) ;
#2811 = ORIENTED_EDGE ( 'NONE', *, *, #1275, .T. ) ;
#2812 = DIRECTION ( 'NONE',  ( -1.000000000000000000, -0.000000000000000000, -1.871330610546719070E-17 ) ) ;
#2813 = VERTEX_POINT ( 'NONE', #10433 ) ;
#2814 = EDGE_CURVE ( 'NONE', #8370, #448, #5294, .T. ) ;
#2815 = CARTESIAN_POINT ( 'NONE',  ( -52.45000000000000995, 9.690923126127481524, 3.116549989100671603 ) ) ;
#2816 = ADVANCED_FACE ( 'NONE', ( #7118 ), #6754, .T. ) ;
#2817 = DIRECTION ( 'NONE',  ( 0.000000000000000000, 0.000000000000000000, 1.000000000000000000 ) ) ;
#2818 = VERTEX_POINT ( 'NONE', #5538 ) ;
#2819 = ORIENTED_EDGE ( 'NONE', *, *, #288, .F. ) ;
#2820 = PLANE ( 'NONE',  #9666 ) ;
#2821 = CARTESIAN_POINT ( 'NONE',  ( -52.25000000000001421, 6.499999999999999112, -2.449999999999999289 ) ) ;
#2822 = EDGE_CURVE ( 'NONE', #1957, #4792, #7960, .T. ) ;
#2823 = VERTEX_POINT ( 'NONE', #9475 ) ;
#2824 = EDGE_LOOP ( 'NONE', ( #771, #9207, #8885, #7178 ) ) ;
#2825 = DIRECTION ( 'NONE',  ( 0.000000000000000000, 0.000000000000000000, -1.000000000000000000 ) ) ;
#2826 = EDGE_CURVE ( 'NONE', #7223, #8049, #2020, .T. ) ;
#2827 = CARTESIAN_POINT ( 'NONE',  ( -31.44101788930268171, 2.721234519427555121, 8.349999999999997868 ) ) ;
#2828 = CARTESIAN_POINT ( 'NONE',  ( -52.40568058483292901, 7.315219914338493723, -3.641416195903034225 ) ) ;
#2829 = ORIENTED_EDGE ( 'NONE', *, *, #9834, .F. ) ;
#2830 = CARTESIAN_POINT ( 'NONE',  ( -52.20882673044052069, 7.353325638946605736, -3.879343854972169936 ) ) ;
#2831 = CIRCLE ( 'NONE', #2502, 0.8500000000000000888 ) ;
#2832 = CARTESIAN_POINT ( 'NONE',  ( 22.81827201635470459, 4.899999999999999467, -9.481727983645297897 ) ) ;
#2833 = ADVANCED_FACE ( 'NONE', ( #9636 ), #3101, .T. ) ;
#2834 = DIRECTION ( 'NONE',  ( 0.000000000000000000, 0.000000000000000000, 1.000000000000000000 ) ) ;
#2835 = FACE_OUTER_BOUND ( 'NONE', #653, .T. ) ;
#2836 = VERTEX_POINT ( 'NONE', #712 ) ;
#2837 = AXIS2_PLACEMENT_3D ( 'NONE', #6697, #190, #5070 ) ;
#2838 = ORIENTED_EDGE ( 'NONE', *, *, #5768, .F. ) ;
#2839 = DIRECTION ( 'NONE',  ( -0.4999999999999978906, 0.000000000000000000, 0.8660254037844398178 ) ) ;
#2840 =( BOUNDED_SURFACE ( )  B_SPLINE_SURFACE ( 3, 2, ( 
 ( #635, #3864, #5457 ),
 ( #4158, #4317, #919 ),
 ( #5062, #235, #9051 ),
 ( #8220, #6739, #3517 ),
 ( #9153, #8319, #4364 ),
 ( #7434, #9792, #6790 ),
 ( #7539, #130, #3467 ),
 ( #1820, #7385, #973 ),
 ( #3361, #8266, #3413 ),
 ( #6636, #286, #5167 ),
 ( #4952, #4208, #1027 ),
 ( #2568, #9841, #183 ),
 ( #4260, #7585, #5952 ),
 ( #2622, #8375, #5853 ) ),
 .UNSPECIFIED., .F., .F., .F. ) 
 B_SPLINE_SURFACE_WITH_KNOTS ( ( 4, 2, 2, 2, 2, 2, 4 ),
 ( 3, 3 ),
 ( 0.000000000000000000, 0.0007376526362297349025, 0.001106478954344602408, 0.001475305272459469805, 0.001844131590574337419, 0.002212957908689204816, 0.002950610544918939610 ),
 ( 0.000000000000000000, 1.000000000000000000 ),
 .UNSPECIFIED. ) 
 GEOMETRIC_REPRESENTATION_ITEM ( )  RATIONAL_B_SPLINE_SURFACE ( (
 ( 1.000000000000000000, 0.8371290630494894192, 1.000000000000000000),
 ( 1.000000000000000000, 0.8719211742458855552, 1.000000000000000000),
 ( 1.000000000000000000, 0.8962488235017717075, 1.000000000000000000),
 ( 1.000000000000000000, 0.9199089190828483309, 1.000000000000000000),
 ( 1.000000000000000000, 0.9257815976085705945, 1.000000000000000000),
 ( 1.000000000000000000, 0.9335084709568401973, 1.000000000000000000),
 ( 1.000000000000000000, 0.9354060336752179072, 1.000000000000000000),
 ( 1.000000000000000000, 0.9354226065320006001, 1.000000000000000000),
 ( 1.000000000000000000, 0.9335143594898163144, 1.000000000000000000),
 ( 1.000000000000000000, 0.9258345507495998605, 1.000000000000000000),
 ( 1.000000000000000000, 0.9199515991814269933, 1.000000000000000000),
 ( 1.000000000000000000, 0.8963026785466791102, 1.000000000000000000),
 ( 1.000000000000000000, 0.8720564020248431358, 1.000000000000000000),
 ( 1.000000000000000000, 0.8371290630494816476, 1.000000000000000000) ) ) 
 REPRESENTATION_ITEM ( '' )  SURFACE ( )  );
#2841 = FACE_OUTER_BOUND ( 'NONE', #6138, .T. ) ;
#2842 = ORIENTED_EDGE ( 'NONE', *, *, #869, .F. ) ;
#2843 = CYLINDRICAL_SURFACE ( 'NONE', #5211, 11.00296197722693314 ) ;
#2844 = CARTESIAN_POINT ( 'NONE',  ( 39.09211819145298961, 0.5000000000000000000, -6.184828725824718099 ) ) ;
#2845 = CARTESIAN_POINT ( 'NONE',  ( -30.30484636607248561, -1.468623938954177977, -2.765000000000000124 ) ) ;
#2846 = CIRCLE ( 'NONE', #1490, 11.00296197722692959 ) ;
#2847 = DIRECTION ( 'NONE',  ( -0.000000000000000000, 1.000000000000000000, -0.000000000000000000 ) ) ;
#2848 = ADVANCED_FACE ( 'NONE', ( #7229 ), #4749, .F. ) ;
#2849 = CARTESIAN_POINT ( 'NONE',  ( -52.25000000000001421, 8.400000000000000355, -2.449999999999999734 ) ) ;
#2850 = ORIENTED_EDGE ( 'NONE', *, *, #4487, .F. ) ;
#2851 = EDGE_LOOP ( 'NONE', ( #10303, #10211, #4706, #7478 ) ) ;
#2852 = EDGE_CURVE ( 'NONE', #4724, #312, #9268, .T. ) ;
#2853 = CIRCLE ( 'NONE', #5553, 5.000000000000000000 ) ;
#2854 = CARTESIAN_POINT ( 'NONE',  ( 0.000000000000000000, 0.2000000000000000111, 8.549999999999998934 ) ) ;
#2855 = ORIENTED_EDGE ( 'NONE', *, *, #1124, .T. ) ;
#2856 = DIRECTION ( 'NONE',  ( -0.000000000000000000, -0.000000000000000000, 1.000000000000000000 ) ) ;
#2857 = CARTESIAN_POINT ( 'NONE',  ( -30.30484636607248561, -1.468623938954177977, -3.615000000000000213 ) ) ;
#2858 = DIRECTION ( 'NONE',  ( -0.000000000000000000, 0.000000000000000000, 1.000000000000000000 ) ) ;
#2859 = VERTEX_POINT ( 'NONE', #8795 ) ;
#2860 = LINE ( 'NONE', #6145, #6809 ) ;
#2861 = ORIENTED_EDGE ( 'NONE', *, *, #247, .F. ) ;
#2862 = VECTOR ( 'NONE', #6794, 1000.000000000000000 ) ;
#2863 = LINE ( 'NONE', #7578, #1366 ) ;
#2864 = EDGE_CURVE ( 'NONE', #9771, #7832, #1178, .T. ) ;
#2865 = DIRECTION ( 'NONE',  ( -0.000000000000000000, -0.000000000000000000, 1.000000000000000000 ) ) ;
#2866 = ORIENTED_EDGE ( 'NONE', *, *, #6183, .F. ) ;
#2867 = ORIENTED_EDGE ( 'NONE', *, *, #5980, .T. ) ;
#2868 = LINE ( 'NONE', #7731, #9158 ) ;
#2869 = VECTOR ( 'NONE', #3227, 1000.000000000000000 ) ;
#2870 = CIRCLE ( 'NONE', #4740, 0.1999999999999987899 ) ;
#2871 = AXIS2_PLACEMENT_3D ( 'NONE', #450, #10014, #9319 ) ;
#2872 = CARTESIAN_POINT ( 'NONE',  ( -39.61980179287454717, 0.03950539805616452155, -3.556667036221440092 ) ) ;
#2873 = ORIENTED_EDGE ( 'NONE', *, *, #9085, .T. ) ;
#2874 = VERTEX_POINT ( 'NONE', #8853 ) ;
#2875 = DIRECTION ( 'NONE',  ( -0.000000000000000000, -1.000000000000000000, -0.000000000000000000 ) ) ;
#2876 = CARTESIAN_POINT ( 'NONE',  ( -29.81007189365366372, -2.624222992386002318, 3.615000000000000213 ) ) ;
#2877 = ADVANCED_FACE ( 'NONE', ( #8015, #7863 ), #611, .T. ) ;
#2878 = CARTESIAN_POINT ( 'NONE',  ( -25.50000000000004263, 11.00000000000000178, 6.805453636524403956E-14 ) ) ;
#2879 = ORIENTED_EDGE ( 'NONE', *, *, #6981, .T. ) ;
#2880 = DIRECTION ( 'NONE',  ( -1.000000000000000000, -0.000000000000000000, -0.000000000000000000 ) ) ;
#2881 = ORIENTED_EDGE ( 'NONE', *, *, #5343, .T. ) ;
#2882 = DIRECTION ( 'NONE',  ( 1.000000000000000000, -0.000000000000000000, -0.000000000000000000 ) ) ;
#2883 = EDGE_CURVE ( 'NONE', #6345, #6446, #3841, .T. ) ;
#2884 = DIRECTION ( 'NONE',  ( 0.000000000000000000, 3.652049423109066446E-15, -1.000000000000000000 ) ) ;
#2885 = DIRECTION ( 'NONE',  ( 0.000000000000000000, 1.000000000000000000, 0.000000000000000000 ) ) ;
#2886 = ORIENTED_EDGE ( 'NONE', *, *, #917, .T. ) ;
#2887 = ORIENTED_EDGE ( 'NONE', *, *, #939, .T. ) ;
#2888 = LINE ( 'NONE', #1305, #6922 ) ;
#2889 = CARTESIAN_POINT ( 'NONE',  ( 30.95000000000000284, 0.2999999999999999889, -2.350000000000003197 ) ) ;
#2890 = EDGE_CURVE ( 'NONE', #8126, #10344, #9696, .T. ) ;
#2891 = VERTEX_POINT ( 'NONE', #7065 ) ;
#2892 = DIRECTION ( 'NONE',  ( 0.3420201433256564449, 0.000000000000000000, -0.9396926207859128688 ) ) ;
#2893 = PLANE ( 'NONE',  #5076 ) ;
#2894 = DIRECTION ( 'NONE',  ( 0.000000000000000000, 0.000000000000000000, -1.000000000000000000 ) ) ;
#2895 = PLANE ( 'NONE',  #4049 ) ;
#2896 = LINE ( 'NONE', #8498, #7481 ) ;
#2897 = ORIENTED_EDGE ( 'NONE', *, *, #1113, .T. ) ;
#2898 = AXIS2_PLACEMENT_3D ( 'NONE', #9222, #8540, #6176 ) ;
#2899 = EDGE_LOOP ( 'NONE', ( #7512, #7276, #2207, #7822, #5717, #9560, #3887, #1968 ) ) ;
#2900 = EDGE_CURVE ( 'NONE', #1976, #3203, #674, .T. ) ;
#2901 = CARTESIAN_POINT ( 'NONE',  ( -52.25000000000001421, 8.400000000000000355, 2.449999999999999734 ) ) ;
#2902 = CARTESIAN_POINT ( 'NONE',  ( 49.75000000000000000, 0.000000000000000000, 9.500000000000003553 ) ) ;
#2903 = ORIENTED_EDGE ( 'NONE', *, *, #1093, .T. ) ;
#2904 = AXIS2_PLACEMENT_3D ( 'NONE', #6355, #632, #1530 ) ;
#2905 = CARTESIAN_POINT ( 'NONE',  ( 39.12664033279327924, 0.09378038618371903334, -6.295855630624933141 ) ) ;
#2906 = CARTESIAN_POINT ( 'NONE',  ( -53.20000000000000284, 9.700000000000001066, -2.924999999999968736 ) ) ;
#2907 = PRODUCT_DEFINITION_SHAPE ( 'NONE', 'NONE',  #6284 ) ;
#2908 = ADVANCED_FACE ( 'NONE', ( #9053 ), #8950, .T. ) ;
#2909 = LINE ( 'NONE', #6982, #3459 ) ;
#2910 = DIRECTION ( 'NONE',  ( 0.000000000000000000, 1.000000000000000000, 0.000000000000000000 ) ) ;
#2911 = ORIENTED_EDGE ( 'NONE', *, *, #9557, .F. ) ;
#2912 = CARTESIAN_POINT ( 'NONE',  ( -34.52834772718359346, 0.000000000000000000, -9.049999999999998934 ) ) ;
#2913 = EDGE_LOOP ( 'NONE', ( #5074, #1083, #1532, #2425 ) ) ;
#2914 = AXIS2_PLACEMENT_3D ( 'NONE', #9593, #2366, #6230 ) ;
#2915 = AXIS2_PLACEMENT_3D ( 'NONE', #5376, #605, #6216 ) ;
#2916 = CYLINDRICAL_SURFACE ( 'NONE', #4427, 5.250000000000005329 ) ;
#2917 = CARTESIAN_POINT ( 'NONE',  ( 8.795253869569584650E-16, 3.000000000000000000, 11.75000000000000355 ) ) ;
#2918 = VECTOR ( 'NONE', #4046, 1000.000000000000000 ) ;
#2919 = CARTESIAN_POINT ( 'NONE',  ( -20.00000000000001066, 14.50000000000000000, -14.75000000000000355 ) ) ;
#2920 = ORIENTED_EDGE ( 'NONE', *, *, #5277, .T. ) ;
#2921 = ORIENTED_EDGE ( 'NONE', *, *, #3914, .F. ) ;
#2922 = DIRECTION ( 'NONE',  ( -0.000000000000000000, -1.000000000000000000, -0.000000000000000000 ) ) ;
#2923 = CIRCLE ( 'NONE', #555, 0.8500000000000000888 ) ;
#2924 = DIRECTION ( 'NONE',  ( -0.000000000000000000, 1.000000000000000000, -0.000000000000000000 ) ) ;
#2925 = ORIENTED_EDGE ( 'NONE', *, *, #2492, .F. ) ;
#2926 = CIRCLE ( 'NONE', #1744, 2.750000000000000888 ) ;
#2927 = EDGE_CURVE ( 'NONE', #3261, #8434, #4105, .T. ) ;
#2928 = VERTEX_POINT ( 'NONE', #5014 ) ;
#2929 = DIRECTION ( 'NONE',  ( 2.704993699216097308E-16, -0.7208059210526038818, 0.6931369447486603885 ) ) ;
#2930 = VECTOR ( 'NONE', #4402, 1000.000000000000000 ) ;
#2931 = LINE ( 'NONE', #7003, #7937 ) ;
#2932 = CARTESIAN_POINT ( 'NONE',  ( -52.44999998424968624, 7.115762273443442254, -3.229260862839355983 ) ) ;
#2933 = ORIENTED_EDGE ( 'NONE', *, *, #7884, .T. ) ;
#2934 = DIRECTION ( 'NONE',  ( -0.000000000000000000, 0.000000000000000000, 1.000000000000000000 ) ) ;
#2935 = AXIS2_PLACEMENT_3D ( 'NONE', #6039, #9238, #5353 ) ;
#2936 = VERTEX_POINT ( 'NONE', #87 ) ;
#2937 = PLANE ( 'NONE',  #2586 ) ;
#2938 = CARTESIAN_POINT ( 'NONE',  ( 22.80788180854699476, 0.5000000000000000000, -6.184828725824678131 ) ) ;
#2939 = DIRECTION ( 'NONE',  ( 0.000000000000000000, 0.000000000000000000, -1.000000000000000000 ) ) ;
#2940 = EDGE_CURVE ( 'NONE', #5274, #2022, #2677, .T. ) ;
#2941 = ORIENTED_EDGE ( 'NONE', *, *, #10201, .T. ) ;
#2942 = AXIS2_PLACEMENT_3D ( 'NONE', #3807, #1317, #7876 ) ;
#2943 = ORIENTED_EDGE ( 'NONE', *, *, #4118, .T. ) ;
#2944 = CARTESIAN_POINT ( 'NONE',  ( -39.58434658500975445, 0.1071145293931484166, -20.34067203111825251 ) ) ;
#2945 = CYLINDRICAL_SURFACE ( 'NONE', #4772, 0.2999999999999999334 ) ;
#2946 = EDGE_CURVE ( 'NONE', #3661, #8798, #1523, .T. ) ;
#2947 = FACE_OUTER_BOUND ( 'NONE', #5262, .T. ) ;
#2948 = VERTEX_POINT ( 'NONE', #3417 ) ;
#2949 = CARTESIAN_POINT ( 'NONE',  ( -50.25000000000000711, 14.50000000000000000, -9.499999999999982236 ) ) ;
#2950 = CIRCLE ( 'NONE', #8352, 0.3000000000000016542 ) ;
#2951 = CARTESIAN_POINT ( 'NONE',  ( 38.34211819145298961, 0.2999999999999999889, -7.483866831501378769 ) ) ;
#2952 = CARTESIAN_POINT ( 'NONE',  ( -52.20525866347232835, 9.167019067184099868, 4.070506270392236559 ) ) ;
#2953 = AXIS2_PLACEMENT_3D ( 'NONE', #6026, #8446, #8291 ) ;
#2954 = LINE ( 'NONE', #6182, #3102 ) ;
#2955 = DIRECTION ( 'NONE',  ( 0.000000000000000000, 0.000000000000000000, 1.000000000000000000 ) ) ;
#2956 = DIRECTION ( 'NONE',  ( 0.000000000000000000, 1.000000000000000000, 0.000000000000000000 ) ) ;
#2957 = EDGE_CURVE ( 'NONE', #1260, #5601, #5092, .T. ) ;
#2958 = ORIENTED_EDGE ( 'NONE', *, *, #10290, .F. ) ;
#2959 = ORIENTED_EDGE ( 'NONE', *, *, #572, .T. ) ;
#2960 = VECTOR ( 'NONE', #9223, 1000.000000000000000 ) ;
#2961 = LINE ( 'NONE', #1371, #10011 ) ;
#2962 = EDGE_CURVE ( 'NONE', #5470, #8519, #7389, .T. ) ;
#2963 = LINE ( 'NONE', #6189, #10081 ) ;
#2964 = EDGE_LOOP ( 'NONE', ( #6158, #7948, #3932, #8475, #4841, #6454 ) ) ;
#2965 = DIRECTION ( 'NONE',  ( 5.139921410301693197E-16, 0.000000000000000000, 1.000000000000000000 ) ) ;
#2966 = FACE_OUTER_BOUND ( 'NONE', #9844, .T. ) ;
#2967 = VECTOR ( 'NONE', #979, 1000.000000000000000 ) ;
#2968 = CYLINDRICAL_SURFACE ( 'NONE', #2274, 0.2999999999999998779 ) ;
#2969 = DIRECTION ( 'NONE',  ( 0.000000000000000000, 0.000000000000000000, 1.000000000000000000 ) ) ;
#2970 = ADVANCED_FACE ( 'NONE', ( #8167 ), #976, .T. ) ;
#2971 = VERTEX_POINT ( 'NONE', #9746 ) ;
#2972 = CARTESIAN_POINT ( 'NONE',  ( 23.55788180854698766, 0.2999999999999999889, -7.483866831501331696 ) ) ;
#2973 = ORIENTED_EDGE ( 'NONE', *, *, #4695, .T. ) ;
#2974 = CARTESIAN_POINT ( 'NONE',  ( -52.25000000000000711, 9.697719172987392611, 3.001973684210524684 ) ) ;
#2975 = CARTESIAN_POINT ( 'NONE',  ( -2.000000000000008882, 13.00000000000000178, -13.35000000000018971 ) ) ;
#2976 = ORIENTED_EDGE ( 'NONE', *, *, #5099, .F. ) ;
#2977 = DIRECTION ( 'NONE',  ( -0.000000000000000000, -0.000000000000000000, 1.000000000000000000 ) ) ;
#2978 = LINE ( 'NONE', #9408, #6481 ) ;
#2979 = ORIENTED_EDGE ( 'NONE', *, *, #5047, .T. ) ;
#2980 = VERTEX_POINT ( 'NONE', #5066 ) ;
#2981 = CARTESIAN_POINT ( 'NONE',  ( 23.32059264874610349, 0.02145563245112696790, 2.729700915573432418 ) ) ;
#2982 = EDGE_CURVE ( 'NONE', #10396, #9147, #2520, .T. ) ;
#2983 = DIRECTION ( 'NONE',  ( 1.000000000000000000, 0.000000000000000000, 0.000000000000000000 ) ) ;
#2984 = DIRECTION ( 'NONE',  ( -0.000000000000000000, -0.000000000000000000, 1.000000000000000000 ) ) ;
#2985 = ORIENTED_EDGE ( 'NONE', *, *, #9652, .F. ) ;
#2986 = LINE ( 'NONE', #5321, #9574 ) ;
#2987 = ORIENTED_EDGE ( 'NONE', *, *, #3302, .T. ) ;
#2988 = PLANE ( 'NONE',  #2915 ) ;
#2989 = DIRECTION ( 'NONE',  ( -1.000000000000000000, 0.000000000000000000, 0.000000000000000000 ) ) ;
#2990 = DIRECTION ( 'NONE',  ( 0.000000000000000000, 0.000000000000000000, 1.000000000000000000 ) ) ;
#2991 = EDGE_LOOP ( 'NONE', ( #8366, #9334, #3681, #6110 ) ) ;
#2992 = VERTEX_POINT ( 'NONE', #1030 ) ;
#2993 = CARTESIAN_POINT ( 'NONE',  ( 0.5999999999999912070, 13.00000000000000178, -13.35000000000018971 ) ) ;
#2994 = DIRECTION ( 'NONE',  ( 3.384826294588891940E-16, 0.000000000000000000, 1.000000000000000000 ) ) ;
#2995 = EDGE_LOOP ( 'NONE', ( #10253, #9507, #871, #6224, #1690, #10373 ) ) ;
#2996 = DIRECTION ( 'NONE',  ( -0.6427876096865420275, 0.000000000000000000, -0.7660444431189757930 ) ) ;
#2997 = CARTESIAN_POINT ( 'NONE',  ( -52.25000000000001421, 6.800000000000000711, -2.449999999999999734 ) ) ;
#2998 = CARTESIAN_POINT ( 'NONE',  ( -34.32300333360993250, 0.1748349968067927918, 2.765000000000000124 ) ) ;
#2999 = ADVANCED_FACE ( 'NONE', ( #1666 ), #134, .T. ) ;
#3000 = FACE_OUTER_BOUND ( 'NONE', #4222, .T. ) ;
#3001 = AXIS2_PLACEMENT_3D ( 'NONE', #5133, #3581, #5083 ) ;
#3002 = DIRECTION ( 'NONE',  ( -1.000000000000000000, 0.000000000000000000, 0.000000000000000000 ) ) ;
#3003 = ORIENTED_EDGE ( 'NONE', *, *, #7401, .F. ) ;
#3004 = EDGE_CURVE ( 'NONE', #365, #4184, #2627, .T. ) ;
#3005 = ORIENTED_EDGE ( 'NONE', *, *, #10408, .T. ) ;
#3006 = DIRECTION ( 'NONE',  ( 2.891205793294671522E-15, 0.000000000000000000, 1.000000000000000000 ) ) ;
#3007 = VECTOR ( 'NONE', #3410, 1000.000000000000000 ) ;
#3008 = PLANE ( 'NONE',  #5216 ) ;
#3009 = EDGE_CURVE ( 'NONE', #4673, #1568, #9796, .T. ) ;
#3010 = ORIENTED_EDGE ( 'NONE', *, *, #8430, .T. ) ;
#3011 = CYLINDRICAL_SURFACE ( 'NONE', #79, 3.000000000000002665 ) ;
#3012 = DIRECTION ( 'NONE',  ( 0.000000000000000000, 0.000000000000000000, 1.000000000000000000 ) ) ;
#3013 = CARTESIAN_POINT ( 'NONE',  ( -52.45000000000001705, 8.400000000000000355, 2.925000000000030465 ) ) ;
#3014 = CARTESIAN_POINT ( 'NONE',  ( 20.66000000000000369, 0.5000000000000004441, 10.25000000000000178 ) ) ;
#3015 = ORIENTED_EDGE ( 'NONE', *, *, #7532, .F. ) ;
#3016 = ADVANCED_FACE ( 'NONE', ( #1776 ), #870, .T. ) ;
#3017 = CYLINDRICAL_SURFACE ( 'NONE', #6302, 0.2888330770816384119 ) ;
#3018 = VERTEX_POINT ( 'NONE', #6641 ) ;
#3019 = CARTESIAN_POINT ( 'NONE',  ( -39.58434658500975445, 0.1071145293931484166, -20.34067203111825251 ) ) ;
#3020 = CARTESIAN_POINT ( 'NONE',  ( -52.45000000000000995, 9.697719172987385505, 3.001973684210523796 ) ) ;
#3021 = EDGE_CURVE ( 'NONE', #8106, #676, #4569, .T. ) ;
#3022 = ORIENTED_EDGE ( 'NONE', *, *, #10201, .F. ) ;
#3023 = VERTEX_POINT ( 'NONE', #8323 ) ;
#3024 = CARTESIAN_POINT ( 'NONE',  ( -52.40568058483292901, 7.315219914338494611, -3.641416195903034225 ) ) ;
#3025 = CYLINDRICAL_SURFACE ( 'NONE', #8329, 5.499999999999985789 ) ;
#3026 = ORIENTED_EDGE ( 'NONE', *, *, #1871, .T. ) ;
#3027 = DIRECTION ( 'NONE',  ( 1.000000000000000000, 0.000000000000000000, 0.000000000000000000 ) ) ;
#3028 = AXIS2_PLACEMENT_3D ( 'NONE', #7543, #2628, #7490 ) ;
#3029 = ORIENTED_EDGE ( 'NONE', *, *, #7387, .T. ) ;
#3030 = CARTESIAN_POINT ( 'NONE',  ( 26.23856210340544237, 0.000000000000000000, -0.1494653044015669952 ) ) ;
#3031 = FACE_OUTER_BOUND ( 'NONE', #1855, .T. ) ;
#3032 = ADVANCED_FACE ( 'NONE', ( #1084 ), #4322, .T. ) ;
#3034 = VECTOR ( 'NONE', #9278, 1000.000000000000000 ) ;
#3033 = LINE ( 'NONE', #6421, #3977 ) ;
#3035 = VERTEX_POINT ( 'NONE', #4909 ) ;
#3036 = LINE ( 'NONE', #3885, #9407 ) ;
#3037 = AXIS2_PLACEMENT_3D ( 'NONE', #8487, #10220, #1248 ) ;
#3038 = ORIENTED_EDGE ( 'NONE', *, *, #941, .T. ) ;
#3039 = DIRECTION ( 'NONE',  ( 0.3420201433256616630, 0.000000000000000000, 0.9396926207859109814 ) ) ;
#3040 = EDGE_CURVE ( 'NONE', #5948, #3261, #1018, .T. ) ;
#3041 = CARTESIAN_POINT ( 'NONE',  ( -39.53506879479627401, 0.1999999999999996503, -8.849999999999997868 ) ) ;
#3042 = CARTESIAN_POINT ( 'NONE',  ( -35.06554871542299878, 0.000000000000000000, 8.549999999999998934 ) ) ;
#3043 = ORIENTED_EDGE ( 'NONE', *, *, #8385, .F. ) ;
#3044 = VECTOR ( 'NONE', #9045, 1000.000000000000000 ) ;
#3045 = VERTEX_POINT ( 'NONE', #1134 ) ;
#3046 = CARTESIAN_POINT ( 'NONE',  ( -35.24172192299145934, 0.2946731267839041712, -20.34067203111825251 ) ) ;
#3047 = LINE ( 'NONE', #7183, #3423 ) ;
#3048 = EDGE_LOOP ( 'NONE', ( #6753, #1897, #6020, #7376 ) ) ;
#3049 = LINE ( 'NONE', #4591, #5882 ) ;
#3050 = CARTESIAN_POINT ( 'NONE',  ( 31.68872575786372536, 0.2077789836488299902, 3.088811295319346950 ) ) ;
#3051 = CARTESIAN_POINT ( 'NONE',  ( -52.20526305257704536, 7.633145352280532592, 4.070482360731023874 ) ) ;
#3052 = DIRECTION ( 'NONE',  ( 0.000000000000000000, 0.000000000000000000, 1.000000000000000000 ) ) ;
#3053 = LINE ( 'NONE', #7128, #8813 ) ;
#3054 = ORIENTED_EDGE ( 'NONE', *, *, #9964, .T. ) ;
#3055 = ORIENTED_EDGE ( 'NONE', *, *, #1648, .F. ) ;
#3056 = EDGE_CURVE ( 'NONE', #452, #1004, #2028, .T. ) ;
#3057 = DIRECTION ( 'NONE',  ( 0.000000000000000000, 0.000000000000000000, 1.000000000000000000 ) ) ;
#3058 = DIRECTION ( 'NONE',  ( 0.000000000000000000, 0.000000000000000000, -1.000000000000000000 ) ) ;
#3059 = EDGE_LOOP ( 'NONE', ( #8012, #659, #4995, #10293 ) ) ;
#3060 = PLANE ( 'NONE',  #8178 ) ;
#3061 = CARTESIAN_POINT ( 'NONE',  ( -25.50000000000004263, 13.00000000000000178, 6.805453636524403956E-14 ) ) ;
#3062 = VECTOR ( 'NONE', #1437, 1000.000000000000000 ) ;
#3063 = CARTESIAN_POINT ( 'NONE',  ( 20.66000000000000369, 8.000000000000000000, -3.496525562310325940E-15 ) ) ;
#3064 = DIRECTION ( 'NONE',  ( -1.000000000000000000, -0.000000000000000000, 4.231032868236115418E-16 ) ) ;
#3065 = ORIENTED_EDGE ( 'NONE', *, *, #9969, .T. ) ;
#3066 = CARTESIAN_POINT ( 'NONE',  ( -20.00000000000001066, 14.50000000000000000, 13.25000000000000178 ) ) ;
#3067 = EDGE_LOOP ( 'NONE', ( #5895, #9181, #7580, #8421 ) ) ;
#3068 = EDGE_CURVE ( 'NONE', #4926, #2293, #9208, .T. ) ;
#3069 = CIRCLE ( 'NONE', #2056, 0.8500000000000000888 ) ;
#3070 = CARTESIAN_POINT ( 'NONE',  ( -35.06554871542299878, 0.000000000000000000, 2.965000000000000302 ) ) ;
#3071 = EDGE_CURVE ( 'NONE', #7102, #628, #8777, .T. ) ;
#3072 = ORIENTED_EDGE ( 'NONE', *, *, #1749, .F. ) ;
#3073 = VERTEX_POINT ( 'NONE', #6008 ) ;
#3074 = EDGE_CURVE ( 'NONE', #8572, #6236, #1183, .T. ) ;
#3075 = LINE ( 'NONE', #9508, #3277 ) ;
#3076 = CARTESIAN_POINT ( 'NONE',  ( 20.65000000000000213, -29.13279938488576448, 8.349999999999997868 ) ) ;
#3077 = CARTESIAN_POINT ( 'NONE',  ( -47.50000000000000711, 3.000000000000000000, 9.500000000000001776 ) ) ;
#3078 = ORIENTED_EDGE ( 'NONE', *, *, #1648, .T. ) ;
#3079 = B_SPLINE_CURVE_WITH_KNOTS ( 'NONE', 3,
 ( #6100, #4624, #6205, #7841, #10090, #2174, #9298, #4521 ),
 .UNSPECIFIED., .F., .F.,
 ( 4, 2, 2, 4 ),
 ( -3.466145320681136689E-06, 0.0002882777914486061742, 0.0004341497598332409702, 0.0005800217282178758748 ),
 .UNSPECIFIED. ) ;
#3080 = VECTOR ( 'NONE', #7813, 1000.000000000000000 ) ;
#3081 = CARTESIAN_POINT ( 'NONE',  ( 39.08172798364529399, 4.899999999999999467, 6.181727983645293634 ) ) ;
#3082 = VECTOR ( 'NONE', #3835, 1000.000000000000000 ) ;
#3083 = EDGE_CURVE ( 'NONE', #8351, #10053, #10050, .T. ) ;
#3084 = VECTOR ( 'NONE', #495, 1000.000000000000000 ) ;
#3085 = ORIENTED_EDGE ( 'NONE', *, *, #70, .F. ) ;
#3086 = CARTESIAN_POINT ( 'NONE',  ( -51.95000000000000284, 7.259441431135781109, -3.989161493915596601 ) ) ;
#3087 = CARTESIAN_POINT ( 'NONE',  ( 25.95062952100079201, 0.09795398803915289498, -4.456839648980967183 ) ) ;
#3088 = FACE_OUTER_BOUND ( 'NONE', #4040, .T. ) ;
#3089 = EDGE_LOOP ( 'NONE', ( #10024, #4264, #8932, #10375 ) ) ;
#3090 = LINE ( 'NONE', #2669, #3007 ) ;
#3091 = AXIS2_PLACEMENT_3D ( 'NONE', #811, #4041, #6480 ) ;
#3092 = ORIENTED_EDGE ( 'NONE', *, *, #3583, .F. ) ;
#3093 = DIRECTION ( 'NONE',  ( 0.000000000000000000, 1.000000000000000000, 2.891205793294675861E-16 ) ) ;
#3094 = VECTOR ( 'NONE', #1540, 1000.000000000000000 ) ;
#3095 = DIRECTION ( 'NONE',  ( 0.000000000000000000, 1.000000000000000000, -0.000000000000000000 ) ) ;
#3096 = CARTESIAN_POINT ( 'NONE',  ( 8.380079849446691043, -0.001000000000000024307, -14.51472407072583692 ) ) ;
#3097 = ORIENTED_EDGE ( 'NONE', *, *, #4395, .F. ) ;
#3098 = EDGE_CURVE ( 'NONE', #2238, #4394, #7786, .T. ) ;
#3099 = ORIENTED_EDGE ( 'NONE', *, *, #2538, .T. ) ;
#3100 = CIRCLE ( 'NONE', #2428, 1.499999999999999556 ) ;
#3101 = CYLINDRICAL_SURFACE ( 'NONE', #4561, 0.3000000000000016542 ) ;
#3102 = VECTOR ( 'NONE', #1416, 1000.000000000000000 ) ;
#3103 = CARTESIAN_POINT ( 'NONE',  ( 38.76960222758095398, 0.000000000000000000, 2.684264693320296491 ) ) ;
#3104 = DIRECTION ( 'NONE',  ( 0.000000000000000000, 1.000000000000000000, -0.000000000000000000 ) ) ;
#3105 = ORIENTED_EDGE ( 'NONE', *, *, #9216, .F. ) ;
#3106 = CARTESIAN_POINT ( 'NONE',  ( -34.37348617369437420, 0.04767268713831619709, -2.810138446510775267 ) ) ;
#3107 = ADVANCED_FACE ( 'NONE', ( #3568 ), #6105, .T. ) ;
#3108 = CARTESIAN_POINT ( 'NONE',  ( -30.84000000000000696, 0.5000000000000004441, -9.849999999999997868 ) ) ;
#3109 = DIRECTION ( 'NONE',  ( -1.000000000000000000, 0.000000000000000000, 0.000000000000000000 ) ) ;
#3110 = DIRECTION ( 'NONE',  ( 0.000000000000000000, 1.000000000000000000, 0.000000000000000000 ) ) ;
#3111 = CYLINDRICAL_SURFACE ( 'NONE', #6639, 0.1999999999999987899 ) ;
#3112 = AXIS2_PLACEMENT_3D ( 'NONE', #4979, #944, #8758 ) ;
#3113 = DIRECTION ( 'NONE',  ( -0.8660254037844380415, -0.000000000000000000, -0.5000000000000009992 ) ) ;
#3114 = ORIENTED_EDGE ( 'NONE', *, *, #3955, .T. ) ;
#3115 = EDGE_LOOP ( 'NONE', ( #6619, #6997, #6273, #10243 ) ) ;
#3116 = AXIS2_PLACEMENT_3D ( 'NONE', #3482, #6651, #1191 ) ;
#3117 = AXIS2_PLACEMENT_3D ( 'NONE', #7199, #10401, #7610 ) ;
#3118 = CARTESIAN_POINT ( 'NONE',  ( -31.51661123066064363, 3.000000000000000000, -20.34067203111825251 ) ) ;
#3119 = CARTESIAN_POINT ( 'NONE',  ( -39.61980179287454717, 0.03950539805616474359, -8.908332963778560654 ) ) ;
#3120 = VERTEX_POINT ( 'NONE', #438 ) ;
#3121 = DIRECTION ( 'NONE',  ( 1.000000000000000000, -0.000000000000000000, -0.000000000000000000 ) ) ;
#3122 = CARTESIAN_POINT ( 'NONE',  ( 49.74999999999999289, 0.000000000000000000, -9.499999999999966249 ) ) ;
#3123 = CARTESIAN_POINT ( 'NONE',  ( -30.13203748537932825, 5.996123729295902649, 3.614894311984931718 ) ) ;
#3124 = VECTOR ( 'NONE', #6362, 1000.000000000000000 ) ;
#3125 = ORIENTED_EDGE ( 'NONE', *, *, #6998, .T. ) ;
#3126 = AXIS2_PLACEMENT_3D ( 'NONE', #3308, #227, #6535 ) ;
#3127 = ORIENTED_EDGE ( 'NONE', *, *, #4472, .T. ) ;
#3128 = CARTESIAN_POINT ( 'NONE',  ( 43.25000000000000711, 7.000000000000000000, -1.984313483298447922 ) ) ;
#3129 = VERTEX_POINT ( 'NONE', #10093 ) ;
#3130 = AXIS2_PLACEMENT_3D ( 'NONE', #9306, #1294, #8631 ) ;
#3131 = ORIENTED_EDGE ( 'NONE', *, *, #816, .T. ) ;
#3132 = CARTESIAN_POINT ( 'NONE',  ( -47.50000000000000711, 3.000000000000000000, -8.650000000000002132 ) ) ;
#3133 = EDGE_CURVE ( 'NONE', #5984, #71, #2092, .T. ) ;
#3134 = FACE_BOUND ( 'NONE', #4214, .T. ) ;
#3135 = PLANE ( 'NONE',  #62 ) ;
#3136 = EDGE_LOOP ( 'NONE', ( #6117, #2152 ) ) ;
#3137 = EDGE_CURVE ( 'NONE', #2668, #9692, #8975, .T. ) ;
#3138 = VECTOR ( 'NONE', #3574, 1000.000000000000000 ) ;
#3139 = EDGE_CURVE ( 'NONE', #5639, #1195, #389, .T. ) ;
#3140 = ORIENTED_EDGE ( 'NONE', *, *, #57, .T. ) ;
#3141 = LINE ( 'NONE', #4732, #7773 ) ;
#3142 = CARTESIAN_POINT ( 'NONE',  ( -39.76146882909598901, 0.000000000000000000, 3.415000000000000036 ) ) ;
#3143 = CARTESIAN_POINT ( 'NONE',  ( -35.06554871542299878, 0.000000000000000000, 3.615000000000000213 ) ) ;
#3144 = ORIENTED_EDGE ( 'NONE', *, *, #1487, .T. ) ;
#3145 = CARTESIAN_POINT ( 'NONE',  ( -52.40568058483292901, 9.484780085661501658, -3.641416195903037334 ) ) ;
#3146 = VERTEX_POINT ( 'NONE', #9999 ) ;
#3147 = PLANE ( 'NONE',  #4449 ) ;
#3148 = EDGE_CURVE ( 'NONE', #10450, #8351, #484, .T. ) ;
#3149 = CARTESIAN_POINT ( 'NONE',  ( 45.25000000000000711, 7.000000000000000000, -12.25000000000000000 ) ) ;
#3150 = DIRECTION ( 'NONE',  ( -0.4999999999999995004, 0.000000000000000000, 0.8660254037844389297 ) ) ;
#3151 = VERTEX_POINT ( 'NONE', #10147 ) ;
#3152 = ADVANCED_FACE ( 'NONE', ( #2782 ), #3620, .T. ) ;
#3153 = ORIENTED_EDGE ( 'NONE', *, *, #5151, .F. ) ;
#3154 = DIRECTION ( 'NONE',  ( 0.000000000000000000, 0.000000000000000000, 1.000000000000000000 ) ) ;
#3155 = DIRECTION ( 'NONE',  ( -1.000000000000000000, 0.000000000000000000, 0.000000000000000000 ) ) ;
#3156 = DIRECTION ( 'NONE',  ( 0.000000000000000000, 0.000000000000000000, 1.000000000000000000 ) ) ;
#3157 = ORIENTED_EDGE ( 'NONE', *, *, #5489, .F. ) ;
#3158 = CARTESIAN_POINT ( 'NONE',  ( 51.95000000000000284, 11.00000000000000178, 0.000000000000000000 ) ) ;
#3159 = CARTESIAN_POINT ( 'NONE',  ( 22.80788180854702674, 0.2505450496179577602, 1.484828725824713480 ) ) ;
#3160 = DIRECTION ( 'NONE',  ( -1.000000000000000000, 0.000000000000000000, 0.000000000000000000 ) ) ;
#3161 = EDGE_CURVE ( 'NONE', #3456, #5929, #5173, .T. ) ;
#3162 = EDGE_CURVE ( 'NONE', #3146, #6094, #9256, .T. ) ;
#3163 = CARTESIAN_POINT ( 'NONE',  ( -31.11939691791956974, 0.1293615736281126527, -20.34067203111825251 ) ) ;
#3164 = CARTESIAN_POINT ( 'NONE',  ( -19.99999999999997158, 13.00000000000000178, 5.337610695313241287E-14 ) ) ;
#3165 = DIRECTION ( 'NONE',  ( 0.000000000000000000, -0.8344462197396892433, -0.5510893814637894961 ) ) ;
#3166 = DIRECTION ( 'NONE',  ( 1.000000000000000000, 0.000000000000000000, 0.000000000000000000 ) ) ;
#3167 = ORIENTED_EDGE ( 'NONE', *, *, #9322, .T. ) ;
#3168 = ORIENTED_EDGE ( 'NONE', *, *, #8686, .T. ) ;
#3169 = DIRECTION ( 'NONE',  ( -1.000000000000000000, -0.000000000000000000, -0.000000000000000000 ) ) ;
#3170 = DIRECTION ( 'NONE',  ( 0.000000000000000000, 0.000000000000000000, 1.000000000000000000 ) ) ;
#3171 = EDGE_CURVE ( 'NONE', #8761, #4929, #539, .T. ) ;
#3172 = ORIENTED_EDGE ( 'NONE', *, *, #481, .F. ) ;
#3173 = CIRCLE ( 'NONE', #7230, 6.800000000000007816 ) ;
#3174 = CARTESIAN_POINT ( 'NONE',  ( 35.29364652204422725, 0.2999999999999999889, 1.023830892551222060 ) ) ;
#3175 = CARTESIAN_POINT ( 'NONE',  ( -34.52834772718359346, 0.000000000000000000, 8.549999999999998934 ) ) ;
#3176 = CARTESIAN_POINT ( 'NONE',  ( -52.25000000000001421, 9.897368276523900832, -3.013815789473690110 ) ) ;
#3177 = CARTESIAN_POINT ( 'NONE',  ( 9.519658948938198861, 6.500000000000000888, 10.24999999999999289 ) ) ;
#3178 = ORIENTED_EDGE ( 'NONE', *, *, #4968, .F. ) ;
#3179 = ADVANCED_FACE ( 'NONE', ( #9157 ), #9623, .T. ) ;
#3180 = EDGE_LOOP ( 'NONE', ( #7045, #2341, #4643, #1492 ) ) ;
#3181 = VECTOR ( 'NONE', #2934, 1000.000000000000000 ) ;
#3182 = DIRECTION ( 'NONE',  ( 0.000000000000000000, 0.000000000000000000, 1.000000000000000000 ) ) ;
#3183 =( BOUNDED_CURVE ( )  B_SPLINE_CURVE ( 3, ( #4157, #7384, #971, #7482 ),
 .UNSPECIFIED., .F., .F. ) 
 B_SPLINE_CURVE_WITH_KNOTS ( ( 4, 4 ),
 ( 0.3762584341688284817, 1.570796326794896558 ),
 .UNSPECIFIED. ) 
 CURVE ( )  GEOMETRIC_REPRESENTATION_ITEM ( )  RATIONAL_B_SPLINE_CURVE ( ( 1.000000000000000000, 0.8845830693046154991, 0.8845830693046154991, 1.000000000000000000 ) ) 
 REPRESENTATION_ITEM ( '' )  );
#3184 = ORIENTED_EDGE ( 'NONE', *, *, #6609, .T. ) ;
#3185 = CYLINDRICAL_SURFACE ( 'NONE', #6655, 0.1999999999999987899 ) ;
#3186 = CARTESIAN_POINT ( 'NONE',  ( -52.38358488462046125, 7.443484401221976299, -3.811814397759208273 ) ) ;
#3187 = DIRECTION ( 'NONE',  ( 0.000000000000000000, 0.000000000000000000, 1.000000000000000000 ) ) ;
#3188 = VECTOR ( 'NONE', #774, 1000.000000000000000 ) ;
#3189 = LINE ( 'NONE', #8679, #3271 ) ;
#3190 = ORIENTED_EDGE ( 'NONE', *, *, #8431, .F. ) ;
#3191 = ORIENTED_EDGE ( 'NONE', *, *, #5737, .T. ) ;
#3192 = EDGE_CURVE ( 'NONE', #6907, #29, #1867, .T. ) ;
#3193 = DIRECTION ( 'NONE',  ( -0.000000000000000000, -1.000000000000000000, 0.000000000000000000 ) ) ;
#3194 = CARTESIAN_POINT ( 'NONE',  ( -50.25000000000000711, 8.000000000000000000, 0.000000000000000000 ) ) ;
#3195 = LINE ( 'NONE', #757, #8200 ) ;
#3196 = ORIENTED_EDGE ( 'NONE', *, *, #10215, .T. ) ;
#3197 = DIRECTION ( 'NONE',  ( -0.6427876096865379196, -0.000000000000000000, -0.7660444431189792347 ) ) ;
#3198 = ORIENTED_EDGE ( 'NONE', *, *, #3762, .T. ) ;
#3199 = LINE ( 'NONE', #8845, #6136 ) ;
#3200 = AXIS2_PLACEMENT_3D ( 'NONE', #4526, #2029, #5217 ) ;
#3201 = LINE ( 'NONE', #764, #7845 ) ;
#3202 = DIRECTION ( 'NONE',  ( 0.000000000000000000, 0.000000000000000000, 1.000000000000000000 ) ) ;
#3203 = VERTEX_POINT ( 'NONE', #1450 ) ;
#3204 = ORIENTED_EDGE ( 'NONE', *, *, #9156, .F. ) ;
#3205 = EDGE_CURVE ( 'NONE', #3519, #4008, #4160, .T. ) ;
#3206 = DIRECTION ( 'NONE',  ( 0.000000000000000000, 0.000000000000000000, 1.000000000000000000 ) ) ;
#3207 = CIRCLE ( 'NONE', #10278, 2.000000000000003109 ) ;
#3208 = FACE_OUTER_BOUND ( 'NONE', #9991, .T. ) ;
#3209 = ORIENTED_EDGE ( 'NONE', *, *, #1113, .F. ) ;
#3210 = DIRECTION ( 'NONE',  ( -0.000000000000000000, -0.000000000000000000, 1.000000000000000000 ) ) ;
#3211 = CARTESIAN_POINT ( 'NONE',  ( 22.78484194167171140, 0.1248391197358924148, 1.558743620592565104 ) ) ;
#3212 = DIRECTION ( 'NONE',  ( -0.000000000000000000, 1.000000000000000000, -0.000000000000000000 ) ) ;
#3213 = EDGE_CURVE ( 'NONE', #7058, #3703, #6033, .T. ) ;
#3214 = CARTESIAN_POINT ( 'NONE',  ( -52.25000000000001421, 6.499999999999999112, 2.449999999999999289 ) ) ;
#3215 = VECTOR ( 'NONE', #6719, 1000.000000000000000 ) ;
#3216 = CIRCLE ( 'NONE', #3037, 3.750000000000001776 ) ;
#3217 = CARTESIAN_POINT ( 'NONE',  ( -30.30484636607248561, -1.468623938954177977, 8.349999999999997868 ) ) ;
#3218 = CARTESIAN_POINT ( 'NONE',  ( -52.45000000000001705, 7.099999999999998757, -2.924999999999968736 ) ) ;
#3219 = VERTEX_POINT ( 'NONE', #7164 ) ;
#3220 = ORIENTED_EDGE ( 'NONE', *, *, #6240, .T. ) ;
#3221 = EDGE_CURVE ( 'NONE', #9147, #8403, #8782, .T. ) ;
#3222 = LINE ( 'NONE', #9712, #1245 ) ;
#3223 = AXIS2_PLACEMENT_3D ( 'NONE', #3934, #3193, #7949 ) ;
#3224 = CARTESIAN_POINT ( 'NONE',  ( -30.13203748537932825, 5.996123729295902649, -2.765105688015068619 ) ) ;
#3225 = ORIENTED_EDGE ( 'NONE', *, *, #9610, .F. ) ;
#3226 = CARTESIAN_POINT ( 'NONE',  ( -2.000000000000008882, 14.50000000000000000, 13.85000000000018971 ) ) ;
#3227 = DIRECTION ( 'NONE',  ( -1.000000000000000000, -0.000000000000000000, -0.000000000000000000 ) ) ;
#3228 = ORIENTED_EDGE ( 'NONE', *, *, #5433, .F. ) ;
#3229 = DIRECTION ( 'NONE',  ( -1.000000000000000000, -0.000000000000000000, -0.000000000000000000 ) ) ;
#3230 = ORIENTED_EDGE ( 'NONE', *, *, #3971, .T. ) ;
#3231 = ORIENTED_EDGE ( 'NONE', *, *, #3340, .F. ) ;
#3232 = EDGE_CURVE ( 'NONE', #9405, #1570, #5923, .T. ) ;
#3233 = DIRECTION ( 'NONE',  ( 0.000000000000000000, -0.9982455176826040555, 0.05921052631576485120 ) ) ;
#3234 = ORIENTED_EDGE ( 'NONE', *, *, #824, .F. ) ;
#3235 = FACE_OUTER_BOUND ( 'NONE', #6394, .T. ) ;
#3236 = AXIS2_PLACEMENT_3D ( 'NONE', #3705, #1966, #5205 ) ;
#3237 = EDGE_CURVE ( 'NONE', #6679, #8490, #3141, .T. ) ;
#3238 = DIRECTION ( 'NONE',  ( 0.000000000000000000, 0.000000000000000000, 1.000000000000000000 ) ) ;
#3239 = CARTESIAN_POINT ( 'NONE',  ( 50.25000000000000000, 16.00000000000000000, -9.499999999999978684 ) ) ;
#3240 = DIRECTION ( 'NONE',  ( 1.000000000000000000, 0.000000000000000000, 0.000000000000000000 ) ) ;
#3241 = PLANE ( 'NONE',  #1569 ) ;
#3242 = ORIENTED_EDGE ( 'NONE', *, *, #4238, .T. ) ;
#3243 = VECTOR ( 'NONE', #4133, 1000.000000000000000 ) ;
#3244 = ORIENTED_EDGE ( 'NONE', *, *, #6444, .F. ) ;
#3245 =( BOUNDED_CURVE ( )  B_SPLINE_CURVE ( 3, ( #535, #2872, #3770, #6996 ),
 .UNSPECIFIED., .F., .F. ) 
 B_SPLINE_CURVE_WITH_KNOTS ( ( 4, 4 ),
 ( 3.624580542955738505, 4.712388980384689674 ),
 .UNSPECIFIED. ) 
 CURVE ( )  GEOMETRIC_REPRESENTATION_ITEM ( )  RATIONAL_B_SPLINE_CURVE ( ( 1.000000000000000000, 0.9037965667448141227, 0.9037965667448141227, 1.000000000000000000 ) ) 
 REPRESENTATION_ITEM ( '' )  );
#3246 = DIRECTION ( 'NONE',  ( -0.000000000000000000, -1.000000000000000000, 0.000000000000000000 ) ) ;
#3247 = FACE_BOUND ( 'NONE', #6956, .T. ) ;
#3248 = DIRECTION ( 'NONE',  ( 1.000000000000000000, -0.000000000000000000, 0.000000000000000000 ) ) ;
#3249 = VERTEX_POINT ( 'NONE', #7218 ) ;
#3250 = CARTESIAN_POINT ( 'NONE',  ( 50.24999999999999289, 11.34999999999999964, 3.299999999999999378 ) ) ;
#3251 = DIRECTION ( 'NONE',  ( 1.000000000000000000, 0.000000000000000000, 0.000000000000000000 ) ) ;
#3252 = AXIS2_PLACEMENT_3D ( 'NONE', #7075, #7969, #10279 ) ;
#3253 = EDGE_CURVE ( 'NONE', #7912, #817, #361, .T. ) ;
#3254 = CARTESIAN_POINT ( 'NONE',  ( -39.76146882909598901, 0.000000000000000000, 0.000000000000000000 ) ) ;
#3255 = CYLINDRICAL_SURFACE ( 'NONE', #2233, 0.2999999999999999334 ) ;
#3256 = ORIENTED_EDGE ( 'NONE', *, *, #3774, .F. ) ;
#3257 = ORIENTED_EDGE ( 'NONE', *, *, #3926, .F. ) ;
#3258 = DIRECTION ( 'NONE',  ( -0.000000000000000000, -0.000000000000000000, 1.000000000000000000 ) ) ;
#3259 = VECTOR ( 'NONE', #2882, 1000.000000000000000 ) ;
#3260 = LINE ( 'NONE', #6490, #5445 ) ;
#3261 = VERTEX_POINT ( 'NONE', #2396 ) ;
#3262 = CARTESIAN_POINT ( 'NONE',  ( -47.50000000000000711, 8.000000000000000000, -9.500000000000001776 ) ) ;
#3263 = AXIS2_PLACEMENT_3D ( 'NONE', #1552, #607, #3943 ) ;
#3264 = DIRECTION ( 'NONE',  ( -0.8660254037844385966, 0.000000000000000000, 0.5000000000000003331 ) ) ;
#3265 = DIRECTION ( 'NONE',  ( -0.000000000000000000, -1.000000000000000000, -0.000000000000000000 ) ) ;
#3266 = EDGE_CURVE ( 'NONE', #6605, #3045, #2372, .T. ) ;
#3267 = CARTESIAN_POINT ( 'NONE',  ( -34.33293214504335822, 0.1503201388544035400, 8.354584417859758361 ) ) ;
#3268 = CIRCLE ( 'NONE', #8324, 6.166261152084816288 ) ;
#3269 = CARTESIAN_POINT ( 'NONE',  ( 52.75000000000000000, 9.000000000000001776, -9.499999999999920064 ) ) ;
#3270 = ORIENTED_EDGE ( 'NONE', *, *, #669, .F. ) ;
#3271 = VECTOR ( 'NONE', #5469, 1000.000000000000000 ) ;
#3272 = ORIENTED_EDGE ( 'NONE', *, *, #8550, .T. ) ;
#3273 = EDGE_CURVE ( 'NONE', #3596, #7223, #8053, .T. ) ;
#3274 = EDGE_CURVE ( 'NONE', #9933, #10053, #4681, .T. ) ;
#3275 = CARTESIAN_POINT ( 'NONE',  ( -52.25000000000001421, 8.400000000000000355, -2.449999999999999734 ) ) ;
#3276 = CARTESIAN_POINT ( 'NONE',  ( -35.26554871542300162, 0.2000000000000000111, 2.765000000000000124 ) ) ;
#3277 = VECTOR ( 'NONE', #10412, 1000.000000000000000 ) ;
#3278 = DIRECTION ( 'NONE',  ( 0.000000000000000000, 1.000000000000000000, 0.000000000000000000 ) ) ;
#3279 = ORIENTED_EDGE ( 'NONE', *, *, #10089, .F. ) ;
#3280 = VECTOR ( 'NONE', #2316, 1000.000000000000000 ) ;
#3281 = LINE ( 'NONE', #6510, #10362 ) ;
#3282 = PLANE ( 'NONE',  #3383 ) ;
#3283 = EDGE_CURVE ( 'NONE', #1004, #452, #6600, .T. ) ;
#3284 = ORIENTED_EDGE ( 'NONE', *, *, #8313, .T. ) ;
#3285 = DIRECTION ( 'NONE',  ( -3.652049423109083111E-16, 0.000000000000000000, -1.000000000000000000 ) ) ;
#3286 = CARTESIAN_POINT ( 'NONE',  ( -47.50000000000000711, 3.000000000000000000, -9.500000000000001776 ) ) ;
#3287 = ORIENTED_EDGE ( 'NONE', *, *, #5218, .F. ) ;
#3288 = ORIENTED_EDGE ( 'NONE', *, *, #6126, .T. ) ;
#3289 = AXIS2_PLACEMENT_3D ( 'NONE', #1704, #280, #1070 ) ;
#3290 = EDGE_CURVE ( 'NONE', #1720, #8642, #1394, .T. ) ;
#3291 = CARTESIAN_POINT ( 'NONE',  ( -34.34233853611036835, 0.1265113557324328841, 3.601009191073224258 ) ) ;
#3292 = VERTEX_POINT ( 'NONE', #4629 ) ;
#3293 = CARTESIAN_POINT ( 'NONE',  ( 30.95000000000000284, 0.2999999999999999889, -2.350000000000003197 ) ) ;
#3294 = DIRECTION ( 'NONE',  ( -0.000000000000000000, -0.000000000000000000, 1.000000000000000000 ) ) ;
#3295 = LINE ( 'NONE', #6573, #5476 ) ;
#3296 = CIRCLE ( 'NONE', #9691, 2.999999999999999112 ) ;
#3297 = EDGE_CURVE ( 'NONE', #6628, #5228, #7847, .T. ) ;
#3298 = DIRECTION ( 'NONE',  ( -0.000000000000000000, -0.000000000000000000, 1.000000000000000000 ) ) ;
#3299 = VECTOR ( 'NONE', #4213, 1000.000000000000000 ) ;
#3300 = FACE_OUTER_BOUND ( 'NONE', #8537, .T. ) ;
#3301 = EDGE_LOOP ( 'NONE', ( #3640, #3625, #8587, #6153, #114 ) ) ;
#3302 = EDGE_CURVE ( 'NONE', #10044, #676, #7051, .T. ) ;
#3303 = ORIENTED_EDGE ( 'NONE', *, *, #4699, .T. ) ;
#3304 = VECTOR ( 'NONE', #1384, 999.9999999999998863 ) ;
#3305 = CARTESIAN_POINT ( 'NONE',  ( -20.00000000000000711, 14.50000000000000000, 14.75000000000000178 ) ) ;
#3306 = AXIS2_PLACEMENT_3D ( 'NONE', #3081, #9254, #2024 ) ;
#3307 = FACE_BOUND ( 'NONE', #1406, .T. ) ;
#3308 = CARTESIAN_POINT ( 'NONE',  ( 47.49999999999999289, 3.000000000000000000, -11.75000000000000000 ) ) ;
#3309 = VERTEX_POINT ( 'NONE', #1813 ) ;
#3310 = CARTESIAN_POINT ( 'NONE',  ( -51.95000000000000995, 9.540540231233309854, 3.989179127635171351 ) ) ;
#3311 = CARTESIAN_POINT ( 'NONE',  ( -52.20654232640315939, 9.265227589467658120, -4.007613973532528462 ) ) ;
#3312 = VECTOR ( 'NONE', #5326, 1000.000000000000000 ) ;
#3313 = FACE_OUTER_BOUND ( 'NONE', #6221, .T. ) ;
#3314 = CARTESIAN_POINT ( 'NONE',  ( -52.25000000000001421, 10.30000000000000071, 2.449999999999999289 ) ) ;
#3315 = EDGE_CURVE ( 'NONE', #8027, #5228, #175, .T. ) ;
#3316 = ORIENTED_EDGE ( 'NONE', *, *, #7808, .T. ) ;
#3317 = CARTESIAN_POINT ( 'NONE',  ( -31.11939691791956974, 0.1293615736281126527, -8.849999999999997868 ) ) ;
#3318 = DIRECTION ( 'NONE',  ( -1.000000000000000000, 0.000000000000000000, 0.000000000000000000 ) ) ;
#3319 = CARTESIAN_POINT ( 'NONE',  ( -52.23135835191838794, 7.127883055180105565, 3.593343174115802174 ) ) ;
#3320 = EDGE_LOOP ( 'NONE', ( #9806, #5115, #7886, #3054 ) ) ;
#3321 = LINE ( 'NONE', #3158, #9906 ) ;
#3322 = LINE ( 'NONE', #9752, #1691 ) ;
#3323 = CYLINDRICAL_SURFACE ( 'NONE', #9249, 1.499999999999999556 ) ;
#3324 = DIRECTION ( 'NONE',  ( 1.000000000000000000, -0.000000000000000000, -0.000000000000000000 ) ) ;
#3325 = DIRECTION ( 'NONE',  ( -1.000000000000000000, 0.000000000000000000, 0.000000000000000000 ) ) ;
#3326 = VERTEX_POINT ( 'NONE', #9736 ) ;
#3327 = VERTEX_POINT ( 'NONE', #2506 ) ;
#3328 = DIRECTION ( 'NONE',  ( -0.000000000000000000, -0.000000000000000000, 1.000000000000000000 ) ) ;
#3329 = EDGE_CURVE ( 'NONE', #9708, #3923, #7269, .T. ) ;
#3330 = CARTESIAN_POINT ( 'NONE',  ( 47.49999999999999289, 8.000000000000000000, -9.499999999999998224 ) ) ;
#3331 = DIRECTION ( 'NONE',  ( 0.000000000000000000, -1.000000000000000000, 3.469446951953614682E-16 ) ) ;
#3332 = EDGE_LOOP ( 'NONE', ( #9052, #8090, #3897, #999 ) ) ;
#3333 = LINE ( 'NONE', #6560, #7674 ) ;
#3334 = LINE ( 'NONE', #8972, #2869 ) ;
#3336 = EDGE_CURVE ( 'NONE', #3709, #5846, #5736, .T. ) ;
#3335 = ORIENTED_EDGE ( 'NONE', *, *, #7875, .T. ) ;
#3337 = DIRECTION ( 'NONE',  ( 0.000000000000000000, 0.000000000000000000, -1.000000000000000000 ) ) ;
#3338 = VERTEX_POINT ( 'NONE', #8888 ) ;
#3339 = EDGE_LOOP ( 'NONE', ( #5090, #5038, #6793, #5755 ) ) ;
#3340 = EDGE_CURVE ( 'NONE', #4464, #4348, #9619, .T. ) ;
#3341 = DIRECTION ( 'NONE',  ( -0.000000000000000000, -1.000000000000000000, 0.000000000000000000 ) ) ;
#3342 = VERTEX_POINT ( 'NONE', #122 ) ;
#3343 = CARTESIAN_POINT ( 'NONE',  ( -29.84000000000000696, 0.5000000000000004441, -9.849999999999997868 ) ) ;
#3344 = DIRECTION ( 'NONE',  ( -1.826024711554533223E-15, 0.000000000000000000, 1.000000000000000000 ) ) ;
#3345 = PLANE ( 'NONE',  #9491 ) ;
#3346 = EDGE_CURVE ( 'NONE', #4497, #7398, #6763, .T. ) ;
#3347 = DIRECTION ( 'NONE',  ( 0.7660444431189792347, -0.000000000000000000, 0.6427876096865379196 ) ) ;
#3348 = DIRECTION ( 'NONE',  ( 0.6427876096865379196, 0.000000000000000000, -0.7660444431189792347 ) ) ;
#3349 = DIRECTION ( 'NONE',  ( -0.8660254037844384856, 0.000000000000000000, 0.5000000000000002220 ) ) ;
#3350 = VERTEX_POINT ( 'NONE', #9784 ) ;
#3351 = CIRCLE ( 'NONE', #6214, 8.000000000000000000 ) ;
#3352 = EDGE_LOOP ( 'NONE', ( #7399, #3209, #6272, #602 ) ) ;
#3353 = ADVANCED_FACE ( 'NONE', ( #7324 ), #8311, .T. ) ;
#3354 = CARTESIAN_POINT ( 'NONE',  ( 8.530079849446689622, 0.2999999999999999889, -14.77453169186116533 ) ) ;
#3355 = DIRECTION ( 'NONE',  ( 0.000000000000000000, 1.000000000000000000, -0.000000000000000000 ) ) ;
#3356 = EDGE_LOOP ( 'NONE', ( #7712, #2701, #4893, #1575 ) ) ;
#3357 = CARTESIAN_POINT ( 'NONE',  ( -34.31252571724582623, 0.2000000000000111411, -3.615000000000000213 ) ) ;
#3358 = VECTOR ( 'NONE', #10124, 1000.000000000000000 ) ;
#3359 = DIRECTION ( 'NONE',  ( -0.000000000000000000, -0.000000000000000000, 1.000000000000000000 ) ) ;
#3360 = CARTESIAN_POINT ( 'NONE',  ( -35.50000000000001421, 6.500000000000000888, 12.25000000000000178 ) ) ;
#3361 = CARTESIAN_POINT ( 'NONE',  ( -52.20456437409614381, 8.176029122854696851, 4.262457020310524314 ) ) ;
#3362 = DIRECTION ( 'NONE',  ( -1.000000000000000000, -0.000000000000000000, -0.000000000000000000 ) ) ;
#3363 = VECTOR ( 'NONE', #3212, 1000.000000000000000 ) ;
#3364 = VERTEX_POINT ( 'NONE', #75 ) ;
#3365 = EDGE_CURVE ( 'NONE', #2157, #4083, #6683, .T. ) ;
#3366 = DIRECTION ( 'NONE',  ( -0.000000000000000000, 1.000000000000000000, -0.000000000000000000 ) ) ;
#3367 = LINE ( 'NONE', #2730, #2013 ) ;
#3368 = CARTESIAN_POINT ( 'NONE',  ( -52.23796951423593526, 7.063854458135563341, 3.486806783907418161 ) ) ;
#3369 = ORIENTED_EDGE ( 'NONE', *, *, #1637, .T. ) ;
#3370 = CARTESIAN_POINT ( 'NONE',  ( -34.34233853611036835, 0.1265113557324328841, -8.863990808926775600 ) ) ;
#3371 = CARTESIAN_POINT ( 'NONE',  ( -8.000000000000008882, 13.00000000000000178, 14.75000000000000178 ) ) ;
#3372 = EDGE_CURVE ( 'NONE', #6728, #9056, #7275, .T. ) ;
#3373 = LINE ( 'NONE', #8075, #5505 ) ;
#3374 = FACE_OUTER_BOUND ( 'NONE', #5891, .T. ) ;
#3375 = ORIENTED_EDGE ( 'NONE', *, *, #5081, .T. ) ;
#3376 = AXIS2_PLACEMENT_3D ( 'NONE', #2204, #2362, #7074 ) ;
#3377 = VECTOR ( 'NONE', #3475, 1000.000000000000000 ) ;
#3378 = EDGE_LOOP ( 'NONE', ( #3499, #8559, #1146, #5474 ) ) ;
#3379 = CARTESIAN_POINT ( 'NONE',  ( -52.44999998641311834, 7.115906203487876169, 3.231687416539684055 ) ) ;
#3380 = FACE_OUTER_BOUND ( 'NONE', #5655, .T. ) ;
#3381 = DIRECTION ( 'NONE',  ( -1.000000000000000000, -0.000000000000000000, -0.000000000000000000 ) ) ;
#3382 = PLANE ( 'NONE',  #7421 ) ;
#3383 = AXIS2_PLACEMENT_3D ( 'NONE', #4288, #9074, #948 ) ;
#3384 = ORIENTED_EDGE ( 'NONE', *, *, #9059, .T. ) ;
#3385 = VECTOR ( 'NONE', #165, 1000.000000000000000 ) ;
#3386 = CARTESIAN_POINT ( 'NONE',  ( -52.45000000000001705, 8.400000000000000355, -2.924999999999968736 ) ) ;
#3387 = AXIS2_PLACEMENT_3D ( 'NONE', #10268, #5750, #8900 ) ;
#3388 = LINE ( 'NONE', #7456, #4736 ) ;
#3389 = ORIENTED_EDGE ( 'NONE', *, *, #1285, .T. ) ;
#3390 = CARTESIAN_POINT ( 'NONE',  ( -47.50000000000000711, 6.500000000000000888, 6.750000000000000000 ) ) ;
#3391 = EDGE_CURVE ( 'NONE', #2060, #7647, #5055, .T. ) ;
#3392 = ORIENTED_EDGE ( 'NONE', *, *, #7924, .T. ) ;
#3393 = ORIENTED_EDGE ( 'NONE', *, *, #6112, .F. ) ;
#3394 = B_SPLINE_CURVE_WITH_KNOTS ( 'NONE', 3,
 ( #7347, #39, #3267, #9645 ),
 .UNSPECIFIED., .F., .F.,
 ( 4, 4 ),
 ( 1.328147661294742739E-18, 8.053029081880111863E-05 ),
 .UNSPECIFIED. ) ;
#3395 = VECTOR ( 'NONE', #3829, 1000.000000000000114 ) ;
#3396 = DIRECTION ( 'NONE',  ( 0.000000000000000000, 1.000000000000000000, -0.000000000000000000 ) ) ;
#3397 = VERTEX_POINT ( 'NONE', #8102 ) ;
#3398 = LINE ( 'NONE', #4141, #835 ) ;
#3399 = CARTESIAN_POINT ( 'NONE',  ( -31.47472780755320443, 0.2000000000000000111, 2.765000000000000124 ) ) ;
#3400 = LINE ( 'NONE', #7521, #10000 ) ;
#3401 = CARTESIAN_POINT ( 'NONE',  ( 2.099999999999991207, 13.00000000000000178, -13.35000000000019149 ) ) ;
#3402 = CARTESIAN_POINT ( 'NONE',  ( -50.25000000000000711, 8.000000000000000000, 0.000000000000000000 ) ) ;
#3403 = EDGE_CURVE ( 'NONE', #1195, #8746, #859, .T. ) ;
#3404 = VERTEX_POINT ( 'NONE', #8938 ) ;
#3405 = ORIENTED_EDGE ( 'NONE', *, *, #2048, .T. ) ;
#3406 = EDGE_CURVE ( 'NONE', #8411, #292, #6532, .T. ) ;
#3407 = LINE ( 'NONE', #9833, #6771 ) ;
#3408 = DIRECTION ( 'NONE',  ( -0.000000000000000000, 1.000000000000000000, -0.000000000000000000 ) ) ;
#3409 = ORIENTED_EDGE ( 'NONE', *, *, #7130, .F. ) ;
#3410 = DIRECTION ( 'NONE',  ( -0.000000000000000000, -1.000000000000000000, -0.000000000000000000 ) ) ;
#3411 = CARTESIAN_POINT ( 'NONE',  ( -47.50000000000000711, 3.000000000000000000, -10.35000000000000142 ) ) ;
#3412 = DIRECTION ( 'NONE',  ( 0.000000000000000000, 0.000000000000000000, -1.000000000000000000 ) ) ;
#3413 = CARTESIAN_POINT ( 'NONE',  ( -52.33850472028422018, 8.186323968063971890, 4.211750111036907107 ) ) ;
#3414 = ADVANCED_FACE ( 'NONE', ( #4946, #8258 ), #7475, .T. ) ;
#3415 = AXIS2_PLACEMENT_3D ( 'NONE', #2889, #7803, #8646 ) ;
#3416 = ORIENTED_EDGE ( 'NONE', *, *, #184, .F. ) ;
#3417 = CARTESIAN_POINT ( 'NONE',  ( -31.60047529527845001, 3.276389878762281160, 2.765000000000000124 ) ) ;
#3418 = EDGE_CURVE ( 'NONE', #6939, #5422, #8212, .T. ) ;
#3419 = DIRECTION ( 'NONE',  ( -0.000000000000000000, -1.000000000000000000, 0.000000000000000000 ) ) ;
#3420 = CARTESIAN_POINT ( 'NONE',  ( -52.24731767899169199, 6.962000290205938136, 3.258922934675954952 ) ) ;
#3421 = ORIENTED_EDGE ( 'NONE', *, *, #2305, .T. ) ;
#3422 = LINE ( 'NONE', #3525, #308 ) ;
#3423 = VECTOR ( 'NONE', #4857, 1000.000000000000000 ) ;
#3424 = DIRECTION ( 'NONE',  ( -0.000000000000000000, 0.000000000000000000, 1.000000000000000000 ) ) ;
#3425 = EDGE_CURVE ( 'NONE', #4926, #5177, #3407, .T. ) ;
#3426 = CARTESIAN_POINT ( 'NONE',  ( 30.25249224314933372, 0.1248391197358932198, -11.37560611472380323 ) ) ;
#3427 = CARTESIAN_POINT ( 'NONE',  ( -39.55228633380069425, 0.1679172698444631462, 2.765000000000000124 ) ) ;
#3428 = EDGE_LOOP ( 'NONE', ( #9266, #6509, #6252, #893 ) ) ;
#3429 = VECTOR ( 'NONE', #2956, 1000.000000000000000 ) ;
#3430 = VERTEX_POINT ( 'NONE', #4252 ) ;
#3431 = ADVANCED_FACE ( 'NONE', ( #3458 ), #2665, .F. ) ;
#3432 = AXIS2_PLACEMENT_3D ( 'NONE', #1217, #9348, #7624 ) ;
#3433 = CARTESIAN_POINT ( 'NONE',  ( -39.76146882909598901, 0.1999999999999996503, -20.34067203111825251 ) ) ;
#3434 = CARTESIAN_POINT ( 'NONE',  ( -52.11702421443898459, 7.910680322889123595, 4.290099133721688496 ) ) ;
#3435 = CARTESIAN_POINT ( 'NONE',  ( -20.00000000000001066, 16.00001200000000168, 2.352167425053299179E-15 ) ) ;
#3436 = CYLINDRICAL_SURFACE ( 'NONE', #4720, 0.8500000000000000888 ) ;
#3437 = ORIENTED_EDGE ( 'NONE', *, *, #7373, .F. ) ;
#3438 = DIRECTION ( 'NONE',  ( 0.000000000000000000, 0.000000000000000000, 1.000000000000000000 ) ) ;
#3439 = AXIS2_PLACEMENT_3D ( 'NONE', #10249, #7839, #3824 ) ;
#3440 = CARTESIAN_POINT ( 'NONE',  ( -20.00000000000001066, 14.50000000000000000, 2.352167425053299574E-15 ) ) ;
#3441 = AXIS2_PLACEMENT_3D ( 'NONE', #7944, #10302, #855 ) ;
#3442 = DIRECTION ( 'NONE',  ( -0.000000000000000000, -1.000000000000000000, -0.000000000000000000 ) ) ;
#3443 = ORIENTED_EDGE ( 'NONE', *, *, #8466, .F. ) ;
#3444 = VERTEX_POINT ( 'NONE', #6934 ) ;
#3445 = AXIS2_PLACEMENT_3D ( 'NONE', #1061, #9927, #272 ) ;
#3446 = CARTESIAN_POINT ( 'NONE',  ( 35.23139739626871858, -1.003734042496346099E-15, 0.7199051519402281940 ) ) ;
#3447 = AXIS2_PLACEMENT_3D ( 'NONE', #4114, #6388, #5651 ) ;
#3448 = VERTEX_POINT ( 'NONE', #1123 ) ;
#3449 = CARTESIAN_POINT ( 'NONE',  ( -21.63608679191100137, 13.00000000000000178, -18.15483244721227152 ) ) ;
#3450 = CARTESIAN_POINT ( 'NONE',  ( 47.49999999999997868, 16.00000000000000000, -12.25000000000000000 ) ) ;
#3451 = DIRECTION ( 'NONE',  ( -0.000000000000000000, -0.7208059210526044369, -0.6931369447486597224 ) ) ;
#3452 = DIRECTION ( 'NONE',  ( 0.000000000000000000, 1.000000000000000000, -0.000000000000000000 ) ) ;
#3453 = CARTESIAN_POINT ( 'NONE',  ( -31.47472780755320443, 0.1999999999999987899, -2.765000000000000124 ) ) ;
#3454 = ORIENTED_EDGE ( 'NONE', *, *, #9964, .F. ) ;
#3455 = AXIS2_PLACEMENT_3D ( 'NONE', #61, #9614, #5618 ) ;
#3456 = VERTEX_POINT ( 'NONE', #2768 ) ;
#3457 = VERTEX_POINT ( 'NONE', #4411 ) ;
#3458 = FACE_OUTER_BOUND ( 'NONE', #8068, .T. ) ;
#3459 = VECTOR ( 'NONE', #1479, 1000.000000000000000 ) ;
#3460 = ADVANCED_FACE ( 'NONE', ( #5158 ), #7627, .T. ) ;
#3461 = DIRECTION ( 'NONE',  ( -0.000000000000000000, -0.000000000000000000, -1.000000000000000000 ) ) ;
#3462 = VECTOR ( 'NONE', #5007, 1000.000000000000000 ) ;
#3463 = ORIENTED_EDGE ( 'NONE', *, *, #9302, .F. ) ;
#3464 = CARTESIAN_POINT ( 'NONE',  ( -52.27563198490998531, 9.491884724233106141, -3.630658523920792469 ) ) ;
#3465 = DIRECTION ( 'NONE',  ( -1.000000000000000000, -0.000000000000000000, -0.000000000000000000 ) ) ;
#3466 = LINE ( 'NONE', #9152, #5743 ) ;
#3467 = CARTESIAN_POINT ( 'NONE',  ( -52.33705536026285188, 8.508382070898250049, 4.224942567312480080 ) ) ;
#3468 = EDGE_CURVE ( 'NONE', #907, #7449, #5930, .T. ) ;
#3469 = EDGE_CURVE ( 'NONE', #147, #3726, #7932, .T. ) ;
#3470 = CARTESIAN_POINT ( 'NONE',  ( -47.19749843554382096, 14.50000000000000000, -13.25000000000000178 ) ) ;
#3471 = AXIS2_PLACEMENT_3D ( 'NONE', #2488, #2, #8872 ) ;
#3472 = VECTOR ( 'NONE', #10041, 1000.000000000000000 ) ;
#3473 = EDGE_LOOP ( 'NONE', ( #207, #2282, #10142, #4423 ) ) ;
#3474 = DIRECTION ( 'NONE',  ( 0.000000000000000000, 0.000000000000000000, 1.000000000000000000 ) ) ;
#3475 = DIRECTION ( 'NONE',  ( -1.000000000000000000, 0.000000000000000000, 0.000000000000000000 ) ) ;
#3476 = EDGE_CURVE ( 'NONE', #7874, #281, #2863, .T. ) ;
#3477 = CARTESIAN_POINT ( 'NONE',  ( -51.95000000000000995, 9.716960195022455338, 3.819531249999947864 ) ) ;
#3478 = ORIENTED_EDGE ( 'NONE', *, *, #4639, .F. ) ;
#3479 = CARTESIAN_POINT ( 'NONE',  ( 30.95000000000000284, 0.2999999999999999889, -2.350000000000003197 ) ) ;
#3480 = CARTESIAN_POINT ( 'NONE',  ( -50.25000000000000711, 6.500000000000000888, -6.750000000000000000 ) ) ;
#3481 = VECTOR ( 'NONE', #4627, 1000.000000000000000 ) ;
#3482 = CARTESIAN_POINT ( 'NONE',  ( 0.000000000000000000, 8.000000000000000000, 0.000000000000000000 ) ) ;
#3483 = CARTESIAN_POINT ( 'NONE',  ( -31.47472780755320443, 0.2000000000000000111, 8.349999999999997868 ) ) ;
#3484 = VERTEX_POINT ( 'NONE', #6878 ) ;
#3485 = ORIENTED_EDGE ( 'NONE', *, *, #7549, .F. ) ;
#3486 = FACE_OUTER_BOUND ( 'NONE', #8627, .T. ) ;
#3487 = ADVANCED_FACE ( 'NONE', ( #7726 ), #2916, .T. ) ;
#3488 = DIRECTION ( 'NONE',  ( -0.000000000000000000, -1.000000000000000000, 0.000000000000000000 ) ) ;
#3489 = CARTESIAN_POINT ( 'NONE',  ( 0.000000000000000000, 11.00000000000000178, 12.25000000000000178 ) ) ;
#3490 = CARTESIAN_POINT ( 'NONE',  ( 22.77335966720669092, 0.09378038618371724311, -6.295855630624887844 ) ) ;
#3491 = ORIENTED_EDGE ( 'NONE', *, *, #2216, .F. ) ;
#3492 = CARTESIAN_POINT ( 'NONE',  ( -53.20000000000000284, 8.000000000000000000, 6.749999999999950262 ) ) ;
#3493 = CARTESIAN_POINT ( 'NONE',  ( -51.22917112000553885, 14.50000000000000000, -9.894693245086278566 ) ) ;
#3494 = DIRECTION ( 'NONE',  ( 0.000000000000000000, -1.000000000000000000, 0.000000000000000000 ) ) ;
#3495 = ORIENTED_EDGE ( 'NONE', *, *, #10215, .F. ) ;
#3496 = VERTEX_POINT ( 'NONE', #6150 ) ;
#3497 = ADVANCED_FACE ( 'NONE', ( #1172 ), #9243, .F. ) ;
#3498 = CARTESIAN_POINT ( 'NONE',  ( -52.15661494277454580, 9.716960195022357638, -3.819531250000046896 ) ) ;
#3499 = ORIENTED_EDGE ( 'NONE', *, *, #7605, .F. ) ;
#3500 = CARTESIAN_POINT ( 'NONE',  ( 0.000000000000000000, 11.00000000000000178, -14.75000000000000355 ) ) ;
#3501 = DIRECTION ( 'NONE',  ( -0.000000000000000000, -0.000000000000000000, 1.000000000000000000 ) ) ;
#3502 = CARTESIAN_POINT ( 'NONE',  ( -53.20000000000000284, 8.000000000000000000, 2.734438190280500643E-14 ) ) ;
#3503 = EDGE_CURVE ( 'NONE', #2191, #862, #2014, .T. ) ;
#3504 = DIRECTION ( 'NONE',  ( -0.000000000000000000, -1.000000000000000000, 0.000000000000000000 ) ) ;
#3505 = ORIENTED_EDGE ( 'NONE', *, *, #7018, .T. ) ;
#3506 = LINE ( 'NONE', #4305, #4111 ) ;
#3507 = ORIENTED_EDGE ( 'NONE', *, *, #7571, .T. ) ;
#3508 = VERTEX_POINT ( 'NONE', #8367 ) ;
#3509 = DIRECTION ( 'NONE',  ( 0.000000000000000000, 0.000000000000000000, -1.000000000000000000 ) ) ;
#3510 = LINE ( 'NONE', #6580, #8188 ) ;
#3511 = EDGE_LOOP ( 'NONE', ( #914, #5479, #221, #5979 ) ) ;
#3512 = EDGE_LOOP ( 'NONE', ( #7559, #3270, #9621, #9795 ) ) ;
#3513 = CARTESIAN_POINT ( 'NONE',  ( -52.44999998641311834, 9.684093796512103225, -3.231687416539744895 ) ) ;
#3514 = CARTESIAN_POINT ( 'NONE',  ( -20.00000000000001066, 14.50000000000000000, -13.55000000000001670 ) ) ;
#3515 = DIRECTION ( 'NONE',  ( -0.000000000000000000, -1.000000000000000000, -0.000000000000000000 ) ) ;
#3516 = AXIS2_PLACEMENT_3D ( 'NONE', #2145, #2253, #8593 ) ;
#3517 = CARTESIAN_POINT ( 'NONE',  ( -52.34853377184430911, 8.922947273160072967, 4.119929395690710372 ) ) ;
#3518 = EDGE_CURVE ( 'NONE', #7814, #1121, #2119, .T. ) ;
#3519 = VERTEX_POINT ( 'NONE', #9987 ) ;
#3520 = DIRECTION ( 'NONE',  ( 0.000000000000000000, -0.000000000000000000, 1.000000000000000000 ) ) ;
#3521 = AXIS2_PLACEMENT_3D ( 'NONE', #9213, #2081, #489 ) ;
#3522 = DIRECTION ( 'NONE',  ( -1.000000000000000000, 0.000000000000000000, 0.000000000000000000 ) ) ;
#3523 = LINE ( 'NONE', #137, #9183 ) ;
#3524 = ORIENTED_EDGE ( 'NONE', *, *, #10333, .T. ) ;
#3525 = CARTESIAN_POINT ( 'NONE',  ( 23.85000000000000142, 4.899999999999999467, -12.25000000000000178 ) ) ;
#3526 = DIRECTION ( 'NONE',  ( -0.000000000000000000, 1.000000000000000000, -0.000000000000000000 ) ) ;
#3527 = AXIS2_PLACEMENT_3D ( 'NONE', #1364, #668, #2894 ) ;
#3528 = CARTESIAN_POINT ( 'NONE',  ( -47.50000000000000711, 8.000000000000000000, -9.500000000000001776 ) ) ;
#3529 = CARTESIAN_POINT ( 'NONE',  ( 31.69999999999997797, 0.5000000000000000000, -0.000000000000000000 ) ) ;
#3530 = EDGE_CURVE ( 'NONE', #9333, #2612, #6278, .T. ) ;
#3531 = ORIENTED_EDGE ( 'NONE', *, *, #1673, .F. ) ;
#3532 = ORIENTED_EDGE ( 'NONE', *, *, #7489, .F. ) ;
#3533 = FACE_OUTER_BOUND ( 'NONE', #1509, .T. ) ;
#3534 = ADVANCED_FACE ( 'NONE', ( #5254 ), #7678, .T. ) ;
#3535 = CARTESIAN_POINT ( 'NONE',  ( -31.60047529527845001, 3.276389878762281160, 3.615000000000000213 ) ) ;
#3536 = LINE ( 'NONE', #2744, #6876 ) ;
#3537 = PRODUCT_DEFINITION_FORMATION_WITH_SPECIFIED_SOURCE ( 'ה»', '', #7234, .NOT_KNOWN. ) ;
#3538 = DIRECTION ( 'NONE',  ( -0.000000000000000000, 1.000000000000000000, -0.000000000000000000 ) ) ;
#3539 = DIRECTION ( 'NONE',  ( 0.000000000000000000, 1.000000000000000000, 0.000000000000000000 ) ) ;
#3540 = DIRECTION ( 'NONE',  ( 0.000000000000000000, 0.000000000000000000, 1.000000000000000000 ) ) ;
#3541 = AXIS2_PLACEMENT_3D ( 'NONE', #6595, #4212, #1824 ) ;
#3542 = DIRECTION ( 'NONE',  ( -1.971236424878464058E-15, 0.000000000000000000, -1.000000000000000000 ) ) ;
#3543 = EDGE_CURVE ( 'NONE', #4121, #3840, #3657, .T. ) ;
#3544 = EDGE_LOOP ( 'NONE', ( #963, #6741, #8874, #2732, #655 ) ) ;
#3545 = ORIENTED_EDGE ( 'NONE', *, *, #6705, .T. ) ;
#3546 = CIRCLE ( 'NONE', #5409, 9.300000000000013145 ) ;
#3547 = CARTESIAN_POINT ( 'NONE',  ( -52.20488103182270834, 7.928445669153086683, -4.203493146150599102 ) ) ;
#3548 = CIRCLE ( 'NONE', #2871, 2.000000000000003109 ) ;
#3549 = ORIENTED_EDGE ( 'NONE', *, *, #6566, .F. ) ;
#3550 = CARTESIAN_POINT ( 'NONE',  ( 30.20000000000002416, 0.2999999999999999889, 6.618695557326043755 ) ) ;
#3551 = DIRECTION ( 'NONE',  ( 0.000000000000000000, 0.000000000000000000, 1.000000000000000000 ) ) ;
#3552 = CARTESIAN_POINT ( 'NONE',  ( -34.37348617369437420, 0.04767268713831671056, 8.395138446510774344 ) ) ;
#3553 = ADVANCED_FACE ( 'NONE', ( #7530 ), #2065, .T. ) ;
#3554 = ORIENTED_EDGE ( 'NONE', *, *, #7162, .T. ) ;
#3555 = CIRCLE ( 'NONE', #3713, 1.000000000000000888 ) ;
#3556 = DIRECTION ( 'NONE',  ( 0.000000000000000000, 0.000000000000000000, 1.000000000000000000 ) ) ;
#3557 = AXIS2_PLACEMENT_3D ( 'NONE', #4265, #7488, #1873 ) ;
#3558 = ORIENTED_EDGE ( 'NONE', *, *, #7373, .T. ) ;
#3559 = ORIENTED_EDGE ( 'NONE', *, *, #2532, .F. ) ;
#3560 = DIRECTION ( 'NONE',  ( 0.8660254037844390407, 0.000000000000000000, 0.4999999999999995004 ) ) ;
#3561 = DIRECTION ( 'NONE',  ( -1.000000000000000000, 6.938893903907227589E-15, 0.000000000000000000 ) ) ;
#3562 = ORIENTED_EDGE ( 'NONE', *, *, #2063, .T. ) ;
#3563 = ORIENTED_EDGE ( 'NONE', *, *, #9644, .F. ) ;
#3564 = DIRECTION ( 'NONE',  ( 1.000000000000000000, 0.000000000000000000, 0.000000000000000000 ) ) ;
#3565 = CARTESIAN_POINT ( 'NONE',  ( 41.25000000000000711, 6.000000000000000000, 12.25000000000000178 ) ) ;
#3566 = DIRECTION ( 'NONE',  ( -1.000000000000000000, 0.000000000000000000, 0.000000000000000000 ) ) ;
#3567 = EDGE_LOOP ( 'NONE', ( #6970, #6725, #3961, #8133 ) ) ;
#3568 = FACE_OUTER_BOUND ( 'NONE', #5794, .T. ) ;
#3569 = CARTESIAN_POINT ( 'NONE',  ( -20.00000000000001066, 16.00001200000000168, 12.25000000000000178 ) ) ;
#3570 = CARTESIAN_POINT ( 'NONE',  ( -47.50000000000000711, 14.50000000000000000, 12.25000000000000178 ) ) ;
#3571 = ORIENTED_EDGE ( 'NONE', *, *, #649, .F. ) ;
#3572 = CARTESIAN_POINT ( 'NONE',  ( -34.31252571724582623, 0.2000000000000011768, -8.849999999999997868 ) ) ;
#3573 = CARTESIAN_POINT ( 'NONE',  ( -39.55228633380069425, 0.1679172698444630907, 8.349999999999997868 ) ) ;
#3574 = DIRECTION ( 'NONE',  ( -1.000000000000000000, -0.000000000000000000, -0.000000000000000000 ) ) ;
#3575 = CARTESIAN_POINT ( 'NONE',  ( -30.84000000000000696, 0.5000000000000004441, -8.849999999999997868 ) ) ;
#3576 = EDGE_LOOP ( 'NONE', ( #63, #2275, #9615, #5571 ) ) ;
#3577 = ORIENTED_EDGE ( 'NONE', *, *, #4375, .F. ) ;
#3578 = LINE ( 'NONE', #1617, #8935 ) ;
#3579 = CYLINDRICAL_SURFACE ( 'NONE', #1711, 6.800000000000007816 ) ;
#3580 = CARTESIAN_POINT ( 'NONE',  ( -51.95000000000000995, 7.083039804977534715, 3.819531249999938538 ) ) ;
#3581 = DIRECTION ( 'NONE',  ( 0.000000000000000000, 1.000000000000000000, 0.000000000000000000 ) ) ;
#3582 = CARTESIAN_POINT ( 'NONE',  ( 22.80788180854699476, 0.2999999999999999889, -6.184828725824678131 ) ) ;
#3583 = EDGE_CURVE ( 'NONE', #8450, #3292, #7510, .T. ) ;
#3584 = PLANE ( 'NONE',  #5990 ) ;
#3585 = FACE_OUTER_BOUND ( 'NONE', #5620, .T. ) ;
#3586 = AXIS2_PLACEMENT_3D ( 'NONE', #1259, #10176, #6184 ) ;
#3587 = DIRECTION ( 'NONE',  ( 0.8660254037844384856, 0.000000000000000000, -0.5000000000000002220 ) ) ;
#3588 = EDGE_LOOP ( 'NONE', ( #7564, #5861, #2739, #7428 ) ) ;
#3589 = ADVANCED_FACE ( 'NONE', ( #6730 ), #2481, .T. ) ;
#3590 = EDGE_CURVE ( 'NONE', #4885, #8339, #10297, .T. ) ;
#3591 = VECTOR ( 'NONE', #323, 1000.000000000000000 ) ;
#3592 = ORIENTED_EDGE ( 'NONE', *, *, #8422, .F. ) ;
#3593 = LINE ( 'NONE', #9034, #7167 ) ;
#3594 = CIRCLE ( 'NONE', #1741, 9.000000000000012434 ) ;
#3595 = EDGE_CURVE ( 'NONE', #4065, #5747, #7123, .T. ) ;
#3596 = VERTEX_POINT ( 'NONE', #45 ) ;
#3597 = AXIS2_PLACEMENT_3D ( 'NONE', #3077, #2391, #7213 ) ;
#3598 = DIRECTION ( 'NONE',  ( -1.000000000000000000, 0.000000000000000000, 0.000000000000000000 ) ) ;
#3599 = CARTESIAN_POINT ( 'NONE',  ( -29.83999999999999986, 0.5000000000000004441, 10.24999999999999822 ) ) ;
#3600 = CARTESIAN_POINT ( 'NONE',  ( 49.75000000000000000, 3.000000000000000000, 9.500000000000003553 ) ) ;
#3601 = ORIENTED_EDGE ( 'NONE', *, *, #3071, .T. ) ;
#3602 = ADVANCED_FACE ( 'NONE', ( #4616 ), #2220, .F. ) ;
#3603 = DIRECTION ( 'NONE',  ( -0.000000000000000000, -0.000000000000000000, 1.000000000000000000 ) ) ;
#3604 = AXIS2_PLACEMENT_3D ( 'NONE', #8507, #9135, #9187 ) ;
#3605 = EDGE_LOOP ( 'NONE', ( #7184, #9725, #1598, #2206 ) ) ;
#3606 = VECTOR ( 'NONE', #6983, 1000.000000000000000 ) ;
#3607 = CARTESIAN_POINT ( 'NONE',  ( 22.35000000000000142, 0.5000000000000000000, -10.34999999999999787 ) ) ;
#3608 = EDGE_CURVE ( 'NONE', #3448, #1307, #8913, .T. ) ;
#3609 = DIRECTION ( 'NONE',  ( 0.000000000000000000, 0.000000000000000000, 1.000000000000000000 ) ) ;
#3610 = VERTEX_POINT ( 'NONE', #9760 ) ;
#3611 = ORIENTED_EDGE ( 'NONE', *, *, #2167, .F. ) ;
#3612 = AXIS2_PLACEMENT_3D ( 'NONE', #10287, #4017, #8033 ) ;
#3613 = FACE_OUTER_BOUND ( 'NONE', #640, .T. ) ;
#3614 = AXIS2_PLACEMENT_3D ( 'NONE', #1426, #5290, #6084 ) ;
#3615 = AXIS2_PLACEMENT_3D ( 'NONE', #6678, #8306, #5937 ) ;
#3616 = MANIFOLD_SOLID_BREP ( '\X2\570689d2\X0\14', #9601 ) ;
#3617 = CARTESIAN_POINT ( 'NONE',  ( -31.22777815357900622, 3.000000000000000000, -2.765000000000000124 ) ) ;
#3618 = VERTEX_POINT ( 'NONE', #4122 ) ;
#3619 = VECTOR ( 'NONE', #4218, 1000.000000000000000 ) ;
#3620 = CYLINDRICAL_SURFACE ( 'NONE', #9949, 0.2000000000000000944 ) ;
#3621 = AXIS2_PLACEMENT_3D ( 'NONE', #5296, #7767, #1429 ) ;
#3622 = CARTESIAN_POINT ( 'NONE',  ( 51.95000000000000284, 9.850000000000001421, -3.299999999999999822 ) ) ;
#3623 = ADVANCED_FACE ( 'NONE', ( #637 ), #4067, .T. ) ;
#3624 = CARTESIAN_POINT ( 'NONE',  ( 39.21960222758095682, 0.000000000000000000, 1.904841829914291740 ) ) ;
#3625 = ORIENTED_EDGE ( 'NONE', *, *, #1473, .T. ) ;
#3626 = CARTESIAN_POINT ( 'NONE',  ( -52.25000000000001421, 8.400000000000000355, -2.924999999999968736 ) ) ;
#3627 = CARTESIAN_POINT ( 'NONE',  ( 43.25000000000000711, 6.000000000000000000, -12.25000000000000178 ) ) ;
#3628 = VECTOR ( 'NONE', #7212, 999.9999999999998863 ) ;
#3629 = AXIS2_PLACEMENT_3D ( 'NONE', #7591, #1088, #9951 ) ;
#3630 = ADVANCED_FACE ( 'NONE', ( #100 ), #526, .T. ) ;
#3631 = CARTESIAN_POINT ( 'NONE',  ( 30.36555363911330119, 0.02145563245112838691, -11.49711103979234572 ) ) ;
#3632 = DIRECTION ( 'NONE',  ( 0.000000000000000000, 0.000000000000000000, 1.000000000000000000 ) ) ;
#3633 = ORIENTED_EDGE ( 'NONE', *, *, #726, .F. ) ;
#3634 = EDGE_CURVE ( 'NONE', #5948, #9946, #2168, .T. ) ;
#3635 = ORIENTED_EDGE ( 'NONE', *, *, #387, .T. ) ;
#3636 = CARTESIAN_POINT ( 'NONE',  ( 43.25000000000000711, 8.000000000000000000, -12.25000000000000178 ) ) ;
#3637 = DIRECTION ( 'NONE',  ( 1.000000000000000000, 0.000000000000000000, -7.517135062566157239E-15 ) ) ;
#3638 = DIRECTION ( 'NONE',  ( -0.000000000000000000, 1.000000000000000000, 0.000000000000000000 ) ) ;
#3639 = VECTOR ( 'NONE', #3717, 1000.000000000000000 ) ;
#3640 = ORIENTED_EDGE ( 'NONE', *, *, #1652, .F. ) ;
#3641 = DIRECTION ( 'NONE',  ( -0.000000000000000000, -0.000000000000000000, 1.000000000000000000 ) ) ;
#3642 = CARTESIAN_POINT ( 'NONE',  ( 6.344920150553301497, -0.001000000000000024307, 10.98972407072588098 ) ) ;
#3643 = CARTESIAN_POINT ( 'NONE',  ( 26.61898195638768883, 0.1300423822510685945, 0.9599150842195834921 ) ) ;
#3644 = CARTESIAN_POINT ( 'NONE',  ( -2.000000000000011990, 14.50000000000000000, -14.75000000000000355 ) ) ;
#3645 = ORIENTED_EDGE ( 'NONE', *, *, #2153, .T. ) ;
#3646 = VECTOR ( 'NONE', #5430, 1000.000000000000000 ) ;
#3647 = ORIENTED_EDGE ( 'NONE', *, *, #6756, .T. ) ;
#3648 = EDGE_CURVE ( 'NONE', #513, #8400, #3867, .T. ) ;
#3649 = CARTESIAN_POINT ( 'NONE',  ( -52.20955632327964935, 7.507643205179666879, -4.000050849199197955 ) ) ;
#3650 = ORIENTED_EDGE ( 'NONE', *, *, #6933, .F. ) ;
#3651 = CARTESIAN_POINT ( 'NONE',  ( 20.66000000000000369, 6.000000000000000000, 10.25000000000000178 ) ) ;
#3652 = CARTESIAN_POINT ( 'NONE',  ( 45.25000000000000711, 7.000000000000000000, 0.9682458365518327170 ) ) ;
#3653 = ORIENTED_EDGE ( 'NONE', *, *, #2034, .F. ) ;
#3654 = DIRECTION ( 'NONE',  ( -1.000000000000000000, -1.506492794866855939E-14, 0.000000000000000000 ) ) ;
#3655 = ORIENTED_EDGE ( 'NONE', *, *, #10006, .T. ) ;
#3656 = ADVANCED_FACE ( 'NONE', ( #5460 ), #8637, .T. ) ;
#3657 = LINE ( 'NONE', #10083, #3913 ) ;
#3658 = LINE ( 'NONE', #6839, #9022 ) ;
#3659 = EDGE_CURVE ( 'NONE', #1639, #6611, #148, .T. ) ;
#3660 = ORIENTED_EDGE ( 'NONE', *, *, #35, .T. ) ;
#3661 = VERTEX_POINT ( 'NONE', #5969 ) ;
#3662 = LINE ( 'NONE', #5416, #8486 ) ;
#3663 = CARTESIAN_POINT ( 'NONE',  ( -30.14000000000000412, 5.995909431799613998, -2.765000000000000124 ) ) ;
#3664 = VERTEX_POINT ( 'NONE', #5869 ) ;
#3665 = LINE ( 'NONE', #2176, #3481 ) ;
#3666 = ADVANCED_FACE ( 'NONE', ( #7450 ), #7400, .T. ) ;
#3667 = ORIENTED_EDGE ( 'NONE', *, *, #767, .T. ) ;
#3668 = DIRECTION ( 'NONE',  ( 0.000000000000000000, -1.000000000000000000, 0.000000000000000000 ) ) ;
#3669 = DIRECTION ( 'NONE',  ( 1.000000000000000000, 0.000000000000000000, 0.000000000000000000 ) ) ;
#3670 = FACE_OUTER_BOUND ( 'NONE', #8485, .T. ) ;
#3671 = VERTEX_POINT ( 'NONE', #988 ) ;
#3672 = CARTESIAN_POINT ( 'NONE',  ( -39.63977263648107652, 17.00100000000000122, 2.765000000000000124 ) ) ;
#3673 = VECTOR ( 'NONE', #1034, 1000.000000000000000 ) ;
#3674 = ORIENTED_EDGE ( 'NONE', *, *, #6569, .F. ) ;
#3675 = CARTESIAN_POINT ( 'NONE',  ( -8.107033542344556309, 11.00000000000000178, 14.04179399400123351 ) ) ;
#3676 = CARTESIAN_POINT ( 'NONE',  ( -39.58434658500975445, 0.1071145293931473758, -8.872877755913762599 ) ) ;
#3677 = DIRECTION ( 'NONE',  ( 0.000000000000000000, 0.000000000000000000, -1.000000000000000000 ) ) ;
#3678 = ORIENTED_EDGE ( 'NONE', *, *, #7923, .T. ) ;
#3679 = ADVANCED_FACE ( 'NONE', ( #1100 ), #3579, .F. ) ;
#3680 = VECTOR ( 'NONE', #8712, 1000.000000000000000 ) ;
#3681 = ORIENTED_EDGE ( 'NONE', *, *, #8187, .T. ) ;
#3682 = CARTESIAN_POINT ( 'NONE',  ( -30.13203748537936733, 5.996123729295902649, 2.765105688015067287 ) ) ;
#3683 = DIRECTION ( 'NONE',  ( 0.000000000000000000, 0.000000000000000000, -1.000000000000000000 ) ) ;
#3684 = CARTESIAN_POINT ( 'NONE',  ( 30.20000000000002416, 0.5000000000000000000, 6.618695557326043755 ) ) ;
#3685 = ORIENTED_EDGE ( 'NONE', *, *, #7629, .F. ) ;
#3686 = DIRECTION ( 'NONE',  ( -8.673617379884087537E-15, 0.000000000000000000, -1.000000000000000000 ) ) ;
#3687 = EDGE_CURVE ( 'NONE', #7736, #10125, #9301, .T. ) ;
#3688 = DIRECTION ( 'NONE',  ( 0.000000000000000000, 0.000000000000000000, -1.000000000000000000 ) ) ;
#3689 = PLANE ( 'NONE',  #7073 ) ;
#3690 = VECTOR ( 'NONE', #10067, 1000.000000000000000 ) ;
#3691 = CARTESIAN_POINT ( 'NONE',  ( 2.009170479469691184, 13.00000000000000178, -14.75000000000000178 ) ) ;
#3692 = DIRECTION ( 'NONE',  ( 1.000000000000000000, 0.000000000000000000, 0.000000000000000000 ) ) ;
#3693 = EDGE_LOOP ( 'NONE', ( #4658, #8992, #3097, #406 ) ) ;
#3694 = ORIENTED_EDGE ( 'NONE', *, *, #6638, .T. ) ;
#3695 = DIRECTION ( 'NONE',  ( 1.000000000000000000, 0.000000000000000000, 0.000000000000000000 ) ) ;
#3696 = ORIENTED_EDGE ( 'NONE', *, *, #7495, .F. ) ;
#3697 = CARTESIAN_POINT ( 'NONE',  ( 39.21960222758093551, 0.000000000000000000, -6.604841829914341211 ) ) ;
#3698 = PLANE ( 'NONE',  #7334 ) ;
#3699 = EDGE_CURVE ( 'NONE', #4048, #7970, #9020, .T. ) ;
#3700 = FACE_OUTER_BOUND ( 'NONE', #9649, .T. ) ;
#3701 = ORIENTED_EDGE ( 'NONE', *, *, #2634, .T. ) ;
#3702 = CARTESIAN_POINT ( 'NONE',  ( -50.20000000000000995, 14.60000000000000497, -6.749999999999949374 ) ) ;
#3703 = VERTEX_POINT ( 'NONE', #7604 ) ;
#3704 = VECTOR ( 'NONE', #7691, 1000.000000000000000 ) ;
#3705 = CARTESIAN_POINT ( 'NONE',  ( 47.49999999999999289, 11.00000000000000178, 9.500000000000000000 ) ) ;
#3706 = CARTESIAN_POINT ( 'NONE',  ( -2.000000000000008882, 14.50000000000000000, 12.35000000000019149 ) ) ;
#3707 = DIRECTION ( 'NONE',  ( 0.000000000000000000, 0.000000000000000000, 1.000000000000000000 ) ) ;
#3708 = ORIENTED_EDGE ( 'NONE', *, *, #363, .F. ) ;
#3709 = VERTEX_POINT ( 'NONE', #9859 ) ;
#3710 = CARTESIAN_POINT ( 'NONE',  ( -29.81007189365366372, -2.624222992386002318, -8.849999999999997868 ) ) ;
#3711 = ADVANCED_FACE ( 'NONE', ( #3533 ), #2691, .F. ) ;
#3712 = VECTOR ( 'NONE', #6613, 1000.000000000000000 ) ;
#3713 = AXIS2_PLACEMENT_3D ( 'NONE', #3108, #10331, #10388 ) ;
#3714 = VECTOR ( 'NONE', #1451, 1000.000000000000000 ) ;
#3715 = CARTESIAN_POINT ( 'NONE',  ( -31.47472780755319732, 0.08284271247461807985, 3.614999999999999769 ) ) ;
#3716 = ORIENTED_EDGE ( 'NONE', *, *, #6792, .T. ) ;
#3717 = DIRECTION ( 'NONE',  ( -1.000000000000000000, -0.000000000000000000, -0.000000000000000000 ) ) ;
#3718 = EDGE_CURVE ( 'NONE', #8101, #10044, #7628, .T. ) ;
#3719 = EDGE_CURVE ( 'NONE', #5193, #2751, #4224, .T. ) ;
#3720 = VERTEX_POINT ( 'NONE', #198 ) ;
#3721 = CARTESIAN_POINT ( 'NONE',  ( -39.61980179287454717, 0.03950539805616452155, 2.823332963778559357 ) ) ;
#3722 = VECTOR ( 'NONE', #648, 1000.000000000000000 ) ;
#3723 = DIRECTION ( 'NONE',  ( 0.000000000000000000, 0.000000000000000000, 1.000000000000000000 ) ) ;
#3724 = EDGE_LOOP ( 'NONE', ( #7194, #9400, #10086, #9820, #6357 ) ) ;
#3725 = DIRECTION ( 'NONE',  ( -0.000000000000000000, 1.000000000000000000, 2.891205793294675861E-16 ) ) ;
#3726 = VERTEX_POINT ( 'NONE', #1043 ) ;
#3727 = FACE_OUTER_BOUND ( 'NONE', #609, .T. ) ;
#3728 = ADVANCED_FACE ( 'NONE', ( #9960 ), #2741, .T. ) ;
#3729 = LINE ( 'NONE', #10157, #8510 ) ;
#3730 = CARTESIAN_POINT ( 'NONE',  ( -29.84000000000000696, -5.002961977226933143, -2.765000000000000124 ) ) ;
#3731 = ORIENTED_EDGE ( 'NONE', *, *, #9861, .T. ) ;
#3732 = ADVANCED_FACE ( 'NONE', ( #4384 ), #253, .F. ) ;
#3733 = VERTEX_POINT ( 'NONE', #4280 ) ;
#3734 = DIRECTION ( 'NONE',  ( 0.000000000000000000, 0.000000000000000000, -1.000000000000000000 ) ) ;
#3735 = DIRECTION ( 'NONE',  ( 0.4999999999999993339, 0.000000000000000000, -0.8660254037844390407 ) ) ;
#3736 = ORIENTED_EDGE ( 'NONE', *, *, #5993, .T. ) ;
#3737 = CYLINDRICAL_SURFACE ( 'NONE', #10244, 0.2888330770816384119 ) ;
#3738 = VECTOR ( 'NONE', #3560, 999.9999999999998863 ) ;
#3739 = CARTESIAN_POINT ( 'NONE',  ( 38.41765030147765003, 0.1248391197358931504, -7.466862494131279782 ) ) ;
#3740 = CARTESIAN_POINT ( 'NONE',  ( 9.130079849446664397, 0.5000000000000000000, -15.81376217640248427 ) ) ;
#3741 = ADVANCED_FACE ( 'NONE', ( #3486 ), #5186, .T. ) ;
#3742 = CARTESIAN_POINT ( 'NONE',  ( 47.49999999999999289, 8.000000000000000000, -8.649999999999998579 ) ) ;
#3743 = FACE_OUTER_BOUND ( 'NONE', #1131, .T. ) ;
#3744 = ORIENTED_EDGE ( 'NONE', *, *, #3608, .T. ) ;
#3745 = VECTOR ( 'NONE', #10240, 1000.000000000000000 ) ;
#3746 = EDGE_CURVE ( 'NONE', #7228, #7408, #8185, .T. ) ;
#3747 = ORIENTED_EDGE ( 'NONE', *, *, #3762, .F. ) ;
#3748 = CARTESIAN_POINT ( 'NONE',  ( -45.19999999999999574, 14.50000000000000000, 6.750000000000006217 ) ) ;
#3749 = DIRECTION ( 'NONE',  ( -0.000000000000000000, 1.000000000000000000, -0.000000000000000000 ) ) ;
#3750 = VERTEX_POINT ( 'NONE', #4588 ) ;
#3751 = AXIS2_PLACEMENT_3D ( 'NONE', #7348, #9646, #5023 ) ;
#3752 = CARTESIAN_POINT ( 'NONE',  ( -20.00000000000001066, 16.00000000000000000, 13.55000000000000604 ) ) ;
#3753 = LINE ( 'NONE', #6980, #1235 ) ;
#3754 = DIRECTION ( 'NONE',  ( 0.000000000000000000, 0.000000000000000000, -1.000000000000000000 ) ) ;
#3755 = DIRECTION ( 'NONE',  ( 1.000000000000000000, 0.000000000000000000, 0.000000000000000000 ) ) ;
#3756 = ORIENTED_EDGE ( 'NONE', *, *, #10232, .F. ) ;
#3758 = EDGE_CURVE ( 'NONE', #3151, #3519, #2052, .T. ) ;
#3757 = DIRECTION ( 'NONE',  ( -0.000000000000000000, -0.000000000000000000, 1.000000000000000000 ) ) ;
#3759 = ORIENTED_EDGE ( 'NONE', *, *, #8846, .T. ) ;
#3760 = CIRCLE ( 'NONE', #6470, 0.8500000000000000888 ) ;
#3761 = AXIS2_PLACEMENT_3D ( 'NONE', #2632, #9058, #2787 ) ;
#3762 = EDGE_CURVE ( 'NONE', #9433, #8798, #9293, .T. ) ;
#3763 = DIRECTION ( 'NONE',  ( -0.000000000000000000, -1.000000000000000000, -0.000000000000000000 ) ) ;
#3764 = CARTESIAN_POINT ( 'NONE',  ( -52.22340835089975997, 9.594609242404864347, 3.692296232791095978 ) ) ;
#3765 = VECTOR ( 'NONE', #9530, 1000.000000000000000 ) ;
#3766 = DIRECTION ( 'NONE',  ( 1.000000000000000000, 0.000000000000000000, 0.000000000000000000 ) ) ;
#3767 = ORIENTED_EDGE ( 'NONE', *, *, #8575, .F. ) ;
#3768 = FACE_OUTER_BOUND ( 'NONE', #6485, .T. ) ;
#3769 = VECTOR ( 'NONE', #6203, 1000.000000000000000 ) ;
#3770 = CARTESIAN_POINT ( 'NONE',  ( -39.68512705544042518, -1.215015152484107712E-16, -3.491341773655562086 ) ) ;
#3771 = ORIENTED_EDGE ( 'NONE', *, *, #3346, .F. ) ;
#3772 = AXIS2_PLACEMENT_3D ( 'NONE', #2661, #3504, #2558 ) ;
#3773 = ORIENTED_EDGE ( 'NONE', *, *, #8496, .T. ) ;
#3774 = EDGE_CURVE ( 'NONE', #5834, #6007, #7794, .T. ) ;
#3775 = DIRECTION ( 'NONE',  ( 0.000000000000000000, 0.6931369447486612767, 0.7208059210526029936 ) ) ;
#3776 = CARTESIAN_POINT ( 'NONE',  ( -31.47472780755320443, 0.08284271247461903742, -3.614999999999999769 ) ) ;
#3777 = DIRECTION ( 'NONE',  ( 2.668805347656624115E-15, 0.000000000000000000, 1.000000000000000000 ) ) ;
#3778 = AXIS2_PLACEMENT_3D ( 'NONE', #2901, #9283, #8551 ) ;
#3779 = EDGE_LOOP ( 'NONE', ( #5333, #8201 ) ) ;
#3780 = DIRECTION ( 'NONE',  ( 0.000000000000000000, 0.000000000000000000, 1.000000000000000000 ) ) ;
#3781 = VECTOR ( 'NONE', #3238, 1000.000000000000000 ) ;
#3782 = ORIENTED_EDGE ( 'NONE', *, *, #6716, .T. ) ;
#3783 = DIRECTION ( 'NONE',  ( -0.000000000000000000, -0.000000000000000000, 1.000000000000000000 ) ) ;
#3784 = EDGE_CURVE ( 'NONE', #8458, #10125, #7652, .T. ) ;
#3785 = LINE ( 'NONE', #1350, #3312 ) ;
#3786 = CARTESIAN_POINT ( 'NONE',  ( 0.000000000000000000, 14.50000000000000000, -13.25000000000000178 ) ) ;
#3787 = VERTEX_POINT ( 'NONE', #5331 ) ;
#3788 = AXIS2_PLACEMENT_3D ( 'NONE', #3226, #890, #7977 ) ;
#3789 = ORIENTED_EDGE ( 'NONE', *, *, #5939, .F. ) ;
#3790 = EDGE_CURVE ( 'NONE', #6903, #5647, #520, .T. ) ;
#3791 = CARTESIAN_POINT ( 'NONE',  ( -31.51661123066064363, 3.000000000000000000, -20.34067203111825251 ) ) ;
#3792 = DIRECTION ( 'NONE',  ( 0.000000000000000000, 0.000000000000000000, 1.000000000000000000 ) ) ;
#3793 = ORIENTED_EDGE ( 'NONE', *, *, #10027, .F. ) ;
#3794 = FACE_OUTER_BOUND ( 'NONE', #4459, .T. ) ;
#3795 = AXIS2_PLACEMENT_3D ( 'NONE', #4029, #642, #3187 ) ;
#3796 = CARTESIAN_POINT ( 'NONE',  ( -35.50000000000001421, 8.000000000000000000, -12.25000000000000000 ) ) ;
#3797 = CARTESIAN_POINT ( 'NONE',  ( -52.45000000000001705, 7.102280827012616982, -3.001973684210527349 ) ) ;
#3798 = ADVANCED_FACE ( 'NONE', ( #4539 ), #9271, .T. ) ;
#3799 = TOROIDAL_SURFACE ( 'NONE', #923, 9.300000000000013145, 0.2999999999999999889 ) ;
#3800 = FACE_OUTER_BOUND ( 'NONE', #3180, .T. ) ;
#3801 = DIRECTION ( 'NONE',  ( 0.000000000000000000, 0.000000000000000000, -1.000000000000000000 ) ) ;
#3802 = ORIENTED_EDGE ( 'NONE', *, *, #10042, .F. ) ;
#3803 = ORIENTED_EDGE ( 'NONE', *, *, #8209, .F. ) ;
#3804 = VECTOR ( 'NONE', #3182, 1000.000000000000000 ) ;
#3805 = EDGE_CURVE ( 'NONE', #6122, #3671, #7017, .T. ) ;
#3806 = AXIS2_PLACEMENT_3D ( 'NONE', #6069, #8441, #405 ) ;
#3807 = CARTESIAN_POINT ( 'NONE',  ( -51.95000000000000995, 8.400000000000000355, 2.449999999999999734 ) ) ;
#3808 = CARTESIAN_POINT ( 'NONE',  ( 1.408389356733644618E-15, 0.5000000000000004441, 10.24999999999999467 ) ) ;
#3809 = ORIENTED_EDGE ( 'NONE', *, *, #4728, .T. ) ;
#3810 = DIRECTION ( 'NONE',  ( 0.000000000000000000, 1.000000000000000000, 0.000000000000000000 ) ) ;
#3811 = DIRECTION ( 'NONE',  ( 0.000000000000000000, 1.000000000000000000, 0.000000000000000000 ) ) ;
#3812 = AXIS2_PLACEMENT_3D ( 'NONE', #9211, #9365, #1979 ) ;
#3813 = DIRECTION ( 'NONE',  ( -0.000000000000000000, 1.000000000000000000, -0.000000000000000000 ) ) ;
#3814 = CARTESIAN_POINT ( 'NONE',  ( 0.5999999999999912070, 14.50000000000000000, -13.35000000000018971 ) ) ;
#3815 = ORIENTED_EDGE ( 'NONE', *, *, #4367, .T. ) ;
#3816 = DIRECTION ( 'NONE',  ( -3.180326372624142264E-15, -2.746645503629950351E-15, -1.000000000000000000 ) ) ;
#3817 = ORIENTED_EDGE ( 'NONE', *, *, #6661, .T. ) ;
#3818 = ADVANCED_FACE ( 'NONE', ( #1989, #10221 ), #5436, .T. ) ;
#3819 =( NAMED_UNIT ( * ) PLANE_ANGLE_UNIT ( ) SI_UNIT ( $, .RADIAN. ) );
#3820 = DIRECTION ( 'NONE',  ( 1.000000000000000000, -0.000000000000000000, -7.485322442186878744E-17 ) ) ;
#3821 = ORIENTED_EDGE ( 'NONE', *, *, #3955, .F. ) ;
#3822 = LINE ( 'NONE', #10115, #9948 ) ;
#3823 = EDGE_CURVE ( 'NONE', #6118, #1428, #1250, .T. ) ;
#3824 = DIRECTION ( 'NONE',  ( 0.000000000000000000, 0.000000000000000000, 1.000000000000000000 ) ) ;
#3825 = CARTESIAN_POINT ( 'NONE',  ( 26.60635347795576777, 0.2999999999999999889, -5.723830892551231564 ) ) ;
#3826 = ORIENTED_EDGE ( 'NONE', *, *, #4667, .T. ) ;
#3827 = CARTESIAN_POINT ( 'NONE',  ( 6.944920150553280713, 0.000000000000000000, 12.02895455526717150 ) ) ;
#3828 = EDGE_LOOP ( 'NONE', ( #3409, #2761, #2487, #10178 ) ) ;
#3829 = DIRECTION ( 'NONE',  ( 0.7071067811865507924, 0.000000000000000000, -0.7071067811865442421 ) ) ;
#3830 = CYLINDRICAL_SURFACE ( 'NONE', #7601, 1.300000000000000711 ) ;
#3831 = CARTESIAN_POINT ( 'NONE',  ( -20.00000000000001066, 14.50000000000000000, 12.25000000000000178 ) ) ;
#3832 = ORIENTED_EDGE ( 'NONE', *, *, #7095, .F. ) ;
#3833 = CARTESIAN_POINT ( 'NONE',  ( -52.34424071095980935, 7.978246084482198519, -4.159336803306671548 ) ) ;
#3834 = ORIENTED_EDGE ( 'NONE', *, *, #10392, .T. ) ;
#3835 = DIRECTION ( 'NONE',  ( -0.000000000000000000, -1.000000000000000000, -0.000000000000000000 ) ) ;
#3836 = EDGE_CURVE ( 'NONE', #1767, #9247, #6121, .T. ) ;
#3837 = CARTESIAN_POINT ( 'NONE',  ( -31.11939691791956974, 0.5000000000000004441, -3.615000000000000213 ) ) ;
#3838 = LINE ( 'NONE', #8586, #3084 ) ;
#3839 = ORIENTED_EDGE ( 'NONE', *, *, #8117, .T. ) ;
#3840 = VERTEX_POINT ( 'NONE', #7704 ) ;
#3841 = LINE ( 'NONE', #818, #9781 ) ;
#3842 = CARTESIAN_POINT ( 'NONE',  ( 0.000000000000000000, 17.00000000000000000, 13.55000000000000604 ) ) ;
#3843 = DIRECTION ( 'NONE',  ( 0.000000000000000000, 1.000000000000000000, -0.000000000000000000 ) ) ;
#3844 = CARTESIAN_POINT ( 'NONE',  ( 45.25000000000000711, 0.5000000000000000000, -7.249999999999998224 ) ) ;
#3845 = CARTESIAN_POINT ( 'NONE',  ( -52.20455412270069218, 8.628939298215280829, 4.261849622335518006 ) ) ;
#3846 = DIRECTION ( 'NONE',  ( -0.000000000000000000, -0.000000000000000000, 1.000000000000000000 ) ) ;
#3847 = EDGE_CURVE ( 'NONE', #9422, #4090, #1376, .T. ) ;
#3848 = AXIS2_PLACEMENT_3D ( 'NONE', #7504, #5188, #2798 ) ;
#3849 = CARTESIAN_POINT ( 'NONE',  ( -2.000000000000008882, 13.00000000000000178, -12.35000000000019149 ) ) ;
#3850 = VERTEX_POINT ( 'NONE', #4647 ) ;
#3851 = EDGE_LOOP ( 'NONE', ( #2436, #9850, #3577, #7778 ) ) ;
#3852 = ADVANCED_FACE ( 'NONE', ( #2142 ), #10062, .T. ) ;
#3853 = DIRECTION ( 'NONE',  ( -0.000000000000000000, -0.000000000000000000, 1.000000000000000000 ) ) ;
#3854 = VECTOR ( 'NONE', #6320, 1000.000000000000000 ) ;
#3855 = LINE ( 'NONE', #7135, #7063 ) ;
#3856 = ORIENTED_EDGE ( 'NONE', *, *, #10146, .T. ) ;
#3857 = DIRECTION ( 'NONE',  ( 1.000000000000000000, 0.000000000000000000, -5.139921410301689253E-16 ) ) ;
#3858 =( BOUNDED_CURVE ( )  B_SPLINE_CURVE ( 3, ( #2777, #1130, #9945, #1870 ),
 .UNSPECIFIED., .F., .F. ) 
 B_SPLINE_CURVE_WITH_KNOTS ( ( 4, 4 ),
 ( 3.141592653589796225, 4.712388980384690562 ),
 .UNSPECIFIED. ) 
 CURVE ( )  GEOMETRIC_REPRESENTATION_ITEM ( )  RATIONAL_B_SPLINE_CURVE ( ( 1.000000000000000000, 0.8047378541243654926, 0.8047378541243654926, 1.000000000000000000 ) ) 
 REPRESENTATION_ITEM ( '' )  );
#3859 = FACE_OUTER_BOUND ( 'NONE', #3828, .T. ) ;
#3860 = EDGE_CURVE ( 'NONE', #365, #4760, #10143, .T. ) ;
#3861 = CARTESIAN_POINT ( 'NONE',  ( -51.95000000000000995, 6.500000000000000888, 2.449999999999999289 ) ) ;
#3862 = DIRECTION ( 'NONE',  ( -0.000000000000000000, 1.000000000000000000, -0.000000000000000000 ) ) ;
#3863 = ORIENTED_EDGE ( 'NONE', *, *, #6006, .T. ) ;
#3864 = CARTESIAN_POINT ( 'NONE',  ( -52.27563198490999241, 9.491884724233198511, 3.630658523920710312 ) ) ;
#3865 = VECTOR ( 'NONE', #455, 1000.000000000000000 ) ;
#3866 = VERTEX_POINT ( 'NONE', #502 ) ;
#3867 = LINE ( 'NONE', #6556, #4767 ) ;
#3868 = CARTESIAN_POINT ( 'NONE',  ( -8.000000000000008882, 13.00000000000000178, -14.45000000000000107 ) ) ;
#3869 = EDGE_LOOP ( 'NONE', ( #3562, #5142, #6703, #2711, #2903, #1455 ) ) ;
#3870 = ORIENTED_EDGE ( 'NONE', *, *, #5174, .T. ) ;
#3871 = CYLINDRICAL_SURFACE ( 'NONE', #3439, 5.499999999999985789 ) ;
#3872 = EDGE_CURVE ( 'NONE', #3840, #16, #6068, .T. ) ;
#3873 = CARTESIAN_POINT ( 'NONE',  ( -30.14000000000000057, 5.995909431799613998, 2.765000000000000124 ) ) ;
#3874 = LINE ( 'NONE', #5624, #2765 ) ;
#3875 = VERTEX_POINT ( 'NONE', #6859 ) ;
#3876 = DIRECTION ( 'NONE',  ( 0.000000000000000000, 0.000000000000000000, 1.000000000000000000 ) ) ;
#3877 = VECTOR ( 'NONE', #1889, 1000.000000000000000 ) ;
#3878 = ADVANCED_FACE ( 'NONE', ( #1358 ), #2945, .T. ) ;
#3879 = ORIENTED_EDGE ( 'NONE', *, *, #2626, .F. ) ;
#3880 = CARTESIAN_POINT ( 'NONE',  ( 26.06211131251742330, 0.02221052063481734201, -0.2059953629289967281 ) ) ;
#3881 = DIRECTION ( 'NONE',  ( -1.000000000000000000, -0.000000000000000000, 4.476705744456300993E-16 ) ) ;
#3883 = VECTOR ( 'NONE', #4233, 1000.000000000000000 ) ;
#3882 = DIRECTION ( 'NONE',  ( 1.000000000000000000, 0.000000000000000000, 4.231032868236115418E-16 ) ) ;
#3884 = ORIENTED_EDGE ( 'NONE', *, *, #1293, .F. ) ;
#3885 = CARTESIAN_POINT ( 'NONE',  ( -52.25000000000001421, 6.899999999999998579, 2.925000000000023803 ) ) ;
#3886 = VECTOR ( 'NONE', #6807, 1000.000000000000000 ) ;
#3887 = ORIENTED_EDGE ( 'NONE', *, *, #8719, .F. ) ;
#3888 = CARTESIAN_POINT ( 'NONE',  ( 30.95000000000000284, 0.2999999999999999889, -2.350000000000003197 ) ) ;
#3889 = LINE ( 'NONE', #657, #9852 ) ;
#3890 = CYLINDRICAL_SURFACE ( 'NONE', #216, 3.000000000000002665 ) ;
#3891 = ORIENTED_EDGE ( 'NONE', *, *, #4103, .F. ) ;
#3892 = ORIENTED_EDGE ( 'NONE', *, *, #5277, .F. ) ;
#3893 = CARTESIAN_POINT ( 'NONE',  ( -52.23135835191838794, 9.672116944819819651, -3.593343174115887440 ) ) ;
#3894 = DIRECTION ( 'NONE',  ( 0.000000000000000000, 1.000000000000000000, -0.000000000000000000 ) ) ;
#3895 = ADVANCED_FACE ( 'NONE', ( #2841 ), #4910, .T. ) ;
#3896 = DIRECTION ( 'NONE',  ( -1.000000000000000000, -0.000000000000000000, 4.476705744456300993E-16 ) ) ;
#3897 = ORIENTED_EDGE ( 'NONE', *, *, #8508, .F. ) ;
#3898 = DIRECTION ( 'NONE',  ( 0.000000000000000000, 0.000000000000000000, 1.000000000000000000 ) ) ;
#3899 = LINE ( 'NONE', #7124, #2363 ) ;
#3900 = CARTESIAN_POINT ( 'NONE',  ( -52.20422514057982966, 8.851472677953220014, 4.210235238010412218 ) ) ;
#3901 = DIRECTION ( 'NONE',  ( 0.000000000000000000, 0.000000000000000000, 1.000000000000000000 ) ) ;
#3902 = FACE_OUTER_BOUND ( 'NONE', #6978, .T. ) ;
#3903 = FACE_OUTER_BOUND ( 'NONE', #6469, .T. ) ;
#3904 = ORIENTED_EDGE ( 'NONE', *, *, #4110, .F. ) ;
#3905 = ORIENTED_EDGE ( 'NONE', *, *, #5737, .F. ) ;
#3906 = EDGE_CURVE ( 'NONE', #3709, #10299, #3260, .T. ) ;
#3907 = FACE_OUTER_BOUND ( 'NONE', #5383, .T. ) ;
#3908 = DIRECTION ( 'NONE',  ( 0.000000000000000000, 0.000000000000000000, -1.000000000000000000 ) ) ;
#3909 = ORIENTED_EDGE ( 'NONE', *, *, #5299, .F. ) ;
#3910 = CARTESIAN_POINT ( 'NONE',  ( 0.000000000000000000, 16.00000000000000000, 0.000000000000000000 ) ) ;
#3911 = CARTESIAN_POINT ( 'NONE',  ( 31.70000000000002771, 0.5000000000000000000, 6.618695557326044643 ) ) ;
#3912 = ADVANCED_FACE ( 'NONE', ( #3208 ), #7119, .T. ) ;
#3913 = VECTOR ( 'NONE', #6095, 1000.000000000000000 ) ;
#3914 = EDGE_CURVE ( 'NONE', #3456, #2129, #10325, .T. ) ;
#3915 = CARTESIAN_POINT ( 'NONE',  ( 30.50000000000002842, 0.000000000000000000, 6.939106523234632284 ) ) ;
#3916 = CARTESIAN_POINT ( 'NONE',  ( 47.49999999999999289, 3.000000000000000000, -9.499999999999998224 ) ) ;
#3917 = ORIENTED_EDGE ( 'NONE', *, *, #2940, .F. ) ;
#3918 = ORIENTED_EDGE ( 'NONE', *, *, #6973, .F. ) ;
#3919 = EDGE_CURVE ( 'NONE', #7308, #7171, #9535, .T. ) ;
#3920 = AXIS2_PLACEMENT_3D ( 'NONE', #3916, #2273, #4825 ) ;
#3921 = CARTESIAN_POINT ( 'NONE',  ( -31.60047529527845001, 3.276389878762281160, -2.765000000000000124 ) ) ;
#3922 = ORIENTED_EDGE ( 'NONE', *, *, #843, .T. ) ;
#3923 = VERTEX_POINT ( 'NONE', #5646 ) ;
#3924 = DIRECTION ( 'NONE',  ( 0.000000000000000000, 0.000000000000000000, 1.000000000000000000 ) ) ;
#3925 = CYLINDRICAL_SURFACE ( 'NONE', #3795, 9.000000000000012434 ) ;
#3926 = EDGE_CURVE ( 'NONE', #4399, #8607, #8796, .T. ) ;
#3927 = PLANE ( 'NONE',  #8991 ) ;
#3928 = ORIENTED_EDGE ( 'NONE', *, *, #2430, .T. ) ;
#3929 = VECTOR ( 'NONE', #2422, 1000.000000000000000 ) ;
#3930 = VECTOR ( 'NONE', #9629, 1000.000000000000000 ) ;
#3931 = CIRCLE ( 'NONE', #2587, 1.300000000000000711 ) ;
#3932 = ORIENTED_EDGE ( 'NONE', *, *, #1262, .T. ) ;
#3933 = EDGE_CURVE ( 'NONE', #7832, #6231, #7231, .T. ) ;
#3934 = CARTESIAN_POINT ( 'NONE',  ( -30.14000000000000412, 0.5000000000000000000, 3.315000000000000391 ) ) ;
#3935 = CARTESIAN_POINT ( 'NONE',  ( 26.23856210340542461, 0.000000000000000000, -4.550534695598394741 ) ) ;
#3936 = CARTESIAN_POINT ( 'NONE',  ( 35.29364652204419883, -0.001000000000000024307, -5.723830892551262650 ) ) ;
#3937 = EDGE_LOOP ( 'NONE', ( #3782, #3917, #8143, #6570 ) ) ;
#3938 = CARTESIAN_POINT ( 'NONE',  ( -52.20476218285827485, 8.512151297923445270, -4.275054182253104074 ) ) ;
#3939 = VECTOR ( 'NONE', #4675, 1000.000000000000000 ) ;
#3940 = EDGE_LOOP ( 'NONE', ( #9887, #8172, #9996, #8310 ) ) ;
#3941 = LINE ( 'NONE', #1456, #4791 ) ;
#3942 = CARTESIAN_POINT ( 'NONE',  ( -34.00000000000000711, 8.000000000000000000, 12.25000000000000178 ) ) ;
#3943 = DIRECTION ( 'NONE',  ( 0.000000000000000000, 0.000000000000000000, -1.000000000000000000 ) ) ;
#3944 = ORIENTED_EDGE ( 'NONE', *, *, #5673, .T. ) ;
#3945 = ORIENTED_EDGE ( 'NONE', *, *, #2188, .T. ) ;
#3946 = AXIS2_PLACEMENT_3D ( 'NONE', #2857, #7620, #319 ) ;
#3947 = EDGE_CURVE ( 'NONE', #10382, #6202, #1998, .T. ) ;
#3948 = CARTESIAN_POINT ( 'NONE',  ( -52.24731767899169199, 9.837999709794040371, -3.258922934676001137 ) ) ;
#3949 = AXIS2_PLACEMENT_3D ( 'NONE', #8206, #5678, #744 ) ;
#3950 = DIRECTION ( 'NONE',  ( -1.000000000000000000, 0.000000000000000000, -7.304098846218136886E-17 ) ) ;
#3951 = ORIENTED_EDGE ( 'NONE', *, *, #2112, .T. ) ;
#3952 = CARTESIAN_POINT ( 'NONE',  ( -52.34423006580575333, 8.821493285070527435, 4.159434162369263888 ) ) ;
#3953 = CARTESIAN_POINT ( 'NONE',  ( 22.80788180854702318, 0.2999999999999999889, 1.484828725824713480 ) ) ;
#3954 = DIRECTION ( 'NONE',  ( 0.000000000000000000, 1.000000000000000000, 0.000000000000000000 ) ) ;
#3955 = EDGE_CURVE ( 'NONE', #3309, #9072, #3047, .T. ) ;
#3956 = CARTESIAN_POINT ( 'NONE',  ( -39.58434658500975445, 0.1071145293931473896, 2.787877755913764855 ) ) ;
#3957 = DIRECTION ( 'NONE',  ( 0.000000000000000000, 0.000000000000000000, -1.000000000000000000 ) ) ;
#3958 = CIRCLE ( 'NONE', #4809, 1.300000000000000266 ) ;
#3959 = FACE_OUTER_BOUND ( 'NONE', #3512, .T. ) ;
#3960 = ORIENTED_EDGE ( 'NONE', *, *, #8822, .F. ) ;
#3961 = ORIENTED_EDGE ( 'NONE', *, *, #5514, .F. ) ;
#3962 = VECTOR ( 'NONE', #4378, 1000.000000000000000 ) ;
#3963 = AXIS2_PLACEMENT_3D ( 'NONE', #1950, #1796, #1840 ) ;
#3964 = CARTESIAN_POINT ( 'NONE',  ( -39.63977263648107652, 17.00100000000000122, -2.765000000000000124 ) ) ;
#3965 = LINE ( 'NONE', #2429, #5224 ) ;
#3966 = VERTEX_POINT ( 'NONE', #1463 ) ;
#3967 = PLANE ( 'NONE',  #3117 ) ;
#3968 = FACE_OUTER_BOUND ( 'NONE', #10138, .T. ) ;
#3969 = CARTESIAN_POINT ( 'NONE',  ( 51.95000000000000284, 9.000000000000001776, -9.499999999999964473 ) ) ;
#3970 = VECTOR ( 'NONE', #2272, 1000.000000000000000 ) ;
#3971 = EDGE_CURVE ( 'NONE', #8505, #203, #4694, .T. ) ;
#3972 = VERTEX_POINT ( 'NONE', #3103 ) ;
#3973 = AXIS2_PLACEMENT_3D ( 'NONE', #5904, #2731, #927 ) ;
#3974 = ORIENTED_EDGE ( 'NONE', *, *, #1814, .T. ) ;
#3975 = CARTESIAN_POINT ( 'NONE',  ( 31.70000000000002061, 0.2999999999999999889, 3.098623679425835942 ) ) ;
#3976 = ORIENTED_EDGE ( 'NONE', *, *, #9419, .F. ) ;
#3977 = VECTOR ( 'NONE', #1452, 1000.000000000000000 ) ;
#3978 = VERTEX_POINT ( 'NONE', #10434 ) ;
#3979 = CARTESIAN_POINT ( 'NONE',  ( -31.22777815357900622, 3.000000000000000000, -3.615000000000000213 ) ) ;
#3980 = LINE ( 'NONE', #692, #3939 ) ;
#3981 = DIRECTION ( 'NONE',  ( 0.000000000000000000, 0.000000000000000000, -1.000000000000000000 ) ) ;
#3982 = CARTESIAN_POINT ( 'NONE',  ( 30.49999999999998224, 0.000000000000000000, -7.530492254602825675 ) ) ;
#3983 = ADVANCED_FACE ( 'NONE', ( #8067 ), #8902, .T. ) ;
#3984 = ORIENTED_EDGE ( 'NONE', *, *, #5213, .T. ) ;
#3985 = ORIENTED_EDGE ( 'NONE', *, *, #6847, .T. ) ;
#3986 = EDGE_CURVE ( 'NONE', #9659, #4881, #7910, .T. ) ;
#3987 = CARTESIAN_POINT ( 'NONE',  ( 23.55788180854701608, 0.2505450496179602582, 2.783866831501378591 ) ) ;
#3988 = CARTESIAN_POINT ( 'NONE',  ( 25.91802043089036189, 0.1300423822510691774, -4.445814107907263057 ) ) ;
#3989 = ORIENTED_EDGE ( 'NONE', *, *, #9019, .F. ) ;
#3990 = LINE ( 'NONE', #7222, #2678 ) ;
#3991 = ORIENTED_EDGE ( 'NONE', *, *, #2962, .T. ) ;
#3992 = CARTESIAN_POINT ( 'NONE',  ( -30.30484636607248561, -1.468623938954177977, -20.34067203111825251 ) ) ;
#3993 = EDGE_CURVE ( 'NONE', #3342, #1609, #1042, .T. ) ;
#3994 = CARTESIAN_POINT ( 'NONE',  ( 23.13039777241908013, 0.000000000000000000, 2.684264693320338679 ) ) ;
#3995 = PLANE ( 'NONE',  #8145 ) ;
#3996 = ORIENTED_EDGE ( 'NONE', *, *, #4992, .F. ) ;
#3997 = ORIENTED_EDGE ( 'NONE', *, *, #6692, .F. ) ;
#3998 = DIRECTION ( 'NONE',  ( 0.000000000000000000, 0.000000000000000000, -1.000000000000000000 ) ) ;
#3999 = LINE ( 'NONE', #9607, #4599 ) ;
#4000 = ORIENTED_EDGE ( 'NONE', *, *, #1081, .T. ) ;
#4001 = CARTESIAN_POINT ( 'NONE',  ( -52.35967909479732896, 9.110328841451311277, 4.018973549586682736 ) ) ;
#4002 = CARTESIAN_POINT ( 'NONE',  ( -45.20000000000000284, 8.000000000000000000, -6.750000000000000888 ) ) ;
#4003 = CARTESIAN_POINT ( 'NONE',  ( 50.25000000000000000, 13.00000000000000178, -4.000000000000000000 ) ) ;
#4004 = LINE ( 'NONE', #2310, #10345 ) ;
#4005 = EDGE_CURVE ( 'NONE', #2662, #2402, #8471, .T. ) ;
#4006 = LINE ( 'NONE', #1565, #1440 ) ;
#4007 = PLANE ( 'NONE',  #9309 ) ;
#4008 = VERTEX_POINT ( 'NONE', #10384 ) ;
#4009 = ORIENTED_EDGE ( 'NONE', *, *, #9282, .F. ) ;
#4010 = EDGE_CURVE ( 'NONE', #2676, #5883, #1249, .T. ) ;
#4011 = CARTESIAN_POINT ( 'NONE',  ( 47.50000000000000000, 11.00000000000000178, -9.500000000000001776 ) ) ;
#4012 = DIRECTION ( 'NONE',  ( 0.000000000000000000, 1.000000000000000000, -0.000000000000000000 ) ) ;
#4013 = ORIENTED_EDGE ( 'NONE', *, *, #9085, .F. ) ;
#4014 = B_SPLINE_CURVE_WITH_KNOTS ( 'NONE', 3,
 ( #9916, #2696, #9966, #3643, #5924, #9124, #7561, #9178 ),
 .UNSPECIFIED., .F., .F.,
 ( 4, 2, 2, 4 ),
 ( 0.000000000000000000, 0.0001382025733524839823, 0.0002764051467049679646, 0.0005528102934099374472 ),
 .UNSPECIFIED. ) ;
#4015 = AXIS2_PLACEMENT_3D ( 'NONE', #7963, #5648, #3898 ) ;
#4016 = DIRECTION ( 'NONE',  ( 0.000000000000000000, 1.000000000000000000, -0.000000000000000000 ) ) ;
#4017 = DIRECTION ( 'NONE',  ( -0.000000000000000000, -0.000000000000000000, 1.000000000000000000 ) ) ;
#4018 = ORIENTED_EDGE ( 'NONE', *, *, #9854, .T. ) ;
#4019 = PLANE ( 'NONE',  #8186 ) ;
#4020 = CARTESIAN_POINT ( 'NONE',  ( 3.099999999999990763, 14.50000000000000000, 13.35000000000019149 ) ) ;
#4021 = ORIENTED_EDGE ( 'NONE', *, *, #485, .T. ) ;
#4022 = ORIENTED_EDGE ( 'NONE', *, *, #6638, .F. ) ;
#4023 = AXIS2_PLACEMENT_3D ( 'NONE', #293, #343, #9800 ) ;
#4024 = CARTESIAN_POINT ( 'NONE',  ( -20.00000000000001066, 9.000000000000001776, 2.352167425053299179E-15 ) ) ;
#4025 = ORIENTED_EDGE ( 'NONE', *, *, #7162, .F. ) ;
#4026 = ORIENTED_EDGE ( 'NONE', *, *, #9315, .T. ) ;
#4027 = CARTESIAN_POINT ( 'NONE',  ( -39.76146882909598901, 0.1999999999999996503, -20.34067203111825251 ) ) ;
#4028 = DIRECTION ( 'NONE',  ( 2.001604010742475186E-15, 0.000000000000000000, 1.000000000000000000 ) ) ;
#4029 = CARTESIAN_POINT ( 'NONE',  ( 30.95000000000000284, -0.001000000000000024307, -2.350000000000003197 ) ) ;
#4030 = AXIS2_PLACEMENT_3D ( 'NONE', #9763, #1681, #3170 ) ;
#4031 = LINE ( 'NONE', #7890, #4626 ) ;
#4032 = ORIENTED_EDGE ( 'NONE', *, *, #6705, .F. ) ;
#4033 = EDGE_LOOP ( 'NONE', ( #2640, #5394, #5245, #6265, #3191, #5078, #4032, #6715, #2549, #8532 ) ) ;
#4034 = DIRECTION ( 'NONE',  ( -0.000000000000000000, -1.000000000000000000, -0.000000000000000000 ) ) ;
#4035 = FACE_BOUND ( 'NONE', #478, .T. ) ;
#4036 = EDGE_CURVE ( 'NONE', #496, #9561, #3999, .T. ) ;
#4037 = DIRECTION ( 'NONE',  ( 0.000000000000000000, 0.000000000000000000, -1.000000000000000000 ) ) ;
#4038 = EDGE_LOOP ( 'NONE', ( #2062, #9193, #4504, #8511 ) ) ;
#4039 = LINE ( 'NONE', #10422, #6885 ) ;
#4040 = EDGE_LOOP ( 'NONE', ( #1360, #9979, #10400, #5227 ) ) ;
#4041 = DIRECTION ( 'NONE',  ( 0.000000000000000000, 1.000000000000000000, -0.000000000000000000 ) ) ;
#4042 = VECTOR ( 'NONE', #9251, 1000.000000000000000 ) ;
#4043 = EDGE_CURVE ( 'NONE', #10396, #3219, #2221, .T. ) ;
#4044 = EDGE_CURVE ( 'NONE', #313, #952, #5455, .T. ) ;
#4045 = DIRECTION ( 'NONE',  ( -0.8660254037843672092, 0.000000000000000000, -0.5000000000001236788 ) ) ;
#4046 = DIRECTION ( 'NONE',  ( 1.000000000000000000, -0.000000000000000000, -0.000000000000000000 ) ) ;
#4047 = ORIENTED_EDGE ( 'NONE', *, *, #7870, .T. ) ;
#4048 = VERTEX_POINT ( 'NONE', #9444 ) ;
#4049 = AXIS2_PLACEMENT_3D ( 'NONE', #6027, #9228, #6127 ) ;
#4050 = DIRECTION ( 'NONE',  ( -1.176083712526649195E-16, 0.000000000000000000, -1.000000000000000000 ) ) ;
#4051 = VECTOR ( 'NONE', #5424, 1000.000000000000000 ) ;
#4052 = CARTESIAN_POINT ( 'NONE',  ( -53.20100000000002183, 11.34999999999999964, 3.299999999999999378 ) ) ;
#4053 = EDGE_CURVE ( 'NONE', #736, #975, #7934, .T. ) ;
#4054 = ORIENTED_EDGE ( 'NONE', *, *, #2767, .T. ) ;
#4055 = CARTESIAN_POINT ( 'NONE',  ( -52.34852525087674735, 8.922784203746674692, 4.120007057094563052 ) ) ;
#4056 = B_SPLINE_CURVE_WITH_KNOTS ( 'NONE', 3,
 ( #2317, #1475, #8760, #1372, #680, #4603 ),
 .UNSPECIFIED., .F., .F.,
 ( 4, 2, 4 ),
 ( 0.000000000000000000, 0.0003916002862991423573, 0.0007832005725982847145 ),
 .UNSPECIFIED. ) ;
#4057 = DIRECTION ( 'NONE',  ( -0.000000000000000000, 1.000000000000000000, -0.000000000000000000 ) ) ;
#4058 = CARTESIAN_POINT ( 'NONE',  ( -25.50000000000001066, 13.00000000000000178, -13.55000000000000249 ) ) ;
#4059 = CARTESIAN_POINT ( 'NONE',  ( 36.04364652204420594, 0.2531612188914927342, -4.424792786874607309 ) ) ;
#4060 = CIRCLE ( 'NONE', #5581, 5.499999999999985789 ) ;
#4061 = ADVANCED_FACE ( 'NONE', ( #7881 ), #685, .F. ) ;
#4062 = VECTOR ( 'NONE', #10417, 1000.000000000000000 ) ;
#4063 = DIRECTION ( 'NONE',  ( -0.000000000000000000, 0.000000000000000000, 1.000000000000000000 ) ) ;
#4064 = DIRECTION ( 'NONE',  ( -0.000000000000000000, 1.000000000000000000, -0.000000000000000000 ) ) ;
#4065 = VERTEX_POINT ( 'NONE', #4020 ) ;
#4066 = ORIENTED_EDGE ( 'NONE', *, *, #5342, .T. ) ;
#4067 = CYLINDRICAL_SURFACE ( 'NONE', #2213, 0.1999999999999987899 ) ;
#4068 = ADVANCED_FACE ( 'NONE', ( #7253 ), #3, .F. ) ;
#4069 = CYLINDRICAL_SURFACE ( 'NONE', #9846, 9.000000000000012434 ) ;
#4070 = AXIS2_PLACEMENT_3D ( 'NONE', #3607, #4308, #4514 ) ;
#4071 = CARTESIAN_POINT ( 'NONE',  ( -39.58434658500975445, 0.1071145293931473758, -2.787877755913764410 ) ) ;
#4072 = ORIENTED_EDGE ( 'NONE', *, *, #1912, .F. ) ;
#4073 = DIRECTION ( 'NONE',  ( 0.000000000000000000, 1.000000000000000000, 0.000000000000000000 ) ) ;
#4074 = DIRECTION ( 'NONE',  ( 0.000000000000000000, -0.000000000000000000, 1.000000000000000000 ) ) ;
#4075 = ORIENTED_EDGE ( 'NONE', *, *, #4854, .T. ) ;
#4076 = EDGE_CURVE ( 'NONE', #5776, #2874, #9720, .T. ) ;
#4077 = CYLINDRICAL_SURFACE ( 'NONE', #9021, 3.000000000000002665 ) ;
#4078 = CARTESIAN_POINT ( 'NONE',  ( -31.51661123066064363, 3.000000000000000000, 8.349999999999997868 ) ) ;
#4079 = EDGE_LOOP ( 'NONE', ( #2509, #2652, #9895, #9047, #2393, #418, #7461, #9065 ) ) ;
#4080 = EDGE_CURVE ( 'NONE', #8127, #264, #788, .T. ) ;
#4081 = ORIENTED_EDGE ( 'NONE', *, *, #8779, .T. ) ;
#4082 = CARTESIAN_POINT ( 'NONE',  ( 39.16385371214061450, 0.02145563245112851875, 1.717410124218897050 ) ) ;
#4083 = VERTEX_POINT ( 'NONE', #3014 ) ;
#4084 = CARTESIAN_POINT ( 'NONE',  ( 30.95000000000000284, 0.000000000000000000, -2.350000000000003197 ) ) ;
#4085 = FACE_OUTER_BOUND ( 'NONE', #9018, .T. ) ;
#4086 = DIRECTION ( 'NONE',  ( 0.000000000000000000, -0.000000000000000000, 1.000000000000000000 ) ) ;
#4087 = CARTESIAN_POINT ( 'NONE',  ( 1.036764281119435083, 13.00000000000000178, 14.75000000000000178 ) ) ;
#4088 = ADVANCED_FACE ( 'NONE', ( #10292 ), #9555, .T. ) ;
#4089 = FACE_OUTER_BOUND ( 'NONE', #7136, .T. ) ;
#4090 = VERTEX_POINT ( 'NONE', #6456 ) ;
#4091 = CIRCLE ( 'NONE', #9975, 0.2000000000000002331 ) ;
#4092 = ORIENTED_EDGE ( 'NONE', *, *, #6917, .F. ) ;
#4093 = DIRECTION ( 'NONE',  ( -0.000000000000000000, 0.000000000000000000, 1.000000000000000000 ) ) ;
#4094 = CARTESIAN_POINT ( 'NONE',  ( -20.00000000000001066, 16.00001200000000168, 2.352167425053299179E-15 ) ) ;
#4095 = CARTESIAN_POINT ( 'NONE',  ( 30.20000000000002771, 0.2531612188914915129, 3.098623679425835498 ) ) ;
#4096 = EDGE_LOOP ( 'NONE', ( #5201, #2039, #7766, #4663, #5203 ) ) ;
#4097 = LINE ( 'NONE', #1454, #9755 ) ;
#4098 = DIRECTION ( 'NONE',  ( 0.000000000000000000, 1.000000000000000000, 0.000000000000000000 ) ) ;
#4099 = AXIS2_PLACEMENT_3D ( 'NONE', #6017, #8433, #3632 ) ;
#4100 = VECTOR ( 'NONE', #4425, 1000.000000000000000 ) ;
#4101 = DIRECTION ( 'NONE',  ( 0.000000000000000000, 0.000000000000000000, -1.000000000000000000 ) ) ;
#4102 = CARTESIAN_POINT ( 'NONE',  ( 35.29364652204419883, 0.2999999999999999889, -5.723830892551262650 ) ) ;
#4103 = EDGE_CURVE ( 'NONE', #8746, #3350, #2438, .T. ) ;
#4104 = ORIENTED_EDGE ( 'NONE', *, *, #219, .T. ) ;
#4105 = LINE ( 'NONE', #5902, #6085 ) ;
#4106 = CIRCLE ( 'NONE', #6642, 1.900000000000000577 ) ;
#4107 = CARTESIAN_POINT ( 'NONE',  ( 31.62510858178175255, 0.09795398803915360275, -7.733001662233784046 ) ) ;
#4108 = ORIENTED_EDGE ( 'NONE', *, *, #2179, .T. ) ;
#4109 = CARTESIAN_POINT ( 'NONE',  ( -31.11939691791956974, 0.5000000000000004441, -20.34067203111825251 ) ) ;
#4110 = EDGE_CURVE ( 'NONE', #1549, #9723, #8873, .T. ) ;
#4111 = VECTOR ( 'NONE', #9690, 1000.000000000000000 ) ;
#4112 = DIRECTION ( 'NONE',  ( 0.5000000000000001110, 0.000000000000000000, 0.8660254037844385966 ) ) ;
#4113 = LINE ( 'NONE', #7288, #6397 ) ;
#4114 = CARTESIAN_POINT ( 'NONE',  ( 0.000000000000000000, 4.899999999999999467, -8.849999999999997868 ) ) ;
#4115 = LINE ( 'NONE', #9756, #1789 ) ;
#4116 = VECTOR ( 'NONE', #7382, 1000.000000000000000 ) ;
#4117 = CARTESIAN_POINT ( 'NONE',  ( -3.368395098984093647E-17, 14.59999999999999964, -11.75000000000000355 ) ) ;
#4118 = EDGE_CURVE ( 'NONE', #1541, #2293, #527, .T. ) ;
#4119 = ORIENTED_EDGE ( 'NONE', *, *, #3530, .T. ) ;
#4120 = AXIS2_PLACEMENT_3D ( 'NONE', #9676, #7159, #9455 ) ;
#4121 = VERTEX_POINT ( 'NONE', #3177 ) ;
#4122 = CARTESIAN_POINT ( 'NONE',  ( -51.25000000000001421, 14.50000000000000000, -9.499999999999976907 ) ) ;
#4123 = EDGE_CURVE ( 'NONE', #10313, #6098, #5668, .T. ) ;
#4124 = DIRECTION ( 'NONE',  ( 0.000000000000000000, 0.000000000000000000, -1.000000000000000000 ) ) ;
#4125 = VECTOR ( 'NONE', #5511, 1000.000000000000000 ) ;
#4126 = DIRECTION ( 'NONE',  ( -0.000000000000000000, 3.469446951953614682E-16, 1.000000000000000000 ) ) ;
#4127 = ORIENTED_EDGE ( 'NONE', *, *, #70, .T. ) ;
#4128 = AXIS2_PLACEMENT_3D ( 'NONE', #4011, #5660, #4178 ) ;
#4129 = AXIS2_PLACEMENT_3D ( 'NONE', #4610, #321, #370 ) ;
#4130 = CARTESIAN_POINT ( 'NONE',  ( 39.09768490291496335, 0.2034051652805246302, -6.202567585311997256 ) ) ;
#4131 = DIRECTION ( 'NONE',  ( 0.000000000000000000, -1.000000000000000000, 0.000000000000000000 ) ) ;
#4132 = ORIENTED_EDGE ( 'NONE', *, *, #1601, .F. ) ;
#4133 = DIRECTION ( 'NONE',  ( -0.000000000000000000, -1.000000000000000000, -0.000000000000000000 ) ) ;
#4134 = EDGE_CURVE ( 'NONE', #8616, #4436, #8037, .T. ) ;
#4135 = ORIENTED_EDGE ( 'NONE', *, *, #6414, .F. ) ;
#4136 = VERTEX_POINT ( 'NONE', #3814 ) ;
#4137 = AXIS2_PLACEMENT_3D ( 'NONE', #1503, #8585, #2989 ) ;
#4138 = VECTOR ( 'NONE', #5400, 1000.000000000000000 ) ;
#4139 = CARTESIAN_POINT ( 'NONE',  ( -30.13203748537936733, 5.996123729295902649, -3.614894311984932607 ) ) ;
#4140 = ORIENTED_EDGE ( 'NONE', *, *, #2001, .T. ) ;
#4141 = CARTESIAN_POINT ( 'NONE',  ( 41.25000000000000711, 6.000000000000000000, 10.25000000000000178 ) ) ;
#4142 = DIRECTION ( 'NONE',  ( 1.000000000000000000, -0.000000000000000000, -0.000000000000000000 ) ) ;
#4143 = PLANE ( 'NONE',  #7657 ) ;
#4144 = VECTOR ( 'NONE', #10291, 1000.000000000000000 ) ;
#4145 = VECTOR ( 'NONE', #6991, 1000.000000000000000 ) ;
#4146 = DIRECTION ( 'NONE',  ( 0.000000000000000000, 1.000000000000000000, 2.891205793294675861E-16 ) ) ;
#4147 = EDGE_CURVE ( 'NONE', #1811, #3750, #7472, .T. ) ;
#4148 = ORIENTED_EDGE ( 'NONE', *, *, #7587, .F. ) ;
#4149 = ORIENTED_EDGE ( 'NONE', *, *, #6395, .T. ) ;
#4150 = DIRECTION ( 'NONE',  ( -0.000000000000000000, -1.000000000000000000, -0.000000000000000000 ) ) ;
#4151 = VECTOR ( 'NONE', #4867, 1000.000000000000000 ) ;
#4152 = EDGE_CURVE ( 'NONE', #4942, #10229, #1688, .T. ) ;
#4153 = CARTESIAN_POINT ( 'NONE',  ( 37.45000000000000284, 0.5000000000000000000, 6.484690356689041479 ) ) ;
#4154 = VERTEX_POINT ( 'NONE', #9817 ) ;
#4155 = CARTESIAN_POINT ( 'NONE',  ( -52.40568058483292901, 9.484780085661501658, -3.641416195903037334 ) ) ;
#4156 = LINE ( 'NONE', #3514, #4116 ) ;
#4157 = CARTESIAN_POINT ( 'NONE',  ( -34.34233853611036835, 0.1265113557324328841, -8.863990808926775600 ) ) ;
#4158 = CARTESIAN_POINT ( 'NONE',  ( -52.20882673043997357, 9.446674361054276048, 3.879343854973042127 ) ) ;
#4159 = AXIS2_PLACEMENT_3D ( 'NONE', #9264, #1882, #4331 ) ;
#4160 = B_SPLINE_CURVE_WITH_KNOTS ( 'NONE', 3,
 ( #9569, #6209, #10208, #10308, #5526, #3880, #2236, #3030 ),
 .UNSPECIFIED., .F., .F.,
 ( 4, 2, 2, 4 ),
 ( 0.000000000000000000, 0.0001382025733524831421, 0.0002764051467049662841, 0.0005528102934099325683 ),
 .UNSPECIFIED. ) ;
#4161 = DIRECTION ( 'NONE',  ( 0.5000000000001236788, 0.000000000000000000, -0.8660254037843672092 ) ) ;
#4162 = ORIENTED_EDGE ( 'NONE', *, *, #9644, .T. ) ;
#4163 = DIRECTION ( 'NONE',  ( 0.000000000000000000, 0.000000000000000000, 1.000000000000000000 ) ) ;
#4164 = FACE_OUTER_BOUND ( 'NONE', #1812, .T. ) ;
#4165 = DIRECTION ( 'NONE',  ( 0.000000000000000000, 0.000000000000000000, 1.000000000000000000 ) ) ;
#4166 = ORIENTED_EDGE ( 'NONE', *, *, #1735, .F. ) ;
#4167 = CARTESIAN_POINT ( 'NONE',  ( 30.36555363911333316, 0.02145563245112850834, 6.797111039792337550 ) ) ;
#4168 = LINE ( 'NONE', #3371, #8815 ) ;
#4169 = CARTESIAN_POINT ( 'NONE',  ( 0.5999999999999912070, 13.00000000000000178, 13.35000000000018971 ) ) ;
#4170 = EDGE_CURVE ( 'NONE', #9698, #8295, #9125, .T. ) ;
#4171 = CARTESIAN_POINT ( 'NONE',  ( -30.13203748537938864, 5.996123729295900873, 8.643749989102962772 ) ) ;
#4172 = DIRECTION ( 'NONE',  ( -1.000000000000000000, 0.000000000000000000, 0.000000000000000000 ) ) ;
#4173 = DIRECTION ( 'NONE',  ( 1.000000000000000000, 0.000000000000000000, 0.000000000000000000 ) ) ;
#4174 = ORIENTED_EDGE ( 'NONE', *, *, #4574, .T. ) ;
#4175 = ORIENTED_EDGE ( 'NONE', *, *, #6590, .T. ) ;
#4176 = DIRECTION ( 'NONE',  ( 1.000000000000000000, 0.000000000000000000, 0.000000000000000000 ) ) ;
#4177 = CARTESIAN_POINT ( 'NONE',  ( -51.22917112000553885, 16.00000000000000000, 9.894693245086287448 ) ) ;
#4178 = DIRECTION ( 'NONE',  ( 0.000000000000000000, 0.000000000000000000, 1.000000000000000000 ) ) ;
#4179 = LINE ( 'NONE', #5772, #8916 ) ;
#4180 = EDGE_CURVE ( 'NONE', #5126, #2501, #2699, .T. ) ;
#4181 = ORIENTED_EDGE ( 'NONE', *, *, #8321, .T. ) ;
#4182 = DIRECTION ( 'NONE',  ( 0.000000000000000000, 1.000000000000000000, -0.000000000000000000 ) ) ;
#4183 = CARTESIAN_POINT ( 'NONE',  ( -19.99999999999993960, 13.00000000000000178, -1.067522139062646364E-13 ) ) ;
#4184 = VERTEX_POINT ( 'NONE', #998 ) ;
#4185 = DIRECTION ( 'NONE',  ( -0.000000000000000000, -0.000000000000000000, 1.000000000000000000 ) ) ;
#4186 = VERTEX_POINT ( 'NONE', #1745 ) ;
#4187 = EDGE_CURVE ( 'NONE', #5905, #6818, #8138, .T. ) ;
#4188 = ADVANCED_FACE ( 'NONE', ( #4988 ), #7511, .F. ) ;
#4189 = EDGE_LOOP ( 'NONE', ( #4306, #2688, #1397, #5780 ) ) ;
#4190 = DIRECTION ( 'NONE',  ( -1.000000000000000000, 0.000000000000000000, 0.000000000000000000 ) ) ;
#4191 = CIRCLE ( 'NONE', #5374, 0.3000000000000000444 ) ;
#4192 = EDGE_CURVE ( 'NONE', #9723, #950, #366, .T. ) ;
#4193 = ORIENTED_EDGE ( 'NONE', *, *, #5567, .T. ) ;
#4194 = DIRECTION ( 'NONE',  ( 0.000000000000000000, 1.000000000000000000, -0.000000000000000000 ) ) ;
#4195 = CARTESIAN_POINT ( 'NONE',  ( -35.26554871542300162, 0.2000000000000000111, 8.349999999999997868 ) ) ;
#4196 = DIRECTION ( 'NONE',  ( 0.000000000000000000, 0.000000000000000000, 1.000000000000000000 ) ) ;
#4197 = LINE ( 'NONE', #1758, #6647 ) ;
#4198 = ORIENTED_EDGE ( 'NONE', *, *, #7667, .T. ) ;
#4199 = CIRCLE ( 'NONE', #462, 0.1999999999999987899 ) ;
#4200 = VERTEX_POINT ( 'NONE', #157 ) ;
#4201 = DIRECTION ( 'NONE',  ( 1.000000000000000000, 0.000000000000000000, 7.304098846218136886E-17 ) ) ;
#4202 = ADVANCED_FACE ( 'NONE', ( #8244 ), #9870, .T. ) ;
#4203 = ORIENTED_EDGE ( 'NONE', *, *, #7445, .T. ) ;
#4204 = CARTESIAN_POINT ( 'NONE',  ( -52.00324649621061468, 8.158793872361021826, 4.338515617864549867 ) ) ;
#4205 = CIRCLE ( 'NONE', #7732, 0.1999999999999987899 ) ;
#4206 = CARTESIAN_POINT ( 'NONE',  ( -23.23676428111944148, 13.00000000000000178, 14.75000000000000355 ) ) ;
#4207 = DIRECTION ( 'NONE',  ( 0.000000000000000000, 0.000000000000000000, -1.000000000000000000 ) ) ;
#4208 = CARTESIAN_POINT ( 'NONE',  ( -52.26327769597670425, 7.873890648591516772, 4.118545122950717285 ) ) ;
#4209 = VECTOR ( 'NONE', #8175, 1000.000000000000114 ) ;
#4210 = VERTEX_POINT ( 'NONE', #7409 ) ;
#4211 = CARTESIAN_POINT ( 'NONE',  ( -30.13203748537938864, 5.996123729295900873, -20.34067203111825251 ) ) ;
#4212 = DIRECTION ( 'NONE',  ( 1.000000000000000000, -0.000000000000000000, -0.000000000000000000 ) ) ;
#4213 = DIRECTION ( 'NONE',  ( 1.000000000000000000, 0.000000000000000000, 4.231032868236115418E-16 ) ) ;
#4214 = EDGE_LOOP ( 'NONE', ( #1251, #3242, #8039, #5820 ) ) ;
#4215 = LINE ( 'NONE', #7593, #7239 ) ;
#4216 = DIRECTION ( 'NONE',  ( -0.8660254037844380415, -0.000000000000000000, 0.5000000000000009992 ) ) ;
#4217 = LINE ( 'NONE', #1782, #159 ) ;
#4218 = DIRECTION ( 'NONE',  ( -0.000000000000000000, 1.000000000000000000, -0.000000000000000000 ) ) ;
#4219 = DIRECTION ( 'NONE',  ( -1.000000000000000000, 0.000000000000000000, -1.380801687650050777E-15 ) ) ;
#4220 = ORIENTED_EDGE ( 'NONE', *, *, #4508, .F. ) ;
#4221 = VECTOR ( 'NONE', #7590, 1000.000000000000000 ) ;
#4222 = EDGE_LOOP ( 'NONE', ( #3716, #3793, #5574, #2819 ) ) ;
#4223 = EDGE_CURVE ( 'NONE', #928, #5422, #8088, .T. ) ;
#4224 = LINE ( 'NONE', #9117, #8964 ) ;
#4225 = CARTESIAN_POINT ( 'NONE',  ( -52.11955117507862667, 8.275153950283343107, 4.349906030956656622 ) ) ;
#4226 = CARTESIAN_POINT ( 'NONE',  ( -53.20100000000002183, 11.35000000000000320, -3.299999999999998490 ) ) ;
#4227 = DIRECTION ( 'NONE',  ( -1.000000000000000000, 6.193764225599474254E-15, 0.000000000000000000 ) ) ;
#4228 = AXIS2_PLACEMENT_3D ( 'NONE', #4342, #5283, #5138 ) ;
#4229 = ORIENTED_EDGE ( 'NONE', *, *, #6836, .F. ) ;
#4230 = VECTOR ( 'NONE', #6909, 1000.000000000000000 ) ;
#4231 = CARTESIAN_POINT ( 'NONE',  ( 3.099999999999990763, 13.00000000000000178, 13.35000000000019149 ) ) ;
#4232 = VECTOR ( 'NONE', #1716, 1000.000000000000000 ) ;
#4233 = DIRECTION ( 'NONE',  ( -0.000000000000000000, -1.000000000000000000, -0.000000000000000000 ) ) ;
#4234 = EDGE_LOOP ( 'NONE', ( #8165, #9224, #7935, #3127, #6356, #7028, #9387 ) ) ;
#4235 = CARTESIAN_POINT ( 'NONE',  ( -52.34422460401103905, 7.978776088857458149, 4.159484018988001353 ) ) ;
#4236 = ORIENTED_EDGE ( 'NONE', *, *, #8267, .F. ) ;
#4237 = EDGE_LOOP ( 'NONE', ( #5708, #287, #6656, #9939 ) ) ;
#4238 = EDGE_CURVE ( 'NONE', #6667, #8963, #6615, .T. ) ;
#4239 = VECTOR ( 'NONE', #4163, 1000.000000000000000 ) ;
#4240 = CARTESIAN_POINT ( 'NONE',  ( -52.11888654234677176, 7.449723205157478212, -4.114386614189919023 ) ) ;
#4241 = EDGE_CURVE ( 'NONE', #2891, #6098, #841, .T. ) ;
#4242 = EDGE_LOOP ( 'NONE', ( #571, #1138 ) ) ;
#4243 = LINE ( 'NONE', #2997, #5751 ) ;
#4244 = EDGE_CURVE ( 'NONE', #7733, #3035, #8636, .T. ) ;
#4245 = DIRECTION ( 'NONE',  ( 0.000000000000000000, 1.000000000000000000, -0.000000000000000000 ) ) ;
#4246 = DIRECTION ( 'NONE',  ( 0.000000000000000000, 0.000000000000000000, -1.000000000000000000 ) ) ;
#4247 = PLANE ( 'NONE',  #3615 ) ;
#4248 = ORIENTED_EDGE ( 'NONE', *, *, #858, .F. ) ;
#4249 = ORIENTED_EDGE ( 'NONE', *, *, #4925, .T. ) ;
#4250 = EDGE_CURVE ( 'NONE', #10229, #6564, #1383, .T. ) ;
#4251 = VERTEX_POINT ( 'NONE', #7306 ) ;
#4252 = CARTESIAN_POINT ( 'NONE',  ( -34.00000000000000711, 6.500000000000000888, 12.25000000000000178 ) ) ;
#4253 = VECTOR ( 'NONE', #10134, 1000.000000000000000 ) ;
#4254 = FACE_OUTER_BOUND ( 'NONE', #7513, .T. ) ;
#4255 = ORIENTED_EDGE ( 'NONE', *, *, #427, .F. ) ;
#4256 = CARTESIAN_POINT ( 'NONE',  ( -52.25000000000001421, 9.897368276523900832, -3.013815789473690554 ) ) ;
#4257 = EDGE_CURVE ( 'NONE', #1541, #7717, #1799, .T. ) ;
#4258 = CYLINDRICAL_SURFACE ( 'NONE', #8990, 0.7999999999999990452 ) ;
#4259 = CARTESIAN_POINT ( 'NONE',  ( -47.49999999995679900, 5.500000000000000000, -6.750000000000000888 ) ) ;
#4260 = CARTESIAN_POINT ( 'NONE',  ( -52.20875532608999237, 7.354050044790835905, 3.880259791441571515 ) ) ;
#4261 = AXIS2_PLACEMENT_3D ( 'NONE', #2588, #6757, #1790 ) ;
#4262 = DIRECTION ( 'NONE',  ( -0.000000000000000000, 1.000000000000000000, -0.000000000000000000 ) ) ;
#4263 = EDGE_CURVE ( 'NONE', #880, #5387, #3069, .T. ) ;
#4264 = ORIENTED_EDGE ( 'NONE', *, *, #5666, .T. ) ;
#4265 = CARTESIAN_POINT ( 'NONE',  ( -39.63977263648107652, 0.1999999999999987899, 3.415000000000000036 ) ) ;
#4266 = LINE ( 'NONE', #6743, #3377 ) ;
#4267 = CYLINDRICAL_SURFACE ( 'NONE', #2106, 0.8500000000000000888 ) ;
#4268 = ORIENTED_EDGE ( 'NONE', *, *, #1881, .F. ) ;
#4269 = CARTESIAN_POINT ( 'NONE',  ( -400000.2249999999767, 5.500000000000000000, -6.750000000010913936 ) ) ;
#4270 = VECTOR ( 'NONE', #7827, 1000.000000000000000 ) ;
#4271 =( BOUNDED_CURVE ( )  B_SPLINE_CURVE ( 3, ( #9743, #1909, #84, #2516 ),
 .UNSPECIFIED., .F., .F. ) 
 B_SPLINE_CURVE_WITH_KNOTS ( ( 4, 4 ),
 ( 4.712388980384688786, 5.906926873010759138 ),
 .UNSPECIFIED. ) 
 CURVE ( )  GEOMETRIC_REPRESENTATION_ITEM ( )  RATIONAL_B_SPLINE_CURVE ( ( 1.000000000000000000, 0.8845830693046150550, 0.8845830693046150550, 1.000000000000000000 ) ) 
 REPRESENTATION_ITEM ( '' )  );
#4272 = DIRECTION ( 'NONE',  ( 1.000000000000000000, -0.000000000000000000, -0.000000000000000000 ) ) ;
#4273 = DIRECTION ( 'NONE',  ( 4.047688110612552516E-15, -3.469446951953595256E-15, -1.000000000000000000 ) ) ;
#4274 = CARTESIAN_POINT ( 'NONE',  ( -39.56900131232449525, 0.1363762547886367138, 2.772532483228503430 ) ) ;
#4275 = EDGE_LOOP ( 'NONE', ( #10010, #7368, #10177, #6916 ) ) ;
#4276 = ADVANCED_FACE ( 'NONE', ( #6514 ), #2489, .T. ) ;
#4277 = CIRCLE ( 'NONE', #3751, 1.500000000000000888 ) ;
#4278 = ORIENTED_EDGE ( 'NONE', *, *, #7031, .T. ) ;
#4279 = AXIS2_PLACEMENT_3D ( 'NONE', #5251, #1168, #425 ) ;
#4280 = CARTESIAN_POINT ( 'NONE',  ( 20.65000000000000213, 4.899999999999999467, -10.25000000000000533 ) ) ;
#4281 = CARTESIAN_POINT ( 'NONE',  ( -52.00630698373564087, 8.277373083446674329, 4.349909309300405980 ) ) ;
#4282 = DIRECTION ( 'NONE',  ( -1.000000000000000000, 0.000000000000000000, 0.000000000000000000 ) ) ;
#4283 = EDGE_CURVE ( 'NONE', #6865, #1811, #2375, .T. ) ;
#4284 = DIRECTION ( 'NONE',  ( 0.8660254037844384856, 0.000000000000000000, -0.5000000000000002220 ) ) ;
#4285 = EDGE_LOOP ( 'NONE', ( #10037, #435 ) ) ;
#4286 = DIRECTION ( 'NONE',  ( 0.000000000000000000, 0.000000000000000000, -1.000000000000000000 ) ) ;
#4287 = AXIS2_PLACEMENT_3D ( 'NONE', #1176, #6787, #8417 ) ;
#4288 = CARTESIAN_POINT ( 'NONE',  ( -15.77802059593038564, 13.00000000000000178, -5.742729852557515002 ) ) ;
#4289 = VECTOR ( 'NONE', #4677, 1000.000000000000000 ) ;
#4290 = CARTESIAN_POINT ( 'NONE',  ( 41.25000000000000000, 8.000000000000000000, -7.250000000000000888 ) ) ;
#4291 = VERTEX_POINT ( 'NONE', #3644 ) ;
#4292 = EDGE_LOOP ( 'NONE', ( #10145, #9506, #2921, #5978, #7972, #7327 ) ) ;
#4293 = AXIS2_PLACEMENT_3D ( 'NONE', #5247, #2111, #5351 ) ;
#4294 = DIRECTION ( 'NONE',  ( -0.8660254037844393737, 0.000000000000000000, -0.4999999999999987232 ) ) ;
#4295 = AXIS2_PLACEMENT_3D ( 'NONE', #3163, #7190, #2476 ) ;
#4296 = ORIENTED_EDGE ( 'NONE', *, *, #9848, .T. ) ;
#4297 = CARTESIAN_POINT ( 'NONE',  ( -39.58434658500975445, 0.1071145293931473758, -2.787877755913764410 ) ) ;
#4298 = CARTESIAN_POINT ( 'NONE',  ( -52.42966255667123221, 7.203137727425397152, 3.444967340623585450 ) ) ;
#4299 = CARTESIAN_POINT ( 'NONE',  ( 47.50000000000000000, 11.00000000000000178, -9.500000000000001776 ) ) ;
#4300 = EDGE_CURVE ( 'NONE', #147, #5102, #4091, .T. ) ;
#4301 = DIRECTION ( 'NONE',  ( 0.000000000000000000, -0.000000000000000000, -1.000000000000000000 ) ) ;
#4302 = CARTESIAN_POINT ( 'NONE',  ( 30.19999999999998153, -0.001000000000000024307, 0.000000000000000000 ) ) ;
#4303 = ORIENTED_EDGE ( 'NONE', *, *, #3659, .T. ) ;
#4304 = CIRCLE ( 'NONE', #3455, 5.199999999999985967 ) ;
#4305 = CARTESIAN_POINT ( 'NONE',  ( 45.25000000000000711, 8.000000000000000000, -12.25000000000000000 ) ) ;
#4306 = ORIENTED_EDGE ( 'NONE', *, *, #8187, .F. ) ;
#4307 = ORIENTED_EDGE ( 'NONE', *, *, #1008, .F. ) ;
#4308 = DIRECTION ( 'NONE',  ( 0.000000000000000000, 1.000000000000000000, -0.000000000000000000 ) ) ;
#4309 = DIRECTION ( 'NONE',  ( 0.000000000000000000, 1.000000000000000000, -0.000000000000000000 ) ) ;
#4310 = ORIENTED_EDGE ( 'NONE', *, *, #10066, .T. ) ;
#4311 = CIRCLE ( 'NONE', #4993, 0.2888330770816419091 ) ;
#4312 = ORIENTED_EDGE ( 'NONE', *, *, #1068, .T. ) ;
#4313 = CARTESIAN_POINT ( 'NONE',  ( -7.849999999999971223, 11.00000000000000178, -14.19019237886469220 ) ) ;
#4314 = DIRECTION ( 'NONE',  ( -0.000000000000000000, -1.000000000000000000, -0.000000000000000000 ) ) ;
#4315 = EDGE_CURVE ( 'NONE', #1801, #3866, #2802, .T. ) ;
#4316 = FACE_OUTER_BOUND ( 'NONE', #3544, .T. ) ;
#4317 = CARTESIAN_POINT ( 'NONE',  ( -52.26934719375723404, 9.378539756920059034, 3.805951680773824730 ) ) ;
#4318 = AXIS2_PLACEMENT_3D ( 'NONE', #7043, #6200, #8721 ) ;
#4319 = ADVANCED_FACE ( 'NONE', ( #7711 ), #458, .T. ) ;
#4320 = CIRCLE ( 'NONE', #3806, 1.900000000000000577 ) ;
#4321 = ORIENTED_EDGE ( 'NONE', *, *, #954, .F. ) ;
#4322 = PLANE ( 'NONE',  #7446 ) ;
#4323 = CARTESIAN_POINT ( 'NONE',  ( -50.25000000000000711, 14.50000000000000000, 9.499999999999980460 ) ) ;
#4324 = CARTESIAN_POINT ( 'NONE',  ( -20.00000000000001066, 17.00000000000000000, 13.55000000000000604 ) ) ;
#4325 = VERTEX_POINT ( 'NONE', #2749 ) ;
#4326 = CARTESIAN_POINT ( 'NONE',  ( -31.47472780755320443, 0.1999999999999996503, -8.849999999999997868 ) ) ;
#4327 = CARTESIAN_POINT ( 'NONE',  ( 31.70000000000002771, 0.2505450496179579267, 6.618695557326046419 ) ) ;
#4328 = APPLICATION_PROTOCOL_DEFINITION ( 'draft international standard', 'automotive_design', 1998, #9591 ) ;
#4329 = ADVANCED_FACE ( 'NONE', ( #6129 ), #9967, .F. ) ;
#4330 = VECTOR ( 'NONE', #3248, 1000.000000000000000 ) ;
#4331 = DIRECTION ( 'NONE',  ( 0.000000000000000000, 0.000000000000000000, -1.000000000000000000 ) ) ;
#4332 = LINE ( 'NONE', #1144, #2410 ) ;
#4333 = ORIENTED_EDGE ( 'NONE', *, *, #5359, .F. ) ;
#4334 = ORIENTED_EDGE ( 'NONE', *, *, #9258, .T. ) ;
#4335 = DIRECTION ( 'NONE',  ( 0.000000000000000000, 0.000000000000000000, -1.000000000000000000 ) ) ;
#4336 = CARTESIAN_POINT ( 'NONE',  ( -52.20488312693188959, 7.927644331499948294, 4.203259824540803713 ) ) ;
#4337 = FACE_OUTER_BOUND ( 'NONE', #2468, .T. ) ;
#4338 = FACE_OUTER_BOUND ( 'NONE', #373, .T. ) ;
#4339 = EDGE_CURVE ( 'NONE', #952, #17, #5285, .T. ) ;
#4340 = VERTEX_POINT ( 'NONE', #9179 ) ;
#4341 = PLANE ( 'NONE',  #1257 ) ;
#4342 = CARTESIAN_POINT ( 'NONE',  ( -29.81007189365366372, -2.624222992386002318, -2.765000000000000124 ) ) ;
#4343 = CARTESIAN_POINT ( 'NONE',  ( -52.40568058483291480, 7.315219914338405793, 3.641416195902961395 ) ) ;
#4344 = EDGE_LOOP ( 'NONE', ( #7129, #1460, #3085, #500 ) ) ;
#4345 = EDGE_CURVE ( 'NONE', #6713, #6066, #1313, .T. ) ;
#4346 = ORIENTED_EDGE ( 'NONE', *, *, #4244, .T. ) ;
#4347 = CARTESIAN_POINT ( 'NONE',  ( -52.11873083013164631, 8.152124297240805006, -4.337699192715605889 ) ) ;
#4348 = VERTEX_POINT ( 'NONE', #6864 ) ;
#4349 = DIRECTION ( 'NONE',  ( -1.000000000000000000, 0.000000000000000000, 0.000000000000000000 ) ) ;
#4350 = CARTESIAN_POINT ( 'NONE',  ( -45.19999999999999574, 8.000000000000000000, 6.750000000000006217 ) ) ;
#4351 = CARTESIAN_POINT ( 'NONE',  ( -34.00000000000000711, 8.000000000000000000, -12.25000000000000000 ) ) ;
#4352 = CARTESIAN_POINT ( 'NONE',  ( 36.04364652204419883, 0.5000000000000000000, -4.424792786874605532 ) ) ;
#4353 = VERTEX_POINT ( 'NONE', #4547 ) ;
#4354 = CARTESIAN_POINT ( 'NONE',  ( 35.27426189721742134, 0.09795398803914998065, -5.626162013252804073 ) ) ;
#4355 = ORIENTED_EDGE ( 'NONE', *, *, #4907, .T. ) ;
#4356 = VERTEX_POINT ( 'NONE', #5238 ) ;
#4357 = CARTESIAN_POINT ( 'NONE',  ( -52.40568058483292901, 9.484780085661595805, 3.641416195902957398 ) ) ;
#4358 = DIRECTION ( 'NONE',  ( -0.000000000000000000, 1.000000000000000000, -0.000000000000000000 ) ) ;
#4359 = ORIENTED_EDGE ( 'NONE', *, *, #7383, .T. ) ;
#4360 = ORIENTED_EDGE ( 'NONE', *, *, #9892, .F. ) ;
#4361 = DIRECTION ( 'NONE',  ( 0.000000000000000000, 0.000000000000000000, -1.000000000000000000 ) ) ;
#4362 = CARTESIAN_POINT ( 'NONE',  ( -31.51661123066064363, 3.000000000000000000, 3.615000000000000213 ) ) ;
#4363 = VECTOR ( 'NONE', #1890, 1000.000000000000000 ) ;
#4364 = CARTESIAN_POINT ( 'NONE',  ( -52.34424071095978093, 8.821753915517827949, 4.159336803306725727 ) ) ;
#4365 = ORIENTED_EDGE ( 'NONE', *, *, #4907, .F. ) ;
#4366 = ORIENTED_EDGE ( 'NONE', *, *, #1468, .F. ) ;
#4367 = EDGE_CURVE ( 'NONE', #1247, #2230, #713, .T. ) ;
#4368 = CARTESIAN_POINT ( 'NONE',  ( 22.81827201635470459, 0.5000000000000000000, -10.08172798364529754 ) ) ;
#4369 = VECTOR ( 'NONE', #3725, 1000.000000000000000 ) ;
#4370 = LINE ( 'NONE', #9210, #2862 ) ;
#4371 = DIRECTION ( 'NONE',  ( 0.000000000000000000, 0.000000000000000000, 1.000000000000000000 ) ) ;
#4372 = ORIENTED_EDGE ( 'NONE', *, *, #741, .T. ) ;
#4373 = DIRECTION ( 'NONE',  ( 0.000000000000000000, 0.000000000000000000, 1.000000000000000000 ) ) ;
#4374 = CYLINDRICAL_SURFACE ( 'NONE', #9612, 0.1999999999999987899 ) ;
#4375 = EDGE_CURVE ( 'NONE', #4929, #3484, #2896, .T. ) ;
#4376 = ADVANCED_FACE ( 'NONE', ( #10023 ), #1952, .F. ) ;
#4377 = AXIS2_PLACEMENT_3D ( 'NONE', #3642, #993, #4284 ) ;
#4378 = DIRECTION ( 'NONE',  ( -3.652049423109083111E-16, -0.000000000000000000, -1.000000000000000000 ) ) ;
#4379 = PLANE ( 'NONE',  #8615 ) ;
#4380 = ORIENTED_EDGE ( 'NONE', *, *, #4933, .F. ) ;
#4381 = ORIENTED_EDGE ( 'NONE', *, *, #8876, .F. ) ;
#4382 = EDGE_CURVE ( 'NONE', #8407, #301, #4605, .T. ) ;
#4383 = DIRECTION ( 'NONE',  ( 0.000000000000000000, 1.000000000000000000, -0.000000000000000000 ) ) ;
#4384 = FACE_OUTER_BOUND ( 'NONE', #5959, .T. ) ;
#4385 = CARTESIAN_POINT ( 'NONE',  ( -45.19999999999994600, 16.00000000000000000, -13.55000000000000249 ) ) ;
#4386 = CARTESIAN_POINT ( 'NONE',  ( 22.80231509708501392, 0.2034051652805226873, -6.202567585311951071 ) ) ;
#4387 = ADVANCED_FACE ( 'NONE', ( #3743 ), #7660, .T. ) ;
#4388 = DIRECTION ( 'NONE',  ( -0.000000000000000000, -0.000000000000000000, -1.000000000000000000 ) ) ;
#4389 = CARTESIAN_POINT ( 'NONE',  ( 47.49999999999999289, 3.000000000000000000, -9.499999999999998224 ) ) ;
#4390 = CARTESIAN_POINT ( 'NONE',  ( 51.95000000000000284, 13.00000000000000178, 4.000000000000000000 ) ) ;
#4391 = AXIS2_PLACEMENT_3D ( 'NONE', #8170, #3419, #136 ) ;
#4392 = DIRECTION ( 'NONE',  ( 0.000000000000000000, -0.05921052631576486508, 0.9982455176826041665 ) ) ;
#4393 = ORIENTED_EDGE ( 'NONE', *, *, #8802, .F. ) ;
#4394 = VERTEX_POINT ( 'NONE', #1156 ) ;
#4395 = EDGE_CURVE ( 'NONE', #5309, #1260, #8050, .T. ) ;
#4396 = CIRCLE ( 'NONE', #9267, 1.999999999999997335 ) ;
#4397 = CARTESIAN_POINT ( 'NONE',  ( -39.58434658500975445, 0.1071145293931473758, -2.787877755913764410 ) ) ;
#4398 = VECTOR ( 'NONE', #2141, 1000.000000000000000 ) ;
#4399 = VERTEX_POINT ( 'NONE', #4443 ) ;
#4400 = EDGE_CURVE ( 'NONE', #4410, #8566, #5140, .T. ) ;
#4401 = CYLINDRICAL_SURFACE ( 'NONE', #1766, 0.8500000000000000888 ) ;
#4402 = DIRECTION ( 'NONE',  ( -0.000000000000000000, -0.000000000000000000, -1.000000000000000000 ) ) ;
#4403 = DIRECTION ( 'NONE',  ( 0.000000000000000000, 0.000000000000000000, 1.000000000000000000 ) ) ;
#4404 = ORIENTED_EDGE ( 'NONE', *, *, #5272, .T. ) ;
#4405 = CARTESIAN_POINT ( 'NONE',  ( -31.11939691791956974, 0.1293615736281126527, -3.615000000000000213 ) ) ;
#4406 = B_SPLINE_CURVE_WITH_KNOTS ( 'NONE', 3,
 ( #10088, #9406, #6940, #533 ),
 .UNSPECIFIED., .F., .F.,
 ( 4, 4 ),
 ( 0.0004608189856411194947, 0.0004686829255822887066 ),
 .UNSPECIFIED. ) ;
#4407 = VECTOR ( 'NONE', #7690, 1000.000000000000000 ) ;
#4408 = ORIENTED_EDGE ( 'NONE', *, *, #917, .F. ) ;
#4409 = EDGE_CURVE ( 'NONE', #752, #9594, #6077, .T. ) ;
#4410 = VERTEX_POINT ( 'NONE', #777 ) ;
#4411 = CARTESIAN_POINT ( 'NONE',  ( 31.69999999999997797, 0.5000000000000000000, -7.798623679425841893 ) ) ;
#4412 = CARTESIAN_POINT ( 'NONE',  ( 50.99857113690718791, 11.00000000000000178, -12.25000000000000178 ) ) ;
#4413 = VERTEX_POINT ( 'NONE', #9486 ) ;
#4414 = ORIENTED_EDGE ( 'NONE', *, *, #5151, .T. ) ;
#4415 = EDGE_CURVE ( 'NONE', #3850, #2681, #10337, .T. ) ;
#4416 = CARTESIAN_POINT ( 'NONE',  ( -8.958845726811304644, 13.00000000000000178, -13.55000000000019256 ) ) ;
#4417 = DIRECTION ( 'NONE',  ( 0.000000000000000000, 0.000000000000000000, -1.000000000000000000 ) ) ;
#4418 = EDGE_LOOP ( 'NONE', ( #1911, #8300, #42, #2407 ) ) ;
#4419 = ORIENTED_EDGE ( 'NONE', *, *, #8073, .T. ) ;
#4420 = CARTESIAN_POINT ( 'NONE',  ( -35.26554871542300162, 0.08284271247461814924, -2.765000000000000124 ) ) ;
#4421 = CARTESIAN_POINT ( 'NONE',  ( -34.34233853611036835, 0.1265113557324328841, -2.778990808926776079 ) ) ;
#4422 = CARTESIAN_POINT ( 'NONE',  ( -47.50000000000000711, 3.000000000000000000, -10.35000000000000142 ) ) ;
#4423 = ORIENTED_EDGE ( 'NONE', *, *, #3503, .T. ) ;
#4424 = CARTESIAN_POINT ( 'NONE',  ( 6.964593510958737361E-16, 11.00000000000000178, -13.55000000000000071 ) ) ;
#4425 = DIRECTION ( 'NONE',  ( 8.673617379884087537E-15, -0.000000000000000000, -1.000000000000000000 ) ) ;
#4426 = LINE ( 'NONE', #9215, #6740 ) ;
#4427 = AXIS2_PLACEMENT_3D ( 'NONE', #6837, #6043, #1221 ) ;
#4428 = ADVANCED_FACE ( 'NONE', ( #7026 ), #4007, .F. ) ;
#4429 = DIRECTION ( 'NONE',  ( 0.000000000000000000, 1.000000000000000000, -0.000000000000000000 ) ) ;
#4430 = CARTESIAN_POINT ( 'NONE',  ( 9.519658948938198861, 6.000000000000000000, 10.25000000000000178 ) ) ;
#4431 = VERTEX_POINT ( 'NONE', #8599 ) ;
#4432 = ORIENTED_EDGE ( 'NONE', *, *, #6879, .F. ) ;
#4433 = CARTESIAN_POINT ( 'NONE',  ( -30.13203748537938864, 5.996123729295900873, -9.143749989102969877 ) ) ;
#4434 = VECTOR ( 'NONE', #8766, 1000.000000000000000 ) ;
#4435 = CARTESIAN_POINT ( 'NONE',  ( -29.86274486613614343, 6.159699727088188581, 9.101794378926269857 ) ) ;
#4436 = VERTEX_POINT ( 'NONE', #5443 ) ;
#4437 = CARTESIAN_POINT ( 'NONE',  ( -21.63608679191100137, 13.00000000000000178, 18.15483244721227152 ) ) ;
#4438 = DIRECTION ( 'NONE',  ( 1.000000000000000000, 0.000000000000000000, 0.000000000000000000 ) ) ;
#4439 = FACE_OUTER_BOUND ( 'NONE', #9608, .T. ) ;
#4440 = LINE ( 'NONE', #4495, #1014 ) ;
#4441 = ADVANCED_FACE ( 'NONE', ( #3959 ), #8655, .F. ) ;
#4442 = VECTOR ( 'NONE', #4219, 1000.000000000000000 ) ;
#4443 = CARTESIAN_POINT ( 'NONE',  ( -8.000000000000008882, 11.00000000000000178, 14.75000000000000178 ) ) ;
#4444 = ORIENTED_EDGE ( 'NONE', *, *, #9848, .F. ) ;
#4445 = VECTOR ( 'NONE', #8408, 1000.000000000000000 ) ;
#4446 = VERTEX_POINT ( 'NONE', #2261 ) ;
#4447 = EDGE_CURVE ( 'NONE', #3972, #5490, #1470, .T. ) ;
#4448 = CARTESIAN_POINT ( 'NONE',  ( -52.11702421443925459, 8.889319677110828266, -4.290099133721500202 ) ) ;
#4449 = AXIS2_PLACEMENT_3D ( 'NONE', #7955, #23, #6427 ) ;
#4450 = ORIENTED_EDGE ( 'NONE', *, *, #6912, .F. ) ;
#4451 = CIRCLE ( 'NONE', #5976, 3.999999999999998224 ) ;
#4452 = CARTESIAN_POINT ( 'NONE',  ( -47.49999999999999289, 14.50000000000000000, -12.25000000000000000 ) ) ;
#4453 = DIRECTION ( 'NONE',  ( 0.000000000000000000, 1.000000000000000000, 0.000000000000000000 ) ) ;
#4454 = EDGE_CURVE ( 'NONE', #9143, #2157, #675, .T. ) ;
#4455 = CYLINDRICAL_SURFACE ( 'NONE', #6149, 6.166261152084816288 ) ;
#4456 = EDGE_LOOP ( 'NONE', ( #10079, #1157, #8007, #7132, #3976, #1506, #4360, #3531, #1953 ) ) ;
#4457 = FACE_OUTER_BOUND ( 'NONE', #5172, .T. ) ;
#4458 = AXIS2_PLACEMENT_3D ( 'NONE', #7046, #2284, #1488 ) ;
#4459 = EDGE_LOOP ( 'NONE', ( #3478, #9291, #3140, #5086 ) ) ;
#4460 = CIRCLE ( 'NONE', #2082, 0.8500000000000000888 ) ;
#4461 = CARTESIAN_POINT ( 'NONE',  ( -52.41871936047785852, 9.547599905068059556, 3.546295943922747718 ) ) ;
#4462 = DIRECTION ( 'NONE',  ( 0.000000000000000000, 1.000000000000000000, -0.000000000000000000 ) ) ;
#4463 = ORIENTED_EDGE ( 'NONE', *, *, #9013, .F. ) ;
#4464 = VERTEX_POINT ( 'NONE', #4704 ) ;
#4465 = CARTESIAN_POINT ( 'NONE',  ( -52.45000000000001705, 9.700000000000001066, 2.925000000000023359 ) ) ;
#4466 = EDGE_CURVE ( 'NONE', #3035, #10386, #9476, .T. ) ;
#4467 = AXIS2_PLACEMENT_3D ( 'NONE', #2208, #3695, #678 ) ;
#4468 = AXIS2_PLACEMENT_3D ( 'NONE', #6826, #3501, #8357 ) ;
#4469 = CARTESIAN_POINT ( 'NONE',  ( -31.47472780755320443, 0.1999999999999987899, 3.615000000000000213 ) ) ;
#4470 = ORIENTED_EDGE ( 'NONE', *, *, #7113, .T. ) ;
#4471 = LINE ( 'NONE', #9063, #4151 ) ;
#4472 = EDGE_CURVE ( 'NONE', #6070, #9722, #4597, .T. ) ;
#4473 = ORIENTED_EDGE ( 'NONE', *, *, #6981, .F. ) ;
#4474 = CIRCLE ( 'NONE', #1253, 5.250000000000006217 ) ;
#4475 = CARTESIAN_POINT ( 'NONE',  ( -39.76146882909598901, 0.000000000000000000, 2.965000000000000302 ) ) ;
#4476 = VECTOR ( 'NONE', #9123, 1000.000000000000000 ) ;
#4477 = CARTESIAN_POINT ( 'NONE',  ( -31.27472780755320869, 0.000000000000000000, 2.965000000000000302 ) ) ;
#4478 = EDGE_LOOP ( 'NONE', ( #4009, #4512, #8327, #2716 ) ) ;
#4479 = CARTESIAN_POINT ( 'NONE',  ( 38.34211819145301092, -0.001000000000000024307, 2.783866831501332406 ) ) ;
#4480 = FACE_OUTER_BOUND ( 'NONE', #3332, .T. ) ;
#4481 = AXIS2_PLACEMENT_3D ( 'NONE', #2161, #6142, #7933 ) ;
#4482 = VECTOR ( 'NONE', #4589, 1000.000000000000000 ) ;
#4483 = DIRECTION ( 'NONE',  ( -0.8660254037844380415, 0.000000000000000000, -0.5000000000000009992 ) ) ;
#4484 = DIRECTION ( 'NONE',  ( 0.000000000000000000, 0.000000000000000000, 1.000000000000000000 ) ) ;
#4485 = ORIENTED_EDGE ( 'NONE', *, *, #7107, .F. ) ;
#4486 = EDGE_LOOP ( 'NONE', ( #8855, #6212, #3131, #5025 ) ) ;
#4487 = EDGE_CURVE ( 'NONE', #2891, #834, #621, .T. ) ;
#4488 = DIRECTION ( 'NONE',  ( 0.000000000000000000, 0.000000000000000000, 1.000000000000000000 ) ) ;
#4489 = CARTESIAN_POINT ( 'NONE',  ( -35.39005668592174914, 0.000000000000000000, -3.415000000000000036 ) ) ;
#4490 = EDGE_CURVE ( 'NONE', #952, #8953, #5961, .T. ) ;
#4491 = ORIENTED_EDGE ( 'NONE', *, *, #8748, .T. ) ;
#4492 = DIRECTION ( 'NONE',  ( 0.000000000000000000, 0.000000000000000000, 1.000000000000000000 ) ) ;
#4493 = FACE_OUTER_BOUND ( 'NONE', #3428, .T. ) ;
#4494 = LINE ( 'NONE', #7709, #3865 ) ;
#4495 = CARTESIAN_POINT ( 'NONE',  ( 2.128978811426075087E-15, 8.000000000000000000, 6.749999999999984901 ) ) ;
#4496 = DIRECTION ( 'NONE',  ( 0.000000000000000000, -0.9982455176826040555, -0.05921052631576485120 ) ) ;
#4497 = VERTEX_POINT ( 'NONE', #2150 ) ;
#4498 = CIRCLE ( 'NONE', #7672, 1.300000000000001155 ) ;
#4499 = B_SPLINE_CURVE_WITH_KNOTS ( 'NONE', 3,
 ( #10029, #2004, #5243, #5838, #268, #7517, #3446, #6717 ),
 .UNSPECIFIED., .F., .F.,
 ( 4, 2, 2, 4 ),
 ( 0.000000000000000000, 0.0001382025733524839010, 0.0002764051467049678020, 0.0005528102934099358209 ),
 .UNSPECIFIED. ) ;
#4500 = ORIENTED_EDGE ( 'NONE', *, *, #6281, .F. ) ;
#4501 = EDGE_CURVE ( 'NONE', #99, #2728, #7920, .T. ) ;
#4502 = DIRECTION ( 'NONE',  ( 1.000000000000000000, 0.000000000000000000, 0.000000000000000000 ) ) ;
#4503 = LINE ( 'NONE', #178, #1823 ) ;
#4504 = ORIENTED_EDGE ( 'NONE', *, *, #707, .T. ) ;
#4505 = CYLINDRICAL_SURFACE ( 'NONE', #2266, 0.2999999999999999334 ) ;
#4506 = DIRECTION ( 'NONE',  ( -1.000000000000000000, 0.000000000000000000, 0.000000000000000000 ) ) ;
#4507 = ADVANCED_FACE ( 'NONE', ( #568 ), #8805, .F. ) ;
#4508 = EDGE_CURVE ( 'NONE', #5051, #1247, #9384, .T. ) ;
#4509 = FACE_OUTER_BOUND ( 'NONE', #1500, .T. ) ;
#4510 = EDGE_LOOP ( 'NONE', ( #1752, #6259, #8056, #702 ) ) ;
#4511 = LINE ( 'NONE', #6874, #6801 ) ;
#4512 = ORIENTED_EDGE ( 'NONE', *, *, #2054, .F. ) ;
#4513 = EDGE_CURVE ( 'NONE', #5266, #6364, #5502, .T. ) ;
#4514 = DIRECTION ( 'NONE',  ( 0.000000000000000000, 0.000000000000000000, 1.000000000000000000 ) ) ;
#4515 = DIRECTION ( 'NONE',  ( -1.000000000000000000, -0.000000000000000000, 4.231032868236115418E-16 ) ) ;
#4516 = DIRECTION ( 'NONE',  ( -0.000000000000000000, 1.000000000000000000, -0.000000000000000000 ) ) ;
#4517 = ORIENTED_EDGE ( 'NONE', *, *, #28, .T. ) ;
#4518 = EDGE_LOOP ( 'NONE', ( #4310, #9339, #2016, #4108 ) ) ;
#4519 = DIRECTION ( 'NONE',  ( -1.000000000000000000, 0.000000000000000000, -0.000000000000000000 ) ) ;
#4520 = ADVANCED_FACE ( 'NONE', ( #3903 ), #2205, .T. ) ;
#4521 = CARTESIAN_POINT ( 'NONE',  ( 38.34211819145301092, 0.2999999999999999889, 2.783866831501332406 ) ) ;
#4522 = ORIENTED_EDGE ( 'NONE', *, *, #238, .F. ) ;
#4523 = ORIENTED_EDGE ( 'NONE', *, *, #8246, .T. ) ;
#4524 = EDGE_CURVE ( 'NONE', #5463, #725, #3053, .T. ) ;
#4525 = DIRECTION ( 'NONE',  ( 0.000000000000000000, 1.000000000000000000, 0.000000000000000000 ) ) ;
#4526 = CARTESIAN_POINT ( 'NONE',  ( -52.45000000000001705, 8.400000000000000355, -2.924999999999968736 ) ) ;
#4527 = LINE ( 'NONE', #1344, #9360 ) ;
#4528 = VERTEX_POINT ( 'NONE', #9545 ) ;
#4529 = LINE ( 'NONE', #7006, #4369 ) ;
#4530 = AXIS2_PLACEMENT_3D ( 'NONE', #8393, #1793, #1104 ) ;
#4531 = VERTEX_POINT ( 'NONE', #5548 ) ;
#4532 = CARTESIAN_POINT ( 'NONE',  ( -29.84000000000000696, -5.002961977226933143, -20.34067203111825251 ) ) ;
#4533 = CARTESIAN_POINT ( 'NONE',  ( -31.22777815357900622, 3.000000000000000000, 8.349999999999997868 ) ) ;
#4534 = DIRECTION ( 'NONE',  ( -0.000000000000000000, -1.000000000000000000, -0.000000000000000000 ) ) ;
#4535 = EDGE_LOOP ( 'NONE', ( #5279, #2038, #5590, #3369 ) ) ;
#4536 = VECTOR ( 'NONE', #9654, 1000.000000000000000 ) ;
#4537 = VERTEX_POINT ( 'NONE', #8754 ) ;
#4538 = CARTESIAN_POINT ( 'NONE',  ( -30.57847976130367584, 5.975861024595712223, -8.875928149811134205 ) ) ;
#4539 = FACE_OUTER_BOUND ( 'NONE', #1297, .T. ) ;
#4540 = ORIENTED_EDGE ( 'NONE', *, *, #1392, .T. ) ;
#4541 = CARTESIAN_POINT ( 'NONE',  ( 50.25000000000000000, 13.00000000000000178, 4.000000000000000000 ) ) ;
#4542 = CARTESIAN_POINT ( 'NONE',  ( -39.56899347744757023, 0.1363911950260412453, -2.772524648351583743 ) ) ;
#4543 = LINE ( 'NONE', #3740, #5897 ) ;
#4544 = ADVANCED_FACE ( 'NONE', ( #4758 ), #9061, .T. ) ;
#4545 = AXIS2_PLACEMENT_3D ( 'NONE', #7024, #6910, #9483 ) ;
#4546 = DIRECTION ( 'NONE',  ( 5.782411586589351722E-16, 7.517135062566163550E-15, 1.000000000000000000 ) ) ;
#4547 = CARTESIAN_POINT ( 'NONE',  ( -20.00000000000001066, 9.000000000000001776, 12.25000000000000178 ) ) ;
#4548 = ORIENTED_EDGE ( 'NONE', *, *, #7938, .F. ) ;
#4549 = ORIENTED_EDGE ( 'NONE', *, *, #1791, .F. ) ;
#4550 = LINE ( 'NONE', #5345, #7336 ) ;
#4551 = LINE ( 'NONE', #2902, #4710 ) ;
#4552 = ORIENTED_EDGE ( 'NONE', *, *, #8112, .T. ) ;
#4553 = CARTESIAN_POINT ( 'NONE',  ( -53.20100000000002183, 11.35000000000000142, 1.700000000000000622 ) ) ;
#4554 = AXIS2_PLACEMENT_3D ( 'NONE', #2876, #6162, #9364 ) ;
#4555 = DIRECTION ( 'NONE',  ( 0.000000000000000000, 1.000000000000000000, -0.000000000000000000 ) ) ;
#4556 = ADVANCED_FACE ( 'NONE', ( #3374 ), #2583, .T. ) ;
#4557 = ORIENTED_EDGE ( 'NONE', *, *, #10435, .F. ) ;
#4558 = CARTESIAN_POINT ( 'NONE',  ( -22.80000000000001492, 13.00000000000000178, 13.55000000000000249 ) ) ;
#4559 = ORIENTED_EDGE ( 'NONE', *, *, #9315, .F. ) ;
#4560 = VECTOR ( 'NONE', #8301, 1000.000000000000000 ) ;
#4561 = AXIS2_PLACEMENT_3D ( 'NONE', #6331, #3258, #6274 ) ;
#4562 = DIRECTION ( 'NONE',  ( 1.000000000000000000, 0.000000000000000000, 0.000000000000000000 ) ) ;
#4563 = EDGE_CURVE ( 'NONE', #5102, #6473, #4277, .T. ) ;
#4564 = CARTESIAN_POINT ( 'NONE',  ( 39.09211819145301092, -0.001000000000000024307, 1.484828725824668183 ) ) ;
#4565 = EDGE_LOOP ( 'NONE', ( #793, #8028, #7883, #3228 ) ) ;
#4566 = ORIENTED_EDGE ( 'NONE', *, *, #7780, .T. ) ;
#4567 = CARTESIAN_POINT ( 'NONE',  ( 39.08172798364529399, -1.697056274847719815, 6.781727983645294167 ) ) ;
#4568 = VECTOR ( 'NONE', #3526, 1000.000000000000000 ) ;
#4569 = CIRCLE ( 'NONE', #508, 6.800000000000001599 ) ;
#4570 = FACE_OUTER_BOUND ( 'NONE', #9514, .T. ) ;
#4571 = EDGE_CURVE ( 'NONE', #4531, #7398, #1832, .T. ) ;
#4572 = ORIENTED_EDGE ( 'NONE', *, *, #4147, .T. ) ;
#4573 = EDGE_LOOP ( 'NONE', ( #6418, #9920, #8203, #5444 ) ) ;
#4574 = EDGE_CURVE ( 'NONE', #8656, #736, #9856, .T. ) ;
#4575 = DIRECTION ( 'NONE',  ( 0.000000000000000000, 0.000000000000000000, -1.000000000000000000 ) ) ;
#4576 = CARTESIAN_POINT ( 'NONE',  ( 47.49999999999999289, 3.000000000000000000, -10.34999999999999787 ) ) ;
#4577 = LINE ( 'NONE', #1396, #6346 ) ;
#4578 = ORIENTED_EDGE ( 'NONE', *, *, #2100, .F. ) ;
#4579 = DIRECTION ( 'NONE',  ( 0.000000000000000000, 0.000000000000000000, -1.000000000000000000 ) ) ;
#4580 = ORIENTED_EDGE ( 'NONE', *, *, #5768, .T. ) ;
#4581 = DIRECTION ( 'NONE',  ( -0.8660254037843672092, 0.000000000000000000, 0.5000000000001236788 ) ) ;
#4582 = EDGE_CURVE ( 'NONE', #5177, #3350, #8230, .T. ) ;
#4583 = CARTESIAN_POINT ( 'NONE',  ( 9.130079849446705254, 0.5000000000000000000, -15.81376217640252690 ) ) ;
#4584 = DIRECTION ( 'NONE',  ( -1.000000000000000000, 0.000000000000000000, -5.139921410301679392E-16 ) ) ;
#4585 = ORIENTED_EDGE ( 'NONE', *, *, #6468, .F. ) ;
#4586 = ORIENTED_EDGE ( 'NONE', *, *, #797, .F. ) ;
#4587 = CARTESIAN_POINT ( 'NONE',  ( -30.70813828070014040, 5.966497468351620093, -8.849999999999997868 ) ) ;
#4588 = CARTESIAN_POINT ( 'NONE',  ( -52.22340835089975997, 7.205390757595131923, 3.692296232791099975 ) ) ;
#4589 = DIRECTION ( 'NONE',  ( -0.000000000000000000, 1.000000000000000000, -0.000000000000000000 ) ) ;
#4590 = ORIENTED_EDGE ( 'NONE', *, *, #4601, .F. ) ;
#4591 = CARTESIAN_POINT ( 'NONE',  ( -25.50000000000001066, 13.00000000000000178, -13.55000000000000249 ) ) ;
#4592 = VECTOR ( 'NONE', #6657, 1000.000000000000000 ) ;
#4593 = CARTESIAN_POINT ( 'NONE',  ( 31.40000000000001990, 0.000000000000000000, 2.830492254602820168 ) ) ;
#4594 = DIRECTION ( 'NONE',  ( -1.000000000000000000, 0.000000000000000000, 1.692413147294445970E-16 ) ) ;
#4595 = DIRECTION ( 'NONE',  ( 0.000000000000000000, 0.000000000000000000, -1.000000000000000000 ) ) ;
#4596 = EDGE_CURVE ( 'NONE', #5503, #7842, #936, .T. ) ;
#4597 = LINE ( 'NONE', #6392, #2064 ) ;
#4598 = EDGE_LOOP ( 'NONE', ( #1676, #2171, #8199, #5529 ) ) ;
#4599 = VECTOR ( 'NONE', #1480, 1000.000000000000000 ) ;
#4600 = ORIENTED_EDGE ( 'NONE', *, *, #4854, .F. ) ;
#4601 = EDGE_CURVE ( 'NONE', #6365, #5253, #4865, .T. ) ;
#4602 = CARTESIAN_POINT ( 'NONE',  ( -31.11939691791956974, 0.1293615736281126527, -2.765000000000000124 ) ) ;
#4603 = CARTESIAN_POINT ( 'NONE',  ( -30.83999999999999986, 5.954463462733936119, 8.349999999999997868 ) ) ;
#4604 = ORIENTED_EDGE ( 'NONE', *, *, #9568, .F. ) ;
#4605 = CIRCLE ( 'NONE', #7137, 9.300000000000013145 ) ;
#4606 = LINE ( 'NONE', #4553, #7346 ) ;
#4607 =( BOUNDED_CURVE ( )  B_SPLINE_CURVE ( 3, ( #5369, #540, #3776, #2181 ),
 .UNSPECIFIED., .F., .F. ) 
 B_SPLINE_CURVE_WITH_KNOTS ( ( 4, 4 ),
 ( 4.712388980384689674, 6.283185307179586232 ),
 .UNSPECIFIED. ) 
 CURVE ( )  GEOMETRIC_REPRESENTATION_ITEM ( )  RATIONAL_B_SPLINE_CURVE ( ( 1.000000000000000000, 0.8047378541243649375, 0.8047378541243649375, 1.000000000000000000 ) ) 
 REPRESENTATION_ITEM ( '' )  );
#4608 = LINE ( 'NONE', #5557, #4125 ) ;
#4609 = FACE_OUTER_BOUND ( 'NONE', #4669, .T. ) ;
#4610 = CARTESIAN_POINT ( 'NONE',  ( 39.08172798364529399, 0.5000000000000000000, 6.181727983645293634 ) ) ;
#4611 = ORIENTED_EDGE ( 'NONE', *, *, #3418, .T. ) ;
#4612 = CARTESIAN_POINT ( 'NONE',  ( 3.099999999999990763, 13.00000000000000178, 13.35000000000019149 ) ) ;
#4613 = VERTEX_POINT ( 'NONE', #8282 ) ;
#4614 = VECTOR ( 'NONE', #8483, 1000.000000000000000 ) ;
#4615 = AXIS2_PLACEMENT_3D ( 'NONE', #1781, #8635, #395 ) ;
#4616 = FACE_OUTER_BOUND ( 'NONE', #2217, .T. ) ;
#4617 = FACE_OUTER_BOUND ( 'NONE', #5914, .T. ) ;
#4618 = AXIS2_PLACEMENT_3D ( 'NONE', #1504, #8640, #1404 ) ;
#4619 = EDGE_CURVE ( 'NONE', #5601, #8407, #5707, .T. ) ;
#4620 = EDGE_LOOP ( 'NONE', ( #10120, #6645, #3653, #2979, #3005, #4127, #9531 ) ) ;
#4621 = ORIENTED_EDGE ( 'NONE', *, *, #2648, .F. ) ;
#4622 = CARTESIAN_POINT ( 'NONE',  ( -52.34424698005091159, 7.978067474405636794, -4.159279481154422697 ) ) ;
#4623 = CYLINDRICAL_SURFACE ( 'NONE', #6747, 0.2000000000000005107 ) ;
#4624 = CARTESIAN_POINT ( 'NONE',  ( 38.67508438243875446, -2.620155250173459990E-16, 2.707147389567381879 ) ) ;
#4625 = ORIENTED_EDGE ( 'NONE', *, *, #2517, .F. ) ;
#4626 = VECTOR ( 'NONE', #2286, 1000.000000000000000 ) ;
#4627 = DIRECTION ( 'NONE',  ( -0.000000000000000000, -0.000000000000000000, -1.000000000000000000 ) ) ;
#4628 = ORIENTED_EDGE ( 'NONE', *, *, #3021, .F. ) ;
#4629 = CARTESIAN_POINT ( 'NONE',  ( -34.52834772718359346, 0.000000000000000000, -3.415000000000000036 ) ) ;
#4630 = AXIS2_PLACEMENT_3D ( 'NONE', #5841, #9728, #4246 ) ;
#4631 = FACE_BOUND ( 'NONE', #2750, .T. ) ;
#4632 = ADVANCED_FACE ( 'NONE', ( #97 ), #8125, .T. ) ;
#4633 = FACE_OUTER_BOUND ( 'NONE', #2439, .T. ) ;
#4634 = ORIENTED_EDGE ( 'NONE', *, *, #7425, .F. ) ;
#4635 = CARTESIAN_POINT ( 'NONE',  ( -52.27563198490997820, 7.308115275766890129, -3.630658523920789804 ) ) ;
#4636 = CIRCLE ( 'NONE', #3949, 9.000000000000012434 ) ;
#4637 = ORIENTED_EDGE ( 'NONE', *, *, #4958, .T. ) ;
#4638 = FACE_OUTER_BOUND ( 'NONE', #2000, .T. ) ;
#4639 = EDGE_CURVE ( 'NONE', #7647, #6173, #6499, .T. ) ;
#4640 = EDGE_CURVE ( 'NONE', #8126, #5328, #1055, .T. ) ;
#4641 = LINE ( 'NONE', #10316, #8700 ) ;
#4642 = CARTESIAN_POINT ( 'NONE',  ( -34.31252571724582623, 0.2000000000000003164, -2.765000000000000124 ) ) ;
#4643 = ORIENTED_EDGE ( 'NONE', *, *, #5306, .F. ) ;
#4644 = CIRCLE ( 'NONE', #2451, 3.750000000000001776 ) ;
#4645 = ORIENTED_EDGE ( 'NONE', *, *, #9802, .F. ) ;
#4646 = DIRECTION ( 'NONE',  ( -0.000000000000000000, -0.000000000000000000, 1.000000000000000000 ) ) ;
#4647 = CARTESIAN_POINT ( 'NONE',  ( -52.45000000000001705, 7.099999999999998757, 2.925000000000022915 ) ) ;
#4648 = ADVANCED_FACE ( 'NONE', ( #1625 ), #4973, .F. ) ;
#4649 = EDGE_LOOP ( 'NONE', ( #8182, #388, #9884, #9081, #2838 ) ) ;
#4650 = DIRECTION ( 'NONE',  ( 0.000000000000000000, 1.000000000000000000, 0.000000000000000000 ) ) ;
#4651 = AXIS2_PLACEMENT_3D ( 'NONE', #5623, #1595, #4890 ) ;
#4652 = CARTESIAN_POINT ( 'NONE',  ( 38.45553138218367195, 0.09378038618371954682, -7.458250430495007244 ) ) ;
#4653 = CARTESIAN_POINT ( 'NONE',  ( -52.21211380852812312, 7.357290146186904245, 3.863961515592195806 ) ) ;
#4654 = CIRCLE ( 'NONE', #6000, 0.3000000000000016542 ) ;
#4655 = CARTESIAN_POINT ( 'NONE',  ( -45.20000000000000284, 3.000000000000000000, -6.750000000000000888 ) ) ;
#4656 = CARTESIAN_POINT ( 'NONE',  ( -29.81007189365366372, -2.624222992386002318, 8.349999999999997868 ) ) ;
#4657 = ORIENTED_EDGE ( 'NONE', *, *, #8525, .T. ) ;
#4658 = ORIENTED_EDGE ( 'NONE', *, *, #9652, .T. ) ;
#4659 = VECTOR ( 'NONE', #9893, 1000.000000000000000 ) ;
#4660 = EDGE_CURVE ( 'NONE', #7415, #5948, #8381, .T. ) ;
#4661 = DIRECTION ( 'NONE',  ( 0.000000000000000000, 1.000000000000000000, -0.000000000000000000 ) ) ;
#4662 = CARTESIAN_POINT ( 'NONE',  ( -45.19999999999994600, 17.00000000000000000, 13.55000000000000604 ) ) ;
#4663 = ORIENTED_EDGE ( 'NONE', *, *, #4513, .F. ) ;
#4664 = PLANE ( 'NONE',  #9015 ) ;
#4665 = CARTESIAN_POINT ( 'NONE',  ( -20.00000000000000355, 11.00000000000000178, 12.25000000000000178 ) ) ;
#4666 = CIRCLE ( 'NONE', #5855, 1.900000000000000577 ) ;
#4667 = EDGE_CURVE ( 'NONE', #2170, #6732, #7292, .T. ) ;
#4668 = CARTESIAN_POINT ( 'NONE',  ( 2.009170479469691184, 14.50000000000000000, -14.75000000000000178 ) ) ;
#4669 = EDGE_LOOP ( 'NONE', ( #8674, #4947, #2053, #6078 ) ) ;
#4670 = CYLINDRICAL_SURFACE ( 'NONE', #7330, 0.3000000000000016542 ) ;
#4671 = VERTEX_POINT ( 'NONE', #6443 ) ;
#4672 = CARTESIAN_POINT ( 'NONE',  ( -52.27769444090076689, 9.685675373605064920, 3.205023119326729564 ) ) ;
#4673 = VERTEX_POINT ( 'NONE', #3269 ) ;
#4674 = ORIENTED_EDGE ( 'NONE', *, *, #1845, .T. ) ;
#4675 = DIRECTION ( 'NONE',  ( -0.000000000000000000, 1.000000000000000000, -0.000000000000000000 ) ) ;
#4676 = DIRECTION ( 'NONE',  ( 0.000000000000000000, -1.000000000000000000, 0.000000000000000000 ) ) ;
#4677 = DIRECTION ( 'NONE',  ( -0.000000000000000000, 1.000000000000000000, -0.000000000000000000 ) ) ;
#4678 = ORIENTED_EDGE ( 'NONE', *, *, #2381, .T. ) ;
#4679 = DIRECTION ( 'NONE',  ( -0.8660254037844384856, 0.000000000000000000, 0.5000000000000002220 ) ) ;
#4680 = ORIENTED_EDGE ( 'NONE', *, *, #2697, .T. ) ;
#4681 = LINE ( 'NONE', #7894, #1354 ) ;
#4682 = CARTESIAN_POINT ( 'NONE',  ( 25.85635347795577133, 0.2999999999999999889, -4.424792786874576223 ) ) ;
#4683 = DIRECTION ( 'NONE',  ( 0.000000000000000000, 1.000000000000000000, -0.000000000000000000 ) ) ;
#4684 = ORIENTED_EDGE ( 'NONE', *, *, #7295, .F. ) ;
#4685 = CARTESIAN_POINT ( 'NONE',  ( -52.34850307846874529, 8.922317727665276976, -4.120210123730174701 ) ) ;
#4686 = ORIENTED_EDGE ( 'NONE', *, *, #10320, .T. ) ;
#4687 = DIRECTION ( 'NONE',  ( 1.000000000000000000, 0.000000000000000000, 0.000000000000000000 ) ) ;
#4688 = LINE ( 'NONE', #7796, #3646 ) ;
#4689 = CARTESIAN_POINT ( 'NONE',  ( 30.95000000000000284, 0.2999999999999999889, -2.350000000000003197 ) ) ;
#4690 = ADVANCED_FACE ( 'NONE', ( #9016 ), #879, .T. ) ;
#4691 = ORIENTED_EDGE ( 'NONE', *, *, #10426, .F. ) ;
#4692 = ORIENTED_EDGE ( 'NONE', *, *, #2890, .F. ) ;
#4693 = CARTESIAN_POINT ( 'NONE',  ( -52.22340835089975997, 9.594609242404766647, -3.692296232791192789 ) ) ;
#4694 = LINE ( 'NONE', #715, #5610 ) ;
#4695 = EDGE_CURVE ( 'NONE', #6202, #6101, #6602, .T. ) ;
#4696 = DIRECTION ( 'NONE',  ( 0.000000000000000000, 0.000000000000000000, -1.000000000000000000 ) ) ;
#4697 = ORIENTED_EDGE ( 'NONE', *, *, #9282, .T. ) ;
#4698 = CYLINDRICAL_SURFACE ( 'NONE', #4703, 0.8500000000000000888 ) ;
#4699 = EDGE_CURVE ( 'NONE', #7721, #4446, #5797, .T. ) ;
#4700 = DIRECTION ( 'NONE',  ( -1.000000000000000000, 0.000000000000000000, 0.000000000000000000 ) ) ;
#4701 = CARTESIAN_POINT ( 'NONE',  ( -52.22340835089975997, 9.594609242404862570, 3.692296232791095534 ) ) ;
#4702 = CYLINDRICAL_SURFACE ( 'NONE', #5075, 2.750000000000000888 ) ;
#4703 = AXIS2_PLACEMENT_3D ( 'NONE', #2357, #1620, #7913 ) ;
#4704 = CARTESIAN_POINT ( 'NONE',  ( 50.25000000000000000, 11.00000000000000178, 9.499999999999982236 ) ) ;
#4705 = ADVANCED_FACE ( 'NONE', ( #7646 ), #9114, .T. ) ;
#4706 = ORIENTED_EDGE ( 'NONE', *, *, #9473, .T. ) ;
#4707 = EDGE_LOOP ( 'NONE', ( #7774, #4463, #4198, #4132, #9116 ) ) ;
#4708 = CARTESIAN_POINT ( 'NONE',  ( 1.104085060222564741E-15, 14.60000000000000320, 14.75000000000000355 ) ) ;
#4709 = EDGE_CURVE ( 'NONE', #6611, #6555, #9314, .T. ) ;
#4710 = VECTOR ( 'NONE', #1319, 1000.000000000000000 ) ;
#4711 = CARTESIAN_POINT ( 'NONE',  ( -29.84000000000000341, 6.000000000000000000, -3.315000000000000391 ) ) ;
#4712 = ORIENTED_EDGE ( 'NONE', *, *, #9665, .T. ) ;
#4713 = CARTESIAN_POINT ( 'NONE',  ( -31.51661123066064363, 3.000000000000000000, -8.849999999999997868 ) ) ;
#4714 = CARTESIAN_POINT ( 'NONE',  ( -30.83999999999999986, 0.5000000000000004441, 9.349999999999997868 ) ) ;
#4715 = DIRECTION ( 'NONE',  ( 0.000000000000000000, 0.000000000000000000, -1.000000000000000000 ) ) ;
#4716 = DIRECTION ( 'NONE',  ( -1.000000000000000000, 0.000000000000000000, 0.000000000000000000 ) ) ;
#4717 = CARTESIAN_POINT ( 'NONE',  ( 50.25000000000000000, 11.00000000000000178, -4.000000000000000000 ) ) ;
#4718 = EDGE_CURVE ( 'NONE', #8827, #4885, #1391, .T. ) ;
#4719 = VERTEX_POINT ( 'NONE', #1301 ) ;
#4720 = AXIS2_PLACEMENT_3D ( 'NONE', #2745, #5084, #8237 ) ;
#4721 = ORIENTED_EDGE ( 'NONE', *, *, #5381, .T. ) ;
#4722 = LINE ( 'NONE', #3706, #9353 ) ;
#4723 = ORIENTED_EDGE ( 'NONE', *, *, #7614, .T. ) ;
#4724 = VERTEX_POINT ( 'NONE', #6855 ) ;
#4725 = CARTESIAN_POINT ( 'NONE',  ( -52.35969694218101012, 7.689433048167256146, -4.018813364945269306 ) ) ;
#4726 = CARTESIAN_POINT ( 'NONE',  ( -31.11939691791956974, 0.1293615736281126527, -20.34067203111825251 ) ) ;
#4727 = CARTESIAN_POINT ( 'NONE',  ( -52.40568058483292901, 7.148330670390516062, -3.751634072195762393 ) ) ;
#4728 = EDGE_CURVE ( 'NONE', #7168, #660, #8644, .T. ) ;
#4729 = ORIENTED_EDGE ( 'NONE', *, *, #5421, .F. ) ;
#4730 = CIRCLE ( 'NONE', #6076, 11.00296197722693314 ) ;
#4731 = ORIENTED_EDGE ( 'NONE', *, *, #4871, .T. ) ;
#4732 = CARTESIAN_POINT ( 'NONE',  ( 43.25000000000000711, 7.000000000000000000, -12.25000000000000178 ) ) ;
#4733 = ADVANCED_FACE ( 'NONE', ( #2835 ), #1883, .T. ) ;
#4734 = LINE ( 'NONE', #9570, #5582 ) ;
#4736 = VECTOR ( 'NONE', #4877, 1000.000000000000000 ) ;
#4735 = CARTESIAN_POINT ( 'NONE',  ( 47.50000000000000000, 3.000000000000000000, -9.500000000000001776 ) ) ;
#4737 = EDGE_CURVE ( 'NONE', #676, #8400, #6902, .T. ) ;
#4738 = ORIENTED_EDGE ( 'NONE', *, *, #3719, .T. ) ;
#4739 = CARTESIAN_POINT ( 'NONE',  ( 30.19999999999998153, 0.2999999999999999889, -7.798623679425841893 ) ) ;
#4740 = AXIS2_PLACEMENT_3D ( 'NONE', #849, #1643, #8880 ) ;
#4741 = VECTOR ( 'NONE', #3881, 1000.000000000000000 ) ;
#4742 = ORIENTED_EDGE ( 'NONE', *, *, #781, .T. ) ;
#4743 = CARTESIAN_POINT ( 'NONE',  ( -52.00000000000001421, 17.00000000000000000, -2.672759133356879398E-14 ) ) ;
#4744 = DIRECTION ( 'NONE',  ( 0.000000000000000000, 0.000000000000000000, 1.000000000000000000 ) ) ;
#4745 = DIRECTION ( 'NONE',  ( 0.000000000000000000, 0.000000000000000000, -1.000000000000000000 ) ) ;
#4746 = ORIENTED_EDGE ( 'NONE', *, *, #2822, .F. ) ;
#4747 = AXIS2_PLACEMENT_3D ( 'NONE', #2470, #9845, #4959 ) ;
#4748 = ORIENTED_EDGE ( 'NONE', *, *, #4925, .F. ) ;
#4749 = CYLINDRICAL_SURFACE ( 'NONE', #6248, 9.000000000000012434 ) ;
#4750 = DIRECTION ( 'NONE',  ( 0.000000000000000000, 0.000000000000000000, -1.000000000000000000 ) ) ;
#4751 = ORIENTED_EDGE ( 'NONE', *, *, #2001, .F. ) ;
#4752 = CYLINDRICAL_SURFACE ( 'NONE', #7057, 3.999999999999998224 ) ;
#4753 = FACE_OUTER_BOUND ( 'NONE', #4275, .T. ) ;
#4754 = CARTESIAN_POINT ( 'NONE',  ( -31.44101788930268171, 2.721234519427554233, 2.765000000000000124 ) ) ;
#4755 = EDGE_CURVE ( 'NONE', #968, #2823, #6064, .T. ) ;
#4756 = DIRECTION ( 'NONE',  ( -0.000000000000000000, -1.000000000000000000, -0.000000000000000000 ) ) ;
#4757 = DIRECTION ( 'NONE',  ( -1.000000000000000000, 0.000000000000000000, 0.000000000000000000 ) ) ;
#4758 = FACE_OUTER_BOUND ( 'NONE', #2705, .T. ) ;
#4759 = VERTEX_POINT ( 'NONE', #2037 ) ;
#4760 = VERTEX_POINT ( 'NONE', #2791 ) ;
#4761 = CARTESIAN_POINT ( 'NONE',  ( 47.49999999999997868, 11.00000000000000178, -12.25000000000000178 ) ) ;
#4762 = DIRECTION ( 'NONE',  ( 0.000000000000000000, 0.000000000000000000, 1.000000000000000000 ) ) ;
#4763 = EDGE_CURVE ( 'NONE', #3720, #5043, #7700, .T. ) ;
#4764 = ORIENTED_EDGE ( 'NONE', *, *, #5508, .F. ) ;
#4765 = DIRECTION ( 'NONE',  ( 0.000000000000000000, 0.000000000000000000, 1.000000000000000000 ) ) ;
#4766 = LINE ( 'NONE', #9393, #6986 ) ;
#4767 = VECTOR ( 'NONE', #3763, 1000.000000000000000 ) ;
#4768 = DIRECTION ( 'NONE',  ( 0.000000000000000000, -1.000000000000000000, 0.000000000000000000 ) ) ;
#4769 = ORIENTED_EDGE ( 'NONE', *, *, #7474, .T. ) ;
#4770 = EDGE_CURVE ( 'NONE', #6423, #292, #3760, .T. ) ;
#4771 = ORIENTED_EDGE ( 'NONE', *, *, #7540, .F. ) ;
#4772 = AXIS2_PLACEMENT_3D ( 'NONE', #5276, #8591, #7066 ) ;
#4773 = CARTESIAN_POINT ( 'NONE',  ( -39.76146882909598901, 0.000000000000000000, -2.965000000000000302 ) ) ;
#4774 = ADVANCED_FACE ( 'NONE', ( #8536 ), #7597, .T. ) ;
#4775 = ORIENTED_EDGE ( 'NONE', *, *, #6051, .F. ) ;
#4776 = ORIENTED_EDGE ( 'NONE', *, *, #6872, .T. ) ;
#4777 = CYLINDRICAL_SURFACE ( 'NONE', #1240, 0.6000000000000007550 ) ;
#4778 = CARTESIAN_POINT ( 'NONE',  ( -52.33851084445228707, 8.185779421546723000, -4.211694383884690751 ) ) ;
#4779 = CARTESIAN_POINT ( 'NONE',  ( -52.25000000000001421, 8.400000000000000355, 2.449999999999999734 ) ) ;
#4780 = DIRECTION ( 'NONE',  ( 0.000000000000000000, 1.000000000000000000, -0.000000000000000000 ) ) ;
#4781 = ORIENTED_EDGE ( 'NONE', *, *, #9970, .F. ) ;
#4782 = AXIS2_PLACEMENT_3D ( 'NONE', #7551, #6702, #1243 ) ;
#4783 = AXIS2_PLACEMENT_3D ( 'NONE', #8513, #9399, #6041 ) ;
#4784 = ORIENTED_EDGE ( 'NONE', *, *, #179, .F. ) ;
#4785 = CARTESIAN_POINT ( 'NONE',  ( 23.13039777241908013, 0.000000000000000000, 2.684264693320338679 ) ) ;
#4786 = DIRECTION ( 'NONE',  ( 0.000000000000000000, 0.000000000000000000, 1.000000000000000000 ) ) ;
#4787 = EDGE_CURVE ( 'NONE', #6164, #6832, #6116, .T. ) ;
#4788 = DIRECTION ( 'NONE',  ( 0.000000000000000000, 0.000000000000000000, 1.000000000000000000 ) ) ;
#4789 = VERTEX_POINT ( 'NONE', #3575 ) ;
#4790 = LINE ( 'NONE', #8006, #5382 ) ;
#4791 = VECTOR ( 'NONE', #7172, 1000.000000000000000 ) ;
#4792 = VERTEX_POINT ( 'NONE', #298 ) ;
#4793 = DIRECTION ( 'NONE',  ( -5.139921410301690239E-16, 0.000000000000000000, 1.000000000000000000 ) ) ;
#4794 = AXIS2_PLACEMENT_3D ( 'NONE', #10046, #10252, #6050 ) ;
#4795 = EDGE_CURVE ( 'NONE', #7361, #3457, #1096, .T. ) ;
#4796 = DIRECTION ( 'NONE',  ( 0.000000000000000000, 0.000000000000000000, -1.000000000000000000 ) ) ;
#4797 = DIRECTION ( 'NONE',  ( 1.000000000000000000, 0.000000000000000000, -2.667330462785983744E-14 ) ) ;
#4798 = EDGE_LOOP ( 'NONE', ( #6253, #4769, #3416, #4174 ) ) ;
#4799 = ORIENTED_EDGE ( 'NONE', *, *, #6475, .F. ) ;
#4800 = VECTOR ( 'NONE', #7991, 1000.000000000000000 ) ;
#4801 = CARTESIAN_POINT ( 'NONE',  ( 30.95000000000000284, 0.2999999999999999889, -2.350000000000003197 ) ) ;
#4802 = CIRCLE ( 'NONE', #2935, 0.1999999999999987899 ) ;
#4803 = CARTESIAN_POINT ( 'NONE',  ( 31.39999999999997726, 0.000000000000000000, -7.530492254602830116 ) ) ;
#4804 = EDGE_LOOP ( 'NONE', ( #3650, #2051, #6696, #7661, #4523 ) ) ;
#4805 = CYLINDRICAL_SURFACE ( 'NONE', #6049, 6.166261152084816288 ) ;
#4806 = CARTESIAN_POINT ( 'NONE',  ( -52.25000000000001421, 6.902631723476097214, -3.013815789473690554 ) ) ;
#4807 = DIRECTION ( 'NONE',  ( -0.3420201433256696566, -0.000000000000000000, 0.9396926207859080948 ) ) ;
#4808 = DIRECTION ( 'NONE',  ( 1.000000000000000000, 0.000000000000000000, 0.000000000000000000 ) ) ;
#4809 = AXIS2_PLACEMENT_3D ( 'NONE', #162, #9667, #1534 ) ;
#4810 = DIRECTION ( 'NONE',  ( -1.000000000000000000, -0.000000000000000000, -0.000000000000000000 ) ) ;
#4811 = DIRECTION ( 'NONE',  ( 0.000000000000000000, 0.000000000000000000, -1.000000000000000000 ) ) ;
#4812 = ORIENTED_EDGE ( 'NONE', *, *, #4787, .F. ) ;
#4813 = ORIENTED_EDGE ( 'NONE', *, *, #3237, .F. ) ;
#4814 = EDGE_CURVE ( 'NONE', #2610, #4, #4332, .T. ) ;
#4815 = VECTOR ( 'NONE', #4101, 1000.000000000000000 ) ;
#4816 = VECTOR ( 'NONE', #9813, 1000.000000000000000 ) ;
#4817 = DIRECTION ( 'NONE',  ( 0.000000000000000000, 1.000000000000000000, -0.000000000000000000 ) ) ;
#4818 = CARTESIAN_POINT ( 'NONE',  ( 3.099999999999991651, 14.50000000000000000, -13.45000000000019114 ) ) ;
#4819 = ORIENTED_EDGE ( 'NONE', *, *, #3468, .T. ) ;
#4820 = UNCERTAINTY_MEASURE_WITH_UNIT (LENGTH_MEASURE( 1.000000000000000082E-05 ), #886, 'distance_accuracy_value', 'NONE');
#4821 = CARTESIAN_POINT ( 'NONE',  ( -35.06554871542299878, 0.000000000000000000, -9.049999999999998934 ) ) ;
#4822 = CARTESIAN_POINT ( 'NONE',  ( -51.25000000000001421, 14.50000000000000000, 9.499999999999978684 ) ) ;
#4823 = VERTEX_POINT ( 'NONE', #3483 ) ;
#4824 = DIRECTION ( 'NONE',  ( 0.000000000000000000, 0.000000000000000000, -1.000000000000000000 ) ) ;
#4825 = DIRECTION ( 'NONE',  ( 0.000000000000000000, 0.000000000000000000, 1.000000000000000000 ) ) ;
#4826 = AXIS2_PLACEMENT_3D ( 'NONE', #1635, #6403, #9606 ) ;
#4827 = VERTEX_POINT ( 'NONE', #2687 ) ;
#4828 = AXIS2_PLACEMENT_3D ( 'NONE', #378, #10084, #3609 ) ;
#4829 = VERTEX_POINT ( 'NONE', #6752 ) ;
#4830 = ADVANCED_FACE ( 'NONE', ( #5965 ), #4379, .T. ) ;
#4831 = CARTESIAN_POINT ( 'NONE',  ( -35.24172192299145934, 0.2946731267839041712, -8.849999999999997868 ) ) ;
#4832 = EDGE_CURVE ( 'NONE', #10344, #10218, #1561, .T. ) ;
#4833 = ORIENTED_EDGE ( 'NONE', *, *, #4447, .F. ) ;
#4834 = AXIS2_PLACEMENT_3D ( 'NONE', #10310, #5577, #9521 ) ;
#4835 = EDGE_LOOP ( 'NONE', ( #9385, #2283, #2573, #7506 ) ) ;
#4836 = EDGE_CURVE ( 'NONE', #477, #6405, #2300, .T. ) ;
#4837 = CARTESIAN_POINT ( 'NONE',  ( 21.96734517834434897, 4.899999999999999467, 21.96734517834455502 ) ) ;
#4838 = CARTESIAN_POINT ( 'NONE',  ( -52.33850616358628116, 8.613775823039464541, -4.211736958226217631 ) ) ;
#4839 = FACE_OUTER_BOUND ( 'NONE', #3567, .T. ) ;
#4840 = CARTESIAN_POINT ( 'NONE',  ( -2.000000000000011990, 14.50000000000000000, -14.75000000000000355 ) ) ;
#4841 = ORIENTED_EDGE ( 'NONE', *, *, #8822, .T. ) ;
#4842 = EDGE_CURVE ( 'NONE', #8370, #3338, #2756, .T. ) ;
#4843 = ORIENTED_EDGE ( 'NONE', *, *, #6375, .T. ) ;
#4844 = DIRECTION ( 'NONE',  ( 0.000000000000000000, 0.000000000000000000, -1.000000000000000000 ) ) ;
#4845 = FACE_BOUND ( 'NONE', #5372, .T. ) ;
#4846 = DIRECTION ( 'NONE',  ( -0.000000000000000000, -0.000000000000000000, 1.000000000000000000 ) ) ;
#4847 = ORIENTED_EDGE ( 'NONE', *, *, #751, .F. ) ;
#4848 = CARTESIAN_POINT ( 'NONE',  ( 30.49999999999998224, 0.000000000000000000, -7.530492254602825675 ) ) ;
#4849 = EDGE_CURVE ( 'NONE', #7842, #1801, #5587, .T. ) ;
#4850 = EDGE_LOOP ( 'NONE', ( #3660, #8322, #10424, #5992, #3635, #8231, #8472, #9924, #9269, #5104, #360, #8233 ) ) ;
#4851 = CARTESIAN_POINT ( 'NONE',  ( -25.50000000000004263, 13.00000000000000178, 6.805453636524403956E-14 ) ) ;
#4852 = DIRECTION ( 'NONE',  ( 1.000000000000000000, 0.000000000000000000, -1.176083712526649195E-16 ) ) ;
#4853 = ORIENTED_EDGE ( 'NONE', *, *, #934, .F. ) ;
#4854 = EDGE_CURVE ( 'NONE', #2639, #5456, #1402, .T. ) ;
#4855 = ORIENTED_EDGE ( 'NONE', *, *, #4718, .F. ) ;
#4856 = CARTESIAN_POINT ( 'NONE',  ( -47.50000000000000711, 8.000000000000000000, 9.500000000000001776 ) ) ;
#4857 = DIRECTION ( 'NONE',  ( 0.000000000000000000, 0.000000000000000000, 1.000000000000000000 ) ) ;
#4858 = ORIENTED_EDGE ( 'NONE', *, *, #475, .F. ) ;
#4859 = PLANE ( 'NONE',  #8232 ) ;
#4860 = EDGE_CURVE ( 'NONE', #768, #8382, #9578, .T. ) ;
#4861 = FACE_OUTER_BOUND ( 'NONE', #1033, .T. ) ;
#4862 = PLANE ( 'NONE',  #471 ) ;
#4863 = CARTESIAN_POINT ( 'NONE',  ( 35.74931454692333688, -2.400397257746766949E-15, -4.522846332895221089 ) ) ;
#4864 = LINE ( 'NONE', #8861, #7201 ) ;
#4865 = LINE ( 'NONE', #40, #4442 ) ;
#4866 = ORIENTED_EDGE ( 'NONE', *, *, #3543, .F. ) ;
#4867 = DIRECTION ( 'NONE',  ( 1.000000000000000000, 0.000000000000000000, 0.000000000000000000 ) ) ;
#4868 = ORIENTED_EDGE ( 'NONE', *, *, #196, .F. ) ;
#4869 =( NAMED_UNIT ( * ) SI_UNIT ( $, .STERADIAN. ) SOLID_ANGLE_UNIT ( ) );
#4870 = DIRECTION ( 'NONE',  ( 0.000000000000000000, 0.000000000000000000, 1.000000000000000000 ) ) ;
#4871 = EDGE_CURVE ( 'NONE', #3448, #8953, #7175, .T. ) ;
#4872 = LINE ( 'NONE', #7299, #7582 ) ;
#4873 = ADVANCED_FACE ( 'NONE', ( #6377 ), #552, .T. ) ;
#4874 = VERTEX_POINT ( 'NONE', #3042 ) ;
#4875 = AXIS2_PLACEMENT_3D ( 'NONE', #3435, #1992, #5234 ) ;
#4876 = FACE_OUTER_BOUND ( 'NONE', #7388, .T. ) ;
#4877 = DIRECTION ( 'NONE',  ( 0.000000000000000000, -1.000000000000000000, 0.000000000000000000 ) ) ;
#4878 = ORIENTED_EDGE ( 'NONE', *, *, #8299, .F. ) ;
#4879 = FACE_OUTER_BOUND ( 'NONE', #1505, .T. ) ;
#4880 = DIRECTION ( 'NONE',  ( 0.000000000000000000, -0.000000000000000000, -1.000000000000000000 ) ) ;
#4881 = VERTEX_POINT ( 'NONE', #7115 ) ;
#4882 = VERTEX_POINT ( 'NONE', #6326 ) ;
#4883 = AXIS2_PLACEMENT_3D ( 'NONE', #5267, #8531, #7641 ) ;
#4884 = LINE ( 'NONE', #900, #5982 ) ;
#4885 = VERTEX_POINT ( 'NONE', #5534 ) ;
#4886 = DIRECTION ( 'NONE',  ( 0.000000000000000000, 0.000000000000000000, 1.000000000000000000 ) ) ;
#4887 = DIRECTION ( 'NONE',  ( 0.000000000000000000, 0.000000000000000000, 1.000000000000000000 ) ) ;
#4888 = CARTESIAN_POINT ( 'NONE',  ( 1.036764281119435083, 14.50000000000000000, -14.75000000000000178 ) ) ;
#4889 = ADVANCED_FACE ( 'NONE', ( #9372 ), #2347, .T. ) ;
#4890 = DIRECTION ( 'NONE',  ( -1.000000000000000000, 6.193764225599474254E-15, 0.000000000000000000 ) ) ;
#4891 = AXIS2_PLACEMENT_3D ( 'NONE', #2373, #9025, #5605 ) ;
#4892 = DIRECTION ( 'NONE',  ( 0.000000000000000000, 2.891205793294675861E-16, -1.000000000000000000 ) ) ;
#4893 = ORIENTED_EDGE ( 'NONE', *, *, #7072, .T. ) ;
#4894 = EDGE_CURVE ( 'NONE', #6097, #1433, #709, .T. ) ;
#4895 = VERTEX_POINT ( 'NONE', #10217 ) ;
#4896 = CARTESIAN_POINT ( 'NONE',  ( -25.50000000000000711, 13.00000000000000178, 13.55000000000000249 ) ) ;
#4897 =( GEOMETRIC_REPRESENTATION_CONTEXT ( 3 ) GLOBAL_UNCERTAINTY_ASSIGNED_CONTEXT ( ( #1075 ) ) GLOBAL_UNIT_ASSIGNED_CONTEXT ( ( #8331, #2633, #9165 ) ) REPRESENTATION_CONTEXT ( 'NONE', 'WORKASPACE' ) );
#4898 = DIRECTION ( 'NONE',  ( 0.000000000000000000, 1.000000000000000000, -0.000000000000000000 ) ) ;
#4899 = CARTESIAN_POINT ( 'NONE',  ( 30.50000000000002842, 0.000000000000000000, 2.830492254602823721 ) ) ;
#4900 = ORIENTED_EDGE ( 'NONE', *, *, #3372, .T. ) ;
#4901 = LINE ( 'NONE', #8057, #3854 ) ;
#4902 = DIRECTION ( 'NONE',  ( 0.000000000000000000, 0.000000000000000000, -1.000000000000000000 ) ) ;
#4903 = EDGE_CURVE ( 'NONE', #5834, #5776, #3838, .T. ) ;
#4904 = CIRCLE ( 'NONE', #6238, 1.900000000000000577 ) ;
#4905 = CARTESIAN_POINT ( 'NONE',  ( -34.00000000000000711, 8.000000000000000000, 0.000000000000000000 ) ) ;
#4906 = DIRECTION ( 'NONE',  ( 0.000000000000000000, 1.000000000000000000, 0.000000000000000000 ) ) ;
#4907 = EDGE_CURVE ( 'NONE', #10365, #6932, #1223, .T. ) ;
#4908 = ORIENTED_EDGE ( 'NONE', *, *, #8604, .F. ) ;
#4909 = CARTESIAN_POINT ( 'NONE',  ( -31.60047529527845001, 3.276389878762281160, 8.349999999999997868 ) ) ;
#4910 = CYLINDRICAL_SURFACE ( 'NONE', #8807, 0.2999999999999999334 ) ;
#4911 = ORIENTED_EDGE ( 'NONE', *, *, #3346, .T. ) ;
#4912 = DIRECTION ( 'NONE',  ( 0.000000000000000000, 0.000000000000000000, -1.000000000000000000 ) ) ;
#4913 = CARTESIAN_POINT ( 'NONE',  ( 22.68039777241907373, 0.000000000000000000, 1.904841829914338147 ) ) ;
#4914 = DIRECTION ( 'NONE',  ( 0.000000000000000000, 1.000000000000000000, -0.000000000000000000 ) ) ;
#4915 = ADVANCED_FACE ( 'NONE', ( #1458 ), #3890, .T. ) ;
#4916 = CARTESIAN_POINT ( 'NONE',  ( 50.24999999999999289, 9.850000000000001421, -3.299999999999999822 ) ) ;
#4917 = VECTOR ( 'NONE', #4525, 1000.000000000000000 ) ;
#4918 = CARTESIAN_POINT ( 'NONE',  ( 47.50000000000000000, 8.000000000000000000, -9.500000000000001776 ) ) ;
#4919 = CARTESIAN_POINT ( 'NONE',  ( -39.58434658500975445, 0.1071145293931473896, 2.787877755913764855 ) ) ;
#4920 = ORIENTED_EDGE ( 'NONE', *, *, #7130, .T. ) ;
#4921 = VERTEX_POINT ( 'NONE', #7797 ) ;
#4922 = FILL_AREA_STYLE_COLOUR ( '', #696 ) ;
#4923 = CARTESIAN_POINT ( 'NONE',  ( 50.99857113690718080, 9.000000000000001776, 12.25000000000000711 ) ) ;
#4924 = DIRECTION ( 'NONE',  ( -1.000000000000000000, -1.775381057445024239E-14, 0.000000000000000000 ) ) ;
#4925 = EDGE_CURVE ( 'NONE', #7050, #4410, #9661, .T. ) ;
#4926 = VERTEX_POINT ( 'NONE', #6271 ) ;
#4927 = LINE ( 'NONE', #8762, #9512 ) ;
#4928 = LINE ( 'NONE', #996, #3883 ) ;
#4929 = VERTEX_POINT ( 'NONE', #2245 ) ;
#4930 = B_SPLINE_CURVE_WITH_KNOTS ( 'NONE', 3,
 ( #1196, #4587, #4538, #7801, #6067, #4433 ),
 .UNSPECIFIED., .F., .F.,
 ( 4, 2, 4 ),
 ( 0.000000000000000000, 0.0003916138837253803286, 0.0007832277674507606572 ),
 .UNSPECIFIED. ) ;
#4931 = CARTESIAN_POINT ( 'NONE',  ( -52.33704905526284534, 8.400000000000959588, 4.225000000000030731 ) ) ;
#4932 = ORIENTED_EDGE ( 'NONE', *, *, #10351, .T. ) ;
#4933 = EDGE_CURVE ( 'NONE', #6101, #9289, #5803, .T. ) ;
#4934 = ORIENTED_EDGE ( 'NONE', *, *, #7107, .T. ) ;
#4935 = DIRECTION ( 'NONE',  ( -0.000000000000000000, 0.05921052631576485120, 0.9982455176826040555 ) ) ;
#4936 = ORIENTED_EDGE ( 'NONE', *, *, #4187, .T. ) ;
#4937 = CARTESIAN_POINT ( 'NONE',  ( -2.000000000000008882, 13.00000000000000178, -12.35000000000019149 ) ) ;
#4938 = VECTOR ( 'NONE', #6250, 1000.000000000000000 ) ;
#4939 = CARTESIAN_POINT ( 'NONE',  ( -20.00000000000001066, 13.00000000000000178, 13.55000000000000604 ) ) ;
#4940 = DIRECTION ( 'NONE',  ( 0.8660254037844380415, -0.000000000000000000, -0.5000000000000009992 ) ) ;
#4941 = DIRECTION ( 'NONE',  ( -1.176083712526649195E-16, 0.000000000000000000, -1.000000000000000000 ) ) ;
#4942 = VERTEX_POINT ( 'NONE', #4642 ) ;
#4943 = VECTOR ( 'NONE', #8197, 1000.000000000000000 ) ;
#4944 = ORIENTED_EDGE ( 'NONE', *, *, #5866, .F. ) ;
#4945 = EDGE_CURVE ( 'NONE', #16, #4528, #10317, .T. ) ;
#4946 = FACE_BOUND ( 'NONE', #1393, .T. ) ;
#4947 = ORIENTED_EDGE ( 'NONE', *, *, #4969, .F. ) ;
#4948 = LINE ( 'NONE', #1073, #8908 ) ;
#4949 = DIRECTION ( 'NONE',  ( -1.000000000000000000, -1.758281308145593320E-15, 0.000000000000000000 ) ) ;
#4950 = VECTOR ( 'NONE', #8026, 1000.000000000000000 ) ;
#4951 = CARTESIAN_POINT ( 'NONE',  ( 37.45000000000000284, 4.899999999999999467, 6.484690356689041479 ) ) ;
#4952 = CARTESIAN_POINT ( 'NONE',  ( -52.20411310831063645, 7.848321591041642620, 4.174880509859565159 ) ) ;
#4953 = AXIS2_PLACEMENT_3D ( 'NONE', #7905, #2939, #5486 ) ;
#4954 = CYLINDRICAL_SURFACE ( 'NONE', #753, 2.750000000000008438 ) ;
#4955 = CARTESIAN_POINT ( 'NONE',  ( 35.23139739626869016, -1.503483481376382510E-15, -5.419905151940268340 ) ) ;
#4956 = AXIS2_PLACEMENT_3D ( 'NONE', #2311, #7025, #10391 ) ;
#4957 = ORIENTED_EDGE ( 'NONE', *, *, #5993, .F. ) ;
#4958 = EDGE_CURVE ( 'NONE', #7984, #5615, #9825, .T. ) ;
#4959 = DIRECTION ( 'NONE',  ( -6.672013369141583952E-16, 0.000000000000000000, 1.000000000000000000 ) ) ;
#4960 = CIRCLE ( 'NONE', #383, 5.199999999999985967 ) ;
#4961 = DIRECTION ( 'NONE',  ( 1.000000000000000000, 0.000000000000000000, 0.000000000000000000 ) ) ;
#4962 = CARTESIAN_POINT ( 'NONE',  ( -52.22340835089975997, 7.205390757595131923, 3.692296232791099975 ) ) ;
#4963 = ORIENTED_EDGE ( 'NONE', *, *, #3914, .T. ) ;
#4964 = LINE ( 'NONE', #1827, #135 ) ;
#4965 = CIRCLE ( 'NONE', #9320, 0.2888330770816419091 ) ;
#4966 = CARTESIAN_POINT ( 'NONE',  ( -39.58434658500975445, 0.1071145293931473896, 8.372877755913762599 ) ) ;
#4967 = CARTESIAN_POINT ( 'NONE',  ( -52.45000000000001705, 9.700000000000001066, -2.924999999999968736 ) ) ;
#4968 = EDGE_CURVE ( 'NONE', #665, #6097, #6779, .T. ) ;
#4969 = EDGE_CURVE ( 'NONE', #3978, #3850, #3931, .T. ) ;
#4970 = DIRECTION ( 'NONE',  ( 0.000000000000000000, 0.000000000000000000, 1.000000000000000000 ) ) ;
#4971 = CARTESIAN_POINT ( 'NONE',  ( -52.40568058483292901, 9.651669329609534387, 3.751634072195715319 ) ) ;
#4972 = CIRCLE ( 'NONE', #8333, 0.1999999999999987899 ) ;
#4973 = CYLINDRICAL_SURFACE ( 'NONE', #9648, 3.750000000000001776 ) ;
#4974 = VERTEX_POINT ( 'NONE', #7279 ) ;
#4975 = ORIENTED_EDGE ( 'NONE', *, *, #320, .F. ) ;
#4976 = EDGE_CURVE ( 'NONE', #59, #7068, #8480, .T. ) ;
#4977 = DIRECTION ( 'NONE',  ( 0.000000000000000000, 0.000000000000000000, 1.000000000000000000 ) ) ;
#4978 = CARTESIAN_POINT ( 'NONE',  ( -52.00319817479341111, 8.157263597525663101, 4.338327429859345941 ) ) ;
#4979 = CARTESIAN_POINT ( 'NONE',  ( 9.130079849446664397, -0.001000000000000024307, -15.81376217640248427 ) ) ;
#4980 = CIRCLE ( 'NONE', #3612, 0.1999999999999987899 ) ;
#4981 = CARTESIAN_POINT ( 'NONE',  ( 47.49999999999994316, 8.000000000000000000, 14.75000000000000000 ) ) ;
#4982 = EDGE_LOOP ( 'NONE', ( #5, #8620, #3495, #8773 ) ) ;
#4983 = VECTOR ( 'NONE', #4124, 1000.000000000000000 ) ;
#4984 = AXIS2_PLACEMENT_3D ( 'NONE', #2006, #3598, #8404 ) ;
#4985 = DIRECTION ( 'NONE',  ( -1.000000000000000000, 4.445524323212526105E-15, 0.000000000000000000 ) ) ;
#4986 = DIRECTION ( 'NONE',  ( 0.000000000000000000, 0.000000000000000000, -1.000000000000000000 ) ) ;
#4987 = ORIENTED_EDGE ( 'NONE', *, *, #9658, .F. ) ;
#4988 = FACE_OUTER_BOUND ( 'NONE', #8542, .T. ) ;
#4989 = ORIENTED_EDGE ( 'NONE', *, *, #3133, .T. ) ;
#4990 = ORIENTED_EDGE ( 'NONE', *, *, #8249, .T. ) ;
#4991 = AXIS2_PLACEMENT_3D ( 'NONE', #2036, #4429, #1242 ) ;
#4992 = EDGE_CURVE ( 'NONE', #3397, #8982, #4271, .T. ) ;
#4993 = AXIS2_PLACEMENT_3D ( 'NONE', #4713, #8608, #7034 ) ;
#4994 = CARTESIAN_POINT ( 'NONE',  ( 39.21960222758095682, 0.000000000000000000, 1.904841829914291740 ) ) ;
#4995 = ORIENTED_EDGE ( 'NONE', *, *, #5060, .F. ) ;
#4996 = LINE ( 'NONE', #1058, #172 ) ;
#4997 = EDGE_CURVE ( 'NONE', #4671, #3023, #9154, .T. ) ;
#4998 = CARTESIAN_POINT ( 'NONE',  ( -52.25000000000001421, 8.400000000000000355, -4.350000000000000533 ) ) ;
#4999 = CARTESIAN_POINT ( 'NONE',  ( -51.25000000000001421, 16.00000000000000000, 9.499999999999978684 ) ) ;
#5000 = VECTOR ( 'NONE', #3229, 1000.000000000000000 ) ;
#5001 = AXIS2_PLACEMENT_3D ( 'NONE', #5793, #4309, #8995 ) ;
#5002 = LINE ( 'NONE', #7422, #9668 ) ;
#5003 = ORIENTED_EDGE ( 'NONE', *, *, #8296, .F. ) ;
#5004 = ORIENTED_EDGE ( 'NONE', *, *, #2727, .F. ) ;
#5005 = DIRECTION ( 'NONE',  ( 0.000000000000000000, 1.000000000000000000, -0.000000000000000000 ) ) ;
#5006 = CIRCLE ( 'NONE', #763, 0.2888330770816419091 ) ;
#5007 = DIRECTION ( 'NONE',  ( 0.000000000000000000, 0.000000000000000000, -1.000000000000000000 ) ) ;
#5008 = ORIENTED_EDGE ( 'NONE', *, *, #9630, .F. ) ;
#5009 = CARTESIAN_POINT ( 'NONE',  ( -51.95000000000000995, 7.083039804977544485, 3.819531249999947864 ) ) ;
#5010 = LINE ( 'NONE', #1707, #5807 ) ;
#5011 = LINE ( 'NONE', #9890, #5237 ) ;
#5012 = DIRECTION ( 'NONE',  ( -1.000000000000000000, 0.000000000000000000, -1.871330610546719070E-17 ) ) ;
#5013 = EDGE_LOOP ( 'NONE', ( #7207, #646 ) ) ;
#5014 = CARTESIAN_POINT ( 'NONE',  ( 43.25000000000000711, 6.000000000000000000, 8.250000000000001776 ) ) ;
#5015 = CARTESIAN_POINT ( 'NONE',  ( -31.27472780755320869, 0.2000000000000000111, -20.34067203111825251 ) ) ;
#5016 = CARTESIAN_POINT ( 'NONE',  ( -47.50000000000000711, 5.500000000000000000, 9.500000000000001776 ) ) ;
#5017 = ORIENTED_EDGE ( 'NONE', *, *, #2566, .T. ) ;
#5018 = FACE_OUTER_BOUND ( 'NONE', #1097, .T. ) ;
#5019 =( BOUNDED_CURVE ( )  B_SPLINE_CURVE ( 3, ( #7770, #7621, #3552, #10130 ),
 .UNSPECIFIED., .F., .F. ) 
 B_SPLINE_CURVE_WITH_KNOTS ( ( 4, 4 ),
 ( 4.712388980384689674, 5.906926873010757362 ),
 .UNSPECIFIED. ) 
 CURVE ( )  GEOMETRIC_REPRESENTATION_ITEM ( )  RATIONAL_B_SPLINE_CURVE ( ( 1.000000000000000000, 0.8845830693046154991, 0.8845830693046154991, 1.000000000000000000 ) ) 
 REPRESENTATION_ITEM ( '' )  );
#5020 = CARTESIAN_POINT ( 'NONE',  ( 31.68742105278086996, 0.2034051652805220212, 6.632385900611298624 ) ) ;
#5021 = EDGE_CURVE ( 'NONE', #2102, #7851, #549, .T. ) ;
#5022 = LINE ( 'NONE', #1624, #5315 ) ;
#5023 = DIRECTION ( 'NONE',  ( 0.000000000000000000, 1.734723475976806148E-14, -1.000000000000000000 ) ) ;
#5024 = EDGE_LOOP ( 'NONE', ( #10247, #1987, #3153, #9201 ) ) ;
#5025 = ORIENTED_EDGE ( 'NONE', *, *, #8878, .F. ) ;
#5026 = EDGE_CURVE ( 'NONE', #1991, #6999, #3506, .T. ) ;
#5027 = ADVANCED_FACE ( 'NONE', ( #2467 ), #3995, .T. ) ;
#5028 = DIRECTION ( 'NONE',  ( 0.000000000000000000, 1.000000000000000000, -0.000000000000000000 ) ) ;
#5029 = CARTESIAN_POINT ( 'NONE',  ( -51.95000001717433946, 9.540567522430086100, 3.989152884042828529 ) ) ;
#5030 = FACE_OUTER_BOUND ( 'NONE', #1802, .T. ) ;
#5031 = CARTESIAN_POINT ( 'NONE',  ( 23.55788180854701608, -0.001000000000000024307, 2.783866831501377703 ) ) ;
#5032 = ORIENTED_EDGE ( 'NONE', *, *, #3530, .F. ) ;
#5033 = CARTESIAN_POINT ( 'NONE',  ( -20.00000000000001066, 14.50000000000000000, 13.54999999999999716 ) ) ;
#5034 = DIRECTION ( 'NONE',  ( 0.000000000000000000, 0.000000000000000000, 1.000000000000000000 ) ) ;
#5035 = ADVANCED_FACE ( 'NONE', ( #1714 ), #5288, .T. ) ;
#5036 = ORIENTED_EDGE ( 'NONE', *, *, #2071, .T. ) ;
#5037 = DIRECTION ( 'NONE',  ( 0.000000000000000000, -1.000000000000000000, 0.000000000000000000 ) ) ;
#5038 = ORIENTED_EDGE ( 'NONE', *, *, #201, .F. ) ;
#5039 = ORIENTED_EDGE ( 'NONE', *, *, #8969, .T. ) ;
#5040 = EDGE_CURVE ( 'NONE', #8183, #2606, #8114, .T. ) ;
#5041 = CARTESIAN_POINT ( 'NONE',  ( -51.99275608861707809, 7.920029344711955410, -4.292343692618056927 ) ) ;
#5042 = VECTOR ( 'NONE', #9953, 1000.000000000000000 ) ;
#5043 = VERTEX_POINT ( 'NONE', #765 ) ;
#5044 = CARTESIAN_POINT ( 'NONE',  ( 31.68742105278082022, 0.2034051652805212995, -11.33238590061130679 ) ) ;
#5045 = CYLINDRICAL_SURFACE ( 'NONE', #4468, 0.2888330770816384119 ) ;
#5046 = LINE ( 'NONE', #8147, #1573 ) ;
#5047 = EDGE_CURVE ( 'NONE', #786, #9417, #2406, .T. ) ;
#5048 = CYLINDRICAL_SURFACE ( 'NONE', #6336, 2.000000000000003109 ) ;
#5049 = CARTESIAN_POINT ( 'NONE',  ( -51.95000000000000995, 10.30000000000000071, 2.449999999999999289 ) ) ;
#5050 = CARTESIAN_POINT ( 'NONE',  ( -51.95000000000000995, 7.083039804977544485, 3.819531249999947864 ) ) ;
#5051 = VERTEX_POINT ( 'NONE', #9192 ) ;
#5052 = VECTOR ( 'NONE', #442, 1000.000000000000000 ) ;
#5053 = ORIENTED_EDGE ( 'NONE', *, *, #5116, .T. ) ;
#5054 = ORIENTED_EDGE ( 'NONE', *, *, #6256, .T. ) ;
#5055 = LINE ( 'NONE', #4896, #3044 ) ;
#5056 = PLANE ( 'NONE',  #7354 ) ;
#5057 = ORIENTED_EDGE ( 'NONE', *, *, #7147, .F. ) ;
#5058 = CARTESIAN_POINT ( 'NONE',  ( -20.00000000000000355, 11.00000000000000178, -12.25000000000000178 ) ) ;
#5059 = CARTESIAN_POINT ( 'NONE',  ( -52.22340835089975997, 7.205390757595235840, -3.692296232791190125 ) ) ;
#5060 = EDGE_CURVE ( 'NONE', #3444, #6640, #1187, .T. ) ;
#5061 = DIRECTION ( 'NONE',  ( -0.000000000000000000, -0.000000000000000000, 1.000000000000000000 ) ) ;
#5062 = CARTESIAN_POINT ( 'NONE',  ( -52.20568855767160699, 9.258912725377891562, 4.027145805446473936 ) ) ;
#5063 = CARTESIAN_POINT ( 'NONE',  ( -47.50000000000000711, 3.000000000000000000, 8.650000000000002132 ) ) ;
#5064 = EDGE_CURVE ( 'NONE', #8868, #3219, #8163, .T. ) ;
#5065 = ORIENTED_EDGE ( 'NONE', *, *, #2613, .T. ) ;
#5066 = CARTESIAN_POINT ( 'NONE',  ( 50.24999999999999289, 11.35000000000000142, 1.700000000000000622 ) ) ;
#5067 = CARTESIAN_POINT ( 'NONE',  ( -51.95000000000000995, 9.540539679193125622, -3.989179658484622415 ) ) ;
#5068 = FACE_BOUND ( 'NONE', #329, .T. ) ;
#5069 = ORIENTED_EDGE ( 'NONE', *, *, #9779, .T. ) ;
#5070 = DIRECTION ( 'NONE',  ( 0.000000000000000000, 0.000000000000000000, 1.000000000000000000 ) ) ;
#5071 = CARTESIAN_POINT ( 'NONE',  ( 31.53444636088670450, 0.02145563245112806772, 6.797111039792336662 ) ) ;
#5072 = CARTESIAN_POINT ( 'NONE',  ( -50.19999999999999574, 14.60000000000001741, 6.749999999999962697 ) ) ;
#5073 = CARTESIAN_POINT ( 'NONE',  ( -2.000000000000008882, 13.00000000000000178, 13.35000000000018971 ) ) ;
#5074 = ORIENTED_EDGE ( 'NONE', *, *, #10435, .T. ) ;
#5075 = AXIS2_PLACEMENT_3D ( 'NONE', #5392, #9484, #4595 ) ;
#5076 = AXIS2_PLACEMENT_3D ( 'NONE', #7868, #3688, #8492 ) ;
#5077 = VECTOR ( 'NONE', #7584, 1000.000000000000000 ) ;
#5078 = ORIENTED_EDGE ( 'NONE', *, *, #184, .T. ) ;
#5079 = EDGE_CURVE ( 'NONE', #2395, #6999, #1120, .T. ) ;
#5080 = CARTESIAN_POINT ( 'NONE',  ( -45.20000000000000284, 17.00000000000000000, -6.750000000000000888 ) ) ;
#5081 = EDGE_CURVE ( 'NONE', #5912, #2480, #8062, .T. ) ;
#5082 = CARTESIAN_POINT ( 'NONE',  ( -51.95000002018760199, 7.257062783563016595, 3.986874153505306051 ) ) ;
#5083 = DIRECTION ( 'NONE',  ( 0.000000000000000000, 0.000000000000000000, 1.000000000000000000 ) ) ;
#5084 = DIRECTION ( 'NONE',  ( -0.000000000000000000, 1.000000000000000000, -0.000000000000000000 ) ) ;
#5085 = VECTOR ( 'NONE', #456, 1000.000000000000000 ) ;
#5086 = ORIENTED_EDGE ( 'NONE', *, *, #8556, .T. ) ;
#5087 = CARTESIAN_POINT ( 'NONE',  ( 23.85000000000000142, 4.899999999999999467, -10.34999999999999787 ) ) ;
#5088 = CARTESIAN_POINT ( 'NONE',  ( 20.65000000000000213, -29.13279938488576448, -12.25000000000000178 ) ) ;
#5089 = CARTESIAN_POINT ( 'NONE',  ( -52.38111596566540129, 7.433570362412058152, 3.820619583450081791 ) ) ;
#5090 = ORIENTED_EDGE ( 'NONE', *, *, #7655, .F. ) ;
#5091 = ORIENTED_EDGE ( 'NONE', *, *, #7176, .F. ) ;
#5092 = CIRCLE ( 'NONE', #4747, 5.199999999999985967 ) ;
#5093 = ADVANCED_FACE ( 'NONE', ( #27 ), #3255, .T. ) ;
#5094 = CARTESIAN_POINT ( 'NONE',  ( -52.20538535074317821, 8.984454251331996488, -4.160314501063841597 ) ) ;
#5095 = EDGE_LOOP ( 'NONE', ( #5003, #7111, #4678, #4359 ) ) ;
#5096 = CARTESIAN_POINT ( 'NONE',  ( 31.46707591882797672, -3.811648262644349985E-18, -11.56869301635390634 ) ) ;
#5097 = CARTESIAN_POINT ( 'NONE',  ( -53.20000000000000284, 8.400000000000000355, 4.225000000000031619 ) ) ;
#5098 = CARTESIAN_POINT ( 'NONE',  ( -52.45000000000000995, 6.899999999999998579, -2.924999999999968736 ) ) ;
#5099 = EDGE_CURVE ( 'NONE', #7897, #3596, #8819, .T. ) ;
#5100 = CARTESIAN_POINT ( 'NONE',  ( 30.95000000000000284, 0.2999999999999999889, -2.350000000000003197 ) ) ;
#5101 = DIRECTION ( 'NONE',  ( 0.000000000000000000, 0.000000000000000000, 1.000000000000000000 ) ) ;
#5102 = VERTEX_POINT ( 'NONE', #10242 ) ;
#5103 = ORIENTED_EDGE ( 'NONE', *, *, #4466, .T. ) ;
#5104 = ORIENTED_EDGE ( 'NONE', *, *, #7818, .T. ) ;
#5105 = EDGE_CURVE ( 'NONE', #2025, #2501, #1276, .T. ) ;
#5106 = CARTESIAN_POINT ( 'NONE',  ( -45.20000000000000284, 17.00000000000000000, -6.750000000000000888 ) ) ;
#5107 = VECTOR ( 'NONE', #1410, 1000.000000000000000 ) ;
#5108 = FACE_BOUND ( 'NONE', #4242, .T. ) ;
#5109 = ORIENTED_EDGE ( 'NONE', *, *, #219, .F. ) ;
#5110 = EDGE_LOOP ( 'NONE', ( #1980, #1225, #1022, #1328 ) ) ;
#5111 = DIRECTION ( 'NONE',  ( 0.000000000000000000, 0.000000000000000000, -1.000000000000000000 ) ) ;
#5112 = LINE ( 'NONE', #8316, #3769 ) ;
#5113 = DIRECTION ( 'NONE',  ( 1.000000000000000000, -0.000000000000000000, -0.000000000000000000 ) ) ;
#5114 = LINE ( 'NONE', #1080, #1913 ) ;
#5115 = ORIENTED_EDGE ( 'NONE', *, *, #7973, .F. ) ;
#5116 = EDGE_CURVE ( 'NONE', #1493, #2240, #1904, .T. ) ;
#5117 = CARTESIAN_POINT ( 'NONE',  ( -53.20000000000000284, 3.000000000000000000, 2.734438190280500643E-14 ) ) ;
#5118 = DIRECTION ( 'NONE',  ( 1.000000000000000000, 0.000000000000000000, 0.000000000000000000 ) ) ;
#5119 = DIRECTION ( 'NONE',  ( -0.000000000000000000, 0.000000000000000000, -1.000000000000000000 ) ) ;
#5120 = ORIENTED_EDGE ( 'NONE', *, *, #2459, .T. ) ;
#5121 = LINE ( 'NONE', #4269, #5042 ) ;
#5122 = CARTESIAN_POINT ( 'NONE',  ( 47.49999999999999289, 11.00000000000000178, 9.500000000000000000 ) ) ;
#5123 = EDGE_CURVE ( 'NONE', #7117, #4531, #1733, .T. ) ;
#5124 = CARTESIAN_POINT ( 'NONE',  ( -35.26554871542300162, 0.08284271247461910681, 8.349999999999997868 ) ) ;
#5125 = DIRECTION ( 'NONE',  ( -0.000000000000000000, -1.000000000000000000, -0.000000000000000000 ) ) ;
#5126 = VERTEX_POINT ( 'NONE', #8459 ) ;
#5127 = VECTOR ( 'NONE', #1192, 1000.000000000000000 ) ;
#5128 = ORIENTED_EDGE ( 'NONE', *, *, #9075, .F. ) ;
#5129 = AXIS2_PLACEMENT_3D ( 'NONE', #1035, #4272, #2734 ) ;
#5130 = VECTOR ( 'NONE', #1663, 1000.000000000000000 ) ;
#5131 = CARTESIAN_POINT ( 'NONE',  ( 0.000000000000000000, 0.000000000000000000, 8.549999999999998934 ) ) ;
#5132 = FACE_OUTER_BOUND ( 'NONE', #7307, .T. ) ;
#5133 = CARTESIAN_POINT ( 'NONE',  ( 2.099999999999991207, 13.00000000000000178, 13.35000000000019149 ) ) ;
#5134 = LINE ( 'NONE', #2646, #7916 ) ;
#5135 = ORIENTED_EDGE ( 'NONE', *, *, #6829, .T. ) ;
#5136 = CARTESIAN_POINT ( 'NONE',  ( -20.00000000000001066, 16.00001200000000168, 2.352167425053299179E-15 ) ) ;
#5137 = AXIS2_PLACEMENT_3D ( 'NONE', #7583, #333, #3564 ) ;
#5138 = DIRECTION ( 'NONE',  ( -1.000000000000000000, -1.758281308145593320E-15, 0.000000000000000000 ) ) ;
#5139 = CIRCLE ( 'NONE', #3597, 0.8500000000000000888 ) ;
#5140 = LINE ( 'NONE', #1110, #6128 ) ;
#5141 = ORIENTED_EDGE ( 'NONE', *, *, #8739, .F. ) ;
#5142 = ORIENTED_EDGE ( 'NONE', *, *, #9419, .T. ) ;
#5143 = CIRCLE ( 'NONE', #5816, 11.00296197722692959 ) ;
#5144 = TOROIDAL_SURFACE ( 'NONE', #2942, 1.600000000000000755, 0.2999999999999999889 ) ;
#5145 = CARTESIAN_POINT ( 'NONE',  ( -52.21659773288867257, 9.464150433807013485, -3.844379067120713422 ) ) ;
#5146 = CIRCLE ( 'NONE', #9000, 5.499999999999985789 ) ;
#5147 = ORIENTED_EDGE ( 'NONE', *, *, #7401, .T. ) ;
#5148 = LINE ( 'NONE', #6674, #400 ) ;
#5149 = DIRECTION ( 'NONE',  ( 0.000000000000000000, 0.000000000000000000, 1.000000000000000000 ) ) ;
#5150 = DIRECTION ( 'NONE',  ( 0.000000000000000000, 0.000000000000000000, 1.000000000000000000 ) ) ;
#5151 = EDGE_CURVE ( 'NONE', #5320, #6122, #377, .T. ) ;
#5152 = EDGE_LOOP ( 'NONE', ( #2295, #2080, #7091, #624, #8040, #3167, #8261, #2973, #6303, #1543, #5550, #1314 ) ) ;
#5153 = AXIS2_PLACEMENT_3D ( 'NONE', #3386, #6710, #4286 ) ;
#5154 = CARTESIAN_POINT ( 'NONE',  ( 35.28101804361232752, 0.1300423822510673733, -5.659915084219579562 ) ) ;
#5155 = ORIENTED_EDGE ( 'NONE', *, *, #9630, .T. ) ;
#5156 = ORIENTED_EDGE ( 'NONE', *, *, #6038, .F. ) ;
#5157 = EDGE_CURVE ( 'NONE', #1476, #7701, #4511, .T. ) ;
#5158 = FACE_OUTER_BOUND ( 'NONE', #10381, .T. ) ;
#5159 = ADVANCED_FACE ( 'NONE', ( #5301 ), #7676, .F. ) ;
#5160 = CIRCLE ( 'NONE', #8849, 0.3000000000000000444 ) ;
#5161 = DIRECTION ( 'NONE',  ( -1.000000000000000000, -0.000000000000000000, -0.000000000000000000 ) ) ;
#5162 = ORIENTED_EDGE ( 'NONE', *, *, #2040, .F. ) ;
#5163 = CIRCLE ( 'NONE', #7683, 5.249999999999998224 ) ;
#5164 = ORIENTED_EDGE ( 'NONE', *, *, #8198, .T. ) ;
#5165 = DIRECTION ( 'NONE',  ( 1.000000000000000000, 0.000000000000000000, 0.000000000000000000 ) ) ;
#5166 = CARTESIAN_POINT ( 'NONE',  ( -31.11939691791956974, 0.5000000000000004441, -20.34067203111825251 ) ) ;
#5167 = CARTESIAN_POINT ( 'NONE',  ( -52.34420172950727590, 7.979386158045612909, 4.159693197046856916 ) ) ;
#5168 = EDGE_CURVE ( 'NONE', #301, #4210, #9376, .T. ) ;
#5169 = VERTEX_POINT ( 'NONE', #4612 ) ;
#5170 = AXIS2_PLACEMENT_3D ( 'NONE', #2384, #4935, #3233 ) ;
#5171 = AXIS2_PLACEMENT_3D ( 'NONE', #596, #10144, #1338 ) ;
#5172 = EDGE_LOOP ( 'NONE', ( #5208, #5690, #5778, #8216 ) ) ;
#5173 = LINE ( 'NONE', #7737, #6931 ) ;
#5174 = EDGE_CURVE ( 'NONE', #4200, #10044, #10155, .T. ) ;
#5175 = CARTESIAN_POINT ( 'NONE',  ( -8.000000000000008882, 13.00000000000000178, 14.75000000000000178 ) ) ;
#5176 = FACE_OUTER_BOUND ( 'NONE', #5790, .T. ) ;
#5177 = VERTEX_POINT ( 'NONE', #6930 ) ;
#5178 = CARTESIAN_POINT ( 'NONE',  ( 30.43292408117196501, 5.717472393966525748E-18, 6.868693016353961234 ) ) ;
#5179 = LINE ( 'NONE', #6648, #7763 ) ;
#5180 = AXIS2_PLACEMENT_3D ( 'NONE', #7049, #10254, #3027 ) ;
#5181 = EDGE_CURVE ( 'NONE', #768, #8221, #9240, .T. ) ;
#5182 = CARTESIAN_POINT ( 'NONE',  ( -35.06554871542299878, 0.000000000000000000, 8.549999999999998934 ) ) ;
#5183 = DIRECTION ( 'NONE',  ( 0.3420201433256696011, 0.000000000000000000, 0.9396926207859082059 ) ) ;
#5184 = ORIENTED_EDGE ( 'NONE', *, *, #5498, .F. ) ;
#5185 = EDGE_LOOP ( 'NONE', ( #4047, #8701 ) ) ;
#5186 = PLANE ( 'NONE',  #6113 ) ;
#5187 = LINE ( 'NONE', #149, #3877 ) ;
#5188 = DIRECTION ( 'NONE',  ( -0.000000000000000000, 1.000000000000000000, -0.000000000000000000 ) ) ;
#5189 = CYLINDRICAL_SURFACE ( 'NONE', #315, 6.166261152084816288 ) ;
#5190 = CARTESIAN_POINT ( 'NONE',  ( -52.45000000000000995, 9.697719172987381953, -3.001973684210526905 ) ) ;
#5191 = CARTESIAN_POINT ( 'NONE',  ( 0.000000000000000000, 9.000000000000001776, 12.25000000000000711 ) ) ;
#5192 = DIRECTION ( 'NONE',  ( 1.000000000000000000, -0.000000000000000000, -0.000000000000000000 ) ) ;
#5193 = VERTEX_POINT ( 'NONE', #10080 ) ;
#5194 = ORIENTED_EDGE ( 'NONE', *, *, #2654, .T. ) ;
#5195 = EDGE_CURVE ( 'NONE', #6473, #5518, #523, .T. ) ;
#5196 = CARTESIAN_POINT ( 'NONE',  ( -52.11955117507887536, 8.524846049716632734, -4.349906030956491421 ) ) ;
#5197 = ORIENTED_EDGE ( 'NONE', *, *, #5598, .T. ) ;
#5198 = PLANE ( 'NONE',  #1246 ) ;
#5199 = DIRECTION ( 'NONE',  ( 0.000000000000000000, 0.000000000000000000, -1.000000000000000000 ) ) ;
#5200 = LINE ( 'NONE', #7720, #5481 ) ;
#5201 = ORIENTED_EDGE ( 'NONE', *, *, #2371, .T. ) ;
#5202 = CARTESIAN_POINT ( 'NONE',  ( 23.55788180854698766, 0.2505450496179583153, -7.483866831501331696 ) ) ;
#5203 = ORIENTED_EDGE ( 'NONE', *, *, #7815, .T. ) ;
#5204 = EDGE_LOOP ( 'NONE', ( #5579, #8345, #7989, #2178 ) ) ;
#5205 = DIRECTION ( 'NONE',  ( 0.000000000000000000, 0.000000000000000000, 1.000000000000000000 ) ) ;
#5206 = EDGE_CURVE ( 'NONE', #7782, #7005, #7816, .T. ) ;
#5207 = DIRECTION ( 'NONE',  ( -0.000000000000000000, -0.000000000000000000, 1.000000000000000000 ) ) ;
#5208 = ORIENTED_EDGE ( 'NONE', *, *, #6309, .T. ) ;
#5209 = ORIENTED_EDGE ( 'NONE', *, *, #3699, .F. ) ;
#5210 = LINE ( 'NONE', #9297, #6300 ) ;
#5211 = AXIS2_PLACEMENT_3D ( 'NONE', #5388, #3641, #561 ) ;
#5212 = CARTESIAN_POINT ( 'NONE',  ( -45.19999999999993889, 14.60000000000000497, 14.75000000000000533 ) ) ;
#5213 = EDGE_CURVE ( 'NONE', #9722, #1928, #7041, .T. ) ;
#5214 = VERTEX_POINT ( 'NONE', #2912 ) ;
#5215 = CARTESIAN_POINT ( 'NONE',  ( 50.84065861769799710, 11.00000000000000178, -13.55000000000001670 ) ) ;
#5216 = AXIS2_PLACEMENT_3D ( 'NONE', #3808, #9438, #5554 ) ;
#5217 = DIRECTION ( 'NONE',  ( 0.000000000000000000, 0.000000000000000000, -1.000000000000000000 ) ) ;
#5218 = EDGE_CURVE ( 'NONE', #2252, #3404, #2860, .T. ) ;
#5219 = CARTESIAN_POINT ( 'NONE',  ( 49.75000000000000000, 0.000000000000000000, 9.500000000000003553 ) ) ;
#5220 = ORIENTED_EDGE ( 'NONE', *, *, #7077, .F. ) ;
#5221 = FACE_OUTER_BOUND ( 'NONE', #9876, .T. ) ;
#5222 = CARTESIAN_POINT ( 'NONE',  ( 51.95000000000000284, 11.35000000000000142, -1.700000000000000622 ) ) ;
#5223 = EDGE_CURVE ( 'NONE', #8574, #2441, #5355, .T. ) ;
#5224 = VECTOR ( 'NONE', #9713, 1000.000000000000000 ) ;
#5225 = CARTESIAN_POINT ( 'NONE',  ( 43.49999999999999289, 7.000000000000000000, 0.000000000000000000 ) ) ;
#5226 = CARTESIAN_POINT ( 'NONE',  ( 47.49999999999999289, 9.000000000000001776, 9.500000000000000000 ) ) ;
#5227 = ORIENTED_EDGE ( 'NONE', *, *, #5181, .T. ) ;
#5228 = VERTEX_POINT ( 'NONE', #6197 ) ;
#5229 = CARTESIAN_POINT ( 'NONE',  ( -2.000000000000008882, 14.50000000000000000, -12.35000000000019149 ) ) ;
#5230 = CARTESIAN_POINT ( 'NONE',  ( -29.84000000000000341, 6.228403500129232384, 9.226552194484586522 ) ) ;
#5231 = ADVANCED_FACE ( 'NONE', ( #4457 ), #3017, .T. ) ;
#5232 = DIRECTION ( 'NONE',  ( 0.000000000000000000, 0.000000000000000000, -1.000000000000000000 ) ) ;
#5233 = ORIENTED_EDGE ( 'NONE', *, *, #1533, .T. ) ;
#5234 = DIRECTION ( 'NONE',  ( -1.176083712526649195E-16, 0.000000000000000000, -1.000000000000000000 ) ) ;
#5235 = CARTESIAN_POINT ( 'NONE',  ( -35.06554871542299878, 0.000000000000000000, -3.415000000000000036 ) ) ;
#5236 = DIRECTION ( 'NONE',  ( 0.000000000000000000, 1.000000000000000000, 0.000000000000000000 ) ) ;
#5237 = VECTOR ( 'NONE', #8219, 1000.000000000000000 ) ;
#5238 = CARTESIAN_POINT ( 'NONE',  ( -39.53506879479627401, 0.1999999999999996503, -8.849999999999997868 ) ) ;
#5239 = VERTEX_POINT ( 'NONE', #3066 ) ;
#5240 = VERTEX_POINT ( 'NONE', #6298 ) ;
#5241 = ADVANCED_FACE ( 'NONE', ( #10294 ), #4670, .T. ) ;
#5242 = CIRCLE ( 'NONE', #5749, 0.1999999999999997891 ) ;
#5243 = CARTESIAN_POINT ( 'NONE',  ( 35.29078586920447691, 0.2077789836488294073, 1.009160920399534644 ) ) ;
#5244 = VECTOR ( 'NONE', #4646, 1000.000000000000000 ) ;
#5245 = ORIENTED_EDGE ( 'NONE', *, *, #5026, .T. ) ;
#5246 = DIRECTION ( 'NONE',  ( 0.000000000000000000, 0.000000000000000000, 1.000000000000000000 ) ) ;
#5247 = CARTESIAN_POINT ( 'NONE',  ( 0.000000000000000000, 14.50000000000000000, 0.000000000000000000 ) ) ;
#5248 = ADVANCED_FACE ( 'NONE', ( #8669 ), #2840, .T. ) ;
#5249 = DIRECTION ( 'NONE',  ( 0.000000000000000000, 1.000000000000000000, 0.000000000000000000 ) ) ;
#5250 = EDGE_LOOP ( 'NONE', ( #5989, #3767, #6888, #783 ) ) ;
#5251 = CARTESIAN_POINT ( 'NONE',  ( -31.11939691791956974, 0.1293615736281126527, 3.615000000000000213 ) ) ;
#5252 = VECTOR ( 'NONE', #8378, 1000.000000000000000 ) ;
#5253 = VERTEX_POINT ( 'NONE', #1926 ) ;
#5254 = FACE_OUTER_BOUND ( 'NONE', #8371, .T. ) ;
#5255 = LINE ( 'NONE', #4564, #6339 ) ;
#5256 = ORIENTED_EDGE ( 'NONE', *, *, #3137, .F. ) ;
#5257 = ORIENTED_EDGE ( 'NONE', *, *, #2298, .F. ) ;
#5258 = CARTESIAN_POINT ( 'NONE',  ( 22.81827201635470459, 0.5000000000000000000, -9.481727983645297897 ) ) ;
#5259 = LINE ( 'NONE', #8469, #7823 ) ;
#5260 = ORIENTED_EDGE ( 'NONE', *, *, #8430, .F. ) ;
#5261 = ADVANCED_FACE ( 'NONE', ( #6690 ), #336, .T. ) ;
#5262 = EDGE_LOOP ( 'NONE', ( #7033, #8307, #4990, #6680, #5156 ) ) ;
#5263 = CARTESIAN_POINT ( 'NONE',  ( -30.83999999999999986, -29.13279938488576448, 8.349999999999997868 ) ) ;
#5264 = CARTESIAN_POINT ( 'NONE',  ( -34.32300333360995381, 0.1748349968067964832, -2.764999999999999680 ) ) ;
#5265 = LINE ( 'NONE', #3936, #6518 ) ;
#5266 = VERTEX_POINT ( 'NONE', #7483 ) ;
#5267 = CARTESIAN_POINT ( 'NONE',  ( 47.50000000000000000, 16.00000000000000000, -9.500000000000001776 ) ) ;
#5268 = CARTESIAN_POINT ( 'NONE',  ( -52.22340835089975997, 9.594609242404862570, 3.692296232791095534 ) ) ;
#5269 = AXIS2_PLACEMENT_3D ( 'NONE', #3433, #8285, #9172 ) ;
#5270 = CARTESIAN_POINT ( 'NONE',  ( -35.18270600294837891, 1.028366075111244352E-16, 8.432842712474617031 ) ) ;
#5271 = CARTESIAN_POINT ( 'NONE',  ( 47.49999999999999289, 8.000000000000000000, 9.500000000000001776 ) ) ;
#5272 = EDGE_CURVE ( 'NONE', #8798, #7005, #9891, .T. ) ;
#5273 = ORIENTED_EDGE ( 'NONE', *, *, #9842, .F. ) ;
#5274 = VERTEX_POINT ( 'NONE', #1771 ) ;
#5275 = CARTESIAN_POINT ( 'NONE',  ( -51.95000000000000995, 6.499999999999999112, -2.449999999999999289 ) ) ;
#5276 = CARTESIAN_POINT ( 'NONE',  ( -30.14000000000000412, 0.5000000000000004441, 3.315000000000000391 ) ) ;
#5277 = EDGE_CURVE ( 'NONE', #9940, #950, #2674, .T. ) ;
#5278 = DIRECTION ( 'NONE',  ( -0.6427876096865379196, -0.000000000000000000, -0.7660444431189792347 ) ) ;
#5279 = ORIENTED_EDGE ( 'NONE', *, *, #9471, .F. ) ;
#5280 = DIRECTION ( 'NONE',  ( 0.000000000000000000, 0.000000000000000000, 1.000000000000000000 ) ) ;
#5281 = LINE ( 'NONE', #1254, #1516 ) ;
#5282 = CARTESIAN_POINT ( 'NONE',  ( -52.44547663803059834, 7.130623286038179742, -3.227573038195372668 ) ) ;
#5283 = DIRECTION ( 'NONE',  ( -0.000000000000000000, -0.000000000000000000, 1.000000000000000000 ) ) ;
#5284 = VECTOR ( 'NONE', #194, 1000.000000000000000 ) ;
#5285 = LINE ( 'NONE', #7760, #3429 ) ;
#5286 = EDGE_CURVE ( 'NONE', #6101, #6895, #3858, .T. ) ;
#5287 = EDGE_LOOP ( 'NONE', ( #3839, #6058, #6542, #7866, #3393, #532, #2941, #9595 ) ) ;
#5288 = TOROIDAL_SURFACE ( 'NONE', #7982, 5.199999999999985967, 0.2999999999999999889 ) ;
#5289 = EDGE_LOOP ( 'NONE', ( #4799, #6450, #6379, #7365, #9219, #4220 ) ) ;
#5290 = DIRECTION ( 'NONE',  ( -1.000000000000000000, 0.000000000000000000, 3.384826294588891940E-16 ) ) ;
#5291 = CIRCLE ( 'NONE', #7649, 6.166261152084816288 ) ;
#5292 = CARTESIAN_POINT ( 'NONE',  ( -51.96381253676756984, 9.334687333697363698, 4.121974490813006042 ) ) ;
#5293 = EDGE_LOOP ( 'NONE', ( #5966, #2548, #7448, #2667, #2664, #6825 ) ) ;
#5294 = B_SPLINE_CURVE_WITH_KNOTS ( 'NONE', 3,
 ( #8643, #8743, #3948, #2303, #3893, #4693 ),
 .UNSPECIFIED., .F., .F.,
 ( 4, 2, 4 ),
 ( 4.336808689942017736E-19, 0.0003763378220701708052, 0.0007526756441403411766 ),
 .UNSPECIFIED. ) ;
#5295 = AXIS2_PLACEMENT_3D ( 'NONE', #9929, #9087, #3349 ) ;
#5296 = CARTESIAN_POINT ( 'NONE',  ( -50.25000000000000711, 8.400000000000000355, -2.449999999999999734 ) ) ;
#5297 = PLANE ( 'NONE',  #3604 ) ;
#5298 = CARTESIAN_POINT ( 'NONE',  ( 0.000000000000000000, 16.00000000000000000, -13.55000000000000249 ) ) ;
#5299 = EDGE_CURVE ( 'NONE', #7281, #7954, #5114, .T. ) ;
#5300 = ORIENTED_EDGE ( 'NONE', *, *, #550, .T. ) ;
#5301 = FACE_OUTER_BOUND ( 'NONE', #10358, .T. ) ;
#5302 = AXIS2_PLACEMENT_3D ( 'NONE', #2332, #8882, #3924 ) ;
#5303 = ORIENTED_EDGE ( 'NONE', *, *, #131, .F. ) ;
#5304 = VECTOR ( 'NONE', #3344, 1000.000000000000000 ) ;
#5305 = DIRECTION ( 'NONE',  ( 7.304098846218136886E-17, 0.000000000000000000, -1.000000000000000000 ) ) ;
#5306 = EDGE_CURVE ( 'NONE', #3397, #1639, #9995, .T. ) ;
#5307 = DIRECTION ( 'NONE',  ( 0.000000000000000000, 1.826024711554533223E-15, -1.000000000000000000 ) ) ;
#5308 = ORIENTED_EDGE ( 'NONE', *, *, #345, .F. ) ;
#5309 = VERTEX_POINT ( 'NONE', #3825 ) ;
#5310 = CARTESIAN_POINT ( 'NONE',  ( 0.5999999999999912070, 14.50000000000000000, -13.35000000000018971 ) ) ;
#5311 = AXIS2_PLACEMENT_3D ( 'NONE', #4602, #3853, #6975 ) ;
#5312 = CARTESIAN_POINT ( 'NONE',  ( -31.51661123066064363, 3.000000000000000000, -8.849999999999997868 ) ) ;
#5313 = EDGE_LOOP ( 'NONE', ( #1631, #10047, #2861, #5354 ) ) ;
#5314 = ORIENTED_EDGE ( 'NONE', *, *, #8309, .F. ) ;
#5315 = VECTOR ( 'NONE', #8909, 1000.000000000000000 ) ;
#5316 = DIRECTION ( 'NONE',  ( 1.000000000000000000, 0.000000000000000000, 0.000000000000000000 ) ) ;
#5317 = VECTOR ( 'NONE', #629, 1000.000000000000000 ) ;
#5318 = LINE ( 'NONE', #3569, #8265 ) ;
#5319 = CARTESIAN_POINT ( 'NONE',  ( -31.51661123066064363, 3.000000000000000000, 2.765000000000000124 ) ) ;
#5320 = VERTEX_POINT ( 'NONE', #5212 ) ;
#5321 = CARTESIAN_POINT ( 'NONE',  ( -29.84000000000000696, 0.5000000000000004441, -9.849999999999997868 ) ) ;
#5322 = ORIENTED_EDGE ( 'NONE', *, *, #6577, .T. ) ;
#5323 = PLANE ( 'NONE',  #10324 ) ;
#5324 = VECTOR ( 'NONE', #4676, 1000.000000000000000 ) ;
#5325 = AXIS2_PLACEMENT_3D ( 'NONE', #2094, #7752, #5232 ) ;
#5326 = DIRECTION ( 'NONE',  ( -0.000000000000000000, -1.000000000000000000, -0.000000000000000000 ) ) ;
#5327 = DIRECTION ( 'NONE',  ( -0.000000000000000000, 1.000000000000000000, -0.000000000000000000 ) ) ;
#5328 = VERTEX_POINT ( 'NONE', #3617 ) ;
#5329 = ORIENTED_EDGE ( 'NONE', *, *, #6061, .T. ) ;
#5330 = CYLINDRICAL_SURFACE ( 'NONE', #9944, 0.2999999999999994338 ) ;
#5331 = CARTESIAN_POINT ( 'NONE',  ( 23.85000000000000142, 0.5000000000000000000, -12.25000000000000178 ) ) ;
#5332 = AXIS2_PLACEMENT_3D ( 'NONE', #10372, #2340, #8003 ) ;
#5333 = ORIENTED_EDGE ( 'NONE', *, *, #6590, .F. ) ;
#5334 = CARTESIAN_POINT ( 'NONE',  ( -52.23135736848558253, 9.672107356944980694, 3.593355414828908856 ) ) ;
#5335 = B_SPLINE_CURVE_WITH_KNOTS ( 'NONE', 3,
 ( #3797, #7807, #5282, #5497, #2255, #2047 ),
 .UNSPECIFIED., .F., .F.,
 ( 4, 2, 4 ),
 ( 4.336808689942017736E-19, 0.0003393837279784946105, 0.0006787674559569887873 ),
 .UNSPECIFIED. ) ;
#5336 = CARTESIAN_POINT ( 'NONE',  ( -25.50000000000001066, 13.00000000000000178, -12.25000000000000178 ) ) ;
#5337 = CARTESIAN_POINT ( 'NONE',  ( -52.21634909492503596, 7.277008925970859465, 3.782849669574255280 ) ) ;
#5338 = EDGE_CURVE ( 'NONE', #7256, #950, #2978, .T. ) ;
#5339 = DIRECTION ( 'NONE',  ( -9.251858538542969067E-15, 0.000000000000000000, 1.000000000000000000 ) ) ;
#5340 = CARTESIAN_POINT ( 'NONE',  ( 26.62573810278256303, 0.09795398803915292274, -5.626162013252769434 ) ) ;
#5341 = EDGE_LOOP ( 'NONE', ( #121, #7958, #8718, #330, #6409, #8709 ) ) ;
#5342 = EDGE_CURVE ( 'NONE', #8924, #8458, #3245, .T. ) ;
#5343 = EDGE_CURVE ( 'NONE', #3972, #7050, #3079, .T. ) ;
#5344 = ORIENTED_EDGE ( 'NONE', *, *, #6342, .T. ) ;
#5345 = CARTESIAN_POINT ( 'NONE',  ( -52.45000000000001705, 9.700000000000001066, 2.925000000000022915 ) ) ;
#5346 = LINE ( 'NONE', #10182, #3358 ) ;
#5347 = ADVANCED_FACE ( 'NONE', ( #4570 ), #5419, .F. ) ;
#5348 = ORIENTED_EDGE ( 'NONE', *, *, #2243, .T. ) ;
#5349 = DIRECTION ( 'NONE',  ( 0.000000000000000000, 0.000000000000000000, -1.000000000000000000 ) ) ;
#5350 =( BOUNDED_CURVE ( )  B_SPLINE_CURVE ( 3, ( #9956, #5124, #5270, #5182 ),
 .UNSPECIFIED., .F., .F. ) 
 B_SPLINE_CURVE_WITH_KNOTS ( ( 4, 4 ),
 ( 3.141592653589793116, 4.712388980384689674 ),
 .UNSPECIFIED. ) 
 CURVE ( )  GEOMETRIC_REPRESENTATION_ITEM ( )  RATIONAL_B_SPLINE_CURVE ( ( 1.000000000000000000, 0.8047378541243649375, 0.8047378541243649375, 1.000000000000000000 ) ) 
 REPRESENTATION_ITEM ( '' )  );
#5351 = DIRECTION ( 'NONE',  ( 0.000000000000000000, 0.000000000000000000, 1.000000000000000000 ) ) ;
#5352 = DIRECTION ( 'NONE',  ( -1.000000000000000000, 0.000000000000000000, 0.000000000000000000 ) ) ;
#5353 = DIRECTION ( 'NONE',  ( 1.000000000000000000, 0.000000000000000000, 0.000000000000000000 ) ) ;
#5354 = ORIENTED_EDGE ( 'NONE', *, *, #4400, .F. ) ;
#5355 = LINE ( 'NONE', #7772, #10339 ) ;
#5356 = ORIENTED_EDGE ( 'NONE', *, *, #9918, .T. ) ;
#5357 = DIRECTION ( 'NONE',  ( 0.000000000000000000, 0.000000000000000000, -1.000000000000000000 ) ) ;
#5358 = DIRECTION ( 'NONE',  ( -1.000000000000000000, 0.000000000000000000, 0.000000000000000000 ) ) ;
#5359 = EDGE_CURVE ( 'NONE', #6832, #9857, #2926, .T. ) ;
#5360 = DIRECTION ( 'NONE',  ( 0.000000000000000000, 0.000000000000000000, -1.000000000000000000 ) ) ;
#5361 = VERTEX_POINT ( 'NONE', #5365 ) ;
#5362 = ORIENTED_EDGE ( 'NONE', *, *, #6134, .F. ) ;
#5363 = CARTESIAN_POINT ( 'NONE',  ( -39.63977263648107652, 17.00100000000000122, 3.615000000000000213 ) ) ;
#5364 = LINE ( 'NONE', #8418, #4042 ) ;
#5365 = CARTESIAN_POINT ( 'NONE',  ( 9.519658948938198861, 6.500000000000000888, 12.25000000000000355 ) ) ;
#5366 = EDGE_LOOP ( 'NONE', ( #7529, #9626, #3092, #6733, #1902 ) ) ;
#5367 = ORIENTED_EDGE ( 'NONE', *, *, #4300, .F. ) ;
#5368 = CARTESIAN_POINT ( 'NONE',  ( -39.76146882909598901, 0.000000000000000000, 8.549999999999998934 ) ) ;
#5369 = CARTESIAN_POINT ( 'NONE',  ( -31.27472780755320869, 0.000000000000000000, -3.415000000000000036 ) ) ;
#5370 = ADVANCED_FACE ( 'NONE', ( #10203 ), #3025, .T. ) ;
#5371 = CYLINDRICAL_SURFACE ( 'NONE', #422, 2.000000000000000000 ) ;
#5372 = EDGE_LOOP ( 'NONE', ( #3392, #1705, #7625, #6904 ) ) ;
#5373 = CARTESIAN_POINT ( 'NONE',  ( -52.36525618977527330, 7.595935550850306583, -3.968456183257591974 ) ) ;
#5374 = AXIS2_PLACEMENT_3D ( 'NONE', #9120, #1151, #9911 ) ;
#5375 = ORIENTED_EDGE ( 'NONE', *, *, #7345, .F. ) ;
#5376 = CARTESIAN_POINT ( 'NONE',  ( 20.65000000000000213, -29.13279938488576448, 8.349999999999997868 ) ) ;
#5377 = ADVANCED_FACE ( 'NONE', ( #6844 ), #7047, .T. ) ;
#5378 = DIRECTION ( 'NONE',  ( 2.668805347656624115E-15, 0.000000000000000000, -1.000000000000000000 ) ) ;
#5379 = DIRECTION ( 'NONE',  ( 0.8660254037844389297, 0.000000000000000000, 0.4999999999999995004 ) ) ;
#5380 = ORIENTED_EDGE ( 'NONE', *, *, #4709, .F. ) ;
#5381 = EDGE_CURVE ( 'NONE', #6939, #665, #4451, .T. ) ;
#5382 = VECTOR ( 'NONE', #8787, 1000.000000000000000 ) ;
#5383 = EDGE_LOOP ( 'NONE', ( #803, #3244, #2055, #8788, #9090 ) ) ;
#5384 = FACE_OUTER_BOUND ( 'NONE', #1263, .T. ) ;
#5385 = CARTESIAN_POINT ( 'NONE',  ( 9.130079849446705254, -0.001000000000000024307, -15.81376217640252690 ) ) ;
#5386 = CARTESIAN_POINT ( 'NONE',  ( 39.09211819145301092, 0.5000000000000000000, 1.484828725824668183 ) ) ;
#5387 = VERTEX_POINT ( 'NONE', #480 ) ;
#5388 = CARTESIAN_POINT ( 'NONE',  ( -29.84000000000000696, -5.002961977226933143, -20.34067203111825251 ) ) ;
#5389 = CARTESIAN_POINT ( 'NONE',  ( 31.53718186220620012, 0.02221052063481709221, 2.955038092765985613 ) ) ;
#5390 = FACE_OUTER_BOUND ( 'NONE', #4707, .T. ) ;
#5391 = AXIS2_PLACEMENT_3D ( 'NONE', #6660, #9866, #9071 ) ;
#5392 = CARTESIAN_POINT ( 'NONE',  ( -47.50000000000000711, 16.00000000000000000, 9.500000000000001776 ) ) ;
#5393 = DIRECTION ( 'NONE',  ( 1.000000000000000000, -0.000000000000000000, -0.000000000000000000 ) ) ;
#5394 = ORIENTED_EDGE ( 'NONE', *, *, #8878, .T. ) ;
#5395 = ORIENTED_EDGE ( 'NONE', *, *, #8915, .F. ) ;
#5396 = EDGE_CURVE ( 'NONE', #6713, #9767, #4965, .T. ) ;
#5397 = LINE ( 'NONE', #625, #8841 ) ;
#5398 = FACE_OUTER_BOUND ( 'NONE', #5665, .T. ) ;
#5399 = ORIENTED_EDGE ( 'NONE', *, *, #2278, .T. ) ;
#5400 = DIRECTION ( 'NONE',  ( -0.000000000000000000, -1.000000000000000000, -0.000000000000000000 ) ) ;
#5401 = AXIS2_PLACEMENT_3D ( 'NONE', #5859, #6544, #2521 ) ;
#5402 = CARTESIAN_POINT ( 'NONE',  ( 0.000000000000000000, 0.2000000000000000111, -3.415000000000000036 ) ) ;
#5403 = DIRECTION ( 'NONE',  ( -1.000000000000000000, 0.000000000000000000, 6.938893903907229955E-15 ) ) ;
#5404 = LINE ( 'NONE', #1378, #6824 ) ;
#5405 = ORIENTED_EDGE ( 'NONE', *, *, #3518, .F. ) ;
#5406 = DIRECTION ( 'NONE',  ( 0.000000000000000000, -1.000000000000000000, 0.000000000000000000 ) ) ;
#5407 = EDGE_LOOP ( 'NONE', ( #1352, #7116, #9423, #2484, #9253, #9635, #5446, #4075 ) ) ;
#5408 = EDGE_CURVE ( 'NONE', #2662, #7078, #384, .T. ) ;
#5409 = AXIS2_PLACEMENT_3D ( 'NONE', #4084, #4194, #4886 ) ;
#5410 = CIRCLE ( 'NONE', #1517, 0.1999999999999987899 ) ;
#5411 = DIRECTION ( 'NONE',  ( 1.000000000000000000, 0.000000000000000000, -0.000000000000000000 ) ) ;
#5412 = CARTESIAN_POINT ( 'NONE',  ( -39.76146882909598901, 0.000000000000000000, -3.415000000000000036 ) ) ;
#5413 = EDGE_CURVE ( 'NONE', #5933, #3219, #5259, .T. ) ;
#5414 = VERTEX_POINT ( 'NONE', #1229 ) ;
#5415 = ORIENTED_EDGE ( 'NONE', *, *, #404, .F. ) ;
#5416 = CARTESIAN_POINT ( 'NONE',  ( 1.104085060222564741E-15, 3.000000000000000000, 14.75000000000000355 ) ) ;
#5417 = CIRCLE ( 'NONE', #845, 8.000000000000000000 ) ;
#5418 = AXIS2_PLACEMENT_3D ( 'NONE', #8000, #6366, #6314 ) ;
#5419 = CYLINDRICAL_SURFACE ( 'NONE', #5813, 9.000000000000012434 ) ;
#5420 = ORIENTED_EDGE ( 'NONE', *, *, #3213, .F. ) ;
#5421 = EDGE_CURVE ( 'NONE', #8642, #6555, #5693, .T. ) ;
#5422 = VERTEX_POINT ( 'NONE', #6157 ) ;
#5423 = CARTESIAN_POINT ( 'NONE',  ( -52.00633014137976318, 8.400000000003295497, -4.350000000000000533 ) ) ;
#5424 = DIRECTION ( 'NONE',  ( -1.000000000000000000, -0.000000000000000000, -0.000000000000000000 ) ) ;
#5425 = DIRECTION ( 'NONE',  ( -1.000000000000000000, 0.000000000000000000, 0.000000000000000000 ) ) ;
#5426 = EDGE_LOOP ( 'NONE', ( #7682, #8996, #3647, #337 ) ) ;
#5427 = CARTESIAN_POINT ( 'NONE',  ( -52.20456334646853236, 8.175565431593524224, -4.262417259502908173 ) ) ;
#5428 = ORIENTED_EDGE ( 'NONE', *, *, #9616, .T. ) ;
#5429 = LINE ( 'NONE', #10263, #3259 ) ;
#5430 = DIRECTION ( 'NONE',  ( -8.673617379884087537E-15, 0.000000000000000000, -1.000000000000000000 ) ) ;
#5431 = CARTESIAN_POINT ( 'NONE',  ( -1.408389356733645998E-15, 6.500000000000000888, -10.25000000000000533 ) ) ;
#5432 = ORIENTED_EDGE ( 'NONE', *, *, #7151, .F. ) ;
#5433 = EDGE_CURVE ( 'NONE', #8566, #6410, #1409, .T. ) ;
#5434 = ORIENTED_EDGE ( 'NONE', *, *, #3608, .F. ) ;
#5435 = CARTESIAN_POINT ( 'NONE',  ( -31.44101788930268171, 2.721234519427555121, -20.34067203111825251 ) ) ;
#5436 = PLANE ( 'NONE',  #7784 ) ;
#5437 = FACE_OUTER_BOUND ( 'NONE', #4418, .T. ) ;
#5438 = CARTESIAN_POINT ( 'NONE',  ( -45.19999999999999574, 3.000000000000000000, 6.750000000000006217 ) ) ;
#5439 = MECHANICAL_DESIGN_GEOMETRIC_PRESENTATION_REPRESENTATION (  '', ( #1207 ), #2569 ) ;
#5440 = DIRECTION ( 'NONE',  ( 1.000000000000000000, -2.312964634635739900E-15, 4.625929269271486900E-15 ) ) ;
#5441 = CARTESIAN_POINT ( 'NONE',  ( -2.000000000000008882, 14.50000000000000000, 13.54999999999999716 ) ) ;
#5442 = CARTESIAN_POINT ( 'NONE',  ( -22.80000000000001492, 11.00000000000000178, 13.55000000000000249 ) ) ;
#5443 = CARTESIAN_POINT ( 'NONE',  ( -35.24172192299145934, 0.2946731267839041712, -3.615000000000000213 ) ) ;
#5444 = ORIENTED_EDGE ( 'NONE', *, *, #6961, .F. ) ;
#5445 = VECTOR ( 'NONE', #8016, 1000.000000000000000 ) ;
#5446 = ORIENTED_EDGE ( 'NONE', *, *, #196, .T. ) ;
#5447 = DIRECTION ( 'NONE',  ( 0.000000000000000000, -0.000000000000000000, 1.000000000000000000 ) ) ;
#5448 = DIRECTION ( 'NONE',  ( -1.000000000000000000, 0.000000000000000000, 0.000000000000000000 ) ) ;
#5449 = ORIENTED_EDGE ( 'NONE', *, *, #427, .T. ) ;
#5450 = AXIS2_PLACEMENT_3D ( 'NONE', #2638, #2530, #1728 ) ;
#5451 = CARTESIAN_POINT ( 'NONE',  ( -50.25000000000000711, 10.30000000000000071, 2.449999999999999289 ) ) ;
#5452 = AXIS2_PLACEMENT_3D ( 'NONE', #7394, #5962, #2683 ) ;
#5453 = CARTESIAN_POINT ( 'NONE',  ( 50.84065861769801131, 11.00000000000000178, 13.54999999999999716 ) ) ;
#5454 = DIRECTION ( 'NONE',  ( -0.000000000000000000, 1.000000000000000000, -0.000000000000000000 ) ) ;
#5455 = LINE ( 'NONE', #7203, #206 ) ;
#5456 = VERTEX_POINT ( 'NONE', #3663 ) ;
#5457 = CARTESIAN_POINT ( 'NONE',  ( -52.40568058483292901, 9.484780085661595805, 3.641416195902957398 ) ) ;
#5458 = VERTEX_POINT ( 'NONE', #2126 ) ;
#5459 = AXIS2_PLACEMENT_3D ( 'NONE', #8775, #7888, #7156 ) ;
#5460 = FACE_OUTER_BOUND ( 'NONE', #1619, .T. ) ;
#5461 = CARTESIAN_POINT ( 'NONE',  ( -34.34233853611036835, 0.1265113557324328841, -3.601009191073223814 ) ) ;
#5462 = VECTOR ( 'NONE', #5406, 1000.000000000000000 ) ;
#5463 = VERTEX_POINT ( 'NONE', #6886 ) ;
#5464 = ORIENTED_EDGE ( 'NONE', *, *, #8452, .F. ) ;
#5465 = DIRECTION ( 'NONE',  ( 0.000000000000000000, 0.000000000000000000, 1.000000000000000000 ) ) ;
#5466 = EDGE_CURVE ( 'NONE', #2402, #9565, #5471, .T. ) ;
#5467 = CARTESIAN_POINT ( 'NONE',  ( -34.34233853611036835, 0.1265113557324328841, 8.363990808926773823 ) ) ;
#5468 = AXIS2_PLACEMENT_3D ( 'NONE', #10032, #5199, #4506 ) ;
#5469 = DIRECTION ( 'NONE',  ( -0.000000000000000000, 1.000000000000000000, -0.000000000000000000 ) ) ;
#5470 = VERTEX_POINT ( 'NONE', #6363 ) ;
#5471 = CIRCLE ( 'NONE', #224, 1.600000000000000755 ) ;
#5472 = EDGE_CURVE ( 'NONE', #2369, #7861, #5139, .T. ) ;
#5473 = EDGE_CURVE ( 'NONE', #7068, #2009, #3189, .T. ) ;
#5474 = ORIENTED_EDGE ( 'NONE', *, *, #3790, .F. ) ;
#5475 = DIRECTION ( 'NONE',  ( 0.8660254037844389297, 0.000000000000000000, 0.4999999999999992784 ) ) ;
#5476 = VECTOR ( 'NONE', #9777, 1000.000000000000000 ) ;
#5477 = DIRECTION ( 'NONE',  ( 0.6427876096865379196, 0.000000000000000000, -0.7660444431189792347 ) ) ;
#5478 = CARTESIAN_POINT ( 'NONE',  ( -31.11939691791956974, 0.1293615736281126527, -20.34067203111825251 ) ) ;
#5479 = ORIENTED_EDGE ( 'NONE', *, *, #4763, .F. ) ;
#5480 = CARTESIAN_POINT ( 'NONE',  ( -29.84000000000000696, -5.002961977226933143, -8.849999999999997868 ) ) ;
#5481 = VECTOR ( 'NONE', #6777, 1000.000000000000000 ) ;
#5482 = VERTEX_POINT ( 'NONE', #1444 ) ;
#5483 = DIRECTION ( 'NONE',  ( 0.000000000000000000, 0.000000000000000000, 1.000000000000000000 ) ) ;
#5484 = EDGE_CURVE ( 'NONE', #4348, #9333, #3874, .T. ) ;
#5485 = CARTESIAN_POINT ( 'NONE',  ( -45.00000000001591616, 5.500000000000000000, -8.354356076267777098 ) ) ;
#5486 = DIRECTION ( 'NONE',  ( -1.000000000000000000, 0.000000000000000000, 0.000000000000000000 ) ) ;
#5487 = AXIS2_PLACEMENT_3D ( 'NONE', #6482, #4852, #4796 ) ;
#5488 = ORIENTED_EDGE ( 'NONE', *, *, #9973, .T. ) ;
#5489 = EDGE_CURVE ( 'NONE', #7832, #5458, #7995, .T. ) ;
#5490 = VERTEX_POINT ( 'NONE', #9513 ) ;
#5491 = DIRECTION ( 'NONE',  ( -0.000000000000000000, 1.000000000000000000, -0.000000000000000000 ) ) ;
#5492 = CARTESIAN_POINT ( 'NONE',  ( -39.55229126436578468, 0.1679080823531932110, 3.614999999999999769 ) ) ;
#5493 = ORIENTED_EDGE ( 'NONE', *, *, #2494, .F. ) ;
#5494 = DIRECTION ( 'NONE',  ( 0.000000000000000000, 0.000000000000000000, 1.000000000000000000 ) ) ;
#5495 = VECTOR ( 'NONE', #6243, 999.9999999999998863 ) ;
#5496 = CARTESIAN_POINT ( 'NONE',  ( 31.62510858178179518, 0.09795398803915129904, 3.033001662233769657 ) ) ;
#5497 = CARTESIAN_POINT ( 'NONE',  ( -52.42986711028338931, 7.202212344727054294, -3.442853664916081691 ) ) ;
#5498 = EDGE_CURVE ( 'NONE', #10406, #1872, #8664, .T. ) ;
#5499 = VECTOR ( 'NONE', #3896, 1000.000000000000000 ) ;
#5500 = DIRECTION ( 'NONE',  ( -0.000000000000000000, -0.000000000000000000, 1.000000000000000000 ) ) ;
#5501 = CARTESIAN_POINT ( 'NONE',  ( -47.19749843554385649, 14.50000000000000000, 13.25000000000000178 ) ) ;
#5502 = LINE ( 'NONE', #10443, #2748 ) ;
#5503 = VERTEX_POINT ( 'NONE', #9620 ) ;
#5504 = ORIENTED_EDGE ( 'NONE', *, *, #2358, .T. ) ;
#5505 = VECTOR ( 'NONE', #6601, 1000.000000000000000 ) ;
#5506 = CARTESIAN_POINT ( 'NONE',  ( -20.00000000000001066, 14.50000000000000000, 13.54999999999999716 ) ) ;
#5507 = CARTESIAN_POINT ( 'NONE',  ( -35.06554871542299878, 0.2000000000000000944, 2.765000000000000124 ) ) ;
#5508 = EDGE_CURVE ( 'NONE', #6231, #817, #9163, .T. ) ;
#5509 = ORIENTED_EDGE ( 'NONE', *, *, #3906, .F. ) ;
#5510 = FACE_OUTER_BOUND ( 'NONE', #1295, .T. ) ;
#5511 = DIRECTION ( 'NONE',  ( 1.971236424878464058E-15, 0.000000000000000000, 1.000000000000000000 ) ) ;
#5512 = VECTOR ( 'NONE', #4744, 1000.000000000000000 ) ;
#5513 = ORIENTED_EDGE ( 'NONE', *, *, #7489, .T. ) ;
#5514 = EDGE_CURVE ( 'NONE', #9247, #9934, #9831, .T. ) ;
#5515 = ORIENTED_EDGE ( 'NONE', *, *, #1333, .T. ) ;
#5516 = CARTESIAN_POINT ( 'NONE',  ( -52.23893568960530587, 7.054008657985665565, 3.499028688288178035 ) ) ;
#5517 = CARTESIAN_POINT ( 'NONE',  ( 0.5999999999999912070, 13.00000000000000178, 13.55000000000000071 ) ) ;
#5518 = VERTEX_POINT ( 'NONE', #8097 ) ;
#5519 = ORIENTED_EDGE ( 'NONE', *, *, #6517, .F. ) ;
#5520 = CARTESIAN_POINT ( 'NONE',  ( 25.85635347795577133, 0.5000000000000000000, -4.424792786874574446 ) ) ;
#5521 = LINE ( 'NONE', #7263, #3628 ) ;
#5522 = CARTESIAN_POINT ( 'NONE',  ( -31.51661123066064363, 3.000000000000000000, -20.34067203111825251 ) ) ;
#5523 = ORIENTED_EDGE ( 'NONE', *, *, #3171, .T. ) ;
#5524 = ORIENTED_EDGE ( 'NONE', *, *, #9532, .T. ) ;
#5525 = EDGE_CURVE ( 'NONE', #8245, #9405, #799, .T. ) ;
#5526 = CARTESIAN_POINT ( 'NONE',  ( 25.95062952100080977, 0.09795398803915229824, -0.2431603510189914719 ) ) ;
#5527 = CARTESIAN_POINT ( 'NONE',  ( -50.25000000000000711, 10.30000000000000071, 2.449999999999999289 ) ) ;
#5528 = CARTESIAN_POINT ( 'NONE',  ( -25.50000000000001066, 11.00000000000000178, 12.25000000000000178 ) ) ;
#5529 = ORIENTED_EDGE ( 'NONE', *, *, #7255, .T. ) ;
#5530 = CARTESIAN_POINT ( 'NONE',  ( -30.13468570924808887, 5.996053416120790125, 3.614964625160044243 ) ) ;
#5531 = ORIENTED_EDGE ( 'NONE', *, *, #989, .T. ) ;
#5532 = LINE ( 'NONE', #8110, #1910 ) ;
#5533 = DIRECTION ( 'NONE',  ( -1.000000000000000000, -0.000000000000000000, -0.000000000000000000 ) ) ;
#5534 = CARTESIAN_POINT ( 'NONE',  ( 51.95000000000000284, 9.000000000000001776, 9.500000000000000000 ) ) ;
#5535 = ORIENTED_EDGE ( 'NONE', *, *, #5223, .F. ) ;
#5536 = EDGE_LOOP ( 'NONE', ( #2504, #882, #8962, #6276, #9913 ) ) ;
#5537 = ADVANCED_FACE ( 'NONE', ( #4089 ), #3241, .F. ) ;
#5538 = CARTESIAN_POINT ( 'NONE',  ( 47.49999999999999289, 3.000000000000000000, 10.35000000000000142 ) ) ;
#5539 = CARTESIAN_POINT ( 'NONE',  ( -51.95000000000000995, 6.799999999999998934, -2.449999999999999289 ) ) ;
#5540 = ORIENTED_EDGE ( 'NONE', *, *, #5802, .F. ) ;
#5541 = CARTESIAN_POINT ( 'NONE',  ( -34.34233853611036835, 0.1265113557324328841, -2.778990808926776079 ) ) ;
#5542 = CARTESIAN_POINT ( 'NONE',  ( 22.73614628785940894, 0.02145563245112852568, 1.717410124218951673 ) ) ;
#5543 = CARTESIAN_POINT ( 'NONE',  ( 0.000000000000000000, 13.00000000000000178, 0.000000000000000000 ) ) ;
#5544 = EDGE_CURVE ( 'NONE', #1307, #1559, #4031, .T. ) ;
#5545 = CARTESIAN_POINT ( 'NONE',  ( 0.000000000000000000, 0.1999999999999996503, -8.849999999999997868 ) ) ;
#5546 = LINE ( 'NONE', #8753, #8590 ) ;
#5547 = AXIS2_PLACEMENT_3D ( 'NONE', #3672, #9308, #10097 ) ;
#5548 = CARTESIAN_POINT ( 'NONE',  ( -31.45678631915142631, 0.2827931057192691333, 3.615000000000000213 ) ) ;
#5549 = ORIENTED_EDGE ( 'NONE', *, *, #9198, .T. ) ;
#5550 = ORIENTED_EDGE ( 'NONE', *, *, #2153, .F. ) ;
#5551 = EDGE_CURVE ( 'NONE', #9072, #6174, #10164, .T. ) ;
#5552 = CARTESIAN_POINT ( 'NONE',  ( 30.95000000000000284, -0.001000000000000024307, -2.350000000000003197 ) ) ;
#5553 = AXIS2_PLACEMENT_3D ( 'NONE', #8132, #1574, #4762 ) ;
#5554 = DIRECTION ( 'NONE',  ( -1.000000000000000000, 0.000000000000000000, 1.374038396813312538E-16 ) ) ;
#5555 = ORIENTED_EDGE ( 'NONE', *, *, #8112, .F. ) ;
#5556 = CARTESIAN_POINT ( 'NONE',  ( -34.31252571724582623, 0.2000000000000111411, -3.615000000000000213 ) ) ;
#5557 = CARTESIAN_POINT ( 'NONE',  ( 31.40000000000002345, 0.000000000000000000, 6.618695557326045531 ) ) ;
#5558 = CARTESIAN_POINT ( 'NONE',  ( -20.00000000000001066, 11.00000000000000178, 13.55000000000000249 ) ) ;
#5559 = CARTESIAN_POINT ( 'NONE',  ( -2.000000000000008882, 14.50000000000000000, 13.54999999999999716 ) ) ;
#5560 = ORIENTED_EDGE ( 'NONE', *, *, #949, .F. ) ;
#5561 = AXIS2_PLACEMENT_3D ( 'NONE', #7395, #4914, #931 ) ;
#5562 = ORIENTED_EDGE ( 'NONE', *, *, #791, .T. ) ;
#5563 = ADVANCED_FACE ( 'NONE', ( #5683 ), #1597, .T. ) ;
#5564 = FACE_OUTER_BOUND ( 'NONE', #4850, .T. ) ;
#5565 = ORIENTED_EDGE ( 'NONE', *, *, #485, .F. ) ;
#5566 = ORIENTED_EDGE ( 'NONE', *, *, #1661, .F. ) ;
#5567 = EDGE_CURVE ( 'NONE', #2813, #4291, #69, .T. ) ;
#5568 = FACE_OUTER_BOUND ( 'NONE', #1345, .T. ) ;
#5569 = CARTESIAN_POINT ( 'NONE',  ( 22.81827201635470459, -1.697056274847719815, -10.68172798364529719 ) ) ;
#5570 = DIRECTION ( 'NONE',  ( -0.09864855753151274831, -0.5484013522089712378, 0.8303760708211213037 ) ) ;
#5571 = ORIENTED_EDGE ( 'NONE', *, *, #1215, .F. ) ;
#5572 = VECTOR ( 'NONE', #8251, 1000.000000000000000 ) ;
#5573 = AXIS2_PLACEMENT_3D ( 'NONE', #9748, #8379, #9950 ) ;
#5574 = ORIENTED_EDGE ( 'NONE', *, *, #3860, .F. ) ;
#5575 = CARTESIAN_POINT ( 'NONE',  ( -39.63977263648107652, 0.1999999999999987899, 3.615000000000000213 ) ) ;
#5576 = CARTESIAN_POINT ( 'NONE',  ( 26.06211131251740198, 0.02221052063481744610, -4.494004637070966091 ) ) ;
#5578 = AXIS2_PLACEMENT_3D ( 'NONE', #2099, #357, #9329 ) ;
#5577 = DIRECTION ( 'NONE',  ( -7.485322442186879976E-17, 0.000000000000000000, -1.000000000000000000 ) ) ;
#5579 = ORIENTED_EDGE ( 'NONE', *, *, #7884, .F. ) ;
#5580 = CARTESIAN_POINT ( 'NONE',  ( -52.26327769597543949, 8.926109351408364034, -4.118545122950479254 ) ) ;
#5581 = AXIS2_PLACEMENT_3D ( 'NONE', #7806, #2200, #562 ) ;
#5582 = VECTOR ( 'NONE', #1496, 1000.000000000000000 ) ;
#5583 = ORIENTED_EDGE ( 'NONE', *, *, #4814, .T. ) ;
#5584 = CARTESIAN_POINT ( 'NONE',  ( 0.5999999999999912070, 14.50000000000000000, 13.35000000000018971 ) ) ;
#5585 = ADVANCED_FACE ( 'NONE', ( #6258 ), #3927, .T. ) ;
#5586 = CARTESIAN_POINT ( 'NONE',  ( -51.25000000000001421, 14.50000000000000000, 9.499999999999978684 ) ) ;
#5587 = LINE ( 'NONE', #1351, #3765 ) ;
#5588 = ORIENTED_EDGE ( 'NONE', *, *, #7113, .F. ) ;
#5589 = AXIS2_PLACEMENT_3D ( 'NONE', #5699, #3366, #3474 ) ;
#5590 = ORIENTED_EDGE ( 'NONE', *, *, #3476, .T. ) ;
#5591 = DIRECTION ( 'NONE',  ( 0.000000000000000000, 0.000000000000000000, 1.000000000000000000 ) ) ;
#5592 = CARTESIAN_POINT ( 'NONE',  ( 31.69999999999997797, 0.2999999999999999889, -7.798623679425841893 ) ) ;
#5593 = ORIENTED_EDGE ( 'NONE', *, *, #8215, .T. ) ;
#5594 = FACE_OUTER_BOUND ( 'NONE', #449, .T. ) ;
#5595 = LINE ( 'NONE', #1562, #8108 ) ;
#5596 = CARTESIAN_POINT ( 'NONE',  ( 22.35000000000000142, 4.899999999999999467, -8.849999999999997868 ) ) ;
#5597 = CARTESIAN_POINT ( 'NONE',  ( -52.45000000000000995, 6.902631723476097214, -3.013815789473690554 ) ) ;
#5598 = EDGE_CURVE ( 'NONE', #477, #5193, #2335, .T. ) ;
#5599 = DIRECTION ( 'NONE',  ( 0.000000000000000000, 0.000000000000000000, -1.000000000000000000 ) ) ;
#5600 = DIRECTION ( 'NONE',  ( 0.000000000000000000, 1.000000000000000000, 0.000000000000000000 ) ) ;
#5601 = VERTEX_POINT ( 'NONE', #3982 ) ;
#5602 = ORIENTED_EDGE ( 'NONE', *, *, #9861, .F. ) ;
#5603 = ADVANCED_FACE ( 'NONE', ( #6415 ), #3135, .F. ) ;
#5604 = CARTESIAN_POINT ( 'NONE',  ( -45.00000000000001421, 6.500000000000000888, -12.25000000000000000 ) ) ;
#5605 = DIRECTION ( 'NONE',  ( 0.000000000000000000, 0.000000000000000000, 1.000000000000000000 ) ) ;
#5606 = ORIENTED_EDGE ( 'NONE', *, *, #7846, .F. ) ;
#5607 = DIRECTION ( 'NONE',  ( 0.000000000000000000, -0.000000000000000000, 1.000000000000000000 ) ) ;
#5608 = CARTESIAN_POINT ( 'NONE',  ( 47.50000000000000000, 0.000000000000000000, -9.500000000000001776 ) ) ;
#5609 = ADVANCED_FACE ( 'NONE', ( #3300 ), #9732, .T. ) ;
#5610 = VECTOR ( 'NONE', #2471, 1000.000000000000000 ) ;
#5611 = ORIENTED_EDGE ( 'NONE', *, *, #6830, .T. ) ;
#5612 = DIRECTION ( 'NONE',  ( 0.000000000000000000, 0.000000000000000000, 1.000000000000000000 ) ) ;
#5613 = CARTESIAN_POINT ( 'NONE',  ( -52.40568058483291480, 7.148330670390468100, 3.751634072195720204 ) ) ;
#5614 = ORIENTED_EDGE ( 'NONE', *, *, #5168, .F. ) ;
#5615 = VERTEX_POINT ( 'NONE', #5731 ) ;
#5616 = EDGE_CURVE ( 'NONE', #827, #2836, #1118, .T. ) ;
#5617 = VECTOR ( 'NONE', #581, 1000.000000000000000 ) ;
#5618 = DIRECTION ( 'NONE',  ( 0.000000000000000000, 0.000000000000000000, 1.000000000000000000 ) ) ;
#5619 = ORIENTED_EDGE ( 'NONE', *, *, #8001, .T. ) ;
#5620 = EDGE_LOOP ( 'NONE', ( #30, #8879, #10410, #4175 ) ) ;
#5621 = CARTESIAN_POINT ( 'NONE',  ( 47.50000000000000000, 9.000000000000001776, -9.500000000000001776 ) ) ;
#5622 = ADVANCED_FACE ( 'NONE', ( #1062 ), #6575, .F. ) ;
#5623 = CARTESIAN_POINT ( 'NONE',  ( -30.30484636607248561, -1.468623938954177977, 3.615000000000000213 ) ) ;
#5624 = CARTESIAN_POINT ( 'NONE',  ( 0.000000000000000000, 11.00000000000000178, 12.25000000000000711 ) ) ;
#5625 = ORIENTED_EDGE ( 'NONE', *, *, #8038, .T. ) ;
#5626 = AXIS2_PLACEMENT_3D ( 'NONE', #4117, #4173, #7397 ) ;
#5627 = ORIENTED_EDGE ( 'NONE', *, *, #816, .F. ) ;
#5628 = CARTESIAN_POINT ( 'NONE',  ( 41.25000000000000711, 6.000000000000000000, 8.250000000000003553 ) ) ;
#5629 = CARTESIAN_POINT ( 'NONE',  ( 0.000000000000000000, 0.5000000000000000000, 4.549999999999997158 ) ) ;
#5630 = FACE_OUTER_BOUND ( 'NONE', #9088, .T. ) ;
#5631 = ORIENTED_EDGE ( 'NONE', *, *, #4152, .T. ) ;
#5632 = CARTESIAN_POINT ( 'NONE',  ( -30.13203748537932825, 5.996123729295902649, 3.614894311984931718 ) ) ;
#5633 = VECTOR ( 'NONE', #6688, 1000.000000000000000 ) ;
#5634 = ORIENTED_EDGE ( 'NONE', *, *, #2826, .T. ) ;
#5635 = CARTESIAN_POINT ( 'NONE',  ( 47.49999999999997868, 9.000000000000001776, -12.25000000000000178 ) ) ;
#5636 = VECTOR ( 'NONE', #1647, 1000.000000000000000 ) ;
#5637 = CARTESIAN_POINT ( 'NONE',  ( -45.00000000000001421, 8.000000000000000000, -12.25000000000000000 ) ) ;
#5638 = DIRECTION ( 'NONE',  ( 0.000000000000000000, 1.000000000000000000, -0.000000000000000000 ) ) ;
#5639 = VERTEX_POINT ( 'NONE', #6529 ) ;
#5640 = EDGE_CURVE ( 'NONE', #3664, #10229, #10323, .T. ) ;
#5641 = ORIENTED_EDGE ( 'NONE', *, *, #3266, .F. ) ;
#5642 = CIRCLE ( 'NONE', #8157, 0.7999999999999990452 ) ;
#5643 = DIRECTION ( 'NONE',  ( 0.000000000000000000, 0.000000000000000000, 1.000000000000000000 ) ) ;
#5644 = VECTOR ( 'NONE', #7244, 1000.000000000000000 ) ;
#5645 = VECTOR ( 'NONE', #9826, 1000.000000000000000 ) ;
#5646 = CARTESIAN_POINT ( 'NONE',  ( 50.25000000000000000, 8.000000000000000000, -9.499999999999978684 ) ) ;
#5647 = VERTEX_POINT ( 'NONE', #4352 ) ;
#5648 = DIRECTION ( 'NONE',  ( -0.000000000000000000, 1.000000000000000000, -0.000000000000000000 ) ) ;
#5649 = DIRECTION ( 'NONE',  ( -0.000000000000000000, 1.000000000000000000, -0.000000000000000000 ) ) ;
#5650 = CARTESIAN_POINT ( 'NONE',  ( -2.000000000000008882, 13.00000000000000178, 13.85000000000018971 ) ) ;
#5651 = DIRECTION ( 'NONE',  ( -1.000000000000000000, 0.000000000000000000, -0.000000000000000000 ) ) ;
#5652 = CIRCLE ( 'NONE', #8004, 1.500000000000000888 ) ;
#5653 = DIRECTION ( 'NONE',  ( -0.000000000000000000, 1.000000000000000000, -0.000000000000000000 ) ) ;
#5654 = CARTESIAN_POINT ( 'NONE',  ( -31.51661123066064363, 3.000000000000000000, -2.765000000000000124 ) ) ;
#5655 = EDGE_LOOP ( 'NONE', ( #9517, #2277, #7457, #5788 ) ) ;
#5656 = ORIENTED_EDGE ( 'NONE', *, *, #1862, .F. ) ;
#5657 = AXIS2_PLACEMENT_3D ( 'NONE', #3401, #1807, #4301 ) ;
#5658 = ADVANCED_FACE ( 'NONE', ( #1012 ), #119, .F. ) ;
#5659 = CIRCLE ( 'NONE', #3788, 1.499999999999999556 ) ;
#5660 = DIRECTION ( 'NONE',  ( -0.000000000000000000, -1.000000000000000000, 0.000000000000000000 ) ) ;
#5661 = DIRECTION ( 'NONE',  ( -0.000000000000000000, 1.000000000000000000, -0.000000000000000000 ) ) ;
#5662 = EDGE_LOOP ( 'NONE', ( #6458, #9310, #9990, #9579 ) ) ;
#5663 = DIRECTION ( 'NONE',  ( 0.000000000000000000, -1.000000000000000000, 0.000000000000000000 ) ) ;
#5664 = DIRECTION ( 'NONE',  ( 0.000000000000000000, -0.000000000000000000, -1.000000000000000000 ) ) ;
#5666 = EDGE_CURVE ( 'NONE', #7800, #8256, #901, .T. ) ;
#5665 = EDGE_LOOP ( 'NONE', ( #1731, #4866, #3989, #4625, #401, #9032 ) ) ;
#5667 = DIRECTION ( 'NONE',  ( -1.000000000000000000, -0.000000000000000000, 4.476705744456300993E-16 ) ) ;
#5668 = LINE ( 'NONE', #6244, #5617 ) ;
#5669 = VECTOR ( 'NONE', #7885, 1000.000000000000000 ) ;
#5670 = ORIENTED_EDGE ( 'NONE', *, *, #5489, .T. ) ;
#5671 = CIRCLE ( 'NONE', #6841, 5.499999999999985789 ) ;
#5672 = ORIENTED_EDGE ( 'NONE', *, *, #7979, .F. ) ;
#5673 = EDGE_CURVE ( 'NONE', #9333, #8827, #1854, .T. ) ;
#5674 = DIRECTION ( 'NONE',  ( 0.000000000000000000, 0.000000000000000000, 1.000000000000000000 ) ) ;
#5675 = ORIENTED_EDGE ( 'NONE', *, *, #2418, .T. ) ;
#5676 = AXIS2_PLACEMENT_3D ( 'NONE', #4735, #8840, #1606 ) ;
#5677 = CARTESIAN_POINT ( 'NONE',  ( 31.69999999999997797, 0.2999999999999999889, -11.31869555732605015 ) ) ;
#5678 = DIRECTION ( 'NONE',  ( 0.000000000000000000, 1.000000000000000000, -0.000000000000000000 ) ) ;
#5679 = FACE_OUTER_BOUND ( 'NONE', #4620, .T. ) ;
#5680 = EDGE_CURVE ( 'NONE', #3448, #1541, #6724, .T. ) ;
#5681 = DIRECTION ( 'NONE',  ( -0.000000000000000000, -1.000000000000000000, 0.000000000000000000 ) ) ;
#5682 = EDGE_CURVE ( 'NONE', #736, #4829, #4197, .T. ) ;
#5683 = FACE_OUTER_BOUND ( 'NONE', #6215, .T. ) ;
#5684 = ORIENTED_EDGE ( 'NONE', *, *, #416, .T. ) ;
#5685 = ORIENTED_EDGE ( 'NONE', *, *, #3009, .T. ) ;
#5686 = EDGE_CURVE ( 'NONE', #975, #8514, #5002, .T. ) ;
#5687 = DIRECTION ( 'NONE',  ( -0.000000000000000000, -1.000000000000000000, -0.000000000000000000 ) ) ;
#5688 = FACE_BOUND ( 'NONE', #6350, .T. ) ;
#5689 = CARTESIAN_POINT ( 'NONE',  ( -8.000000000000008882, 13.00000000000000178, -14.75000000000000178 ) ) ;
#5690 = ORIENTED_EDGE ( 'NONE', *, *, #4345, .T. ) ;
#5691 = CARTESIAN_POINT ( 'NONE',  ( -52.22340835089975997, 9.594609242404771976, -3.692296232791187016 ) ) ;
#5692 = FACE_OUTER_BOUND ( 'NONE', #3320, .T. ) ;
#5693 =( BOUNDED_CURVE ( )  B_SPLINE_CURVE ( 3, ( #4469, #3715, #6941, #10141 ),
 .UNSPECIFIED., .F., .F. ) 
 B_SPLINE_CURVE_WITH_KNOTS ( ( 4, 4 ),
 ( 3.141592653589795781, 4.712388980384690562 ),
 .UNSPECIFIED. ) 
 CURVE ( )  GEOMETRIC_REPRESENTATION_ITEM ( )  RATIONAL_B_SPLINE_CURVE ( ( 1.000000000000000000, 0.8047378541243654926, 0.8047378541243654926, 1.000000000000000000 ) ) 
 REPRESENTATION_ITEM ( '' )  );
#5694 = CARTESIAN_POINT ( 'NONE',  ( 0.000000000000000000, 0.000000000000000000, -2.965000000000000302 ) ) ;
#5695 = DIRECTION ( 'NONE',  ( 0.000000000000000000, -1.000000000000000000, 0.000000000000000000 ) ) ;
#5696 = ORIENTED_EDGE ( 'NONE', *, *, #4250, .T. ) ;
#5697 = ORIENTED_EDGE ( 'NONE', *, *, #1899, .T. ) ;
#5698 = EDGE_CURVE ( 'NONE', #5933, #2992, #7572, .T. ) ;
#5699 = CARTESIAN_POINT ( 'NONE',  ( 30.95000000000000284, -0.001000000000000024307, -2.350000000000003197 ) ) ;
#5700 = DIRECTION ( 'NONE',  ( 0.8660254037844380415, 0.000000000000000000, -0.5000000000000009992 ) ) ;
#5701 = ORIENTED_EDGE ( 'NONE', *, *, #3329, .T. ) ;
#5702 = CARTESIAN_POINT ( 'NONE',  ( -52.36668385389351243, 9.199105587336569911, 3.955924138656428113 ) ) ;
#5703 = CARTESIAN_POINT ( 'NONE',  ( -45.20000000000000284, 3.000000000000000000, -6.750000000000000888 ) ) ;
#5704 = DIRECTION ( 'NONE',  ( 2.668805347656624115E-15, 0.000000000000000000, -1.000000000000000000 ) ) ;
#5705 = FACE_OUTER_BOUND ( 'NONE', #6185, .T. ) ;
#5706 = DIRECTION ( 'NONE',  ( 0.000000000000000000, 0.000000000000000000, 1.000000000000000000 ) ) ;
#5707 = LINE ( 'NONE', #1039, #6797 ) ;
#5708 = ORIENTED_EDGE ( 'NONE', *, *, #7419, .T. ) ;
#5709 = ORIENTED_EDGE ( 'NONE', *, *, #3719, .F. ) ;
#5710 = B_SPLINE_CURVE_WITH_KNOTS ( 'NONE', 3,
 ( #9276, #5337, #4653, #10170, #3051, #7869, #619, #1310, #3845, #3900, #7757, #2952, #1467, #6280, #6181, #4701 ),
 .UNSPECIFIED., .F., .F.,
 ( 4, 2, 2, 2, 2, 2, 2, 4 ),
 ( 4.336808689942017736E-19, 0.0003420773149254315287, 0.0006841546298508626237, 0.001368309259701723513, 0.001710386574627151355, 0.002052463889552579631, 0.002394541204478007473, 0.002736618519403435749 ),
 .UNSPECIFIED. ) ;
#5711 = DIRECTION ( 'NONE',  ( 0.000000000000000000, 0.000000000000000000, 1.000000000000000000 ) ) ;
#5712 = DIRECTION ( 'NONE',  ( 0.000000000000000000, 0.000000000000000000, 1.000000000000000000 ) ) ;
#5713 = ORIENTED_EDGE ( 'NONE', *, *, #6061, .F. ) ;
#5714 = VECTOR ( 'NONE', #4650, 1000.000000000000000 ) ;
#5715 = DIRECTION ( 'NONE',  ( 0.000000000000000000, 1.000000000000000000, 0.000000000000000000 ) ) ;
#5716 = DIRECTION ( 'NONE',  ( -0.000000000000000000, 1.000000000000000000, -0.000000000000000000 ) ) ;
#5717 = ORIENTED_EDGE ( 'NONE', *, *, #4997, .F. ) ;
#5718 = DIRECTION ( 'NONE',  ( -1.000000000000000000, 0.000000000000000000, -2.668805347656624115E-15 ) ) ;
#5719 = CARTESIAN_POINT ( 'NONE',  ( -45.19999999999994600, 8.000000000000000000, -14.75000000000000355 ) ) ;
#5720 = ADVANCED_FACE ( 'NONE', ( #220 ), #7375, .F. ) ;
#5721 = ORIENTED_EDGE ( 'NONE', *, *, #7216, .T. ) ;
#5722 = ORIENTED_EDGE ( 'NONE', *, *, #5064, .F. ) ;
#5723 = AXIS2_PLACEMENT_3D ( 'NONE', #5740, #915, #7381 ) ;
#5724 = DIRECTION ( 'NONE',  ( -0.000000000000000000, 0.000000000000000000, 1.000000000000000000 ) ) ;
#5725 = VERTEX_POINT ( 'NONE', #5050 ) ;
#5726 = FACE_OUTER_BOUND ( 'NONE', #6718, .T. ) ;
#5727 = PLANE ( 'NONE',  #10355 ) ;
#5728 = DIRECTION ( 'NONE',  ( 0.000000000000000000, 0.6931369447486590563, -0.7208059210526051030 ) ) ;
#5729 = FACE_OUTER_BOUND ( 'NONE', #4486, .T. ) ;
#5730 = VECTOR ( 'NONE', #9963, 1000.000000000000000 ) ;
#5731 = CARTESIAN_POINT ( 'NONE',  ( 22.68039777241907373, 0.000000000000000000, 1.904841829914338147 ) ) ;
#5732 = EDGE_CURVE ( 'NONE', #5193, #7160, #8254, .T. ) ;
#5733 = ORIENTED_EDGE ( 'NONE', *, *, #9448, .T. ) ;
#5734 = VERTEX_POINT ( 'NONE', #9138 ) ;
#5735 = ADVANCED_FACE ( 'NONE', ( #7525 ), #4247, .T. ) ;
#5736 = LINE ( 'NONE', #6629, #6093 ) ;
#5737 = EDGE_CURVE ( 'NONE', #2395, #8656, #1907, .T. ) ;
#5738 = CARTESIAN_POINT ( 'NONE',  ( 51.95000000000000284, 13.00000000000000178, -4.000000000000000000 ) ) ;
#5739 = VERTEX_POINT ( 'NONE', #8362 ) ;
#5740 = CARTESIAN_POINT ( 'NONE',  ( 30.95000000000000284, 0.2999999999999999889, -2.350000000000003197 ) ) ;
#5741 = CARTESIAN_POINT ( 'NONE',  ( -52.20475899798740471, 8.629673580879892114, -4.274804758350633449 ) ) ;
#5742 = CARTESIAN_POINT ( 'NONE',  ( -31.39188509507858527, 7.573155319898681205E-17, 8.432842712474617031 ) ) ;
#5743 = VECTOR ( 'NONE', #182, 1000.000000000000000 ) ;
#5744 = EDGE_CURVE ( 'NONE', #4895, #5458, #5146, .T. ) ;
#5745 = LINE ( 'NONE', #5694, #940 ) ;
#5746 = DIRECTION ( 'NONE',  ( 0.000000000000000000, 0.000000000000000000, 1.000000000000000000 ) ) ;
#5747 = VERTEX_POINT ( 'NONE', #9189 ) ;
#5748 = AXIS2_PLACEMENT_3D ( 'NONE', #9590, #7918, #3957 ) ;
#5749 = AXIS2_PLACEMENT_3D ( 'NONE', #7302, #2545, #5775 ) ;
#5750 = DIRECTION ( 'NONE',  ( 0.000000000000000000, 1.000000000000000000, 0.000000000000000000 ) ) ;
#5751 = VECTOR ( 'NONE', #9326, 1000.000000000000000 ) ;
#5752 = VECTOR ( 'NONE', #8697, 1000.000000000000000 ) ;
#5753 = CARTESIAN_POINT ( 'NONE',  ( -29.84000000000000696, -5.002961977226933143, 8.349999999999997868 ) ) ;
#5754 = FACE_OUTER_BOUND ( 'NONE', #4344, .T. ) ;
#5755 = ORIENTED_EDGE ( 'NONE', *, *, #5801, .T. ) ;
#5756 = DIRECTION ( 'NONE',  ( -1.000000000000000000, 0.000000000000000000, -7.304098846218136886E-17 ) ) ;
#5757 =( BOUNDED_CURVE ( )  B_SPLINE_CURVE ( 3, ( #3399, #9671, #9776, #2388 ),
 .UNSPECIFIED., .F., .F. ) 
 B_SPLINE_CURVE_WITH_KNOTS ( ( 4, 4 ),
 ( 3.141592653589793116, 4.712388980384690562 ),
 .UNSPECIFIED. ) 
 CURVE ( )  GEOMETRIC_REPRESENTATION_ITEM ( )  RATIONAL_B_SPLINE_CURVE ( ( 1.000000000000000000, 0.8047378541243648264, 0.8047378541243648264, 1.000000000000000000 ) ) 
 REPRESENTATION_ITEM ( '' )  );
#5758 = LINE ( 'NONE', #1466, #6919 ) ;
#5759 = CARTESIAN_POINT ( 'NONE',  ( 47.49999999999999289, 8.000000000000000000, -10.34999999999999787 ) ) ;
#5760 = LINE ( 'NONE', #3214, #567 ) ;
#5761 = ADVANCED_FACE ( 'NONE', ( #4509 ), #7659, .T. ) ;
#5762 = CARTESIAN_POINT ( 'NONE',  ( -52.00000000000002132, 16.00000000000000000, 6.749999999999946709 ) ) ;
#5763 = VECTOR ( 'NONE', #3668, 1000.000000000000000 ) ;
#5764 = LINE ( 'NONE', #8179, #8177 ) ;
#5765 = DIRECTION ( 'NONE',  ( 0.000000000000000000, 0.000000000000000000, -1.000000000000000000 ) ) ;
#5766 = ORIENTED_EDGE ( 'NONE', *, *, #7571, .F. ) ;
#5767 = EDGE_LOOP ( 'NONE', ( #2867, #9062, #10105, #4604 ) ) ;
#5768 = EDGE_CURVE ( 'NONE', #4789, #2413, #6090, .T. ) ;
#5769 = DIRECTION ( 'NONE',  ( -1.000000000000000000, 0.000000000000000000, 0.000000000000000000 ) ) ;
#5770 = CARTESIAN_POINT ( 'NONE',  ( -52.21641199541642919, 9.462518210258185292, 3.846616994043318360 ) ) ;
#5771 = CARTESIAN_POINT ( 'NONE',  ( -34.31252571724582623, 0.2000000000000016209, 8.349999999999997868 ) ) ;
#5772 = CARTESIAN_POINT ( 'NONE',  ( -51.25000000000001421, 14.50000000000000000, -9.499999999999976907 ) ) ;
#5773 = ORIENTED_EDGE ( 'NONE', *, *, #3068, .F. ) ;
#5774 = CARTESIAN_POINT ( 'NONE',  ( -47.19749843554382096, 14.50000000000000000, -13.25000000000000178 ) ) ;
#5775 = DIRECTION ( 'NONE',  ( 0.000000000000000000, 0.8344462197396310676, -0.5510893814638778698 ) ) ;
#5776 = VERTEX_POINT ( 'NONE', #6928 ) ;
#5777 = CARTESIAN_POINT ( 'NONE',  ( -20.00000000000001066, 16.00001200000000168, -12.25000000000000000 ) ) ;
#5778 = ORIENTED_EDGE ( 'NONE', *, *, #7818, .F. ) ;
#5779 = B_SPLINE_CURVE_WITH_KNOTS ( 'NONE', 3,
 ( #8544, #506, #7023, #4652, #3739, #10274, #10169, #2951 ),
 .UNSPECIFIED., .F., .F.,
 ( 4, 2, 2, 4 ),
 ( -3.466145320680729267E-06, 0.0002882777914486001568, 0.0004341497598332318630, 0.0005800217282178635149 ),
 .UNSPECIFIED. ) ;
#5780 = ORIENTED_EDGE ( 'NONE', *, *, #1329, .T. ) ;
#5781 = FACE_OUTER_BOUND ( 'NONE', #10060, .T. ) ;
#5782 = ORIENTED_EDGE ( 'NONE', *, *, #4076, .T. ) ;
#5783 = CARTESIAN_POINT ( 'NONE',  ( 31.62110895060959948, 0.09378038618371778434, -11.40410606111990077 ) ) ;
#5784 = AXIS2_PLACEMENT_3D ( 'NONE', #8617, #10245, #9449 ) ;
#5785 = FACE_OUTER_BOUND ( 'NONE', #4565, .T. ) ;
#5786 = LINE ( 'NONE', #7372, #390 ) ;
#5787 = DIRECTION ( 'NONE',  ( -0.000000000000000000, -1.000000000000000000, -0.000000000000000000 ) ) ;
#5788 = ORIENTED_EDGE ( 'NONE', *, *, #9735, .F. ) ;
#5789 = AXIS2_PLACEMENT_3D ( 'NONE', #4717, #10350, #2325 ) ;
#5790 = EDGE_LOOP ( 'NONE', ( #1390, #1547, #10266, #8687 ) ) ;
#5791 = DIRECTION ( 'NONE',  ( 1.000000000000000000, 0.000000000000000000, 0.000000000000000000 ) ) ;
#5792 = EDGE_CURVE ( 'NONE', #1639, #8115, #5019, .T. ) ;
#5793 = CARTESIAN_POINT ( 'NONE',  ( 0.000000000000000000, 4.899999999999999467, 0.000000000000000000 ) ) ;
#5794 = EDGE_LOOP ( 'NONE', ( #2920, #7634, #4092, #1919, #9812 ) ) ;
#5795 = CARTESIAN_POINT ( 'NONE',  ( -34.33293214504335822, 0.1503201388544083417, -3.610415582140241941 ) ) ;
#5796 = DIRECTION ( 'NONE',  ( -1.000000000000000000, 0.000000000000000000, 0.000000000000000000 ) ) ;
#5797 = CIRCLE ( 'NONE', #4782, 0.7999999999999994893 ) ;
#5798 = CARTESIAN_POINT ( 'NONE',  ( -31.46672734614590183, 0.000000000000000000, 2.965000000000000302 ) ) ;
#5799 = CIRCLE ( 'NONE', #5452, 9.000000000000012434 ) ;
#5800 = CARTESIAN_POINT ( 'NONE',  ( -31.45678631915142631, 0.2827931057192701325, -20.34067203111825251 ) ) ;
#5801 = EDGE_CURVE ( 'NONE', #7851, #1453, #5200, .T. ) ;
#5802 = EDGE_CURVE ( 'NONE', #10386, #6086, #4802, .T. ) ;
#5803 = CIRCLE ( 'NONE', #4953, 0.1999999999999987899 ) ;
#5804 = DIRECTION ( 'NONE',  ( -0.000000000000000000, -1.000000000000000000, 0.000000000000000000 ) ) ;
#5805 = ORIENTED_EDGE ( 'NONE', *, *, #4976, .T. ) ;
#5806 = DIRECTION ( 'NONE',  ( -0.000000000000000000, -1.000000000000000000, -0.000000000000000000 ) ) ;
#5807 = VECTOR ( 'NONE', #8158, 1000.000000000000000 ) ;
#5808 = DIRECTION ( 'NONE',  ( 1.000000000000000000, 0.000000000000000000, 0.000000000000000000 ) ) ;
#5809 = ADVANCED_FACE ( 'NONE', ( #9343 ), #9288, .T. ) ;
#5810 = DIRECTION ( 'NONE',  ( -1.000000000000000000, 0.000000000000000000, 0.000000000000000000 ) ) ;
#5811 = ORIENTED_EDGE ( 'NONE', *, *, #3823, .F. ) ;
#5812 = CARTESIAN_POINT ( 'NONE',  ( 30.25249224314938701, 0.1248391197358927895, 6.675606114723799500 ) ) ;
#5813 = AXIS2_PLACEMENT_3D ( 'NONE', #7781, #2924, #1287 ) ;
#5814 = DIRECTION ( 'NONE',  ( -0.000000000000000000, 1.000000000000000000, -0.000000000000000000 ) ) ;
#5815 = EDGE_CURVE ( 'NONE', #4200, #365, #5988, .T. ) ;
#5816 = AXIS2_PLACEMENT_3D ( 'NONE', #9977, #7570, #368 ) ;
#5817 = CARTESIAN_POINT ( 'NONE',  ( -31.45678631915142631, 0.2827931057192701325, -20.34067203111825251 ) ) ;
#5818 = ORIENTED_EDGE ( 'NONE', *, *, #4667, .F. ) ;
#5819 = AXIS2_PLACEMENT_3D ( 'NONE', #95, #670, #3901 ) ;
#5820 = ORIENTED_EDGE ( 'NONE', *, *, #5181, .F. ) ;
#5821 = CARTESIAN_POINT ( 'NONE',  ( -35.18270600294837891, -1.219966979521688965E-18, -3.532157287525381495 ) ) ;
#5822 = ADVANCED_FACE ( 'NONE', ( #2059 ), #1324, .F. ) ;
#5823 = CARTESIAN_POINT ( 'NONE',  ( -52.11873083013228580, 8.647875702758950567, 4.337699192715319008 ) ) ;
#5824 = CARTESIAN_POINT ( 'NONE',  ( -34.00000000000000711, 6.500000000000000888, 0.000000000000000000 ) ) ;
#5825 = CARTESIAN_POINT ( 'NONE',  ( -52.00000000000001421, 17.00000000000000000, -6.749999999999950262 ) ) ;
#5826 = ORIENTED_EDGE ( 'NONE', *, *, #1142, .T. ) ;
#5827 = AXIS2_PLACEMENT_3D ( 'NONE', #3118, #7355, #8967 ) ;
#5828 = CIRCLE ( 'NONE', #7170, 9.300000000000013145 ) ;
#5829 = DIRECTION ( 'NONE',  ( -1.176083712526649195E-16, 0.000000000000000000, -1.000000000000000000 ) ) ;
#5830 = CARTESIAN_POINT ( 'NONE',  ( -30.13203748537936733, 5.996123729295902649, -3.614894311984932607 ) ) ;
#5831 = ORIENTED_EDGE ( 'NONE', *, *, #7216, .F. ) ;
#5832 = DIRECTION ( 'NONE',  ( -0.000000000000000000, 0.000000000000000000, 1.000000000000000000 ) ) ;
#5833 = ORIENTED_EDGE ( 'NONE', *, *, #4814, .F. ) ;
#5834 = VERTEX_POINT ( 'NONE', #10187 ) ;
#5835 = AXIS2_PLACEMENT_3D ( 'NONE', #7645, #6802, #2834 ) ;
#5836 = CIRCLE ( 'NONE', #410, 4.341174913715429184 ) ;
#5837 = EDGE_CURVE ( 'NONE', #7160, #9026, #8406, .T. ) ;
#5838 = CARTESIAN_POINT ( 'NONE',  ( 35.28101804361235594, 0.1300423822510684835, 0.9599150842195391942 ) ) ;
#5839 = DIRECTION ( 'NONE',  ( 0.000000000000000000, -1.000000000000000000, -2.891205793294682764E-16 ) ) ;
#5840 = CARTESIAN_POINT ( 'NONE',  ( -31.60047529527845001, 3.276389878762281160, -20.34067203111825251 ) ) ;
#5841 = CARTESIAN_POINT ( 'NONE',  ( 51.95000000000000284, 11.35000000000000142, 2.500000000000000444 ) ) ;
#5842 = VECTOR ( 'NONE', #3362, 1000.000000000000000 ) ;
#5843 = TOROIDAL_SURFACE ( 'NONE', #85, 1.600000000000000755, 0.2999999999999999889 ) ;
#5844 = ADVANCED_FACE ( 'NONE', ( #3700 ), #9978, .T. ) ;
#5845 = DIRECTION ( 'NONE',  ( -0.000000000000000000, -0.000000000000000000, 1.000000000000000000 ) ) ;
#5846 = VERTEX_POINT ( 'NONE', #9396 ) ;
#5847 = ORIENTED_EDGE ( 'NONE', *, *, #5484, .F. ) ;
#5848 = AXIS2_PLACEMENT_3D ( 'NONE', #7004, #6107, #8529 ) ;
#5849 = EDGE_LOOP ( 'NONE', ( #3279, #2469, #10281, #9359 ) ) ;
#5850 = CARTESIAN_POINT ( 'NONE',  ( -52.23893568960509981, 9.745991342014368897, -3.499028688288786437 ) ) ;
#5851 = CARTESIAN_POINT ( 'NONE',  ( -51.95000000000000995, 8.400000000000000355, -2.449999999999999734 ) ) ;
#5852 = CARTESIAN_POINT ( 'NONE',  ( 0.000000000000000000, 8.000000000000000000, 0.000000000000000000 ) ) ;
#5853 = CARTESIAN_POINT ( 'NONE',  ( -52.40568058483292901, 7.315219914338405793, 3.641416195902961839 ) ) ;
#5854 = EDGE_CURVE ( 'NONE', #6231, #6932, #5404, .T. ) ;
#5855 = AXIS2_PLACEMENT_3D ( 'NONE', #6171, #7858, #2884 ) ;
#5856 = EDGE_CURVE ( 'NONE', #2186, #4759, #2775, .T. ) ;
#5857 = ORIENTED_EDGE ( 'NONE', *, *, #5932, .T. ) ;
#5858 = CARTESIAN_POINT ( 'NONE',  ( -45.20000000000000284, 16.00000000000000000, -6.750000000000000888 ) ) ;
#5859 = CARTESIAN_POINT ( 'NONE',  ( 6.494920150553306293, 0.2999999999999999889, 11.24953169186119872 ) ) ;
#5860 = DIRECTION ( 'NONE',  ( 0.000000000000000000, 0.000000000000000000, 1.000000000000000000 ) ) ;
#5861 = ORIENTED_EDGE ( 'NONE', *, *, #7211, .F. ) ;
#5862 = FACE_OUTER_BOUND ( 'NONE', #1057, .T. ) ;
#5863 = CARTESIAN_POINT ( 'NONE',  ( -20.00000000000001066, 14.59999999999999964, -14.75000000000000178 ) ) ;
#5864 = CYLINDRICAL_SURFACE ( 'NONE', #4159, 0.2000000000000000944 ) ;
#5865 = CARTESIAN_POINT ( 'NONE',  ( 54.26387818865998014, 0.5000000000000000000, -7.249999999999998224 ) ) ;
#5866 = EDGE_CURVE ( 'NONE', #7221, #9373, #8835, .T. ) ;
#5867 = ORIENTED_EDGE ( 'NONE', *, *, #3232, .F. ) ;
#5868 = ORIENTED_EDGE ( 'NONE', *, *, #4524, .T. ) ;
#5869 = CARTESIAN_POINT ( 'NONE',  ( -31.27472780755320869, 0.000000000000000000, -2.965000000000000302 ) ) ;
#5870 = ADVANCED_FACE ( 'NONE', ( #1214 ), #4455, .T. ) ;
#5871 = CARTESIAN_POINT ( 'NONE',  ( 0.5999999999999912070, 13.00000000000000178, -13.35000000000018971 ) ) ;
#5872 = PLANE ( 'NONE',  #4875 ) ;
#5873 = DIRECTION ( 'NONE',  ( -1.000000000000000000, -0.000000000000000000, -0.000000000000000000 ) ) ;
#5874 = ORIENTED_EDGE ( 'NONE', *, *, #5286, .T. ) ;
#5875 = CARTESIAN_POINT ( 'NONE',  ( -30.13203748537936733, 5.996123729295902649, 2.765105688015067287 ) ) ;
#5876 = CARTESIAN_POINT ( 'NONE',  ( 0.000000000000000000, 17.00000000000000000, -13.55000000000000249 ) ) ;
#5877 = DIRECTION ( 'NONE',  ( -0.000000000000000000, 1.000000000000000000, -0.000000000000000000 ) ) ;
#5878 = EDGE_CURVE ( 'NONE', #1668, #7814, #2954, .T. ) ;
#5879 = EDGE_LOOP ( 'NONE', ( #9551, #1244, #1687, #9489, #4731, #1385, #848, #9664, #2088, #1288, #9180, #5260, #6406, #2560 ) ) ;
#5880 = ORIENTED_EDGE ( 'NONE', *, *, #4241, .F. ) ;
#5881 = CARTESIAN_POINT ( 'NONE',  ( -52.00319817479337559, 8.642736402474215041, -4.338327429859367257 ) ) ;
#5882 = VECTOR ( 'NONE', #9325, 1000.000000000000000 ) ;
#5883 = VERTEX_POINT ( 'NONE', #9382 ) ;
#5884 = LINE ( 'NONE', #9037, #5572 ) ;
#5885 = DIRECTION ( 'NONE',  ( -0.000000000000000000, 1.000000000000000000, -0.000000000000000000 ) ) ;
#5886 = DIRECTION ( 'NONE',  ( 1.000000000000000000, -0.000000000000000000, -0.000000000000000000 ) ) ;
#5887 = DIRECTION ( 'NONE',  ( 1.000000000000000000, 0.000000000000000000, 0.000000000000000000 ) ) ;
#5888 = EDGE_CURVE ( 'NONE', #5387, #880, #4460, .T. ) ;
#5889 = ORIENTED_EDGE ( 'NONE', *, *, #7315, .F. ) ;
#5890 = CIRCLE ( 'NONE', #1318, 1.000000000000000888 ) ;
#5891 = EDGE_LOOP ( 'NONE', ( #6108, #10338, #3945, #3524 ) ) ;
#5892 = EDGE_LOOP ( 'NONE', ( #6773, #10043, #5847, #1386 ) ) ;
#5893 = DIRECTION ( 'NONE',  ( 0.8660254037844389297, 0.000000000000000000, 0.4999999999999995004 ) ) ;
#5894 = CARTESIAN_POINT ( 'NONE',  ( 30.21127424213632295, 0.2077789836488296016, 3.088811295319352723 ) ) ;
#5895 = ORIENTED_EDGE ( 'NONE', *, *, #6134, .T. ) ;
#5896 = FACE_OUTER_BOUND ( 'NONE', #1047, .T. ) ;
#5897 = VECTOR ( 'NONE', #563, 1000.000000000000000 ) ;
#5898 = CARTESIAN_POINT ( 'NONE',  ( -52.20411103711289513, 7.840642914912533179, -4.172018366709751014 ) ) ;
#5899 = CARTESIAN_POINT ( 'NONE',  ( 0.000000000000000000, 4.899999999999999467, 4.549999999999997158 ) ) ;
#5900 = B_SPLINE_CURVE_WITH_KNOTS ( 'NONE', 3,
 ( #4297, #4542, #6279, #9482 ),
 .UNSPECIFIED., .F., .F.,
 ( 4, 4 ),
 ( 0.000000000000000000, 0.0001077286665339028825 ),
 .UNSPECIFIED. ) ;
#5901 = ORIENTED_EDGE ( 'NONE', *, *, #5525, .T. ) ;
#5902 = CARTESIAN_POINT ( 'NONE',  ( -35.39005668592174914, 0.000000000000000000, 2.965000000000000302 ) ) ;
#5903 = CARTESIAN_POINT ( 'NONE',  ( 0.5999999999999912070, 13.00000000000000178, -13.55000000000000071 ) ) ;
#5904 = CARTESIAN_POINT ( 'NONE',  ( -52.25000000000001421, 8.400000000000000355, -2.924999999999968736 ) ) ;
#5905 = VERTEX_POINT ( 'NONE', #8705 ) ;
#5906 = CARTESIAN_POINT ( 'NONE',  ( -34.33293214504335822, 0.1503201388544058714, -8.854584417859758361 ) ) ;
#5907 = AXIS2_PLACEMENT_3D ( 'NONE', #6812, #2536, #3522 ) ;
#5908 = CARTESIAN_POINT ( 'NONE',  ( 0.000000000000000000, 11.00000000000000178, -12.25000000000000178 ) ) ;
#5909 = DIRECTION ( 'NONE',  ( 1.000000000000000000, 0.000000000000000000, 0.000000000000000000 ) ) ;
#5910 = FACE_OUTER_BOUND ( 'NONE', #3378, .T. ) ;
#5911 = DIRECTION ( 'NONE',  ( 0.000000000000000000, 0.000000000000000000, 1.000000000000000000 ) ) ;
#5912 = VERTEX_POINT ( 'NONE', #4916 ) ;
#5913 = AXIS2_PLACEMENT_3D ( 'NONE', #8271, #9006, #240 ) ;
#5914 = EDGE_LOOP ( 'NONE', ( #1175, #1436, #10357, #7730 ) ) ;
#5915 = DIRECTION ( 'NONE',  ( 0.000000000000000000, 0.000000000000000000, 1.000000000000000000 ) ) ;
#5916 = CARTESIAN_POINT ( 'NONE',  ( -52.23028309663724400, 9.583160098316399811, 3.680390056223116435 ) ) ;
#5917 = CARTESIAN_POINT ( 'NONE',  ( 0.000000000000000000, 13.00000000000000178, -14.75000000000000355 ) ) ;
#5918 = FACE_OUTER_BOUND ( 'NONE', #8768, .T. ) ;
#5919 = ADVANCED_FACE ( 'NONE', ( #775 ), #2527, .T. ) ;
#5920 = VERTEX_POINT ( 'NONE', #10390 ) ;
#5921 = VECTOR ( 'NONE', #8650, 999.9999999999998863 ) ;
#5922 = CARTESIAN_POINT ( 'NONE',  ( -25.50000000000001066, 11.00000000000000178, -12.25000000000000178 ) ) ;
#5923 = CIRCLE ( 'NONE', #9789, 5.199999999999985967 ) ;
#5924 = CARTESIAN_POINT ( 'NONE',  ( 26.62573810278260567, 0.09795398803915181252, 0.9261620132528063376 ) ) ;
#5925 = CARTESIAN_POINT ( 'NONE',  ( -8.000000000000008882, 11.00000000000000178, -14.45000000000000107 ) ) ;
#5926 = EDGE_LOOP ( 'NONE', ( #9585, #4580, #909, #214, #9805, #239, #7340, #282, #6840, #2887, #3198, #299 ) ) ;
#5927 = EDGE_CURVE ( 'NONE', #2971, #244, #5760, .T. ) ;
#5928 = EDGE_CURVE ( 'NONE', #9122, #9857, #720, .T. ) ;
#5929 = VERTEX_POINT ( 'NONE', #9543 ) ;
#5930 = CIRCLE ( 'NONE', #4070, 1.499999999999997780 ) ;
#5931 = DIRECTION ( 'NONE',  ( -0.4999999999999978906, 0.000000000000000000, 0.8660254037844398178 ) ) ;
#5932 = EDGE_CURVE ( 'NONE', #7171, #5463, #4004, .T. ) ;
#5933 = VERTEX_POINT ( 'NONE', #7967 ) ;
#5934 = CARTESIAN_POINT ( 'NONE',  ( -52.45000000000000284, 7.109077595116156445, 3.116562148732941129 ) ) ;
#5935 = CARTESIAN_POINT ( 'NONE',  ( 36.04364652204422725, 0.2999999999999999889, -0.2752072131254351683 ) ) ;
#5936 = DIRECTION ( 'NONE',  ( -1.000000000000000000, 0.000000000000000000, -1.871330610546719070E-17 ) ) ;
#5937 = DIRECTION ( 'NONE',  ( -0.6427876096865379196, 0.000000000000000000, -0.7660444431189792347 ) ) ;
#5938 = ORIENTED_EDGE ( 'NONE', *, *, #6720, .T. ) ;
#5939 = EDGE_CURVE ( 'NONE', #8746, #4926, #1724, .T. ) ;
#5940 = CARTESIAN_POINT ( 'NONE',  ( 30.95000000000000284, 0.2999999999999999889, -2.350000000000003197 ) ) ;
#5941 = VERTEX_POINT ( 'NONE', #8803 ) ;
#5942 = ORIENTED_EDGE ( 'NONE', *, *, #8745, .F. ) ;
#5943 = CARTESIAN_POINT ( 'NONE',  ( -34.37348617369437420, 0.04767268713831664811, -3.569861553489224626 ) ) ;
#5944 = VECTOR ( 'NONE', #9425, 1000.000000000000000 ) ;
#5945 = EDGE_CURVE ( 'NONE', #4356, #7154, #7917, .T. ) ;
#5946 = PLANE ( 'NONE',  #5001 ) ;
#5947 = EDGE_LOOP ( 'NONE', ( #10035, #4312, #4878, #4987 ) ) ;
#5948 = VERTEX_POINT ( 'NONE', #3956 ) ;
#5949 = CARTESIAN_POINT ( 'NONE',  ( -52.22340835089975997, 9.594609242404761318, -3.692296232791193233 ) ) ;
#5950 = CARTESIAN_POINT ( 'NONE',  ( 31.69999999999997797, -0.001000000000000024307, 0.000000000000000000 ) ) ;
#5951 = CARTESIAN_POINT ( 'NONE',  ( 20.66000000000000369, 0.5000000000000004441, 8.349999999999997868 ) ) ;
#5952 = CARTESIAN_POINT ( 'NONE',  ( -52.38125719838261318, 7.432890003654394562, 3.819589400665771350 ) ) ;
#5953 = AXIS2_PLACEMENT_3D ( 'NONE', #4078, #5832, #9721 ) ;
#5954 = ADVANCED_FACE ( 'NONE', ( #1672 ), #8024, .T. ) ;
#5955 = ORIENTED_EDGE ( 'NONE', *, *, #10146, .F. ) ;
#5956 = DIRECTION ( 'NONE',  ( -0.000000000000000000, 1.000000000000000000, -0.000000000000000000 ) ) ;
#5957 = DIRECTION ( 'NONE',  ( -1.374038396813312538E-16, 0.000000000000000000, -1.000000000000000000 ) ) ;
#5958 = CARTESIAN_POINT ( 'NONE',  ( 45.25000000000000711, 8.000000000000000000, -12.25000000000000000 ) ) ;
#5959 = EDGE_LOOP ( 'NONE', ( #3815, #267, #4691, #8806 ) ) ;
#5960 = DIRECTION ( 'NONE',  ( 0.000000000000000000, 0.000000000000000000, 1.000000000000000000 ) ) ;
#5961 = CIRCLE ( 'NONE', #2914, 1.499999999999999556 ) ;
#5962 = DIRECTION ( 'NONE',  ( 0.000000000000000000, 1.000000000000000000, -0.000000000000000000 ) ) ;
#5963 = DIRECTION ( 'NONE',  ( -1.000000000000000000, 0.000000000000000000, -4.047688110612546206E-15 ) ) ;
#5964 = ADVANCED_FACE ( 'NONE', ( #6496 ), #7238, .F. ) ;
#5965 = FACE_OUTER_BOUND ( 'NONE', #9780, .T. ) ;
#5966 = ORIENTED_EDGE ( 'NONE', *, *, #9673, .T. ) ;
#5967 = VERTEX_POINT ( 'NONE', #2361 ) ;
#5968 = VECTOR ( 'NONE', #7957, 1000.000000000000000 ) ;
#5969 = CARTESIAN_POINT ( 'NONE',  ( -31.11939691791956974, 0.5000000000000004441, -8.849999999999997868 ) ) ;
#5970 = CARTESIAN_POINT ( 'NONE',  ( -51.95000000000000995, 9.716960195022469549, 3.819531249999933653 ) ) ;
#5971 = CARTESIAN_POINT ( 'NONE',  ( -20.00000000000001066, 16.00001200000000168, -12.25000000000000000 ) ) ;
#5972 = LINE ( 'NONE', #306, #5730 ) ;
#5973 = DIRECTION ( 'NONE',  ( -1.000000000000000000, 0.000000000000000000, 7.485322442186879976E-17 ) ) ;
#5974 = VECTOR ( 'NONE', #4314, 1000.000000000000000 ) ;
#5975 = DIRECTION ( 'NONE',  ( -0.000000000000000000, 1.000000000000000000, 2.891205793294675861E-16 ) ) ;
#5976 = AXIS2_PLACEMENT_3D ( 'NONE', #1179, #8571, #4417 ) ;
#5977 = DIRECTION ( 'NONE',  ( -0.000000000000000000, -0.000000000000000000, 1.000000000000000000 ) ) ;
#5978 = ORIENTED_EDGE ( 'NONE', *, *, #3161, .T. ) ;
#5979 = ORIENTED_EDGE ( 'NONE', *, *, #1661, .T. ) ;
#5980 = EDGE_CURVE ( 'NONE', #9565, #7771, #7337, .T. ) ;
#5981 = CIRCLE ( 'NONE', #5468, 11.00296197722692959 ) ;
#5982 = VECTOR ( 'NONE', #6461, 1000.000000000000000 ) ;
#5983 = CARTESIAN_POINT ( 'NONE',  ( -31.22777815357900622, 3.000000000000000000, 2.765000000000000124 ) ) ;
#5984 = VERTEX_POINT ( 'NONE', #10440 ) ;
#5985 = ADVANCED_FACE ( 'NONE', ( #5705, #7126, #9704 ), #6550, .T. ) ;
#5986 = DIRECTION ( 'NONE',  ( 0.000000000000000000, 0.000000000000000000, 1.000000000000000000 ) ) ;
#5987 = LINE ( 'NONE', #9286, #9838 ) ;
#5988 = LINE ( 'NONE', #8611, #3606 ) ;
#5989 = ORIENTED_EDGE ( 'NONE', *, *, #10089, .T. ) ;
#5990 = AXIS2_PLACEMENT_3D ( 'NONE', #5136, #2594, #5829 ) ;
#5991 = CARTESIAN_POINT ( 'NONE',  ( 47.49999999999999289, 3.000000000000000000, -9.499999999999998224 ) ) ;
#5992 = ORIENTED_EDGE ( 'NONE', *, *, #493, .T. ) ;
#5993 = EDGE_CURVE ( 'NONE', #8780, #7897, #6015, .T. ) ;
#5994 = VERTEX_POINT ( 'NONE', #825 ) ;
#5995 = CARTESIAN_POINT ( 'NONE',  ( -47.50000000000000711, 16.00000000000000000, -9.500000000000001776 ) ) ;
#5996 = VECTOR ( 'NONE', #7331, 1000.000000000000000 ) ;
#5997 = PLANE ( 'NONE',  #1603 ) ;
#5998 = EDGE_CURVE ( 'NONE', #5422, #9708, #7834, .T. ) ;
#5999 = ORIENTED_EDGE ( 'NONE', *, *, #6750, .T. ) ;
#6000 = AXIS2_PLACEMENT_3D ( 'NONE', #7391, #9160, #5810 ) ;
#6001 = ORIENTED_EDGE ( 'NONE', *, *, #8839, .F. ) ;
#6002 = DIRECTION ( 'NONE',  ( 0.000000000000000000, 0.000000000000000000, -1.000000000000000000 ) ) ;
#6003 = CARTESIAN_POINT ( 'NONE',  ( 0.5999999999999912070, 13.00000000000000178, -13.55000000000000071 ) ) ;
#6004 = CARTESIAN_POINT ( 'NONE',  ( -34.52834772718359346, 0.000000000000000000, 0.000000000000000000 ) ) ;
#6005 = ORIENTED_EDGE ( 'NONE', *, *, #8111, .F. ) ;
#6006 = EDGE_CURVE ( 'NONE', #9561, #99, #6311, .T. ) ;
#6007 = VERTEX_POINT ( 'NONE', #4171 ) ;
#6008 = CARTESIAN_POINT ( 'NONE',  ( -2.000000000000008882, 13.00000000000000178, -13.35000000000018971 ) ) ;
#6009 = DIRECTION ( 'NONE',  ( -1.000000000000000000, 0.000000000000000000, 0.000000000000000000 ) ) ;
#6010 = CARTESIAN_POINT ( 'NONE',  ( -52.28390545974178849, 7.178929302224879017, -3.430753123070416688 ) ) ;
#6011 = ORIENTED_EDGE ( 'NONE', *, *, #3253, .T. ) ;
#6012 = LINE ( 'NONE', #10212, #3181 ) ;
#6013 = DIRECTION ( 'NONE',  ( 0.000000000000000000, 0.000000000000000000, 1.000000000000000000 ) ) ;
#6014 = AXIS2_PLACEMENT_3D ( 'NONE', #9313, #9003, #9632 ) ;
#6015 = B_SPLINE_CURVE_WITH_KNOTS ( 'NONE', 3,
 ( #2419, #4059, #8860, #9754, #1623, #8907, #4863, #7290 ),
 .UNSPECIFIED., .F., .F.,
 ( 4, 2, 2, 4 ),
 ( 0.000000000000000000, 0.0001382025733524826000, 0.0002764051467049651999, 0.0005528102934099297493 ),
 .UNSPECIFIED. ) ;
#6016 = CARTESIAN_POINT ( 'NONE',  ( 30.43292408117201475, -1.334076891925523034E-17, -11.56869301635388858 ) ) ;
#6017 = CARTESIAN_POINT ( 'NONE',  ( 51.95000000000000284, 11.35000000000000142, -2.500000000000000444 ) ) ;
#6018 = ORIENTED_EDGE ( 'NONE', *, *, #5195, .F. ) ;
#6019 = ADVANCED_FACE ( 'NONE', ( #7396 ), #142, .T. ) ;
#6020 = ORIENTED_EDGE ( 'NONE', *, *, #3986, .F. ) ;
#6021 = CARTESIAN_POINT ( 'NONE',  ( -29.84000000000000341, 6.296018041280833089, 3.064999999999999947 ) ) ;
#6022 = DIRECTION ( 'NONE',  ( -1.000000000000000000, 0.000000000000000000, 0.000000000000000000 ) ) ;
#6023 = ORIENTED_EDGE ( 'NONE', *, *, #4945, .T. ) ;
#6024 = CARTESIAN_POINT ( 'NONE',  ( -3.469693845669917120, 13.00000000000000178, 13.55000000000019611 ) ) ;
#6025 = LINE ( 'NONE', #5031, #10257 ) ;
#6026 = CARTESIAN_POINT ( 'NONE',  ( 3.099999999999991651, 13.00000000000000178, -13.45000000000019114 ) ) ;
#6027 = CARTESIAN_POINT ( 'NONE',  ( -53.20100000000002183, 11.35000000000000142, -1.700000000000000622 ) ) ;
#6028 =( BOUNDED_SURFACE ( )  B_SPLINE_SURFACE ( 3, 2, ( 
 ( #9875, #1209, #1956 ),
 ( #2655, #2806, #9130 ),
 ( #3649, #4240, #9184 ),
 ( #8354, #9972, #8401 ),
 ( #3547, #1161, #5041 ),
 ( #1901, #4347, #2703 ),
 ( #1848, #364, #7617 ),
 ( #6032, #5196, #8453 ),
 ( #1056, #212, #5881 ),
 ( #316, #4448, #417 ),
 ( #5094, #1002, #8297 ),
 ( #8248, #9080, #9234 ),
 ( #5145, #7462, #2753 ),
 ( #6867, #3498, #9923 ) ),
 .UNSPECIFIED., .F., .F., .F. ) 
 B_SPLINE_SURFACE_WITH_KNOTS ( ( 4, 2, 2, 2, 2, 2, 4 ),
 ( 3, 3 ),
 ( 0.001155377463937341418, 0.001777644056775407391, 0.002088777353194440269, 0.002399910649613473147, 0.002711043946032506025, 0.003022177242451538903, 0.003644443835289605093 ),
 ( 0.2421920237697624267, 1.000000000000000000 ),
 .UNSPECIFIED. ) 
 GEOMETRIC_REPRESENTATION_ITEM ( )  RATIONAL_B_SPLINE_SURFACE ( (
 ( 0.8924876584085097431, 0.7780431825994074124, 1.000000000000000000),
 ( 0.9142263183649156355, 0.8229221584179332583, 1.000000000000000000),
 ( 0.9307382614185817360, 0.8570106944412394512, 1.000000000000000000),
 ( 0.9478720286487904989, 0.8923829725276908320, 1.000000000000000000),
 ( 0.9521871564502577545, 0.9012914570729319008, 1.000000000000000000),
 ( 0.9580339200407175237, 0.9133619693454952948, 1.000000000000000000),
 ( 0.9595443787250101941, 0.9164802774152288611, 1.000000000000000000),
 ( 0.9595213182622626125, 0.9164326696071998235, 1.000000000000000000),
 ( 0.9580366851124513250, 0.9133676777740612485, 1.000000000000000000),
 ( 0.9521631394573133456, 0.9012418745297693379, 1.000000000000000000),
 ( 0.9477395637334433687, 0.8921095016815302481, 1.000000000000000000),
 ( 0.9306991181620647424, 0.8569298840662578076, 1.000000000000000000),
 ( 0.9139791508532166819, 0.8224118866347178702, 1.000000000000000000),
 ( 0.8924876584085100761, 0.7780431825994081896, 1.000000000000000000) ) ) 
 REPRESENTATION_ITEM ( '' )  SURFACE ( )  );
#6029 = CARTESIAN_POINT ( 'NONE',  ( 26.60635347795577133, 0.2531612188914910133, -5.723830892551232452 ) ) ;
#6030 = ORIENTED_EDGE ( 'NONE', *, *, #5473, .F. ) ;
#6031 = ORIENTED_EDGE ( 'NONE', *, *, #9651, .F. ) ;
#6032 = CARTESIAN_POINT ( 'NONE',  ( -52.20454750418964807, 8.521679223836208905, -4.275074528580207200 ) ) ;
#6033 = B_SPLINE_CURVE_WITH_KNOTS ( 'NONE', 3,
 ( #5423, #8729, #6263, #7105, #1494, #804, #3086, #8837 ),
 .UNSPECIFIED., .F., .F.,
 ( 4, 2, 2, 4 ),
 ( 0.001461911207851768332, 0.001827313039948525071, 0.002192714872045281593, 0.002923518536238790301 ),
 .UNSPECIFIED. ) ;
#6034 = ADVANCED_FACE ( 'NONE', ( #4085 ), #4777, .F. ) ;
#6035 = ORIENTED_EDGE ( 'NONE', *, *, #3774, .T. ) ;
#6036 = FACE_OUTER_BOUND ( 'NONE', #1626, .T. ) ;
#6037 = PLANE ( 'NONE',  #4293 ) ;
#6038 = EDGE_CURVE ( 'NONE', #3338, #5266, #1751, .T. ) ;
#6039 = CARTESIAN_POINT ( 'NONE',  ( -35.06554871542299878, 0.2000000000000000944, 8.349999999999996092 ) ) ;
#6040 = ORIENTED_EDGE ( 'NONE', *, *, #525, .F. ) ;
#6041 = DIRECTION ( 'NONE',  ( -1.000000000000000000, 0.000000000000000000, -0.000000000000000000 ) ) ;
#6042 = ORIENTED_EDGE ( 'NONE', *, *, #10441, .F. ) ;
#6043 = DIRECTION ( 'NONE',  ( -0.000000000000000000, -1.000000000000000000, -0.000000000000000000 ) ) ;
#6044 = CARTESIAN_POINT ( 'NONE',  ( -51.95000000000000995, 8.400000000000000355, 2.449999999999999734 ) ) ;
#6045 = ORIENTED_EDGE ( 'NONE', *, *, #2517, .T. ) ;
#6046 = ORIENTED_EDGE ( 'NONE', *, *, #3205, .F. ) ;
#6047 = FACE_OUTER_BOUND ( 'NONE', #5152, .T. ) ;
#6048 = ADVANCED_FACE ( 'NONE', ( #850 ), #65, .T. ) ;
#6049 = AXIS2_PLACEMENT_3D ( 'NONE', #772, #3210, #6437 ) ;
#6050 = DIRECTION ( 'NONE',  ( -3.652049423109083111E-16, 0.000000000000000000, -1.000000000000000000 ) ) ;
#6051 = EDGE_CURVE ( 'NONE', #3787, #7449, #6464, .T. ) ;
#6052 = EDGE_CURVE ( 'NONE', #8464, #2948, #7316, .T. ) ;
#6053 = EDGE_LOOP ( 'NONE', ( #8781, #1304, #10352, #1405 ) ) ;
#6054 = DIRECTION ( 'NONE',  ( -1.000000000000000000, 0.000000000000000000, 0.000000000000000000 ) ) ;
#6055 = TOROIDAL_SURFACE ( 'NONE', #809, 1.500000000000000888, 0.2000000000000000111 ) ;
#6056 = CARTESIAN_POINT ( 'NONE',  ( -34.33293214504335822, 0.1503201388544058437, -2.769584417859758840 ) ) ;
#6057 = CARTESIAN_POINT ( 'NONE',  ( -31.11939691791956974, 0.5000000000000004441, 3.615000000000000213 ) ) ;
#6058 = ORIENTED_EDGE ( 'NONE', *, *, #6571, .T. ) ;
#6059 = CARTESIAN_POINT ( 'NONE',  ( -52.38137872115763116, 7.432304517613468775, -3.818702871855647718 ) ) ;
#6060 = CARTESIAN_POINT ( 'NONE',  ( 50.25000000000000000, 11.00000000000000178, 4.000000000000000000 ) ) ;
#6061 = EDGE_CURVE ( 'NONE', #1627, #1290, #4636, .T. ) ;
#6062 = VECTOR ( 'NONE', #9599, 1000.000000000000000 ) ;
#6063 = PLANE ( 'NONE',  #3116 ) ;
#6064 = LINE ( 'NONE', #4430, #545 ) ;
#6065 = EDGE_LOOP ( 'NONE', ( #7581, #3960, #7146, #6319, #4634 ) ) ;
#6066 = VERTEX_POINT ( 'NONE', #3979 ) ;
#6067 = CARTESIAN_POINT ( 'NONE',  ( -30.22554098627246688, 5.993641111376233788, -9.050019762417358393 ) ) ;
#6068 = LINE ( 'NONE', #6960, #6952 ) ;
#6069 = CARTESIAN_POINT ( 'NONE',  ( -51.95000000000000995, 8.400000000000000355, 2.449999999999999734 ) ) ;
#6070 = VERTEX_POINT ( 'NONE', #4939 ) ;
#6071 = CARTESIAN_POINT ( 'NONE',  ( 47.49999999999999289, 3.000000000000000000, 9.500000000000001776 ) ) ;
#6072 = DIRECTION ( 'NONE',  ( 0.000000000000000000, 0.000000000000000000, 1.000000000000000000 ) ) ;
#6073 = DIRECTION ( 'NONE',  ( -0.000000000000000000, -0.000000000000000000, 1.000000000000000000 ) ) ;
#6074 = EDGE_CURVE ( 'NONE', #7058, #2936, #1591, .T. ) ;
#6075 = CARTESIAN_POINT ( 'NONE',  ( 51.95000000000000284, 11.35000000000000320, -3.299999999999998490 ) ) ;
#6076 = AXIS2_PLACEMENT_3D ( 'NONE', #5753, #9054, #5808 ) ;
#6077 = LINE ( 'NONE', #7562, #43 ) ;
#6078 = ORIENTED_EDGE ( 'NONE', *, *, #8811, .F. ) ;
#6079 = ADVANCED_FACE ( 'NONE', ( #10411 ), #3185, .T. ) ;
#6080 = EDGE_LOOP ( 'NONE', ( #9858, #7552, #9567, #189, #5273, #5519, #9499, #5818, #1028, #1017, #5008, #2534, #7109, #4473 ) ) ;
#6081 = AXIS2_PLACEMENT_3D ( 'NONE', #6229, #10335, #2955 ) ;
#6082 = CIRCLE ( 'NONE', #8435, 6.800000000000007816 ) ;
#6083 = VECTOR ( 'NONE', #8703, 1000.000000000000000 ) ;
#6084 = DIRECTION ( 'NONE',  ( 3.384826294588891940E-16, 0.000000000000000000, 1.000000000000000000 ) ) ;
#6085 = VECTOR ( 'NONE', #7335, 1000.000000000000000 ) ;
#6086 = VERTEX_POINT ( 'NONE', #4195 ) ;
#6087 = DIRECTION ( 'NONE',  ( 0.000000000000000000, 0.000000000000000000, -1.000000000000000000 ) ) ;
#6088 =( BOUNDED_CURVE ( )  B_SPLINE_CURVE ( 3, ( #8618, #6990, #7776, #6301 ),
 .UNSPECIFIED., .F., .F. ) 
 B_SPLINE_CURVE_WITH_KNOTS ( ( 4, 4 ),
 ( 1.570796326794896558, 3.141592653589792228 ),
 .UNSPECIFIED. ) 
 CURVE ( )  GEOMETRIC_REPRESENTATION_ITEM ( )  RATIONAL_B_SPLINE_CURVE ( ( 1.000000000000000000, 0.8047378541243652705, 0.8047378541243652705, 1.000000000000000000 ) ) 
 REPRESENTATION_ITEM ( '' )  );
#6089 = CARTESIAN_POINT ( 'NONE',  ( -8.000000000000008882, 13.00000000000000178, -14.45000000000000107 ) ) ;
#6090 = LINE ( 'NONE', #1961, #9679 ) ;
#6091 = VERTEX_POINT ( 'NONE', #9039 ) ;
#6092 = CARTESIAN_POINT ( 'NONE',  ( 23.32059264874606797, 0.02145563245112807119, -7.429700915573387299 ) ) ;
#6093 = VECTOR ( 'NONE', #9092, 1000.000000000000000 ) ;
#6094 = VERTEX_POINT ( 'NONE', #167 ) ;
#6095 = DIRECTION ( 'NONE',  ( -1.000000000000000000, 0.000000000000000000, 1.374038396813312538E-16 ) ) ;
#6096 = CARTESIAN_POINT ( 'NONE',  ( -34.00000000000000711, 6.500000000000000888, -12.25000000000000000 ) ) ;
#6097 = VERTEX_POINT ( 'NONE', #795 ) ;
#6098 = VERTEX_POINT ( 'NONE', #6572 ) ;
#6099 = CARTESIAN_POINT ( 'NONE',  ( -15.77802059593038564, 13.00000000000000178, -5.742729852557515002 ) ) ;
#6100 = CARTESIAN_POINT ( 'NONE',  ( 38.76960222758095398, 0.000000000000000000, 2.684264693320296491 ) ) ;
#6101 = VERTEX_POINT ( 'NONE', #7417 ) ;
#6102 = CARTESIAN_POINT ( 'NONE',  ( 0.000000000000000000, 0.000000000000000000, 3.415000000000000036 ) ) ;
#6103 = ORIENTED_EDGE ( 'NONE', *, *, #1654, .F. ) ;
#6104 = EDGE_CURVE ( 'NONE', #7970, #8382, #6411, .T. ) ;
#6105 = PLANE ( 'NONE',  #679 ) ;
#6106 = FACE_OUTER_BOUND ( 'NONE', #2368, .T. ) ;
#6107 = DIRECTION ( 'NONE',  ( 0.000000000000000000, 1.000000000000000000, -0.000000000000000000 ) ) ;
#6108 = ORIENTED_EDGE ( 'NONE', *, *, #2634, .F. ) ;
#6109 = DIRECTION ( 'NONE',  ( -1.000000000000000000, 0.000000000000000000, 0.000000000000000000 ) ) ;
#6110 = ORIENTED_EDGE ( 'NONE', *, *, #3372, .F. ) ;
#6111 = CARTESIAN_POINT ( 'NONE',  ( -20.00000000000001066, 14.50000000000000000, -12.25000000000000000 ) ) ;
#6112 = EDGE_CURVE ( 'NONE', #2681, #3309, #10, .T. ) ;
#6113 = AXIS2_PLACEMENT_3D ( 'NONE', #8965, #1734, #4977 ) ;
#6114 = EDGE_CURVE ( 'NONE', #5739, #2408, #5757, .T. ) ;
#6115 = CARTESIAN_POINT ( 'NONE',  ( -47.50000000000000711, 3.000000000000000000, 8.650000000000002132 ) ) ;
#6116 = LINE ( 'NONE', #2087, #7811 ) ;
#6117 = ORIENTED_EDGE ( 'NONE', *, *, #5888, .T. ) ;
#6118 = VERTEX_POINT ( 'NONE', #2554 ) ;
#6119 = ADVANCED_FACE ( 'NONE', ( #5785 ), #1078, .T. ) ;
#6120 = DIRECTION ( 'NONE',  ( -1.000000000000000000, 0.000000000000000000, 0.000000000000000000 ) ) ;
#6121 = LINE ( 'NONE', #9377, #5944 ) ;
#6122 = VERTEX_POINT ( 'NONE', #8985 ) ;
#6123 = LINE ( 'NONE', #9751, #8727 ) ;
#6124 = DIRECTION ( 'NONE',  ( 0.000000000000000000, 1.000000000000000000, -0.000000000000000000 ) ) ;
#6125 = CARTESIAN_POINT ( 'NONE',  ( -34.31252571724582623, 0.2000000000000111411, 2.765000000000000124 ) ) ;
#6126 = EDGE_CURVE ( 'NONE', #3618, #1590, #1754, .T. ) ;
#6127 = DIRECTION ( 'NONE',  ( 0.000000000000000000, -1.000000000000000000, -2.891205793294679312E-16 ) ) ;
#6128 = VECTOR ( 'NONE', #10070, 1000.000000000000000 ) ;
#6129 = FACE_OUTER_BOUND ( 'NONE', #9605, .T. ) ;
#6130 = ORIENTED_EDGE ( 'NONE', *, *, #5732, .F. ) ;
#6131 = AXIS2_PLACEMENT_3D ( 'NONE', #6985, #8614, #9446 ) ;
#6132 = ORIENTED_EDGE ( 'NONE', *, *, #4415, .F. ) ;
#6133 = ADVANCED_FACE ( 'NONE', ( #2498 ), #5727, .T. ) ;
#6134 = EDGE_CURVE ( 'NONE', #1341, #3972, #5828, .T. ) ;
#6135 = DIRECTION ( 'NONE',  ( -1.000000000000000000, 0.000000000000000000, 7.485322442186879976E-17 ) ) ;
#6136 = VECTOR ( 'NONE', #3039, 1000.000000000000000 ) ;
#6137 = DIRECTION ( 'NONE',  ( 1.000000000000000000, 0.000000000000000000, 0.000000000000000000 ) ) ;
#6138 = EDGE_LOOP ( 'NONE', ( #9220, #4680, #4393, #3015, #1682 ) ) ;
#6139 = AXIS2_PLACEMENT_3D ( 'NONE', #9102, #3566, #8161 ) ;
#6140 = DIRECTION ( 'NONE',  ( 0.000000000000000000, 1.000000000000000000, -0.000000000000000000 ) ) ;
#6141 = DIRECTION ( 'NONE',  ( 0.000000000000000000, 1.000000000000000000, -0.000000000000000000 ) ) ;
#6142 = DIRECTION ( 'NONE',  ( 0.000000000000000000, 1.000000000000000000, -0.000000000000000000 ) ) ;
#6143 = CARTESIAN_POINT ( 'NONE',  ( 30.95000000000000284, 0.2999999999999999889, -2.350000000000003197 ) ) ;
#6144 = ORIENTED_EDGE ( 'NONE', *, *, #7022, .T. ) ;
#6145 = CARTESIAN_POINT ( 'NONE',  ( 50.25000000000000000, 11.00000000000000178, 6.000000000000000000 ) ) ;
#6146 = AXIS2_PLACEMENT_3D ( 'NONE', #168, #1755, #117 ) ;
#6147 = ORIENTED_EDGE ( 'NONE', *, *, #8373, .F. ) ;
#6148 = EDGE_CURVE ( 'NONE', #1811, #3978, #7153, .T. ) ;
#6149 = AXIS2_PLACEMENT_3D ( 'NONE', #7671, #5500, #10172 ) ;
#6150 = CARTESIAN_POINT ( 'NONE',  ( 31.40000000000001990, 0.000000000000000000, 2.830492254602820168 ) ) ;
#6151 = DIRECTION ( 'NONE',  ( -7.485322442186879976E-17, 0.000000000000000000, -1.000000000000000000 ) ) ;
#6152 = CARTESIAN_POINT ( 'NONE',  ( -47.49999999999999289, 8.000000000000000000, -12.25000000000000000 ) ) ;
#6153 = ORIENTED_EDGE ( 'NONE', *, *, #7919, .F. ) ;
#6154 = ADVANCED_FACE ( 'NONE', ( #10075 ), #6774, .F. ) ;
#6155 = CYLINDRICAL_SURFACE ( 'NONE', #5137, 0.3000000000000016542 ) ;
#6156 = AXIS2_PLACEMENT_3D ( 'NONE', #7367, #792, #8877 ) ;
#6157 = CARTESIAN_POINT ( 'NONE',  ( 47.49999999999997868, 8.000000000000000000, 12.25000000000000711 ) ) ;
#6158 = ORIENTED_EDGE ( 'NONE', *, *, #5413, .F. ) ;
#6159 = ORIENTED_EDGE ( 'NONE', *, *, #5945, .F. ) ;
#6160 = CARTESIAN_POINT ( 'NONE',  ( 0.000000000000000000, 13.00000000000000178, 14.75000000000000178 ) ) ;
#6161 = VECTOR ( 'NONE', #518, 1000.000000000000000 ) ;
#6162 = DIRECTION ( 'NONE',  ( -0.000000000000000000, -0.000000000000000000, 1.000000000000000000 ) ) ;
#6163 = CARTESIAN_POINT ( 'NONE',  ( -52.27563198490997820, 7.308115275766890129, -3.630658523920790692 ) ) ;
#6164 = VERTEX_POINT ( 'NONE', #4452 ) ;
#6165 = CARTESIAN_POINT ( 'NONE',  ( -3.469693845669876708, 13.00000000000000178, -13.55000000000004334 ) ) ;
#6166 = EDGE_LOOP ( 'NONE', ( #1918, #4249, #1067, #5329 ) ) ;
#6167 = CARTESIAN_POINT ( 'NONE',  ( -8.107033542344556309, 13.00000000000000178, -14.04179399400123351 ) ) ;
#6168 = AXIS2_PLACEMENT_3D ( 'NONE', #10403, #5667, #5612 ) ;
#6169 = ADVANCED_FACE ( 'NONE', ( #1116 ), #5198, .F. ) ;
#6170 = VECTOR ( 'NONE', #9738, 1000.000000000000000 ) ;
#6171 = CARTESIAN_POINT ( 'NONE',  ( -51.95000000000000995, 8.400000000000000355, -2.449999999999999734 ) ) ;
#6172 = DIRECTION ( 'NONE',  ( 0.000000000000000000, 1.000000000000000000, -0.000000000000000000 ) ) ;
#6173 = VERTEX_POINT ( 'NONE', #7520 ) ;
#6174 = VERTEX_POINT ( 'NONE', #5097 ) ;
#6175 = CARTESIAN_POINT ( 'NONE',  ( -47.19749843554382096, 16.00000000000000000, -13.25000000000000178 ) ) ;
#6176 = DIRECTION ( 'NONE',  ( 0.000000000000000000, 0.000000000000000000, 1.000000000000000000 ) ) ;
#6177 = CIRCLE ( 'NONE', #5676, 5.249999999999998224 ) ;
#6178 = ORIENTED_EDGE ( 'NONE', *, *, #423, .F. ) ;
#6179 = FACE_OUTER_BOUND ( 'NONE', #10183, .T. ) ;
#6180 = DIRECTION ( 'NONE',  ( 4.625929269271484533E-15, 0.000000000000000000, -1.000000000000000000 ) ) ;
#6181 = CARTESIAN_POINT ( 'NONE',  ( -52.21634906207967219, 9.522990740802985243, 3.782850090902727835 ) ) ;
#6182 = CARTESIAN_POINT ( 'NONE',  ( 22.80788180854699476, -0.001000000000000024307, -6.184828725824678131 ) ) ;
#6183 = EDGE_CURVE ( 'NONE', #3661, #7782, #5148, .T. ) ;
#6184 = DIRECTION ( 'NONE',  ( 1.000000000000000000, 0.000000000000000000, 0.000000000000000000 ) ) ;
#6185 = EDGE_LOOP ( 'NONE', ( #5627, #3178, #6304, #4611, #1210, #5701, #6897, #7377, #8582 ) ) ;
#6186 = ORIENTED_EDGE ( 'NONE', *, *, #541, .F. ) ;
#6187 = EDGE_CURVE ( 'NONE', #1476, #10450, #1761, .T. ) ;
#6188 = CARTESIAN_POINT ( 'NONE',  ( 0.000000000000000000, 16.00000000000000000, 0.000000000000000000 ) ) ;
#6189 = CARTESIAN_POINT ( 'NONE',  ( 9.519658948938198861, 8.000000000000000000, 10.25000000000000178 ) ) ;
#6190 = ORIENTED_EDGE ( 'NONE', *, *, #7923, .F. ) ;
#6191 = DIRECTION ( 'NONE',  ( 0.000000000000000000, 2.168404344971010446E-15, 1.000000000000000000 ) ) ;
#6192 = LINE ( 'NONE', #1578, #6820 ) ;
#6193 = ADVANCED_FACE ( 'NONE', ( #1805, #9134, #1905 ), #217, .T. ) ;
#6194 = CARTESIAN_POINT ( 'NONE',  ( -8.000000000000008882, 13.00000000000000178, 14.45000000000000107 ) ) ;
#6195 = DIRECTION ( 'NONE',  ( 0.000000000000000000, 1.000000000000000000, -0.000000000000000000 ) ) ;
#6196 = VERTEX_POINT ( 'NONE', #271 ) ;
#6197 = CARTESIAN_POINT ( 'NONE',  ( 39.38469035668907026, 0.5000000000000000000, 4.549999999999998934 ) ) ;
#6198 = ORIENTED_EDGE ( 'NONE', *, *, #6821, .F. ) ;
#6199 = CARTESIAN_POINT ( 'NONE',  ( -34.52834772718359346, 0.2000000000000000944, -20.34067203111825251 ) ) ;
#6200 = DIRECTION ( 'NONE',  ( 0.000000000000000000, 0.000000000000000000, -1.000000000000000000 ) ) ;
#6201 = DIRECTION ( 'NONE',  ( 0.000000000000000000, 1.000000000000000000, 0.000000000000000000 ) ) ;
#6202 = VERTEX_POINT ( 'NONE', #1852 ) ;
#6203 = DIRECTION ( 'NONE',  ( -1.000000000000000000, -0.000000000000000000, -0.000000000000000000 ) ) ;
#6204 = ADVANCED_FACE ( 'NONE', ( #8252 ), #5045, .T. ) ;
#6205 = CARTESIAN_POINT ( 'NONE',  ( 38.57940735125393417, 0.02145563245112604503, 2.729700915573388897 ) ) ;
#6206 = VERTEX_POINT ( 'NONE', #3651 ) ;
#6207 = ADVANCED_FACE ( 'NONE', ( #6869 ), #4401, .F. ) ;
#6208 = ORIENTED_EDGE ( 'NONE', *, *, #4395, .T. ) ;
#6209 = CARTESIAN_POINT ( 'NONE',  ( 25.85635347795579619, 0.2531612188914920125, -0.2752072131253918141 ) ) ;
#6210 = LINE ( 'NONE', #9412, #4051 ) ;
#6211 = DIRECTION ( 'NONE',  ( 1.000000000000000000, 0.000000000000000000, 0.000000000000000000 ) ) ;
#6212 = ORIENTED_EDGE ( 'NONE', *, *, #4894, .F. ) ;
#6213 = CARTESIAN_POINT ( 'NONE',  ( -52.34853377184433043, 7.877052726839931296, -4.119929395690647311 ) ) ;
#6214 = AXIS2_PLACEMENT_3D ( 'NONE', #5438, #3843, #5280 ) ;
#6215 = EDGE_LOOP ( 'NONE', ( #4229, #3645, #5164, #9556 ) ) ;
#6216 = DIRECTION ( 'NONE',  ( -0.000000000000000000, 0.000000000000000000, 1.000000000000000000 ) ) ;
#6217 = CARTESIAN_POINT ( 'NONE',  ( -29.84000000000000341, 6.296018041280833089, -3.064999999999999947 ) ) ;
#6218 = CARTESIAN_POINT ( 'NONE',  ( 37.45000000000000284, 4.899999999999999467, 0.000000000000000000 ) ) ;
#6219 = ORIENTED_EDGE ( 'NONE', *, *, #4223, .F. ) ;
#6220 = AXIS2_PLACEMENT_3D ( 'NONE', #2032, #544, #3780 ) ;
#6221 = EDGE_LOOP ( 'NONE', ( #6219, #7687, #3231, #723, #1775 ) ) ;
#6222 = CARTESIAN_POINT ( 'NONE',  ( -39.76146882909598901, 0.000000000000000000, 8.549999999999998934 ) ) ;
#6223 = CARTESIAN_POINT ( 'NONE',  ( -31.27472780755320869, 0.2000000000000000111, -8.849999999999997868 ) ) ;
#6224 = ORIENTED_EDGE ( 'NONE', *, *, #10153, .F. ) ;
#6225 = CARTESIAN_POINT ( 'NONE',  ( -30.03104100737205684, 5.998805293769204461, -9.244991361753825743 ) ) ;
#6226 = LINE ( 'NONE', #9275, #6083 ) ;
#6227 = FACE_OUTER_BOUND ( 'NONE', #9466, .T. ) ;
#6228 = CIRCLE ( 'NONE', #8577, 0.1999999999999987899 ) ;
#6229 = CARTESIAN_POINT ( 'NONE',  ( 30.95000000000000284, 0.000000000000000000, -2.350000000000003197 ) ) ;
#6230 = DIRECTION ( 'NONE',  ( 0.000000000000000000, 0.000000000000000000, -1.000000000000000000 ) ) ;
#6231 = VERTEX_POINT ( 'NONE', #3550 ) ;
#6232 = ORIENTED_EDGE ( 'NONE', *, *, #4454, .F. ) ;
#6233 = EDGE_CURVE ( 'NONE', #752, #2770, #7466, .T. ) ;
#6234 = CARTESIAN_POINT ( 'NONE',  ( 36.04364652204419883, 0.2999999999999999889, -4.424792786874605532 ) ) ;
#6235 = CARTESIAN_POINT ( 'NONE',  ( 0.000000000000000000, 13.00000000000000178, -14.75000000000000178 ) ) ;
#6236 = VERTEX_POINT ( 'NONE', #9976 ) ;
#6237 = CARTESIAN_POINT ( 'NONE',  ( 50.24999999999999289, 11.35000000000000142, 2.500000000000000444 ) ) ;
#6238 = AXIS2_PLACEMENT_3D ( 'NONE', #2575, #4961, #1931 ) ;
#6239 = PLANE ( 'NONE',  #1921 ) ;
#6240 = EDGE_CURVE ( 'NONE', #203, #264, #2757, .T. ) ;
#6241 = FACE_OUTER_BOUND ( 'NONE', #7320, .T. ) ;
#6242 = ADVANCED_FACE ( 'NONE', ( #1163 ), #10031, .T. ) ;
#6243 = DIRECTION ( 'NONE',  ( 0.3420201433256696566, 0.000000000000000000, 0.9396926207859080948 ) ) ;
#6244 = CARTESIAN_POINT ( 'NONE',  ( 41.25000000000000000, 8.000000000000000000, 8.349999999999997868 ) ) ;
#6245 = ORIENTED_EDGE ( 'NONE', *, *, #3336, .T. ) ;
#6246 = DIRECTION ( 'NONE',  ( 6.672013369141583952E-16, 0.000000000000000000, 1.000000000000000000 ) ) ;
#6247 = ORIENTED_EDGE ( 'NONE', *, *, #3758, .F. ) ;
#6248 = AXIS2_PLACEMENT_3D ( 'NONE', #6380, #5491, #3154 ) ;
#6249 = ADVANCED_FACE ( 'NONE', ( #6036 ), #9236, .T. ) ;
#6250 = DIRECTION ( 'NONE',  ( 0.000000000000000000, 0.000000000000000000, -1.000000000000000000 ) ) ;
#6251 = CARTESIAN_POINT ( 'NONE',  ( -52.25000000000001421, 9.852693908957558477, 3.264948469478236692 ) ) ;
#6252 = ORIENTED_EDGE ( 'NONE', *, *, #3805, .T. ) ;
#6253 = ORIENTED_EDGE ( 'NONE', *, *, #5682, .T. ) ;
#6254 = DIRECTION ( 'NONE',  ( -0.000000000000000000, 1.000000000000000000, -0.000000000000000000 ) ) ;
#6255 = AXIS2_PLACEMENT_3D ( 'NONE', #4002, #7235, #8120 ) ;
#6256 = EDGE_CURVE ( 'NONE', #6364, #2606, #1321, .T. ) ;
#6257 = VECTOR ( 'NONE', #5687, 1000.000000000000000 ) ;
#6258 = FACE_OUTER_BOUND ( 'NONE', #3605, .T. ) ;
#6259 = ORIENTED_EDGE ( 'NONE', *, *, #3634, .F. ) ;
#6260 = CARTESIAN_POINT ( 'NONE',  ( 23.85000000000000142, 0.5000000000000000000, -10.34999999999999787 ) ) ;
#6261 = ORIENTED_EDGE ( 'NONE', *, *, #4257, .T. ) ;
#6262 = ADVANCED_FACE ( 'NONE', ( #5510 ), #683, .T. ) ;
#6263 = CARTESIAN_POINT ( 'NONE',  ( -52.00315927030257512, 8.156259320763499687, -4.338162987989951702 ) ) ;
#6264 = CARTESIAN_POINT ( 'NONE',  ( 50.99857113690718791, 11.00000000000000178, -12.25000000000000178 ) ) ;
#6265 = ORIENTED_EDGE ( 'NONE', *, *, #5079, .F. ) ;
#6266 = CARTESIAN_POINT ( 'NONE',  ( 30.21127424213629098, 0.2077789836488295738, -7.788811295319352901 ) ) ;
#6267 = ORIENTED_EDGE ( 'NONE', *, *, #9718, .F. ) ;
#6268 = CARTESIAN_POINT ( 'NONE',  ( 43.49999999999999289, 8.000000000000000000, 0.000000000000000000 ) ) ;
#6269 = ADVANCED_FACE ( 'NONE', ( #7083 ), #3060, .T. ) ;
#6270 = DIRECTION ( 'NONE',  ( 0.000000000000000000, 1.000000000000000000, 0.000000000000000000 ) ) ;
#6271 = CARTESIAN_POINT ( 'NONE',  ( -2.000000000000008882, 13.00000000000000178, 14.75000000000000355 ) ) ;
#6272 = ORIENTED_EDGE ( 'NONE', *, *, #2445, .F. ) ;
#6273 = ORIENTED_EDGE ( 'NONE', *, *, #6821, .T. ) ;
#6274 = DIRECTION ( 'NONE',  ( 1.000000000000000000, 0.000000000000000000, 0.000000000000000000 ) ) ;
#6275 = CARTESIAN_POINT ( 'NONE',  ( 1.104085060222564741E-15, 11.00000000000000178, 14.75000000000000355 ) ) ;
#6276 = ORIENTED_EDGE ( 'NONE', *, *, #4660, .F. ) ;
#6277 = DIRECTION ( 'NONE',  ( 0.000000000000000000, 1.000000000000000000, -0.000000000000000000 ) ) ;
#6278 = CIRCLE ( 'NONE', #3236, 4.450000000000009948 ) ;
#6279 = CARTESIAN_POINT ( 'NONE',  ( -39.55229126436578468, 0.1679080823531932110, -2.765000000000000568 ) ) ;
#6280 = CARTESIAN_POINT ( 'NONE',  ( -52.21203848064536857, 9.441079406995829260, 3.865501394531428936 ) ) ;
#6281 = EDGE_CURVE ( 'NONE', #2980, #6943, #4606, .T. ) ;
#6282 = CARTESIAN_POINT ( 'NONE',  ( -47.50000000000000711, 3.000000000000000000, 9.500000000000001776 ) ) ;
#6283 = CARTESIAN_POINT ( 'NONE',  ( 20.65000000000000213, 0.5000000000000004441, 0.000000000000000000 ) ) ;
#6284 = PRODUCT_DEFINITION ( 'ז', '', #3537, #8467 ) ;
#6285 = ORIENTED_EDGE ( 'NONE', *, *, #4640, .T. ) ;
#6286 = AXIS2_PLACEMENT_3D ( 'NONE', #7362, #4185, #9076 ) ;
#6287 = ORIENTED_EDGE ( 'NONE', *, *, #5223, .T. ) ;
#6288 = LINE ( 'NONE', #5506, #908 ) ;
#6289 = DIRECTION ( 'NONE',  ( -3.652049423109083111E-16, 0.000000000000000000, -1.000000000000000000 ) ) ;
#6290 = EDGE_LOOP ( 'NONE', ( #3288, #868, #829, #6334, #7204, #924, #5504, #10416, #3507, #8625, #4104, #223, #5721, #994 ) ) ;
#6291 = AXIS2_PLACEMENT_3D ( 'NONE', #4656, #1421, #3166 ) ;
#6292 = CARTESIAN_POINT ( 'NONE',  ( 25.85635347795579975, -0.001000000000000024307, -0.2752072131253918696 ) ) ;
#6293 = FACE_OUTER_BOUND ( 'NONE', #4038, .T. ) ;
#6294 = LINE ( 'NONE', #2437, #5000 ) ;
#6295 = CARTESIAN_POINT ( 'NONE',  ( 30.95000000000000284, -0.001000000000000024307, -2.350000000000003197 ) ) ;
#6296 = EDGE_CURVE ( 'NONE', #2992, #8339, #8665, .T. ) ;
#6297 = VERTEX_POINT ( 'NONE', #2270 ) ;
#6298 = CARTESIAN_POINT ( 'NONE',  ( 41.25000000000000000, 4.899999999999999467, 4.549999999999997158 ) ) ;
#6299 = VERTEX_POINT ( 'NONE', #577 ) ;
#6300 = VECTOR ( 'NONE', #1227, 1000.000000000000000 ) ;
#6301 = CARTESIAN_POINT ( 'NONE',  ( -31.47472780755320443, 0.1999999999999996503, -8.849999999999997868 ) ) ;
#6302 = AXIS2_PLACEMENT_3D ( 'NONE', #372, #3603, #6834 ) ;
#6303 = ORIENTED_EDGE ( 'NONE', *, *, #4933, .T. ) ;
#6304 = ORIENTED_EDGE ( 'NONE', *, *, #5381, .F. ) ;
#6305 = CARTESIAN_POINT ( 'NONE',  ( 37.45000000000000284, 4.899999999999999467, 8.349999999999997868 ) ) ;
#6306 = CARTESIAN_POINT ( 'NONE',  ( -39.58434658500975445, 0.1071145293931473896, -3.592122244086235483 ) ) ;
#6307 = CIRCLE ( 'NONE', #4630, 0.7999999999999994893 ) ;
#6308 = CARTESIAN_POINT ( 'NONE',  ( -53.20000000000000284, 8.400000000000000355, 2.925000000000030465 ) ) ;
#6309 = EDGE_CURVE ( 'NONE', #1795, #6713, #4311, .T. ) ;
#6310 = ORIENTED_EDGE ( 'NONE', *, *, #2281, .T. ) ;
#6311 = CIRCLE ( 'NONE', #10175, 1.499999999999999556 ) ;
#6312 = ORIENTED_EDGE ( 'NONE', *, *, #7247, .T. ) ;
#6313 = EDGE_CURVE ( 'NONE', #7078, #2936, #10190, .T. ) ;
#6314 = DIRECTION ( 'NONE',  ( 1.000000000000000000, 0.000000000000000000, 0.000000000000000000 ) ) ;
#6315 = VECTOR ( 'NONE', #838, 1000.000000000000000 ) ;
#6316 = PLANE ( 'NONE',  #1015 ) ;
#6317 = LINE ( 'NONE', #10420, #6845 ) ;
#6318 = TOROIDAL_SURFACE ( 'NONE', #9335, 9.300000000000013145, 0.2999999999999999889 ) ;
#6319 = ORIENTED_EDGE ( 'NONE', *, *, #6233, .T. ) ;
#6320 = DIRECTION ( 'NONE',  ( 1.000000000000000000, 0.000000000000000000, 7.304098846218136886E-17 ) ) ;
#6321 = AXIS2_PLACEMENT_3D ( 'NONE', #1958, #7619, #1212 ) ;
#6322 = ORIENTED_EDGE ( 'NONE', *, *, #1401, .T. ) ;
#6323 = CARTESIAN_POINT ( 'NONE',  ( -23.23676428111944858, 13.00000000000000178, -14.75000000000000000 ) ) ;
#6324 = ADVANCED_FACE ( 'NONE', ( #10126 ), #4664, .T. ) ;
#6325 = CARTESIAN_POINT ( 'NONE',  ( 47.49999999999999289, 0.000000000000000000, 9.500000000000000000 ) ) ;
#6326 = CARTESIAN_POINT ( 'NONE',  ( -25.50000000000001066, 11.00000000000000178, -13.55000000000000249 ) ) ;
#6327 = AXIS2_PLACEMENT_3D ( 'NONE', #6498, #878, #5706 ) ;
#6328 = VERTEX_POINT ( 'NONE', #7878 ) ;
#6329 = CIRCLE ( 'NONE', #10020, 0.7999999999999994893 ) ;
#6330 = EDGE_LOOP ( 'NONE', ( #443, #74, #4847, #2807, #8977, #7568, #10189, #7243, #7996, #8140 ) ) ;
#6331 = CARTESIAN_POINT ( 'NONE',  ( -30.14000000000001123, 6.296018041280833089, -20.34067203111825251 ) ) ;
#6332 = DIRECTION ( 'NONE',  ( -0.000000000000000000, -1.000000000000000000, -0.000000000000000000 ) ) ;
#6333 = LINE ( 'NONE', #9536, #7848 ) ;
#6334 = ORIENTED_EDGE ( 'NONE', *, *, #10154, .T. ) ;
#6335 = DIRECTION ( 'NONE',  ( -0.000000000000000000, 1.000000000000000000, -0.000000000000000000 ) ) ;
#6336 = AXIS2_PLACEMENT_3D ( 'NONE', #2557, #1009, #7374 ) ;
#6337 = CARTESIAN_POINT ( 'NONE',  ( -47.50000000000000711, 8.000000000000000000, 10.35000000000000142 ) ) ;
#6338 = DIRECTION ( 'NONE',  ( 1.000000000000000000, 0.000000000000000000, -0.000000000000000000 ) ) ;
#6339 = VECTOR ( 'NONE', #4516, 1000.000000000000000 ) ;
#6340 = DIRECTION ( 'NONE',  ( -0.8660254037844380415, 0.000000000000000000, 0.5000000000000009992 ) ) ;
#6341 = CARTESIAN_POINT ( 'NONE',  ( -35.24172192299145934, 0.2946731267839041712, -2.765000000000000124 ) ) ;
#6342 = EDGE_CURVE ( 'NONE', #170, #725, #7824, .T. ) ;
#6343 = DIRECTION ( 'NONE',  ( 1.000000000000000000, 0.000000000000000000, 7.304098846218136886E-17 ) ) ;
#6344 = EDGE_LOOP ( 'NONE', ( #5634, #1133, #2400, #1779 ) ) ;
#6345 = VERTEX_POINT ( 'NONE', #3752 ) ;
#6346 = VECTOR ( 'NONE', #1237, 1000.000000000000000 ) ;
#6347 = ADVANCED_FACE ( 'NONE', ( #10236 ), #3011, .T. ) ;
#6348 = CARTESIAN_POINT ( 'NONE',  ( -21.63608679191100137, 11.00000000000000178, -18.15483244721227152 ) ) ;
#6349 = LINE ( 'NONE', #4711, #1995 ) ;
#6350 = EDGE_LOOP ( 'NONE', ( #844, #1955, #5593, #8989 ) ) ;
#6351 = PLANE ( 'NONE',  #2442 ) ;
#6352 = CARTESIAN_POINT ( 'NONE',  ( 23.55788180854698766, 0.5000000000000000000, -7.483866831501331696 ) ) ;
#6353 = AXIS2_PLACEMENT_3D ( 'NONE', #6552, #2582, #6442 ) ;
#6354 = FACE_OUTER_BOUND ( 'NONE', #7743, .T. ) ;
#6355 = CARTESIAN_POINT ( 'NONE',  ( 2.198813467392395669E-16, 3.000000000000000000, -11.75000000000000355 ) ) ;
#6356 = ORIENTED_EDGE ( 'NONE', *, *, #1081, .F. ) ;
#6357 = ORIENTED_EDGE ( 'NONE', *, *, #1222, .F. ) ;
#6358 = CARTESIAN_POINT ( 'NONE',  ( -52.27563198490998531, 9.491884724233200288, 3.630658523920709868 ) ) ;
#6359 = EDGE_CURVE ( 'NONE', #2980, #9659, #6329, .T. ) ;
#6360 = VERTEX_POINT ( 'NONE', #9440 ) ;
#6361 = DIRECTION ( 'NONE',  ( -0.000000000000000000, -1.000000000000000000, -0.000000000000000000 ) ) ;
#6362 = DIRECTION ( 'NONE',  ( 0.000000000000000000, -1.000000000000000000, -2.891205793294682764E-16 ) ) ;
#6363 = CARTESIAN_POINT ( 'NONE',  ( -30.13203748537938864, 5.996123729295900873, -9.143749989102969877 ) ) ;
#6364 = VERTEX_POINT ( 'NONE', #9285 ) ;
#6365 = VERTEX_POINT ( 'NONE', #2211 ) ;
#6366 = DIRECTION ( 'NONE',  ( -0.000000000000000000, -0.000000000000000000, 1.000000000000000000 ) ) ;
#6367 = CARTESIAN_POINT ( 'NONE',  ( -39.58434658500975445, 0.1071145293931473758, 3.592122244086235927 ) ) ;
#6368 = EDGE_CURVE ( 'NONE', #3519, #3484, #10286, .T. ) ;
#6369 = FACE_OUTER_BOUND ( 'NONE', #3356, .T. ) ;
#6370 = ORIENTED_EDGE ( 'NONE', *, *, #10419, .F. ) ;
#6371 = CARTESIAN_POINT ( 'NONE',  ( 30.19999999999999218, 0.2531612188914907913, -7.798623679425843669 ) ) ;
#6372 = EDGE_LOOP ( 'NONE', ( #3694, #5524, #4500, #9161 ) ) ;
#6373 = CARTESIAN_POINT ( 'NONE',  ( 2.009170479469691184, 14.50000000000000000, -14.75000000000000178 ) ) ;
#6374 = ADVANCED_FACE ( 'NONE', ( #2057 ), #4505, .T. ) ;
#6375 = EDGE_CURVE ( 'NONE', #8049, #7874, #1641, .T. ) ;
#6376 = CARTESIAN_POINT ( 'NONE',  ( 36.04364652204422725, 0.2531612188914913464, -0.2752072131254369447 ) ) ;
#6377 = FACE_OUTER_BOUND ( 'NONE', #560, .T. ) ;
#6378 = ORIENTED_EDGE ( 'NONE', *, *, #8249, .F. ) ;
#6379 = ORIENTED_EDGE ( 'NONE', *, *, #4737, .T. ) ;
#6380 = CARTESIAN_POINT ( 'NONE',  ( 30.95000000000000284, -0.001000000000000024307, -2.350000000000003197 ) ) ;
#6381 = VECTOR ( 'NONE', #7341, 1000.000000000000000 ) ;
#6382 = CARTESIAN_POINT ( 'NONE',  ( 31.68872575786367563, 0.2077789836488295183, -7.788811295319359118 ) ) ;
#6383 = EDGE_CURVE ( 'NONE', #6957, #7154, #6766, .T. ) ;
#6384 = ORIENTED_EDGE ( 'NONE', *, *, #9731, .F. ) ;
#6385 = CARTESIAN_POINT ( 'NONE',  ( -52.38357425900493780, 9.356441691692955587, 3.811901127391623234 ) ) ;
#6386 = CYLINDRICAL_SURFACE ( 'NONE', #1856, 0.3000000000000016542 ) ;
#6387 = CARTESIAN_POINT ( 'NONE',  ( -39.53506879479627401, 0.1999999999999996503, 8.349999999999997868 ) ) ;
#6388 = DIRECTION ( 'NONE',  ( 0.000000000000000000, 0.000000000000000000, -1.000000000000000000 ) ) ;
#6389 = DIRECTION ( 'NONE',  ( 1.000000000000000000, 0.000000000000000000, 0.000000000000000000 ) ) ;
#6390 = ADVANCED_FACE ( 'NONE', ( #784, #7358, #9602, #2376, #154, #9552, #8869 ), #2543, .T. ) ;
#6391 = CIRCLE ( 'NONE', #10423, 11.00296197722692959 ) ;
#6392 = CARTESIAN_POINT ( 'NONE',  ( 0.000000000000000000, 13.00000000000000178, 13.55000000000000249 ) ) ;
#6393 = ORIENTED_EDGE ( 'NONE', *, *, #4582, .T. ) ;
#6394 = EDGE_LOOP ( 'NONE', ( #1762, #3708, #1283, #1746 ) ) ;
#6395 = EDGE_CURVE ( 'NONE', #4528, #10204, #7249, .T. ) ;
#6396 = LINE ( 'NONE', #831, #3280 ) ;
#6397 = VECTOR ( 'NONE', #3265, 1000.000000000000000 ) ;
#6398 = FACE_OUTER_BOUND ( 'NONE', #4649, .T. ) ;
#6399 = ORIENTED_EDGE ( 'NONE', *, *, #3083, .T. ) ;
#6400 = DIRECTION ( 'NONE',  ( 0.8660254037844384856, 0.000000000000000000, -0.5000000000000002220 ) ) ;
#6401 = DIRECTION ( 'NONE',  ( 0.000000000000000000, 0.000000000000000000, 1.000000000000000000 ) ) ;
#6402 = ORIENTED_EDGE ( 'NONE', *, *, #9510, .T. ) ;
#6403 = DIRECTION ( 'NONE',  ( -0.000000000000000000, -1.000000000000000000, 0.000000000000000000 ) ) ;
#6404 = CARTESIAN_POINT ( 'NONE',  ( -35.24172192299145934, 0.2946731267839041712, -20.34067203111825251 ) ) ;
#6405 = VERTEX_POINT ( 'NONE', #5774 ) ;
#6406 = ORIENTED_EDGE ( 'NONE', *, *, #7459, .F. ) ;
#6407 = CARTESIAN_POINT ( 'NONE',  ( 43.25000000000000711, 8.000000000000000000, -1.984313483298447922 ) ) ;
#6408 = VECTOR ( 'NONE', #2983, 1000.000000000000000 ) ;
#6409 = ORIENTED_EDGE ( 'NONE', *, *, #7598, .T. ) ;
#6410 = VERTEX_POINT ( 'NONE', #3174 ) ;
#6411 = LINE ( 'NONE', #6526, #731 ) ;
#6412 = LINE ( 'NONE', #9672, #1074 ) ;
#6413 = CARTESIAN_POINT ( 'NONE',  ( -51.22917112000553885, 16.00000000000000000, -9.894693245086278566 ) ) ;
#6414 = EDGE_CURVE ( 'NONE', #17, #3129, #5659, .T. ) ;
#6415 = FACE_OUTER_BOUND ( 'NONE', #6372, .T. ) ;
#6416 = EDGE_LOOP ( 'NONE', ( #4013, #1986 ) ) ;
#6417 = CIRCLE ( 'NONE', #1842, 0.2888330770816419091 ) ;
#6418 = ORIENTED_EDGE ( 'NONE', *, *, #5060, .T. ) ;
#6419 = CARTESIAN_POINT ( 'NONE',  ( 23.55788180854701608, 0.2999999999999999889, 2.783866831501377703 ) ) ;
#6420 = CARTESIAN_POINT ( 'NONE',  ( 0.000000000000000000, 0.5000000000000000000, 0.000000000000000000 ) ) ;
#6422 = AXIS2_PLACEMENT_3D ( 'NONE', #205, #1797, #5034 ) ;
#6421 = CARTESIAN_POINT ( 'NONE',  ( 0.000000000000000000, 8.000000000000000000, -12.25000000000000000 ) ) ;
#6423 = VERTEX_POINT ( 'NONE', #8919 ) ;
#6424 = CARTESIAN_POINT ( 'NONE',  ( -52.20875532608990710, 9.445949955209059112, -3.880259791441899697 ) ) ;
#6425 = ADVANCED_FACE ( 'NONE', ( #4876 ), #6451, .F. ) ;
#6426 = ORIENTED_EDGE ( 'NONE', *, *, #1165, .T. ) ;
#6427 = DIRECTION ( 'NONE',  ( 0.000000000000000000, 0.000000000000000000, 1.000000000000000000 ) ) ;
#6428 = CARTESIAN_POINT ( 'NONE',  ( 35.83788868748260370, 0.02221052063481626995, -0.2059953629290371124 ) ) ;
#6429 = DIRECTION ( 'NONE',  ( 1.000000000000000000, 0.000000000000000000, 0.000000000000000000 ) ) ;
#6430 = EDGE_CURVE ( 'NONE', #432, #6328, #9656, .T. ) ;
#6431 = ORIENTED_EDGE ( 'NONE', *, *, #5927, .F. ) ;
#6432 = VECTOR ( 'NONE', #7426, 1000.000000000000000 ) ;
#6433 = ORIENTED_EDGE ( 'NONE', *, *, #2392, .F. ) ;
#6434 = DIRECTION ( 'NONE',  ( 0.000000000000000000, 1.000000000000000000, -0.000000000000000000 ) ) ;
#6435 = CARTESIAN_POINT ( 'NONE',  ( 7.094920150553321925, -0.001000000000000024307, 12.28876217640254964 ) ) ;
#6436 = ORIENTED_EDGE ( 'NONE', *, *, #898, .T. ) ;
#6437 = DIRECTION ( 'NONE',  ( 1.000000000000000000, 0.000000000000000000, 0.000000000000000000 ) ) ;
#6438 = EDGE_CURVE ( 'NONE', #1795, #3120, #5836, .T. ) ;
#6439 = CARTESIAN_POINT ( 'NONE',  ( -35.50000000000001421, 8.000000000000000000, 0.000000000000000000 ) ) ;
#6440 = LINE ( 'NONE', #8858, #1495 ) ;
#6441 = DIRECTION ( 'NONE',  ( 0.000000000000000000, 1.000000000000000000, -0.000000000000000000 ) ) ;
#6442 = DIRECTION ( 'NONE',  ( 0.000000000000000000, 0.000000000000000000, 1.000000000000000000 ) ) ;
#6443 = CARTESIAN_POINT ( 'NONE',  ( -47.19749843554385649, 16.00000000000000000, 13.25000000000000178 ) ) ;
#6444 = EDGE_CURVE ( 'NONE', #4823, #8875, #4927, .T. ) ;
#6445 = ORIENTED_EDGE ( 'NONE', *, *, #1710, .F. ) ;
#6446 = VERTEX_POINT ( 'NONE', #7406 ) ;
#6447 = ADVANCED_FACE ( 'NONE', ( #836 ), #6351, .T. ) ;
#6448 = LINE ( 'NONE', #6506, #1419 ) ;
#6449 = CARTESIAN_POINT ( 'NONE',  ( 2.099999999999991207, 14.50000000000000000, -13.35000000000019149 ) ) ;
#6450 = ORIENTED_EDGE ( 'NONE', *, *, #3021, .T. ) ;
#6451 = PLANE ( 'NONE',  #1596 ) ;
#6452 = LINE ( 'NONE', #7407, #6315 ) ;
#6453 = VECTOR ( 'NONE', #5877, 1000.000000000000000 ) ;
#6454 = ORIENTED_EDGE ( 'NONE', *, *, #5064, .T. ) ;
#6455 = CARTESIAN_POINT ( 'NONE',  ( -25.50000000000004263, 13.00000000000000178, -6.805453636524403956E-14 ) ) ;
#6456 = CARTESIAN_POINT ( 'NONE',  ( -50.20000000000000284, 0.000000000000000000, 6.749999999999971578 ) ) ;
#6457 = EDGE_CURVE ( 'NONE', #6118, #5834, #3281, .T. ) ;
#6458 = ORIENTED_EDGE ( 'NONE', *, *, #8395, .F. ) ;
#6459 = VERTEX_POINT ( 'NONE', #9715 ) ;
#6460 = VECTOR ( 'NONE', #145, 1000.000000000000000 ) ;
#6461 = DIRECTION ( 'NONE',  ( 0.000000000000000000, -1.000000000000000000, 0.000000000000000000 ) ) ;
#6462 = ORIENTED_EDGE ( 'NONE', *, *, #6830, .F. ) ;
#6463 = DIRECTION ( 'NONE',  ( 0.000000000000000000, -2.891205793294682764E-16, 1.000000000000000000 ) ) ;
#6464 = LINE ( 'NONE', #7261, #5304 ) ;
#6465 = LINE ( 'NONE', #7210, #7831 ) ;
#6466 = FACE_OUTER_BOUND ( 'NONE', #3869, .T. ) ;
#6467 = CARTESIAN_POINT ( 'NONE',  ( -53.20100000000002183, 11.35000000000000142, 1.700000000000000622 ) ) ;
#6468 = EDGE_CURVE ( 'NONE', #8780, #7874, #3333, .T. ) ;
#6469 = EDGE_LOOP ( 'NONE', ( #4775, #8243, #4963, #8921 ) ) ;
#6470 = AXIS2_PLACEMENT_3D ( 'NONE', #5271, #2885, #9218 ) ;
#6471 = CIRCLE ( 'NONE', #4615, 9.000000000000012434 ) ;
#6472 = AXIS2_PLACEMENT_3D ( 'NONE', #3730, #4745, #9470 ) ;
#6473 = VERTEX_POINT ( 'NONE', #8814 ) ;
#6474 = DIRECTION ( 'NONE',  ( 1.513940488125209161E-14, 0.000000000000000000, 1.000000000000000000 ) ) ;
#6475 = EDGE_CURVE ( 'NONE', #8106, #5051, #4644, .T. ) ;
#6476 = CARTESIAN_POINT ( 'NONE',  ( 25.85635347795576777, 0.2531612188914907358, -4.424792786874576223 ) ) ;
#6477 = DIRECTION ( 'NONE',  ( 0.000000000000000000, 0.000000000000000000, 1.000000000000000000 ) ) ;
#6478 = VERTEX_POINT ( 'NONE', #5556 ) ;
#6479 = CARTESIAN_POINT ( 'NONE',  ( -52.26145520592809390, 8.507590946319718128, -4.225057692675156851 ) ) ;
#6480 = DIRECTION ( 'NONE',  ( 0.000000000000000000, 0.000000000000000000, 1.000000000000000000 ) ) ;
#6481 = VECTOR ( 'NONE', #1972, 1000.000000000000000 ) ;
#6482 = CARTESIAN_POINT ( 'NONE',  ( -20.00000000000001066, 14.59999999999999964, -11.75000000000000355 ) ) ;
#6483 = CARTESIAN_POINT ( 'NONE',  ( -30.14000000000000412, 0.5000000000000004441, -3.064999999999999947 ) ) ;
#6484 = ORIENTED_EDGE ( 'NONE', *, *, #4103, .T. ) ;
#6485 = EDGE_LOOP ( 'NONE', ( #9035, #5938, #4372, #691, #7873, #2151, #4855, #5656, #4026, #3272, #4491, #5053, #9522, #737 ) ) ;
#6486 = AXIS2_PLACEMENT_3D ( 'NONE', #4350, #7768, #9237 ) ;
#6487 = CARTESIAN_POINT ( 'NONE',  ( -50.25000000000000711, 16.00000000000000000, 0.000000000000000000 ) ) ;
#6488 = TOROIDAL_SURFACE ( 'NONE', #4467, 1.600000000000000755, 0.2999999999999999889 ) ;
#6489 = VECTOR ( 'NONE', #4808, 1000.000000000000000 ) ;
#6490 = CARTESIAN_POINT ( 'NONE',  ( 0.000000000000000000, 4.899999999999999467, -8.849999999999997868 ) ) ;
#6491 = ORIENTED_EDGE ( 'NONE', *, *, #4339, .F. ) ;
#6492 = CARTESIAN_POINT ( 'NONE',  ( 36.89914703891414405, 0.5000000000000000000, -7.249999999999998224 ) ) ;
#6493 = CARTESIAN_POINT ( 'NONE',  ( 2.099999999999991207, 13.00000000000000178, 12.35000000000019149 ) ) ;
#6494 = CARTESIAN_POINT ( 'NONE',  ( 0.000000000000000000, 8.000000000000000000, -12.25000000000000000 ) ) ;
#6495 = ADVANCED_FACE ( 'NONE', ( #1526 ), #3967, .F. ) ;
#6496 = FACE_OUTER_BOUND ( 'NONE', #5926, .T. ) ;
#6497 = CIRCLE ( 'NONE', #3963, 0.8500000000000000888 ) ;
#6498 = CARTESIAN_POINT ( 'NONE',  ( -47.50000000000000711, 14.50000000000000000, -9.500000000000001776 ) ) ;
#6499 = LINE ( 'NONE', #8910, #3929 ) ;
#6501 = VERTEX_POINT ( 'NONE', #5922 ) ;
#6500 = ADVANCED_FACE ( 'NONE', ( #10021 ), #356, .T. ) ;
#6502 = ORIENTED_EDGE ( 'NONE', *, *, #3758, .T. ) ;
#6503 = DIRECTION ( 'NONE',  ( 1.000000000000000000, -0.000000000000000000, -0.000000000000000000 ) ) ;
#6504 = TOROIDAL_SURFACE ( 'NONE', #7353, 1.500000000000000888, 0.2000000000000000111 ) ;
#6505 = VECTOR ( 'NONE', #5278, 1000.000000000000000 ) ;
#6506 = CARTESIAN_POINT ( 'NONE',  ( 45.25000000000000711, 6.000000000000000000, 8.250000000000003553 ) ) ;
#6507 = CARTESIAN_POINT ( 'NONE',  ( -30.13733985612995525, 5.995981988622158809, -2.765000000000000124 ) ) ;
#6508 = EDGE_CURVE ( 'NONE', #2129, #7449, #9227, .T. ) ;
#6509 = ORIENTED_EDGE ( 'NONE', *, *, #9785, .F. ) ;
#6510 = CARTESIAN_POINT ( 'NONE',  ( -29.83999999999999986, 0.5000000000000004441, 9.349999999999997868 ) ) ;
#6511 = LINE ( 'NONE', #4183, #3712 ) ;
#6512 = ORIENTED_EDGE ( 'NONE', *, *, #232, .F. ) ;
#6513 = FACE_OUTER_BOUND ( 'NONE', #1277, .T. ) ;
#6514 = FACE_OUTER_BOUND ( 'NONE', #7664, .T. ) ;
#6515 = CIRCLE ( 'NONE', #9007, 0.2888330770816419091 ) ;
#6516 = EDGE_LOOP ( 'NONE', ( #8426, #9004, #2302, #9432, #6399, #8017, #9774, #5625, #2454, #1411, #4193, #3985, #2625 ) ) ;
#6517 = EDGE_CURVE ( 'NONE', #3073, #277, #6664, .T. ) ;
#6518 = VECTOR ( 'NONE', #7054, 1000.000000000000000 ) ;
#6519 = EDGE_CURVE ( 'NONE', #686, #4184, #9868, .T. ) ;
#6520 = ORIENTED_EDGE ( 'NONE', *, *, #3074, .F. ) ;
#6521 = CARTESIAN_POINT ( 'NONE',  ( -34.31252571724582623, 0.2000000000000003164, 3.615000000000000213 ) ) ;
#6522 = ADVANCED_FACE ( 'NONE', ( #8241 ), #3584, .T. ) ;
#6523 = ORIENTED_EDGE ( 'NONE', *, *, #1809, .T. ) ;
#6524 = CIRCLE ( 'NONE', #1954, 2.750000000000000888 ) ;
#6525 = LINE ( 'NONE', #3449, #334 ) ;
#6526 = CARTESIAN_POINT ( 'NONE',  ( 0.000000000000000000, 13.00000000000000178, -13.55000000000000249 ) ) ;
#6527 = DIRECTION ( 'NONE',  ( 0.000000000000000000, 1.000000000000000000, -0.000000000000000000 ) ) ;
#6528 = DIRECTION ( 'NONE',  ( 0.000000000000000000, 0.000000000000000000, 1.000000000000000000 ) ) ;
#6529 = CARTESIAN_POINT ( 'NONE',  ( -20.00000000000001066, 14.60000000000000320, 14.75000000000000355 ) ) ;
#6530 = ORIENTED_EDGE ( 'NONE', *, *, #6634, .T. ) ;
#6531 = ORIENTED_EDGE ( 'NONE', *, *, #2810, .T. ) ;
#6532 = LINE ( 'NONE', #1702, #2722 ) ;
#6533 = CARTESIAN_POINT ( 'NONE',  ( -39.53506879479627401, 0.1999999999999987899, -2.765000000000000124 ) ) ;
#6534 = ADVANCED_FACE ( 'NONE', ( #4439 ), #4341, .T. ) ;
#6535 = DIRECTION ( 'NONE',  ( -4.625929269271485322E-15, -1.000000000000000000, 0.000000000000000000 ) ) ;
#6536 = ORIENTED_EDGE ( 'NONE', *, *, #3947, .F. ) ;
#6537 = DIRECTION ( 'NONE',  ( -0.000000000000000000, -1.000000000000000000, -0.000000000000000000 ) ) ;
#6538 = DIRECTION ( 'NONE',  ( 0.000000000000000000, 1.000000000000000000, 0.000000000000000000 ) ) ;
#6539 = ADVANCED_FACE ( 'NONE', ( #1202 ), #8347, .T. ) ;
#6540 = DIRECTION ( 'NONE',  ( -0.000000000000000000, -1.000000000000000000, -0.000000000000000000 ) ) ;
#6541 = CARTESIAN_POINT ( 'NONE',  ( -45.19999999999999574, 16.00000000000000000, 6.750000000000006217 ) ) ;
#6542 = ORIENTED_EDGE ( 'NONE', *, *, #6953, .T. ) ;
#6543 = DIRECTION ( 'NONE',  ( -0.000000000000000000, -0.000000000000000000, 1.000000000000000000 ) ) ;
#6544 = DIRECTION ( 'NONE',  ( -0.8660254037844381525, 0.000000000000000000, 0.5000000000000009992 ) ) ;
#6545 = CARTESIAN_POINT ( 'NONE',  ( -52.00633014137976318, 8.400000000003295497, -4.350000000000000533 ) ) ;
#6546 = EDGE_LOOP ( 'NONE', ( #5322, #2343, #9829, #9089, #6805, #1040, #9707, #2103 ) ) ;
#6547 = CARTESIAN_POINT ( 'NONE',  ( -52.33704905526285955, 8.507810674690052366, 4.224999999999952571 ) ) ;
#6548 = CARTESIAN_POINT ( 'NONE',  ( 30.49999999999998224, 0.2999999999999999889, -0.000000000000000000 ) ) ;
#6549 = DIRECTION ( 'NONE',  ( 0.000000000000000000, 0.000000000000000000, 1.000000000000000000 ) ) ;
#6550 = PLANE ( 'NONE',  #1576 ) ;
#6551 = DIRECTION ( 'NONE',  ( -1.561251128379125123E-14, 0.000000000000000000, 1.000000000000000000 ) ) ;
#6552 = CARTESIAN_POINT ( 'NONE',  ( -30.14000000000000057, 0.5000000000000004441, 3.064999999999999947 ) ) ;
#6553 = CARTESIAN_POINT ( 'NONE',  ( 0.000000000000000000, 14.50000000000000000, 0.000000000000000000 ) ) ;
#6554 = ORIENTED_EDGE ( 'NONE', *, *, #9694, .F. ) ;
#6555 = VERTEX_POINT ( 'NONE', #1048 ) ;
#6556 = CARTESIAN_POINT ( 'NONE',  ( -52.00000000000002132, 17.00000000000000000, 6.749999999999946709 ) ) ;
#6557 = DIRECTION ( 'NONE',  ( 0.000000000000000000, 0.000000000000000000, -1.000000000000000000 ) ) ;
#6558 = LINE ( 'NONE', #4981, #6062 ) ;
#6559 = EDGE_LOOP ( 'NONE', ( #8689, #1208, #2663, #6631 ) ) ;
#6560 = CARTESIAN_POINT ( 'NONE',  ( 7.094920150553281069, 0.2999999999999999889, 12.28876217640250346 ) ) ;
#6561 = DIRECTION ( 'NONE',  ( -0.000000000000000000, -1.000000000000000000, 0.000000000000000000 ) ) ;
#6562 = EDGE_LOOP ( 'NONE', ( #9733, #5091, #5162, #8139 ) ) ;
#6563 = DIRECTION ( 'NONE',  ( 0.000000000000000000, 0.000000000000000000, 1.000000000000000000 ) ) ;
#6564 = VERTEX_POINT ( 'NONE', #995 ) ;
#6565 = VERTEX_POINT ( 'NONE', #2800 ) ;
#6566 = EDGE_CURVE ( 'NONE', #2472, #6818, #7180, .T. ) ;
#6567 = VECTOR ( 'NONE', #10343, 1000.000000000000000 ) ;
#6568 = DIRECTION ( 'NONE',  ( -0.000000000000000000, -1.000000000000000000, -0.000000000000000000 ) ) ;
#6569 = EDGE_CURVE ( 'NONE', #5169, #4065, #7656, .T. ) ;
#6570 = ORIENTED_EDGE ( 'NONE', *, *, #5105, .F. ) ;
#6571 = EDGE_CURVE ( 'NONE', #6617, #10415, #6995, .T. ) ;
#6572 = CARTESIAN_POINT ( 'NONE',  ( 41.25000000000000000, 8.000000000000000000, -7.250000000000000888 ) ) ;
#6573 = CARTESIAN_POINT ( 'NONE',  ( -29.83999999999999986, 0.5000000000000004441, 10.24999999999999822 ) ) ;
#6574 = CIRCLE ( 'NONE', #4545, 0.2888330770816419091 ) ;
#6575 = PLANE ( 'NONE',  #5295 ) ;
#6576 = ORIENTED_EDGE ( 'NONE', *, *, #259, .F. ) ;
#6577 = EDGE_CURVE ( 'NONE', #1860, #9422, #7455, .T. ) ;
#6578 = ORIENTED_EDGE ( 'NONE', *, *, #8521, .T. ) ;
#6579 = DIRECTION ( 'NONE',  ( 0.4999999999999978906, 0.000000000000000000, -0.8660254037844398178 ) ) ;
#6580 = CARTESIAN_POINT ( 'NONE',  ( 9.519658948938198861, 6.500000000000000888, 0.000000000000000000 ) ) ;
#6581 = VERTEX_POINT ( 'NONE', #5875 ) ;
#6582 = CARTESIAN_POINT ( 'NONE',  ( -34.32300333360993250, 0.1748349968067927918, -3.615000000000000213 ) ) ;
#6583 = EDGE_CURVE ( 'NONE', #29, #7117, #9915, .T. ) ;
#6584 = DIRECTION ( 'NONE',  ( 1.000000000000000000, -0.000000000000000000, -0.000000000000000000 ) ) ;
#6585 = CIRCLE ( 'NONE', #2012, 0.8500000000000000888 ) ;
#6586 = DIRECTION ( 'NONE',  ( 1.000000000000000000, -0.000000000000000000, 0.000000000000000000 ) ) ;
#6587 = CIRCLE ( 'NONE', #3541, 0.7999999999999990452 ) ;
#6588 = DIRECTION ( 'NONE',  ( -0.000000000000000000, -0.000000000000000000, 1.000000000000000000 ) ) ;
#6589 = CARTESIAN_POINT ( 'NONE',  ( -20.00000000000000711, 13.00000000000000178, -13.55000000000000249 ) ) ;
#6590 = EDGE_CURVE ( 'NONE', #2009, #10318, #6497, .T. ) ;
#6591 = VERTEX_POINT ( 'NONE', #5033 ) ;
#6592 = VECTOR ( 'NONE', #9766, 1000.000000000000000 ) ;
#6593 = DIRECTION ( 'NONE',  ( 5.139921410301693197E-16, 0.000000000000000000, 1.000000000000000000 ) ) ;
#6594 = VECTOR ( 'NONE', #8838, 1000.000000000000000 ) ;
#6595 = CARTESIAN_POINT ( 'NONE',  ( 50.24999999999999289, 9.850000000000003197, -2.500000000000000888 ) ) ;
#6596 = CARTESIAN_POINT ( 'NONE',  ( 38.34211819145301092, 0.2999999999999999889, 2.783866831501332406 ) ) ;
#6597 = ORIENTED_EDGE ( 'NONE', *, *, #6342, .F. ) ;
#6598 = CARTESIAN_POINT ( 'NONE',  ( 30.50000000000002842, 0.000000000000000000, 2.830492254602823721 ) ) ;
#6599 = DIRECTION ( 'NONE',  ( 1.000000000000000000, -0.000000000000000000, 0.000000000000000000 ) ) ;
#6600 = CIRCLE ( 'NONE', #846, 0.5999999999999998668 ) ;
#6601 = DIRECTION ( 'NONE',  ( 0.000000000000000000, 0.000000000000000000, 1.000000000000000000 ) ) ;
#6602 = LINE ( 'NONE', #9804, #5284 ) ;
#6603 = EDGE_LOOP ( 'NONE', ( #1525, #4784, #8600, #4776 ) ) ;
#6604 = EDGE_CURVE ( 'NONE', #5994, #4136, #7508, .T. ) ;
#6605 = VERTEX_POINT ( 'NONE', #7560 ) ;
#6606 = DIRECTION ( 'NONE',  ( -0.000000000000000000, 1.000000000000000000, -0.000000000000000000 ) ) ;
#6607 = CARTESIAN_POINT ( 'NONE',  ( -52.11888654234731888, 9.350276794842764971, 4.114386614189534441 ) ) ;
#6608 = DIRECTION ( 'NONE',  ( 0.000000000000000000, 0.000000000000000000, 1.000000000000000000 ) ) ;
#6609 = EDGE_CURVE ( 'NONE', #8490, #6679, #9853, .T. ) ;
#6610 = CARTESIAN_POINT ( 'NONE',  ( 47.49999999999994316, 3.000000000000000000, 14.75000000000000000 ) ) ;
#6611 = VERTEX_POINT ( 'NONE', #1154 ) ;
#6612 = DIRECTION ( 'NONE',  ( -0.000000000000000000, 1.000000000000000000, 0.000000000000000000 ) ) ;
#6613 = DIRECTION ( 'NONE',  ( -5.337610695313248229E-15, 0.000000000000000000, 1.000000000000000000 ) ) ;
#6614 = ORIENTED_EDGE ( 'NONE', *, *, #9059, .F. ) ;
#6615 = LINE ( 'NONE', #2599, #9132 ) ;
#6616 = EDGE_LOOP ( 'NONE', ( #7900, #7626, #379, #704, #7082 ) ) ;
#6617 = VERTEX_POINT ( 'NONE', #5190 ) ;
#6618 = LINE ( 'NONE', #8825, #241 ) ;
#6619 = ORIENTED_EDGE ( 'NONE', *, *, #3476, .F. ) ;
#6620 = DIRECTION ( 'NONE',  ( 0.000000000000000000, 1.000000000000000000, -0.000000000000000000 ) ) ;
#6621 = DIRECTION ( 'NONE',  ( 1.000000000000000000, 0.000000000000000000, 0.000000000000000000 ) ) ;
#6622 = DIRECTION ( 'NONE',  ( -0.000000000000000000, 1.000000000000000000, -0.000000000000000000 ) ) ;
#6623 = ADVANCED_FACE ( 'NONE', ( #8396 ), #7533, .T. ) ;
#6624 = CARTESIAN_POINT ( 'NONE',  ( 51.95000000000000284, 11.00000000000000178, 0.000000000000000000 ) ) ;
#6625 = ORIENTED_EDGE ( 'NONE', *, *, #8048, .T. ) ;
#6626 = VECTOR ( 'NONE', #2251, 1000.000000000000000 ) ;
#6627 = B_SPLINE_CURVE_WITH_KNOTS ( 'NONE', 3,
 ( #1499, #2401, #5530, #5632 ),
 .UNSPECIFIED., .F., .F.,
 ( 4, 4 ),
 ( 0.000000000000000000, 7.870128501809136044E-06 ),
 .UNSPECIFIED. ) ;
#6628 = VERTEX_POINT ( 'NONE', #4153 ) ;
#6629 = CARTESIAN_POINT ( 'NONE',  ( 20.65000000000000213, 4.899999999999999467, -8.849999999999997868 ) ) ;
#6630 = CARTESIAN_POINT ( 'NONE',  ( 30.24903847450274696, 0.1300423822510688721, 3.055729192126849458 ) ) ;
#6631 = ORIENTED_EDGE ( 'NONE', *, *, #3993, .T. ) ;
#6632 = CARTESIAN_POINT ( 'NONE',  ( -52.28382328137050195, 9.619787542371820876, -3.432738694139580549 ) ) ;
#6633 = CARTESIAN_POINT ( 'NONE',  ( -52.20476272510933313, 8.287086545674952731, -4.275096801038974270 ) ) ;
#6634 = EDGE_CURVE ( 'NONE', #6196, #3508, #912, .T. ) ;
#6635 = PLANE ( 'NONE',  #2177 ) ;
#6636 = CARTESIAN_POINT ( 'NONE',  ( -52.20423501068191996, 7.957049601210560930, 4.212724285319896289 ) ) ;
#6637 = VECTOR ( 'NONE', #921, 1000.000000000000000 ) ;
#6638 = EDGE_CURVE ( 'NONE', #4446, #4974, #9094, .T. ) ;
#6639 = AXIS2_PLACEMENT_3D ( 'NONE', #8945, #3846, #6389 ) ;
#6640 = VERTEX_POINT ( 'NONE', #8105 ) ;
#6641 = CARTESIAN_POINT ( 'NONE',  ( -51.95000000000000995, 9.716960195022345204, -3.819531250000052669 ) ) ;
#6642 = AXIS2_PLACEMENT_3D ( 'NONE', #5851, #3465, #8999 ) ;
#6643 = FACE_OUTER_BOUND ( 'NONE', #2995, .T. ) ;
#6644 = CARTESIAN_POINT ( 'NONE',  ( 22.81827201635470459, 4.899999999999999467, -10.08172798364529754 ) ) ;
#6645 = ORIENTED_EDGE ( 'NONE', *, *, #6104, .F. ) ;
#6646 = CARTESIAN_POINT ( 'NONE',  ( 30.27889104939041687, 0.09378038618371772883, 6.704106061119894377 ) ) ;
#6647 = VECTOR ( 'NONE', #169, 999.9999999999998863 ) ;
#6648 = CARTESIAN_POINT ( 'NONE',  ( 35.29364652204419883, 0.2999999999999999889, -5.723830892551260874 ) ) ;
#6649 = EDGE_CURVE ( 'NONE', #2818, #6423, #6731, .T. ) ;
#6650 = B_SPLINE_CURVE_WITH_KNOTS ( 'NONE', 3,
 ( #4913, #718, #5542, #874, #3211, #8800, #3159, #3953 ),
 .UNSPECIFIED., .F., .F.,
 ( 4, 2, 2, 4 ),
 ( -3.466145320678416020E-06, 0.0002882777914486017831, 0.0004341497598332416208, 0.0005800217282178815126 ),
 .UNSPECIFIED. ) ;
#6651 = DIRECTION ( 'NONE',  ( 0.000000000000000000, 1.000000000000000000, -0.000000000000000000 ) ) ;
#6652 = CIRCLE ( 'NONE', #9167, 5.249999999999998224 ) ;
#6653 = DIRECTION ( 'NONE',  ( -0.000000000000000000, -0.000000000000000000, 1.000000000000000000 ) ) ;
#6654 = ORIENTED_EDGE ( 'NONE', *, *, #4076, .F. ) ;
#6655 = AXIS2_PLACEMENT_3D ( 'NONE', #4027, #3294, #6621 ) ;
#6656 = ORIENTED_EDGE ( 'NONE', *, *, #2982, .T. ) ;
#6657 = DIRECTION ( 'NONE',  ( -0.000000000000000000, -1.000000000000000000, -0.000000000000000000 ) ) ;
#6658 = CARTESIAN_POINT ( 'NONE',  ( -52.11623319514296071, 7.790997364083371401, 4.253749210878405407 ) ) ;
#6659 = LINE ( 'NONE', #9864, #8562 ) ;
#6660 = CARTESIAN_POINT ( 'NONE',  ( -35.06554871542299878, 0.2000000000000000944, -20.34067203111825251 ) ) ;
#6661 = EDGE_CURVE ( 'NONE', #5361, #4121, #3510, .T. ) ;
#6662 = ORIENTED_EDGE ( 'NONE', *, *, #2702, .F. ) ;
#6663 = VECTOR ( 'NONE', #6135, 1000.000000000000000 ) ;
#6664 = LINE ( 'NONE', #1893, #9685 ) ;
#6665 = CARTESIAN_POINT ( 'NONE',  ( -2.000000000000008882, 13.00000000000000178, 13.85000000000018971 ) ) ;
#6666 = DIRECTION ( 'NONE',  ( 0.000000000000000000, 0.000000000000000000, 1.000000000000000000 ) ) ;
#6667 = VERTEX_POINT ( 'NONE', #7379 ) ;
#6668 = ADVANCED_FACE ( 'NONE', ( #967 ), #3799, .T. ) ;
#6669 = ORIENTED_EDGE ( 'NONE', *, *, #3098, .F. ) ;
#6670 = VECTOR ( 'NONE', #8010, 1000.000000000000000 ) ;
#6671 = LINE ( 'NONE', #4708, #6663 ) ;
#6672 = ORIENTED_EDGE ( 'NONE', *, *, #4400, .T. ) ;
#6673 = CARTESIAN_POINT ( 'NONE',  ( 39.09211819145301092, 0.2999999999999999889, 1.484828725824668183 ) ) ;
#6674 = CARTESIAN_POINT ( 'NONE',  ( -31.11939691791956974, 0.5000000000000004441, -20.34067203111825251 ) ) ;
#6675 = DIRECTION ( 'NONE',  ( -0.000000000000000000, 1.000000000000000000, -0.000000000000000000 ) ) ;
#6676 = VECTOR ( 'NONE', #3813, 1000.000000000000000 ) ;
#6677 = CIRCLE ( 'NONE', #255, 0.5999999999999998668 ) ;
#6678 = CARTESIAN_POINT ( 'NONE',  ( 2.009170479469691184, 13.00000000000000178, -14.75000000000000178 ) ) ;
#6679 = VERTEX_POINT ( 'NONE', #2718 ) ;
#6680 = ORIENTED_EDGE ( 'NONE', *, *, #7815, .F. ) ;
#6681 = VERTEX_POINT ( 'NONE', #5738 ) ;
#6682 = ADVANCED_FACE ( 'NONE', ( #176 ), #7010, .T. ) ;
#6683 = LINE ( 'NONE', #9682, #9112 ) ;
#6684 = VECTOR ( 'NONE', #10095, 1000.000000000000000 ) ;
#6685 = CARTESIAN_POINT ( 'NONE',  ( -34.44357915404025761, 9.688689720165385246E-17, 2.880231426856664889 ) ) ;
#6686 = ORIENTED_EDGE ( 'NONE', *, *, #6233, .F. ) ;
#6687 = CARTESIAN_POINT ( 'NONE',  ( -52.27797353565416927, 9.685554008425913963, -3.207069356143527283 ) ) ;
#6688 = DIRECTION ( 'NONE',  ( 0.6427876096865379196, 0.000000000000000000, -0.7660444431189792347 ) ) ;
#6689 = LINE ( 'NONE', #3565, #7594 ) ;
#6690 = FACE_OUTER_BOUND ( 'NONE', #5366, .T. ) ;
#6691 = ORIENTED_EDGE ( 'NONE', *, *, #5598, .F. ) ;
#6692 = EDGE_CURVE ( 'NONE', #4921, #3610, #956, .T. ) ;
#6693 = DIRECTION ( 'NONE',  ( 0.000000000000000000, 1.000000000000000000, -0.000000000000000000 ) ) ;
#6694 = CARTESIAN_POINT ( 'NONE',  ( -51.98551494665066741, 8.996823414810817710, -4.257857196839966107 ) ) ;
#6695 = CARTESIAN_POINT ( 'NONE',  ( 47.49999999999999289, 3.000000000000000000, 9.500000000000001776 ) ) ;
#6696 = ORIENTED_EDGE ( 'NONE', *, *, #1299, .F. ) ;
#6697 = CARTESIAN_POINT ( 'NONE',  ( 52.75100000000002609, 8.400000000000000355, 2.924999999999982947 ) ) ;
#6698 = DIRECTION ( 'NONE',  ( 0.000000000000000000, 0.000000000000000000, 1.000000000000000000 ) ) ;
#6699 = EDGE_CURVE ( 'NONE', #7832, #9405, #129, .T. ) ;
#6700 = ADVANCED_FACE ( 'NONE', ( #5108, #4254 ), #5946, .T. ) ;
#6701 = PLANE ( 'NONE',  #1764 ) ;
#6702 = DIRECTION ( 'NONE',  ( 1.000000000000000000, -0.000000000000000000, -0.000000000000000000 ) ) ;
#6703 = ORIENTED_EDGE ( 'NONE', *, *, #7309, .F. ) ;
#6704 = ORIENTED_EDGE ( 'NONE', *, *, #4709, .T. ) ;
#6705 = EDGE_CURVE ( 'NONE', #3045, #10110, #7427, .T. ) ;
#6706 = CARTESIAN_POINT ( 'NONE',  ( 41.25000000000000711, 6.000000000000000000, 8.250000000000001776 ) ) ;
#6707 = DIRECTION ( 'NONE',  ( -1.000000000000000000, 0.000000000000000000, 0.000000000000000000 ) ) ;
#6708 = LINE ( 'NONE', #9121, #8751 ) ;
#6709 = ORIENTED_EDGE ( 'NONE', *, *, #10377, .F. ) ;
#6710 = DIRECTION ( 'NONE',  ( 1.000000000000000000, 0.000000000000000000, 0.000000000000000000 ) ) ;
#6711 = DIRECTION ( 'NONE',  ( -1.000000000000000000, 0.000000000000000000, 3.154042683594192162E-16 ) ) ;
#6712 = DIRECTION ( 'NONE',  ( 0.000000000000000000, -1.000000000000000000, 0.000000000000000000 ) ) ;
#6713 = VERTEX_POINT ( 'NONE', #7477 ) ;
#6714 = B_SPLINE_CURVE_WITH_KNOTS ( 'NONE', 3,
 ( #10449, #6507, #2539, #3224 ),
 .UNSPECIFIED., .F., .F.,
 ( 4, 4 ),
 ( 0.000000000000000000, 7.870128501809136044E-06 ),
 .UNSPECIFIED. ) ;
#6715 = ORIENTED_EDGE ( 'NONE', *, *, #8826, .T. ) ;
#6716 = EDGE_CURVE ( 'NONE', #2025, #2022, #2457, .T. ) ;
#6717 = CARTESIAN_POINT ( 'NONE',  ( 35.21143789659458179, 0.000000000000000000, 0.6299575590043866580 ) ) ;
#6718 = EDGE_LOOP ( 'NONE', ( #7844, #5428, #1206, #6005 ) ) ;
#6719 = DIRECTION ( 'NONE',  ( -1.000000000000000000, 0.000000000000000000, 0.000000000000000000 ) ) ;
#6720 = EDGE_CURVE ( 'NONE', #4537, #8295, #9835, .T. ) ;
#6721 = CARTESIAN_POINT ( 'NONE',  ( -52.41872069990385796, 7.252393641680304093, 3.546286172565119355 ) ) ;
#6722 = FACE_OUTER_BOUND ( 'NONE', #1041, .T. ) ;
#6723 = CARTESIAN_POINT ( 'NONE',  ( -29.84000000000000696, 6.123958770389152484, -2.892940729108319342 ) ) ;
#6724 = LINE ( 'NONE', #8208, #8159 ) ;
#6725 = ORIENTED_EDGE ( 'NONE', *, *, #9363, .T. ) ;
#6726 = DIRECTION ( 'NONE',  ( 0.000000000000000000, 0.000000000000000000, 1.000000000000000000 ) ) ;
#6727 = VECTOR ( 'NONE', #6537, 1000.000000000000000 ) ;
#6728 = VERTEX_POINT ( 'NONE', #8939 ) ;
#6729 = ORIENTED_EDGE ( 'NONE', *, *, #6877, .F. ) ;
#6730 = FACE_OUTER_BOUND ( 'NONE', #7088, .T. ) ;
#6731 = LINE ( 'NONE', #1765, #2098 ) ;
#6732 = VERTEX_POINT ( 'NONE', #2616 ) ;
#6733 = ORIENTED_EDGE ( 'NONE', *, *, #9779, .F. ) ;
#6734 = DIRECTION ( 'NONE',  ( -4.231032868236115418E-16, 0.000000000000000000, -1.000000000000000000 ) ) ;
#6735 = ADVANCED_FACE ( 'NONE', ( #1815 ), #5056, .T. ) ;
#6736 = AXIS2_PLACEMENT_3D ( 'NONE', #2845, #6073, #4227 ) ;
#6737 = CARTESIAN_POINT ( 'NONE',  ( 2.009170479469691184, 14.50000000000000000, 14.75000000000000178 ) ) ;
#6738 = DIRECTION ( 'NONE',  ( -0.000000000000000000, 1.000000000000000000, -0.000000000000000000 ) ) ;
#6739 = CARTESIAN_POINT ( 'NONE',  ( -52.26328285338891533, 8.926742530112646179, 4.118260431646325159 ) ) ;
#6740 = VECTOR ( 'NONE', #6800, 1000.000000000000114 ) ;
#6741 = ORIENTED_EDGE ( 'NONE', *, *, #7413, .F. ) ;
#6742 = CARTESIAN_POINT ( 'NONE',  ( 47.49999999999997868, 0.000000000000000000, -11.75000000000000178 ) ) ;
#6743 = CARTESIAN_POINT ( 'NONE',  ( 0.000000000000000000, 17.00000000000000000, -13.55000000000000249 ) ) ;
#6744 = CARTESIAN_POINT ( 'NONE',  ( -2.000000000000008882, 13.00000000000000178, -12.35000000000019149 ) ) ;
#6745 = ORIENTED_EDGE ( 'NONE', *, *, #41, .T. ) ;
#6746 = DIRECTION ( 'NONE',  ( -0.000000000000000000, -1.000000000000000000, -0.000000000000000000 ) ) ;
#6747 = AXIS2_PLACEMENT_3D ( 'NONE', #534, #9357, #6884 ) ;
#6748 = CARTESIAN_POINT ( 'NONE',  ( 45.25000000000000711, 7.000000000000000000, -0.9682458365518327170 ) ) ;
#6749 = APPLICATION_PROTOCOL_DEFINITION ( 'draft international standard', 'automotive_design', 1998, #1302 ) ;
#6750 = EDGE_CURVE ( 'NONE', #203, #10133, #7777, .T. ) ;
#6751 = LINE ( 'NONE', #8482, #3138 ) ;
#6752 = CARTESIAN_POINT ( 'NONE',  ( 43.25000000000000711, 6.000000000000000000, -4.074573519457105775 ) ) ;
#6753 = ORIENTED_EDGE ( 'NONE', *, *, #6281, .T. ) ;
#6754 = TOROIDAL_SURFACE ( 'NONE', #8436, 9.300000000000013145, 0.2999999999999999889 ) ;
#6755 = VERTEX_POINT ( 'NONE', #6096 ) ;
#6756 = EDGE_CURVE ( 'NONE', #7800, #7361, #6880, .T. ) ;
#6757 = DIRECTION ( 'NONE',  ( -1.000000000000000000, 0.000000000000000000, 0.000000000000000000 ) ) ;
#6758 = PLANE ( 'NONE',  #8763 ) ;
#6759 = DIRECTION ( 'NONE',  ( 0.000000000000000000, 1.000000000000000000, 0.000000000000000000 ) ) ;
#6760 = CARTESIAN_POINT ( 'NONE',  ( -31.27472780755320869, 0.2000000000000000111, 8.349999999999996092 ) ) ;
#6761 = AXIS2_PLACEMENT_3D ( 'NONE', #36, #3264, #4112 ) ;
#6762 = DIRECTION ( 'NONE',  ( 0.000000000000000000, 0.000000000000000000, 1.000000000000000000 ) ) ;
#6763 = CIRCLE ( 'NONE', #1692, 0.3706384263718887073 ) ;
#6764 = CARTESIAN_POINT ( 'NONE',  ( -52.40568058483292901, 7.315219914338494611, -3.641416195903034225 ) ) ;
#6765 = ADVANCED_FACE ( 'NONE', ( #7579 ), #430, .T. ) ;
#6766 =( BOUNDED_CURVE ( )  B_SPLINE_CURVE ( 3, ( #4821, #8134, #2485, #8971 ),
 .UNSPECIFIED., .F., .F. ) 
 B_SPLINE_CURVE_WITH_KNOTS ( ( 4, 4 ),
 ( 1.570796326794896558, 3.141592653589792228 ),
 .UNSPECIFIED. ) 
 CURVE ( )  GEOMETRIC_REPRESENTATION_ITEM ( )  RATIONAL_B_SPLINE_CURVE ( ( 1.000000000000000000, 0.8047378541243652705, 0.8047378541243652705, 1.000000000000000000 ) ) 
 REPRESENTATION_ITEM ( '' )  );
#6767 = CARTESIAN_POINT ( 'NONE',  ( 31.40000000000001279, 0.2999999999999999889, -6.189682374118379699E-14 ) ) ;
#6768 = ORIENTED_EDGE ( 'NONE', *, *, #941, .F. ) ;
#6769 = EDGE_LOOP ( 'NONE', ( #7616, #7254, #2479, #2694 ) ) ;
#6770 = ADVANCED_FACE ( 'NONE', ( #1332 ), #10137, .T. ) ;
#6771 = VECTOR ( 'NONE', #1020, 1000.000000000000000 ) ;
#6772 = FACE_OUTER_BOUND ( 'NONE', #7573, .T. ) ;
#6773 = ORIENTED_EDGE ( 'NONE', *, *, #1862, .T. ) ;
#6774 = PLANE ( 'NONE',  #6321 ) ;
#6775 = DIRECTION ( 'NONE',  ( -0.000000000000000000, 1.000000000000000000, -0.000000000000000000 ) ) ;
#6776 = ADVANCED_FACE ( 'NONE', ( #2769 ), #5997, .T. ) ;
#6777 = DIRECTION ( 'NONE',  ( -0.000000000000000000, 1.000000000000000000, -0.000000000000000000 ) ) ;
#6778 = ORIENTED_EDGE ( 'NONE', *, *, #1093, .F. ) ;
#6779 = LINE ( 'NONE', #867, #6637 ) ;
#6780 = ORIENTED_EDGE ( 'NONE', *, *, #1099, .F. ) ;
#6781 = EDGE_LOOP ( 'NONE', ( #3909, #1169, #842, #5344, #6835, #7713, #2618, #9905, #3773, #4686, #6614, #5120, #4559, #2755, #9750, #7563, #9010, #109, #6031, #4742 ) ) ;
#6782 = DIRECTION ( 'NONE',  ( -1.000000000000000000, 0.000000000000000000, 3.634931228083748646E-15 ) ) ;
#6783 = AXIS2_PLACEMENT_3D ( 'NONE', #5995, #1069, #9196 ) ;
#6784 = DIRECTION ( 'NONE',  ( 0.000000000000000000, 1.000000000000000000, -0.000000000000000000 ) ) ;
#6785 = ORIENTED_EDGE ( 'NONE', *, *, #4763, .T. ) ;
#6786 = ORIENTED_EDGE ( 'NONE', *, *, #8431, .T. ) ;
#6787 = DIRECTION ( 'NONE',  ( -1.000000000000000000, 0.000000000000000000, 0.000000000000000000 ) ) ;
#6788 = EDGE_CURVE ( 'NONE', #4, #10149, #5671, .T. ) ;
#6789 = CARTESIAN_POINT ( 'NONE',  ( -25.50000000000000711, 13.00000000000000178, 13.55000000000000249 ) ) ;
#6790 = CARTESIAN_POINT ( 'NONE',  ( -52.33850938628280147, 8.614119310398303142, 4.211707670827622429 ) ) ;
#6791 = VECTOR ( 'NONE', #9477, 1000.000000000000000 ) ;
#6792 = EDGE_CURVE ( 'NONE', #2501, #5274, #2789, .T. ) ;
#6793 = ORIENTED_EDGE ( 'NONE', *, *, #5021, .T. ) ;
#6794 = DIRECTION ( 'NONE',  ( -0.000000000000000000, -1.000000000000000000, -0.000000000000000000 ) ) ;
#6795 = CARTESIAN_POINT ( 'NONE',  ( -52.25000000000001421, 6.947306091042419141, -3.264948469477479520 ) ) ;
#6796 = ORIENTED_EDGE ( 'NONE', *, *, #622, .F. ) ;
#6797 = VECTOR ( 'NONE', #7447, 1000.000000000000000 ) ;
#6798 = VECTOR ( 'NONE', #1400, 1000.000000000000000 ) ;
#6799 = CARTESIAN_POINT ( 'NONE',  ( -39.56900131232449525, 0.1363762547886368526, 8.357532483228501619 ) ) ;
#6800 = DIRECTION ( 'NONE',  ( -0.8660254037844380415, 0.000000000000000000, 0.5000000000000009992 ) ) ;
#6801 = VECTOR ( 'NONE', #2061, 1000.000000000000000 ) ;
#6802 = DIRECTION ( 'NONE',  ( -0.000000000000000000, 1.000000000000000000, -0.000000000000000000 ) ) ;
#6803 = CARTESIAN_POINT ( 'NONE',  ( -30.30484636607248561, -1.468623938954177977, 2.765000000000000124 ) ) ;
#6804 = ORIENTED_EDGE ( 'NONE', *, *, #2503, .T. ) ;
#6805 = ORIENTED_EDGE ( 'NONE', *, *, #2940, .T. ) ;
#6806 = VECTOR ( 'NONE', #1970, 1000.000000000000000 ) ;
#6807 = DIRECTION ( 'NONE',  ( 0.000000000000000000, 0.000000000000000000, 1.000000000000000000 ) ) ;
#6808 = B_SPLINE_CURVE_WITH_KNOTS ( 'NONE', 3,
 ( #4421, #6056, #5264, #6945 ),
 .UNSPECIFIED., .F., .F.,
 ( 4, 4 ),
 ( 0.000000000000000000, 8.053029081880106442E-05 ),
 .UNSPECIFIED. ) ;
#6809 = VECTOR ( 'NONE', #2010, 1000.000000000000000 ) ;
#6810 = DIRECTION ( 'NONE',  ( 1.000000000000000000, 0.000000000000000000, 0.000000000000000000 ) ) ;
#6811 = EDGE_CURVE ( 'NONE', #7102, #8183, #8684, .T. ) ;
#6812 = CARTESIAN_POINT ( 'NONE',  ( -31.27472780755320869, 0.2000000000000000111, 3.615000000000000213 ) ) ;
#6813 = LINE ( 'NONE', #5917, #1650 ) ;
#6814 = CARTESIAN_POINT ( 'NONE',  ( 0.000000000000000000, 14.50000000000000000, -12.25000000000000000 ) ) ;
#6815 = DIRECTION ( 'NONE',  ( -1.000000000000000000, 0.000000000000000000, 0.000000000000000000 ) ) ;
#6816 = LINE ( 'NONE', #3493, #3034 ) ;
#6817 = DIRECTION ( 'NONE',  ( -0.000000000000000000, -0.000000000000000000, 1.000000000000000000 ) ) ;
#6818 = VERTEX_POINT ( 'NONE', #9199 ) ;
#6819 = ORIENTED_EDGE ( 'NONE', *, *, #4036, .T. ) ;
#6820 = VECTOR ( 'NONE', #578, 1000.000000000000000 ) ;
#6821 = EDGE_CURVE ( 'NONE', #58, #6948, #5255, .T. ) ;
#6822 = VECTOR ( 'NONE', #8809, 1000.000000000000000 ) ;
#6823 = CARTESIAN_POINT ( 'NONE',  ( 8.980079849446665818, 0.2999999999999999889, -15.55395455526715409 ) ) ;
#6824 = VECTOR ( 'NONE', #6871, 1000.000000000000000 ) ;
#6825 = ORIENTED_EDGE ( 'NONE', *, *, #9568, .T. ) ;
#6826 = CARTESIAN_POINT ( 'NONE',  ( -31.51661123066064363, 3.000000000000000000, -20.34067203111825251 ) ) ;
#6827 =( BOUNDED_CURVE ( )  B_SPLINE_CURVE ( 3, ( #4773, #7987, #7206, #4397 ),
 .UNSPECIFIED., .F., .F. ) 
 B_SPLINE_CURVE_WITH_KNOTS ( ( 4, 4 ),
 ( 4.712388980384688786, 5.800197417813647505 ),
 .UNSPECIFIED. ) 
 CURVE ( )  GEOMETRIC_REPRESENTATION_ITEM ( )  RATIONAL_B_SPLINE_CURVE ( ( 1.000000000000000000, 0.9037965667448127904, 0.9037965667448127904, 1.000000000000000000 ) ) 
 REPRESENTATION_ITEM ( '' )  );
#6828 = CARTESIAN_POINT ( 'NONE',  ( 26.60635347795576777, -0.001000000000000024307, -5.723830892551231564 ) ) ;
#6829 = EDGE_CURVE ( 'NONE', #2546, #9594, #1967, .T. ) ;
#6830 = EDGE_CURVE ( 'NONE', #4200, #5126, #2276, .T. ) ;
#6831 = CIRCLE ( 'NONE', #6353, 0.2999999999999999334 ) ;
#6832 = VERTEX_POINT ( 'NONE', #6152 ) ;
#6833 = VECTOR ( 'NONE', #10451, 1000.000000000000000 ) ;
#6834 = DIRECTION ( 'NONE',  ( 1.000000000000000000, 0.000000000000000000, 0.000000000000000000 ) ) ;
#6835 = ORIENTED_EDGE ( 'NONE', *, *, #4524, .F. ) ;
#6836 = EDGE_CURVE ( 'NONE', #8415, #7733, #1282, .T. ) ;
#6837 = CARTESIAN_POINT ( 'NONE',  ( 47.49999999999999289, 8.000000000000000000, 9.500000000000000000 ) ) ;
#6838 = VECTOR ( 'NONE', #5454, 1000.000000000000000 ) ;
#6839 = CARTESIAN_POINT ( 'NONE',  ( -29.84000000000000341, 6.296018041280833089, 1.010032166305325429E-14 ) ) ;
#6840 = ORIENTED_EDGE ( 'NONE', *, *, #6438, .T. ) ;
#6841 = AXIS2_PLACEMENT_3D ( 'NONE', #8565, #4462, #2817 ) ;
#6842 = ORIENTED_EDGE ( 'NONE', *, *, #302, .T. ) ;
#6843 = FACE_OUTER_BOUND ( 'NONE', #5024, .T. ) ;
#6844 = FACE_OUTER_BOUND ( 'NONE', #7442, .T. ) ;
#6845 = VECTOR ( 'NONE', #7896, 1000.000000000000000 ) ;
#6846 = ORIENTED_EDGE ( 'NONE', *, *, #8038, .F. ) ;
#6847 = EDGE_CURVE ( 'NONE', #4291, #6328, #9354, .T. ) ;
#6848 = CARTESIAN_POINT ( 'NONE',  ( -35.18270600294837891, -5.221698467888518440E-16, -2.847842712474618843 ) ) ;
#6849 = CARTESIAN_POINT ( 'NONE',  ( -35.06554871542299878, 0.2000000000000000944, -8.849999999999997868 ) ) ;
#6850 = CARTESIAN_POINT ( 'NONE',  ( 51.95000000000000284, 11.35000000000000320, -3.299999999999998490 ) ) ;
#6851 = ORIENTED_EDGE ( 'NONE', *, *, #5157, .T. ) ;
#6852 = CARTESIAN_POINT ( 'NONE',  ( 50.99857113690718791, 9.000000000000001776, -12.25000000000000178 ) ) ;
#6853 = DIRECTION ( 'NONE',  ( 0.8660254037843672092, 0.000000000000000000, 0.5000000000001236788 ) ) ;
#6854 = CARTESIAN_POINT ( 'NONE',  ( 8.380079849446763873, -0.001000000000000024307, -14.51472407072590443 ) ) ;
#6855 = CARTESIAN_POINT ( 'NONE',  ( -47.50000000000000711, 8.000000000000000000, 8.650000000000002132 ) ) ;
#6856 = EDGE_LOOP ( 'NONE', ( #4751, #8836 ) ) ;
#6857 = EDGE_LOOP ( 'NONE', ( #7280, #8042, #3303, #889 ) ) ;
#6858 = CARTESIAN_POINT ( 'NONE',  ( 8.980079849446706675, 0.2999999999999999889, -15.55395455526719672 ) ) ;
#6859 = CARTESIAN_POINT ( 'NONE',  ( 41.25000000000000711, 6.000000000000000000, 10.25000000000000178 ) ) ;
#6860 = ORIENTED_EDGE ( 'NONE', *, *, #3823, .T. ) ;
#6861 = CARTESIAN_POINT ( 'NONE',  ( 37.45000000000000284, 0.5000000000000000000, 8.349999999999997868 ) ) ;
#6862 = CARTESIAN_POINT ( 'NONE',  ( 26.60635347795576777, 0.5000000000000000000, -5.723830892551231564 ) ) ;
#6863 = CYLINDRICAL_SURFACE ( 'NONE', #5578, 0.1999999999999987899 ) ;
#6864 = CARTESIAN_POINT ( 'NONE',  ( 47.49999999999997868, 11.00000000000000178, 12.25000000000000711 ) ) ;
#6865 = VERTEX_POINT ( 'NONE', #328 ) ;
#6866 = ORIENTED_EDGE ( 'NONE', *, *, #5272, .F. ) ;
#6867 = CARTESIAN_POINT ( 'NONE',  ( -52.23028309663722979, 9.583160098316303888, -3.680390056223223461 ) ) ;
#6868 = ORIENTED_EDGE ( 'NONE', *, *, #949, .T. ) ;
#6869 = FACE_OUTER_BOUND ( 'NONE', #8314, .T. ) ;
#6870 = FACE_OUTER_BOUND ( 'NONE', #4033, .T. ) ;
#6871 = DIRECTION ( 'NONE',  ( -0.000000000000000000, 1.000000000000000000, -0.000000000000000000 ) ) ;
#6872 = EDGE_CURVE ( 'NONE', #3073, #2813, #10197, .T. ) ;
#6873 = ORIENTED_EDGE ( 'NONE', *, *, #3468, .F. ) ;
#6874 = CARTESIAN_POINT ( 'NONE',  ( 2.099999999999991207, 13.00000000000000178, -12.35000000000018971 ) ) ;
#6875 = ORIENTED_EDGE ( 'NONE', *, *, #8957, .T. ) ;
#6876 = VECTOR ( 'NONE', #4492, 1000.000000000000000 ) ;
#6877 = EDGE_CURVE ( 'NONE', #8572, #9940, #5163, .T. ) ;
#6878 = CARTESIAN_POINT ( 'NONE',  ( 25.85635347795579975, 0.5000000000000000000, -0.2752072131253918696 ) ) ;
#6879 = EDGE_CURVE ( 'NONE', #6360, #3327, #3658, .T. ) ;
#6880 = LINE ( 'NONE', #8413, #3472 ) ;
#6881 = ORIENTED_EDGE ( 'NONE', *, *, #4787, .T. ) ;
#6882 = VERTEX_POINT ( 'NONE', #2015 ) ;
#6883 = LINE ( 'NONE', #6099, #7985 ) ;
#6884 = DIRECTION ( 'NONE',  ( 0.000000000000000000, 0.000000000000000000, -1.000000000000000000 ) ) ;
#6885 = VECTOR ( 'NONE', #3197, 1000.000000000000000 ) ;
#6886 = CARTESIAN_POINT ( 'NONE',  ( -47.50000000000000711, 8.000000000000000000, 12.25000000000000178 ) ) ;
#6887 = EDGE_CURVE ( 'NONE', #6196, #827, #8463, .T. ) ;
#6888 = ORIENTED_EDGE ( 'NONE', *, *, #314, .F. ) ;
#6889 = VERTEX_POINT ( 'NONE', #2197 ) ;
#6890 = CARTESIAN_POINT ( 'NONE',  ( -35.06554871542299878, 0.000000000000000000, -2.965000000000000302 ) ) ;
#6891 = ADVANCED_FACE ( 'NONE', ( #5437 ), #8647, .F. ) ;
#6892 = AXIS2_PLACEMENT_3D ( 'NONE', #48, #3278, #5712 ) ;
#6893 = CARTESIAN_POINT ( 'NONE',  ( 20.66000000000000369, 8.000000000000000000, 8.349999999999997868 ) ) ;
#6894 = CARTESIAN_POINT ( 'NONE',  ( -34.52834772718359346, 0.000000000000000000, 0.000000000000000000 ) ) ;
#6895 = VERTEX_POINT ( 'NONE', #7067 ) ;
#6896 = LINE ( 'NONE', #4479, #5052 ) ;
#6897 = ORIENTED_EDGE ( 'NONE', *, *, #7425, .T. ) ;
#6898 = FACE_OUTER_BOUND ( 'NONE', #5407, .T. ) ;
#6899 = EDGE_CURVE ( 'NONE', #10053, #779, #10166, .T. ) ;
#6900 = B_SPLINE_CURVE_WITH_KNOTS ( 'NONE', 3,
 ( #1696, #5096, #2553, #5783, #8983, #5044, #958, #5677 ),
 .UNSPECIFIED., .F., .F.,
 ( 4, 2, 2, 4 ),
 ( -3.466145320677813356E-06, 0.0002882777914486065536, 0.0004341497598332410245, 0.0005800217282178754411 ),
 .UNSPECIFIED. ) ;
#6901 = CYLINDRICAL_SURFACE ( 'NONE', #6014, 0.7999999999999994893 ) ;
#6902 = LINE ( 'NONE', #10104, #5127 ) ;
#6903 = VERTEX_POINT ( 'NONE', #10063 ) ;
#6904 = ORIENTED_EDGE ( 'NONE', *, *, #7980, .T. ) ;
#6905 = FACE_OUTER_BOUND ( 'NONE', #2793, .T. ) ;
#6906 = CARTESIAN_POINT ( 'NONE',  ( -29.83999999999999986, 6.296018041280833089, 9.349999999999997868 ) ) ;
#6907 = VERTEX_POINT ( 'NONE', #1359 ) ;
#6908 = LINE ( 'NONE', #10114, #9566 ) ;
#6909 = DIRECTION ( 'NONE',  ( -0.000000000000000000, 1.000000000000000000, -0.000000000000000000 ) ) ;
#6910 = DIRECTION ( 'NONE',  ( -0.000000000000000000, -0.000000000000000000, 1.000000000000000000 ) ) ;
#6911 = CARTESIAN_POINT ( 'NONE',  ( 20.66000000000000369, 0.5000000000000004441, 10.25000000000000178 ) ) ;
#6912 = EDGE_CURVE ( 'NONE', #6236, #4537, #10271, .T. ) ;
#6913 = AXIS2_PLACEMENT_3D ( 'NONE', #5903, #9797, #7440 ) ;
#6914 = CARTESIAN_POINT ( 'NONE',  ( -31.22777815357900622, 3.000000000000000000, -20.34067203111825251 ) ) ;
#6915 = ORIENTED_EDGE ( 'NONE', *, *, #4699, .F. ) ;
#6916 = ORIENTED_EDGE ( 'NONE', *, *, #1487, .F. ) ;
#6917 = EDGE_CURVE ( 'NONE', #800, #9723, #9323, .T. ) ;
#6918 = AXIS2_PLACEMENT_3D ( 'NONE', #4389, #2847, #7612 ) ;
#6919 = VECTOR ( 'NONE', #4700, 1000.000000000000000 ) ;
#6920 = CARTESIAN_POINT ( 'NONE',  ( -31.45678631915142631, 0.2827931057192691333, -8.849999999999997868 ) ) ;
#6921 = B_SPLINE_CURVE_WITH_KNOTS ( 'NONE', 3,
 ( #346, #6016, #3631, #1095, #3426, #9217, #2686, #297 ),
 .UNSPECIFIED., .F., .F.,
 ( 4, 2, 2, 4 ),
 ( -3.466145320679069506E-06, 0.0002882777914485998316, 0.0004341497598332376092, 0.0005800217282178754411 ),
 .UNSPECIFIED. ) ;
#6922 = VECTOR ( 'NONE', #7750, 1000.000000000000000 ) ;
#6923 = CARTESIAN_POINT ( 'NONE',  ( 50.24999999999999289, 11.35000000000000142, -2.500000000000000444 ) ) ;
#6924 = ORIENTED_EDGE ( 'NONE', *, *, #8117, .F. ) ;
#6925 = CARTESIAN_POINT ( 'NONE',  ( 39.16385371214060029, 0.02145563245112802608, -6.417410124218951850 ) ) ;
#6926 = LINE ( 'NONE', #6828, #8998 ) ;
#6927 = CARTESIAN_POINT ( 'NONE',  ( -53.20100000000002183, 9.850000000000001421, -1.700000000000001066 ) ) ;
#6928 = CARTESIAN_POINT ( 'NONE',  ( -29.84000000000000341, 6.296018041280833089, 3.315000000000000391 ) ) ;
#6929 = ORIENTED_EDGE ( 'NONE', *, *, #9745, .F. ) ;
#6930 = CARTESIAN_POINT ( 'NONE',  ( -2.000000000000008882, 13.00000000000000178, 13.35000000000018971 ) ) ;
#6931 = VECTOR ( 'NONE', #6054, 1000.000000000000000 ) ;
#6932 = VERTEX_POINT ( 'NONE', #3684 ) ;
#6933 = EDGE_CURVE ( 'NONE', #5414, #1651, #9862, .T. ) ;
#6934 = CARTESIAN_POINT ( 'NONE',  ( 35.29364652204419883, 0.2999999999999999889, -5.723830892551262650 ) ) ;
#6935 = LINE ( 'NONE', #9351, #5669 ) ;
#6936 = EDGE_CURVE ( 'NONE', #2971, #5725, #4320, .T. ) ;
#6937 = CARTESIAN_POINT ( 'NONE',  ( -31.22777815357900622, 3.000000000000000000, -20.34067203111825251 ) ) ;
#6938 = ORIENTED_EDGE ( 'NONE', *, *, #4043, .F. ) ;
#6939 = VERTEX_POINT ( 'NONE', #503 ) ;
#6940 = CARTESIAN_POINT ( 'NONE',  ( -30.13734193765158764, 5.995981931847600421, 2.764999999998600799 ) ) ;
#6941 = CARTESIAN_POINT ( 'NONE',  ( -31.39188509507858882, -6.517412704708242199E-16, 3.532157287525381495 ) ) ;
#6942 = AXIS2_PLACEMENT_3D ( 'NONE', #9710, #3328, #8080 ) ;
#6943 = VERTEX_POINT ( 'NONE', #6962 ) ;
#6944 = CARTESIAN_POINT ( 'NONE',  ( 3.099999999999991651, 14.50000000000000000, -13.45000000000019114 ) ) ;
#6945 = CARTESIAN_POINT ( 'NONE',  ( -34.31252571724582623, 0.2000000000000003164, -2.765000000000000124 ) ) ;
#6946 = ADVANCED_FACE ( 'NONE', ( #2947 ), #5843, .F. ) ;
#6947 = DIRECTION ( 'NONE',  ( -0.000000000000000000, -0.000000000000000000, 1.000000000000000000 ) ) ;
#6948 = VERTEX_POINT ( 'NONE', #5386 ) ;
#6949 = PLANE ( 'NONE',  #5547 ) ;
#6950 = ORIENTED_EDGE ( 'NONE', *, *, #5484, .T. ) ;
#6951 = CARTESIAN_POINT ( 'NONE',  ( -20.00000000000001066, 14.50000000000000000, 13.25000000000000178 ) ) ;
#6952 = VECTOR ( 'NONE', #612, 1000.000000000000000 ) ;
#6953 = EDGE_CURVE ( 'NONE', #10415, #10241, #7911, .T. ) ;
#6954 = LINE ( 'NONE', #9420, #7865 ) ;
#6955 = CARTESIAN_POINT ( 'NONE',  ( -50.20000000000000284, 14.60000000000000853, -2.765277718742311108E-14 ) ) ;
#6956 = EDGE_LOOP ( 'NONE', ( #2523, #9739, #9044, #2011 ) ) ;
#6957 = VERTEX_POINT ( 'NONE', #7120 ) ;
#6958 = PLANE ( 'NONE',  #7266 ) ;
#6959 = AXIS2_PLACEMENT_3D ( 'NONE', #6553, #9706, #9757 ) ;
#6960 = CARTESIAN_POINT ( 'NONE',  ( -29.84000000000000341, 6.500000000000000888, 1.010032166305325429E-14 ) ) ;
#6961 = EDGE_CURVE ( 'NONE', #3444, #2676, #8353, .T. ) ;
#6962 = CARTESIAN_POINT ( 'NONE',  ( 51.95000000000000284, 11.35000000000000142, 1.700000000000000622 ) ) ;
#6963 = ORIENTED_EDGE ( 'NONE', *, *, #4842, .T. ) ;
#6964 = FACE_OUTER_BOUND ( 'NONE', #1145, .T. ) ;
#6965 = CARTESIAN_POINT ( 'NONE',  ( -35.50000000001318767, 5.500000000000000000, -12.24999999999454303 ) ) ;
#6966 = DIRECTION ( 'NONE',  ( -1.000000000000000000, 0.000000000000000000, 0.000000000000000000 ) ) ;
#6967 = DIRECTION ( 'NONE',  ( 0.000000000000000000, 1.000000000000000000, 0.000000000000000000 ) ) ;
#6968 = VECTOR ( 'NONE', #3677, 1000.000000000000000 ) ;
#6969 = CARTESIAN_POINT ( 'NONE',  ( -29.84000000000000696, -5.002961977226933143, -20.34067203111825251 ) ) ;
#6970 = ORIENTED_EDGE ( 'NONE', *, *, #8745, .T. ) ;
#6971 = AXIS2_PLACEMENT_3D ( 'NONE', #3096, #3150, #5379 ) ;
#6972 = ORIENTED_EDGE ( 'NONE', *, *, #5854, .F. ) ;
#6973 = EDGE_CURVE ( 'NONE', #2252, #4464, #6333, .T. ) ;
#6974 = ADVANCED_FACE ( 'NONE', ( #5068, #9898, #8171 ), #9055, .F. ) ;
#6975 = DIRECTION ( 'NONE',  ( -1.000000000000000000, -1.506492794866855939E-14, 0.000000000000000000 ) ) ;
#6976 = VECTOR ( 'NONE', #5165, 1000.000000000000000 ) ;
#6977 = CARTESIAN_POINT ( 'NONE',  ( 22.35000000000000142, 4.899999999999999467, -8.849999999999997868 ) ) ;
#6978 = EDGE_LOOP ( 'NONE', ( #2122, #9524, #5857, #8538 ) ) ;
#6979 = CARTESIAN_POINT ( 'NONE',  ( 51.95000000000000284, 11.00000000000000178, -9.499999999999964473 ) ) ;
#6980 = CARTESIAN_POINT ( 'NONE',  ( -31.60047529527845001, 3.276389878762281160, -20.34067203111825251 ) ) ;
#6981 = EDGE_CURVE ( 'NONE', #99, #1476, #9108, .T. ) ;
#6982 = CARTESIAN_POINT ( 'NONE',  ( -31.46672734614590183, 0.000000000000000000, -3.415000000000000036 ) ) ;
#6983 = DIRECTION ( 'NONE',  ( -0.000000000000000000, -1.000000000000000000, -0.000000000000000000 ) ) ;
#6984 = ORIENTED_EDGE ( 'NONE', *, *, #9980, .F. ) ;
#6985 = CARTESIAN_POINT ( 'NONE',  ( 47.49999999999999289, 9.000000000000001776, 9.500000000000000000 ) ) ;
#6986 = VECTOR ( 'NONE', #8715, 1000.000000000000000 ) ;
#6987 = EDGE_LOOP ( 'NONE', ( #10285, #4404, #2453, #2866 ) ) ;
#6988 = CIRCLE ( 'NONE', #2432, 0.2888330770816384119 ) ;
#6989 = VECTOR ( 'NONE', #5150, 1000.000000000000000 ) ;
#6990 = CARTESIAN_POINT ( 'NONE',  ( -31.39188509507858882, -1.426990864189252675E-16, -8.932842712474617031 ) ) ;
#6991 = DIRECTION ( 'NONE',  ( -1.000000000000000000, -0.000000000000000000, -0.000000000000000000 ) ) ;
#6992 = ORIENTED_EDGE ( 'NONE', *, *, #3266, .T. ) ;
#6993 = ORIENTED_EDGE ( 'NONE', *, *, #1141, .T. ) ;
#6994 = DIRECTION ( 'NONE',  ( 0.000000000000000000, 0.000000000000000000, -1.000000000000000000 ) ) ;
#6995 = CIRCLE ( 'NONE', #5153, 1.300000000000001155 ) ;
#6996 = CARTESIAN_POINT ( 'NONE',  ( -39.76146882909598901, 0.000000000000000000, -3.415000000000000036 ) ) ;
#6997 = ORIENTED_EDGE ( 'NONE', *, *, #529, .T. ) ;
#6998 = EDGE_CURVE ( 'NONE', #5518, #8370, #9519, .T. ) ;
#6999 = VERTEX_POINT ( 'NONE', #5958 ) ;
#7000 = TOROIDAL_SURFACE ( 'NONE', #8019, 5.000000000000000000, 3.000000000000000000 ) ;
#7001 = CARTESIAN_POINT ( 'NONE',  ( 38.94211819145301945, 0.000000000000000000, 1.744636346960005024 ) ) ;
#7002 = AXIS2_PLACEMENT_3D ( 'NONE', #9392, #2158, #7928 ) ;
#7003 = CARTESIAN_POINT ( 'NONE',  ( 52.75100000000002609, 9.700000000000001066, 2.924999999999976286 ) ) ;
#7004 = CARTESIAN_POINT ( 'NONE',  ( 0.000000000000000000, 11.00000000000000178, 0.000000000000000000 ) ) ;
#7005 = VERTEX_POINT ( 'NONE', #1778 ) ;
#7006 = CARTESIAN_POINT ( 'NONE',  ( 51.95000000000000284, 11.35000000000000142, 1.700000000000000622 ) ) ;
#7007 = ORIENTED_EDGE ( 'NONE', *, *, #613, .T. ) ;
#7008 = CYLINDRICAL_SURFACE ( 'NONE', #9986, 11.00296197722693314 ) ;
#7009 = VECTOR ( 'NONE', #5358, 1000.000000000000000 ) ;
#7010 = TOROIDAL_SURFACE ( 'NONE', #10199, 2.250000000000005329, 3.000000000000000000 ) ;
#7011 = CARTESIAN_POINT ( 'NONE',  ( -52.25000000000001421, 8.400000000000000355, 2.449999999999999734 ) ) ;
#7012 = DIRECTION ( 'NONE',  ( 0.000000000000000000, 0.000000000000000000, 1.000000000000000000 ) ) ;
#7013 = EDGE_CURVE ( 'NONE', #9289, #10386, #3523, .T. ) ;
#7014 = ORIENTED_EDGE ( 'NONE', *, *, #7565, .T. ) ;
#7015 = ORIENTED_EDGE ( 'NONE', *, *, #7728, .T. ) ;
#7016 = DIRECTION ( 'NONE',  ( -0.000000000000000000, -0.000000000000000000, 1.000000000000000000 ) ) ;
#7017 = LINE ( 'NONE', #3842, #1880 ) ;
#7018 = EDGE_CURVE ( 'NONE', #5615, #4008, #1825, .T. ) ;
#7019 = VECTOR ( 'NONE', #482, 1000.000000000000000 ) ;
#7020 = ORIENTED_EDGE ( 'NONE', *, *, #6038, .T. ) ;
#7021 = DIRECTION ( 'NONE',  ( -1.000000000000000000, 0.000000000000000000, 0.000000000000000000 ) ) ;
#7022 = EDGE_CURVE ( 'NONE', #10139, #8183, #4654, .T. ) ;
#7023 = CARTESIAN_POINT ( 'NONE',  ( 38.57940735125389864, 0.02145563245112837997, -7.429700915573433484 ) ) ;
#7024 = CARTESIAN_POINT ( 'NONE',  ( -31.51661123066064363, 3.000000000000000000, -3.615000000000000213 ) ) ;
#7025 = DIRECTION ( 'NONE',  ( -0.000000000000000000, -0.000000000000000000, 1.000000000000000000 ) ) ;
#7026 = FACE_OUTER_BOUND ( 'NONE', #5892, .T. ) ;
#7027 = EDGE_CURVE ( 'NONE', #5414, #3750, #8046, .T. ) ;
#7028 = ORIENTED_EDGE ( 'NONE', *, *, #4601, .T. ) ;
#7029 = ORIENTED_EDGE ( 'NONE', *, *, #7544, .T. ) ;
#7030 = DIRECTION ( 'NONE',  ( 0.000000000000000000, 0.000000000000000000, 1.000000000000000000 ) ) ;
#7031 = EDGE_CURVE ( 'NONE', #8183, #5266, #9798, .T. ) ;
#7032 = LINE ( 'NONE', #4662, #7412 ) ;
#7033 = ORIENTED_EDGE ( 'NONE', *, *, #4842, .F. ) ;
#7034 = DIRECTION ( 'NONE',  ( -1.000000000000000000, -1.501493088589770621E-15, 0.000000000000000000 ) ) ;
#7035 = CYLINDRICAL_SURFACE ( 'NONE', #2603, 1.000000000000000888 ) ;
#7036 = DIRECTION ( 'NONE',  ( 0.000000000000000000, 1.000000000000000000, -0.000000000000000000 ) ) ;
#7037 = LINE ( 'NONE', #10239, #5495 ) ;
#7038 = DIRECTION ( 'NONE',  ( -0.09864855753179602171, -0.5484013522091542026, -0.8303760708209668717 ) ) ;
#7039 = ADVANCED_FACE ( 'NONE', ( #5754 ), #7545, .F. ) ;
#7040 = ORIENTED_EDGE ( 'NONE', *, *, #7013, .T. ) ;
#7041 = LINE ( 'NONE', #4558, #5462 ) ;
#7042 = ORIENTED_EDGE ( 'NONE', *, *, #2767, .F. ) ;
#7043 = CARTESIAN_POINT ( 'NONE',  ( -39.63977263648107652, 17.00100000000000122, -3.615000000000000213 ) ) ;
#7044 = ORIENTED_EDGE ( 'NONE', *, *, #3836, .T. ) ;
#7045 = ORIENTED_EDGE ( 'NONE', *, *, #1533, .F. ) ;
#7046 = CARTESIAN_POINT ( 'NONE',  ( 0.000000000000000000, 13.00000000000000178, 0.000000000000000000 ) ) ;
#7047 = PLANE ( 'NONE',  #4794 ) ;
#7048 = ORIENTED_EDGE ( 'NONE', *, *, #7748, .T. ) ;
#7049 = CARTESIAN_POINT ( 'NONE',  ( -52.45000000000001705, 9.900000000000000355, -2.924999999999968736 ) ) ;
#7050 = VERTEX_POINT ( 'NONE', #6596 ) ;
#7051 = LINE ( 'NONE', #2456, #6257 ) ;
#7052 = ADVANCED_FACE ( 'NONE', ( #5176 ), #4267, .F. ) ;
#7053 = DIRECTION ( 'NONE',  ( 0.000000000000000000, 1.000000000000000000, -0.000000000000000000 ) ) ;
#7054 = DIRECTION ( 'NONE',  ( -0.000000000000000000, 1.000000000000000000, -0.000000000000000000 ) ) ;
#7055 = EDGE_LOOP ( 'NONE', ( #1464, #5375, #3043, #6103 ) ) ;
#7056 = DIRECTION ( 'NONE',  ( 0.000000000000000000, -5.782411586589353300E-15, -1.000000000000000000 ) ) ;
#7057 = AXIS2_PLACEMENT_3D ( 'NONE', #1560, #8747, #90 ) ;
#7058 = VERTEX_POINT ( 'NONE', #6545 ) ;
#7059 = DIRECTION ( 'NONE',  ( 0.000000000000000000, 0.000000000000000000, 1.000000000000000000 ) ) ;
#7060 = DIRECTION ( 'NONE',  ( 0.000000000000000000, 1.000000000000000000, 0.000000000000000000 ) ) ;
#7061 = CARTESIAN_POINT ( 'NONE',  ( -15.77802059593024708, 13.00000000000000178, 5.742729852557563852 ) ) ;
#7062 = ORIENTED_EDGE ( 'NONE', *, *, #123, .T. ) ;
#7063 = VECTOR ( 'NONE', #6289, 1000.000000000000000 ) ;
#7064 = EDGE_LOOP ( 'NONE', ( #2383, #4900, #598, #5713 ) ) ;
#7065 = CARTESIAN_POINT ( 'NONE',  ( 41.25000000000000000, 0.5000000000000000000, -7.249999999999998224 ) ) ;
#7066 = DIRECTION ( 'NONE',  ( 0.000000000000000000, 0.000000000000000000, -1.000000000000000000 ) ) ;
#7067 = CARTESIAN_POINT ( 'NONE',  ( -35.06554871542299878, 0.000000000000000000, 3.415000000000000036 ) ) ;
#7068 = VERTEX_POINT ( 'NONE', #8326 ) ;
#7069 = CARTESIAN_POINT ( 'NONE',  ( 50.24999999999997158, 9.850000000000001421, -1.700000000000001066 ) ) ;
#7070 = CARTESIAN_POINT ( 'NONE',  ( -47.50000000000000711, 6.500000000000000888, -6.750000000000000000 ) ) ;
#7071 = CARTESIAN_POINT ( 'NONE',  ( -34.31252571724582623, 0.2000000000000111411, 2.765000000000000124 ) ) ;
#7072 = EDGE_CURVE ( 'NONE', #4431, #592, #6677, .T. ) ;
#7073 = AXIS2_PLACEMENT_3D ( 'NONE', #8595, #4594, #2147 ) ;
#7074 = DIRECTION ( 'NONE',  ( -1.000000000000000000, 0.000000000000000000, -0.000000000000000000 ) ) ;
#7075 = CARTESIAN_POINT ( 'NONE',  ( 23.84999999999998366, 4.899999999999999467, 4.355068937057558623E-14 ) ) ;
#7076 = ORIENTED_EDGE ( 'NONE', *, *, #726, .T. ) ;
#7077 = EDGE_CURVE ( 'NONE', #3671, #6345, #2680, .T. ) ;
#7078 = VERTEX_POINT ( 'NONE', #2576 ) ;
#7079 = FACE_OUTER_BOUND ( 'NONE', #7668, .T. ) ;
#7080 = CARTESIAN_POINT ( 'NONE',  ( -53.20000000000000284, 14.60000000000000853, 2.734438190280500643E-14 ) ) ;
#7081 = EDGE_CURVE ( 'NONE', #7976, #1453, #9749, .T. ) ;
#7082 = ORIENTED_EDGE ( 'NONE', *, *, #767, .F. ) ;
#7083 = FACE_OUTER_BOUND ( 'NONE', #6516, .T. ) ;
#7084 = TOROIDAL_SURFACE ( 'NONE', #3200, 1.500000000000000888, 0.2000000000000000111 ) ;
#7085 = DIRECTION ( 'NONE',  ( -1.000000000000000000, 0.000000000000000000, 0.000000000000000000 ) ) ;
#7086 = LINE ( 'NONE', #4668, #8682 ) ;
#7087 = CARTESIAN_POINT ( 'NONE',  ( 0.000000000000000000, 8.000000000000000000, -12.25000000000000000 ) ) ;
#7088 = EDGE_LOOP ( 'NONE', ( #1678, #4255, #1106, #9042 ) ) ;
#7089 = EDGE_CURVE ( 'NONE', #4413, #5905, #7364, .T. ) ;
#7090 = CARTESIAN_POINT ( 'NONE',  ( 30.50000000000002842, 0.2999999999999999889, 0.000000000000000000 ) ) ;
#7091 = ORIENTED_EDGE ( 'NONE', *, *, #2258, .T. ) ;
#7092 = CIRCLE ( 'NONE', #497, 3.000000000000000000 ) ;
#7093 = CARTESIAN_POINT ( 'NONE',  ( -52.27563198490998531, 7.308115275766802199, 3.630658523920715197 ) ) ;
#7094 = CARTESIAN_POINT ( 'NONE',  ( 0.000000000000000000, 13.00000000000000178, 12.25000000000000178 ) ) ;
#7095 = EDGE_CURVE ( 'NONE', #5933, #6681, #1945, .T. ) ;
#7096 = ORIENTED_EDGE ( 'NONE', *, *, #5105, .T. ) ;
#7097 = ORIENTED_EDGE ( 'NONE', *, *, #7979, .T. ) ;
#7098 = DIRECTION ( 'NONE',  ( -0.000000000000000000, -1.000000000000000000, 0.000000000000000000 ) ) ;
#7099 = CARTESIAN_POINT ( 'NONE',  ( -39.53506879479627401, 0.1999999999999996503, -3.615000000000000213 ) ) ;
#7100 = VECTOR ( 'NONE', #4575, 1000.000000000000000 ) ;
#7101 = CARTESIAN_POINT ( 'NONE',  ( 30.20000000000002416, -0.001000000000000024307, 3.098623679425835942 ) ) ;
#7102 = VERTEX_POINT ( 'NONE', #3477 ) ;
#7103 = CARTESIAN_POINT ( 'NONE',  ( 41.25000000000000000, 4.899999999999999467, 8.349999999999997868 ) ) ;
#7104 = EDGE_LOOP ( 'NONE', ( #8470, #9368, #5220, #5036, #7471, #9472, #8675, #7936, #8561, #4166 ) ) ;
#7105 = CARTESIAN_POINT ( 'NONE',  ( -51.99271289544003594, 7.919282861351958580, -4.292140065396726101 ) ) ;
#7106 = FACE_OUTER_BOUND ( 'NONE', #8414, .T. ) ;
#7107 = EDGE_CURVE ( 'NONE', #5328, #8464, #2635, .T. ) ;
#7108 = FACE_OUTER_BOUND ( 'NONE', #10072, .T. ) ;
#7109 = ORIENTED_EDGE ( 'NONE', *, *, #6187, .F. ) ;
#7110 = DIRECTION ( 'NONE',  ( -1.000000000000000000, 0.000000000000000000, 0.000000000000000000 ) ) ;
#7111 = ORIENTED_EDGE ( 'NONE', *, *, #7808, .F. ) ;
#7112 = DIRECTION ( 'NONE',  ( 2.668805347656624115E-15, 0.000000000000000000, 1.000000000000000000 ) ) ;
#7113 = EDGE_CURVE ( 'NONE', #8663, #2948, #5006, .T. ) ;
#7114 = DIRECTION ( 'NONE',  ( 0.000000000000000000, 1.000000000000000000, -0.000000000000000000 ) ) ;
#7115 = CARTESIAN_POINT ( 'NONE',  ( 51.95000000000000284, 11.34999999999999964, 3.299999999999999378 ) ) ;
#7116 = ORIENTED_EDGE ( 'NONE', *, *, #876, .T. ) ;
#7117 = VERTEX_POINT ( 'NONE', #6057 ) ;
#7118 = FACE_OUTER_BOUND ( 'NONE', #431, .T. ) ;
#7119 = PLANE ( 'NONE',  #10315 ) ;
#7120 = CARTESIAN_POINT ( 'NONE',  ( -35.06554871542299878, 0.000000000000000000, -9.049999999999998934 ) ) ;
#7121 = ORIENTED_EDGE ( 'NONE', *, *, #5878, .F. ) ;
#7122 = CYLINDRICAL_SURFACE ( 'NONE', #4015, 9.000000000000012434 ) ;
#7123 = CIRCLE ( 'NONE', #5784, 1.000000000000000888 ) ;
#7124 = CARTESIAN_POINT ( 'NONE',  ( 0.000000000000000000, 16.00000000000000000, 13.25000000000000178 ) ) ;
#7125 = PLANE ( 'NONE',  #983 ) ;
#7126 = FACE_BOUND ( 'NONE', #3779, .T. ) ;
#7127 = CARTESIAN_POINT ( 'NONE',  ( -31.47472780755320443, 0.08284271247461907905, 8.349999999999997868 ) ) ;
#7128 = CARTESIAN_POINT ( 'NONE',  ( -8.947521086617219380E-16, 8.000000000000000000, 12.25000000000000355 ) ) ;
#7129 = ORIENTED_EDGE ( 'NONE', *, *, #8839, .T. ) ;
#7130 = EDGE_CURVE ( 'NONE', #7323, #7647, #2132, .T. ) ;
#7131 = VECTOR ( 'NONE', #5037, 1000.000000000000000 ) ;
#7132 = ORIENTED_EDGE ( 'NONE', *, *, #4123, .F. ) ;
#7133 = ADVANCED_FACE ( 'NONE', ( #3670 ), #5371, .T. ) ;
#7134 = CYLINDRICAL_SURFACE ( 'NONE', #8168, 0.2000000000000005107 ) ;
#7135 = CARTESIAN_POINT ( 'NONE',  ( 52.75000000000000000, 9.000000000000001776, -1.926456070690041313E-14 ) ) ;
#7136 = EDGE_LOOP ( 'NONE', ( #111, #9095, #1657, #4911, #7762, #9185, #8150, #158, #4346, #5103, #2109, #7599 ) ) ;
#7137 = AXIS2_PLACEMENT_3D ( 'NONE', #2101, #8547, #8398 ) ;
#7138 = DIRECTION ( 'NONE',  ( 0.000000000000000000, 0.000000000000000000, 1.000000000000000000 ) ) ;
#7139 = VECTOR ( 'NONE', #8429, 1000.000000000000000 ) ;
#7140 = CARTESIAN_POINT ( 'NONE',  ( -45.19999999999999574, 14.60000000000000675, 6.750000000000006217 ) ) ;
#7141 = FACE_OUTER_BOUND ( 'NONE', #6166, .T. ) ;
#7142 = DIRECTION ( 'NONE',  ( 0.000000000000000000, 0.6931369447486037672, -0.7208059210526581717 ) ) ;
#7143 = VECTOR ( 'NONE', #814, 1000.000000000000000 ) ;
#7144 = CARTESIAN_POINT ( 'NONE',  ( -29.84000000000000696, 6.123958770389151596, 3.487059270891679219 ) ) ;
#7145 = ORIENTED_EDGE ( 'NONE', *, *, #7793, .F. ) ;
#7146 = ORIENTED_EDGE ( 'NONE', *, *, #1008, .T. ) ;
#7147 = EDGE_CURVE ( 'NONE', #6299, #7160, #4577, .T. ) ;
#7148 = VECTOR ( 'NONE', #4793, 1000.000000000000000 ) ;
#7149 = LINE ( 'NONE', #5517, #3304 ) ;
#7150 = AXIS2_PLACEMENT_3D ( 'NONE', #4727, #5570, #8047 ) ;
#7151 = EDGE_CURVE ( 'NONE', #10241, #3309, #1783, .T. ) ;
#7152 = ORIENTED_EDGE ( 'NONE', *, *, #5856, .T. ) ;
#7153 = B_SPLINE_CURVE_WITH_KNOTS ( 'NONE', 3,
 ( #367, #6721, #4298, #8455, #5934, #9926 ),
 .UNSPECIFIED., .F., .F.,
 ( 4, 2, 4 ),
 ( 0.000000000000000000, 0.0003393158518392704807, 0.0006786317036785409615 ),
 .UNSPECIFIED. ) ;
#7154 = VERTEX_POINT ( 'NONE', #2030 ) ;
#7155 = ADVANCED_FACE ( 'NONE', ( #8579 ), #2079, .T. ) ;
#7156 = DIRECTION ( 'NONE',  ( 0.000000000000000000, 0.000000000000000000, 1.000000000000000000 ) ) ;
#7157 = CARTESIAN_POINT ( 'NONE',  ( -22.80000000000001492, 13.00000000000000178, -13.55000000000000249 ) ) ;
#7158 = AXIS2_PLACEMENT_3D ( 'NONE', #8816, #8666, #1430 ) ;
#7159 = DIRECTION ( 'NONE',  ( -0.000000000000000000, -1.000000000000000000, 0.000000000000000000 ) ) ;
#7160 = VERTEX_POINT ( 'NONE', #392 ) ;
#7161 = AXIS2_PLACEMENT_3D ( 'NONE', #2608, #7990, #8829 ) ;
#7162 = EDGE_CURVE ( 'NONE', #880, #1976, #10210, .T. ) ;
#7163 = ORIENTED_EDGE ( 'NONE', *, *, #525, .T. ) ;
#7164 = CARTESIAN_POINT ( 'NONE',  ( 50.25000000000000000, 11.00000000000000178, -6.000000000000000000 ) ) ;
#7165 = LINE ( 'NONE', #8002, #499 ) ;
#7166 = CARTESIAN_POINT ( 'NONE',  ( -35.50000000000001421, 8.000000000000000000, 12.25000000000000178 ) ) ;
#7167 = VECTOR ( 'NONE', #7566, 1000.000000000000000 ) ;
#7168 = VERTEX_POINT ( 'NONE', #6850 ) ;
#7169 = CARTESIAN_POINT ( 'NONE',  ( -52.33704279059703168, 8.506999899801524379, -4.225057065303472470 ) ) ;
#7170 = AXIS2_PLACEMENT_3D ( 'NONE', #7669, #2706, #5246 ) ;
#7171 = VERTEX_POINT ( 'NONE', #3570 ) ;
#7172 = DIRECTION ( 'NONE',  ( -1.000000000000000000, 0.000000000000000000, -7.304098846218136886E-17 ) ) ;
#7173 =( BOUNDED_SURFACE ( )  B_SPLINE_SURFACE ( 3, 2, ( 
 ( #9450, #2974, #3020 ),
 ( #6251, #4672, #10298 ),
 ( #7939, #10356, #1331 ),
 ( #3764, #6358, #9559 ) ),
 .UNSPECIFIED., .F., .F., .F. ) 
 B_SPLINE_SURFACE_WITH_KNOTS ( ( 4, 4 ),
 ( 3, 3 ),
 ( 4.336808689942017736E-19, 0.0007827539330231543611 ),
 ( 0.000000000000000000, 1.000000000000000000 ),
 .UNSPECIFIED. ) 
 GEOMETRIC_REPRESENTATION_ITEM ( )  RATIONAL_B_SPLINE_SURFACE ( (
 ( 1.000000000000000000, 0.7071067811865597852, 1.000000000000000000),
 ( 1.000000000000000000, 0.7595966335268765635, 1.000000000000000000),
 ( 1.000000000000000000, 0.8024371557888917428, 1.000000000000000000),
 ( 1.000000000000000000, 0.8371290630494891971, 1.000000000000000000) ) ) 
 REPRESENTATION_ITEM ( '' )  SURFACE ( )  );
#7174 = PLANE ( 'NONE',  #1936 ) ;
#7175 = LINE ( 'NONE', #10380, #717 ) ;
#7176 = EDGE_CURVE ( 'NONE', #5214, #3292, #9414, .T. ) ;
#7177 = CIRCLE ( 'NONE', #4137, 0.2888330770816419091 ) ;
#7178 = ORIENTED_EDGE ( 'NONE', *, *, #1542, .F. ) ;
#7179 = ADVANCED_FACE ( 'NONE', ( #8474 ), #2182, .T. ) ;
#7180 = CIRCLE ( 'NONE', #7840, 2.750000000000002665 ) ;
#7181 = ORIENTED_EDGE ( 'NONE', *, *, #2814, .F. ) ;
#7182 = DIRECTION ( 'NONE',  ( 0.000000000000000000, 0.000000000000000000, 1.000000000000000000 ) ) ;
#7183 = CARTESIAN_POINT ( 'NONE',  ( -53.20000000000000284, 7.099999999999998757, -2.924999999999968736 ) ) ;
#7184 = ORIENTED_EDGE ( 'NONE', *, *, #5927, .T. ) ;
#7185 = DIRECTION ( 'NONE',  ( 0.000000000000000000, 0.000000000000000000, -1.000000000000000000 ) ) ;
#7186 = AXIS2_PLACEMENT_3D ( 'NONE', #7889, #3298, #1646 ) ;
#7187 = CYLINDRICAL_SURFACE ( 'NONE', #6761, 0.2999999999999998779 ) ;
#7188 = CARTESIAN_POINT ( 'NONE',  ( -35.24172192299145934, 0.2946731267839041712, 8.349999999999997868 ) ) ;
#7189 = VECTOR ( 'NONE', #5119, 1000.000000000000000 ) ;
#7190 = DIRECTION ( 'NONE',  ( -0.000000000000000000, -0.000000000000000000, 1.000000000000000000 ) ) ;
#7191 = CARTESIAN_POINT ( 'NONE',  ( 47.49999999999997868, 0.000000000000000000, -11.75000000000000000 ) ) ;
#7192 = DIRECTION ( 'NONE',  ( 0.000000000000000000, 0.000000000000000000, 1.000000000000000000 ) ) ;
#7193 = ORIENTED_EDGE ( 'NONE', *, *, #1809, .F. ) ;
#7194 = ORIENTED_EDGE ( 'NONE', *, *, #3687, .T. ) ;
#7195 = AXIS2_PLACEMENT_3D ( 'NONE', #9463, #8785, #10259 ) ;
#7196 = DIRECTION ( 'NONE',  ( 0.000000000000000000, 0.000000000000000000, -1.000000000000000000 ) ) ;
#7197 = CYLINDRICAL_SURFACE ( 'NONE', #6892, 1.000000000000000888 ) ;
#7198 = EDGE_LOOP ( 'NONE', ( #9600, #86, #3997, #3756, #3685 ) ) ;
#7199 = CARTESIAN_POINT ( 'NONE',  ( 41.25000000000000000, -29.13279938488576448, 8.349999999999997868 ) ) ;
#7200 = DIRECTION ( 'NONE',  ( 0.000000000000000000, 0.000000000000000000, 1.000000000000000000 ) ) ;
#7201 = VECTOR ( 'NONE', #4810, 1000.000000000000000 ) ;
#7202 = DIRECTION ( 'NONE',  ( -1.000000000000000000, 0.000000000000000000, 3.652049423109075222E-16 ) ) ;
#7203 = CARTESIAN_POINT ( 'NONE',  ( -2.000000000000008882, 13.00000000000000178, 12.35000000000019149 ) ) ;
#7204 = ORIENTED_EDGE ( 'NONE', *, *, #1735, .T. ) ;
#7205 = ORIENTED_EDGE ( 'NONE', *, *, #8846, .F. ) ;
#7206 = CARTESIAN_POINT ( 'NONE',  ( -39.61980179287453296, 0.03950539805616428563, -2.823332963778559357 ) ) ;
#7207 = ORIENTED_EDGE ( 'NONE', *, *, #3283, .F. ) ;
#7208 = ORIENTED_EDGE ( 'NONE', *, *, #7735, .F. ) ;
#7209 = DIRECTION ( 'NONE',  ( -0.000000000000000000, 1.000000000000000000, -0.000000000000000000 ) ) ;
#7210 = CARTESIAN_POINT ( 'NONE',  ( 50.24999999999999289, 11.35000000000000142, 1.700000000000000622 ) ) ;
#7211 = EDGE_CURVE ( 'NONE', #9698, #4613, #4527, .T. ) ;
#7212 = DIRECTION ( 'NONE',  ( -0.3420201433256696566, -0.000000000000000000, 0.9396926207859080948 ) ) ;
#7213 = DIRECTION ( 'NONE',  ( 0.000000000000000000, 0.000000000000000000, 1.000000000000000000 ) ) ;
#7214 = ORIENTED_EDGE ( 'NONE', *, *, #369, .F. ) ;
#7215 = ADVANCED_FACE ( 'NONE', ( #4633 ), #1082, .T. ) ;
#7216 = EDGE_CURVE ( 'NONE', #6405, #5920, #2464, .T. ) ;
#7217 = ORIENTED_EDGE ( 'NONE', *, *, #9793, .F. ) ;
#7218 = CARTESIAN_POINT ( 'NONE',  ( 38.76960222758092556, 0.000000000000000000, -7.384264693320337969 ) ) ;
#7219 = CARTESIAN_POINT ( 'NONE',  ( 30.95000000000000284, 0.000000000000000000, -2.350000000000003197 ) ) ;
#7220 = DIRECTION ( 'NONE',  ( 1.000000000000000000, 0.000000000000000000, 0.000000000000000000 ) ) ;
#7221 = VERTEX_POINT ( 'NONE', #5219 ) ;
#7222 = CARTESIAN_POINT ( 'NONE',  ( 51.95000000000000284, 11.34999999999999964, 3.299999999999999378 ) ) ;
#7223 = VERTEX_POINT ( 'NONE', #3624 ) ;
#7224 = DIRECTION ( 'NONE',  ( 0.000000000000000000, 0.000000000000000000, 1.000000000000000000 ) ) ;
#7225 = EDGE_CURVE ( 'NONE', #3444, #9296, #5265, .T. ) ;
#7226 = CARTESIAN_POINT ( 'NONE',  ( 35.74931454692332977, -1.710159520506431596E-15, -0.1771536671049656064 ) ) ;
#7227 = ORIENTED_EDGE ( 'NONE', *, *, #7383, .F. ) ;
#7228 = VERTEX_POINT ( 'NONE', #7951 ) ;
#7229 = FACE_OUTER_BOUND ( 'NONE', #3115, .T. ) ;
#7230 = AXIS2_PLACEMENT_3D ( 'NONE', #505, #6277, #2045 ) ;
#7231 = LINE ( 'NONE', #1558, #6791 ) ;
#7232 = ORIENTED_EDGE ( 'NONE', *, *, #161, .F. ) ;
#7233 = FACE_OUTER_BOUND ( 'NONE', #6559, .T. ) ;
#7234 = PRODUCT ( '5_\X2\58f34f53\X0\', '5_\X2\58f34f53\X0\', '', ( #1982 ) ) ;
#7235 = DIRECTION ( 'NONE',  ( -0.000000000000000000, -1.000000000000000000, -0.000000000000000000 ) ) ;
#7236 = LINE ( 'NONE', #1563, #1830 ) ;
#7237 = EDGE_CURVE ( 'NONE', #7068, #59, #8029, .T. ) ;
#7238 = PLANE ( 'NONE',  #3447 ) ;
#7239 = VECTOR ( 'NONE', #7443, 1000.000000000000000 ) ;
#7240 = CARTESIAN_POINT ( 'NONE',  ( 0.000000000000000000, 6.500000000000000888, -12.25000000000000000 ) ) ;
#7241 = CARTESIAN_POINT ( 'NONE',  ( 20.65000000000000213, 0.5000000000000004441, 8.349999999999997868 ) ) ;
#7242 = ORIENTED_EDGE ( 'NONE', *, *, #10333, .F. ) ;
#7243 = ORIENTED_EDGE ( 'NONE', *, *, #9398, .F. ) ;
#7244 = DIRECTION ( 'NONE',  ( 0.6427876096865420275, 0.000000000000000000, -0.7660444431189757930 ) ) ;
#7245 = CIRCLE ( 'NONE', #4030, 1.000000000000000888 ) ;
#7246 = CARTESIAN_POINT ( 'NONE',  ( 0.5999999999999912070, 13.00000000000000178, 13.55000000000000071 ) ) ;
#7247 = EDGE_CURVE ( 'NONE', #5846, #907, #701, .T. ) ;
#7248 = EDGE_LOOP ( 'NONE', ( #6654, #8377, #6035, #5303 ) ) ;
#7249 = LINE ( 'NONE', #9765, #6833 ) ;
#7250 = CARTESIAN_POINT ( 'NONE',  ( 7.094920150553281069, 0.5000000000000000000, 12.28876217640250346 ) ) ;
#7251 = EDGE_LOOP ( 'NONE', ( #1111, #278, #4021, #9017, #1233, #4334, #6267, #3655, #6860, #2262, #1969, #6232, #1471, #10192, #3701, #2850, #586, #8728, #3905, #710, #2350, #6873, #8970, #554, #362, #1188, #6842, #8648, #538, #647, #2318, #2163, #6993, #10058, #8484 ) ) ;
#7252 = CYLINDRICAL_SURFACE ( 'NONE', #6168, 1.300000000000000711 ) ;
#7253 = FACE_OUTER_BOUND ( 'NONE', #1064, .T. ) ;
#7254 = ORIENTED_EDGE ( 'NONE', *, *, #3148, .F. ) ;
#7255 = EDGE_CURVE ( 'NONE', #7814, #4929, #2113, .T. ) ;
#7256 = VERTEX_POINT ( 'NONE', #5689 ) ;
#7257 = CARTESIAN_POINT ( 'NONE',  ( -31.44101788930268171, 2.721234519427554233, 3.615000000000000213 ) ) ;
#7258 = VECTOR ( 'NONE', #6738, 1000.000000000000000 ) ;
#7259 = ORIENTED_EDGE ( 'NONE', *, *, #2982, .F. ) ;
#7260 = CARTESIAN_POINT ( 'NONE',  ( -1.408389356733645998E-15, 0.5000000000000004441, -10.25000000000000533 ) ) ;
#7261 = CARTESIAN_POINT ( 'NONE',  ( 23.84999999999998366, 0.5000000000000000000, 4.355068937057558623E-14 ) ) ;
#7262 = CARTESIAN_POINT ( 'NONE',  ( -52.36670038755151069, 7.600715368230758884, -3.955779289759070672 ) ) ;
#7263 = CARTESIAN_POINT ( 'NONE',  ( 0.5999999999999912070, 14.50000000000000000, -13.55000000000000071 ) ) ;
#7264 = CARTESIAN_POINT ( 'NONE',  ( 0.000000000000000000, 6.500000000000000888, 0.000000000000000000 ) ) ;
#7265 = ORIENTED_EDGE ( 'NONE', *, *, #4375, .T. ) ;
#7266 = AXIS2_PLACEMENT_3D ( 'NONE', #7703, #10111, #556 ) ;
#7267 = ORIENTED_EDGE ( 'NONE', *, *, #9807, .F. ) ;
#7268 = ADVANCED_FACE ( 'NONE', ( #5630 ), #9625, .T. ) ;
#7269 = LINE ( 'NONE', #7378, #6432 ) ;
#7270 = FACE_OUTER_BOUND ( 'NONE', #6546, .T. ) ;
#7271 = CARTESIAN_POINT ( 'NONE',  ( 31.69999999999997797, 0.5000000000000000000, -11.31869555732605015 ) ) ;
#7272 = ORIENTED_EDGE ( 'NONE', *, *, #6313, .T. ) ;
#7273 = CARTESIAN_POINT ( 'NONE',  ( -52.33705536026288030, 8.291617929101620987, -4.224942567312415242 ) ) ;
#7274 = AXIS2_PLACEMENT_3D ( 'NONE', #270, #5440, #6180 ) ;
#7275 = CIRCLE ( 'NONE', #7611, 5.499999999999985789 ) ;
#7276 = ORIENTED_EDGE ( 'NONE', *, *, #3648, .F. ) ;
#7277 = LINE ( 'NONE', #5584, #10336 ) ;
#7278 = CARTESIAN_POINT ( 'NONE',  ( -50.25000000000000711, 16.00000000000000000, 9.499999999999980460 ) ) ;
#7279 = CARTESIAN_POINT ( 'NONE',  ( 51.95000000000000284, 9.849999999999999645, 1.700000000000000178 ) ) ;
#7280 = ORIENTED_EDGE ( 'NONE', *, *, #6359, .T. ) ;
#7281 = VERTEX_POINT ( 'NONE', #7166 ) ;
#7282 = ADVANCED_FACE ( 'NONE', ( #2399, #7108 ), #2292, .F. ) ;
#7283 = CARTESIAN_POINT ( 'NONE',  ( 25.85635347795577133, 0.2999999999999999889, -4.424792786874574446 ) ) ;
#7284 = CARTESIAN_POINT ( 'NONE',  ( 30.95000000000000284, 0.5000000000000000000, -2.350000000000003197 ) ) ;
#7285 = ORIENTED_EDGE ( 'NONE', *, *, #6438, .F. ) ;
#7286 = CARTESIAN_POINT ( 'NONE',  ( -34.44357915404025761, -6.058573835305378367E-16, -2.880231426856664001 ) ) ;
#7287 = CARTESIAN_POINT ( 'NONE',  ( 23.13039777241904460, 0.000000000000000000, -7.384264693320293560 ) ) ;
#7288 = CARTESIAN_POINT ( 'NONE',  ( -20.00000000000001066, 11.00000000000000178, -13.55000000000000071 ) ) ;
#7289 = ADVANCED_FACE ( 'NONE', ( #3088 ), #1497, .F. ) ;
#7290 = CARTESIAN_POINT ( 'NONE',  ( 35.66143789659455621, 0.000000000000000000, -4.550534695598433821 ) ) ;
#7291 = DIRECTION ( 'NONE',  ( 1.000000000000000000, 0.000000000000000000, 0.000000000000000000 ) ) ;
#7292 = LINE ( 'NONE', #7497, #10322 ) ;
#7293 = ORIENTED_EDGE ( 'NONE', *, *, #4997, .T. ) ;
#7294 = ORIENTED_EDGE ( 'NONE', *, *, #8569, .T. ) ;
#7295 = EDGE_CURVE ( 'NONE', #4340, #8780, #265, .T. ) ;
#7296 = AXIS2_PLACEMENT_3D ( 'NONE', #9321, #2196, #2093 ) ;
#7297 = SURFACE_SIDE_STYLE ('',( #587 ) ) ;
#7298 = FACE_OUTER_BOUND ( 'NONE', #8315, .T. ) ;
#7299 = CARTESIAN_POINT ( 'NONE',  ( -2.036682489283829767E-14, 11.00000000000000178, 14.75000000000003553 ) ) ;
#7300 = ORIENTED_EDGE ( 'NONE', *, *, #266, .T. ) ;
#7301 = CARTESIAN_POINT ( 'NONE',  ( 39.09211819145298961, 0.2999999999999999889, -6.184828725824718099 ) ) ;
#7302 = CARTESIAN_POINT ( 'NONE',  ( -52.40568058483292901, 9.651669329609427805, -3.751634072195813463 ) ) ;
#7303 = AXIS2_PLACEMENT_3D ( 'NONE', #208, #3337, #9030 ) ;
#7304 = EDGE_LOOP ( 'NONE', ( #1162, #4674, #10444, #9998, #5868, #4781 ) ) ;
#7305 = CARTESIAN_POINT ( 'NONE',  ( 49.74999999999999289, 3.000000000000000000, -1.816894587996768538E-14 ) ) ;
#7306 = CARTESIAN_POINT ( 'NONE',  ( 20.65000000000000213, 0.5000000000000004441, -10.25000000000000533 ) ) ;
#7307 = EDGE_LOOP ( 'NONE', ( #7817, #543, #3826, #10016 ) ) ;
#7308 = VERTEX_POINT ( 'NONE', #3831 ) ;
#7309 = EDGE_CURVE ( 'NONE', #7408, #10313, #6317, .T. ) ;
#7310 = VECTOR ( 'NONE', #6817, 1000.000000000000000 ) ;
#7311 = CARTESIAN_POINT ( 'NONE',  ( 30.95000000000000284, 0.2999999999999999889, -2.350000000000003197 ) ) ;
#7312 = CIRCLE ( 'NONE', #8645, 2.000000000000000000 ) ;
#7313 = ORIENTED_EDGE ( 'NONE', *, *, #9258, .F. ) ;
#7314 = CARTESIAN_POINT ( 'NONE',  ( -35.26554871542300162, 0.1999999999999987899, -2.765000000000000124 ) ) ;
#7315 = EDGE_CURVE ( 'NONE', #4874, #6895, #9684, .T. ) ;
#7316 = LINE ( 'NONE', #5840, #7499 ) ;
#7317 = FACE_OUTER_BOUND ( 'NONE', #9734, .T. ) ;
#7318 = DIRECTION ( 'NONE',  ( 0.000000000000000000, 1.000000000000000000, 0.000000000000000000 ) ) ;
#7319 = DIRECTION ( 'NONE',  ( 1.000000000000000000, 0.000000000000000000, 0.000000000000000000 ) ) ;
#7320 = EDGE_LOOP ( 'NONE', ( #1599, #3204, #3026, #133 ) ) ;
#7321 = VECTOR ( 'NONE', #5814, 1000.000000000000000 ) ;
#7322 = AXIS2_PLACEMENT_3D ( 'NONE', #7859, #6172, #2990 ) ;
#7323 = VERTEX_POINT ( 'NONE', #5528 ) ;
#7324 = FACE_OUTER_BOUND ( 'NONE', #5849, .T. ) ;
#7325 = DIRECTION ( 'NONE',  ( 0.000000000000000000, 0.000000000000000000, 1.000000000000000000 ) ) ;
#7326 = CARTESIAN_POINT ( 'NONE',  ( 45.25000000000000711, 6.000000000000000000, -12.25000000000000000 ) ) ;
#7327 = ORIENTED_EDGE ( 'NONE', *, *, #473, .T. ) ;
#7328 = CARTESIAN_POINT ( 'NONE',  ( -52.20456437409611539, 8.623970877145248792, -4.262457020310523426 ) ) ;
#7329 = LINE ( 'NONE', #762, #9830 ) ;
#7330 = AXIS2_PLACEMENT_3D ( 'NONE', #7090, #2218, #1434 ) ;
#7331 = DIRECTION ( 'NONE',  ( -0.000000000000000000, 1.000000000000000000, -0.000000000000000000 ) ) ;
#7332 = CARTESIAN_POINT ( 'NONE',  ( 35.25070682527638155, 0.02221052063481617628, -5.511033455695020677 ) ) ;
#7333 = ORIENTED_EDGE ( 'NONE', *, *, #4180, .F. ) ;
#7334 = AXIS2_PLACEMENT_3D ( 'NONE', #8405, #4555, #3551 ) ;
#7335 = DIRECTION ( 'NONE',  ( 1.000000000000000000, -0.000000000000000000, 0.000000000000000000 ) ) ;
#7336 = VECTOR ( 'NONE', #5447, 1000.000000000000000 ) ;
#7337 = CIRCLE ( 'NONE', #7997, 0.1999999999999999556 ) ;
#7338 = DIRECTION ( 'NONE',  ( -0.000000000000000000, 0.000000000000000000, -1.000000000000000000 ) ) ;
#7339 = CARTESIAN_POINT ( 'NONE',  ( -51.95000000000000995, 8.400000000000000355, -2.449999999999999734 ) ) ;
#7340 = ORIENTED_EDGE ( 'NONE', *, *, #5396, .F. ) ;
#7341 = DIRECTION ( 'NONE',  ( -0.000000000000000000, -0.000000000000000000, 1.000000000000000000 ) ) ;
#7342 = CYLINDRICAL_SURFACE ( 'NONE', #6255, 8.000000000000000000 ) ;
#7343 = PLANE ( 'NONE',  #992 ) ;
#7344 = CARTESIAN_POINT ( 'NONE',  ( 0.000000000000000000, 8.000000000000000000, 0.000000000000000000 ) ) ;
#7345 = EDGE_CURVE ( 'NONE', #1568, #2025, #6177, .T. ) ;
#7346 = VECTOR ( 'NONE', #1477, 1000.000000000000000 ) ;
#7347 = CARTESIAN_POINT ( 'NONE',  ( -34.31252571724582623, 0.2000000000000016209, 8.349999999999997868 ) ) ;
#7348 = CARTESIAN_POINT ( 'NONE',  ( -52.25000000000001421, 8.400000000000000355, 2.925000000000030465 ) ) ;
#7349 = ORIENTED_EDGE ( 'NONE', *, *, #8023, .F. ) ;
#7350 = ORIENTED_EDGE ( 'NONE', *, *, #7692, .T. ) ;
#7351 = ADVANCED_FACE ( 'NONE', ( #6369 ), #9571, .F. ) ;
#7352 = EDGE_CURVE ( 'NONE', #3023, #6345, #3195, .T. ) ;
#7353 = AXIS2_PLACEMENT_3D ( 'NONE', #3013, #1529, #3754 ) ;
#7354 = AXIS2_PLACEMENT_3D ( 'NONE', #2067, #7727, #5360 ) ;
#7355 = DIRECTION ( 'NONE',  ( -0.000000000000000000, -0.000000000000000000, 1.000000000000000000 ) ) ;
#7356 = DIRECTION ( 'NONE',  ( -1.000000000000000000, -1.874314505684327150E-13, 0.000000000000000000 ) ) ;
#7357 = ORIENTED_EDGE ( 'NONE', *, *, #1261, .F. ) ;
#7358 = FACE_BOUND ( 'NONE', #3851, .T. ) ;
#7359 = CARTESIAN_POINT ( 'NONE',  ( -34.31252571724582623, 0.2000000000000003164, 3.615000000000000213 ) ) ;
#7360 = EDGE_CURVE ( 'NONE', #2770, #6999, #3033, .T. ) ;
#7361 = VERTEX_POINT ( 'NONE', #7271 ) ;
#7362 = CARTESIAN_POINT ( 'NONE',  ( -34.52834772718359346, 0.2000000000000000944, -20.34067203111825251 ) ) ;
#7363 = ORIENTED_EDGE ( 'NONE', *, *, #7081, .T. ) ;
#7364 = CIRCLE ( 'NONE', #8368, 2.750000000000002665 ) ;
#7365 = ORIENTED_EDGE ( 'NONE', *, *, #9118, .T. ) ;
#7366 = ADVANCED_FACE ( 'NONE', ( #2460 ), #8890, .T. ) ;
#7367 = CARTESIAN_POINT ( 'NONE',  ( -52.45000000000001705, 9.900000000000000355, 2.925000000000023359 ) ) ;
#7368 = ORIENTED_EDGE ( 'NONE', *, *, #7018, .F. ) ;
#7369 = VECTOR ( 'NONE', #6540, 1000.000000000000000 ) ;
#7370 = DIRECTION ( 'NONE',  ( -0.000000000000000000, 1.000000000000000000, -0.000000000000000000 ) ) ;
#7371 = DIRECTION ( 'NONE',  ( 0.000000000000000000, 0.000000000000000000, 1.000000000000000000 ) ) ;
#7372 = CARTESIAN_POINT ( 'NONE',  ( -39.63977263648107652, 0.2000000000000000111, -3.615000000000000213 ) ) ;
#7373 = EDGE_CURVE ( 'NONE', #7861, #4724, #2779, .T. ) ;
#7374 = DIRECTION ( 'NONE',  ( 0.000000000000000000, 0.000000000000000000, 1.000000000000000000 ) ) ;
#7375 = CYLINDRICAL_SURFACE ( 'NONE', #8169, 4.341174913715429184 ) ;
#7376 = ORIENTED_EDGE ( 'NONE', *, *, #6359, .F. ) ;
#7377 = ORIENTED_EDGE ( 'NONE', *, *, #7360, .T. ) ;
#7378 = CARTESIAN_POINT ( 'NONE',  ( 50.25000000000000000, 8.000000000000000000, 0.000000000000000000 ) ) ;
#7379 = CARTESIAN_POINT ( 'NONE',  ( -24.49308044258727080, 13.00000000000000178, -14.75000000000000355 ) ) ;
#7380 = ORIENTED_EDGE ( 'NONE', *, *, #1502, .T. ) ;
#7381 = DIRECTION ( 'NONE',  ( 0.000000000000000000, 0.000000000000000000, 1.000000000000000000 ) ) ;
#7382 = DIRECTION ( 'NONE',  ( 1.000000000000000000, 0.000000000000000000, 0.000000000000000000 ) ) ;
#7383 = EDGE_CURVE ( 'NONE', #2461, #1303, #9206, .T. ) ;
#7384 = CARTESIAN_POINT ( 'NONE',  ( -34.37348617369437420, 0.04767268713831662036, -8.895138446510774344 ) ) ;
#7385 = CARTESIAN_POINT ( 'NONE',  ( -52.26145520592808680, 8.292409053680239950, 4.225057692675163956 ) ) ;
#7386 = CARTESIAN_POINT ( 'NONE',  ( 35.98197956910962603, 0.1300423822510664573, -0.2541858920927406729 ) ) ;
#7387 = EDGE_CURVE ( 'NONE', #6405, #2751, #236, .T. ) ;
#7388 = EDGE_LOOP ( 'NONE', ( #2349, #4278, #1000, #5054 ) ) ;
#7389 = LINE ( 'NONE', #4211, #9437 ) ;
#7390 = PLANE ( 'NONE',  #1339 ) ;
#7391 = CARTESIAN_POINT ( 'NONE',  ( -51.95000000000000995, 10.00000000000000000, 2.449999999999999289 ) ) ;
#7392 = ORIENTED_EDGE ( 'NONE', *, *, #9515, .T. ) ;
#7393 = PLANE ( 'NONE',  #8570 ) ;
#7394 = CARTESIAN_POINT ( 'NONE',  ( 30.95000000000000284, 0.5000000000000000000, -2.350000000000003197 ) ) ;
#7395 = CARTESIAN_POINT ( 'NONE',  ( -47.50000000000000711, 14.50000000000000000, 9.500000000000001776 ) ) ;
#7396 = FACE_OUTER_BOUND ( 'NONE', #1065, .T. ) ;
#7397 = DIRECTION ( 'NONE',  ( 0.000000000000000000, 0.000000000000000000, -1.000000000000000000 ) ) ;
#7398 = VERTEX_POINT ( 'NONE', #2675 ) ;
#7399 = ORIENTED_EDGE ( 'NONE', *, *, #473, .F. ) ;
#7400 = CYLINDRICAL_SURFACE ( 'NONE', #7964, 1.999999999999996669 ) ;
#7401 = EDGE_CURVE ( 'NONE', #6555, #3397, #1446, .T. ) ;
#7402 = CARTESIAN_POINT ( 'NONE',  ( -52.20449119161607854, 8.641133555070565464, 4.260293390207297470 ) ) ;
#7403 = CARTESIAN_POINT ( 'NONE',  ( 35.29364652204422725, 0.5000000000000000000, 1.023830892551222060 ) ) ;
#7404 = CARTESIAN_POINT ( 'NONE',  ( 43.25000000000000711, 6.000000000000000000, 8.250000000000001776 ) ) ;
#7405 = ORIENTED_EDGE ( 'NONE', *, *, #1423, .F. ) ;
#7406 = CARTESIAN_POINT ( 'NONE',  ( -20.00000000000001066, 16.00000000000000000, 13.25000000000000178 ) ) ;
#7407 = CARTESIAN_POINT ( 'NONE',  ( 3.099999999999991651, 13.00000000000000178, 13.45000000000019114 ) ) ;
#7408 = VERTEX_POINT ( 'NONE', #7103 ) ;
#7409 = CARTESIAN_POINT ( 'NONE',  ( 23.55788180854698766, 0.2999999999999999889, -7.483866831501331696 ) ) ;
#7410 = ORIENTED_EDGE ( 'NONE', *, *, #5338, .T. ) ;
#7411 = ORIENTED_EDGE ( 'NONE', *, *, #4152, .F. ) ;
#7412 = VECTOR ( 'NONE', #7821, 1000.000000000000000 ) ;
#7413 = EDGE_CURVE ( 'NONE', #6094, #5214, #2232, .T. ) ;
#7414 = CARTESIAN_POINT ( 'NONE',  ( 39.11515805832829784, 0.1248391197358945798, 1.558743620592515144 ) ) ;
#7415 = VERTEX_POINT ( 'NONE', #1289 ) ;
#7416 = DIRECTION ( 'NONE',  ( 0.000000000000000000, 0.000000000000000000, 1.000000000000000000 ) ) ;
#7417 = CARTESIAN_POINT ( 'NONE',  ( -35.26554871542300162, 0.1999999999999987899, 3.615000000000000213 ) ) ;
#7418 = DIRECTION ( 'NONE',  ( 0.8660254037843672092, 0.000000000000000000, -0.5000000000001236788 ) ) ;
#7419 = EDGE_CURVE ( 'NONE', #8403, #6681, #3665, .T. ) ;
#7420 = CARTESIAN_POINT ( 'NONE',  ( -31.44101788930268171, 2.721234519427554233, -2.765000000000000124 ) ) ;
#7421 = AXIS2_PLACEMENT_3D ( 'NONE', #8968, #9811, #8917 ) ;
#7422 = CARTESIAN_POINT ( 'NONE',  ( 43.25000000000000711, 8.000000000000000000, -12.25000000000000178 ) ) ;
#7423 = ORIENTED_EDGE ( 'NONE', *, *, #4755, .T. ) ;
#7424 = ORIENTED_EDGE ( 'NONE', *, *, #690, .T. ) ;
#7425 = EDGE_CURVE ( 'NONE', #3923, #2770, #7531, .T. ) ;
#7426 = DIRECTION ( 'NONE',  ( 0.000000000000000000, 0.000000000000000000, -1.000000000000000000 ) ) ;
#7427 = LINE ( 'NONE', #7326, #8859 ) ;
#7428 = ORIENTED_EDGE ( 'NONE', *, *, #6720, .F. ) ;
#7429 = CARTESIAN_POINT ( 'NONE',  ( 26.60635347795579619, 0.2999999999999999889, 1.023830892551267135 ) ) ;
#7430 = CARTESIAN_POINT ( 'NONE',  ( 21.96734517834434897, 4.899999999999999467, 21.96734517834455502 ) ) ;
#7431 = TOROIDAL_SURFACE ( 'NONE', #5748, 1.600000000000000755, 0.2999999999999999889 ) ;
#7432 = LINE ( 'NONE', #5899, #9773 ) ;
#7433 = AXIS2_PLACEMENT_3D ( 'NONE', #5015, #8223, #5118 ) ;
#7434 = CARTESIAN_POINT ( 'NONE',  ( -52.20456334646849683, 8.624434568406670110, 4.262417259502921496 ) ) ;
#7435 = ORIENTED_EDGE ( 'NONE', *, *, #6368, .F. ) ;
#7436 = EDGE_CURVE ( 'NONE', #8049, #7897, #7734, .T. ) ;
#7437 = CIRCLE ( 'NONE', #8770, 3.000000000000000888 ) ;
#7438 = DIRECTION ( 'NONE',  ( 0.8660254037844381525, 0.000000000000000000, 0.5000000000000009992 ) ) ;
#7439 = AXIS2_PLACEMENT_3D ( 'NONE', #77, #4898, #7325 ) ;
#7440 = DIRECTION ( 'NONE',  ( -0.3420201433256696011, 0.000000000000000000, 0.9396926207859082059 ) ) ;
#7441 = DIRECTION ( 'NONE',  ( -0.000000000000000000, 1.000000000000000000, 0.000000000000000000 ) ) ;
#7442 = EDGE_LOOP ( 'NONE', ( #9479, #4645, #7983, #7350 ) ) ;
#7443 = DIRECTION ( 'NONE',  ( -0.000000000000000000, 1.000000000000000000, -0.000000000000000000 ) ) ;
#7444 = DIRECTION ( 'NONE',  ( 0.000000000000000000, 1.000000000000000000, -0.000000000000000000 ) ) ;
#7445 = EDGE_CURVE ( 'NONE', #10415, #5518, #7857, .T. ) ;
#7446 = AXIS2_PLACEMENT_3D ( 'NONE', #7542, #289, #3520 ) ;
#7447 = DIRECTION ( 'NONE',  ( 0.000000000000000000, 0.000000000000000000, -1.000000000000000000 ) ) ;
#7448 = ORIENTED_EDGE ( 'NONE', *, *, #6933, .T. ) ;
#7449 = VERTEX_POINT ( 'NONE', #6260 ) ;
#7450 = FACE_OUTER_BOUND ( 'NONE', #4835, .T. ) ;
#7451 = CARTESIAN_POINT ( 'NONE',  ( -52.11873040193003703, 8.152082915616853498, 4.337720183757046932 ) ) ;
#7452 = DIRECTION ( 'NONE',  ( 0.000000000000000000, 1.000000000000000000, -0.000000000000000000 ) ) ;
#7453 = FACE_OUTER_BOUND ( 'NONE', #1424, .T. ) ;
#7454 = EDGE_LOOP ( 'NONE', ( #8757, #3225, #595, #2584 ) ) ;
#7455 = LINE ( 'NONE', #2649, #573 ) ;
#7456 = CARTESIAN_POINT ( 'NONE',  ( -20.00000000000001066, 16.00001200000000168, 12.25000000000000178 ) ) ;
#7457 = ORIENTED_EDGE ( 'NONE', *, *, #3071, .F. ) ;
#7458 = CARTESIAN_POINT ( 'NONE',  ( -52.33704905526285955, 8.292304885474839793, 4.225000000000110667 ) ) ;
#7459 = EDGE_CURVE ( 'NONE', #2191, #10405, #9457, .T. ) ;
#7460 = ORIENTED_EDGE ( 'NONE', *, *, #10048, .T. ) ;
#7461 = ORIENTED_EDGE ( 'NONE', *, *, #3590, .T. ) ;
#7462 = CARTESIAN_POINT ( 'NONE',  ( -52.12919047830141039, 9.558425586967771892, -3.971980343050852458 ) ) ;
#7463 = VERTEX_POINT ( 'NONE', #10304 ) ;
#7464 = DIRECTION ( 'NONE',  ( 0.000000000000000000, 1.000000000000000000, -0.000000000000000000 ) ) ;
#7465 = AXIS2_PLACEMENT_3D ( 'NONE', #5080, #5028, #5915 ) ;
#7466 = LINE ( 'NONE', #3450, #1094 ) ;
#7467 = DIRECTION ( 'NONE',  ( -0.8660254037844380415, 0.000000000000000000, -0.5000000000000009992 ) ) ;
#7468 = CARTESIAN_POINT ( 'NONE',  ( -31.39188509507858882, -5.763799554131271643E-16, -2.847842712474618843 ) ) ;
#7469 = EDGE_CURVE ( 'NONE', #8613, #6882, #591, .T. ) ;
#7470 = ORIENTED_EDGE ( 'NONE', *, *, #4409, .F. ) ;
#7471 = ORIENTED_EDGE ( 'NONE', *, *, #3139, .T. ) ;
#7472 = CIRCLE ( 'NONE', #10135, 0.1999999999999998723 ) ;
#7473 = ORIENTED_EDGE ( 'NONE', *, *, #3213, .T. ) ;
#7474 = EDGE_CURVE ( 'NONE', #4829, #10110, #4471, .T. ) ;
#7475 = PLANE ( 'NONE',  #14 ) ;
#7476 = ADVANCED_FACE ( 'NONE', ( #2420 ), #144, .T. ) ;
#7477 = CARTESIAN_POINT ( 'NONE',  ( -31.22777815357900622, 3.000000000000000000, -8.849999999999997868 ) ) ;
#7478 = ORIENTED_EDGE ( 'NONE', *, *, #3933, .F. ) ;
#7479 = PLANE ( 'NONE',  #10251 ) ;
#7480 = LINE ( 'NONE', #6737, #5633 ) ;
#7481 = VECTOR ( 'NONE', #3587, 1000.000000000000000 ) ;
#7482 = CARTESIAN_POINT ( 'NONE',  ( -34.52834772718359346, 0.000000000000000000, -9.049999999999998934 ) ) ;
#7483 = CARTESIAN_POINT ( 'NONE',  ( -51.95000000000000995, 10.30000000000000071, -2.449999999999999289 ) ) ;
#7484 = EDGE_CURVE ( 'NONE', #8256, #10409, #4006, .T. ) ;
#7485 = AXIS2_PLACEMENT_3D ( 'NONE', #9633, #276, #5746 ) ;
#7486 = DIRECTION ( 'NONE',  ( 0.000000000000000000, 1.000000000000000000, 0.000000000000000000 ) ) ;
#7487 = ORIENTED_EDGE ( 'NONE', *, *, #4695, .F. ) ;
#7488 = DIRECTION ( 'NONE',  ( 1.000000000000000000, 0.000000000000000000, 0.000000000000000000 ) ) ;
#7489 = EDGE_CURVE ( 'NONE', #3338, #10139, #3373, .T. ) ;
#7490 = DIRECTION ( 'NONE',  ( 0.000000000000000000, 0.000000000000000000, 1.000000000000000000 ) ) ;
#7491 = DIRECTION ( 'NONE',  ( -0.000000000000000000, -0.000000000000000000, 1.000000000000000000 ) ) ;
#7492 = ORIENTED_EDGE ( 'NONE', *, *, #4619, .F. ) ;
#7493 = VECTOR ( 'NONE', #6588, 1000.000000000000000 ) ;
#7494 = LINE ( 'NONE', #246, #546 ) ;
#7495 = EDGE_CURVE ( 'NONE', #120, #5456, #8229, .T. ) ;
#7496 = CIRCLE ( 'NONE', #3445, 9.000000000000012434 ) ;
#7497 = CARTESIAN_POINT ( 'NONE',  ( 0.5999999999999912070, 13.00000000000000178, -13.35000000000018971 ) ) ;
#7498 = ORIENTED_EDGE ( 'NONE', *, *, #4596, .T. ) ;
#7499 = VECTOR ( 'NONE', #8146, 1000.000000000000000 ) ;
#7500 = ORIENTED_EDGE ( 'NONE', *, *, #6887, .F. ) ;
#7501 = EDGE_CURVE ( 'NONE', #3726, #628, #408, .T. ) ;
#7502 = CARTESIAN_POINT ( 'NONE',  ( -35.26554871542300162, 0.2000000000000000111, -3.615000000000000213 ) ) ;
#7503 = CARTESIAN_POINT ( 'NONE',  ( -52.20957954963406422, 7.507737535850804278, 3.999730970224394166 ) ) ;
#7504 = CARTESIAN_POINT ( 'NONE',  ( 22.81827201635470459, -1.697056274847719815, -10.08172798364529754 ) ) ;
#7505 = LINE ( 'NONE', #6814, #9580 ) ;
#7506 = ORIENTED_EDGE ( 'NONE', *, *, #9980, .T. ) ;
#7507 = AXIS2_PLACEMENT_3D ( 'NONE', #7764, #2107, #8503 ) ;
#7508 = LINE ( 'NONE', #2695, #1930 ) ;
#7509 = CARTESIAN_POINT ( 'NONE',  ( -31.44101788930268171, 2.721234519427555121, -8.849999999999997868 ) ) ;
#7510 =( BOUNDED_CURVE ( )  B_SPLINE_CURVE ( 3, ( #2717, #5943, #9145, #1915 ),
 .UNSPECIFIED., .F., .F. ) 
 B_SPLINE_CURVE_WITH_KNOTS ( ( 4, 4 ),
 ( 3.517851087758622874, 4.712388980384690562 ),
 .UNSPECIFIED. ) 
 CURVE ( )  GEOMETRIC_REPRESENTATION_ITEM ( )  RATIONAL_B_SPLINE_CURVE ( ( 1.000000000000000000, 0.8845830693046154991, 0.8845830693046154991, 1.000000000000000000 ) ) 
 REPRESENTATION_ITEM ( '' )  );
#7511 = PLANE ( 'NONE',  #1887 ) ;
#7512 = ORIENTED_EDGE ( 'NONE', *, *, #9118, .F. ) ;
#7513 = EDGE_LOOP ( 'NONE', ( #2075, #4408, #9303, #711, #1226 ) ) ;
#7514 = AXIS2_PLACEMENT_3D ( 'NONE', #6194, #2114, #9394 ) ;
#7515 = AXIS2_PLACEMENT_3D ( 'NONE', #204, #6612, #9965 ) ;
#7516 = EDGE_CURVE ( 'NONE', #3966, #6478, #4864, .T. ) ;
#7517 = CARTESIAN_POINT ( 'NONE',  ( 35.25070682527642418, 0.02221052063481728997, 0.8110334556949788665 ) ) ;
#7518 = ORIENTED_EDGE ( 'NONE', *, *, #6899, .F. ) ;
#7519 = CARTESIAN_POINT ( 'NONE',  ( -50.25000000000545697, 6.499999999999999112, 2.449999999999999734 ) ) ;
#7520 = CARTESIAN_POINT ( 'NONE',  ( -24.49308044258726724, 11.00000000000000178, 14.75000000000000355 ) ) ;
#7521 = CARTESIAN_POINT ( 'NONE',  ( 26.60635347795579975, 0.2999999999999999889, 1.023830892551265803 ) ) ;
#7522 = AXIS2_PLACEMENT_3D ( 'NONE', #9505, #4562, #638 ) ;
#7523 = DIRECTION ( 'NONE',  ( 1.871330610546719070E-17, 0.000000000000000000, -1.000000000000000000 ) ) ;
#7524 = VECTOR ( 'NONE', #8224, 1000.000000000000000 ) ;
#7525 = FACE_OUTER_BOUND ( 'NONE', #8518, .T. ) ;
#7526 = ORIENTED_EDGE ( 'NONE', *, *, #5928, .F. ) ;
#7527 = DIRECTION ( 'NONE',  ( 0.000000000000000000, 0.000000000000000000, -1.000000000000000000 ) ) ;
#7528 = VERTEX_POINT ( 'NONE', #9705 ) ;
#7529 = ORIENTED_EDGE ( 'NONE', *, *, #2503, .F. ) ;
#7530 = FACE_OUTER_BOUND ( 'NONE', #6781, .T. ) ;
#7531 = CIRCLE ( 'NONE', #5171, 2.750000000000000888 ) ;
#7532 = EDGE_CURVE ( 'NONE', #1767, #8732, #6831, .T. ) ;
#7533 = CYLINDRICAL_SURFACE ( 'NONE', #3289, 1.000000000000000888 ) ;
#7534 = ORIENTED_EDGE ( 'NONE', *, *, #3933, .T. ) ;
#7535 = ORIENTED_EDGE ( 'NONE', *, *, #7474, .F. ) ;
#7536 = CARTESIAN_POINT ( 'NONE',  ( -51.96394933554886819, 7.467429479039968676, 4.122866789112356933 ) ) ;
#7537 = CARTESIAN_POINT ( 'NONE',  ( -52.20422514057982966, 7.948527322046830434, -4.210235238010390013 ) ) ;
#7538 = DIRECTION ( 'NONE',  ( 0.000000000000000000, 1.000000000000000000, -0.000000000000000000 ) ) ;
#7539 = CARTESIAN_POINT ( 'NONE',  ( -52.20476079210905596, 8.513600012123859528, 4.274945468914534530 ) ) ;
#7540 = EDGE_CURVE ( 'NONE', #8514, #8490, #4115, .T. ) ;
#7541 = EDGE_LOOP ( 'NONE', ( #6011, #4764, #9546, #3879 ) ) ;
#7542 = CARTESIAN_POINT ( 'NONE',  ( 47.49999999999999289, 3.000000000000000000, -9.499999999999998224 ) ) ;
#7543 = CARTESIAN_POINT ( 'NONE',  ( 22.35000000000000142, 4.899999999999999467, -10.34999999999999787 ) ) ;
#7544 = EDGE_CURVE ( 'NONE', #2441, #8875, #9509, .T. ) ;
#7545 = PLANE ( 'NONE',  #2624 ) ;
#7546 = EDGE_LOOP ( 'NONE', ( #491, #5631, #5696, #5942, #5308, #8089, #4600, #10131, #2593, #2785, #4485, #9931 ) ) ;
#7547 = CARTESIAN_POINT ( 'NONE',  ( 0.000000000000000000, 6.500000000000000888, 0.000000000000000000 ) ) ;
#7548 = DIRECTION ( 'NONE',  ( 0.000000000000000000, 0.000000000000000000, 1.000000000000000000 ) ) ;
#7549 = EDGE_CURVE ( 'NONE', #636, #98, #5022, .T. ) ;
#7550 = DIRECTION ( 'NONE',  ( 0.000000000000000000, 0.000000000000000000, 1.000000000000000000 ) ) ;
#7551 = CARTESIAN_POINT ( 'NONE',  ( 50.24999999999999289, 9.849999999999999645, 2.500000000000000000 ) ) ;
#7552 = ORIENTED_EDGE ( 'NONE', *, *, #4036, .F. ) ;
#7553 = ORIENTED_EDGE ( 'NONE', *, *, #9909, .F. ) ;
#7554 = CARTESIAN_POINT ( 'NONE',  ( -52.27797353565425453, 7.114445991574547712, 3.207069356144089500 ) ) ;
#7555 = EDGE_CURVE ( 'NONE', #10344, #8663, #7697, .T. ) ;
#7556 = CARTESIAN_POINT ( 'NONE',  ( -52.12919047830330044, 7.241574413032166646, 3.971980343050896867 ) ) ;
#7557 = CARTESIAN_POINT ( 'NONE',  ( 22.81827201635470459, 4.899999999999999467, -10.08172798364529754 ) ) ;
#7558 = CARTESIAN_POINT ( 'NONE',  ( -52.25000000000001421, 10.00000000000000000, 2.449999999999999289 ) ) ;
#7559 = ORIENTED_EDGE ( 'NONE', *, *, #404, .T. ) ;
#7560 = CARTESIAN_POINT ( 'NONE',  ( 41.25000000000000711, 6.000000000000000000, 12.25000000000000178 ) ) ;
#7561 = CARTESIAN_POINT ( 'NONE',  ( 26.66860260373150737, 7.521652571618184053E-16, 0.7199051519403137922 ) ) ;
#7562 = CARTESIAN_POINT ( 'NONE',  ( 0.000000000000000000, 9.000000000000001776, -12.25000000000000178 ) ) ;
#7563 = ORIENTED_EDGE ( 'NONE', *, *, #2173, .F. ) ;
#7564 = ORIENTED_EDGE ( 'NONE', *, *, #10351, .F. ) ;
#7565 = EDGE_CURVE ( 'NONE', #8875, #8115, #3394, .T. ) ;
#7566 = DIRECTION ( 'NONE',  ( -1.000000000000000000, 0.000000000000000000, 1.374038396813312538E-16 ) ) ;
#7567 = CIRCLE ( 'NONE', #3001, 1.000000000000000888 ) ;
#7568 = ORIENTED_EDGE ( 'NONE', *, *, #2465, .F. ) ;
#7569 = DIRECTION ( 'NONE',  ( 0.000000000000000000, 0.000000000000000000, 1.000000000000000000 ) ) ;
#7570 = DIRECTION ( 'NONE',  ( 0.000000000000000000, 0.000000000000000000, -1.000000000000000000 ) ) ;
#7571 = EDGE_CURVE ( 'NONE', #9122, #6164, #9537, .T. ) ;
#7572 = LINE ( 'NONE', #6624, #2242 ) ;
#7573 = EDGE_LOOP ( 'NONE', ( #6208, #7741, #536, #615 ) ) ;
#7574 = CARTESIAN_POINT ( 'NONE',  ( 45.25000000000000711, 6.000000000000000000, -12.25000000000000000 ) ) ;
#7575 = VECTOR ( 'NONE', #1608, 1000.000000000000000 ) ;
#7576 = ORIENTED_EDGE ( 'NONE', *, *, #9969, .F. ) ;
#7577 = VERTEX_POINT ( 'NONE', #96 ) ;
#7578 = CARTESIAN_POINT ( 'NONE',  ( 39.09211819145298961, -0.001000000000000024307, -6.184828725824718099 ) ) ;
#7579 = FACE_OUTER_BOUND ( 'NONE', #7706, .T. ) ;
#7580 = ORIENTED_EDGE ( 'NONE', *, *, #1971, .T. ) ;
#7581 = ORIENTED_EDGE ( 'NONE', *, *, #1142, .F. ) ;
#7582 = VECTOR ( 'NONE', #782, 1000.000000000000000 ) ;
#7583 = CARTESIAN_POINT ( 'NONE',  ( -51.95000000000000995, 10.00000000000000000, 2.449999999999999734 ) ) ;
#7584 = DIRECTION ( 'NONE',  ( -0.000000000000000000, 1.000000000000000000, -0.000000000000000000 ) ) ;
#7585 = CARTESIAN_POINT ( 'NONE',  ( -52.26931696081985024, 7.422005477805789120, 3.806794915005667246 ) ) ;
#7586 = ORIENTED_EDGE ( 'NONE', *, *, #3329, .F. ) ;
#7587 = EDGE_CURVE ( 'NONE', #10204, #6755, #8025, .T. ) ;
#7588 = ORIENTED_EDGE ( 'NONE', *, *, #7484, .F. ) ;
#7589 = DIRECTION ( 'NONE',  ( 0.000000000000000000, 0.000000000000000000, 1.000000000000000000 ) ) ;
#7590 = DIRECTION ( 'NONE',  ( -0.000000000000000000, 1.000000000000000000, -0.000000000000000000 ) ) ;
#7591 = CARTESIAN_POINT ( 'NONE',  ( 51.95000000000000284, 11.00000000000000178, 0.000000000000000000 ) ) ;
#7592 = ORIENTED_EDGE ( 'NONE', *, *, #8060, .F. ) ;
#7593 = CARTESIAN_POINT ( 'NONE',  ( 36.04364652204419883, -0.001000000000000024307, -4.424792786874605532 ) ) ;
#7594 = VECTOR ( 'NONE', #8160, 1000.000000000000000 ) ;
#7595 = CARTESIAN_POINT ( 'NONE',  ( -39.53506879479627401, 0.1999999999999996503, 8.349999999999997868 ) ) ;
#7596 = CARTESIAN_POINT ( 'NONE',  ( -52.45000000000001705, 8.400000000000000355, -2.924999999999968736 ) ) ;
#7597 = CYLINDRICAL_SURFACE ( 'NONE', #9151, 0.2000000000000000944 ) ;
#7598 = EDGE_CURVE ( 'NONE', #3850, #9072, #5764, .T. ) ;
#7599 = ORIENTED_EDGE ( 'NONE', *, *, #9013, .T. ) ;
#7600 = VECTOR ( 'NONE', #9877, 1000.000000000000000 ) ;
#7601 = AXIS2_PLACEMENT_3D ( 'NONE', #2458, #805, #699 ) ;
#7602 = ORIENTED_EDGE ( 'NONE', *, *, #7846, .T. ) ;
#7603 = DIRECTION ( 'NONE',  ( 0.000000000000000000, 1.000000000000000000, 0.000000000000000000 ) ) ;
#7604 = CARTESIAN_POINT ( 'NONE',  ( -51.95000000000000995, 7.083039804977653731, -3.819531250000052669 ) ) ;
#7605 = EDGE_CURVE ( 'NONE', #4340, #6903, #1727, .T. ) ;
#7606 = CARTESIAN_POINT ( 'NONE',  ( -51.98539848752852066, 7.801321235499571571, 4.257248146259612120 ) ) ;
#7607 = CARTESIAN_POINT ( 'NONE',  ( -24.49308044258727080, 11.00000000000000178, -14.75000000000000355 ) ) ;
#7608 = ADVANCED_FACE ( 'NONE', ( #8804 ), #776, .T. ) ;
#7609 = CARTESIAN_POINT ( 'NONE',  ( 22.70783969873324537, -4.211871330222006957E-16, -6.511545626786679364 ) ) ;
#7610 = DIRECTION ( 'NONE',  ( 0.000000000000000000, 0.000000000000000000, -1.000000000000000000 ) ) ;
#7611 = AXIS2_PLACEMENT_3D ( 'NONE', #910, #1861, #226 ) ;
#7612 = DIRECTION ( 'NONE',  ( 0.000000000000000000, 0.000000000000000000, 1.000000000000000000 ) ) ;
#7613 = CARTESIAN_POINT ( 'NONE',  ( -29.84000000000000696, 0.5000000000000000000, -0.000000000000000000 ) ) ;
#7614 = EDGE_CURVE ( 'NONE', #8407, #6091, #6921, .T. ) ;
#7615 = EDGE_LOOP ( 'NONE', ( #5415, #7293, #269, #9770 ) ) ;
#7616 = ORIENTED_EDGE ( 'NONE', *, *, #3083, .F. ) ;
#7617 = CARTESIAN_POINT ( 'NONE',  ( -52.00635303056954228, 8.280199722534305806, -4.350089639398326824 ) ) ;
#7618 = ORIENTED_EDGE ( 'NONE', *, *, #9332, .F. ) ;
#7619 = DIRECTION ( 'NONE',  ( 0.000000000000000000, 2.891205793294675861E-16, -1.000000000000000000 ) ) ;
#7620 = DIRECTION ( 'NONE',  ( -0.000000000000000000, -0.000000000000000000, 1.000000000000000000 ) ) ;
#7621 = CARTESIAN_POINT ( 'NONE',  ( -34.44357915404025761, 6.574342867117175101E-17, 8.465231426856663077 ) ) ;
#7622 = ADVANCED_FACE ( 'NONE', ( #5910 ), #8281, .T. ) ;
#7623 = ORIENTED_EDGE ( 'NONE', *, *, #3139, .F. ) ;
#7624 = DIRECTION ( 'NONE',  ( 2.312964634635743450E-15, 0.000000000000000000, 1.000000000000000000 ) ) ;
#7625 = ORIENTED_EDGE ( 'NONE', *, *, #2927, .T. ) ;
#7626 = ORIENTED_EDGE ( 'NONE', *, *, #2297, .F. ) ;
#7627 = PLANE ( 'NONE',  #9955 ) ;
#7628 = CIRCLE ( 'NONE', #7465, 6.800000000000001599 ) ;
#7629 = EDGE_CURVE ( 'NONE', #5739, #10218, #6751, .T. ) ;
#7630 = CARTESIAN_POINT ( 'NONE',  ( -30.14000000000001123, 6.296018041280833089, -20.34067203111825251 ) ) ;
#7631 = ORIENTED_EDGE ( 'NONE', *, *, #3403, .F. ) ;
#7632 = DIRECTION ( 'NONE',  ( 0.000000000000000000, -1.000000000000000000, -2.891205793294679312E-16 ) ) ;
#7633 = DIRECTION ( 'NONE',  ( -0.000000000000000000, -0.000000000000000000, 1.000000000000000000 ) ) ;
#7634 = ORIENTED_EDGE ( 'NONE', *, *, #4192, .F. ) ;
#7635 = VECTOR ( 'NONE', #108, 1000.000000000000000 ) ;
#7636 = EDGE_LOOP ( 'NONE', ( #138, #5555, #7424, #6785 ) ) ;
#7637 = CARTESIAN_POINT ( 'NONE',  ( -39.58434658500975445, 0.1071145293931473896, 8.372877755913762599 ) ) ;
#7638 = LINE ( 'NONE', #1978, #6408 ) ;
#7639 = DIRECTION ( 'NONE',  ( 0.000000000000000000, 0.000000000000000000, -1.000000000000000000 ) ) ;
#7640 = ORIENTED_EDGE ( 'NONE', *, *, #4903, .T. ) ;
#7641 = DIRECTION ( 'NONE',  ( 0.000000000000000000, 0.000000000000000000, -1.000000000000000000 ) ) ;
#7642 = AXIS2_PLACEMENT_3D ( 'NONE', #311, #9279, #10119 ) ;
#7643 = LINE ( 'NONE', #3627, #883 ) ;
#7644 = VECTOR ( 'NONE', #2138, 1000.000000000000000 ) ;
#7645 = CARTESIAN_POINT ( 'NONE',  ( 30.95000000000000284, -0.001000000000000024307, -2.350000000000003197 ) ) ;
#7646 = FACE_OUTER_BOUND ( 'NONE', #7723, .T. ) ;
#7647 = VERTEX_POINT ( 'NONE', #1038 ) ;
#7648 = ORIENTED_EDGE ( 'NONE', *, *, #10102, .F. ) ;
#7649 = AXIS2_PLACEMENT_3D ( 'NONE', #9150, #3359, #4949 ) ;
#7650 = CARTESIAN_POINT ( 'NONE',  ( -52.45000000000001705, 7.099999999999998757, -2.924999999999968736 ) ) ;
#7651 = VECTOR ( 'NONE', #2452, 1000.000000000000000 ) ;
#7652 = LINE ( 'NONE', #4489, #5107 ) ;
#7653 = DIRECTION ( 'NONE',  ( 0.7660444431189757930, 0.000000000000000000, -0.6427876096865420275 ) ) ;
#7654 = DIRECTION ( 'NONE',  ( -0.000000000000000000, 0.000000000000000000, 1.000000000000000000 ) ) ;
#7655 = EDGE_CURVE ( 'NONE', #8420, #1453, #6524, .T. ) ;
#7656 = LINE ( 'NONE', #4231, #2617 ) ;
#7657 = AXIS2_PLACEMENT_3D ( 'NONE', #3502, #851, #1322 ) ;
#7658 = DIRECTION ( 'NONE',  ( -1.000000000000000000, 0.000000000000000000, -0.000000000000000000 ) ) ;
#7659 = TOROIDAL_SURFACE ( 'NONE', #2433, 9.300000000000013145, 0.2999999999999999889 ) ;
#7660 = CYLINDRICAL_SURFACE ( 'NONE', #3586, 0.1999999999999987899 ) ;
#7661 = ORIENTED_EDGE ( 'NONE', *, *, #6936, .F. ) ;
#7662 = ADVANCED_FACE ( 'NONE', ( #2736, #2637 ), #6063, .T. ) ;
#7663 = ADVANCED_FACE ( 'NONE', ( #8386 ), #5864, .T. ) ;
#7664 = EDGE_LOOP ( 'NONE', ( #4920, #8834, #1715, #8726, #3571, #7208, #3384 ) ) ;
#7665 = AXIS2_PLACEMENT_3D ( 'NONE', #7140, #9553, #6401 ) ;
#7666 = AXIS2_PLACEMENT_3D ( 'NONE', #9186, #4245, #6087 ) ;
#7667 = EDGE_CURVE ( 'NONE', #6086, #4874, #5350, .T. ) ;
#7668 = EDGE_LOOP ( 'NONE', ( #3601, #1876, #9374, #6144, #2127 ) ) ;
#7669 = CARTESIAN_POINT ( 'NONE',  ( 30.95000000000000284, 0.000000000000000000, -2.350000000000003197 ) ) ;
#7670 = LINE ( 'NONE', #2906, #2930 ) ;
#7671 = CARTESIAN_POINT ( 'NONE',  ( -29.81007189365366372, -2.624222992386002318, -20.34067203111825251 ) ) ;
#7672 = AXIS2_PLACEMENT_3D ( 'NONE', #7596, #193, #1831 ) ;
#7673 = ORIENTED_EDGE ( 'NONE', *, *, #4382, .F. ) ;
#7674 = VECTOR ( 'NONE', #6400, 1000.000000000000000 ) ;
#7675 = ADVANCED_FACE ( 'NONE', ( #9113 ), #9036, .T. ) ;
#7676 = PLANE ( 'NONE',  #4783 ) ;
#7677 = ORIENTED_EDGE ( 'NONE', *, *, #6998, .F. ) ;
#7678 = CYLINDRICAL_SURFACE ( 'NONE', #10305, 0.2000000000000000944 ) ;
#7679 = VECTOR ( 'NONE', #10413, 1000.000000000000000 ) ;
#7680 = ADVANCED_FACE ( 'NONE', ( #10007 ), #6701, .F. ) ;
#7681 = CARTESIAN_POINT ( 'NONE',  ( -45.19999999999994600, 3.000000000000000000, -11.75000000000000355 ) ) ;
#7682 = ORIENTED_EDGE ( 'NONE', *, *, #514, .F. ) ;
#7683 = AXIS2_PLACEMENT_3D ( 'NONE', #1916, #6784, #9989 ) ;
#7684 = ORIENTED_EDGE ( 'NONE', *, *, #645, .F. ) ;
#7685 = CYLINDRICAL_SURFACE ( 'NONE', #4287, 2.999999999999999112 ) ;
#7686 = CARTESIAN_POINT ( 'NONE',  ( 30.95000000000000284, 0.2999999999999999889, -2.350000000000003197 ) ) ;
#7687 = ORIENTED_EDGE ( 'NONE', *, *, #1001, .F. ) ;
#7688 = VECTOR ( 'NONE', #3723, 1000.000000000000000 ) ;
#7689 = EDGE_LOOP ( 'NONE', ( #2811, #6132, #8918, #10013 ) ) ;
#7690 = DIRECTION ( 'NONE',  ( -1.000000000000000000, 0.000000000000000000, 0.000000000000000000 ) ) ;
#7691 = DIRECTION ( 'NONE',  ( 0.000000000000000000, 0.000000000000000000, -1.000000000000000000 ) ) ;
#7692 = EDGE_CURVE ( 'NONE', #9373, #1568, #9855, .T. ) ;
#7693 = DIRECTION ( 'NONE',  ( -1.000000000000000000, 0.000000000000000000, 0.000000000000000000 ) ) ;
#7694 = ORIENTED_EDGE ( 'NONE', *, *, #232, .T. ) ;
#7695 = CARTESIAN_POINT ( 'NONE',  ( -29.84000000000000696, -5.002961977226933143, 2.765000000000000124 ) ) ;
#7696 = LINE ( 'NONE', #2136, #714 ) ;
#7697 = CIRCLE ( 'NONE', #8534, 0.2888330770816419091 ) ;
#7698 = EDGE_CURVE ( 'NONE', #2681, #7771, #4498, .T. ) ;
#7699 = LINE ( 'NONE', #9469, #10040 ) ;
#7700 = LINE ( 'NONE', #447, #8317 ) ;
#7701 = VERTEX_POINT ( 'NONE', #1984 ) ;
#7702 = ORIENTED_EDGE ( 'NONE', *, *, #2465, .T. ) ;
#7703 = CARTESIAN_POINT ( 'NONE',  ( 0.000000000000000000, 16.00000000000000000, -12.25000000000000000 ) ) ;
#7704 = CARTESIAN_POINT ( 'NONE',  ( -29.83999999999999986, 6.500000000000000888, 10.24999999999999822 ) ) ;
#7705 = CARTESIAN_POINT ( 'NONE',  ( 6.964593510958737361E-16, 9.000000000000001776, -13.55000000000000071 ) ) ;
#7706 = EDGE_LOOP ( 'NONE', ( #7684, #2597, #5670, #325 ) ) ;
#7707 = CARTESIAN_POINT ( 'NONE',  ( 3.099999999999991651, 13.00000000000000178, 13.45000000000019114 ) ) ;
#7708 = LINE ( 'NONE', #3844, #5921 ) ;
#7709 = CARTESIAN_POINT ( 'NONE',  ( 50.25000000000000000, 16.00000000000000000, 9.499999999999982236 ) ) ;
#7710 = CARTESIAN_POINT ( 'NONE',  ( -35.18270600294837891, -1.219966979521688965E-18, 2.847842712474618398 ) ) ;
#7711 = FACE_OUTER_BOUND ( 'NONE', #5313, .T. ) ;
#7712 = ORIENTED_EDGE ( 'NONE', *, *, #3283, .T. ) ;
#7713 = ORIENTED_EDGE ( 'NONE', *, *, #5932, .F. ) ;
#7714 = ADVANCED_FACE ( 'NONE', ( #9902 ), #8332, .T. ) ;
#7715 = DIRECTION ( 'NONE',  ( 0.000000000000000000, 0.000000000000000000, -1.000000000000000000 ) ) ;
#7716 = LINE ( 'NONE', #627, #1153 ) ;
#7717 = VERTEX_POINT ( 'NONE', #10056 ) ;
#7718 = CARTESIAN_POINT ( 'NONE',  ( -30.14000000000000767, 17.00100000000000122, -3.315000000000000391 ) ) ;
#7719 = CARTESIAN_POINT ( 'NONE',  ( -23.23676428111944148, 11.00000000000000178, 14.75000000000000355 ) ) ;
#7720 = CARTESIAN_POINT ( 'NONE',  ( -45.00000000000001421, 6.500000000000000888, -8.354356076261030495 ) ) ;
#7721 = VERTEX_POINT ( 'NONE', #8535 ) ;
#7722 = CARTESIAN_POINT ( 'NONE',  ( 23.48234969852232723, 0.1248391197358927063, -7.466862494131231820 ) ) ;
#7723 = EDGE_LOOP ( 'NONE', ( #5709, #2519, #794, #2855 ) ) ;
#7724 = EDGE_CURVE ( 'NONE', #9907, #9373, #4474, .T. ) ;
#7725 = AXIS2_PLACEMENT_3D ( 'NONE', #3262, #33, #1465 ) ;
#7726 = FACE_OUTER_BOUND ( 'NONE', #469, .T. ) ;
#7727 = DIRECTION ( 'NONE',  ( 1.000000000000000000, 0.000000000000000000, 0.000000000000000000 ) ) ;
#7728 = EDGE_CURVE ( 'NONE', #6948, #6903, #1457, .T. ) ;
#7729 = EDGE_LOOP ( 'NONE', ( #5449, #9836, #7526, #8940, #10049, #2803, #7500, #6530 ) ) ;
#7730 = ORIENTED_EDGE ( 'NONE', *, *, #4110, .T. ) ;
#7731 = CARTESIAN_POINT ( 'NONE',  ( 47.49999999999997868, 11.00000000000000178, 12.25000000000000711 ) ) ;
#7732 = AXIS2_PLACEMENT_3D ( 'NONE', #5507, #7926, #4924 ) ;
#7733 = VERTEX_POINT ( 'NONE', #4533 ) ;
#7734 = LINE ( 'NONE', #3827, #9709 ) ;
#7735 = EDGE_CURVE ( 'NONE', #1607, #8269, #7699, .T. ) ;
#7736 = VERTEX_POINT ( 'NONE', #2137 ) ;
#7737 = CARTESIAN_POINT ( 'NONE',  ( 0.000000000000000000, 4.899999999999999467, -12.25000000000000178 ) ) ;
#7738 = VECTOR ( 'NONE', #3160, 1000.000000000000000 ) ;
#7739 = DIRECTION ( 'NONE',  ( 1.000000000000000000, 0.000000000000000000, 5.467081091833260121E-17 ) ) ;
#7740 = CARTESIAN_POINT ( 'NONE',  ( -52.25000000000001421, 6.902631723476097214, -3.013815789473690554 ) ) ;
#7741 = ORIENTED_EDGE ( 'NONE', *, *, #10117, .F. ) ;
#7742 = DIRECTION ( 'NONE',  ( -0.000000000000000000, -1.000000000000000000, -0.000000000000000000 ) ) ;
#7743 = EDGE_LOOP ( 'NONE', ( #6147, #8530, #2943, #7163 ) ) ;
#7744 = LINE ( 'NONE', #10055, #4100 ) ;
#7745 = DIRECTION ( 'NONE',  ( 0.000000000000000000, 0.000000000000000000, -1.000000000000000000 ) ) ;
#7746 = DIRECTION ( 'NONE',  ( -1.000000000000000000, 0.000000000000000000, 0.000000000000000000 ) ) ;
#7747 = ORIENTED_EDGE ( 'NONE', *, *, #10232, .T. ) ;
#7748 = EDGE_CURVE ( 'NONE', #7791, #4065, #4688, .T. ) ;
#7749 = ORIENTED_EDGE ( 'NONE', *, *, #4563, .T. ) ;
#7750 = DIRECTION ( 'NONE',  ( 0.000000000000000000, 0.000000000000000000, 1.000000000000000000 ) ) ;
#7751 = CARTESIAN_POINT ( 'NONE',  ( -29.84000000000000341, 0.5000000000000004441, 1.010032166305325429E-14 ) ) ;
#7752 = DIRECTION ( 'NONE',  ( 1.000000000000000000, 0.000000000000000000, 0.000000000000000000 ) ) ;
#7753 = EDGE_LOOP ( 'NONE', ( #2656, #8290 ) ) ;
#7754 = LINE ( 'NONE', #616, #801 ) ;
#7755 = EDGE_CURVE ( 'NONE', #2090, #6628, #3785, .T. ) ;
#7756 = DIRECTION ( 'NONE',  ( -1.176083712526649195E-16, 0.000000000000000000, -1.000000000000000000 ) ) ;
#7757 = CARTESIAN_POINT ( 'NONE',  ( -52.20411103711290224, 8.959357085087541250, 4.172018366709761672 ) ) ;
#7758 = LINE ( 'NONE', #5798, #9935 ) ;
#7759 = VECTOR ( 'NONE', #2351, 1000.000000000000000 ) ;
#7760 = CARTESIAN_POINT ( 'NONE',  ( -2.000000000000008882, 13.00000000000000178, 12.35000000000019149 ) ) ;
#7761 = ORIENTED_EDGE ( 'NONE', *, *, #8673, .T. ) ;
#7762 = ORIENTED_EDGE ( 'NONE', *, *, #10108, .T. ) ;
#7763 = VECTOR ( 'NONE', #4216, 1000.000000000000114 ) ;
#7764 = CARTESIAN_POINT ( 'NONE',  ( -47.50000000000000711, 6.500000000000000888, -9.500000000000001776 ) ) ;
#7765 = CARTESIAN_POINT ( 'NONE',  ( -39.58434658500975445, 0.1071145293931473758, -8.872877755913762599 ) ) ;
#7766 = ORIENTED_EDGE ( 'NONE', *, *, #2297, .T. ) ;
#7767 = DIRECTION ( 'NONE',  ( 1.000000000000000000, 0.000000000000000000, 0.000000000000000000 ) ) ;
#7768 = DIRECTION ( 'NONE',  ( -0.000000000000000000, -1.000000000000000000, -0.000000000000000000 ) ) ;
#7769 = CARTESIAN_POINT ( 'NONE',  ( -31.60047529527845001, 3.276389878762281160, -20.34067203111825251 ) ) ;
#7770 = CARTESIAN_POINT ( 'NONE',  ( -34.52834772718359346, 0.000000000000000000, 8.549999999999998934 ) ) ;
#7771 = VERTEX_POINT ( 'NONE', #606 ) ;
#7772 = CARTESIAN_POINT ( 'NONE',  ( -31.44101788930268171, 2.721234519427555121, -20.34067203111825251 ) ) ;
#7773 = VECTOR ( 'NONE', #4844, 1000.000000000000000 ) ;
#7774 = ORIENTED_EDGE ( 'NONE', *, *, #510, .F. ) ;
#7775 = DIRECTION ( 'NONE',  ( 0.000000000000000000, -1.000000000000000000, 0.000000000000000000 ) ) ;
#7776 = CARTESIAN_POINT ( 'NONE',  ( -31.47472780755320443, 0.08284271247461874599, -8.849999999999997868 ) ) ;
#7777 = LINE ( 'NONE', #8369, #10028 ) ;
#7778 = ORIENTED_EDGE ( 'NONE', *, *, #7255, .F. ) ;
#7779 = CARTESIAN_POINT ( 'NONE',  ( -2.000000000000008882, 13.00000000000000178, 12.35000000000019149 ) ) ;
#7780 = EDGE_CURVE ( 'NONE', #6501, #4882, #6954, .T. ) ;
#7781 = CARTESIAN_POINT ( 'NONE',  ( 30.95000000000000284, -0.001000000000000024307, -2.350000000000003197 ) ) ;
#7782 = VERTEX_POINT ( 'NONE', #3837 ) ;
#7783 = ADVANCED_FACE ( 'NONE', ( #1300 ), #2299, .T. ) ;
#7784 = AXIS2_PLACEMENT_3D ( 'NONE', #2795, #10165, #2042 ) ;
#7785 = ORIENTED_EDGE ( 'NONE', *, *, #824, .T. ) ;
#7786 = LINE ( 'NONE', #5263, #2193 ) ;
#7787 = CARTESIAN_POINT ( 'NONE',  ( -30.84000000000000696, 5.954463462733934342, -8.849999999999997868 ) ) ;
#7788 = CARTESIAN_POINT ( 'NONE',  ( -53.20000000000000284, 8.400000000000000355, -2.924999999999968736 ) ) ;
#7789 = ORIENTED_EDGE ( 'NONE', *, *, #5421, .T. ) ;
#7790 = CARTESIAN_POINT ( 'NONE',  ( 30.20000000000002416, 0.2999999999999999889, 6.618695557326043755 ) ) ;
#7791 = VERTEX_POINT ( 'NONE', #1403 ) ;
#7792 = CARTESIAN_POINT ( 'NONE',  ( 30.95000000000000284, 0.2999999999999999889, -2.350000000000003197 ) ) ;
#7793 = EDGE_CURVE ( 'NONE', #3129, #6591, #4641, .T. ) ;
#7794 = B_SPLINE_CURVE_WITH_KNOTS ( 'NONE', 3,
 ( #6906, #5230, #4435, #403, #451, #8489 ),
 .UNSPECIFIED., .F., .F.,
 ( 4, 2, 4 ),
 ( -6.324574032845557636E-06, 0.0004159297648535481670, 0.0008381841037399418316 ),
 .UNSPECIFIED. ) ;
#7795 = AXIS2_PLACEMENT_3D ( 'NONE', #5925, #1051, #6666 ) ;
#7796 = CARTESIAN_POINT ( 'NONE',  ( 3.099999999999991651, 14.50000000000000000, 13.45000000000019114 ) ) ;
#7797 = CARTESIAN_POINT ( 'NONE',  ( -34.34233853611036835, 0.1265113557324328841, 2.778990808926776523 ) ) ;
#7798 = ORIENTED_EDGE ( 'NONE', *, *, #4770, .F. ) ;
#7799 = EDGE_CURVE ( 'NONE', #2836, #5463, #9197, .T. ) ;
#7800 = VERTEX_POINT ( 'NONE', #10216 ) ;
#7801 = CARTESIAN_POINT ( 'NONE',  ( -30.33608986671381302, 5.989480959052015940, -8.976339092010153564 ) ) ;
#7802 = VECTOR ( 'NONE', #1518, 1000.000000000000000 ) ;
#7803 = DIRECTION ( 'NONE',  ( 0.000000000000000000, 1.000000000000000000, -0.000000000000000000 ) ) ;
#7804 = VERTEX_POINT ( 'NONE', #494 ) ;
#7805 = DIRECTION ( 'NONE',  ( 0.000000000000000000, 1.000000000000000000, 0.000000000000000000 ) ) ;
#7806 = CARTESIAN_POINT ( 'NONE',  ( 30.95000000000000284, 0.5000000000000000000, -2.350000000000003197 ) ) ;
#7807 = CARTESIAN_POINT ( 'NONE',  ( -52.45000000000000995, 7.109076873872527180, -3.116549989100691587 ) ) ;
#7808 = EDGE_CURVE ( 'NONE', #324, #779, #3729, .T. ) ;
#7809 = DIRECTION ( 'NONE',  ( 0.000000000000000000, 0.000000000000000000, 1.000000000000000000 ) ) ;
#7810 = CYLINDRICAL_SURFACE ( 'NONE', #4956, 0.1999999999999987899 ) ;
#7811 = VECTOR ( 'NONE', #4534, 1000.000000000000000 ) ;
#7812 = VECTOR ( 'NONE', #1722, 1000.000000000000000 ) ;
#7813 = DIRECTION ( 'NONE',  ( -0.000000000000000000, 0.000000000000000000, 1.000000000000000000 ) ) ;
#7814 = VERTEX_POINT ( 'NONE', #2938 ) ;
#7815 = EDGE_CURVE ( 'NONE', #5266, #3018, #4666, .T. ) ;
#7816 = CIRCLE ( 'NONE', #894, 0.3706384263718852656 ) ;
#7817 = ORIENTED_EDGE ( 'NONE', *, *, #6604, .F. ) ;
#7818 = EDGE_CURVE ( 'NONE', #7528, #6066, #7177, .T. ) ;
#7819 = FACE_OUTER_BOUND ( 'NONE', #7615, .T. ) ;
#7820 = AXIS2_PLACEMENT_3D ( 'NONE', #6268, #2241, #5483 ) ;
#7821 = DIRECTION ( 'NONE',  ( -0.000000000000000000, -1.000000000000000000, -0.000000000000000000 ) ) ;
#7822 = ORIENTED_EDGE ( 'NONE', *, *, #9785, .T. ) ;
#7823 = VECTOR ( 'NONE', #8522, 1000.000000000000000 ) ;
#7824 = LINE ( 'NONE', #10184, #6161 ) ;
#7825 = DIRECTION ( 'NONE',  ( -2.668805347656624115E-15, 0.000000000000000000, -1.000000000000000000 ) ) ;
#7826 = DIRECTION ( 'NONE',  ( -0.000000000000000000, 0.000000000000000000, 1.000000000000000000 ) ) ;
#7827 = DIRECTION ( 'NONE',  ( -0.000000000000000000, -0.000000000000000000, 1.000000000000000000 ) ) ;
#7828 = ORIENTED_EDGE ( 'NONE', *, *, #802, .F. ) ;
#7830 = EDGE_CURVE ( 'NONE', #4827, #4356, #8416, .T. ) ;
#7829 = DIRECTION ( 'NONE',  ( -1.000000000000000000, 0.000000000000000000, 3.180326372624143447E-15 ) ) ;
#7831 = VECTOR ( 'NONE', #10300, 1000.000000000000000 ) ;
#7832 = VERTEX_POINT ( 'NONE', #7904 ) ;
#7833 = CIRCLE ( 'NONE', #1760, 0.2000000000000008438 ) ;
#7834 = CIRCLE ( 'NONE', #5819, 2.750000000000007550 ) ;
#7835 = DIRECTION ( 'NONE',  ( 0.000000000000000000, 0.000000000000000000, -1.000000000000000000 ) ) ;
#7836 = CARTESIAN_POINT ( 'NONE',  ( -47.50000000000000711, 8.000000000000000000, -6.750000000000000000 ) ) ;
#7837 = ORIENTED_EDGE ( 'NONE', *, *, #9066, .T. ) ;
#7838 = ORIENTED_EDGE ( 'NONE', *, *, #1857, .T. ) ;
#7839 = DIRECTION ( 'NONE',  ( -0.000000000000000000, 1.000000000000000000, -0.000000000000000000 ) ) ;
#7840 = AXIS2_PLACEMENT_3D ( 'NONE', #1996, #9177, #3438 ) ;
#7841 = CARTESIAN_POINT ( 'NONE',  ( 38.45553138218370748, 0.09378038618371767332, 2.758250430494963101 ) ) ;
#7842 = VERTEX_POINT ( 'NONE', #6217 ) ;
#7843 =( BOUNDED_SURFACE ( )  B_SPLINE_SURFACE ( 3, 2, ( 
 ( #394, #4635, #1296 ),
 ( #2830, #9367, #6059 ),
 ( #2134, #9261, #5373 ),
 ( #603, #8581, #6213 ),
 ( #8476, #9416, #3833 ),
 ( #5427, #8633, #8733 ),
 ( #10374, #8892, #7273 ),
 ( #3938, #6479, #7169 ),
 ( #7328, #808, #9687 ),
 ( #22, #1548, #2239 ),
 ( #9523, #5580, #4685 ),
 ( #7953, #2294, #759 ),
 ( #6424, #9627, #2462 ),
 ( #5691, #654, #3145 ) ),
 .UNSPECIFIED., .F., .F., .F. ) 
 B_SPLINE_SURFACE_WITH_KNOTS ( ( 4, 2, 2, 2, 2, 2, 4 ),
 ( 3, 3 ),
 ( -6.879262784420525634E-17, 0.0007376526362295884268, 0.001106478954344417009, 0.001475305272459245592, 0.001844131590574074175, 0.002212957908688902974, 0.002950610544918560139 ),
 ( 0.000000000000000000, 1.000000000000000000 ),
 .UNSPECIFIED. ) 
 GEOMETRIC_REPRESENTATION_ITEM ( )  RATIONAL_B_SPLINE_SURFACE ( (
 ( 1.000000000000000000, 0.8371290630494907514, 1.000000000000000000),
 ( 1.000000000000000000, 0.8719211742460457604, 1.000000000000000000),
 ( 1.000000000000000000, 0.8962488235014857141, 1.000000000000000000),
 ( 1.000000000000000000, 0.9199089190829489171, 1.000000000000000000),
 ( 1.000000000000000000, 0.9257815976084060594, 1.000000000000000000),
 ( 1.000000000000000000, 0.9335084709569356765, 1.000000000000000000),
 ( 1.000000000000000000, 0.9354060336751779392, 1.000000000000000000),
 ( 1.000000000000000000, 0.9354226065319743988, 1.000000000000000000),
 ( 1.000000000000000000, 0.9335143594899252273, 1.000000000000000000),
 ( 1.000000000000000000, 0.9258345507494224469, 1.000000000000000000),
 ( 1.000000000000000000, 0.9199515991815125915, 1.000000000000000000),
 ( 1.000000000000000000, 0.8963026785464394131, 1.000000000000000000),
 ( 1.000000000000000000, 0.8720564020250004544, 1.000000000000000000),
 ( 1.000000000000000000, 0.8371290630494828688, 1.000000000000000000) ) ) 
 REPRESENTATION_ITEM ( '' )  SURFACE ( )  );
#7844 = ORIENTED_EDGE ( 'NONE', *, *, #3986, .T. ) ;
#7845 = VECTOR ( 'NONE', #866, 1000.000000000000000 ) ;
#7846 = EDGE_CURVE ( 'NONE', #8953, #3129, #3889, .T. ) ;
#7847 = LINE ( 'NONE', #599, #3395 ) ;
#7848 = VECTOR ( 'NONE', #1137, 1000.000000000000000 ) ;
#7849 = FACE_OUTER_BOUND ( 'NONE', #5013, .T. ) ;
#7850 = DIRECTION ( 'NONE',  ( -4.231032868236115418E-16, 0.000000000000000000, 1.000000000000000000 ) ) ;
#7851 = VERTEX_POINT ( 'NONE', #5485 ) ;
#7852 = FACE_OUTER_BOUND ( 'NONE', #742, .T. ) ;
#7853 = ORIENTED_EDGE ( 'NONE', *, *, #2592, .T. ) ;
#7854 = DIRECTION ( 'NONE',  ( -0.000000000000000000, 1.000000000000000000, -0.000000000000000000 ) ) ;
#7855 = EDGE_CURVE ( 'NONE', #7221, #1860, #2642, .T. ) ;
#7856 = AXIS2_PLACEMENT_3D ( 'NONE', #8087, #1582, #4824 ) ;
#7857 = CIRCLE ( 'NONE', #5180, 0.1999999999999987899 ) ;
#7858 = DIRECTION ( 'NONE',  ( -1.000000000000000000, -0.000000000000000000, -0.000000000000000000 ) ) ;
#7859 = CARTESIAN_POINT ( 'NONE',  ( 30.95000000000000284, 0.5000000000000000000, -2.350000000000003197 ) ) ;
#7860 = ORIENTED_EDGE ( 'NONE', *, *, #1616, .T. ) ;
#7861 = VERTEX_POINT ( 'NONE', #6115 ) ;
#7862 = ADVANCED_FACE ( 'NONE', ( #446 ), #6901, .F. ) ;
#7863 = FACE_OUTER_BOUND ( 'NONE', #7729, .T. ) ;
#7864 = DIRECTION ( 'NONE',  ( -0.8660254037844389297, 0.000000000000000000, -0.4999999999999992784 ) ) ;
#7865 = VECTOR ( 'NONE', #5378, 1000.000000000000000 ) ;
#7866 = ORIENTED_EDGE ( 'NONE', *, *, #7151, .T. ) ;
#7867 = CARTESIAN_POINT ( 'NONE',  ( -52.23807474045420918, 9.737198043323274987, 3.484891521729045483 ) ) ;
#7868 = CARTESIAN_POINT ( 'NONE',  ( 0.000000000000000000, 17.00000000000000000, 13.55000000000000604 ) ) ;
#7869 = CARTESIAN_POINT ( 'NONE',  ( -52.20354702646690015, 7.940798442284971337, 4.221184600453640634 ) ) ;
#7870 = EDGE_CURVE ( 'NONE', #464, #1433, #2570, .T. ) ;
#7871 = CARTESIAN_POINT ( 'NONE',  ( -31.27472780755320869, 0.000000000000000000, 8.549999999999998934 ) ) ;
#7872 = CARTESIAN_POINT ( 'NONE',  ( 41.25000000000000000, 0.5000000000000004441, 8.349999999999997868 ) ) ;
#7873 = ORIENTED_EDGE ( 'NONE', *, *, #10048, .F. ) ;
#7874 = VERTEX_POINT ( 'NONE', #2346 ) ;
#7875 = EDGE_CURVE ( 'NONE', #6565, #7984, #8113, .T. ) ;
#7876 = DIRECTION ( 'NONE',  ( 0.000000000000000000, 0.000000000000000000, -1.000000000000000000 ) ) ;
#7877 = LINE ( 'NONE', #7080, #6567 ) ;
#7878 = CARTESIAN_POINT ( 'NONE',  ( -20.00000000000001066, 14.50000000000000000, -14.75000000000000355 ) ) ;
#7879 = DIRECTION ( 'NONE',  ( 1.000000000000000000, 0.000000000000000000, -2.668805347656624115E-15 ) ) ;
#7880 = CARTESIAN_POINT ( 'NONE',  ( 35.29364652204422725, -0.001000000000000024307, 1.023830892551222060 ) ) ;
#7881 = FACE_OUTER_BOUND ( 'NONE', #3089, .T. ) ;
#7882 = ORIENTED_EDGE ( 'NONE', *, *, #5939, .T. ) ;
#7883 = ORIENTED_EDGE ( 'NONE', *, *, #8673, .F. ) ;
#7884 = EDGE_CURVE ( 'NONE', #432, #6299, #10018, .T. ) ;
#7885 = DIRECTION ( 'NONE',  ( -0.000000000000000000, -1.000000000000000000, -0.000000000000000000 ) ) ;
#7886 = ORIENTED_EDGE ( 'NONE', *, *, #6126, .F. ) ;
#7887 = EDGE_CURVE ( 'NONE', #10306, #3261, #26, .T. ) ;
#7888 = DIRECTION ( 'NONE',  ( 0.000000000000000000, 1.000000000000000000, -0.000000000000000000 ) ) ;
#7889 = CARTESIAN_POINT ( 'NONE',  ( -29.81007189365366372, -2.624222992386002318, -3.615000000000000213 ) ) ;
#7890 = CARTESIAN_POINT ( 'NONE',  ( 4.925331814053546354E-14, 11.00000000000000178, 13.55000000000018368 ) ) ;
#7891 = ORIENTED_EDGE ( 'NONE', *, *, #6148, .F. ) ;
#7892 = CARTESIAN_POINT ( 'NONE',  ( 0.5999999999999912070, 13.00000000000000178, 13.35000000000018971 ) ) ;
#7893 = EDGE_LOOP ( 'NONE', ( #6868, #1119, #3405, #2210 ) ) ;
#7894 = CARTESIAN_POINT ( 'NONE',  ( 3.099999999999991651, 13.00000000000000178, -13.45000000000019114 ) ) ;
#7895 = CARTESIAN_POINT ( 'NONE',  ( 25.87048837293183112, 0.2077789836488297404, -4.429650374919773093 ) ) ;
#7896 = DIRECTION ( 'NONE',  ( -0.000000000000000000, 1.000000000000000000, -0.000000000000000000 ) ) ;
#7897 = VERTEX_POINT ( 'NONE', #8847 ) ;
#7898 = DIRECTION ( 'NONE',  ( -0.000000000000000000, 0.000000000000000000, 1.000000000000000000 ) ) ;
#7899 = AXIS2_PLACEMENT_3D ( 'NONE', #4437, #7653, #2996 ) ;
#7900 = ORIENTED_EDGE ( 'NONE', *, *, #6256, .F. ) ;
#7901 = DIRECTION ( 'NONE',  ( -0.000000000000000000, 1.000000000000000000, -0.000000000000000000 ) ) ;
#7902 =( BOUNDED_CURVE ( )  B_SPLINE_CURVE ( 3, ( #3142, #651, #8730, #6367 ),
 .UNSPECIFIED., .F., .F. ) 
 B_SPLINE_CURVE_WITH_KNOTS ( ( 4, 4 ),
 ( 4.712388980384688786, 5.800197417813647505 ),
 .UNSPECIFIED. ) 
 CURVE ( )  GEOMETRIC_REPRESENTATION_ITEM ( )  RATIONAL_B_SPLINE_CURVE ( ( 1.000000000000000000, 0.9037965667448127904, 0.9037965667448127904, 1.000000000000000000 ) ) 
 REPRESENTATION_ITEM ( '' )  );
#7903 = EDGE_CURVE ( 'NONE', #2374, #2836, #1612, .T. ) ;
#7904 = CARTESIAN_POINT ( 'NONE',  ( 30.20000000000002416, 0.2999999999999999889, 3.098623679425835942 ) ) ;
#7905 = CARTESIAN_POINT ( 'NONE',  ( -35.06554871542299878, 0.2000000000000000944, 3.615000000000000213 ) ) ;
#7906 = ORIENTED_EDGE ( 'NONE', *, *, #5680, .T. ) ;
#7907 = VECTOR ( 'NONE', #9549, 1000.000000000000000 ) ;
#7908 = VERTEX_POINT ( 'NONE', #132 ) ;
#7909 = FACE_OUTER_BOUND ( 'NONE', #8713, .T. ) ;
#7910 = LINE ( 'NONE', #4052, #1211 ) ;
#7911 = LINE ( 'NONE', #664, #5499 ) ;
#7912 = VERTEX_POINT ( 'NONE', #3994 ) ;
#7913 = DIRECTION ( 'NONE',  ( 0.000000000000000000, 0.000000000000000000, 1.000000000000000000 ) ) ;
#7914 = CARTESIAN_POINT ( 'NONE',  ( -52.23135736848558253, 7.127892643055092847, -3.593355414828996341 ) ) ;
#7915 = FACE_OUTER_BOUND ( 'NONE', #1054, .T. ) ;
#7916 = VECTOR ( 'NONE', #1993, 1000.000000000000000 ) ;
#7917 = LINE ( 'NONE', #5545, #6489 ) ;
#7918 = DIRECTION ( 'NONE',  ( 1.000000000000000000, 0.000000000000000000, 0.000000000000000000 ) ) ;
#7919 = EDGE_CURVE ( 'NONE', #1373, #3866, #911, .T. ) ;
#7920 = LINE ( 'NONE', #3849, #8477 ) ;
#7921 = ORIENTED_EDGE ( 'NONE', *, *, #2125, .F. ) ;
#7922 = EDGE_LOOP ( 'NONE', ( #7487, #6536, #3559, #6445, #9255 ) ) ;
#7923 = EDGE_CURVE ( 'NONE', #9871, #2668, #8162, .T. ) ;
#7924 = EDGE_CURVE ( 'NONE', #5984, #10306, #5745, .T. ) ;
#7925 = CYLINDRICAL_SURFACE ( 'NONE', #7507, 2.750000000000000888 ) ;
#7926 = DIRECTION ( 'NONE',  ( -0.000000000000000000, -0.000000000000000000, 1.000000000000000000 ) ) ;
#7927 = ORIENTED_EDGE ( 'NONE', *, *, #5408, .T. ) ;
#7928 = DIRECTION ( 'NONE',  ( 0.000000000000000000, 0.000000000000000000, 1.000000000000000000 ) ) ;
#7929 = CIRCLE ( 'NONE', #1171, 2.999999999999999112 ) ;
#7930 = FACE_OUTER_BOUND ( 'NONE', #3724, .T. ) ;
#7931 = EDGE_CURVE ( 'NONE', #8864, #7415, #813, .T. ) ;
#7932 = B_SPLINE_CURVE_WITH_KNOTS ( 'NONE', 3,
 ( #376, #2815, #9350, #9936, #4461, #4357 ),
 .UNSPECIFIED., .F., .F.,
 ( 4, 2, 4 ),
 ( 4.336808689942017736E-19, 0.0003393837279784445203, 0.0006787674559568886070 ),
 .UNSPECIFIED. ) ;
#7933 = DIRECTION ( 'NONE',  ( 0.000000000000000000, 0.000000000000000000, 1.000000000000000000 ) ) ;
#7934 = LINE ( 'NONE', #1583, #8136 ) ;
#7935 = ORIENTED_EDGE ( 'NONE', *, *, #1773, .T. ) ;
#7936 = ORIENTED_EDGE ( 'NONE', *, *, #1773, .F. ) ;
#7937 = VECTOR ( 'NONE', #10209, 1000.000000000000000 ) ;
#7938 = EDGE_CURVE ( 'NONE', #2639, #71, #3201, .T. ) ;
#7939 = CARTESIAN_POINT ( 'NONE',  ( -52.23908574990826281, 9.747454368529137270, 3.497160870917761955 ) ) ;
#7940 = ORIENTED_EDGE ( 'NONE', *, *, #4080, .F. ) ;
#7941 = CARTESIAN_POINT ( 'NONE',  ( -52.36523654977524700, 9.203877212248004369, -3.968630669091287366 ) ) ;
#7942 = EDGE_CURVE ( 'NONE', #4340, #3596, #8288, .T. ) ;
#7943 = CARTESIAN_POINT ( 'NONE',  ( -52.45000000000000995, 9.697719172987381953, -3.001973684210526905 ) ) ;
#7944 = CARTESIAN_POINT ( 'NONE',  ( -31.11939691791956974, 0.1293615736281126527, 2.765000000000000124 ) ) ;
#7945 = ORIENTED_EDGE ( 'NONE', *, *, #3365, .T. ) ;
#7946 = ADVANCED_BREP_SHAPE_REPRESENTATION ( '5_\X2\58f34f53\X0\', ( #3616, #9086 ), #4897 ) ;
#7947 = ADVANCED_FACE ( 'NONE', ( #7956 ), #7174, .T. ) ;
#7948 = ORIENTED_EDGE ( 'NONE', *, *, #5698, .T. ) ;
#7949 = DIRECTION ( 'NONE',  ( 0.000000000000000000, 0.000000000000000000, 1.000000000000000000 ) ) ;
#7950 = DIRECTION ( 'NONE',  ( 0.000000000000000000, 0.000000000000000000, 1.000000000000000000 ) ) ;
#7951 = CARTESIAN_POINT ( 'NONE',  ( 37.45000000000000284, 4.900000000000001243, 8.349999999999997868 ) ) ;
#7952 = ORIENTED_EDGE ( 'NONE', *, *, #2173, .T. ) ;
#7953 = CARTESIAN_POINT ( 'NONE',  ( -52.20568082859747960, 9.258464342854859197, -4.027471805003810523 ) ) ;
#7954 = VERTEX_POINT ( 'NONE', #3942 ) ;
#7955 = CARTESIAN_POINT ( 'NONE',  ( -51.25000000000001421, 14.50000000000000000, 0.000000000000000000 ) ) ;
#7956 = FACE_OUTER_BOUND ( 'NONE', #10421, .T. ) ;
#7957 = DIRECTION ( 'NONE',  ( -1.000000000000000000, 0.000000000000000000, 0.000000000000000000 ) ) ;
#7958 = ORIENTED_EDGE ( 'NONE', *, *, #4283, .T. ) ;
#7959 = ORIENTED_EDGE ( 'NONE', *, *, #8395, .T. ) ;
#7960 = LINE ( 'NONE', #3046, #7759 ) ;
#7961 = DIRECTION ( 'NONE',  ( 1.000000000000000000, -0.000000000000000000, -0.000000000000000000 ) ) ;
#7962 = ORIENTED_EDGE ( 'NONE', *, *, #5472, .F. ) ;
#7963 = CARTESIAN_POINT ( 'NONE',  ( 30.95000000000000284, -0.001000000000000024307, -2.350000000000003197 ) ) ;
#7964 = AXIS2_PLACEMENT_3D ( 'NONE', #6706, #6606, #8340 ) ;
#7965 = DIRECTION ( 'NONE',  ( 1.000000000000000000, 0.000000000000000000, 0.000000000000000000 ) ) ;
#7966 = FACE_OUTER_BOUND ( 'NONE', #8553, .T. ) ;
#7967 = CARTESIAN_POINT ( 'NONE',  ( 51.95000000000000284, 11.00000000000000178, -6.000000000000000000 ) ) ;
#7968 = CARTESIAN_POINT ( 'NONE',  ( 39.08172798364529399, -1.697056274847719815, 5.581727983645293101 ) ) ;
#7969 = DIRECTION ( 'NONE',  ( 1.000000000000000000, -0.000000000000000000, 1.826024711554533223E-15 ) ) ;
#7970 = VERTEX_POINT ( 'NONE', #6589 ) ;
#7971 = AXIS2_PLACEMENT_3D ( 'NONE', #819, #6332, #4750 ) ;
#7972 = ORIENTED_EDGE ( 'NONE', *, *, #8508, .T. ) ;
#7973 = EDGE_CURVE ( 'NONE', #1590, #1247, #1662, .T. ) ;
#7974 = PLANE ( 'NONE',  #2611 ) ;
#7975 = LINE ( 'NONE', #7404, #2165 ) ;
#7976 = VERTEX_POINT ( 'NONE', #5637 ) ;
#7977 = DIRECTION ( 'NONE',  ( 0.000000000000000000, 0.000000000000000000, -1.000000000000000000 ) ) ;
#7978 = LINE ( 'NONE', #10237, #564 ) ;
#7979 = EDGE_CURVE ( 'NONE', #8127, #7954, #2405, .T. ) ;
#7980 = EDGE_CURVE ( 'NONE', #8434, #5984, #8791, .T. ) ;
#7981 = CARTESIAN_POINT ( 'NONE',  ( -20.00000000000001066, 9.000000000000001776, -12.25000000000000000 ) ) ;
#7982 = AXIS2_PLACEMENT_3D ( 'NONE', #5940, #5638, #6726 ) ;
#7983 = ORIENTED_EDGE ( 'NONE', *, *, #8452, .T. ) ;
#7984 = VERTEX_POINT ( 'NONE', #1713 ) ;
#7985 = VECTOR ( 'NONE', #2773, 1000.000000000000114 ) ;
#7986 = ADVANCED_FACE ( 'NONE', ( #3313 ), #4954, .F. ) ;
#7987 = CARTESIAN_POINT ( 'NONE',  ( -39.68512705544042518, -8.136653386224946541E-16, -2.888658226344437363 ) ) ;
#7988 = VECTOR ( 'NONE', #2021, 1000.000000000000000 ) ;
#7989 = ORIENTED_EDGE ( 'NONE', *, *, #238, .T. ) ;
#7990 = DIRECTION ( 'NONE',  ( 0.000000000000000000, 0.000000000000000000, -1.000000000000000000 ) ) ;
#7991 = DIRECTION ( 'NONE',  ( -0.000000000000000000, -1.000000000000000000, -0.000000000000000000 ) ) ;
#7992 = CARTESIAN_POINT ( 'NONE',  ( -52.45000000000000284, 9.690922404883833607, -3.116562148732958892 ) ) ;
#7993 = ADVANCED_FACE ( 'NONE', ( #6241 ), #7000, .T. ) ;
#7994 = VECTOR ( 'NONE', #6622, 1000.000000000000000 ) ;
#7995 = LINE ( 'NONE', #7101, #4289 ) ;
#7996 = ORIENTED_EDGE ( 'NONE', *, *, #6634, .F. ) ;
#7997 = AXIS2_PLACEMENT_3D ( 'NONE', #5597, #8122, #1564 ) ;
#7998 = ORIENTED_EDGE ( 'NONE', *, *, #9332, .T. ) ;
#7999 = ADVANCED_FACE ( 'NONE', ( #7141 ), #3925, .F. ) ;
#8000 = CARTESIAN_POINT ( 'NONE',  ( -35.06554871542299878, 0.2000000000000000944, -20.34067203111825251 ) ) ;
#8001 = EDGE_CURVE ( 'NONE', #10139, #5102, #9344, .T. ) ;
#8002 = CARTESIAN_POINT ( 'NONE',  ( -400000.2250000000931, 5.500000000000000000, 6.750000000124600774 ) ) ;
#8003 = DIRECTION ( 'NONE',  ( -0.3420201433256616630, 0.000000000000000000, -0.9396926207859109814 ) ) ;
#8004 = AXIS2_PLACEMENT_3D ( 'NONE', #8030, #3169, #6557 ) ;
#8005 = VERTEX_POINT ( 'NONE', #8096 ) ;
#8006 = CARTESIAN_POINT ( 'NONE',  ( -50.20000000000000995, 0.000000000000000000, 2.580240547971450527E-14 ) ) ;
#8007 = ORIENTED_EDGE ( 'NONE', *, *, #10077, .T. ) ;
#8008 = DIRECTION ( 'NONE',  ( 1.000000000000000000, -0.000000000000000000, -0.000000000000000000 ) ) ;
#8009 = B_SPLINE_CURVE_WITH_KNOTS ( 'NONE', 3,
 ( #3370, #5906, #9110, #3572 ),
 .UNSPECIFIED., .F., .F.,
 ( 4, 4 ),
 ( 0.000000000000000000, 8.053029081880144389E-05 ),
 .UNSPECIFIED. ) ;
#8010 = DIRECTION ( 'NONE',  ( 0.000000000000000000, -0.000000000000000000, 1.000000000000000000 ) ) ;
#8011 = CARTESIAN_POINT ( 'NONE',  ( -53.20100000000002183, 9.850000000000001421, -3.299999999999999822 ) ) ;
#8012 = ORIENTED_EDGE ( 'NONE', *, *, #237, .F. ) ;
#8013 = ORIENTED_EDGE ( 'NONE', *, *, #3290, .F. ) ;
#8014 = EDGE_CURVE ( 'NONE', #8032, #1767, #10361, .T. ) ;
#8015 = FACE_BOUND ( 'NONE', #6616, .T. ) ;
#8016 = DIRECTION ( 'NONE',  ( 1.000000000000000000, -0.000000000000000000, 0.000000000000000000 ) ) ;
#8017 = ORIENTED_EDGE ( 'NONE', *, *, #6899, .T. ) ;
#8018 = CARTESIAN_POINT ( 'NONE',  ( -52.33850009812077531, 8.613657360593185430, 4.211792455234414589 ) ) ;
#8019 = AXIS2_PLACEMENT_3D ( 'NONE', #2322, #7036, #9442 ) ;
#8020 = DIRECTION ( 'NONE',  ( 0.000000000000000000, 1.000000000000000000, 0.000000000000000000 ) ) ;
#8021 = CARTESIAN_POINT ( 'NONE',  ( 37.45000000000000284, 4.899999999999999467, 0.000000000000000000 ) ) ;
#8022 = AXIS2_PLACEMENT_3D ( 'NONE', #7681, #3561, #9294 ) ;
#8023 = EDGE_CURVE ( 'NONE', #8911, #4436, #1264, .T. ) ;
#8024 = CYLINDRICAL_SURFACE ( 'NONE', #4295, 0.3706384263718887073 ) ;
#8025 = LINE ( 'NONE', #7240, #2615 ) ;
#8026 = DIRECTION ( 'NONE',  ( 0.000000000000000000, 0.000000000000000000, 1.000000000000000000 ) ) ;
#8027 = VERTEX_POINT ( 'NONE', #2285 ) ;
#8028 = ORIENTED_EDGE ( 'NONE', *, *, #1971, .F. ) ;
#8029 = CIRCLE ( 'NONE', #8865, 0.8500000000000000888 ) ;
#8030 = CARTESIAN_POINT ( 'NONE',  ( -52.25000000000001421, 8.400000000000000355, 2.925000000000030465 ) ) ;
#8031 = DIRECTION ( 'NONE',  ( -0.000000000000000000, 1.000000000000000000, -0.000000000000000000 ) ) ;
#8032 = VERTEX_POINT ( 'NONE', #3873 ) ;
#8033 = DIRECTION ( 'NONE',  ( -1.000000000000000000, -1.874314505684327150E-13, 0.000000000000000000 ) ) ;
#8034 = EDGE_CURVE ( 'NONE', #7908, #8924, #10034, .T. ) ;
#8035 = ORIENTED_EDGE ( 'NONE', *, *, #9322, .F. ) ;
#8036 = CARTESIAN_POINT ( 'NONE',  ( -22.80000000000001492, 13.00000000000000178, -13.55000000000000249 ) ) ;
#8037 = LINE ( 'NONE', #6404, #4270 ) ;
#8038 = EDGE_CURVE ( 'NONE', #1303, #5994, #5521, .T. ) ;
#8039 = ORIENTED_EDGE ( 'NONE', *, *, #266, .F. ) ;
#8040 = ORIENTED_EDGE ( 'NONE', *, *, #6583, .F. ) ;
#8041 = DIRECTION ( 'NONE',  ( 0.000000000000000000, 0.000000000000000000, 1.000000000000000000 ) ) ;
#8042 = ORIENTED_EDGE ( 'NONE', *, *, #8111, .T. ) ;
#8043 = DIRECTION ( 'NONE',  ( 1.000000000000000000, 0.000000000000000000, 5.139921410301651289E-17 ) ) ;
#8044 = DIRECTION ( 'NONE',  ( -1.000000000000000000, 0.000000000000000000, 0.000000000000000000 ) ) ;
#8045 = CARTESIAN_POINT ( 'NONE',  ( -39.55228633380069425, 0.1679172698444631462, -3.615000000000000213 ) ) ;
#8046 = B_SPLINE_CURVE_WITH_KNOTS ( 'NONE', 3,
 ( #2629, #8275, #3420, #3368, #3319, #4962 ),
 .UNSPECIFIED., .F., .F.,
 ( 4, 2, 4 ),
 ( 0.000000000000000000, 0.0003763378220701133424, 0.0007526756441402266849 ),
 .UNSPECIFIED. ) ;
#8047 = DIRECTION ( 'NONE',  ( 0.000000000000000000, -0.8344462197398195835, -0.5510893814635923205 ) ) ;
#8048 = EDGE_CURVE ( 'NONE', #4759, #2186, #1772, .T. ) ;
#8049 = VERTEX_POINT ( 'NONE', #2333 ) ;
#8050 = B_SPLINE_CURVE_WITH_KNOTS ( 'NONE', 3,
 ( #359, #6029, #412, #1999, #5340, #1896, #8449, #1204 ),
 .UNSPECIFIED., .F., .F.,
 ( 4, 2, 2, 4 ),
 ( 0.000000000000000000, 0.0001382025733524851749, 0.0002764051467049703499, 0.0005528102934099401577 ),
 .UNSPECIFIED. ) ;
#8051 = EDGE_LOOP ( 'NONE', ( #1194, #2234, #9260, #8658, #3463 ) ) ;
#8052 = ADVANCED_FACE ( 'NONE', ( #6466 ), #747, .F. ) ;
#8053 = LINE ( 'NONE', #7001, #8280 ) ;
#8054 = DIRECTION ( 'NONE',  ( 0.000000000000000000, 0.000000000000000000, 1.000000000000000000 ) ) ;
#8055 = CARTESIAN_POINT ( 'NONE',  ( 22.81827201635470459, -1.697056274847719815, -10.08172798364529754 ) ) ;
#8056 = ORIENTED_EDGE ( 'NONE', *, *, #3040, .T. ) ;
#8057 = CARTESIAN_POINT ( 'NONE',  ( -8.947521086617219380E-16, 6.500000000000000888, 12.25000000000000355 ) ) ;
#8058 = EDGE_LOOP ( 'NONE', ( #160, #3184 ) ) ;
#8059 = CARTESIAN_POINT ( 'NONE',  ( -44.75000000000000711, 8.000000000000000000, 12.25000000000000000 ) ) ;
#8060 = EDGE_CURVE ( 'NONE', #8574, #1720, #9860, .T. ) ;
#8061 = DIRECTION ( 'NONE',  ( 0.000000000000000000, 0.000000000000000000, 1.000000000000000000 ) ) ;
#8062 = LINE ( 'NONE', #8011, #7143 ) ;
#8063 = EDGE_LOOP ( 'NONE', ( #6378, #3038, #5039, #5420, #2005 ) ) ;
#8064 = ORIENTED_EDGE ( 'NONE', *, *, #833, .T. ) ;
#8065 = DIRECTION ( 'NONE',  ( 1.000000000000000000, 0.000000000000000000, 0.000000000000000000 ) ) ;
#8066 = VECTOR ( 'NONE', #4282, 1000.000000000000000 ) ;
#8067 = FACE_OUTER_BOUND ( 'NONE', #9077, .T. ) ;
#8068 = EDGE_LOOP ( 'NONE', ( #2792, #9126, #1355, #2987, #4628, #4268, #5831, #3029 ) ) ;
#8069 = CARTESIAN_POINT ( 'NONE',  ( -52.39338509191044579, 9.425541345312240082, 3.731114064541546593 ) ) ;
#8070 = CARTESIAN_POINT ( 'NONE',  ( 2.009170479469691184, 13.00000000000000178, -14.75000000000000178 ) ) ;
#8071 = CARTESIAN_POINT ( 'NONE',  ( 31.70000000000002061, -0.001000000000000024307, 3.098623679425835942 ) ) ;
#8072 = CARTESIAN_POINT ( 'NONE',  ( -50.25000000000000711, 16.00000000000000000, -9.499999999999982236 ) ) ;
#8073 = EDGE_CURVE ( 'NONE', #8382, #8903, #1443, .T. ) ;
#8074 = VECTOR ( 'NONE', #5111, 1000.000000000000000 ) ;
#8075 = CARTESIAN_POINT ( 'NONE',  ( -52.25000000000001421, 10.00000000000000000, 2.449999999999999734 ) ) ;
#8076 = CARTESIAN_POINT ( 'NONE',  ( 31.39999999999997726, 0.2999999999999999889, 0.000000000000000000 ) ) ;
#8077 = ORIENTED_EDGE ( 'NONE', *, *, #1019, .F. ) ;
#8078 = ORIENTED_EDGE ( 'NONE', *, *, #7360, .F. ) ;
#8079 = ADVANCED_FACE ( 'NONE', ( #4839 ), #8883, .T. ) ;
#8080 = DIRECTION ( 'NONE',  ( 1.000000000000000000, 0.000000000000000000, 0.000000000000000000 ) ) ;
#8081 = CARTESIAN_POINT ( 'NONE',  ( -39.58434658500975445, 0.1071145293931473896, -3.592122244086235483 ) ) ;
#8082 = CARTESIAN_POINT ( 'NONE',  ( -31.27472780755320869, 0.2000000000000000111, -3.615000000000000213 ) ) ;
#8083 = ORIENTED_EDGE ( 'NONE', *, *, #572, .F. ) ;
#8084 = DIRECTION ( 'NONE',  ( -0.000000000000000000, -0.000000000000000000, 1.000000000000000000 ) ) ;
#8085 = FACE_OUTER_BOUND ( 'NONE', #8891, .T. ) ;
#8086 = EDGE_LOOP ( 'NONE', ( #6691, #5109, #7837, #8588, #5209, #9968, #9139, #2933, #8250, #6130 ) ) ;
#8087 = CARTESIAN_POINT ( 'NONE',  ( 30.20000000000002416, -0.001000000000000024307, 0.000000000000000000 ) ) ;
#8088 = LINE ( 'NONE', #895, #3243 ) ;
#8089 = ORIENTED_EDGE ( 'NONE', *, *, #7495, .T. ) ;
#8090 = ORIENTED_EDGE ( 'NONE', *, *, #2305, .F. ) ;
#8091 = CARTESIAN_POINT ( 'NONE',  ( 39.19216030126703032, 2.997861358569782475E-15, 1.811545626786588592 ) ) ;
#8092 = VECTOR ( 'NONE', #2725, 1000.000000000000000 ) ;
#8093 = LINE ( 'NONE', #215, #4560 ) ;
#8094 = DIRECTION ( 'NONE',  ( -1.000000000000000000, 0.000000000000000000, 0.000000000000000000 ) ) ;
#8095 = LINE ( 'NONE', #1007, #9675 ) ;
#8096 = CARTESIAN_POINT ( 'NONE',  ( 51.95000000000000284, 9.850000000000003197, -1.700000000000001954 ) ) ;
#8097 = CARTESIAN_POINT ( 'NONE',  ( -52.25000000000001421, 9.900000000000000355, -2.924999999999968736 ) ) ;
#8098 = VECTOR ( 'NONE', #2148, 1000.000000000000000 ) ;
#8099 = ORIENTED_EDGE ( 'NONE', *, *, #2900, .F. ) ;
#8100 = AXIS2_PLACEMENT_3D ( 'NONE', #4094, #8889, #860 ) ;
#8101 = VERTEX_POINT ( 'NONE', #8724 ) ;
#8102 = CARTESIAN_POINT ( 'NONE',  ( -34.52834772718359346, 0.000000000000000000, 3.415000000000000036 ) ) ;
#8103 = FACE_BOUND ( 'NONE', #6344, .T. ) ;
#8104 = EDGE_CURVE ( 'NONE', #452, #4431, #798, .T. ) ;
#8105 = CARTESIAN_POINT ( 'NONE',  ( 35.21143789659456047, 0.000000000000000000, -5.329957559004428802 ) ) ;
#8106 = VERTEX_POINT ( 'NONE', #6413 ) ;
#8107 = CARTESIAN_POINT ( 'NONE',  ( 30.27489141821820695, 0.09795398803915132679, -7.733001662233776052 ) ) ;
#8108 = VECTOR ( 'NONE', #9701, 1000.000000000000000 ) ;
#8109 = AXIS2_PLACEMENT_3D ( 'NONE', #5628, #8683, #1602 ) ;
#8110 = CARTESIAN_POINT ( 'NONE',  ( 0.5999999999999912070, 13.00000000000000178, -13.55000000000000071 ) ) ;
#8111 = EDGE_CURVE ( 'NONE', #9659, #7721, #1489, .T. ) ;
#8112 = EDGE_CURVE ( 'NONE', #2859, #7804, #852, .T. ) ;
#8113 = LINE ( 'NONE', #2515, #597 ) ;
#8114 = LINE ( 'NONE', #3314, #2918 ) ;
#8115 = VERTEX_POINT ( 'NONE', #5467 ) ;
#8116 = DIRECTION ( 'NONE',  ( 0.000000000000000000, 0.000000000000000000, 1.000000000000000000 ) ) ;
#8117 = EDGE_CURVE ( 'NONE', #6297, #6617, #10156, .T. ) ;
#8118 = ORIENTED_EDGE ( 'NONE', *, *, #9658, .T. ) ;
#8119 = CARTESIAN_POINT ( 'NONE',  ( -35.24172192299145934, 0.2946731267839041712, 3.615000000000000213 ) ) ;
#8120 = DIRECTION ( 'NONE',  ( 0.000000000000000000, 0.000000000000000000, -1.000000000000000000 ) ) ;
#8121 = LINE ( 'NONE', #1671, #4209 ) ;
#8122 = DIRECTION ( 'NONE',  ( 0.000000000000000000, -0.05921052631581481818, 0.9982455176826010579 ) ) ;
#8123 = ADVANCED_FACE ( 'NONE', ( #2227, #3134 ), #9563, .T. ) ;
#8124 = CARTESIAN_POINT ( 'NONE',  ( -31.51661123066064363, 3.000000000000000000, 2.765000000000000124 ) ) ;
#8125 = CYLINDRICAL_SURFACE ( 'NONE', #537, 0.3000000000000016542 ) ;
#8126 = VERTEX_POINT ( 'NONE', #7420 ) ;
#8127 = VERTEX_POINT ( 'NONE', #4351 ) ;
#8128 = AXIS2_PLACEMENT_3D ( 'NONE', #3275, #6503, #7835 ) ;
#8129 = FILL_AREA_STYLE ('',( #4922 ) ) ;
#8130 = ADVANCED_FACE ( 'NONE', ( #2660 ), #2709, .T. ) ;
#8131 = CYLINDRICAL_SURFACE ( 'NONE', #5827, 0.2888330770816384119 ) ;
#8132 = CARTESIAN_POINT ( 'NONE',  ( -45.20000000000000284, 0.000000000000000000, -6.750000000000000888 ) ) ;
#8133 = ORIENTED_EDGE ( 'NONE', *, *, #2128, .F. ) ;
#8134 = CARTESIAN_POINT ( 'NONE',  ( -35.18270600294837891, -8.848897779465002112E-17, -8.932842712474617031 ) ) ;
#8135 = CARTESIAN_POINT ( 'NONE',  ( 6.944920150553323346, 0.2999999999999999889, 12.02895455526722301 ) ) ;
#8136 = VECTOR ( 'NONE', #8667, 1000.000000000000000 ) ;
#8137 = ORIENTED_EDGE ( 'NONE', *, *, #1268, .T. ) ;
#8138 = LINE ( 'NONE', #3390, #6453 ) ;
#8139 = ORIENTED_EDGE ( 'NONE', *, *, #9245, .F. ) ;
#8140 = ORIENTED_EDGE ( 'NONE', *, *, #2613, .F. ) ;
#8141 = AXIS2_PLACEMENT_3D ( 'NONE', #6969, #5977, #3692 ) ;
#8142 = CARTESIAN_POINT ( 'NONE',  ( -31.51661123066064363, 3.000000000000000000, 3.615000000000000213 ) ) ;
#8143 = ORIENTED_EDGE ( 'NONE', *, *, #6792, .F. ) ;
#8144 = CARTESIAN_POINT ( 'NONE',  ( -53.20100000000002183, 11.34999999999999964, 3.299999999999999378 ) ) ;
#8145 = AXIS2_PLACEMENT_3D ( 'NONE', #9140, #8947, #2713 ) ;
#8146 = DIRECTION ( 'NONE',  ( -0.000000000000000000, -0.000000000000000000, 1.000000000000000000 ) ) ;
#8147 = CARTESIAN_POINT ( 'NONE',  ( 22.81827201635470459, -1.697056274847719815, -9.481727983645297897 ) ) ;
#8148 = ADVANCED_FACE ( 'NONE', ( #5729 ), #5048, .F. ) ;
#8149 = CARTESIAN_POINT ( 'NONE',  ( 45.25000000000000711, 0.5000000000000000000, -12.24999999999999822 ) ) ;
#8150 = ORIENTED_EDGE ( 'NONE', *, *, #7544, .F. ) ;
#8151 = VECTOR ( 'NONE', #7901, 1000.000000000000000 ) ;
#8152 = ORIENTED_EDGE ( 'NONE', *, *, #1960, .F. ) ;
#8153 = CARTESIAN_POINT ( 'NONE',  ( 39.38469035668907026, 4.899999999999999467, 4.549999999999998934 ) ) ;
#8154 = CARTESIAN_POINT ( 'NONE',  ( 30.20000000000002416, 0.2999999999999999889, 3.098623679425835942 ) ) ;
#8155 = ORIENTED_EDGE ( 'NONE', *, *, #3503, .F. ) ;
#8156 = CARTESIAN_POINT ( 'NONE',  ( -39.58434658500975445, 0.1071145293931484166, -20.34067203111825251 ) ) ;
#8157 = AXIS2_PLACEMENT_3D ( 'NONE', #2212, #2377, #8764 ) ;
#8158 = DIRECTION ( 'NONE',  ( -0.000000000000000000, -0.000000000000000000, 1.000000000000000000 ) ) ;
#8159 = VECTOR ( 'NONE', #274, 1000.000000000000114 ) ;
#8160 = DIRECTION ( 'NONE',  ( -0.000000000000000000, 1.000000000000000000, -0.000000000000000000 ) ) ;
#8161 = DIRECTION ( 'NONE',  ( 0.000000000000000000, 0.000000000000000000, 1.000000000000000000 ) ) ;
#8162 = LINE ( 'NONE', #920, #5512 ) ;
#8163 = LINE ( 'NONE', #8364, #8984 ) ;
#8164 = ADVANCED_FACE ( 'NONE', ( #8987 ), #2623, .T. ) ;
#8165 = ORIENTED_EDGE ( 'NONE', *, *, #687, .F. ) ;
#8166 = CIRCLE ( 'NONE', #9500, 2.249999999999998668 ) ;
#8167 = FACE_OUTER_BOUND ( 'NONE', #7922, .T. ) ;
#8168 = AXIS2_PLACEMENT_3D ( 'NONE', #2854, #4502, #7715 ) ;
#8169 = AXIS2_PLACEMENT_3D ( 'NONE', #9041, #5845, #5887 ) ;
#8170 = CARTESIAN_POINT ( 'NONE',  ( -47.50000000000000711, 14.50000000000000000, 9.500000000000001776 ) ) ;
#8171 = FACE_OUTER_BOUND ( 'NONE', #4079, .T. ) ;
#8172 = ORIENTED_EDGE ( 'NONE', *, *, #3406, .T. ) ;
#8173 = DIRECTION ( 'NONE',  ( 0.000000000000000000, 1.000000000000000000, -0.000000000000000000 ) ) ;
#8174 = CARTESIAN_POINT ( 'NONE',  ( -52.00000000000002132, 17.00000000000000000, 6.749999999999946709 ) ) ;
#8175 = DIRECTION ( 'NONE',  ( 0.8660254037844380415, 0.000000000000000000, 0.5000000000000009992 ) ) ;
#8176 = CARTESIAN_POINT ( 'NONE',  ( 6.964593510958737361E-16, 11.00000000000000178, -13.55000000000000071 ) ) ;
#8177 = VECTOR ( 'NONE', #8960, 1000.000000000000000 ) ;
#8178 = AXIS2_PLACEMENT_3D ( 'NONE', #1374, #3810, #8714 ) ;
#8179 = CARTESIAN_POINT ( 'NONE',  ( 52.75100000000002609, 7.099999999999998757, 2.924999999999975842 ) ) ;
#8180 = CARTESIAN_POINT ( 'NONE',  ( -39.53506879479627401, 0.1999999999999996503, 2.765000000000000124 ) ) ;
#8181 = ADVANCED_FACE ( 'NONE', ( #273 ), #118, .T. ) ;
#8182 = ORIENTED_EDGE ( 'NONE', *, *, #302, .F. ) ;
#8183 = VERTEX_POINT ( 'NONE', #5049 ) ;
#8184 =( BOUNDED_CURVE ( )  B_SPLINE_CURVE ( 3, ( #3682, #1147, #9270, #6021 ),
 .UNSPECIFIED., .F., .F. ) 
 B_SPLINE_CURVE_WITH_KNOTS ( ( 4, 4 ),
 ( 3.168137486254775315, 4.712388980384691450 ),
 .UNSPECIFIED. ) 
 CURVE ( )  GEOMETRIC_REPRESENTATION_ITEM ( )  RATIONAL_B_SPLINE_CURVE ( ( 1.000000000000000000, 0.8109528274920958513, 0.8109528274920958513, 1.000000000000000000 ) ) 
 REPRESENTATION_ITEM ( '' )  );
#8185 = LINE ( 'NONE', #942, #9127 ) ;
#8186 = AXIS2_PLACEMENT_3D ( 'NONE', #6455, #5718, #840 ) ;
#8187 = EDGE_CURVE ( 'NONE', #6410, #9056, #1011, .T. ) ;
#8188 = VECTOR ( 'NONE', #124, 1000.000000000000000 ) ;
#8189 = CARTESIAN_POINT ( 'NONE',  ( 50.25000000000000000, 11.00000000000000178, 6.000000000000000000 ) ) ;
#8190 = DIRECTION ( 'NONE',  ( -0.000000000000000000, 1.000000000000000000, -0.000000000000000000 ) ) ;
#8191 = CARTESIAN_POINT ( 'NONE',  ( -31.45678631915142631, 0.2827931057192691333, 2.765000000000000124 ) ) ;
#8192 = ORIENTED_EDGE ( 'NONE', *, *, #7445, .F. ) ;
#8193 = CARTESIAN_POINT ( 'NONE',  ( -47.50000000000000711, 3.000000000000000000, -9.500000000000001776 ) ) ;
#8194 = LINE ( 'NONE', #3440, #6592 ) ;
#8195 = EDGE_LOOP ( 'NONE', ( #10071, #4748, #610, #5362 ) ) ;
#8196 = B_SPLINE_CURVE_WITH_KNOTS ( 'NONE', 3,
 ( #4682, #6476, #7895, #3988, #3087, #5576, #2290, #3935 ),
 .UNSPECIFIED., .F., .F.,
 ( 4, 2, 2, 4 ),
 ( 0.000000000000000000, 0.0001382025733524849852, 0.0002764051467049699704, 0.0005528102934099399408 ),
 .UNSPECIFIED. ) ;
#8197 = DIRECTION ( 'NONE',  ( 1.000000000000000000, 0.000000000000000000, 0.000000000000000000 ) ) ;
#8198 = EDGE_CURVE ( 'NONE', #2246, #3035, #10186, .T. ) ;
#8199 = ORIENTED_EDGE ( 'NONE', *, *, #5878, .T. ) ;
#8200 = VECTOR ( 'NONE', #652, 1000.000000000000000 ) ;
#8201 = ORIENTED_EDGE ( 'NONE', *, *, #8898, .F. ) ;
#8202 = DIRECTION ( 'NONE',  ( 1.176083712526648949E-16, 0.000000000000000000, 1.000000000000000000 ) ) ;
#8203 = ORIENTED_EDGE ( 'NONE', *, *, #4010, .F. ) ;
#8204 = VECTOR ( 'NONE', #2189, 1000.000000000000227 ) ;
#8205 = DIRECTION ( 'NONE',  ( 0.6427876096865420275, 0.000000000000000000, -0.7660444431189757930 ) ) ;
#8206 = CARTESIAN_POINT ( 'NONE',  ( 30.95000000000000284, 0.5000000000000000000, -2.350000000000003197 ) ) ;
#8207 = DIRECTION ( 'NONE',  ( -3.154042683594191669E-16, 0.000000000000000000, -1.000000000000000000 ) ) ;
#8208 = CARTESIAN_POINT ( 'NONE',  ( -8.107033542344556309, 13.00000000000000178, 14.04179399400123351 ) ) ;
#8209 = EDGE_CURVE ( 'NONE', #9422, #7577, #3296, .T. ) ;
#8210 = ORIENTED_EDGE ( 'NONE', *, *, #4080, .T. ) ;
#8211 = ORIENTED_EDGE ( 'NONE', *, *, #6112, .T. ) ;
#8212 = LINE ( 'NONE', #965, #854 ) ;
#8213 = ADVANCED_FACE ( 'NONE', ( #521 ), #2968, .T. ) ;
#8214 = CARTESIAN_POINT ( 'NONE',  ( -53.20100000000002183, 9.849999999999999645, 1.700000000000000178 ) ) ;
#8215 = EDGE_CURVE ( 'NONE', #3292, #3146, #2909, .T. ) ;
#8216 = ORIENTED_EDGE ( 'NONE', *, *, #2223, .F. ) ;
#8217 = DIRECTION ( 'NONE',  ( -1.000000000000000000, 0.000000000000000000, 4.231032868236115418E-16 ) ) ;
#8218 = DIRECTION ( 'NONE',  ( 0.000000000000000000, 0.000000000000000000, 1.000000000000000000 ) ) ;
#8219 = DIRECTION ( 'NONE',  ( 0.000000000000000000, 0.000000000000000000, -1.000000000000000000 ) ) ;
#8220 = CARTESIAN_POINT ( 'NONE',  ( -52.20411386731401393, 8.952356651949138211, 4.174609651987092995 ) ) ;
#8221 = VERTEX_POINT ( 'NONE', #1431 ) ;
#8222 = CARTESIAN_POINT ( 'NONE',  ( 8.530079849446764229, 0.2999999999999999889, -14.77453169186123461 ) ) ;
#8223 = DIRECTION ( 'NONE',  ( -0.000000000000000000, -0.000000000000000000, 1.000000000000000000 ) ) ;
#8224 = DIRECTION ( 'NONE',  ( -0.000000000000000000, -1.000000000000000000, -0.000000000000000000 ) ) ;
#8225 = ORIENTED_EDGE ( 'NONE', *, *, #1917, .F. ) ;
#8226 = CYLINDRICAL_SURFACE ( 'NONE', #2837, 1.300000000000000711 ) ;
#8227 = DIRECTION ( 'NONE',  ( 1.000000000000000000, 0.000000000000000000, 0.000000000000000000 ) ) ;
#8228 = ADVANCED_FACE ( 'NONE', ( #6354 ), #8610, .T. ) ;
#8229 = LINE ( 'NONE', #1784, #9527 ) ;
#8230 = LINE ( 'NONE', #5073, #8980 ) ;
#8231 = ORIENTED_EDGE ( 'NONE', *, *, #5206, .T. ) ;
#8232 = AXIS2_PLACEMENT_3D ( 'NONE', #6492, #8904, #1669 ) ;
#8233 = ORIENTED_EDGE ( 'NONE', *, *, #8023, .T. ) ;
#8234 = CARTESIAN_POINT ( 'NONE',  ( -52.45000000000000995, 7.102280827012613429, 3.001973684210526017 ) ) ;
#8235 = CARTESIAN_POINT ( 'NONE',  ( -52.00635303056958492, 8.519800277465707339, 4.350089639398326824 ) ) ;
#8236 = CARTESIAN_POINT ( 'NONE',  ( 9.519658948938198861, 6.000000000000000000, 10.25000000000000178 ) ) ;
#8237 = DIRECTION ( 'NONE',  ( 0.000000000000000000, 0.000000000000000000, 1.000000000000000000 ) ) ;
#8238 = EDGE_CURVE ( 'NONE', #6882, #8613, #1593, .T. ) ;
#8239 = ORIENTED_EDGE ( 'NONE', *, *, #5866, .T. ) ;
#8240 = AXIS2_PLACEMENT_3D ( 'NONE', #8606, #6137, #3058 ) ;
#8241 = FACE_OUTER_BOUND ( 'NONE', #576, .T. ) ;
#8242 = DIRECTION ( 'NONE',  ( 0.8660254037844381525, -0.000000000000000000, -0.5000000000000009992 ) ) ;
#8243 = ORIENTED_EDGE ( 'NONE', *, *, #9458, .F. ) ;
#8244 = FACE_OUTER_BOUND ( 'NONE', #6562, .T. ) ;
#8245 = VERTEX_POINT ( 'NONE', #3915 ) ;
#8246 = EDGE_CURVE ( 'NONE', #2971, #1651, #2950, .T. ) ;
#8247 = ORIENTED_EDGE ( 'NONE', *, *, #7459, .T. ) ;
#8248 = CARTESIAN_POINT ( 'NONE',  ( -52.20957954963455450, 9.292262464149082746, -3.999730970224206317 ) ) ;
#8249 = EDGE_CURVE ( 'NONE', #448, #3018, #5160, .T. ) ;
#8250 = ORIENTED_EDGE ( 'NONE', *, *, #7147, .T. ) ;
#8251 = DIRECTION ( 'NONE',  ( -0.000000000000000000, -0.000000000000000000, 1.000000000000000000 ) ) ;
#8252 = FACE_OUTER_BOUND ( 'NONE', #2715, .T. ) ;
#8253 = CARTESIAN_POINT ( 'NONE',  ( -51.22917112000553885, 14.50000000000000000, 9.894693245086287448 ) ) ;
#8254 = LINE ( 'NONE', #2710, #9330 ) ;
#8255 = ORIENTED_EDGE ( 'NONE', *, *, #6296, .T. ) ;
#8256 = VERTEX_POINT ( 'NONE', #10129 ) ;
#8257 = ORIENTED_EDGE ( 'NONE', *, *, #3074, .T. ) ;
#8258 = FACE_OUTER_BOUND ( 'NONE', #9823, .T. ) ;
#8259 = ADVANCED_FACE ( 'NONE', ( #4609 ), #6504, .T. ) ;
#8260 = DIRECTION ( 'NONE',  ( 0.000000000000000000, 1.000000000000000000, -0.000000000000000000 ) ) ;
#8261 = ORIENTED_EDGE ( 'NONE', *, *, #1392, .F. ) ;
#8262 = FACE_OUTER_BOUND ( 'NONE', #682, .T. ) ;
#8263 = LINE ( 'NONE', #82, #5974 ) ;
#8264 = FACE_OUTER_BOUND ( 'NONE', #4456, .T. ) ;
#8265 = VECTOR ( 'NONE', #1185, 1000.000000000000000 ) ;
#8266 = CARTESIAN_POINT ( 'NONE',  ( -52.26167570767589154, 8.184713429713278643, 4.211499472778779563 ) ) ;
#8267 = EDGE_CURVE ( 'NONE', #2662, #2971, #9554, .T. ) ;
#8268 = B_SPLINE_CURVE_WITH_KNOTS ( 'NONE', 3,
 ( #10273, #5334, #7867, #8543, #10168, #8702 ),
 .UNSPECIFIED., .F., .F.,
 ( 4, 2, 4 ),
 ( 4.336808689942017736E-19, 0.0003762168376257893853, 0.0007524336752515783369 ),
 .UNSPECIFIED. ) ;
#8269 = VERTEX_POINT ( 'NONE', #5558 ) ;
#8270 = AXIS2_PLACEMENT_3D ( 'NONE', #6665, #4131, #5664 ) ;
#8271 = CARTESIAN_POINT ( 'NONE',  ( 31.70000000000001350, -0.001000000000000024307, -6.248819466864732974E-14 ) ) ;
#8272 = CIRCLE ( 'NONE', #8602, 5.250000000000006217 ) ;
#8273 = AXIS2_PLACEMENT_3D ( 'NONE', #3791, #7016, #9424 ) ;
#8274 = CARTESIAN_POINT ( 'NONE',  ( -51.96395228292889357, 9.332527881964873373, -4.122894222564043254 ) ) ;
#8275 = CARTESIAN_POINT ( 'NONE',  ( -52.25000000000002132, 6.924690623612607787, 3.137817860687452054 ) ) ;
#8276 = ORIENTED_EDGE ( 'NONE', *, *, #5837, .F. ) ;
#8277 = LINE ( 'NONE', #1090, #3673 ) ;
#8278 = CARTESIAN_POINT ( 'NONE',  ( 31.64750775685067197, 0.1248391197358922761, 6.675606114723800388 ) ) ;
#8279 = CARTESIAN_POINT ( 'NONE',  ( 3.099999999999990763, 13.00000000000000178, -13.35000000000019149 ) ) ;
#8280 = VECTOR ( 'NONE', #5475, 1000.000000000000227 ) ;
#8281 = CYLINDRICAL_SURFACE ( 'NONE', #5835, 5.499999999999985789 ) ;
#8282 = CARTESIAN_POINT ( 'NONE',  ( -20.00000000000001066, 11.00000000000000178, -13.55000000000000071 ) ) ;
#8283 = EDGE_LOOP ( 'NONE', ( #9212, #3696, #1127, #2336, #7959 ) ) ;
#8284 = ORIENTED_EDGE ( 'NONE', *, *, #9099, .T. ) ;
#8285 = DIRECTION ( 'NONE',  ( -0.000000000000000000, -0.000000000000000000, 1.000000000000000000 ) ) ;
#8286 = CARTESIAN_POINT ( 'NONE',  ( -52.23028309663722979, 7.216839901683602676, 3.680390056223121764 ) ) ;
#8287 = DIRECTION ( 'NONE',  ( 0.000000000000000000, -1.000000000000000000, 0.000000000000000000 ) ) ;
#8288 = B_SPLINE_CURVE_WITH_KNOTS ( 'NONE', 3,
 ( #8946, #6376, #9689, #7386, #9794, #6428, #7226, #10379 ),
 .UNSPECIFIED., .F., .F.,
 ( 4, 2, 2, 4 ),
 ( 0.000000000000000000, 0.0001382025733524853105, 0.0002764051467049706209, 0.0005528102934099412419 ),
 .UNSPECIFIED. ) ;
#8289 = CARTESIAN_POINT ( 'NONE',  ( 50.24999999999999289, 11.35000000000000320, -3.299999999999998490 ) ) ;
#8290 = ORIENTED_EDGE ( 'NONE', *, *, #1917, .T. ) ;
#8291 = DIRECTION ( 'NONE',  ( 8.673617379884087537E-15, 0.000000000000000000, -1.000000000000000000 ) ) ;
#8292 = CARTESIAN_POINT ( 'NONE',  ( -30.13734193765159119, 5.995981931847601309, -3.615000000001399538 ) ) ;
#8293 = DIRECTION ( 'NONE',  ( 0.000000000000000000, 1.000000000000000000, 0.000000000000000000 ) ) ;
#8294 = ORIENTED_EDGE ( 'NONE', *, *, #1362, .F. ) ;
#8295 = VERTEX_POINT ( 'NONE', #7981 ) ;
#8296 = EDGE_CURVE ( 'NONE', #779, #1303, #7086, .T. ) ;
#8297 = CARTESIAN_POINT ( 'NONE',  ( -51.98539848752885462, 8.998678764500352756, -4.257248146259637878 ) ) ;
#8298 = B_SPLINE_CURVE_WITH_KNOTS ( 'NONE', 3,
 ( #5830, #106, #8292, #9869 ),
 .UNSPECIFIED., .F., .F.,
 ( 4, 4 ),
 ( 0.0004608189856411178142, 0.0004686829255822940192 ),
 .UNSPECIFIED. ) ;
#8299 = EDGE_CURVE ( 'NONE', #9109, #8005, #734, .T. ) ;
#8300 = ORIENTED_EDGE ( 'NONE', *, *, #8691, .T. ) ;
#8301 = DIRECTION ( 'NONE',  ( 0.000000000000000000, -0.000000000000000000, -1.000000000000000000 ) ) ;
#8302 = EDGE_CURVE ( 'NONE', #2423, #5734, #8557, .T. ) ;
#8303 = DIRECTION ( 'NONE',  ( 0.000000000000000000, 0.000000000000000000, 1.000000000000000000 ) ) ;
#8304 = CARTESIAN_POINT ( 'NONE',  ( -29.84000000000000696, 0.5000000000000004441, -10.25000000000000178 ) ) ;
#8305 = DIRECTION ( 'NONE',  ( 0.000000000000000000, 0.000000000000000000, 1.000000000000000000 ) ) ;
#8306 = DIRECTION ( 'NONE',  ( 0.7660444431189792347, 0.000000000000000000, -0.6427876096865379196 ) ) ;
#8307 = ORIENTED_EDGE ( 'NONE', *, *, #2814, .T. ) ;
#8308 = EDGE_LOOP ( 'NONE', ( #1816, #10092, #1729, #1787, #1810 ) ) ;
#8309 = EDGE_CURVE ( 'NONE', #6889, #7804, #7037, .T. ) ;
#8310 = ORIENTED_EDGE ( 'NONE', *, *, #6649, .F. ) ;
#8311 = CYLINDRICAL_SURFACE ( 'NONE', #8942, 0.2999999999999994338 ) ;
#8312 = CARTESIAN_POINT ( 'NONE',  ( 30.43208284934527441, 4.235164736271499384E-18, 2.892751484835246245 ) ) ;
#8313 = EDGE_CURVE ( 'NONE', #4413, #2472, #9443, .T. ) ;
#8314 = EDGE_LOOP ( 'NONE', ( #8225, #3558, #522, #7576 ) ) ;
#8315 = EDGE_LOOP ( 'NONE', ( #380, #1701, #1908, #5535 ) ) ;
#8316 = CARTESIAN_POINT ( 'NONE',  ( 0.000000000000000000, 0.000000000000000000, -2.965000000000000302 ) ) ;
#8317 = VECTOR ( 'NONE', #8334, 1000.000000000000000 ) ;
#8318 = DIRECTION ( 'NONE',  ( 1.000000000000000000, -0.000000000000000000, 0.000000000000000000 ) ) ;
#8319 = CARTESIAN_POINT ( 'NONE',  ( -52.26258374207989021, 8.824569528330233226, 4.158469840024136666 ) ) ;
#8320 = AXIS2_PLACEMENT_3D ( 'NONE', #6803, #8387, #658 ) ;
#8321 = EDGE_CURVE ( 'NONE', #736, #2891, #6294, .T. ) ;
#8322 = ORIENTED_EDGE ( 'NONE', *, *, #1222, .T. ) ;
#8323 = CARTESIAN_POINT ( 'NONE',  ( -45.19999999999994600, 16.00000000000000000, 13.55000000000000604 ) ) ;
#8324 = AXIS2_PLACEMENT_3D ( 'NONE', #3710, #2977, #10045 ) ;
#8325 = CARTESIAN_POINT ( 'NONE',  ( -52.00633014137971344, 8.521079087843583366, -4.349999999999790035 ) ) ;
#8326 = CARTESIAN_POINT ( 'NONE',  ( 47.49999999999999289, 3.000000000000000000, -8.649999999999998579 ) ) ;
#8327 = ORIENTED_EDGE ( 'NONE', *, *, #46, .T. ) ;
#8328 = CARTESIAN_POINT ( 'NONE',  ( -47.50000000000000711, 3.000000000000000000, 9.500000000000001776 ) ) ;
#8329 = AXIS2_PLACEMENT_3D ( 'NONE', #1389, #594, #8419 ) ;
#8330 = CARTESIAN_POINT ( 'NONE',  ( 22.81827201635470459, 0.5000000000000000000, -10.68172798364529719 ) ) ;
#8331 =( LENGTH_UNIT ( ) NAMED_UNIT ( * ) SI_UNIT ( .MILLI., .METRE. ) );
#8332 = PLANE ( 'NONE',  #9014 ) ;
#8333 = AXIS2_PLACEMENT_3D ( 'NONE', #5098, #4086, #2707 ) ;
#8334 = DIRECTION ( 'NONE',  ( 0.000000000000000000, 1.000000000000000000, 0.000000000000000000 ) ) ;
#8335 = ORIENTED_EDGE ( 'NONE', *, *, #3192, .F. ) ;
#8336 = ADVANCED_FACE ( 'NONE', ( #6513 ), #4019, .F. ) ;
#8337 = TOROIDAL_SURFACE ( 'NONE', #10180, 5.000000000000000000, 3.000000000000000000 ) ;
#8338 = AXIS2_PLACEMENT_3D ( 'NONE', #8881, #1644, #4887 ) ;
#8339 = VERTEX_POINT ( 'NONE', #3969 ) ;
#8340 = DIRECTION ( 'NONE',  ( 0.000000000000000000, 0.000000000000000000, 1.000000000000000000 ) ) ;
#8341 = CARTESIAN_POINT ( 'NONE',  ( -52.15661494277456001, 9.716960195022473101, 3.819531249999938094 ) ) ;
#8342 = DIRECTION ( 'NONE',  ( -1.000000000000000000, 0.000000000000000000, 0.000000000000000000 ) ) ;
#8343 = ADVANCED_FACE ( 'NONE', ( #787 ), #4077, .T. ) ;
#8344 = CARTESIAN_POINT ( 'NONE',  ( 54.26387818865998014, 8.000000000000000000, -7.250000000000000888 ) ) ;
#8345 = ORIENTED_EDGE ( 'NONE', *, *, #9390, .F. ) ;
#8346 = AXIS2_PLACEMENT_3D ( 'NONE', #8506, #1270, #5349 ) ;
#8347 = PLANE ( 'NONE',  #2953 ) ;
#8348 = CARTESIAN_POINT ( 'NONE',  ( -35.26554871542300162, 0.08284271247461905130, 2.764999999999999680 ) ) ;
#8349 = CARTESIAN_POINT ( 'NONE',  ( -52.45000000000001705, 9.897368276523906161, 3.013815789473676787 ) ) ;
#8350 = ORIENTED_EDGE ( 'NONE', *, *, #7605, .T. ) ;
#8351 = VERTEX_POINT ( 'NONE', #54 ) ;
#8352 = AXIS2_PLACEMENT_3D ( 'NONE', #2324, #1377, #4716 ) ;
#8353 = CIRCLE ( 'NONE', #1937, 5.499999999999985789 ) ;
#8354 = CARTESIAN_POINT ( 'NONE',  ( -52.20536001237682200, 7.818300294990230270, -4.161567919108210667 ) ) ;
#8355 = ADVANCED_FACE ( 'NONE', ( #9660 ), #7252, .F. ) ;
#8356 = ORIENTED_EDGE ( 'NONE', *, *, #1587, .T. ) ;
#8357 = DIRECTION ( 'NONE',  ( 1.000000000000000000, 0.000000000000000000, 0.000000000000000000 ) ) ;
#8358 = CARTESIAN_POINT ( 'NONE',  ( -2.000000000000008882, 14.50000000000000000, -13.85000000000018971 ) ) ;
#8359 = AXIS2_PLACEMENT_3D ( 'NONE', #3868, #10195, #2280 ) ;
#8360 = ADVANCED_FACE ( 'NONE', ( #9719 ), #8818, .T. ) ;
#8361 = VECTOR ( 'NONE', #1990, 1000.000000000000114 ) ;
#8362 = CARTESIAN_POINT ( 'NONE',  ( -31.47472780755320443, 0.2000000000000000111, 2.765000000000000124 ) ) ;
#8363 = ORIENTED_EDGE ( 'NONE', *, *, #7735, .T. ) ;
#8364 = CARTESIAN_POINT ( 'NONE',  ( 50.25000000000000000, 11.00000000000000178, 0.000000000000000000 ) ) ;
#8365 = ORIENTED_EDGE ( 'NONE', *, *, #8302, .F. ) ;
#8366 = ORIENTED_EDGE ( 'NONE', *, *, #10296, .F. ) ;
#8367 = CARTESIAN_POINT ( 'NONE',  ( -50.25000000000545697, 5.500000000000000000, -6.750000000010913936 ) ) ;
#8368 = AXIS2_PLACEMENT_3D ( 'NONE', #5016, #7441, #5860 ) ;
#8369 = CARTESIAN_POINT ( 'NONE',  ( -35.50000000001318767, 5.500000000000000000, 291583.7750000000233 ) ) ;
#8370 = VERTEX_POINT ( 'NONE', #3176 ) ;
#8371 = EDGE_LOOP ( 'NONE', ( #8013, #4908, #3996, #3003, #4729 ) ) ;
#8372 = CARTESIAN_POINT ( 'NONE',  ( -52.22340835089975997, 9.594609242404766647, -3.692296232791192789 ) ) ;
#8373 = EDGE_CURVE ( 'NONE', #7717, #4399, #1944, .T. ) ;
#8374 = LINE ( 'NONE', #234, #5077 ) ;
#8375 = CARTESIAN_POINT ( 'NONE',  ( -52.27563198490997820, 7.308115275766796870, 3.630658523920708092 ) ) ;
#8376 = ADVANCED_FACE ( 'NONE', ( #4879 ), #2379, .F. ) ;
#8377 = ORIENTED_EDGE ( 'NONE', *, *, #4903, .F. ) ;
#8378 = DIRECTION ( 'NONE',  ( -0.000000000000000000, -1.000000000000000000, -0.000000000000000000 ) ) ;
#8379 = DIRECTION ( 'NONE',  ( 0.000000000000000000, 0.000000000000000000, -1.000000000000000000 ) ) ;
#8380 = DIRECTION ( 'NONE',  ( -0.000000000000000000, 1.000000000000000000, -0.000000000000000000 ) ) ;
#8381 = B_SPLINE_CURVE_WITH_KNOTS ( 'NONE', 3,
 ( #8180, #3427, #4274, #4919 ),
 .UNSPECIFIED., .F., .F.,
 ( 4, 4 ),
 ( 2.710505431213761085E-19, 0.0001077442398752776040 ),
 .UNSPECIFIED. ) ;
#8382 = VERTEX_POINT ( 'NONE', #8036 ) ;
#8383 = CARTESIAN_POINT ( 'NONE',  ( 30.21257894721918191, 0.2034051652805228816, 6.632385900611301288 ) ) ;
#8384 = CARTESIAN_POINT ( 'NONE',  ( 31.46707591882804422, -3.811648262644349985E-18, 6.868693016353912384 ) ) ;
#8385 = EDGE_CURVE ( 'NONE', #1536, #1568, #254, .T. ) ;
#8386 = FACE_OUTER_BOUND ( 'NONE', #8756, .T. ) ;
#8387 = DIRECTION ( 'NONE',  ( -0.000000000000000000, -0.000000000000000000, 1.000000000000000000 ) ) ;
#8388 = ORIENTED_EDGE ( 'NONE', *, *, #7755, .F. ) ;
#8389 = ORIENTED_EDGE ( 'NONE', *, *, #9216, .T. ) ;
#8390 = FACE_OUTER_BOUND ( 'NONE', #3576, .T. ) ;
#8391 = CARTESIAN_POINT ( 'NONE',  ( -52.25000000000001421, 7.102280827012607212, 3.001973684210526905 ) ) ;
#8392 = CARTESIAN_POINT ( 'NONE',  ( -52.20454763282768340, 8.518871571672919529, 4.275301107351388019 ) ) ;
#8393 = CARTESIAN_POINT ( 'NONE',  ( -30.30484636607248561, -1.468623938954177977, -20.34067203111825251 ) ) ;
#8394 = CARTESIAN_POINT ( 'NONE',  ( -35.50000000001318767, 5.500000000000000000, 12.24999999996691358 ) ) ;
#8395 = EDGE_CURVE ( 'NONE', #7842, #4186, #279, .T. ) ;
#8396 = FACE_OUTER_BOUND ( 'NONE', #9295, .T. ) ;
#8397 = CARTESIAN_POINT ( 'NONE',  ( 47.49999999999997158, 3.000000000000000000, 11.75000000000000533 ) ) ;
#8398 = DIRECTION ( 'NONE',  ( 0.000000000000000000, 0.000000000000000000, 1.000000000000000000 ) ) ;
#8399 = ORIENTED_EDGE ( 'NONE', *, *, #1010, .F. ) ;
#8400 = VERTEX_POINT ( 'NONE', #5762 ) ;
#8401 = CARTESIAN_POINT ( 'NONE',  ( -51.98558673494318327, 7.804297409751997705, -4.258298117934669058 ) ) ;
#8402 = VECTOR ( 'NONE', #6335, 1000.000000000000000 ) ;
#8403 = VERTEX_POINT ( 'NONE', #4390 ) ;
#8404 = DIRECTION ( 'NONE',  ( 0.000000000000000000, 0.000000000000000000, 1.000000000000000000 ) ) ;
#8405 = CARTESIAN_POINT ( 'NONE',  ( 0.000000000000000000, 11.00000000000000178, 0.000000000000000000 ) ) ;
#8406 = LINE ( 'NONE', #5298, #9503 ) ;
#8407 = VERTEX_POINT ( 'NONE', #1109 ) ;
#8408 = DIRECTION ( 'NONE',  ( 0.000000000000000000, -1.000000000000000000, 0.000000000000000000 ) ) ;
#8409 = VECTOR ( 'NONE', #245, 1000.000000000000000 ) ;
#8410 = EDGE_LOOP ( 'NONE', ( #7294, #9464, #2491, #1348 ) ) ;
#8411 = VERTEX_POINT ( 'NONE', #2023 ) ;
#8412 = DIRECTION ( 'NONE',  ( -3.634931228083748646E-15, 0.000000000000000000, -1.000000000000000000 ) ) ;
#8413 = CARTESIAN_POINT ( 'NONE',  ( 31.69999999999997797, -0.001000000000000024307, -11.31869555732605015 ) ) ;
#8414 = EDGE_LOOP ( 'NONE', ( #8671, #3099, #1973, #8580, #9609, #697 ) ) ;
#8415 = VERTEX_POINT ( 'NONE', #8672 ) ;
#8416 = B_SPLINE_CURVE_WITH_KNOTS ( 'NONE', 3,
 ( #3676, #10264, #2244, #3041 ),
 .UNSPECIFIED., .F., .F.,
 ( 4, 4 ),
 ( 0.000000000000000000, 0.0001077286665339035601 ),
 .UNSPECIFIED. ) ;
#8417 = DIRECTION ( 'NONE',  ( 0.000000000000000000, 0.000000000000000000, 1.000000000000000000 ) ) ;
#8418 = CARTESIAN_POINT ( 'NONE',  ( -31.22777815357900622, 3.000000000000000000, -20.34067203111825251 ) ) ;
#8419 = DIRECTION ( 'NONE',  ( 0.000000000000000000, 0.000000000000000000, 1.000000000000000000 ) ) ;
#8420 = VERTEX_POINT ( 'NONE', #7836 ) ;
#8421 = ORIENTED_EDGE ( 'NONE', *, *, #1538, .T. ) ;
#8422 = EDGE_CURVE ( 'NONE', #6094, #9433, #6088, .T. ) ;
#8423 = CARTESIAN_POINT ( 'NONE',  ( 0.000000000000000000, 11.00000000000000178, 0.000000000000000000 ) ) ;
#8424 = DIRECTION ( 'NONE',  ( 0.000000000000000000, 0.000000000000000000, -1.000000000000000000 ) ) ;
#8425 = CARTESIAN_POINT ( 'NONE',  ( -52.45000000000000995, 7.102280827012616982, -3.001973684210527349 ) ) ;
#8426 = ORIENTED_EDGE ( 'NONE', *, *, #934, .T. ) ;
#8427 = CYLINDRICAL_SURFACE ( 'NONE', #4883, 2.750000000000000888 ) ;
#8428 = VECTOR ( 'NONE', #3412, 1000.000000000000000 ) ;
#8429 = DIRECTION ( 'NONE',  ( -0.000000000000000000, 1.000000000000000000, -0.000000000000000000 ) ) ;
#8430 = EDGE_CURVE ( 'NONE', #10405, #2859, #7149, .T. ) ;
#8431 = EDGE_CURVE ( 'NONE', #5747, #17, #4722, .T. ) ;
#8432 = DIRECTION ( 'NONE',  ( 0.000000000000000000, 1.000000000000000000, 0.000000000000000000 ) ) ;
#8433 = DIRECTION ( 'NONE',  ( 1.000000000000000000, 0.000000000000000000, -0.000000000000000000 ) ) ;
#8434 = VERTEX_POINT ( 'NONE', #3070 ) ;
#8435 = AXIS2_PLACEMENT_3D ( 'NONE', #10118, #1155, #3540 ) ;
#8436 = AXIS2_PLACEMENT_3D ( 'NONE', #1408, #6434, #7182 ) ;
#8437 = ORIENTED_EDGE ( 'NONE', *, *, #2100, .T. ) ;
#8438 = ADVANCED_FACE ( 'NONE', ( #528 ), #1101, .T. ) ;
#8439 = CARTESIAN_POINT ( 'NONE',  ( 0.000000000000000000, 13.00000000000000178, 0.000000000000000000 ) ) ;
#8440 = CARTESIAN_POINT ( 'NONE',  ( -47.50000000000000711, 6.500000000000000888, 9.500000000000001776 ) ) ;
#8441 = DIRECTION ( 'NONE',  ( -1.000000000000000000, -0.000000000000000000, -0.000000000000000000 ) ) ;
#8442 = ORIENTED_EDGE ( 'NONE', *, *, #9390, .T. ) ;
#8443 = CARTESIAN_POINT ( 'NONE',  ( -53.20000000000000284, 7.099999999999998757, 2.925000000000022915 ) ) ;
#8444 = CARTESIAN_POINT ( 'NONE',  ( 22.68039777241904886, 0.000000000000000000, -6.604841829914297691 ) ) ;
#8445 = ADVANCED_FACE ( 'NONE', ( #4617 ), #2169, .T. ) ;
#8446 = DIRECTION ( 'NONE',  ( 1.000000000000000000, -0.000000000000000000, 8.673617379884087537E-15 ) ) ;
#8447 = AXIS2_PLACEMENT_3D ( 'NONE', #1291, #2929, #3775 ) ;
#8448 = PLANE ( 'NONE',  #8933 ) ;
#8449 = CARTESIAN_POINT ( 'NONE',  ( 26.66860260373147185, 5.929230630780103144E-18, -5.419905151940276333 ) ) ;
#8450 = VERTEX_POINT ( 'NONE', #5461 ) ;
#8451 = EDGE_LOOP ( 'NONE', ( #5069, #2780, #5733, #7285, #107, #8549 ) ) ;
#8452 = EDGE_CURVE ( 'NONE', #2240, #9373, #6935, .T. ) ;
#8453 = CARTESIAN_POINT ( 'NONE',  ( -52.00630698373560534, 8.522626916553310394, -4.349909309300405980 ) ) ;
#8454 = ORIENTED_EDGE ( 'NONE', *, *, #1037, .T. ) ;
#8455 = CARTESIAN_POINT ( 'NONE',  ( -52.44535045267406304, 7.131214483597773324, 3.230005980589773618 ) ) ;
#8456 = DIRECTION ( 'NONE',  ( -0.000000000000000000, -0.000000000000000000, 1.000000000000000000 ) ) ;
#8457 = DIRECTION ( 'NONE',  ( 5.782411586589351722E-16, 0.000000000000000000, 1.000000000000000000 ) ) ;
#8458 = VERTEX_POINT ( 'NONE', #5412 ) ;
#8459 = CARTESIAN_POINT ( 'NONE',  ( -45.19999999999994600, 14.59999999999999787, -14.75000000000000355 ) ) ;
#8460 = ORIENTED_EDGE ( 'NONE', *, *, #4345, .F. ) ;
#8461 = ADVANCED_FACE ( 'NONE', ( #10136 ), #588, .T. ) ;
#8462 = CARTESIAN_POINT ( 'NONE',  ( -39.63977263648107652, 0.1999999999999987899, 3.415000000000000036 ) ) ;
#8463 = LINE ( 'NONE', #1224, #4482 ) ;
#8464 = VERTEX_POINT ( 'NONE', #3921 ) ;
#8465 = EDGE_LOOP ( 'NONE', ( #9787, #1940, #2068, #6576 ) ) ;
#8466 = EDGE_CURVE ( 'NONE', #4613, #8903, #2120, .T. ) ;
#8467 = PRODUCT_DEFINITION_CONTEXT ( 'detailed design', #9591, 'design' ) ;
#8468 = LINE ( 'NONE', #8568, #1407 ) ;
#8469 = CARTESIAN_POINT ( 'NONE',  ( 50.25000000000000000, 11.00000000000000178, -6.000000000000000000 ) ) ;
#8470 = ORIENTED_EDGE ( 'NONE', *, *, #669, .T. ) ;
#8471 = CIRCLE ( 'NONE', #2394, 0.3000000000000016542 ) ;
#8472 = ORIENTED_EDGE ( 'NONE', *, *, #9909, .T. ) ;
#8473 = DIRECTION ( 'NONE',  ( -1.000000000000000000, 0.000000000000000000, 0.000000000000000000 ) ) ;
#8474 = FACE_OUTER_BOUND ( 'NONE', #2327, .T. ) ;
#8475 = ORIENTED_EDGE ( 'NONE', *, *, #437, .F. ) ;
#8476 = CARTESIAN_POINT ( 'NONE',  ( -52.20423352066370626, 7.955837764047793748, -4.212383012905308810 ) ) ;
#8477 = VECTOR ( 'NONE', #5600, 1000.000000000000000 ) ;
#8478 = VECTOR ( 'NONE', #7112, 1000.000000000000000 ) ;
#8479 = DIRECTION ( 'NONE',  ( 0.000000000000000000, -1.000000000000000000, 0.000000000000000000 ) ) ;
#8480 = CIRCLE ( 'NONE', #9312, 0.8500000000000000888 ) ;
#8481 = ADVANCED_FACE ( 'NONE', ( #5564 ), #689, .T. ) ;
#8482 = CARTESIAN_POINT ( 'NONE',  ( -34.39005668592174203, 0.2000000000000000111, 2.765000000000000124 ) ) ;
#8483 = DIRECTION ( 'NONE',  ( 0.000000000000000000, 0.000000000000000000, 1.000000000000000000 ) ) ;
#8484 = ORIENTED_EDGE ( 'NONE', *, *, #2128, .T. ) ;
#8485 = EDGE_LOOP ( 'NONE', ( #3832, #10272, #6938, #8979 ) ) ;
#8486 = VECTOR ( 'NONE', #1387, 1000.000000000000000 ) ;
#8487 = CARTESIAN_POINT ( 'NONE',  ( -47.50000000000000711, 14.50000000000000000, -9.500000000000001776 ) ) ;
#8488 = VECTOR ( 'NONE', #1709, 1000.000000000000000 ) ;
#8489 = CARTESIAN_POINT ( 'NONE',  ( -30.13203748537938864, 5.996123729295900873, 8.643749989102962772 ) ) ;
#8490 = VERTEX_POINT ( 'NONE', #3128 ) ;
#8491 = FACE_OUTER_BOUND ( 'NONE', #9317, .T. ) ;
#8492 = DIRECTION ( 'NONE',  ( -1.000000000000000000, 0.000000000000000000, -0.000000000000000000 ) ) ;
#8493 = CARTESIAN_POINT ( 'NONE',  ( 20.65000000000000213, 6.500000000000000888, -12.25000000000000000 ) ) ;
#8494 = VECTOR ( 'NONE', #1853, 1000.000000000000000 ) ;
#8495 = LINE ( 'NONE', #6911, #2540 ) ;
#8496 = EDGE_CURVE ( 'NONE', #9985, #1689, #2222, .T. ) ;
#8497 = AXIS2_PLACEMENT_3D ( 'NONE', #2115, #8558, #3755 ) ;
#8498 = CARTESIAN_POINT ( 'NONE',  ( 6.344920150553301497, 0.5000000000000000000, 10.98972407072588098 ) ) ;
#8499 = ORIENTED_EDGE ( 'NONE', *, *, #173, .F. ) ;
#8500 = ORIENTED_EDGE ( 'NONE', *, *, #6887, .T. ) ;
#8501 = ADVANCED_FACE ( 'NONE', ( #10246 ), #7173, .T. ) ;
#8502 = CIRCLE ( 'NONE', #566, 6.800000000000007816 ) ;
#8503 = DIRECTION ( 'NONE',  ( 0.000000000000000000, 0.000000000000000000, 1.000000000000000000 ) ) ;
#8504 = CARTESIAN_POINT ( 'NONE',  ( -51.95000000000000995, 9.716960195022455338, 3.819531249999947864 ) ) ;
#8505 = VERTEX_POINT ( 'NONE', #2329 ) ;
#8506 = CARTESIAN_POINT ( 'NONE',  ( 47.50000000000000000, 11.00000000000000178, -9.500000000000001776 ) ) ;
#8507 = CARTESIAN_POINT ( 'NONE',  ( 45.25000000000000711, 6.000000000000000000, -12.25000000000000000 ) ) ;
#8508 = EDGE_CURVE ( 'NONE', #5929, #3733, #1280, .T. ) ;
#8509 = DIRECTION ( 'NONE',  ( -1.000000000000000000, 0.000000000000000000, 0.000000000000000000 ) ) ;
#8510 = VECTOR ( 'NONE', #7060, 1000.000000000000000 ) ;
#8511 = ORIENTED_EDGE ( 'NONE', *, *, #3648, .T. ) ;
#8512 = VECTOR ( 'NONE', #6815, 1000.000000000000000 ) ;
#8513 = CARTESIAN_POINT ( 'NONE',  ( 0.000000000000000000, 4.899999999999999467, -8.849999999999997868 ) ) ;
#8514 = VERTEX_POINT ( 'NONE', #6407 ) ;
#8515 = DIRECTION ( 'NONE',  ( -0.000000000000000000, 1.000000000000000000, -0.000000000000000000 ) ) ;
#8516 = AXIS2_PLACEMENT_3D ( 'NONE', #9928, #3347, #3348 ) ;
#8517 = DIRECTION ( 'NONE',  ( 0.000000000000000000, -0.000000000000000000, 1.000000000000000000 ) ) ;
#8518 = EDGE_LOOP ( 'NONE', ( #7518, #10030, #5155, #3316 ) ) ;
#8519 = VERTEX_POINT ( 'NONE', #4139 ) ;
#8520 = CARTESIAN_POINT ( 'NONE',  ( 51.95000000000000284, 11.35000000000000142, -1.700000000000000622 ) ) ;
#8521 = EDGE_CURVE ( 'NONE', #5414, #3978, #9700, .T. ) ;
#8522 = DIRECTION ( 'NONE',  ( -1.000000000000000000, -0.000000000000000000, -0.000000000000000000 ) ) ;
#8523 = ORIENTED_EDGE ( 'NONE', *, *, #423, .T. ) ;
#8524 = AXIS2_PLACEMENT_3D ( 'NONE', #8055, #1546, #4788 ) ;
#8525 = EDGE_CURVE ( 'NONE', #5320, #7577, #10407, .T. ) ;
#8526 = ORIENTED_EDGE ( 'NONE', *, *, #8198, .F. ) ;
#8527 = DIRECTION ( 'NONE',  ( 0.000000000000000000, 1.000000000000000000, -0.000000000000000000 ) ) ;
#8528 = LINE ( 'NONE', #1292, #10109 ) ;
#8529 = DIRECTION ( 'NONE',  ( 0.000000000000000000, 0.000000000000000000, 1.000000000000000000 ) ) ;
#8530 = ORIENTED_EDGE ( 'NONE', *, *, #4257, .F. ) ;
#8531 = DIRECTION ( 'NONE',  ( -0.000000000000000000, -1.000000000000000000, -0.000000000000000000 ) ) ;
#8532 = ORIENTED_EDGE ( 'NONE', *, *, #4894, .T. ) ;
#8533 = DIRECTION ( 'NONE',  ( -1.000000000000000000, 0.000000000000000000, 0.000000000000000000 ) ) ;
#8534 = AXIS2_PLACEMENT_3D ( 'NONE', #8124, #9592, #4172 ) ;
#8535 = CARTESIAN_POINT ( 'NONE',  ( 50.24999999999997158, 9.850000000000001421, 3.299999999999999378 ) ) ;
#8536 = FACE_OUTER_BOUND ( 'NONE', #5536, .T. ) ;
#8537 = EDGE_LOOP ( 'NONE', ( #1174, #5017, #5583, #937 ) ) ;
#8538 = ORIENTED_EDGE ( 'NONE', *, *, #7799, .F. ) ;
#8539 = CARTESIAN_POINT ( 'NONE',  ( -35.06554871542299878, 0.2000000000000000944, -2.765000000000000124 ) ) ;
#8540 = DIRECTION ( 'NONE',  ( 0.000000000000000000, 1.000000000000000000, -0.000000000000000000 ) ) ;
#8541 = EDGE_CURVE ( 'NONE', #8574, #8415, #6515, .T. ) ;
#8542 = EDGE_LOOP ( 'NONE', ( #9346, #8808, #8211, #3114 ) ) ;
#8543 = CARTESIAN_POINT ( 'NONE',  ( -52.24737880384225974, 9.838761398647974943, 3.256771301096148985 ) ) ;
#8544 = CARTESIAN_POINT ( 'NONE',  ( 38.76960222758092556, 0.000000000000000000, -7.384264693320337969 ) ) ;
#8545 = CYLINDRICAL_SURFACE ( 'NONE', #3527, 0.2000000000000005107 ) ;
#8546 = LINE ( 'NONE', #6075, #9611 ) ;
#8547 = DIRECTION ( 'NONE',  ( 0.000000000000000000, 1.000000000000000000, -0.000000000000000000 ) ) ;
#8548 = ORIENTED_EDGE ( 'NONE', *, *, #8104, .F. ) ;
#8549 = ORIENTED_EDGE ( 'NONE', *, *, #1415, .T. ) ;
#8550 = EDGE_CURVE ( 'NONE', #4353, #957, #847, .T. ) ;
#8551 = DIRECTION ( 'NONE',  ( 0.000000000000000000, 0.000000000000000000, -1.000000000000000000 ) ) ;
#8552 = CARTESIAN_POINT ( 'NONE',  ( -50.25000000000000711, 8.000000000000000000, -9.499999999999982236 ) ) ;
#8553 = EDGE_LOOP ( 'NONE', ( #2689, #7602, #4135, #6491 ) ) ;
#8554 = CARTESIAN_POINT ( 'NONE',  ( 39.11515805832828363, 0.1248391197358940941, -6.258743620592569279 ) ) ;
#8555 = CARTESIAN_POINT ( 'NONE',  ( 50.84065861769801131, 9.000000000000001776, 13.54999999999999716 ) ) ;
#8556 = EDGE_CURVE ( 'NONE', #5253, #6173, #4884, .T. ) ;
#8557 = LINE ( 'NONE', #3063, #10026 ) ;
#8558 = DIRECTION ( 'NONE',  ( -0.000000000000000000, -0.000000000000000000, 1.000000000000000000 ) ) ;
#8559 = ORIENTED_EDGE ( 'NONE', *, *, #7295, .T. ) ;
#8560 = DIRECTION ( 'NONE',  ( -0.000000000000000000, -0.000000000000000000, 1.000000000000000000 ) ) ;
#8561 = ORIENTED_EDGE ( 'NONE', *, *, #1718, .F. ) ;
#8562 = VECTOR ( 'NONE', #257, 1000.000000000000114 ) ;
#8563 = EDGE_CURVE ( 'NONE', #1016, #6473, #1077, .T. ) ;
#8564 = CARTESIAN_POINT ( 'NONE',  ( -52.43158278002104566, 7.190425164400033431, 3.452455002252607486 ) ) ;
#8565 = CARTESIAN_POINT ( 'NONE',  ( 30.95000000000000284, 0.5000000000000000000, -2.350000000000003197 ) ) ;
#8566 = VERTEX_POINT ( 'NONE', #3975 ) ;
#8567 = ORIENTED_EDGE ( 'NONE', *, *, #6457, .T. ) ;
#8568 = CARTESIAN_POINT ( 'NONE',  ( 47.49999999999997868, 11.00000000000000178, -12.25000000000000178 ) ) ;
#8569 = EDGE_CURVE ( 'NONE', #7223, #58, #8895, .T. ) ;
#8570 = AXIS2_PLACEMENT_3D ( 'NONE', #7547, #2682, #5960 ) ;
#8571 = DIRECTION ( 'NONE',  ( 0.000000000000000000, 1.000000000000000000, -0.000000000000000000 ) ) ;
#8572 = VERTEX_POINT ( 'NONE', #112 ) ;
#8573 =( BOUNDED_CURVE ( )  B_SPLINE_CURVE ( 3, ( #10328, #7286, #3106, #5541 ),
 .UNSPECIFIED., .F., .F. ) 
 B_SPLINE_CURVE_WITH_KNOTS ( ( 4, 4 ),
 ( 4.712388980384688786, 5.906926873010759138 ),
 .UNSPECIFIED. ) 
 CURVE ( )  GEOMETRIC_REPRESENTATION_ITEM ( )  RATIONAL_B_SPLINE_CURVE ( ( 1.000000000000000000, 0.8845830693046150550, 0.8845830693046150550, 1.000000000000000000 ) ) 
 REPRESENTATION_ITEM ( '' )  );
#8574 = VERTEX_POINT ( 'NONE', #7257 ) ;
#8575 = EDGE_CURVE ( 'NONE', #8761, #1668, #2089, .T. ) ;
#8576 = CARTESIAN_POINT ( 'NONE',  ( -39.63977263648107652, 0.1999999999999987899, -2.965000000000000302 ) ) ;
#8577 = AXIS2_PLACEMENT_3D ( 'NONE', #6760, #7654, #9912 ) ;
#8578 = LINE ( 'NONE', #4576, #4221 ) ;
#8579 = FACE_OUTER_BOUND ( 'NONE', #483, .T. ) ;
#8580 = ORIENTED_EDGE ( 'NONE', *, *, #2511, .F. ) ;
#8581 = CARTESIAN_POINT ( 'NONE',  ( -52.26328285338848900, 7.873257469887152027, -4.118260431646273645 ) ) ;
#8582 = ORIENTED_EDGE ( 'NONE', *, *, #5026, .F. ) ;
#8583 = CARTESIAN_POINT ( 'NONE',  ( 41.25000000000000711, 6.000000000000000000, 8.250000000000003553 ) ) ;
#8584 = EDGE_CURVE ( 'NONE', #6174, #1865, #3958, .T. ) ;
#8585 = DIRECTION ( 'NONE',  ( -0.000000000000000000, -0.000000000000000000, 1.000000000000000000 ) ) ;
#8586 = CARTESIAN_POINT ( 'NONE',  ( -29.84000000000000341, 6.296018041280833089, 1.010032166305325429E-14 ) ) ;
#8587 = ORIENTED_EDGE ( 'NONE', *, *, #9854, .F. ) ;
#8588 = ORIENTED_EDGE ( 'NONE', *, *, #2034, .T. ) ;
#8589 = AXIS2_PLACEMENT_3D ( 'NONE', #1367, #2257, #565 ) ;
#8590 = VECTOR ( 'NONE', #4757, 1000.000000000000000 ) ;
#8591 = DIRECTION ( 'NONE',  ( 0.000000000000000000, -1.000000000000000000, 0.000000000000000000 ) ) ;
#8592 = CARTESIAN_POINT ( 'NONE',  ( 2.009170479469691184, 14.50000000000000000, -14.75000000000000178 ) ) ;
#8593 = DIRECTION ( 'NONE',  ( 0.000000000000000000, -0.000000000000000000, 1.000000000000000000 ) ) ;
#8594 = CARTESIAN_POINT ( 'NONE',  ( 31.46791715065484851, 3.083199928005651755E-16, 2.892751484835150766 ) ) ;
#8595 = CARTESIAN_POINT ( 'NONE',  ( 20.66000000000000369, 0.5000000000000004441, -3.496525562310325940E-15 ) ) ;
#8596 = EDGE_CURVE ( 'NONE', #4008, #6565, #4304, .T. ) ;
#8597 = CARTESIAN_POINT ( 'NONE',  ( -47.50000000000000711, 3.000000000000000000, -9.500000000000001776 ) ) ;
#8598 = CIRCLE ( 'NONE', #837, 0.7999999999999994893 ) ;
#8599 = CARTESIAN_POINT ( 'NONE',  ( 22.81827201635470459, 4.899999999999999467, -10.68172798364529719 ) ) ;
#8600 = ORIENTED_EDGE ( 'NONE', *, *, #2752, .T. ) ;
#8601 = ORIENTED_EDGE ( 'NONE', *, *, #4300, .T. ) ;
#8602 = AXIS2_PLACEMENT_3D ( 'NONE', #5122, #7444, #7548 ) ;
#8603 = LINE ( 'NONE', #10181, #9678 ) ;
#8604 = EDGE_CURVE ( 'NONE', #8982, #1720, #2345, .T. ) ;
#8605 = VECTOR ( 'NONE', #5806, 1000.000000000000000 ) ;
#8606 = CARTESIAN_POINT ( 'NONE',  ( -52.45000000000001705, 8.400000000000000355, 2.925000000000030465 ) ) ;
#8607 = VERTEX_POINT ( 'NONE', #2551 ) ;
#8608 = DIRECTION ( 'NONE',  ( -0.000000000000000000, -0.000000000000000000, 1.000000000000000000 ) ) ;
#8609 = LINE ( 'NONE', #1375, #905 ) ;
#8610 = CYLINDRICAL_SURFACE ( 'NONE', #7514, 0.2999999999999999334 ) ;
#8611 = CARTESIAN_POINT ( 'NONE',  ( -53.20000000000000995, 8.000000000000000000, -6.749999999999940492 ) ) ;
#8612 = EDGE_CURVE ( 'NONE', #1627, #6728, #6618, .T. ) ;
#8613 = VERTEX_POINT ( 'NONE', #2443 ) ;
#8614 = DIRECTION ( 'NONE',  ( 0.000000000000000000, 1.000000000000000000, -0.000000000000000000 ) ) ;
#8615 = AXIS2_PLACEMENT_3D ( 'NONE', #9168, #1939, #5183 ) ;
#8616 = VERTEX_POINT ( 'NONE', #4831 ) ;
#8617 = CARTESIAN_POINT ( 'NONE',  ( 2.099999999999991207, 14.50000000000000000, 13.35000000000019149 ) ) ;
#8618 = CARTESIAN_POINT ( 'NONE',  ( -31.27472780755320869, 0.000000000000000000, -9.049999999999998934 ) ) ;
#8619 = ADVANCED_FACE ( 'NONE', ( #5781 ), #8337, .T. ) ;
#8620 = ORIENTED_EDGE ( 'NONE', *, *, #6788, .T. ) ;
#8621 = CARTESIAN_POINT ( 'NONE',  ( 30.19999999999998153, 0.5000000000000000000, -7.798623679425841893 ) ) ;
#8622 = DIRECTION ( 'NONE',  ( 0.000000000000000000, 0.000000000000000000, 1.000000000000000000 ) ) ;
#8623 = DIRECTION ( 'NONE',  ( 0.000000000000000000, 0.000000000000000000, 1.000000000000000000 ) ) ;
#8624 = EDGE_CURVE ( 'NONE', #2441, #7733, #6988, .T. ) ;
#8625 = ORIENTED_EDGE ( 'NONE', *, *, #10102, .T. ) ;
#8626 = AXIS2_PLACEMENT_3D ( 'NONE', #8440, #558, #3792 ) ;
#8627 = EDGE_LOOP ( 'NONE', ( #5672, #8210, #9397, #9695 ) ) ;
#8628 = EDGE_CURVE ( 'NONE', #10306, #9946, #6827, .T. ) ;
#8629 = DIRECTION ( 'NONE',  ( 0.000000000000000000, 0.000000000000000000, 1.000000000000000000 ) ) ;
#8630 = CARTESIAN_POINT ( 'NONE',  ( -52.25000000000001421, 6.800000000000000711, -2.449999999999999289 ) ) ;
#8631 = DIRECTION ( 'NONE',  ( 0.000000000000000000, 0.000000000000000000, -1.000000000000000000 ) ) ;
#8632 = ORIENTED_EDGE ( 'NONE', *, *, #4718, .T. ) ;
#8633 = CARTESIAN_POINT ( 'NONE',  ( -52.26167638289442863, 8.184263641028023173, -4.211455303391266725 ) ) ;
#8634 = ORIENTED_EDGE ( 'NONE', *, *, #3469, .F. ) ;
#8635 = DIRECTION ( 'NONE',  ( -0.000000000000000000, -1.000000000000000000, 0.000000000000000000 ) ) ;
#8636 = CIRCLE ( 'NONE', #5953, 0.2888330770816384119 ) ;
#8637 =( BOUNDED_SURFACE ( )  B_SPLINE_SURFACE ( 3, 2, ( 
 ( #830, #7093, #9504 ),
 ( #5516, #2535, #8564 ),
 ( #303, #7554, #3379 ),
 ( #1888, #8391, #8234 ) ),
 .UNSPECIFIED., .F., .F., .F. ) 
 B_SPLINE_SURFACE_WITH_KNOTS ( ( 4, 4 ),
 ( 3, 3 ),
 ( -8.673617379884035472E-19, 0.0007825590053261891966 ),
 ( 0.000000000000000000, 1.000000000000000000 ),
 .UNSPECIFIED. ) 
 GEOMETRIC_REPRESENTATION_ITEM ( )  RATIONAL_B_SPLINE_SURFACE ( (
 ( 1.000000000000000000, 0.8371290630494895302, 1.000000000000000000),
 ( 1.000000000000000000, 0.8027790047357434844, 1.000000000000000000),
 ( 1.000000000000000000, 0.7601121344914574252, 1.000000000000000000),
 ( 1.000000000000000000, 0.7071067811865582309, 1.000000000000000000) ) ) 
 REPRESENTATION_ITEM ( '' )  SURFACE ( )  );
#8638 = ADVANCED_FACE ( 'NONE', ( #8772 ), #6028, .F. ) ;
#8639 = DIRECTION ( 'NONE',  ( -5.337610695313248229E-15, 0.000000000000000000, 1.000000000000000000 ) ) ;
#8640 = DIRECTION ( 'NONE',  ( 0.000000000000000000, 1.000000000000000000, -0.000000000000000000 ) ) ;
#8641 = EDGE_LOOP ( 'NONE', ( #1885, #6745, #4712, #3196 ) ) ;
#8642 = VERTEX_POINT ( 'NONE', #1114 ) ;
#8643 = CARTESIAN_POINT ( 'NONE',  ( -52.25000000000001421, 9.897368276523900832, -3.013815789473690110 ) ) ;
#8644 = CIRCLE ( 'NONE', #4099, 0.7999999999999990452 ) ;
#8645 = AXIS2_PLACEMENT_3D ( 'NONE', #6060, #1190, #9214 ) ;
#8646 = DIRECTION ( 'NONE',  ( 0.000000000000000000, 0.000000000000000000, 1.000000000000000000 ) ) ;
#8647 = PLANE ( 'NONE',  #10370 ) ;
#8648 = ORIENTED_EDGE ( 'NONE', *, *, #2035, .T. ) ;
#8649 = LINE ( 'NONE', #1412, #5714 ) ;
#8650 = DIRECTION ( 'NONE',  ( 0.000000000000000000, 0.8660254037844420383, 0.4999999999999943379 ) ) ;
#8651 = DIRECTION ( 'NONE',  ( 1.000000000000000000, -0.000000000000000000, -0.000000000000000000 ) ) ;
#8652 = LINE ( 'NONE', #7968, #8098 ) ;
#8653 = EDGE_CURVE ( 'NONE', #4083, #1428, #3593, .T. ) ;
#8654 = VECTOR ( 'NONE', #6361, 1000.000000000000000 ) ;
#8655 = PLANE ( 'NONE',  #881 ) ;
#8656 = VERTEX_POINT ( 'NONE', #10073 ) ;
#8657 = VECTOR ( 'NONE', #10265, 1000.000000000000000 ) ;
#8658 = ORIENTED_EDGE ( 'NONE', *, *, #4283, .F. ) ;
#8659 = ADVANCED_FACE ( 'NONE', ( #6772 ), #1803, .T. ) ;
#8660 = FACE_OUTER_BOUND ( 'NONE', #1439, .T. ) ;
#8661 = VECTOR ( 'NONE', #7632, 1000.000000000000000 ) ;
#8662 = CARTESIAN_POINT ( 'NONE',  ( -39.68512705544042518, -3.121793537457910764E-16, -8.973658226344436883 ) ) ;
#8663 = VERTEX_POINT ( 'NONE', #5983 ) ;
#8664 = CIRCLE ( 'NONE', #7150, 0.2000000000000003164 ) ;
#8665 = LINE ( 'NONE', #6979, #4138 ) ;
#8666 = DIRECTION ( 'NONE',  ( 0.000000000000000000, 1.000000000000000000, -0.000000000000000000 ) ) ;
#8667 = DIRECTION ( 'NONE',  ( 0.000000000000000000, 1.000000000000000000, -3.469446951953614682E-16 ) ) ;
#8668 = ORIENTED_EDGE ( 'NONE', *, *, #8767, .T. ) ;
#8669 = FACE_OUTER_BOUND ( 'NONE', #8051, .T. ) ;
#8670 = CIRCLE ( 'NONE', #3946, 4.341174913715429184 ) ;
#8671 = ORIENTED_EDGE ( 'NONE', *, *, #9302, .T. ) ;
#8672 = CARTESIAN_POINT ( 'NONE',  ( -31.22777815357900622, 3.000000000000000000, 3.615000000000000213 ) ) ;
#8673 = EDGE_CURVE ( 'NONE', #6410, #5490, #4499, .T. ) ;
#8674 = ORIENTED_EDGE ( 'NONE', *, *, #1232, .T. ) ;
#8675 = ORIENTED_EDGE ( 'NONE', *, *, #2167, .T. ) ;
#8676 = LINE ( 'NONE', #2555, #10008 ) ;
#8677 = DIRECTION ( 'NONE',  ( 1.000000000000000000, 0.000000000000000000, 0.000000000000000000 ) ) ;
#8678 = VECTOR ( 'NONE', #5885, 1000.000000000000000 ) ;
#8679 = CARTESIAN_POINT ( 'NONE',  ( 47.49999999999999289, 3.000000000000000000, -8.649999999999998579 ) ) ;
#8680 = ORIENTED_EDGE ( 'NONE', *, *, #7237, .T. ) ;
#8681 = ORIENTED_EDGE ( 'NONE', *, *, #2392, .T. ) ;
#8682 = VECTOR ( 'NONE', #5352, 1000.000000000000000 ) ;
#8683 = DIRECTION ( 'NONE',  ( 0.000000000000000000, 1.000000000000000000, -0.000000000000000000 ) ) ;
#8684 = CIRCLE ( 'NONE', #415, 1.900000000000000577 ) ;
#8685 = LINE ( 'NONE', #3194, #3714 ) ;
#8686 = EDGE_CURVE ( 'NONE', #5639, #5320, #6671, .T. ) ;
#8687 = ORIENTED_EDGE ( 'NONE', *, *, #4770, .T. ) ;
#8688 = DIRECTION ( 'NONE',  ( -0.000000000000000000, -0.000000000000000000, 1.000000000000000000 ) ) ;
#8689 = ORIENTED_EDGE ( 'NONE', *, *, #9665, .F. ) ;
#8690 = CARTESIAN_POINT ( 'NONE',  ( 23.55788180854701608, 0.2999999999999999889, 2.783866831501377703 ) ) ;
#8691 = EDGE_CURVE ( 'NONE', #10415, #1016, #4550, .T. ) ;
#8692 = AXIS2_PLACEMENT_3D ( 'NONE', #5478, #4846, #7220 ) ;
#8693 = DIRECTION ( 'NONE',  ( -0.000000000000000000, -1.000000000000000000, 0.000000000000000000 ) ) ;
#8694 = DIRECTION ( 'NONE',  ( -1.000000000000000000, 0.000000000000000000, 0.000000000000000000 ) ) ;
#8695 = ORIENTED_EDGE ( 'NONE', *, *, #622, .T. ) ;
#8696 = ORIENTED_EDGE ( 'NONE', *, *, #5980, .F. ) ;
#8697 = DIRECTION ( 'NONE',  ( 0.8660254037844389297, -0.000000000000000000, 0.4999999999999995004 ) ) ;
#8698 = DIRECTION ( 'NONE',  ( 0.000000000000000000, 0.000000000000000000, 1.000000000000000000 ) ) ;
#8699 = ADVANCED_FACE ( 'NONE', ( #9388 ), #2267, .F. ) ;
#8700 = VECTOR ( 'NONE', #5533, 1000.000000000000000 ) ;
#8701 = ORIENTED_EDGE ( 'NONE', *, *, #2670, .T. ) ;
#8702 = CARTESIAN_POINT ( 'NONE',  ( -52.25000000000001421, 9.897368276523906161, 3.013815789473676787 ) ) ;
#8703 = DIRECTION ( 'NONE',  ( 0.000000000000000000, -1.000000000000000000, 0.000000000000000000 ) ) ;
#8704 = CARTESIAN_POINT ( 'NONE',  ( -34.34233853611036835, 0.1265113557324328841, 2.778990808926776523 ) ) ;
#8705 = CARTESIAN_POINT ( 'NONE',  ( -47.50000000001364242, 5.500000000000000000, 6.749999999998454570 ) ) ;
#8706 = LINE ( 'NONE', #3164, #1677 ) ;
#8707 = CARTESIAN_POINT ( 'NONE',  ( 0.000000000000000000, 11.00000000000000178, 12.25000000000000711 ) ) ;
#8708 = EDGE_LOOP ( 'NONE', ( #2144, #1933, #385, #2552 ) ) ;
#8709 = ORIENTED_EDGE ( 'NONE', *, *, #5551, .T. ) ;
#8710 = ADVANCED_FACE ( 'NONE', ( #2154 ), #7925, .T. ) ;
#8711 = CARTESIAN_POINT ( 'NONE',  ( -29.84000000000000696, 0.5000000000000000000, 3.064999999999999947 ) ) ;
#8712 = DIRECTION ( 'NONE',  ( -1.000000000000000000, 0.000000000000000000, 0.000000000000000000 ) ) ;
#8713 = EDGE_LOOP ( 'NONE', ( #9572, #4771, #374, #7214 ) ) ;
#8714 = DIRECTION ( 'NONE',  ( 0.000000000000000000, -0.000000000000000000, 1.000000000000000000 ) ) ;
#8715 = DIRECTION ( 'NONE',  ( 0.000000000000000000, 0.000000000000000000, -1.000000000000000000 ) ) ;
#8716 = ADVANCED_FACE ( 'NONE', ( #515 ), #5144, .F. ) ;
#8717 = DIRECTION ( 'NONE',  ( 6.938893903907230744E-15, 0.000000000000000000, 1.000000000000000000 ) ) ;
#8718 = ORIENTED_EDGE ( 'NONE', *, *, #6148, .T. ) ;
#8719 = EDGE_CURVE ( 'NONE', #1325, #2031, #8502, .T. ) ;
#8720 = ORIENTED_EDGE ( 'NONE', *, *, #7724, .F. ) ;
#8721 = DIRECTION ( 'NONE',  ( -1.000000000000000000, 0.000000000000000000, -0.000000000000000000 ) ) ;
#8722 = EDGE_LOOP ( 'NONE', ( #7363, #1182, #7702, #146 ) ) ;
#8723 = LINE ( 'NONE', #3239, #4800 ) ;
#8724 = CARTESIAN_POINT ( 'NONE',  ( -45.19999999999994600, 17.00000000000000000, -13.55000000000000249 ) ) ;
#8725 = DIRECTION ( 'NONE',  ( 1.000000000000000000, 0.000000000000000000, 0.000000000000000000 ) ) ;
#8726 = ORIENTED_EDGE ( 'NONE', *, *, #9233, .T. ) ;
#8727 = VECTOR ( 'NONE', #4912, 1000.000000000000000 ) ;
#8728 = ORIENTED_EDGE ( 'NONE', *, *, #4574, .F. ) ;
#8729 = CARTESIAN_POINT ( 'NONE',  ( -52.00633014137980581, 8.278946080208923419, -4.350000000000210143 ) ) ;
#8730 = CARTESIAN_POINT ( 'NONE',  ( -39.61980179287453296, 0.03950539805616428563, 3.556667036221440537 ) ) ;
#8731 = DIRECTION ( 'NONE',  ( 0.000000000000000000, 1.000000000000000000, 0.000000000000000000 ) ) ;
#8732 = VERTEX_POINT ( 'NONE', #8711 ) ;
#8733 = CARTESIAN_POINT ( 'NONE',  ( -52.33850938628283700, 8.185880689601679805, -4.211707670827555816 ) ) ;
#8734 = AXIS2_PLACEMENT_3D ( 'NONE', #8328, #929, #4373 ) ;
#8735 = ORIENTED_EDGE ( 'NONE', *, *, #1975, .T. ) ;
#8736 = LINE ( 'NONE', #4851, #8478 ) ;
#8737 = CARTESIAN_POINT ( 'NONE',  ( -47.50000000000000711, 8.000000000000000000, 9.500000000000001776 ) ) ;
#8738 = DIRECTION ( 'NONE',  ( 1.000000000000000000, 0.000000000000000000, -1.374038396813312538E-16 ) ) ;
#8739 = EDGE_CURVE ( 'NONE', #862, #6889, #5397, .T. ) ;
#8740 = ORIENTED_EDGE ( 'NONE', *, *, #4053, .T. ) ;
#8741 = VECTOR ( 'NONE', #10054, 1000.000000000000000 ) ;
#8742 = ORIENTED_EDGE ( 'NONE', *, *, #7555, .T. ) ;
#8743 = CARTESIAN_POINT ( 'NONE',  ( -52.25000000000002132, 9.875309376387376048, -3.137817860687481364 ) ) ;
#8744 = DIRECTION ( 'NONE',  ( -0.000000000000000000, -0.000000000000000000, -1.000000000000000000 ) ) ;
#8745 = EDGE_CURVE ( 'NONE', #2738, #6564, #2774, .T. ) ;
#8746 = VERTEX_POINT ( 'NONE', #574 ) ;
#8747 = DIRECTION ( 'NONE',  ( -0.000000000000000000, 1.000000000000000000, -0.000000000000000000 ) ) ;
#8748 = EDGE_CURVE ( 'NONE', #957, #1493, #8603, .T. ) ;
#8749 = CARTESIAN_POINT ( 'NONE',  ( -52.25000000000002132, 6.924687654520286451, -3.137801170208958990 ) ) ;
#8750 = CARTESIAN_POINT ( 'NONE',  ( -39.76146882909598901, 0.000000000000000000, -2.965000000000000302 ) ) ;
#8751 = VECTOR ( 'NONE', #409, 1000.000000000000000 ) ;
#8752 = CARTESIAN_POINT ( 'NONE',  ( 6.344920150553305049, -0.001000000000000024307, 10.98972407072586677 ) ) ;
#8753 = CARTESIAN_POINT ( 'NONE',  ( 0.000000000000000000, 0.5000000000000004441, -8.849999999999997868 ) ) ;
#8754 = CARTESIAN_POINT ( 'NONE',  ( -20.00000000000001066, 9.000000000000001776, -13.55000000000000071 ) ) ;
#8755 = ADVANCED_FACE ( 'NONE', ( #7079 ), #6488, .F. ) ;
#8756 = EDGE_LOOP ( 'NONE', ( #4548, #4868, #634, #10430, #4989 ) ) ;
#8757 = ORIENTED_EDGE ( 'NONE', *, *, #3860, .T. ) ;
#8758 = DIRECTION ( 'NONE',  ( 0.8660254037844393737, 0.000000000000000000, 0.4999999999999987232 ) ) ;
#8759 = ADVANCED_FACE ( 'NONE', ( #8660 ), #10233, .F. ) ;
#8760 = CARTESIAN_POINT ( 'NONE',  ( -30.33578302860138365, 5.989494515002736996, 8.476517393160385438 ) ) ;
#8761 = VERTEX_POINT ( 'NONE', #9490 ) ;
#8762 = CARTESIAN_POINT ( 'NONE',  ( 20.65000000000000213, 0.1999999999999987899, 8.349999999999997868 ) ) ;
#8763 = AXIS2_PLACEMENT_3D ( 'NONE', #5871, #943, #2743 ) ;
#8764 = DIRECTION ( 'NONE',  ( 0.000000000000000000, 0.000000000000000000, 1.000000000000000000 ) ) ;
#8765 = DIRECTION ( 'NONE',  ( 8.514964620574181459E-16, -0.7208059210526586158, -0.6931369447486034341 ) ) ;
#8766 = DIRECTION ( 'NONE',  ( -0.000000000000000000, -0.000000000000000000, -1.000000000000000000 ) ) ;
#8767 = EDGE_CURVE ( 'NONE', #6755, #8127, #2961, .T. ) ;
#8768 = EDGE_LOOP ( 'NONE', ( #7435, #3144, #5523, #7265 ) ) ;
#8769 = EDGE_LOOP ( 'NONE', ( #4025, #953, #10446, #7998 ) ) ;
#8770 = AXIS2_PLACEMENT_3D ( 'NONE', #8397, #1894, #5339 ) ;
#8771 = AXIS2_PLACEMENT_3D ( 'NONE', #8439, #4383, #4488 ) ;
#8772 = FACE_OUTER_BOUND ( 'NONE', #8063, .T. ) ;
#8773 = ORIENTED_EDGE ( 'NONE', *, *, #3993, .F. ) ;
#8774 = ORIENTED_EDGE ( 'NONE', *, *, #626, .T. ) ;
#8775 = CARTESIAN_POINT ( 'NONE',  ( -45.20000000000000284, 16.00000000000000000, -6.750000000000000888 ) ) ;
#8776 = CARTESIAN_POINT ( 'NONE',  ( -30.14000000000000057, 0.5000000000000004441, 2.765000000000000124 ) ) ;
#8777 = CIRCLE ( 'NONE', #8447, 0.3000000000000001554 ) ;
#8778 = CARTESIAN_POINT ( 'NONE',  ( 30.50000000000002842, 0.000000000000000000, -0.000000000000000000 ) ) ;
#8779 = EDGE_CURVE ( 'NONE', #6591, #1195, #6288, .T. ) ;
#8780 = VERTEX_POINT ( 'NONE', #6234 ) ;
#8781 = ORIENTED_EDGE ( 'NONE', *, *, #6517, .T. ) ;
#8782 = LINE ( 'NONE', #9518, #4062 ) ;
#8783 = ADVANCED_FACE ( 'NONE', ( #7819 ), #1474, .T. ) ;
#8784 = CARTESIAN_POINT ( 'NONE',  ( 51.95000000000000284, 11.00000000000000178, 9.500000000000000000 ) ) ;
#8785 = DIRECTION ( 'NONE',  ( 0.000000000000000000, 1.000000000000000000, -0.000000000000000000 ) ) ;
#8786 = EDGE_LOOP ( 'NONE', ( #1199, #4181, #1614, #9680 ) ) ;
#8787 = DIRECTION ( 'NONE',  ( -5.139921410301693197E-16, -0.000000000000000000, -1.000000000000000000 ) ) ;
#8788 = ORIENTED_EDGE ( 'NONE', *, *, #3659, .F. ) ;
#8789 = DIRECTION ( 'NONE',  ( -0.000000000000000000, -1.000000000000000000, 0.000000000000000000 ) ) ;
#8790 = AXIS2_PLACEMENT_3D ( 'NONE', #2643, #1943, #10015 ) ;
#8791 = LINE ( 'NONE', #1551, #4815 ) ;
#8792 = CARTESIAN_POINT ( 'NONE',  ( 45.25000000000000711, 7.000000000000000000, 0.9682458365518327170 ) ) ;
#8793 = ORIENTED_EDGE ( 'NONE', *, *, #4487, .T. ) ;
#8794 = ORIENTED_EDGE ( 'NONE', *, *, #10397, .F. ) ;
#8795 = CARTESIAN_POINT ( 'NONE',  ( 1.036764281119435083, 13.00000000000000178, 14.75000000000000178 ) ) ;
#8796 = LINE ( 'NONE', #6275, #6626 ) ;
#8797 = ADVANCED_FACE ( 'NONE', ( #3907 ), #7134, .T. ) ;
#8798 = VERTEX_POINT ( 'NONE', #6920 ) ;
#8799 = LINE ( 'NONE', #2524, #972 ) ;
#8800 = CARTESIAN_POINT ( 'NONE',  ( 22.80231509708504234, 0.2034051652805221599, 1.502567585311989307 ) ) ;
#8801 = CARTESIAN_POINT ( 'NONE',  ( 31.39999999999997726, 0.000000000000000000, -11.63910652323463957 ) ) ;
#8802 = EDGE_CURVE ( 'NONE', #8732, #5503, #10123, .T. ) ;
#8803 = CARTESIAN_POINT ( 'NONE',  ( -52.25000000000001421, 6.899999999999998579, 2.925000000000021583 ) ) ;
#8804 = FACE_OUTER_BOUND ( 'NONE', #9638, .T. ) ;
#8805 = PLANE ( 'NONE',  #1050 ) ;
#8806 = ORIENTED_EDGE ( 'NONE', *, *, #7973, .T. ) ;
#8807 = AXIS2_PLACEMENT_3D ( 'NONE', #663, #2411, #8698 ) ;
#8808 = ORIENTED_EDGE ( 'NONE', *, *, #4415, .T. ) ;
#8809 = DIRECTION ( 'NONE',  ( -0.000000000000000000, 1.000000000000000000, -0.000000000000000000 ) ) ;
#8810 = LINE ( 'NONE', #7246, #4536 ) ;
#8811 = EDGE_CURVE ( 'NONE', #5941, #5414, #5652, .T. ) ;
#8812 = EDGE_LOOP ( 'NONE', ( #228, #10082, #1884, #2897, #3421 ) ) ;
#8813 = VECTOR ( 'NONE', #6343, 1000.000000000000000 ) ;
#8814 = CARTESIAN_POINT ( 'NONE',  ( -52.25000000000001421, 9.900000000000000355, 2.925000000000022471 ) ) ;
#8815 = VECTOR ( 'NONE', #9012, 1000.000000000000000 ) ;
#8816 = CARTESIAN_POINT ( 'NONE',  ( 0.000000000000000000, 11.00000000000000178, 0.000000000000000000 ) ) ;
#8817 = ORIENTED_EDGE ( 'NONE', *, *, #6383, .T. ) ;
#8818 = PLANE ( 'NONE',  #3471 ) ;
#8819 = CIRCLE ( 'NONE', #885, 5.199999999999985967 ) ;
#8820 = DIRECTION ( 'NONE',  ( 0.000000000000000000, 0.8344462197396870229, -0.5510893814637930488 ) ) ;
#8821 = ORIENTED_EDGE ( 'NONE', *, *, #6577, .F. ) ;
#8822 = EDGE_CURVE ( 'NONE', #8842, #8868, #1085, .T. ) ;
#8823 = ORIENTED_EDGE ( 'NONE', *, *, #3926, .T. ) ;
#8824 = VECTOR ( 'NONE', #284, 1000.000000000000114 ) ;
#8825 = CARTESIAN_POINT ( 'NONE',  ( 31.70000000000001350, 0.5000000000000000000, -6.248819466864732974E-14 ) ) ;
#8826 = EDGE_CURVE ( 'NONE', #3045, #665, #6448, .T. ) ;
#8827 = VERTEX_POINT ( 'NONE', #4923 ) ;
#8828 = EDGE_LOOP ( 'NONE', ( #7798, #2842 ) ) ;
#8829 = DIRECTION ( 'NONE',  ( -1.000000000000000000, 0.000000000000000000, 0.000000000000000000 ) ) ;
#8830 = DIRECTION ( 'NONE',  ( 0.000000000000000000, 1.000000000000000000, -0.000000000000000000 ) ) ;
#8831 = DIRECTION ( 'NONE',  ( 1.000000000000000000, 0.000000000000000000, 0.000000000000000000 ) ) ;
#8832 = AXIS2_PLACEMENT_3D ( 'NONE', #6089, #6141, #420 ) ;
#8833 = DIRECTION ( 'NONE',  ( 0.000000000000000000, 0.000000000000000000, -1.000000000000000000 ) ) ;
#8834 = ORIENTED_EDGE ( 'NONE', *, *, #4639, .T. ) ;
#8835 = CIRCLE ( 'NONE', #9170, 3.000000000000002665 ) ;
#8836 = ORIENTED_EDGE ( 'NONE', *, *, #2852, .F. ) ;
#8837 = CARTESIAN_POINT ( 'NONE',  ( -51.95000000000000995, 7.083039804977653731, -3.819531250000052669 ) ) ;
#8838 = DIRECTION ( 'NONE',  ( 1.000000000000000000, -0.000000000000000000, 0.000000000000000000 ) ) ;
#8839 = EDGE_CURVE ( 'NONE', #4882, #8963, #9761, .T. ) ;
#8840 = DIRECTION ( 'NONE',  ( 0.000000000000000000, 1.000000000000000000, -0.000000000000000000 ) ) ;
#8841 = VECTOR ( 'NONE', #7030, 1000.000000000000000 ) ;
#8842 = VERTEX_POINT ( 'NONE', #4761 ) ;
#8843 = CARTESIAN_POINT ( 'NONE',  ( 30.24903847450270788, 0.1300423822510689831, -7.755729192126849192 ) ) ;
#8844 = ORIENTED_EDGE ( 'NONE', *, *, #9918, .F. ) ;
#8845 = CARTESIAN_POINT ( 'NONE',  ( -15.77802059593024708, 11.00000000000000178, 5.742729852557563852 ) ) ;
#8846 = EDGE_CURVE ( 'NONE', #6617, #8370, #7833, .T. ) ;
#8847 = CARTESIAN_POINT ( 'NONE',  ( 35.66143789659455621, 0.000000000000000000, -4.550534695598433821 ) ) ;
#8848 = CARTESIAN_POINT ( 'NONE',  ( 35.29364652204418462, 0.2531612188914919570, -5.723830892551260874 ) ) ;
#8849 = AXIS2_PLACEMENT_3D ( 'NONE', #631, #8765, #7142 ) ;
#8850 = ORIENTED_EDGE ( 'NONE', *, *, #6457, .F. ) ;
#8851 = VECTOR ( 'NONE', #9495, 1000.000000000000000 ) ;
#8852 = ORIENTED_EDGE ( 'NONE', *, *, #8826, .F. ) ;
#8853 = CARTESIAN_POINT ( 'NONE',  ( -30.13203748537932825, 5.996123729295902649, 3.614894311984931718 ) ) ;
#8854 = CARTESIAN_POINT ( 'NONE',  ( -39.56899347744757023, 0.1363911950260412453, 3.607475351648416151 ) ) ;
#8855 = ORIENTED_EDGE ( 'NONE', *, *, #2670, .F. ) ;
#8856 = FACE_OUTER_BOUND ( 'NONE', #10436, .T. ) ;
#8857 = CARTESIAN_POINT ( 'NONE',  ( -53.20000000000000995, 3.000000000000000000, -6.749999999999940492 ) ) ;
#8858 = CARTESIAN_POINT ( 'NONE',  ( -25.50000000000004263, 13.00000000000000178, -6.805453636524403956E-14 ) ) ;
#8859 = VECTOR ( 'NONE', #3461, 1000.000000000000000 ) ;
#8860 = CARTESIAN_POINT ( 'NONE',  ( 36.02951162706815325, 0.2077789836488299624, -4.429650374919818390 ) ) ;
#8861 = CARTESIAN_POINT ( 'NONE',  ( -34.39005668592174203, 0.2000000000000000111, -3.615000000000000213 ) ) ;
#8862 = DIRECTION ( 'NONE',  ( -1.000000000000000000, 0.000000000000000000, 0.000000000000000000 ) ) ;
#8863 = ORIENTED_EDGE ( 'NONE', *, *, #2063, .F. ) ;
#8864 = VERTEX_POINT ( 'NONE', #3276 ) ;
#8865 = AXIS2_PLACEMENT_3D ( 'NONE', #806, #8731, #601 ) ;
#8866 = DIRECTION ( 'NONE',  ( -1.651030467765866087E-15, 0.05921052631581455450, 0.9982455176826010579 ) ) ;
#8867 = FACE_OUTER_BOUND ( 'NONE', #1089, .T. ) ;
#8868 = VERTEX_POINT ( 'NONE', #10448 ) ;
#8869 = FACE_BOUND ( 'NONE', #9456, .T. ) ;
#8870 = CYLINDRICAL_SURFACE ( 'NONE', #2019, 0.2999999999999998779 ) ;
#8871 = ORIENTED_EDGE ( 'NONE', *, *, #331, .F. ) ;
#8872 = DIRECTION ( 'NONE',  ( -1.000000000000000000, 0.000000000000000000, -0.000000000000000000 ) ) ;
#8873 = LINE ( 'NONE', #10404, #9640 ) ;
#8874 = ORIENTED_EDGE ( 'NONE', *, *, #8422, .T. ) ;
#8875 = VERTEX_POINT ( 'NONE', #5771 ) ;
#8876 = EDGE_CURVE ( 'NONE', #1158, #660, #3222, .T. ) ;
#8877 = DIRECTION ( 'NONE',  ( 1.000000000000000000, 0.000000000000000000, -4.336808689942043768E-15 ) ) ;
#8878 = EDGE_CURVE ( 'NONE', #464, #1991, #6396, .T. ) ;
#8879 = ORIENTED_EDGE ( 'NONE', *, *, #7237, .F. ) ;
#8880 = DIRECTION ( 'NONE',  ( -1.000000000000000000, -1.775381057445024239E-14, 0.000000000000000000 ) ) ;
#8881 = CARTESIAN_POINT ( 'NONE',  ( 30.95000000000000284, 0.2999999999999999889, -2.350000000000003197 ) ) ;
#8882 = DIRECTION ( 'NONE',  ( -0.000000000000000000, -1.000000000000000000, 0.000000000000000000 ) ) ;
#8883 = CYLINDRICAL_SURFACE ( 'NONE', #10188, 0.3706384263718887073 ) ;
#8884 = DIRECTION ( 'NONE',  ( 1.000000000000000000, 0.000000000000000000, 0.000000000000000000 ) ) ;
#8885 = ORIENTED_EDGE ( 'NONE', *, *, #1857, .F. ) ;
#8886 = ADVANCED_FACE ( 'NONE', ( #2482 ), #4069, .F. ) ;
#8887 = EDGE_LOOP ( 'NONE', ( #8680, #5805 ) ) ;
#8888 = CARTESIAN_POINT ( 'NONE',  ( -52.25000000000001421, 10.00000000000000000, -2.449999999999999289 ) ) ;
#8889 = DIRECTION ( 'NONE',  ( 1.000000000000000000, 0.000000000000000000, -1.176083712526649195E-16 ) ) ;
#8890 = PLANE ( 'NONE',  #2796 ) ;
#8891 = EDGE_LOOP ( 'NONE', ( #8276, #5057, #5399, #426 ) ) ;
#8892 = CARTESIAN_POINT ( 'NONE',  ( -52.26145712155787493, 8.291017316819610627, -4.224941934849980818 ) ) ;
#8893 = EDGE_CURVE ( 'NONE', #8505, #7976, #9653, .T. ) ;
#8894 = CARTESIAN_POINT ( 'NONE',  ( 43.25000000000001421, 0.5000000000000000000, -7.249999999999998224 ) ) ;
#8895 = B_SPLINE_CURVE_WITH_KNOTS ( 'NONE', 3,
 ( #4994, #8091, #4082, #1693, #7414, #9822, #1640, #955 ),
 .UNSPECIFIED., .F., .F.,
 ( 4, 2, 2, 4 ),
 ( -3.466145320677682066E-06, 0.0002882777914485931095, 0.0004341497598332287730, 0.0005800217282178643822 ),
 .UNSPECIFIED. ) ;
#8896 = DIRECTION ( 'NONE',  ( -1.000000000000000000, -0.000000000000000000, -0.000000000000000000 ) ) ;
#8897 = DIRECTION ( 'NONE',  ( 0.000000000000000000, 0.000000000000000000, -1.000000000000000000 ) ) ;
#8898 = EDGE_CURVE ( 'NONE', #10318, #2009, #2259, .T. ) ;
#8899 = ORIENTED_EDGE ( 'NONE', *, *, #9272, .T. ) ;
#8900 = DIRECTION ( 'NONE',  ( 0.000000000000000000, 0.000000000000000000, 1.000000000000000000 ) ) ;
#8901 = VECTOR ( 'NONE', #2692, 1000.000000000000000 ) ;
#8902 = CYLINDRICAL_SURFACE ( 'NONE', #7971, 4.450000000000009948 ) ;
#8903 = VERTEX_POINT ( 'NONE', #887 ) ;
#8904 = DIRECTION ( 'NONE',  ( 0.000000000000000000, 0.4999999999999943379, -0.8660254037844420383 ) ) ;
#8905 = CARTESIAN_POINT ( 'NONE',  ( 47.49999999999999289, 8.000000000000000000, 8.650000000000002132 ) ) ;
#8906 = CARTESIAN_POINT ( 'NONE',  ( 38.34211819145298961, 0.5000000000000000000, -7.483866831501378769 ) ) ;
#8907 = CARTESIAN_POINT ( 'NONE',  ( 35.83788868748258949, 0.02221052063481758487, -4.494004637071012276 ) ) ;
#8908 = VECTOR ( 'NONE', #9837, 1000.000000000000000 ) ;
#8909 = DIRECTION ( 'NONE',  ( 3.384826294588891940E-16, 0.000000000000000000, 1.000000000000000000 ) ) ;
#8910 = CARTESIAN_POINT ( 'NONE',  ( -21.63608679191100137, 11.00000000000000178, 18.15483244721227152 ) ) ;
#8911 = VERTEX_POINT ( 'NONE', #2537 ) ;
#8912 = EDGE_LOOP ( 'NONE', ( #1634, #6780, #5184, #6768 ) ) ;
#8913 = LINE ( 'NONE', #1382, #10128 ) ;
#8914 = LINE ( 'NONE', #9598, #4983 ) ;
#8915 = EDGE_CURVE ( 'NONE', #4921, #3364, #8914, .T. ) ;
#8916 = VECTOR ( 'NONE', #8031, 1000.000000000000000 ) ;
#8917 = DIRECTION ( 'NONE',  ( 0.000000000000000000, 0.000000000000000000, 1.000000000000000000 ) ) ;
#8918 = ORIENTED_EDGE ( 'NONE', *, *, #1232, .F. ) ;
#8919 = CARTESIAN_POINT ( 'NONE',  ( 47.49999999999999289, 8.000000000000000000, 10.35000000000000142 ) ) ;
#8920 = CARTESIAN_POINT ( 'NONE',  ( -29.84000000000000696, 0.5000000000000000000, -3.064999999999999947 ) ) ;
#8921 = ORIENTED_EDGE ( 'NONE', *, *, #6508, .T. ) ;
#8922 = CARTESIAN_POINT ( 'NONE',  ( 0.000000000000000000, 11.00000000000000178, 0.000000000000000000 ) ) ;
#8923 = ORIENTED_EDGE ( 'NONE', *, *, #1165, .F. ) ;
#8924 = VERTEX_POINT ( 'NONE', #8081 ) ;
#8925 = TOROIDAL_SURFACE ( 'NONE', #2533, 5.000000000000000000, 3.000000000000000000 ) ;
#8926 = ORIENTED_EDGE ( 'NONE', *, *, #6692, .T. ) ;
#8927 = CARTESIAN_POINT ( 'NONE',  ( -30.14000000000000412, 0.5000000000000000000, -2.765000000000000124 ) ) ;
#8928 = CARTESIAN_POINT ( 'NONE',  ( 0.000000000000000000, 0.5000000000000000000, 0.000000000000000000 ) ) ;
#8929 = CARTESIAN_POINT ( 'NONE',  ( 31.40000000000002345, 0.000000000000000000, 6.939106523234631396 ) ) ;
#8930 = ADVANCED_FACE ( 'NONE', ( #1572 ), #6318, .T. ) ;
#8931 = CARTESIAN_POINT ( 'NONE',  ( -31.47472780755319732, 0.08284271247461812149, -2.765000000000000124 ) ) ;
#8932 = ORIENTED_EDGE ( 'NONE', *, *, #7484, .T. ) ;
#8933 = AXIS2_PLACEMENT_3D ( 'NONE', #3691, #2801, #7658 ) ;
#8934 = TOROIDAL_SURFACE ( 'NONE', #10277, 2.249999999999998668, 3.000000000000000000 ) ;
#8935 = VECTOR ( 'NONE', #10383, 1000.000000000000114 ) ;
#8936 = ADVANCED_FACE ( 'NONE', ( #7298 ), #8131, .T. ) ;
#8937 = ORIENTED_EDGE ( 'NONE', *, *, #4187, .F. ) ;
#8938 = CARTESIAN_POINT ( 'NONE',  ( 51.95000000000000284, 11.00000000000000178, 6.000000000000000000 ) ) ;
#8939 = CARTESIAN_POINT ( 'NONE',  ( 31.70000000000002061, 0.5000000000000000000, 3.098623679425835942 ) ) ;
#8940 = ORIENTED_EDGE ( 'NONE', *, *, #1029, .F. ) ;
#8941 = CARTESIAN_POINT ( 'NONE',  ( 50.25000000000000000, 8.000000000000000000, 9.499999999999982236 ) ) ;
#8942 = AXIS2_PLACEMENT_3D ( 'NONE', #3354, #5893, #6579 ) ;
#8943 = CARTESIAN_POINT ( 'NONE',  ( -50.25000000000000711, 8.000000000000000000, 6.750000000000000888 ) ) ;
#8944 = ADVANCED_FACE ( 'NONE', ( #1737 ), #101, .F. ) ;
#8945 = CARTESIAN_POINT ( 'NONE',  ( -31.27472780755320869, 0.2000000000000000111, -20.34067203111825251 ) ) ;
#8946 = CARTESIAN_POINT ( 'NONE',  ( 36.04364652204422725, 0.2999999999999999889, -0.2752072131254369447 ) ) ;
#8947 = DIRECTION ( 'NONE',  ( 1.000000000000000000, 0.000000000000000000, -1.176083712526649195E-16 ) ) ;
#8948 = ADVANCED_FACE ( 'NONE', ( #9548 ), #7974, .F. ) ;
#8949 = ORIENTED_EDGE ( 'NONE', *, *, #2125, .T. ) ;
#8950 = PLANE ( 'NONE',  #5913 ) ;
#8951 = CARTESIAN_POINT ( 'NONE',  ( 0.000000000000000000, 14.50000000000000000, -13.25000000000000178 ) ) ;
#8952 = DIRECTION ( 'NONE',  ( -0.6427876096865420275, 0.000000000000000000, 0.7660444431189757930 ) ) ;
#8953 = VERTEX_POINT ( 'NONE', #6024 ) ;
#8954 = CARTESIAN_POINT ( 'NONE',  ( -45.19999999999996021, 0.000000000000000000, 11.75000000000000711 ) ) ;
#8955 = LINE ( 'NONE', #2580, #7812 ) ;
#8956 = CARTESIAN_POINT ( 'NONE',  ( 41.25000000000000000, 4.899999999999999467, 0.000000000000000000 ) ) ;
#8957 = EDGE_CURVE ( 'NONE', #5169, #313, #7567, .T. ) ;
#8958 = DIRECTION ( 'NONE',  ( -0.000000000000000000, -1.000000000000000000, -0.000000000000000000 ) ) ;
#8959 = CARTESIAN_POINT ( 'NONE',  ( -29.84000000000000341, 6.296018041280833089, -3.064999999999999947 ) ) ;
#8960 = DIRECTION ( 'NONE',  ( -1.000000000000000000, -0.000000000000000000, 4.476705744456300993E-16 ) ) ;
#8961 = DIRECTION ( 'NONE',  ( -0.000000000000000000, -0.000000000000000000, 1.000000000000000000 ) ) ;
#8962 = ORIENTED_EDGE ( 'NONE', *, *, #3040, .F. ) ;
#8963 = VERTEX_POINT ( 'NONE', #7607 ) ;
#8964 = VECTOR ( 'NONE', #5769, 1000.000000000000000 ) ;
#8965 = CARTESIAN_POINT ( 'NONE',  ( 0.000000000000000000, 8.000000000000000000, 0.000000000000000000 ) ) ;
#8966 = CARTESIAN_POINT ( 'NONE',  ( -52.20536001237670831, 8.981699705009763335, 4.161567919108303926 ) ) ;
#8967 = DIRECTION ( 'NONE',  ( 1.000000000000000000, 0.000000000000000000, 0.000000000000000000 ) ) ;
#8968 = CARTESIAN_POINT ( 'NONE',  ( 0.5999999999999912070, 13.00000000000000178, 13.35000000000018971 ) ) ;
#8969 = EDGE_CURVE ( 'NONE', #10406, #3703, #4191, .T. ) ;
#8970 = ORIENTED_EDGE ( 'NONE', *, *, #7247, .F. ) ;
#8971 = CARTESIAN_POINT ( 'NONE',  ( -35.26554871542300162, 0.1999999999999996503, -8.849999999999997868 ) ) ;
#8972 = CARTESIAN_POINT ( 'NONE',  ( 0.000000000000000000, 0.000000000000000000, 3.415000000000000036 ) ) ;
#8973 = AXIS2_PLACEMENT_3D ( 'NONE', #7284, #3894, #8116 ) ;
#8974 = ORIENTED_EDGE ( 'NONE', *, *, #2412, .T. ) ;
#8975 =( BOUNDED_CURVE ( )  B_SPLINE_CURVE ( 3, ( #5368, #9947, #9304, #7637 ),
 .UNSPECIFIED., .F., .F. ) 
 B_SPLINE_CURVE_WITH_KNOTS ( ( 4, 4 ),
 ( 4.712388980384689674, 5.800197417813645728 ),
 .UNSPECIFIED. ) 
 CURVE ( )  GEOMETRIC_REPRESENTATION_ITEM ( )  RATIONAL_B_SPLINE_CURVE ( ( 1.000000000000000000, 0.9037965667448132345, 0.9037965667448132345, 1.000000000000000000 ) ) 
 REPRESENTATION_ITEM ( '' )  );
#8976 = DIRECTION ( 'NONE',  ( 0.000000000000000000, 0.000000000000000000, 1.000000000000000000 ) ) ;
#8977 = ORIENTED_EDGE ( 'NONE', *, *, #3971, .F. ) ;
#8978 = ADVANCED_FACE ( 'NONE', ( #10017 ), #305, .F. ) ;
#8979 = ORIENTED_EDGE ( 'NONE', *, *, #9137, .F. ) ;
#8980 = VECTOR ( 'NONE', #985, 1000.000000000000000 ) ;
#8981 = CARTESIAN_POINT ( 'NONE',  ( -31.51661123066064363, 3.000000000000000000, 8.349999999999997868 ) ) ;
#8982 = VERTEX_POINT ( 'NONE', #150 ) ;
#8983 = CARTESIAN_POINT ( 'NONE',  ( 31.64750775685063644, 0.1248391197358917071, -11.37560611472381034 ) ) ;
#8984 = VECTOR ( 'NONE', #2762, 1000.000000000000000 ) ;
#8985 = CARTESIAN_POINT ( 'NONE',  ( -45.19999999999994600, 17.00000000000000000, 13.55000000000000604 ) ) ;
#8986 = DIRECTION ( 'NONE',  ( -1.000000000000000000, -0.000000000000000000, -0.000000000000000000 ) ) ;
#8987 = FACE_OUTER_BOUND ( 'NONE', #8410, .T. ) ;
#8988 = DIRECTION ( 'NONE',  ( 0.000000000000000000, 0.000000000000000000, 1.000000000000000000 ) ) ;
#8989 = ORIENTED_EDGE ( 'NONE', *, *, #3162, .T. ) ;
#8990 = AXIS2_PLACEMENT_3D ( 'NONE', #1128, #6584, #4361 ) ;
#8991 = AXIS2_PLACEMENT_3D ( 'NONE', #7264, #4780, #15 ) ;
#8992 = ORIENTED_EDGE ( 'NONE', *, *, #2957, .F. ) ;
#8993 = ADVANCED_FACE ( 'NONE', ( #5030 ), #9174, .F. ) ;
#8994 = DIRECTION ( 'NONE',  ( -0.000000000000000000, 1.000000000000000000, -0.000000000000000000 ) ) ;
#8995 = DIRECTION ( 'NONE',  ( 0.000000000000000000, 0.000000000000000000, 1.000000000000000000 ) ) ;
#8996 = ORIENTED_EDGE ( 'NONE', *, *, #9793, .T. ) ;
#8997 = CARTESIAN_POINT ( 'NONE',  ( -34.34233853611036835, 0.1265113557324328841, -3.601009191073223814 ) ) ;
#8998 = VECTOR ( 'NONE', #6775, 1000.000000000000000 ) ;
#8999 = DIRECTION ( 'NONE',  ( 0.000000000000000000, 0.000000000000000000, -1.000000000000000000 ) ) ;
#9000 = AXIS2_PLACEMENT_3D ( 'NONE', #1273, #6195, #2008 ) ;
#9001 = CARTESIAN_POINT ( 'NONE',  ( 30.20000000000002416, 0.5000000000000000000, 0.000000000000000000 ) ) ;
#9002 = CARTESIAN_POINT ( 'NONE',  ( 2.760212650556410866E-16, 11.00000000000000178, -14.75000000000000355 ) ) ;
#9003 = DIRECTION ( 'NONE',  ( 1.000000000000000000, -0.000000000000000000, -0.000000000000000000 ) ) ;
#9004 = ORIENTED_EDGE ( 'NONE', *, *, #1423, .T. ) ;
#9005 = ADVANCED_FACE ( 'NONE', ( #9024 ), #9070, .F. ) ;
#9006 = DIRECTION ( 'NONE',  ( 1.000000000000000000, 0.000000000000000000, -1.971236424878464058E-15 ) ) ;
#9007 = AXIS2_PLACEMENT_3D ( 'NONE', #8142, #740, #4190 ) ;
#9008 = DIRECTION ( 'NONE',  ( -1.000000000000000000, 0.000000000000000000, 1.374038396813312538E-16 ) ) ;
#9009 = CARTESIAN_POINT ( 'NONE',  ( -45.00000000000001421, 8.000000000000000000, 0.000000000000000000 ) ) ;
#9010 = ORIENTED_EDGE ( 'NONE', *, *, #2497, .F. ) ;
#9011 = FACE_OUTER_BOUND ( 'NONE', #5767, .T. ) ;
#9012 = DIRECTION ( 'NONE',  ( 0.000000000000000000, -1.000000000000000000, 0.000000000000000000 ) ) ;
#9013 = EDGE_CURVE ( 'NONE', #6086, #10394, #9962, .T. ) ;
#9014 = AXIS2_PLACEMENT_3D ( 'NONE', #5225, #8432, #396 ) ;
#9015 = AXIS2_PLACEMENT_3D ( 'NONE', #3910, #6140, #7138 ) ;
#9016 = FACE_OUTER_BOUND ( 'NONE', #5204, .T. ) ;
#9017 = ORIENTED_EDGE ( 'NONE', *, *, #3192, .T. ) ;
#9018 = EDGE_LOOP ( 'NONE', ( #9816, #7152, #531, #1962 ) ) ;
#9019 = EDGE_CURVE ( 'NONE', #968, #4121, #1836, .T. ) ;
#9020 = LINE ( 'NONE', #1148, #4592 ) ;
#9021 = AXIS2_PLACEMENT_3D ( 'NONE', #7305, #3285, #7202 ) ;
#9022 = VECTOR ( 'NONE', #9246, 1000.000000000000000 ) ;
#9023 = CARTESIAN_POINT ( 'NONE',  ( -52.20488103182249517, 8.871554330847189362, 4.203493146150665716 ) ) ;
#9024 = FACE_OUTER_BOUND ( 'NONE', #9919, .T. ) ;
#9025 = DIRECTION ( 'NONE',  ( 0.000000000000000000, 1.000000000000000000, -0.000000000000000000 ) ) ;
#9026 = VERTEX_POINT ( 'NONE', #4385 ) ;
#9027 = CARTESIAN_POINT ( 'NONE',  ( 47.49999999999999289, 3.000000000000000000, 9.500000000000001776 ) ) ;
#9028 = PLANE ( 'NONE',  #8270 ) ;
#9029 = EDGE_LOOP ( 'NONE', ( #9958, #7410, #3892, #260, #7096, #7333, #8442, #441, #9284, #2133 ) ) ;
#9030 = DIRECTION ( 'NONE',  ( -1.000000000000000000, 0.000000000000000000, 0.000000000000000000 ) ) ;
#9031 = ORIENTED_EDGE ( 'NONE', *, *, #2054, .T. ) ;
#9032 = ORIENTED_EDGE ( 'NONE', *, *, #8653, .T. ) ;
#9033 = ADVANCED_FACE ( 'NONE', ( #4337 ), #354, .T. ) ;
#9034 = CARTESIAN_POINT ( 'NONE',  ( 1.408389356733644618E-15, 0.5000000000000004441, 10.24999999999999467 ) ) ;
#9035 = ORIENTED_EDGE ( 'NONE', *, *, #6912, .T. ) ;
#9036 = TOROIDAL_SURFACE ( 'NONE', #4991, 5.199999999999985967, 0.2999999999999999889 ) ;
#9037 = CARTESIAN_POINT ( 'NONE',  ( -30.13203748537938864, 5.996123729295900873, -20.34067203111825251 ) ) ;
#9038 = EDGE_CURVE ( 'NONE', #768, #6667, #6813, .T. ) ;
#9039 = CARTESIAN_POINT ( 'NONE',  ( 30.19999999999998153, 0.2999999999999999889, -11.31869555732605015 ) ) ;
#9040 = CARTESIAN_POINT ( 'NONE',  ( 38.34211819145301092, 0.5000000000000000000, 2.783866831501332406 ) ) ;
#9041 = CARTESIAN_POINT ( 'NONE',  ( -30.30484636607248561, -1.468623938954177977, -20.34067203111825251 ) ) ;
#9042 = ORIENTED_EDGE ( 'NONE', *, *, #201, .T. ) ;
#9043 = ORIENTED_EDGE ( 'NONE', *, *, #9299, .T. ) ;
#9044 = ORIENTED_EDGE ( 'NONE', *, *, #2957, .T. ) ;
#9045 = DIRECTION ( 'NONE',  ( 0.000000000000000000, -1.000000000000000000, 0.000000000000000000 ) ) ;
#9046 = CARTESIAN_POINT ( 'NONE',  ( -34.52834772718359346, 0.000000000000000000, 2.965000000000000302 ) ) ;
#9047 = ORIENTED_EDGE ( 'NONE', *, *, #475, .T. ) ;
#9048 = CARTESIAN_POINT ( 'NONE',  ( -52.45000000000000995, 9.697719172987380176, -3.001973684210527349 ) ) ;
#9049 = CARTESIAN_POINT ( 'NONE',  ( 22.35000000000000142, 0.5000000000000000000, -8.849999999999997868 ) ) ;
#9050 = LINE ( 'NONE', #5166, #2698 ) ;
#9051 = CARTESIAN_POINT ( 'NONE',  ( -52.36525618977525909, 9.204064449149788274, 3.968456183257594194 ) ) ;
#9052 = ORIENTED_EDGE ( 'NONE', *, *, #6395, .F. ) ;
#9053 = FACE_OUTER_BOUND ( 'NONE', #1695, .T. ) ;
#9054 = DIRECTION ( 'NONE',  ( -0.000000000000000000, 0.000000000000000000, 1.000000000000000000 ) ) ;
#9055 = PLANE ( 'NONE',  #3629 ) ;
#9056 = VERTEX_POINT ( 'NONE', #7403 ) ;
#9057 = FACE_OUTER_BOUND ( 'NONE', #2495, .T. ) ;
#9058 = DIRECTION ( 'NONE',  ( 0.000000000000000000, 1.000000000000000000, -0.000000000000000000 ) ) ;
#9059 = EDGE_CURVE ( 'NONE', #1607, #7323, #2645, .T. ) ;
#9060 = DIRECTION ( 'NONE',  ( 0.5000000000000009992, 0.000000000000000000, -0.8660254037844380415 ) ) ;
#9061 = PLANE ( 'NONE',  #6959 ) ;
#9062 = ORIENTED_EDGE ( 'NONE', *, *, #7698, .F. ) ;
#9063 = CARTESIAN_POINT ( 'NONE',  ( 36.89914703891414405, 6.000000000000000000, -4.074573519457105775 ) ) ;
#9064 = VECTOR ( 'NONE', #8287, 1000.000000000000000 ) ;
#9065 = ORIENTED_EDGE ( 'NONE', *, *, #6296, .F. ) ;
#9066 = EDGE_CURVE ( 'NONE', #590, #786, #9225, .T. ) ;
#9067 = ADVANCED_FACE ( 'NONE', ( #991 ), #5872, .T. ) ;
#9068 = CARTESIAN_POINT ( 'NONE',  ( -35.26554871542300162, 0.08284271247461905130, -3.615000000000000213 ) ) ;
#9069 = CARTESIAN_POINT ( 'NONE',  ( -52.20449052920062627, 8.158825211874690453, 4.260318664616362661 ) ) ;
#9070 = CYLINDRICAL_SURFACE ( 'NONE', #4530, 4.341174913715429184 ) ;
#9071 = DIRECTION ( 'NONE',  ( 1.000000000000000000, 0.000000000000000000, 0.000000000000000000 ) ) ;
#9072 = VERTEX_POINT ( 'NONE', #8443 ) ;
#9073 = CARTESIAN_POINT ( 'NONE',  ( 0.000000000000000000, 0.5000000000000000000, 3.615000000000000213 ) ) ;
#9074 = DIRECTION ( 'NONE',  ( -0.9396926207859128688, 0.000000000000000000, -0.3420201433256564449 ) ) ;
#9075 = EDGE_CURVE ( 'NONE', #10100, #7168, #1045, .T. ) ;
#9076 = DIRECTION ( 'NONE',  ( 1.000000000000000000, 0.000000000000000000, 0.000000000000000000 ) ) ;
#9077 = EDGE_LOOP ( 'NONE', ( #8632, #4248, #5032, #3944 ) ) ;
#9078 = ORIENTED_EDGE ( 'NONE', *, *, #7345, .T. ) ;
#9079 = CIRCLE ( 'NONE', #10431, 3.000000000000002665 ) ;
#9080 = CARTESIAN_POINT ( 'NONE',  ( -52.11892880171556186, 9.350218215710615510, -4.114102427807088347 ) ) ;
#9081 = ORIENTED_EDGE ( 'NONE', *, *, #2654, .F. ) ;
#9082 = CARTESIAN_POINT ( 'NONE',  ( -2.000000000000008882, 14.50000000000000000, 12.35000000000019149 ) ) ;
#9083 = CARTESIAN_POINT ( 'NONE',  ( 0.000000000000000000, 11.00000000000000178, 0.000000000000000000 ) ) ;
#9084 = CARTESIAN_POINT ( 'NONE',  ( 26.68856210340542034, 0.000000000000000000, -5.329957559004394163 ) ) ;
#9085 = EDGE_CURVE ( 'NONE', #592, #4431, #300, .T. ) ;
#9086 = AXIS2_PLACEMENT_3D ( 'NONE', #1092, #295, #5909 ) ;
#9087 = DIRECTION ( 'NONE',  ( -0.5000000000000003331, 0.000000000000000000, -0.8660254037844385966 ) ) ;
#9088 = EDGE_LOOP ( 'NONE', ( #2386, #9447, #3771, #7313 ) ) ;
#9089 = ORIENTED_EDGE ( 'NONE', *, *, #10027, .T. ) ;
#9090 = ORIENTED_EDGE ( 'NONE', *, *, #5792, .T. ) ;
#9091 = AXIS2_PLACEMENT_3D ( 'NONE', #1026, #5113, #2621 ) ;
#9092 = DIRECTION ( 'NONE',  ( -0.000000000000000000, -1.000000000000000000, -0.000000000000000000 ) ) ;
#9093 = B_SPLINE_CURVE_WITH_KNOTS ( 'NONE', 3,
 ( #7071, #2998, #9327, #8704 ),
 .UNSPECIFIED., .F., .F.,
 ( 4, 4 ),
 ( 1.084202172485504434E-19, 8.053029081881113395E-05 ),
 .UNSPECIFIED. ) ;
#9094 = LINE ( 'NONE', #8214, #9176 ) ;
#9095 = ORIENTED_EDGE ( 'NONE', *, *, #3098, .T. ) ;
#9096 = ORIENTED_EDGE ( 'NONE', *, *, #1601, .T. ) ;
#9097 = CARTESIAN_POINT ( 'NONE',  ( -52.25000000000000711, 9.697719172987387282, -3.001973684210528237 ) ) ;
#9098 = CARTESIAN_POINT ( 'NONE',  ( -52.21203848064536146, 7.358920593004276256, -3.865501394531484003 ) ) ;
#9099 = EDGE_CURVE ( 'NONE', #6640, #3249, #6659, .T. ) ;
#9100 = LINE ( 'NONE', #9001, #8428 ) ;
#9101 = AXIS2_PLACEMENT_3D ( 'NONE', #10321, #1555, #5643 ) ;
#9102 = CARTESIAN_POINT ( 'NONE',  ( 0.000000000000000000, 0.2000000000000000111, -3.415000000000000036 ) ) ;
#9103 = EDGE_CURVE ( 'NONE', #3342, #4, #3536, .T. ) ;
#9104 = ORIENTED_EDGE ( 'NONE', *, *, #5359, .T. ) ;
#9105 = DIRECTION ( 'NONE',  ( -0.000000000000000000, -0.000000000000000000, 1.000000000000000000 ) ) ;
#9106 = VECTOR ( 'NONE', #5649, 1000.000000000000000 ) ;
#9107 = CARTESIAN_POINT ( 'NONE',  ( -52.00633014137976318, 8.400000000003295497, -4.350000000000000533 ) ) ;
#9108 = LINE ( 'NONE', #6744, #3299 ) ;
#9109 = VERTEX_POINT ( 'NONE', #7069 ) ;
#9110 = CARTESIAN_POINT ( 'NONE',  ( -34.32300333360996092, 0.1748349968067968163, -8.849999999999997868 ) ) ;
#9111 = LINE ( 'NONE', #1140, #375 ) ;
#9112 = VECTOR ( 'NONE', #9885, 1000.000000000000000 ) ;
#9113 = FACE_OUTER_BOUND ( 'NONE', #2559, .T. ) ;
#9114 = PLANE ( 'NONE',  #1219 ) ;
#9115 = ORIENTED_EDGE ( 'NONE', *, *, #4832, .F. ) ;
#9116 = ORIENTED_EDGE ( 'NONE', *, *, #3137, .T. ) ;
#9117 = CARTESIAN_POINT ( 'NONE',  ( 0.000000000000000000, 16.00000000000000000, -13.25000000000000178 ) ) ;
#9118 = EDGE_CURVE ( 'NONE', #8400, #2230, #3173, .T. ) ;
#9119 = CARTESIAN_POINT ( 'NONE',  ( -52.11623050028426007, 9.006030039894930894, 4.254815835186552597 ) ) ;
#9120 = CARTESIAN_POINT ( 'NONE',  ( -51.95000000000000995, 7.290980888402234683, -3.603289473684255118 ) ) ;
#9121 = CARTESIAN_POINT ( 'NONE',  ( 8.980079849446667595, 0.000000000000000000, -15.55395455526715587 ) ) ;
#9122 = VERTEX_POINT ( 'NONE', #2949 ) ;
#9123 = DIRECTION ( 'NONE',  ( -0.000000000000000000, -1.000000000000000000, -0.000000000000000000 ) ) ;
#9124 = CARTESIAN_POINT ( 'NONE',  ( 26.64929317472361703, 0.02221052063481707139, 0.8110334556950251628 ) ) ;
#9125 = LINE ( 'NONE', #5777, #34 ) ;
#9126 = ORIENTED_EDGE ( 'NONE', *, *, #9729, .F. ) ;
#9127 = VECTOR ( 'NONE', #4176, 1000.000000000000000 ) ;
#9128 = ORIENTED_EDGE ( 'NONE', *, *, #6973, .T. ) ;
#9129 = EDGE_CURVE ( 'NONE', #628, #5102, #8268, .T. ) ;
#9130 = CARTESIAN_POINT ( 'NONE',  ( -51.95000001717433946, 7.259432477569829345, -3.989152884042723723 ) ) ;
#9131 = ORIENTED_EDGE ( 'NONE', *, *, #76, .T. ) ;
#9132 = VECTOR ( 'NONE', #3494, 1000.000000000000000 ) ;
#9133 = B_SPLINE_CURVE_WITH_KNOTS ( 'NONE', 3,
 ( #1510, #8069, #6385, #5702, #4001, #4055, #3952, #8018, #6547, #2307 ),
 .UNSPECIFIED., .F., .F.,
 ( 4, 2, 2, 2, 4 ),
 ( 0.000000000000000000, 0.0003199684540615822890, 0.0006399369081231645780, 0.0009599053621847468670, 0.001279873816246329156 ),
 .UNSPECIFIED. ) ;
#9134 = FACE_BOUND ( 'NONE', #10025, .T. ) ;
#9135 = DIRECTION ( 'NONE',  ( 1.000000000000000000, 0.000000000000000000, -0.000000000000000000 ) ) ;
#9136 = ADVANCED_FACE ( 'NONE', ( #6964 ), #2843, .F. ) ;
#9137 = EDGE_CURVE ( 'NONE', #6681, #10396, #7754, .T. ) ;
#9138 = CARTESIAN_POINT ( 'NONE',  ( 20.66000000000000369, 8.000000000000000000, 10.25000000000000178 ) ) ;
#9139 = ORIENTED_EDGE ( 'NONE', *, *, #6430, .F. ) ;
#9140 = CARTESIAN_POINT ( 'NONE',  ( -20.00000000000001066, 16.00001200000000168, 2.352167425053299179E-15 ) ) ;
#9141 = ORIENTED_EDGE ( 'NONE', *, *, #5218, .T. ) ;
#9142 = VECTOR ( 'NONE', #1785, 1000.000000000000000 ) ;
#9143 = VERTEX_POINT ( 'NONE', #6861 ) ;
#9144 = ADVANCED_FACE ( 'NONE', ( #6179 ), #3737, .T. ) ;
#9145 = CARTESIAN_POINT ( 'NONE',  ( -34.44357915404025761, 2.159727986697190071E-17, -3.499768573143335892 ) ) ;
#9146 = CARTESIAN_POINT ( 'NONE',  ( -50.25000000000545697, 5.500000000000000000, 291583.7750000000233 ) ) ;
#9147 = VERTEX_POINT ( 'NONE', #4541 ) ;
#9148 = ORIENTED_EDGE ( 'NONE', *, *, #8604, .T. ) ;
#9149 = CARTESIAN_POINT ( 'NONE',  ( -52.00316349883281930, 8.643615705931519955, 4.338179946693939470 ) ) ;
#9150 = CARTESIAN_POINT ( 'NONE',  ( -29.81007189365366372, -2.624222992386002318, 2.765000000000000124 ) ) ;
#9151 = AXIS2_PLACEMENT_3D ( 'NONE', #1985, #7746, #4484 ) ;
#9152 = CARTESIAN_POINT ( 'NONE',  ( 9.519658948938198861, 6.000000000000000000, 10.25000000000000178 ) ) ;
#9153 = CARTESIAN_POINT ( 'NONE',  ( -52.20423352066372757, 8.844162235952008899, 4.212383012905366542 ) ) ;
#9154 = CIRCLE ( 'NONE', #10330, 6.800000000000007816 ) ;
#9155 = ORIENTED_EDGE ( 'NONE', *, *, #4315, .T. ) ;
#9156 = EDGE_CURVE ( 'NONE', #4184, #7577, #3351, .T. ) ;
#9157 = FACE_OUTER_BOUND ( 'NONE', #10160, .T. ) ;
#9158 = VECTOR ( 'NONE', #381, 1000.000000000000000 ) ;
#9159 = PLANE ( 'NONE',  #1003 ) ;
#9160 = DIRECTION ( 'NONE',  ( 0.000000000000000000, 0.000000000000000000, -1.000000000000000000 ) ) ;
#9161 = ORIENTED_EDGE ( 'NONE', *, *, #1149, .F. ) ;
#9162 = CARTESIAN_POINT ( 'NONE',  ( 30.50000000000002842, 0.000000000000000000, 6.939106523234632284 ) ) ;
#9163 = CIRCLE ( 'NONE', #4120, 9.000000000000012434 ) ;
#9164 = FACE_OUTER_BOUND ( 'NONE', #7689, .T. ) ;
#9165 =( NAMED_UNIT ( * ) SI_UNIT ( $, .STERADIAN. ) SOLID_ANGLE_UNIT ( ) );
#9166 = CARTESIAN_POINT ( 'NONE',  ( -52.45000000000001705, 9.900000000000000355, -2.925000000000016254 ) ) ;
#9167 = AXIS2_PLACEMENT_3D ( 'NONE', #5621, #8830, #5465 ) ;
#9168 = CARTESIAN_POINT ( 'NONE',  ( 0.5999999999999912070, 13.00000000000000178, 13.55000000000000071 ) ) ;
#9169 = ORIENTED_EDGE ( 'NONE', *, *, #8550, .F. ) ;
#9170 = AXIS2_PLACEMENT_3D ( 'NONE', #3600, #8457, #10078 ) ;
#9171 = ORIENTED_EDGE ( 'NONE', *, *, #541, .T. ) ;
#9172 = DIRECTION ( 'NONE',  ( 1.000000000000000000, 0.000000000000000000, 0.000000000000000000 ) ) ;
#9173 = CARTESIAN_POINT ( 'NONE',  ( -51.96383377495565270, 9.334379237985116262, 4.122169272842766574 ) ) ;
#9174 = PLANE ( 'NONE',  #9401 ) ;
#9175 = PLANE ( 'NONE',  #4377 ) ;
#9176 = VECTOR ( 'NONE', #1863, 1000.000000000000000 ) ;
#9177 = DIRECTION ( 'NONE',  ( 0.000000000000000000, 1.000000000000000000, -0.000000000000000000 ) ) ;
#9178 = CARTESIAN_POINT ( 'NONE',  ( 26.68856210340544877, 0.000000000000000000, 0.6299575590044286244 ) ) ;
#9179 = CARTESIAN_POINT ( 'NONE',  ( 36.04364652204422725, 0.2999999999999999889, -0.2752072131254369447 ) ) ;
#9180 = ORIENTED_EDGE ( 'NONE', *, *, #690, .F. ) ;
#9181 = ORIENTED_EDGE ( 'NONE', *, *, #4447, .T. ) ;
#9182 = AXIS2_PLACEMENT_3D ( 'NONE', #3076, #2450, #8831 ) ;
#9183 = VECTOR ( 'NONE', #7491, 1000.000000000000000 ) ;
#9184 = CARTESIAN_POINT ( 'NONE',  ( -51.96383377495563138, 7.465620762015313439, -4.122169272842949539 ) ) ;
#9185 = ORIENTED_EDGE ( 'NONE', *, *, #6444, .T. ) ;
#9186 = CARTESIAN_POINT ( 'NONE',  ( 2.099999999999991207, 13.00000000000000178, -13.35000000000019149 ) ) ;
#9187 = DIRECTION ( 'NONE',  ( -0.000000000000000000, 0.000000000000000000, -1.000000000000000000 ) ) ;
#9188 = VECTOR ( 'NONE', #3777, 1000.000000000000000 ) ;
#9189 = CARTESIAN_POINT ( 'NONE',  ( 2.099999999999991207, 14.50000000000000000, 12.35000000000019149 ) ) ;
#9190 = ADVANCED_FACE ( 'NONE', ( #9378 ), #1361, .T. ) ;
#9191 = ORIENTED_EDGE ( 'NONE', *, *, #7629, .T. ) ;
#9192 = CARTESIAN_POINT ( 'NONE',  ( -51.25000000000001421, 16.00000000000000000, -9.499999999999976907 ) ) ;
#9193 = ORIENTED_EDGE ( 'NONE', *, *, #3302, .F. ) ;
#9194 = EDGE_LOOP ( 'NONE', ( #8365, #8863, #7945, #5697, #4697 ) ) ;
#9195 = EDGE_CURVE ( 'NONE', #10353, #4882, #3049, .T. ) ;
#9196 = DIRECTION ( 'NONE',  ( 0.000000000000000000, 0.000000000000000000, -1.000000000000000000 ) ) ;
#9197 = CIRCLE ( 'NONE', #429, 2.750000000000000888 ) ;
#9198 = EDGE_CURVE ( 'NONE', #2818, #8411, #2831, .T. ) ;
#9199 = CARTESIAN_POINT ( 'NONE',  ( -47.50000000000000711, 8.000000000000000000, 6.750000000000000000 ) ) ;
#9200 = ORIENTED_EDGE ( 'NONE', *, *, #4005, .T. ) ;
#9201 = ORIENTED_EDGE ( 'NONE', *, *, #8686, .F. ) ;
#9202 = CARTESIAN_POINT ( 'NONE',  ( 0.000000000000000000, 9.000000000000001776, 0.000000000000000000 ) ) ;
#9203 = CARTESIAN_POINT ( 'NONE',  ( 23.85000000000000142, 4.899999999999999467, -10.34999999999999787 ) ) ;
#9204 = ADVANCED_FACE ( 'NONE', ( #3794 ), #10223, .T. ) ;
#9205 = ORIENTED_EDGE ( 'NONE', *, *, #9129, .F. ) ;
#9206 = LINE ( 'NONE', #1974, #9872 ) ;
#9207 = ORIENTED_EDGE ( 'NONE', *, *, #4728, .F. ) ;
#9208 = LINE ( 'NONE', #6160, #4407 ) ;
#9209 = EDGE_CURVE ( 'NONE', #5470, #3327, #966, .T. ) ;
#9210 = CARTESIAN_POINT ( 'NONE',  ( -20.00000000000001066, 11.00000000000000178, 13.55000000000000604 ) ) ;
#9211 = CARTESIAN_POINT ( 'NONE',  ( -45.20000000000000284, 14.50000000000000000, -6.750000000000000888 ) ) ;
#9212 = ORIENTED_EDGE ( 'NONE', *, *, #9937, .F. ) ;
#9213 = CARTESIAN_POINT ( 'NONE',  ( -47.50000000000000711, 3.000000000000000000, 9.500000000000001776 ) ) ;
#9214 = DIRECTION ( 'NONE',  ( 0.000000000000000000, 0.000000000000000000, 1.000000000000000000 ) ) ;
#9215 = CARTESIAN_POINT ( 'NONE',  ( 6.344920150553305049, 0.5000000000000000000, 10.98972407072586677 ) ) ;
#9216 = EDGE_CURVE ( 'NONE', #313, #5747, #8649, .T. ) ;
#9217 = CARTESIAN_POINT ( 'NONE',  ( 30.21257894721913217, 0.2034051652805234089, -11.33238590061130324 ) ) ;
#9218 = DIRECTION ( 'NONE',  ( 0.000000000000000000, 0.000000000000000000, 1.000000000000000000 ) ) ;
#9219 = ORIENTED_EDGE ( 'NONE', *, *, #4367, .F. ) ;
#9220 = ORIENTED_EDGE ( 'NONE', *, *, #961, .F. ) ;
#9221 = DIRECTION ( 'NONE',  ( 0.000000000000000000, 0.000000000000000000, -1.000000000000000000 ) ) ;
#9222 = CARTESIAN_POINT ( 'NONE',  ( 30.95000000000000284, 0.5000000000000000000, -2.350000000000003197 ) ) ;
#9223 = DIRECTION ( 'NONE',  ( -1.000000000000000000, 0.000000000000000000, -5.139921410301651289E-17 ) ) ;
#9224 = ORIENTED_EDGE ( 'NONE', *, *, #8496, .F. ) ;
#9225 = LINE ( 'NONE', #5971, #9064 ) ;
#9226 = DIRECTION ( 'NONE',  ( 1.000000000000000000, -0.000000000000000000, 0.000000000000000000 ) ) ;
#9227 = LINE ( 'NONE', #5087, #4476 ) ;
#9228 = DIRECTION ( 'NONE',  ( 0.000000000000000000, -2.891205793294679312E-16, 1.000000000000000000 ) ) ;
#9229 = ADVANCED_FACE ( 'NONE', ( #8491 ), #1252, .T. ) ;
#9230 = DIRECTION ( 'NONE',  ( 0.000000000000000000, 0.000000000000000000, -1.000000000000000000 ) ) ;
#9231 = ORIENTED_EDGE ( 'NONE', *, *, #9066, .F. ) ;
#9232 = ORIENTED_EDGE ( 'NONE', *, *, #8691, .F. ) ;
#9233 = EDGE_CURVE ( 'NONE', #1399, #1928, #6908, .T. ) ;
#9234 = CARTESIAN_POINT ( 'NONE',  ( -51.96382476168633957, 9.334427710026760749, -4.121853269765141548 ) ) ;
#9235 = ORIENTED_EDGE ( 'NONE', *, *, #7793, .T. ) ;
#9236 = CYLINDRICAL_SURFACE ( 'NONE', #8346, 4.450000000000004619 ) ;
#9237 = DIRECTION ( 'NONE',  ( 0.000000000000000000, 0.000000000000000000, -1.000000000000000000 ) ) ;
#9238 = DIRECTION ( 'NONE',  ( -0.000000000000000000, 0.000000000000000000, 1.000000000000000000 ) ) ;
#9239 = ORIENTED_EDGE ( 'NONE', *, *, #10066, .F. ) ;
#9240 = LINE ( 'NONE', #1326, #4445 ) ;
#9241 = CIRCLE ( 'NONE', #977, 1.500000000000000888 ) ;
#9242 = ORIENTED_EDGE ( 'NONE', *, *, #7748, .F. ) ;
#9243 = CYLINDRICAL_SURFACE ( 'NONE', #6783, 2.750000000000000888 ) ;
#9244 = PRODUCT_RELATED_PRODUCT_CATEGORY ( 'part', '', ( #7234 ) ) ;
#9245 = EDGE_CURVE ( 'NONE', #8450, #4719, #6123, .T. ) ;
#9246 = DIRECTION ( 'NONE',  ( -3.384826294588891940E-16, -0.000000000000000000, -1.000000000000000000 ) ) ;
#9247 = VERTEX_POINT ( 'NONE', #872 ) ;
#9248 = ORIENTED_EDGE ( 'NONE', *, *, #8915, .T. ) ;
#9249 = AXIS2_PLACEMENT_3D ( 'NONE', #5650, #3954, #6549 ) ;
#9250 = PLANE ( 'NONE',  #1228 ) ;
#9251 = DIRECTION ( 'NONE',  ( -0.000000000000000000, -0.000000000000000000, 1.000000000000000000 ) ) ;
#9252 = CARTESIAN_POINT ( 'NONE',  ( -47.50000000000000711, 8.000000000000000000, -9.500000000000001776 ) ) ;
#9253 = ORIENTED_EDGE ( 'NONE', *, *, #4660, .T. ) ;
#9254 = DIRECTION ( 'NONE',  ( 0.000000000000000000, 1.000000000000000000, -0.000000000000000000 ) ) ;
#9255 = ORIENTED_EDGE ( 'NONE', *, *, #5286, .F. ) ;
#9256 = LINE ( 'NONE', #1342, #7100 ) ;
#9257 = LINE ( 'NONE', #2783, #10269 ) ;
#9258 = EDGE_CURVE ( 'NONE', #7117, #4497, #821, .T. ) ;
#9259 = CARTESIAN_POINT ( 'NONE',  ( -52.22340835089975997, 7.205390757595235840, -3.692296232791190125 ) ) ;
#9260 = ORIENTED_EDGE ( 'NONE', *, *, #4147, .F. ) ;
#9261 = CARTESIAN_POINT ( 'NONE',  ( -52.26626415635274014, 7.587819974970893000, -3.963311410493504550 ) ) ;
#9262 = VECTOR ( 'NONE', #3515, 1000.000000000000000 ) ;
#9263 = ADVANCED_FACE ( 'NONE', ( #7233 ), #7122, .F. ) ;
#9264 = CARTESIAN_POINT ( 'NONE',  ( -39.63977263648107652, 0.1999999999999987899, -2.965000000000000302 ) ) ;
#9265 = CARTESIAN_POINT ( 'NONE',  ( 22.35000000000000142, 4.899999999999999467, -10.34999999999999787 ) ) ;
#9266 = ORIENTED_EDGE ( 'NONE', *, *, #7352, .F. ) ;
#9267 = AXIS2_PLACEMENT_3D ( 'NONE', #9657, #6561, #4986 ) ;
#9268 = CIRCLE ( 'NONE', #1685, 0.8500000000000000888 ) ;
#9269 = ORIENTED_EDGE ( 'NONE', *, *, #1415, .F. ) ;
#9270 = CARTESIAN_POINT ( 'NONE',  ( -29.84000000000000341, 6.123958770389134720, 2.892940729108300246 ) ) ;
#9271 = CYLINDRICAL_SURFACE ( 'NONE', #8626, 2.750000000000002665 ) ;
#9272 = EDGE_CURVE ( 'NONE', #2002, #3364, #8573, .T. ) ;
#9273 = ORIENTED_EDGE ( 'NONE', *, *, #3687, .F. ) ;
#9274 = CARTESIAN_POINT ( 'NONE',  ( -29.86274625017408013, 6.159697244918440617, -9.601789551324229066 ) ) ;
#9275 = CARTESIAN_POINT ( 'NONE',  ( -29.84000000000000341, 0.5000000000000004441, 3.315000000000000391 ) ) ;
#9276 = CARTESIAN_POINT ( 'NONE',  ( -52.22340835089975997, 7.205390757595131923, 3.692296232791099975 ) ) ;
#9277 = VECTOR ( 'NONE', #4150, 1000.000000000000000 ) ;
#9278 = DIRECTION ( 'NONE',  ( -0.000000000000000000, 1.000000000000000000, -0.000000000000000000 ) ) ;
#9279 = DIRECTION ( 'NONE',  ( 0.000000000000000000, 1.000000000000000000, -0.000000000000000000 ) ) ;
#9280 = ORIENTED_EDGE ( 'NONE', *, *, #2864, .F. ) ;
#9281 = ORIENTED_EDGE ( 'NONE', *, *, #1215, .T. ) ;
#9282 = EDGE_CURVE ( 'NONE', #6206, #5734, #2473, .T. ) ;
#9283 = DIRECTION ( 'NONE',  ( 1.000000000000000000, -0.000000000000000000, -0.000000000000000000 ) ) ;
#9284 = ORIENTED_EDGE ( 'NONE', *, *, #6847, .F. ) ;
#9285 = CARTESIAN_POINT ( 'NONE',  ( -50.25000000000000711, 10.30000000000000071, -2.449999999999999289 ) ) ;
#9286 = CARTESIAN_POINT ( 'NONE',  ( 6.344920150553301497, 0.2999999999999999889, 10.98972407072588098 ) ) ;
#9287 = ADVANCED_FACE ( 'NONE', ( #8856 ), #4752, .F. ) ;
#9288 = CYLINDRICAL_SURFACE ( 'NONE', #8497, 0.1999999999999987899 ) ;
#9289 = VERTEX_POINT ( 'NONE', #8119 ) ;
#9290 = CARTESIAN_POINT ( 'NONE',  ( -45.19999999999994600, 3.000000000000000000, -14.75000000000000355 ) ) ;
#9291 = ORIENTED_EDGE ( 'NONE', *, *, #3391, .F. ) ;
#9292 = CARTESIAN_POINT ( 'NONE',  ( -8.947521086617219380E-16, 16.00000000000000000, 12.25000000000000355 ) ) ;
#9293 = CIRCLE ( 'NONE', #9631, 0.1999999999999987899 ) ;
#9294 = DIRECTION ( 'NONE',  ( -6.938893903907228378E-15, -1.000000000000000000, 0.000000000000000000 ) ) ;
#9295 = EDGE_LOOP ( 'NONE', ( #1180, #504, #2301, #2326 ) ) ;
#9296 = VERTEX_POINT ( 'NONE', #666 ) ;
#9297 = CARTESIAN_POINT ( 'NONE',  ( -50.25000000000000711, 14.50000000000000000, 0.000000000000000000 ) ) ;
#9298 = CARTESIAN_POINT ( 'NONE',  ( 38.34211819145301803, 0.2505450496179580933, 2.783866831501332850 ) ) ;
#9299 = EDGE_CURVE ( 'NONE', #2612, #3404, #3321, .T. ) ;
#9300 = VECTOR ( 'NONE', #9697, 1000.000000000000000 ) ;
#9301 =( BOUNDED_CURVE ( )  B_SPLINE_CURVE ( 3, ( #7502, #9068, #5821, #9908 ),
 .UNSPECIFIED., .F., .F. ) 
 B_SPLINE_CURVE_WITH_KNOTS ( ( 4, 4 ),
 ( 3.141592653589793116, 4.712388980384690562 ),
 .UNSPECIFIED. ) 
 CURVE ( )  GEOMETRIC_REPRESENTATION_ITEM ( )  RATIONAL_B_SPLINE_CURVE ( ( 1.000000000000000000, 0.8047378541243648264, 0.8047378541243648264, 1.000000000000000000 ) ) 
 REPRESENTATION_ITEM ( '' )  );
#9302 = EDGE_CURVE ( 'NONE', #3726, #6865, #9133, .T. ) ;
#9303 = ORIENTED_EDGE ( 'NONE', *, *, #10392, .F. ) ;
#9304 = CARTESIAN_POINT ( 'NONE',  ( -39.61980179287454717, 0.03950539805616481992, 8.408332963778557101 ) ) ;
#9305 = CARTESIAN_POINT ( 'NONE',  ( 45.25000000000000711, 0.5000000000000000000, -12.24999999999999822 ) ) ;
#9306 = CARTESIAN_POINT ( 'NONE',  ( 0.000000000000000000, 0.1999999999999996503, -9.049999999999998934 ) ) ;
#9307 = ORIENTED_EDGE ( 'NONE', *, *, #9616, .F. ) ;
#9308 = DIRECTION ( 'NONE',  ( 0.000000000000000000, 0.000000000000000000, -1.000000000000000000 ) ) ;
#9309 = AXIS2_PLACEMENT_3D ( 'NONE', #8707, #3801, #10228 ) ;
#9310 = ORIENTED_EDGE ( 'NONE', *, *, #4596, .F. ) ;
#9311 = CARTESIAN_POINT ( 'NONE',  ( -34.00000000000000711, 6.500000000000000888, 0.000000000000000000 ) ) ;
#9312 = AXIS2_PLACEMENT_3D ( 'NONE', #5991, #4906, #3556 ) ;
#9313 = CARTESIAN_POINT ( 'NONE',  ( -53.20100000000002183, 11.35000000000000142, 2.500000000000000444 ) ) ;
#9314 = LINE ( 'NONE', #10057, #6968 ) ;
#9315 = EDGE_CURVE ( 'NONE', #928, #4353, #8799, .T. ) ;
#9316 = ORIENTED_EDGE ( 'NONE', *, *, #8385, .T. ) ;
#9317 = EDGE_LOOP ( 'NONE', ( #9242, #5566, #8137, #810 ) ) ;
#9318 = CIRCLE ( 'NONE', #3091, 5.499999999999985789 ) ;
#9319 = DIRECTION ( 'NONE',  ( 0.000000000000000000, 0.000000000000000000, 1.000000000000000000 ) ) ;
#9320 = AXIS2_PLACEMENT_3D ( 'NONE', #5312, #7633, #2074 ) ;
#9321 = CARTESIAN_POINT ( 'NONE',  ( -45.19999999999999574, 0.000000000000000000, 6.750000000000006217 ) ) ;
#9322 = EDGE_CURVE ( 'NONE', #29, #4325, #9699, .T. ) ;
#9323 = LINE ( 'NONE', #2143, #8361 ) ;
#9324 = ORIENTED_EDGE ( 'NONE', *, *, #7089, .T. ) ;
#9325 = DIRECTION ( 'NONE',  ( 0.000000000000000000, -1.000000000000000000, 0.000000000000000000 ) ) ;
#9326 = DIRECTION ( 'NONE',  ( 0.000000000000000000, -0.000000000000000000, -1.000000000000000000 ) ) ;
#9327 = CARTESIAN_POINT ( 'NONE',  ( -34.33293214504335822, 0.1503201388544083417, 2.769584417859758396 ) ) ;
#9328 = VECTOR ( 'NONE', #6254, 1000.000000000000000 ) ;
#9329 = DIRECTION ( 'NONE',  ( 1.000000000000000000, 0.000000000000000000, 0.000000000000000000 ) ) ;
#9330 = VECTOR ( 'NONE', #4941, 1000.000000000000000 ) ;
#9331 = DIRECTION ( 'NONE',  ( 0.000000000000000000, 0.000000000000000000, -1.000000000000000000 ) ) ;
#9332 = EDGE_CURVE ( 'NONE', #3203, #1976, #1312, .T. ) ;
#9333 = VERTEX_POINT ( 'NONE', #9586 ) ;
#9334 = ORIENTED_EDGE ( 'NONE', *, *, #5433, .T. ) ;
#9335 = AXIS2_PLACEMENT_3D ( 'NONE', #47, #4817, #1680 ) ;
#9336 = DIRECTION ( 'NONE',  ( -0.000000000000000000, 1.000000000000000000, -0.000000000000000000 ) ) ;
#9337 = ADVANCED_FACE ( 'NONE', ( #2414 ), #4698, .F. ) ;
#9338 = CARTESIAN_POINT ( 'NONE',  ( -39.76146882909598901, 0.000000000000000000, -9.049999999999998934 ) ) ;
#9339 = ORIENTED_EDGE ( 'NONE', *, *, #2727, .T. ) ;
#9340 = DIRECTION ( 'NONE',  ( 0.000000000000000000, 0.000000000000000000, 1.000000000000000000 ) ) ;
#9341 = FACE_OUTER_BOUND ( 'NONE', #6290, .T. ) ;
#9342 = DIRECTION ( 'NONE',  ( -0.5000000000000001110, 0.000000000000000000, -0.8660254037844385966 ) ) ;
#9343 = FACE_OUTER_BOUND ( 'NONE', #1284, .T. ) ;
#9344 = CIRCLE ( 'NONE', #248, 1.600000000000000755 ) ;
#9345 = ADVANCED_FACE ( 'NONE', ( #5594 ), #4805, .T. ) ;
#9346 = ORIENTED_EDGE ( 'NONE', *, *, #7598, .F. ) ;
#9347 = VECTOR ( 'NONE', #5663, 1000.000000000000000 ) ;
#9348 = DIRECTION ( 'NONE',  ( -1.000000000000000000, -1.734723475976807292E-15, 2.312964634635744633E-15 ) ) ;
#9349 = ORIENTED_EDGE ( 'NONE', *, *, #5815, .F. ) ;
#9350 = CARTESIAN_POINT ( 'NONE',  ( -52.44547663803059834, 9.669376713961845837, 3.227573038195338029 ) ) ;
#9351 = CARTESIAN_POINT ( 'NONE',  ( 52.75000000000000711, 8.000000000000000000, 9.500000000000001776 ) ) ;
#9352 = ADVANCED_FACE ( 'NONE', ( #9639 ), #4859, .T. ) ;
#9353 = VECTOR ( 'NONE', #4515, 1000.000000000000000 ) ;
#9354 = LINE ( 'NONE', #2919, #4145 ) ;
#9355 = ORIENTED_EDGE ( 'NONE', *, *, #3315, .T. ) ;
#9356 = CARTESIAN_POINT ( 'NONE',  ( 9.519658948938198861, 6.000000000000000000, 10.24999999999999289 ) ) ;
#9357 = DIRECTION ( 'NONE',  ( 1.000000000000000000, 0.000000000000000000, 0.000000000000000000 ) ) ;
#9358 = DIRECTION ( 'NONE',  ( 0.000000000000000000, 1.000000000000000000, -0.000000000000000000 ) ) ;
#9359 = ORIENTED_EDGE ( 'NONE', *, *, #2810, .F. ) ;
#9360 = VECTOR ( 'NONE', #10052, 1000.000000000000000 ) ;
#9361 = ORIENTED_EDGE ( 'NONE', *, *, #2497, .T. ) ;
#9362 = CARTESIAN_POINT ( 'NONE',  ( -20.00000000000001066, 16.00001200000000168, 14.75000000000000355 ) ) ;
#9363 = EDGE_CURVE ( 'NONE', #6564, #9934, #4964, .T. ) ;
#9364 = DIRECTION ( 'NONE',  ( -1.000000000000000000, -1.758281308145593320E-15, 0.000000000000000000 ) ) ;
#9365 = DIRECTION ( 'NONE',  ( 0.000000000000000000, 1.000000000000000000, -0.000000000000000000 ) ) ;
#9366 = ORIENTED_EDGE ( 'NONE', *, *, #6519, .T. ) ;
#9367 = CARTESIAN_POINT ( 'NONE',  ( -52.26934719376641425, 7.421460243081605235, -3.805951680772839740 ) ) ;
#9368 = ORIENTED_EDGE ( 'NONE', *, *, #2883, .F. ) ;
#9369 = DIRECTION ( 'NONE',  ( -0.5000000000001236788, 0.000000000000000000, -0.8660254037843672092 ) ) ;
#9370 =( BOUNDED_CURVE ( )  B_SPLINE_CURVE ( 3, ( #2049, #8348, #7710, #10068 ),
 .UNSPECIFIED., .F., .F. ) 
 B_SPLINE_CURVE_WITH_KNOTS ( ( 4, 4 ),
 ( 3.141592653589793116, 4.712388980384690562 ),
 .UNSPECIFIED. ) 
 CURVE ( )  GEOMETRIC_REPRESENTATION_ITEM ( )  RATIONAL_B_SPLINE_CURVE ( ( 1.000000000000000000, 0.8047378541243648264, 0.8047378541243648264, 1.000000000000000000 ) ) 
 REPRESENTATION_ITEM ( '' )  );
#9371 = DIRECTION ( 'NONE',  ( 0.000000000000000000, 0.000000000000000000, 1.000000000000000000 ) ) ;
#9372 = FACE_OUTER_BOUND ( 'NONE', #1445, .T. ) ;
#9373 = VERTEX_POINT ( 'NONE', #2578 ) ;
#9374 = ORIENTED_EDGE ( 'NONE', *, *, #8001, .F. ) ;
#9375 = LINE ( 'NONE', #2993, #4398 ) ;
#9376 = B_SPLINE_CURVE_WITH_KNOTS ( 'NONE', 3,
 ( #2164, #585, #6092, #1380, #7722, #470, #5202, #2972 ),
 .UNSPECIFIED., .F., .F.,
 ( 4, 2, 2, 4 ),
 ( -3.466145320679912727E-06, 0.0002882777914486012952, 0.0004341497598332372298, 0.0005800217282178731643 ),
 .UNSPECIFIED. ) ;
#9377 = CARTESIAN_POINT ( 'NONE',  ( 0.000000000000000000, 0.5000000000000000000, 2.765000000000000124 ) ) ;
#9378 = FACE_OUTER_BOUND ( 'NONE', #5185, .T. ) ;
#9379 = CARTESIAN_POINT ( 'NONE',  ( 31.70000000000002061, 0.2999999999999999889, 3.098623679425835942 ) ) ;
#9380 = FACE_OUTER_BOUND ( 'NONE', #1965, .T. ) ;
#9381 = ADVANCED_FACE ( 'NONE', ( #139 ), #8226, .F. ) ;
#9382 = CARTESIAN_POINT ( 'NONE',  ( 31.39999999999997726, 0.000000000000000000, -7.530492254602830116 ) ) ;
#9383 = CARTESIAN_POINT ( 'NONE',  ( -31.47472780755320443, 0.2000000000000000111, 8.349999999999997868 ) ) ;
#9384 = LINE ( 'NONE', #2312, #4950 ) ;
#9385 = ORIENTED_EDGE ( 'NONE', *, *, #1673, .T. ) ;
#9386 = ADVANCED_FACE ( 'NONE', ( #9057 ), #1780, .F. ) ;
#9387 = ORIENTED_EDGE ( 'NONE', *, *, #57, .F. ) ;
#9388 = FACE_OUTER_BOUND ( 'NONE', #1892, .T. ) ;
#9389 = DIRECTION ( 'NONE',  ( -1.000000000000000000, -0.000000000000000000, -0.000000000000000000 ) ) ;
#9390 = EDGE_CURVE ( 'NONE', #5126, #432, #8277, .T. ) ;
#9391 = ORIENTED_EDGE ( 'NONE', *, *, #7013, .F. ) ;
#9392 = CARTESIAN_POINT ( 'NONE',  ( 30.95000000000000284, -0.001000000000000024307, -2.350000000000003197 ) ) ;
#9393 = CARTESIAN_POINT ( 'NONE',  ( -34.34233853611036835, 0.1265113557324332449, -20.34067203111825251 ) ) ;
#9394 = DIRECTION ( 'NONE',  ( 0.000000000000000000, 0.000000000000000000, -1.000000000000000000 ) ) ;
#9395 = B_SPLINE_CURVE_WITH_KNOTS ( 'NONE', 3,
 ( #7595, #3573, #6799, #4966 ),
 .UNSPECIFIED., .F., .F.,
 ( 4, 4 ),
 ( 2.710505431213761085E-19, 0.0001077442398752775362 ),
 .UNSPECIFIED. ) ;
#9396 = CARTESIAN_POINT ( 'NONE',  ( 20.65000000000000213, 0.5000000000000004441, -8.849999999999997868 ) ) ;
#9397 = ORIENTED_EDGE ( 'NONE', *, *, #320, .T. ) ;
#9398 = EDGE_CURVE ( 'NONE', #3508, #2102, #5121, .T. ) ;
#9399 = DIRECTION ( 'NONE',  ( 0.000000000000000000, 0.000000000000000000, -1.000000000000000000 ) ) ;
#9400 = ORIENTED_EDGE ( 'NONE', *, *, #3784, .F. ) ;
#9401 = AXIS2_PLACEMENT_3D ( 'NONE', #5824, #8342, #6608 ) ;
#9402 = CARTESIAN_POINT ( 'NONE',  ( 0.000000000000000000, 6.500000000000000888, -6.750000000000000000 ) ) ;
#9403 = CARTESIAN_POINT ( 'NONE',  ( 20.65000000000000213, 4.899999999999999467, 0.000000000000000000 ) ) ;
#9404 = ADVANCED_FACE ( 'NONE', ( #5018 ), #457, .T. ) ;
#9405 = VERTEX_POINT ( 'NONE', #6598 ) ;
#9406 = CARTESIAN_POINT ( 'NONE',  ( -30.13468777611176108, 5.996053361243351532, 2.765035319962515725 ) ) ;
#9407 = VECTOR ( 'NONE', #7898, 1000.000000000000000 ) ;
#9408 = CARTESIAN_POINT ( 'NONE',  ( -8.000000000000008882, 13.00000000000000178, -14.75000000000000178 ) ) ;
#9409 = ORIENTED_EDGE ( 'NONE', *, *, #6383, .F. ) ;
#9410 = ORIENTED_EDGE ( 'NONE', *, *, #10042, .T. ) ;
#9411 = DIRECTION ( 'NONE',  ( 0.000000000000000000, 1.000000000000000000, 0.000000000000000000 ) ) ;
#9412 = CARTESIAN_POINT ( 'NONE',  ( 9.519658948938198861, 6.000000000000000000, 10.25000000000000178 ) ) ;
#9413 = ADVANCED_FACE ( 'NONE', ( #9011 ), #6055, .T. ) ;
#9414 = LINE ( 'NONE', #6894, #7688 ) ;
#9415 = ORIENTED_EDGE ( 'NONE', *, *, #8584, .F. ) ;
#9416 = CARTESIAN_POINT ( 'NONE',  ( -52.26258374208073576, 7.975430471669767485, -4.158469840023967912 ) ) ;
#9417 = VERTEX_POINT ( 'NONE', #2786 ) ;
#9418 = DIRECTION ( 'NONE',  ( 0.000000000000000000, 1.000000000000000000, -0.000000000000000000 ) ) ;
#9419 = EDGE_CURVE ( 'NONE', #2423, #10313, #10004, .T. ) ;
#9420 = CARTESIAN_POINT ( 'NONE',  ( -25.50000000000004263, 11.00000000000000178, -6.805453636524403956E-14 ) ) ;
#9421 = DIRECTION ( 'NONE',  ( 5.139921410301691225E-16, 0.000000000000000000, -1.000000000000000000 ) ) ;
#9422 = VERTEX_POINT ( 'NONE', #8954 ) ;
#9423 = ORIENTED_EDGE ( 'NONE', *, *, #961, .T. ) ;
#9424 = DIRECTION ( 'NONE',  ( 1.000000000000000000, 0.000000000000000000, 0.000000000000000000 ) ) ;
#9425 = DIRECTION ( 'NONE',  ( -1.000000000000000000, 0.000000000000000000, 0.000000000000000000 ) ) ;
#9426 = ORIENTED_EDGE ( 'NONE', *, *, #1579, .F. ) ;
#9427 = CARTESIAN_POINT ( 'NONE',  ( -29.95770030836797915, 6.046579023193680236, -9.361962529587431803 ) ) ;
#9428 = DIRECTION ( 'NONE',  ( 0.000000000000000000, 1.000000000000000000, 0.000000000000000000 ) ) ;
#9429 = CYLINDRICAL_SURFACE ( 'NONE', #2518, 0.7999999999999990452 ) ;
#9430 = VECTOR ( 'NONE', #3734, 1000.000000000000000 ) ;
#9431 = DIRECTION ( 'NONE',  ( -1.000000000000000000, 0.000000000000000000, 0.000000000000000000 ) ) ;
#9432 = ORIENTED_EDGE ( 'NONE', *, *, #9930, .T. ) ;
#9433 = VERTEX_POINT ( 'NONE', #4326 ) ;
#9434 = ADVANCED_FACE ( 'NONE', ( #5862 ), #7393, .T. ) ;
#9435 = AXIS2_PLACEMENT_3D ( 'NONE', #822, #8020, #9540 ) ;
#9436 = DIRECTION ( 'NONE',  ( 0.000000000000000000, 0.000000000000000000, 1.000000000000000000 ) ) ;
#9437 = VECTOR ( 'NONE', #9105, 1000.000000000000000 ) ;
#9438 = DIRECTION ( 'NONE',  ( -1.374038396813312538E-16, 0.000000000000000000, -1.000000000000000000 ) ) ;
#9439 = ORIENTED_EDGE ( 'NONE', *, *, #1829, .F. ) ;
#9440 = CARTESIAN_POINT ( 'NONE',  ( -29.84000000000000341, 6.296018041280833089, -3.315000000000000391 ) ) ;
#9441 = DIRECTION ( 'NONE',  ( 1.000000000000000000, -0.000000000000000000, 5.139921410301691225E-16 ) ) ;
#9442 = DIRECTION ( 'NONE',  ( 0.000000000000000000, 0.000000000000000000, 1.000000000000000000 ) ) ;
#9443 = LINE ( 'NONE', #2214, #6838 ) ;
#9444 = CARTESIAN_POINT ( 'NONE',  ( -20.00000000000001066, 14.50000000000000000, -13.55000000000001670 ) ) ;
#9445 = ORIENTED_EDGE ( 'NONE', *, *, #10408, .F. ) ;
#9446 = DIRECTION ( 'NONE',  ( 0.000000000000000000, 0.000000000000000000, 1.000000000000000000 ) ) ;
#9447 = ORIENTED_EDGE ( 'NONE', *, *, #4571, .T. ) ;
#9448 = EDGE_CURVE ( 'NONE', #4719, #3120, #8009, .T. ) ;
#9449 = DIRECTION ( 'NONE',  ( 0.000000000000000000, 0.000000000000000000, 1.000000000000000000 ) ) ;
#9450 = CARTESIAN_POINT ( 'NONE',  ( -52.25000000000001421, 9.897368276523906161, 3.013815789473676787 ) ) ;
#9451 = ADVANCED_FACE ( 'NONE', ( #1877 ), #981, .F. ) ;
#9452 = ORIENTED_EDGE ( 'NONE', *, *, #7501, .F. ) ;
#9453 = ORIENTED_EDGE ( 'NONE', *, *, #5195, .T. ) ;
#9454 = CARTESIAN_POINT ( 'NONE',  ( 50.24999999999999289, 11.35000000000000142, -1.700000000000000622 ) ) ;
#9455 = DIRECTION ( 'NONE',  ( 0.000000000000000000, 0.000000000000000000, 1.000000000000000000 ) ) ;
#9456 = EDGE_LOOP ( 'NONE', ( #7015, #1167, #2778, #3172 ) ) ;
#9457 = LINE ( 'NONE', #7892, #9703 ) ;
#9458 = EDGE_CURVE ( 'NONE', #3456, #3787, #3422, .T. ) ;
#9459 = PRESENTATION_LAYER_ASSIGNMENT (  '', '', ( #1207 ) ) ;
#9460 = ORIENTED_EDGE ( 'NONE', *, *, #3004, .T. ) ;
#9461 = CARTESIAN_POINT ( 'NONE',  ( 23.22491561756133294, -1.436567878543249790E-15, 2.707147389567235773 ) ) ;
#9462 = LINE ( 'NONE', #2398, #4741 ) ;
#9463 = CARTESIAN_POINT ( 'NONE',  ( 30.95000000000000284, 0.2999999999999999889, -2.350000000000003197 ) ) ;
#9464 = ORIENTED_EDGE ( 'NONE', *, *, #529, .F. ) ;
#9465 = CARTESIAN_POINT ( 'NONE',  ( 30.36281813779379490, 0.02221052063481687364, -7.655038092765988900 ) ) ;
#9466 = EDGE_LOOP ( 'NONE', ( #7882, #2083, #6393, #3891 ) ) ;
#9467 = DIRECTION ( 'NONE',  ( 1.927470528863116189E-15, 0.000000000000000000, 1.000000000000000000 ) ) ;
#9468 = AXIS2_PLACEMENT_3D ( 'NONE', #6295, #3862, #2380 ) ;
#9469 = CARTESIAN_POINT ( 'NONE',  ( -19.99999999999993960, 11.00000000000000178, -1.067522139062646364E-13 ) ) ;
#9470 = DIRECTION ( 'NONE',  ( -1.000000000000000000, 0.000000000000000000, 0.000000000000000000 ) ) ;
#9471 = EDGE_CURVE ( 'NONE', #8780, #5647, #4215, .T. ) ;
#9472 = ORIENTED_EDGE ( 'NONE', *, *, #8779, .F. ) ;
#9473 = EDGE_CURVE ( 'NONE', #8245, #6231, #10395, .T. ) ;
#9474 = ORIENTED_EDGE ( 'NONE', *, *, #288, .T. ) ;
#9475 = CARTESIAN_POINT ( 'NONE',  ( 9.519658948938198861, 6.000000000000000000, 12.25000000000000178 ) ) ;
#9476 = CIRCLE ( 'NONE', #6291, 6.166261152084816288 ) ;
#9477 = DIRECTION ( 'NONE',  ( -0.000000000000000000, 0.000000000000000000, 1.000000000000000000 ) ) ;
#9478 = DIRECTION ( 'NONE',  ( 1.000000000000000000, 0.000000000000000000, 0.000000000000000000 ) ) ;
#9479 = ORIENTED_EDGE ( 'NONE', *, *, #3009, .F. ) ;
#9480 = CARTESIAN_POINT ( 'NONE',  ( -31.51661123066064363, 3.000000000000000000, -20.34067203111825251 ) ) ;
#9481 = VECTOR ( 'NONE', #2812, 1000.000000000000000 ) ;
#9482 = CARTESIAN_POINT ( 'NONE',  ( -39.53506879479627401, 0.1999999999999987899, -2.765000000000000124 ) ) ;
#9483 = DIRECTION ( 'NONE',  ( -1.000000000000000000, 0.000000000000000000, 0.000000000000000000 ) ) ;
#9484 = DIRECTION ( 'NONE',  ( -0.000000000000000000, -1.000000000000000000, -0.000000000000000000 ) ) ;
#9485 = VECTOR ( 'NONE', #6994, 1000.000000000000000 ) ;
#9486 = CARTESIAN_POINT ( 'NONE',  ( -44.75000000002182787, 5.500000000000000000, 9.500000000002728484 ) ) ;
#9487 = ORIENTED_EDGE ( 'NONE', *, *, #9272, .F. ) ;
#9488 = AXIS2_PLACEMENT_3D ( 'NONE', #6308, #10414, #644 ) ;
#9489 = ORIENTED_EDGE ( 'NONE', *, *, #5680, .F. ) ;
#9490 = CARTESIAN_POINT ( 'NONE',  ( 22.80788180854702318, 0.2999999999999999889, 1.484828725824713480 ) ) ;
#9491 = AXIS2_PLACEMENT_3D ( 'NONE', #66, #8207, #960 ) ;
#9492 = CYLINDRICAL_SURFACE ( 'NONE', #143, 0.2000000000000000944 ) ;
#9493 = ORIENTED_EDGE ( 'NONE', *, *, #35, .F. ) ;
#9494 = AXIS2_PLACEMENT_3D ( 'NONE', #467, #2858, #2162 ) ;
#9495 = DIRECTION ( 'NONE',  ( -0.000000000000000000, 1.000000000000000000, -0.000000000000000000 ) ) ;
#9496 = LINE ( 'NONE', #7250, #2256 ) ;
#9497 = CARTESIAN_POINT ( 'NONE',  ( -45.19999999999996021, 3.000000000000000000, 11.75000000000000711 ) ) ;
#9498 = DIRECTION ( 'NONE',  ( -0.000000000000000000, -1.000000000000000000, 0.000000000000000000 ) ) ;
#9499 = ORIENTED_EDGE ( 'NONE', *, *, #2752, .F. ) ;
#9500 = AXIS2_PLACEMENT_3D ( 'NONE', #5608, #1742, #2435 ) ;
#9501 = ORIENTED_EDGE ( 'NONE', *, *, #2216, .T. ) ;
#9502 = AXIS2_PLACEMENT_3D ( 'NONE', #3330, #1629, #4870 ) ;
#9503 = VECTOR ( 'NONE', #8509, 1000.000000000000000 ) ;
#9504 = CARTESIAN_POINT ( 'NONE',  ( -52.40568058483292901, 7.315219914338405793, 3.641416195902962283 ) ) ;
#9505 = CARTESIAN_POINT ( 'NONE',  ( -52.45000000000001705, 8.400000000000000355, 2.925000000000030465 ) ) ;
#9506 = ORIENTED_EDGE ( 'NONE', *, *, #2298, .T. ) ;
#9507 = ORIENTED_EDGE ( 'NONE', *, *, #4250, .F. ) ;
#9508 = CARTESIAN_POINT ( 'NONE',  ( -47.19749843554385649, 14.50000000000000000, 13.25000000000000178 ) ) ;
#9509 = CIRCLE ( 'NONE', #2265, 4.341174913715429184 ) ;
#9510 = EDGE_CURVE ( 'NONE', #3327, #98, #2986, .T. ) ;
#9511 = DIRECTION ( 'NONE',  ( -0.000000000000000000, 1.000000000000000000, -0.000000000000000000 ) ) ;
#9512 = VECTOR ( 'NONE', #732, 1000.000000000000000 ) ;
#9513 = CARTESIAN_POINT ( 'NONE',  ( 35.21143789659458179, 0.000000000000000000, 0.6299575590043866580 ) ) ;
#9514 = EDGE_LOOP ( 'NONE', ( #6972, #1759, #3856, #4355 ) ) ;
#9515 = EDGE_CURVE ( 'NONE', #7415, #8032, #2846, .T. ) ;
#9516 = ADVANCED_FACE ( 'NONE', ( #5221 ), #1239, .T. ) ;
#9517 = ORIENTED_EDGE ( 'NONE', *, *, #1299, .T. ) ;
#9518 = CARTESIAN_POINT ( 'NONE',  ( 51.95000000000000284, 13.00000000000000178, 4.000000000000000000 ) ) ;
#9519 = CIRCLE ( 'NONE', #3973, 1.500000000000000888 ) ;
#9520 = CARTESIAN_POINT ( 'NONE',  ( 0.000000000000000000, 11.00000000000000178, 4.000000000000000000 ) ) ;
#9521 = DIRECTION ( 'NONE',  ( -1.000000000000000000, 0.000000000000000000, 7.485322442186879976E-17 ) ) ;
#9522 = ORIENTED_EDGE ( 'NONE', *, *, #9802, .T. ) ;
#9523 = CARTESIAN_POINT ( 'NONE',  ( -52.20411310831038776, 8.951678408958404276, -4.174880509859825395 ) ) ;
#9524 = ORIENTED_EDGE ( 'NONE', *, *, #2358, .F. ) ;
#9525 = FACE_OUTER_BOUND ( 'NONE', #8451, .T. ) ;
#9526 = ADVANCED_FACE ( 'NONE', ( #10150 ), #8427, .F. ) ;
#9527 = VECTOR ( 'NONE', #5653, 1000.000000000000000 ) ;
#9528 = B_SPLINE_CURVE_WITH_KNOTS ( 'NONE', 3,
 ( #1511, #7914, #2359, #9641, #8749, #4806 ),
 .UNSPECIFIED., .F., .F.,
 ( 4, 2, 4 ),
 ( 0.000000000000000000, 0.0003762168376258460348, 0.0007524336752516920697 ),
 .UNSPECIFIED. ) ;
#9529 = DIRECTION ( 'NONE',  ( 2.775557561562884725E-14, 0.000000000000000000, 1.000000000000000000 ) ) ;
#9530 = DIRECTION ( 'NONE',  ( 0.000000000000000000, -1.000000000000000000, 0.000000000000000000 ) ) ;
#9531 = ORIENTED_EDGE ( 'NONE', *, *, #9038, .F. ) ;
#9532 = EDGE_CURVE ( 'NONE', #4974, #6943, #4529, .T. ) ;
#9533 = ORIENTED_EDGE ( 'NONE', *, *, #8014, .T. ) ;
#9534 = LINE ( 'NONE', #7283, #5752 ) ;
#9535 = LINE ( 'NONE', #2304, #873 ) ;
#9536 = CARTESIAN_POINT ( 'NONE',  ( 50.25000000000000000, 11.00000000000000178, 0.000000000000000000 ) ) ;
#9537 = CIRCLE ( 'NONE', #6327, 2.750000000000000888 ) ;
#9538 = EDGE_LOOP ( 'NONE', ( #6523, #1459, #3803, #8821 ) ) ;
#9539 = DIRECTION ( 'NONE',  ( 0.000000000000000000, 1.000000000000000000, 0.000000000000000000 ) ) ;
#9540 = DIRECTION ( 'NONE',  ( 0.000000000000000000, 0.000000000000000000, 1.000000000000000000 ) ) ;
#9541 = CARTESIAN_POINT ( 'NONE',  ( -25.50000000000001066, 13.00000000000000178, 12.25000000000000178 ) ) ;
#9542 = EDGE_CURVE ( 'NONE', #7050, #1290, #6896, .T. ) ;
#9543 = CARTESIAN_POINT ( 'NONE',  ( 20.65000000000000213, 4.900000000000001243, -12.25000000000000178 ) ) ;
#9544 = DIRECTION ( 'NONE',  ( 0.000000000000000000, 1.000000000000000000, -0.000000000000000000 ) ) ;
#9545 = CARTESIAN_POINT ( 'NONE',  ( 20.65000000000000213, 6.500000000000000888, -10.25000000000000000 ) ) ;
#9546 = ORIENTED_EDGE ( 'NONE', *, *, #9473, .F. ) ;
#9547 = ORIENTED_EDGE ( 'NONE', *, *, #5744, .T. ) ;
#9548 = FACE_OUTER_BOUND ( 'NONE', #7546, .T. ) ;
#9549 = DIRECTION ( 'NONE',  ( -0.000000000000000000, -1.000000000000000000, -0.000000000000000000 ) ) ;
#9550 = ADVANCED_FACE ( 'NONE', ( #7852 ), #6949, .T. ) ;
#9551 = ORIENTED_EDGE ( 'NONE', *, *, #3425, .F. ) ;
#9552 = FACE_BOUND ( 'NONE', #7064, .T. ) ;
#9553 = DIRECTION ( 'NONE',  ( -0.000000000000000000, -1.000000000000000000, 0.000000000000000000 ) ) ;
#9554 = LINE ( 'NONE', #3861, #2788 ) ;
#9555 = CYLINDRICAL_SURFACE ( 'NONE', #2904, 2.999999999999999112 ) ;
#9556 = ORIENTED_EDGE ( 'NONE', *, *, #4244, .F. ) ;
#9557 = EDGE_CURVE ( 'NONE', #10319, #5883, #6012, .T. ) ;
#9558 = ORIENTED_EDGE ( 'NONE', *, *, #4134, .F. ) ;
#9559 = CARTESIAN_POINT ( 'NONE',  ( -52.40568058483292901, 9.484780085661595805, 3.641416195902957398 ) ) ;
#9560 = ORIENTED_EDGE ( 'NONE', *, *, #1160, .F. ) ;
#9561 = VERTEX_POINT ( 'NONE', #6165 ) ;
#9562 = CARTESIAN_POINT ( 'NONE',  ( -52.38110278637030603, 9.366366140756404945, -3.820715728817352552 ) ) ;
#9563 = PLANE ( 'NONE',  #2449 ) ;
#9564 = CARTESIAN_POINT ( 'NONE',  ( 20.65000000000000213, -29.13279938488576448, 8.349999999999997868 ) ) ;
#9565 = VERTEX_POINT ( 'NONE', #10261 ) ;
#9566 = VECTOR ( 'NONE', #2892, 1000.000000000000114 ) ;
#9567 = ORIENTED_EDGE ( 'NONE', *, *, #1205, .T. ) ;
#9568 = EDGE_CURVE ( 'NONE', #9565, #3326, #9241, .T. ) ;
#9569 = CARTESIAN_POINT ( 'NONE',  ( 25.85635347795579975, 0.2999999999999999889, -0.2752072131253918696 ) ) ;
#9570 = CARTESIAN_POINT ( 'NONE',  ( 30.19999999999998153, 0.2999999999999999889, -7.798623679425841893 ) ) ;
#9571 = CYLINDRICAL_SURFACE ( 'NONE', #8524, 0.5999999999999998668 ) ;
#9572 = ORIENTED_EDGE ( 'NONE', *, *, #6609, .F. ) ;
#9573 = CARTESIAN_POINT ( 'NONE',  ( 50.24999999999999289, 11.35000000000000142, -1.700000000000000622 ) ) ;
#9574 = VECTOR ( 'NONE', #7742, 1000.000000000000000 ) ;
#9575 = ORIENTED_EDGE ( 'NONE', *, *, #3297, .F. ) ;
#9576 = LINE ( 'NONE', #2344, #8151 ) ;
#9577 = CARTESIAN_POINT ( 'NONE',  ( -39.63977263648107652, 0.2000000000000000111, 2.765000000000000124 ) ) ;
#9578 = LINE ( 'NONE', #7061, #8657 ) ;
#9579 = ORIENTED_EDGE ( 'NONE', *, *, #876, .F. ) ;
#9580 = VECTOR ( 'NONE', #10019, 1000.000000000000000 ) ;
#9581 = EDGE_LOOP ( 'NONE', ( #4637, #3505, #53, #3335 ) ) ;
#9582 = ADVANCED_FACE ( 'NONE', ( #1398 ), #1189, .T. ) ;
#9583 = DIRECTION ( 'NONE',  ( 0.000000000000000000, 1.000000000000000000, 0.000000000000000000 ) ) ;
#9584 = CARTESIAN_POINT ( 'NONE',  ( 31.53718186220615749, 0.02221052063481854244, -7.655038092765999558 ) ) ;
#9585 = ORIENTED_EDGE ( 'NONE', *, *, #2035, .F. ) ;
#9586 = CARTESIAN_POINT ( 'NONE',  ( 50.99857113690718080, 11.00000000000000178, 12.25000000000000711 ) ) ;
#9587 = LINE ( 'NONE', #6439, #2192 ) ;
#9588 = LINE ( 'NONE', #6494, #7738 ) ;
#9589 = EDGE_CURVE ( 'NONE', #8572, #800, #1346, .T. ) ;
#9590 = CARTESIAN_POINT ( 'NONE',  ( -51.95000000000000995, 8.400000000000000355, -2.449999999999999734 ) ) ;
#9591 = APPLICATION_CONTEXT ( 'automotive_design' ) ;
#9592 = DIRECTION ( 'NONE',  ( -0.000000000000000000, -0.000000000000000000, 1.000000000000000000 ) ) ;
#9593 = CARTESIAN_POINT ( 'NONE',  ( -2.000000000000008882, 13.00000000000000178, 13.85000000000018971 ) ) ;
#9594 = VERTEX_POINT ( 'NONE', #6852 ) ;
#9595 = ORIENTED_EDGE ( 'NONE', *, *, #1099, .T. ) ;
#9596 = ADVANCED_FACE ( 'NONE', ( #2184 ), #7843, .T. ) ;
#9597 = B_SPLINE_CURVE_WITH_KNOTS ( 'NONE', 3,
 ( #3357, #6582, #5795, #8997 ),
 .UNSPECIFIED., .F., .F.,
 ( 4, 4 ),
 ( 1.084202172485504434E-19, 8.053029081881113395E-05 ),
 .UNSPECIFIED. ) ;
#9598 = CARTESIAN_POINT ( 'NONE',  ( -34.34233853611036835, 0.1265113557324332449, -20.34067203111825251 ) ) ;
#9599 = DIRECTION ( 'NONE',  ( -0.000000000000000000, -1.000000000000000000, -0.000000000000000000 ) ) ;
#9600 = ORIENTED_EDGE ( 'NONE', *, *, #6114, .T. ) ;
#9601 = CLOSED_SHELL ( 'NONE', ( #5231, #4376, #7351, #5658, #6207, #4068, #10059, #1786, #2572, #6204, #8936, #9005, #5720, #7268, #8079, #9136, #579, #9345, #5870, #5563, #9144, #5585, #4705, #8783, #2724, #3553, #3497, #1941, #2877, #2641, #6522, #9067, #5027, #1388, #3107, #6324, #1521, #7282, #3487, #5377, #7476, #8123, #9526, #6193, #7986, #6735, #8355, #9381, #4188, #6891, #3414, #3741, #7662, #608, #110, #9819, #2323, #8759, #2085, #8052, #2291, #633, #2636, #6390, #358, #1353, #1435, #5985, #9337, #6447, #7052, #6534, #1849, #3032, #9386, #9582, #6495, #1132, #10121, #8886, #4873, #6765, #8376, #5347, #3912, #6262, #8944, #9263, #5609, #2999, #884, #4061, #5919, #5370, #7680, #7999, #2908, #7622, #5622, #2848, #3852, #3818, #4733, #4520, #5159, #4556, #6048, #4889, #6700, #6034, #6133, #8978, #2571, #3666, #10288, #1515, #9287, #10038, #9352, #4507, #10193, #8993, #9434, #3798, #1256, #3589, #8710, #6169, #9516, #3711, #8699, #6425, #3602, #7783, #1948, #8638, #5822, #6946, #8716, #1052, #2235, #8755, #9711, #2440, #9596, #7608, #7215, #8438, #9413, #8501, #421, #5248, #8259, #3656, #103, #8343, #4088, #6682, #2026, #8461, #6347, #7993, #970, #3460, #6974, #6249, #1927, #4428, #3983, #6242, #6019, #10307, #7133, #2581, #10250, #6154, #1903, #853, #7862, #5603, #113, #2105, #3679, #1528, #3431, #1726, #164, #1063, #166, #4915, #8619, #4690, #9451, #6269, #10238, #4544, #6623, #7366, #9033, #8360, #2229, #2264, #1886, #5735, #6539, #8130, #10368, #9724, #5844, #9229, #8181, #6776, #4830, #9988, #10427, #1703, #7947, #8228, #8445, #681, #7289, #7039, #8336, #1181, #7155, #1581, #9204, #1756, #2708, #4276, #2690, #559, #8164, #8213, #2315, #5035, #5761, #4632, #1712, #9404, #8930, #5241, #3353, #7675, #6668, #307, #296, #445, #2816, #8659, #4319, #6119, #9769, #3016, #724, #4648, #2355, #4441, #3732, #1483, #9190, #8148, #2781, #7714, #6500, #5964, #738, #5954, #4329, #10091, #2758, #5537, #8481, #8948, #9550, #974, #3878, #3895, #5093, #6374, #10179, #7179, #1594, #5809, #2367, #3152, #9894, #3623, #4387, #7663, #4774, #6079, #3534, #1994, #1983, #8797, #2970, #3728, #3179, #10231, #5261, #4202, #1838, #2202, #6770, #3630, #2833, #1571, #9984 ) ) ;
#9602 = FACE_BOUND ( 'NONE', #2382, .T. ) ;
#9603 = CIRCLE ( 'NONE', #2704, 0.1999999999999987899 ) ;
#9604 = CARTESIAN_POINT ( 'NONE',  ( -52.25000000000001421, 6.800000000000000711, 2.449999999999999289 ) ) ;
#9605 = EDGE_LOOP ( 'NONE', ( #9663, #5194, #3991, #896, #4366, #1218, #1826, #125 ) ) ;
#9606 = DIRECTION ( 'NONE',  ( -5.782411586589358033E-15, 0.000000000000000000, 1.000000000000000000 ) ) ;
#9607 = CARTESIAN_POINT ( 'NONE',  ( 3.614232777074994810E-13, 13.00000000000000178, -13.54999999999995097 ) ) ;
#9608 = EDGE_LOOP ( 'NONE', ( #5549, #2653 ) ) ;
#9609 = ORIENTED_EDGE ( 'NONE', *, *, #9834, .T. ) ;
#9610 = EDGE_CURVE ( 'NONE', #4090, #4760, #4790, .T. ) ;
#9611 = VECTOR ( 'NONE', #5975, 1000.000000000000000 ) ;
#9612 = AXIS2_PLACEMENT_3D ( 'NONE', #982, #3424, #8227 ) ;
#9613 = VECTOR ( 'NONE', #5477, 1000.000000000000000 ) ;
#9614 = DIRECTION ( 'NONE',  ( -0.000000000000000000, -1.000000000000000000, 0.000000000000000000 ) ) ;
#9615 = ORIENTED_EDGE ( 'NONE', *, *, #7942, .F. ) ;
#9616 = EDGE_CURVE ( 'NONE', #4881, #5967, #3990, .T. ) ;
#9617 = DIRECTION ( 'NONE',  ( 0.8660254037844380415, 0.000000000000000000, -0.5000000000000009992 ) ) ;
#9618 = CARTESIAN_POINT ( 'NONE',  ( -52.40568058483291480, 9.484780085661503435, -3.641416195903036890 ) ) ;
#9619 = CIRCLE ( 'NONE', #340, 2.750000000000007550 ) ;
#9620 = CARTESIAN_POINT ( 'NONE',  ( -29.84000000000000341, 6.296018041280833089, 3.064999999999999947 ) ) ;
#9621 = ORIENTED_EDGE ( 'NONE', *, *, #10154, .F. ) ;
#9622 = ORIENTED_EDGE ( 'NONE', *, *, #9865, .T. ) ;
#9623 = CYLINDRICAL_SURFACE ( 'NONE', #5418, 0.1999999999999987899 ) ;
#9624 = LINE ( 'NONE', #5629, #6594 ) ;
#9625 = CYLINDRICAL_SURFACE ( 'NONE', #8692, 0.3706384263718887073 ) ;
#9626 = ORIENTED_EDGE ( 'NONE', *, *, #8215, .F. ) ;
#9627 = CARTESIAN_POINT ( 'NONE',  ( -52.26931696081980050, 9.377994522194210703, -3.806794915005543345 ) ) ;
#9628 = EDGE_LOOP ( 'NONE', ( #3287, #9128, #1554, #6950, #4119, #9043 ) ) ;
#9629 = DIRECTION ( 'NONE',  ( 1.000000000000000000, -0.000000000000000000, -0.000000000000000000 ) ) ;
#9630 = EDGE_CURVE ( 'NONE', #9933, #324, #4039, .T. ) ;
#9631 = AXIS2_PLACEMENT_3D ( 'NONE', #6223, #3683, #6022 ) ;
#9632 = DIRECTION ( 'NONE',  ( 0.000000000000000000, 0.000000000000000000, -1.000000000000000000 ) ) ;
#9633 = CARTESIAN_POINT ( 'NONE',  ( -47.50000000000000711, 5.500000000000000000, -9.500000000000001776 ) ) ;
#9634 = EDGE_LOOP ( 'NONE', ( #8239, #8720, #7193, #317 ) ) ;
#9635 = ORIENTED_EDGE ( 'NONE', *, *, #3634, .T. ) ;
#9636 = FACE_OUTER_BOUND ( 'NONE', #10255, .T. ) ;
#9637 = CARTESIAN_POINT ( 'NONE',  ( 23.84999999999998366, 4.899999999999999467, 4.355068937057558623E-14 ) ) ;
#9638 = EDGE_LOOP ( 'NONE', ( #4203, #6018, #10085, #9232 ) ) ;
#9639 = FACE_OUTER_BOUND ( 'NONE', #4798, .T. ) ;
#9640 = VECTOR ( 'NONE', #4768, 1000.000000000000000 ) ;
#9641 = CARTESIAN_POINT ( 'NONE',  ( -52.24737880384225974, 6.961238601352045308, -3.256771301096196503 ) ) ;
#9642 = LINE ( 'NONE', #8071, #3363 ) ;
#9643 = DIRECTION ( 'NONE',  ( 0.000000000000000000, 0.000000000000000000, 1.000000000000000000 ) ) ;
#9644 = EDGE_CURVE ( 'NONE', #4325, #2874, #6627, .T. ) ;
#9645 = CARTESIAN_POINT ( 'NONE',  ( -34.34233853611036835, 0.1265113557324328841, 8.363990808926773823 ) ) ;
#9646 = DIRECTION ( 'NONE',  ( -1.000000000000000000, -0.000000000000000000, -0.000000000000000000 ) ) ;
#9647 = EDGE_LOOP ( 'NONE', ( #7470, #4307, #1914, #5135 ) ) ;
#9648 = AXIS2_PLACEMENT_3D ( 'NONE', #826, #4064, #1675 ) ;
#9649 = EDGE_LOOP ( 'NONE', ( #9799, #3674, #6875, #8389 ) ) ;
#9650 =( BOUNDED_CURVE ( )  B_SPLINE_CURVE ( 3, ( #2809, #1906, #10127, #1164 ),
 .UNSPECIFIED., .F., .F. ) 
 B_SPLINE_CURVE_WITH_KNOTS ( ( 4, 4 ),
 ( 3.168137486254775315, 4.712388980384687898 ),
 .UNSPECIFIED. ) 
 CURVE ( )  GEOMETRIC_REPRESENTATION_ITEM ( )  RATIONAL_B_SPLINE_CURVE ( ( 1.000000000000000000, 0.8109528274920966284, 0.8109528274920966284, 1.000000000000000000 ) ) 
 REPRESENTATION_ITEM ( '' )  );
#9651 = EDGE_CURVE ( 'NONE', #3430, #5361, #4901, .T. ) ;
#9652 = EDGE_CURVE ( 'NONE', #2610, #5601, #570, .T. ) ;
#9653 = LINE ( 'NONE', #5604, #6822 ) ;
#9654 = DIRECTION ( 'NONE',  ( 0.000000000000000000, 1.000000000000000000, 0.000000000000000000 ) ) ;
#9655 = ORIENTED_EDGE ( 'NONE', *, *, #7031, .F. ) ;
#9656 = LINE ( 'NONE', #2434, #9347 ) ;
#9657 = CARTESIAN_POINT ( 'NONE',  ( 41.25000000000000711, 8.000000000000000000, 8.250000000000001776 ) ) ;
#9658 = EDGE_CURVE ( 'NONE', #1158, #9109, #863, .T. ) ;
#9659 = VERTEX_POINT ( 'NONE', #3250 ) ;
#9660 = FACE_OUTER_BOUND ( 'NONE', #5287, .T. ) ;
#9661 = CIRCLE ( 'NONE', #2066, 9.000000000000012434 ) ;
#9662 = CARTESIAN_POINT ( 'NONE',  ( -29.96003882983036348, 6.000690477496230635, 3.610327563784602400 ) ) ;
#9663 = ORIENTED_EDGE ( 'NONE', *, *, #9681, .F. ) ;
#9664 = ORIENTED_EDGE ( 'NONE', *, *, #8957, .F. ) ;
#9665 = EDGE_CURVE ( 'NONE', #4210, #1609, #4097, .T. ) ;
#9666 = AXIS2_PLACEMENT_3D ( 'NONE', #9202, #2018, #8622 ) ;
#9667 = DIRECTION ( 'NONE',  ( -1.000000000000000000, 0.000000000000000000, 4.476705744456300993E-16 ) ) ;
#9668 = VECTOR ( 'NONE', #962, 1000.000000000000000 ) ;
#9669 = EDGE_LOOP ( 'NONE', ( #7588, #5684, #2647, #6042 ) ) ;
#9670 = CARTESIAN_POINT ( 'NONE',  ( -52.45000000000001705, 9.697719172987385505, 3.001973684210523796 ) ) ;
#9671 = CARTESIAN_POINT ( 'NONE',  ( -31.47472780755320443, 0.08284271247461899579, 2.764999999999999680 ) ) ;
#9672 = CARTESIAN_POINT ( 'NONE',  ( 7.094920150553321925, 0.5000000000000000000, 12.28876217640254964 ) ) ;
#9673 = EDGE_CURVE ( 'NONE', #3326, #5941, #3036, .T. ) ;
#9674 = CARTESIAN_POINT ( 'NONE',  ( -52.41872069990385796, 9.547606358319624675, -3.546286172565188188 ) ) ;
#9675 = VECTOR ( 'NONE', #7467, 1000.000000000000114 ) ;
#9676 = CARTESIAN_POINT ( 'NONE',  ( 30.95000000000000284, 0.2999999999999999889, -2.350000000000003197 ) ) ;
#9677 = ORIENTED_EDGE ( 'NONE', *, *, #10364, .T. ) ;
#9678 = VECTOR ( 'NONE', #461, 1000.000000000000000 ) ;
#9679 = VECTOR ( 'NONE', #2910, 1000.000000000000000 ) ;
#9680 = ORIENTED_EDGE ( 'NONE', *, *, #10077, .F. ) ;
#9681 = EDGE_CURVE ( 'NONE', #2413, #4356, #6391, .T. ) ;
#9682 = CARTESIAN_POINT ( 'NONE',  ( 20.66000000000000369, 0.5000000000000004441, -3.496525562310325940E-15 ) ) ;
#9683 = FACE_BOUND ( 'NONE', #2541, .T. ) ;
#9684 = LINE ( 'NONE', #3143, #10206 ) ;
#9685 = VECTOR ( 'NONE', #4388, 1000.000000000000000 ) ;
#9686 = ORIENTED_EDGE ( 'NONE', *, *, #843, .F. ) ;
#9687 = CARTESIAN_POINT ( 'NONE',  ( -52.33850472028424861, 8.613676031935890265, -4.211750111036876021 ) ) ;
#9688 = CARTESIAN_POINT ( 'NONE',  ( -53.20000000000000284, 14.60000000000001386, 6.749999999999950262 ) ) ;
#9689 = CARTESIAN_POINT ( 'NONE',  ( 36.02951162706818167, 0.2077789836488272701, -0.2703496250802327472 ) ) ;
#9690 = DIRECTION ( 'NONE',  ( -0.000000000000000000, -0.000000000000000000, -1.000000000000000000 ) ) ;
#9691 = AXIS2_PLACEMENT_3D ( 'NONE', #9497, #5403, #8717 ) ;
#9692 = VERTEX_POINT ( 'NONE', #10312 ) ;
#9693 = AXIS2_PLACEMENT_3D ( 'NONE', #1125, #4358, #1173 ) ;
#9694 = EDGE_CURVE ( 'NONE', #6459, #9561, #3090, .T. ) ;
#9695 = ORIENTED_EDGE ( 'NONE', *, *, #5299, .T. ) ;
#9696 = LINE ( 'NONE', #5435, #5244 ) ;
#9697 = DIRECTION ( 'NONE',  ( -1.826024711554533223E-15, 0.000000000000000000, 1.000000000000000000 ) ) ;
#9698 = VERTEX_POINT ( 'NONE', #5058 ) ;
#9699 = LINE ( 'NONE', #10387, #8402 ) ;
#9700 = CIRCLE ( 'NONE', #5170, 0.2000000000000002331 ) ;
#9701 = DIRECTION ( 'NONE',  ( -1.000000000000000000, 0.000000000000000000, 0.000000000000000000 ) ) ;
#9702 = DIRECTION ( 'NONE',  ( 0.000000000000000000, 0.000000000000000000, -1.000000000000000000 ) ) ;
#9703 = VECTOR ( 'NONE', #3876, 1000.000000000000000 ) ;
#9704 = FACE_BOUND ( 'NONE', #8828, .T. ) ;
#9705 = CARTESIAN_POINT ( 'NONE',  ( -31.44101788930268171, 2.721234519427554233, -3.615000000000000213 ) ) ;
#9706 = DIRECTION ( 'NONE',  ( 0.000000000000000000, 1.000000000000000000, 0.000000000000000000 ) ) ;
#9707 = ORIENTED_EDGE ( 'NONE', *, *, #9880, .T. ) ;
#9708 = VERTEX_POINT ( 'NONE', #8941 ) ;
#9709 = VECTOR ( 'NONE', #4679, 1000.000000000000000 ) ;
#9710 = CARTESIAN_POINT ( 'NONE',  ( -30.14000000000001123, 6.296018041280833089, -20.34067203111825251 ) ) ;
#9711 = ADVANCED_FACE ( 'NONE', ( #5896 ), #1357, .T. ) ;
#9712 = CARTESIAN_POINT ( 'NONE',  ( -53.20100000000002183, 11.35000000000000142, -1.700000000000000622 ) ) ;
#9713 = DIRECTION ( 'NONE',  ( 0.000000000000000000, 0.000000000000000000, 1.000000000000000000 ) ) ;
#9714 = ORIENTED_EDGE ( 'NONE', *, *, #8556, .F. ) ;
#9715 = CARTESIAN_POINT ( 'NONE',  ( -3.469693845669879817, 14.50000000000000000, -13.55000000000001670 ) ) ;
#9716 = CARTESIAN_POINT ( 'NONE',  ( 22.80788180854699476, 0.2999999999999999889, -6.184828725824678131 ) ) ;
#9718 = EDGE_CURVE ( 'NONE', #4394, #4497, #4948, .T. ) ;
#9717 = EDGE_LOOP ( 'NONE', ( #1320, #3554, #10230, #10096 ) ) ;
#9719 = FACE_OUTER_BOUND ( 'NONE', #6603, .T. ) ;
#9720 =( BOUNDED_CURVE ( )  B_SPLINE_CURVE ( 3, ( #1636, #7144, #9662, #3123 ),
 .UNSPECIFIED., .F., .F. ) 
 B_SPLINE_CURVE_WITH_KNOTS ( ( 4, 4 ),
 ( 4.712388980384691450, 6.256640474514465033 ),
 .UNSPECIFIED. ) 
 CURVE ( )  GEOMETRIC_REPRESENTATION_ITEM ( )  RATIONAL_B_SPLINE_CURVE ( ( 1.000000000000000000, 0.8109528274921290469, 0.8109528274921290469, 1.000000000000000000 ) ) 
 REPRESENTATION_ITEM ( '' )  );
#9721 = DIRECTION ( 'NONE',  ( 1.000000000000000000, 0.000000000000000000, 0.000000000000000000 ) ) ;
#9722 = VERTEX_POINT ( 'NONE', #9888 ) ;
#9723 = VERTEX_POINT ( 'NONE', #4313 ) ;
#9724 = ADVANCED_FACE ( 'NONE', ( #8262 ), #7479, .T. ) ;
#9725 = ORIENTED_EDGE ( 'NONE', *, *, #13, .T. ) ;
#9726 = FACE_OUTER_BOUND ( 'NONE', #7055, .T. ) ;
#9727 = CARTESIAN_POINT ( 'NONE',  ( -51.25000000000001421, 14.50000000000000000, 0.000000000000000000 ) ) ;
#9728 = DIRECTION ( 'NONE',  ( 1.000000000000000000, 0.000000000000000000, 0.000000000000000000 ) ) ;
#9729 = EDGE_CURVE ( 'NONE', #8101, #9026, #229, .T. ) ;
#9730 = CARTESIAN_POINT ( 'NONE',  ( 2.760212650556410866E-16, 8.000000000000000000, -14.75000000000000355 ) ) ;
#9731 = EDGE_CURVE ( 'NONE', #9692, #10382, #2619, .T. ) ;
#9732 = PLANE ( 'NONE',  #2598 ) ;
#9733 = ORIENTED_EDGE ( 'NONE', *, *, #3583, .T. ) ;
#9734 = EDGE_LOOP ( 'NONE', ( #639, #371, #1230, #9460 ) ) ;
#9735 = EDGE_CURVE ( 'NONE', #5725, #7102, #2426, .T. ) ;
#9736 = CARTESIAN_POINT ( 'NONE',  ( -52.25000000000001421, 6.899999999999998579, -2.924999999999968736 ) ) ;
#9737 = FACE_OUTER_BOUND ( 'NONE', #3588, .T. ) ;
#9738 = DIRECTION ( 'NONE',  ( 1.176083712526648949E-16, 0.000000000000000000, 1.000000000000000000 ) ) ;
#9739 = ORIENTED_EDGE ( 'NONE', *, *, #10117, .T. ) ;
#9740 = CARTESIAN_POINT ( 'NONE',  ( -51.99271843925620118, 8.880620398697836038, 4.292166158528912590 ) ) ;
#9741 = CARTESIAN_POINT ( 'NONE',  ( -52.20354702646688594, 8.859201557714969866, -4.221184600453617541 ) ) ;
#9742 = DIRECTION ( 'NONE',  ( -0.8660254037844389297, 0.000000000000000000, -0.4999999999999995004 ) ) ;
#9743 = CARTESIAN_POINT ( 'NONE',  ( -34.52834772718359346, 0.000000000000000000, 3.415000000000000036 ) ) ;
#9744 = VERTEX_POINT ( 'NONE', #1267 ) ;
#9745 = EDGE_CURVE ( 'NONE', #9698, #6501, #4503, .T. ) ;
#9746 = CARTESIAN_POINT ( 'NONE',  ( -51.95000000000000995, 6.499999999999999112, 2.449999999999999289 ) ) ;
#9747 = AXIS2_PLACEMENT_3D ( 'NONE', #7557, #7452, #1200 ) ;
#9748 = CARTESIAN_POINT ( 'NONE',  ( 9.519658948938198861, 6.000000000000000000, 10.25000000000000178 ) ) ;
#9749 = LINE ( 'NONE', #9009, #2967 ) ;
#9750 = ORIENTED_EDGE ( 'NONE', *, *, #3418, .F. ) ;
#9751 = CARTESIAN_POINT ( 'NONE',  ( -34.34233853611036835, 0.1265113557324332449, -20.34067203111825251 ) ) ;
#9752 = CARTESIAN_POINT ( 'NONE',  ( 30.19999999999998153, -0.001000000000000024307, -11.31869555732605015 ) ) ;
#9753 = LINE ( 'NONE', #8956, #2003 ) ;
#9754 = CARTESIAN_POINT ( 'NONE',  ( 35.98197956910961892, 0.1300423822510696770, -4.445814107907310131 ) ) ;
#9755 = VECTOR ( 'NONE', #2342, 1000.000000000000000 ) ;
#9756 = CARTESIAN_POINT ( 'NONE',  ( 43.25000000000000711, 7.000000000000000000, -1.984313483298447922 ) ) ;
#9757 = DIRECTION ( 'NONE',  ( 0.000000000000000000, -0.000000000000000000, 1.000000000000000000 ) ) ;
#9758 = ORIENTED_EDGE ( 'NONE', *, *, #645, .T. ) ;
#9759 = ORIENTED_EDGE ( 'NONE', *, *, #6368, .T. ) ;
#9760 = CARTESIAN_POINT ( 'NONE',  ( -34.52834772718359346, 0.000000000000000000, 2.965000000000000302 ) ) ;
#9761 = LINE ( 'NONE', #6348, #5644 ) ;
#9762 = VECTOR ( 'NONE', #823, 1000.000000000000000 ) ;
#9763 = CARTESIAN_POINT ( 'NONE',  ( -30.83999999999999986, 0.5000000000000000000, 9.349999999999997868 ) ) ;
#9764 = ORIENTED_EDGE ( 'NONE', *, *, #7755, .T. ) ;
#9765 = CARTESIAN_POINT ( 'NONE',  ( 20.65000000000000213, 6.500000000000000888, 0.000000000000000000 ) ) ;
#9766 = DIRECTION ( 'NONE',  ( -1.176083712526649195E-16, 0.000000000000000000, -1.000000000000000000 ) ) ;
#9767 = VERTEX_POINT ( 'NONE', #2510 ) ;
#9768 = CARTESIAN_POINT ( 'NONE',  ( -52.33851692808962497, 8.185661063988368014, 4.211638720451235329 ) ) ;
#9769 = ADVANCED_FACE ( 'NONE', ( #2564 ), #2155, .T. ) ;
#9770 = ORIENTED_EDGE ( 'NONE', *, *, #2883, .T. ) ;
#9771 = VERTEX_POINT ( 'NONE', #7429 ) ;
#9772 = CARTESIAN_POINT ( 'NONE',  ( -34.32300333360995381, 0.1748349968067964832, 3.615000000000000657 ) ) ;
#9773 = VECTOR ( 'NONE', #8318, 1000.000000000000000 ) ;
#9774 = ORIENTED_EDGE ( 'NONE', *, *, #8296, .T. ) ;
#9775 = DIRECTION ( 'NONE',  ( -1.000000000000000000, 0.000000000000000000, 0.000000000000000000 ) ) ;
#9776 = CARTESIAN_POINT ( 'NONE',  ( -31.39188509507858527, -2.832502129165929981E-17, 2.847842712474618398 ) ) ;
#9777 = DIRECTION ( 'NONE',  ( -0.000000000000000000, 1.000000000000000000, -0.000000000000000000 ) ) ;
#9778 = CARTESIAN_POINT ( 'NONE',  ( -31.27472780755320869, 0.000000000000000000, -2.965000000000000302 ) ) ;
#9779 = EDGE_CURVE ( 'NONE', #6478, #8450, #9597, .T. ) ;
#9780 = EDGE_LOOP ( 'NONE', ( #5314, #8844, #3010, #4552 ) ) ;
#9781 = VECTOR ( 'NONE', #4050, 1000.000000000000000 ) ;
#9782 = ORIENTED_EDGE ( 'NONE', *, *, #8525, .F. ) ;
#9783 = EDGE_CURVE ( 'NONE', #4410, #1627, #126, .T. ) ;
#9784 = CARTESIAN_POINT ( 'NONE',  ( -2.000000000000008882, 14.50000000000000000, 13.35000000000018971 ) ) ;
#9785 = EDGE_CURVE ( 'NONE', #6122, #3023, #7032, .T. ) ;
#9786 = CARTESIAN_POINT ( 'NONE',  ( 47.49999999999999289, 3.000000000000000000, 9.500000000000000000 ) ) ;
#9787 = ORIENTED_EDGE ( 'NONE', *, *, #7225, .F. ) ;
#9788 = CARTESIAN_POINT ( 'NONE',  ( -51.95000000000001705, 7.259441985024257527, 3.989162026542441009 ) ) ;
#9789 = AXIS2_PLACEMENT_3D ( 'NONE', #2289, #10369, #10256 ) ;
#9790 = CARTESIAN_POINT ( 'NONE',  ( 47.49999999999999289, 8.000000000000000000, 9.500000000000001776 ) ) ;
#9791 = CARTESIAN_POINT ( 'NONE',  ( 20.66000000000000369, 0.5000000000000004441, 8.349999999999997868 ) ) ;
#9792 = CARTESIAN_POINT ( 'NONE',  ( -52.26167638289525996, 8.615736358971954445, 4.211455303391226757 ) ) ;
#9793 = EDGE_CURVE ( 'NONE', #2676, #7800, #7716, .T. ) ;
#9794 = CARTESIAN_POINT ( 'NONE',  ( 35.94937047899919946, 0.09795398803914889818, -0.2431603510190372130 ) ) ;
#9795 = ORIENTED_EDGE ( 'NONE', *, *, #1160, .T. ) ;
#9796 = LINE ( 'NONE', #2574, #8605 ) ;
#9797 = DIRECTION ( 'NONE',  ( -0.9396926207859082059, 0.000000000000000000, -0.3420201433256696011 ) ) ;
#9798 = LINE ( 'NONE', #1932, #7189 ) ;
#9799 = ORIENTED_EDGE ( 'NONE', *, *, #3595, .F. ) ;
#9800 = DIRECTION ( 'NONE',  ( 2.891205793294712938E-15, 0.000000000000000000, 1.000000000000000000 ) ) ;
#9801 = CARTESIAN_POINT ( 'NONE',  ( -52.22340835089975997, 9.594609242404766647, -3.692296232791192789 ) ) ;
#9802 = EDGE_CURVE ( 'NONE', #2240, #4673, #3855, .T. ) ;
#9803 = DIRECTION ( 'NONE',  ( 0.09864855753176426933, -0.5484013522091524262, 0.8303760708209717567 ) ) ;
#9804 = CARTESIAN_POINT ( 'NONE',  ( -39.63977263648107652, 0.1999999999999987899, 3.615000000000000213 ) ) ;
#9805 = ORIENTED_EDGE ( 'NONE', *, *, #2492, .T. ) ;
#9806 = ORIENTED_EDGE ( 'NONE', *, *, #4508, .T. ) ;
#9807 = EDGE_CURVE ( 'NONE', #10100, #1158, #2513, .T. ) ;
#9808 = DIRECTION ( 'NONE',  ( -0.000000000000000000, -1.000000000000000000, -0.000000000000000000 ) ) ;
#9809 = CARTESIAN_POINT ( 'NONE',  ( -51.98558673494321170, 8.995702590247891095, 4.258298117934717020 ) ) ;
#9810 = CARTESIAN_POINT ( 'NONE',  ( 20.65000000000000213, 0.1999999999999987899, 8.349999999999997868 ) ) ;
#9811 = DIRECTION ( 'NONE',  ( -1.000000000000000000, 0.000000000000000000, 0.000000000000000000 ) ) ;
#9812 = ORIENTED_EDGE ( 'NONE', *, *, #6877, .T. ) ;
#9813 = DIRECTION ( 'NONE',  ( -0.000000000000000000, -1.000000000000000000, -0.000000000000000000 ) ) ;
#9814 = FACE_OUTER_BOUND ( 'NONE', #9717, .T. ) ;
#9815 = VECTOR ( 'NONE', #3442, 1000.000000000000000 ) ;
#9816 = ORIENTED_EDGE ( 'NONE', *, *, #1975, .F. ) ;
#9817 = CARTESIAN_POINT ( 'NONE',  ( 41.25000000000000711, 8.000000000000000000, 10.25000000000000178 ) ) ;
#9818 = EDGE_LOOP ( 'NONE', ( #9200, #7232, #2764, #4236 ) ) ;
#9819 = ADVANCED_FACE ( 'NONE', ( #5398 ), #3008, .T. ) ;
#9820 = ORIENTED_EDGE ( 'NONE', *, *, #8034, .F. ) ;
#9821 = AXIS2_PLACEMENT_3D ( 'NONE', #5654, #8961, #8862 ) ;
#9822 = CARTESIAN_POINT ( 'NONE',  ( 39.09768490291498466, 0.2034051652805240473, 1.502567585311944010 ) ) ;
#9823 = EDGE_LOOP ( 'NONE', ( #7853, #8356, #225, #986, #185, #9104 ) ) ;
#9824 = LINE ( 'NONE', #7260, #7600 ) ;
#9825 = CIRCLE ( 'NONE', #4618, 9.300000000000013145 ) ;
#9826 = DIRECTION ( 'NONE',  ( -1.000000000000000000, -0.000000000000000000, 4.476705744456300993E-16 ) ) ;
#9827 = CARTESIAN_POINT ( 'NONE',  ( -51.95000000000000995, 7.290980888402142313, 3.603289473684166744 ) ) ;
#9828 = DIRECTION ( 'NONE',  ( 0.000000000000000000, 0.000000000000000000, -1.000000000000000000 ) ) ;
#9829 = ORIENTED_EDGE ( 'NONE', *, *, #9610, .T. ) ;
#9830 = VECTOR ( 'NONE', #7224, 1000.000000000000000 ) ;
#9831 = CIRCLE ( 'NONE', #3441, 0.3706384263718852656 ) ;
#9832 = ORIENTED_EDGE ( 'NONE', *, *, #10227, .F. ) ;
#9833 = CARTESIAN_POINT ( 'NONE',  ( -2.000000000000008882, 13.00000000000000178, 14.75000000000000178 ) ) ;
#9834 = EDGE_CURVE ( 'NONE', #1016, #147, #643, .T. ) ;
#9835 = LINE ( 'NONE', #2508, #6170 ) ;
#9836 = ORIENTED_EDGE ( 'NONE', *, *, #2592, .F. ) ;
#9837 = DIRECTION ( 'NONE',  ( -1.000000000000000000, 0.000000000000000000, 0.000000000000000000 ) ) ;
#9838 = VECTOR ( 'NONE', #1959, 1000.000000000000000 ) ;
#9839 = CARTESIAN_POINT ( 'NONE',  ( -52.20455412270068507, 8.171060701784744751, -4.261849622335481591 ) ) ;
#9840 = DIRECTION ( 'NONE',  ( -1.000000000000000000, 0.000000000000000000, 0.000000000000000000 ) ) ;
#9841 = CARTESIAN_POINT ( 'NONE',  ( -52.26625702410656515, 7.588217948039583938, 3.963648087263463182 ) ) ;
#9842 = EDGE_CURVE ( 'NONE', #277, #7256, #516, .T. ) ;
#9843 = EDGE_CURVE ( 'NONE', #686, #4200, #7877, .T. ) ;
#9844 = EDGE_LOOP ( 'NONE', ( #9782, #3078, #9366, #688 ) ) ;
#9845 = DIRECTION ( 'NONE',  ( -0.000000000000000000, -1.000000000000000000, 0.000000000000000000 ) ) ;
#9846 = AXIS2_PLACEMENT_3D ( 'NONE', #5552, #8190, #10341 ) ;
#9847 = CARTESIAN_POINT ( 'NONE',  ( -51.95000000000000995, 9.716960195022345204, -3.819531250000052669 ) ) ;
#9848 = EDGE_CURVE ( 'NONE', #5482, #4827, #2444, .T. ) ;
#9849 = DIRECTION ( 'NONE',  ( 0.000000000000000000, 0.000000000000000000, 1.000000000000000000 ) ) ;
#9850 = ORIENTED_EDGE ( 'NONE', *, *, #760, .T. ) ;
#9851 = CARTESIAN_POINT ( 'NONE',  ( -52.45000000000001705, 8.400000000000000355, -2.924999999999968736 ) ) ;
#9852 = VECTOR ( 'NONE', #6270, 1000.000000000000000 ) ;
#9853 = CIRCLE ( 'NONE', #748, 2.000000000000003109 ) ;
#9854 = EDGE_CURVE ( 'NONE', #3866, #6360, #6349, .T. ) ;
#9855 = LINE ( 'NONE', #1143, #3962 ) ;
#9856 = LINE ( 'NONE', #5865, #6460 ) ;
#9857 = VERTEX_POINT ( 'NONE', #8552 ) ;
#9858 = ORIENTED_EDGE ( 'NONE', *, *, #6006, .F. ) ;
#9859 = CARTESIAN_POINT ( 'NONE',  ( 20.65000000000000213, 4.899999999999999467, -8.849999999999997868 ) ) ;
#9860 = CIRCLE ( 'NONE', #4651, 4.341174913715429184 ) ;
#9861 = EDGE_CURVE ( 'NONE', #10299, #907, #2108, .T. ) ;
#9862 = CIRCLE ( 'NONE', #5325, 1.600000000000000755 ) ;
#9863 = CARTESIAN_POINT ( 'NONE',  ( -51.96382476168705722, 7.465572289973177789, 4.121853269765105132 ) ) ;
#9864 = CARTESIAN_POINT ( 'NONE',  ( 38.49211819145298819, 0.000000000000000000, -7.224059210366050365 ) ) ;
#9865 = EDGE_CURVE ( 'NONE', #6007, #2238, #4056, .T. ) ;
#9866 = DIRECTION ( 'NONE',  ( -0.000000000000000000, -0.000000000000000000, 1.000000000000000000 ) ) ;
#9867 = ORIENTED_EDGE ( 'NONE', *, *, #9735, .T. ) ;
#9868 = LINE ( 'NONE', #3492, #4816 ) ;
#9869 = CARTESIAN_POINT ( 'NONE',  ( -30.14000000000000767, 5.995909431799613998, -3.615000000000000213 ) ) ;
#9870 = CYLINDRICAL_SURFACE ( 'NONE', #6286, 0.1999999999999987899 ) ;
#9871 = VERTEX_POINT ( 'NONE', #10284 ) ;
#9872 = VECTOR ( 'NONE', #7486, 1000.000000000000000 ) ;
#9873 = VERTEX_POINT ( 'NONE', #2209 ) ;
#9874 = EDGE_CURVE ( 'NONE', #5177, #2191, #5346, .T. ) ;
#9875 = CARTESIAN_POINT ( 'NONE',  ( -52.23028309663724400, 7.216839901683691494, -3.680390056223216799 ) ) ;
#9876 = EDGE_LOOP ( 'NONE', ( #4975, #9971, #5999, #3951 ) ) ;
#9877 = DIRECTION ( 'NONE',  ( -1.000000000000000000, 0.000000000000000000, 1.374038396813312538E-16 ) ) ;
#9878 = DIRECTION ( 'NONE',  ( -0.000000000000000000, -1.000000000000000000, -0.000000000000000000 ) ) ;
#9879 = LINE ( 'NONE', #1645, #8494 ) ;
#9880 = EDGE_CURVE ( 'NONE', #1536, #7221, #4551, .T. ) ;
#9881 = DIRECTION ( 'NONE',  ( -0.000000000000000000, 1.000000000000000000, -0.000000000000000000 ) ) ;
#9882 = ORIENTED_EDGE ( 'NONE', *, *, #10296, .T. ) ;
#9883 = ORIENTED_EDGE ( 'NONE', *, *, #741, .F. ) ;
#9884 = ORIENTED_EDGE ( 'NONE', *, *, #9209, .F. ) ;
#9885 = DIRECTION ( 'NONE',  ( 1.692413147294445970E-16, 0.000000000000000000, 1.000000000000000000 ) ) ;
#9886 = CARTESIAN_POINT ( 'NONE',  ( 30.27489141821826379, 0.09795398803915293662, 3.033001662233776763 ) ) ;
#9887 = ORIENTED_EDGE ( 'NONE', *, *, #351, .F. ) ;
#9888 = CARTESIAN_POINT ( 'NONE',  ( -22.80000000000001492, 13.00000000000000178, 13.55000000000000249 ) ) ;
#9889 = LINE ( 'NONE', #4206, #2073 ) ;
#9890 = CARTESIAN_POINT ( 'NONE',  ( -35.06554871542299878, 0.000000000000000000, -8.849999999999997868 ) ) ;
#9891 = LINE ( 'NONE', #5800, #7493 ) ;
#9892 = EDGE_CURVE ( 'NONE', #4154, #5734, #2963, .T. ) ;
#9893 = DIRECTION ( 'NONE',  ( -0.000000000000000000, 1.000000000000000000, -0.000000000000000000 ) ) ;
#9894 = ADVANCED_FACE ( 'NONE', ( #10234 ), #9492, .T. ) ;
#9895 = ORIENTED_EDGE ( 'NONE', *, *, #7419, .F. ) ;
#9896 = DIRECTION ( 'NONE',  ( 0.000000000000000000, 0.000000000000000000, 1.000000000000000000 ) ) ;
#9897 = CARTESIAN_POINT ( 'NONE',  ( -51.99281528994465162, 8.878969356734467411, -4.292623908086768303 ) ) ;
#9898 = FACE_BOUND ( 'NONE', #2824, .T. ) ;
#9899 = ORIENTED_EDGE ( 'NONE', *, *, #2532, .T. ) ;
#9900 = DIRECTION ( 'NONE',  ( 0.000000000000000000, 0.000000000000000000, 1.000000000000000000 ) ) ;
#9901 = CARTESIAN_POINT ( 'NONE',  ( -8.958845726811304644, 13.00000000000000178, -13.55000000000019256 ) ) ;
#9902 = FACE_OUTER_BOUND ( 'NONE', #8058, .T. ) ;
#9903 = DIRECTION ( 'NONE',  ( 0.000000000000000000, 0.000000000000000000, 1.000000000000000000 ) ) ;
#9904 = EDGE_CURVE ( 'NONE', #4792, #8864, #4205, .T. ) ;
#9905 = ORIENTED_EDGE ( 'NONE', *, *, #1718, .T. ) ;
#9906 = VECTOR ( 'NONE', #7185, 1000.000000000000000 ) ;
#9907 = VERTEX_POINT ( 'NONE', #6610 ) ;
#9908 = CARTESIAN_POINT ( 'NONE',  ( -35.06554871542299878, 0.000000000000000000, -3.415000000000000036 ) ) ;
#9909 = EDGE_CURVE ( 'NONE', #7005, #3966, #4199, .T. ) ;
#9910 = CARTESIAN_POINT ( 'NONE',  ( -52.15661494277456001, 7.083039804977530274, 3.819531249999942535 ) ) ;
#9911 = DIRECTION ( 'NONE',  ( 0.000000000000000000, -0.6931369447486037672, -0.7208059210526581717 ) ) ;
#9912 = DIRECTION ( 'NONE',  ( 1.000000000000000000, 0.000000000000000000, 0.000000000000000000 ) ) ;
#9913 = ORIENTED_EDGE ( 'NONE', *, *, #7931, .F. ) ;
#9914 = VECTOR ( 'NONE', #2268, 1000.000000000000000 ) ;
#9915 = LINE ( 'NONE', #9073, #8512 ) ;
#9916 = CARTESIAN_POINT ( 'NONE',  ( 26.60635347795579619, 0.2999999999999999889, 1.023830892551267135 ) ) ;
#9917 = CARTESIAN_POINT ( 'NONE',  ( -39.63977263648107652, 0.1999999999999987899, -2.765000000000000124 ) ) ;
#9918 = EDGE_CURVE ( 'NONE', #10405, #6889, #8810, .T. ) ;
#9919 = EDGE_LOOP ( 'NONE', ( #7014, #5233, #9148, #7592, #6287, #7029 ) ) ;
#9920 = ORIENTED_EDGE ( 'NONE', *, *, #1136, .F. ) ;
#9921 = B_SPLINE_CURVE_WITH_KNOTS ( 'NONE', 3,
 ( #3024, #1537, #3186, #7262, #4725, #11, #4622, #4778, #641, #745, #4838, #1442, #1592, #7941, #9562, #2448 ),
 .UNSPECIFIED., .F., .F.,
 ( 4, 2, 2, 2, 2, 2, 2, 4 ),
 ( 0.000000000000000000, 0.0003197969700837050011, 0.0006395939401674100022, 0.0009593909102511151117, 0.001279187880334820004, 0.001598984850418525222, 0.001918781820502230223, 0.002558375760669635672 ),
 .UNSPECIFIED. ) ;
#9922 = CIRCLE ( 'NONE', #6736, 4.341174913715429184 ) ;
#9923 = CARTESIAN_POINT ( 'NONE',  ( -51.95000000000000995, 9.716960195022355862, -3.819531250000042899 ) ) ;
#9924 = ORIENTED_EDGE ( 'NONE', *, *, #7516, .T. ) ;
#9925 = CARTESIAN_POINT ( 'NONE',  ( -2.000000000000008882, 13.00000000000000178, -14.75000000000000178 ) ) ;
#9926 = CARTESIAN_POINT ( 'NONE',  ( -52.45000000000000995, 7.102280827012613429, 3.001973684210525573 ) ) ;
#9927 = DIRECTION ( 'NONE',  ( 0.000000000000000000, 1.000000000000000000, -0.000000000000000000 ) ) ;
#9928 = CARTESIAN_POINT ( 'NONE',  ( 2.009170479469691184, 13.00000000000000178, 14.75000000000000178 ) ) ;
#9929 = CARTESIAN_POINT ( 'NONE',  ( 7.094920150553281069, -0.001000000000000024307, 12.28876217640250346 ) ) ;
#9930 = EDGE_CURVE ( 'NONE', #7701, #8351, #5890, .T. ) ;
#9931 = ORIENTED_EDGE ( 'NONE', *, *, #4640, .F. ) ;
#9932 = CARTESIAN_POINT ( 'NONE',  ( -52.45000000000001705, 8.400000000000000355, 2.925000000000030465 ) ) ;
#9933 = VERTEX_POINT ( 'NONE', #152 ) ;
#9934 = VERTEX_POINT ( 'NONE', #8191 ) ;
#9935 = VECTOR ( 'NONE', #6586, 1000.000000000000000 ) ;
#9936 = CARTESIAN_POINT ( 'NONE',  ( -52.42986711028338931, 9.597787655272993490, 3.442853664916021295 ) ) ;
#9937 = EDGE_CURVE ( 'NONE', #5456, #4186, #6714, .T. ) ;
#9938 = CARTESIAN_POINT ( 'NONE',  ( 30.95000000000000284, 0.2999999999999999889, -2.350000000000003197 ) ) ;
#9939 = ORIENTED_EDGE ( 'NONE', *, *, #3221, .T. ) ;
#9940 = VERTEX_POINT ( 'NONE', #832 ) ;
#9941 = CARTESIAN_POINT ( 'NONE',  ( -52.00632768281999319, 8.278783389005438309, 4.349990371977842329 ) ) ;
#9942 = LINE ( 'NONE', #7430, #8824 ) ;
#9943 = DIRECTION ( 'NONE',  ( -0.000000000000000000, 1.000000000000000000, -0.000000000000000000 ) ) ;
#9944 = AXIS2_PLACEMENT_3D ( 'NONE', #6858, #2794, #2839 ) ;
#9945 = CARTESIAN_POINT ( 'NONE',  ( -35.18270600294837891, -5.975311618465488996E-16, 3.532157287525381495 ) ) ;
#9946 = VERTEX_POINT ( 'NONE', #4071 ) ;
#9947 = CARTESIAN_POINT ( 'NONE',  ( -39.68512705544042518, -1.495490278729654113E-16, 8.473658226344436883 ) ) ;
#9948 = VECTOR ( 'NONE', #7756, 1000.000000000000000 ) ;
#9949 = AXIS2_PLACEMENT_3D ( 'NONE', #8576, #5316, #2825 ) ;
#9950 = DIRECTION ( 'NONE',  ( -1.000000000000000000, 0.000000000000000000, -0.000000000000000000 ) ) ;
#9951 = DIRECTION ( 'NONE',  ( 0.000000000000000000, 0.000000000000000000, 1.000000000000000000 ) ) ;
#9952 = EDGE_LOOP ( 'NONE', ( #583, #2959, #1498, #8823, #8523 ) ) ;
#9953 = DIRECTION ( 'NONE',  ( 1.000000000000000000, 0.000000000000000000, 0.000000000000000000 ) ) ;
#9954 = DIRECTION ( 'NONE',  ( 1.000000000000000000, -0.000000000000000000, 0.000000000000000000 ) ) ;
#9955 = AXIS2_PLACEMENT_3D ( 'NONE', #10039, #8412, #6782 ) ;
#9956 = CARTESIAN_POINT ( 'NONE',  ( -35.26554871542300162, 0.2000000000000000111, 8.349999999999997868 ) ) ;
#9957 = CARTESIAN_POINT ( 'NONE',  ( 0.000000000000000000, 16.00000000000000000, 0.000000000000000000 ) ) ;
#9958 = ORIENTED_EDGE ( 'NONE', *, *, #9842, .T. ) ;
#9959 = ORIENTED_EDGE ( 'NONE', *, *, #4134, .T. ) ;
#9960 = FACE_OUTER_BOUND ( 'NONE', #2118, .T. ) ;
#9961 = CARTESIAN_POINT ( 'NONE',  ( -52.20955632327986962, 9.292356794820548771, 4.000050849198994563 ) ) ;
#9962 = LINE ( 'NONE', #9810, #2149 ) ;
#9963 = DIRECTION ( 'NONE',  ( 0.000000000000000000, 0.000000000000000000, -1.000000000000000000 ) ) ;
#9964 = EDGE_CURVE ( 'NONE', #3618, #5051, #4179, .T. ) ;
#9965 = DIRECTION ( 'NONE',  ( 0.000000000000000000, -0.000000000000000000, 1.000000000000000000 ) ) ;
#9966 = CARTESIAN_POINT ( 'NONE',  ( 26.60921413079556075, 0.2077789836488291575, 1.009160920399577055 ) ) ;
#9967 = CYLINDRICAL_SURFACE ( 'NONE', #8141, 11.00296197722693314 ) ;
#9968 = ORIENTED_EDGE ( 'NONE', *, *, #10162, .F. ) ;
#9969 = EDGE_CURVE ( 'NONE', #2369, #312, #945, .T. ) ;
#9970 = EDGE_CURVE ( 'NONE', #2472, #725, #3965, .T. ) ;
#9971 = ORIENTED_EDGE ( 'NONE', *, *, #6240, .F. ) ;
#9972 = CARTESIAN_POINT ( 'NONE',  ( -52.11623050028448745, 7.793969960104999650, -4.254815835186392725 ) ) ;
#9973 = EDGE_CURVE ( 'NONE', #1399, #6173, #4872, .T. ) ;
#9974 = ORIENTED_EDGE ( 'NONE', *, *, #1198, .F. ) ;
#9975 = AXIS2_PLACEMENT_3D ( 'NONE', #8349, #4392, #4496 ) ;
#9976 = CARTESIAN_POINT ( 'NONE',  ( 50.84065861769799710, 9.000000000000001776, -13.55000000000001670 ) ) ;
#9977 = CARTESIAN_POINT ( 'NONE',  ( -29.84000000000000696, -5.002961977226933143, -3.615000000000000213 ) ) ;
#9978 = CYLINDRICAL_SURFACE ( 'NONE', #73, 1.000000000000000888 ) ;
#9979 = ORIENTED_EDGE ( 'NONE', *, *, #8073, .F. ) ;
#9980 = EDGE_CURVE ( 'NONE', #2928, #9873, #7975, .T. ) ;
#9981 = CARTESIAN_POINT ( 'NONE',  ( 0.000000000000000000, 13.00000000000000178, -12.25000000000000178 ) ) ;
#9982 = ORIENTED_EDGE ( 'NONE', *, *, #4849, .T. ) ;
#9983 = AXIS2_PLACEMENT_3D ( 'NONE', #5226, #2737, #347 ) ;
#9984 = ADVANCED_FACE ( 'NONE', ( #6398 ), #7197, .T. ) ;
#9985 = VERTEX_POINT ( 'NONE', #102 ) ;
#9986 = AXIS2_PLACEMENT_3D ( 'NONE', #4532, #3783, #10214 ) ;
#9987 = CARTESIAN_POINT ( 'NONE',  ( 25.85635347795579975, 0.2999999999999999889, -0.2752072131253918696 ) ) ;
#9988 = ADVANCED_FACE ( 'NONE', ( #8867 ), #3382, .T. ) ;
#9989 = DIRECTION ( 'NONE',  ( 0.000000000000000000, 0.000000000000000000, 1.000000000000000000 ) ) ;
#9990 = ORIENTED_EDGE ( 'NONE', *, *, #2697, .F. ) ;
#9991 = EDGE_LOOP ( 'NONE', ( #5955, #436, #9758, #8923 ) ) ;
#9992 = LINE ( 'NONE', #8520, #8661 ) ;
#9993 = LINE ( 'NONE', #1770, #9262 ) ;
#9994 = CIRCLE ( 'NONE', #5459, 6.800000000000001599 ) ;
#9995 = LINE ( 'NONE', #6004, #8488 ) ;
#9996 = ORIENTED_EDGE ( 'NONE', *, *, #869, .T. ) ;
#9997 = AXIS2_PLACEMENT_3D ( 'NONE', #3702, #3816, #7829 ) ;
#9998 = ORIENTED_EDGE ( 'NONE', *, *, #7799, .T. ) ;
#9999 = CARTESIAN_POINT ( 'NONE',  ( -31.27472780755320869, 0.000000000000000000, -3.415000000000000036 ) ) ;
#10000 = VECTOR ( 'NONE', #4940, 1000.000000000000114 ) ;
#10001 = LINE ( 'NONE', #10094, #3704 ) ;
#10002 = CARTESIAN_POINT ( 'NONE',  ( -31.51661123066064363, 3.000000000000000000, -2.765000000000000124 ) ) ;
#10003 = ORIENTED_EDGE ( 'NONE', *, *, #6052, .F. ) ;
#10004 = LINE ( 'NONE', #1721, #8409 ) ;
#10005 = FACE_OUTER_BOUND ( 'NONE', #3693, .T. ) ;
#10006 = EDGE_CURVE ( 'NONE', #4394, #6118, #7245, .T. ) ;
#10007 = FACE_OUTER_BOUND ( 'NONE', #4189, .T. ) ;
#10008 = VECTOR ( 'NONE', #7418, 1000.000000000000114 ) ;
#10009 = DIRECTION ( 'NONE',  ( 0.000000000000000000, 0.000000000000000000, -1.000000000000000000 ) ) ;
#10010 = ORIENTED_EDGE ( 'NONE', *, *, #3205, .T. ) ;
#10011 = VECTOR ( 'NONE', #9336, 1000.000000000000000 ) ;
#10012 = VECTOR ( 'NONE', #4756, 1000.000000000000000 ) ;
#10013 = ORIENTED_EDGE ( 'NONE', *, *, #9673, .F. ) ;
#10014 = DIRECTION ( 'NONE',  ( 0.000000000000000000, 1.000000000000000000, 0.000000000000000000 ) ) ;
#10015 = DIRECTION ( 'NONE',  ( 0.000000000000000000, 0.000000000000000000, 1.000000000000000000 ) ) ;
#10016 = ORIENTED_EDGE ( 'NONE', *, *, #179, .T. ) ;
#10017 = FACE_OUTER_BOUND ( 'NONE', #1422, .T. ) ;
#10018 = CIRCLE ( 'NONE', #5487, 2.999999999999999112 ) ;
#10019 = DIRECTION ( 'NONE',  ( 1.000000000000000000, 0.000000000000000000, 0.000000000000000000 ) ) ;
#10020 = AXIS2_PLACEMENT_3D ( 'NONE', #6237, #3121, #6191 ) ;
#10021 = FACE_OUTER_BOUND ( 'NONE', #6330, .T. ) ;
#10022 = DIRECTION ( 'NONE',  ( -0.000000000000000000, 1.000000000000000000, -0.000000000000000000 ) ) ;
#10023 = FACE_OUTER_BOUND ( 'NONE', #4096, .T. ) ;
#10024 = ORIENTED_EDGE ( 'NONE', *, *, #6756, .F. ) ;
#10025 = EDGE_LOOP ( 'NONE', ( #857, #8118, #6310, #7076 ) ) ;
#10026 = VECTOR ( 'NONE', #580, 1000.000000000000000 ) ;
#10027 = EDGE_CURVE ( 'NONE', #4760, #5274, #2853, .T. ) ;
#10028 = VECTOR ( 'NONE', #3707, 1000.000000000000000 ) ;
#10029 = CARTESIAN_POINT ( 'NONE',  ( 35.29364652204422725, 0.2999999999999999889, 1.023830892551222060 ) ) ;
#10030 = ORIENTED_EDGE ( 'NONE', *, *, #3274, .F. ) ;
#10031 = PLANE ( 'NONE',  #1425 ) ;
#10032 = CARTESIAN_POINT ( 'NONE',  ( -29.84000000000000696, -5.002961977226933143, 3.615000000000000213 ) ) ;
#10033 = AXIS2_PLACEMENT_3D ( 'NONE', #4918, #2365, #5599 ) ;
#10034 = B_SPLINE_CURVE_WITH_KNOTS ( 'NONE', 3,
 ( #7099, #8045, #10301, #6306 ),
 .UNSPECIFIED., .F., .F.,
 ( 4, 4 ),
 ( 2.710505431213761085E-19, 0.0001077442398752776040 ),
 .UNSPECIFIED. ) ;
#10035 = ORIENTED_EDGE ( 'NONE', *, *, #8876, .T. ) ;
#10036 = CARTESIAN_POINT ( 'NONE',  ( 30.95000000000000284, 0.000000000000000000, -2.350000000000003197 ) ) ;
#10037 = ORIENTED_EDGE ( 'NONE', *, *, #8048, .F. ) ;
#10038 = ADVANCED_FACE ( 'NONE', ( #1738 ), #2591, .F. ) ;
#10039 = CARTESIAN_POINT ( 'NONE',  ( 4.925331814053546354E-14, 11.00000000000000178, 13.55000000000018368 ) ) ;
#10040 = VECTOR ( 'NONE', #8639, 1000.000000000000000 ) ;
#10041 = DIRECTION ( 'NONE',  ( -0.000000000000000000, 1.000000000000000000, -0.000000000000000000 ) ) ;
#10042 = EDGE_CURVE ( 'NONE', #8607, #9907, #6558, .T. ) ;
#10043 = ORIENTED_EDGE ( 'NONE', *, *, #5673, .F. ) ;
#10044 = VERTEX_POINT ( 'NONE', #5825 ) ;
#10045 = DIRECTION ( 'NONE',  ( -1.000000000000000000, -1.758281308145593320E-15, 0.000000000000000000 ) ) ;
#10046 = CARTESIAN_POINT ( 'NONE',  ( 52.75000000000000000, 8.000000000000000000, -1.926456070690041313E-14 ) ) ;
#10047 = ORIENTED_EDGE ( 'NONE', *, *, #1538, .F. ) ;
#10048 = EDGE_CURVE ( 'NONE', #8339, #9594, #2334, .T. ) ;
#10049 = ORIENTED_EDGE ( 'NONE', *, *, #7903, .T. ) ;
#10050 = LINE ( 'NONE', #6944, #1184 ) ;
#10051 = CARTESIAN_POINT ( 'NONE',  ( 51.95000000000000284, 9.849999999999999645, 2.500000000000000000 ) ) ;
#10052 = DIRECTION ( 'NONE',  ( -2.668805347656624115E-15, 0.000000000000000000, -1.000000000000000000 ) ) ;
#10053 = VERTEX_POINT ( 'NONE', #4818 ) ;
#10054 = DIRECTION ( 'NONE',  ( -1.000000000000000000, 0.000000000000000000, -5.139921410301651289E-17 ) ) ;
#10055 = CARTESIAN_POINT ( 'NONE',  ( 3.099999999999991651, 13.00000000000000178, -13.45000000000019114 ) ) ;
#10056 = CARTESIAN_POINT ( 'NONE',  ( -7.849999999999971223, 11.00000000000000178, 14.19019237886469220 ) ) ;
#10057 = CARTESIAN_POINT ( 'NONE',  ( -31.27472780755320869, 0.000000000000000000, 3.615000000000000213 ) ) ;
#10058 = ORIENTED_EDGE ( 'NONE', *, *, #345, .T. ) ;
#10059 = ADVANCED_FACE ( 'NONE', ( #1794 ), #3436, .F. ) ;
#10060 = EDGE_LOOP ( 'NONE', ( #3870, #2314, #4522, #6462 ) ) ;
#10061 = LINE ( 'NONE', #3636, #3886 ) ;
#10062 = PLANE ( 'NONE',  #2735 ) ;
#10063 = CARTESIAN_POINT ( 'NONE',  ( 36.04364652204422725, 0.5000000000000000000, -0.2752072131254369447 ) ) ;
#10064 = ORIENTED_EDGE ( 'NONE', *, *, #2258, .F. ) ;
#10065 = CARTESIAN_POINT ( 'NONE',  ( -29.84000000000000696, 6.296018041280833089, -9.849999999999997868 ) ) ;
#10066 = EDGE_CURVE ( 'NONE', #6957, #5482, #5134, .T. ) ;
#10067 = DIRECTION ( 'NONE',  ( 0.000000000000000000, 0.000000000000000000, 1.000000000000000000 ) ) ;
#10068 = CARTESIAN_POINT ( 'NONE',  ( -35.06554871542299878, 0.000000000000000000, 2.965000000000000302 ) ) ;
#10069 = VECTOR ( 'NONE', #9539, 1000.000000000000000 ) ;
#10070 = DIRECTION ( 'NONE',  ( -1.971236424878464058E-15, -0.000000000000000000, -1.000000000000000000 ) ) ;
#10071 = ORIENTED_EDGE ( 'NONE', *, *, #468, .T. ) ;
#10072 = EDGE_LOOP ( 'NONE', ( #6040, #5773, #3789, #7631, #7623, #3168, #4657, #8454, #3802, #3257 ) ) ;
#10073 = CARTESIAN_POINT ( 'NONE',  ( 45.25000000000000711, 0.5000000000000000000, -7.249999999999998224 ) ) ;
#10074 = ORIENTED_EDGE ( 'NONE', *, *, #3699, .T. ) ;
#10075 = FACE_OUTER_BOUND ( 'NONE', #1747, .T. ) ;
#10076 = DIRECTION ( 'NONE',  ( 0.000000000000000000, 0.000000000000000000, -1.000000000000000000 ) ) ;
#10077 = EDGE_CURVE ( 'NONE', #975, #6098, #1105, .T. ) ;
#10078 = DIRECTION ( 'NONE',  ( 1.000000000000000000, 0.000000000000000000, -5.782411586589351722E-16 ) ) ;
#10079 = ORIENTED_EDGE ( 'NONE', *, *, #2759, .F. ) ;
#10080 = CARTESIAN_POINT ( 'NONE',  ( -20.00000000000001066, 16.00000000000000000, -13.25000000000000178 ) ) ;
#10081 = VECTOR ( 'NONE', #9389, 1000.000000000000000 ) ;
#10082 = ORIENTED_EDGE ( 'NONE', *, *, #1285, .F. ) ;
#10083 = CARTESIAN_POINT ( 'NONE',  ( 1.408389356733644618E-15, 6.500000000000000888, 10.24999999999999467 ) ) ;
#10084 = DIRECTION ( 'NONE',  ( -0.000000000000000000, -1.000000000000000000, 0.000000000000000000 ) ) ;
#10085 = ORIENTED_EDGE ( 'NONE', *, *, #8563, .F. ) ;
#10086 = ORIENTED_EDGE ( 'NONE', *, *, #5342, .F. ) ;
#10087 = CIRCLE ( 'NONE', #5561, 3.750000000000001776 ) ;
#10088 = CARTESIAN_POINT ( 'NONE',  ( -30.13203748537936733, 5.996123729295902649, 2.765105688015067287 ) ) ;
#10089 = EDGE_CURVE ( 'NONE', #7984, #1668, #25, .T. ) ;
#10090 = CARTESIAN_POINT ( 'NONE',  ( 38.41765030147767135, 0.1248391197358911658, 2.766862494131238304 ) ) ;
#10091 = ADVANCED_FACE ( 'NONE', ( #4338 ), #5189, .T. ) ;
#10092 = ORIENTED_EDGE ( 'NONE', *, *, #331, .T. ) ;
#10093 = CARTESIAN_POINT ( 'NONE',  ( -3.469693845669876264, 14.50000000000000000, 13.54999999999999716 ) ) ;
#10094 = CARTESIAN_POINT ( 'NONE',  ( -45.00000000001591616, 5.500000000000000000, 291583.7750000000233 ) ) ;
#10095 = DIRECTION ( 'NONE',  ( -0.000000000000000000, 1.000000000000000000, -0.000000000000000000 ) ) ;
#10096 = ORIENTED_EDGE ( 'NONE', *, *, #1193, .F. ) ;
#10097 = DIRECTION ( 'NONE',  ( -1.000000000000000000, 0.000000000000000000, -0.000000000000000000 ) ) ;
#10098 = AXIS2_PLACEMENT_3D ( 'NONE', #8144, #6463, #5839 ) ;
#10099 = CIRCLE ( 'NONE', #4554, 6.166261152084816288 ) ;
#10100 = VERTEX_POINT ( 'NONE', #8289 ) ;
#10101 = CARTESIAN_POINT ( 'NONE',  ( 0.000000000000000000, 11.00000000000000178, 13.55000000000000249 ) ) ;
#10102 = EDGE_CURVE ( 'NONE', #6164, #590, #7505, .T. ) ;
#10103 = CARTESIAN_POINT ( 'NONE',  ( 47.49999999999999289, 3.000000000000000000, 9.500000000000000000 ) ) ;
#10104 = CARTESIAN_POINT ( 'NONE',  ( -52.00000000000001421, 16.00000000000000000, -2.672759133356879398E-14 ) ) ;
#10105 = ORIENTED_EDGE ( 'NONE', *, *, #1275, .F. ) ;
#10106 = VECTOR ( 'NONE', #5716, 1000.000000000000000 ) ;
#10107 = VECTOR ( 'NONE', #1309, 1000.000000000000000 ) ;
#10108 = EDGE_CURVE ( 'NONE', #7398, #4823, #6228, .T. ) ;
#10109 = VECTOR ( 'NONE', #7739, 1000.000000000000000 ) ;
#10110 = VERTEX_POINT ( 'NONE', #355 ) ;
#10111 = DIRECTION ( 'NONE',  ( 0.000000000000000000, -0.000000000000000000, 1.000000000000000000 ) ) ;
#10112 = DIRECTION ( 'NONE',  ( 1.000000000000000000, -0.000000000000000000, 0.000000000000000000 ) ) ;
#10113 = ORIENTED_EDGE ( 'NONE', *, *, #4010, .T. ) ;
#10114 = CARTESIAN_POINT ( 'NONE',  ( -15.77802059593038564, 11.00000000000000178, -5.742729852557515002 ) ) ;
#10115 = CARTESIAN_POINT ( 'NONE',  ( -20.00000000000001066, 14.50000000000000000, 2.352167425053299574E-15 ) ) ;
#10116 = FACE_OUTER_BOUND ( 'NONE', #9194, .T. ) ;
#10117 = EDGE_CURVE ( 'NONE', #301, #1260, #6708, .T. ) ;
#10118 = CARTESIAN_POINT ( 'NONE',  ( -45.19999999999999574, 17.00000000000000000, 6.750000000000006217 ) ) ;
#10119 = DIRECTION ( 'NONE',  ( 0.000000000000000000, 0.000000000000000000, 1.000000000000000000 ) ) ;
#10120 = ORIENTED_EDGE ( 'NONE', *, *, #4860, .T. ) ;
#10121 = ADVANCED_FACE ( 'NONE', ( #5918 ), #9175, .F. ) ;
#10122 = ORIENTED_EDGE ( 'NONE', *, *, #173, .T. ) ;
#10123 = LINE ( 'NONE', #2370, #739 ) ;
#10124 = DIRECTION ( 'NONE',  ( 1.000000000000000000, -0.000000000000000000, -0.000000000000000000 ) ) ;
#10125 = VERTEX_POINT ( 'NONE', #5235 ) ;
#10126 = FACE_OUTER_BOUND ( 'NONE', #5289, .T. ) ;
#10127 = CARTESIAN_POINT ( 'NONE',  ( -29.84000000000000341, 6.123958770389132056, -3.487059270891698315 ) ) ;
#10128 = VECTOR ( 'NONE', #7775, 1000.000000000000000 ) ;
#10129 = CARTESIAN_POINT ( 'NONE',  ( 38.34211819145298961, 0.2999999999999999889, -7.483866831501378769 ) ) ;
#10130 = CARTESIAN_POINT ( 'NONE',  ( -34.34233853611036835, 0.1265113557324328841, 8.363990808926773823 ) ) ;
#10131 = ORIENTED_EDGE ( 'NONE', *, *, #7938, .T. ) ;
#10132 = DIRECTION ( 'NONE',  ( 0.000000000000000000, -0.000000000000000000, -1.000000000000000000 ) ) ;
#10133 = VERTEX_POINT ( 'NONE', #8394 ) ;
#10134 = DIRECTION ( 'NONE',  ( 0.000000000000000000, 1.000000000000000000, 0.000000000000000000 ) ) ;
#10135 = AXIS2_PLACEMENT_3D ( 'NONE', #5613, #7038, #8820 ) ;
#10136 = FACE_OUTER_BOUND ( 'NONE', #9538, .T. ) ;
#10137 = CYLINDRICAL_SURFACE ( 'NONE', #1265, 0.3000000000000016542 ) ;
#10138 = EDGE_LOOP ( 'NONE', ( #2563, #6669, #10327, #3256, #8850 ) ) ;
#10139 = VERTEX_POINT ( 'NONE', #7558 ) ;
#10140 = LINE ( 'NONE', #4416, #6806 ) ;
#10141 = CARTESIAN_POINT ( 'NONE',  ( -31.27472780755320869, 0.000000000000000000, 3.415000000000000036 ) ) ;
#10142 = ORIENTED_EDGE ( 'NONE', *, *, #9874, .T. ) ;
#10143 = CIRCLE ( 'NONE', #2579, 3.000000000000002665 ) ;
#10144 = DIRECTION ( 'NONE',  ( 0.000000000000000000, 1.000000000000000000, -0.000000000000000000 ) ) ;
#10145 = ORIENTED_EDGE ( 'NONE', *, *, #3906, .T. ) ;
#10146 = EDGE_CURVE ( 'NONE', #817, #10365, #6025, .T. ) ;
#10147 = CARTESIAN_POINT ( 'NONE',  ( 25.85635347795577133, 0.2999999999999999889, -4.424792786874576223 ) ) ;
#10148 = CARTESIAN_POINT ( 'NONE',  ( 0.000000000000000000, 11.00000000000000178, -4.000000000000000000 ) ) ;
#10149 = VERTEX_POINT ( 'NONE', #6862 ) ;
#10150 = FACE_OUTER_BOUND ( 'NONE', #6065, .T. ) ;
#10151 = EDGE_LOOP ( 'NONE', ( #9426, #553, #2879, #6851 ) ) ;
#10152 = FACE_OUTER_BOUND ( 'NONE', #2140, .T. ) ;
#10153 = EDGE_CURVE ( 'NONE', #2408, #3664, #5972, .T. ) ;
#10154 = EDGE_CURVE ( 'NONE', #2031, #5239, #1891, .T. ) ;
#10155 = CIRCLE ( 'NONE', #9997, 3.000000000000002665 ) ;
#10156 = B_SPLINE_CURVE_WITH_KNOTS ( 'NONE', 3,
 ( #9618, #9674, #2390, #67, #7992, #7943 ),
 .UNSPECIFIED., .F., .F.,
 ( 4, 2, 4 ),
 ( 4.336808689942017736E-19, 0.0003393158518393210588, 0.0006786317036786416838 ),
 .UNSPECIFIED. ) ;
#10157 = CARTESIAN_POINT ( 'NONE',  ( 2.009170479469691184, 13.00000000000000178, -14.75000000000000178 ) ) ;
#10158 = DIRECTION ( 'NONE',  ( -0.000000000000000000, -1.000000000000000000, 0.000000000000000000 ) ) ;
#10159 = ORIENTED_EDGE ( 'NONE', *, *, #6699, .F. ) ;
#10160 = EDGE_LOOP ( 'NONE', ( #5874, #5889, #1071, #5540, #9391, #4380 ) ) ;
#10161 = CIRCLE ( 'NONE', #222, 1.900000000000000577 ) ;
#10162 = EDGE_CURVE ( 'NONE', #6328, #4048, #1949, .T. ) ;
#10163 = CARTESIAN_POINT ( 'NONE',  ( -31.11939691791956974, 0.5000000000000004441, -2.765000000000000124 ) ) ;
#10164 = CIRCLE ( 'NONE', #9488, 1.300000000000000266 ) ;
#10165 = DIRECTION ( 'NONE',  ( 0.000000000000000000, 1.000000000000000000, -0.000000000000000000 ) ) ;
#10166 = LINE ( 'NONE', #8592, #6505 ) ;
#10167 = ORIENTED_EDGE ( 'NONE', *, *, #7387, .F. ) ;
#10168 = CARTESIAN_POINT ( 'NONE',  ( -52.25000000000002132, 9.875312345479724030, 3.137801170208927015 ) ) ;
#10169 = CARTESIAN_POINT ( 'NONE',  ( 38.34211819145298961, 0.2505450496179591480, -7.483866831501377881 ) ) ;
#10170 = CARTESIAN_POINT ( 'NONE',  ( -52.20654232640313808, 7.534772410532252884, 4.007613973532502705 ) ) ;
#10171 = EDGE_CURVE ( 'NONE', #8126, #4942, #9922, .T. ) ;
#10172 = DIRECTION ( 'NONE',  ( 1.000000000000000000, 0.000000000000000000, 0.000000000000000000 ) ) ;
#10173 = AXIS2_PLACEMENT_3D ( 'NONE', #10347, #9441, #2159 ) ;
#10174 = DIRECTION ( 'NONE',  ( 0.000000000000000000, 0.000000000000000000, 1.000000000000000000 ) ) ;
#10175 = AXIS2_PLACEMENT_3D ( 'NONE', #10334, #3110, #4970 ) ;
#10176 = DIRECTION ( 'NONE',  ( -0.000000000000000000, -0.000000000000000000, 1.000000000000000000 ) ) ;
#10177 = ORIENTED_EDGE ( 'NONE', *, *, #314, .T. ) ;
#10178 = ORIENTED_EDGE ( 'NONE', *, *, #3391, .T. ) ;
#10179 = ADVANCED_FACE ( 'NONE', ( #7453 ), #202, .T. ) ;
#10180 = AXIS2_PLACEMENT_3D ( 'NONE', #8, #3396, #5674 ) ;
#10181 = CARTESIAN_POINT ( 'NONE',  ( 4.925331814053546354E-14, 9.000000000000001776, 13.55000000000018368 ) ) ;
#10182 = CARTESIAN_POINT ( 'NONE',  ( 0.5999999999999912070, 13.00000000000000178, 13.35000000000018971 ) ) ;
#10183 = EDGE_LOOP ( 'NONE', ( #3491, #4934, #10260, #5588 ) ) ;
#10184 = CARTESIAN_POINT ( 'NONE',  ( -44.75000000000000711, 6.500000000000000888, 12.25000000000000000 ) ) ;
#10185 = FACE_OUTER_BOUND ( 'NONE', #9952, .T. ) ;
#10186 = LINE ( 'NONE', #7769, #3970 ) ;
#10187 = CARTESIAN_POINT ( 'NONE',  ( -29.83999999999999986, 6.296018041280833089, 9.349999999999997868 ) ) ;
#10188 = AXIS2_PLACEMENT_3D ( 'NONE', #4726, #1539, #3240 ) ;
#10189 = ORIENTED_EDGE ( 'NONE', *, *, #5021, .F. ) ;
#10190 = CIRCLE ( 'NONE', #3621, 1.900000000000000577 ) ;
#10191 = CARTESIAN_POINT ( 'NONE',  ( -52.25000000000001421, 9.900000000000000355, -2.924999999999968736 ) ) ;
#10192 = ORIENTED_EDGE ( 'NONE', *, *, #3297, .T. ) ;
#10193 = ADVANCED_FACE ( 'NONE', ( #10116 ), #3689, .T. ) ;
#10194 = CARTESIAN_POINT ( 'NONE',  ( 51.95000000000000284, 9.000000000000001776, 0.000000000000000000 ) ) ;
#10195 = DIRECTION ( 'NONE',  ( 0.000000000000000000, -1.000000000000000000, 0.000000000000000000 ) ) ;
#10196 = AXIS2_PLACEMENT_3D ( 'NONE', #2917, #3820, #6151 ) ;
#10197 = LINE ( 'NONE', #2975, #1102 ) ;
#10198 = ORIENTED_EDGE ( 'NONE', *, *, #7830, .F. ) ;
#10199 = AXIS2_PLACEMENT_3D ( 'NONE', #9786, #3355, #78 ) ;
#10200 = ORIENTED_EDGE ( 'NONE', *, *, #781, .F. ) ;
#10201 = EDGE_CURVE ( 'NONE', #7771, #1872, #5335, .T. ) ;
#10202 = CARTESIAN_POINT ( 'NONE',  ( -8.000000000000008882, 11.00000000000000178, -14.75000000000000178 ) ) ;
#10203 = FACE_OUTER_BOUND ( 'NONE', #2991, .T. ) ;
#10204 = VERTEX_POINT ( 'NONE', #8493 ) ;
#10205 = CARTESIAN_POINT ( 'NONE',  ( 0.000000000000000000, 0.000000000000000000, -9.049999999999998934 ) ) ;
#10206 = VECTOR ( 'NONE', #4037, 1000.000000000000000 ) ;
#10207 = ORIENTED_EDGE ( 'NONE', *, *, #7931, .T. ) ;
#10208 = CARTESIAN_POINT ( 'NONE',  ( 25.87048837293184889, 0.2077789836488307951, -0.2703496250801845080 ) ) ;
#10209 = DIRECTION ( 'NONE',  ( -1.000000000000000000, -0.000000000000000000, 4.476705744456300993E-16 ) ) ;
#10210 = LINE ( 'NONE', #4422, #6684 ) ;
#10211 = ORIENTED_EDGE ( 'NONE', *, *, #5525, .F. ) ;
#10212 = CARTESIAN_POINT ( 'NONE',  ( 31.39999999999997726, 0.000000000000000000, 0.000000000000000000 ) ) ;
#10213 = ORIENTED_EDGE ( 'NONE', *, *, #1846, .F. ) ;
#10214 = DIRECTION ( 'NONE',  ( 1.000000000000000000, 0.000000000000000000, 0.000000000000000000 ) ) ;
#10215 = EDGE_CURVE ( 'NONE', #1609, #10149, #4543, .T. ) ;
#10216 = CARTESIAN_POINT ( 'NONE',  ( 31.69999999999997797, 0.2999999999999999889, -11.31869555732605015 ) ) ;
#10217 = CARTESIAN_POINT ( 'NONE',  ( 26.60635347795579975, 0.5000000000000000000, 1.023830892551268912 ) ) ;
#10218 = VERTEX_POINT ( 'NONE', #6125 ) ;
#10219 = ORIENTED_EDGE ( 'NONE', *, *, #3872, .F. ) ;
#10220 = DIRECTION ( 'NONE',  ( 0.000000000000000000, 1.000000000000000000, -0.000000000000000000 ) ) ;
#10221 = FACE_OUTER_BOUND ( 'NONE', #4292, .T. ) ;
#10222 = ORIENTED_EDGE ( 'NONE', *, *, #5213, .F. ) ;
#10223 = PLANE ( 'NONE',  #7899 ) ;
#10224 = CARTESIAN_POINT ( 'NONE',  ( 31.70000000000000639, 0.2531612188914907358, 3.098623679425835942 ) ) ;
#10225 = CARTESIAN_POINT ( 'NONE',  ( -31.47472780755320443, 0.1999999999999987899, -2.765000000000000124 ) ) ;
#10226 = CARTESIAN_POINT ( 'NONE',  ( 47.49999999999997868, 3.000000000000000000, -14.75000000000000178 ) ) ;
#10227 = EDGE_CURVE ( 'NONE', #6066, #8911, #6574, .T. ) ;
#10228 = DIRECTION ( 'NONE',  ( -1.000000000000000000, 0.000000000000000000, -0.000000000000000000 ) ) ;
#10229 = VERTEX_POINT ( 'NONE', #10225 ) ;
#10230 = ORIENTED_EDGE ( 'NONE', *, *, #2900, .T. ) ;
#10231 = ADVANCED_FACE ( 'NONE', ( #5390 ), #8545, .T. ) ;
#10232 = EDGE_CURVE ( 'NONE', #10218, #4921, #9093, .T. ) ;
#10233 = PLANE ( 'NONE',  #3614 ) ;
#10234 = FACE_OUTER_BOUND ( 'NONE', #7198, .T. ) ;
#10235 = ORIENTED_EDGE ( 'NONE', *, *, #7728, .F. ) ;
#10236 = FACE_OUTER_BOUND ( 'NONE', #7454, .T. ) ;
#10237 = CARTESIAN_POINT ( 'NONE',  ( -2.000000000000008882, 14.50000000000000000, -12.35000000000019149 ) ) ;
#10238 = ADVANCED_FACE ( 'NONE', ( #6227 ), #2097, .F. ) ;
#10239 = CARTESIAN_POINT ( 'NONE',  ( 0.5999999999999912070, 14.50000000000000000, 13.55000000000000071 ) ) ;
#10240 = DIRECTION ( 'NONE',  ( -1.000000000000000000, 0.000000000000000000, 0.000000000000000000 ) ) ;
#10241 = VERTEX_POINT ( 'NONE', #507 ) ;
#10242 = CARTESIAN_POINT ( 'NONE',  ( -52.25000000000001421, 9.897368276523906161, 3.013815789473676787 ) ) ;
#10243 = ORIENTED_EDGE ( 'NONE', *, *, #481, .T. ) ;
#10244 = AXIS2_PLACEMENT_3D ( 'NONE', #9480, #2096, #1308 ) ;
#10245 = DIRECTION ( 'NONE',  ( 0.000000000000000000, 1.000000000000000000, 0.000000000000000000 ) ) ;
#10246 = FACE_OUTER_BOUND ( 'NONE', #1649, .T. ) ;
#10247 = ORIENTED_EDGE ( 'NONE', *, *, #2071, .F. ) ;
#10248 = ORIENTED_EDGE ( 'NONE', *, *, #2418, .F. ) ;
#10249 = CARTESIAN_POINT ( 'NONE',  ( 30.95000000000000284, -0.001000000000000024307, -2.350000000000003197 ) ) ;
#10250 = ADVANCED_FACE ( 'NONE', ( #9380 ), #9429, .F. ) ;
#10251 = AXIS2_PLACEMENT_3D ( 'NONE', #1023, #6734, #8217 ) ;
#10252 = DIRECTION ( 'NONE',  ( 1.000000000000000000, 0.000000000000000000, -3.652049423109083111E-16 ) ) ;
#10253 = ORIENTED_EDGE ( 'NONE', *, *, #9363, .F. ) ;
#10254 = DIRECTION ( 'NONE',  ( -0.000000000000000000, 0.000000000000000000, 1.000000000000000000 ) ) ;
#10255 = EDGE_LOOP ( 'NONE', ( #1053, #2600, #4432, #938 ) ) ;
#10256 = DIRECTION ( 'NONE',  ( 0.000000000000000000, 0.000000000000000000, 1.000000000000000000 ) ) ;
#10257 = VECTOR ( 'NONE', #3538, 1000.000000000000000 ) ;
#10258 = LINE ( 'NONE', #2339, #9613 ) ;
#10259 = DIRECTION ( 'NONE',  ( 0.000000000000000000, 0.000000000000000000, 1.000000000000000000 ) ) ;
#10260 = ORIENTED_EDGE ( 'NONE', *, *, #6052, .T. ) ;
#10261 = CARTESIAN_POINT ( 'NONE',  ( -52.25000000000001421, 6.902631723476097214, -3.013815789473690554 ) ) ;
#10262 = ORIENTED_EDGE ( 'NONE', *, *, #3221, .F. ) ;
#10263 = CARTESIAN_POINT ( 'NONE',  ( -53.20100000000002183, 9.850000000000001421, 3.299999999999999378 ) ) ;
#10264 = CARTESIAN_POINT ( 'NONE',  ( -39.56899347744757023, 0.1363911950260414396, -8.857524648351581931 ) ) ;
#10265 = DIRECTION ( 'NONE',  ( 0.3420201433256616630, 0.000000000000000000, 0.9396926207859109814 ) ) ;
#10266 = ORIENTED_EDGE ( 'NONE', *, *, #6649, .T. ) ;
#10267 = EDGE_LOOP ( 'NONE', ( #7411, #10248, #9487, #5560, #2531 ) ) ;
#10268 = CARTESIAN_POINT ( 'NONE',  ( -47.50000000000000711, 8.000000000000000000, -9.500000000000001776 ) ) ;
#10269 = VECTOR ( 'NONE', #6009, 1000.000000000000000 ) ;
#10270 = CARTESIAN_POINT ( 'NONE',  ( -39.58434658500975445, 0.1071145293931473758, 3.592122244086235927 ) ) ;
#10271 = LINE ( 'NONE', #7705, #2960 ) ;
#10272 = ORIENTED_EDGE ( 'NONE', *, *, #5413, .T. ) ;
#10273 = CARTESIAN_POINT ( 'NONE',  ( -52.22340835089975997, 9.594609242404862570, 3.692296232791095534 ) ) ;
#10274 = CARTESIAN_POINT ( 'NONE',  ( 38.36026385013411755, 0.2034051652805223542, -7.479818315299348264 ) ) ;
#10275 = DIRECTION ( 'NONE',  ( 0.000000000000000000, 0.000000000000000000, 1.000000000000000000 ) ) ;
#10276 = CARTESIAN_POINT ( 'NONE',  ( -34.52834772718359346, 0.000000000000000000, -2.965000000000000302 ) ) ;
#10277 = AXIS2_PLACEMENT_3D ( 'NONE', #2607, #7464, #2496 ) ;
#10278 = AXIS2_PLACEMENT_3D ( 'NONE', #2195, #7603, #350 ) ;
#10279 = DIRECTION ( 'NONE',  ( 1.826024711554533223E-15, 0.000000000000000000, -1.000000000000000000 ) ) ;
#10280 = ORIENTED_EDGE ( 'NONE', *, *, #9731, .T. ) ;
#10281 = ORIENTED_EDGE ( 'NONE', *, *, #2601, .F. ) ;
#10282 = EDGE_CURVE ( 'NONE', #3750, #628, #5710, .T. ) ;
#10283 = AXIS2_PLACEMENT_3D ( 'NONE', #3317, #6543, #1822 ) ;
#10284 = CARTESIAN_POINT ( 'NONE',  ( -39.76146882909598901, 0.000000000000000000, 3.415000000000000036 ) ) ;
#10285 = ORIENTED_EDGE ( 'NONE', *, *, #2946, .T. ) ;
#10286 = LINE ( 'NONE', #6292, #8851 ) ;
#10287 = CARTESIAN_POINT ( 'NONE',  ( -31.27472780755320869, 0.2000000000000000111, 2.765000000000000124 ) ) ;
#10288 = ADVANCED_FACE ( 'NONE', ( #7915 ), #7125, .F. ) ;
#10289 = DIRECTION ( 'NONE',  ( -0.000000000000000000, -1.000000000000000000, -0.000000000000000000 ) ) ;
#10290 = EDGE_CURVE ( 'NONE', #4464, #9708, #4494, .T. ) ;
#10291 = DIRECTION ( 'NONE',  ( 1.000000000000000000, -0.000000000000000000, -0.000000000000000000 ) ) ;
#10292 = FACE_OUTER_BOUND ( 'NONE', #3937, .T. ) ;
#10293 = ORIENTED_EDGE ( 'NONE', *, *, #416, .F. ) ;
#10294 = FACE_OUTER_BOUND ( 'NONE', #2851, .T. ) ;
#10295 = ORIENTED_EDGE ( 'NONE', *, *, #2601, .T. ) ;
#10296 = EDGE_CURVE ( 'NONE', #8566, #6728, #9642, .T. ) ;
#10297 = LINE ( 'NONE', #10194, #3062 ) ;
#10298 = CARTESIAN_POINT ( 'NONE',  ( -52.44999998424968624, 9.684237726556574444, 3.229260862839329782 ) ) ;
#10299 = VERTEX_POINT ( 'NONE', #5596 ) ;
#10300 = DIRECTION ( 'NONE',  ( 0.000000000000000000, 1.000000000000000000, 2.891205793294675861E-16 ) ) ;
#10301 = CARTESIAN_POINT ( 'NONE',  ( -39.56900131232449525, 0.1363762547886367138, -3.607467516771496907 ) ) ;
#10302 = DIRECTION ( 'NONE',  ( -0.000000000000000000, -0.000000000000000000, 1.000000000000000000 ) ) ;
#10303 = ORIENTED_EDGE ( 'NONE', *, *, #6699, .T. ) ;
#10304 = CARTESIAN_POINT ( 'NONE',  ( 43.25000000000000711, 8.000000000000000000, 1.984313483298447922 ) ) ;
#10305 = AXIS2_PLACEMENT_3D ( 'NONE', #8462, #428, #5357 ) ;
#10306 = VERTEX_POINT ( 'NONE', #8750 ) ;
#10307 = ADVANCED_FACE ( 'NONE', ( #10389 ), #4862, .T. ) ;
#10308 = CARTESIAN_POINT ( 'NONE',  ( 25.91802043089039032, 0.1300423822510698713, -0.2541858920926950427 ) ) ;
#10309 = DIRECTION ( 'NONE',  ( -1.000000000000000000, 0.000000000000000000, 0.000000000000000000 ) ) ;
#10310 = CARTESIAN_POINT ( 'NONE',  ( 1.104085060222564741E-15, 8.000000000000000000, 14.75000000000000355 ) ) ;
#10311 = ORIENTED_EDGE ( 'NONE', *, *, #5040, .T. ) ;
#10312 = CARTESIAN_POINT ( 'NONE',  ( -39.58434658500975445, 0.1071145293931473896, 8.372877755913762599 ) ) ;
#10313 = VERTEX_POINT ( 'NONE', #2309 ) ;
#10314 = LINE ( 'NONE', #10425, #2421 ) ;
#10315 = AXIS2_PLACEMENT_3D ( 'NONE', #6435, #770, #5700 ) ;
#10316 = CARTESIAN_POINT ( 'NONE',  ( -20.00000000000001066, 14.50000000000000000, 13.54999999999999716 ) ) ;
#10317 = LINE ( 'NONE', #5431, #2415 ) ;
#10318 = VERTEX_POINT ( 'NONE', #5759 ) ;
#10319 = VERTEX_POINT ( 'NONE', #8801 ) ;
#10320 = EDGE_CURVE ( 'NONE', #1689, #7323, #92, .T. ) ;
#10321 = CARTESIAN_POINT ( 'NONE',  ( 30.95000000000000284, 0.000000000000000000, -2.350000000000003197 ) ) ;
#10322 = VECTOR ( 'NONE', #250, 1000.000000000000000 ) ;
#10323 =( BOUNDED_CURVE ( )  B_SPLINE_CURVE ( 3, ( #9778, #7468, #8931, #3453 ),
 .UNSPECIFIED., .F., .F. ) 
 B_SPLINE_CURVE_WITH_KNOTS ( ( 4, 4 ),
 ( 1.570796326794896558, 3.141592653589790451 ),
 .UNSPECIFIED. ) 
 CURVE ( )  GEOMETRIC_REPRESENTATION_ITEM ( )  RATIONAL_B_SPLINE_CURVE ( ( 1.000000000000000000, 0.8047378541243654926, 0.8047378541243654926, 1.000000000000000000 ) ) 
 REPRESENTATION_ITEM ( '' )  );
#10324 = AXIS2_PLACEMENT_3D ( 'NONE', #8583, #8479, #1241 ) ;
#10325 = LINE ( 'NONE', #9637, #9300 ) ;
#10326 = CARTESIAN_POINT ( 'NONE',  ( 30.95000000000000284, 0.2999999999999999889, -2.350000000000003197 ) ) ;
#10327 = ORIENTED_EDGE ( 'NONE', *, *, #9865, .F. ) ;
#10328 = CARTESIAN_POINT ( 'NONE',  ( -34.52834772718359346, 0.000000000000000000, -2.965000000000000302 ) ) ;
#10329 = B_SPLINE_CURVE_WITH_KNOTS ( 'NONE', 3,
 ( #9847, #5067, #8274, #6694, #9897, #2679, #8325, #9107 ),
 .UNSPECIFIED., .F., .F.,
 ( 4, 2, 2, 4 ),
 ( 0.000000000000000000, 0.0007309556039258854670, 0.001096433405888826845, 0.001461911207851768332 ),
 .UNSPECIFIED. ) ;
#10330 = AXIS2_PLACEMENT_3D ( 'NONE', #6541, #10429, #3202 ) ;
#10331 = DIRECTION ( 'NONE',  ( -0.000000000000000000, -1.000000000000000000, 0.000000000000000000 ) ) ;
#10332 = CARTESIAN_POINT ( 'NONE',  ( 43.25000000000000711, 6.000000000000000000, -12.25000000000000178 ) ) ;
#10333 = EDGE_CURVE ( 'NONE', #5240, #834, #719, .T. ) ;
#10334 = CARTESIAN_POINT ( 'NONE',  ( -2.000000000000008882, 13.00000000000000178, -13.85000000000018971 ) ) ;
#10335 = DIRECTION ( 'NONE',  ( -0.000000000000000000, -1.000000000000000000, 0.000000000000000000 ) ) ;
#10336 = VECTOR ( 'NONE', #8008, 1000.000000000000000 ) ;
#10337 = LINE ( 'NONE', #3218, #7802 ) ;
#10338 = ORIENTED_EDGE ( 'NONE', *, *, #3315, .F. ) ;
#10339 = VECTOR ( 'NONE', #8560, 1000.000000000000000 ) ;
#10340 = ORIENTED_EDGE ( 'NONE', *, *, #4501, .T. ) ;
#10341 = DIRECTION ( 'NONE',  ( 0.000000000000000000, 0.000000000000000000, 1.000000000000000000 ) ) ;
#10342 = CIRCLE ( 'NONE', #230, 4.450000000000004619 ) ;
#10343 = DIRECTION ( 'NONE',  ( -5.139921410301693197E-16, 0.000000000000000000, -1.000000000000000000 ) ) ;
#10344 = VERTEX_POINT ( 'NONE', #4754 ) ;
#10345 = VECTOR ( 'NONE', #8958, 1000.000000000000000 ) ;
#10346 = CARTESIAN_POINT ( 'NONE',  ( -50.20000000000000284, 3.000000000000000000, 2.580240547971449896E-14 ) ) ;
#10347 = CARTESIAN_POINT ( 'NONE',  ( -52.00000000000001421, 17.00000000000000000, -2.672759133356879398E-14 ) ) ;
#10348 = CARTESIAN_POINT ( 'NONE',  ( 47.49999999999999289, 16.00000000000000000, 9.500000000000000000 ) ) ;
#10349 = DIRECTION ( 'NONE',  ( 0.8660254037844385966, 0.000000000000000000, -0.5000000000000003331 ) ) ;
#10350 = DIRECTION ( 'NONE',  ( -1.000000000000000000, 0.000000000000000000, 0.000000000000000000 ) ) ;
#10351 = EDGE_CURVE ( 'NONE', #4613, #4537, #4113, .T. ) ;
#10352 = ORIENTED_EDGE ( 'NONE', *, *, #5567, .F. ) ;
#10353 = VERTEX_POINT ( 'NONE', #4058 ) ;
#10354 = AXIS2_PLACEMENT_3D ( 'NONE', #7311, #3341, #8041 ) ;
#10355 = AXIS2_PLACEMENT_3D ( 'NONE', #8928, #1697, #1060 ) ;
#10356 = CARTESIAN_POINT ( 'NONE',  ( -52.28390545973977055, 9.621070697778122849, 3.430753123072944888 ) ) ;
#10357 = ORIENTED_EDGE ( 'NONE', *, *, #1461, .F. ) ;
#10358 = EDGE_LOOP ( 'NONE', ( #6312, #5602, #5509, #6245 ) ) ;
#10359 = LINE ( 'NONE', #3132, #9328 ) ;
#10360 = AXIS2_PLACEMENT_3D ( 'NONE', #7011, #2086, #7745 ) ;
#10361 = LINE ( 'NONE', #8776, #5324 ) ;
#10362 = VECTOR ( 'NONE', #5715, 1000.000000000000000 ) ;
#10363 = CARTESIAN_POINT ( 'NONE',  ( -20.00000000000001066, 14.50000000000000000, -13.25000000000000178 ) ) ;
#10364 = EDGE_CURVE ( 'NONE', #2461, #2170, #7236, .T. ) ;
#10365 = VERTEX_POINT ( 'NONE', #2417 ) ;
#10366 = ORIENTED_EDGE ( 'NONE', *, *, #131, .T. ) ;
#10367 = AXIS2_PLACEMENT_3D ( 'NONE', #5100, #3452, #8305 ) ;
#10368 = ADVANCED_FACE ( 'NONE', ( #7966 ), #3323, .T. ) ;
#10369 = DIRECTION ( 'NONE',  ( -0.000000000000000000, -1.000000000000000000, 0.000000000000000000 ) ) ;
#10370 = AXIS2_PLACEMENT_3D ( 'NONE', #2043, #3638, #614 ) ;
#10371 = DIRECTION ( 'NONE',  ( -1.000000000000000000, -0.000000000000000000, 3.154042683594192162E-16 ) ) ;
#10372 = CARTESIAN_POINT ( 'NONE',  ( -15.77802059593024708, 13.00000000000000178, 5.742729852557563852 ) ) ;
#10373 = ORIENTED_EDGE ( 'NONE', *, *, #1616, .F. ) ;
#10374 = CARTESIAN_POINT ( 'NONE',  ( -52.20476079210907727, 8.286399987876013284, -4.274945468914473246 ) ) ;
#10375 = ORIENTED_EDGE ( 'NONE', *, *, #1340, .T. ) ;
#10376 = CARTESIAN_POINT ( 'NONE',  ( -50.25000000000000711, 8.400000000000000355, 2.449999999999999734 ) ) ;
#10377 = EDGE_CURVE ( 'NONE', #7976, #6832, #9588, .T. ) ;
#10378 = AXIS2_PLACEMENT_3D ( 'NONE', #188, #243, #9849 ) ;
#10379 = CARTESIAN_POINT ( 'NONE',  ( 35.66143789659457752, 0.000000000000000000, -0.1494653044016114873 ) ) ;
#10380 = CARTESIAN_POINT ( 'NONE',  ( 3.614232777074994810E-13, 13.00000000000000178, 13.54999999999995097 ) ) ;
#10381 = EDGE_LOOP ( 'NONE', ( #1847, #3744, #2194, #8774, #488, #6433, #2219, #10222, #695, #3611, #7145, #5606 ) ) ;
#10382 = VERTEX_POINT ( 'NONE', #2526 ) ;
#10383 = DIRECTION ( 'NONE',  ( -0.8660254037844380415, 0.000000000000000000, 0.5000000000000009992 ) ) ;
#10384 = CARTESIAN_POINT ( 'NONE',  ( 26.23856210340544237, 0.000000000000000000, -0.1494653044015669952 ) ) ;
#10385 = AXIS2_PLACEMENT_3D ( 'NONE', #4971, #9803, #3165 ) ;
#10386 = VERTEX_POINT ( 'NONE', #7188 ) ;
#10387 = CARTESIAN_POINT ( 'NONE',  ( -30.14000000000000412, 17.00100000000000122, 3.615000000000000213 ) ) ;
#10388 = DIRECTION ( 'NONE',  ( 0.000000000000000000, 0.000000000000000000, 1.000000000000000000 ) ) ;
#10389 = FACE_OUTER_BOUND ( 'NONE', #4237, .T. ) ;
#10390 = CARTESIAN_POINT ( 'NONE',  ( -51.22917112000553885, 14.50000000000000000, -9.894693245086278566 ) ) ;
#10391 = DIRECTION ( 'NONE',  ( 1.000000000000000000, 0.000000000000000000, 0.000000000000000000 ) ) ;
#10392 = EDGE_CURVE ( 'NONE', #7228, #2090, #10439, .T. ) ;
#10393 = DIRECTION ( 'NONE',  ( 1.000000000000000000, 0.000000000000000000, -0.000000000000000000 ) ) ;
#10394 = VERTEX_POINT ( 'NONE', #6387 ) ;
#10395 = B_SPLINE_CURVE_WITH_KNOTS ( 'NONE', 3,
 ( #9162, #5178, #4167, #6646, #5812, #8383, #1139, #7790 ),
 .UNSPECIFIED., .F., .F.,
 ( 4, 2, 2, 4 ),
 ( -3.466145320679578149E-06, 0.0002882777914485967416, 0.0004341497598332348987, 0.0005800217282178730558 ),
 .UNSPECIFIED. ) ;
#10396 = VERTEX_POINT ( 'NONE', #4003 ) ;
#10397 = EDGE_CURVE ( 'NONE', #7408, #5240, #9753, .T. ) ;
#10398 = DIRECTION ( 'NONE',  ( 0.000000000000000000, -0.9982455176826010579, 0.05921052631581454062 ) ) ;
#10399 = DIRECTION ( 'NONE',  ( 0.000000000000000000, 0.000000000000000000, -1.000000000000000000 ) ) ;
#10400 = ORIENTED_EDGE ( 'NONE', *, *, #4860, .F. ) ;
#10401 = DIRECTION ( 'NONE',  ( 1.000000000000000000, 0.000000000000000000, 0.000000000000000000 ) ) ;
#10402 = DIRECTION ( 'NONE',  ( -0.8660254037844384856, 0.000000000000000000, 0.5000000000000002220 ) ) ;
#10403 = CARTESIAN_POINT ( 'NONE',  ( 52.75100000000002609, 8.400000000000000355, -2.925000000000016254 ) ) ;
#10404 = CARTESIAN_POINT ( 'NONE',  ( -7.849999999999971223, 13.00000000000000178, -14.19019237886469220 ) ) ;
#10405 = VERTEX_POINT ( 'NONE', #2475 ) ;
#10406 = VERTEX_POINT ( 'NONE', #1723 ) ;
#10407 = LINE ( 'NONE', #1750, #589 ) ;
#10408 = EDGE_CURVE ( 'NONE', #9417, #10353, #6440, .T. ) ;
#10409 = VERTEX_POINT ( 'NONE', #8906 ) ;
#10410 = ORIENTED_EDGE ( 'NONE', *, *, #5473, .T. ) ;
#10411 = FACE_OUTER_BOUND ( 'NONE', #4510, .T. ) ;
#10412 = DIRECTION ( 'NONE',  ( -0.000000000000000000, 1.000000000000000000, -0.000000000000000000 ) ) ;
#10413 = DIRECTION ( 'NONE',  ( 0.000000000000000000, -1.000000000000000000, 0.000000000000000000 ) ) ;
#10414 = DIRECTION ( 'NONE',  ( -1.000000000000000000, 0.000000000000000000, 4.476705744456300993E-16 ) ) ;
#10415 = VERTEX_POINT ( 'NONE', #4967 ) ;
#10416 = ORIENTED_EDGE ( 'NONE', *, *, #1029, .T. ) ;
#10417 = DIRECTION ( 'NONE',  ( 1.000000000000000000, -0.000000000000000000, 0.000000000000000000 ) ) ;
#10418 = CYLINDRICAL_SURFACE ( 'NONE', #1347, 2.000000000000000000 ) ;
#10419 = EDGE_CURVE ( 'NONE', #6410, #7050, #8121, .T. ) ;
#10420 = CARTESIAN_POINT ( 'NONE',  ( 41.25000000000000000, -29.13279938488576448, 8.349999999999997868 ) ) ;
#10421 = EDGE_LOOP ( 'NONE', ( #8083, #5434, #7906, #6261 ) ) ;
#10422 = CARTESIAN_POINT ( 'NONE',  ( 2.009170479469691184, 13.00000000000000178, -14.75000000000000178 ) ) ;
#10423 = AXIS2_PLACEMENT_3D ( 'NONE', #5480, #8688, #7110 ) ;
#10424 = ORIENTED_EDGE ( 'NONE', *, *, #1468, .T. ) ;
#10425 = CARTESIAN_POINT ( 'NONE',  ( 50.24999999999999289, 11.35000000000000320, -3.299999999999998490 ) ) ;
#10426 = EDGE_CURVE ( 'NONE', #1590, #1325, #10087, .T. ) ;
#10427 = ADVANCED_FACE ( 'NONE', ( #875 ), #7343, .T. ) ;
#10428 = CARTESIAN_POINT ( 'NONE',  ( -30.14000000000000767, 0.5000000000000004441, -3.315000000000000391 ) ) ;
#10429 = DIRECTION ( 'NONE',  ( 0.000000000000000000, 1.000000000000000000, -0.000000000000000000 ) ) ;
#10430 = ORIENTED_EDGE ( 'NONE', *, *, #7924, .F. ) ;
#10431 = AXIS2_PLACEMENT_3D ( 'NONE', #5072, #4273, #5963 ) ;
#10432 = EDGE_LOOP ( 'NONE', ( #49, #3821, #5432, #8294, #9415 ) ) ;
#10433 = CARTESIAN_POINT ( 'NONE',  ( -2.000000000000008882, 14.50000000000000000, -13.35000000000018971 ) ) ;
#10434 = CARTESIAN_POINT ( 'NONE',  ( -52.45000000000000995, 7.102280827012613429, 3.001973684210525573 ) ) ;
#10435 = EDGE_CURVE ( 'NONE', #686, #513, #9079, .T. ) ;
#10436 = EDGE_LOOP ( 'NONE', ( #4721, #8852, #5641, #7952 ) ) ;
#10437 = CARTESIAN_POINT ( 'NONE',  ( 20.66000000000000369, 6.000000000000000000, 10.25000000000000178 ) ) ;
#10438 = DIRECTION ( 'NONE',  ( 0.000000000000000000, 1.000000000000000000, -0.000000000000000000 ) ) ;
#10439 = LINE ( 'NONE', #8021, #3188 ) ;
#10440 = CARTESIAN_POINT ( 'NONE',  ( -35.06554871542299878, 0.000000000000000000, -2.965000000000000302 ) ) ;
#10441 = EDGE_CURVE ( 'NONE', #10409, #9296, #4426, .T. ) ;
#10442 = DIRECTION ( 'NONE',  ( -0.000000000000000000, 1.000000000000000000, -0.000000000000000000 ) ) ;
#10443 = CARTESIAN_POINT ( 'NONE',  ( -52.25000000000001421, 10.30000000000000071, -2.449999999999999289 ) ) ;
#10444 = ORIENTED_EDGE ( 'NONE', *, *, #5616, .T. ) ;
#10445 = AXIS2_PLACEMENT_3D ( 'NONE', #256, #3488, #304 ) ;
#10446 = ORIENTED_EDGE ( 'NONE', *, *, #1193, .T. ) ;
#10447 = EDGE_CURVE ( 'NONE', #4291, #277, #4217, .T. ) ;
#10448 = CARTESIAN_POINT ( 'NONE',  ( 50.25000000000000000, 11.00000000000000178, -9.499999999999978684 ) ) ;
#10449 = CARTESIAN_POINT ( 'NONE',  ( -30.14000000000000412, 5.995909431799613998, -2.765000000000000124 ) ) ;
#10450 = VERTEX_POINT ( 'NONE', #8279 ) ;
#10451 = DIRECTION ( 'NONE',  ( 0.000000000000000000, 0.000000000000000000, -1.000000000000000000 ) ) ;
#10452 = AXIS2_PLACEMENT_3D ( 'NONE', #4801, #2249, #2409 ) ;
#10453 = CARTESIAN_POINT ( 'NONE',  ( 52.75000000000000000, 3.000000000000000000, -9.499999999999920064 ) ) ;
ENDSEC;
END-ISO-10303-21;
