ISO-10303-21;
HEADER;
FILE_DESCRIPTION (( 'STEP AP214' ),
    '1' );
FILE_NAME ('5_¿ÇÌו.STEP',
    '2026-01-04T07:16:56',
    ( '' ),
    ( '' ),
    'SwSTEP 2.0',
    'SolidWorks 2025',
    '' );
FILE_SCHEMA (( 'AUTOMOTIVE_DESIGN' ));
ENDSEC;

DATA;
#2 = DIRECTION ( 'NONE',  ( 0.000000000000000000, 1.000000000000000000, 0.000000000000000000 ) ) ;
#1 = APPLICATION_PROTOCOL_DEFINITION ( 'draft international standard', 'automotive_design', 1998, #10249 ) ;
#3 = LINE ( 'NONE', #120, #1857 ) ;
#4 = ORIENTED_EDGE ( 'NONE', *, *, #7360, .F. ) ;
#5 = CARTESIAN_POINT ( 'NONE',  ( 30.50000000000001066, 0.2999999999999999889, -2.350000000000004974 ) ) ;
#6 = EDGE_CURVE ( 'NONE', #6657, #5089, #633, .T. ) ;
#7 = EDGE_CURVE ( 'NONE', #10620, #686, #1260, .T. ) ;
#8 = FACE_OUTER_BOUND ( 'NONE', #6017, .T. ) ;
#9 = CARTESIAN_POINT ( 'NONE',  ( -50.77917112000550048, 15.10000000000000142, -9.894693245086298106 ) ) ;
#10 = CARTESIAN_POINT ( 'NONE',  ( -34.34233853611036835, 0.1265113557324332449, -20.34067203111831290 ) ) ;
#11 = LINE ( 'NONE', #9201, #56 ) ;
#12 = VECTOR ( 'NONE', #9524, 1000.000000000000000 ) ;
#13 = ORIENTED_EDGE ( 'NONE', *, *, #9913, .T. ) ;
#14 = ORIENTED_EDGE ( 'NONE', *, *, #7633, .T. ) ;
#15 = ORIENTED_EDGE ( 'NONE', *, *, #10338, .T. ) ;
#16 = EDGE_CURVE ( 'NONE', #3593, #6343, #8155, .T. ) ;
#17 = LINE ( 'NONE', #1769, #801 ) ;
#19 = DIRECTION ( 'NONE',  ( 1.927470528863116189E-15, 0.000000000000000000, 1.000000000000000000 ) ) ;
#18 = DIRECTION ( 'NONE',  ( 0.000000000000000000, 1.000000000000000000, 0.000000000000000000 ) ) ;
#20 = ORIENTED_EDGE ( 'NONE', *, *, #3839, .F. ) ;
#21 = VERTEX_POINT ( 'NONE', #2259 ) ;
#22 = ADVANCED_FACE ( 'NONE', ( #3231 ), #3122, .F. ) ;
#23 = CARTESIAN_POINT ( 'NONE',  ( -35.06554871542299878, 0.000000000000000000, -9.050000000000057554 ) ) ;
#24 = ORIENTED_EDGE ( 'NONE', *, *, #8785, .T. ) ;
#25 = DIRECTION ( 'NONE',  ( -1.000000000000000000, 0.000000000000000000, 0.000000000000000000 ) ) ;
#26 = CARTESIAN_POINT ( 'NONE',  ( -31.51661123066064363, 3.000000000000000000, 8.349999999999997868 ) ) ;
#27 = ORIENTED_EDGE ( 'NONE', *, *, #6422, .F. ) ;
#28 = LINE ( 'NONE', #3962, #358 ) ;
#29 = LINE ( 'NONE', #4384, #426 ) ;
#30 = CARTESIAN_POINT ( 'NONE',  ( -51.75423352066370342, 8.844162235952097717, 4.212383012905341673 ) ) ;
#31 = DIRECTION ( 'NONE',  ( 0.000000000000000000, -1.000000000000000000, 0.000000000000000000 ) ) ;
#32 = CYLINDRICAL_SURFACE ( 'NONE', #5966, 0.2888330770816384119 ) ;
#33 = CARTESIAN_POINT ( 'NONE',  ( -25.04999999999997939, 11.00000000000000178, 13.54999999999999893 ) ) ;
#34 = ADVANCED_FACE ( 'NONE', ( #6449 ), #1545, .T. ) ;
#35 = CIRCLE ( 'NONE', #8784, 5.499999999999985789 ) ;
#36 = ORIENTED_EDGE ( 'NONE', *, *, #7307, .T. ) ;
#37 = DIRECTION ( 'NONE',  ( 0.000000000000000000, 0.000000000000000000, -1.000000000000000000 ) ) ;
#38 = ORIENTED_EDGE ( 'NONE', *, *, #1680, .T. ) ;
#39 = DIRECTION ( 'NONE',  ( -1.000000000000000000, -1.775381057445024239E-14, 0.000000000000000000 ) ) ;
#40 = CARTESIAN_POINT ( 'NONE',  ( 0.000000000000000000, 11.00000000000000178, -12.25000000000000178 ) ) ;
#41 = ORIENTED_EDGE ( 'NONE', *, *, #2292, .T. ) ;
#42 = CARTESIAN_POINT ( 'NONE',  ( -51.49999999999998579, 8.400000000000000355, 2.449999999999999734 ) ) ;
#43 = ORIENTED_EDGE ( 'NONE', *, *, #7543, .T. ) ;
#44 = AXIS2_PLACEMENT_3D ( 'NONE', #5706, #3088, #8936 ) ;
#45 = CIRCLE ( 'NONE', #7194, 1.500000000000000444 ) ;
#46 = CARTESIAN_POINT ( 'NONE',  ( 30.50000000000001066, 0.2999999999999999889, -2.350000000000004974 ) ) ;
#47 = DIRECTION ( 'NONE',  ( -0.000000000000000000, -0.000000000000000000, 1.000000000000000000 ) ) ;
#48 = ADVANCED_FACE ( 'NONE', ( #7271 ), #4811, .T. ) ;
#49 = EDGE_CURVE ( 'NONE', #9235, #8655, #6400, .T. ) ;
#50 = ORIENTED_EDGE ( 'NONE', *, *, #660, .T. ) ;
#51 = ORIENTED_EDGE ( 'NONE', *, *, #9637, .F. ) ;
#52 = ORIENTED_EDGE ( 'NONE', *, *, #4394, .T. ) ;
#53 = AXIS2_PLACEMENT_3D ( 'NONE', #3774, #1384, #3012 ) ;
#54 = VECTOR ( 'NONE', #8569, 1000.000000000000000 ) ;
#55 = DIRECTION ( 'NONE',  ( 1.000000000000000000, -0.000000000000000000, -0.000000000000000000 ) ) ;
#56 = VECTOR ( 'NONE', #1714, 1000.000000000000000 ) ;
#58 = CARTESIAN_POINT ( 'NONE',  ( 30.50000000000001066, 0.2999999999999999889, -2.350000000000004974 ) ) ;
#57 = SHAPE_DEFINITION_REPRESENTATION ( #1699, #3208 ) ;
#59 = CARTESIAN_POINT ( 'NONE',  ( 3.529354819742604419E-16, 9.000000000000001776, -13.55000000000000249 ) ) ;
#60 = ORIENTED_EDGE ( 'NONE', *, *, #4774, .F. ) ;
#61 = DIRECTION ( 'NONE',  ( -0.8660254037844390407, 0.000000000000000000, -0.4999999999999995004 ) ) ;
#62 = AXIS2_PLACEMENT_3D ( 'NONE', #6483, #4961, #6540 ) ;
#63 = CARTESIAN_POINT ( 'NONE',  ( 20.20000000000000995, 1.000000000000000888, 8.349999999999997868 ) ) ;
#64 = CARTESIAN_POINT ( 'NONE',  ( 52.30000000000001137, 3.000000000000000000, -9.500000000000001776 ) ) ;
#65 = LINE ( 'NONE', #937, #8297 ) ;
#66 = VECTOR ( 'NONE', #8331, 1000.000000000000000 ) ;
#67 = VECTOR ( 'NONE', #8997, 1000.000000000000000 ) ;
#68 = CARTESIAN_POINT ( 'NONE',  ( 37.89211819145298676, -0.0009999999999999158867, -7.483866831501378769 ) ) ;
#69 = CARTESIAN_POINT ( 'NONE',  ( -30.28999999999998849, 6.123958770389152484, -2.892940729108319342 ) ) ;
#70 = ORIENTED_EDGE ( 'NONE', *, *, #2007, .F. ) ;
#71 = ORIENTED_EDGE ( 'NONE', *, *, #8597, .T. ) ;
#72 = ADVANCED_FACE ( 'NONE', ( #10730 ), #2307, .F. ) ;
#73 = AXIS2_PLACEMENT_3D ( 'NONE', #6212, #7846, #7019 ) ;
#74 = ORIENTED_EDGE ( 'NONE', *, *, #5782, .F. ) ;
#75 = EDGE_CURVE ( 'NONE', #6290, #7675, #9027, .T. ) ;
#76 = FACE_OUTER_BOUND ( 'NONE', #1922, .T. ) ;
#78 = DIRECTION ( 'NONE',  ( -0.000000000000000000, -1.000000000000000000, -0.000000000000000000 ) ) ;
#77 = DIRECTION ( 'NONE',  ( -1.000000000000000000, 0.000000000000000000, 0.000000000000000000 ) ) ;
#79 = AXIS2_PLACEMENT_3D ( 'NONE', #7582, #165, #7634 ) ;
#80 = ORIENTED_EDGE ( 'NONE', *, *, #3748, .F. ) ;
#81 = AXIS2_PLACEMENT_3D ( 'NONE', #10597, #9822, #3092 ) ;
#82 = ORIENTED_EDGE ( 'NONE', *, *, #6892, .F. ) ;
#83 = CARTESIAN_POINT ( 'NONE',  ( -51.77340835089973581, 7.205390757595191431, -3.692296232791149269 ) ) ;
#84 = EDGE_LOOP ( 'NONE', ( #2870, #6899, #9952, #1417 ) ) ;
#85 = CARTESIAN_POINT ( 'NONE',  ( 34.84364652204420310, 0.5000000000000000000, -5.723830892551269756 ) ) ;
#86 = CARTESIAN_POINT ( 'NONE',  ( 37.89211819145300808, 0.2999999999999999889, 2.783866831501330630 ) ) ;
#87 = ORIENTED_EDGE ( 'NONE', *, *, #5704, .T. ) ;
#88 = ORIENTED_EDGE ( 'NONE', *, *, #4860, .F. ) ;
#89 = VECTOR ( 'NONE', #7249, 1000.000000000000000 ) ;
#90 = AXIS2_PLACEMENT_3D ( 'NONE', #782, #991, #5854 ) ;
#91 = ADVANCED_FACE ( 'NONE', ( #614 ), #4867, .T. ) ;
#92 = PLANE ( 'NONE',  #9790 ) ;
#93 = VECTOR ( 'NONE', #6106, 1000.000000000000000 ) ;
#94 = CARTESIAN_POINT ( 'NONE',  ( 49.80000000000001847, 11.35000000000000142, 1.700000000000000178 ) ) ;
#95 = DIRECTION ( 'NONE',  ( 0.000000000000000000, 1.000000000000000000, -0.000000000000000000 ) ) ;
#96 = CARTESIAN_POINT ( 'NONE',  ( 9.519658948938198861, 5.500000000000000000, 10.24999999999999289 ) ) ;
#97 = AXIS2_PLACEMENT_3D ( 'NONE', #6023, #6894, #6129 ) ;
#98 = DIRECTION ( 'NONE',  ( 0.000000000000000000, 1.000000000000000000, -0.000000000000000000 ) ) ;
#99 = CARTESIAN_POINT ( 'NONE',  ( -44.74999999999998579, 17.60000000000000142, -13.55000000000000249 ) ) ;
#100 = EDGE_CURVE ( 'NONE', #166, #8809, #8206, .T. ) ;
#101 = ADVANCED_FACE ( 'NONE', ( #4754 ), #5632, .T. ) ;
#102 = CIRCLE ( 'NONE', #5677, 11.00296197722692959 ) ;
#103 = ORIENTED_EDGE ( 'NONE', *, *, #697, .F. ) ;
#104 = LINE ( 'NONE', #4456, #9236 ) ;
#105 = EDGE_LOOP ( 'NONE', ( #6134, #3238, #9460, #4596, #8637, #5135, #10254, #5998, #8285, #9709, #622, #20, #6623, #5079, #2327, #4202, #4100, #3971, #1645, #6216, #873, #1879, #7890, #3403, #4734, #5272 ) ) ;
#106 = LINE ( 'NONE', #2557, #2508 ) ;
#107 = CARTESIAN_POINT ( 'NONE',  ( -34.31252571724582623, 0.2000000000000111411, 2.765000000000000124 ) ) ;
#108 = ORIENTED_EDGE ( 'NONE', *, *, #6682, .T. ) ;
#109 = ADVANCED_FACE ( 'NONE', ( #666 ), #3987, .T. ) ;
#110 = LINE ( 'NONE', #5229, #3860 ) ;
#111 = EDGE_LOOP ( 'NONE', ( #2241, #9551, #4881, #5023 ) ) ;
#112 = DIRECTION ( 'NONE',  ( 0.000000000000000000, 1.826024711554533223E-15, -1.000000000000000000 ) ) ;
#113 = CIRCLE ( 'NONE', #6208, 0.1999999999999995948 ) ;
#114 = DIRECTION ( 'NONE',  ( 0.000000000000000000, 1.000000000000000000, 0.000000000000000000 ) ) ;
#115 = ORIENTED_EDGE ( 'NONE', *, *, #3876, .F. ) ;
#116 = EDGE_LOOP ( 'NONE', ( #9350, #6057, #2587, #7303, #2669 ) ) ;
#117 = CIRCLE ( 'NONE', #6733, 0.1999999999999987899 ) ;
#118 = LINE ( 'NONE', #8516, #5463 ) ;
#119 = DIRECTION ( 'NONE',  ( 0.000000000000000000, 1.000000000000000000, -0.000000000000000000 ) ) ;
#120 = CARTESIAN_POINT ( 'NONE',  ( -2.258274450660561356E-16, 15.10000000000000142, 12.24999999999999822 ) ) ;
#121 = ORIENTED_EDGE ( 'NONE', *, *, #225, .T. ) ;
#122 = DIRECTION ( 'NONE',  ( -0.000000000000000000, -1.000000000000000000, 0.000000000000000000 ) ) ;
#123 = EDGE_CURVE ( 'NONE', #2827, #6711, #3590, .T. ) ;
#124 = CARTESIAN_POINT ( 'NONE',  ( 47.05000000000001137, 3.000000000000000000, -9.500000000000001776 ) ) ;
#125 = PLANE ( 'NONE',  #7895 ) ;
#126 = DIRECTION ( 'NONE',  ( -0.000000000000000000, 1.000000000000000000, -0.000000000000000000 ) ) ;
#127 = VECTOR ( 'NONE', #9340, 1000.000000000000000 ) ;
#128 = DIRECTION ( 'NONE',  ( 1.000000000000000000, 0.000000000000000000, 0.000000000000000000 ) ) ;
#129 = ORIENTED_EDGE ( 'NONE', *, *, #10571, .T. ) ;
#130 = VERTEX_POINT ( 'NONE', #7428 ) ;
#131 = VERTEX_POINT ( 'NONE', #10674 ) ;
#132 = CARTESIAN_POINT ( 'NONE',  ( 47.05000000000001137, 3.000000000000000000, 14.75000000000000000 ) ) ;
#134 = CARTESIAN_POINT ( 'NONE',  ( 47.05000000000001137, 16.60000000000000142, -9.500000000000001776 ) ) ;
#133 = CARTESIAN_POINT ( 'NONE',  ( -2.258274450660561356E-16, 8.000000000000000000, 12.24999999999999822 ) ) ;
#135 = EDGE_LOOP ( 'NONE', ( #1639, #3250, #4087, #7822 ) ) ;
#136 = EDGE_CURVE ( 'NONE', #4188, #6544, #3171, .T. ) ;
#137 = AXIS2_PLACEMENT_3D ( 'NONE', #5947, #5342, #8316 ) ;
#138 = LINE ( 'NONE', #2534, #217 ) ;
#139 = EDGE_LOOP ( 'NONE', ( #8769, #8117, #6976, #1527, #8647 ) ) ;
#140 = DIRECTION ( 'NONE',  ( 1.000000000000000000, 0.000000000000000000, 0.000000000000000000 ) ) ;
#141 = CARTESIAN_POINT ( 'NONE',  ( 42.80000000000001137, 8.000000000000000000, 1.247998397434841644 ) ) ;
#142 = ORIENTED_EDGE ( 'NONE', *, *, #1750, .F. ) ;
#143 = EDGE_LOOP ( 'NONE', ( #6726, #8888, #2059, #9362 ) ) ;
#144 = ORIENTED_EDGE ( 'NONE', *, *, #6295, .F. ) ;
#145 = AXIS2_PLACEMENT_3D ( 'NONE', #5214, #1009, #6847 ) ;
#146 = LINE ( 'NONE', #6085, #874 ) ;
#147 = CARTESIAN_POINT ( 'NONE',  ( -19.54999999999997939, 15.10000000000000142, -12.25000000000000178 ) ) ;
#148 = CARTESIAN_POINT ( 'NONE',  ( -35.18270600294837891, -5.221698467888518440E-16, -2.847842712474618843 ) ) ;
#149 = PLANE ( 'NONE',  #10535 ) ;
#150 = CARTESIAN_POINT ( 'NONE',  ( -51.53558673494317333, 8.995702590247848462, 4.258298117934733007 ) ) ;
#151 = EDGE_CURVE ( 'NONE', #4397, #6182, #2386, .T. ) ;
#152 = EDGE_CURVE ( 'NONE', #10005, #454, #9853, .T. ) ;
#153 = FACE_OUTER_BOUND ( 'NONE', #5971, .T. ) ;
#154 = VECTOR ( 'NONE', #1897, 1000.000000000000000 ) ;
#155 = ORIENTED_EDGE ( 'NONE', *, *, #2470, .F. ) ;
#156 = CIRCLE ( 'NONE', #1554, 2.999999999999999112 ) ;
#157 = CARTESIAN_POINT ( 'NONE',  ( -51.79999999999998295, 10.00000000000000000, 2.449999999999999289 ) ) ;
#158 = ORIENTED_EDGE ( 'NONE', *, *, #5481, .F. ) ;
#159 = EDGE_CURVE ( 'NONE', #1512, #3610, #5687, .T. ) ;
#160 = CARTESIAN_POINT ( 'NONE',  ( 2.550000000000021583, 13.30000000000000071, 12.35000000000015952 ) ) ;
#161 = CARTESIAN_POINT ( 'NONE',  ( 37.00000000000001421, 1.000000000000000000, 6.484690356689041479 ) ) ;
#162 = DIRECTION ( 'NONE',  ( 0.000000000000000000, 0.000000000000000000, 1.000000000000000000 ) ) ;
#163 = VECTOR ( 'NONE', #8180, 1000.000000000000000 ) ;
#164 = EDGE_CURVE ( 'NONE', #1512, #8529, #8659, .T. ) ;
#165 = DIRECTION ( 'NONE',  ( -7.798401546918596144E-32, -1.000000000000000000, -4.607859233063396803E-16 ) ) ;
#166 = VERTEX_POINT ( 'NONE', #216 ) ;
#167 = ORIENTED_EDGE ( 'NONE', *, *, #10766, .F. ) ;
#168 = LINE ( 'NONE', #3444, #9320 ) ;
#169 = CARTESIAN_POINT ( 'NONE',  ( -51.79999999999998295, 6.902631723476095438, -3.013815789473683893 ) ) ;
#170 = PLANE ( 'NONE',  #8141 ) ;
#171 = ORIENTED_EDGE ( 'NONE', *, *, #7637, .T. ) ;
#172 = CYLINDRICAL_SURFACE ( 'NONE', #410, 11.00296197722693314 ) ;
#173 = CARTESIAN_POINT ( 'NONE',  ( 51.50000000000001421, 9.850000000000003197, -2.500000000000000444 ) ) ;
#174 = CARTESIAN_POINT ( 'NONE',  ( 35.53197956910964450, 0.1300423822510689831, -0.2541858920927416166 ) ) ;
#175 = FACE_BOUND ( 'NONE', #5192, .T. ) ;
#176 = CARTESIAN_POINT ( 'NONE',  ( 44.85000000000002984, 6.000000000000000000, 0.000000000000000000 ) ) ;
#177 = ORIENTED_EDGE ( 'NONE', *, *, #10655, .F. ) ;
#178 = ORIENTED_EDGE ( 'NONE', *, *, #1614, .F. ) ;
#179 = EDGE_CURVE ( 'NONE', #5728, #1315, #4976, .T. ) ;
#180 = ORIENTED_EDGE ( 'NONE', *, *, #4690, .F. ) ;
#181 = DIRECTION ( 'NONE',  ( 0.000000000000000000, 0.000000000000000000, 1.000000000000000000 ) ) ;
#183 = CARTESIAN_POINT ( 'NONE',  ( -51.89853060988541955, 7.877115474299460018, 4.119958270625177832 ) ) ;
#182 = CYLINDRICAL_SURFACE ( 'NONE', #10284, 2.750000000000002665 ) ;
#184 = ORIENTED_EDGE ( 'NONE', *, *, #4406, .F. ) ;
#185 = VECTOR ( 'NONE', #904, 1000.000000000000000 ) ;
#186 = CARTESIAN_POINT ( 'NONE',  ( -40.03434658500975019, 0.1071145293931473896, 8.372877755913762599 ) ) ;
#187 = ORIENTED_EDGE ( 'NONE', *, *, #9447, .F. ) ;
#188 = LINE ( 'NONE', #1984, #5322 ) ;
#189 = FACE_BOUND ( 'NONE', #2641, .T. ) ;
#190 = EDGE_LOOP ( 'NONE', ( #7468, #1584, #167, #8700 ) ) ;
#191 = ORIENTED_EDGE ( 'NONE', *, *, #2960, .F. ) ;
#192 = ORIENTED_EDGE ( 'NONE', *, *, #1809, .F. ) ;
#193 = ADVANCED_FACE ( 'NONE', ( #8368 ), #10011, .T. ) ;
#194 = ADVANCED_FACE ( 'NONE', ( #6769 ), #170, .T. ) ;
#195 = CARTESIAN_POINT ( 'NONE',  ( 49.79999999999999005, 9.850000000000001421, 3.299999999999998934 ) ) ;
#196 = CARTESIAN_POINT ( 'NONE',  ( 29.98208284934528578, -1.871942813432003503E-16, 2.892751484835250242 ) ) ;
#197 = CARTESIAN_POINT ( 'NONE',  ( -51.93125719838258902, 7.432890003654512689, 3.819589400665899692 ) ) ;
#198 = DIRECTION ( 'NONE',  ( 0.000000000000000000, 1.000000000000000000, -0.000000000000000000 ) ) ;
#199 = DIRECTION ( 'NONE',  ( 0.000000000000000000, 1.000000000000000000, 0.000000000000000000 ) ) ;
#200 = EDGE_LOOP ( 'NONE', ( #8683, #10741, #6586, #10149 ) ) ;
#201 = DIRECTION ( 'NONE',  ( 0.000000000000000000, 0.000000000000000000, 1.000000000000000000 ) ) ;
#202 = ORIENTED_EDGE ( 'NONE', *, *, #8435, .T. ) ;
#203 = ADVANCED_FACE ( 'NONE', ( #1031 ), #6655, .T. ) ;
#204 = EDGE_CURVE ( 'NONE', #9305, #7924, #5848, .T. ) ;
#205 = FACE_OUTER_BOUND ( 'NONE', #2213, .T. ) ;
#206 = EDGE_LOOP ( 'NONE', ( #10415, #10378, #8993, #3193 ) ) ;
#207 = DIRECTION ( 'NONE',  ( -1.000000000000000000, 0.000000000000000000, 0.000000000000000000 ) ) ;
#208 = CARTESIAN_POINT ( 'NONE',  ( -34.32300333360993250, 0.1748349968067927918, 2.765000000000000124 ) ) ;
#209 = CARTESIAN_POINT ( 'NONE',  ( -34.52834772718359346, 0.000000000000000000, 0.000000000000000000 ) ) ;
#210 = CARTESIAN_POINT ( 'NONE',  ( -34.31252571724582623, 0.2000000000000011768, -8.850000000000056488 ) ) ;
#211 = ADVANCED_FACE ( 'NONE', ( #4357 ), #878, .T. ) ;
#212 = VERTEX_POINT ( 'NONE', #9291 ) ;
#213 = EDGE_LOOP ( 'NONE', ( #4257, #2281, #3011, #5309, #1381 ) ) ;
#214 = EDGE_CURVE ( 'NONE', #1262, #2827, #6716, .T. ) ;
#215 = FACE_OUTER_BOUND ( 'NONE', #2260, .T. ) ;
#216 = CARTESIAN_POINT ( 'NONE',  ( 38.64211819145299387, 0.2999999999999999889, -6.184828725824718099 ) ) ;
#217 = VECTOR ( 'NONE', #6677, 1000.000000000000000 ) ;
#218 = ORIENTED_EDGE ( 'NONE', *, *, #479, .T. ) ;
#219 = AXIS2_PLACEMENT_3D ( 'NONE', #645, #3101, #10604 ) ;
#220 = DIRECTION ( 'NONE',  ( -1.176083712526649195E-16, 0.000000000000000000, -1.000000000000000000 ) ) ;
#221 = LINE ( 'NONE', #4856, #4951 ) ;
#222 = DIRECTION ( 'NONE',  ( -1.000000000000000000, 0.000000000000000000, 0.000000000000000000 ) ) ;
#223 = FACE_OUTER_BOUND ( 'NONE', #10282, .T. ) ;
#224 = DIRECTION ( 'NONE',  ( 0.000000000000000000, -0.000000000000000000, 1.000000000000000000 ) ) ;
#225 = EDGE_CURVE ( 'NONE', #1773, #7854, #10429, .T. ) ;
#226 = ORIENTED_EDGE ( 'NONE', *, *, #2967, .T. ) ;
#227 = AXIS2_PLACEMENT_3D ( 'NONE', #5792, #5851, #8422 ) ;
#228 = VERTEX_POINT ( 'NONE', #5948 ) ;
#229 = VECTOR ( 'NONE', #7176, 1000.000000000000000 ) ;
#230 = ORIENTED_EDGE ( 'NONE', *, *, #2038, .F. ) ;
#231 = EDGE_CURVE ( 'NONE', #7815, #7351, #9194, .T. ) ;
#232 = CARTESIAN_POINT ( 'NONE',  ( 30.94999999999998863, 0.000000000000000000, -7.530492254602831004 ) ) ;
#234 = CARTESIAN_POINT ( 'NONE',  ( -31.51661123066064363, 3.000000000000000000, -2.765000000000000124 ) ) ;
#233 = CARTESIAN_POINT ( 'NONE',  ( 49.80000000000001847, 11.35000000000000320, -3.299999999999998490 ) ) ;
#235 = ORIENTED_EDGE ( 'NONE', *, *, #5651, .T. ) ;
#236 = ORIENTED_EDGE ( 'NONE', *, *, #1391, .F. ) ;
#237 = B_SPLINE_CURVE_WITH_KNOTS ( 'NONE', 3,
 ( #6350, #10628, #9697, #10520, #8104, #7935, #5472, #8981 ),
 .UNSPECIFIED., .F., .F.,
 ( 4, 2, 2, 4 ),
 ( 0.001461911207851834902, 0.001827313039948606603, 0.002192714872045378304, 0.002923518536238922574 ),
 .UNSPECIFIED. ) ;
#238 = AXIS2_PLACEMENT_3D ( 'NONE', #5403, #2894, #4577 ) ;
#239 = ORIENTED_EDGE ( 'NONE', *, *, #4083, .F. ) ;
#240 = CIRCLE ( 'NONE', #6335, 5.249999999999999112 ) ;
#241 = EDGE_CURVE ( 'NONE', #6001, #1082, #10226, .T. ) ;
#242 = LINE ( 'NONE', #2746, #6844 ) ;
#243 = DIRECTION ( 'NONE',  ( 0.000000000000000000, 0.000000000000000000, 1.000000000000000000 ) ) ;
#244 = ORIENTED_EDGE ( 'NONE', *, *, #5235, .F. ) ;
#245 = LINE ( 'NONE', #9374, #9692 ) ;
#246 = CYLINDRICAL_SURFACE ( 'NONE', #10212, 0.2000000000000000944 ) ;
#247 = EDGE_LOOP ( 'NONE', ( #7879, #9402, #796, #2843 ) ) ;
#248 = VERTEX_POINT ( 'NONE', #1707 ) ;
#249 = VECTOR ( 'NONE', #424, 1000.000000000000000 ) ;
#250 = VERTEX_POINT ( 'NONE', #931 ) ;
#251 = AXIS2_PLACEMENT_3D ( 'NONE', #1444, #7285, #6461 ) ;
#252 = VECTOR ( 'NONE', #1310, 999.9999999999998863 ) ;
#253 = LINE ( 'NONE', #1885, #7145 ) ;
#254 = LINE ( 'NONE', #9221, #2346 ) ;
#255 = CARTESIAN_POINT ( 'NONE',  ( -51.81167570767502895, 8.184713429713227129, 4.211499472778924336 ) ) ;
#256 = ADVANCED_FACE ( 'NONE', ( #3493 ), #2620, .T. ) ;
#257 = CARTESIAN_POINT ( 'NONE',  ( 25.50062952100082825, 0.09795398803915109087, -0.2431603510189974116 ) ) ;
#258 = EDGE_CURVE ( 'NONE', #4020, #579, #1804, .T. ) ;
#259 = VECTOR ( 'NONE', #6693, 1000.000000000000000 ) ;
#260 = ORIENTED_EDGE ( 'NONE', *, *, #3795, .F. ) ;
#261 = CARTESIAN_POINT ( 'NONE',  ( -30.28999999999998849, 3.074969646427789804, 8.401296524698029344 ) ) ;
#262 = VECTOR ( 'NONE', #7954, 1000.000000000000000 ) ;
#263 = ORIENTED_EDGE ( 'NONE', *, *, #10067, .T. ) ;
#264 = CIRCLE ( 'NONE', #9515, 2.750000000000000888 ) ;
#265 = DIRECTION ( 'NONE',  ( 3.384826294588892433E-16, -0.000000000000000000, 1.000000000000000000 ) ) ;
#266 = ORIENTED_EDGE ( 'NONE', *, *, #4566, .F. ) ;
#267 = DIRECTION ( 'NONE',  ( -0.000000000000000000, -1.000000000000000000, -0.000000000000000000 ) ) ;
#268 = DIRECTION ( 'NONE',  ( -0.000000000000000000, 0.000000000000000000, 1.000000000000000000 ) ) ;
#269 = CARTESIAN_POINT ( 'NONE',  ( -31.28999999999999204, 5.400000000000000355, -9.850000000000052935 ) ) ;
#270 = DIRECTION ( 'NONE',  ( 0.000000000000000000, 0.000000000000000000, 1.000000000000000000 ) ) ;
#271 = EDGE_CURVE ( 'NONE', #9784, #5520, #3, .T. ) ;
#272 = AXIS2_PLACEMENT_3D ( 'NONE', #5354, #6008, #9356 ) ;
#273 = VERTEX_POINT ( 'NONE', #3446 ) ;
#274 = DIRECTION ( 'NONE',  ( -0.000000000000000000, 1.000000000000000000, -0.000000000000000000 ) ) ;
#275 = LINE ( 'NONE', #654, #3074 ) ;
#276 = ORIENTED_EDGE ( 'NONE', *, *, #10788, .T. ) ;
#277 = DIRECTION ( 'NONE',  ( 0.000000000000000000, -1.000000000000000000, 0.000000000000000000 ) ) ;
#278 = CARTESIAN_POINT ( 'NONE',  ( -50.79999999999998295, 15.10000000000000142, 0.000000000000000000 ) ) ;
#279 = LINE ( 'NONE', #4315, #2491 ) ;
#281 = ADVANCED_FACE ( 'NONE', ( #1859 ), #5134, .T. ) ;
#280 = FACE_BOUND ( 'NONE', #3408, .T. ) ;
#282 = EDGE_CURVE ( 'NONE', #5603, #6184, #3970, .T. ) ;
#283 = FACE_OUTER_BOUND ( 'NONE', #353, .T. ) ;
#284 = ORIENTED_EDGE ( 'NONE', *, *, #7852, .T. ) ;
#285 = AXIS2_PLACEMENT_3D ( 'NONE', #773, #2410, #7315 ) ;
#286 = VERTEX_POINT ( 'NONE', #489 ) ;
#287 = CIRCLE ( 'NONE', #6388, 0.1999999999999987899 ) ;
#288 = ORIENTED_EDGE ( 'NONE', *, *, #9274, .T. ) ;
#289 =( BOUNDED_CURVE ( )  B_SPLINE_CURVE ( 3, ( #2799, #10358, #2637, #5101 ),
 .UNSPECIFIED., .F., .T. ) 
 B_SPLINE_CURVE_WITH_KNOTS ( ( 4, 4 ),
 ( 4.712388980384689674, 5.906926873010757362 ),
 .UNSPECIFIED. ) 
 CURVE ( )  GEOMETRIC_REPRESENTATION_ITEM ( )  RATIONAL_B_SPLINE_CURVE ( ( 1.000000000000000000, 0.8845830693046154991, 0.8845830693046154991, 1.000000000000000000 ) ) 
 REPRESENTATION_ITEM ( '' )  );
#290 = CARTESIAN_POINT ( 'NONE',  ( 49.80000000000001847, 11.35000000000000320, -3.299999999999998490 ) ) ;
#292 = CARTESIAN_POINT ( 'NONE',  ( -30.28999999999998494, 3.037671590203215644, -8.908450778354382038 ) ) ;
#291 = FACE_OUTER_BOUND ( 'NONE', #8902, .T. ) ;
#293 = EDGE_LOOP ( 'NONE', ( #4650, #7273, #3770, #1306 ) ) ;
#294 = ORIENTED_EDGE ( 'NONE', *, *, #4465, .F. ) ;
#295 = EDGE_CURVE ( 'NONE', #4582, #564, #9370, .T. ) ;
#296 = AXIS2_PLACEMENT_3D ( 'NONE', #9118, #6642, #1848 ) ;
#297 = VERTEX_POINT ( 'NONE', #5293 ) ;
#298 = DIRECTION ( 'NONE',  ( -1.000000000000000000, 0.000000000000000000, 0.000000000000000000 ) ) ;
#299 = EDGE_CURVE ( 'NONE', #1401, #7242, #3646, .T. ) ;
#300 = ORIENTED_EDGE ( 'NONE', *, *, #9335, .T. ) ;
#301 = LINE ( 'NONE', #7660, #1491 ) ;
#302 = DIRECTION ( 'NONE',  ( 0.000000000000000000, 1.000000000000000000, -0.000000000000000000 ) ) ;
#303 = ORIENTED_EDGE ( 'NONE', *, *, #3417, .T. ) ;
#304 = ORIENTED_EDGE ( 'NONE', *, *, #5162, .F. ) ;
#305 = VERTEX_POINT ( 'NONE', #1305 ) ;
#306 = ADVANCED_FACE ( 'NONE', ( #9567 ), #1243, .T. ) ;
#307 = VECTOR ( 'NONE', #3934, 1000.000000000000000 ) ;
#308 = DIRECTION ( 'NONE',  ( 0.000000000000000000, 0.000000000000000000, 1.000000000000000000 ) ) ;
#309 = DIRECTION ( 'NONE',  ( -0.000000000000000000, 1.000000000000000000, -1.239088197126290817E-16 ) ) ;
#310 = DIRECTION ( 'NONE',  ( -1.000000000000000000, 0.000000000000000000, 0.000000000000000000 ) ) ;
#311 = DIRECTION ( 'NONE',  ( 0.000000000000000000, 0.000000000000000000, 1.000000000000000000 ) ) ;
#312 = LINE ( 'NONE', #2811, #910 ) ;
#313 = EDGE_LOOP ( 'NONE', ( #5277, #1799, #5858, #932 ) ) ;
#314 = CARTESIAN_POINT ( 'NONE',  ( -31.27558991515558162, 3.160852565176047957, 8.349999999999996092 ) ) ;
#315 = CARTESIAN_POINT ( 'NONE',  ( -8.508845726811326671, 13.30000000000000071, -13.55000000000016058 ) ) ;
#316 = VECTOR ( 'NONE', #1503, 999.9999999999998863 ) ;
#317 = ORIENTED_EDGE ( 'NONE', *, *, #2444, .F. ) ;
#318 = EDGE_CURVE ( 'NONE', #7934, #3720, #117, .T. ) ;
#319 = DIRECTION ( 'NONE',  ( 1.000000000000000000, 0.000000000000000000, 0.000000000000000000 ) ) ;
#320 = VERTEX_POINT ( 'NONE', #5450 ) ;
#321 = CARTESIAN_POINT ( 'NONE',  ( -51.99999999999998579, 8.400000000000000355, -2.924999999999996270 ) ) ;
#322 = DIRECTION ( 'NONE',  ( 1.000000000000000000, 0.000000000000000000, 4.649961153092157965E-16 ) ) ;
#323 = ORIENTED_EDGE ( 'NONE', *, *, #6141, .F. ) ;
#324 = FACE_OUTER_BOUND ( 'NONE', #9679, .T. ) ;
#325 = FACE_OUTER_BOUND ( 'NONE', #3831, .T. ) ;
#326 = EDGE_CURVE ( 'NONE', #6069, #9002, #7913, .T. ) ;
#327 = EDGE_CURVE ( 'NONE', #3063, #10122, #10281, .T. ) ;
#328 = ORIENTED_EDGE ( 'NONE', *, *, #7583, .F. ) ;
#329 = CARTESIAN_POINT ( 'NONE',  ( -25.04999999999997939, 11.00000000000000178, -0.000000000000000000 ) ) ;
#330 = AXIS2_PLACEMENT_3D ( 'NONE', #9372, #9530, #397 ) ;
#331 = CARTESIAN_POINT ( 'NONE',  ( -51.54281528994463457, 8.878969356734485174, -4.292623908086762974 ) ) ;
#332 = ORIENTED_EDGE ( 'NONE', *, *, #10049, .T. ) ;
#333 = DIRECTION ( 'NONE',  ( -0.000000000000000000, -1.000000000000000000, 0.000000000000000000 ) ) ;
#334 = AXIS2_PLACEMENT_3D ( 'NONE', #1207, #7269, #8919 ) ;
#335 = DIRECTION ( 'NONE',  ( 0.000000000000000000, 0.000000000000000000, 1.000000000000000000 ) ) ;
#336 = DIRECTION ( 'NONE',  ( 0.000000000000000000, 0.000000000000000000, 1.000000000000000000 ) ) ;
#337 = CARTESIAN_POINT ( 'NONE',  ( -31.27472780755320869, 0.2000000000000000111, -20.34067203111831290 ) ) ;
#338 = CARTESIAN_POINT ( 'NONE',  ( -51.55633014137976744, 8.400000000003297274, -4.350000000000000533 ) ) ;
#339 = ORIENTED_EDGE ( 'NONE', *, *, #2844, .F. ) ;
#340 = ORIENTED_EDGE ( 'NONE', *, *, #1187, .T. ) ;
#341 = CARTESIAN_POINT ( 'NONE',  ( -3.019693845669886745, 13.30000000000000071, 13.55000000000016414 ) ) ;
#342 = EDGE_CURVE ( 'NONE', #4987, #2046, #2073, .T. ) ;
#343 = EDGE_CURVE ( 'NONE', #7616, #6401, #3429, .T. ) ;
#345 = CARTESIAN_POINT ( 'NONE',  ( -31.23592012323280542, 3.075616134154417480, -8.849999991460052229 ) ) ;
#344 = CARTESIAN_POINT ( 'NONE',  ( 30.50000000000001066, 0.2999999999999999889, -2.350000000000004974 ) ) ;
#346 = ORIENTED_EDGE ( 'NONE', *, *, #7794, .T. ) ;
#347 = EDGE_LOOP ( 'NONE', ( #7970, #3509, #9750, #1019 ) ) ;
#348 = ORIENTED_EDGE ( 'NONE', *, *, #1407, .F. ) ;
#349 = LINE ( 'NONE', #5368, #10183 ) ;
#350 = DIRECTION ( 'NONE',  ( -1.000000000000000000, -0.000000000000000000, -0.000000000000000000 ) ) ;
#351 = DIRECTION ( 'NONE',  ( -0.000000000000000000, 1.000000000000000000, 0.000000000000000000 ) ) ;
#352 = CARTESIAN_POINT ( 'NONE',  ( -51.75568855767082965, 7.541087274621745884, -4.027145805447222671 ) ) ;
#353 = EDGE_LOOP ( 'NONE', ( #7776, #6696, #184, #1908 ) ) ;
#354 = ORIENTED_EDGE ( 'NONE', *, *, #8085, .F. ) ;
#355 = ORIENTED_EDGE ( 'NONE', *, *, #7281, .T. ) ;
#356 = ADVANCED_FACE ( 'NONE', ( #2776 ), #376, .F. ) ;
#357 = CARTESIAN_POINT ( 'NONE',  ( -30.58468777611174971, 5.996053361243351532, 2.765035319962516169 ) ) ;
#358 = VECTOR ( 'NONE', #7296, 1000.000000000000000 ) ;
#359 = DIRECTION ( 'NONE',  ( -0.000000000000000000, 0.000000000000000000, 1.000000000000000000 ) ) ;
#360 = CARTESIAN_POINT ( 'NONE',  ( 40.80000000000001137, -29.13279938488576448, 8.349999999999997868 ) ) ;
#361 = CARTESIAN_POINT ( 'NONE',  ( 23.10788180854700258, 0.2999999999999999889, -7.483866831501333472 ) ) ;
#362 = ORIENTED_EDGE ( 'NONE', *, *, #2389, .T. ) ;
#363 = CARTESIAN_POINT ( 'NONE',  ( -30.28999999999999204, 3.059762937652267922, 9.348484337050489756 ) ) ;
#364 = CARTESIAN_POINT ( 'NONE',  ( -34.33293214504335822, 0.1503201388544058437, -2.769584417859758840 ) ) ;
#365 = AXIS2_PLACEMENT_3D ( 'NONE', #3608, #6287, #2201 ) ;
#366 = ORIENTED_EDGE ( 'NONE', *, *, #9989, .F. ) ;
#367 = LINE ( 'NONE', #1293, #7649 ) ;
#368 = DIRECTION ( 'NONE',  ( 0.000000000000000000, 0.000000000000000000, 1.000000000000000000 ) ) ;
#369 = CARTESIAN_POINT ( 'NONE',  ( -51.75354702646688310, 8.859201557714980524, -4.221184600453633529 ) ) ;
#370 = DIRECTION ( 'NONE',  ( -0.000000000000000000, 1.000000000000000000, -0.000000000000000000 ) ) ;
#371 = LINE ( 'NONE', #7022, #8756 ) ;
#372 = CARTESIAN_POINT ( 'NONE',  ( 52.30100000000003746, 8.400000000000000355, 4.224999999999957012 ) ) ;
#373 = EDGE_CURVE ( 'NONE', #3559, #5253, #1142, .T. ) ;
#374 = ORIENTED_EDGE ( 'NONE', *, *, #7496, .F. ) ;
#375 = CARTESIAN_POINT ( 'NONE',  ( -51.79999999999998295, 6.800000000000000711, -2.449999999999999734 ) ) ;
#376 = CYLINDRICAL_SURFACE ( 'NONE', #8313, 11.00296197722693314 ) ;
#377 = ORIENTED_EDGE ( 'NONE', *, *, #4889, .F. ) ;
#378 = LINE ( 'NONE', #7804, #4585 ) ;
#379 = CARTESIAN_POINT ( 'NONE',  ( 22.35788180854700258, 0.2999999999999999889, -6.184828725824669249 ) ) ;
#380 = EDGE_CURVE ( 'NONE', #9526, #3620, #10336, .T. ) ;
#381 = CARTESIAN_POINT ( 'NONE',  ( -2.128978811426082187E-15, 6.500000000000000888, 6.750000000000007994 ) ) ;
#382 = EDGE_CURVE ( 'NONE', #3410, #7324, #10236, .T. ) ;
#383 = EDGE_CURVE ( 'NONE', #6334, #9732, #9452, .T. ) ;
#384 = LINE ( 'NONE', #2025, #8081 ) ;
#385 = ORIENTED_EDGE ( 'NONE', *, *, #1418, .F. ) ;
#386 = ORIENTED_EDGE ( 'NONE', *, *, #3152, .F. ) ;
#387 = VERTEX_POINT ( 'NONE', #6164 ) ;
#388 = CIRCLE ( 'NONE', #1787, 3.750000000000001776 ) ;
#389 = DIRECTION ( 'NONE',  ( -0.000000000000000000, 0.05921052631578645892, 0.9982455176826027232 ) ) ;
#391 = PLANE ( 'NONE',  #365 ) ;
#390 = DIRECTION ( 'NONE',  ( 1.000000000000000000, 0.000000000000000000, 0.000000000000000000 ) ) ;
#392 = EDGE_LOOP ( 'NONE', ( #71, #4305, #15, #9947 ) ) ;
#393 = ORIENTED_EDGE ( 'NONE', *, *, #3512, .F. ) ;
#394 = ORIENTED_EDGE ( 'NONE', *, *, #10167, .F. ) ;
#395 = VERTEX_POINT ( 'NONE', #1957 ) ;
#396 = FACE_OUTER_BOUND ( 'NONE', #7896, .T. ) ;
#397 = DIRECTION ( 'NONE',  ( 0.000000000000000000, 0.000000000000000000, 1.000000000000000000 ) ) ;
#398 = AXIS2_PLACEMENT_3D ( 'NONE', #5903, #9032, #7484 ) ;
#399 = ORIENTED_EDGE ( 'NONE', *, *, #8177, .F. ) ;
#400 = CIRCLE ( 'NONE', #7897, 1.000000000000000888 ) ;
#401 = CARTESIAN_POINT ( 'NONE',  ( -30.28999999999999204, 6.500000000000000888, 5.126319423154875000E-15 ) ) ;
#402 = LINE ( 'NONE', #10420, #4609 ) ;
#403 = ADVANCED_FACE ( 'NONE', ( #5236 ), #4410, .T. ) ;
#404 = ORIENTED_EDGE ( 'NONE', *, *, #2094, .F. ) ;
#405 = ORIENTED_EDGE ( 'NONE', *, *, #6232, .F. ) ;
#406 = CARTESIAN_POINT ( 'NONE',  ( 2.550000000000021583, 13.30000000000000071, 12.35000000000015952 ) ) ;
#408 = CARTESIAN_POINT ( 'NONE',  ( -35.39005668592174914, 0.000000000000000000, 2.965000000000000302 ) ) ;
#407 = CARTESIAN_POINT ( 'NONE',  ( 0.000000000000000000, 0.2000000000000000111, 8.549999999999998934 ) ) ;
#409 = VECTOR ( 'NONE', #10341, 1000.000000000000000 ) ;
#410 = AXIS2_PLACEMENT_3D ( 'NONE', #8521, #4054, #8474 ) ;
#411 = CARTESIAN_POINT ( 'NONE',  ( -49.80000000000472937, 5.500000000000000000, 6.750000000010913936 ) ) ;
#412 = CARTESIAN_POINT ( 'NONE',  ( 30.50000000000001066, -0.0009999999999999158867, -2.350000000000004974 ) ) ;
#413 = CARTESIAN_POINT ( 'NONE',  ( -44.74999999999998579, 8.000000000000000000, 6.749999999999999112 ) ) ;
#414 = FACE_OUTER_BOUND ( 'NONE', #5211, .T. ) ;
#415 = VECTOR ( 'NONE', #4850, 1000.000000000000000 ) ;
#416 = EDGE_LOOP ( 'NONE', ( #10256, #6887, #317, #5810, #5088, #8943, #1535 ) ) ;
#417 = DIRECTION ( 'NONE',  ( -0.7071067811865507924, 0.000000000000000000, 0.7071067811865441310 ) ) ;
#418 = LINE ( 'NONE', #3037, #3561 ) ;
#419 = CIRCLE ( 'NONE', #594, 6.800000000000000711 ) ;
#420 = EDGE_CURVE ( 'NONE', #8537, #817, #275, .T. ) ;
#421 = VECTOR ( 'NONE', #6489, 1000.000000000000000 ) ;
#422 = VERTEX_POINT ( 'NONE', #7350 ) ;
#423 = CARTESIAN_POINT ( 'NONE',  ( 20.20000000000000995, -29.13279938488576448, -12.25000000000000178 ) ) ;
#424 = DIRECTION ( 'NONE',  ( -1.000000000000000000, 0.000000000000000000, 2.065146995210484695E-16 ) ) ;
#425 = CARTESIAN_POINT ( 'NONE',  ( -30.28999999999999559, 0.5000000000000004441, -3.315000000000000391 ) ) ;
#426 = VECTOR ( 'NONE', #1060, 1000.000000000000114 ) ;
#427 = DIRECTION ( 'NONE',  ( 1.000000000000000000, 0.000000000000000000, -1.176083712526649195E-16 ) ) ;
#428 = AXIS2_PLACEMENT_3D ( 'NONE', #1470, #9830, #4629 ) ;
#429 = ADVANCED_FACE ( 'NONE', ( #3217 ), #2245, .F. ) ;
#430 = DIRECTION ( 'NONE',  ( -0.000000000000000000, -1.000000000000000000, -0.000000000000000000 ) ) ;
#431 = VECTOR ( 'NONE', #688, 1000.000000000000000 ) ;
#432 = DIRECTION ( 'NONE',  ( -0.8660254037844389297, 0.000000000000000000, -0.4999999999999995559 ) ) ;
#433 = EDGE_CURVE ( 'NONE', #8333, #2446, #2187, .T. ) ;
#434 = ORIENTED_EDGE ( 'NONE', *, *, #4474, .F. ) ;
#435 = VECTOR ( 'NONE', #5811, 1000.000000000000000 ) ;
#436 = EDGE_CURVE ( 'NONE', #637, #1217, #2551, .T. ) ;
#437 = FACE_OUTER_BOUND ( 'NONE', #6063, .T. ) ;
#438 = DIRECTION ( 'NONE',  ( -7.709882115452465347E-16, 0.000000000000000000, 1.000000000000000000 ) ) ;
#439 = ORIENTED_EDGE ( 'NONE', *, *, #3612, .F. ) ;
#440 = CARTESIAN_POINT ( 'NONE',  ( -31.28999999999999204, 0.5000000000000004441, 9.349999999999997868 ) ) ;
#441 = CIRCLE ( 'NONE', #6537, 1.900000000000000577 ) ;
#442 = DIRECTION ( 'NONE',  ( 0.000000000000000000, 1.000000000000000000, 0.000000000000000000 ) ) ;
#443 = DIRECTION ( 'NONE',  ( -0.000000000000000000, -1.000000000000000000, 0.000000000000000000 ) ) ;
#444 = ORIENTED_EDGE ( 'NONE', *, *, #6954, .T. ) ;
#445 = VERTEX_POINT ( 'NONE', #9893 ) ;
#446 = ORIENTED_EDGE ( 'NONE', *, *, #1662, .T. ) ;
#447 = ADVANCED_FACE ( 'NONE', ( #703 ), #3108, .T. ) ;
#448 = DIRECTION ( 'NONE',  ( -0.000000000000000000, -1.000000000000000000, -0.000000000000000000 ) ) ;
#449 = VECTOR ( 'NONE', #10798, 1000.000000000000000 ) ;
#451 = DIRECTION ( 'NONE',  ( 0.000000000000000000, 1.000000000000000000, 0.000000000000000000 ) ) ;
#450 = CARTESIAN_POINT ( 'NONE',  ( 22.35788180854702745, 0.2505450496179572606, 1.484828725824710149 ) ) ;
#452 = VERTEX_POINT ( 'NONE', #5617 ) ;
#453 = VERTEX_POINT ( 'NONE', #1532 ) ;
#454 = VERTEX_POINT ( 'NONE', #3974 ) ;
#455 = VERTEX_POINT ( 'NONE', #6438 ) ;
#456 = CARTESIAN_POINT ( 'NONE',  ( -31.47472780755320443, 0.1999999999999987899, -2.765000000000000124 ) ) ;
#457 = DIRECTION ( 'NONE',  ( -0.000000000000000000, -0.000000000000000000, 1.000000000000000000 ) ) ;
#458 = CARTESIAN_POINT ( 'NONE',  ( -51.89853377184472549, 7.877052726839873564, -4.119929395690649088 ) ) ;
#459 = AXIS2_PLACEMENT_3D ( 'NONE', #5521, #9689, #3767 ) ;
#460 = EDGE_LOOP ( 'NONE', ( #8060, #6104, #4616, #3670 ) ) ;
#461 = ORIENTED_EDGE ( 'NONE', *, *, #5813, .T. ) ;
#462 = ORIENTED_EDGE ( 'NONE', *, *, #8699, .F. ) ;
#463 = EDGE_CURVE ( 'NONE', #7690, #7413, #4882, .T. ) ;
#464 = DIRECTION ( 'NONE',  ( 0.9396926207859118696, 0.000000000000000000, -0.3420201433256592760 ) ) ;
#465 = AXIS2_PLACEMENT_3D ( 'NONE', #3388, #7689, #3542 ) ;
#467 = DIRECTION ( 'NONE',  ( 0.000000000000000000, 0.000000000000000000, -1.000000000000000000 ) ) ;
#466 = DIRECTION ( 'NONE',  ( 1.000000000000000000, 0.000000000000000000, 0.000000000000000000 ) ) ;
#468 = CARTESIAN_POINT ( 'NONE',  ( 44.85000000000002984, 6.000000000000000000, 0.000000000000000000 ) ) ;
#469 = CARTESIAN_POINT ( 'NONE',  ( 42.80000000000001137, 5.500000000000000000, 8.250000000000000000 ) ) ;
#470 = DIRECTION ( 'NONE',  ( 0.000000000000000000, 0.000000000000000000, 1.000000000000000000 ) ) ;
#471 = DIRECTION ( 'NONE',  ( 0.000000000000000000, 0.000000000000000000, 1.000000000000000000 ) ) ;
#472 = ORIENTED_EDGE ( 'NONE', *, *, #5723, .F. ) ;
#473 = CARTESIAN_POINT ( 'NONE',  ( -30.28999999999999204, 6.296018041280833089, 3.315000000000000391 ) ) ;
#474 = DIRECTION ( 'NONE',  ( 1.000000000000000000, -0.000000000000000000, -0.000000000000000000 ) ) ;
#475 = EDGE_LOOP ( 'NONE', ( #5540, #10127, #10351, #404 ) ) ;
#476 = CARTESIAN_POINT ( 'NONE',  ( -51.79999999999998295, 8.400000000000000355, -2.449999999999999734 ) ) ;
#477 = CARTESIAN_POINT ( 'NONE',  ( -44.74999999999998579, 16.60000000000000142, -13.55000000000000249 ) ) ;
#479 = EDGE_CURVE ( 'NONE', #9398, #3226, #5674, .T. ) ;
#478 = CARTESIAN_POINT ( 'NONE',  ( 30.04999999999998650, 0.000000000000000000, -7.530492254602827451 ) ) ;
#480 = EDGE_CURVE ( 'NONE', #9240, #835, #8958, .T. ) ;
#481 = CARTESIAN_POINT ( 'NONE',  ( -51.79999999999998295, 6.800000000000000711, -2.449999999999999289 ) ) ;
#482 = CIRCLE ( 'NONE', #8504, 2.750000000000002665 ) ;
#483 = DIRECTION ( 'NONE',  ( -0.000000000000000000, -0.000000000000000000, 1.000000000000000000 ) ) ;
#484 = DIRECTION ( 'NONE',  ( -1.000000000000000000, -0.000000000000000000, 4.476705744456300993E-16 ) ) ;
#485 = EDGE_CURVE ( 'NONE', #4619, #2792, #6394, .T. ) ;
#486 = ORIENTED_EDGE ( 'NONE', *, *, #2594, .F. ) ;
#487 = LINE ( 'NONE', #4571, #2338 ) ;
#488 = ADVANCED_FACE ( 'NONE', ( #8244 ), #4084, .F. ) ;
#489 = CARTESIAN_POINT ( 'NONE',  ( -44.74999999999998579, 0.000000000000000000, -11.75000000000000355 ) ) ;
#490 = ORIENTED_EDGE ( 'NONE', *, *, #4155, .T. ) ;
#491 = CARTESIAN_POINT ( 'NONE',  ( -51.75354702646686889, 7.940798442285005976, 4.221184600453632640 ) ) ;
#492 = CARTESIAN_POINT ( 'NONE',  ( 31.23742105278088843, 0.2034051652805239085, 6.632385900611295959 ) ) ;
#493 = DIRECTION ( 'NONE',  ( 0.000000000000000000, 1.000000000000000000, -0.000000000000000000 ) ) ;
#494 = CARTESIAN_POINT ( 'NONE',  ( -34.34233853611036835, 0.1265113557324328841, 3.601009191073224258 ) ) ;
#495 = VERTEX_POINT ( 'NONE', #7412 ) ;
#496 = EDGE_LOOP ( 'NONE', ( #2959, #340, #9210, #10594 ) ) ;
#497 = VECTOR ( 'NONE', #350, 1000.000000000000000 ) ;
#498 = CARTESIAN_POINT ( 'NONE',  ( -51.99999999999998579, 6.902631723476094550, 3.013815789473683004 ) ) ;
#499 = VECTOR ( 'NONE', #7655, 1000.000000000000000 ) ;
#501 = FACE_OUTER_BOUND ( 'NONE', #9439, .T. ) ;
#500 = DIRECTION ( 'NONE',  ( 0.000000000000000000, 0.000000000000000000, 1.000000000000000000 ) ) ;
#502 = ORIENTED_EDGE ( 'NONE', *, *, #9261, .F. ) ;
#503 = EDGE_LOOP ( 'NONE', ( #1882, #1349, #5671, #6010, #4653, #5019 ) ) ;
#504 = EDGE_LOOP ( 'NONE', ( #6626, #348, #10345, #8568 ) ) ;
#505 = ORIENTED_EDGE ( 'NONE', *, *, #420, .T. ) ;
#506 = FACE_OUTER_BOUND ( 'NONE', #6108, .T. ) ;
#507 = CARTESIAN_POINT ( 'NONE',  ( -31.45678631915142631, 0.2827931057192701325, -20.34067203111831290 ) ) ;
#508 = AXIS2_PLACEMENT_3D ( 'NONE', #7244, #2061, #5390 ) ;
#509 = CARTESIAN_POINT ( 'NONE',  ( -51.55635303056954655, 8.280199722534215212, -4.350089639398327712 ) ) ;
#510 = DIRECTION ( 'NONE',  ( -1.000000000000000000, 0.000000000000000000, 0.000000000000000000 ) ) ;
#511 = ADVANCED_FACE ( 'NONE', ( #4800 ), #1364, .F. ) ;
#512 = VERTEX_POINT ( 'NONE', #10714 ) ;
#513 = ORIENTED_EDGE ( 'NONE', *, *, #8378, .F. ) ;
#514 = VERTEX_POINT ( 'NONE', #1420 ) ;
#515 = CIRCLE ( 'NONE', #2268, 2.750000000000002665 ) ;
#516 = CARTESIAN_POINT ( 'NONE',  ( 31.25000000000004263, 0.2531612188914903472, 3.098623679425835498 ) ) ;
#518 = CARTESIAN_POINT ( 'NONE',  ( 8.267579849446709872, -0.0009999999999999158867, -14.31986835487437126 ) ) ;
#517 = DIRECTION ( 'NONE',  ( 0.000000000000000000, 1.000000000000000000, -0.000000000000000000 ) ) ;
#519 = ORIENTED_EDGE ( 'NONE', *, *, #6372, .F. ) ;
#520 = CARTESIAN_POINT ( 'NONE',  ( -51.49999999999998579, 6.499999999999999112, -2.449999999999999289 ) ) ;
#521 = DIRECTION ( 'NONE',  ( 1.000000000000000000, 0.000000000000000000, 0.000000000000000000 ) ) ;
#522 = ADVANCED_FACE ( 'NONE', ( #7305 ), #1477, .F. ) ;
#523 = CARTESIAN_POINT ( 'NONE',  ( -39.98506879479626974, 0.1999999999999996503, 8.349999999999997868 ) ) ;
#524 = CARTESIAN_POINT ( 'NONE',  ( 44.80000000000001847, 1.000000000000000000, -12.24999999999999645 ) ) ;
#525 = ORIENTED_EDGE ( 'NONE', *, *, #6804, .T. ) ;
#526 = CARTESIAN_POINT ( 'NONE',  ( -30.41003882983034856, 6.000690477496230635, 3.610327563784602400 ) ) ;
#527 = CARTESIAN_POINT ( 'NONE',  ( -49.79999999999998295, 8.400000000000000355, -2.449999999999999734 ) ) ;
#528 = EDGE_CURVE ( 'NONE', #8575, #2886, #3434, .T. ) ;
#529 = ORIENTED_EDGE ( 'NONE', *, *, #4633, .F. ) ;
#530 = VECTOR ( 'NONE', #308, 1000.000000000000000 ) ;
#531 = CARTESIAN_POINT ( 'NONE',  ( 1.050000000000021361, 13.30000000000000071, -13.35000000000015774 ) ) ;
#532 = DIRECTION ( 'NONE',  ( 0.000000000000000000, 0.000000000000000000, 1.000000000000000000 ) ) ;
#533 = FACE_OUTER_BOUND ( 'NONE', #1261, .T. ) ;
#534 = FACE_OUTER_BOUND ( 'NONE', #5406, .T. ) ;
#535 = CARTESIAN_POINT ( 'NONE',  ( -19.54999999999997939, 9.000000000000001776, 2.299243657989596657E-15 ) ) ;
#536 = LINE ( 'NONE', #3853, #2519 ) ;
#537 = CIRCLE ( 'NONE', #6105, 1.000000000000000888 ) ;
#538 = VERTEX_POINT ( 'NONE', #8908 ) ;
#539 = EDGE_CURVE ( 'NONE', #2131, #7324, #9552, .T. ) ;
#540 = ADVANCED_FACE ( 'NONE', ( #1693 ), #916, .F. ) ;
#541 = ORIENTED_EDGE ( 'NONE', *, *, #271, .F. ) ;
#542 = DIRECTION ( 'NONE',  ( -0.000000000000000000, -1.000000000000000000, -0.000000000000000000 ) ) ;
#543 = DIRECTION ( 'NONE',  ( 1.000000000000000000, -0.000000000000000000, -0.000000000000000000 ) ) ;
#544 = ORIENTED_EDGE ( 'NONE', *, *, #2804, .T. ) ;
#545 = CARTESIAN_POINT ( 'NONE',  ( -51.76634906207958409, 9.522990740802917742, 3.782850090902782902 ) ) ;
#546 = DIRECTION ( 'NONE',  ( -0.000000000000000000, -0.000000000000000000, -1.000000000000000000 ) ) ;
#547 = FACE_OUTER_BOUND ( 'NONE', #3752, .T. ) ;
#548 = CARTESIAN_POINT ( 'NONE',  ( -31.47472780755319732, 0.08284271247461807985, 3.614999999999999769 ) ) ;
#549 = EDGE_CURVE ( 'NONE', #2016, #6643, #1884, .T. ) ;
#550 = EDGE_LOOP ( 'NONE', ( #2150, #187, #7940, #9376, #9489 ) ) ;
#551 = ORIENTED_EDGE ( 'NONE', *, *, #4093, .F. ) ;
#553 = CARTESIAN_POINT ( 'NONE',  ( 22.77491561756137273, -1.856696220381369940E-15, 2.707147389567091889 ) ) ;
#552 = LINE ( 'NONE', #3871, #7299 ) ;
#554 = DIRECTION ( 'NONE',  ( -0.000000000000000000, 1.000000000000000000, -0.000000000000000000 ) ) ;
#555 = ORIENTED_EDGE ( 'NONE', *, *, #6226, .F. ) ;
#556 = ORIENTED_EDGE ( 'NONE', *, *, #1139, .T. ) ;
#557 = EDGE_CURVE ( 'NONE', #1153, #637, #9996, .T. ) ;
#558 = CARTESIAN_POINT ( 'NONE',  ( -30.28999999999999204, 0.5000000000000004441, 9.349999999999997868 ) ) ;
#559 = CARTESIAN_POINT ( 'NONE',  ( -30.67554098627245907, 5.993641111376232899, -9.050019762417413460 ) ) ;
#560 = DIRECTION ( 'NONE',  ( -1.000000000000000000, 0.000000000000000000, 0.000000000000000000 ) ) ;
#561 = DIRECTION ( 'NONE',  ( -0.000000000000000000, -0.000000000000000000, 1.000000000000000000 ) ) ;
#562 = EDGE_LOOP ( 'NONE', ( #4740, #3858, #202, #1303, #4080, #7267 ) ) ;
#563 = ADVANCED_FACE ( 'NONE', ( #4191 ), #2500, .T. ) ;
#564 = VERTEX_POINT ( 'NONE', #3435 ) ;
#565 = CARTESIAN_POINT ( 'NONE',  ( -35.06554871542299878, 0.2000000000000000944, -20.34067203111831290 ) ) ;
#567 = CARTESIAN_POINT ( 'NONE',  ( -2.258274450660561356E-16, 9.000000000000001776, 12.24999999999999822 ) ) ;
#566 = CARTESIAN_POINT ( 'NONE',  ( 38.64211819145300808, 0.2999999999999999889, 1.484828725824663076 ) ) ;
#568 = ORIENTED_EDGE ( 'NONE', *, *, #5714, .F. ) ;
#569 = LINE ( 'NONE', #10732, #3901 ) ;
#570 = EDGE_CURVE ( 'NONE', #4345, #10347, #5937, .T. ) ;
#571 = CARTESIAN_POINT ( 'NONE',  ( 29.74999999999998579, 0.5000000000000000000, 0.000000000000000000 ) ) ;
#572 = AXIS2_PLACEMENT_3D ( 'NONE', #1610, #5917, #4173 ) ;
#573 = CIRCLE ( 'NONE', #2652, 11.00296197722692959 ) ;
#574 = DIRECTION ( 'NONE',  ( 0.000000000000000000, -1.000000000000000000, 0.000000000000000000 ) ) ;
#575 = CARTESIAN_POINT ( 'NONE',  ( -51.99999999999998579, 9.697719172987383729, -3.001973684210527793 ) ) ;
#576 = ORIENTED_EDGE ( 'NONE', *, *, #10036, .T. ) ;
#577 = DIRECTION ( 'NONE',  ( 0.000000000000000000, 1.000000000000000000, -0.000000000000000000 ) ) ;
#578 = CARTESIAN_POINT ( 'NONE',  ( -51.97966255667119384, 7.203137727425422909, 3.444967340623612095 ) ) ;
#579 = VERTEX_POINT ( 'NONE', #161 ) ;
#580 = VECTOR ( 'NONE', #6113, 1000.000000000000000 ) ;
#581 = ORIENTED_EDGE ( 'NONE', *, *, #5907, .F. ) ;
#582 = VECTOR ( 'NONE', #521, 1000.000000000000000 ) ;
#583 = DIRECTION ( 'NONE',  ( 0.000000000000000000, 1.000000000000000000, -0.000000000000000000 ) ) ;
#584 = CARTESIAN_POINT ( 'NONE',  ( -34.33293214504335822, 0.1503201388544083417, -3.610415582140241941 ) ) ;
#585 = EDGE_CURVE ( 'NONE', #2786, #2858, #4467, .T. ) ;
#586 = DIRECTION ( 'NONE',  ( 0.000000000000000000, 0.000000000000000000, 1.000000000000000000 ) ) ;
#587 = AXIS2_PLACEMENT_3D ( 'NONE', #9735, #7912, #3754 ) ;
#588 = DIRECTION ( 'NONE',  ( -0.000000000000000000, -1.000000000000000000, -0.000000000000000000 ) ) ;
#589 = CARTESIAN_POINT ( 'NONE',  ( -51.70661494277106840, 9.716960195022418034, 3.819531249999981615 ) ) ;
#590 = CIRCLE ( 'NONE', #238, 2.999999999999999112 ) ;
#591 = CYLINDRICAL_SURFACE ( 'NONE', #7041, 0.2888330770816384119 ) ;
#592 = ORIENTED_EDGE ( 'NONE', *, *, #5568, .T. ) ;
#593 = AXIS2_PLACEMENT_3D ( 'NONE', #9826, #10698, #4894 ) ;
#594 = AXIS2_PLACEMENT_3D ( 'NONE', #8115, #517, #2101 ) ;
#595 = ORIENTED_EDGE ( 'NONE', *, *, #1691, .T. ) ;
#596 = AXIS2_PLACEMENT_3D ( 'NONE', #5840, #10002, #9185 ) ;
#597 = FACE_OUTER_BOUND ( 'NONE', #7537, .T. ) ;
#598 = CARTESIAN_POINT ( 'NONE',  ( -25.04999999999997939, 13.30000000000000071, 0.000000000000000000 ) ) ;
#599 = ORIENTED_EDGE ( 'NONE', *, *, #9613, .F. ) ;
#600 = CARTESIAN_POINT ( 'NONE',  ( -40.06980179287454291, 0.03950539805616452155, -3.556667036221440092 ) ) ;
#601 = ADVANCED_FACE ( 'NONE', ( #7632 ), #6808, .F. ) ;
#602 = DIRECTION ( 'NONE',  ( 1.000000000000000000, -0.000000000000000000, 0.000000000000000000 ) ) ;
#603 = DIRECTION ( 'NONE',  ( 0.000000000000000000, 0.000000000000000000, 1.000000000000000000 ) ) ;
#604 = CIRCLE ( 'NONE', #7573, 0.3706384263718887073 ) ;
#605 = CARTESIAN_POINT ( 'NONE',  ( -31.27472780755320869, 0.000000000000000000, 3.415000000000000036 ) ) ;
#606 = CIRCLE ( 'NONE', #81, 0.2888330770816384119 ) ;
#607 = ORIENTED_EDGE ( 'NONE', *, *, #8396, .T. ) ;
#608 = ORIENTED_EDGE ( 'NONE', *, *, #5148, .F. ) ;
#609 = VECTOR ( 'NONE', #1475, 1000.000000000000000 ) ;
#610 = CARTESIAN_POINT ( 'NONE',  ( -31.11939691791956974, 0.1293615736281126527, -3.615000000000000213 ) ) ;
#612 = CARTESIAN_POINT ( 'NONE',  ( -31.27472780755320869, 0.000000000000000000, 8.549999999999998934 ) ) ;
#611 = CYLINDRICAL_SURFACE ( 'NONE', #5038, 0.3000000000000016542 ) ;
#613 = VECTOR ( 'NONE', #9978, 1000.000000000000000 ) ;
#614 = FACE_OUTER_BOUND ( 'NONE', #5182, .T. ) ;
#615 = ORIENTED_EDGE ( 'NONE', *, *, #5497, .F. ) ;
#616 = VERTEX_POINT ( 'NONE', #5777 ) ;
#617 = EDGE_CURVE ( 'NONE', #3720, #6311, #6592, .T. ) ;
#618 = EDGE_CURVE ( 'NONE', #7684, #1334, #2449, .T. ) ;
#619 = DIRECTION ( 'NONE',  ( -0.000000000000000000, -1.000000000000000000, -0.000000000000000000 ) ) ;
#620 = CARTESIAN_POINT ( 'NONE',  ( -51.53539848752883756, 8.998678764500379401, -4.257248146259628108 ) ) ;
#621 = PLANE ( 'NONE',  #7202 ) ;
#622 = ORIENTED_EDGE ( 'NONE', *, *, #4253, .T. ) ;
#623 = AXIS2_PLACEMENT_3D ( 'NONE', #10457, #6331, #603 ) ;
#624 = ORIENTED_EDGE ( 'NONE', *, *, #8687, .T. ) ;
#625 = EDGE_CURVE ( 'NONE', #1085, #5069, #5990, .T. ) ;
#626 = LINE ( 'NONE', #3945, #5157 ) ;
#627 = B_SPLINE_CURVE_WITH_KNOTS ( 'NONE', 3,
 ( #3029, #6362, #7368, #10073 ),
 .UNSPECIFIED., .F., .F.,
 ( 4, 4 ),
 ( 0.000000000000000000, 0.0001077286665339035330 ),
 .UNSPECIFIED. ) ;
#629 = DIRECTION ( 'NONE',  ( -0.000000000000000000, 1.000000000000000000, -0.000000000000000000 ) ) ;
#628 = CARTESIAN_POINT ( 'NONE',  ( 38.67664033279331193, 0.09378038618371804802, 1.595855630624879451 ) ) ;
#630 = VERTEX_POINT ( 'NONE', #3373 ) ;
#631 = PLANE ( 'NONE',  #3707 ) ;
#632 = EDGE_CURVE ( 'NONE', #5697, #3371, #5518, .T. ) ;
#633 = CIRCLE ( 'NONE', #1508, 0.1999999999999987899 ) ;
#634 = CARTESIAN_POINT ( 'NONE',  ( -40.21146882909597764, 0.000000000000000000, 3.415000000000000036 ) ) ;
#635 = CIRCLE ( 'NONE', #3422, 0.1999999999999987899 ) ;
#636 = DIRECTION ( 'NONE',  ( -0.000000000000000000, -1.000000000000000000, 0.000000000000000000 ) ) ;
#637 = VERTEX_POINT ( 'NONE', #2608 ) ;
#638 = DIRECTION ( 'NONE',  ( 0.000000000000000000, 1.000000000000000000, 0.000000000000000000 ) ) ;
#639 = FACE_OUTER_BOUND ( 'NONE', #8917, .T. ) ;
#640 = VECTOR ( 'NONE', #1649, 1000.000000000000000 ) ;
#641 = VERTEX_POINT ( 'NONE', #4243 ) ;
#642 = CARTESIAN_POINT ( 'NONE',  ( 29.74999999999998579, -0.0009999999999999158867, -7.798623679425844557 ) ) ;
#643 = CARTESIAN_POINT ( 'NONE',  ( -34.34233853611036835, 0.1265113557324328841, -3.601009191073223814 ) ) ;
#644 = DIRECTION ( 'NONE',  ( 0.000000000000000000, 0.000000000000000000, 1.000000000000000000 ) ) ;
#645 = CARTESIAN_POINT ( 'NONE',  ( 30.50000000000001066, 0.2999999999999999889, -2.350000000000004974 ) ) ;
#646 = DIRECTION ( 'NONE',  ( 1.176083712526648949E-16, 0.000000000000000000, 1.000000000000000000 ) ) ;
#647 = VECTOR ( 'NONE', #3321, 1000.000000000000000 ) ;
#648 = FACE_OUTER_BOUND ( 'NONE', #2297, .T. ) ;
#649 = EDGE_CURVE ( 'NONE', #6308, #4217, #1106, .T. ) ;
#650 = VERTEX_POINT ( 'NONE', #8510 ) ;
#651 = EDGE_LOOP ( 'NONE', ( #4135, #9586, #9347, #5180 ) ) ;
#652 = DIRECTION ( 'NONE',  ( -0.000000000000000000, -0.000000000000000000, 1.000000000000000000 ) ) ;
#653 = AXIS2_PLACEMENT_3D ( 'NONE', #5077, #119, #3445 ) ;
#654 = CARTESIAN_POINT ( 'NONE',  ( 34.84364652204421020, 0.2999999999999999889, -5.723830892551272420 ) ) ;
#655 = ORIENTED_EDGE ( 'NONE', *, *, #9310, .F. ) ;
#656 = CARTESIAN_POINT ( 'NONE',  ( 26.23856210340545303, 0.000000000000000000, 0.6299575590044218520 ) ) ;
#657 = CARTESIAN_POINT ( 'NONE',  ( -51.95568058483290486, 9.484780085661554949, 3.641416195902992481 ) ) ;
#658 = DIRECTION ( 'NONE',  ( 1.000000000000000000, -0.000000000000000000, 8.673617379884085959E-15 ) ) ;
#659 = PLANE ( 'NONE',  #6433 ) ;
#660 = EDGE_CURVE ( 'NONE', #4541, #538, #6702, .T. ) ;
#661 = CIRCLE ( 'NONE', #1710, 8.000000000000000000 ) ;
#662 = EDGE_CURVE ( 'NONE', #9477, #6146, #8461, .T. ) ;
#663 = ORIENTED_EDGE ( 'NONE', *, *, #871, .F. ) ;
#664 = CARTESIAN_POINT ( 'NONE',  ( -30.78578302860136873, 5.989494515002738773, 8.476517393160388991 ) ) ;
#665 = CARTESIAN_POINT ( 'NONE',  ( -30.28999999999998849, 3.179086282430880317, -8.850000000000052935 ) ) ;
#666 = FACE_OUTER_BOUND ( 'NONE', #9195, .T. ) ;
#667 = ORIENTED_EDGE ( 'NONE', *, *, #7594, .T. ) ;
#668 = DIRECTION ( 'NONE',  ( 0.000000000000000000, 1.000000000000000000, -0.000000000000000000 ) ) ;
#669 = CARTESIAN_POINT ( 'NONE',  ( 50.39065861769802268, 11.00000000000000178, -13.55000000000000249 ) ) ;
#670 = CARTESIAN_POINT ( 'NONE',  ( 40.80000000000001847, 5.500000000000000000, 8.250000000000000000 ) ) ;
#671 = CARTESIAN_POINT ( 'NONE',  ( 49.80000000000001847, 11.34999999999999964, 3.299999999999999378 ) ) ;
#672 = ORIENTED_EDGE ( 'NONE', *, *, #2345, .F. ) ;
#673 = VECTOR ( 'NONE', #4396, 1000.000000000000000 ) ;
#674 = ORIENTED_EDGE ( 'NONE', *, *, #7129, .F. ) ;
#675 = ADVANCED_FACE ( 'NONE', ( #5887 ), #1793, .F. ) ;
#676 = AXIS2_PLACEMENT_3D ( 'NONE', #4931, #8275, #788 ) ;
#677 = ADVANCED_FACE ( 'NONE', ( #5065 ), #2064, .T. ) ;
#678 = DIRECTION ( 'NONE',  ( 1.692413147294446216E-16, 0.000000000000000000, 1.000000000000000000 ) ) ;
#680 = FACE_OUTER_BOUND ( 'NONE', #7992, .T. ) ;
#679 = DIRECTION ( 'NONE',  ( -1.000000000000000000, 0.000000000000000000, -4.649961153092157965E-16 ) ) ;
#681 = ORIENTED_EDGE ( 'NONE', *, *, #6901, .T. ) ;
#682 = AXIS2_PLACEMENT_3D ( 'NONE', #2484, #10695, #7397 ) ;
#683 = CARTESIAN_POINT ( 'NONE',  ( -40.08977263648107225, 0.1999999999999987899, 3.615000000000000213 ) ) ;
#684 = DIRECTION ( 'NONE',  ( 0.000000000000000000, -0.8344462197398496706, -0.5510893814635465793 ) ) ;
#685 = DIRECTION ( 'NONE',  ( 0.000000000000000000, 0.000000000000000000, 1.000000000000000000 ) ) ;
#686 = VERTEX_POINT ( 'NONE', #10330 ) ;
#687 = DIRECTION ( 'NONE',  ( 0.000000000000000000, 0.000000000000000000, -1.000000000000000000 ) ) ;
#688 = DIRECTION ( 'NONE',  ( -0.000000000000000000, -0.000000000000000000, -1.000000000000000000 ) ) ;
#689 = VERTEX_POINT ( 'NONE', #9443 ) ;
#690 = EDGE_CURVE ( 'NONE', #4197, #3568, #10219, .T. ) ;
#691 = DIRECTION ( 'NONE',  ( 1.000000000000000000, -0.000000000000000000, -0.000000000000000000 ) ) ;
#692 = CARTESIAN_POINT ( 'NONE',  ( 35.49937047899918952, 0.09795398803914617814, -4.456839648981012481 ) ) ;
#693 = LINE ( 'NONE', #9007, #8850 ) ;
#694 = CARTESIAN_POINT ( 'NONE',  ( -3.019693845669853882, 13.30000000000000071, -13.55000000000000249 ) ) ;
#695 = CARTESIAN_POINT ( 'NONE',  ( 34.76143789659458605, 0.000000000000000000, 0.6299575590043899886 ) ) ;
#696 = CARTESIAN_POINT ( 'NONE',  ( -7.399999999999942624, 13.30000000000000071, 14.19019237886469398 ) ) ;
#697 = EDGE_CURVE ( 'NONE', #2798, #3291, #2715, .T. ) ;
#698 = VERTEX_POINT ( 'NONE', #2935 ) ;
#699 = ORIENTED_EDGE ( 'NONE', *, *, #436, .T. ) ;
#700 = VERTEX_POINT ( 'NONE', #1950 ) ;
#701 = CARTESIAN_POINT ( 'NONE',  ( -30.28999999999998494, 6.123958770389132056, -3.487059270891698315 ) ) ;
#702 = CARTESIAN_POINT ( 'NONE',  ( 50.39065861769802268, 9.000000000000001776, -13.54999999999999893 ) ) ;
#703 = FACE_OUTER_BOUND ( 'NONE', #5703, .T. ) ;
#704 = ORIENTED_EDGE ( 'NONE', *, *, #5704, .F. ) ;
#705 = VECTOR ( 'NONE', #9480, 1000.000000000000000 ) ;
#706 = EDGE_CURVE ( 'NONE', #6785, #6079, #9023, .T. ) ;
#707 = CARTESIAN_POINT ( 'NONE',  ( -46.74749843554380391, 16.60000000000000142, -13.25000000000000355 ) ) ;
#708 = VERTEX_POINT ( 'NONE', #2821 ) ;
#709 = CARTESIAN_POINT ( 'NONE',  ( -40.03434658500975019, 0.1071145293931473758, -8.872877755913828324 ) ) ;
#710 = CARTESIAN_POINT ( 'NONE',  ( 31.25000000000004263, 0.5000000000000000000, 6.618695557326054413 ) ) ;
#711 = DIRECTION ( 'NONE',  ( 0.000000000000000000, -1.000000000000000000, 0.000000000000000000 ) ) ;
#712 = ORIENTED_EDGE ( 'NONE', *, *, #7088, .F. ) ;
#713 = VECTOR ( 'NONE', #4969, 999.9999999999998863 ) ;
#714 = DIRECTION ( 'NONE',  ( -0.8660254037844384856, 0.000000000000000000, 0.5000000000000002220 ) ) ;
#716 = CARTESIAN_POINT ( 'NONE',  ( 22.87059264874610420, 0.02145563245112931325, 2.729700915573419984 ) ) ;
#715 = CARTESIAN_POINT ( 'NONE',  ( -51.78893568960538829, 9.745991342014306724, -3.499028688287876943 ) ) ;
#717 = CARTESIAN_POINT ( 'NONE',  ( 30.95000000000003837, 0.000000000000000000, 6.618695557326041978 ) ) ;
#718 = VERTEX_POINT ( 'NONE', #10386 ) ;
#719 = EDGE_CURVE ( 'NONE', #9889, #2827, #1900, .T. ) ;
#720 = EDGE_CURVE ( 'NONE', #10037, #630, #2216, .T. ) ;
#721 = DIRECTION ( 'NONE',  ( -0.000000000000000000, 1.000000000000000000, -0.000000000000000000 ) ) ;
#722 = FACE_OUTER_BOUND ( 'NONE', #9416, .T. ) ;
#723 = LINE ( 'NONE', #5746, #10399 ) ;
#724 = CARTESIAN_POINT ( 'NONE',  ( -51.81931696081649363, 9.377994522196081206, -3.806794915006505242 ) ) ;
#725 = ORIENTED_EDGE ( 'NONE', *, *, #5402, .T. ) ;
#726 = VERTEX_POINT ( 'NONE', #1134 ) ;
#727 = DIRECTION ( 'NONE',  ( 0.000000000000000000, 0.000000000000000000, 1.000000000000000000 ) ) ;
#729 = DIRECTION ( 'NONE',  ( -0.000000000000000000, -0.000000000000000000, 1.000000000000000000 ) ) ;
#728 = CARTESIAN_POINT ( 'NONE',  ( -19.54999999999997939, 17.60000000000000142, -13.55000000000000604 ) ) ;
#730 = EDGE_LOOP ( 'NONE', ( #1567, #9509, #6052, #180, #3190, #7572, #4955, #725, #2953, #1689, #7438, #1977, #2141, #2592, #6824, #5956 ) ) ;
#731 = LINE ( 'NONE', #5805, #9313 ) ;
#732 = CARTESIAN_POINT ( 'NONE',  ( 50.39065861769802979, 11.00000000000000178, 13.54999999999999538 ) ) ;
#733 = ADVANCED_FACE ( 'NONE', ( #7083 ), #4399, .T. ) ;
#734 = AXIS2_PLACEMENT_3D ( 'NONE', #10115, #10057, #5939 ) ;
#735 = ORIENTED_EDGE ( 'NONE', *, *, #1071, .F. ) ;
#736 = FACE_OUTER_BOUND ( 'NONE', #9276, .T. ) ;
#737 = CARTESIAN_POINT ( 'NONE',  ( -51.95568058483290486, 9.484780085661556726, 3.641416195902992481 ) ) ;
#738 = B_SPLINE_CURVE_WITH_KNOTS ( 'NONE', 3,
 ( #6178, #4482, #5149, #2684, #7606, #1871 ),
 .UNSPECIFIED., .F., .F.,
 ( 4, 2, 4 ),
 ( 0.000000000000000000, 0.0003762168376258152435, 0.0007524336752516304870 ),
 .UNSPECIFIED. ) ;
#739 = EDGE_LOOP ( 'NONE', ( #4538, #1772, #3334, #4584, #1195 ) ) ;
#740 = AXIS2_PLACEMENT_3D ( 'NONE', #9871, #2380, #2275 ) ;
#741 = CARTESIAN_POINT ( 'NONE',  ( 40.80000000000001847, 8.000000000000000000, 12.25000000000000355 ) ) ;
#742 = CARTESIAN_POINT ( 'NONE',  ( -51.77340835089974291, 9.594609242404816385, 3.692296232791139499 ) ) ;
#743 = CARTESIAN_POINT ( 'NONE',  ( 47.04999999999999716, 8.000000000000000000, -9.500000000000000000 ) ) ;
#744 = CARTESIAN_POINT ( 'NONE',  ( -34.31252571724582623, 0.2000000000000111411, 2.765000000000000124 ) ) ;
#745 = EDGE_CURVE ( 'NONE', #1966, #10794, #10445, .T. ) ;
#746 = CARTESIAN_POINT ( 'NONE',  ( -51.55633259687487424, 8.520914595560228122, 4.350009616020406256 ) ) ;
#747 = AXIS2_PLACEMENT_3D ( 'NONE', #7109, #10471, #8044 ) ;
#748 = CIRCLE ( 'NONE', #6845, 1.000000000000000888 ) ;
#749 = VERTEX_POINT ( 'NONE', #6046 ) ;
#750 = ORIENTED_EDGE ( 'NONE', *, *, #8732, .T. ) ;
#751 = DIRECTION ( 'NONE',  ( -1.000000000000000000, 0.000000000000000000, 0.000000000000000000 ) ) ;
#752 = VERTEX_POINT ( 'NONE', #9394 ) ;
#753 = EDGE_CURVE ( 'NONE', #6781, #10794, #5281, .T. ) ;
#754 = DIRECTION ( 'NONE',  ( 0.000000000000000000, -0.000000000000000000, 1.000000000000000000 ) ) ;
#755 = DIRECTION ( 'NONE',  ( -0.000000000000000000, 0.000000000000000000, 1.000000000000000000 ) ) ;
#756 = AXIS2_PLACEMENT_3D ( 'NONE', #10435, #5599, #8937 ) ;
#757 = ORIENTED_EDGE ( 'NONE', *, *, #480, .T. ) ;
#758 = CIRCLE ( 'NONE', #8265, 0.8499999999999983125 ) ;
#759 = DIRECTION ( 'NONE',  ( 1.000000000000000000, 0.000000000000000000, 0.000000000000000000 ) ) ;
#760 = VERTEX_POINT ( 'NONE', #6918 ) ;
#761 = ADVANCED_FACE ( 'NONE', ( #6099 ), #6862, .T. ) ;
#762 = FACE_OUTER_BOUND ( 'NONE', #143, .T. ) ;
#763 = DIRECTION ( 'NONE',  ( 0.000000000000000000, 0.000000000000000000, 1.000000000000000000 ) ) ;
#764 = VECTOR ( 'NONE', #3265, 1000.000000000000000 ) ;
#765 = CYLINDRICAL_SURFACE ( 'NONE', #6946, 0.3000000000000016542 ) ;
#766 = AXIS2_PLACEMENT_3D ( 'NONE', #9151, #77, #10086 ) ;
#767 = TOROIDAL_SURFACE ( 'NONE', #2170, 5.199999999999985967, 0.2999999999999999889 ) ;
#768 = ADVANCED_FACE ( 'NONE', ( #7901, #2116, #5442 ), #8781, .T. ) ;
#769 = VERTEX_POINT ( 'NONE', #6969 ) ;
#770 = FACE_OUTER_BOUND ( 'NONE', #2132, .T. ) ;
#772 = CYLINDRICAL_SURFACE ( 'NONE', #6919, 0.7999999999999990452 ) ;
#771 = CARTESIAN_POINT ( 'NONE',  ( -49.79999999999998295, 8.000000000000000000, 0.000000000000000000 ) ) ;
#773 = CARTESIAN_POINT ( 'NONE',  ( 6.232420150553265259, -0.0009999999999999158867, 10.79486835487433183 ) ) ;
#774 = ORIENTED_EDGE ( 'NONE', *, *, #2647, .T. ) ;
#775 = DIRECTION ( 'NONE',  ( -0.000000000000000000, -1.000000000000000000, 0.000000000000000000 ) ) ;
#776 = CIRCLE ( 'NONE', #4252, 1.300000000000000711 ) ;
#777 = CIRCLE ( 'NONE', #10734, 0.8500000000000069722 ) ;
#778 = LINE ( 'NONE', #6721, #4233 ) ;
#779 = CARTESIAN_POINT ( 'NONE',  ( -7.549999999999978506, 13.30000000000000071, -14.75000000000000178 ) ) ;
#780 = AXIS2_PLACEMENT_3D ( 'NONE', #3304, #3900, #2384 ) ;
#781 = DIRECTION ( 'NONE',  ( 0.000000000000000000, 0.000000000000000000, -1.000000000000000000 ) ) ;
#782 = CARTESIAN_POINT ( 'NONE',  ( -15.38066059622850368, 13.30000000000000071, -5.598102640378059824 ) ) ;
#783 = VERTEX_POINT ( 'NONE', #2012 ) ;
#784 = EDGE_LOOP ( 'NONE', ( #4722, #1170, #8639, #6515 ) ) ;
#785 = EDGE_CURVE ( 'NONE', #6667, #2614, #3531, .T. ) ;
#786 = CIRCLE ( 'NONE', #1302, 5.499999999999985789 ) ;
#787 = DIRECTION ( 'NONE',  ( -1.000000000000000000, -1.758281308145593320E-15, 0.000000000000000000 ) ) ;
#789 = CARTESIAN_POINT ( 'NONE',  ( -51.95568058483290486, 7.315219914338446650, 3.641416195902996034 ) ) ;
#788 = DIRECTION ( 'NONE',  ( 0.000000000000000000, 0.000000000000000000, -1.000000000000000000 ) ) ;
#790 = VERTEX_POINT ( 'NONE', #4626 ) ;
#791 = PLANE ( 'NONE',  #2334 ) ;
#792 = CARTESIAN_POINT ( 'NONE',  ( -47.04999999999999716, 3.000000000000000000, 10.35000000000000675 ) ) ;
#793 = VECTOR ( 'NONE', #8925, 1000.000000000000000 ) ;
#794 = DIRECTION ( 'NONE',  ( 1.000000000000000000, 0.000000000000000000, -3.384826294588892433E-16 ) ) ;
#795 = CARTESIAN_POINT ( 'NONE',  ( -31.39188509507858882, -1.969091950432004892E-16, -8.932842712474670321 ) ) ;
#796 = ORIENTED_EDGE ( 'NONE', *, *, #3283, .F. ) ;
#797 = EDGE_CURVE ( 'NONE', #9469, #452, #8674, .T. ) ;
#798 = B_SPLINE_CURVE_WITH_KNOTS ( 'NONE', 3,
 ( #5242, #3761, #8527, #6225 ),
 .UNSPECIFIED., .F., .F.,
 ( 4, 4 ),
 ( 0.000000000000000000, 0.0001768406177448449905 ),
 .UNSPECIFIED. ) ;
#799 = CARTESIAN_POINT ( 'NONE',  ( -44.74999999999998579, 0.000000000000000000, 11.75000000000000000 ) ) ;
#800 = CARTESIAN_POINT ( 'NONE',  ( 22.68039777241905597, 0.000000000000000000, -7.384264693320296224 ) ) ;
#801 = VECTOR ( 'NONE', #9039, 1000.000000000000000 ) ;
#802 = DIRECTION ( 'NONE',  ( 1.000000000000000000, 0.000000000000000000, -4.231032868236115418E-16 ) ) ;
#803 = CARTESIAN_POINT ( 'NONE',  ( -19.54999999999998295, 15.10000000000000142, -14.75000000000000355 ) ) ;
#804 = DIRECTION ( 'NONE',  ( 0.000000000000000000, 1.000000000000000000, -0.000000000000000000 ) ) ;
#805 = DIRECTION ( 'NONE',  ( 0.000000000000000000, 0.000000000000000000, 1.000000000000000000 ) ) ;
#806 = VECTOR ( 'NONE', #1194, 1000.000000000000114 ) ;
#807 = ORIENTED_EDGE ( 'NONE', *, *, #4725, .F. ) ;
#808 = AXIS2_PLACEMENT_3D ( 'NONE', #9631, #8918, #1430 ) ;
#809 = ADVANCED_FACE ( 'NONE', ( #4513 ), #3688, .F. ) ;
#810 = EDGE_CURVE ( 'NONE', #6989, #7043, #6377, .T. ) ;
#811 = DIRECTION ( 'NONE',  ( -0.000000000000000000, 1.000000000000000000, 2.891205793294675861E-16 ) ) ;
#812 = VERTEX_POINT ( 'NONE', #8898 ) ;
#813 = PLANE ( 'NONE',  #8786 ) ;
#814 = AXIS2_PLACEMENT_3D ( 'NONE', #598, #10561, #755 ) ;
#815 = CARTESIAN_POINT ( 'NONE',  ( -33.54999999999998295, 8.000000000000000000, 0.000000000000000000 ) ) ;
#816 = DIRECTION ( 'NONE',  ( -0.000000000000000000, -1.000000000000000000, 0.000000000000000000 ) ) ;
#817 = VERTEX_POINT ( 'NONE', #3909 ) ;
#818 = DIRECTION ( 'NONE',  ( -1.000000000000000000, 0.000000000000000000, 0.000000000000000000 ) ) ;
#819 = DIRECTION ( 'NONE',  ( -0.000000000000000000, 1.000000000000000000, -0.000000000000000000 ) ) ;
#820 = ADVANCED_FACE ( 'NONE', ( #5503 ), #5718, .F. ) ;
#821 = CIRCLE ( 'NONE', #7284, 3.750000000000001776 ) ;
#822 = ORIENTED_EDGE ( 'NONE', *, *, #8904, .F. ) ;
#823 = ADVANCED_FACE ( 'NONE', ( #6429 ), #4841, .T. ) ;
#824 = CARTESIAN_POINT ( 'NONE',  ( -31.02812136139604249, 5.975884838393650256, 8.376025566382423904 ) ) ;
#826 = FACE_OUTER_BOUND ( 'NONE', #1405, .T. ) ;
#825 = DIRECTION ( 'NONE',  ( 0.000000000000000000, -1.000000000000000000, 0.000000000000000000 ) ) ;
#827 = DIRECTION ( 'NONE',  ( 0.5000000000000001110, 0.000000000000000000, 0.8660254037844385966 ) ) ;
#828 = ORIENTED_EDGE ( 'NONE', *, *, #3979, .T. ) ;
#829 = CARTESIAN_POINT ( 'NONE',  ( 0.000000000000000000, 0.000000000000000000, 8.549999999999998934 ) ) ;
#831 = DIRECTION ( 'NONE',  ( 0.000000000000000000, 1.000000000000000000, 0.000000000000000000 ) ) ;
#830 = AXIS2_PLACEMENT_3D ( 'NONE', #3675, #4136, #860 ) ;
#832 = DIRECTION ( 'NONE',  ( -0.000000000000000000, -0.000000000000000000, 1.000000000000000000 ) ) ;
#833 = DIRECTION ( 'NONE',  ( -0.000000000000000000, 1.000000000000000000, -0.000000000000000000 ) ) ;
#834 = DIRECTION ( 'NONE',  ( -5.409987398432881911E-16, -0.7208059210526351901, -0.6931369447486277480 ) ) ;
#835 = VERTEX_POINT ( 'NONE', #4014 ) ;
#836 = ORIENTED_EDGE ( 'NONE', *, *, #6109, .F. ) ;
#837 = VERTEX_POINT ( 'NONE', #481 ) ;
#838 = CARTESIAN_POINT ( 'NONE',  ( -44.74999999999998579, 17.60000000000000142, -13.55000000000000249 ) ) ;
#840 = LINE ( 'NONE', #7383, #3489 ) ;
#839 = DIRECTION ( 'NONE',  ( 0.000000000000000000, 0.000000000000000000, -1.000000000000000000 ) ) ;
#841 = ORIENTED_EDGE ( 'NONE', *, *, #6268, .T. ) ;
#842 = ORIENTED_EDGE ( 'NONE', *, *, #8127, .F. ) ;
#843 = EDGE_CURVE ( 'NONE', #3018, #6410, #7247, .T. ) ;
#844 = DIRECTION ( 'NONE',  ( 0.6427876096865406952, 0.000000000000000000, -0.7660444431189769032 ) ) ;
#845 = VERTEX_POINT ( 'NONE', #7339 ) ;
#846 = DIRECTION ( 'NONE',  ( 0.000000000000000000, 0.000000000000000000, -1.000000000000000000 ) ) ;
#847 = CARTESIAN_POINT ( 'NONE',  ( 2.550000000000021583, 15.10000000000000142, 12.35000000000015952 ) ) ;
#848 = EDGE_LOOP ( 'NONE', ( #7272, #5581, #2611, #5935 ) ) ;
#849 = AXIS2_PLACEMENT_3D ( 'NONE', #8201, #10723, #8147 ) ;
#850 = CARTESIAN_POINT ( 'NONE',  ( 47.04999999999999716, 8.000000000000000000, -8.649999999999993250 ) ) ;
#851 = CARTESIAN_POINT ( 'NONE',  ( 30.50000000000001066, 0.2999999999999999889, -2.350000000000004974 ) ) ;
#852 = DIRECTION ( 'NONE',  ( 1.000000000000000000, -0.000000000000000000, -0.000000000000000000 ) ) ;
#853 = VECTOR ( 'NONE', #2459, 1000.000000000000000 ) ;
#854 = DIRECTION ( 'NONE',  ( 0.000000000000000000, 0.000000000000000000, 1.000000000000000000 ) ) ;
#855 = EDGE_CURVE ( 'NONE', #2293, #4442, #7356, .T. ) ;
#856 = CARTESIAN_POINT ( 'NONE',  ( -51.66888654234491440, 9.350276794842502071, 4.114386614189605496 ) ) ;
#857 = EDGE_CURVE ( 'NONE', #5253, #8364, #4732, .T. ) ;
#858 = CARTESIAN_POINT ( 'NONE',  ( 0.000000000000000000, 0.000000000000000000, 11.75000000000000000 ) ) ;
#859 = ORIENTED_EDGE ( 'NONE', *, *, #5221, .T. ) ;
#860 = DIRECTION ( 'NONE',  ( 1.000000000000000000, 0.000000000000000000, 0.000000000000000000 ) ) ;
#861 = AXIS2_PLACEMENT_3D ( 'NONE', #9126, #7358, #4195 ) ;
#862 = VERTEX_POINT ( 'NONE', #8183 ) ;
#863 = LINE ( 'NONE', #6807, #2846 ) ;
#864 = CARTESIAN_POINT ( 'NONE',  ( -47.04999999999998295, 16.60000000000000142, -9.500000000000001776 ) ) ;
#865 = ORIENTED_EDGE ( 'NONE', *, *, #10277, .F. ) ;
#866 = DIRECTION ( 'NONE',  ( 0.000000000000000000, 0.000000000000000000, -1.000000000000000000 ) ) ;
#867 = EDGE_LOOP ( 'NONE', ( #3644, #2979, #750, #6792, #8386, #4836 ) ) ;
#868 = DIRECTION ( 'NONE',  ( 1.000000000000000000, 0.000000000000000000, -8.673617379884085959E-15 ) ) ;
#870 = ADVANCED_FACE ( 'NONE', ( #534 ), #7540, .T. ) ;
#869 = DIRECTION ( 'NONE',  ( 1.000000000000000000, 0.000000000000000000, 0.000000000000000000 ) ) ;
#871 = EDGE_CURVE ( 'NONE', #5365, #4211, #573, .T. ) ;
#872 = ORIENTED_EDGE ( 'NONE', *, *, #7793, .T. ) ;
#873 = ORIENTED_EDGE ( 'NONE', *, *, #1287, .F. ) ;
#874 = VECTOR ( 'NONE', #5163, 1000.000000000000000 ) ;
#875 = DIRECTION ( 'NONE',  ( 0.000000000000000000, 0.000000000000000000, 1.000000000000000000 ) ) ;
#877 = FACE_OUTER_BOUND ( 'NONE', #7266, .T. ) ;
#876 =( NAMED_UNIT ( * ) SI_UNIT ( $, .STERADIAN. ) SOLID_ANGLE_UNIT ( ) );
#878 = PLANE ( 'NONE',  #465 ) ;
#879 = EDGE_LOOP ( 'NONE', ( #10030, #10279, #10119, #8296, #7465 ) ) ;
#880 = CARTESIAN_POINT ( 'NONE',  ( -52.75099999999998346, 11.35000000000000142, 2.500000000000000000 ) ) ;
#881 = CARTESIAN_POINT ( 'NONE',  ( 37.00000000000001421, 5.400000000000000355, 8.349999999999997868 ) ) ;
#882 = CARTESIAN_POINT ( 'NONE',  ( 3.550000000000022027, 15.10000000000000142, -13.45000000000015916 ) ) ;
#883 = DIRECTION ( 'NONE',  ( -1.020425574104004196E-15, -0.000000000000000000, 1.000000000000000000 ) ) ;
#884 = EDGE_CURVE ( 'NONE', #1401, #2736, #8015, .T. ) ;
#885 = CARTESIAN_POINT ( 'NONE',  ( -35.24172192299145934, 0.2946731267839041712, 2.765000000000000124 ) ) ;
#886 = FACE_OUTER_BOUND ( 'NONE', #9776, .T. ) ;
#887 = VECTOR ( 'NONE', #3170, 1000.000000000000000 ) ;
#888 = ORIENTED_EDGE ( 'NONE', *, *, #4032, .F. ) ;
#889 = ORIENTED_EDGE ( 'NONE', *, *, #4788, .F. ) ;
#890 = ORIENTED_EDGE ( 'NONE', *, *, #5378, .F. ) ;
#891 = CARTESIAN_POINT ( 'NONE',  ( -31.28999999999999204, -29.13279938488576448, 8.349999999999997868 ) ) ;
#893 = CARTESIAN_POINT ( 'NONE',  ( -31.11939691791956974, 0.1293615736281126527, -2.765000000000000124 ) ) ;
#892 = DIRECTION ( 'NONE',  ( -0.000000000000000000, 0.000000000000000000, 1.000000000000000000 ) ) ;
#894 = ORIENTED_EDGE ( 'NONE', *, *, #5228, .F. ) ;
#895 = EDGE_CURVE ( 'NONE', #5535, #686, #4790, .T. ) ;
#896 = ORIENTED_EDGE ( 'NONE', *, *, #8271, .T. ) ;
#897 = CYLINDRICAL_SURFACE ( 'NONE', #9128, 0.8499999999999983125 ) ;
#898 = EDGE_CURVE ( 'NONE', #993, #1017, #2235, .T. ) ;
#899 = ORIENTED_EDGE ( 'NONE', *, *, #1517, .F. ) ;
#900 = CYLINDRICAL_SURFACE ( 'NONE', #2363, 3.000000000000002665 ) ;
#901 = DIRECTION ( 'NONE',  ( 0.000000000000000000, 1.000000000000000000, -0.000000000000000000 ) ) ;
#902 = EDGE_LOOP ( 'NONE', ( #1115, #4518, #332, #3131 ) ) ;
#903 = EDGE_CURVE ( 'NONE', #2309, #3430, #3799, .T. ) ;
#904 = DIRECTION ( 'NONE',  ( -1.000000000000000000, 0.000000000000000000, 0.000000000000000000 ) ) ;
#905 = PLANE ( 'NONE',  #1296 ) ;
#906 = DIRECTION ( 'NONE',  ( 0.000000000000000000, 0.000000000000000000, 1.000000000000000000 ) ) ;
#907 = CARTESIAN_POINT ( 'NONE',  ( 31.25000000000004263, 0.2999999999999999889, 6.618695557326041978 ) ) ;
#908 = CARTESIAN_POINT ( 'NONE',  ( -51.67919047829859380, 7.241574413032932256, 3.971980343050379059 ) ) ;
#909 = CARTESIAN_POINT ( 'NONE',  ( 30.50000000000001066, -0.0009999999999999158867, -2.350000000000004974 ) ) ;
#910 = VECTOR ( 'NONE', #5268, 1000.000000000000000 ) ;
#911 = ORIENTED_EDGE ( 'NONE', *, *, #10230, .T. ) ;
#912 = EDGE_CURVE ( 'NONE', #422, #2727, #6317, .T. ) ;
#913 = LINE ( 'NONE', #9176, #2575 ) ;
#914 = VERTEX_POINT ( 'NONE', #9667 ) ;
#915 = CARTESIAN_POINT ( 'NONE',  ( 34.84364652204420310, 0.2999999999999999889, -5.723830892551273308 ) ) ;
#916 = CYLINDRICAL_SURFACE ( 'NONE', #4825, 2.750000000000002665 ) ;
#917 = ORIENTED_EDGE ( 'NONE', *, *, #2657, .F. ) ;
#918 = DIRECTION ( 'NONE',  ( -0.000000000000000000, 1.000000000000000000, -0.000000000000000000 ) ) ;
#919 = ORIENTED_EDGE ( 'NONE', *, *, #9798, .T. ) ;
#920 = VERTEX_POINT ( 'NONE', #2339 ) ;
#921 = AXIS2_PLACEMENT_3D ( 'NONE', #4654, #3938, #8158 ) ;
#922 = AXIS2_PLACEMENT_3D ( 'NONE', #1236, #10702, #3850 ) ;
#923 = DIRECTION ( 'NONE',  ( 0.000000000000000000, 0.000000000000000000, 1.000000000000000000 ) ) ;
#924 = CARTESIAN_POINT ( 'NONE',  ( -30.58999999999999275, 5.995909431799613998, -3.615000000000000213 ) ) ;
#925 = ADVANCED_FACE ( 'NONE', ( #7190 ), #5609, .F. ) ;
#926 = ORIENTED_EDGE ( 'NONE', *, *, #8177, .T. ) ;
#927 = AXIS2_PLACEMENT_3D ( 'NONE', #10339, #6110, #6165 ) ;
#928 = CARTESIAN_POINT ( 'NONE',  ( 47.05000000000001137, 16.60000000000000142, 9.499999999999998224 ) ) ;
#929 = VECTOR ( 'NONE', #4708, 1000.000000000000000 ) ;
#930 = DIRECTION ( 'NONE',  ( 0.000000000000000000, 0.000000000000000000, -1.000000000000000000 ) ) ;
#931 = CARTESIAN_POINT ( 'NONE',  ( -31.47472780755320443, 0.1999999999999987899, -2.765000000000000124 ) ) ;
#932 = ORIENTED_EDGE ( 'NONE', *, *, #3719, .T. ) ;
#933 = FACE_OUTER_BOUND ( 'NONE', #3762, .T. ) ;
#934 = AXIS2_PLACEMENT_3D ( 'NONE', #7801, #10068, #10123 ) ;
#935 = CARTESIAN_POINT ( 'NONE',  ( -30.28999999999999204, 6.296018041280833089, 3.064999999999999947 ) ) ;
#936 = CARTESIAN_POINT ( 'NONE',  ( 23.08973614986586398, 0.2034051652805225485, -7.479818315299309184 ) ) ;
#937 = CARTESIAN_POINT ( 'NONE',  ( -1.549999999999978506, 13.30000000000000071, -12.35000000000015774 ) ) ;
#938 = CIRCLE ( 'NONE', #8967, 3.000000000000002665 ) ;
#939 = TOROIDAL_SURFACE ( 'NONE', #8436, 2.249999999999999556, 3.000000000000000000 ) ;
#940 = CARTESIAN_POINT ( 'NONE',  ( 9.234851445641259020E-15, 0.1999999999999996503, -9.050000000000022027 ) ) ;
#941 = CARTESIAN_POINT ( 'NONE',  ( -49.74999999999997868, 0.000000000000000000, 0.000000000000000000 ) ) ;
#942 = ORIENTED_EDGE ( 'NONE', *, *, #10522, .F. ) ;
#943 = ORIENTED_EDGE ( 'NONE', *, *, #8069, .F. ) ;
#944 = ORIENTED_EDGE ( 'NONE', *, *, #10508, .F. ) ;
#945 = CYLINDRICAL_SURFACE ( 'NONE', #7417, 1.000000000000000888 ) ;
#946 = EDGE_CURVE ( 'NONE', #3027, #10468, #10001, .T. ) ;
#947 = AXIS2_PLACEMENT_3D ( 'NONE', #8447, #3572, #2485 ) ;
#948 = EDGE_CURVE ( 'NONE', #2720, #3821, #9008, .T. ) ;
#950 = DIRECTION ( 'NONE',  ( -1.892425610156521707E-15, 0.000000000000000000, 1.000000000000000000 ) ) ;
#949 = LINE ( 'NONE', #133, #499 ) ;
#951 = ORIENTED_EDGE ( 'NONE', *, *, #3093, .F. ) ;
#952 = VECTOR ( 'NONE', #9084, 1000.000000000000000 ) ;
#953 = ORIENTED_EDGE ( 'NONE', *, *, #3719, .F. ) ;
#954 = DIRECTION ( 'NONE',  ( 0.000000000000000000, 0.000000000000000000, -1.000000000000000000 ) ) ;
#955 = ORIENTED_EDGE ( 'NONE', *, *, #2153, .T. ) ;
#956 = CARTESIAN_POINT ( 'NONE',  ( -40.03434658500975019, 0.1071145293931473758, 3.592122244086235927 ) ) ;
#957 = FACE_OUTER_BOUND ( 'NONE', #7106, .T. ) ;
#958 = ORIENTED_EDGE ( 'NONE', *, *, #10740, .F. ) ;
#959 = VERTEX_POINT ( 'NONE', #5055 ) ;
#960 = VECTOR ( 'NONE', #8348, 1000.000000000000000 ) ;
#961 = EDGE_CURVE ( 'NONE', #228, #5789, #6837, .T. ) ;
#962 = ADVANCED_FACE ( 'NONE', ( #9934 ), #4750, .T. ) ;
#963 = CARTESIAN_POINT ( 'NONE',  ( -29.81007189365366372, -2.624222992386002318, -20.34067203111831290 ) ) ;
#964 = CARTESIAN_POINT ( 'NONE',  ( -34.52834772718359346, 0.2000000000000000944, -20.34067203111831290 ) ) ;
#965 = CARTESIAN_POINT ( 'NONE',  ( -47.04999999995607141, 5.500000000000000000, -6.750000000000000888 ) ) ;
#966 = CARTESIAN_POINT ( 'NONE',  ( 49.30000000000001137, 0.000000000000000000, 9.500000000000000000 ) ) ;
#967 = AXIS2_PLACEMENT_3D ( 'NONE', #1601, #2578, #3398 ) ;
#968 = CARTESIAN_POINT ( 'NONE',  ( -51.49999999999999289, 7.083039804977581788, 3.819531249999984279 ) ) ;
#969 = CARTESIAN_POINT ( 'NONE',  ( 37.00000000000001421, 1.000000000000000000, 8.349999999999997868 ) ) ;
#970 = AXIS2_PLACEMENT_3D ( 'NONE', #6294, #3073, #7163 ) ;
#971 = ORIENTED_EDGE ( 'NONE', *, *, #3126, .T. ) ;
#972 = FACE_OUTER_BOUND ( 'NONE', #562, .T. ) ;
#973 = ORIENTED_EDGE ( 'NONE', *, *, #6747, .F. ) ;
#974 = CARTESIAN_POINT ( 'NONE',  ( 34.82426189721741849, 0.09795398803915086883, -5.626162013252811178 ) ) ;
#975 = CARTESIAN_POINT ( 'NONE',  ( 44.85000000000002984, 6.000000000000000000, 0.000000000000000000 ) ) ;
#976 = DIRECTION ( 'NONE',  ( 0.000000000000000000, 0.000000000000000000, 1.000000000000000000 ) ) ;
#977 = DIRECTION ( 'NONE',  ( 0.000000000000000000, -1.000000000000000000, 0.000000000000000000 ) ) ;
#978 = ADVANCED_FACE ( 'NONE', ( #5768 ), #9107, .F. ) ;
#979 = VECTOR ( 'NONE', #2683, 1000.000000000000000 ) ;
#980 = EDGE_LOOP ( 'NONE', ( #10346, #103, #5910, #7462 ) ) ;
#981 = CARTESIAN_POINT ( 'NONE',  ( -35.06554871542299878, 0.2000000000000000944, -3.615000000000000213 ) ) ;
#982 = DIRECTION ( 'NONE',  ( 0.000000000000000000, 0.000000000000000000, 1.000000000000000000 ) ) ;
#983 = CARTESIAN_POINT ( 'NONE',  ( 20.21000000000001151, 0.5000000000000004441, -3.420366970682078085E-15 ) ) ;
#984 = VERTEX_POINT ( 'NONE', #4230 ) ;
#985 = CARTESIAN_POINT ( 'NONE',  ( -51.49999999999998579, 10.30000000000000071, -2.449999999999999289 ) ) ;
#986 = LINE ( 'NONE', #3391, #5817 ) ;
#987 = ADVANCED_FACE ( 'NONE', ( #1734 ), #6688, .F. ) ;
#988 = LINE ( 'NONE', #9406, #10541 ) ;
#989 = DIRECTION ( 'NONE',  ( -0.000000000000000000, 1.000000000000000000, -0.000000000000000000 ) ) ;
#990 = AXIS2_PLACEMENT_3D ( 'NONE', #5227, #427, #5395 ) ;
#991 = DIRECTION ( 'NONE',  ( -0.9396926207859118696, 0.000000000000000000, -0.3420201433256592760 ) ) ;
#992 = ORIENTED_EDGE ( 'NONE', *, *, #7793, .F. ) ;
#993 = VERTEX_POINT ( 'NONE', #8398 ) ;
#994 = ORIENTED_EDGE ( 'NONE', *, *, #2269, .F. ) ;
#995 = CARTESIAN_POINT ( 'NONE',  ( -39.98506879479626974, 0.1999999999999987899, -2.765000000000000124 ) ) ;
#997 = CARTESIAN_POINT ( 'NONE',  ( -40.01900131232448388, 0.1363762547886367138, 2.772532483228503430 ) ) ;
#996 = CARTESIAN_POINT ( 'NONE',  ( -30.48104100737204547, 5.998805293769204461, -9.244991361753879033 ) ) ;
#998 = VERTEX_POINT ( 'NONE', #907 ) ;
#999 = ORIENTED_EDGE ( 'NONE', *, *, #5613, .T. ) ;
#1000 = CARTESIAN_POINT ( 'NONE',  ( -51.94339168156016484, 7.374426906261652093, -3.731065991842156926 ) ) ;
#1001 = DIRECTION ( 'NONE',  ( 0.000000000000000000, 0.000000000000000000, -1.000000000000000000 ) ) ;
#1002 = VERTEX_POINT ( 'NONE', #966 ) ;
#1003 = EDGE_CURVE ( 'NONE', #1350, #3578, #1784, .T. ) ;
#1004 = VERTEX_POINT ( 'NONE', #96 ) ;
#1005 = ADVANCED_FACE ( 'NONE', ( #6634 ), #3424, .T. ) ;
#1006 = EDGE_LOOP ( 'NONE', ( #4004, #4558, #3696, #10107 ) ) ;
#1007 = CARTESIAN_POINT ( 'NONE',  ( -44.74999999999998579, 15.19999999999999929, 11.75000000000000000 ) ) ;
#1008 = CARTESIAN_POINT ( 'NONE',  ( 29.75000000000002487, 0.2999999999999999889, 3.098623679425835054 ) ) ;
#1009 = DIRECTION ( 'NONE',  ( -0.000000000000000000, -1.000000000000000000, 0.000000000000000000 ) ) ;
#1010 = DIRECTION ( 'NONE',  ( -0.000000000000000000, -1.000000000000000000, -0.000000000000000000 ) ) ;
#1011 = ADVANCED_FACE ( 'NONE', ( #5111 ), #8074, .T. ) ;
#1012 = CARTESIAN_POINT ( 'NONE',  ( -51.53539848752883756, 7.801321235499613316, 4.257248146259626331 ) ) ;
#1013 = VERTEX_POINT ( 'NONE', #803 ) ;
#1014 = CARTESIAN_POINT ( 'NONE',  ( 49.80000000000001847, 11.35000000000000142, -1.700000000000000178 ) ) ;
#1015 = ADVANCED_FACE ( 'NONE', ( #7622 ), #149, .T. ) ;
#1016 = VECTOR ( 'NONE', #9518, 1000.000000000000000 ) ;
#1017 = VERTEX_POINT ( 'NONE', #7456 ) ;
#1018 = DIRECTION ( 'NONE',  ( 0.000000000000000000, 2.891205793294676354E-16, -1.000000000000000000 ) ) ;
#1019 = ORIENTED_EDGE ( 'NONE', *, *, #2939, .F. ) ;
#1020 = DIRECTION ( 'NONE',  ( 0.000000000000000000, 1.000000000000000000, 0.000000000000000000 ) ) ;
#1021 = DIRECTION ( 'NONE',  ( 1.000000000000000000, 0.000000000000000000, 0.000000000000000000 ) ) ;
#1022 = EDGE_CURVE ( 'NONE', #5833, #4658, #1960, .T. ) ;
#1023 = CARTESIAN_POINT ( 'NONE',  ( -19.54999999999997939, 15.10000000000000142, -14.75000000000000178 ) ) ;
#1024 = AXIS2_PLACEMENT_3D ( 'NONE', #3684, #8065, #10442 ) ;
#1025 = CYLINDRICAL_SURFACE ( 'NONE', #6692, 0.2999999999999994338 ) ;
#1026 = ADVANCED_FACE ( 'NONE', ( #2487 ), #1682, .T. ) ;
#1027 = ORIENTED_EDGE ( 'NONE', *, *, #9088, .T. ) ;
#1028 = ORIENTED_EDGE ( 'NONE', *, *, #7726, .F. ) ;
#1029 = EDGE_CURVE ( 'NONE', #4996, #7844, #45, .T. ) ;
#1030 = LINE ( 'NONE', #3541, #9137 ) ;
#1031 = FACE_OUTER_BOUND ( 'NONE', #9576, .T. ) ;
#1032 = ORIENTED_EDGE ( 'NONE', *, *, #4661, .T. ) ;
#1033 = FACE_OUTER_BOUND ( 'NONE', #293, .T. ) ;
#1034 = CARTESIAN_POINT ( 'NONE',  ( 31.24999999999998579, -0.0009999999999999158867, -11.31869555732605193 ) ) ;
#1035 = CARTESIAN_POINT ( 'NONE',  ( 0.000000000000000000, 1.000000000000000000, 0.000000000000000000 ) ) ;
#1036 = DIRECTION ( 'NONE',  ( -0.000000000000000000, -0.000000000000000000, 1.000000000000000000 ) ) ;
#1037 = CARTESIAN_POINT ( 'NONE',  ( -35.18270600294837891, -1.219966979521688965E-18, -3.532157287525381495 ) ) ;
#1038 = EDGE_LOOP ( 'NONE', ( #1895, #3706, #3683, #1816 ) ) ;
#1039 = ORIENTED_EDGE ( 'NONE', *, *, #3040, .T. ) ;
#1040 = VECTOR ( 'NONE', #8446, 1000.000000000000000 ) ;
#1041 = EDGE_LOOP ( 'NONE', ( #4219, #8473, #8122, #9303 ) ) ;
#1042 = EDGE_CURVE ( 'NONE', #6881, #395, #9295, .T. ) ;
#1043 = DIRECTION ( 'NONE',  ( 1.000000000000000000, 0.000000000000000000, 0.000000000000000000 ) ) ;
#1044 = ADVANCED_FACE ( 'NONE', ( #10760 ), #3257, .T. ) ;
#1046 = CARTESIAN_POINT ( 'NONE',  ( -30.28999999999999204, 3.179086282430880317, 9.349999999999997868 ) ) ;
#1045 = FACE_OUTER_BOUND ( 'NONE', #416, .T. ) ;
#1047 = ORIENTED_EDGE ( 'NONE', *, *, #3765, .F. ) ;
#1048 = ORIENTED_EDGE ( 'NONE', *, *, #1287, .T. ) ;
#1049 = EDGE_LOOP ( 'NONE', ( #386, #3289, #1442, #10088 ) ) ;
#1050 = AXIS2_PLACEMENT_3D ( 'NONE', #1771, #4428, #5093 ) ;
#1051 = CARTESIAN_POINT ( 'NONE',  ( -40.21146882909597764, 0.000000000000000000, 0.000000000000000000 ) ) ;
#1052 = CYLINDRICAL_SURFACE ( 'NONE', #2253, 1.000000000000000888 ) ;
#1053 = ORIENTED_EDGE ( 'NONE', *, *, #420, .F. ) ;
#1054 = CARTESIAN_POINT ( 'NONE',  ( -1.549999999999978506, 13.30000000000000071, 13.85000000000015952 ) ) ;
#1055 = CARTESIAN_POINT ( 'NONE',  ( -33.54999999999998295, 6.500000000000000888, 12.24999999999999822 ) ) ;
#1056 = ORIENTED_EDGE ( 'NONE', *, *, #6323, .F. ) ;
#1057 = ORIENTED_EDGE ( 'NONE', *, *, #4602, .F. ) ;
#1058 = ORIENTED_EDGE ( 'NONE', *, *, #8056, .T. ) ;
#1059 = CYLINDRICAL_SURFACE ( 'NONE', #5231, 4.341174913715429184 ) ;
#1060 = DIRECTION ( 'NONE',  ( -0.3420201433256697121, -0.000000000000000000, 0.9396926207859080948 ) ) ;
#1062 = EDGE_CURVE ( 'NONE', #10290, #1111, #4337, .T. ) ;
#1061 = CARTESIAN_POINT ( 'NONE',  ( -51.75875532609010321, 7.354050044791041962, 3.880259791441353023 ) ) ;
#1063 = LINE ( 'NONE', #9544, #5275 ) ;
#1064 = CARTESIAN_POINT ( 'NONE',  ( 0.000000000000000000, 0.5000000000000000000, 0.000000000000000000 ) ) ;
#1065 = ORIENTED_EDGE ( 'NONE', *, *, #2627, .F. ) ;
#1066 = CARTESIAN_POINT ( 'NONE',  ( -30.28999999999999204, 2.820913717569120127, 9.349999999999997868 ) ) ;
#1067 = VERTEX_POINT ( 'NONE', #3626 ) ;
#1068 = CARTESIAN_POINT ( 'NONE',  ( -51.99999999999998579, 8.400000000000000355, 2.925000000000002931 ) ) ;
#1069 = ORIENTED_EDGE ( 'NONE', *, *, #2269, .T. ) ;
#1070 = LINE ( 'NONE', #9392, #1098 ) ;
#1071 = EDGE_CURVE ( 'NONE', #5043, #9067, #1063, .T. ) ;
#1072 = CARTESIAN_POINT ( 'NONE',  ( -47.04999999999999716, 8.000000000000000000, 9.500000000000000000 ) ) ;
#1073 = CARTESIAN_POINT ( 'NONE',  ( 3.550000000000021139, 13.30000000000000071, -13.35000000000015952 ) ) ;
#1074 = MANIFOLD_SOLID_BREP ( '\X2\52079664\X0\-\X2\62c94f38\X0\29', #2541 ) ;
#1075 = CARTESIAN_POINT ( 'NONE',  ( 38.76960222758096108, 0.000000000000000000, 1.904841829914290408 ) ) ;
#1076 = EDGE_CURVE ( 'NONE', #1315, #8162, #3575, .T. ) ;
#1077 = ORIENTED_EDGE ( 'NONE', *, *, #7951, .F. ) ;
#1078 = DIRECTION ( 'NONE',  ( 0.000000000000000000, 0.000000000000000000, -1.000000000000000000 ) ) ;
#1079 = EDGE_CURVE ( 'NONE', #10468, #6423, #8590, .T. ) ;
#1080 = DIRECTION ( 'NONE',  ( 1.000000000000000000, -0.000000000000000000, -0.000000000000000000 ) ) ;
#1081 = VECTOR ( 'NONE', #844, 1000.000000000000000 ) ;
#1082 = VERTEX_POINT ( 'NONE', #10317 ) ;
#1083 = VECTOR ( 'NONE', #588, 1000.000000000000000 ) ;
#1084 = CARTESIAN_POINT ( 'NONE',  ( -2.798274178510209011E-15, 17.60000000000000142, -13.55000000000001137 ) ) ;
#1085 = VERTEX_POINT ( 'NONE', #2757 ) ;
#1086 = CARTESIAN_POINT ( 'NONE',  ( -30.28999999999999204, 0.5000000000000004441, 9.349999999999997868 ) ) ;
#1087 = CARTESIAN_POINT ( 'NONE',  ( 35.21143789659458889, 0.000000000000000000, -0.1494653044016135690 ) ) ;
#1088 = CARTESIAN_POINT ( 'NONE',  ( 50.54857113690719217, 11.00000000000000178, -12.25000000000000178 ) ) ;
#1089 = CARTESIAN_POINT ( 'NONE',  ( -7.399999999999942624, 11.00000000000000178, 14.19019237886469398 ) ) ;
#1090 = ADVANCED_FACE ( 'NONE', ( #8714 ), #7886, .T. ) ;
#1091 = ORIENTED_EDGE ( 'NONE', *, *, #2960, .T. ) ;
#1092 = AXIS2_PLACEMENT_3D ( 'NONE', #7659, #5417, #5202 ) ;
#1093 = ORIENTED_EDGE ( 'NONE', *, *, #2888, .T. ) ;
#1094 = VECTOR ( 'NONE', #6274, 1000.000000000000000 ) ;
#1095 = VECTOR ( 'NONE', #8871, 1000.000000000000000 ) ;
#1096 = ORIENTED_EDGE ( 'NONE', *, *, #1483, .T. ) ;
#1097 = CARTESIAN_POINT ( 'NONE',  ( 1.671642622304922590E-15, 15.10000000000000142, 13.24999999999999645 ) ) ;
#1098 = VECTOR ( 'NONE', #10111, 1000.000000000000000 ) ;
#1100 = DIRECTION ( 'NONE',  ( -1.000000000000000000, 0.000000000000000000, 0.000000000000000000 ) ) ;
#1099 = DIRECTION ( 'NONE',  ( 0.000000000000000000, 0.000000000000000000, 1.000000000000000000 ) ) ;
#1101 = ORIENTED_EDGE ( 'NONE', *, *, #9101, .F. ) ;
#1102 = ORIENTED_EDGE ( 'NONE', *, *, #159, .T. ) ;
#1103 = CIRCLE ( 'NONE', #3195, 2.400000000000000799 ) ;
#1104 = VERTEX_POINT ( 'NONE', #5329 ) ;
#1105 = CARTESIAN_POINT ( 'NONE',  ( -51.93358488462045841, 7.443484401221933666, -3.811814397759191841 ) ) ;
#1106 = B_SPLINE_CURVE_WITH_KNOTS ( 'NONE', 3,
 ( #9281, #4348, #7680, #10824 ),
 .UNSPECIFIED., .F., .F.,
 ( 4, 4 ),
 ( 0.000000000000000000, 8.053029081880106442E-05 ),
 .UNSPECIFIED. ) ;
#1107 = FACE_OUTER_BOUND ( 'NONE', #8111, .T. ) ;
#1108 = PLANE ( 'NONE',  #4797 ) ;
#1109 = CARTESIAN_POINT ( 'NONE',  ( -51.75882673044048232, 7.353325638946410336, -3.879343854972068240 ) ) ;
#1110 = EDGE_CURVE ( 'NONE', #1890, #8364, #8499, .T. ) ;
#1111 = VERTEX_POINT ( 'NONE', #6906 ) ;
#1112 = VERTEX_POINT ( 'NONE', #10262 ) ;
#1113 = CIRCLE ( 'NONE', #1988, 5.250000000000002665 ) ;
#1114 = EDGE_CURVE ( 'NONE', #8610, #1292, #7837, .T. ) ;
#1115 = ORIENTED_EDGE ( 'NONE', *, *, #5117, .F. ) ;
#1116 = VECTOR ( 'NONE', #8712, 1000.000000000000000 ) ;
#1117 = CIRCLE ( 'NONE', #6863, 1.600000000000000755 ) ;
#1118 = DIRECTION ( 'NONE',  ( -1.000000000000000000, 0.000000000000000000, 0.000000000000000000 ) ) ;
#1119 = CARTESIAN_POINT ( 'NONE',  ( -19.54999999999997939, 9.000000000000001776, -12.25000000000000178 ) ) ;
#1120 = DIRECTION ( 'NONE',  ( 0.000000000000000000, 9.130123557772666115E-16, -1.000000000000000000 ) ) ;
#1121 = DIRECTION ( 'NONE',  ( 0.000000000000000000, 0.000000000000000000, -1.000000000000000000 ) ) ;
#1122 = LINE ( 'NONE', #6201, #7887 ) ;
#1123 = ORIENTED_EDGE ( 'NONE', *, *, #549, .F. ) ;
#1124 = DIRECTION ( 'NONE',  ( 0.000000000000000000, -1.000000000000000000, -2.891205793294679805E-16 ) ) ;
#1125 = DIRECTION ( 'NONE',  ( -1.000000000000000000, 0.000000000000000000, 0.000000000000000000 ) ) ;
#1126 = EDGE_CURVE ( 'NONE', #212, #6732, #400, .T. ) ;
#1127 = EDGE_CURVE ( 'NONE', #769, #8847, #1449, .T. ) ;
#1128 = ORIENTED_EDGE ( 'NONE', *, *, #7229, .F. ) ;
#1129 = VECTOR ( 'NONE', #833, 1000.000000000000000 ) ;
#1130 = DIRECTION ( 'NONE',  ( 0.000000000000000000, 0.000000000000000000, 1.000000000000000000 ) ) ;
#1131 = ORIENTED_EDGE ( 'NONE', *, *, #9038, .T. ) ;
#1132 = B_SPLINE_CURVE_WITH_KNOTS ( 'NONE', 3,
 ( #7681, #5992, #5177, #4349 ),
 .UNSPECIFIED., .F., .F.,
 ( 4, 4 ),
 ( 2.710505431213761085E-19, 0.0001077442398752776040 ),
 .UNSPECIFIED. ) ;
#1133 = DIRECTION ( 'NONE',  ( 0.3420201433256592205, 0.000000000000000000, -0.9396926207859117586 ) ) ;
#1134 = CARTESIAN_POINT ( 'NONE',  ( -22.34999999999997655, 13.30000000000000071, -13.55000000000000249 ) ) ;
#1135 = DIRECTION ( 'NONE',  ( 1.000000000000000000, 0.000000000000000000, 0.000000000000000000 ) ) ;
#1136 = FACE_OUTER_BOUND ( 'NONE', #5547, .T. ) ;
#1137 = CIRCLE ( 'NONE', #7243, 9.000000000000012434 ) ;
#1138 = ADVANCED_FACE ( 'NONE', ( #6848 ), #6199, .T. ) ;
#1139 = EDGE_CURVE ( 'NONE', #3793, #5799, #4416, .T. ) ;
#1140 = ORIENTED_EDGE ( 'NONE', *, *, #1482, .T. ) ;
#1141 = CARTESIAN_POINT ( 'NONE',  ( -19.54999999999997939, 15.10000000000000142, -13.25000000000000533 ) ) ;
#1142 = LINE ( 'NONE', #10503, #2028 ) ;
#1143 = ORIENTED_EDGE ( 'NONE', *, *, #6794, .F. ) ;
#1144 = CIRCLE ( 'NONE', #10228, 0.2000000000000004829 ) ;
#1145 = CARTESIAN_POINT ( 'NONE',  ( -51.75422514057976286, 8.851472677953180934, 4.210235238010404224 ) ) ;
#1146 = EDGE_LOOP ( 'NONE', ( #6026, #4024, #9226, #10024, #6081, #10184, #6576, #2706, #3154, #1289 ) ) ;
#1147 = DIRECTION ( 'NONE',  ( 0.6427876096865379196, 0.000000000000000000, -0.7660444431189792347 ) ) ;
#1148 = LINE ( 'NONE', #5953, #10006 ) ;
#1149 = FACE_BOUND ( 'NONE', #10719, .T. ) ;
#1150 = LINE ( 'NONE', #6280, #7577 ) ;
#1151 = EDGE_LOOP ( 'NONE', ( #4441, #4785, #4983, #7520, #3079, #2982, #244, #5634, #7144, #926, #4603, #9423, #87, #595 ) ) ;
#1152 = ADVANCED_FACE ( 'NONE', ( #4001 ), #2976, .F. ) ;
#1153 = VERTEX_POINT ( 'NONE', #469 ) ;
#1154 = AXIS2_PLACEMENT_3D ( 'NONE', #5629, #1541, #875 ) ;
#1155 = ORIENTED_EDGE ( 'NONE', *, *, #9437, .F. ) ;
#1156 = CARTESIAN_POINT ( 'NONE',  ( 31.20096152549727009, 0.1300423822510691496, -7.755729192126858074 ) ) ;
#1158 = CARTESIAN_POINT ( 'NONE',  ( -30.28999999999998849, 3.160960922228516878, -8.864324414282059195 ) ) ;
#1157 = CARTESIAN_POINT ( 'NONE',  ( -40.03434658500975019, 0.1071145293931473758, -8.872877755913828324 ) ) ;
#1159 = ORIENTED_EDGE ( 'NONE', *, *, #961, .F. ) ;
#1160 = ORIENTED_EDGE ( 'NONE', *, *, #5877, .F. ) ;
#1161 = AXIS2_PLACEMENT_3D ( 'NONE', #5509, #543, #10662 ) ;
#1162 = ORIENTED_EDGE ( 'NONE', *, *, #3814, .T. ) ;
#1163 = DIRECTION ( 'NONE',  ( 0.000000000000000000, 0.000000000000000000, 1.000000000000000000 ) ) ;
#1164 = PLANE ( 'NONE',  #10106 ) ;
#1165 = VERTEX_POINT ( 'NONE', #3030 ) ;
#1166 = FACE_OUTER_BOUND ( 'NONE', #848, .T. ) ;
#1167 = CARTESIAN_POINT ( 'NONE',  ( -51.75411386731437346, 7.847643348051026813, -4.174609651986685321 ) ) ;
#1168 = ORIENTED_EDGE ( 'NONE', *, *, #1826, .T. ) ;
#1169 = VERTEX_POINT ( 'NONE', #8935 ) ;
#1170 = ORIENTED_EDGE ( 'NONE', *, *, #1576, .F. ) ;
#1171 = VECTOR ( 'NONE', #3798, 1000.000000000000000 ) ;
#1172 = CARTESIAN_POINT ( 'NONE',  ( -34.52834772718359346, 0.000000000000000000, -9.050000000000055778 ) ) ;
#1173 = LINE ( 'NONE', #6253, #1116 ) ;
#1174 = EDGE_CURVE ( 'NONE', #6970, #8628, #5650, .T. ) ;
#1175 = CARTESIAN_POINT ( 'NONE',  ( -51.89420172950726595, 7.979386158045732813, 4.159693197046860469 ) ) ;
#1176 = DIRECTION ( 'NONE',  ( 0.000000000000000000, -0.000000000000000000, -1.000000000000000000 ) ) ;
#1177 = CARTESIAN_POINT ( 'NONE',  ( 0.000000000000000000, 8.000000000000000000, 14.75000000000000000 ) ) ;
#1178 = ORIENTED_EDGE ( 'NONE', *, *, #9930, .F. ) ;
#1179 = LINE ( 'NONE', #9435, #8988 ) ;
#1180 = DIRECTION ( 'NONE',  ( 1.781193055562282205E-15, 0.000000000000000000, 1.000000000000000000 ) ) ;
#1181 = AXIS2_PLACEMENT_3D ( 'NONE', #1631, #4849, #9942 ) ;
#1182 = ORIENTED_EDGE ( 'NONE', *, *, #6913, .F. ) ;
#1183 = LINE ( 'NONE', #9390, #5204 ) ;
#1184 = CARTESIAN_POINT ( 'NONE',  ( -2.798274178510209011E-15, 16.60000000000000142, -13.55000000000001137 ) ) ;
#1185 = EDGE_CURVE ( 'NONE', #2915, #9441, #8002, .T. ) ;
#1186 = FACE_OUTER_BOUND ( 'NONE', #4675, .T. ) ;
#1187 = EDGE_CURVE ( 'NONE', #1320, #4868, #7235, .T. ) ;
#1188 = DIRECTION ( 'NONE',  ( -0.000000000000000000, -0.000000000000000000, 1.000000000000000000 ) ) ;
#1189 = CARTESIAN_POINT ( 'NONE',  ( 44.80000000000002558, 6.000000000000000000, 2.399479110140366078 ) ) ;
#1190 = CARTESIAN_POINT ( 'NONE',  ( -35.06554871542299878, 0.000000000000000000, 8.549999999999998934 ) ) ;
#1191 = ORIENTED_EDGE ( 'NONE', *, *, #6226, .T. ) ;
#1192 = LINE ( 'NONE', #7090, #1808 ) ;
#1193 = CIRCLE ( 'NONE', #1552, 0.2999999999999999334 ) ;
#1194 = DIRECTION ( 'NONE',  ( -0.3420201433256697121, -0.000000000000000000, 0.9396926207859080948 ) ) ;
#1195 = ORIENTED_EDGE ( 'NONE', *, *, #10165, .T. ) ;
#1196 = CARTESIAN_POINT ( 'NONE',  ( -51.77340835089973581, 7.205390757595178108, 3.692296232791139055 ) ) ;
#1197 = EDGE_CURVE ( 'NONE', #2005, #9862, #9711, .T. ) ;
#1198 = EDGE_CURVE ( 'NONE', #2736, #920, #3534, .T. ) ;
#1199 = PLANE ( 'NONE',  #8609 ) ;
#1200 = AXIS2_PLACEMENT_3D ( 'NONE', #10004, #869, #9899 ) ;
#1201 = FACE_OUTER_BOUND ( 'NONE', #1041, .T. ) ;
#1202 = CARTESIAN_POINT ( 'NONE',  ( -19.54999999999997939, 9.000000000000001776, 12.24999999999999822 ) ) ;
#1203 = ORIENTED_EDGE ( 'NONE', *, *, #5976, .T. ) ;
#1204 = VERTEX_POINT ( 'NONE', #2221 ) ;
#1205 = DIRECTION ( 'NONE',  ( -1.176083712526649195E-16, 0.000000000000000000, -1.000000000000000000 ) ) ;
#1206 = B_SPLINE_CURVE_WITH_KNOTS ( 'NONE', 3,
 ( #2937, #9342, #7682, #210 ),
 .UNSPECIFIED., .F., .F.,
 ( 4, 4 ),
 ( 0.000000000000000000, 8.053029081880143034E-05 ),
 .UNSPECIFIED. ) ;
#1208 = DIRECTION ( 'NONE',  ( -0.000000000000000000, 0.000000000000000000, -1.000000000000000000 ) ) ;
#1207 = CARTESIAN_POINT ( 'NONE',  ( -44.74999999999998579, 17.60000000000000142, -6.750000000000002665 ) ) ;
#1209 = VERTEX_POINT ( 'NONE', #3787 ) ;
#1210 = ORIENTED_EDGE ( 'NONE', *, *, #9930, .T. ) ;
#1211 = EDGE_CURVE ( 'NONE', #1085, #1401, #1459, .T. ) ;
#1212 = ORIENTED_EDGE ( 'NONE', *, *, #5058, .T. ) ;
#1213 = DIRECTION ( 'NONE',  ( 0.000000000000000000, 0.000000000000000000, 1.000000000000000000 ) ) ;
#1214 = CARTESIAN_POINT ( 'NONE',  ( 3.550000000000021139, 13.30000000000000071, 13.35000000000015952 ) ) ;
#1215 = FACE_OUTER_BOUND ( 'NONE', #2097, .T. ) ;
#1216 = ORIENTED_EDGE ( 'NONE', *, *, #1429, .T. ) ;
#1217 = VERTEX_POINT ( 'NONE', #9766 ) ;
#1218 = ORIENTED_EDGE ( 'NONE', *, *, #2171, .T. ) ;
#1219 = EDGE_CURVE ( 'NONE', #5911, #6736, #9651, .T. ) ;
#1220 = FACE_OUTER_BOUND ( 'NONE', #9181, .T. ) ;
#1221 = CIRCLE ( 'NONE', #6103, 5.199999999999985967 ) ;
#1222 = LINE ( 'NONE', #7945, #6867 ) ;
#1223 = DIRECTION ( 'NONE',  ( -1.000000000000000000, -0.000000000000000000, 4.476705744456300993E-16 ) ) ;
#1224 = CARTESIAN_POINT ( 'NONE',  ( 47.04999999999999716, 3.000000000000000000, 9.500000000000000000 ) ) ;
#1225 = EDGE_CURVE ( 'NONE', #4217, #7934, #1447, .T. ) ;
#1226 = FACE_OUTER_BOUND ( 'NONE', #5035, .T. ) ;
#1227 = DIRECTION ( 'NONE',  ( 0.000000000000000000, 0.000000000000000000, 1.000000000000000000 ) ) ;
#1228 = EDGE_LOOP ( 'NONE', ( #2516, #2897, #3692, #1244, #9772, #5029 ) ) ;
#1229 = CARTESIAN_POINT ( 'NONE',  ( -30.28999999999999204, 3.179086282430881649, 9.349999999999997868 ) ) ;
#1230 = DIRECTION ( 'NONE',  ( 0.000000000000000000, 0.000000000000000000, -1.000000000000000000 ) ) ;
#1231 = EDGE_CURVE ( 'NONE', #8847, #1926, #9817, .T. ) ;
#1232 = ORIENTED_EDGE ( 'NONE', *, *, #1466, .F. ) ;
#1233 = DIRECTION ( 'NONE',  ( 1.000000000000000000, 0.000000000000000000, 0.000000000000000000 ) ) ;
#1234 = LINE ( 'NONE', #4624, #3545 ) ;
#1235 = DIRECTION ( 'NONE',  ( 0.000000000000000000, 0.000000000000000000, 1.000000000000000000 ) ) ;
#1236 = CARTESIAN_POINT ( 'NONE',  ( -47.04999999999998295, 15.10000000000000142, -9.500000000000001776 ) ) ;
#1237 = DIRECTION ( 'NONE',  ( 0.000000000000000000, 1.000000000000000000, -0.000000000000000000 ) ) ;
#1238 = FACE_OUTER_BOUND ( 'NONE', #5477, .T. ) ;
#1239 = EDGE_CURVE ( 'NONE', #2654, #212, #10687, .T. ) ;
#1240 = ORIENTED_EDGE ( 'NONE', *, *, #8986, .T. ) ;
#1241 = ORIENTED_EDGE ( 'NONE', *, *, #4097, .T. ) ;
#1242 = DIRECTION ( 'NONE',  ( 1.000000000000000000, 0.000000000000000000, 4.649961153092157965E-16 ) ) ;
#1243 = CYLINDRICAL_SURFACE ( 'NONE', #9359, 0.2999999999999998779 ) ;
#1244 = ORIENTED_EDGE ( 'NONE', *, *, #5216, .F. ) ;
#1245 = CARTESIAN_POINT ( 'NONE',  ( -19.54999999999998295, 15.20000000000000462, -14.75000000000000355 ) ) ;
#1246 = VECTOR ( 'NONE', #1695, 1000.000000000000000 ) ;
#1247 = CARTESIAN_POINT ( 'NONE',  ( 44.85000000000002984, 8.000000000000000000, 0.000000000000000000 ) ) ;
#1248 = B_SPLINE_CURVE_WITH_KNOTS ( 'NONE', 3,
 ( #2632, #996, #7763, #2847, #6015, #9465 ),
 .UNSPECIFIED., .F., .F.,
 ( 4, 2, 4 ),
 ( 0.000000000000000000, 0.0004228049033699867116, 0.0008456098067399734231 ),
 .UNSPECIFIED. ) ;
#1249 = DIRECTION ( 'NONE',  ( 0.000000000000000000, 0.000000000000000000, 1.000000000000000000 ) ) ;
#1250 = DIRECTION ( 'NONE',  ( -2.891205793294679017E-15, 0.000000000000000000, 1.000000000000000000 ) ) ;
#1251 = EDGE_CURVE ( 'NONE', #998, #445, #4612, .T. ) ;
#1252 = EDGE_LOOP ( 'NONE', ( #3507, #4773, #2331, #5478, #3515, #10337 ) ) ;
#1253 = ORIENTED_EDGE ( 'NONE', *, *, #2928, .T. ) ;
#1254 = ORIENTED_EDGE ( 'NONE', *, *, #8465, .F. ) ;
#1255 = CIRCLE ( 'NONE', #3178, 9.300000000000013145 ) ;
#1256 = AXIS2_PLACEMENT_3D ( 'NONE', #7567, #9270, #6582 ) ;
#1257 = DIRECTION ( 'NONE',  ( 0.5000000000000003331, 0.000000000000000000, 0.8660254037844385966 ) ) ;
#1259 = CARTESIAN_POINT ( 'NONE',  ( -30.28999999999999204, 2.820913717569120127, -9.850000000000052935 ) ) ;
#1258 = PLANE ( 'NONE',  #4509 ) ;
#1260 = LINE ( 'NONE', #2956, #7601 ) ;
#1261 = EDGE_LOOP ( 'NONE', ( #1415, #4828, #4172, #5711, #7635 ) ) ;
#1262 = VERTEX_POINT ( 'NONE', #3185 ) ;
#1263 = ORIENTED_EDGE ( 'NONE', *, *, #9553, .F. ) ;
#1264 = CARTESIAN_POINT ( 'NONE',  ( -31.27472780755320869, 0.000000000000000000, -2.965000000000000302 ) ) ;
#1265 = CARTESIAN_POINT ( 'NONE',  ( -51.95568058483290486, 9.484780085661554949, 3.641416195902992481 ) ) ;
#1266 = VECTOR ( 'NONE', #2834, 1000.000000000000000 ) ;
#1267 = CARTESIAN_POINT ( 'NONE',  ( -51.55319465118826372, 8.157297053226439942, -4.338305428497908345 ) ) ;
#1268 = CARTESIAN_POINT ( 'NONE',  ( -51.91525618977439649, 7.595935550850307472, -3.968456183257612402 ) ) ;
#1269 = ORIENTED_EDGE ( 'NONE', *, *, #7951, .T. ) ;
#1270 = VERTEX_POINT ( 'NONE', #5597 ) ;
#1271 = ORIENTED_EDGE ( 'NONE', *, *, #4877, .F. ) ;
#1272 = EDGE_CURVE ( 'NONE', #4372, #5918, #8827, .T. ) ;
#1273 = ADVANCED_FACE ( 'NONE', ( #5489 ), #1341, .T. ) ;
#1274 = CARTESIAN_POINT ( 'NONE',  ( -51.99999999999998579, 6.902631723476094550, -3.013815789473683893 ) ) ;
#1276 = LINE ( 'NONE', #9649, #4352 ) ;
#1275 = CARTESIAN_POINT ( 'NONE',  ( 29.91555363911329479, 0.02145563245112838344, -11.49711103979234395 ) ) ;
#1277 = AXIS2_PLACEMENT_3D ( 'NONE', #4832, #2673, #8172 ) ;
#1278 = VECTOR ( 'NONE', #6583, 1000.000000000000000 ) ;
#1279 = CARTESIAN_POINT ( 'NONE',  ( 40.80000000000001137, 8.000000000000000000, -7.250000000000000888 ) ) ;
#1280 = CARTESIAN_POINT ( 'NONE',  ( 3.529354819742604419E-16, 11.00000000000000178, -13.55000000000000249 ) ) ;
#1281 = FACE_OUTER_BOUND ( 'NONE', #7714, .T. ) ;
#1282 = DIRECTION ( 'NONE',  ( 0.000000000000000000, 0.000000000000000000, 1.000000000000000000 ) ) ;
#1283 = VECTOR ( 'NONE', #4258, 1000.000000000000000 ) ;
#1284 = ORIENTED_EDGE ( 'NONE', *, *, #6323, .T. ) ;
#1285 = FACE_OUTER_BOUND ( 'NONE', #5476, .T. ) ;
#1286 = CARTESIAN_POINT ( 'NONE',  ( 0.000000000000000000, 0.2000000000000000111, 2.965000000000000302 ) ) ;
#1287 = EDGE_CURVE ( 'NONE', #4555, #2427, #4669, .T. ) ;
#1288 = VECTOR ( 'NONE', #2217, 1000.000000000000000 ) ;
#1289 = ORIENTED_EDGE ( 'NONE', *, *, #4123, .F. ) ;
#1290 = CIRCLE ( 'NONE', #10559, 6.800000000000000711 ) ;
#1291 = ADVANCED_FACE ( 'NONE', ( #6516 ), #631, .T. ) ;
#1292 = VERTEX_POINT ( 'NONE', #6465 ) ;
#1293 = CARTESIAN_POINT ( 'NONE',  ( -400000.2249999998603, 5.500000000000000000, 6.749999999897227099 ) ) ;
#1294 = CARTESIAN_POINT ( 'NONE',  ( 47.04999999999999716, 3.000000000000000000, 9.500000000000000000 ) ) ;
#1295 = FACE_OUTER_BOUND ( 'NONE', #8691, .T. ) ;
#1296 = AXIS2_PLACEMENT_3D ( 'NONE', #2643, #6846, #9382 ) ;
#1297 = DIRECTION ( 'NONE',  ( 0.000000000000000000, 0.000000000000000000, 1.000000000000000000 ) ) ;
#1298 = CIRCLE ( 'NONE', #428, 3.000000000000002665 ) ;
#1299 = LINE ( 'NONE', #5282, #6138 ) ;
#1300 = AXIS2_PLACEMENT_3D ( 'NONE', #6628, #7613, #8540 ) ;
#1301 = CARTESIAN_POINT ( 'NONE',  ( -47.04999999999999716, 3.000000000000000000, -8.650000000000002132 ) ) ;
#1302 = AXIS2_PLACEMENT_3D ( 'NONE', #3191, #9875, #4887 ) ;
#1303 = ORIENTED_EDGE ( 'NONE', *, *, #5436, .F. ) ;
#1304 = FACE_OUTER_BOUND ( 'NONE', #6916, .T. ) ;
#1305 = CARTESIAN_POINT ( 'NONE',  ( 22.23039777241905313, 0.000000000000000000, -6.604841829914293250 ) ) ;
#1306 = ORIENTED_EDGE ( 'NONE', *, *, #4251, .F. ) ;
#1307 = EDGE_CURVE ( 'NONE', #4496, #6334, #5136, .T. ) ;
#1308 = CARTESIAN_POINT ( 'NONE',  ( -51.75411103711284255, 8.959357085087479078, 4.172018366709761672 ) ) ;
#1309 = AXIS2_PLACEMENT_3D ( 'NONE', #381, #6821, #1964 ) ;
#1310 = DIRECTION ( 'NONE',  ( 0.8660254037844390407, 0.000000000000000000, -0.4999999999999995004 ) ) ;
#1311 = CARTESIAN_POINT ( 'NONE',  ( 0.000000000000000000, 5.400000000000000355, 0.000000000000000000 ) ) ;
#1312 = CARTESIAN_POINT ( 'NONE',  ( 30.95000000000003837, 0.000000000000000000, 2.830492254602816171 ) ) ;
#1313 = B_SPLINE_CURVE_WITH_KNOTS ( 'NONE', 3,
 ( #6671, #4216, #997, #10028 ),
 .UNSPECIFIED., .F., .F.,
 ( 4, 4 ),
 ( 2.710505431213761085E-19, 0.0001077442398752776040 ),
 .UNSPECIFIED. ) ;
#1314 = VERTEX_POINT ( 'NONE', #985 ) ;
#1315 = VERTEX_POINT ( 'NONE', #9923 ) ;
#1316 = DIRECTION ( 'NONE',  ( -1.000000000000000000, 0.000000000000000000, 0.000000000000000000 ) ) ;
#1317 = CIRCLE ( 'NONE', #2544, 4.450000000000002842 ) ;
#1319 = DIRECTION ( 'NONE',  ( -1.000000000000000000, 0.000000000000000000, 0.000000000000000000 ) ) ;
#1318 = CARTESIAN_POINT ( 'NONE',  ( -34.34233853611036835, 0.1265113557324328841, 8.363990808926773823 ) ) ;
#1320 = VERTEX_POINT ( 'NONE', #9095 ) ;
#1321 = ORIENTED_EDGE ( 'NONE', *, *, #1076, .F. ) ;
#1322 = ORIENTED_EDGE ( 'NONE', *, *, #3753, .T. ) ;
#1323 = ADVANCED_FACE ( 'NONE', ( #4312 ), #172, .F. ) ;
#1324 = ADVANCED_FACE ( 'NONE', ( #1033 ), #9155, .T. ) ;
#1325 = ORIENTED_EDGE ( 'NONE', *, *, #5723, .T. ) ;
#1326 = CARTESIAN_POINT ( 'NONE',  ( 3.550000000000022027, 13.30000000000000071, -13.45000000000015916 ) ) ;
#1327 = CARTESIAN_POINT ( 'NONE',  ( -31.02847976130366092, 5.975861024595712223, -8.875928149811187495 ) ) ;
#1328 = VECTOR ( 'NONE', #5899, 1000.000000000000000 ) ;
#1329 = CARTESIAN_POINT ( 'NONE',  ( -51.66873083013050660, 8.152124297241098105, -4.337699192715327001 ) ) ;
#1330 = CARTESIAN_POINT ( 'NONE',  ( -44.54999999999998295, 8.000000000000000000, -12.25000000000000178 ) ) ;
#1331 = AXIS2_PLACEMENT_3D ( 'NONE', #2198, #3929, #1316 ) ;
#1332 = ORIENTED_EDGE ( 'NONE', *, *, #3209, .F. ) ;
#1333 = ORIENTED_EDGE ( 'NONE', *, *, #719, .F. ) ;
#1334 = VERTEX_POINT ( 'NONE', #1561 ) ;
#1335 = CARTESIAN_POINT ( 'NONE',  ( 47.05000000000001137, 11.00000000000000178, 9.499999999999998224 ) ) ;
#1336 = AXIS2_PLACEMENT_3D ( 'NONE', #9017, #8078, #8194 ) ;
#1338 = CARTESIAN_POINT ( 'NONE',  ( 8.267579849446709872, 0.2999999999999999889, -14.31986835487437126 ) ) ;
#1337 = CARTESIAN_POINT ( 'NONE',  ( 29.76257894721914354, 0.2034051652805235200, -11.33238590061130679 ) ) ;
#1339 = ORIENTED_EDGE ( 'NONE', *, *, #8208, .F. ) ;
#1340 = DIRECTION ( 'NONE',  ( 1.261617073437677752E-16, 0.000000000000000000, 1.000000000000000000 ) ) ;
#1341 = PLANE ( 'NONE',  #4402 ) ;
#1342 = LINE ( 'NONE', #6517, #9472 ) ;
#1343 = LINE ( 'NONE', #4614, #6162 ) ;
#1344 = ADVANCED_FACE ( 'NONE', ( #1861 ), #5705, .T. ) ;
#1345 = EDGE_CURVE ( 'NONE', #564, #320, #8220, .T. ) ;
#1346 = ORIENTED_EDGE ( 'NONE', *, *, #9486, .T. ) ;
#1347 = CARTESIAN_POINT ( 'NONE',  ( -30.28999999999999204, 0.5000000000000004441, 9.349999999999997868 ) ) ;
#1348 = CARTESIAN_POINT ( 'NONE',  ( 29.91555363911334098, 0.02145563245112857773, 6.797111039792336662 ) ) ;
#1349 = ORIENTED_EDGE ( 'NONE', *, *, #343, .F. ) ;
#1350 = VERTEX_POINT ( 'NONE', #3495 ) ;
#1351 = DIRECTION ( 'NONE',  ( 0.000000000000000000, 0.000000000000000000, 1.000000000000000000 ) ) ;
#1352 = EDGE_CURVE ( 'NONE', #6069, #1314, #7643, .T. ) ;
#1353 = LINE ( 'NONE', #8672, #6166 ) ;
#1354 = CARTESIAN_POINT ( 'NONE',  ( 44.80000000000001847, 8.000000000000000000, -12.25000000000000000 ) ) ;
#1355 = DIRECTION ( 'NONE',  ( 1.000000000000000000, 0.000000000000000000, 1.020425574104004196E-15 ) ) ;
#1356 = AXIS2_PLACEMENT_3D ( 'NONE', #4678, #2987, #1410 ) ;
#1357 = FACE_OUTER_BOUND ( 'NONE', #7662, .T. ) ;
#1358 = ADVANCED_FACE ( 'NONE', ( #9352 ), #791, .T. ) ;
#1359 = LINE ( 'NONE', #8186, #2348 ) ;
#1360 = EDGE_LOOP ( 'NONE', ( #1077, #10244, #2246, #8692 ) ) ;
#1361 = ORIENTED_EDGE ( 'NONE', *, *, #632, .F. ) ;
#1362 = EDGE_CURVE ( 'NONE', #7004, #3368, #4934, .T. ) ;
#1363 = FACE_OUTER_BOUND ( 'NONE', #347, .T. ) ;
#1364 = PLANE ( 'NONE',  #9730 ) ;
#1365 = ORIENTED_EDGE ( 'NONE', *, *, #7236, .F. ) ;
#1366 = PRODUCT_DEFINITION_CONTEXT ( 'detailed design', #10249, 'design' ) ;
#1367 = CARTESIAN_POINT ( 'NONE',  ( 26.15635347795582177, 0.2531612188914911798, 1.023830892551264027 ) ) ;
#1368 = EDGE_CURVE ( 'NONE', #2401, #4996, #10310, .T. ) ;
#1369 = DIRECTION ( 'NONE',  ( 0.000000000000000000, 0.000000000000000000, -1.000000000000000000 ) ) ;
#1370 = B_SPLINE_CURVE_WITH_KNOTS ( 'NONE', 3,
 ( #7117, #6250, #3832, #5483, #10528, #3023, #7996, #5645 ),
 .UNSPECIFIED., .F., .F.,
 ( 4, 2, 2, 4 ),
 ( -3.466145320676849432E-06, 0.0002882777914485888269, 0.0004341497598332242735, 0.0005800217282178598286 ),
 .UNSPECIFIED. ) ;
#1371 = CARTESIAN_POINT ( 'NONE',  ( 30.50000000000001066, 0.2999999999999999889, -2.350000000000004974 ) ) ;
#1372 = CARTESIAN_POINT ( 'NONE',  ( 0.000000000000000000, 3.000000000000000000, 14.75000000000000000 ) ) ;
#1373 = ORIENTED_EDGE ( 'NONE', *, *, #5188, .F. ) ;
#1374 = ADVANCED_FACE ( 'NONE', ( #6572 ), #7691, .F. ) ;
#1375 = EDGE_LOOP ( 'NONE', ( #9493, #4712, #7866, #7608 ) ) ;
#1376 = VECTOR ( 'NONE', #4029, 1000.000000000000000 ) ;
#1377 = CARTESIAN_POINT ( 'NONE',  ( -19.54999999999997939, 11.00000000000000178, -13.55000000000000249 ) ) ;
#1378 = CIRCLE ( 'NONE', #2422, 0.7999999999999992673 ) ;
#1380 = CARTESIAN_POINT ( 'NONE',  ( -30.28999999999998494, 2.863606896637687527, -8.879118549326156185 ) ) ;
#1379 = LINE ( 'NONE', #3768, #5561 ) ;
#1381 = ORIENTED_EDGE ( 'NONE', *, *, #8482, .F. ) ;
#1382 = ORIENTED_EDGE ( 'NONE', *, *, #9364, .T. ) ;
#1383 = EDGE_LOOP ( 'NONE', ( #4279, #6535, #6011, #8467 ) ) ;
#1384 = DIRECTION ( 'NONE',  ( 0.000000000000000000, 1.000000000000000000, 0.000000000000000000 ) ) ;
#1385 = DIRECTION ( 'NONE',  ( -1.000000000000000000, -0.000000000000000000, -0.000000000000000000 ) ) ;
#1386 = FACE_OUTER_BOUND ( 'NONE', #784, .T. ) ;
#1387 = DIRECTION ( 'NONE',  ( 0.000000000000000000, 0.000000000000000000, 1.000000000000000000 ) ) ;
#1388 = ORIENTED_EDGE ( 'NONE', *, *, #4339, .F. ) ;
#1389 = ORIENTED_EDGE ( 'NONE', *, *, #8349, .T. ) ;
#1390 = EDGE_CURVE ( 'NONE', #1427, #228, #2728, .T. ) ;
#1391 = EDGE_CURVE ( 'NONE', #7547, #7999, #1910, .T. ) ;
#1392 = CIRCLE ( 'NONE', #6961, 0.3706384263718852656 ) ;
#1393 = DIRECTION ( 'NONE',  ( 0.000000000000000000, 1.000000000000000000, 0.000000000000000000 ) ) ;
#1395 = DIRECTION ( 'NONE',  ( -0.000000000000000000, 0.000000000000000000, 1.000000000000000000 ) ) ;
#1394 = DIRECTION ( 'NONE',  ( 0.000000000000000000, 0.000000000000000000, 1.000000000000000000 ) ) ;
#1396 = EDGE_LOOP ( 'NONE', ( #1869, #5348, #6116, #859, #2553, #9102, #1143, #4488, #3605, #1959, #6811, #6282, #5194, #4821 ) ) ;
#1397 = CYLINDRICAL_SURFACE ( 'NONE', #10026, 0.1999999999999987899 ) ;
#1398 = DIRECTION ( 'NONE',  ( 0.000000000000000000, 1.000000000000000000, 0.000000000000000000 ) ) ;
#1399 = FACE_OUTER_BOUND ( 'NONE', #5900, .T. ) ;
#1400 = CYLINDRICAL_SURFACE ( 'NONE', #9311, 0.1999999999999987899 ) ;
#1401 = VERTEX_POINT ( 'NONE', #6621 ) ;
#1402 = CARTESIAN_POINT ( 'NONE',  ( -34.34233853611036835, 0.1265113557324328841, -3.601009191073223814 ) ) ;
#1403 = CARTESIAN_POINT ( 'NONE',  ( -51.79999999999998295, 9.897368276523904385, 3.013815789473683004 ) ) ;
#1404 = EDGE_LOOP ( 'NONE', ( #9839, #10460, #3340, #4651, #8697, #3983 ) ) ;
#1405 = EDGE_LOOP ( 'NONE', ( #9675, #9809, #6574, #3596 ) ) ;
#1406 = CIRCLE ( 'NONE', #8026, 1.300000000000000711 ) ;
#1407 = EDGE_CURVE ( 'NONE', #4964, #1926, #9975, .T. ) ;
#1408 = DIRECTION ( 'NONE',  ( -1.971236424878464453E-15, 0.000000000000000000, -1.000000000000000000 ) ) ;
#1409 = DIRECTION ( 'NONE',  ( 0.000000000000000000, 0.000000000000000000, -1.000000000000000000 ) ) ;
#1410 = DIRECTION ( 'NONE',  ( 0.000000000000000000, 0.000000000000000000, -1.000000000000000000 ) ) ;
#1411 = DIRECTION ( 'NONE',  ( -0.000000000000000000, -1.000000000000000000, -0.000000000000000000 ) ) ;
#1412 = LINE ( 'NONE', #4843, #1278 ) ;
#1413 = CARTESIAN_POINT ( 'NONE',  ( 49.30000000000001847, 0.000000000000000000, 9.500000000000000000 ) ) ;
#1414 = AXIS2_PLACEMENT_3D ( 'NONE', #2320, #5753, #8992 ) ;
#1415 = ORIENTED_EDGE ( 'NONE', *, *, #9136, .F. ) ;
#1416 = EDGE_CURVE ( 'NONE', #845, #7684, #3597, .T. ) ;
#1417 = ORIENTED_EDGE ( 'NONE', *, *, #3879, .T. ) ;
#1418 = EDGE_CURVE ( 'NONE', #5466, #6989, #731, .T. ) ;
#1419 = CARTESIAN_POINT ( 'NONE',  ( -1.549999999999978506, 13.30000000000000071, 13.35000000000015774 ) ) ;
#1420 = CARTESIAN_POINT ( 'NONE',  ( 50.54857113690718506, 11.00000000000000178, 12.25000000000000000 ) ) ;
#1421 = EDGE_LOOP ( 'NONE', ( #7575, #3352, #4728, #9618 ) ) ;
#1422 = CARTESIAN_POINT ( 'NONE',  ( 26.16898195638767533, 0.1300423822510695382, 0.9599150842195787181 ) ) ;
#1423 = CYLINDRICAL_SURFACE ( 'NONE', #3204, 4.450000000000001954 ) ;
#1424 = CARTESIAN_POINT ( 'NONE',  ( -19.54999999999997939, 16.60001199999999955, 12.24999999999999822 ) ) ;
#1425 = CARTESIAN_POINT ( 'NONE',  ( 1.050000000000021361, 13.30000000000000071, -13.35000000000015774 ) ) ;
#1426 = EDGE_CURVE ( 'NONE', #2280, #5534, #9569, .T. ) ;
#1427 = VERTEX_POINT ( 'NONE', #3699 ) ;
#1428 = ORIENTED_EDGE ( 'NONE', *, *, #2556, .T. ) ;
#1429 = EDGE_CURVE ( 'NONE', #7093, #3097, #378, .T. ) ;
#1430 = DIRECTION ( 'NONE',  ( 0.000000000000000000, -2.168404344971010840E-15, 1.000000000000000000 ) ) ;
#1432 = CARTESIAN_POINT ( 'NONE',  ( 40.80000000000001847, 5.500000000000000000, 12.25000000000000355 ) ) ;
#1431 = CARTESIAN_POINT ( 'NONE',  ( 22.23039777241908155, 0.000000000000000000, 1.904841829914337481 ) ) ;
#1433 = DIRECTION ( 'NONE',  ( -0.000000000000000000, 1.000000000000000000, -0.000000000000000000 ) ) ;
#1434 = ORIENTED_EDGE ( 'NONE', *, *, #9038, .F. ) ;
#1435 = ORIENTED_EDGE ( 'NONE', *, *, #1766, .F. ) ;
#1436 = DIRECTION ( 'NONE',  ( 0.000000000000000000, 1.000000000000000000, 0.000000000000000000 ) ) ;
#1437 = CARTESIAN_POINT ( 'NONE',  ( 51.50000000000001421, 9.850000000000001421, -3.299999999999999822 ) ) ;
#1438 = CARTESIAN_POINT ( 'NONE',  ( -51.75538535074107926, 8.984454251332664398, -4.160314501066145532 ) ) ;
#1439 = CARTESIAN_POINT ( 'NONE',  ( 0.000000000000000000, 11.00000000000000178, 0.000000000000000000 ) ) ;
#1440 = ORIENTED_EDGE ( 'NONE', *, *, #557, .T. ) ;
#1441 = VECTOR ( 'NONE', #10331, 1000.000000000000000 ) ;
#1442 = ORIENTED_EDGE ( 'NONE', *, *, #2549, .F. ) ;
#1443 = FACE_OUTER_BOUND ( 'NONE', #651, .T. ) ;
#1445 = CARTESIAN_POINT ( 'NONE',  ( 0.000000000000000000, 0.000000000000000000, -2.965000000000000302 ) ) ;
#1444 = CARTESIAN_POINT ( 'NONE',  ( 47.04999999999999716, 8.000000000000000000, 9.500000000000000000 ) ) ;
#1446 = ORIENTED_EDGE ( 'NONE', *, *, #7082, .F. ) ;
#1447 = LINE ( 'NONE', #683, #582 ) ;
#1448 = CIRCLE ( 'NONE', #3691, 0.2000000000000003719 ) ;
#1449 = CIRCLE ( 'NONE', #1627, 5.249999999999999112 ) ;
#1450 = EDGE_CURVE ( 'NONE', #2792, #4619, #10717, .T. ) ;
#1451 = DIRECTION ( 'NONE',  ( -0.09864855753152405871, -0.5484013522089241643, 0.8303760708211509467 ) ) ;
#1452 = CARTESIAN_POINT ( 'NONE',  ( -30.28999999999999204, 6.296018041280833089, 3.315000000000000391 ) ) ;
#1453 = ORIENTED_EDGE ( 'NONE', *, *, #10650, .F. ) ;
#1454 = CARTESIAN_POINT ( 'NONE',  ( -3.343285244609850309E-15, 15.10000000000000142, -13.25000000000001421 ) ) ;
#1455 = PLANE ( 'NONE',  #780 ) ;
#1456 = EDGE_LOOP ( 'NONE', ( #1818, #7664, #6192, #1091 ) ) ;
#1457 = CIRCLE ( 'NONE', #398, 8.000000000000000000 ) ;
#1458 = EDGE_LOOP ( 'NONE', ( #568, #4245, #3950, #7767, #5373 ) ) ;
#1459 = CIRCLE ( 'NONE', #7718, 2.750000000000001776 ) ;
#1460 = VECTOR ( 'NONE', #1815, 1000.000000000000114 ) ;
#1461 = DIRECTION ( 'NONE',  ( 0.000000000000000000, 0.000000000000000000, -1.000000000000000000 ) ) ;
#1462 = DIRECTION ( 'NONE',  ( 1.000000000000000000, 0.000000000000000000, 1.843489347478009811E-17 ) ) ;
#1463 = AXIS2_PLACEMENT_3D ( 'NONE', #1582, #4905, #8243 ) ;
#1464 = CARTESIAN_POINT ( 'NONE',  ( 23.40000000000001279, 1.000000000000000000, -0.000000000000000000 ) ) ;
#1465 = EDGE_CURVE ( 'NONE', #7053, #7324, #6249, .T. ) ;
#1466 = EDGE_CURVE ( 'NONE', #1918, #2720, #748, .T. ) ;
#1467 = CARTESIAN_POINT ( 'NONE',  ( -35.06554871542299878, 0.000000000000000000, 3.415000000000000036 ) ) ;
#1468 = VECTOR ( 'NONE', #8217, 1000.000000000000000 ) ;
#1469 = EDGE_CURVE ( 'NONE', #10469, #7242, #6981, .T. ) ;
#1470 = CARTESIAN_POINT ( 'NONE',  ( 49.30000000000001847, 3.000000000000000000, 9.500000000000000000 ) ) ;
#1471 = ORIENTED_EDGE ( 'NONE', *, *, #6793, .F. ) ;
#1472 =( BOUNDED_CURVE ( )  B_SPLINE_CURVE ( 3, ( #2808, #8763, #7006, #3786 ),
 .UNSPECIFIED., .F., .F. ) 
 B_SPLINE_CURVE_WITH_KNOTS ( ( 4, 4 ),
 ( 4.712388980384688786, 5.800197417813647505 ),
 .UNSPECIFIED. ) 
 CURVE ( )  GEOMETRIC_REPRESENTATION_ITEM ( )  RATIONAL_B_SPLINE_CURVE ( ( 1.000000000000000000, 0.9037965667448127904, 0.9037965667448127904, 1.000000000000000000 ) ) 
 REPRESENTATION_ITEM ( '' )  );
#1473 = ORIENTED_EDGE ( 'NONE', *, *, #9870, .F. ) ;
#1474 = AXIS2_PLACEMENT_3D ( 'NONE', #5285, #4515, #10390 ) ;
#1475 = DIRECTION ( 'NONE',  ( -0.000000000000000000, 1.000000000000000000, -0.000000000000000000 ) ) ;
#1476 = VECTOR ( 'NONE', #1180, 1000.000000000000000 ) ;
#1477 = PLANE ( 'NONE',  #6741 ) ;
#1478 = ORIENTED_EDGE ( 'NONE', *, *, #1185, .F. ) ;
#1479 = LINE ( 'NONE', #9739, #4063 ) ;
#1480 = DIRECTION ( 'NONE',  ( 0.000000000000000000, 0.000000000000000000, 1.000000000000000000 ) ) ;
#1482 = EDGE_CURVE ( 'NONE', #7141, #10620, #10398, .T. ) ;
#1481 = CARTESIAN_POINT ( 'NONE',  ( 3.550000000000022027, 13.30000000000000071, 13.45000000000015916 ) ) ;
#1483 = EDGE_CURVE ( 'NONE', #1512, #6912, #7971, .T. ) ;
#1484 = AXIS2_PLACEMENT_3D ( 'NONE', #10499, #2990, #7625 ) ;
#1485 = CARTESIAN_POINT ( 'NONE',  ( -31.47472780755320443, 0.1999999999999987899, 3.615000000000000213 ) ) ;
#1486 = VECTOR ( 'NONE', #3130, 1000.000000000000000 ) ;
#1487 = VERTEX_POINT ( 'NONE', #8684 ) ;
#1488 = FACE_OUTER_BOUND ( 'NONE', #10517, .T. ) ;
#1490 = CARTESIAN_POINT ( 'NONE',  ( -52.75099999999998346, 11.35000000000000142, -2.500000000000000000 ) ) ;
#1489 = DIRECTION ( 'NONE',  ( -5.782411586589356653E-16, -7.950815931560375381E-16, -1.000000000000000000 ) ) ;
#1491 = VECTOR ( 'NONE', #4376, 1000.000000000000000 ) ;
#1492 = DIRECTION ( 'NONE',  ( 0.000000000000000000, 1.000000000000000000, -0.000000000000000000 ) ) ;
#1493 = ORIENTED_EDGE ( 'NONE', *, *, #6424, .T. ) ;
#1494 = EDGE_CURVE ( 'NONE', #3027, #2016, #5638, .T. ) ;
#1495 = DIRECTION ( 'NONE',  ( 8.673617379884087537E-15, -0.000000000000000000, -1.000000000000000000 ) ) ;
#1496 = CARTESIAN_POINT ( 'NONE',  ( 22.35788180854701679, 0.5000000000000000000, 1.484828725824718587 ) ) ;
#1497 = EDGE_CURVE ( 'NONE', #1659, #1262, #1961, .T. ) ;
#1498 = CARTESIAN_POINT ( 'NONE',  ( -51.78028309663554296, 9.583160098319401854, -3.680390056226357842 ) ) ;
#1499 = CARTESIAN_POINT ( 'NONE',  ( -49.79999999999998295, 8.000000000000000000, 0.000000000000000000 ) ) ;
#1500 = ORIENTED_EDGE ( 'NONE', *, *, #1429, .F. ) ;
#1501 = VECTOR ( 'NONE', #3878, 1000.000000000000000 ) ;
#1502 = EDGE_LOOP ( 'NONE', ( #5448, #9630, #7859, #1874, #2205, #2082 ) ) ;
#1503 = DIRECTION ( 'NONE',  ( 0.000000000000000000, 0.8660254037844405950, 0.4999999999999967248 ) ) ;
#1505 = DIRECTION ( 'NONE',  ( -0.000000000000000000, -1.000000000000000000, 0.000000000000000000 ) ) ;
#1504 = CYLINDRICAL_SURFACE ( 'NONE', #6691, 0.2000000000000005107 ) ;
#1506 = ORIENTED_EDGE ( 'NONE', *, *, #9044, .T. ) ;
#1507 = DIRECTION ( 'NONE',  ( 0.000000000000000000, 1.000000000000000000, -0.000000000000000000 ) ) ;
#1508 = AXIS2_PLACEMENT_3D ( 'NONE', #6236, #2087, #8747 ) ;
#1509 = LINE ( 'NONE', #10486, #5445 ) ;
#1510 = VECTOR ( 'NONE', #5699, 1000.000000000000000 ) ;
#1511 = LINE ( 'NONE', #5707, #4772 ) ;
#1512 = VERTEX_POINT ( 'NONE', #3648 ) ;
#1513 = CARTESIAN_POINT ( 'NONE',  ( -49.79999999999998295, 8.000000000000000000, 6.749999999999992006 ) ) ;
#1514 = CARTESIAN_POINT ( 'NONE',  ( -51.79999999999998295, 9.897368276523902608, -3.013815789473686113 ) ) ;
#1515 = ORIENTED_EDGE ( 'NONE', *, *, #1614, .T. ) ;
#1516 = AXIS2_PLACEMENT_3D ( 'NONE', #9802, #1595, #10576 ) ;
#1517 = EDGE_CURVE ( 'NONE', #2224, #6175, #3758, .T. ) ;
#1518 = CARTESIAN_POINT ( 'NONE',  ( -34.37348617369437420, 0.04767268713831664811, -3.569861553489224626 ) ) ;
#1519 = CARTESIAN_POINT ( 'NONE',  ( -51.95568058483290486, 7.315219914338453755, -3.641416195903000474 ) ) ;
#1520 = FACE_OUTER_BOUND ( 'NONE', #7512, .T. ) ;
#1521 = DIRECTION ( 'NONE',  ( -0.000000000000000000, -1.000000000000000000, -0.000000000000000000 ) ) ;
#1522 = CARTESIAN_POINT ( 'NONE',  ( 34.83101804361235310, 0.1300423822510662908, 0.9599150842195441902 ) ) ;
#1523 = DIRECTION ( 'NONE',  ( -1.000000000000000000, 0.000000000000000000, 1.717547996016640734E-16 ) ) ;
#1524 = ORIENTED_EDGE ( 'NONE', *, *, #1526, .T. ) ;
#1525 = ORIENTED_EDGE ( 'NONE', *, *, #6892, .T. ) ;
#1526 = EDGE_CURVE ( 'NONE', #5888, #2251, #8736, .T. ) ;
#1527 = ORIENTED_EDGE ( 'NONE', *, *, #8760, .T. ) ;
#1528 = EDGE_CURVE ( 'NONE', #9820, #4332, #10505, .T. ) ;
#1529 = PLANE ( 'NONE',  #10619 ) ;
#1530 = CARTESIAN_POINT ( 'NONE',  ( -49.79999999999998295, 16.60000000000000142, -9.500000000000001776 ) ) ;
#1531 = AXIS2_PLACEMENT_3D ( 'NONE', #2063, #6316, #1235 ) ;
#1532 = CARTESIAN_POINT ( 'NONE',  ( 22.23039777241908155, 0.000000000000000000, 1.904841829914337481 ) ) ;
#1533 = VERTEX_POINT ( 'NONE', #10455 ) ;
#1534 = CYLINDRICAL_SURFACE ( 'NONE', #3882, 0.3706384263718887073 ) ;
#1535 = ORIENTED_EDGE ( 'NONE', *, *, #8994, .T. ) ;
#1536 = DIRECTION ( 'NONE',  ( 1.000000000000000000, 0.000000000000000000, -3.115655338357498389E-15 ) ) ;
#1537 = FACE_OUTER_BOUND ( 'NONE', #3124, .T. ) ;
#1538 = CARTESIAN_POINT ( 'NONE',  ( 6.982420150553256377, -0.0009999999999999158867, 12.09390646055098628 ) ) ;
#1539 = VECTOR ( 'NONE', #2349, 1000.000000000000000 ) ;
#1540 = ORIENTED_EDGE ( 'NONE', *, *, #9346, .T. ) ;
#1541 = DIRECTION ( 'NONE',  ( 0.000000000000000000, 1.000000000000000000, 0.000000000000000000 ) ) ;
#1542 = EDGE_CURVE ( 'NONE', #6193, #8333, #9622, .T. ) ;
#1544 = LINE ( 'NONE', #5740, #9965 ) ;
#1543 = FACE_OUTER_BOUND ( 'NONE', #111, .T. ) ;
#1545 = CYLINDRICAL_SURFACE ( 'NONE', #3940, 1.000000000000000888 ) ;
#1546 = ORIENTED_EDGE ( 'NONE', *, *, #6422, .T. ) ;
#1547 = CARTESIAN_POINT ( 'NONE',  ( 20.20000000000000995, 1.000000000000000888, 8.349999999999997868 ) ) ;
#1548 = CARTESIAN_POINT ( 'NONE',  ( -3.343285244609850309E-15, 16.60000000000000142, -13.25000000000001421 ) ) ;
#1549 = CARTESIAN_POINT ( 'NONE',  ( -31.23691080087251493, 0.4859278055269671270, -8.850000000000022737 ) ) ;
#1550 = DIRECTION ( 'NONE',  ( -1.000000000000000000, 0.000000000000000000, 0.000000000000000000 ) ) ;
#1551 = ORIENTED_EDGE ( 'NONE', *, *, #7088, .T. ) ;
#1552 = AXIS2_PLACEMENT_3D ( 'NONE', #2784, #6061, #1250 ) ;
#1553 = ORIENTED_EDGE ( 'NONE', *, *, #719, .T. ) ;
#1554 = AXIS2_PLACEMENT_3D ( 'NONE', #7364, #1489, #10728 ) ;
#1555 = CARTESIAN_POINT ( 'NONE',  ( 47.05000000000001137, 11.00000000000000178, -12.25000000000000355 ) ) ;
#1556 = EDGE_CURVE ( 'NONE', #6349, #8872, #2189, .T. ) ;
#1558 = DIRECTION ( 'NONE',  ( 0.000000000000000000, 0.000000000000000000, 1.000000000000000000 ) ) ;
#1557 = PLANE ( 'NONE',  #2676 ) ;
#1559 = ORIENTED_EDGE ( 'NONE', *, *, #2549, .T. ) ;
#1560 = AXIS2_PLACEMENT_3D ( 'NONE', #476, #1233, #6264 ) ;
#1561 = CARTESIAN_POINT ( 'NONE',  ( -33.54999999999998295, 8.000000000000000000, 12.24999999999999822 ) ) ;
#1562 = FACE_OUTER_BOUND ( 'NONE', #8818, .T. ) ;
#1563 = CARTESIAN_POINT ( 'NONE',  ( -51.54999999999998295, 17.60000000000000142, -6.750000000000003553 ) ) ;
#1564 = ORIENTED_EDGE ( 'NONE', *, *, #10497, .T. ) ;
#1565 = CARTESIAN_POINT ( 'NONE',  ( -34.52834772718359346, 0.000000000000000000, 0.000000000000000000 ) ) ;
#1566 = LINE ( 'NONE', #9774, #7744 ) ;
#1567 = ORIENTED_EDGE ( 'NONE', *, *, #7669, .F. ) ;
#1568 = EDGE_CURVE ( 'NONE', #9959, #5604, #9393, .T. ) ;
#1569 = EDGE_CURVE ( 'NONE', #6507, #812, #5982, .T. ) ;
#1570 = CARTESIAN_POINT ( 'NONE',  ( 2.459170479469696691, 13.30000000000000071, -14.75000000000000000 ) ) ;
#1571 = CARTESIAN_POINT ( 'NONE',  ( 31.23742105278083159, 0.2034051652805231869, -11.33238590061130857 ) ) ;
#1572 = CYLINDRICAL_SURFACE ( 'NONE', #5181, 1.900000000000000577 ) ;
#1573 = CARTESIAN_POINT ( 'NONE',  ( 50.39065861769802979, 11.00000000000000178, 13.54999999999999538 ) ) ;
#1574 = CARTESIAN_POINT ( 'NONE',  ( -30.58203748537935240, 5.996123729295902649, 2.765105688015067731 ) ) ;
#1575 = CARTESIAN_POINT ( 'NONE',  ( -51.49999999999998579, 9.716960195022403823, 3.819531249999995826 ) ) ;
#1576 = EDGE_CURVE ( 'NONE', #9694, #5775, #8962, .T. ) ;
#1577 = VECTOR ( 'NONE', #10482, 1000.000000000000000 ) ;
#1578 = ORIENTED_EDGE ( 'NONE', *, *, #2414, .F. ) ;
#1579 = ORIENTED_EDGE ( 'NONE', *, *, #2119, .F. ) ;
#1580 = DIRECTION ( 'NONE',  ( 1.000000000000000000, -0.000000000000000000, -0.000000000000000000 ) ) ;
#1581 = ORIENTED_EDGE ( 'NONE', *, *, #4007, .F. ) ;
#1582 = CARTESIAN_POINT ( 'NONE',  ( -51.99999999999998579, 9.900000000000000355, -2.924999999999996270 ) ) ;
#1583 = CARTESIAN_POINT ( 'NONE',  ( -30.28999999999999204, 3.000000000000000000, 9.348062343657927542 ) ) ;
#1584 = ORIENTED_EDGE ( 'NONE', *, *, #295, .F. ) ;
#1585 = AXIS2_PLACEMENT_3D ( 'NONE', #1007, #1118, #7665 ) ;
#1586 = CARTESIAN_POINT ( 'NONE',  ( -40.21146882909597764, 0.000000000000000000, -3.415000000000000036 ) ) ;
#1587 = VERTEX_POINT ( 'NONE', #2247 ) ;
#1588 = CARTESIAN_POINT ( 'NONE',  ( -44.74999999999998579, 3.000000000000000000, -14.75000000000000355 ) ) ;
#1589 = ADVANCED_FACE ( 'NONE', ( #8144 ), #3219, .F. ) ;
#1590 = DIRECTION ( 'NONE',  ( -0.000000000000000000, -1.000000000000000000, 0.000000000000000000 ) ) ;
#1591 = FACE_OUTER_BOUND ( 'NONE', #2196, .T. ) ;
#1592 = EDGE_LOOP ( 'NONE', ( #8976, #6131, #10422, #10265 ) ) ;
#1593 = CARTESIAN_POINT ( 'NONE',  ( 9.519658948938198861, 8.000000000000000000, 10.25000000000000178 ) ) ;
#1594 = DIRECTION ( 'NONE',  ( 0.000000000000000000, 0.000000000000000000, 1.000000000000000000 ) ) ;
#1595 = DIRECTION ( 'NONE',  ( 0.8660254037844390407, 0.000000000000000000, 0.4999999999999995004 ) ) ;
#1596 = EDGE_LOOP ( 'NONE', ( #1729, #3647, #3019, #8748 ) ) ;
#1597 = DIRECTION ( 'NONE',  ( 1.000000000000000000, 0.000000000000000000, 0.000000000000000000 ) ) ;
#1598 = EDGE_CURVE ( 'NONE', #9593, #3385, #5591, .T. ) ;
#1599 = CARTESIAN_POINT ( 'NONE',  ( 30.05000000000002913, 0.000000000000000000, 2.830492254602820612 ) ) ;
#1600 = DIRECTION ( 'NONE',  ( -0.8660254037844389297, -0.000000000000000000, -0.4999999999999995559 ) ) ;
#1601 = CARTESIAN_POINT ( 'NONE',  ( 2.550000000000021583, 13.30000000000000071, -13.35000000000015952 ) ) ;
#1602 = FACE_BOUND ( 'NONE', #1632, .T. ) ;
#1603 = ORIENTED_EDGE ( 'NONE', *, *, #7282, .T. ) ;
#1604 = ORIENTED_EDGE ( 'NONE', *, *, #3126, .F. ) ;
#1605 = CARTESIAN_POINT ( 'NONE',  ( -30.58999999999999275, 17.60100000000000264, 3.615000000000000213 ) ) ;
#1607 = CARTESIAN_POINT ( 'NONE',  ( -44.74999999999998579, 16.60000000000000142, -6.750000000000002665 ) ) ;
#1606 = CYLINDRICAL_SURFACE ( 'NONE', #676, 1.900000000000000577 ) ;
#1608 = ORIENTED_EDGE ( 'NONE', *, *, #753, .F. ) ;
#1609 = DIRECTION ( 'NONE',  ( -0.000000000000000000, 1.000000000000000000, -0.000000000000000000 ) ) ;
#1610 = CARTESIAN_POINT ( 'NONE',  ( 21.90000000000000924, 5.400000000000000355, -10.34999999999999964 ) ) ;
#1611 = AXIS2_PLACEMENT_3D ( 'NONE', #4461, #8950, #4792 ) ;
#1612 = ORIENTED_EDGE ( 'NONE', *, *, #8405, .T. ) ;
#1613 = CARTESIAN_POINT ( 'NONE',  ( -51.99999999999998579, 7.109077595116159998, 3.116562148732949122 ) ) ;
#1614 = EDGE_CURVE ( 'NONE', #8075, #4492, #2991, .T. ) ;
#1615 = EDGE_LOOP ( 'NONE', ( #8541, #6355, #6336, #399 ) ) ;
#1616 = ADVANCED_FACE ( 'NONE', ( #8246 ), #1534, .T. ) ;
#1617 = CARTESIAN_POINT ( 'NONE',  ( -21.37201595193595693, 11.00000000000000178, 17.93325070278447342 ) ) ;
#1618 = VECTOR ( 'NONE', #9157, 1000.000000000000000 ) ;
#1619 = DIRECTION ( 'NONE',  ( -0.8660254037844390407, 0.000000000000000000, -0.4999999999999995004 ) ) ;
#1620 = DIRECTION ( 'NONE',  ( 0.8660254037843665431, 0.000000000000000000, 0.5000000000001250111 ) ) ;
#1621 = DIRECTION ( 'NONE',  ( 0.000000000000000000, -0.000000000000000000, -1.000000000000000000 ) ) ;
#1622 = EDGE_CURVE ( 'NONE', #6079, #4747, #1638, .T. ) ;
#1623 = CARTESIAN_POINT ( 'NONE',  ( -51.75536001237446015, 8.981699705010328216, 4.161567919110647829 ) ) ;
#1624 = DIRECTION ( 'NONE',  ( 1.000000000000000000, 0.000000000000000000, 0.000000000000000000 ) ) ;
#1625 = ADVANCED_FACE ( 'NONE', ( #7352 ), #10614, .T. ) ;
#1626 = VECTOR ( 'NONE', #10016, 1000.000000000000000 ) ;
#1627 = AXIS2_PLACEMENT_3D ( 'NONE', #10369, #7783, #311 ) ;
#1628 = VERTEX_POINT ( 'NONE', #707 ) ;
#1629 = ORIENTED_EDGE ( 'NONE', *, *, #2173, .T. ) ;
#1630 = AXIS2_PLACEMENT_3D ( 'NONE', #10217, #8509, #3482 ) ;
#1631 = CARTESIAN_POINT ( 'NONE',  ( 30.50000000000001066, 0.2999999999999999889, -2.350000000000004974 ) ) ;
#1632 = EDGE_LOOP ( 'NONE', ( #2020, #5244, #2385, #7035 ) ) ;
#1633 = PLANE ( 'NONE',  #62 ) ;
#1634 = DIRECTION ( 'NONE',  ( -0.000000000000000000, 0.000000000000000000, 1.000000000000000000 ) ) ;
#1635 = VECTOR ( 'NONE', #2779, 1000.000000000000000 ) ;
#1636 = ORIENTED_EDGE ( 'NONE', *, *, #10240, .F. ) ;
#1637 = AXIS2_PLACEMENT_3D ( 'NONE', #1902, #3376, #6809 ) ;
#1638 = LINE ( 'NONE', #3922, #2147 ) ;
#1639 = ORIENTED_EDGE ( 'NONE', *, *, #8339, .T. ) ;
#1640 = LINE ( 'NONE', #10163, #5827 ) ;
#1641 = DIRECTION ( 'NONE',  ( -1.000000000000000000, -1.758281308145593320E-15, 0.000000000000000000 ) ) ;
#1642 = AXIS2_PLACEMENT_3D ( 'NONE', #6757, #3433, #3043 ) ;
#1643 = AXIS2_PLACEMENT_3D ( 'NONE', #880, #6658, #9960 ) ;
#1644 = AXIS2_PLACEMENT_3D ( 'NONE', #5397, #10333, #8727 ) ;
#1645 = ORIENTED_EDGE ( 'NONE', *, *, #2414, .T. ) ;
#1646 = ADVANCED_FACE ( 'NONE', ( #4086 ), #10774, .T. ) ;
#1647 = DIRECTION ( 'NONE',  ( 1.000000000000000000, 0.000000000000000000, 0.000000000000000000 ) ) ;
#1648 = CARTESIAN_POINT ( 'NONE',  ( -51.79999999999998295, 9.897368276523904385, -3.013815789473687001 ) ) ;
#1649 = DIRECTION ( 'NONE',  ( 1.000000000000000000, 0.000000000000000000, 0.000000000000000000 ) ) ;
#1650 = VERTEX_POINT ( 'NONE', #7203 ) ;
#1651 = DIRECTION ( 'NONE',  ( 0.000000000000000000, 0.000000000000000000, 1.000000000000000000 ) ) ;
#1652 = VECTOR ( 'NONE', #1124, 1000.000000000000000 ) ;
#1653 = PLANE ( 'NONE',  #3014 ) ;
#1654 = LINE ( 'NONE', #10132, #4803 ) ;
#1655 = CIRCLE ( 'NONE', #5660, 1.300000000000000711 ) ;
#1656 = CARTESIAN_POINT ( 'NONE',  ( -51.51382476168631541, 9.334427710026794500, -4.121853269765121119 ) ) ;
#1657 = DIRECTION ( 'NONE',  ( 0.000000000000000000, 0.000000000000000000, -1.000000000000000000 ) ) ;
#1658 = ORIENTED_EDGE ( 'NONE', *, *, #6704, .F. ) ;
#1659 = VERTEX_POINT ( 'NONE', #2354 ) ;
#1660 = ORIENTED_EDGE ( 'NONE', *, *, #10101, .T. ) ;
#1661 = AXIS2_PLACEMENT_3D ( 'NONE', #10581, #8815, #3828 ) ;
#1662 = EDGE_CURVE ( 'NONE', #10613, #6970, #6543, .T. ) ;
#1663 = CARTESIAN_POINT ( 'NONE',  ( 44.80000000000002558, 1.000000000000000000, -7.250000000000015099 ) ) ;
#1664 = EDGE_CURVE ( 'NONE', #4748, #4765, #3056, .T. ) ;
#1666 = CARTESIAN_POINT ( 'NONE',  ( -30.30484636607248561, -1.468623938954177977, -20.34067203111831290 ) ) ;
#1665 = CARTESIAN_POINT ( 'NONE',  ( 25.40635347795577914, 0.2999999999999999889, -4.424792786874567341 ) ) ;
#1667 = ORIENTED_EDGE ( 'NONE', *, *, #6082, .T. ) ;
#1668 = CARTESIAN_POINT ( 'NONE',  ( 22.35788180854700258, -0.0009999999999999158867, -6.184828725824669249 ) ) ;
#1669 = ORIENTED_EDGE ( 'NONE', *, *, #9884, .F. ) ;
#1670 = DIRECTION ( 'NONE',  ( -0.000000000000000000, -0.000000000000000000, 1.000000000000000000 ) ) ;
#1671 = AXIS2_PLACEMENT_3D ( 'NONE', #10791, #8322, #3337 ) ;
#1672 = VERTEX_POINT ( 'NONE', #4025 ) ;
#1673 = LINE ( 'NONE', #3353, #3569 ) ;
#1674 = DIRECTION ( 'NONE',  ( 0.000000000000000000, 0.000000000000000000, 1.000000000000000000 ) ) ;
#1675 = ORIENTED_EDGE ( 'NONE', *, *, #7, .T. ) ;
#1676 = DIRECTION ( 'NONE',  ( 0.000000000000000000, 0.000000000000000000, -1.000000000000000000 ) ) ;
#1677 = LINE ( 'NONE', #94, #7392 ) ;
#1678 = VECTOR ( 'NONE', #10683, 1000.000000000000000 ) ;
#1680 = EDGE_CURVE ( 'NONE', #10181, #6777, #8579, .T. ) ;
#1679 = LINE ( 'NONE', #3423, #5356 ) ;
#1681 = EDGE_CURVE ( 'NONE', #2365, #1867, #1479, .T. ) ;
#1682 = PLANE ( 'NONE',  #7017 ) ;
#1683 = CARTESIAN_POINT ( 'NONE',  ( -51.66702421443741855, 7.910680322889314553, 4.290099133721684943 ) ) ;
#1684 = CARTESIAN_POINT ( 'NONE',  ( -30.58999999999999275, 17.60100000000000264, -2.765000000000000124 ) ) ;
#1685 = AXIS2_PLACEMENT_3D ( 'NONE', #983, #10170, #7034 ) ;
#1686 = AXIS2_PLACEMENT_3D ( 'NONE', #3065, #1257, #7212 ) ;
#1687 = ORIENTED_EDGE ( 'NONE', *, *, #8361, .T. ) ;
#1688 = LINE ( 'NONE', #3370, #8857 ) ;
#1689 = ORIENTED_EDGE ( 'NONE', *, *, #6174, .F. ) ;
#1690 = LINE ( 'NONE', #9015, #5644 ) ;
#1691 = EDGE_CURVE ( 'NONE', #9889, #9305, #240, .T. ) ;
#1692 = VECTOR ( 'NONE', #322, 1000.000000000000000 ) ;
#1693 = FACE_OUTER_BOUND ( 'NONE', #2214, .T. ) ;
#1694 = ORIENTED_EDGE ( 'NONE', *, *, #9103, .T. ) ;
#1695 = DIRECTION ( 'NONE',  ( -0.000000000000000000, 1.000000000000000000, -0.000000000000000000 ) ) ;
#1696 = ORIENTED_EDGE ( 'NONE', *, *, #8785, .F. ) ;
#1697 = FACE_OUTER_BOUND ( 'NONE', #3584, .T. ) ;
#1698 = DIRECTION ( 'NONE',  ( -0.000000000000000000, -0.000000000000000000, 1.000000000000000000 ) ) ;
#1699 = PRODUCT_DEFINITION_SHAPE ( 'NONE', 'NONE',  #6547 ) ;
#1700 = ADVANCED_FACE ( 'NONE', ( #5124 ), #2610, .T. ) ;
#1701 = AXIS2_PLACEMENT_3D ( 'NONE', #6376, #8014, #586 ) ;
#1702 = ORIENTED_EDGE ( 'NONE', *, *, #7543, .F. ) ;
#1703 = DIRECTION ( 'NONE',  ( 0.000000000000000000, 1.000000000000000000, -0.000000000000000000 ) ) ;
#1705 = CARTESIAN_POINT ( 'NONE',  ( -51.77340835089973581, 7.205390757595191431, -3.692296232791149269 ) ) ;
#1704 = CARTESIAN_POINT ( 'NONE',  ( 0.000000000000000000, 0.000000000000000000, 0.000000000000000000 ) ) ;
#1706 = EDGE_CURVE ( 'NONE', #4592, #4442, #6047, .T. ) ;
#1707 = CARTESIAN_POINT ( 'NONE',  ( 40.80000000000001137, 5.400000000000000355, 4.549999999999997158 ) ) ;
#1708 = VERTEX_POINT ( 'NONE', #9282 ) ;
#1709 = CARTESIAN_POINT ( 'NONE',  ( -49.79999999999998295, 16.60000000000000142, 0.000000000000000000 ) ) ;
#1711 = CARTESIAN_POINT ( 'NONE',  ( 49.80000000000001137, 8.000000000000000000, -9.500000000000001776 ) ) ;
#1710 = AXIS2_PLACEMENT_3D ( 'NONE', #10368, #6198, #4551 ) ;
#1712 = CARTESIAN_POINT ( 'NONE',  ( 6.232420150553322991, -0.0009999999999999158867, 10.79486835487439400 ) ) ;
#1713 = CARTESIAN_POINT ( 'NONE',  ( -31.17831357066540932, 0.5000000000000004441, -8.854459256469498385 ) ) ;
#1714 = DIRECTION ( 'NONE',  ( -1.000000000000000000, 0.000000000000000000, -1.843489347478009811E-17 ) ) ;
#1715 = EDGE_CURVE ( 'NONE', #1762, #3244, #110, .T. ) ;
#1716 = ORIENTED_EDGE ( 'NONE', *, *, #10754, .T. ) ;
#1717 = ORIENTED_EDGE ( 'NONE', *, *, #9811, .F. ) ;
#1718 = ORIENTED_EDGE ( 'NONE', *, *, #7562, .T. ) ;
#1719 = CARTESIAN_POINT ( 'NONE',  ( -51.79731767899166073, 9.837999709794047476, -3.258922934675982486 ) ) ;
#1721 = CARTESIAN_POINT ( 'NONE',  ( -51.88704905526284250, 8.400000000000957812, 4.225000000000004086 ) ) ;
#1720 = LINE ( 'NONE', #6568, #7560 ) ;
#1722 = ORIENTED_EDGE ( 'NONE', *, *, #6241, .T. ) ;
#1723 = ORIENTED_EDGE ( 'NONE', *, *, #3157, .T. ) ;
#1724 = CARTESIAN_POINT ( 'NONE',  ( -30.58203748537937372, 5.996123729295900873, -20.34067203111831290 ) ) ;
#1725 = ORIENTED_EDGE ( 'NONE', *, *, #6558, .T. ) ;
#1726 = LINE ( 'NONE', #5048, #5137 ) ;
#1727 = CARTESIAN_POINT ( 'NONE',  ( 38.00553138218370464, 0.09378038618372065705, 2.758250430494968430 ) ) ;
#1728 = EDGE_CURVE ( 'NONE', #3488, #3503, #9182, .T. ) ;
#1729 = ORIENTED_EDGE ( 'NONE', *, *, #9030, .T. ) ;
#1730 = AXIS2_PLACEMENT_3D ( 'NONE', #6043, #8557, #6858 ) ;
#1731 = CARTESIAN_POINT ( 'NONE',  ( -51.49999999999998579, 6.499999999999999112, 2.449999999999999289 ) ) ;
#1732 = LINE ( 'NONE', #8395, #3210 ) ;
#1733 = CARTESIAN_POINT ( 'NONE',  ( -51.91525618977523493, 9.204064449149660376, 3.968456183257642156 ) ) ;
#1734 = FACE_OUTER_BOUND ( 'NONE', #7333, .T. ) ;
#1735 = CARTESIAN_POINT ( 'NONE',  ( -51.78028309663553586, 7.216839901680591751, 3.680390056226341855 ) ) ;
#1736 = DIRECTION ( 'NONE',  ( 1.020425574104004196E-15, 0.000000000000000000, -1.000000000000000000 ) ) ;
#1737 = ADVANCED_FACE ( 'NONE', ( #9341 ), #3520, .F. ) ;
#1738 = ORIENTED_EDGE ( 'NONE', *, *, #3863, .T. ) ;
#1739 = CARTESIAN_POINT ( 'NONE',  ( -30.28999999999999204, 6.296018041280833089, -3.315000000000000391 ) ) ;
#1740 = ORIENTED_EDGE ( 'NONE', *, *, #4162, .F. ) ;
#1741 = CARTESIAN_POINT ( 'NONE',  ( 34.83101804361233178, 0.1300423822510692051, -5.659915084219584891 ) ) ;
#1742 = DIRECTION ( 'NONE',  ( 0.000000000000000000, 0.000000000000000000, 1.000000000000000000 ) ) ;
#1743 = ORIENTED_EDGE ( 'NONE', *, *, #5045, .T. ) ;
#1744 = DIRECTION ( 'NONE',  ( 0.000000000000000000, 0.000000000000000000, -1.000000000000000000 ) ) ;
#1745 = VERTEX_POINT ( 'NONE', #10162 ) ;
#1746 = DIRECTION ( 'NONE',  ( -1.000000000000000000, -0.000000000000000000, -0.000000000000000000 ) ) ;
#1747 = CARTESIAN_POINT ( 'NONE',  ( 20.21000000000001151, 0.5000000000000004441, 8.349999999999997868 ) ) ;
#1748 = ADVANCED_FACE ( 'NONE', ( #9395 ), #3485, .T. ) ;
#1749 = ORIENTED_EDGE ( 'NONE', *, *, #5235, .T. ) ;
#1750 = EDGE_CURVE ( 'NONE', #2511, #10621, #4741, .T. ) ;
#1751 = ORIENTED_EDGE ( 'NONE', *, *, #8505, .F. ) ;
#1752 = AXIS2_PLACEMENT_3D ( 'NONE', #10800, #1505, #19 ) ;
#1753 = CARTESIAN_POINT ( 'NONE',  ( -31.28999999999999204, 5.954463462733936119, 8.349999999999997868 ) ) ;
#1754 = DIRECTION ( 'NONE',  ( 0.000000000000000000, 0.000000000000000000, 1.000000000000000000 ) ) ;
#1755 = DIRECTION ( 'NONE',  ( 0.000000000000000000, 1.000000000000000000, -0.000000000000000000 ) ) ;
#1756 = ORIENTED_EDGE ( 'NONE', *, *, #6258, .F. ) ;
#1757 = PLANE ( 'NONE',  #3038 ) ;
#1758 = CARTESIAN_POINT ( 'NONE',  ( 30.95000000000003837, 0.2999999999999999889, 0.000000000000000000 ) ) ;
#1759 = EDGE_CURVE ( 'NONE', #3610, #286, #7729, .T. ) ;
#1760 = CARTESIAN_POINT ( 'NONE',  ( -50.79999999999998295, 15.10000000000000142, -9.500000000000001776 ) ) ;
#1761 = LINE ( 'NONE', #6560, #7590 ) ;
#1762 = VERTEX_POINT ( 'NONE', #10826 ) ;
#1763 = DIRECTION ( 'NONE',  ( -0.000000000000000000, 1.000000000000000000, -0.000000000000000000 ) ) ;
#1764 = CARTESIAN_POINT ( 'NONE',  ( 1.050000000000021361, 15.10000000000000142, 13.54999999999999893 ) ) ;
#1765 = ORIENTED_EDGE ( 'NONE', *, *, #2372, .T. ) ;
#1766 = EDGE_CURVE ( 'NONE', #7698, #166, #7519, .T. ) ;
#1767 = VERTEX_POINT ( 'NONE', #6705 ) ;
#1768 = ORIENTED_EDGE ( 'NONE', *, *, #10277, .T. ) ;
#1769 = CARTESIAN_POINT ( 'NONE',  ( -34.39005668592174203, 0.2000000000000000111, -3.615000000000000213 ) ) ;
#1771 = CARTESIAN_POINT ( 'NONE',  ( 51.50000000000001421, 11.00000000000000178, -4.000000000000000000 ) ) ;
#1770 = CYLINDRICAL_SURFACE ( 'NONE', #3469, 0.2999999999999998779 ) ;
#1772 = ORIENTED_EDGE ( 'NONE', *, *, #8496, .T. ) ;
#1773 = VERTEX_POINT ( 'NONE', #9998 ) ;
#1774 = DIRECTION ( 'NONE',  ( 0.000000000000000000, 1.000000000000000000, 0.000000000000000000 ) ) ;
#1775 = VERTEX_POINT ( 'NONE', #4303 ) ;
#1776 = CARTESIAN_POINT ( 'NONE',  ( -40.00229126436577332, 0.1679080823531932110, 3.614999999999999769 ) ) ;
#1777 = DIRECTION ( 'NONE',  ( 0.000000000000000000, 0.000000000000000000, 1.000000000000000000 ) ) ;
#1778 = ORIENTED_EDGE ( 'NONE', *, *, #6278, .F. ) ;
#1779 = ORIENTED_EDGE ( 'NONE', *, *, #1970, .T. ) ;
#1780 = FACE_OUTER_BOUND ( 'NONE', #8584, .T. ) ;
#1781 = CARTESIAN_POINT ( 'NONE',  ( 35.38788868748258665, 0.02221052063481436870, -4.494004637071015829 ) ) ;
#1782 = EDGE_CURVE ( 'NONE', #1013, #2291, #5889, .T. ) ;
#1783 = CARTESIAN_POINT ( 'NONE',  ( -35.06554871542299878, 0.000000000000000000, -2.965000000000000302 ) ) ;
#1784 = LINE ( 'NONE', #8292, #4393 ) ;
#1785 = CARTESIAN_POINT ( 'NONE',  ( -51.75538535074095847, 7.815545748667290127, 4.160314501066139314 ) ) ;
#1786 = DIRECTION ( 'NONE',  ( -0.000000000000000000, -1.000000000000000000, -0.000000000000000000 ) ) ;
#1787 = AXIS2_PLACEMENT_3D ( 'NONE', #10434, #2923, #6037 ) ;
#1788 = EDGE_LOOP ( 'NONE', ( #5269, #9478 ) ) ;
#1789 = DIRECTION ( 'NONE',  ( 1.000000000000000000, 0.000000000000000000, 0.000000000000000000 ) ) ;
#1790 = ORIENTED_EDGE ( 'NONE', *, *, #2594, .T. ) ;
#1791 = CARTESIAN_POINT ( 'NONE',  ( -31.51661123066064363, 3.000000000000000000, 3.615000000000000213 ) ) ;
#1792 = EDGE_CURVE ( 'NONE', #1104, #8075, #1132, .T. ) ;
#1793 = CYLINDRICAL_SURFACE ( 'NONE', #2907, 2.400000000000000799 ) ;
#1794 = EDGE_CURVE ( 'NONE', #4137, #9235, #5838, .T. ) ;
#1795 = DIRECTION ( 'NONE',  ( 0.8660254037844390407, 0.000000000000000000, -0.4999999999999995004 ) ) ;
#1796 = VECTOR ( 'NONE', #2922, 1000.000000000000000 ) ;
#1797 = CARTESIAN_POINT ( 'NONE',  ( -25.04999999999997939, 13.30000000000000071, -13.54999999999999893 ) ) ;
#1798 = ORIENTED_EDGE ( 'NONE', *, *, #6083, .F. ) ;
#1799 = ORIENTED_EDGE ( 'NONE', *, *, #5545, .F. ) ;
#1800 = AXIS2_PLACEMENT_3D ( 'NONE', #5239, #9570, #6223 ) ;
#1801 = VECTOR ( 'NONE', #9403, 1000.000000000000000 ) ;
#1802 = CARTESIAN_POINT ( 'NONE',  ( -34.34233853611036835, 0.1265113557324328841, -2.778990808926776079 ) ) ;
#1803 = CARTESIAN_POINT ( 'NONE',  ( -51.78908574990801128, 7.052545631470588106, -3.497160870918223807 ) ) ;
#1804 = LINE ( 'NONE', #6816, #7964 ) ;
#1805 = ORIENTED_EDGE ( 'NONE', *, *, #5479, .F. ) ;
#1806 = FACE_OUTER_BOUND ( 'NONE', #475, .T. ) ;
#1807 = ADVANCED_FACE ( 'NONE', ( #3324 ), #2658, .T. ) ;
#1808 = VECTOR ( 'NONE', #5349, 1000.000000000000000 ) ;
#1809 = EDGE_CURVE ( 'NONE', #8729, #9240, #6644, .T. ) ;
#1810 = FACE_OUTER_BOUND ( 'NONE', #8558, .T. ) ;
#1811 = DIRECTION ( 'NONE',  ( -0.000000000000000000, -0.000000000000000000, 1.000000000000000000 ) ) ;
#1812 = CARTESIAN_POINT ( 'NONE',  ( 47.04999999999999716, 3.000000000000000000, -9.500000000000000000 ) ) ;
#1813 = CIRCLE ( 'NONE', #7029, 0.2999999999999998779 ) ;
#1814 = VECTOR ( 'NONE', #818, 1000.000000000000000 ) ;
#1815 = DIRECTION ( 'NONE',  ( -0.8660254037844379305, 0.000000000000000000, 0.5000000000000011102 ) ) ;
#1816 = ORIENTED_EDGE ( 'NONE', *, *, #9029, .T. ) ;
#1817 = ORIENTED_EDGE ( 'NONE', *, *, #1469, .F. ) ;
#1818 = ORIENTED_EDGE ( 'NONE', *, *, #10671, .F. ) ;
#1819 = CARTESIAN_POINT ( 'NONE',  ( -51.77340835089974291, 9.594609242404811056, -3.692296232791153709 ) ) ;
#1820 = VECTOR ( 'NONE', #8826, 1000.000000000000000 ) ;
#1822 = DIRECTION ( 'NONE',  ( 0.000000000000000000, 1.000000000000000000, -0.000000000000000000 ) ) ;
#1821 = FACE_OUTER_BOUND ( 'NONE', #9944, .T. ) ;
#1823 = CIRCLE ( 'NONE', #10209, 0.2999999999999999334 ) ;
#1824 = VERTEX_POINT ( 'NONE', #3532 ) ;
#1825 = AXIS2_PLACEMENT_3D ( 'NONE', #9216, #4329, #5206 ) ;
#1826 = EDGE_CURVE ( 'NONE', #7813, #3226, #4408, .T. ) ;
#1827 = DIRECTION ( 'NONE',  ( -1.000000000000000000, -0.000000000000000000, -0.000000000000000000 ) ) ;
#1828 = DIRECTION ( 'NONE',  ( 0.000000000000000000, 0.000000000000000000, -1.000000000000000000 ) ) ;
#1829 = DIRECTION ( 'NONE',  ( -1.000000000000000000, 0.000000000000000000, 0.000000000000000000 ) ) ;
#1830 = EDGE_LOOP ( 'NONE', ( #2124, #5506, #4282, #624, #8565, #5116, #6640, #5510, #6551, #9448, #2640, #7151, #2555, #9177 ) ) ;
#1831 = ORIENTED_EDGE ( 'NONE', *, *, #3946, .F. ) ;
#1832 = AXIS2_PLACEMENT_3D ( 'NONE', #5853, #9200, #2417 ) ;
#1833 = ORIENTED_EDGE ( 'NONE', *, *, #6793, .T. ) ;
#1834 = EDGE_CURVE ( 'NONE', #6620, #10753, #10690, .T. ) ;
#1835 = LINE ( 'NONE', #9267, #6801 ) ;
#1836 = DIRECTION ( 'NONE',  ( -0.000000000000000000, -1.000000000000000000, -0.000000000000000000 ) ) ;
#1837 = PLANE ( 'NONE',  #6577 ) ;
#1838 = CARTESIAN_POINT ( 'NONE',  ( 47.05000000000001137, 3.000000000000000000, 9.499999999999998224 ) ) ;
#1839 = VECTOR ( 'NONE', #6405, 1000.000000000000000 ) ;
#1840 = CARTESIAN_POINT ( 'NONE',  ( -51.66955117507750828, 8.275153950283398174, 4.349906030956361747 ) ) ;
#1841 = LINE ( 'NONE', #7673, #6697 ) ;
#1842 = ADVANCED_FACE ( 'NONE', ( #6153 ), #2882, .T. ) ;
#1843 = ORIENTED_EDGE ( 'NONE', *, *, #6591, .F. ) ;
#1844 = VECTOR ( 'NONE', #6301, 1000.000000000000000 ) ;
#1845 = CYLINDRICAL_SURFACE ( 'NONE', #7639, 0.2000000000000000944 ) ;
#1846 = ORIENTED_EDGE ( 'NONE', *, *, #10497, .F. ) ;
#1847 = CARTESIAN_POINT ( 'NONE',  ( 26.15635347795577914, 0.2999999999999999889, -5.723830892551231564 ) ) ;
#1848 = DIRECTION ( 'NONE',  ( 0.000000000000000000, 0.000000000000000000, -1.000000000000000000 ) ) ;
#1849 = B_SPLINE_CURVE_WITH_KNOTS ( 'NONE', 3,
 ( #7172, #357, #8762, #6303 ),
 .UNSPECIFIED., .F., .F.,
 ( 4, 4 ),
 ( 0.0004608189856411151579, 0.0004686829255822913629 ),
 .UNSPECIFIED. ) ;
#1850 = DIRECTION ( 'NONE',  ( 0.000000000000000000, 0.000000000000000000, -1.000000000000000000 ) ) ;
#1851 = DIRECTION ( 'NONE',  ( -1.000000000000000000, -0.000000000000000000, 4.476705744456300993E-16 ) ) ;
#1852 = CIRCLE ( 'NONE', #8837, 8.000000000000000000 ) ;
#1853 = ADVANCED_FACE ( 'NONE', ( #2117 ), #5443, .T. ) ;
#1854 = EDGE_CURVE ( 'NONE', #2099, #2692, #6101, .T. ) ;
#1855 = ORIENTED_EDGE ( 'NONE', *, *, #7713, .F. ) ;
#1856 = ORIENTED_EDGE ( 'NONE', *, *, #10788, .F. ) ;
#1857 = VECTOR ( 'NONE', #5028, 1000.000000000000000 ) ;
#1858 = DIRECTION ( 'NONE',  ( 0.000000000000000000, 0.000000000000000000, -1.000000000000000000 ) ) ;
#1859 = FACE_OUTER_BOUND ( 'NONE', #6802, .T. ) ;
#1860 = VERTEX_POINT ( 'NONE', #9503 ) ;
#1861 = FACE_OUTER_BOUND ( 'NONE', #8281, .T. ) ;
#1862 = DIRECTION ( 'NONE',  ( -1.000000000000000000, 0.000000000000000000, 1.030528797609984342E-16 ) ) ;
#1863 = CARTESIAN_POINT ( 'NONE',  ( -31.51661123066064363, 3.000000000000000000, 8.349999999999997868 ) ) ;
#1864 = FACE_BOUND ( 'NONE', #135, .T. ) ;
#1865 = CARTESIAN_POINT ( 'NONE',  ( -51.49999999999998579, 10.30000000000000071, 2.449999999999999289 ) ) ;
#1866 = ORIENTED_EDGE ( 'NONE', *, *, #5574, .T. ) ;
#1867 = VERTEX_POINT ( 'NONE', #4564 ) ;
#1868 = ADVANCED_FACE ( 'NONE', ( #6215 ), #2769, .T. ) ;
#1869 = ORIENTED_EDGE ( 'NONE', *, *, #5738, .F. ) ;
#1870 = CARTESIAN_POINT ( 'NONE',  ( -51.99999999999998579, 9.897368276523904385, 3.013815789473683004 ) ) ;
#1872 = CARTESIAN_POINT ( 'NONE',  ( -51.82797353565425880, 7.114445991575312433, 3.207069356144143235 ) ) ;
#1871 = CARTESIAN_POINT ( 'NONE',  ( -51.79999999999998295, 9.897368276523904385, 3.013815789473683004 ) ) ;
#1873 = ORIENTED_EDGE ( 'NONE', *, *, #5568, .F. ) ;
#1874 = ORIENTED_EDGE ( 'NONE', *, *, #4922, .F. ) ;
#1875 = CARTESIAN_POINT ( 'NONE',  ( -40.13512705544041381, -1.495490278729654113E-16, 8.473658226344436883 ) ) ;
#1876 = LINE ( 'NONE', #8587, #2420 ) ;
#1877 = DIRECTION ( 'NONE',  ( -0.000000000000000000, 1.000000000000000000, -0.000000000000000000 ) ) ;
#1878 = DIRECTION ( 'NONE',  ( -0.000000000000000000, -1.000000000000000000, -0.000000000000000000 ) ) ;
#1879 = ORIENTED_EDGE ( 'NONE', *, *, #2330, .F. ) ;
#1880 = ORIENTED_EDGE ( 'NONE', *, *, #5782, .T. ) ;
#1881 =( BOUNDED_CURVE ( )  B_SPLINE_CURVE ( 3, ( #7536, #69, #5034, #2679 ),
 .UNSPECIFIED., .F., .T. ) 
 B_SPLINE_CURVE_WITH_KNOTS ( ( 4, 4 ),
 ( 4.712388980384687898, 6.256640474514465033 ),
 .UNSPECIFIED. ) 
 CURVE ( )  GEOMETRIC_REPRESENTATION_ITEM ( )  RATIONAL_B_SPLINE_CURVE ( ( 1.000000000000000000, 0.8109528274921281588, 0.8109528274921281588, 1.000000000000000000 ) ) 
 REPRESENTATION_ITEM ( '' )  );
#1882 = ORIENTED_EDGE ( 'NONE', *, *, #9941, .F. ) ;
#1883 = ADVANCED_FACE ( 'NONE', ( #324 ), #2646, .T. ) ;
#1884 = B_SPLINE_CURVE_WITH_KNOTS ( 'NONE', 3,
 ( #107, #208, #2656, #10055 ),
 .UNSPECIFIED., .F., .F.,
 ( 4, 4 ),
 ( 1.084202172485504434E-19, 8.053029081881113395E-05 ),
 .UNSPECIFIED. ) ;
#1885 = CARTESIAN_POINT ( 'NONE',  ( -47.04999999999998295, 6.500000000000000888, -6.750000000000000000 ) ) ;
#1886 = CARTESIAN_POINT ( 'NONE',  ( 29.75000000000002842, 0.2531612188914911798, 3.098623679425835498 ) ) ;
#1887 = DIRECTION ( 'NONE',  ( 0.000000000000000000, 1.000000000000000000, -0.000000000000000000 ) ) ;
#1888 = CARTESIAN_POINT ( 'NONE',  ( -30.40769889347215837, 6.046579875402133375, 8.861964771337509816 ) ) ;
#1889 = CARTESIAN_POINT ( 'NONE',  ( 25.42048837293185670, 0.2077789836488301012, -0.2703496250801906142 ) ) ;
#1890 = VERTEX_POINT ( 'NONE', #6269 ) ;
#1891 = DIRECTION ( 'NONE',  ( 0.000000000000000000, -1.000000000000000000, 0.000000000000000000 ) ) ;
#1892 = EDGE_CURVE ( 'NONE', #10467, #700, #371, .T. ) ;
#1893 = CIRCLE ( 'NONE', #3977, 5.000000000000000000 ) ;
#1894 = EDGE_CURVE ( 'NONE', #9862, #4379, #35, .T. ) ;
#1895 = ORIENTED_EDGE ( 'NONE', *, *, #9218, .T. ) ;
#1896 = AXIS2_PLACEMENT_3D ( 'NONE', #7214, #6398, #2033 ) ;
#1897 = DIRECTION ( 'NONE',  ( 0.000000000000000000, 0.000000000000000000, 1.000000000000000000 ) ) ;
#1898 = EDGE_LOOP ( 'NONE', ( #841, #8530, #1738, #1263 ) ) ;
#1899 = LINE ( 'NONE', #8460, #3888 ) ;
#1900 = LINE ( 'NONE', #10274, #10246 ) ;
#1901 = EDGE_CURVE ( 'NONE', #5493, #3593, #1299, .T. ) ;
#1902 = CARTESIAN_POINT ( 'NONE',  ( -47.04999999999999716, 3.000000000000000000, 9.500000000000000000 ) ) ;
#1903 = AXIS2_PLACEMENT_3D ( 'NONE', #10041, #2335, #1676 ) ;
#1904 = LINE ( 'NONE', #4794, #1994 ) ;
#1905 = VERTEX_POINT ( 'NONE', #7962 ) ;
#1906 = DIRECTION ( 'NONE',  ( -0.000000000000000000, -0.000000000000000000, 1.000000000000000000 ) ) ;
#1907 = DIRECTION ( 'NONE',  ( 0.000000000000000000, -0.8344462197396569358, -0.5510893814638386790 ) ) ;
#1908 = ORIENTED_EDGE ( 'NONE', *, *, #4340, .T. ) ;
#1909 = ADVANCED_FACE ( 'NONE', ( #7902 ), #6971, .T. ) ;
#1910 = LINE ( 'NONE', #5238, #54 ) ;
#1911 = CARTESIAN_POINT ( 'NONE',  ( 0.000000000000000000, 15.10000000000000142, -12.25000000000000178 ) ) ;
#1912 = CARTESIAN_POINT ( 'NONE',  ( -31.11939691791956974, 0.5000000000000004441, -3.615000000000000213 ) ) ;
#1913 = LINE ( 'NONE', #5241, #7761 ) ;
#1914 = DIRECTION ( 'NONE',  ( 0.000000000000000000, 0.000000000000000000, 1.000000000000000000 ) ) ;
#1915 = VERTEX_POINT ( 'NONE', #6318 ) ;
#1916 = VERTEX_POINT ( 'NONE', #4514 ) ;
#1917 = VECTOR ( 'NONE', #10745, 1000.000000000000000 ) ;
#1918 = VERTEX_POINT ( 'NONE', #7084 ) ;
#1919 = PLANE ( 'NONE',  #10592 ) ;
#1921 = CARTESIAN_POINT ( 'NONE',  ( -44.74999999999998579, 15.20000000000000107, 6.749999999999999112 ) ) ;
#1920 = CARTESIAN_POINT ( 'NONE',  ( 22.36827201635471241, 5.400000000000000355, -9.481727983645297897 ) ) ;
#1922 = EDGE_LOOP ( 'NONE', ( #6327, #4737, #556, #7217 ) ) ;
#1923 = ORIENTED_EDGE ( 'NONE', *, *, #3492, .F. ) ;
#1924 = EDGE_CURVE ( 'NONE', #10753, #2827, #4387, .T. ) ;
#1925 = EDGE_CURVE ( 'NONE', #6445, #4226, #10447, .T. ) ;
#1926 = VERTEX_POINT ( 'NONE', #2823 ) ;
#1927 = AXIS2_PLACEMENT_3D ( 'NONE', #4370, #78, #950 ) ;
#1928 = LINE ( 'NONE', #8586, #6673 ) ;
#1929 = CARTESIAN_POINT ( 'NONE',  ( 30.50000000000001066, 0.000000000000000000, -2.350000000000004974 ) ) ;
#1930 = CARTESIAN_POINT ( 'NONE',  ( 52.30000000000001137, 8.000000000000000000, -1.910021848286043218E-14 ) ) ;
#1931 = ORIENTED_EDGE ( 'NONE', *, *, #1126, .T. ) ;
#1932 = ORIENTED_EDGE ( 'NONE', *, *, #3681, .T. ) ;
#1933 = ORIENTED_EDGE ( 'NONE', *, *, #2229, .T. ) ;
#1934 = CARTESIAN_POINT ( 'NONE',  ( 30.50000000000001066, 0.000000000000000000, -2.350000000000004974 ) ) ;
#1935 = CARTESIAN_POINT ( 'NONE',  ( 26.15635347795581822, 0.2999999999999999889, 1.023830892551258254 ) ) ;
#1936 = DIRECTION ( 'NONE',  ( 0.000000000000000000, 0.000000000000000000, 1.000000000000000000 ) ) ;
#1937 = CARTESIAN_POINT ( 'NONE',  ( 20.20000000000000995, 0.5000000000000004441, 0.000000000000000000 ) ) ;
#1938 = FACE_OUTER_BOUND ( 'NONE', #1146, .T. ) ;
#1939 = EDGE_CURVE ( 'NONE', #1860, #4868, #2936, .T. ) ;
#1940 = ADVANCED_FACE ( 'NONE', ( #9668 ), #2180, .F. ) ;
#1941 = VERTEX_POINT ( 'NONE', #1073 ) ;
#1942 = CARTESIAN_POINT ( 'NONE',  ( -30.28999999999998849, 2.925181016451899207, 8.401339155103997314 ) ) ;
#1943 = LINE ( 'NONE', #6310, #8623 ) ;
#1944 = VERTEX_POINT ( 'NONE', #10275 ) ;
#1945 = FACE_BOUND ( 'NONE', #5094, .T. ) ;
#1946 = ORIENTED_EDGE ( 'NONE', *, *, #3524, .T. ) ;
#1947 = ADVANCED_FACE ( 'NONE', ( #4400 ), #7738, .T. ) ;
#1948 = CARTESIAN_POINT ( 'NONE',  ( 26.15921413079552948, 0.2077789836488295738, -5.709160920399540373 ) ) ;
#1949 = B_SPLINE_CURVE_WITH_KNOTS ( 'NONE', 3,
 ( #9026, #553, #716, #9076, #4096, #2362, #8258, #6497 ),
 .UNSPECIFIED., .F., .F.,
 ( 4, 2, 2, 4 ),
 ( -3.466145320678178003E-06, 0.0002882777914485974463, 0.0004341497598332396150, 0.0005800217282178818379 ),
 .UNSPECIFIED. ) ;
#1950 = CARTESIAN_POINT ( 'NONE',  ( -19.54999999999997939, 16.60000000000000142, -13.55000000000000604 ) ) ;
#1951 = DIRECTION ( 'NONE',  ( -0.000000000000000000, -1.000000000000000000, -0.000000000000000000 ) ) ;
#1952 = ADVANCED_FACE ( 'NONE', ( #4071 ), #3967, .T. ) ;
#1953 = CYLINDRICAL_SURFACE ( 'NONE', #1474, 0.3000000000000016542 ) ;
#1954 = VECTOR ( 'NONE', #5068, 1000.000000000000000 ) ;
#1955 = ORIENTED_EDGE ( 'NONE', *, *, #649, .T. ) ;
#1956 = DIRECTION ( 'NONE',  ( -0.000000000000000000, -0.000000000000000000, 1.000000000000000000 ) ) ;
#1957 = CARTESIAN_POINT ( 'NONE',  ( 47.04999999999999716, 8.000000000000000000, -10.35000000000000675 ) ) ;
#1958 = AXIS2_PLACEMENT_3D ( 'NONE', #6635, #804, #7459 ) ;
#1959 = ORIENTED_EDGE ( 'NONE', *, *, #342, .F. ) ;
#1960 = CIRCLE ( 'NONE', #6495, 5.499999999999985789 ) ;
#1961 = LINE ( 'NONE', #2125, #5807 ) ;
#1962 = FACE_OUTER_BOUND ( 'NONE', #206, .T. ) ;
#1963 = DIRECTION ( 'NONE',  ( 1.000000000000000000, -0.000000000000000000, -0.000000000000000000 ) ) ;
#1964 = DIRECTION ( 'NONE',  ( -1.000000000000000000, 0.000000000000000000, -3.154042683594191669E-16 ) ) ;
#1965 = CARTESIAN_POINT ( 'NONE',  ( 44.85000000000002984, 6.000000000000000000, 2.400000000000000799 ) ) ;
#1966 = VERTEX_POINT ( 'NONE', #6532 ) ;
#1967 = CIRCLE ( 'NONE', #7199, 2.000000000000000000 ) ;
#1968 = ORIENTED_EDGE ( 'NONE', *, *, #10558, .F. ) ;
#1969 = VECTOR ( 'NONE', #8118, 1000.000000000000000 ) ;
#1970 = EDGE_CURVE ( 'NONE', #4862, #9694, #6855, .T. ) ;
#1971 = AXIS2_PLACEMENT_3D ( 'NONE', #3994, #4763, #1387 ) ;
#1972 = ORIENTED_EDGE ( 'NONE', *, *, #10231, .F. ) ;
#1973 = DIRECTION ( 'NONE',  ( 1.000000000000000000, 0.000000000000000000, -1.261617073437677752E-16 ) ) ;
#1974 = CIRCLE ( 'NONE', #1463, 0.1999999999999987899 ) ;
#1976 = CARTESIAN_POINT ( 'NONE',  ( -30.28999999999999204, 3.119414212455140056, -9.849475603506856913 ) ) ;
#1975 = DIRECTION ( 'NONE',  ( 0.000000000000000000, 0.000000000000000000, 1.000000000000000000 ) ) ;
#1977 = ORIENTED_EDGE ( 'NONE', *, *, #1345, .T. ) ;
#1978 = ORIENTED_EDGE ( 'NONE', *, *, #6866, .T. ) ;
#1979 = VECTOR ( 'NONE', #9656, 1000.000000000000000 ) ;
#1980 = ORIENTED_EDGE ( 'NONE', *, *, #5394, .F. ) ;
#1981 = CARTESIAN_POINT ( 'NONE',  ( -40.21146882909597764, 0.1999999999999996503, -20.34067203111831290 ) ) ;
#1982 = CARTESIAN_POINT ( 'NONE',  ( 51.50000000000001421, 9.849999999999999645, 1.699999999999999734 ) ) ;
#1983 = ORIENTED_EDGE ( 'NONE', *, *, #1239, .F. ) ;
#1984 = CARTESIAN_POINT ( 'NONE',  ( 0.000000000000000000, 5.400000000000000355, -12.25000000000000178 ) ) ;
#1985 = CYLINDRICAL_SURFACE ( 'NONE', #6701, 1.500000000000001332 ) ;
#1986 = ORIENTED_EDGE ( 'NONE', *, *, #7526, .T. ) ;
#1987 = VERTEX_POINT ( 'NONE', #3202 ) ;
#1988 = AXIS2_PLACEMENT_3D ( 'NONE', #4787, #3309, #5607 ) ;
#1989 = EDGE_LOOP ( 'NONE', ( #8169, #144, #108, #7075 ) ) ;
#1990 = ORIENTED_EDGE ( 'NONE', *, *, #5208, .F. ) ;
#1991 = EDGE_CURVE ( 'NONE', #1708, #7477, #9090, .T. ) ;
#1992 = VECTOR ( 'NONE', #1394, 1000.000000000000000 ) ;
#1993 = ADVANCED_FACE ( 'NONE', ( #8017 ), #2238, .T. ) ;
#1994 = VECTOR ( 'NONE', #4683, 1000.000000000000000 ) ;
#1995 = AXIS2_PLACEMENT_3D ( 'NONE', #26, #5920, #3354 ) ;
#1996 = LINE ( 'NONE', #567, #705 ) ;
#1997 = CARTESIAN_POINT ( 'NONE',  ( -52.74999999999998579, 8.400000000000000355, -2.924999999999996270 ) ) ;
#1998 = DIRECTION ( 'NONE',  ( -0.000000000000000000, -1.000000000000000000, -0.000000000000000000 ) ) ;
#1999 = DIRECTION ( 'NONE',  ( 0.000000000000000000, 0.000000000000000000, -1.000000000000000000 ) ) ;
#2000 = CIRCLE ( 'NONE', #1484, 6.166261152084816288 ) ;
#2001 = ORIENTED_EDGE ( 'NONE', *, *, #4899, .T. ) ;
#2002 = CARTESIAN_POINT ( 'NONE',  ( -47.04999999999998295, 15.10000000000000142, 12.25000000000000000 ) ) ;
#2003 = VECTOR ( 'NONE', #6895, 1000.000000000000000 ) ;
#2004 = CIRCLE ( 'NONE', #4404, 0.3706384263718852656 ) ;
#2005 = VERTEX_POINT ( 'NONE', #4897 ) ;
#2006 = ADVANCED_FACE ( 'NONE', ( #1357 ), #9885, .T. ) ;
#2007 = EDGE_CURVE ( 'NONE', #783, #3179, #5986, .T. ) ;
#2008 = AXIS2_PLACEMENT_3D ( 'NONE', #10304, #6076, #8591 ) ;
#2009 = CARTESIAN_POINT ( 'NONE',  ( -19.54999999999997939, 11.00000000000000178, -13.55000000000000249 ) ) ;
#2010 = CARTESIAN_POINT ( 'NONE',  ( -50.79999999999998295, 16.60000000000000142, 0.000000000000000000 ) ) ;
#2011 = CARTESIAN_POINT ( 'NONE',  ( -51.75411103711284966, 7.840642914912520745, -4.172018366709761672 ) ) ;
#2012 = CARTESIAN_POINT ( 'NONE',  ( -30.58203748537935240, 5.996123729295902649, 2.765105688015067731 ) ) ;
#2013 = CARTESIAN_POINT ( 'NONE',  ( 51.50000000000001421, 11.35000000000000142, 1.700000000000000178 ) ) ;
#2014 = LINE ( 'NONE', #6102, #3550 ) ;
#2015 = VECTOR ( 'NONE', #619, 1000.000000000000000 ) ;
#2016 = VERTEX_POINT ( 'NONE', #744 ) ;
#2017 = EDGE_CURVE ( 'NONE', #6176, #5888, #9715, .T. ) ;
#2018 = CARTESIAN_POINT ( 'NONE',  ( -52.75099999999998346, 11.34999999999999964, 3.299999999999999378 ) ) ;
#2019 = DIRECTION ( 'NONE',  ( 1.000000000000000000, 0.000000000000000000, 0.000000000000000000 ) ) ;
#2020 = ORIENTED_EDGE ( 'NONE', *, *, #10752, .T. ) ;
#2021 = AXIS2_PLACEMENT_3D ( 'NONE', #565, #2318, #3728 ) ;
#2022 = CARTESIAN_POINT ( 'NONE',  ( -51.75475899798735924, 8.170326419120099715, 4.274804758350652989 ) ) ;
#2023 = DIRECTION ( 'NONE',  ( -1.000000000000000000, 0.000000000000000000, 1.030528797609984342E-16 ) ) ;
#2024 = FACE_BOUND ( 'NONE', #10393, .T. ) ;
#2025 = CARTESIAN_POINT ( 'NONE',  ( -51.79999999999998295, 9.900000000000000355, -2.924999999999996270 ) ) ;
#2026 = EDGE_CURVE ( 'NONE', #6371, #305, #8133, .T. ) ;
#2027 = VERTEX_POINT ( 'NONE', #5556 ) ;
#2028 = VECTOR ( 'NONE', #1080, 1000.000000000000000 ) ;
#2029 = ORIENTED_EDGE ( 'NONE', *, *, #9600, .T. ) ;
#2030 = ORIENTED_EDGE ( 'NONE', *, *, #7295, .T. ) ;
#2031 = EDGE_CURVE ( 'NONE', #10467, #8529, #1412, .T. ) ;
#2032 = CARTESIAN_POINT ( 'NONE',  ( -19.54999999999997939, 16.60000000000000142, 2.299243657989597051E-15 ) ) ;
#2034 = DIRECTION ( 'NONE',  ( 1.000000000000000000, 0.000000000000000000, 0.000000000000000000 ) ) ;
#2033 = DIRECTION ( 'NONE',  ( -0.6427876096865406952, 0.000000000000000000, -0.7660444431189769032 ) ) ;
#2035 = ORIENTED_EDGE ( 'NONE', *, *, #3459, .F. ) ;
#2036 = ORIENTED_EDGE ( 'NONE', *, *, #3274, .T. ) ;
#2037 = ORIENTED_EDGE ( 'NONE', *, *, #2844, .T. ) ;
#2038 = EDGE_CURVE ( 'NONE', #6228, #9638, #3259, .T. ) ;
#2039 = DIRECTION ( 'NONE',  ( -0.000000000000000000, -0.000000000000000000, 1.000000000000000000 ) ) ;
#2040 = CARTESIAN_POINT ( 'NONE',  ( -51.93357425900492075, 9.356441691692914731, 3.811901127391640998 ) ) ;
#2041 = ORIENTED_EDGE ( 'NONE', *, *, #6695, .F. ) ;
#2042 = FACE_OUTER_BOUND ( 'NONE', #9977, .T. ) ;
#2043 = CARTESIAN_POINT ( 'NONE',  ( -51.75568082859707175, 9.258464342854857421, -4.027471805004296357 ) ) ;
#2044 = ORIENTED_EDGE ( 'NONE', *, *, #4475, .T. ) ;
#2045 = ORIENTED_EDGE ( 'NONE', *, *, #1307, .F. ) ;
#2046 = VERTEX_POINT ( 'NONE', #8843 ) ;
#2047 = AXIS2_PLACEMENT_3D ( 'NONE', #5004, #95, #3256 ) ;
#2048 = CARTESIAN_POINT ( 'NONE',  ( -51.79999999999999005, 6.924690623612613116, 3.137817860687466265 ) ) ;
#2049 = DIRECTION ( 'NONE',  ( 0.000000000000000000, -1.000000000000000000, 0.000000000000000000 ) ) ;
#2050 = CARTESIAN_POINT ( 'NONE',  ( -49.79999999999998295, 15.10000000000000142, 0.000000000000000000 ) ) ;
#2051 = DIRECTION ( 'NONE',  ( 0.000000000000000000, 0.000000000000000000, -1.000000000000000000 ) ) ;
#2052 = EDGE_CURVE ( 'NONE', #7924, #10005, #4682, .T. ) ;
#2053 = CYLINDRICAL_SURFACE ( 'NONE', #9292, 8.000000000000000000 ) ;
#2054 = DIRECTION ( 'NONE',  ( 0.000000000000000000, 0.8660254037844405950, 0.4999999999999966693 ) ) ;
#2055 = ORIENTED_EDGE ( 'NONE', *, *, #797, .T. ) ;
#2056 = CARTESIAN_POINT ( 'NONE',  ( -30.28999999999999204, 2.850761278921255748, 9.349999960601746096 ) ) ;
#2057 = CARTESIAN_POINT ( 'NONE',  ( -1.549999999999982059, 15.10000000000000142, -14.75000000000000178 ) ) ;
#2058 = CIRCLE ( 'NONE', #934, 6.166261152084816288 ) ;
#2059 = ORIENTED_EDGE ( 'NONE', *, *, #10085, .T. ) ;
#2060 = VERTEX_POINT ( 'NONE', #3852 ) ;
#2061 = DIRECTION ( 'NONE',  ( -0.000000000000000000, -0.000000000000000000, 1.000000000000000000 ) ) ;
#2062 = FACE_OUTER_BOUND ( 'NONE', #1830, .T. ) ;
#2063 = CARTESIAN_POINT ( 'NONE',  ( 0.000000000000000000, 5.400000000000000355, 0.000000000000000000 ) ) ;
#2064 = PLANE ( 'NONE',  #10439 ) ;
#2065 = ADVANCED_FACE ( 'NONE', ( #8900 ), #9353, .F. ) ;
#2066 = DIRECTION ( 'NONE',  ( 1.000000000000000000, 0.000000000000000000, 0.000000000000000000 ) ) ;
#2067 = DIRECTION ( 'NONE',  ( 1.000000000000000000, -0.000000000000000000, -0.000000000000000000 ) ) ;
#2068 = AXIS2_PLACEMENT_3D ( 'NONE', #8689, #4581, #224 ) ;
#2069 =( GEOMETRIC_REPRESENTATION_CONTEXT ( 3 ) GLOBAL_UNCERTAINTY_ASSIGNED_CONTEXT ( ( #5513 ) ) GLOBAL_UNIT_ASSIGNED_CONTEXT ( ( #8366, #6602, #876 ) ) REPRESENTATION_CONTEXT ( 'NONE', 'WORKASPACE' ) );
#2070 = ORIENTED_EDGE ( 'NONE', *, *, #7091, .T. ) ;
#2071 = CARTESIAN_POINT ( 'NONE',  ( -2.115732324656922166E-15, 5.400000000000000355, 4.549999999999978506 ) ) ;
#2072 = VECTOR ( 'NONE', #3796, 1000.000000000000000 ) ;
#2073 = LINE ( 'NONE', #7969, #6902 ) ;
#2074 = ORIENTED_EDGE ( 'NONE', *, *, #6866, .F. ) ;
#2075 = DIRECTION ( 'NONE',  ( -0.000000000000000000, -1.000000000000000000, -0.000000000000000000 ) ) ;
#2076 = LINE ( 'NONE', #278, #5458 ) ;
#2078 = EDGE_CURVE ( 'NONE', #9175, #2166, #758, .T. ) ;
#2077 = CARTESIAN_POINT ( 'NONE',  ( -30.28999999999999204, 2.940301078488233077, -9.848062343657984385 ) ) ;
#2079 = EDGE_CURVE ( 'NONE', #305, #453, #3540, .T. ) ;
#2080 = CARTESIAN_POINT ( 'NONE',  ( -35.26554871542300162, 0.08284271247461905130, -3.615000000000000213 ) ) ;
#2081 = ORIENTED_EDGE ( 'NONE', *, *, #4971, .T. ) ;
#2082 = ORIENTED_EDGE ( 'NONE', *, *, #7679, .T. ) ;
#2083 = ORIENTED_EDGE ( 'NONE', *, *, #8721, .T. ) ;
#2084 = CARTESIAN_POINT ( 'NONE',  ( 38.64211819145300808, 0.5000000000000000000, -6.184828725824719875 ) ) ;
#2086 = CARTESIAN_POINT ( 'NONE',  ( -31.26006770942171897, 2.863271301182084727, -8.850000008551042185 ) ) ;
#2085 = CYLINDRICAL_SURFACE ( 'NONE', #8360, 0.3706384263718887073 ) ;
#2087 = DIRECTION ( 'NONE',  ( 4.336808689942043768E-15, 0.000000000000000000, 1.000000000000000000 ) ) ;
#2088 = ORIENTED_EDGE ( 'NONE', *, *, #3331, .T. ) ;
#2089 = EDGE_LOOP ( 'NONE', ( #4941, #5050, #5890, #3514 ) ) ;
#2090 = EDGE_CURVE ( 'NONE', #6349, #8033, #9987, .T. ) ;
#2091 = ORIENTED_EDGE ( 'NONE', *, *, #3671, .T. ) ;
#2092 = FACE_OUTER_BOUND ( 'NONE', #9127, .T. ) ;
#2093 = CARTESIAN_POINT ( 'NONE',  ( -51.91668385389348117, 9.199105587336525502, 3.955924138656430333 ) ) ;
#2094 = EDGE_CURVE ( 'NONE', #3992, #3537, #1255, .T. ) ;
#2095 = CARTESIAN_POINT ( 'NONE',  ( -51.75488103182028965, 7.928445669152470288, -4.203493146152859516 ) ) ;
#2096 = CARTESIAN_POINT ( 'NONE',  ( -51.77340835089974291, 7.205390757595192319, -3.692296232791149713 ) ) ;
#2097 = EDGE_LOOP ( 'NONE', ( #955, #7045, #3756, #992 ) ) ;
#2098 = ORIENTED_EDGE ( 'NONE', *, *, #1750, .T. ) ;
#2099 = VERTEX_POINT ( 'NONE', #2440 ) ;
#2100 = DIRECTION ( 'NONE',  ( -0.000000000000000000, -0.000000000000000000, 1.000000000000000000 ) ) ;
#2102 = CARTESIAN_POINT ( 'NONE',  ( -51.78135835191836378, 7.127883055180139316, 3.593343174115840366 ) ) ;
#2101 = DIRECTION ( 'NONE',  ( 0.000000000000000000, 0.000000000000000000, 1.000000000000000000 ) ) ;
#2103 = VECTOR ( 'NONE', #8332, 1000.000000000000000 ) ;
#2104 = CYLINDRICAL_SURFACE ( 'NONE', #2859, 2.400000000000000799 ) ;
#2105 = CARTESIAN_POINT ( 'NONE',  ( 2.550000000000021583, 13.30000000000000071, -12.35000000000015952 ) ) ;
#2106 = DIRECTION ( 'NONE',  ( 0.000000000000000000, 1.000000000000000000, 0.000000000000000000 ) ) ;
#2107 = DIRECTION ( 'NONE',  ( -1.000000000000000000, 0.000000000000000000, -1.843489347478010119E-17 ) ) ;
#2108 = ORIENTED_EDGE ( 'NONE', *, *, #1782, .F. ) ;
#2109 = CARTESIAN_POINT ( 'NONE',  ( -51.99999999999998579, 9.900000000000000355, -2.925000000000042899 ) ) ;
#2110 = CARTESIAN_POINT ( 'NONE',  ( 0.000000000000000000, 8.000000000000000000, -6.750000000000000000 ) ) ;
#2111 = ORIENTED_EDGE ( 'NONE', *, *, #6522, .T. ) ;
#2112 = ORIENTED_EDGE ( 'NONE', *, *, #8835, .T. ) ;
#2113 = EDGE_CURVE ( 'NONE', #6078, #3244, #7568, .T. ) ;
#2114 = CARTESIAN_POINT ( 'NONE',  ( 2.550000000000021583, 13.30000000000000071, 13.35000000000015952 ) ) ;
#2115 = LINE ( 'NONE', #9727, #10789 ) ;
#2116 = FACE_BOUND ( 'NONE', #3468, .T. ) ;
#2117 = FACE_OUTER_BOUND ( 'NONE', #6221, .T. ) ;
#2118 = CARTESIAN_POINT ( 'NONE',  ( -34.34233853611036835, 0.1265113557324328841, 2.778990808926776523 ) ) ;
#2119 = EDGE_CURVE ( 'NONE', #445, #1708, #4221, .T. ) ;
#2120 = ORIENTED_EDGE ( 'NONE', *, *, #1598, .T. ) ;
#2121 = ADVANCED_FACE ( 'NONE', ( #2488 ), #32, .T. ) ;
#2122 = DIRECTION ( 'NONE',  ( 0.000000000000000000, 1.000000000000000000, -0.000000000000000000 ) ) ;
#2123 = DIRECTION ( 'NONE',  ( -1.000000000000000000, 0.000000000000000000, 0.000000000000000000 ) ) ;
#2124 = ORIENTED_EDGE ( 'NONE', *, *, #3345, .T. ) ;
#2125 = CARTESIAN_POINT ( 'NONE',  ( 52.30000000000001847, 8.000000000000000000, 9.499999999999998224 ) ) ;
#2126 = VECTOR ( 'NONE', #8676, 1000.000000000000000 ) ;
#2127 = CARTESIAN_POINT ( 'NONE',  ( 22.28614628785938834, 0.02145563245112779016, -6.417410124218909218 ) ) ;
#2128 = CARTESIAN_POINT ( 'NONE',  ( -31.27472780755320869, 0.000000000000000000, -2.765000000000000124 ) ) ;
#2129 = CARTESIAN_POINT ( 'NONE',  ( -19.54999999999998295, 16.60001199999999955, 14.75000000000000000 ) ) ;
#2130 = ORIENTED_EDGE ( 'NONE', *, *, #10036, .F. ) ;
#2131 = VERTEX_POINT ( 'NONE', #2547 ) ;
#2132 = EDGE_LOOP ( 'NONE', ( #9967, #8825, #10569, #2308 ) ) ;
#2133 = AXIS2_PLACEMENT_3D ( 'NONE', #5382, #9487, #3788 ) ;
#2134 = VECTOR ( 'NONE', #1521, 1000.000000000000000 ) ;
#2135 = LINE ( 'NONE', #6285, #8315 ) ;
#2136 = EDGE_CURVE ( 'NONE', #6345, #7716, #8399, .T. ) ;
#2137 = EDGE_CURVE ( 'NONE', #4442, #2293, #9653, .T. ) ;
#2139 = DIRECTION ( 'NONE',  ( -1.000000000000000000, 0.000000000000000000, 0.000000000000000000 ) ) ;
#2138 = CARTESIAN_POINT ( 'NONE',  ( -34.33293214504335822, 0.1503201388544035400, 8.354584417859758361 ) ) ;
#2140 = EDGE_LOOP ( 'NONE', ( #6458, #9594, #2081, #5201 ) ) ;
#2141 = ORIENTED_EDGE ( 'NONE', *, *, #2709, .F. ) ;
#2142 = EDGE_LOOP ( 'NONE', ( #9894, #5433, #8173, #9078 ) ) ;
#2143 = ORIENTED_EDGE ( 'NONE', *, *, #9611, .F. ) ;
#2144 = PLANE ( 'NONE',  #921 ) ;
#2145 = CARTESIAN_POINT ( 'NONE',  ( 37.91026385013412892, 0.2034051652805209942, -7.479818315299356257 ) ) ;
#2146 = VECTOR ( 'NONE', #4870, 1000.000000000000000 ) ;
#2147 = VECTOR ( 'NONE', #9948, 1000.000000000000000 ) ;
#2148 = CARTESIAN_POINT ( 'NONE',  ( -51.66702421443742566, 8.889319677110659512, -4.290099133721559710 ) ) ;
#2149 = CARTESIAN_POINT ( 'NONE',  ( -51.75476079210949365, 8.286399987876212236, -4.274945468914109092 ) ) ;
#2150 = ORIENTED_EDGE ( 'NONE', *, *, #2548, .F. ) ;
#2151 = ORIENTED_EDGE ( 'NONE', *, *, #8596, .T. ) ;
#2152 = ORIENTED_EDGE ( 'NONE', *, *, #3302, .T. ) ;
#2153 = EDGE_CURVE ( 'NONE', #9467, #8930, #6488, .T. ) ;
#2154 = FACE_OUTER_BOUND ( 'NONE', #1038, .T. ) ;
#2155 = EDGE_CURVE ( 'NONE', #5043, #2798, #388, .T. ) ;
#2157 = DIRECTION ( 'NONE',  ( -0.000000000000000000, 1.000000000000000000, -0.000000000000000000 ) ) ;
#2156 = CARTESIAN_POINT ( 'NONE',  ( 29.80249224314934864, 0.1248391197358932753, -11.37560611472380678 ) ) ;
#2158 = VECTOR ( 'NONE', #3649, 1000.000000000000000 ) ;
#2159 = ORIENTED_EDGE ( 'NONE', *, *, #8043, .T. ) ;
#2160 = VECTOR ( 'NONE', #976, 1000.000000000000000 ) ;
#2161 = CARTESIAN_POINT ( 'NONE',  ( 20.20000000000000995, -29.13279938488576448, 8.349999999999997868 ) ) ;
#2162 = DIRECTION ( 'NONE',  ( 0.000000000000000000, -0.000000000000000000, -1.000000000000000000 ) ) ;
#2163 = CARTESIAN_POINT ( 'NONE',  ( 30.50000000000001066, 1.000000000000000000, 6.650000000000008349 ) ) ;
#2164 = FACE_OUTER_BOUND ( 'NONE', #7488, .T. ) ;
#2165 = AXIS2_PLACEMENT_3D ( 'NONE', #6529, #8288, #2336 ) ;
#2166 = VERTEX_POINT ( 'NONE', #7947 ) ;
#2167 = CARTESIAN_POINT ( 'NONE',  ( -30.28999999999999559, 0.5000000000000004441, 3.064999999999999947 ) ) ;
#2168 = CARTESIAN_POINT ( 'NONE',  ( -24.04308044258723953, 11.00000000000000178, -14.75000000000000000 ) ) ;
#2169 = CIRCLE ( 'NONE', #9150, 0.1999999999999987899 ) ;
#2170 = AXIS2_PLACEMENT_3D ( 'NONE', #46, #3378, #6708 ) ;
#2171 = EDGE_CURVE ( 'NONE', #5384, #8441, #1122, .T. ) ;
#2172 = ORIENTED_EDGE ( 'NONE', *, *, #8980, .T. ) ;
#2173 = EDGE_CURVE ( 'NONE', #7547, #514, #312, .T. ) ;
#2174 = CARTESIAN_POINT ( 'NONE',  ( 22.36827201635471241, 0.5000000000000000000, -10.08172798364529754 ) ) ;
#2175 = CARTESIAN_POINT ( 'NONE',  ( 47.04999999999999716, 3.000000000000000000, -10.35000000000000675 ) ) ;
#2176 = PLANE ( 'NONE',  #8675 ) ;
#2177 = AXIS2_PLACEMENT_3D ( 'NONE', #9932, #6632, #1409 ) ;
#2178 = DIRECTION ( 'NONE',  ( 1.000000000000000000, 0.000000000000000000, 0.000000000000000000 ) ) ;
#2179 = VECTOR ( 'NONE', #7292, 1000.000000000000000 ) ;
#2180 = PLANE ( 'NONE',  #7529 ) ;
#2181 = CIRCLE ( 'NONE', #8286, 0.2888330770816419091 ) ;
#2182 = CARTESIAN_POINT ( 'NONE',  ( 2.459170479469696691, 13.30000000000000071, 14.75000000000000000 ) ) ;
#2183 = ADVANCED_FACE ( 'NONE', ( #4449 ), #2758, .T. ) ;
#2184 = AXIS2_PLACEMENT_3D ( 'NONE', #7711, #10251, #7937 ) ;
#2185 = VERTEX_POINT ( 'NONE', #6256 ) ;
#2186 = CARTESIAN_POINT ( 'NONE',  ( -49.74999999999997868, 3.000000000000000000, -6.750000000000001776 ) ) ;
#2187 = LINE ( 'NONE', #10612, #5866 ) ;
#2188 = VERTEX_POINT ( 'NONE', #9602 ) ;
#2189 = LINE ( 'NONE', #5514, #7024 ) ;
#2190 = AXIS2_PLACEMENT_3D ( 'NONE', #940, #4268, #5905 ) ;
#2191 = CARTESIAN_POINT ( 'NONE',  ( 4.221712983474458477E-14, 11.00000000000000178, 13.55000000000015348 ) ) ;
#2192 = EDGE_CURVE ( 'NONE', #2752, #9968, #7888, .T. ) ;
#2193 = DIRECTION ( 'NONE',  ( -1.000000000000000000, 0.000000000000000000, 0.000000000000000000 ) ) ;
#2194 = ADVANCED_FACE ( 'NONE', ( #6960 ), #2053, .T. ) ;
#2195 = CARTESIAN_POINT ( 'NONE',  ( -34.31252571724582623, 0.2000000000000111411, -3.615000000000000213 ) ) ;
#2196 = EDGE_LOOP ( 'NONE', ( #1325, #8605, #4593, #6381 ) ) ;
#2197 = VERTEX_POINT ( 'NONE', #361 ) ;
#2198 = CARTESIAN_POINT ( 'NONE',  ( -51.49999999999998579, 6.800000000000000711, 2.449999999999999289 ) ) ;
#2199 = VECTOR ( 'NONE', #8484, 1000.000000000000000 ) ;
#2201 = DIRECTION ( 'NONE',  ( -1.000000000000000000, 0.000000000000000000, -1.020425574104004196E-15 ) ) ;
#2200 = DIRECTION ( 'NONE',  ( -0.000000000000000000, -0.000000000000000000, 1.000000000000000000 ) ) ;
#2202 = ORIENTED_EDGE ( 'NONE', *, *, #2635, .T. ) ;
#2203 = ORIENTED_EDGE ( 'NONE', *, *, #4516, .F. ) ;
#2204 = ORIENTED_EDGE ( 'NONE', *, *, #8955, .T. ) ;
#2205 = ORIENTED_EDGE ( 'NONE', *, *, #1362, .T. ) ;
#2206 = LINE ( 'NONE', #1326, #3365 ) ;
#2207 = FACE_OUTER_BOUND ( 'NONE', #6415, .T. ) ;
#2208 = VECTOR ( 'NONE', #8921, 1000.000000000000000 ) ;
#2209 = CARTESIAN_POINT ( 'NONE',  ( -44.55000000002298322, 5.500000000000000000, -8.354356076267777098 ) ) ;
#2210 = CARTESIAN_POINT ( 'NONE',  ( -51.77340835089974291, 9.594609242404814609, -3.692296232791147936 ) ) ;
#2211 = AXIS2_PLACEMENT_3D ( 'NONE', #6766, #6713, #7638 ) ;
#2212 = EDGE_CURVE ( 'NONE', #9917, #9621, #2316, .T. ) ;
#2213 = EDGE_LOOP ( 'NONE', ( #2527, #5360, #2588, #2855 ) ) ;
#2214 = EDGE_LOOP ( 'NONE', ( #6281, #434, #4163, #9145 ) ) ;
#2215 = CARTESIAN_POINT ( 'NONE',  ( 31.01791715065478883, 5.929230630780100062E-18, 2.892751484835233367 ) ) ;
#2216 = CIRCLE ( 'NONE', #3947, 0.8500000000000069722 ) ;
#2218 = CARTESIAN_POINT ( 'NONE',  ( -52.74999999999998579, 15.20000000000000284, -6.750000000000001776 ) ) ;
#2217 = DIRECTION ( 'NONE',  ( -0.000000000000000000, 1.000000000000000000, -0.000000000000000000 ) ) ;
#2219 = ORIENTED_EDGE ( 'NONE', *, *, #1809, .T. ) ;
#2220 = DIRECTION ( 'NONE',  ( 1.000000000000000000, 0.000000000000000000, 0.000000000000000000 ) ) ;
#2221 = CARTESIAN_POINT ( 'NONE',  ( -49.74999999999997868, 0.000000000000000000, 6.750000000000000000 ) ) ;
#2222 = LINE ( 'NONE', #8171, #8248 ) ;
#2223 = CARTESIAN_POINT ( 'NONE',  ( 0.000000000000000000, 9.000000000000001776, 0.000000000000000000 ) ) ;
#2224 = VERTEX_POINT ( 'NONE', #3677 ) ;
#2225 = LINE ( 'NONE', #5548, #9856 ) ;
#2226 = LINE ( 'NONE', #8941, #10040 ) ;
#2227 = ADVANCED_FACE ( 'NONE', ( #1226 ), #6139, .T. ) ;
#2228 = ORIENTED_EDGE ( 'NONE', *, *, #3081, .F. ) ;
#2229 = EDGE_CURVE ( 'NONE', #9002, #10210, #10534, .T. ) ;
#2230 = CIRCLE ( 'NONE', #1701, 9.000000000000012434 ) ;
#2231 = ORIENTED_EDGE ( 'NONE', *, *, #1114, .F. ) ;
#2232 = DIRECTION ( 'NONE',  ( 1.000000000000000000, 0.000000000000000000, 0.000000000000000000 ) ) ;
#2233 = DIRECTION ( 'NONE',  ( 1.000000000000000000, 0.000000000000000000, 0.000000000000000000 ) ) ;
#2234 = DIRECTION ( 'NONE',  ( 0.000000000000000000, 0.000000000000000000, 1.000000000000000000 ) ) ;
#2235 = LINE ( 'NONE', #8068, #4575 ) ;
#2236 = ADVANCED_FACE ( 'NONE', ( #1281 ), #10370, .T. ) ;
#2237 = VECTOR ( 'NONE', #9890, 1000.000000000000000 ) ;
#2238 = PLANE ( 'NONE',  #5788 ) ;
#2239 = CARTESIAN_POINT ( 'NONE',  ( -19.54999999999997939, 16.60001199999999955, -12.25000000000000178 ) ) ;
#2240 = ADVANCED_FACE ( 'NONE', ( #10318, #1938 ), #2867, .F. ) ;
#2241 = ORIENTED_EDGE ( 'NONE', *, *, #373, .T. ) ;
#2242 =( BOUNDED_CURVE ( )  B_SPLINE_CURVE ( 3, ( #7427, #9801, #10784, #612 ),
 .UNSPECIFIED., .F., .T. ) 
 B_SPLINE_CURVE_WITH_KNOTS ( ( 4, 4 ),
 ( 3.141592653589793116, 4.712388980384689674 ),
 .UNSPECIFIED. ) 
 CURVE ( )  GEOMETRIC_REPRESENTATION_ITEM ( )  RATIONAL_B_SPLINE_CURVE ( ( 1.000000000000000000, 0.8047378541243649375, 0.8047378541243649375, 1.000000000000000000 ) ) 
 REPRESENTATION_ITEM ( '' )  );
#2243 = EDGE_CURVE ( 'NONE', #7353, #8915, #8184, .T. ) ;
#2244 = CARTESIAN_POINT ( 'NONE',  ( 47.04999999999999716, 3.000000000000000000, 10.34999999999999787 ) ) ;
#2245 = PLANE ( 'NONE',  #4462 ) ;
#2246 = ORIENTED_EDGE ( 'NONE', *, *, #5894, .T. ) ;
#2247 = CARTESIAN_POINT ( 'NONE',  ( -31.60047529527845001, 3.276389878762281160, -3.615000000000000213 ) ) ;
#2248 = CARTESIAN_POINT ( 'NONE',  ( -35.06554871542299878, 0.000000000000000000, -3.415000000000000036 ) ) ;
#2249 = DIRECTION ( 'NONE',  ( 0.000000000000000000, 0.000000000000000000, -1.000000000000000000 ) ) ;
#2250 = FACE_OUTER_BOUND ( 'NONE', #10147, .T. ) ;
#2251 = VERTEX_POINT ( 'NONE', #634 ) ;
#2252 = ORIENTED_EDGE ( 'NONE', *, *, #857, .F. ) ;
#2253 = AXIS2_PLACEMENT_3D ( 'NONE', #9419, #4599, #5255 ) ;
#2254 = EDGE_CURVE ( 'NONE', #21, #10649, #1342, .T. ) ;
#2255 = CARTESIAN_POINT ( 'NONE',  ( -1.549999999999978506, 13.30000000000000071, 14.75000000000000000 ) ) ;
#2257 = CARTESIAN_POINT ( 'NONE',  ( 1.050000000000021361, 13.30000000000000071, 13.35000000000015774 ) ) ;
#2256 = LINE ( 'NONE', #10464, #10644 ) ;
#2258 = ADVANCED_FACE ( 'NONE', ( #4776 ), #4002, .F. ) ;
#2259 = CARTESIAN_POINT ( 'NONE',  ( -22.78676428111940666, 13.30000000000000071, 14.75000000000000000 ) ) ;
#2260 = EDGE_LOOP ( 'NONE', ( #8543, #8302, #9369, #1361 ) ) ;
#2261 = ORIENTED_EDGE ( 'NONE', *, *, #6041, .F. ) ;
#2262 = CARTESIAN_POINT ( 'NONE',  ( 51.50000000000001421, 11.35000000000000320, -3.299999999999998490 ) ) ;
#2263 = PLANE ( 'NONE',  #8128 ) ;
#2264 = CARTESIAN_POINT ( 'NONE',  ( -51.50000001717432241, 7.259432477569868425, -3.989152884042773906 ) ) ;
#2265 = CARTESIAN_POINT ( 'NONE',  ( -44.29999999999997584, 6.500000000000000888, 12.24999999999999822 ) ) ;
#2266 = VERTEX_POINT ( 'NONE', #4670 ) ;
#2267 = ORIENTED_EDGE ( 'NONE', *, *, #539, .F. ) ;
#2268 = AXIS2_PLACEMENT_3D ( 'NONE', #5733, #4857, #5783 ) ;
#2269 = EDGE_CURVE ( 'NONE', #10122, #2915, #6320, .T. ) ;
#2270 = CARTESIAN_POINT ( 'NONE',  ( 31.25000000000004263, 0.2999999999999999889, 3.098623679425835054 ) ) ;
#2272 = LINE ( 'NONE', #3296, #8213 ) ;
#2271 = DIRECTION ( 'NONE',  ( -0.000000000000000000, -0.000000000000000000, 1.000000000000000000 ) ) ;
#2273 = ORIENTED_EDGE ( 'NONE', *, *, #4876, .F. ) ;
#2274 = CARTESIAN_POINT ( 'NONE',  ( -40.08977263648107225, 17.60100000000000264, 2.765000000000000124 ) ) ;
#2275 = DIRECTION ( 'NONE',  ( 1.892425610156521707E-15, 0.000000000000000000, 1.000000000000000000 ) ) ;
#2276 = PLANE ( 'NONE',  #6333 ) ;
#2277 = ORIENTED_EDGE ( 'NONE', *, *, #485, .T. ) ;
#2278 = FACE_OUTER_BOUND ( 'NONE', #8308, .T. ) ;
#2279 = DIRECTION ( 'NONE',  ( -0.000000000000000000, 1.000000000000000000, -0.000000000000000000 ) ) ;
#2280 = VERTEX_POINT ( 'NONE', #3032 ) ;
#2281 = ORIENTED_EDGE ( 'NONE', *, *, #49, .F. ) ;
#2282 = VECTOR ( 'NONE', #3025, 1000.000000000000000 ) ;
#2283 = CYLINDRICAL_SURFACE ( 'NONE', #5388, 6.800000000000000711 ) ;
#2284 = CARTESIAN_POINT ( 'NONE',  ( 31.19750775685063005, 0.1248391197358927895, -11.37560611472381034 ) ) ;
#2286 = ADVANCED_FACE ( 'NONE', ( #2977 ), #6364, .F. ) ;
#2285 = DIRECTION ( 'NONE',  ( -1.020425574104004196E-15, -0.000000000000000000, 1.000000000000000000 ) ) ;
#2287 = EDGE_CURVE ( 'NONE', #2401, #2060, #1448, .T. ) ;
#2288 = CARTESIAN_POINT ( 'NONE',  ( 3.550000000000022027, 13.30000000000000071, -13.45000000000015916 ) ) ;
#2289 = CARTESIAN_POINT ( 'NONE',  ( 34.80070682527640713, 0.02221052063481594036, 0.8110334556949810869 ) ) ;
#2290 = DIRECTION ( 'NONE',  ( 0.000000000000000000, -1.000000000000000000, 0.000000000000000000 ) ) ;
#2291 = VERTEX_POINT ( 'NONE', #8003 ) ;
#2292 = EDGE_CURVE ( 'NONE', #3954, #2280, #9818, .T. ) ;
#2293 = VERTEX_POINT ( 'NONE', #2163 ) ;
#2294 = DIRECTION ( 'NONE',  ( 0.000000000000000000, 0.000000000000000000, -1.000000000000000000 ) ) ;
#2295 = ADVANCED_FACE ( 'NONE', ( #1562 ), #8119, .T. ) ;
#2296 = DIRECTION ( 'NONE',  ( 0.000000000000000000, -0.000000000000000000, -1.000000000000000000 ) ) ;
#2297 = EDGE_LOOP ( 'NONE', ( #9321, #6836, #1102, #4392 ) ) ;
#2298 = CARTESIAN_POINT ( 'NONE',  ( 26.21860260373158269, 2.768103671627053508E-15, 0.7199051519403313337 ) ) ;
#2299 = LINE ( 'NONE', #8145, #8619 ) ;
#2300 = DIRECTION ( 'NONE',  ( 0.000000000000000000, 0.000000000000000000, 1.000000000000000000 ) ) ;
#2301 = DIRECTION ( 'NONE',  ( -0.4999999999999995004, 0.000000000000000000, -0.8660254037844390407 ) ) ;
#2302 = ORIENTED_EDGE ( 'NONE', *, *, #6888, .T. ) ;
#2303 = ORIENTED_EDGE ( 'NONE', *, *, #10823, .F. ) ;
#2304 = LINE ( 'NONE', #5785, #7956 ) ;
#2306 = LINE ( 'NONE', #10673, #887 ) ;
#2305 = CARTESIAN_POINT ( 'NONE',  ( 40.80000000000001137, 1.000000000000000000, 4.549999999999997158 ) ) ;
#2307 = CYLINDRICAL_SURFACE ( 'NONE', #9722, 2.400000000000000799 ) ;
#2308 = ORIENTED_EDGE ( 'NONE', *, *, #10607, .T. ) ;
#2309 = VERTEX_POINT ( 'NONE', #732 ) ;
#2310 = CARTESIAN_POINT ( 'NONE',  ( -40.01899347744756597, 0.1363911950260412453, -2.772524648351583743 ) ) ;
#2311 = CARTESIAN_POINT ( 'NONE',  ( 37.89211819145300097, 0.2505450496179576492, -7.483866831501378769 ) ) ;
#2312 = CYLINDRICAL_SURFACE ( 'NONE', #8630, 1.000000000000000888 ) ;
#2313 = LINE ( 'NONE', #671, #929 ) ;
#2314 = ADVANCED_FACE ( 'NONE', ( #10688 ), #3188, .T. ) ;
#2315 = ORIENTED_EDGE ( 'NONE', *, *, #4967, .T. ) ;
#2316 = CIRCLE ( 'NONE', #3525, 0.8500000000000069722 ) ;
#2317 = ORIENTED_EDGE ( 'NONE', *, *, #179, .F. ) ;
#2318 = DIRECTION ( 'NONE',  ( -0.000000000000000000, -0.000000000000000000, 1.000000000000000000 ) ) ;
#2320 = CARTESIAN_POINT ( 'NONE',  ( 47.05000000000001137, 3.000000000000000000, 11.75000000000000000 ) ) ;
#2319 = FACE_OUTER_BOUND ( 'NONE', #105, .T. ) ;
#2321 = VERTEX_POINT ( 'NONE', #5598 ) ;
#2322 = CARTESIAN_POINT ( 'NONE',  ( -44.54999999999996163, 6.500000000000000888, 7.935215062529961028E-14 ) ) ;
#2323 = VECTOR ( 'NONE', #1827, 1000.000000000000000 ) ;
#2324 = AXIS2_PLACEMENT_3D ( 'NONE', #1838, #4292, #854 ) ;
#2325 = DIRECTION ( 'NONE',  ( 1.000000000000000000, 0.000000000000000000, -0.000000000000000000 ) ) ;
#2326 = CARTESIAN_POINT ( 'NONE',  ( 40.80000000000001847, 5.500000000000000000, 12.25000000000000355 ) ) ;
#2327 = ORIENTED_EDGE ( 'NONE', *, *, #7623, .T. ) ;
#2328 = CARTESIAN_POINT ( 'NONE',  ( -30.58999999999999275, 5.995909431799613998, 3.615000000000000213 ) ) ;
#2329 = CARTESIAN_POINT ( 'NONE',  ( -29.81007189365366372, -2.624222992386002318, -2.765000000000000124 ) ) ;
#2330 = EDGE_CURVE ( 'NONE', #698, #4555, #5620, .T. ) ;
#2331 = ORIENTED_EDGE ( 'NONE', *, *, #6803, .T. ) ;
#2332 = EDGE_CURVE ( 'NONE', #8021, #9477, #4046, .T. ) ;
#2333 = CIRCLE ( 'NONE', #756, 9.000000000000012434 ) ;
#2334 = AXIS2_PLACEMENT_3D ( 'NONE', #1084, #2429, #10174 ) ;
#2335 = DIRECTION ( 'NONE',  ( 0.000000000000000000, -1.000000000000000000, 0.000000000000000000 ) ) ;
#2336 = DIRECTION ( 'NONE',  ( 0.000000000000000000, 0.000000000000000000, 1.000000000000000000 ) ) ;
#2337 = CARTESIAN_POINT ( 'NONE',  ( 47.05000000000001137, 9.000000000000001776, 12.25000000000000000 ) ) ;
#2338 = VECTOR ( 'NONE', #5507, 1000.000000000000000 ) ;
#2339 = CARTESIAN_POINT ( 'NONE',  ( 47.05000000000001137, 8.000000000000000000, -12.25000000000000178 ) ) ;
#2340 = CARTESIAN_POINT ( 'NONE',  ( -30.41003882983036632, 6.000690477496204878, 2.769672436215371292 ) ) ;
#2341 = AXIS2_PLACEMENT_3D ( 'NONE', #9710, #775, #10013 ) ;
#2342 = VECTOR ( 'NONE', #3861, 1000.000000000000000 ) ;
#2343 = FACE_OUTER_BOUND ( 'NONE', #5843, .T. ) ;
#2344 = ORIENTED_EDGE ( 'NONE', *, *, #8070, .T. ) ;
#2345 = EDGE_CURVE ( 'NONE', #4120, #1628, #2222, .T. ) ;
#2346 = VECTOR ( 'NONE', #8498, 1000.000000000000000 ) ;
#2347 = EDGE_LOOP ( 'NONE', ( #8327, #10578, #4225, #6181 ) ) ;
#2348 = VECTOR ( 'NONE', #7965, 1000.000000000000000 ) ;
#2349 = DIRECTION ( 'NONE',  ( 0.000000000000000000, 0.000000000000000000, 1.000000000000000000 ) ) ;
#2350 = FACE_OUTER_BOUND ( 'NONE', #3653, .T. ) ;
#2351 = VECTOR ( 'NONE', #3680, 1000.000000000000000 ) ;
#2352 = DIRECTION ( 'NONE',  ( 0.000000000000000000, 0.000000000000000000, -1.000000000000000000 ) ) ;
#2353 = EDGE_LOOP ( 'NONE', ( #5009, #2664, #1603, #9011, #6943, #2806, #10686, #7636, #9148 ) ) ;
#2354 = CARTESIAN_POINT ( 'NONE',  ( 52.30000000000001847, 9.000000000000001776, 9.499999999999998224 ) ) ;
#2355 = CARTESIAN_POINT ( 'NONE',  ( 30.50000000000001066, 0.2999999999999999889, -2.350000000000004974 ) ) ;
#2356 = DIRECTION ( 'NONE',  ( 0.000000000000000000, 0.000000000000000000, -1.000000000000000000 ) ) ;
#2357 = CIRCLE ( 'NONE', #2686, 2.000000000000000000 ) ;
#2358 = CARTESIAN_POINT ( 'NONE',  ( -30.58999999999999275, 5.995909431799613998, 3.615000000000000213 ) ) ;
#2359 = EDGE_CURVE ( 'NONE', #2321, #1169, #7538, .T. ) ;
#2360 = VERTEX_POINT ( 'NONE', #9712 ) ;
#2361 = LINE ( 'NONE', #1593, #5868 ) ;
#2362 = CARTESIAN_POINT ( 'NONE',  ( 23.08973614986589595, 0.2034051652805222987, 2.779818315299343201 ) ) ;
#2363 = AXIS2_PLACEMENT_3D ( 'NONE', #9160, #4834, #25 ) ;
#2364 = CARTESIAN_POINT ( 'NONE',  ( 0.000000000000000000, 6.500000000000000888, 0.000000000000000000 ) ) ;
#2365 = VERTEX_POINT ( 'NONE', #4831 ) ;
#2366 = EDGE_CURVE ( 'NONE', #1487, #8680, #1509, .T. ) ;
#2367 = CARTESIAN_POINT ( 'NONE',  ( -40.03434658500975019, 0.1071145293931473758, -2.787877755913764410 ) ) ;
#2368 = CARTESIAN_POINT ( 'NONE',  ( 38.63172798364529825, 0.5000000000000000000, 6.781727983645294167 ) ) ;
#2369 = CARTESIAN_POINT ( 'NONE',  ( -51.76659773288662336, 9.464150433808899976, -3.844379067123280258 ) ) ;
#2370 = DIRECTION ( 'NONE',  ( 0.8660254037843665431, 0.000000000000000000, 0.5000000000001250111 ) ) ;
#2371 = ORIENTED_EDGE ( 'NONE', *, *, #8139, .F. ) ;
#2372 = EDGE_CURVE ( 'NONE', #3616, #650, #10668, .T. ) ;
#2373 = VECTOR ( 'NONE', #6775, 1000.000000000000000 ) ;
#2374 = ORIENTED_EDGE ( 'NONE', *, *, #6780, .F. ) ;
#2375 = CARTESIAN_POINT ( 'NONE',  ( -31.22777815357900622, 3.000000000000000000, -20.34067203111831290 ) ) ;
#2376 = LINE ( 'NONE', #2425, #1468 ) ;
#2377 = ORIENTED_EDGE ( 'NONE', *, *, #10795, .F. ) ;
#2378 = ADVANCED_FACE ( 'NONE', ( #1399 ), #6417, .T. ) ;
#2379 = DIRECTION ( 'NONE',  ( -0.000000000000000000, -1.000000000000000000, -0.000000000000000000 ) ) ;
#2380 = DIRECTION ( 'NONE',  ( -0.000000000000000000, -1.000000000000000000, -0.000000000000000000 ) ) ;
#2381 = AXIS2_PLACEMENT_3D ( 'NONE', #1274, #4608, #7942 ) ;
#2382 = DIRECTION ( 'NONE',  ( -0.000000000000000000, -0.000000000000000000, 1.000000000000000000 ) ) ;
#2383 = CARTESIAN_POINT ( 'NONE',  ( -52.74999999999998579, 9.700000000000001066, 2.924999999999996270 ) ) ;
#2384 = DIRECTION ( 'NONE',  ( 0.000000000000000000, 1.000000000000000000, 2.891205793294676354E-16 ) ) ;
#2385 = ORIENTED_EDGE ( 'NONE', *, *, #8817, .T. ) ;
#2386 = CIRCLE ( 'NONE', #8487, 0.2999999999999999334 ) ;
#2387 = CARTESIAN_POINT ( 'NONE',  ( 1.760486695917055871E-15, 6.500000000000000888, 10.24999999999999467 ) ) ;
#2388 = CARTESIAN_POINT ( 'NONE',  ( -19.54999999999997584, 15.10000000000000142, 12.24999999999999822 ) ) ;
#2389 = EDGE_CURVE ( 'NONE', #5061, #2931, #138, .T. ) ;
#2390 = DIRECTION ( 'NONE',  ( 0.000000000000000000, 0.000000000000000000, -1.000000000000000000 ) ) ;
#2391 = CARTESIAN_POINT ( 'NONE',  ( 9.030766330820459206E-15, 1.000000000000000000, -8.850000000000020961 ) ) ;
#2392 = CARTESIAN_POINT ( 'NONE',  ( -49.74999999999997868, 3.000000000000000000, 0.000000000000000000 ) ) ;
#2393 = CARTESIAN_POINT ( 'NONE',  ( -51.50000000000000000, 9.540540231233263668, 3.989179127635205990 ) ) ;
#2394 = ORIENTED_EDGE ( 'NONE', *, *, #1426, .F. ) ;
#2395 = EDGE_LOOP ( 'NONE', ( #7611, #4644, #7986, #3570, #8804, #3655, #8223, #4170 ) ) ;
#2396 = DIRECTION ( 'NONE',  ( -1.000000000000000000, -0.000000000000000000, -0.000000000000000000 ) ) ;
#2397 = DIRECTION ( 'NONE',  ( 0.000000000000000000, -0.000000000000000000, 1.000000000000000000 ) ) ;
#2398 = EDGE_CURVE ( 'NONE', #9898, #4807, #2478, .T. ) ;
#2399 = VECTOR ( 'NONE', #6474, 1000.000000000000000 ) ;
#2400 = CARTESIAN_POINT ( 'NONE',  ( -30.28999999999999204, 2.880612639080887050, 9.349999999999997868 ) ) ;
#2401 = VERTEX_POINT ( 'NONE', #83 ) ;
#2402 = DIRECTION ( 'NONE',  ( -0.000000000000000000, -0.000000000000000000, 1.000000000000000000 ) ) ;
#2403 = VERTEX_POINT ( 'NONE', #7387 ) ;
#2404 = CARTESIAN_POINT ( 'NONE',  ( -51.54999999999998295, 16.60000000000000142, 6.749999999999997335 ) ) ;
#2405 = DIRECTION ( 'NONE',  ( -1.000000000000000000, -1.506492794866855939E-14, 0.000000000000000000 ) ) ;
#2406 = DIRECTION ( 'NONE',  ( 0.000000000000000000, 0.000000000000000000, 1.000000000000000000 ) ) ;
#2407 = EDGE_LOOP ( 'NONE', ( #3835, #9994, #6812, #1675 ) ) ;
#2408 = DIRECTION ( 'NONE',  ( -0.000000000000000000, -0.000000000000000000, 1.000000000000000000 ) ) ;
#2409 = CARTESIAN_POINT ( 'NONE',  ( 30.50000000000001066, 0.5000000000000000000, -2.350000000000004974 ) ) ;
#2410 = DIRECTION ( 'NONE',  ( -0.4999999999999997780, 0.000000000000000000, -0.8660254037844388186 ) ) ;
#2411 = ORIENTED_EDGE ( 'NONE', *, *, #8907, .T. ) ;
#2412 = CARTESIAN_POINT ( 'NONE',  ( 8.267579849446688556, 0.5000000000000000000, -14.31986835487433396 ) ) ;
#2413 = EDGE_CURVE ( 'NONE', #2027, #10479, #5867, .T. ) ;
#2414 = EDGE_CURVE ( 'NONE', #641, #4592, #8588, .T. ) ;
#2415 = CARTESIAN_POINT ( 'NONE',  ( -47.04999999999999716, 3.000000000000000000, 9.500000000000000000 ) ) ;
#2416 = LINE ( 'NONE', #7485, #10222 ) ;
#2417 = DIRECTION ( 'NONE',  ( 0.000000000000000000, 0.000000000000000000, 1.000000000000000000 ) ) ;
#2418 = DIRECTION ( 'NONE',  ( -0.000000000000000000, 1.000000000000000000, -0.000000000000000000 ) ) ;
#2419 = ORIENTED_EDGE ( 'NONE', *, *, #7637, .F. ) ;
#2420 = VECTOR ( 'NONE', #2747, 1000.000000000000000 ) ;
#2421 = ORIENTED_EDGE ( 'NONE', *, *, #6590, .F. ) ;
#2422 = AXIS2_PLACEMENT_3D ( 'NONE', #8862, #4533, #10514 ) ;
#2423 = EDGE_CURVE ( 'NONE', #2188, #5799, #6735, .T. ) ;
#2424 = LINE ( 'NONE', #1555, #8481 ) ;
#2426 = PLANE ( 'NONE',  #3146 ) ;
#2425 = CARTESIAN_POINT ( 'NONE',  ( 22.36827201635471241, -1.697056274847719815, -10.68172798364529719 ) ) ;
#2427 = VERTEX_POINT ( 'NONE', #4994 ) ;
#2428 = AXIS2_PLACEMENT_3D ( 'NONE', #5606, #8946, #1461 ) ;
#2429 = DIRECTION ( 'NONE',  ( 2.065146995210484695E-16, -0.000000000000000000, 1.000000000000000000 ) ) ;
#2430 = ADVANCED_FACE ( 'NONE', ( #3463 ), #3301, .T. ) ;
#2431 = LINE ( 'NONE', #3350, #2826 ) ;
#2432 = VERTEX_POINT ( 'NONE', #7610 ) ;
#2433 = DIRECTION ( 'NONE',  ( -1.000000000000000000, 0.000000000000000000, -0.000000000000000000 ) ) ;
#2434 = CARTESIAN_POINT ( 'NONE',  ( 40.80000000000001847, 8.000000000000000000, 8.250000000000000000 ) ) ;
#2435 = ORIENTED_EDGE ( 'NONE', *, *, #3194, .T. ) ;
#2436 = CARTESIAN_POINT ( 'NONE',  ( -34.34233853611036835, 0.1265113557324328841, -3.601009191073223814 ) ) ;
#2437 = CARTESIAN_POINT ( 'NONE',  ( 30.94999999999998508, 0.000000000000000000, -11.63910652323464134 ) ) ;
#2438 = CARTESIAN_POINT ( 'NONE',  ( -51.81328285338887696, 8.926742530112768748, 4.118260431646238118 ) ) ;
#2439 = CARTESIAN_POINT ( 'NONE',  ( -30.28999999999999204, 0.5000000000000004441, 5.126319423154875000E-15 ) ) ;
#2440 = CARTESIAN_POINT ( 'NONE',  ( 44.80000000000002558, 8.000000000000000000, 2.399479110140366078 ) ) ;
#2441 = B_SPLINE_CURVE_WITH_KNOTS ( 'NONE', 3,
 ( #10573, #4700, #2138, #1318 ),
 .UNSPECIFIED., .F., .F.,
 ( 4, 4 ),
 ( 1.328147661294742739E-18, 8.053029081880111863E-05 ),
 .UNSPECIFIED. ) ;
#2442 = CARTESIAN_POINT ( 'NONE',  ( -31.28999999999999204, 2.820913717569120127, 8.349999999999997868 ) ) ;
#2443 = CIRCLE ( 'NONE', #9430, 4.341174913715429184 ) ;
#2444 = EDGE_CURVE ( 'NONE', #9796, #5437, #8335, .T. ) ;
#2445 = ORIENTED_EDGE ( 'NONE', *, *, #10752, .F. ) ;
#2446 = VERTEX_POINT ( 'NONE', #9213 ) ;
#2447 = ORIENTED_EDGE ( 'NONE', *, *, #9563, .T. ) ;
#2448 = FACE_OUTER_BOUND ( 'NONE', #503, .T. ) ;
#2449 = LINE ( 'NONE', #815, #10077 ) ;
#2450 = EDGE_LOOP ( 'NONE', ( #4685, #3436, #178, #6852, #4972 ) ) ;
#2451 = AXIS2_PLACEMENT_3D ( 'NONE', #7869, #2034, #10296 ) ;
#2452 = CARTESIAN_POINT ( 'NONE',  ( -31.28999999999999204, 3.179086282430880317, -9.850000000000052935 ) ) ;
#2453 = VERTEX_POINT ( 'NONE', #9262 ) ;
#2454 = CARTESIAN_POINT ( 'NONE',  ( 21.90000000000000924, 1.000000000000000000, -10.34999999999999964 ) ) ;
#2455 = DIRECTION ( 'NONE',  ( 0.000000000000000000, 0.000000000000000000, 1.000000000000000000 ) ) ;
#2456 = ADVANCED_FACE ( 'NONE', ( #10804 ), #7552, .T. ) ;
#2457 = ORIENTED_EDGE ( 'NONE', *, *, #9534, .T. ) ;
#2458 = CARTESIAN_POINT ( 'NONE',  ( -44.74999999999998579, 3.000000000000000000, -6.750000000000002665 ) ) ;
#2460 = CARTESIAN_POINT ( 'NONE',  ( 47.05000000000001137, 8.000000000000000000, -9.500000000000001776 ) ) ;
#2459 = DIRECTION ( 'NONE',  ( 0.000000000000000000, 0.000000000000000000, 1.000000000000000000 ) ) ;
#2461 = DIRECTION ( 'NONE',  ( -0.000000000000000000, -1.000000000000000000, 0.000000000000000000 ) ) ;
#2462 = VERTEX_POINT ( 'NONE', #9097 ) ;
#2463 = DIRECTION ( 'NONE',  ( -0.000000000000000000, -1.000000000000000000, 0.000000000000000000 ) ) ;
#2464 = CARTESIAN_POINT ( 'NONE',  ( 26.15635347795580756, 0.5000000000000000000, 1.023830892551263583 ) ) ;
#2465 = DIRECTION ( 'NONE',  ( 1.000000000000000000, 0.000000000000000000, 0.000000000000000000 ) ) ;
#2466 = DIRECTION ( 'NONE',  ( -0.4999999999999995004, 0.000000000000000000, 0.8660254037844390407 ) ) ;
#2467 = LINE ( 'NONE', #941, #6676 ) ;
#2468 = VERTEX_POINT ( 'NONE', #7498 ) ;
#2469 = VERTEX_POINT ( 'NONE', #23 ) ;
#2470 = EDGE_CURVE ( 'NONE', #8608, #7616, #2431, .T. ) ;
#2471 = ORIENTED_EDGE ( 'NONE', *, *, #4067, .F. ) ;
#2472 = ADVANCED_FACE ( 'NONE', ( #10091 ), #10143, .F. ) ;
#2473 = DIRECTION ( 'NONE',  ( 1.000000000000000000, 0.000000000000000000, 0.000000000000000000 ) ) ;
#2475 = LINE ( 'NONE', #5802, #7497 ) ;
#2474 = LINE ( 'NONE', #4989, #7125 ) ;
#2476 = ORIENTED_EDGE ( 'NONE', *, *, #745, .F. ) ;
#2477 = DIRECTION ( 'NONE',  ( -0.000000000000000000, 1.000000000000000000, -0.000000000000000000 ) ) ;
#2478 = LINE ( 'NONE', #10032, #8073 ) ;
#2479 = AXIS2_PLACEMENT_3D ( 'NONE', #2392, #9729, #6431 ) ;
#2480 = DIRECTION ( 'NONE',  ( -0.000000000000000000, 1.000000000000000000, 0.000000000000000000 ) ) ;
#2481 = CARTESIAN_POINT ( 'NONE',  ( 26.23856210340542816, 0.000000000000000000, -5.329957559004393275 ) ) ;
#2482 = EDGE_LOOP ( 'NONE', ( #3001, #3106, #2074, #486 ) ) ;
#2483 = ADVANCED_FACE ( 'NONE', ( #6573 ), #897, .F. ) ;
#2484 = CARTESIAN_POINT ( 'NONE',  ( 30.50000000000001066, 0.2999999999999999889, -2.350000000000004974 ) ) ;
#2485 = DIRECTION ( 'NONE',  ( -1.176083712526649195E-16, 0.000000000000000000, -1.000000000000000000 ) ) ;
#2486 = CARTESIAN_POINT ( 'NONE',  ( -51.95568058483290486, 9.484780085661554949, 3.641416195902993369 ) ) ;
#2487 = FACE_OUTER_BOUND ( 'NONE', #1592, .T. ) ;
#2488 = FACE_OUTER_BOUND ( 'NONE', #9239, .T. ) ;
#2489 = CYLINDRICAL_SURFACE ( 'NONE', #10039, 2.999999999999999112 ) ;
#2490 = EDGE_CURVE ( 'NONE', #5773, #6001, #2636, .T. ) ;
#2491 = VECTOR ( 'NONE', #8525, 1000.000000000000000 ) ;
#2492 = VECTOR ( 'NONE', #9680, 1000.000000000000000 ) ;
#2493 = AXIS2_PLACEMENT_3D ( 'NONE', #176, #10180, #4106 ) ;
#2494 = ADVANCED_FACE ( 'NONE', ( #5153 ), #8489, .F. ) ;
#2495 = ORIENTED_EDGE ( 'NONE', *, *, #10394, .T. ) ;
#2496 = VECTOR ( 'NONE', #7855, 1000.000000000000000 ) ;
#2497 = CARTESIAN_POINT ( 'NONE',  ( -30.28999999999999204, 6.296018041280833089, 5.126319423154875000E-15 ) ) ;
#2498 = ORIENTED_EDGE ( 'NONE', *, *, #8187, .F. ) ;
#2499 = DIRECTION ( 'NONE',  ( 1.000000000000000000, 0.000000000000000000, 0.000000000000000000 ) ) ;
#2500 = CYLINDRICAL_SURFACE ( 'NONE', #7788, 0.1999999999999987899 ) ;
#2501 = VECTOR ( 'NONE', #2382, 1000.000000000000000 ) ;
#2502 = ORIENTED_EDGE ( 'NONE', *, *, #3863, .F. ) ;
#2503 = EDGE_CURVE ( 'NONE', #2403, #2185, #5757, .T. ) ;
#2504 = DIRECTION ( 'NONE',  ( 0.000000000000000000, 1.000000000000000000, -0.000000000000000000 ) ) ;
#2505 = ORIENTED_EDGE ( 'NONE', *, *, #8559, .T. ) ;
#2506 = LINE ( 'NONE', #5020, #6514 ) ;
#2507 = DIRECTION ( 'NONE',  ( 0.000000000000000000, 1.000000000000000000, 0.000000000000000000 ) ) ;
#2508 = VECTOR ( 'NONE', #6045, 1000.000000000000000 ) ;
#2509 = CIRCLE ( 'NONE', #7909, 2.250000000000001776 ) ;
#2510 = CIRCLE ( 'NONE', #1644, 0.8500000000000069722 ) ;
#2511 = VERTEX_POINT ( 'NONE', #792 ) ;
#2512 = CARTESIAN_POINT ( 'NONE',  ( -31.47472780755320443, 0.08284271247461899579, 2.764999999999999680 ) ) ;
#2514 = CARTESIAN_POINT ( 'NONE',  ( -51.83390545974072694, 7.178929302223542308, -3.430753123072108668 ) ) ;
#2513 = CARTESIAN_POINT ( 'NONE',  ( -51.82797353565425880, 9.685554008424361427, -3.207069356144330641 ) ) ;
#2515 = CARTESIAN_POINT ( 'NONE',  ( 9.234851445641259020E-15, 0.1999999999999996503, -9.050000000000022027 ) ) ;
#2516 = ORIENTED_EDGE ( 'NONE', *, *, #4899, .F. ) ;
#2517 = CARTESIAN_POINT ( 'NONE',  ( -51.49999999999998579, 7.290980888402193827, -3.603289473684216038 ) ) ;
#2518 = EDGE_CURVE ( 'NONE', #7463, #4492, #4118, .T. ) ;
#2519 = VECTOR ( 'NONE', #3913, 1000.000000000000000 ) ;
#2520 = CARTESIAN_POINT ( 'NONE',  ( -47.04999999999999716, 8.000000000000000000, -8.650000000000002132 ) ) ;
#2521 = DIRECTION ( 'NONE',  ( -1.000000000000000000, 4.445524323212526105E-15, -1.198793075922478894E-15 ) ) ;
#2522 = AXIS2_PLACEMENT_3D ( 'NONE', #6999, #5257, #7877 ) ;
#2523 = DIRECTION ( 'NONE',  ( 0.000000000000000000, 0.000000000000000000, 1.000000000000000000 ) ) ;
#2524 = CARTESIAN_POINT ( 'NONE',  ( 38.64211819145300808, 0.2999999999999999889, 1.484828725824663076 ) ) ;
#2525 = ORIENTED_EDGE ( 'NONE', *, *, #2802, .F. ) ;
#2526 = VERTEX_POINT ( 'NONE', #8649 ) ;
#2527 = ORIENTED_EDGE ( 'NONE', *, *, #8648, .F. ) ;
#2528 = VECTOR ( 'NONE', #4223, 1000.000000000000000 ) ;
#2529 = CARTESIAN_POINT ( 'NONE',  ( 44.80000000000001847, 8.000000000000000000, -12.25000000000000000 ) ) ;
#2531 = LINE ( 'NONE', #5863, #4717 ) ;
#2530 = CARTESIAN_POINT ( 'NONE',  ( 47.05000000000001137, 8.000000000000000000, 14.75000000000000000 ) ) ;
#2532 = ORIENTED_EDGE ( 'NONE', *, *, #10599, .F. ) ;
#2533 = EDGE_LOOP ( 'NONE', ( #6761, #10516, #4212, #7470 ) ) ;
#2534 = CARTESIAN_POINT ( 'NONE',  ( 20.20000000000000995, 8.000000000000000000, 8.349999999999997868 ) ) ;
#2535 = EDGE_CURVE ( 'NONE', #1112, #650, #8233, .T. ) ;
#2536 = CIRCLE ( 'NONE', #8641, 2.000000000000000000 ) ;
#2537 = DIRECTION ( 'NONE',  ( -1.000000000000000000, 0.000000000000000000, 9.856182124392361707E-16 ) ) ;
#2538 = CARTESIAN_POINT ( 'NONE',  ( 38.12940735125393132, 0.02145563245112985101, 2.729700915573395559 ) ) ;
#2539 = ORIENTED_EDGE ( 'NONE', *, *, #7000, .T. ) ;
#2540 = B_SPLINE_CURVE_WITH_KNOTS ( 'NONE', 3,
 ( #4417, #5299, #7861, #3498, #2077, #9457, #2782 ),
 .UNSPECIFIED., .F., .F.,
 ( 4, 3, 4 ),
 ( 0.000000000000000000, 0.0001790967645353006357, 0.0003581935290706012714 ),
 .UNSPECIFIED. ) ;
#2541 = CLOSED_SHELL ( 'NONE', ( #761, #9981, #2286, #10509, #987, #3716, #3969, #2472, #5010, #7175, #4908, #10459, #7967, #2121, #2649, #4960, #4680, #403, #6668, #8795, #1090, #5147, #5292, #5025, #3487, #109, #91, #7130, #193, #6475, #6359, #3817, #10709, #9955, #7014, #5095, #10700, #1616, #1323, #22, #7063, #2378, #1909, #8059, #101, #9110, #6050, #7047, #3060, #540, #9158, #10177, #9834, #1015, #1344, #4823, #5105, #5942, #9120, #3010, #2240, #447, #4517, #7654, #7933, #7407, #5931, #8954, #5232, #1374, #3958, #978, #8466, #6637, #8897, #5724, #8503, #2691, #6029, #3141, #522, #194, #2494, #8255, #429, #5084, #2885, #3918, #9365, #2194, #768, #820, #9299, #2483, #1138, #6580, #2861, #4302, #2771, #8032, #6813, #5279, #2430, #9271, #4015, #10405, #4295, #7915, #7881, #2258, #7806, #8846, #2227, #10632, #6391, #4425, #4727, #925, #1952, #8635, #7544, #281, #4598, #1940, #4179, #10616, #5073, #1026, #7833, #1152, #9940, #3586, #7995, #2603, #9659, #211, #10648, #4627, #6408, #4381, #1737, #8326, #2065, #2721, #10811, #962, #5878, #4287, #7758, #8896, #9562, #5624, #563, #8022, #9006, #7406, #3247, #9323, #1324, #1011, #4559, #4009, #2006, #4531, #2988, #7318, #5246, #5335, #4434, #6020, #3425, #6983, #1291, #2722, #7780, #10441, #7688, #6666, #10802, #2604, #10182, #5666, #9172, #5557, #10257, #5056, #6719, #1358, #7753, #1868, #7499, #4346, #1883, #9771, #6534, #1993, #9204, #6255, #8611, #8020, #5859, #1748, #6380, #9849, #6922, #1646, #5179, #4757, #5823, #677, #4710, #3627, #3286, #6492, #1807, #8550, #2314, #1044, #9982, #1005, #733, #511, #8311, #601, #488, #7958, #10544, #5844, #10682, #6123, #3672, #6924, #3780, #8688, #870, #306, #256, #6914, #10245, #4421, #10601, #7821, #5161, #7189, #48, #3654, #5791, #1625, #5280, #7741, #10572, #4578, #3180, #3307, #8237, #2236, #8228, #809, #8842, #10046, #1589, #9672, #6124, #675, #72, #9315, #4548, #7597, #7348, #6100, #356, #2879, #3825, #10204, #1947, #4901, #1273, #4448, #2456, #2183, #6851, #1700, #823, #4766, #5771, #7219, #3031, #2295, #10701, #9922, #9397, #1842, #5496, #6370, #2616, #6194, #5098, #10312, #6649, #2613, #8372, #7742, #6140, #10218, #2711, #203, #8511, #3736, #10658, #6430, #4146, #34, #1853, #7617, #8863, #10292 ) ) ;
#2542 = DIRECTION ( 'NONE',  ( -1.000000000000000000, 0.000000000000000000, 1.717547996016640734E-16 ) ) ;
#2543 = FACE_OUTER_BOUND ( 'NONE', #1898, .T. ) ;
#2544 = AXIS2_PLACEMENT_3D ( 'NONE', #1335, #10636, #8876 ) ;
#2545 = FACE_OUTER_BOUND ( 'NONE', #2140, .T. ) ;
#2546 = CARTESIAN_POINT ( 'NONE',  ( -7.549999999999978506, 13.30000000000000071, 14.45000000000000107 ) ) ;
#2547 = CARTESIAN_POINT ( 'NONE',  ( -51.49999999999998579, 9.716960195022403823, 3.819531249999995826 ) ) ;
#2548 = EDGE_CURVE ( 'NONE', #10397, #8389, #242, .T. ) ;
#2549 = EDGE_CURVE ( 'NONE', #2251, #1112, #349, .T. ) ;
#2550 = LINE ( 'NONE', #6749, #3558 ) ;
#2551 = CIRCLE ( 'NONE', #8323, 2.000000000000000888 ) ;
#2552 = VECTOR ( 'NONE', #9904, 1000.000000000000000 ) ;
#2553 = ORIENTED_EDGE ( 'NONE', *, *, #8087, .F. ) ;
#2554 = DIRECTION ( 'NONE',  ( -5.545730697581131175E-17, 0.000000000000000000, -1.000000000000000000 ) ) ;
#2555 = ORIENTED_EDGE ( 'NONE', *, *, #5347, .T. ) ;
#2556 = EDGE_CURVE ( 'NONE', #579, #1966, #1928, .T. ) ;
#2557 = CARTESIAN_POINT ( 'NONE',  ( 31.24999999999999645, 0.5000000000000000000, -3.080056913872600900E-14 ) ) ;
#2558 = VECTOR ( 'NONE', #1188, 1000.000000000000000 ) ;
#2559 = CARTESIAN_POINT ( 'NONE',  ( -31.45678631915142631, 0.2827931057192701325, -20.34067203111831290 ) ) ;
#2560 = ORIENTED_EDGE ( 'NONE', *, *, #6558, .F. ) ;
#2561 = CARTESIAN_POINT ( 'NONE',  ( 1.050000000000021361, 13.30000000000000071, 13.54999999999999893 ) ) ;
#2562 = ORIENTED_EDGE ( 'NONE', *, *, #10726, .F. ) ;
#2563 = EDGE_CURVE ( 'NONE', #8655, #10404, #7740, .T. ) ;
#2564 = CARTESIAN_POINT ( 'NONE',  ( -1.549999999999978506, 13.30000000000000071, 12.35000000000015774 ) ) ;
#2565 = DIRECTION ( 'NONE',  ( 1.000000000000000000, 0.000000000000000000, 0.000000000000000000 ) ) ;
#2566 = ORIENTED_EDGE ( 'NONE', *, *, #10101, .F. ) ;
#2567 = AXIS2_PLACEMENT_3D ( 'NONE', #9612, #2285, #5608 ) ;
#2568 = ORIENTED_EDGE ( 'NONE', *, *, #1482, .F. ) ;
#2569 = ORIENTED_EDGE ( 'NONE', *, *, #164, .T. ) ;
#2570 = LINE ( 'NONE', #4409, #7723 ) ;
#2571 = DIRECTION ( 'NONE',  ( 0.000000000000000000, 0.000000000000000000, 1.000000000000000000 ) ) ;
#2572 = ORIENTED_EDGE ( 'NONE', *, *, #6888, .F. ) ;
#2573 = FACE_OUTER_BOUND ( 'NONE', #7160, .T. ) ;
#2574 = DIRECTION ( 'NONE',  ( -0.000000000000000000, -1.000000000000000000, -0.000000000000000000 ) ) ;
#2576 = CARTESIAN_POINT ( 'NONE',  ( 47.05000000000001137, 8.000000000000000000, 12.25000000000000000 ) ) ;
#2575 = VECTOR ( 'NONE', #9062, 1000.000000000000000 ) ;
#2577 = CARTESIAN_POINT ( 'NONE',  ( -30.30484636607248561, -1.468623938954177977, -8.850000000000052935 ) ) ;
#2578 = DIRECTION ( 'NONE',  ( 0.000000000000000000, -1.000000000000000000, 0.000000000000000000 ) ) ;
#2579 = CARTESIAN_POINT ( 'NONE',  ( -51.49999999999999289, 9.509019111597805107, -3.603289473684216926 ) ) ;
#2580 = ORIENTED_EDGE ( 'NONE', *, *, #10555, .F. ) ;
#2581 = VERTEX_POINT ( 'NONE', #10301 ) ;
#2582 = EDGE_CURVE ( 'NONE', #2060, #8930, #9627, .T. ) ;
#2583 = ORIENTED_EDGE ( 'NONE', *, *, #5613, .F. ) ;
#2584 = CARTESIAN_POINT ( 'NONE',  ( -51.78796951423591821, 9.736145541864400954, -3.486806783907461238 ) ) ;
#2586 = LINE ( 'NONE', #5915, #10500 ) ;
#2585 = FACE_OUTER_BOUND ( 'NONE', #10527, .T. ) ;
#2587 = ORIENTED_EDGE ( 'NONE', *, *, #7341, .F. ) ;
#2588 = ORIENTED_EDGE ( 'NONE', *, *, #6338, .T. ) ;
#2589 = CARTESIAN_POINT ( 'NONE',  ( -35.24172192299145934, 0.2946731267839041712, -20.34067203111831290 ) ) ;
#2590 = DIRECTION ( 'NONE',  ( 0.000000000000000000, 0.000000000000000000, 1.000000000000000000 ) ) ;
#2591 = CARTESIAN_POINT ( 'NONE',  ( 30.50000000000001066, 0.2999999999999999889, -2.350000000000004974 ) ) ;
#2592 = ORIENTED_EDGE ( 'NONE', *, *, #10263, .F. ) ;
#2593 = EDGE_LOOP ( 'NONE', ( #8456, #6229, #4278, #2435 ) ) ;
#2594 = EDGE_CURVE ( 'NONE', #7089, #5407, #8774, .T. ) ;
#2595 = AXIS2_PLACEMENT_3D ( 'NONE', #1929, #10302, #4374 ) ;
#2596 = DIRECTION ( 'NONE',  ( -0.000000000000000000, -0.000000000000000000, 1.000000000000000000 ) ) ;
#2597 = DIRECTION ( 'NONE',  ( 0.000000000000000000, 1.000000000000000000, 2.891205793294676354E-16 ) ) ;
#2598 = CARTESIAN_POINT ( 'NONE',  ( -51.88705536026327536, 8.508382070898251825, 4.224942567312450770 ) ) ;
#2599 = DIRECTION ( 'NONE',  ( 0.000000000000000000, -1.000000000000000000, 0.000000000000000000 ) ) ;
#2600 = CARTESIAN_POINT ( 'NONE',  ( -51.76659773288660915, 7.335849566191033233, 3.844379067123290028 ) ) ;
#2601 = FACE_OUTER_BOUND ( 'NONE', #3609, .T. ) ;
#2602 = VERTEX_POINT ( 'NONE', #9418 ) ;
#2603 = ADVANCED_FACE ( 'NONE', ( #6185 ), #7768, .F. ) ;
#2604 = ADVANCED_FACE ( 'NONE', ( #396 ), #3721, .F. ) ;
#2605 = DIRECTION ( 'NONE',  ( 0.000000000000000000, 0.000000000000000000, -1.000000000000000000 ) ) ;
#2606 = ORIENTED_EDGE ( 'NONE', *, *, #1465, .T. ) ;
#2607 = CARTESIAN_POINT ( 'NONE',  ( 34.78139739626870153, 2.346281263894412432E-16, -5.419905151940277221 ) ) ;
#2608 = CARTESIAN_POINT ( 'NONE',  ( 42.80000000000001137, 8.000000000000000000, 8.250000000000000000 ) ) ;
#2609 = ORIENTED_EDGE ( 'NONE', *, *, #6082, .F. ) ;
#2610 = CYLINDRICAL_SURFACE ( 'NONE', #3028, 0.2999999999999999334 ) ;
#2611 = ORIENTED_EDGE ( 'NONE', *, *, #10371, .T. ) ;
#2612 = FACE_OUTER_BOUND ( 'NONE', #5698, .T. ) ;
#2613 = ADVANCED_FACE ( 'NONE', ( #9588 ), #9470, .T. ) ;
#2614 = VERTEX_POINT ( 'NONE', #4489 ) ;
#2615 = EDGE_LOOP ( 'NONE', ( #5142, #7415, #8740, #5626 ) ) ;
#2616 = ADVANCED_FACE ( 'NONE', ( #2092 ), #7823, .T. ) ;
#2617 = VECTOR ( 'NONE', #9920, 1000.000000000000000 ) ;
#2618 = CARTESIAN_POINT ( 'NONE',  ( -51.99999999999998579, 8.400000000000000355, 2.925000000000002931 ) ) ;
#2619 = CARTESIAN_POINT ( 'NONE',  ( -51.77340835089974291, 9.594609242404811056, -3.692296232791153709 ) ) ;
#2620 = CYLINDRICAL_SURFACE ( 'NONE', #4635, 0.2999999999999998779 ) ;
#2621 = ORIENTED_EDGE ( 'NONE', *, *, #4630, .T. ) ;
#2622 = CYLINDRICAL_SURFACE ( 'NONE', #4418, 6.800000000000000711 ) ;
#2623 = CARTESIAN_POINT ( 'NONE',  ( -31.11939691791956974, 0.5000000000000004441, -8.864660166041909761 ) ) ;
#2624 = CARTESIAN_POINT ( 'NONE',  ( -30.58999999999999275, 0.5000000000000004441, 3.615000000000000213 ) ) ;
#2625 = CARTESIAN_POINT ( 'NONE',  ( 47.04999999999999716, 3.000000000000000000, -8.649999999999993250 ) ) ;
#2626 = LINE ( 'NONE', #8325, #9508 ) ;
#2627 = EDGE_CURVE ( 'NONE', #1350, #718, #1967, .T. ) ;
#2628 = ORIENTED_EDGE ( 'NONE', *, *, #1272, .F. ) ;
#2629 = ORIENTED_EDGE ( 'NONE', *, *, #327, .F. ) ;
#2630 = ORIENTED_EDGE ( 'NONE', *, *, #4253, .F. ) ;
#2631 = LINE ( 'NONE', #10186, #979 ) ;
#2633 = DIRECTION ( 'NONE',  ( -0.000000000000000000, -1.000000000000000000, 0.000000000000000000 ) ) ;
#2632 = CARTESIAN_POINT ( 'NONE',  ( -30.58203748537937372, 5.996123729295900873, -9.143749989103024944 ) ) ;
#2634 = VERTEX_POINT ( 'NONE', #7319 ) ;
#2635 = EDGE_CURVE ( 'NONE', #130, #8608, #5325, .T. ) ;
#2636 = LINE ( 'NONE', #5965, #2323 ) ;
#2637 = CARTESIAN_POINT ( 'NONE',  ( -34.37348617369437420, 0.04767268713831671056, 8.395138446510774344 ) ) ;
#2638 = CARTESIAN_POINT ( 'NONE',  ( -51.79999999999998295, 6.899999999999998579, 2.924999999999994493 ) ) ;
#2639 = EDGE_LOOP ( 'NONE', ( #2803, #1191, #8488, #2445 ) ) ;
#2640 = ORIENTED_EDGE ( 'NONE', *, *, #1528, .T. ) ;
#2641 = EDGE_LOOP ( 'NONE', ( #4984, #4247 ) ) ;
#2642 = DIRECTION ( 'NONE',  ( -1.000000000000000000, 0.000000000000000000, 0.000000000000000000 ) ) ;
#2643 = CARTESIAN_POINT ( 'NONE',  ( 1.050000000000021361, 13.30000000000000071, -13.54999999999999893 ) ) ;
#2644 = CARTESIAN_POINT ( 'NONE',  ( -44.74999999999998579, 16.60000000000000142, 6.749999999999999112 ) ) ;
#2645 = DIRECTION ( 'NONE',  ( 1.000000000000000000, 0.000000000000000000, -0.000000000000000000 ) ) ;
#2646 = TOROIDAL_SURFACE ( 'NONE', #9462, 5.000000000000000000, 3.000000000000000000 ) ;
#2647 = EDGE_CURVE ( 'NONE', #7353, #4529, #3826, .T. ) ;
#2648 = CARTESIAN_POINT ( 'NONE',  ( -51.75449119161405065, 8.641133555070869221, 4.260293390209148434 ) ) ;
#2649 = ADVANCED_FACE ( 'NONE', ( #7275 ), #3173, .T. ) ;
#2650 = DIRECTION ( 'NONE',  ( 0.000000000000000000, 1.000000000000000000, 0.000000000000000000 ) ) ;
#2651 = ORIENTED_EDGE ( 'NONE', *, *, #1925, .T. ) ;
#2652 = AXIS2_PLACEMENT_3D ( 'NONE', #9780, #9883, #3965 ) ;
#2653 = CARTESIAN_POINT ( 'NONE',  ( -35.26554871542300162, 0.2000000000000000111, -3.615000000000000213 ) ) ;
#2654 = VERTEX_POINT ( 'NONE', #6500 ) ;
#2655 = CARTESIAN_POINT ( 'NONE',  ( 26.17573810278256730, 0.09795398803915354724, -5.626162013252773875 ) ) ;
#2656 = CARTESIAN_POINT ( 'NONE',  ( -34.33293214504335822, 0.1503201388544083417, 2.769584417859758396 ) ) ;
#2657 = EDGE_CURVE ( 'NONE', #6184, #6817, #237, .T. ) ;
#2658 = PLANE ( 'NONE',  #4037 ) ;
#2659 = VECTOR ( 'NONE', #5313, 1000.000000000000000 ) ;
#2660 = VECTOR ( 'NONE', #5676, 999.9999999999998863 ) ;
#2661 = PLANE ( 'NONE',  #5470 ) ;
#2662 = EDGE_CURVE ( 'NONE', #1941, #422, #2206, .T. ) ;
#2663 = ORIENTED_EDGE ( 'NONE', *, *, #5447, .F. ) ;
#2664 = ORIENTED_EDGE ( 'NONE', *, *, #9587, .T. ) ;
#2665 = CIRCLE ( 'NONE', #1277, 5.499999999999985789 ) ;
#2666 = VECTOR ( 'NONE', #9019, 1000.000000000000000 ) ;
#2667 = CARTESIAN_POINT ( 'NONE',  ( -31.27472780755320869, 0.2000000000000000111, 2.765000000000000124 ) ) ;
#2668 = DIRECTION ( 'NONE',  ( 1.020425574103997885E-15, 0.000000000000000000, -1.000000000000000000 ) ) ;
#2669 = ORIENTED_EDGE ( 'NONE', *, *, #6506, .F. ) ;
#2670 = PRODUCT_RELATED_PRODUCT_CATEGORY ( 'part', '', ( #3166 ) ) ;
#2671 = DIRECTION ( 'NONE',  ( 1.000000000000000000, 0.000000000000000000, -1.176083712526649195E-16 ) ) ;
#2672 = VECTOR ( 'NONE', #9619, 1000.000000000000114 ) ;
#2673 = DIRECTION ( 'NONE',  ( 0.000000000000000000, 1.000000000000000000, -0.000000000000000000 ) ) ;
#2674 = CARTESIAN_POINT ( 'NONE',  ( -51.49999999999998579, 7.290980888402183169, 3.603289473684205380 ) ) ;
#2675 = FACE_BOUND ( 'NONE', #8583, .T. ) ;
#2676 = AXIS2_PLACEMENT_3D ( 'NONE', #5041, #8382, #679 ) ;
#2677 = EDGE_CURVE ( 'NONE', #6451, #250, #7388, .T. ) ;
#2678 = CIRCLE ( 'NONE', #5301, 1.900000000000000577 ) ;
#2679 = CARTESIAN_POINT ( 'NONE',  ( -30.58203748537931332, 5.996123729295902649, -2.765105688015068619 ) ) ;
#2680 = ORIENTED_EDGE ( 'NONE', *, *, #1576, .T. ) ;
#2681 = ORIENTED_EDGE ( 'NONE', *, *, #8704, .T. ) ;
#2682 = EDGE_LOOP ( 'NONE', ( #8176, #10157, #1612, #9966 ) ) ;
#2683 = DIRECTION ( 'NONE',  ( 1.971236424878464453E-15, -0.000000000000000000, 1.000000000000000000 ) ) ;
#2685 = CARTESIAN_POINT ( 'NONE',  ( -51.88851692808964344, 8.185661063988384001, 4.211638720451210460 ) ) ;
#2684 = CARTESIAN_POINT ( 'NONE',  ( -51.79737880384224269, 9.838761398647964285, 3.256771301096170745 ) ) ;
#2686 = AXIS2_PLACEMENT_3D ( 'NONE', #6853, #10211, #6204 ) ;
#2687 = ORIENTED_EDGE ( 'NONE', *, *, #4547, .T. ) ;
#2688 = EDGE_CURVE ( 'NONE', #3385, #783, #4816, .T. ) ;
#2689 = VECTOR ( 'NONE', #2370, 999.9999999999998863 ) ;
#2690 = CARTESIAN_POINT ( 'NONE',  ( -52.75099999999998346, 9.850000000000003197, -2.500000000000000444 ) ) ;
#2691 = ADVANCED_FACE ( 'NONE', ( #8868 ), #2144, .F. ) ;
#2692 = VERTEX_POINT ( 'NONE', #4597 ) ;
#2693 = CARTESIAN_POINT ( 'NONE',  ( 23.40000000000001279, 5.400000000000000355, -10.34999999999999964 ) ) ;
#2694 = DIRECTION ( 'NONE',  ( 1.000000000000000000, 0.000000000000000000, 1.020425574104004196E-15 ) ) ;
#2695 = ORIENTED_EDGE ( 'NONE', *, *, #2929, .T. ) ;
#2696 = VERTEX_POINT ( 'NONE', #2262 ) ;
#2697 = VECTOR ( 'NONE', #5205, 1000.000000000000000 ) ;
#2698 = ORIENTED_EDGE ( 'NONE', *, *, #2997, .F. ) ;
#2699 = EDGE_CURVE ( 'NONE', #10609, #3418, #7015, .T. ) ;
#2700 = CARTESIAN_POINT ( 'NONE',  ( 23.40000000000001279, 1.000000000000000000, -12.25000000000000178 ) ) ;
#2701 = CARTESIAN_POINT ( 'NONE',  ( -49.74999999999997868, 15.20000000000000284, -6.750000000000003553 ) ) ;
#2702 = DIRECTION ( 'NONE',  ( -1.000000000000000000, -0.000000000000000000, -0.000000000000000000 ) ) ;
#2703 = FILL_AREA_STYLE ('',( #7068 ) ) ;
#2704 = VECTOR ( 'NONE', #10565, 1000.000000000000000 ) ;
#2705 = CARTESIAN_POINT ( 'NONE',  ( 25.40635347795580756, 0.2531612188914911798, -0.2752072131253970877 ) ) ;
#2706 = ORIENTED_EDGE ( 'NONE', *, *, #6372, .T. ) ;
#2707 = PLANE ( 'NONE',  #6869 ) ;
#2708 = ORIENTED_EDGE ( 'NONE', *, *, #9044, .F. ) ;
#2709 = EDGE_CURVE ( 'NONE', #6173, #320, #5107, .T. ) ;
#2710 = CIRCLE ( 'NONE', #4631, 2.750000000000000888 ) ;
#2711 = ADVANCED_FACE ( 'NONE', ( #506 ), #9639, .T. ) ;
#2712 = CARTESIAN_POINT ( 'NONE',  ( 3.550000000000022027, 13.30000000000000071, 13.45000000000015916 ) ) ;
#2713 = ORIENTED_EDGE ( 'NONE', *, *, #8271, .F. ) ;
#2714 = CARTESIAN_POINT ( 'NONE',  ( 26.15635347795578269, 0.2531612188914916239, -5.723830892551230676 ) ) ;
#2715 = LINE ( 'NONE', #3746, #4125 ) ;
#2716 = CARTESIAN_POINT ( 'NONE',  ( 47.05000000000001137, 0.000000000000000000, -9.500000000000001776 ) ) ;
#2717 = VECTOR ( 'NONE', #8734, 1000.000000000000000 ) ;
#2718 = CARTESIAN_POINT ( 'NONE',  ( -51.54999999999998295, 17.60000000000000142, 6.749999999999997335 ) ) ;
#2719 = AXIS2_PLACEMENT_3D ( 'NONE', #610, #10622, #3004 ) ;
#2720 = VERTEX_POINT ( 'NONE', #558 ) ;
#2721 = ADVANCED_FACE ( 'NONE', ( #3877 ), #7548, .F. ) ;
#2722 = ADVANCED_FACE ( 'NONE', ( #3072 ), #5583, .T. ) ;
#2723 = ORIENTED_EDGE ( 'NONE', *, *, #9913, .F. ) ;
#2724 = VECTOR ( 'NONE', #5176, 1000.000000000000000 ) ;
#2725 = CARTESIAN_POINT ( 'NONE',  ( -22.78676428111940311, 13.30000000000000071, -14.74999999999999645 ) ) ;
#2726 = DIRECTION ( 'NONE',  ( 1.000000000000000000, 0.000000000000000000, 0.000000000000000000 ) ) ;
#2727 = VERTEX_POINT ( 'NONE', #882 ) ;
#2728 = LINE ( 'NONE', #6056, #1801 ) ;
#2729 = CARTESIAN_POINT ( 'NONE',  ( 22.25783969873333845, -2.408961701991230164E-15, -6.511545626786708674 ) ) ;
#2730 = PLANE ( 'NONE',  #4401 ) ;
#2731 = DIRECTION ( 'NONE',  ( 0.8660254037844389297, 0.000000000000000000, 0.4999999999999994449 ) ) ;
#2732 = DIRECTION ( 'NONE',  ( -1.000000000000000000, 0.000000000000000000, -2.604689903869080029E-17 ) ) ;
#2733 = AXIS2_PLACEMENT_3D ( 'NONE', #2644, #9383, #1936 ) ;
#2734 = ORIENTED_EDGE ( 'NONE', *, *, #10353, .F. ) ;
#2735 = ORIENTED_EDGE ( 'NONE', *, *, #5436, .T. ) ;
#2736 = VERTEX_POINT ( 'NONE', #1711 ) ;
#2737 = LINE ( 'NONE', #341, #7252 ) ;
#2738 = EDGE_CURVE ( 'NONE', #4747, #297, #1457, .T. ) ;
#2739 = EDGE_CURVE ( 'NONE', #1004, #9086, #9080, .T. ) ;
#2741 = CARTESIAN_POINT ( 'NONE',  ( -40.21146882909597764, 0.000000000000000000, -9.050000000000062883 ) ) ;
#2740 = DIRECTION ( 'NONE',  ( 2.001604010742475186E-15, 0.000000000000000000, 1.000000000000000000 ) ) ;
#2742 = VERTEX_POINT ( 'NONE', #6774 ) ;
#2743 = ORIENTED_EDGE ( 'NONE', *, *, #2815, .T. ) ;
#2744 = VECTOR ( 'NONE', #802, 1000.000000000000000 ) ;
#2745 = EDGE_LOOP ( 'NONE', ( #1131, #8412, #6538, #9887 ) ) ;
#2746 = CARTESIAN_POINT ( 'NONE',  ( -1.056292017550234351E-15, 6.500000000000000888, -10.25000000000000355 ) ) ;
#2747 = DIRECTION ( 'NONE',  ( 1.000000000000000000, 0.000000000000000000, 9.637352644315595243E-17 ) ) ;
#2748 = CARTESIAN_POINT ( 'NONE',  ( -39.98506879479626974, 0.1999999999999987899, 3.615000000000000213 ) ) ;
#2749 = DIRECTION ( 'NONE',  ( -0.000000000000000000, 0.000000000000000000, -1.000000000000000000 ) ) ;
#2750 = ORIENTED_EDGE ( 'NONE', *, *, #2292, .F. ) ;
#2751 = VERTEX_POINT ( 'NONE', #1599 ) ;
#2752 = VERTEX_POINT ( 'NONE', #10790 ) ;
#2753 = EDGE_CURVE ( 'NONE', #9694, #2197, #7658, .T. ) ;
#2754 = CARTESIAN_POINT ( 'NONE',  ( -30.30484636607248561, -1.468623938954177977, -20.34067203111831290 ) ) ;
#2755 = FACE_OUTER_BOUND ( 'NONE', #8319, .T. ) ;
#2756 = CARTESIAN_POINT ( 'NONE',  ( 31.25000000000004263, -0.0009999999999999158867, 6.618695557326041978 ) ) ;
#2757 = CARTESIAN_POINT ( 'NONE',  ( 47.05000000000001137, 11.00000000000000178, -12.25000000000000355 ) ) ;
#2758 = CYLINDRICAL_SURFACE ( 'NONE', #10696, 0.2999999999999999334 ) ;
#2759 = EDGE_LOOP ( 'NONE', ( #674, #6115, #3218, #4902, #3669 ) ) ;
#2760 = CARTESIAN_POINT ( 'NONE',  ( -31.26006770942176516, 2.863271301182032769, 8.350000008550983566 ) ) ;
#2761 = CARTESIAN_POINT ( 'NONE',  ( 30.04999999999998650, 0.2999999999999999889, -0.000000000000000000 ) ) ;
#2762 = AXIS2_PLACEMENT_3D ( 'NONE', #9725, #4623, #1408 ) ;
#2763 = ORIENTED_EDGE ( 'NONE', *, *, #9941, .T. ) ;
#2764 = AXIS2_PLACEMENT_3D ( 'NONE', #5362, #2954, #3711 ) ;
#2765 = DIRECTION ( 'NONE',  ( 0.000000000000000000, 1.000000000000000000, -0.000000000000000000 ) ) ;
#2766 = ORIENTED_EDGE ( 'NONE', *, *, #8137, .F. ) ;
#2767 = CARTESIAN_POINT ( 'NONE',  ( 26.19929317472360353, 0.02221052063481794570, -5.511033455694994032 ) ) ;
#2768 = DIRECTION ( 'NONE',  ( -0.000000000000000000, -1.000000000000000000, -0.000000000000000000 ) ) ;
#2769 = CYLINDRICAL_SURFACE ( 'NONE', #5960, 2.999999999999999112 ) ;
#2770 = CARTESIAN_POINT ( 'NONE',  ( -35.26554871542300162, 0.08284271247461910681, 8.349999999999997868 ) ) ;
#2771 = ADVANCED_FACE ( 'NONE', ( #8 ), #125, .T. ) ;
#2772 = EDGE_LOOP ( 'NONE', ( #8125, #4847, #7494, #1629, #8708, #3035 ) ) ;
#2773 = AXIS2_PLACEMENT_3D ( 'NONE', #8030, #8855, #2249 ) ;
#2774 = ORIENTED_EDGE ( 'NONE', *, *, #10427, .F. ) ;
#2775 = CARTESIAN_POINT ( 'NONE',  ( -34.39005668592174203, 0.2000000000000000111, 2.765000000000000124 ) ) ;
#2776 = FACE_OUTER_BOUND ( 'NONE', #10449, .T. ) ;
#2777 = EDGE_LOOP ( 'NONE', ( #3172, #3009, #6665, #2818 ) ) ;
#2778 = DIRECTION ( 'NONE',  ( 1.000000000000000000, -0.000000000000000000, -0.000000000000000000 ) ) ;
#2779 = DIRECTION ( 'NONE',  ( 0.000000000000000000, 1.000000000000000000, 0.000000000000000000 ) ) ;
#2780 = EDGE_CURVE ( 'NONE', #9245, #1762, #8262, .T. ) ;
#2781 = CARTESIAN_POINT ( 'NONE',  ( -51.79999999999998295, 8.400000000000000355, -4.350000000000000533 ) ) ;
#2782 = CARTESIAN_POINT ( 'NONE',  ( -30.28999999999999204, 2.820913717569120127, -9.850000000000052935 ) ) ;
#2783 = EDGE_CURVE ( 'NONE', #7482, #6785, #6609, .T. ) ;
#2784 = CARTESIAN_POINT ( 'NONE',  ( -7.549999999999978506, 11.00000000000000178, 14.45000000000000107 ) ) ;
#2785 = EDGE_LOOP ( 'NONE', ( #230, #10270, #7766, #2088 ) ) ;
#2786 = VERTEX_POINT ( 'NONE', #9248 ) ;
#2787 = CIRCLE ( 'NONE', #1752, 9.000000000000012434 ) ;
#2788 = EDGE_LOOP ( 'NONE', ( #2371, #10362, #8063, #1506 ) ) ;
#2789 = CARTESIAN_POINT ( 'NONE',  ( 22.36827201635471241, 0.5000000000000000000, -9.481727983645297897 ) ) ;
#2791 = CARTESIAN_POINT ( 'NONE',  ( -31.22779266205684934, 3.038152743782691179, -8.850000000081447382 ) ) ;
#2790 = DIRECTION ( 'NONE',  ( 0.000000000000000000, 0.000000000000000000, 1.000000000000000000 ) ) ;
#2792 = VERTEX_POINT ( 'NONE', #2520 ) ;
#2793 = VERTEX_POINT ( 'NONE', #4265 ) ;
#2794 = ORIENTED_EDGE ( 'NONE', *, *, #617, .F. ) ;
#2795 = CIRCLE ( 'NONE', #4355, 0.3706384263718852656 ) ;
#2796 = CARTESIAN_POINT ( 'NONE',  ( -51.88704276677076876, 8.507051016228095008, -4.225057278784991155 ) ) ;
#2797 = CARTESIAN_POINT ( 'NONE',  ( -1.549999999999982059, 15.10000000000000142, -14.75000000000000178 ) ) ;
#2798 = VERTEX_POINT ( 'NONE', #1760 ) ;
#2799 = CARTESIAN_POINT ( 'NONE',  ( -34.52834772718359346, 0.000000000000000000, 8.549999999999998934 ) ) ;
#2800 = CARTESIAN_POINT ( 'NONE',  ( 35.59364652204420310, 0.5000000000000000000, -4.424792786874610862 ) ) ;
#2801 = ORIENTED_EDGE ( 'NONE', *, *, #5228, .T. ) ;
#2802 = EDGE_CURVE ( 'NONE', #9028, #3616, #3186, .T. ) ;
#2803 = ORIENTED_EDGE ( 'NONE', *, *, #4067, .T. ) ;
#2804 = EDGE_CURVE ( 'NONE', #4397, #7854, #3234, .T. ) ;
#2805 = ORIENTED_EDGE ( 'NONE', *, *, #2490, .F. ) ;
#2806 = ORIENTED_EDGE ( 'NONE', *, *, #8299, .F. ) ;
#2807 = DIRECTION ( 'NONE',  ( 1.000000000000000000, 0.000000000000000000, 0.000000000000000000 ) ) ;
#2808 = CARTESIAN_POINT ( 'NONE',  ( -40.21146882909597764, 0.000000000000000000, 3.415000000000000036 ) ) ;
#2809 = CARTESIAN_POINT ( 'NONE',  ( -51.81327769597668720, 7.873890648591611807, 4.118545122950579618 ) ) ;
#2810 =( LENGTH_UNIT ( ) NAMED_UNIT ( * ) SI_UNIT ( .MILLI., .METRE. ) );
#2811 = CARTESIAN_POINT ( 'NONE',  ( 0.000000000000000000, 11.00000000000000178, 12.25000000000000000 ) ) ;
#2812 = EDGE_LOOP ( 'NONE', ( #24, #7227, #2029, #4507 ) ) ;
#2813 = CARTESIAN_POINT ( 'NONE',  ( 0.000000000000000000, 13.30000000000000071, -13.54999999999999893 ) ) ;
#2814 = CARTESIAN_POINT ( 'NONE',  ( -51.99547663803055997, 9.669376713961829850, 3.227573038195355348 ) ) ;
#2815 = EDGE_CURVE ( 'NONE', #7979, #9018, #778, .T. ) ;
#2816 = ORIENTED_EDGE ( 'NONE', *, *, #4395, .F. ) ;
#2817 = CARTESIAN_POINT ( 'NONE',  ( -52.75099999999998346, 11.35000000000000320, -3.299999999999998490 ) ) ;
#2818 = ORIENTED_EDGE ( 'NONE', *, *, #7167, .T. ) ;
#2819 = DIRECTION ( 'NONE',  ( 1.000000000000000000, 0.000000000000000000, 0.000000000000000000 ) ) ;
#2820 = CARTESIAN_POINT ( 'NONE',  ( -51.82769444090089195, 7.114324626393945472, -3.205023119327215397 ) ) ;
#2821 = CARTESIAN_POINT ( 'NONE',  ( 22.36827201635471241, 0.5000000000000000000, -10.68172798364529719 ) ) ;
#2822 = EDGE_CURVE ( 'NONE', #1915, #7815, #5082, .T. ) ;
#2823 = CARTESIAN_POINT ( 'NONE',  ( -7.549999999999978506, 11.00000000000000178, -14.75000000000000178 ) ) ;
#2824 = DIRECTION ( 'NONE',  ( -3.384826294588891940E-16, -0.000000000000000000, -1.000000000000000000 ) ) ;
#2825 = EDGE_CURVE ( 'NONE', #1314, #5603, #4935, .T. ) ;
#2826 = VECTOR ( 'NONE', #9924, 1000.000000000000000 ) ;
#2827 = VERTEX_POINT ( 'NONE', #64 ) ;
#2828 = EDGE_CURVE ( 'NONE', #3725, #6755, #6559, .T. ) ;
#2829 = CARTESIAN_POINT ( 'NONE',  ( -47.04999999999998295, 8.000000000000000000, -9.500000000000001776 ) ) ;
#2830 = CARTESIAN_POINT ( 'NONE',  ( -30.28999999999999915, -5.002961977226933143, -20.34067203111831290 ) ) ;
#2831 = AXIS2_PLACEMENT_3D ( 'NONE', #3411, #1774, #4280 ) ;
#2832 = EDGE_LOOP ( 'NONE', ( #6435, #2838, #5742, #1284 ) ) ;
#2833 = VECTOR ( 'NONE', #7136, 1000.000000000000000 ) ;
#2834 = DIRECTION ( 'NONE',  ( -1.000000000000000000, -0.000000000000000000, -0.000000000000000000 ) ) ;
#2835 = CARTESIAN_POINT ( 'NONE',  ( -1.056292017550234351E-15, 0.5000000000000004441, -10.25000000000000355 ) ) ;
#2836 = LINE ( 'NONE', #6168, #9343 ) ;
#2837 = LINE ( 'NONE', #5405, #10367 ) ;
#2838 = ORIENTED_EDGE ( 'NONE', *, *, #2518, .T. ) ;
#2839 = AXIS2_PLACEMENT_3D ( 'NONE', #7446, #6786, #954 ) ;
#2840 = ORIENTED_EDGE ( 'NONE', *, *, #8187, .T. ) ;
#2841 = VECTOR ( 'NONE', #1398, 1000.000000000000000 ) ;
#2842 = VECTOR ( 'NONE', #4420, 1000.000000000000000 ) ;
#2843 = ORIENTED_EDGE ( 'NONE', *, *, #6003, .F. ) ;
#2844 = EDGE_CURVE ( 'NONE', #9420, #5830, #8209, .T. ) ;
#2845 = CARTESIAN_POINT ( 'NONE',  ( -52.74999999999998579, 8.400000000000000355, 2.925000000000002931 ) ) ;
#2846 = VECTOR ( 'NONE', #267, 1000.000000000000000 ) ;
#2848 = CARTESIAN_POINT ( 'NONE',  ( -30.28999999999999204, 2.880632540181846224, -9.849474758578161016 ) ) ;
#2847 = CARTESIAN_POINT ( 'NONE',  ( -30.31274625017406521, 6.159697244918440617, -9.601789551324284133 ) ) ;
#2849 = ORIENTED_EDGE ( 'NONE', *, *, #3443, .F. ) ;
#2850 = VECTOR ( 'NONE', #3496, 1000.000000000000000 ) ;
#2851 = VERTEX_POINT ( 'NONE', #2576 ) ;
#2852 = DIRECTION ( 'NONE',  ( 1.000000000000000000, 0.000000000000000000, -1.030528797609984342E-16 ) ) ;
#2853 = CARTESIAN_POINT ( 'NONE',  ( -31.60047529527845001, 3.276389878762281160, 2.765000000000000124 ) ) ;
#2854 = CARTESIAN_POINT ( 'NONE',  ( -51.89850307846914035, 8.922317727665381781, -4.120210123730148055 ) ) ;
#2855 = ORIENTED_EDGE ( 'NONE', *, *, #1728, .T. ) ;
#2856 = AXIS2_PLACEMENT_3D ( 'NONE', #5391, #9665, #8723 ) ;
#2857 = ORIENTED_EDGE ( 'NONE', *, *, #2243, .T. ) ;
#2858 = VERTEX_POINT ( 'NONE', #2464 ) ;
#2859 = AXIS2_PLACEMENT_3D ( 'NONE', #468, #9650, #4668 ) ;
#2860 = VECTOR ( 'NONE', #2067, 1000.000000000000000 ) ;
#2861 = ADVANCED_FACE ( 'NONE', ( #9139 ), #1653, .T. ) ;
#2862 = AXIS2_PLACEMENT_3D ( 'NONE', #2591, #9161, #1777 ) ;
#2863 = CYLINDRICAL_SURFACE ( 'NONE', #5756, 0.8499999999999983125 ) ;
#2864 = CARTESIAN_POINT ( 'NONE',  ( 29.91281813779381693, 0.02221052063481766814, -7.655038092765994229 ) ) ;
#2865 = LINE ( 'NONE', #2050, #4842 ) ;
#2866 = DIRECTION ( 'NONE',  ( 0.000000000000000000, 0.000000000000000000, 1.000000000000000000 ) ) ;
#2867 = PLANE ( 'NONE',  #7009 ) ;
#2868 = CARTESIAN_POINT ( 'NONE',  ( 38.76960222758093977, 0.000000000000000000, -6.604841829914342988 ) ) ;
#2869 = AXIS2_PLACEMENT_3D ( 'NONE', #9616, #5611, #3049 ) ;
#2870 = ORIENTED_EDGE ( 'NONE', *, *, #7652, .F. ) ;
#2871 = DIRECTION ( 'NONE',  ( -1.000000000000000000, 0.000000000000000000, 0.000000000000000000 ) ) ;
#2872 = DIRECTION ( 'NONE',  ( 0.000000000000000000, 0.000000000000000000, -1.000000000000000000 ) ) ;
#2873 = CIRCLE ( 'NONE', #8883, 0.7999999999999992673 ) ;
#2874 = EDGE_LOOP ( 'NONE', ( #943, #8731, #52, #5778, #10168, #2143 ) ) ;
#2875 = VECTOR ( 'NONE', #3338, 1000.000000000000000 ) ;
#2876 = CARTESIAN_POINT ( 'NONE',  ( 1.050000000000021361, 13.30000000000000071, -13.35000000000015774 ) ) ;
#2877 = LINE ( 'NONE', #2010, #10554 ) ;
#2879 = ADVANCED_FACE ( 'NONE', ( #7754 ), #9355, .T. ) ;
#2878 = CARTESIAN_POINT ( 'NONE',  ( -51.75525866347232551, 7.632980932815971009, -4.070506270392259651 ) ) ;
#2880 = EDGE_CURVE ( 'NONE', #6184, #4704, #8572, .T. ) ;
#2881 = CARTESIAN_POINT ( 'NONE',  ( -31.51661123066064363, 3.000000000000000000, -20.34067203111831290 ) ) ;
#2882 = CYLINDRICAL_SURFACE ( 'NONE', #9644, 0.2000000000000000944 ) ;
#2883 = CARTESIAN_POINT ( 'NONE',  ( 40.80000000000001137, -29.13279938488576448, 8.349999999999997868 ) ) ;
#2884 = VECTOR ( 'NONE', #6224, 1000.000000000000114 ) ;
#2885 = ADVANCED_FACE ( 'NONE', ( #5139, #5298 ), #2730, .T. ) ;
#2886 = VERTEX_POINT ( 'NONE', #8476 ) ;
#2887 = PLANE ( 'NONE',  #4588 ) ;
#2888 = EDGE_CURVE ( 'NONE', #6238, #3064, #988, .T. ) ;
#2889 = VECTOR ( 'NONE', #6498, 999.9999999999998863 ) ;
#2890 = CARTESIAN_POINT ( 'NONE',  ( 1.050000000000021361, 15.10000000000000142, -13.54999999999999893 ) ) ;
#2891 = EDGE_LOOP ( 'NONE', ( #1333, #704, #4320, #6259 ) ) ;
#2892 = AXIS2_PLACEMENT_3D ( 'NONE', #4751, #10463, #3818 ) ;
#2893 = CARTESIAN_POINT ( 'NONE',  ( -51.76634909492502601, 7.277008925970906539, 3.782849669574291696 ) ) ;
#2894 = DIRECTION ( 'NONE',  ( -1.000000000000000000, 0.000000000000000000, 0.000000000000000000 ) ) ;
#2895 = DIRECTION ( 'NONE',  ( 1.000000000000000000, 0.000000000000000000, 0.000000000000000000 ) ) ;
#2896 = CARTESIAN_POINT ( 'NONE',  ( 20.21000000000001151, 0.5000000000000004441, 10.25000000000000000 ) ) ;
#2897 = ORIENTED_EDGE ( 'NONE', *, *, #4830, .F. ) ;
#2898 = AXIS2_PLACEMENT_3D ( 'NONE', #6872, #10126, #2571 ) ;
#2899 = ORIENTED_EDGE ( 'NONE', *, *, #6424, .F. ) ;
#2900 = ORIENTED_EDGE ( 'NONE', *, *, #7838, .F. ) ;
#2901 = LINE ( 'NONE', #6447, #10765 ) ;
#2903 = CARTESIAN_POINT ( 'NONE',  ( 2.459170479469696691, 13.30000000000000071, -14.75000000000000000 ) ) ;
#2902 = CARTESIAN_POINT ( 'NONE',  ( -35.06554871542299878, 0.2000000000000000944, -8.850000000000058265 ) ) ;
#2904 = ORIENTED_EDGE ( 'NONE', *, *, #241, .T. ) ;
#2905 = ORIENTED_EDGE ( 'NONE', *, *, #3227, .F. ) ;
#2906 = ORIENTED_EDGE ( 'NONE', *, *, #1691, .F. ) ;
#2907 = AXIS2_PLACEMENT_3D ( 'NONE', #975, #9232, #1742 ) ;
#2908 = ORIENTED_EDGE ( 'NONE', *, *, #7950, .F. ) ;
#2909 = CARTESIAN_POINT ( 'NONE',  ( -31.47472780755320443, 0.2000000000000000111, -3.615000000000000213 ) ) ;
#2910 = LINE ( 'NONE', #4436, #8703 ) ;
#2911 = DIRECTION ( 'NONE',  ( 8.673617379884087537E-15, -0.000000000000000000, -1.000000000000000000 ) ) ;
#2912 = DIRECTION ( 'NONE',  ( -0.000000000000000000, 0.000000000000000000, 1.000000000000000000 ) ) ;
#2913 = EDGE_CURVE ( 'NONE', #387, #248, #279, .T. ) ;
#2914 = ORIENTED_EDGE ( 'NONE', *, *, #2490, .T. ) ;
#2915 = VERTEX_POINT ( 'NONE', #2624 ) ;
#2916 = ORIENTED_EDGE ( 'NONE', *, *, #8877, .F. ) ;
#2918 = AXIS2_PLACEMENT_3D ( 'NONE', #58, #6815, #982 ) ;
#2917 = CARTESIAN_POINT ( 'NONE',  ( 42.80000000000001137, 1.000000000000000000, -7.250000000000000000 ) ) ;
#2920 = FACE_OUTER_BOUND ( 'NONE', #1006, .T. ) ;
#2919 = DIRECTION ( 'NONE',  ( 0.000000000000000000, -0.000000000000000000, 1.000000000000000000 ) ) ;
#2921 = CARTESIAN_POINT ( 'NONE',  ( -30.28999999999999204, 6.296018041280833089, 5.126319423154875000E-15 ) ) ;
#2922 = DIRECTION ( 'NONE',  ( 1.000000000000000000, -0.000000000000000000, -0.000000000000000000 ) ) ;
#2923 = DIRECTION ( 'NONE',  ( 0.000000000000000000, 1.000000000000000000, -0.000000000000000000 ) ) ;
#2924 = CARTESIAN_POINT ( 'NONE',  ( 1.050000000000021361, 15.10000000000000142, 13.35000000000015774 ) ) ;
#2925 = ORIENTED_EDGE ( 'NONE', *, *, #9499, .T. ) ;
#2926 = CARTESIAN_POINT ( 'NONE',  ( 30.50000000000001066, 0.000000000000000000, -2.350000000000004974 ) ) ;
#2927 = CARTESIAN_POINT ( 'NONE',  ( -34.32300333360995381, 0.1748349968067964832, -2.764999999999999680 ) ) ;
#2928 = EDGE_CURVE ( 'NONE', #8138, #4658, #1148, .T. ) ;
#2929 = EDGE_CURVE ( 'NONE', #8138, #1169, #4664, .T. ) ;
#2930 = ORIENTED_EDGE ( 'NONE', *, *, #6955, .T. ) ;
#2931 = VERTEX_POINT ( 'NONE', #6984 ) ;
#2932 = CARTESIAN_POINT ( 'NONE',  ( -30.28999999999999915, -5.002961977226933143, -8.850000000000052935 ) ) ;
#2933 = DIRECTION ( 'NONE',  ( 0.000000000000000000, 1.000000000000000000, 0.000000000000000000 ) ) ;
#2934 = FACE_BOUND ( 'NONE', #8934, .T. ) ;
#2935 = CARTESIAN_POINT ( 'NONE',  ( 26.15635347795578625, 0.5000000000000000000, -5.723830892551225347 ) ) ;
#2936 = LINE ( 'NONE', #7137, #6314 ) ;
#2937 = CARTESIAN_POINT ( 'NONE',  ( -34.34233853611036835, 0.1265113557324328841, -8.863990808926832443 ) ) ;
#2938 = AXIS2_PLACEMENT_3D ( 'NONE', #2817, #1018, #4344 ) ;
#2939 = EDGE_CURVE ( 'NONE', #4807, #2468, #10705, .T. ) ;
#2940 = EDGE_CURVE ( 'NONE', #6657, #4380, #10178, .T. ) ;
#2941 = ORIENTED_EDGE ( 'NONE', *, *, #326, .F. ) ;
#2942 = DIRECTION ( 'NONE',  ( 0.000000000000000000, 0.000000000000000000, -1.000000000000000000 ) ) ;
#2943 = VECTOR ( 'NONE', #2232, 1000.000000000000000 ) ;
#2944 = CARTESIAN_POINT ( 'NONE',  ( -51.55633014137970349, 8.521079087843590472, -4.349999999999789146 ) ) ;
#2945 = ORIENTED_EDGE ( 'NONE', *, *, #3258, .T. ) ;
#2946 = DIRECTION ( 'NONE',  ( -1.000000000000000000, -0.000000000000000000, -0.000000000000000000 ) ) ;
#2947 = CARTESIAN_POINT ( 'NONE',  ( 30.50000000000001066, 0.2999999999999999889, -2.350000000000004974 ) ) ;
#2948 = DIRECTION ( 'NONE',  ( 0.000000000000000000, -0.000000000000000000, 1.000000000000000000 ) ) ;
#2949 = DIRECTION ( 'NONE',  ( 1.000000000000000000, 0.000000000000000000, -0.000000000000000000 ) ) ;
#2950 = ORIENTED_EDGE ( 'NONE', *, *, #10146, .T. ) ;
#2951 = EDGE_CURVE ( 'NONE', #4186, #7053, #5648, .T. ) ;
#2952 = ORIENTED_EDGE ( 'NONE', *, *, #3022, .T. ) ;
#2953 = ORIENTED_EDGE ( 'NONE', *, *, #7843, .F. ) ;
#2955 = FACE_OUTER_BOUND ( 'NONE', #1252, .T. ) ;
#2954 = DIRECTION ( 'NONE',  ( 0.000000000000000000, 1.000000000000000000, 0.000000000000000000 ) ) ;
#2956 = CARTESIAN_POINT ( 'NONE',  ( 21.90000000000000924, 5.400000000000000355, -8.849999999999997868 ) ) ;
#2957 = EDGE_LOOP ( 'NONE', ( #3115, #3543, #7751, #38 ) ) ;
#2958 = VERTEX_POINT ( 'NONE', #1912 ) ;
#2959 = ORIENTED_EDGE ( 'NONE', *, *, #8299, .T. ) ;
#2960 = EDGE_CURVE ( 'NONE', #10649, #752, #9456, .T. ) ;
#2961 = CARTESIAN_POINT ( 'NONE',  ( -30.58203748537937372, 5.996123729295900873, -20.34067203111831290 ) ) ;
#2962 = LINE ( 'NONE', #10250, #3290 ) ;
#2963 = CARTESIAN_POINT ( 'NONE',  ( -51.66703005195212484, 7.911525636831787445, -4.290295324905454066 ) ) ;
#2964 = CARTESIAN_POINT ( 'NONE',  ( -51.75476218285783148, 8.512151297923225002, -4.275054182253502866 ) ) ;
#2965 = CIRCLE ( 'NONE', #6973, 11.00296197722692959 ) ;
#2966 = ORIENTED_EDGE ( 'NONE', *, *, #8758, .T. ) ;
#2967 = EDGE_CURVE ( 'NONE', #538, #7375, #6854, .T. ) ;
#2968 = ORIENTED_EDGE ( 'NONE', *, *, #4339, .T. ) ;
#2969 = ORIENTED_EDGE ( 'NONE', *, *, #6695, .T. ) ;
#2970 = DIRECTION ( 'NONE',  ( 0.000000000000000000, 0.000000000000000000, 1.000000000000000000 ) ) ;
#2972 = CARTESIAN_POINT ( 'NONE',  ( 47.04999999999999716, 3.000000000000000000, 9.500000000000000000 ) ) ;
#2971 = CARTESIAN_POINT ( 'NONE',  ( -44.74999999999998579, 17.60000000000000142, 6.749999999999999112 ) ) ;
#2973 = CIRCLE ( 'NONE', #1927, 5.499999999999985789 ) ;
#2974 = CARTESIAN_POINT ( 'NONE',  ( -47.04999999999999716, 8.000000000000000000, 10.35000000000000675 ) ) ;
#2975 = EDGE_CURVE ( 'NONE', #8930, #5209, #6093, .T. ) ;
#2976 = PLANE ( 'NONE',  #8600 ) ;
#2977 = FACE_OUTER_BOUND ( 'NONE', #6825, .T. ) ;
#2978 = LINE ( 'NONE', #6307, #1979 ) ;
#2979 = ORIENTED_EDGE ( 'NONE', *, *, #632, .T. ) ;
#2980 = CARTESIAN_POINT ( 'NONE',  ( -34.31252571724582623, 0.2000000000000003164, 3.615000000000000213 ) ) ;
#2981 = CARTESIAN_POINT ( 'NONE',  ( 29.98292408117192664, -4.002230675776567870E-17, 6.868693016353994096 ) ) ;
#2982 = ORIENTED_EDGE ( 'NONE', *, *, #8304, .F. ) ;
#2983 = AXIS2_PLACEMENT_3D ( 'NONE', #9069, #1590, #7522 ) ;
#2984 = DIRECTION ( 'NONE',  ( -0.000000000000000000, -1.000000000000000000, 0.000000000000000000 ) ) ;
#2985 = CARTESIAN_POINT ( 'NONE',  ( 44.85000000000002984, 8.000000000000000000, 2.400000000000000799 ) ) ;
#2986 = EDGE_CURVE ( 'NONE', #2634, #8534, #3896, .T. ) ;
#2987 = DIRECTION ( 'NONE',  ( 1.000000000000000000, 0.000000000000000000, 0.000000000000000000 ) ) ;
#2988 = ADVANCED_FACE ( 'NONE', ( #10487 ), #8768, .T. ) ;
#2989 = CARTESIAN_POINT ( 'NONE',  ( 49.80000000000001137, 16.60000000000000142, -9.500000000000001776 ) ) ;
#2990 = DIRECTION ( 'NONE',  ( -0.000000000000000000, -0.000000000000000000, 1.000000000000000000 ) ) ;
#2991 =( BOUNDED_CURVE ( )  B_SPLINE_CURVE ( 3, ( #8082, #600, #3111, #1586 ),
 .UNSPECIFIED., .F., .T. ) 
 B_SPLINE_CURVE_WITH_KNOTS ( ( 4, 4 ),
 ( 3.624580542955738505, 4.712388980384689674 ),
 .UNSPECIFIED. ) 
 CURVE ( )  GEOMETRIC_REPRESENTATION_ITEM ( )  RATIONAL_B_SPLINE_CURVE ( ( 1.000000000000000000, 0.9037965667448141227, 0.9037965667448141227, 1.000000000000000000 ) ) 
 REPRESENTATION_ITEM ( '' )  );
#2992 = ORIENTED_EDGE ( 'NONE', *, *, #871, .T. ) ;
#2993 = DIRECTION ( 'NONE',  ( 0.000000000000000000, -1.000000000000000000, -2.891205793294683257E-16 ) ) ;
#2994 = DIRECTION ( 'NONE',  ( -1.000000000000000000, -0.000000000000000000, -4.231032868236115418E-16 ) ) ;
#2995 = ORIENTED_EDGE ( 'NONE', *, *, #8341, .T. ) ;
#2996 = CARTESIAN_POINT ( 'NONE',  ( -19.54999999999997939, 15.10000000000000142, 2.299243657989597051E-15 ) ) ;
#2997 = EDGE_CURVE ( 'NONE', #5336, #8852, #5544, .T. ) ;
#2998 = CARTESIAN_POINT ( 'NONE',  ( 47.05000000000001137, 11.00000000000000178, 9.499999999999998224 ) ) ;
#2999 = FACE_BOUND ( 'NONE', #7931, .T. ) ;
#3000 = CYLINDRICAL_SURFACE ( 'NONE', #849, 0.1999999999999987899 ) ;
#3001 = ORIENTED_EDGE ( 'NONE', *, *, #3283, .T. ) ;
#3002 = ORIENTED_EDGE ( 'NONE', *, *, #753, .T. ) ;
#3003 = AXIS2_PLACEMENT_3D ( 'NONE', #9168, #8449, #8346 ) ;
#3004 = DIRECTION ( 'NONE',  ( -1.000000000000000000, -1.506492794866855939E-14, 0.000000000000000000 ) ) ;
#3006 = CARTESIAN_POINT ( 'NONE',  ( -30.28999999999999915, 2.962546153897574808, -8.908476325646663696 ) ) ;
#3005 = CARTESIAN_POINT ( 'NONE',  ( 22.33484194167172276, 0.1248391197358923593, 1.558743620592563772 ) ) ;
#3007 = ORIENTED_EDGE ( 'NONE', *, *, #903, .T. ) ;
#3008 = ORIENTED_EDGE ( 'NONE', *, *, #6525, .T. ) ;
#3009 = ORIENTED_EDGE ( 'NONE', *, *, #7027, .F. ) ;
#3010 = ADVANCED_FACE ( 'NONE', ( #414 ), #7178, .T. ) ;
#3011 = ORIENTED_EDGE ( 'NONE', *, *, #6879, .F. ) ;
#3012 = DIRECTION ( 'NONE',  ( 0.000000000000000000, 0.000000000000000000, 1.000000000000000000 ) ) ;
#3013 = DIRECTION ( 'NONE',  ( -1.000000000000000000, 0.000000000000000000, -0.000000000000000000 ) ) ;
#3014 = AXIS2_PLACEMENT_3D ( 'NONE', #8321, #831, #4156 ) ;
#3015 = VECTOR ( 'NONE', #10747, 1000.000000000000000 ) ;
#3016 = CARTESIAN_POINT ( 'NONE',  ( 8.867579849446689977, 0.2999999999999999889, -15.35909883941566711 ) ) ;
#3017 = CARTESIAN_POINT ( 'NONE',  ( -51.81625702410740786, 9.211782051960298645, -3.963648087263758946 ) ) ;
#3018 = VERTEX_POINT ( 'NONE', #6418 ) ;
#3019 = ORIENTED_EDGE ( 'NONE', *, *, #4736, .F. ) ;
#3020 = CIRCLE ( 'NONE', #6159, 0.1999999999999987899 ) ;
#3021 = B_SPLINE_CURVE_WITH_KNOTS ( 'NONE', 3,
 ( #1847, #2714, #1948, #9231, #2655, #2767, #4300, #10054 ),
 .UNSPECIFIED., .F., .F.,
 ( 4, 2, 2, 4 ),
 ( 0.000000000000000000, 0.0001382025733524832505, 0.0002764051467049665010, 0.0005528102934099326767 ),
 .UNSPECIFIED. ) ;
#3022 = EDGE_CURVE ( 'NONE', #9974, #6349, #8886, .T. ) ;
#3023 = CARTESIAN_POINT ( 'NONE',  ( 38.64768490291498892, 0.2034051652805238253, -6.202567585311993703 ) ) ;
#3025 = DIRECTION ( 'NONE',  ( 1.000000000000000000, -0.000000000000000000, 0.000000000000000000 ) ) ;
#3024 = DIRECTION ( 'NONE',  ( 0.000000000000000000, 0.000000000000000000, -1.000000000000000000 ) ) ;
#3026 = CIRCLE ( 'NONE', #6683, 0.7999999999999992673 ) ;
#3027 = VERTEX_POINT ( 'NONE', #9603 ) ;
#3028 = AXIS2_PLACEMENT_3D ( 'NONE', #5018, #8355, #162 ) ;
#3029 = CARTESIAN_POINT ( 'NONE',  ( -40.03434658500975019, 0.1071145293931473758, -8.872877755913828324 ) ) ;
#3030 = CARTESIAN_POINT ( 'NONE',  ( 25.40635347795577914, 0.5000000000000000000, -4.424792786874567341 ) ) ;
#3031 = ADVANCED_FACE ( 'NONE', ( #4554 ), #1400, .T. ) ;
#3032 = CARTESIAN_POINT ( 'NONE',  ( -1.549999999999978506, 15.10000000000000142, -13.35000000000015774 ) ) ;
#3033 = LINE ( 'NONE', #6720, #8969 ) ;
#3034 = VECTOR ( 'NONE', #1020, 1000.000000000000000 ) ;
#3035 = ORIENTED_EDGE ( 'NONE', *, *, #7893, .T. ) ;
#3036 = DIRECTION ( 'NONE',  ( -0.000000000000000000, 1.000000000000000000, -0.000000000000000000 ) ) ;
#3037 = CARTESIAN_POINT ( 'NONE',  ( 25.40635347795578625, 0.2999999999999999889, -4.424792786874562012 ) ) ;
#3038 = AXIS2_PLACEMENT_3D ( 'NONE', #4920, #8418, #2220 ) ;
#3039 = VECTOR ( 'NONE', #8564, 1000.000000000000000 ) ;
#3040 = EDGE_CURVE ( 'NONE', #8534, #4868, #3734, .T. ) ;
#3041 = ORIENTED_EDGE ( 'NONE', *, *, #4235, .T. ) ;
#3042 = LINE ( 'NONE', #531, #2072 ) ;
#3043 = DIRECTION ( 'NONE',  ( 0.000000000000000000, 0.000000000000000000, 1.000000000000000000 ) ) ;
#3044 = CARTESIAN_POINT ( 'NONE',  ( 47.05000000000001137, 11.00000000000000178, 9.499999999999998224 ) ) ;
#3045 = DIRECTION ( 'NONE',  ( 0.000000000000000000, -1.000000000000000000, 1.239088197126290817E-16 ) ) ;
#3046 = VECTOR ( 'NONE', #7180, 1000.000000000000000 ) ;
#3047 = DIRECTION ( 'NONE',  ( 0.000000000000000000, 0.000000000000000000, 1.000000000000000000 ) ) ;
#3048 = AXIS2_PLACEMENT_3D ( 'NONE', #8251, #2507, #763 ) ;
#3049 = DIRECTION ( 'NONE',  ( 0.000000000000000000, 0.000000000000000000, 1.000000000000000000 ) ) ;
#3050 = EDGE_CURVE ( 'NONE', #2752, #3206, #10593, .T. ) ;
#3051 = ORIENTED_EDGE ( 'NONE', *, *, #5265, .F. ) ;
#3052 = ORIENTED_EDGE ( 'NONE', *, *, #948, .F. ) ;
#3053 = CARTESIAN_POINT ( 'NONE',  ( -15.38066059622850368, 11.00000000000000178, 5.598102640378059824 ) ) ;
#3054 = DIRECTION ( 'NONE',  ( 0.000000000000000000, 1.000000000000000000, 0.000000000000000000 ) ) ;
#3055 = ORIENTED_EDGE ( 'NONE', *, *, #2359, .T. ) ;
#3056 = LINE ( 'NONE', #6389, #7344 ) ;
#3057 = CARTESIAN_POINT ( 'NONE',  ( 31.25000000000004263, 0.2505450496179580377, 6.618695557326041978 ) ) ;
#3058 = LINE ( 'NONE', #2128, #3923 ) ;
#3059 = LINE ( 'NONE', #9742, #5036 ) ;
#3060 = ADVANCED_FACE ( 'NONE', ( #2164 ), #2276, .T. ) ;
#3061 = EDGE_CURVE ( 'NONE', #3488, #3634, #2333, .T. ) ;
#3062 = B_SPLINE_CURVE_WITH_KNOTS ( 'NONE', 3,
 ( #8607, #364, #2927, #3792 ),
 .UNSPECIFIED., .F., .F.,
 ( 4, 4 ),
 ( 0.000000000000000000, 8.053029081880106442E-05 ),
 .UNSPECIFIED. ) ;
#3063 = VERTEX_POINT ( 'NONE', #1452 ) ;
#3064 = VERTEX_POINT ( 'NONE', #5432 ) ;
#3065 = CARTESIAN_POINT ( 'NONE',  ( 6.982420150553302562, -0.0009999999999999158867, 12.09390646055104312 ) ) ;
#3066 = CIRCLE ( 'NONE', #6727, 1.300000000000000711 ) ;
#3068 = CARTESIAN_POINT ( 'NONE',  ( 47.04999999999999716, 3.000000000000000000, 8.650000000000002132 ) ) ;
#3067 = DIRECTION ( 'NONE',  ( 1.000000000000000000, 0.000000000000000000, 0.000000000000000000 ) ) ;
#3069 = CARTESIAN_POINT ( 'NONE',  ( 44.85000000000002984, 6.000000000000000000, 0.000000000000000000 ) ) ;
#3070 = EDGE_LOOP ( 'NONE', ( #155, #5461, #1696, #7291, #1058 ) ) ;
#3071 = ORIENTED_EDGE ( 'NONE', *, *, #6291, .F. ) ;
#3072 = FACE_OUTER_BOUND ( 'NONE', #392, .T. ) ;
#3073 = DIRECTION ( 'NONE',  ( -1.000000000000000000, -0.000000000000000000, -0.000000000000000000 ) ) ;
#3074 = VECTOR ( 'NONE', #8851, 1000.000000000000114 ) ;
#3075 = CARTESIAN_POINT ( 'NONE',  ( -51.66956194878056152, 8.278038078818056533, -4.350092874894048833 ) ) ;
#3076 = CARTESIAN_POINT ( 'NONE',  ( 3.550000000000021139, 13.30000000000000071, -13.35000000000015952 ) ) ;
#3077 = CIRCLE ( 'NONE', #2719, 0.3706384263718852656 ) ;
#3078 = ORIENTED_EDGE ( 'NONE', *, *, #9405, .F. ) ;
#3079 = ORIENTED_EDGE ( 'NONE', *, *, #3642, .F. ) ;
#3080 = EDGE_CURVE ( 'NONE', #7675, #8666, #3892, .T. ) ;
#3081 = EDGE_CURVE ( 'NONE', #3226, #7813, #9492, .T. ) ;
#3082 = CARTESIAN_POINT ( 'NONE',  ( 40.80000000000001137, 5.400000000000000355, 4.549999999999997158 ) ) ;
#3083 = AXIS2_PLACEMENT_3D ( 'NONE', #8725, #6152, #7795 ) ;
#3085 = DIRECTION ( 'NONE',  ( -0.000000000000000000, -0.000000000000000000, 1.000000000000000000 ) ) ;
#3084 = LINE ( 'NONE', #7882, #4594 ) ;
#3086 = ORIENTED_EDGE ( 'NONE', *, *, #2413, .T. ) ;
#3087 = DIRECTION ( 'NONE',  ( 0.000000000000000000, 0.000000000000000000, 1.000000000000000000 ) ) ;
#3088 = DIRECTION ( 'NONE',  ( -0.000000000000000000, -1.000000000000000000, 0.000000000000000000 ) ) ;
#3089 = DIRECTION ( 'NONE',  ( 0.000000000000000000, 1.000000000000000000, -0.000000000000000000 ) ) ;
#3090 = ORIENTED_EDGE ( 'NONE', *, *, #9637, .T. ) ;
#3091 = LINE ( 'NONE', #7891, #2179 ) ;
#3092 = DIRECTION ( 'NONE',  ( 1.000000000000000000, 0.000000000000000000, 0.000000000000000000 ) ) ;
#3093 = EDGE_CURVE ( 'NONE', #5096, #5459, #1343, .T. ) ;
#3094 = ORIENTED_EDGE ( 'NONE', *, *, #1251, .T. ) ;
#3095 = AXIS2_PLACEMENT_3D ( 'NONE', #4180, #2390, #3310 ) ;
#3096 = EDGE_CURVE ( 'NONE', #4765, #4254, #3539, .T. ) ;
#3097 = VERTEX_POINT ( 'NONE', #7290 ) ;
#3098 = DIRECTION ( 'NONE',  ( -0.000000000000000000, 1.000000000000000000, -0.000000000000000000 ) ) ;
#3099 = CARTESIAN_POINT ( 'NONE',  ( -40.08977263648107225, 0.1999999999999987899, 3.615000000000000213 ) ) ;
#3100 = DIRECTION ( 'NONE',  ( -0.000000000000000000, 1.000000000000000000, -0.000000000000000000 ) ) ;
#3101 = DIRECTION ( 'NONE',  ( 0.000000000000000000, 1.000000000000000000, -0.000000000000000000 ) ) ;
#3102 = AXIS2_PLACEMENT_3D ( 'NONE', #10205, #2702, #1120 ) ;
#3103 = CARTESIAN_POINT ( 'NONE',  ( 22.50788180854700826, 0.000000000000000000, -6.444636346959995876 ) ) ;
#3104 = DIRECTION ( 'NONE',  ( 0.000000000000000000, 1.000000000000000000, 0.000000000000000000 ) ) ;
#3105 = ORIENTED_EDGE ( 'NONE', *, *, #1231, .T. ) ;
#3106 = ORIENTED_EDGE ( 'NONE', *, *, #5424, .T. ) ;
#3107 = CARTESIAN_POINT ( 'NONE',  ( -31.11939691791956974, 0.1293615736281126527, 2.765000000000000124 ) ) ;
#3108 = CYLINDRICAL_SURFACE ( 'NONE', #10771, 5.250000000000002665 ) ;
#3109 = VERTEX_POINT ( 'NONE', #2868 ) ;
#3110 = EDGE_CURVE ( 'NONE', #4904, #8333, #2978, .T. ) ;
#3111 = CARTESIAN_POINT ( 'NONE',  ( -40.13512705544041381, -1.215015152484107712E-16, -3.491341773655562086 ) ) ;
#3112 = CARTESIAN_POINT ( 'NONE',  ( -44.54999999950359779, 5.500000000000000000, 291583.7749999992666 ) ) ;
#3113 = FACE_OUTER_BOUND ( 'NONE', #460, .T. ) ;
#3114 = DIRECTION ( 'NONE',  ( -1.000000000000000000, 0.000000000000000000, 0.000000000000000000 ) ) ;
#3115 = ORIENTED_EDGE ( 'NONE', *, *, #7505, .F. ) ;
#3116 = ORIENTED_EDGE ( 'NONE', *, *, #10156, .F. ) ;
#3117 = CIRCLE ( 'NONE', #2595, 9.300000000000013145 ) ;
#3118 = CARTESIAN_POINT ( 'NONE',  ( -35.06554871542299878, 0.000000000000000000, -9.050000000000057554 ) ) ;
#3119 = VECTOR ( 'NONE', #825, 1000.000000000000000 ) ;
#3121 = LINE ( 'NONE', #3068, #5234 ) ;
#3120 = DIRECTION ( 'NONE',  ( 0.000000000000000000, 0.000000000000000000, 1.000000000000000000 ) ) ;
#3122 = CYLINDRICAL_SURFACE ( 'NONE', #10418, 11.00296197722693314 ) ;
#3123 = ORIENTED_EDGE ( 'NONE', *, *, #4735, .T. ) ;
#3124 = EDGE_LOOP ( 'NONE', ( #7872, #115, #2130, #1856 ) ) ;
#3125 = EDGE_CURVE ( 'NONE', #1916, #9784, #3033, .T. ) ;
#3126 = EDGE_CURVE ( 'NONE', #8364, #4848, #3026, .T. ) ;
#3127 = DIRECTION ( 'NONE',  ( -0.000000000000000000, -0.000000000000000000, 1.000000000000000000 ) ) ;
#3128 = CARTESIAN_POINT ( 'NONE',  ( 37.96765030147764719, 0.1248391197358917348, -7.466862494131282446 ) ) ;
#3129 = CARTESIAN_POINT ( 'NONE',  ( -51.75454750418747807, 8.521679223836382988, -4.275074528582100797 ) ) ;
#3130 = DIRECTION ( 'NONE',  ( 0.000000000000000000, 1.000000000000000000, 0.000000000000000000 ) ) ;
#3131 = ORIENTED_EDGE ( 'NONE', *, *, #2192, .F. ) ;
#3132 = ORIENTED_EDGE ( 'NONE', *, *, #10451, .T. ) ;
#3133 = DIRECTION ( 'NONE',  ( 0.000000000000000000, 1.000000000000000000, 0.000000000000000000 ) ) ;
#3135 = CARTESIAN_POINT ( 'NONE',  ( -31.28999999999999204, 3.179086282430880317, 8.349999999999997868 ) ) ;
#3134 = LINE ( 'NONE', #10529, #10200 ) ;
#3136 = ORIENTED_EDGE ( 'NONE', *, *, #7458, .T. ) ;
#3137 = CARTESIAN_POINT ( 'NONE',  ( 47.05000000000001137, 11.00000000000000178, -9.500000000000001776 ) ) ;
#3138 = DIRECTION ( 'NONE',  ( 0.000000000000000000, 0.000000000000000000, 1.000000000000000000 ) ) ;
#3139 = CARTESIAN_POINT ( 'NONE',  ( -1.056292017550234351E-15, 0.5000000000000004441, -10.25000000000000355 ) ) ;
#3140 = EDGE_CURVE ( 'NONE', #8666, #7477, #1511, .T. ) ;
#3141 = ADVANCED_FACE ( 'NONE', ( #5653 ), #4206, .F. ) ;
#3142 = EDGE_LOOP ( 'NONE', ( #3738, #8019, #6519, #6842 ) ) ;
#3143 = CARTESIAN_POINT ( 'NONE',  ( 3.040008877913527366E-13, 13.30000000000000071, 13.54999999999996874 ) ) ;
#3144 = CARTESIAN_POINT ( 'NONE',  ( 26.23856210340545303, 0.000000000000000000, 0.6299575590044218520 ) ) ;
#3145 = VERTEX_POINT ( 'NONE', #2623 ) ;
#3146 = AXIS2_PLACEMENT_3D ( 'NONE', #4114, #7441, #5594 ) ;
#3147 = DIRECTION ( 'NONE',  ( 0.000000000000000000, -1.000000000000000000, 0.000000000000000000 ) ) ;
#3148 = CARTESIAN_POINT ( 'NONE',  ( 35.59364652204421020, 0.2999999999999999889, -4.424792786874612638 ) ) ;
#3149 = LINE ( 'NONE', #8948, #1171 ) ;
#3150 = DIRECTION ( 'NONE',  ( 0.000000000000000000, 1.000000000000000000, 0.000000000000000000 ) ) ;
#3151 = CARTESIAN_POINT ( 'NONE',  ( 0.000000000000000000, 15.10000000000000142, 0.000000000000000000 ) ) ;
#3152 = EDGE_CURVE ( 'NONE', #650, #2526, #5951, .T. ) ;
#3153 = CARTESIAN_POINT ( 'NONE',  ( -44.74999999999998579, 8.000000000000000000, -6.750000000000002665 ) ) ;
#3154 = ORIENTED_EDGE ( 'NONE', *, *, #10451, .F. ) ;
#3155 = ORIENTED_EDGE ( 'NONE', *, *, #745, .T. ) ;
#3156 = LINE ( 'NONE', #6482, #8679 ) ;
#3157 = EDGE_CURVE ( 'NONE', #10613, #4020, #9046, .T. ) ;
#3158 = FACE_OUTER_BOUND ( 'NONE', #1421, .T. ) ;
#3159 = CARTESIAN_POINT ( 'NONE',  ( 40.80000000000001137, 8.000000000000000000, 8.250000000000000000 ) ) ;
#3160 = ORIENTED_EDGE ( 'NONE', *, *, #6901, .F. ) ;
#3161 = CARTESIAN_POINT ( 'NONE',  ( 8.867579849446689977, 0.000000000000000000, -15.35909883941566711 ) ) ;
#3162 = EDGE_CURVE ( 'NONE', #1067, #10114, #10074, .T. ) ;
#3163 = LINE ( 'NONE', #5732, #421 ) ;
#3164 = DIRECTION ( 'NONE',  ( 8.673617379884085959E-15, 0.000000000000000000, -1.000000000000000000 ) ) ;
#3165 = DIRECTION ( 'NONE',  ( -1.000000000000000000, 0.000000000000000000, 0.000000000000000000 ) ) ;
#3166 = PRODUCT ( '5_\X2\58f34f53\X0\', '5_\X2\58f34f53\X0\', '', ( #7479 ) ) ;
#3167 = EDGE_CURVE ( 'NONE', #2634, #8483, #5187, .T. ) ;
#3168 = ORIENTED_EDGE ( 'NONE', *, *, #5898, .F. ) ;
#3169 = LINE ( 'NONE', #6552, #2552 ) ;
#3170 = DIRECTION ( 'NONE',  ( -0.000000000000000000, 1.000000000000000000, -0.000000000000000000 ) ) ;
#3171 = LINE ( 'NONE', #10785, #7085 ) ;
#3172 = ORIENTED_EDGE ( 'NONE', *, *, #4746, .F. ) ;
#3173 = CYLINDRICAL_SURFACE ( 'NONE', #9831, 5.499999999999985789 ) ;
#3174 = CARTESIAN_POINT ( 'NONE',  ( -31.27472780755320869, 0.2000000000000000111, -2.765000000000000124 ) ) ;
#3175 = CARTESIAN_POINT ( 'NONE',  ( -49.79999999999998295, 8.400000000000000355, -4.350000000000000533 ) ) ;
#3176 = DIRECTION ( 'NONE',  ( -1.020425574104004196E-15, -0.000000000000000000, 1.000000000000000000 ) ) ;
#3177 = ORIENTED_EDGE ( 'NONE', *, *, #6322, .T. ) ;
#3178 = AXIS2_PLACEMENT_3D ( 'NONE', #5057, #98, #7624 ) ;
#3179 = VERTEX_POINT ( 'NONE', #935 ) ;
#3180 = ADVANCED_FACE ( 'NONE', ( #1810 ), #10689, .T. ) ;
#3181 = DIRECTION ( 'NONE',  ( 0.000000000000000000, -0.000000000000000000, 1.000000000000000000 ) ) ;
#3183 = DIRECTION ( 'NONE',  ( 0.000000000000000000, 0.000000000000000000, 1.000000000000000000 ) ) ;
#3182 = CARTESIAN_POINT ( 'NONE',  ( 51.50000000000001421, 11.00000000000000178, -6.000000000000000000 ) ) ;
#3184 = VERTEX_POINT ( 'NONE', #6467 ) ;
#3185 = CARTESIAN_POINT ( 'NONE',  ( 52.30000000000001847, 3.000000000000000000, 9.499999999999998224 ) ) ;
#3186 = CIRCLE ( 'NONE', #9660, 11.00296197722693314 ) ;
#3187 = AXIS2_PLACEMENT_3D ( 'NONE', #10496, #3201, #8132 ) ;
#3188 = PLANE ( 'NONE',  #4749 ) ;
#3189 = DIRECTION ( 'NONE',  ( -1.176083712526649195E-16, 0.000000000000000000, -1.000000000000000000 ) ) ;
#3190 = ORIENTED_EDGE ( 'NONE', *, *, #4049, .F. ) ;
#3191 = CARTESIAN_POINT ( 'NONE',  ( 30.50000000000001066, 0.5000000000000000000, -2.350000000000004974 ) ) ;
#3192 = FACE_OUTER_BOUND ( 'NONE', #10297, .T. ) ;
#3193 = ORIENTED_EDGE ( 'NONE', *, *, #5265, .T. ) ;
#3194 = EDGE_CURVE ( 'NONE', #7716, #9789, #5902, .T. ) ;
#3195 = AXIS2_PLACEMENT_3D ( 'NONE', #1247, #442, #10456 ) ;
#3196 = VECTOR ( 'NONE', #2162, 1000.000000000000000 ) ;
#3197 = PLANE ( 'NONE',  #5060 ) ;
#3198 = CARTESIAN_POINT ( 'NONE',  ( -51.99547663803055997, 7.130623286038170860, -3.227573038195358457 ) ) ;
#3199 = DIRECTION ( 'NONE',  ( 1.000000000000000000, 0.000000000000000000, -3.115655338357498389E-15 ) ) ;
#3200 = VECTOR ( 'NONE', #6271, 1000.000000000000114 ) ;
#3201 = DIRECTION ( 'NONE',  ( 0.000000000000000000, 1.000000000000000000, -0.000000000000000000 ) ) ;
#3202 = CARTESIAN_POINT ( 'NONE',  ( 44.85000000000002984, 6.000000000000000000, -2.400000000000000799 ) ) ;
#3203 = CIRCLE ( 'NONE', #9846, 4.341174913715429184 ) ;
#3204 = AXIS2_PLACEMENT_3D ( 'NONE', #2998, #9897, #1369 ) ;
#3205 = CARTESIAN_POINT ( 'NONE',  ( -51.53550969718121877, 7.803093234024801816, 4.257828830504348794 ) ) ;
#3206 = VERTEX_POINT ( 'NONE', #5138 ) ;
#3207 = VERTEX_POINT ( 'NONE', #9819 ) ;
#3208 = ADVANCED_BREP_SHAPE_REPRESENTATION ( '5_\X2\58f34f53\X0\', ( #1074, #3803 ), #2069 ) ;
#3209 = EDGE_CURVE ( 'NONE', #9959, #1767, #2665, .T. ) ;
#3210 = VECTOR ( 'NONE', #6796, 1000.000000000000000 ) ;
#3211 = VERTEX_POINT ( 'NONE', #6006 ) ;
#3212 = EDGE_CURVE ( 'NONE', #5209, #5688, #10379, .T. ) ;
#3213 = VECTOR ( 'NONE', #8832, 1000.000000000000000 ) ;
#3214 = CARTESIAN_POINT ( 'NONE',  ( 20.20000000000000995, 0.1999999999999987899, 8.349999999999997868 ) ) ;
#3215 = DIRECTION ( 'NONE',  ( -1.000000000000000000, 0.000000000000000000, 3.652049423109065361E-16 ) ) ;
#3216 = AXIS2_PLACEMENT_3D ( 'NONE', #5969, #901, #4224 ) ;
#3217 = FACE_OUTER_BOUND ( 'NONE', #3700, .T. ) ;
#3218 = ORIENTED_EDGE ( 'NONE', *, *, #6694, .F. ) ;
#3219 = CYLINDRICAL_SURFACE ( 'NONE', #9662, 3.750000000000003553 ) ;
#3220 = ORIENTED_EDGE ( 'NONE', *, *, #5627, .F. ) ;
#3221 = CARTESIAN_POINT ( 'NONE',  ( -44.74999999999998579, 16.60000000000000142, -6.750000000000002665 ) ) ;
#3222 = CARTESIAN_POINT ( 'NONE',  ( 23.10788180854703100, -0.0009999999999999158867, 2.783866831501368821 ) ) ;
#3223 = AXIS2_PLACEMENT_3D ( 'NONE', #3510, #5256, #5155 ) ;
#3224 = CARTESIAN_POINT ( 'NONE',  ( -34.37348617369437420, 0.04767268713831619709, -2.810138446510775267 ) ) ;
#3225 = EDGE_CURVE ( 'NONE', #4020, #3725, #7532, .T. ) ;
#3226 = VERTEX_POINT ( 'NONE', #8524 ) ;
#3227 = EDGE_CURVE ( 'NONE', #1112, #3708, #986, .T. ) ;
#3229 = DIRECTION ( 'NONE',  ( -1.000000000000000000, 0.000000000000000000, 0.000000000000000000 ) ) ;
#3228 = CARTESIAN_POINT ( 'NONE',  ( -51.99999998641308707, 9.684093796512112107, -3.231687416539713364 ) ) ;
#3230 = CIRCLE ( 'NONE', #5499, 4.341174913715429184 ) ;
#3231 = FACE_OUTER_BOUND ( 'NONE', #10773, .T. ) ;
#3232 = ORIENTED_EDGE ( 'NONE', *, *, #9550, .F. ) ;
#3233 = DIRECTION ( 'NONE',  ( -0.000000000000000000, -0.000000000000000000, 1.000000000000000000 ) ) ;
#3234 = LINE ( 'NONE', #9961, #8599 ) ;
#3235 = CARTESIAN_POINT ( 'NONE',  ( 1.050000000000021361, 15.10000000000000142, -13.35000000000015774 ) ) ;
#3236 = CARTESIAN_POINT ( 'NONE',  ( -44.74999999999998579, 15.19999999999999929, 14.75000000000000000 ) ) ;
#3237 = DIRECTION ( 'NONE',  ( -0.000000000000000000, 1.000000000000000000, -0.000000000000000000 ) ) ;
#3238 = ORIENTED_EDGE ( 'NONE', *, *, #7843, .T. ) ;
#3239 = ORIENTED_EDGE ( 'NONE', *, *, #4814, .F. ) ;
#3240 = VECTOR ( 'NONE', #9255, 1000.000000000000000 ) ;
#3241 = CARTESIAN_POINT ( 'NONE',  ( -31.44101788930268171, 2.721234519427555121, 8.349999999999997868 ) ) ;
#3243 = CARTESIAN_POINT ( 'NONE',  ( -1.549999999999978506, 13.30000000000000071, -12.35000000000015774 ) ) ;
#3242 = CARTESIAN_POINT ( 'NONE',  ( -19.54999999999997939, 11.00000000000000178, -13.55000000000000249 ) ) ;
#3244 = VERTEX_POINT ( 'NONE', #8421 ) ;
#3245 = CARTESIAN_POINT ( 'NONE',  ( -31.44101788930268171, 2.721234519427555121, -20.34067203111831290 ) ) ;
#3246 = AXIS2_PLACEMENT_3D ( 'NONE', #6927, #3755, #438 ) ;
#3247 = ADVANCED_FACE ( 'NONE', ( #4360 ), #939, .T. ) ;
#3248 = DIRECTION ( 'NONE',  ( 1.000000000000000000, 0.000000000000000000, 0.000000000000000000 ) ) ;
#3249 = AXIS2_PLACEMENT_3D ( 'NONE', #6652, #1703, #7525 ) ;
#3250 = ORIENTED_EDGE ( 'NONE', *, *, #4950, .T. ) ;
#3251 = FACE_OUTER_BOUND ( 'NONE', #6361, .T. ) ;
#3252 = CARTESIAN_POINT ( 'NONE',  ( -51.99999999999998579, 9.697719172987383729, 3.001973684210525573 ) ) ;
#3253 = ORIENTED_EDGE ( 'NONE', *, *, #3392, .F. ) ;
#3254 = LINE ( 'NONE', #1617, #163 ) ;
#3255 = CARTESIAN_POINT ( 'NONE',  ( 31.24999999999998934, 0.2505450496179572051, -11.31869555732605370 ) ) ;
#3256 = DIRECTION ( 'NONE',  ( 0.000000000000000000, 0.000000000000000000, 1.000000000000000000 ) ) ;
#3257 = PLANE ( 'NONE',  #6147 ) ;
#3258 = EDGE_CURVE ( 'NONE', #7630, #641, #6518, .T. ) ;
#3259 = LINE ( 'NONE', #9935, #7372 ) ;
#3260 = DIRECTION ( 'NONE',  ( 1.000000000000000000, -0.000000000000000000, -0.000000000000000000 ) ) ;
#3261 = ORIENTED_EDGE ( 'NONE', *, *, #7445, .F. ) ;
#3262 = ORIENTED_EDGE ( 'NONE', *, *, #5680, .F. ) ;
#3263 = CARTESIAN_POINT ( 'NONE',  ( 42.80000000000001137, 1.000000000000000000, -7.250000000000015099 ) ) ;
#3264 = ORIENTED_EDGE ( 'NONE', *, *, #9089, .T. ) ;
#3265 = DIRECTION ( 'NONE',  ( -0.000000000000000000, -1.000000000000000000, -0.000000000000000000 ) ) ;
#3266 = VECTOR ( 'NONE', #4013, 1000.000000000000114 ) ;
#3267 = DIRECTION ( 'NONE',  ( -1.000000000000000000, 0.000000000000000000, 1.692413147294445970E-16 ) ) ;
#3268 = ORIENTED_EDGE ( 'NONE', *, *, #6217, .T. ) ;
#3269 = DIRECTION ( 'NONE',  ( -0.8660254037844380415, 0.000000000000000000, 0.5000000000000011102 ) ) ;
#3270 = ORIENTED_EDGE ( 'NONE', *, *, #2535, .T. ) ;
#3271 = CARTESIAN_POINT ( 'NONE',  ( 47.05000000000001137, 8.000000000000000000, -14.75000000000000355 ) ) ;
#3273 = EDGE_CURVE ( 'NONE', #7579, #6870, #7331, .T. ) ;
#3272 = CARTESIAN_POINT ( 'NONE',  ( -30.58203748537935240, 5.996123729295902649, -3.614894311984932607 ) ) ;
#3274 = EDGE_CURVE ( 'NONE', #2185, #2736, #3759, .T. ) ;
#3275 = DIRECTION ( 'NONE',  ( -0.000000000000000000, -1.000000000000000000, 0.000000000000000000 ) ) ;
#3276 = B_SPLINE_CURVE_WITH_KNOTS ( 'NONE', 3,
 ( #4498, #2048, #5376, #7066, #2102, #5427 ),
 .UNSPECIFIED., .F., .F.,
 ( 4, 2, 4 ),
 ( 0.000000000000000000, 0.0003763378220701386586, 0.0007526756441402773171 ),
 .UNSPECIFIED. ) ;
#3277 = EDGE_LOOP ( 'NONE', ( #9283, #1271, #7500, #4536 ) ) ;
#3278 = FACE_OUTER_BOUND ( 'NONE', #9737, .T. ) ;
#3279 = CARTESIAN_POINT ( 'NONE',  ( -31.28999999999999204, 0.4584017406109455184, 8.349999999999997868 ) ) ;
#3280 = DIRECTION ( 'NONE',  ( 0.000000000000000000, 0.000000000000000000, 1.000000000000000000 ) ) ;
#3281 = ORIENTED_EDGE ( 'NONE', *, *, #4311, .F. ) ;
#3282 = CARTESIAN_POINT ( 'NONE',  ( 47.05000000000001137, 0.000000000000000000, 9.499999999999998224 ) ) ;
#3283 = EDGE_CURVE ( 'NONE', #7089, #10347, #3546, .T. ) ;
#3284 = CARTESIAN_POINT ( 'NONE',  ( 22.68039777241905597, 0.000000000000000000, -7.384264693320296224 ) ) ;
#3285 = FACE_OUTER_BOUND ( 'NONE', #1375, .T. ) ;
#3286 = ADVANCED_FACE ( 'NONE', ( #1962 ), #1199, .T. ) ;
#3287 = PLANE ( 'NONE',  #3404 ) ;
#3288 = DIRECTION ( 'NONE',  ( -1.000000000000000000, 0.000000000000000000, 1.717547996016640734E-16 ) ) ;
#3289 = ORIENTED_EDGE ( 'NONE', *, *, #2535, .F. ) ;
#3290 = VECTOR ( 'NONE', #7824, 1000.000000000000000 ) ;
#3291 = VERTEX_POINT ( 'NONE', #7095 ) ;
#3292 = AXIS2_PLACEMENT_3D ( 'NONE', #10242, #7702, #4427 ) ;
#3293 = EDGE_LOOP ( 'NONE', ( #9538, #6027, #1241, #3893 ) ) ;
#3294 = LINE ( 'NONE', #2375, #1510 ) ;
#3296 = CARTESIAN_POINT ( 'NONE',  ( 42.80000000000001137, 8.000000000000000000, -12.25000000000000178 ) ) ;
#3295 = DIRECTION ( 'NONE',  ( -9.856182124392322263E-16, 0.000000000000000000, -1.000000000000000000 ) ) ;
#3297 = ORIENTED_EDGE ( 'NONE', *, *, #9112, .T. ) ;
#3298 = EDGE_CURVE ( 'NONE', #10290, #9820, #6876, .T. ) ;
#3299 = CIRCLE ( 'NONE', #3984, 11.00296197722692959 ) ;
#3300 = DIRECTION ( 'NONE',  ( -1.000000000000000000, -0.000000000000000000, 4.476705744456300993E-16 ) ) ;
#3301 = CYLINDRICAL_SURFACE ( 'NONE', #572, 1.500000000000001332 ) ;
#3302 = EDGE_CURVE ( 'NONE', #7477, #6290, #6502, .T. ) ;
#3303 = CARTESIAN_POINT ( 'NONE',  ( -34.37348617369437420, 0.04767268713831619709, 3.569861553489225070 ) ) ;
#3304 = CARTESIAN_POINT ( 'NONE',  ( -52.75099999999998346, 11.35000000000000142, 1.700000000000000178 ) ) ;
#3305 = VERTEX_POINT ( 'NONE', #8631 ) ;
#3306 = VECTOR ( 'NONE', #4805, 1000.000000000000000 ) ;
#3307 = ADVANCED_FACE ( 'NONE', ( #5297 ), #4583, .T. ) ;
#3308 = FACE_OUTER_BOUND ( 'NONE', #4495, .T. ) ;
#3309 = DIRECTION ( 'NONE',  ( 0.000000000000000000, 1.000000000000000000, -0.000000000000000000 ) ) ;
#3310 = DIRECTION ( 'NONE',  ( -1.000000000000000000, 0.000000000000000000, 0.000000000000000000 ) ) ;
#3311 = DIRECTION ( 'NONE',  ( 0.000000000000000000, -1.000000000000000000, 0.000000000000000000 ) ) ;
#3312 = CARTESIAN_POINT ( 'NONE',  ( -51.51383377495561433, 9.334379237985102051, 4.122169272842777232 ) ) ;
#3313 = CARTESIAN_POINT ( 'NONE',  ( 30.50000000000001066, 0.5000000000000000000, -2.350000000000004974 ) ) ;
#3314 = AXIS2_PLACEMENT_3D ( 'NONE', #963, #4288, #4383 ) ;
#3315 = ORIENTED_EDGE ( 'NONE', *, *, #2986, .T. ) ;
#3316 = EDGE_CURVE ( 'NONE', #10210, #2266, #6112, .T. ) ;
#3317 = EDGE_CURVE ( 'NONE', #305, #564, #10414, .T. ) ;
#3318 = CARTESIAN_POINT ( 'NONE',  ( 2.459170479469696691, 13.30000000000000071, 14.75000000000000000 ) ) ;
#3319 = ORIENTED_EDGE ( 'NONE', *, *, #4725, .T. ) ;
#3320 = DIRECTION ( 'NONE',  ( -0.000000000000000000, -0.000000000000000000, 1.000000000000000000 ) ) ;
#3321 = DIRECTION ( 'NONE',  ( -0.000000000000000000, -0.000000000000000000, 1.000000000000000000 ) ) ;
#3322 = VERTEX_POINT ( 'NONE', #7692 ) ;
#3323 = CIRCLE ( 'NONE', #1414, 2.999999999999999112 ) ;
#3324 = FACE_OUTER_BOUND ( 'NONE', #7774, .T. ) ;
#3325 = VERTEX_POINT ( 'NONE', #7752 ) ;
#3326 = CARTESIAN_POINT ( 'NONE',  ( -51.49999999999998579, 8.400000000000000355, 2.449999999999999734 ) ) ;
#3327 = CARTESIAN_POINT ( 'NONE',  ( -51.79999999999998295, 8.400000000000000355, 2.925000000000002931 ) ) ;
#3328 = B_SPLINE_CURVE_WITH_KNOTS ( 'NONE', 3,
 ( #9206, #10084, #1719, #2584, #5912, #1819 ),
 .UNSPECIFIED., .F., .F.,
 ( 4, 2, 4 ),
 ( 0.000000000000000000, 0.0003763378220701454348, 0.0007526756441402908697 ),
 .UNSPECIFIED. ) ;
#3329 = VERTEX_POINT ( 'NONE', #10286 ) ;
#3330 = LINE ( 'NONE', #8203, #7258 ) ;
#3331 = EDGE_CURVE ( 'NONE', #2099, #9638, #1103, .T. ) ;
#3332 = CARTESIAN_POINT ( 'NONE',  ( -51.82563198490996115, 7.308115275766854602, -3.630658523920752057 ) ) ;
#3333 = DIRECTION ( 'NONE',  ( -0.000000000000000000, -1.000000000000000000, -0.000000000000000000 ) ) ;
#3334 = ORIENTED_EDGE ( 'NONE', *, *, #5574, .F. ) ;
#3335 = DIRECTION ( 'NONE',  ( 0.000000000000000000, 0.000000000000000000, -1.000000000000000000 ) ) ;
#3336 = DIRECTION ( 'NONE',  ( 0.000000000000000000, 1.000000000000000000, 0.000000000000000000 ) ) ;
#3337 = DIRECTION ( 'NONE',  ( 0.000000000000000000, 0.000000000000000000, 1.000000000000000000 ) ) ;
#3338 = DIRECTION ( 'NONE',  ( 0.000000000000000000, 0.000000000000000000, -1.000000000000000000 ) ) ;
#3339 = CARTESIAN_POINT ( 'NONE',  ( 6.232420150553322991, 0.5000000000000000000, 10.79486835487439400 ) ) ;
#3340 = ORIENTED_EDGE ( 'NONE', *, *, #2739, .F. ) ;
#3341 = ORIENTED_EDGE ( 'NONE', *, *, #5337, .F. ) ;
#3342 = ORIENTED_EDGE ( 'NONE', *, *, #8101, .T. ) ;
#3343 =( BOUNDED_CURVE ( )  B_SPLINE_CURVE ( 3, ( #10547, #10444, #4731, #10653 ),
 .UNSPECIFIED., .F., .T. ) 
 B_SPLINE_CURVE_WITH_KNOTS ( ( 4, 4 ),
 ( 3.141592653589793116, 4.712388980384690562 ),
 .UNSPECIFIED. ) 
 CURVE ( )  GEOMETRIC_REPRESENTATION_ITEM ( )  RATIONAL_B_SPLINE_CURVE ( ( 1.000000000000000000, 0.8047378541243648264, 0.8047378541243648264, 1.000000000000000000 ) ) 
 REPRESENTATION_ITEM ( '' )  );
#3344 = DIRECTION ( 'NONE',  ( -1.000000000000000000, 0.000000000000000000, -0.000000000000000000 ) ) ;
#3345 = EDGE_CURVE ( 'NONE', #2798, #9293, #2076, .T. ) ;
#3346 = EDGE_CURVE ( 'NONE', #5728, #7287, #6276, .T. ) ;
#3348 = CARTESIAN_POINT ( 'NONE',  ( -51.99999998641308707, 7.115906203487882387, 3.231687416539703595 ) ) ;
#3347 = CARTESIAN_POINT ( 'NONE',  ( 29.74999999999998579, 0.2999999999999999889, -11.31869555732605193 ) ) ;
#3349 = ORIENTED_EDGE ( 'NONE', *, *, #6, .F. ) ;
#3350 = CARTESIAN_POINT ( 'NONE',  ( -40.08977263648107225, 0.1999999999999987899, -2.765000000000000124 ) ) ;
#3351 = AXIS2_PLACEMENT_3D ( 'NONE', #7259, #9895, #6440 ) ;
#3352 = ORIENTED_EDGE ( 'NONE', *, *, #10522, .T. ) ;
#3353 = CARTESIAN_POINT ( 'NONE',  ( -51.54999999999998295, 16.60000000000000142, 0.000000000000000000 ) ) ;
#3354 = DIRECTION ( 'NONE',  ( 1.000000000000000000, 0.000000000000000000, 0.000000000000000000 ) ) ;
#3355 = ORIENTED_EDGE ( 'NONE', *, *, #4007, .T. ) ;
#3356 = EDGE_CURVE ( 'NONE', #7413, #3793, #6982, .T. ) ;
#3357 = EDGE_CURVE ( 'NONE', #1292, #1824, #7860, .T. ) ;
#3358 = LINE ( 'NONE', #642, #5587 ) ;
#3359 = VECTOR ( 'NONE', #1121, 1000.000000000000000 ) ;
#3360 = CARTESIAN_POINT ( 'NONE',  ( -35.04999999999998295, 6.500000000000000888, 0.000000000000000000 ) ) ;
#3361 = CARTESIAN_POINT ( 'NONE',  ( -15.38066059622850368, 13.30000000000000071, 5.598102640378059824 ) ) ;
#3362 = DIRECTION ( 'NONE',  ( -1.176083712526649195E-16, 0.000000000000000000, -1.000000000000000000 ) ) ;
#3363 = CARTESIAN_POINT ( 'NONE',  ( -31.51661123066064363, 3.000000000000000000, -20.34067203111831290 ) ) ;
#3364 = LINE ( 'NONE', #858, #259 ) ;
#3365 = VECTOR ( 'NONE', #1495, 1000.000000000000000 ) ;
#3366 = VECTOR ( 'NONE', #6363, 1000.000000000000114 ) ;
#3367 = VECTOR ( 'NONE', #561, 1000.000000000000000 ) ;
#3368 = VERTEX_POINT ( 'NONE', #7038 ) ;
#3369 = AXIS2_PLACEMENT_3D ( 'NONE', #7254, #7304, #2294 ) ;
#3370 = CARTESIAN_POINT ( 'NONE',  ( 51.50000000000001421, 11.35000000000000320, -3.299999999999998490 ) ) ;
#3371 = VERTEX_POINT ( 'NONE', #9455 ) ;
#3372 = CARTESIAN_POINT ( 'NONE',  ( 47.05000000000001137, 16.60000000000000142, 12.25000000000000000 ) ) ;
#3373 = CARTESIAN_POINT ( 'NONE',  ( -47.04999999999999716, 8.000000000000000000, 8.649999999999993250 ) ) ;
#3374 = VECTOR ( 'NONE', #8004, 1000.000000000000000 ) ;
#3375 = ORIENTED_EDGE ( 'NONE', *, *, #1939, .T. ) ;
#3376 = DIRECTION ( 'NONE',  ( 0.000000000000000000, 1.000000000000000000, 0.000000000000000000 ) ) ;
#3377 = VERTEX_POINT ( 'NONE', #10400 ) ;
#3378 = DIRECTION ( 'NONE',  ( 0.000000000000000000, 1.000000000000000000, -0.000000000000000000 ) ) ;
#3379 = EDGE_CURVE ( 'NONE', #6900, #6777, #590, .T. ) ;
#3380 = CARTESIAN_POINT ( 'NONE',  ( 8.267579849446709872, 0.5000000000000000000, -14.31986835487437126 ) ) ;
#3381 = CIRCLE ( 'NONE', #593, 1.000000000000000888 ) ;
#3382 = CIRCLE ( 'NONE', #6861, 5.499999999999985789 ) ;
#3383 = ORIENTED_EDGE ( 'NONE', *, *, #1598, .F. ) ;
#3384 = CIRCLE ( 'NONE', #1300, 1.500000000000001332 ) ;
#3385 = VERTEX_POINT ( 'NONE', #8737 ) ;
#3386 = DIRECTION ( 'NONE',  ( 0.000000000000000000, 1.000000000000000000, 0.000000000000000000 ) ) ;
#3387 = FACE_OUTER_BOUND ( 'NONE', #7335, .T. ) ;
#3388 = CARTESIAN_POINT ( 'NONE',  ( -51.79999999999998295, 8.400000000000000355, 2.449999999999999734 ) ) ;
#3389 = ORIENTED_EDGE ( 'NONE', *, *, #8777, .T. ) ;
#3390 = DIRECTION ( 'NONE',  ( 1.692413147294446216E-16, 0.000000000000000000, 1.000000000000000000 ) ) ;
#3391 = CARTESIAN_POINT ( 'NONE',  ( 0.000000000000000000, 0.000000000000000000, 8.549999999999998934 ) ) ;
#3392 = EDGE_CURVE ( 'NONE', #5833, #8809, #5454, .T. ) ;
#3393 = CARTESIAN_POINT ( 'NONE',  ( 23.10788180854700258, 0.2999999999999999889, -7.483866831501333472 ) ) ;
#3394 = EDGE_CURVE ( 'NONE', #454, #1905, #221, .T. ) ;
#3395 = LINE ( 'NONE', #2625, #3576 ) ;
#3396 = CIRCLE ( 'NONE', #3885, 0.2999999999999998779 ) ;
#3397 = EDGE_CURVE ( 'NONE', #7675, #998, #4869, .T. ) ;
#3398 = DIRECTION ( 'NONE',  ( 0.000000000000000000, -0.000000000000000000, -1.000000000000000000 ) ) ;
#3399 = DIRECTION ( 'NONE',  ( 0.000000000000000000, 1.000000000000000000, 0.000000000000000000 ) ) ;
#3400 = ORIENTED_EDGE ( 'NONE', *, *, #8396, .F. ) ;
#3401 = AXIS2_PLACEMENT_3D ( 'NONE', #2829, #2122, #9510 ) ;
#3402 = ORIENTED_EDGE ( 'NONE', *, *, #8234, .F. ) ;
#3403 = ORIENTED_EDGE ( 'NONE', *, *, #2709, .T. ) ;
#3404 = AXIS2_PLACEMENT_3D ( 'NONE', #9807, #2466, #9143 ) ;
#3405 = FACE_OUTER_BOUND ( 'NONE', #4424, .T. ) ;
#3407 = CARTESIAN_POINT ( 'NONE',  ( -51.91525418156713556, 7.595950132782724573, 3.968473906735677126 ) ) ;
#3406 = LINE ( 'NONE', #2530, #6160 ) ;
#3408 = EDGE_LOOP ( 'NONE', ( #3917, #3804, #3055, #8578 ) ) ;
#3409 = ORIENTED_EDGE ( 'NONE', *, *, #9424, .F. ) ;
#3410 = VERTEX_POINT ( 'NONE', #657 ) ;
#3411 = CARTESIAN_POINT ( 'NONE',  ( 30.50000000000001066, 0.5000000000000000000, -2.350000000000004974 ) ) ;
#3412 = AXIS2_PLACEMENT_3D ( 'NONE', #8869, #3452, #7596 ) ;
#3413 = EDGE_LOOP ( 'NONE', ( #7003, #7697, #9701, #1546, #4367, #8999, #10413, #911 ) ) ;
#3414 = CARTESIAN_POINT ( 'NONE',  ( -51.49999999999998579, 8.400000000000000355, -2.449999999999999734 ) ) ;
#3415 = CARTESIAN_POINT ( 'NONE',  ( 37.89211819145301519, 0.2505450496179579267, 2.783866831501330630 ) ) ;
#3416 = ORIENTED_EDGE ( 'NONE', *, *, #8625, .F. ) ;
#3417 = EDGE_CURVE ( 'NONE', #9635, #1628, #1290, .T. ) ;
#3418 = VERTEX_POINT ( 'NONE', #3811 ) ;
#3419 = EDGE_CURVE ( 'NONE', #3954, #5856, #10506, .T. ) ;
#3420 = DIRECTION ( 'NONE',  ( 0.000000000000000000, 1.000000000000000000, 0.000000000000000000 ) ) ;
#3421 = FACE_OUTER_BOUND ( 'NONE', #5949, .T. ) ;
#3422 = AXIS2_PLACEMENT_3D ( 'NONE', #3709, #6337, #7980 ) ;
#3423 = CARTESIAN_POINT ( 'NONE',  ( 4.221712983474458477E-14, 9.000000000000001776, 13.55000000000015348 ) ) ;
#3424 = CYLINDRICAL_SURFACE ( 'NONE', #5628, 0.2999999999999999334 ) ;
#3425 = ADVANCED_FACE ( 'NONE', ( #5569 ), #1423, .T. ) ;
#3426 = CARTESIAN_POINT ( 'NONE',  ( 9.519658948938198861, 5.500000000000000000, 12.25000000000000178 ) ) ;
#3427 = CARTESIAN_POINT ( 'NONE',  ( 51.50000000000001421, 11.00000000000000178, 9.499999999999998224 ) ) ;
#3428 = EDGE_CURVE ( 'NONE', #3567, #7353, #7384, .T. ) ;
#3429 = CIRCLE ( 'NONE', #4117, 0.1999999999999987899 ) ;
#3430 = VERTEX_POINT ( 'NONE', #9020 ) ;
#3431 = DIRECTION ( 'NONE',  ( -8.673617379884087537E-15, 0.000000000000000000, -1.000000000000000000 ) ) ;
#3432 = ORIENTED_EDGE ( 'NONE', *, *, #9072, .T. ) ;
#3433 = DIRECTION ( 'NONE',  ( -0.000000000000000000, -1.000000000000000000, 0.000000000000000000 ) ) ;
#3434 = CIRCLE ( 'NONE', #1161, 0.7999999999999999334 ) ;
#3435 = CARTESIAN_POINT ( 'NONE',  ( 22.35788180854700258, 0.2999999999999999889, -6.184828725824669249 ) ) ;
#3436 = ORIENTED_EDGE ( 'NONE', *, *, #9575, .F. ) ;
#3437 = CARTESIAN_POINT ( 'NONE',  ( 1.050000000000021361, 13.30000000000000071, -13.35000000000015774 ) ) ;
#3438 = VERTEX_POINT ( 'NONE', #709 ) ;
#3439 = CARTESIAN_POINT ( 'NONE',  ( -22.34999999999997655, 13.30000000000000071, -13.55000000000000249 ) ) ;
#3440 = ORIENTED_EDGE ( 'NONE', *, *, #3302, .F. ) ;
#3441 = VECTOR ( 'NONE', #8154, 1000.000000000000000 ) ;
#3442 = ORIENTED_EDGE ( 'NONE', *, *, #9812, .T. ) ;
#3443 = EDGE_CURVE ( 'NONE', #10424, #2309, #8029, .T. ) ;
#3444 = CARTESIAN_POINT ( 'NONE',  ( 0.000000000000000000, 11.00000000000000178, -13.54999999999999893 ) ) ;
#3445 = DIRECTION ( 'NONE',  ( 0.000000000000000000, 0.000000000000000000, 1.000000000000000000 ) ) ;
#3446 = CARTESIAN_POINT ( 'NONE',  ( -47.04999999999998295, 8.000000000000000000, 6.749999999999992895 ) ) ;
#3447 = ORIENTED_EDGE ( 'NONE', *, *, #3682, .T. ) ;
#3448 = CARTESIAN_POINT ( 'NONE',  ( 22.36827201635471241, 0.5000000000000000000, -10.08172798364529754 ) ) ;
#3449 = DIRECTION ( 'NONE',  ( -0.8660254037844390407, -0.000000000000000000, -0.4999999999999995004 ) ) ;
#3451 = CARTESIAN_POINT ( 'NONE',  ( 1.050000000000021361, 13.30000000000000071, 13.54999999999999893 ) ) ;
#3450 = CIRCLE ( 'NONE', #3102, 1.900000000000000577 ) ;
#3452 = DIRECTION ( 'NONE',  ( -0.000000000000000000, 1.000000000000000000, -0.000000000000000000 ) ) ;
#3453 = LINE ( 'NONE', #8425, #4267 ) ;
#3454 = ORIENTED_EDGE ( 'NONE', *, *, #9824, .T. ) ;
#3455 = ORIENTED_EDGE ( 'NONE', *, *, #7445, .T. ) ;
#3456 = EDGE_LOOP ( 'NONE', ( #9568, #1740, #7046, #667, #9301, #300, #1581 ) ) ;
#3457 = EDGE_CURVE ( 'NONE', #495, #6343, #4743, .T. ) ;
#3458 = CARTESIAN_POINT ( 'NONE',  ( 20.20000000000000995, 0.5000000000000004441, -10.25000000000000178 ) ) ;
#3459 = EDGE_CURVE ( 'NONE', #5520, #2468, #9793, .T. ) ;
#3461 = DIRECTION ( 'NONE',  ( 0.000000000000000000, 0.000000000000000000, 1.000000000000000000 ) ) ;
#3460 = CARTESIAN_POINT ( 'NONE',  ( 37.00000000000001421, 5.400000000000002132, 8.349999999999997868 ) ) ;
#3462 = VERTEX_POINT ( 'NONE', #2248 ) ;
#3463 = FACE_OUTER_BOUND ( 'NONE', #2407, .T. ) ;
#3464 = ORIENTED_EDGE ( 'NONE', *, *, #3417, .F. ) ;
#3465 = DIRECTION ( 'NONE',  ( -1.000000000000000000, 0.000000000000000000, 0.000000000000000000 ) ) ;
#3466 = CARTESIAN_POINT ( 'NONE',  ( -50.79999999999998295, 15.10000000000000142, 9.500000000000000000 ) ) ;
#3467 = ORIENTED_EDGE ( 'NONE', *, *, #2997, .T. ) ;
#3468 = EDGE_LOOP ( 'NONE', ( #7105, #4213 ) ) ;
#3469 = AXIS2_PLACEMENT_3D ( 'NONE', #10139, #5092, #6067 ) ;
#3470 = VERTEX_POINT ( 'NONE', #7357 ) ;
#3471 = CIRCLE ( 'NONE', #9058, 0.5999999999999998668 ) ;
#3472 = DIRECTION ( 'NONE',  ( -0.000000000000000000, -1.000000000000000000, 0.000000000000000000 ) ) ;
#3473 = PLANE ( 'NONE',  #947 ) ;
#3475 = EDGE_CURVE ( 'NONE', #5357, #8610, #6390, .T. ) ;
#3474 = CARTESIAN_POINT ( 'NONE',  ( -51.82563198490997536, 7.308115275766843055, 3.630658523920740954 ) ) ;
#3476 = CARTESIAN_POINT ( 'NONE',  ( -19.54999999999997939, 16.60001199999999955, 2.299243657989596657E-15 ) ) ;
#3477 = CARTESIAN_POINT ( 'NONE',  ( -51.54271462781827751, 7.919200903834041405, 4.292154627758321794 ) ) ;
#3478 = CARTESIAN_POINT ( 'NONE',  ( -30.28999999999993875, 2.839036686742116178, 8.364322528184242600 ) ) ;
#3479 = VERTEX_POINT ( 'NONE', #2404 ) ;
#3480 = CARTESIAN_POINT ( 'NONE',  ( -40.08977263648107225, 0.1999999999999987899, 3.415000000000000036 ) ) ;
#3481 = ORIENTED_EDGE ( 'NONE', *, *, #382, .F. ) ;
#3482 = DIRECTION ( 'NONE',  ( 0.000000000000000000, 0.000000000000000000, 1.000000000000000000 ) ) ;
#3483 = EDGE_CURVE ( 'NONE', #2793, #7952, #3163, .T. ) ;
#3484 = DIRECTION ( 'NONE',  ( -0.000000000000000000, 1.000000000000000000, -0.000000000000000000 ) ) ;
#3485 = PLANE ( 'NONE',  #10191 ) ;
#3486 = LINE ( 'NONE', #4968, #1814 ) ;
#3487 = ADVANCED_FACE ( 'NONE', ( #9740 ), #10615, .F. ) ;
#3488 = VERTEX_POINT ( 'NONE', #4694 ) ;
#3489 = VECTOR ( 'NONE', #4771, 1000.000000000000000 ) ;
#3490 = CARTESIAN_POINT ( 'NONE',  ( -50.77917112000550759, 16.60000000000000142, 9.894693245086291000 ) ) ;
#3491 = DIRECTION ( 'NONE',  ( 0.000000000000000000, 0.000000000000000000, -1.000000000000000000 ) ) ;
#3492 = EDGE_CURVE ( 'NONE', #6544, #9693, #1117, .T. ) ;
#3493 = FACE_OUTER_BOUND ( 'NONE', #8468, .T. ) ;
#3494 = ORIENTED_EDGE ( 'NONE', *, *, #528, .T. ) ;
#3495 = CARTESIAN_POINT ( 'NONE',  ( 49.80000000000001137, 11.00000000000000178, 6.000000000000000000 ) ) ;
#3496 = DIRECTION ( 'NONE',  ( -0.000000000000000000, 1.000000000000000000, -0.000000000000000000 ) ) ;
#3497 = DIRECTION ( 'NONE',  ( 1.000000000000000000, 0.000000000000000000, 0.000000000000000000 ) ) ;
#3498 = CARTESIAN_POINT ( 'NONE',  ( -30.28999999999999204, 3.000000000000000000, -9.848062343657984385 ) ) ;
#3499 = DIRECTION ( 'NONE',  ( -1.717547996016640734E-16, 0.000000000000000000, -1.000000000000000000 ) ) ;
#3500 = EDGE_CURVE ( 'NONE', #9816, #4076, #7205, .T. ) ;
#3501 = ORIENTED_EDGE ( 'NONE', *, *, #2090, .F. ) ;
#3502 = ORIENTED_EDGE ( 'NONE', *, *, #1368, .T. ) ;
#3503 = VERTEX_POINT ( 'NONE', #8854 ) ;
#3504 = CARTESIAN_POINT ( 'NONE',  ( 31.24999999999998934, 0.2531612188914911243, -7.798623679425843669 ) ) ;
#3506 = CARTESIAN_POINT ( 'NONE',  ( -51.99999999999998579, 7.102280827012614317, 3.001973684210525573 ) ) ;
#3505 = CARTESIAN_POINT ( 'NONE',  ( 21.90000000000000924, 5.400000000000000355, -8.849999999999997868 ) ) ;
#3507 = ORIENTED_EDGE ( 'NONE', *, *, #8613, .F. ) ;
#3508 = CARTESIAN_POINT ( 'NONE',  ( -51.90969694218100727, 7.689433048167221507, -4.018813364945275524 ) ) ;
#3509 = ORIENTED_EDGE ( 'NONE', *, *, #6986, .F. ) ;
#3510 = CARTESIAN_POINT ( 'NONE',  ( -49.79999999999998295, 8.400000000000000355, -2.449999999999999734 ) ) ;
#3511 = LINE ( 'NONE', #8439, #5997 ) ;
#3512 = EDGE_CURVE ( 'NONE', #4621, #9420, #4804, .T. ) ;
#3513 = ORIENTED_EDGE ( 'NONE', *, *, #6036, .T. ) ;
#3514 = ORIENTED_EDGE ( 'NONE', *, *, #1029, .F. ) ;
#3515 = ORIENTED_EDGE ( 'NONE', *, *, #10779, .T. ) ;
#3516 = CYLINDRICAL_SURFACE ( 'NONE', #3314, 6.166261152084816288 ) ;
#3517 = CARTESIAN_POINT ( 'NONE',  ( 29.76127424213632366, 0.2077789836488291575, 3.088811295319350059 ) ) ;
#3518 = CYLINDRICAL_SURFACE ( 'NONE', #8334, 0.2888330770816384119 ) ;
#3519 = CARTESIAN_POINT ( 'NONE',  ( -30.28999999999999204, 6.296018041280833089, 9.349999999999997868 ) ) ;
#3520 = TOROIDAL_SURFACE ( 'NONE', #8239, 1.600000000000000755, 0.2999999999999999889 ) ;
#3521 = CARTESIAN_POINT ( 'NONE',  ( -51.51382476168631541, 7.465572289973189335, 4.121853269765115790 ) ) ;
#3522 = ORIENTED_EDGE ( 'NONE', *, *, #7963, .T. ) ;
#3523 = DIRECTION ( 'NONE',  ( -1.000000000000000000, -0.000000000000000000, -0.000000000000000000 ) ) ;
#3524 = EDGE_CURVE ( 'NONE', #1824, #7600, #2299, .T. ) ;
#3525 = AXIS2_PLACEMENT_3D ( 'NONE', #7784, #2106, #9385 ) ;
#3526 = ORIENTED_EDGE ( 'NONE', *, *, #2815, .F. ) ;
#3527 = VECTOR ( 'NONE', #10654, 1000.000000000000000 ) ;
#3528 = PLANE ( 'NONE',  #2762 ) ;
#3529 = EDGE_LOOP ( 'NONE', ( #6246, #3678, #2569, #10361 ) ) ;
#3530 = CARTESIAN_POINT ( 'NONE',  ( 34.80070682527640713, 0.02221052063481653710, -5.511033455695028671 ) ) ;
#3531 = LINE ( 'NONE', #5343, #8669 ) ;
#3532 = CARTESIAN_POINT ( 'NONE',  ( -30.28999999999999559, 0.5000000000000004441, -10.25000000000000000 ) ) ;
#3533 = AXIS2_PLACEMENT_3D ( 'NONE', #2690, #10416, #6242 ) ;
#3534 = CIRCLE ( 'NONE', #10007, 2.750000000000001776 ) ;
#3535 = DIRECTION ( 'NONE',  ( 0.000000000000000000, 1.000000000000000000, -0.000000000000000000 ) ) ;
#3536 = EDGE_CURVE ( 'NONE', #8847, #6711, #6810, .T. ) ;
#3537 = VERTEX_POINT ( 'NONE', #10118 ) ;
#3538 = EDGE_CURVE ( 'NONE', #10621, #630, #1640, .T. ) ;
#3539 = CIRCLE ( 'NONE', #7371, 0.2999999999999999334 ) ;
#3540 = CIRCLE ( 'NONE', #9670, 9.300000000000013145 ) ;
#3541 = CARTESIAN_POINT ( 'NONE',  ( 53.40232526704264870, 1.000000000000000000, -7.250000000000000000 ) ) ;
#3542 = DIRECTION ( 'NONE',  ( 0.000000000000000000, 0.000000000000000000, -1.000000000000000000 ) ) ;
#3543 = ORIENTED_EDGE ( 'NONE', *, *, #2738, .T. ) ;
#3544 = CARTESIAN_POINT ( 'NONE',  ( 52.30100000000003746, 8.400000000000000355, -2.925000000000042899 ) ) ;
#3545 = VECTOR ( 'NONE', #368, 1000.000000000000000 ) ;
#3546 = LINE ( 'NONE', #9404, #8783 ) ;
#3547 = DIRECTION ( 'NONE',  ( 1.000000000000000000, 0.000000000000000000, 0.000000000000000000 ) ) ;
#3548 = PLANE ( 'NONE',  #8471 ) ;
#3549 = AXIS2_PLACEMENT_3D ( 'NONE', #5950, #6771, #4262 ) ;
#3550 = VECTOR ( 'NONE', #6157, 1000.000000000000000 ) ;
#3551 = DIRECTION ( 'NONE',  ( 0.000000000000000000, 0.000000000000000000, 1.000000000000000000 ) ) ;
#3552 = EDGE_CURVE ( 'NONE', #10058, #2266, #2506, .T. ) ;
#3553 = EDGE_LOOP ( 'NONE', ( #8585, #5983, #4371, #10021 ) ) ;
#3554 = ORIENTED_EDGE ( 'NONE', *, *, #4922, .T. ) ;
#3555 = DIRECTION ( 'NONE',  ( 0.000000000000000000, -0.9982455176826028342, -0.05921052631578645892 ) ) ;
#3556 = VECTOR ( 'NONE', #2049, 1000.000000000000000 ) ;
#3557 = CARTESIAN_POINT ( 'NONE',  ( -51.78893568960522487, 7.054008657985645137, 3.499028688288321920 ) ) ;
#3558 = VECTOR ( 'NONE', #10762, 1000.000000000000000 ) ;
#3559 = VERTEX_POINT ( 'NONE', #9285 ) ;
#3560 = ORIENTED_EDGE ( 'NONE', *, *, #4018, .T. ) ;
#3561 = VECTOR ( 'NONE', #8719, 999.9999999999998863 ) ;
#3562 = ORIENTED_EDGE ( 'NONE', *, *, #5216, .T. ) ;
#3563 = DIRECTION ( 'NONE',  ( 0.000000000000000000, 1.000000000000000000, 0.000000000000000000 ) ) ;
#3564 = CARTESIAN_POINT ( 'NONE',  ( -51.90967909479733322, 9.110328841451270421, 4.018973549586678295 ) ) ;
#3565 = LINE ( 'NONE', #4328, #2697 ) ;
#3566 = PLANE ( 'NONE',  #8106 ) ;
#3567 = VERTEX_POINT ( 'NONE', #10776 ) ;
#3568 = VERTEX_POINT ( 'NONE', #8358 ) ;
#3569 = VECTOR ( 'NONE', #2590, 1000.000000000000000 ) ;
#3570 = ORIENTED_EDGE ( 'NONE', *, *, #10038, .T. ) ;
#3571 = DIRECTION ( 'NONE',  ( 0.000000000000000000, 1.000000000000000000, -0.000000000000000000 ) ) ;
#3572 = DIRECTION ( 'NONE',  ( 1.000000000000000000, 0.000000000000000000, -1.176083712526649195E-16 ) ) ;
#3573 = EDGE_CURVE ( 'NONE', #3322, #9796, #5941, .T. ) ;
#3574 = LINE ( 'NONE', #2756, #4132 ) ;
#3575 = LINE ( 'NONE', #9384, #5798 ) ;
#3576 = VECTOR ( 'NONE', #5954, 1000.000000000000000 ) ;
#3577 = CARTESIAN_POINT ( 'NONE',  ( 25.61211131251743112, 0.02221052063481675221, -0.2059953629290004751 ) ) ;
#3578 = VERTEX_POINT ( 'NONE', #5125 ) ;
#3579 = CARTESIAN_POINT ( 'NONE',  ( -30.28999999999999204, 3.119414212455147162, 9.349475603506775201 ) ) ;
#3580 = PLANE ( 'NONE',  #10819 ) ;
#3581 = VERTEX_POINT ( 'NONE', #4304 ) ;
#3582 = CIRCLE ( 'NONE', #2381, 0.1999999999999996503 ) ;
#3583 = FACE_OUTER_BOUND ( 'NONE', #2347, .T. ) ;
#3584 = EDGE_LOOP ( 'NONE', ( #8006, #5324, #3854, #4169 ) ) ;
#3585 = CARTESIAN_POINT ( 'NONE',  ( -8.508845726811326671, 13.30000000000000071, 13.55000000000015881 ) ) ;
#3586 = ADVANCED_FACE ( 'NONE', ( #762 ), #2661, .F. ) ;
#3587 = EDGE_CURVE ( 'NONE', #616, #8495, #3486, .T. ) ;
#3588 = DIRECTION ( 'NONE',  ( 0.000000000000000000, 0.000000000000000000, 1.000000000000000000 ) ) ;
#3589 = CARTESIAN_POINT ( 'NONE',  ( -31.51661123066064363, 3.000000000000000000, -20.34067203111831290 ) ) ;
#3590 = CIRCLE ( 'NONE', #9539, 5.249999999999999112 ) ;
#3591 = CARTESIAN_POINT ( 'NONE',  ( -35.18270600294837891, 1.028366075111244352E-16, 8.432842712474617031 ) ) ;
#3592 = TOROIDAL_SURFACE ( 'NONE', #9361, 1.500000000000000888, 0.2000000000000000111 ) ;
#3593 = VERTEX_POINT ( 'NONE', #8463 ) ;
#3594 = CARTESIAN_POINT ( 'NONE',  ( -19.54999999999997939, 16.60001199999999955, 12.24999999999999822 ) ) ;
#3595 = CARTESIAN_POINT ( 'NONE',  ( -51.79999999999998295, 10.30000000000000071, 2.449999999999999289 ) ) ;
#3596 = ORIENTED_EDGE ( 'NONE', *, *, #1368, .F. ) ;
#3597 = LINE ( 'NONE', #9869, #7904 ) ;
#3598 = EDGE_CURVE ( 'NONE', #2469, #7463, #5781, .T. ) ;
#3599 = EDGE_CURVE ( 'NONE', #2468, #7385, #5993, .T. ) ;
#3600 = DIRECTION ( 'NONE',  ( 0.000000000000000000, 1.000000000000000000, -0.000000000000000000 ) ) ;
#3601 = DIRECTION ( 'NONE',  ( -0.000000000000000000, 1.000000000000000000, -0.000000000000000000 ) ) ;
#3602 = DIRECTION ( 'NONE',  ( 0.000000000000000000, 0.000000000000000000, -1.000000000000000000 ) ) ;
#3603 = CYLINDRICAL_SURFACE ( 'NONE', #8961, 0.1999999999999987899 ) ;
#3604 = ORIENTED_EDGE ( 'NONE', *, *, #6849, .F. ) ;
#3605 = ORIENTED_EDGE ( 'NONE', *, *, #9900, .F. ) ;
#3606 = CARTESIAN_POINT ( 'NONE',  ( -30.28999999999999204, 6.000000000000000000, -3.315000000000000391 ) ) ;
#3608 = CARTESIAN_POINT ( 'NONE',  ( 9.030766330820459206E-15, 5.400000000000000355, -8.850000000000020961 ) ) ;
#3607 = PLANE ( 'NONE',  #9770 ) ;
#3609 = EDGE_LOOP ( 'NONE', ( #8645, #519, #7183, #551 ) ) ;
#3610 = VERTEX_POINT ( 'NONE', #1588 ) ;
#3611 = VECTOR ( 'NONE', #7408, 1000.000000000000000 ) ;
#3612 = EDGE_CURVE ( 'NONE', #4966, #228, #4783, .T. ) ;
#3613 = EDGE_LOOP ( 'NONE', ( #6142, #4439, #10307, #8064, #2734 ) ) ;
#3614 = CARTESIAN_POINT ( 'NONE',  ( -51.89851251526771136, 8.922518270238601445, -4.120123652065659670 ) ) ;
#3615 = DIRECTION ( 'NONE',  ( 0.3420201433256592205, 0.000000000000000000, -0.9396926207859117586 ) ) ;
#3616 = VERTEX_POINT ( 'NONE', #6596 ) ;
#3617 = CARTESIAN_POINT ( 'NONE',  ( -40.21146882909597764, 0.000000000000000000, -3.415000000000000036 ) ) ;
#3618 = CARTESIAN_POINT ( 'NONE',  ( -51.81257746176691370, 8.823418644210391903, -4.158831838306185524 ) ) ;
#3619 = EDGE_LOOP ( 'NONE', ( #2495, #374, #9360, #8298 ) ) ;
#3620 = VERTEX_POINT ( 'NONE', #2564 ) ;
#3621 = VERTEX_POINT ( 'NONE', #9950 ) ;
#3622 = EDGE_CURVE ( 'NONE', #686, #7043, #4595, .T. ) ;
#3623 = CARTESIAN_POINT ( 'NONE',  ( -30.30484636607248561, -1.468623938954177977, 8.349999999999997868 ) ) ;
#3624 = CARTESIAN_POINT ( 'NONE',  ( -35.24172192299145934, 0.2946731267839041712, -20.34067203111831290 ) ) ;
#3625 = CARTESIAN_POINT ( 'NONE',  ( -51.75423501068216581, 7.957049601210736789, 4.212724285319667139 ) ) ;
#3626 = CARTESIAN_POINT ( 'NONE',  ( -51.54999999999998295, 17.60000000000000142, -6.750000000000003553 ) ) ;
#3627 = ADVANCED_FACE ( 'NONE', ( #2612 ), #4144, .T. ) ;
#3628 = CARTESIAN_POINT ( 'NONE',  ( -30.58999999999999275, 17.60100000000000264, 3.064999999999999947 ) ) ;
#3629 = ORIENTED_EDGE ( 'NONE', *, *, #9812, .F. ) ;
#3630 = LINE ( 'NONE', #5170, #8622 ) ;
#3631 = DIRECTION ( 'NONE',  ( 0.000000000000000000, 0.000000000000000000, -1.000000000000000000 ) ) ;
#3632 = EDGE_CURVE ( 'NONE', #2131, #6069, #2678, .T. ) ;
#3633 = VECTOR ( 'NONE', #3813, 1000.000000000000000 ) ;
#3634 = VERTEX_POINT ( 'NONE', #6646 ) ;
#3635 = AXIS2_PLACEMENT_3D ( 'NONE', #8532, #9307, #1099 ) ;
#3636 = DIRECTION ( 'NONE',  ( 0.000000000000000000, 0.000000000000000000, -1.000000000000000000 ) ) ;
#3637 = ORIENTED_EDGE ( 'NONE', *, *, #3735, .T. ) ;
#3638 = DIRECTION ( 'NONE',  ( -0.000000000000000000, -1.000000000000000000, -0.000000000000000000 ) ) ;
#3639 = DIRECTION ( 'NONE',  ( 0.000000000000000000, 1.000000000000000000, -0.000000000000000000 ) ) ;
#3640 = DIRECTION ( 'NONE',  ( 1.892425610156521707E-15, 0.000000000000000000, 1.000000000000000000 ) ) ;
#3641 = CARTESIAN_POINT ( 'NONE',  ( 51.50000000000001421, 11.00000000000000178, -9.500000000000001776 ) ) ;
#3642 = EDGE_CURVE ( 'NONE', #4479, #1905, #7911, .T. ) ;
#3643 = AXIS2_PLACEMENT_3D ( 'NONE', #7418, #10061, #2455 ) ;
#3644 = ORIENTED_EDGE ( 'NONE', *, *, #4134, .T. ) ;
#3645 = CARTESIAN_POINT ( 'NONE',  ( -40.03434658500975019, 0.1071145293931484166, -20.34067203111831290 ) ) ;
#3646 = LINE ( 'NONE', #4572, #4993 ) ;
#3647 = ORIENTED_EDGE ( 'NONE', *, *, #3573, .F. ) ;
#3648 = CARTESIAN_POINT ( 'NONE',  ( -44.74999999999998579, 15.19999999999999929, -14.75000000000000355 ) ) ;
#3649 = DIRECTION ( 'NONE',  ( 0.000000000000000000, 0.000000000000000000, 1.000000000000000000 ) ) ;
#3650 = CARTESIAN_POINT ( 'NONE',  ( 35.59364652204423152, 0.2999999999999999889, -0.2752072131254387211 ) ) ;
#3651 = PLANE ( 'NONE',  #10407 ) ;
#3652 = DIRECTION ( 'NONE',  ( -0.000000000000000000, -0.000000000000000000, 1.000000000000000000 ) ) ;
#3653 = EDGE_LOOP ( 'NONE', ( #10626, #5675 ) ) ;
#3654 = ADVANCED_FACE ( 'NONE', ( #1697 ), #767, .T. ) ;
#3655 = ORIENTED_EDGE ( 'NONE', *, *, #4486, .T. ) ;
#3656 = DIRECTION ( 'NONE',  ( -0.000000000000000000, 1.000000000000000000, -0.000000000000000000 ) ) ;
#3658 = CARTESIAN_POINT ( 'NONE',  ( -30.28999999999998494, 2.839036686742041571, -8.864322528184336747 ) ) ;
#3657 = CARTESIAN_POINT ( 'NONE',  ( 0.000000000000000000, 5.400000000000000355, 8.349999999999997868 ) ) ;
#3659 = EDGE_LOOP ( 'NONE', ( #3177, #9929, #7196, #2774, #2794, #8670 ) ) ;
#3660 = ORIENTED_EDGE ( 'NONE', *, *, #8875, .F. ) ;
#3661 = EDGE_LOOP ( 'NONE', ( #807, #3560, #8306, #9378 ) ) ;
#3662 = AXIS2_PLACEMENT_3D ( 'NONE', #1921, #1822, #9208 ) ;
#3663 = CARTESIAN_POINT ( 'NONE',  ( -31.47472780755320443, 0.08284271247461903742, -3.614999999999999769 ) ) ;
#3664 = CYLINDRICAL_SURFACE ( 'NONE', #9765, 5.499999999999985789 ) ;
#3665 = ORIENTED_EDGE ( 'NONE', *, *, #8597, .F. ) ;
#3666 = PLANE ( 'NONE',  #8808 ) ;
#3667 = CARTESIAN_POINT ( 'NONE',  ( -51.81327769597626798, 8.926109351408497261, -4.118545122950545867 ) ) ;
#3668 = ORIENTED_EDGE ( 'NONE', *, *, #327, .T. ) ;
#3669 = ORIENTED_EDGE ( 'NONE', *, *, #1664, .F. ) ;
#3670 = ORIENTED_EDGE ( 'NONE', *, *, #912, .T. ) ;
#3671 = EDGE_CURVE ( 'NONE', #726, #760, #7521, .T. ) ;
#3672 = ADVANCED_FACE ( 'NONE', ( #7739 ), #6921, .F. ) ;
#3673 = DIRECTION ( 'NONE',  ( -0.8660254037844389297, 0.000000000000000000, -0.4999999999999994449 ) ) ;
#3674 = DIRECTION ( 'NONE',  ( 1.000000000000000000, 0.000000000000000000, 0.000000000000000000 ) ) ;
#3675 = CARTESIAN_POINT ( 'NONE',  ( -31.51661123066064363, 3.000000000000000000, 8.349999999999997868 ) ) ;
#3676 = PRESENTATION_STYLE_ASSIGNMENT (( #6959 ) ) ;
#3677 = CARTESIAN_POINT ( 'NONE',  ( -35.26554871542300162, 0.2000000000000000111, 2.765000000000000124 ) ) ;
#3678 = ORIENTED_EDGE ( 'NONE', *, *, #1483, .F. ) ;
#3679 = CARTESIAN_POINT ( 'NONE',  ( -30.28999999999999204, 3.136428886680588501, 8.379093721674024664 ) ) ;
#3680 = DIRECTION ( 'NONE',  ( 0.000000000000000000, 1.000000000000000000, 0.000000000000000000 ) ) ;
#3681 = EDGE_CURVE ( 'NONE', #387, #2931, #8621, .T. ) ;
#3682 = EDGE_CURVE ( 'NONE', #4637, #5837, #5345, .T. ) ;
#3683 = ORIENTED_EDGE ( 'NONE', *, *, #7994, .F. ) ;
#3684 = CARTESIAN_POINT ( 'NONE',  ( -35.06554871542299878, 0.2000000000000000944, 8.349999999999996092 ) ) ;
#3685 =( BOUNDED_SURFACE ( )  B_SPLINE_SURFACE ( 3, 2, ( 
 ( #10320, #7725, #1066 ),
 ( #4504, #3478, #2056 ),
 ( #2760, #5333, #6039 ),
 ( #7841, #1942, #4452 ),
 ( #5220, #6963, #9387 ),
 ( #5385, #5270, #4390 ),
 ( #8667, #261, #363 ),
 ( #4556, #3679, #3579 ),
 ( #314, #8718, #8502 ),
 ( #7012, #6090, #1229 ) ),
 .UNSPECIFIED., .F., .F., .T. ) 
 B_SPLINE_SURFACE_WITH_KNOTS ( ( 4, 2, 2, 2, 4 ),
 ( 3, 3 ),
 ( 0.001648596938571251754, 0.001738530743188346651, 0.001828464547805441764, 0.001918398352422536878, 0.002008332157039631992 ),
 ( 0.000000000000000000, 1.000000000000000000 ),
 .UNSPECIFIED. ) 
 GEOMETRIC_REPRESENTATION_ITEM ( )  RATIONAL_B_SPLINE_SURFACE ( (
 ( 1.000000000000000000, 0.7071067811865475727, 1.000000000000000000),
 ( 1.000000000000000000, 0.7122019115115180155, 1.000000000000000000),
 ( 1.000000000000000000, 0.7176236460159466368, 1.000000000000000000),
 ( 1.000000000000000000, 0.7260035922963483657, 1.000000000000000000),
 ( 1.000000000000000000, 0.7287785373714557036, 1.000000000000000000),
 ( 1.000000000000000000, 0.7287685976969766610, 1.000000000000000000),
 ( 1.000000000000000000, 0.7259872367846168517, 1.000000000000000000),
 ( 1.000000000000000000, 0.7176144813960875224, 1.000000000000000000),
 ( 1.000000000000000000, 0.7122023116792222108, 1.000000000000000000),
 ( 1.000000000000000000, 0.7071067811865475727, 1.000000000000000000) ) ) 
 REPRESENTATION_ITEM ( '' )  SURFACE ( )  );
#3686 = CARTESIAN_POINT ( 'NONE',  ( -40.06980179287454291, 0.03950539805616452155, 2.823332963778559357 ) ) ;
#3687 = CARTESIAN_POINT ( 'NONE',  ( -51.75476272510931608, 8.287086545674943849, -4.275096801038992922 ) ) ;
#3688 = CYLINDRICAL_SURFACE ( 'NONE', #922, 3.750000000000001776 ) ;
#3689 = CARTESIAN_POINT ( 'NONE',  ( 9.327580595034021491E-16, 15.19999999999999751, 11.75000000000000000 ) ) ;
#3690 = CYLINDRICAL_SURFACE ( 'NONE', #10725, 0.6000000000000007550 ) ;
#3691 = AXIS2_PLACEMENT_3D ( 'NONE', #7177, #1451, #684 ) ;
#3692 = ORIENTED_EDGE ( 'NONE', *, *, #2677, .F. ) ;
#3693 = DIRECTION ( 'NONE',  ( -1.000000000000000000, 0.000000000000000000, 0.000000000000000000 ) ) ;
#3694 = CARTESIAN_POINT ( 'NONE',  ( 30.50000000000001066, -0.0009999999999999158867, -2.350000000000004974 ) ) ;
#3695 = AXIS2_PLACEMENT_3D ( 'NONE', #6452, #6404, #9754 ) ;
#3696 = ORIENTED_EDGE ( 'NONE', *, *, #10389, .T. ) ;
#3697 = STYLED_ITEM ( 'NONE', ( #3676 ), #1074 ) ;
#3698 = EDGE_CURVE ( 'NONE', #7999, #5970, #2014, .T. ) ;
#3699 = CARTESIAN_POINT ( 'NONE',  ( -31.28999999999999204, 0.4584017406109455739, -8.850000000000052935 ) ) ;
#3700 = EDGE_LOOP ( 'NONE', ( #5881, #8369, #9434, #10137, #4133, #1551, #6012, #2681, #3375 ) ) ;
#3701 = CARTESIAN_POINT ( 'NONE',  ( -49.80000000000472937, 6.500000000000000888, 0.000000000000000000 ) ) ;
#3702 = FACE_BOUND ( 'NONE', #3845, .T. ) ;
#3703 = CARTESIAN_POINT ( 'NONE',  ( 3.529354819742604419E-16, 11.00000000000000178, -13.55000000000000249 ) ) ;
#3704 = ORIENTED_EDGE ( 'NONE', *, *, #7081, .F. ) ;
#3705 = VECTOR ( 'NONE', #6819, 1000.000000000000000 ) ;
#3706 = ORIENTED_EDGE ( 'NONE', *, *, #3671, .F. ) ;
#3707 = AXIS2_PLACEMENT_3D ( 'NONE', #1280, #3951, #7288 ) ;
#3708 = VERTEX_POINT ( 'NONE', #6865 ) ;
#3709 = CARTESIAN_POINT ( 'NONE',  ( -31.27472780755320869, 0.2000000000000000111, -3.615000000000000213 ) ) ;
#3710 = AXIS2_PLACEMENT_3D ( 'NONE', #3919, #3973, #3215 ) ;
#3712 = DIRECTION ( 'NONE',  ( 0.000000000000000000, 0.000000000000000000, 1.000000000000000000 ) ) ;
#3711 = DIRECTION ( 'NONE',  ( 0.000000000000000000, 0.000000000000000000, 1.000000000000000000 ) ) ;
#3713 = ORIENTED_EDGE ( 'NONE', *, *, #8435, .F. ) ;
#3714 = VERTEX_POINT ( 'NONE', #5178 ) ;
#3715 = ORIENTED_EDGE ( 'NONE', *, *, #10571, .F. ) ;
#3716 = ADVANCED_FACE ( 'NONE', ( #1136 ), #3690, .F. ) ;
#3717 = VECTOR ( 'NONE', #2271, 1000.000000000000000 ) ;
#3718 = VECTOR ( 'NONE', #546, 1000.000000000000000 ) ;
#3719 = EDGE_CURVE ( 'NONE', #8977, #4479, #9446, .T. ) ;
#3720 = VERTEX_POINT ( 'NONE', #8677 ) ;
#3721 = CYLINDRICAL_SURFACE ( 'NONE', #3533, 0.7999999999999994893 ) ;
#3722 = CARTESIAN_POINT ( 'NONE',  ( -51.89423006580573627, 8.821493285070502566, 4.159434162369245236 ) ) ;
#3723 = CARTESIAN_POINT ( 'NONE',  ( -51.75536001237447437, 7.818300294989618315, -4.161567919110584768 ) ) ;
#3724 = LINE ( 'NONE', #6077, #2003 ) ;
#3725 = VERTEX_POINT ( 'NONE', #8513 ) ;
#3726 = ORIENTED_EDGE ( 'NONE', *, *, #6913, .T. ) ;
#3727 = ORIENTED_EDGE ( 'NONE', *, *, #299, .F. ) ;
#3728 = DIRECTION ( 'NONE',  ( 1.000000000000000000, 0.000000000000000000, 0.000000000000000000 ) ) ;
#3730 = CARTESIAN_POINT ( 'NONE',  ( 30.05000000000002203, 0.2999999999999999889, -5.923565456759791224E-14 ) ) ;
#3729 = CARTESIAN_POINT ( 'NONE',  ( 38.64768490291499603, 0.2034051652805233534, 1.502567585311942455 ) ) ;
#3731 = CARTESIAN_POINT ( 'NONE',  ( -7.994533542344514743, 13.30000000000000071, 13.84693827814967904 ) ) ;
#3732 = DIRECTION ( 'NONE',  ( 0.000000000000000000, 1.000000000000000000, 0.000000000000000000 ) ) ;
#3733 = DIRECTION ( 'NONE',  ( 1.000000000000000000, 0.000000000000000000, -1.109146139516225989E-16 ) ) ;
#3734 = LINE ( 'NONE', #8716, #4244 ) ;
#3735 = EDGE_CURVE ( 'NONE', #7628, #3708, #4742, .T. ) ;
#3736 = ADVANCED_FACE ( 'NONE', ( #325 ), #1953, .T. ) ;
#3737 = VECTOR ( 'NONE', #6479, 1000.000000000000000 ) ;
#3738 = ORIENTED_EDGE ( 'NONE', *, *, #6041, .T. ) ;
#3739 = CARTESIAN_POINT ( 'NONE',  ( -44.74999999999998579, 3.000000000000000000, -14.75000000000000355 ) ) ;
#3740 = LINE ( 'NONE', #7842, #9504 ) ;
#3741 = ORIENTED_EDGE ( 'NONE', *, *, #2548, .T. ) ;
#3742 = AXIS2_PLACEMENT_3D ( 'NONE', #3016, #9532, #4707 ) ;
#3743 = CARTESIAN_POINT ( 'NONE',  ( -44.74999999999998579, 17.60000000000000142, -6.750000000000002665 ) ) ;
#3744 = CARTESIAN_POINT ( 'NONE',  ( -40.13512705544041381, -1.215015152484107712E-16, 2.888658226344438251 ) ) ;
#3745 = DIRECTION ( 'NONE',  ( -3.384826294588891940E-16, -0.000000000000000000, -1.000000000000000000 ) ) ;
#3746 = CARTESIAN_POINT ( 'NONE',  ( -50.79999999999998295, 15.10000000000000142, -9.500000000000001776 ) ) ;
#3747 = DIRECTION ( 'NONE',  ( 0.000000000000000000, 0.000000000000000000, 1.000000000000000000 ) ) ;
#3748 = EDGE_CURVE ( 'NONE', #7815, #9265, #4463, .T. ) ;
#3749 = LINE ( 'NONE', #7086, #9676 ) ;
#3750 = AXIS2_PLACEMENT_3D ( 'NONE', #3174, #10580, #9858 ) ;
#3751 = CIRCLE ( 'NONE', #7772, 9.300000000000013145 ) ;
#3752 = EDGE_LOOP ( 'NONE', ( #5893, #9253, #5274, #4343, #1833, #5237 ) ) ;
#3753 = EDGE_CURVE ( 'NONE', #7153, #5336, #6972, .T. ) ;
#3754 = DIRECTION ( 'NONE',  ( 0.000000000000000000, 0.000000000000000000, 1.000000000000000000 ) ) ;
#3755 = DIRECTION ( 'NONE',  ( -0.000000000000000000, -1.000000000000000000, 0.000000000000000000 ) ) ;
#3756 = ORIENTED_EDGE ( 'NONE', *, *, #2287, .F. ) ;
#3757 = VECTOR ( 'NONE', #3889, 1000.000000000000000 ) ;
#3758 = LINE ( 'NONE', #5295, #1266 ) ;
#3759 = LINE ( 'NONE', #6167, #409 ) ;
#3760 = CARTESIAN_POINT ( 'NONE',  ( 44.80000000000002558, 8.000000000000000000, 8.250000000000000000 ) ) ;
#3761 = CARTESIAN_POINT ( 'NONE',  ( -31.23691733430560546, 0.4859244180261289570, 8.349999999999997868 ) ) ;
#3762 = EDGE_LOOP ( 'NONE', ( #9629, #10199, #8698, #6292, #4108, #5251, #973, #2743 ) ) ;
#3763 = VECTOR ( 'NONE', #8416, 1000.000000000000000 ) ;
#3764 = ORIENTED_EDGE ( 'NONE', *, *, #8552, .F. ) ;
#3765 = EDGE_CURVE ( 'NONE', #10621, #2511, #2510, .T. ) ;
#3766 = ORIENTED_EDGE ( 'NONE', *, *, #8968, .T. ) ;
#3767 = DIRECTION ( 'NONE',  ( 0.000000000000000000, 0.000000000000000000, 1.000000000000000000 ) ) ;
#3769 = PLANE ( 'NONE',  #5596 ) ;
#3768 = CARTESIAN_POINT ( 'NONE',  ( 29.74999999999998579, 0.2999999999999999889, -7.798623679425844557 ) ) ;
#3770 = ORIENTED_EDGE ( 'NONE', *, *, #1759, .F. ) ;
#3771 = ORIENTED_EDGE ( 'NONE', *, *, #258, .T. ) ;
#3772 = ORIENTED_EDGE ( 'NONE', *, *, #8341, .F. ) ;
#3773 = VERTEX_POINT ( 'NONE', #1075 ) ;
#3774 = CARTESIAN_POINT ( 'NONE',  ( 30.50000000000001066, 0.5000000000000000000, -2.350000000000004974 ) ) ;
#3775 = DIRECTION ( 'NONE',  ( 0.000000000000000000, 1.000000000000000000, -0.000000000000000000 ) ) ;
#3776 = CARTESIAN_POINT ( 'NONE',  ( -51.49999999999999289, 7.083039804977588894, -3.819531249999990941 ) ) ;
#3777 = CYLINDRICAL_SURFACE ( 'NONE', #2522, 1.500000000000001332 ) ;
#3778 = ORIENTED_EDGE ( 'NONE', *, *, #8928, .F. ) ;
#3779 = ORIENTED_EDGE ( 'NONE', *, *, #6780, .T. ) ;
#3780 = ADVANCED_FACE ( 'NONE', ( #1238 ), #1025, .T. ) ;
#3781 = EDGE_CURVE ( 'NONE', #5193, #2099, #3749, .T. ) ;
#3783 = AXIS2_PLACEMENT_3D ( 'NONE', #2409, #7365, #1594 ) ;
#3782 = LINE ( 'NONE', #1605, #3240 ) ;
#3785 = CARTESIAN_POINT ( 'NONE',  ( 49.80000000000001137, 11.00000000000000178, -6.000000000000000000 ) ) ;
#3784 = DIRECTION ( 'NONE',  ( -0.000000000000000000, -1.000000000000000000, -0.000000000000000000 ) ) ;
#3786 = CARTESIAN_POINT ( 'NONE',  ( -40.03434658500975019, 0.1071145293931473758, 3.592122244086235927 ) ) ;
#3787 = CARTESIAN_POINT ( 'NONE',  ( -46.74749843554379680, 15.10000000000000142, 13.25000000000000178 ) ) ;
#3788 = DIRECTION ( 'NONE',  ( 0.4999999999999978906, 0.000000000000000000, -0.8660254037844398178 ) ) ;
#3789 = CARTESIAN_POINT ( 'NONE',  ( 0.000000000000000000, 11.00000000000000178, 0.000000000000000000 ) ) ;
#3790 = ORIENTED_EDGE ( 'NONE', *, *, #5751, .T. ) ;
#3791 = DIRECTION ( 'NONE',  ( -0.000000000000000000, -1.000000000000000000, 0.000000000000000000 ) ) ;
#3792 = CARTESIAN_POINT ( 'NONE',  ( -34.31252571724582623, 0.2000000000000003164, -2.765000000000000124 ) ) ;
#3793 = VERTEX_POINT ( 'NONE', #9505 ) ;
#3794 = ORIENTED_EDGE ( 'NONE', *, *, #7167, .F. ) ;
#3795 = EDGE_CURVE ( 'NONE', #3568, #9513, #1206, .T. ) ;
#3796 = DIRECTION ( 'NONE',  ( -1.000000000000000000, 0.000000000000000000, 0.000000000000000000 ) ) ;
#3797 = CYLINDRICAL_SURFACE ( 'NONE', #5296, 1.900000000000000577 ) ;
#3798 = DIRECTION ( 'NONE',  ( 1.000000000000000000, -0.000000000000000000, -0.000000000000000000 ) ) ;
#3799 = LINE ( 'NONE', #1573, #1083 ) ;
#3800 = DIRECTION ( 'NONE',  ( 0.000000000000000000, 0.000000000000000000, 1.000000000000000000 ) ) ;
#3801 = DIRECTION ( 'NONE',  ( 0.4999999999999995559, 0.000000000000000000, -0.8660254037844389297 ) ) ;
#3802 = VECTOR ( 'NONE', #3431, 1000.000000000000000 ) ;
#3803 = AXIS2_PLACEMENT_3D ( 'NONE', #1704, #9851, #10009 ) ;
#3804 = ORIENTED_EDGE ( 'NONE', *, *, #5001, .T. ) ;
#3805 = EDGE_CURVE ( 'NONE', #9547, #2309, #7737, .T. ) ;
#3806 = CARTESIAN_POINT ( 'NONE',  ( -1.549999999999978506, 13.30000000000000071, -12.35000000000015774 ) ) ;
#3807 = VECTOR ( 'NONE', #9004, 1000.000000000000000 ) ;
#3808 = DIRECTION ( 'NONE',  ( 0.000000000000000000, 0.000000000000000000, -1.000000000000000000 ) ) ;
#3809 = VERTEX_POINT ( 'NONE', #2718 ) ;
#3810 = CARTESIAN_POINT ( 'NONE',  ( -51.75455412270066802, 8.628939298215263065, 4.261849622335500243 ) ) ;
#3811 = CARTESIAN_POINT ( 'NONE',  ( 22.36827201635471241, 5.400000000000000355, -10.68172798364529719 ) ) ;
#3812 = CARTESIAN_POINT ( 'NONE',  ( -50.79999999999998295, 16.60000000000000142, 9.500000000000000000 ) ) ;
#3813 = DIRECTION ( 'NONE',  ( 0.000000000000000000, 1.000000000000000000, 0.000000000000000000 ) ) ;
#3814 = EDGE_CURVE ( 'NONE', #1860, #5193, #1904, .T. ) ;
#3815 = ORIENTED_EDGE ( 'NONE', *, *, #3989, .F. ) ;
#3816 = ORIENTED_EDGE ( 'NONE', *, *, #3500, .T. ) ;
#3817 = ADVANCED_FACE ( 'NONE', ( #2343 ), #8901, .T. ) ;
#3818 = DIRECTION ( 'NONE',  ( 0.000000000000000000, 0.000000000000000000, -1.000000000000000000 ) ) ;
#3820 = CARTESIAN_POINT ( 'NONE',  ( -30.28999999999999204, 2.970238624248833670, -9.848061636073266456 ) ) ;
#3819 = CARTESIAN_POINT ( 'NONE',  ( 49.30000000000001137, 0.000000000000000000, -9.500000000000001776 ) ) ;
#3821 = VERTEX_POINT ( 'NONE', #7192 ) ;
#3822 = ORIENTED_EDGE ( 'NONE', *, *, #10353, .T. ) ;
#3823 = ORIENTED_EDGE ( 'NONE', *, *, #5011, .T. ) ;
#3824 = ORIENTED_EDGE ( 'NONE', *, *, #3022, .F. ) ;
#3825 = ADVANCED_FACE ( 'NONE', ( #5668 ), #591, .T. ) ;
#3826 = LINE ( 'NONE', #9805, #9481 ) ;
#3827 = CARTESIAN_POINT ( 'NONE',  ( -40.08977263648107225, 17.60100000000000264, -2.765000000000000124 ) ) ;
#3828 = DIRECTION ( 'NONE',  ( 0.000000000000000000, 0.000000000000000000, 1.000000000000000000 ) ) ;
#3829 = LINE ( 'NONE', #4820, #4256 ) ;
#3830 = ORIENTED_EDGE ( 'NONE', *, *, #8678, .T. ) ;
#3831 = EDGE_LOOP ( 'NONE', ( #6022, #8720, #70, #10120 ) ) ;
#3832 = CARTESIAN_POINT ( 'NONE',  ( 38.71385371214061166, 0.02145563245112814404, -6.417410124218944745 ) ) ;
#3834 = CARTESIAN_POINT ( 'NONE',  ( 20.20000000000000995, 5.400000000000000355, -8.849999999999997868 ) ) ;
#3833 = CARTESIAN_POINT ( 'NONE',  ( 29.74999999999998934, 0.2505450496179578157, -11.31869555732605370 ) ) ;
#3835 = ORIENTED_EDGE ( 'NONE', *, *, #3622, .T. ) ;
#3836 = VECTOR ( 'NONE', #6885, 1000.000000000000000 ) ;
#3837 = CARTESIAN_POINT ( 'NONE',  ( -34.52834772718359346, 0.000000000000000000, 8.549999999999998934 ) ) ;
#3838 = CARTESIAN_POINT ( 'NONE',  ( 31.25000000000004263, 0.2999999999999999889, 3.098623679425835054 ) ) ;
#3839 = EDGE_CURVE ( 'NONE', #4658, #5754, #1359, .T. ) ;
#3840 = CARTESIAN_POINT ( 'NONE',  ( -40.00228633380068999, 0.1679172698444630907, 8.349999999999997868 ) ) ;
#3841 = CARTESIAN_POINT ( 'NONE',  ( -51.99535045267403888, 9.668785516402209623, -3.230005980589792713 ) ) ;
#3842 = ORIENTED_EDGE ( 'NONE', *, *, #7562, .F. ) ;
#3843 = LINE ( 'NONE', #9657, #3046 ) ;
#3844 = CARTESIAN_POINT ( 'NONE',  ( -51.97986711028337226, 9.597787655272970397, 3.442853664916048384 ) ) ;
#3845 = EDGE_LOOP ( 'NONE', ( #1779, #2680, #9309, #5864 ) ) ;
#3846 = CIRCLE ( 'NONE', #2983, 5.199999999999985967 ) ;
#3847 = DIRECTION ( 'NONE',  ( 0.000000000000000000, 0.000000000000000000, 1.000000000000000000 ) ) ;
#3848 = CARTESIAN_POINT ( 'NONE',  ( -51.79999999999998295, 8.400000000000000355, -2.449999999999999734 ) ) ;
#3849 = DIRECTION ( 'NONE',  ( 0.000000000000000000, 0.000000000000000000, -1.000000000000000000 ) ) ;
#3850 = DIRECTION ( 'NONE',  ( 0.000000000000000000, 0.000000000000000000, 1.000000000000000000 ) ) ;
#3851 = EDGE_CURVE ( 'NONE', #3418, #10609, #10387, .T. ) ;
#3852 = CARTESIAN_POINT ( 'NONE',  ( -51.95568058483290486, 7.315219914338453755, -3.641416195903000474 ) ) ;
#3853 = CARTESIAN_POINT ( 'NONE',  ( 30.04999999999998650, 0.000000000000000000, -11.31869555732605193 ) ) ;
#3854 = ORIENTED_EDGE ( 'NONE', *, *, #2243, .F. ) ;
#3855 = ORIENTED_EDGE ( 'NONE', *, *, #2372, .F. ) ;
#3856 = DIRECTION ( 'NONE',  ( 0.000000000000000000, 1.000000000000000000, -0.000000000000000000 ) ) ;
#3857 = DIRECTION ( 'NONE',  ( -0.5000000000001251221, 0.000000000000000000, -0.8660254037843665431 ) ) ;
#3858 = ORIENTED_EDGE ( 'NONE', *, *, #5563, .T. ) ;
#3859 = CARTESIAN_POINT ( 'NONE',  ( 26.17573810278260282, 0.09795398803915329744, 0.9261620132528016747 ) ) ;
#3860 = VECTOR ( 'NONE', #7580, 1000.000000000000000 ) ;
#3861 = DIRECTION ( 'NONE',  ( -0.000000000000000000, -1.000000000000000000, -0.000000000000000000 ) ) ;
#3863 = EDGE_CURVE ( 'NONE', #6643, #3211, #7457, .T. ) ;
#3862 = FACE_BOUND ( 'NONE', #5643, .T. ) ;
#3864 = EDGE_CURVE ( 'NONE', #5804, #6206, #9010, .T. ) ;
#3865 = LINE ( 'NONE', #10618, #7121 ) ;
#3866 = EDGE_LOOP ( 'NONE', ( #1559, #8245, #7126, #1524 ) ) ;
#3867 = ORIENTED_EDGE ( 'NONE', *, *, #2078, .T. ) ;
#3868 = VECTOR ( 'NONE', #4130, 1000.000000000000000 ) ;
#3869 = AXIS2_PLACEMENT_3D ( 'NONE', #5381, #5266, #4552 ) ;
#3870 = CARTESIAN_POINT ( 'NONE',  ( -35.18270600294837891, -1.426990864189252675E-16, -8.932842712474675650 ) ) ;
#3872 = DIRECTION ( 'NONE',  ( 1.000000000000000000, -0.000000000000000000, -0.000000000000000000 ) ) ;
#3871 = CARTESIAN_POINT ( 'NONE',  ( 20.21000000000001151, 0.5000000000000004441, 8.349999999999997868 ) ) ;
#3873 = DIRECTION ( 'NONE',  ( 0.000000000000000000, 1.000000000000000000, -0.000000000000000000 ) ) ;
#3874 = ORIENTED_EDGE ( 'NONE', *, *, #8563, .F. ) ;
#3875 = ORIENTED_EDGE ( 'NONE', *, *, #6434, .F. ) ;
#3876 = EDGE_CURVE ( 'NONE', #7925, #4862, #536, .T. ) ;
#3877 = FACE_OUTER_BOUND ( 'NONE', #9608, .T. ) ;
#3878 = DIRECTION ( 'NONE',  ( -1.000000000000000000, 0.000000000000000000, 0.000000000000000000 ) ) ;
#3879 = EDGE_CURVE ( 'NONE', #8551, #8214, #9331, .T. ) ;
#3880 = AXIS2_PLACEMENT_3D ( 'NONE', #8924, #1436, #4102 ) ;
#3881 = ORIENTED_EDGE ( 'NONE', *, *, #2888, .F. ) ;
#3882 = AXIS2_PLACEMENT_3D ( 'NONE', #5729, #7308, #759 ) ;
#3883 = CARTESIAN_POINT ( 'NONE',  ( -51.78028309663553586, 7.216839901680592639, -3.680390056226352069 ) ) ;
#3884 = CARTESIAN_POINT ( 'NONE',  ( -51.75875532609015295, 9.445949955208856608, -3.880259791441293071 ) ) ;
#3885 = AXIS2_PLACEMENT_3D ( 'NONE', #2579, #834, #4159 ) ;
#3886 = ORIENTED_EDGE ( 'NONE', *, *, #8730, .F. ) ;
#3887 = VERTEX_POINT ( 'NONE', #1301 ) ;
#3888 = VECTOR ( 'NONE', #6098, 1000.000000000000000 ) ;
#3889 = DIRECTION ( 'NONE',  ( -0.000000000000000000, 1.000000000000000000, -0.000000000000000000 ) ) ;
#3891 = CARTESIAN_POINT ( 'NONE',  ( -1.549999999999978506, 15.10000000000000142, 13.35000000000015774 ) ) ;
#3890 = CARTESIAN_POINT ( 'NONE',  ( 30.50000000000001066, 0.5000000000000000000, -2.350000000000004974 ) ) ;
#3892 = CIRCLE ( 'NONE', #10551, 9.300000000000013145 ) ;
#3893 = ORIENTED_EDGE ( 'NONE', *, *, #5000, .F. ) ;
#3894 = DIRECTION ( 'NONE',  ( 1.781193055562282205E-15, 0.000000000000000000, 1.000000000000000000 ) ) ;
#3895 = CARTESIAN_POINT ( 'NONE',  ( 44.85000000000002984, 6.000000000000000000, 0.000000000000000000 ) ) ;
#3896 = LINE ( 'NONE', #524, #4942 ) ;
#3897 = VECTOR ( 'NONE', #1133, 1000.000000000000114 ) ;
#3898 = ORIENTED_EDGE ( 'NONE', *, *, #1901, .F. ) ;
#3899 = LINE ( 'NONE', #3143, #4607 ) ;
#3900 = DIRECTION ( 'NONE',  ( 0.000000000000000000, 2.891205793294676354E-16, -1.000000000000000000 ) ) ;
#3901 = VECTOR ( 'NONE', #3390, 1000.000000000000000 ) ;
#3902 = ORIENTED_EDGE ( 'NONE', *, *, #3552, .T. ) ;
#3903 = AXIS2_PLACEMENT_3D ( 'NONE', #2355, #8963, #3978 ) ;
#3904 = ORIENTED_EDGE ( 'NONE', *, *, #3346, .T. ) ;
#3905 = EDGE_CURVE ( 'NONE', #6193, #3821, #6379, .T. ) ;
#3906 = CARTESIAN_POINT ( 'NONE',  ( 20.20000000000000995, 1.000000000000000888, 8.349999999999997868 ) ) ;
#3907 = CARTESIAN_POINT ( 'NONE',  ( -51.96871936047783436, 7.252400094931979346, -3.546295943922786797 ) ) ;
#3908 = LINE ( 'NONE', #1354, #6750 ) ;
#3909 = CARTESIAN_POINT ( 'NONE',  ( 34.84364652204420310, 0.2999999999999999889, -5.723830892551273308 ) ) ;
#3910 = AXIS2_PLACEMENT_3D ( 'NONE', #2109, #9717, #4617 ) ;
#3911 = CARTESIAN_POINT ( 'NONE',  ( 34.82426189721743270, 0.09795398803914880104, 0.9261620132527669247 ) ) ;
#3912 = CIRCLE ( 'NONE', #6172, 0.2888330770816419091 ) ;
#3913 = DIRECTION ( 'NONE',  ( 0.000000000000000000, 0.000000000000000000, -1.000000000000000000 ) ) ;
#3914 = EDGE_LOOP ( 'NONE', ( #4143, #8741, #7705, #5625 ) ) ;
#3915 = VECTOR ( 'NONE', #3993, 1000.000000000000000 ) ;
#3916 = EDGE_CURVE ( 'NONE', #1944, #10005, #10657, .T. ) ;
#3917 = ORIENTED_EDGE ( 'NONE', *, *, #6446, .T. ) ;
#3918 = ADVANCED_FACE ( 'NONE', ( #648 ), #3968, .T. ) ;
#3919 = CARTESIAN_POINT ( 'NONE',  ( 49.30000000000001137, 3.000000000000000000, -1.800460365592771075E-14 ) ) ;
#3920 = CARTESIAN_POINT ( 'NONE',  ( -30.28999999999999204, 0.5000000000000004441, 5.126319423154875000E-15 ) ) ;
#3921 = ORIENTED_EDGE ( 'NONE', *, *, #9652, .F. ) ;
#3922 = CARTESIAN_POINT ( 'NONE',  ( 0.000000000000000000, 15.19999999999999751, 14.75000000000000000 ) ) ;
#3923 = VECTOR ( 'NONE', #2356, 1000.000000000000000 ) ;
#3924 = DIRECTION ( 'NONE',  ( -1.000000000000000000, 0.000000000000000000, 9.856182124392322263E-16 ) ) ;
#3925 = CARTESIAN_POINT ( 'NONE',  ( 49.80000000000001137, 11.00000000000000178, -4.000000000000000000 ) ) ;
#3926 = CARTESIAN_POINT ( 'NONE',  ( -30.58468570924807395, 5.996053416120790125, 3.614964625160044243 ) ) ;
#3927 = ORIENTED_EDGE ( 'NONE', *, *, #5762, .T. ) ;
#3928 = ORIENTED_EDGE ( 'NONE', *, *, #9364, .F. ) ;
#3929 = DIRECTION ( 'NONE',  ( -0.000000000000000000, -0.000000000000000000, -1.000000000000000000 ) ) ;
#3930 = VECTOR ( 'NONE', #1973, 1000.000000000000000 ) ;
#3931 = EDGE_CURVE ( 'NONE', #9265, #3470, #5444, .T. ) ;
#3932 = EDGE_CURVE ( 'NONE', #10753, #1002, #5558, .T. ) ;
#3934 = DIRECTION ( 'NONE',  ( 1.000000000000000000, 0.000000000000000000, 0.000000000000000000 ) ) ;
#3933 = CARTESIAN_POINT ( 'NONE',  ( -30.58999999999999631, 6.296018041280833089, -20.34067203111831290 ) ) ;
#3935 = CARTESIAN_POINT ( 'NONE',  ( -31.46672734614590183, 0.000000000000000000, -3.415000000000000036 ) ) ;
#3936 = ORIENTED_EDGE ( 'NONE', *, *, #1126, .F. ) ;
#3937 = ORIENTED_EDGE ( 'NONE', *, *, #7129, .T. ) ;
#3938 = DIRECTION ( 'NONE',  ( -1.000000000000000000, 0.000000000000000000, 0.000000000000000000 ) ) ;
#3939 = CARTESIAN_POINT ( 'NONE',  ( -31.28999999999999204, 5.954463462733936119, -8.850000000000054712 ) ) ;
#3940 = AXIS2_PLACEMENT_3D ( 'NONE', #8097, #8040, #3280 ) ;
#3941 = FACE_OUTER_BOUND ( 'NONE', #10663, .T. ) ;
#3942 = CARTESIAN_POINT ( 'NONE',  ( -51.93125719838239718, 9.367109996345538647, -3.819589400665807322 ) ) ;
#3943 = VERTEX_POINT ( 'NONE', #8951 ) ;
#3944 = ORIENTED_EDGE ( 'NONE', *, *, #2137, .F. ) ;
#3945 = CARTESIAN_POINT ( 'NONE',  ( -31.60047529527845001, 3.276389878762281160, -20.34067203111831290 ) ) ;
#3946 = EDGE_CURVE ( 'NONE', #1002, #1262, #1298, .T. ) ;
#3947 = AXIS2_PLACEMENT_3D ( 'NONE', #1072, #7848, #3588 ) ;
#3949 = LINE ( 'NONE', #10685, #1917 ) ;
#3948 = DIRECTION ( 'NONE',  ( 0.000000000000000000, 1.000000000000000000, 0.000000000000000000 ) ) ;
#3950 = ORIENTED_EDGE ( 'NONE', *, *, #10586, .F. ) ;
#3951 = DIRECTION ( 'NONE',  ( -2.604689903869080029E-17, 0.000000000000000000, 1.000000000000000000 ) ) ;
#3952 = CARTESIAN_POINT ( 'NONE',  ( -40.08977263648107225, 0.1999999999999987899, -2.965000000000000302 ) ) ;
#3953 = CARTESIAN_POINT ( 'NONE',  ( 30.50000000000001066, 0.000000000000000000, -2.350000000000004974 ) ) ;
#3954 = VERTEX_POINT ( 'NONE', #6432 ) ;
#3955 = CARTESIAN_POINT ( 'NONE',  ( -30.28999999999998494, 6.123958770389151596, 3.487059270891679219 ) ) ;
#3956 = DIRECTION ( 'NONE',  ( 0.000000000000000000, 0.000000000000000000, -1.000000000000000000 ) ) ;
#3957 = ORIENTED_EDGE ( 'NONE', *, *, #2647, .F. ) ;
#3958 = ADVANCED_FACE ( 'NONE', ( #7342 ), #4733, .F. ) ;
#3959 = CIRCLE ( 'NONE', #9910, 2.750000000000002665 ) ;
#3960 = VERTEX_POINT ( 'NONE', #10704 ) ;
#3961 = EDGE_CURVE ( 'NONE', #6423, #4672, #2000, .T. ) ;
#3962 = CARTESIAN_POINT ( 'NONE',  ( -19.54999999999997939, 15.10000000000000142, -14.75000000000000178 ) ) ;
#3963 = CARTESIAN_POINT ( 'NONE',  ( 1.050000000000021361, 15.10000000000000142, -13.54999999999999893 ) ) ;
#3964 = CYLINDRICAL_SURFACE ( 'NONE', #4837, 2.750000000000000888 ) ;
#3965 = DIRECTION ( 'NONE',  ( -1.000000000000000000, 0.000000000000000000, 0.000000000000000000 ) ) ;
#3966 = VECTOR ( 'NONE', #10480, 1000.000000000000000 ) ;
#3967 = PLANE ( 'NONE',  #7700 ) ;
#3968 = CYLINDRICAL_SURFACE ( 'NONE', #6180, 8.000000000000000000 ) ;
#3969 = ADVANCED_FACE ( 'NONE', ( #6636 ), #9936, .F. ) ;
#3970 = B_SPLINE_CURVE_WITH_KNOTS ( 'NONE', 3,
 ( #4520, #8682, #9620, #8567, #331, #5399, #2944, #8791 ),
 .UNSPECIFIED., .F., .F.,
 ( 4, 2, 2, 4 ),
 ( 0.000000000000000000, 0.0007309556039259168005, 0.001096433405888875851, 0.001461911207851834902 ),
 .UNSPECIFIED. ) ;
#3971 = ORIENTED_EDGE ( 'NONE', *, *, #9501, .T. ) ;
#3972 = VERTEX_POINT ( 'NONE', #2442 ) ;
#3973 = DIRECTION ( 'NONE',  ( -3.652049423109068320E-16, 0.000000000000000000, -1.000000000000000000 ) ) ;
#3974 = CARTESIAN_POINT ( 'NONE',  ( 47.05000000000001137, 9.000000000000001776, -12.25000000000000355 ) ) ;
#3975 = VERTEX_POINT ( 'NONE', #10816 ) ;
#3976 = CARTESIAN_POINT ( 'NONE',  ( -30.58203748537931332, 5.996123729295902649, -2.765105688015068619 ) ) ;
#3977 = AXIS2_PLACEMENT_3D ( 'NONE', #4091, #3275, #2406 ) ;
#3978 = DIRECTION ( 'NONE',  ( 0.000000000000000000, 0.000000000000000000, 1.000000000000000000 ) ) ;
#3979 = EDGE_CURVE ( 'NONE', #6001, #7287, #9109, .T. ) ;
#3980 = CARTESIAN_POINT ( 'NONE',  ( -31.28999999999999204, 5.954463462733936119, -8.850000000000054712 ) ) ;
#3981 = AXIS2_PLACEMENT_3D ( 'NONE', #5249, #8432, #2740 ) ;
#3982 = CARTESIAN_POINT ( 'NONE',  ( -31.39188509507858882, -6.517412704708242199E-16, 3.532157287525381495 ) ) ;
#3983 = ORIENTED_EDGE ( 'NONE', *, *, #3905, .T. ) ;
#3984 = AXIS2_PLACEMENT_3D ( 'NONE', #2932, #9664, #7133 ) ;
#3985 = DIRECTION ( 'NONE',  ( -1.000000000000000000, -0.000000000000000000, 5.545730697581131175E-17 ) ) ;
#3986 = CARTESIAN_POINT ( 'NONE',  ( -22.78676428111940666, 11.00000000000000178, -14.75000000000000355 ) ) ;
#3987 = PLANE ( 'NONE',  #285 ) ;
#3988 = ORIENTED_EDGE ( 'NONE', *, *, #4107, .T. ) ;
#3989 = EDGE_CURVE ( 'NONE', #8529, #9635, #7570, .T. ) ;
#3990 = CARTESIAN_POINT ( 'NONE',  ( 49.80000000000001137, 11.00000000000000178, 4.000000000000000000 ) ) ;
#3991 = DIRECTION ( 'NONE',  ( 0.000000000000000000, 0.000000000000000000, -1.000000000000000000 ) ) ;
#3992 = VERTEX_POINT ( 'NONE', #5828 ) ;
#3993 = DIRECTION ( 'NONE',  ( -0.000000000000000000, 1.000000000000000000, -0.000000000000000000 ) ) ;
#3994 = CARTESIAN_POINT ( 'NONE',  ( -47.04999999999999716, 3.000000000000000000, -9.500000000000000000 ) ) ;
#3995 = ORIENTED_EDGE ( 'NONE', *, *, #6938, .T. ) ;
#3996 = ORIENTED_EDGE ( 'NONE', *, *, #8563, .T. ) ;
#3997 = DIRECTION ( 'NONE',  ( 0.000000000000000000, 1.000000000000000000, -0.000000000000000000 ) ) ;
#3999 = DIRECTION ( 'NONE',  ( -1.000000000000000000, -0.000000000000000000, -0.000000000000000000 ) ) ;
#3998 = FACE_OUTER_BOUND ( 'NONE', #9111, .T. ) ;
#4000 = VERTEX_POINT ( 'NONE', #3427 ) ;
#4001 = FACE_OUTER_BOUND ( 'NONE', #5735, .T. ) ;
#4002 = CYLINDRICAL_SURFACE ( 'NONE', #4391, 0.6000000000000007550 ) ;
#4003 = DIRECTION ( 'NONE',  ( -0.000000000000000000, 1.000000000000000000, -0.000000000000000000 ) ) ;
#4004 = ORIENTED_EDGE ( 'NONE', *, *, #9646, .F. ) ;
#4005 = FACE_OUTER_BOUND ( 'NONE', #10577, .T. ) ;
#4006 = LINE ( 'NONE', #7334, #9164 ) ;
#4007 = EDGE_CURVE ( 'NONE', #4604, #3621, #2550, .T. ) ;
#4008 = VERTEX_POINT ( 'NONE', #10105 ) ;
#4009 = ADVANCED_FACE ( 'NONE', ( #2601 ), #2489, .T. ) ;
#4010 = AXIS2_PLACEMENT_3D ( 'NONE', #1666, #729, #4168 ) ;
#4011 = CARTESIAN_POINT ( 'NONE',  ( -49.79999999999998295, 10.30000000000000071, 2.449999999999999289 ) ) ;
#4012 = CARTESIAN_POINT ( 'NONE',  ( 31.08444636088667679, 0.02145563245112868528, -11.49711103979234750 ) ) ;
#4013 = DIRECTION ( 'NONE',  ( 0.3420201433256592205, 0.000000000000000000, 0.9396926207859117586 ) ) ;
#4014 = CARTESIAN_POINT ( 'NONE',  ( 1.050000000000021361, 13.30000000000000071, 13.35000000000015774 ) ) ;
#4015 = ADVANCED_FACE ( 'NONE', ( #5880 ), #9225, .F. ) ;
#4016 = DIRECTION ( 'NONE',  ( 0.000000000000000000, 0.4999999999999966693, -0.8660254037844405950 ) ) ;
#4017 = DIRECTION ( 'NONE',  ( 0.000000000000000000, 0.000000000000000000, -1.000000000000000000 ) ) ;
#4018 = EDGE_CURVE ( 'NONE', #1987, #3329, #5930, .T. ) ;
#4019 = EDGE_LOOP ( 'NONE', ( #1182, #1373, #9123, #9760 ) ) ;
#4020 = VERTEX_POINT ( 'NONE', #969 ) ;
#4021 = LINE ( 'NONE', #9014, #1539 ) ;
#4022 = FACE_OUTER_BOUND ( 'NONE', #10403, .T. ) ;
#4023 = DIRECTION ( 'NONE',  ( -0.8660254037843664321, 0.000000000000000000, 0.5000000000001250111 ) ) ;
#4024 = ORIENTED_EDGE ( 'NONE', *, *, #9112, .F. ) ;
#4025 = CARTESIAN_POINT ( 'NONE',  ( -33.54999999999998295, 6.500000000000000888, 12.24999999999999822 ) ) ;
#4026 = ORIENTED_EDGE ( 'NONE', *, *, #4124, .T. ) ;
#4027 = CARTESIAN_POINT ( 'NONE',  ( 31.19750775685068689, 0.1248391197358935528, 6.675606114723796836 ) ) ;
#4028 = CYLINDRICAL_SURFACE ( 'NONE', #861, 4.450000000000004619 ) ;
#4029 = DIRECTION ( 'NONE',  ( -0.8660254037844384856, 0.000000000000000000, 0.5000000000000002220 ) ) ;
#4030 = ORIENTED_EDGE ( 'NONE', *, *, #7082, .T. ) ;
#4031 = ORIENTED_EDGE ( 'NONE', *, *, #3225, .F. ) ;
#4032 = EDGE_CURVE ( 'NONE', #4186, #2131, #7455, .T. ) ;
#4033 = CARTESIAN_POINT ( 'NONE',  ( -30.30484636607248561, -1.468623938954177977, -2.765000000000000124 ) ) ;
#4035 = CYLINDRICAL_SURFACE ( 'NONE', #10258, 5.249999999999999112 ) ;
#4034 = CARTESIAN_POINT ( 'NONE',  ( -51.79999999999998295, 9.852223174135767536, -3.267594706388408099 ) ) ;
#4036 = CARTESIAN_POINT ( 'NONE',  ( -7.994533542344514743, 11.00000000000000178, -13.84693827814967904 ) ) ;
#4037 = AXIS2_PLACEMENT_3D ( 'NONE', #2561, #8408, #8512 ) ;
#4038 =( BOUNDED_CURVE ( )  B_SPLINE_CURVE ( 3, ( #10344, #2080, #1037, #7097 ),
 .UNSPECIFIED., .F., .T. ) 
 B_SPLINE_CURVE_WITH_KNOTS ( ( 4, 4 ),
 ( 3.141592653589793116, 4.712388980384690562 ),
 .UNSPECIFIED. ) 
 CURVE ( )  GEOMETRIC_REPRESENTATION_ITEM ( )  RATIONAL_B_SPLINE_CURVE ( ( 1.000000000000000000, 0.8047378541243648264, 0.8047378541243648264, 1.000000000000000000 ) ) 
 REPRESENTATION_ITEM ( '' )  );
#4039 = ORIENTED_EDGE ( 'NONE', *, *, #3356, .F. ) ;
#4040 = DIRECTION ( 'NONE',  ( 0.000000000000000000, -6.505213034913037648E-15, 1.000000000000000000 ) ) ;
#4041 = CARTESIAN_POINT ( 'NONE',  ( 22.77491561756130878, -1.921070724372753169E-15, -7.407147389567204421 ) ) ;
#4042 = CARTESIAN_POINT ( 'NONE',  ( 38.00553138218367621, 0.09378038618371759005, -7.458250430495012573 ) ) ;
#4043 = DIRECTION ( 'NONE',  ( 0.6427876096865379196, 0.000000000000000000, -0.7660444431189792347 ) ) ;
#4044 = CARTESIAN_POINT ( 'NONE',  ( -7.549999999999978506, 13.30000000000000071, 14.75000000000000178 ) ) ;
#4045 = ORIENTED_EDGE ( 'NONE', *, *, #4646, .F. ) ;
#4046 = CIRCLE ( 'NONE', #10171, 0.1999999999999987899 ) ;
#4047 = ORIENTED_EDGE ( 'NONE', *, *, #7263, .T. ) ;
#4048 = AXIS2_PLACEMENT_3D ( 'NONE', #9728, #9828, #2178 ) ;
#4049 = EDGE_CURVE ( 'NONE', #3503, #1533, #7394, .T. ) ;
#4050 = PLANE ( 'NONE',  #6896 ) ;
#4052 = LINE ( 'NONE', #3243, #2617 ) ;
#4051 = CARTESIAN_POINT ( 'NONE',  ( -1.549999999999978506, 15.10000000000000142, -13.85000000000015952 ) ) ;
#4053 = EDGE_LOOP ( 'NONE', ( #774, #7166, #5387, #6161 ) ) ;
#4054 = DIRECTION ( 'NONE',  ( -0.000000000000000000, -0.000000000000000000, 1.000000000000000000 ) ) ;
#4055 = VECTOR ( 'NONE', #3127, 1000.000000000000000 ) ;
#4056 = VECTOR ( 'NONE', #7094, 1000.000000000000000 ) ;
#4057 = CARTESIAN_POINT ( 'NONE',  ( 20.20000000000000995, -29.13279938488576448, 8.349999999999997868 ) ) ;
#4058 = ORIENTED_EDGE ( 'NONE', *, *, #7341, .T. ) ;
#4059 = PLANE ( 'NONE',  #9169 ) ;
#4060 = CARTESIAN_POINT ( 'NONE',  ( -1.549999999999978506, 15.10000000000000142, 13.54999999999999538 ) ) ;
#4061 = ORIENTED_EDGE ( 'NONE', *, *, #5816, .T. ) ;
#4062 = VECTOR ( 'NONE', #2574, 1000.000000000000000 ) ;
#4063 = VECTOR ( 'NONE', #2402, 1000.000000000000000 ) ;
#4064 = FACE_OUTER_BOUND ( 'NONE', #10255, .T. ) ;
#4065 = DIRECTION ( 'NONE',  ( -2.065146995210485681E-16, 0.000000000000000000, -1.000000000000000000 ) ) ;
#4067 = EDGE_CURVE ( 'NONE', #8651, #2696, #5007, .T. ) ;
#4066 = LINE ( 'NONE', #9106, #10089 ) ;
#4068 = VECTOR ( 'NONE', #6053, 1000.000000000000000 ) ;
#4069 = EDGE_CURVE ( 'NONE', #6343, #1926, #1823, .T. ) ;
#4070 = DIRECTION ( 'NONE',  ( 0.000000000000000000, 1.000000000000000000, 0.000000000000000000 ) ) ;
#4071 = FACE_OUTER_BOUND ( 'NONE', #496, .T. ) ;
#4072 = AXIS2_PLACEMENT_3D ( 'NONE', #4051, #18, #5914 ) ;
#4073 = AXIS2_PLACEMENT_3D ( 'NONE', #9841, #3924, #9068 ) ;
#4074 = DIRECTION ( 'NONE',  ( 0.000000000000000000, 1.000000000000000000, 0.000000000000000000 ) ) ;
#4075 = ORIENTED_EDGE ( 'NONE', *, *, #3946, .T. ) ;
#4076 = VERTEX_POINT ( 'NONE', #33 ) ;
#4077 = CIRCLE ( 'NONE', #2177, 0.7999999999999997113 ) ;
#4078 = CIRCLE ( 'NONE', #5831, 5.199999999999985967 ) ;
#4079 = DIRECTION ( 'NONE',  ( 0.000000000000000000, 0.000000000000000000, 1.000000000000000000 ) ) ;
#4080 = ORIENTED_EDGE ( 'NONE', *, *, #7113, .T. ) ;
#4081 = CARTESIAN_POINT ( 'NONE',  ( 44.80000000000002558, 6.000000000000000000, -2.399479110140366078 ) ) ;
#4082 = AXIS2_PLACEMENT_3D ( 'NONE', #10679, #9035, #9700 ) ;
#4083 = EDGE_CURVE ( 'NONE', #6182, #9593, #9173, .T. ) ;
#4084 = PLANE ( 'NONE',  #814 ) ;
#4085 = ORIENTED_EDGE ( 'NONE', *, *, #1174, .T. ) ;
#4086 = FACE_OUTER_BOUND ( 'NONE', #9874, .T. ) ;
#4087 = ORIENTED_EDGE ( 'NONE', *, *, #4296, .T. ) ;
#4088 = CARTESIAN_POINT ( 'NONE',  ( 9.234851445641260598E-15, 0.000000000000000000, -9.050000000000022027 ) ) ;
#4089 = FACE_OUTER_BOUND ( 'NONE', #10300, .T. ) ;
#4090 = CIRCLE ( 'NONE', #2008, 2.750000000000001776 ) ;
#4091 = CARTESIAN_POINT ( 'NONE',  ( -44.74999999999998579, 0.000000000000000000, -6.750000000000002665 ) ) ;
#4092 = ORIENTED_EDGE ( 'NONE', *, *, #151, .T. ) ;
#4093 = EDGE_CURVE ( 'NONE', #9751, #6900, #3364, .T. ) ;
#4094 = ORIENTED_EDGE ( 'NONE', *, *, #9286, .F. ) ;
#4095 = FACE_OUTER_BOUND ( 'NONE', #5245, .T. ) ;
#4096 = CARTESIAN_POINT ( 'NONE',  ( 23.03234969852236702, 0.1248391197358923593, 2.766862494131269390 ) ) ;
#4097 = EDGE_CURVE ( 'NONE', #395, #6881, #777, .T. ) ;
#4098 = AXIS2_PLACEMENT_3D ( 'NONE', #337, #1036, #2895 ) ;
#4099 = CARTESIAN_POINT ( 'NONE',  ( 47.05000000000001137, 3.000000000000000000, -9.500000000000001776 ) ) ;
#4100 = ORIENTED_EDGE ( 'NONE', *, *, #1894, .F. ) ;
#4101 = LINE ( 'NONE', #8261, #8274 ) ;
#4102 = DIRECTION ( 'NONE',  ( 0.000000000000000000, -0.000000000000000000, 1.000000000000000000 ) ) ;
#4103 = DIRECTION ( 'NONE',  ( -0.000000000000000000, -0.000000000000000000, 1.000000000000000000 ) ) ;
#4104 = B_SPLINE_CURVE_WITH_KNOTS ( 'NONE', 3,
 ( #5271, #2981, #1348, #4453, #4674, #6205, #4505, #8008 ),
 .UNSPECIFIED., .F., .F.,
 ( 4, 2, 2, 4 ),
 ( -3.466145320677694348E-06, 0.0002882777914485988016, 0.0004341497598332370671, 0.0005800217282178752242 ),
 .UNSPECIFIED. ) ;
#4105 = CARTESIAN_POINT ( 'NONE',  ( -51.49999999999999289, 9.716960195022402047, -3.819531249999997602 ) ) ;
#4106 = DIRECTION ( 'NONE',  ( 0.000000000000000000, -0.000000000000000000, 1.000000000000000000 ) ) ;
#4107 = EDGE_CURVE ( 'NONE', #7648, #6311, #604, .T. ) ;
#4108 = ORIENTED_EDGE ( 'NONE', *, *, #10278, .F. ) ;
#4109 = EDGE_LOOP ( 'NONE', ( #3071, #6712, #994, #2629, #7602 ) ) ;
#4110 = AXIS2_PLACEMENT_3D ( 'NONE', #7816, #10138, #7653 ) ;
#4111 =( BOUNDED_SURFACE ( )  B_SPLINE_SURFACE ( 3, 2, ( 
 ( #3883, #7111, #3776 ),
 ( #4542, #6244, #2264 ),
 ( #7876, #7989, #5532 ),
 ( #3723, #10419, #5419 ),
 ( #2095, #2963, #8753 ),
 ( #7164, #1329, #1267 ),
 ( #6296, #3075, #509 ),
 ( #3129, #7277, #8870 ),
 ( #7224, #5585, #9641 ),
 ( #8926, #2148, #4656 ),
 ( #1438, #4762, #620 ),
 ( #8108, #8983, #1656 ),
 ( #2369, #6504, #5639 ),
 ( #1498, #5794, #4105 ) ),
 .UNSPECIFIED., .F., .F., .F. ) 
 B_SPLINE_SURFACE_WITH_KNOTS ( ( 4, 2, 2, 2, 2, 2, 4 ),
 ( 3, 3 ),
 ( 0.001155377463937263356, 0.001777644056775351446, 0.002088777353194395600, 0.002399910649613439320, 0.002711043946032483474, 0.003022177242451527628, 0.003644443835289615501 ),
 ( 0.2421920237796900965, 1.000000000000000000 ),
 .UNSPECIFIED. ) 
 GEOMETRIC_REPRESENTATION_ITEM ( )  RATIONAL_B_SPLINE_SURFACE ( (
 ( 0.8924876584055143613, 0.7780431826023216368, 1.000000000000000000),
 ( 0.9142263183624093070, 0.8229221584200171469, 1.000000000000000000),
 ( 0.9307382614168102641, 0.8570106944434434659, 1.000000000000000000),
 ( 0.9478720286472654966, 0.8923829725289531556, 1.000000000000000000),
 ( 0.9521871564488364470, 0.9012914570740436782, 1.000000000000000000),
 ( 0.9580339200396588151, 0.9133619693468608691, 1.000000000000000000),
 ( 0.9595443787238819855, 0.9164802774163227639, 1.000000000000000000),
 ( 0.9595213182611543878, 0.9164326696083372470, 1.000000000000000000),
 ( 0.9580366851112882554, 0.9133676777752106624, 1.000000000000000000),
 ( 0.9521631394559901818, 0.9012418745310855073, 1.000000000000000000),
 ( 0.9477395637319820931, 0.8921095016829362345, 1.000000000000000000),
 ( 0.9306991181601653729, 0.8569298840682004759, 1.000000000000000000),
 ( 0.9139791508507961737, 0.8224118866370001557, 1.000000000000000000),
 ( 0.8924876584055150275, 0.7780431826023229691, 1.000000000000000000) ) ) 
 REPRESENTATION_ITEM ( '' )  SURFACE ( )  );
#4112 = CARTESIAN_POINT ( 'NONE',  ( 37.89211819145298676, 0.2999999999999999889, -7.483866831501378769 ) ) ;
#4114 = CARTESIAN_POINT ( 'NONE',  ( 4.221712983474458477E-14, 11.00000000000000178, 13.55000000000015348 ) ) ;
#4113 = CARTESIAN_POINT ( 'NONE',  ( -35.24172192299145934, 0.2946731267839041712, 8.349999999999997868 ) ) ;
#4115 = ORIENTED_EDGE ( 'NONE', *, *, #8799, .F. ) ;
#4116 = CARTESIAN_POINT ( 'NONE',  ( -51.78135736848556547, 7.127892643055059096, -3.593355414828958594 ) ) ;
#4117 = AXIS2_PLACEMENT_3D ( 'NONE', #6979, #3808, #8627 ) ;
#4118 = LINE ( 'NONE', #1051, #2659 ) ;
#4119 = CIRCLE ( 'NONE', #10238, 4.341174913715429184 ) ;
#4120 = VERTEX_POINT ( 'NONE', #6909 ) ;
#4121 = CARTESIAN_POINT ( 'NONE',  ( -34.34233853611036835, 0.1265113557324328841, 3.601009191073224258 ) ) ;
#4122 = CARTESIAN_POINT ( 'NONE',  ( -51.82563198490996115, 9.491884724233155879, 3.630658523920744951 ) ) ;
#4123 = EDGE_CURVE ( 'NONE', #6736, #9547, #6143, .T. ) ;
#4124 = EDGE_CURVE ( 'NONE', #9577, #2581, #1841, .T. ) ;
#4125 = VECTOR ( 'NONE', #370, 1000.000000000000000 ) ;
#4126 = CARTESIAN_POINT ( 'NONE',  ( -30.28999999999999204, 0.5000000000000004441, -3.064999999999999947 ) ) ;
#4127 = CARTESIAN_POINT ( 'NONE',  ( -30.28999999999999204, 6.296018041280833089, 5.126319423154875000E-15 ) ) ;
#4128 = CARTESIAN_POINT ( 'NONE',  ( -51.81934719375804832, 9.378539756921012938, 3.805951680774171120 ) ) ;
#4129 = DIRECTION ( 'NONE',  ( 0.000000000000000000, 0.000000000000000000, -1.000000000000000000 ) ) ;
#4130 = DIRECTION ( 'NONE',  ( 1.000000000000000000, 0.000000000000000000, 0.000000000000000000 ) ) ;
#4131 = DIRECTION ( 'NONE',  ( -1.000000000000000000, 0.000000000000000000, -1.020425574104004196E-15 ) ) ;
#4132 = VECTOR ( 'NONE', #4291, 1000.000000000000000 ) ;
#4133 = ORIENTED_EDGE ( 'NONE', *, *, #6607, .T. ) ;
#4134 = EDGE_CURVE ( 'NONE', #7844, #5697, #3630, .T. ) ;
#4135 = ORIENTED_EDGE ( 'NONE', *, *, #6849, .T. ) ;
#4136 = DIRECTION ( 'NONE',  ( -0.000000000000000000, 0.000000000000000000, 1.000000000000000000 ) ) ;
#4137 = VERTEX_POINT ( 'NONE', #6800 ) ;
#4138 = PLANE ( 'NONE',  #3369 ) ;
#4139 = VECTOR ( 'NONE', #9542, 1000.000000000000000 ) ;
#4140 = DIRECTION ( 'NONE',  ( -0.000000000000000000, -1.000000000000000000, -0.000000000000000000 ) ) ;
#4141 = ORIENTED_EDGE ( 'NONE', *, *, #8085, .T. ) ;
#4142 = CARTESIAN_POINT ( 'NONE',  ( 6.982420150553256377, 0.2999999999999999889, 12.09390646055098628 ) ) ;
#4143 = ORIENTED_EDGE ( 'NONE', *, *, #3500, .F. ) ;
#4144 = PLANE ( 'NONE',  #5659 ) ;
#4145 = CARTESIAN_POINT ( 'NONE',  ( -31.11939691791956974, 0.1293615736281126527, 3.615000000000000213 ) ) ;
#4146 = ADVANCED_FACE ( 'NONE', ( #153 ), #3685, .T. ) ;
#4147 = EDGE_CURVE ( 'NONE', #3559, #1890, #10375, .T. ) ;
#4148 = ORIENTED_EDGE ( 'NONE', *, *, #9405, .T. ) ;
#4149 = CARTESIAN_POINT ( 'NONE',  ( 1.050000000000021361, 13.30000000000000071, 13.54999999999999893 ) ) ;
#4151 = CARTESIAN_POINT ( 'NONE',  ( -51.76634909492501180, 9.522991074029080849, -3.782849669574301021 ) ) ;
#4150 = DIRECTION ( 'NONE',  ( 0.000000000000000000, -2.891205793294679805E-16, 1.000000000000000000 ) ) ;
#4152 = DIRECTION ( 'NONE',  ( 0.000000000000000000, 0.000000000000000000, -1.000000000000000000 ) ) ;
#4153 = ORIENTED_EDGE ( 'NONE', *, *, #625, .T. ) ;
#4154 = DIRECTION ( 'NONE',  ( 0.000000000000000000, 0.000000000000000000, 1.000000000000000000 ) ) ;
#4155 = EDGE_CURVE ( 'NONE', #5316, #4160, #1179, .T. ) ;
#4156 = DIRECTION ( 'NONE',  ( 0.000000000000000000, -0.000000000000000000, 1.000000000000000000 ) ) ;
#4157 = CYLINDRICAL_SURFACE ( 'NONE', #8819, 0.8500000000000069722 ) ;
#4158 = CARTESIAN_POINT ( 'NONE',  ( -1.549999999999978506, 15.10000000000000142, 14.75000000000000178 ) ) ;
#4159 = DIRECTION ( 'NONE',  ( 0.000000000000000000, 0.6931369447486273039, -0.7208059210526355232 ) ) ;
#4160 = VERTEX_POINT ( 'NONE', #4342 ) ;
#4161 = AXIS2_PLACEMENT_3D ( 'NONE', #7921, #443, #3551 ) ;
#4162 = EDGE_CURVE ( 'NONE', #7539, #726, #7786, .T. ) ;
#4163 = ORIENTED_EDGE ( 'NONE', *, *, #9261, .T. ) ;
#4164 = CIRCLE ( 'NONE', #10635, 0.1999999999999987899 ) ;
#4165 = ORIENTED_EDGE ( 'NONE', *, *, #1352, .T. ) ;
#4166 = CARTESIAN_POINT ( 'NONE',  ( 47.04999999999999716, 8.000000000000000000, 10.34999999999999787 ) ) ;
#4168 = DIRECTION ( 'NONE',  ( 1.000000000000000000, 0.000000000000000000, 0.000000000000000000 ) ) ;
#4167 = CARTESIAN_POINT ( 'NONE',  ( -51.95568058483289775, 7.315219914338446650, 3.641416195902995590 ) ) ;
#4169 = ORIENTED_EDGE ( 'NONE', *, *, #3428, .F. ) ;
#4170 = ORIENTED_EDGE ( 'NONE', *, *, #2582, .T. ) ;
#4171 = EDGE_CURVE ( 'NONE', #10531, #3578, #2357, .T. ) ;
#4172 = ORIENTED_EDGE ( 'NONE', *, *, #1662, .F. ) ;
#4173 = DIRECTION ( 'NONE',  ( 0.000000000000000000, 0.000000000000000000, -1.000000000000000000 ) ) ;
#4174 = FACE_OUTER_BOUND ( 'NONE', #4875, .T. ) ;
#4175 = CARTESIAN_POINT ( 'NONE',  ( -7.399999999999942624, 13.30000000000000071, 14.19019237886469398 ) ) ;
#4176 = ORIENTED_EDGE ( 'NONE', *, *, #9171, .T. ) ;
#4177 = DIRECTION ( 'NONE',  ( -1.000000000000000000, 0.000000000000000000, 0.000000000000000000 ) ) ;
#4178 = PLANE ( 'NONE',  #6523 ) ;
#4179 = ADVANCED_FACE ( 'NONE', ( #9548 ), #2707, .T. ) ;
#4180 = CARTESIAN_POINT ( 'NONE',  ( -51.49999999999998579, 10.00000000000000000, 2.449999999999999289 ) ) ;
#4181 = DIRECTION ( 'NONE',  ( 0.000000000000000000, 0.000000000000000000, 1.000000000000000000 ) ) ;
#4182 = EDGE_CURVE ( 'NONE', #8191, #273, #7743, .T. ) ;
#4183 = CARTESIAN_POINT ( 'NONE',  ( -51.66873040192809441, 8.152082915616905012, 4.337720183757097558 ) ) ;
#4184 = CARTESIAN_POINT ( 'NONE',  ( -7.549999999999978506, 11.00000000000000178, -14.45000000000000107 ) ) ;
#4185 = AXIS2_PLACEMENT_3D ( 'NONE', #518, #5326, #3673 ) ;
#4186 = VERTEX_POINT ( 'NONE', #6309 ) ;
#4187 = DIRECTION ( 'NONE',  ( 0.6427876096865379196, 0.000000000000000000, -0.7660444431189792347 ) ) ;
#4188 = VERTEX_POINT ( 'NONE', #8770 ) ;
#4189 = CARTESIAN_POINT ( 'NONE',  ( 38.63172798364529825, 0.5000000000000000000, 5.581727983645293101 ) ) ;
#4190 = EDGE_CURVE ( 'NONE', #2720, #7690, #7073, .T. ) ;
#4191 = FACE_OUTER_BOUND ( 'NONE', #10436, .T. ) ;
#4192 = CIRCLE ( 'NONE', #6464, 9.000000000000012434 ) ;
#4193 = CARTESIAN_POINT ( 'NONE',  ( 30.50000000000001066, -0.0009999999999999158867, -11.35000000000001741 ) ) ;
#4194 = ORIENTED_EDGE ( 'NONE', *, *, #8151, .T. ) ;
#4195 = DIRECTION ( 'NONE',  ( 0.000000000000000000, 0.000000000000000000, -1.000000000000000000 ) ) ;
#4196 = ORIENTED_EDGE ( 'NONE', *, *, #5681, .T. ) ;
#4197 = VERTEX_POINT ( 'NONE', #1402 ) ;
#4198 = DIRECTION ( 'NONE',  ( 0.000000000000000000, 0.000000000000000000, 1.000000000000000000 ) ) ;
#4200 = PLANE ( 'NONE',  #653 ) ;
#4199 = PLANE ( 'NONE',  #10108 ) ;
#4201 = CARTESIAN_POINT ( 'NONE',  ( 31.25000000000004263, -0.0009999999999999158867, 0.000000000000000000 ) ) ;
#4202 = ORIENTED_EDGE ( 'NONE', *, *, #9227, .F. ) ;
#4203 = FACE_OUTER_BOUND ( 'NONE', #4756, .T. ) ;
#4204 = EDGE_CURVE ( 'NONE', #3063, #2188, #10488, .T. ) ;
#4205 = EDGE_CURVE ( 'NONE', #286, #6620, #3091, .T. ) ;
#4206 = PLANE ( 'NONE',  #7209 ) ;
#4207 = CARTESIAN_POINT ( 'NONE',  ( 9.327580595034019519E-16, 17.60000000000000142, 13.54999999999999538 ) ) ;
#4208 = FACE_OUTER_BOUND ( 'NONE', #9877, .T. ) ;
#4209 = FACE_OUTER_BOUND ( 'NONE', #2593, .T. ) ;
#4210 = CARTESIAN_POINT ( 'NONE',  ( -46.74749843554379680, 16.60000000000000142, 13.25000000000000178 ) ) ;
#4211 = VERTEX_POINT ( 'NONE', #2328 ) ;
#4212 = ORIENTED_EDGE ( 'NONE', *, *, #3916, .T. ) ;
#4213 = ORIENTED_EDGE ( 'NONE', *, *, #4097, .F. ) ;
#4214 = CARTESIAN_POINT ( 'NONE',  ( -47.04999999999998295, 8.000000000000000000, -9.500000000000001776 ) ) ;
#4216 = CARTESIAN_POINT ( 'NONE',  ( -40.00228633380068999, 0.1679172698444631462, 2.765000000000000124 ) ) ;
#4215 = CYLINDRICAL_SURFACE ( 'NONE', #766, 2.000000000000000000 ) ;
#4217 = VERTEX_POINT ( 'NONE', #2980 ) ;
#4218 = EDGE_CURVE ( 'NONE', #749, #8156, #3899, .T. ) ;
#4219 = ORIENTED_EDGE ( 'NONE', *, *, #6616, .F. ) ;
#4220 = CARTESIAN_POINT ( 'NONE',  ( 47.04999999999999716, 3.000000000000000000, 9.500000000000000000 ) ) ;
#4221 = CIRCLE ( 'NONE', #1958, 5.499999999999985789 ) ;
#4222 = VERTEX_POINT ( 'NONE', #9821 ) ;
#4223 = DIRECTION ( 'NONE',  ( 0.000000000000000000, 0.000000000000000000, 1.000000000000000000 ) ) ;
#4224 = DIRECTION ( 'NONE',  ( 0.000000000000000000, 0.000000000000000000, 1.000000000000000000 ) ) ;
#4225 = ORIENTED_EDGE ( 'NONE', *, *, #5000, .T. ) ;
#4226 = VERTEX_POINT ( 'NONE', #6469 ) ;
#4227 = CARTESIAN_POINT ( 'NONE',  ( 23.40000000000001279, 1.000000000000000000, -10.34999999999999964 ) ) ;
#4228 = CARTESIAN_POINT ( 'NONE',  ( 31.24999999999998934, 0.5000000000000000000, -7.798623679425834787 ) ) ;
#4229 = CARTESIAN_POINT ( 'NONE',  ( -1.549999999999978506, 15.10000000000000142, -12.35000000000015774 ) ) ;
#4230 = CARTESIAN_POINT ( 'NONE',  ( -31.27472780755320869, 0.000000000000000000, 2.965000000000000302 ) ) ;
#4231 = CARTESIAN_POINT ( 'NONE',  ( -51.75957954963233476, 7.507737535849601684, 3.999730970226952120 ) ) ;
#4232 = CARTESIAN_POINT ( 'NONE',  ( -51.55632768281996192, 8.278783389005441862, 4.349990371977842329 ) ) ;
#4233 = VECTOR ( 'NONE', #8373, 1000.000000000000000 ) ;
#4234 = AXIS2_PLACEMENT_3D ( 'NONE', #5401, #7916, #5453 ) ;
#4235 = EDGE_CURVE ( 'NONE', #1944, #5918, #3843, .T. ) ;
#4236 = AXIS2_PLACEMENT_3D ( 'NONE', #6822, #6724, #128 ) ;
#4237 = ORIENTED_EDGE ( 'NONE', *, *, #843, .F. ) ;
#4238 = VECTOR ( 'NONE', #1242, 1000.000000000000000 ) ;
#4239 = LINE ( 'NONE', #10052, #9219 ) ;
#4240 = EDGE_LOOP ( 'NONE', ( #7389, #2708, #7977, #377, #3874 ) ) ;
#4241 = LINE ( 'NONE', #3585, #4413 ) ;
#4242 = VECTOR ( 'NONE', #6251, 1000.000000000000000 ) ;
#4243 = CARTESIAN_POINT ( 'NONE',  ( 31.24999999999998579, 0.5000000000000000000, -11.31869555732606969 ) ) ;
#4244 = VECTOR ( 'NONE', #2054, 1000.000000000000227 ) ;
#4245 = ORIENTED_EDGE ( 'NONE', *, *, #10134, .F. ) ;
#4246 = CARTESIAN_POINT ( 'NONE',  ( 29.75000000000003197, -0.0009999999999999158867, 6.618695557326041978 ) ) ;
#4247 = ORIENTED_EDGE ( 'NONE', *, *, #8773, .F. ) ;
#4248 = DIRECTION ( 'NONE',  ( -1.000000000000000000, -0.000000000000000000, -1.020425574104004196E-15 ) ) ;
#4249 = CARTESIAN_POINT ( 'NONE',  ( -39.98506879479626974, 0.1999999999999987899, 3.615000000000000213 ) ) ;
#4250 = VECTOR ( 'NONE', #4347, 1000.000000000000000 ) ;
#4251 = EDGE_CURVE ( 'NONE', #6711, #3610, #5655, .T. ) ;
#4252 = AXIS2_PLACEMENT_3D ( 'NONE', #1997, #6304, #10432 ) ;
#4253 = EDGE_CURVE ( 'NONE', #3064, #5754, #4263, .T. ) ;
#4254 = VERTEX_POINT ( 'NONE', #2167 ) ;
#4255 = VECTOR ( 'NONE', #6763, 1000.000000000000000 ) ;
#4256 = VECTOR ( 'NONE', #2418, 1000.000000000000000 ) ;
#4257 = ORIENTED_EDGE ( 'NONE', *, *, #2563, .F. ) ;
#4258 = DIRECTION ( 'NONE',  ( 0.000000000000000000, -1.000000000000000000, 0.000000000000000000 ) ) ;
#4259 = CARTESIAN_POINT ( 'NONE',  ( -19.54999999999997939, 16.60000000000000142, -13.25000000000000533 ) ) ;
#4260 = DIRECTION ( 'NONE',  ( -0.8660254037844388186, 0.000000000000000000, 0.4999999999999997780 ) ) ;
#4261 = ORIENTED_EDGE ( 'NONE', *, *, #299, .T. ) ;
#4262 = DIRECTION ( 'NONE',  ( 0.000000000000000000, 0.000000000000000000, 1.000000000000000000 ) ) ;
#4263 = CIRCLE ( 'NONE', #8457, 9.000000000000012434 ) ;
#4264 = DIRECTION ( 'NONE',  ( 1.000000000000000000, 0.000000000000000000, 0.000000000000000000 ) ) ;
#4265 = CARTESIAN_POINT ( 'NONE',  ( -31.27472780755320869, 0.000000000000000000, 8.549999999999998934 ) ) ;
#4266 = DIRECTION ( 'NONE',  ( 1.000000000000000000, 0.000000000000000000, -4.231032868236115418E-16 ) ) ;
#4267 = VECTOR ( 'NONE', #8376, 1000.000000000000000 ) ;
#4268 = DIRECTION ( 'NONE',  ( 1.000000000000000000, 0.000000000000000000, 1.020425574104004196E-15 ) ) ;
#4269 = DIRECTION ( 'NONE',  ( 0.000000000000000000, 1.000000000000000000, -0.000000000000000000 ) ) ;
#4270 = ORIENTED_EDGE ( 'NONE', *, *, #4475, .F. ) ;
#4271 = ORIENTED_EDGE ( 'NONE', *, *, #282, .F. ) ;
#4272 = EDGE_CURVE ( 'NONE', #2511, #10037, #4673, .T. ) ;
#4273 = ORIENTED_EDGE ( 'NONE', *, *, #4406, .T. ) ;
#4274 = AXIS2_PLACEMENT_3D ( 'NONE', #9316, #351, #6838 ) ;
#4275 = DIRECTION ( 'NONE',  ( 0.000000000000000000, 1.000000000000000000, 0.000000000000000000 ) ) ;
#4277 = CARTESIAN_POINT ( 'NONE',  ( -52.74999999999998579, 9.700000000000001066, -2.924999999999996270 ) ) ;
#4276 = LINE ( 'NONE', #3657, #4502 ) ;
#4278 = ORIENTED_EDGE ( 'NONE', *, *, #8704, .F. ) ;
#4279 = ORIENTED_EDGE ( 'NONE', *, *, #7422, .F. ) ;
#4280 = DIRECTION ( 'NONE',  ( 0.000000000000000000, 0.000000000000000000, 1.000000000000000000 ) ) ;
#4281 = CIRCLE ( 'NONE', #1671, 4.450000000000004619 ) ;
#4282 = ORIENTED_EDGE ( 'NONE', *, *, #6747, .T. ) ;
#4283 = CARTESIAN_POINT ( 'NONE',  ( -51.99999999999998579, 8.400000000000000355, -2.924999999999996270 ) ) ;
#4284 = LINE ( 'NONE', #1055, #6527 ) ;
#4285 = ORIENTED_EDGE ( 'NONE', *, *, #318, .T. ) ;
#4286 = VERTEX_POINT ( 'NONE', #1513 ) ;
#4287 = ADVANCED_FACE ( 'NONE', ( #1285 ), #10437, .T. ) ;
#4288 = DIRECTION ( 'NONE',  ( -0.000000000000000000, -0.000000000000000000, 1.000000000000000000 ) ) ;
#4289 = LINE ( 'NONE', #7620, #9330 ) ;
#4290 = AXIS2_PLACEMENT_3D ( 'NONE', #4647, #10513, #8805 ) ;
#4291 = DIRECTION ( 'NONE',  ( -0.000000000000000000, 1.000000000000000000, -0.000000000000000000 ) ) ;
#4292 = DIRECTION ( 'NONE',  ( 0.000000000000000000, 1.000000000000000000, -0.000000000000000000 ) ) ;
#4293 = CARTESIAN_POINT ( 'NONE',  ( -400000.2249999999767, 5.500000000000000000, -6.750000000010913936 ) ) ;
#4294 = CARTESIAN_POINT ( 'NONE',  ( -51.49999999999998579, 7.083039804977592446, 3.819531249999994049 ) ) ;
#4295 = ADVANCED_FACE ( 'NONE', ( #2278 ), #8007, .T. ) ;
#4296 = EDGE_CURVE ( 'NONE', #2751, #5604, #4078, .T. ) ;
#4297 = ORIENTED_EDGE ( 'NONE', *, *, #2345, .T. ) ;
#4298 = LINE ( 'NONE', #5933, #5380 ) ;
#4299 = ORIENTED_EDGE ( 'NONE', *, *, #2079, .T. ) ;
#4300 = CARTESIAN_POINT ( 'NONE',  ( 26.21860260373165374, 1.893965670060614769E-15, -5.419905151940321630 ) ) ;
#4301 = CARTESIAN_POINT ( 'NONE',  ( 51.50000000000001421, 11.34999999999999964, 3.299999999999999378 ) ) ;
#4302 = ADVANCED_FACE ( 'NONE', ( #6420 ), #4780, .F. ) ;
#4303 = CARTESIAN_POINT ( 'NONE',  ( -31.47472780755320443, 0.2000000000000000111, 2.765000000000000124 ) ) ;
#4304 = CARTESIAN_POINT ( 'NONE',  ( -31.22777815357900622, 3.000000000000000000, -2.765000000000000124 ) ) ;
#4305 = ORIENTED_EDGE ( 'NONE', *, *, #3587, .T. ) ;
#4306 = B_SPLINE_CURVE_WITH_KNOTS ( 'NONE', 3,
 ( #2358, #7975, #3926, #6332 ),
 .UNSPECIFIED., .F., .F.,
 ( 4, 4 ),
 ( 0.000000000000000000, 7.870128501812629208E-06 ),
 .UNSPECIFIED. ) ;
#4307 = CARTESIAN_POINT ( 'NONE',  ( 51.50000000000001421, 11.00000000000000178, -9.500000000000001776 ) ) ;
#4308 = CARTESIAN_POINT ( 'NONE',  ( -51.98183304299722352, 7.189219421286884071, -3.450629295177511935 ) ) ;
#4309 = CARTESIAN_POINT ( 'NONE',  ( -44.74999999999998579, 8.000000000000000000, -14.75000000000000355 ) ) ;
#4310 = ORIENTED_EDGE ( 'NONE', *, *, #9792, .F. ) ;
#4311 = EDGE_CURVE ( 'NONE', #6785, #1762, #2225, .T. ) ;
#4312 = FACE_OUTER_BOUND ( 'NONE', #9992, .T. ) ;
#4313 = EDGE_CURVE ( 'NONE', #4332, #4120, #8061, .T. ) ;
#4314 = DIRECTION ( 'NONE',  ( 1.000000000000000000, 0.000000000000000000, -0.000000000000000000 ) ) ;
#4315 = CARTESIAN_POINT ( 'NONE',  ( 40.80000000000001137, 5.400000000000000355, 0.000000000000000000 ) ) ;
#4316 = DIRECTION ( 'NONE',  ( 0.000000000000000000, 0.000000000000000000, 1.000000000000000000 ) ) ;
#4317 = FACE_OUTER_BOUND ( 'NONE', #1404, .T. ) ;
#4318 = EDGE_LOOP ( 'NONE', ( #10166, #9205, #446, #4389 ) ) ;
#4319 = ORIENTED_EDGE ( 'NONE', *, *, #9824, .F. ) ;
#4320 = ORIENTED_EDGE ( 'NONE', *, *, #1497, .T. ) ;
#4321 = CARTESIAN_POINT ( 'NONE',  ( 38.93469035668907452, 5.400000000000000355, 4.549999999999998934 ) ) ;
#4323 = CARTESIAN_POINT ( 'NONE',  ( 40.80000000000001137, 5.500000000000000000, 10.25000000000000000 ) ) ;
#4322 = CARTESIAN_POINT ( 'NONE',  ( -40.21146882909597764, 0.000000000000000000, -9.050000000000062883 ) ) ;
#4324 = ORIENTED_EDGE ( 'NONE', *, *, #884, .T. ) ;
#4325 = EDGE_CURVE ( 'NONE', #7195, #8053, #1726, .T. ) ;
#4326 = CARTESIAN_POINT ( 'NONE',  ( -31.39188509507858527, 3.268866404956363135E-17, -3.532157287525381939 ) ) ;
#4327 = CIRCLE ( 'NONE', #5731, 1.000000000000000888 ) ;
#4328 = CARTESIAN_POINT ( 'NONE',  ( -31.11939691791956974, 0.5000000000000004441, -20.34067203111831290 ) ) ;
#4329 = DIRECTION ( 'NONE',  ( -0.000000000000000000, -0.000000000000000000, -1.000000000000000000 ) ) ;
#4330 = ORIENTED_EDGE ( 'NONE', *, *, #9845, .T. ) ;
#4331 = ORIENTED_EDGE ( 'NONE', *, *, #660, .F. ) ;
#4332 = VERTEX_POINT ( 'NONE', #8390 ) ;
#4333 = VECTOR ( 'NONE', #9609, 1000.000000000000000 ) ;
#4334 = DIRECTION ( 'NONE',  ( 1.000000000000000000, 0.000000000000000000, 0.000000000000000000 ) ) ;
#4335 = FACE_OUTER_BOUND ( 'NONE', #2533, .T. ) ;
#4336 = CARTESIAN_POINT ( 'NONE',  ( -51.81257746176732581, 7.976581355789723382, 4.158831838306139339 ) ) ;
#4337 = LINE ( 'NONE', #9601, #9304 ) ;
#4338 = DIRECTION ( 'NONE',  ( 0.000000000000000000, 0.000000000000000000, 1.000000000000000000 ) ) ;
#4339 = EDGE_CURVE ( 'NONE', #3887, #2792, #5870, .T. ) ;
#4340 = EDGE_CURVE ( 'NONE', #3184, #6308, #10129, .T. ) ;
#4341 = ORIENTED_EDGE ( 'NONE', *, *, #5751, .F. ) ;
#4342 = CARTESIAN_POINT ( 'NONE',  ( -22.34999999999997655, 11.00000000000000178, 13.54999999999999893 ) ) ;
#4343 = ORIENTED_EDGE ( 'NONE', *, *, #4877, .T. ) ;
#4344 = DIRECTION ( 'NONE',  ( 0.000000000000000000, 1.000000000000000000, 2.891205793294676354E-16 ) ) ;
#4345 = VERTEX_POINT ( 'NONE', #10806 ) ;
#4346 = ADVANCED_FACE ( 'NONE', ( #7501 ), #900, .T. ) ;
#4347 = DIRECTION ( 'NONE',  ( 0.000000000000000000, 0.000000000000000000, 1.000000000000000000 ) ) ;
#4348 = CARTESIAN_POINT ( 'NONE',  ( -34.33293214504335822, 0.1503201388544058437, 3.610415582140241497 ) ) ;
#4349 = CARTESIAN_POINT ( 'NONE',  ( -40.03434658500975019, 0.1071145293931473896, -3.592122244086235483 ) ) ;
#4350 = EDGE_CURVE ( 'NONE', #1017, #6651, #6520, .T. ) ;
#4351 = DIRECTION ( 'NONE',  ( -0.000000000000000000, 1.000000000000000000, -0.000000000000000000 ) ) ;
#4352 = VECTOR ( 'NONE', #2157, 1000.000000000000000 ) ;
#4353 = ORIENTED_EDGE ( 'NONE', *, *, #7458, .F. ) ;
#4354 = ORIENTED_EDGE ( 'NONE', *, *, #3536, .T. ) ;
#4355 = AXIS2_PLACEMENT_3D ( 'NONE', #893, #10188, #7656 ) ;
#4356 = LINE ( 'NONE', #9348, #4995 ) ;
#4357 = FACE_OUTER_BOUND ( 'NONE', #867, .T. ) ;
#4358 = VERTEX_POINT ( 'NONE', #7448 ) ;
#4359 = CARTESIAN_POINT ( 'NONE',  ( -51.79999999999999005, 6.924687654520280233, -3.137801170208943891 ) ) ;
#4360 = FACE_OUTER_BOUND ( 'NONE', #8820, .T. ) ;
#4361 = CARTESIAN_POINT ( 'NONE',  ( 52.30100000000003746, 9.700000000000001066, 2.924999999999949196 ) ) ;
#4362 = CARTESIAN_POINT ( 'NONE',  ( 0.000000000000000000, 11.00000000000000178, 0.000000000000000000 ) ) ;
#4363 = DIRECTION ( 'NONE',  ( -1.000000000000000000, 0.000000000000000000, 0.000000000000000000 ) ) ;
#4364 = ORIENTED_EDGE ( 'NONE', *, *, #4350, .T. ) ;
#4365 = EDGE_LOOP ( 'NONE', ( #2030, #4485, #7226, #3094 ) ) ;
#4366 = EDGE_CURVE ( 'NONE', #2654, #1941, #8998, .T. ) ;
#4367 = ORIENTED_EDGE ( 'NONE', *, *, #4205, .T. ) ;
#4368 = CARTESIAN_POINT ( 'NONE',  ( 31.17510858178177102, 0.09795398803915129904, -7.733001662233784046 ) ) ;
#4370 = CARTESIAN_POINT ( 'NONE',  ( 30.50000000000001066, 0.5000000000000000000, -2.350000000000004974 ) ) ;
#4369 = FACE_OUTER_BOUND ( 'NONE', #9703, .T. ) ;
#4371 = ORIENTED_EDGE ( 'NONE', *, *, #7627, .F. ) ;
#4372 = VERTEX_POINT ( 'NONE', #7554 ) ;
#4373 = CARTESIAN_POINT ( 'NONE',  ( -51.89424698005088743, 7.978067474405613702, -4.159279481154441349 ) ) ;
#4374 = DIRECTION ( 'NONE',  ( 0.000000000000000000, 0.000000000000000000, 1.000000000000000000 ) ) ;
#4375 = ORIENTED_EDGE ( 'NONE', *, *, #2828, .T. ) ;
#4376 = DIRECTION ( 'NONE',  ( -1.000000000000000000, 0.000000000000000000, 0.000000000000000000 ) ) ;
#4377 = LINE ( 'NONE', #3466, #9333 ) ;
#4378 = ORIENTED_EDGE ( 'NONE', *, *, #5898, .T. ) ;
#4379 = VERTEX_POINT ( 'NONE', #85 ) ;
#4380 = VERTEX_POINT ( 'NONE', #2383 ) ;
#4381 = ADVANCED_FACE ( 'NONE', ( #4005 ), #6005, .F. ) ;
#4382 = EDGE_CURVE ( 'NONE', #4529, #1165, #786, .T. ) ;
#4383 = DIRECTION ( 'NONE',  ( 1.000000000000000000, 0.000000000000000000, 0.000000000000000000 ) ) ;
#4384 = CARTESIAN_POINT ( 'NONE',  ( 1.050000000000021361, 13.30000000000000071, -13.54999999999999893 ) ) ;
#4385 = CARTESIAN_POINT ( 'NONE',  ( -35.26554871542300162, 0.08284271247461814924, -2.765000000000000124 ) ) ;
#4386 = DIRECTION ( 'NONE',  ( -0.000000000000000000, 1.000000000000000000, -0.000000000000000000 ) ) ;
#4387 = CIRCLE ( 'NONE', #4943, 3.000000000000002665 ) ;
#4388 = DIRECTION ( 'NONE',  ( 1.000000000000000000, 0.000000000000000000, 0.000000000000000000 ) ) ;
#4389 = ORIENTED_EDGE ( 'NONE', *, *, #7360, .T. ) ;
#4390 = CARTESIAN_POINT ( 'NONE',  ( -30.28999999999999204, 3.029933988600507000, 9.348063053291873814 ) ) ;
#4391 = AXIS2_PLACEMENT_3D ( 'NONE', #10591, #7330, #3138 ) ;
#4392 = ORIENTED_EDGE ( 'NONE', *, *, #8848, .T. ) ;
#4393 = VECTOR ( 'NONE', #5927, 1000.000000000000000 ) ;
#4394 = EDGE_CURVE ( 'NONE', #10114, #3479, #1673, .T. ) ;
#4395 = EDGE_CURVE ( 'NONE', #8033, #4621, #264, .T. ) ;
#4396 = DIRECTION ( 'NONE',  ( -0.000000000000000000, -1.000000000000000000, -0.000000000000000000 ) ) ;
#4397 = VERTEX_POINT ( 'NONE', #5709 ) ;
#4398 = CARTESIAN_POINT ( 'NONE',  ( 34.84364652204421020, 0.2531612188914912354, -5.723830892551273308 ) ) ;
#4399 = CYLINDRICAL_SURFACE ( 'NONE', #3083, 0.2999999999999999334 ) ;
#4400 = FACE_OUTER_BOUND ( 'NONE', #7587, .T. ) ;
#4401 = AXIS2_PLACEMENT_3D ( 'NONE', #1035, #6059, #336 ) ;
#4402 = AXIS2_PLACEMENT_3D ( 'NONE', #2274, #8055, #8764 ) ;
#4403 = DIRECTION ( 'NONE',  ( -0.000000000000000000, -1.000000000000000000, -0.000000000000000000 ) ) ;
#4404 = AXIS2_PLACEMENT_3D ( 'NONE', #3107, #652, #9995 ) ;
#4405 = ORIENTED_EDGE ( 'NONE', *, *, #7281, .F. ) ;
#4406 = EDGE_CURVE ( 'NONE', #3184, #10095, #9048, .T. ) ;
#4407 = VECTOR ( 'NONE', #10176, 1000.000000000000000 ) ;
#4408 = CIRCLE ( 'NONE', #5267, 0.6000000000000007550 ) ;
#4409 = CARTESIAN_POINT ( 'NONE',  ( 9.234851445641260598E-15, 0.000000000000000000, -9.050000000000022027 ) ) ;
#4410 = CYLINDRICAL_SURFACE ( 'NONE', #9189, 5.499999999999985789 ) ;
#4411 = ORIENTED_EDGE ( 'NONE', *, *, #549, .T. ) ;
#4412 = CARTESIAN_POINT ( 'NONE',  ( -7.549999999999978506, 13.30000000000000071, -14.75000000000000178 ) ) ;
#4413 = VECTOR ( 'NONE', #7631, 1000.000000000000000 ) ;
#4414 = CARTESIAN_POINT ( 'NONE',  ( 22.32335966720670228, 0.09378038618371598023, -6.295855630624884292 ) ) ;
#4415 = DIRECTION ( 'NONE',  ( 0.000000000000000000, 1.000000000000000000, -0.000000000000000000 ) ) ;
#4416 = B_SPLINE_CURVE_WITH_KNOTS ( 'NONE', 3,
 ( #3519, #10206, #6035, #1888, #8548, #7122 ),
 .UNSPECIFIED., .F., .F.,
 ( 4, 2, 4 ),
 ( -6.324574032845356889E-06, 0.0004159297648535589548, 0.0008381841037399631903 ),
 .UNSPECIFIED. ) ;
#4417 = CARTESIAN_POINT ( 'NONE',  ( -30.28999999999999204, 3.179086282430880317, -9.850000000000052935 ) ) ;
#4418 = AXIS2_PLACEMENT_3D ( 'NONE', #2971, #3784, #7118 ) ;
#4419 = AXIS2_PLACEMENT_3D ( 'NONE', #10448, #3535, #10221 ) ;
#4420 = DIRECTION ( 'NONE',  ( 1.000000000000000000, -0.000000000000000000, -0.000000000000000000 ) ) ;
#4421 = ADVANCED_FACE ( 'NONE', ( #4174 ), #8337, .T. ) ;
#4422 = ORIENTED_EDGE ( 'NONE', *, *, #9550, .T. ) ;
#4423 = ORIENTED_EDGE ( 'NONE', *, *, #6484, .T. ) ;
#4424 = EDGE_LOOP ( 'NONE', ( #6806, #529, #6263, #2969 ) ) ;
#4425 = ADVANCED_FACE ( 'NONE', ( #736 ), #4059, .F. ) ;
#4426 = DIRECTION ( 'NONE',  ( 0.000000000000000000, 0.000000000000000000, 1.000000000000000000 ) ) ;
#4428 = DIRECTION ( 'NONE',  ( 1.000000000000000000, -0.000000000000000000, -0.000000000000000000 ) ) ;
#4427 = DIRECTION ( 'NONE',  ( 0.000000000000000000, 0.000000000000000000, -1.000000000000000000 ) ) ;
#4429 = VECTOR ( 'NONE', #6368, 1000.000000000000000 ) ;
#4430 = EDGE_LOOP ( 'NONE', ( #10360, #9427, #3136, #9288 ) ) ;
#4431 = ORIENTED_EDGE ( 'NONE', *, *, #2017, .F. ) ;
#4432 = VECTOR ( 'NONE', #1878, 1000.000000000000000 ) ;
#4433 = ORIENTED_EDGE ( 'NONE', *, *, #2556, .F. ) ;
#4434 = ADVANCED_FACE ( 'NONE', ( #3251 ), #6575, .T. ) ;
#4435 = CARTESIAN_POINT ( 'NONE',  ( -51.89420783010355365, 8.820788012308172554, -4.159637416766262419 ) ) ;
#4436 = CARTESIAN_POINT ( 'NONE',  ( -31.60047529527845001, 3.276389878762281160, -20.34067203111831290 ) ) ;
#4437 = DIRECTION ( 'NONE',  ( -3.652049423109068320E-16, 0.000000000000000000, -1.000000000000000000 ) ) ;
#4438 = CARTESIAN_POINT ( 'NONE',  ( -51.89420172950727306, 8.820613841954441980, -4.159693197046812507 ) ) ;
#4439 = ORIENTED_EDGE ( 'NONE', *, *, #617, .T. ) ;
#4440 = EDGE_LOOP ( 'NONE', ( #9696, #7663, #8490, #951, #1658, #393, #2816, #3501, #3824, #8110 ) ) ;
#4441 = ORIENTED_EDGE ( 'NONE', *, *, #204, .T. ) ;
#4442 = VERTEX_POINT ( 'NONE', #4939 ) ;
#4443 = CARTESIAN_POINT ( 'NONE',  ( -1.549999999999978506, 13.30000000000000071, 13.35000000000015774 ) ) ;
#4444 = CARTESIAN_POINT ( 'NONE',  ( 1.671642622304922590E-15, 15.10000000000000142, 13.24999999999999645 ) ) ;
#4445 = LINE ( 'NONE', #7782, #7799 ) ;
#4446 = CARTESIAN_POINT ( 'NONE',  ( 2.550000000000021583, 15.10000000000000142, -13.35000000000015952 ) ) ;
#4447 = AXIS2_PLACEMENT_3D ( 'NONE', #9962, #2465, #6660 ) ;
#4448 = ADVANCED_FACE ( 'NONE', ( #8282 ), #3666, .F. ) ;
#4449 = FACE_OUTER_BOUND ( 'NONE', #2759, .T. ) ;
#4450 = EDGE_CURVE ( 'NONE', #7684, #914, #301, .T. ) ;
#4451 = ORIENTED_EDGE ( 'NONE', *, *, #8291, .F. ) ;
#4452 = CARTESIAN_POINT ( 'NONE',  ( -30.28999999999999204, 2.940372179677367637, 9.348482159786014378 ) ) ;
#4453 = CARTESIAN_POINT ( 'NONE',  ( 29.82889104939042113, 0.09378038618371749291, 6.704106061119894377 ) ) ;
#4454 = EDGE_LOOP ( 'NONE', ( #5730, #10189, #3727, #4324, #9279, #7745, #9584, #10818 ) ) ;
#4455 = VECTOR ( 'NONE', #3656, 1000.000000000000000 ) ;
#4456 = CARTESIAN_POINT ( 'NONE',  ( -40.08977263648107225, 0.1999999999999987899, -2.765000000000000124 ) ) ;
#4457 =( BOUNDED_SURFACE ( )  B_SPLINE_SURFACE ( 3, 2, ( 
 ( #742, #9933, #2486 ),
 ( #5876, #4128, #9222 ),
 ( #7454, #9985, #1733 ),
 ( #5820, #2438, #5767 ),
 ( #30, #8289, #9167 ),
 ( #7508, #6686, #5054 ),
 ( #8397, #5926, #2598 ),
 ( #7720, #5328, #6034 ),
 ( #10261, #255, #10100 ),
 ( #3625, #4336, #1175 ),
 ( #7621, #2809, #9269 ),
 ( #8448, #9432, #4500 ),
 ( #1061, #7836, #197 ),
 ( #8547, #3474, #6958 ) ),
 .UNSPECIFIED., .F., .F., .T. ) 
 B_SPLINE_SURFACE_WITH_KNOTS ( ( 4, 2, 2, 2, 2, 2, 4 ),
 ( 3, 3 ),
 ( 0.000000000000000000, 0.0007376526362296861134, 0.001106478954344529116, 0.001475305272459372227, 0.001844131590574215121, 0.002212957908689058232, 0.002950610544918744454 ),
 ( 0.000000000000000000, 1.000000000000000000 ),
 .UNSPECIFIED. ) 
 GEOMETRIC_REPRESENTATION_ITEM ( )  RATIONAL_B_SPLINE_SURFACE ( (
 ( 1.000000000000000000, 0.8371290630494849783, 1.000000000000000000),
 ( 1.000000000000000000, 0.8719211742464879622, 1.000000000000000000),
 ( 1.000000000000000000, 0.8962488235009580251, 1.000000000000000000),
 ( 1.000000000000000000, 0.9199089190832411278, 1.000000000000000000),
 ( 1.000000000000000000, 0.9257815976084491361, 1.000000000000000000),
 ( 1.000000000000000000, 0.9335084709569378969, 1.000000000000000000),
 ( 1.000000000000000000, 0.9354060336751784943, 1.000000000000000000),
 ( 1.000000000000000000, 0.9354226065320164762, 1.000000000000000000),
 ( 1.000000000000000000, 0.9335143594894776964, 1.000000000000000000),
 ( 1.000000000000000000, 0.9258345507499043947, 1.000000000000000000),
 ( 1.000000000000000000, 0.9199515991818251193, 1.000000000000000000),
 ( 1.000000000000000000, 0.8963026785458495516, 1.000000000000000000),
 ( 1.000000000000000000, 0.8720564020254621962, 1.000000000000000000),
 ( 1.000000000000000000, 0.8371290630494767626, 1.000000000000000000) ) ) 
 REPRESENTATION_ITEM ( '' )  SURFACE ( )  );
#4458 = ORIENTED_EDGE ( 'NONE', *, *, #706, .T. ) ;
#4459 = CARTESIAN_POINT ( 'NONE',  ( 42.80000000000001137, 6.000000000000000000, 1.247998397434841644 ) ) ;
#4460 = DIRECTION ( 'NONE',  ( 4.231032868236115418E-16, 0.000000000000000000, -1.000000000000000000 ) ) ;
#4461 = CARTESIAN_POINT ( 'NONE',  ( -40.08977263648107225, 17.60100000000000264, -3.615000000000000213 ) ) ;
#4462 = AXIS2_PLACEMENT_3D ( 'NONE', #5727, #6541, #2296 ) ;
#4463 = LINE ( 'NONE', #9561, #8444 ) ;
#4464 = VECTOR ( 'NONE', #3386, 1000.000000000000000 ) ;
#4465 = EDGE_CURVE ( 'NONE', #2526, #5365, #7699, .T. ) ;
#4466 = ORIENTED_EDGE ( 'NONE', *, *, #2518, .F. ) ;
#4467 = CIRCLE ( 'NONE', #8844, 5.499999999999985789 ) ;
#4468 = DIRECTION ( 'NONE',  ( -0.000000000000000000, 1.000000000000000000, -0.000000000000000000 ) ) ;
#4469 = CARTESIAN_POINT ( 'NONE',  ( -51.95568058483290486, 9.651669329609484649, 3.751634072195760172 ) ) ;
#4470 = VERTEX_POINT ( 'NONE', #2693 ) ;
#4471 = CARTESIAN_POINT ( 'NONE',  ( -51.75650430357855925, 9.263231327893787892, 4.009004978326769830 ) ) ;
#4472 = DIRECTION ( 'NONE',  ( -0.000000000000000000, 0.000000000000000000, 1.000000000000000000 ) ) ;
#4474 = EDGE_CURVE ( 'NONE', #2602, #10290, #4090, .T. ) ;
#4473 = CYLINDRICAL_SURFACE ( 'NONE', #272, 4.341174913715429184 ) ;
#4475 = EDGE_CURVE ( 'NONE', #3620, #8156, #9336, .T. ) ;
#4476 = LINE ( 'NONE', #9573, #2842 ) ;
#4477 = CIRCLE ( 'NONE', #10446, 4.341174913715429184 ) ;
#4478 = ORIENTED_EDGE ( 'NONE', *, *, #8860, .F. ) ;
#4479 = VERTEX_POINT ( 'NONE', #7612 ) ;
#4480 = ORIENTED_EDGE ( 'NONE', *, *, #1390, .T. ) ;
#4481 = LINE ( 'NONE', #3458, #4455 ) ;
#4483 = CARTESIAN_POINT ( 'NONE',  ( -31.27558991515558162, 3.160852565176025308, -8.850000000000052935 ) ) ;
#4482 = CARTESIAN_POINT ( 'NONE',  ( -51.78135736848556547, 9.672107356944945167, 3.593355414828949268 ) ) ;
#4484 = ORIENTED_EDGE ( 'NONE', *, *, #3681, .F. ) ;
#4485 = ORIENTED_EDGE ( 'NONE', *, *, #8199, .T. ) ;
#4486 = EDGE_CURVE ( 'NONE', #10708, #9254, #6875, .T. ) ;
#4487 = VECTOR ( 'NONE', #4958, 1000.000000000000000 ) ;
#4488 = ORIENTED_EDGE ( 'NONE', *, *, #6004, .F. ) ;
#4489 = CARTESIAN_POINT ( 'NONE',  ( -19.54999999999997584, 11.00000000000000178, 13.54999999999999893 ) ) ;
#4490 = CARTESIAN_POINT ( 'NONE',  ( 0.000000000000000000, 0.000000000000000000, 3.415000000000000036 ) ) ;
#4491 = EDGE_CURVE ( 'NONE', #5466, #512, #188, .T. ) ;
#4492 = VERTEX_POINT ( 'NONE', #3617 ) ;
#4493 = CARTESIAN_POINT ( 'NONE',  ( -31.22777815357900622, 3.000000000000000000, 3.615000000000000213 ) ) ;
#4494 = CARTESIAN_POINT ( 'NONE',  ( -25.04999999999997939, 13.30000000000000071, 0.000000000000000000 ) ) ;
#4495 = EDGE_LOOP ( 'NONE', ( #3816, #3726, #191, #10608, #7157, #5498, #1986 ) ) ;
#4496 = VERTEX_POINT ( 'NONE', #6788 ) ;
#4497 = ORIENTED_EDGE ( 'NONE', *, *, #3394, .F. ) ;
#4498 = CARTESIAN_POINT ( 'NONE',  ( -51.79999999999998295, 6.902631723476094550, 3.013815789473683004 ) ) ;
#4499 = LINE ( 'NONE', #3624, #1820 ) ;
#4500 = CARTESIAN_POINT ( 'NONE',  ( -51.91521917770383965, 7.596331622010116469, 3.968786056728804024 ) ) ;
#4501 = DIRECTION ( 'NONE',  ( -1.000000000000000000, 0.000000000000000000, -0.000000000000000000 ) ) ;
#4502 = VECTOR ( 'NONE', #6119, 1000.000000000000000 ) ;
#4503 = EDGE_LOOP ( 'NONE', ( #4075, #7211, #8970, #10477 ) ) ;
#4504 = CARTESIAN_POINT ( 'NONE',  ( -31.27559190791257748, 2.839144909782920667, 8.349999999999996092 ) ) ;
#4505 = CARTESIAN_POINT ( 'NONE',  ( 29.75000000000003553, 0.2505450496179573161, 6.618695557326041978 ) ) ;
#4506 = VECTOR ( 'NONE', #7149, 1000.000000000000000 ) ;
#4507 = ORIENTED_EDGE ( 'NONE', *, *, #4350, .F. ) ;
#4508 = EDGE_CURVE ( 'NONE', #9621, #395, #245, .T. ) ;
#4509 = AXIS2_PLACEMENT_3D ( 'NONE', #4589, #7927, #8038 ) ;
#4510 = LINE ( 'NONE', #2009, #9400 ) ;
#4511 = CARTESIAN_POINT ( 'NONE',  ( -31.47472780755320443, 0.2000000000000000111, 8.349999999999997868 ) ) ;
#4512 = DIRECTION ( 'NONE',  ( 1.000000000000000000, 0.000000000000000000, 0.000000000000000000 ) ) ;
#4513 = FACE_OUTER_BOUND ( 'NONE', #980, .T. ) ;
#4514 = CARTESIAN_POINT ( 'NONE',  ( -19.54999999999997939, 15.10000000000000142, 13.25000000000000000 ) ) ;
#4515 = DIRECTION ( 'NONE',  ( -0.000000000000000000, -0.000000000000000000, 1.000000000000000000 ) ) ;
#4516 = EDGE_CURVE ( 'NONE', #2266, #4704, #4970, .T. ) ;
#4517 = ADVANCED_FACE ( 'NONE', ( #8652 ), #1108, .T. ) ;
#4518 = ORIENTED_EDGE ( 'NONE', *, *, #9016, .T. ) ;
#4519 = CARTESIAN_POINT ( 'NONE',  ( -47.04999999999998295, 16.60000000000000142, 9.499999999999998224 ) ) ;
#4520 = CARTESIAN_POINT ( 'NONE',  ( -51.49999999999998579, 9.716960195022393165, -3.819531250000006928 ) ) ;
#4521 = EDGE_LOOP ( 'NONE', ( #3494, #5047, #1790, #13 ) ) ;
#4522 = DIRECTION ( 'NONE',  ( -1.000000000000000000, -0.000000000000000000, -0.000000000000000000 ) ) ;
#4523 = DIRECTION ( 'NONE',  ( 1.000000000000000000, 0.000000000000000000, 0.000000000000000000 ) ) ;
#4524 = CARTESIAN_POINT ( 'NONE',  ( 2.459170479469696691, 13.30000000000000071, -14.75000000000000000 ) ) ;
#4525 = CARTESIAN_POINT ( 'NONE',  ( 0.000000000000000000, 0.2000000000000000111, -3.415000000000000036 ) ) ;
#4526 = ORIENTED_EDGE ( 'NONE', *, *, #4788, .T. ) ;
#4527 = ORIENTED_EDGE ( 'NONE', *, *, #5022, .T. ) ;
#4528 = VECTOR ( 'NONE', #10530, 1000.000000000000000 ) ;
#4529 = VERTEX_POINT ( 'NONE', #5317 ) ;
#4530 = CARTESIAN_POINT ( 'NONE',  ( 40.80000000000001847, 5.500000000000000000, 8.250000000000000000 ) ) ;
#4531 = ADVANCED_FACE ( 'NONE', ( #1166 ), #6366, .T. ) ;
#4532 = EDGE_CURVE ( 'NONE', #10742, #6599, #3565, .T. ) ;
#4534 = LINE ( 'NONE', #2903, #5067 ) ;
#4533 = DIRECTION ( 'NONE',  ( 1.000000000000000000, -0.000000000000000000, -0.000000000000000000 ) ) ;
#4535 = ORIENTED_EDGE ( 'NONE', *, *, #5497, .T. ) ;
#4536 = ORIENTED_EDGE ( 'NONE', *, *, #7894, .F. ) ;
#4537 = ORIENTED_EDGE ( 'NONE', *, *, #7282, .F. ) ;
#4538 = ORIENTED_EDGE ( 'NONE', *, *, #961, .T. ) ;
#4539 = CARTESIAN_POINT ( 'NONE',  ( 49.80000000000001847, 9.849999999999999645, 2.499999999999999556 ) ) ;
#4540 = FACE_OUTER_BOUND ( 'NONE', #4910, .T. ) ;
#4541 = VERTEX_POINT ( 'NONE', #4493 ) ;
#4542 = CARTESIAN_POINT ( 'NONE',  ( -51.76641199541435157, 7.337481789739913829, -3.846616994045986004 ) ) ;
#4543 = CARTESIAN_POINT ( 'NONE',  ( -51.95568058483290486, 7.315219914338455531, -3.641416195903001363 ) ) ;
#4544 = EDGE_LOOP ( 'NONE', ( #5566, #8215, #6588, #6203 ) ) ;
#4545 = ORIENTED_EDGE ( 'NONE', *, *, #8699, .T. ) ;
#4546 = ORIENTED_EDGE ( 'NONE', *, *, #7513, .T. ) ;
#4547 = EDGE_CURVE ( 'NONE', #10095, #3714, #289, .T. ) ;
#4548 = ADVANCED_FACE ( 'NONE', ( #7827 ), #5968, .T. ) ;
#4549 = LINE ( 'NONE', #1338, #7674 ) ;
#4550 = LINE ( 'NONE', #7120, #3556 ) ;
#4551 = DIRECTION ( 'NONE',  ( 0.000000000000000000, 0.000000000000000000, 1.000000000000000000 ) ) ;
#4552 = DIRECTION ( 'NONE',  ( -1.000000000000000000, 0.000000000000000000, 0.000000000000000000 ) ) ;
#4553 = DIRECTION ( 'NONE',  ( 0.000000000000000000, 0.000000000000000000, -1.000000000000000000 ) ) ;
#4554 = FACE_OUTER_BOUND ( 'NONE', #1228, .T. ) ;
#4555 = VERTEX_POINT ( 'NONE', #10194 ) ;
#4556 = CARTESIAN_POINT ( 'NONE',  ( -31.26009395603289320, 3.136764043628300414, 8.350000008539996799 ) ) ;
#4557 = CARTESIAN_POINT ( 'NONE',  ( 1.050000000000021361, 13.30000000000000071, -13.54999999999999893 ) ) ;
#4558 = ORIENTED_EDGE ( 'NONE', *, *, #7652, .T. ) ;
#4559 = ADVANCED_FACE ( 'NONE', ( #8491 ), #9864, .T. ) ;
#4560 = ORIENTED_EDGE ( 'NONE', *, *, #3080, .T. ) ;
#4561 = CARTESIAN_POINT ( 'NONE',  ( -30.28999999999999204, 6.000000000000000000, 3.064999999999999947 ) ) ;
#4562 = FACE_OUTER_BOUND ( 'NONE', #4318, .T. ) ;
#4563 = CARTESIAN_POINT ( 'NONE',  ( -35.24172192299145934, 0.2946731267839041712, -20.34067203111831290 ) ) ;
#4564 = CARTESIAN_POINT ( 'NONE',  ( -30.58203748537935240, 5.996123729295902649, -3.614894311984932607 ) ) ;
#4565 = CARTESIAN_POINT ( 'NONE',  ( 38.63172798364529825, -1.697056274847719815, 6.181727983645293634 ) ) ;
#4566 = EDGE_CURVE ( 'NONE', #8162, #4008, #6188, .T. ) ;
#4567 = AXIS2_PLACEMENT_3D ( 'NONE', #8767, #4388, #5331 ) ;
#4568 = VECTOR ( 'NONE', #1411, 1000.000000000000000 ) ;
#4569 = ORIENTED_EDGE ( 'NONE', *, *, #2940, .T. ) ;
#4570 = VERTEX_POINT ( 'NONE', #1214 ) ;
#4571 = CARTESIAN_POINT ( 'NONE',  ( 0.000000000000000000, 13.30000000000000071, 14.75000000000000178 ) ) ;
#4572 = CARTESIAN_POINT ( 'NONE',  ( 49.80000000000001137, 11.00000000000000178, 0.000000000000000000 ) ) ;
#4573 = AXIS2_PLACEMENT_3D ( 'NONE', #9297, #1811, #3497 ) ;
#4574 = ORIENTED_EDGE ( 'NONE', *, *, #5762, .F. ) ;
#4575 = VECTOR ( 'NONE', #4681, 1000.000000000000000 ) ;
#4576 = CARTESIAN_POINT ( 'NONE',  ( -51.76211380852812738, 7.357290146186953095, 3.863961515592226004 ) ) ;
#4577 = DIRECTION ( 'NONE',  ( 0.000000000000000000, 0.000000000000000000, 1.000000000000000000 ) ) ;
#4578 = ADVANCED_FACE ( 'NONE', ( #1386 ), #6406, .T. ) ;
#4579 = FACE_OUTER_BOUND ( 'NONE', #9759, .T. ) ;
#4580 = EDGE_CURVE ( 'NONE', #2432, #10397, #5371, .T. ) ;
#4581 = DIRECTION ( 'NONE',  ( 0.000000000000000000, 1.000000000000000000, 0.000000000000000000 ) ) ;
#4582 = VERTEX_POINT ( 'NONE', #10630 ) ;
#4583 = TOROIDAL_SURFACE ( 'NONE', #7903, 5.199999999999985967, 0.2999999999999999889 ) ;
#4584 = ORIENTED_EDGE ( 'NONE', *, *, #1362, .F. ) ;
#4585 = VECTOR ( 'NONE', #10283, 1000.000000000000000 ) ;
#4586 = ORIENTED_EDGE ( 'NONE', *, *, #8994, .F. ) ;
#4587 = CARTESIAN_POINT ( 'NONE',  ( -40.03434658500975019, 0.1071145293931473758, -2.787877755913764410 ) ) ;
#4588 = AXIS2_PLACEMENT_3D ( 'NONE', #7197, #10452, #8681 ) ;
#4590 = CARTESIAN_POINT ( 'NONE',  ( -30.28999999999998494, 2.925181016451848137, -8.901339155104031065 ) ) ;
#4589 = CARTESIAN_POINT ( 'NONE',  ( 9.030766330820459206E-15, 5.400000000000000355, -8.850000000000020961 ) ) ;
#4591 = ORIENTED_EDGE ( 'NONE', *, *, #1114, .T. ) ;
#4592 = VERTEX_POINT ( 'NONE', #4600 ) ;
#4593 = ORIENTED_EDGE ( 'NONE', *, *, #8777, .F. ) ;
#4594 = VECTOR ( 'NONE', #10637, 1000.000000000000000 ) ;
#4595 = CIRCLE ( 'NONE', #5991, 1.500000000000001332 ) ;
#4596 = ORIENTED_EDGE ( 'NONE', *, *, #585, .F. ) ;
#4597 = CARTESIAN_POINT ( 'NONE',  ( 44.80000000000002558, 6.000000000000000000, 2.399479110140366078 ) ) ;
#4598 = ADVANCED_FACE ( 'NONE', ( #2042 ), #5474, .T. ) ;
#4599 = DIRECTION ( 'NONE',  ( 0.000000000000000000, 1.000000000000000000, 0.000000000000000000 ) ) ;
#4600 = CARTESIAN_POINT ( 'NONE',  ( 30.50000000000001066, 0.5000000000000000000, -11.35000000000001741 ) ) ;
#4601 = CARTESIAN_POINT ( 'NONE',  ( -51.89424071095977808, 7.978246084482258027, -4.159336803306711516 ) ) ;
#4602 = EDGE_CURVE ( 'NONE', #862, #845, #8046, .T. ) ;
#4603 = ORIENTED_EDGE ( 'NONE', *, *, #7978, .T. ) ;
#4604 = VERTEX_POINT ( 'NONE', #7058 ) ;
#4605 = ORIENTED_EDGE ( 'NONE', *, *, #8640, .T. ) ;
#4606 = AXIS2_PLACEMENT_3D ( 'NONE', #6579, #8130, #4065 ) ;
#4607 = VECTOR ( 'NONE', #10646, 1000.000000000000000 ) ;
#4608 = DIRECTION ( 'NONE',  ( 0.000000000000000000, -0.05921052631579078879, 0.9982455176826026122 ) ) ;
#4609 = VECTOR ( 'NONE', #2912, 1000.000000000000000 ) ;
#4611 = CARTESIAN_POINT ( 'NONE',  ( -31.28999999999999204, 3.179086282430880317, 9.349999999999997868 ) ) ;
#4610 = CARTESIAN_POINT ( 'NONE',  ( 38.74216030126686405, 1.287490079826538685E-15, 1.811545626786646324 ) ) ;
#4612 = LINE ( 'NONE', #3838, #3196 ) ;
#4613 = DIRECTION ( 'NONE',  ( 0.000000000000000000, 0.000000000000000000, 1.000000000000000000 ) ) ;
#4614 = CARTESIAN_POINT ( 'NONE',  ( -35.05000000001246008, 5.500000000000000000, 291583.7750000000233 ) ) ;
#4615 = VECTOR ( 'NONE', #5695, 1000.000000000000000 ) ;
#4616 = ORIENTED_EDGE ( 'NONE', *, *, #2662, .T. ) ;
#4617 = DIRECTION ( 'NONE',  ( -1.000000000000000000, 0.000000000000000000, 0.000000000000000000 ) ) ;
#4618 = CARTESIAN_POINT ( 'NONE',  ( 50.54857113690719217, 11.00000000000000178, -12.25000000000000178 ) ) ;
#4619 = VERTEX_POINT ( 'NONE', #9757 ) ;
#4620 = EDGE_CURVE ( 'NONE', #6732, #2727, #8706, .T. ) ;
#4621 = VERTEX_POINT ( 'NONE', #2209 ) ;
#4622 = AXIS2_PLACEMENT_3D ( 'NONE', #10401, #10343, #1249 ) ;
#4623 = DIRECTION ( 'NONE',  ( 1.000000000000000000, 0.000000000000000000, -1.971236424878464453E-15 ) ) ;
#4624 = CARTESIAN_POINT ( 'NONE',  ( -34.52834772718359346, 0.000000000000000000, 0.000000000000000000 ) ) ;
#4625 = DIRECTION ( 'NONE',  ( 0.000000000000000000, 1.000000000000000000, -0.000000000000000000 ) ) ;
#4626 = CARTESIAN_POINT ( 'NONE',  ( -44.30000000002110028, 5.500000000000000000, 9.500000000002728484 ) ) ;
#4627 = ADVANCED_FACE ( 'NONE', ( #3941 ), #4111, .F. ) ;
#4628 = DIRECTION ( 'NONE',  ( -1.000000000000000000, 0.000000000000000000, 6.883823317368283549E-17 ) ) ;
#4629 = DIRECTION ( 'NONE',  ( 1.000000000000000000, 0.000000000000000000, -5.782411586589351722E-16 ) ) ;
#4630 = EDGE_CURVE ( 'NONE', #3470, #7093, #4981, .T. ) ;
#4631 = AXIS2_PLACEMENT_3D ( 'NONE', #4214, #3997, #10743 ) ;
#4632 = ORIENTED_EDGE ( 'NONE', *, *, #6954, .F. ) ;
#4633 = EDGE_CURVE ( 'NONE', #2453, #8389, #9860, .T. ) ;
#4634 = CARTESIAN_POINT ( 'NONE',  ( 0.000000000000000000, 16.60000000000000142, 0.000000000000000000 ) ) ;
#4635 = AXIS2_PLACEMENT_3D ( 'NONE', #7591, #4260, #827 ) ;
#4636 = CARTESIAN_POINT ( 'NONE',  ( -30.28999999999999204, 0.5000000000000004441, 3.315000000000000391 ) ) ;
#4637 = VERTEX_POINT ( 'NONE', #4872 ) ;
#4638 = AXIS2_PLACEMENT_3D ( 'NONE', #928, #8469, #6871 ) ;
#4639 = CARTESIAN_POINT ( 'NONE',  ( -51.75525866347231130, 9.167019067184035919, 4.070506270392256098 ) ) ;
#4640 = CARTESIAN_POINT ( 'NONE',  ( -51.79999999999998295, 8.400000000000000355, 2.449999999999999734 ) ) ;
#4641 = FACE_BOUND ( 'NONE', #4544, .T. ) ;
#4642 = CARTESIAN_POINT ( 'NONE',  ( -34.34233853611036835, 0.1265113557324328841, -2.778990808926776079 ) ) ;
#4643 = VECTOR ( 'NONE', #3484, 1000.000000000000000 ) ;
#4644 = ORIENTED_EDGE ( 'NONE', *, *, #7894, .T. ) ;
#4645 = ORIENTED_EDGE ( 'NONE', *, *, #4134, .F. ) ;
#4646 = EDGE_CURVE ( 'NONE', #3145, #1427, #8903, .T. ) ;
#4647 = CARTESIAN_POINT ( 'NONE',  ( -51.79999999999998295, 8.400000000000000355, 2.449999999999999734 ) ) ;
#4649 = CARTESIAN_POINT ( 'NONE',  ( 47.05000000000001137, 11.00000000000000178, 12.25000000000000000 ) ) ;
#4648 = FACE_OUTER_BOUND ( 'NONE', #3613, .T. ) ;
#4650 = ORIENTED_EDGE ( 'NONE', *, *, #9752, .T. ) ;
#4651 = ORIENTED_EDGE ( 'NONE', *, *, #6607, .F. ) ;
#4652 = ORIENTED_EDGE ( 'NONE', *, *, #3475, .T. ) ;
#4653 = ORIENTED_EDGE ( 'NONE', *, *, #7863, .F. ) ;
#4654 = CARTESIAN_POINT ( 'NONE',  ( 9.519658948938198861, 5.500000000000000000, 10.25000000000000178 ) ) ;
#4655 = DIRECTION ( 'NONE',  ( -1.000000000000000000, 0.000000000000000000, 0.000000000000000000 ) ) ;
#4656 = CARTESIAN_POINT ( 'NONE',  ( -51.54271462781827040, 8.880799096165945983, -4.292154627758326235 ) ) ;
#4657 = CARTESIAN_POINT ( 'NONE',  ( -51.81145520592808396, 8.507590946319647074, -4.225057692674971221 ) ) ;
#4658 = VERTEX_POINT ( 'NONE', #10792 ) ;
#4659 = ORIENTED_EDGE ( 'NONE', *, *, #7021, .F. ) ;
#4660 = EDGE_LOOP ( 'NONE', ( #1339, #8035, #1389, #8149 ) ) ;
#4661 = EDGE_CURVE ( 'NONE', #8595, #10609, #8211, .T. ) ;
#4663 = CIRCLE ( 'NONE', #1356, 1.300000000000000711 ) ;
#4662 = LINE ( 'NONE', #8931, #3966 ) ;
#4664 = B_SPLINE_CURVE_WITH_KNOTS ( 'NONE', 3,
 ( #3650, #5240, #7645, #174, #6877, #7810, #6820, #1087 ),
 .UNSPECIFIED., .F., .F.,
 ( 4, 2, 2, 4 ),
 ( 0.000000000000000000, 0.0001382025733524843889, 0.0002764051467049687778, 0.0005528102934099375556 ),
 .UNSPECIFIED. ) ;
#4666 = DIRECTION ( 'NONE',  ( 1.000000000000000000, 0.000000000000000000, -1.971236424878472341E-15 ) ) ;
#4665 = LINE ( 'NONE', #9762, #1288 ) ;
#4667 = EDGE_LOOP ( 'NONE', ( #1749, #7442, #513, #1346 ) ) ;
#4668 = DIRECTION ( 'NONE',  ( 0.000000000000000000, 0.000000000000000000, 1.000000000000000000 ) ) ;
#4669 = LINE ( 'NONE', #571, #1969 ) ;
#4670 = CARTESIAN_POINT ( 'NONE',  ( -49.80000000000472937, 6.499999999999999112, -2.449999999999999289 ) ) ;
#4671 = DIRECTION ( 'NONE',  ( 0.000000000000000000, 1.000000000000000000, -0.000000000000000000 ) ) ;
#4672 = VERTEX_POINT ( 'NONE', #885 ) ;
#4673 = LINE ( 'NONE', #9000, #4429 ) ;
#4674 = CARTESIAN_POINT ( 'NONE',  ( 29.80249224314939482, 0.1248391197358925259, 6.675606114723797724 ) ) ;
#4675 = EDGE_LOOP ( 'NONE', ( #6471, #1843, #9528, #10461 ) ) ;
#4676 = DIRECTION ( 'NONE',  ( -0.000000000000000000, -1.000000000000000000, -0.000000000000000000 ) ) ;
#4677 = DIRECTION ( 'NONE',  ( 0.000000000000000000, 0.000000000000000000, -1.000000000000000000 ) ) ;
#4679 = EDGE_CURVE ( 'NONE', #3714, #6308, #6454, .T. ) ;
#4678 = CARTESIAN_POINT ( 'NONE',  ( -51.99999999999998579, 8.400000000000000355, -2.924999999999996270 ) ) ;
#4680 = ADVANCED_FACE ( 'NONE', ( #6661 ), #3287, .T. ) ;
#4681 = DIRECTION ( 'NONE',  ( -1.000000000000000000, -0.000000000000000000, -0.000000000000000000 ) ) ;
#4682 = LINE ( 'NONE', #535, #5460 ) ;
#4683 = DIRECTION ( 'NONE',  ( -0.000000000000000000, 1.000000000000000000, -0.000000000000000000 ) ) ;
#4684 = CIRCLE ( 'NONE', #7471, 1.300000000000000711 ) ;
#4685 = ORIENTED_EDGE ( 'NONE', *, *, #6195, .T. ) ;
#4686 = AXIS2_PLACEMENT_3D ( 'NONE', #8745, #7981, #500 ) ;
#4687 = ORIENTED_EDGE ( 'NONE', *, *, #8496, .F. ) ;
#4688 = PLANE ( 'NONE',  #7378 ) ;
#4689 = VECTOR ( 'NONE', #6631, 1000.000000000000000 ) ;
#4690 = EDGE_CURVE ( 'NONE', #1533, #2293, #8324, .T. ) ;
#4691 = CARTESIAN_POINT ( 'NONE',  ( -30.28999999999999204, 3.179086282430880317, 9.349999999999997868 ) ) ;
#4692 = ORIENTED_EDGE ( 'NONE', *, *, #1418, .T. ) ;
#4693 = CARTESIAN_POINT ( 'NONE',  ( 49.80000000000001137, 11.00000000000000178, -6.000000000000000000 ) ) ;
#4694 = CARTESIAN_POINT ( 'NONE',  ( 29.75000000000003197, 0.2999999999999999889, 6.618695557326041978 ) ) ;
#4695 = DIRECTION ( 'NONE',  ( -2.698458740408362822E-15, 0.000000000000000000, 1.000000000000000000 ) ) ;
#4696 = DIRECTION ( 'NONE',  ( 1.000000000000000000, 0.000000000000000000, 0.000000000000000000 ) ) ;
#4697 = VERTEX_POINT ( 'NONE', #4158 ) ;
#4698 = ORIENTED_EDGE ( 'NONE', *, *, #9792, .T. ) ;
#4699 = CARTESIAN_POINT ( 'NONE',  ( -39.98506879479626974, 0.1999999999999996503, -8.850000000000061817 ) ) ;
#4701 = CARTESIAN_POINT ( 'NONE',  ( -31.23587268738107880, 2.924534992943908396, -8.849999991449065462 ) ) ;
#4700 = CARTESIAN_POINT ( 'NONE',  ( -34.32300333360995381, 0.1748349968067960669, 8.349999999999997868 ) ) ;
#4702 = ORIENTED_EDGE ( 'NONE', *, *, #10083, .T. ) ;
#4703 = ORIENTED_EDGE ( 'NONE', *, *, #4182, .T. ) ;
#4704 = VERTEX_POINT ( 'NONE', #3175 ) ;
#4705 = CARTESIAN_POINT ( 'NONE',  ( -40.00229126436577332, 0.1679080823531932110, -2.765000000000000568 ) ) ;
#4706 = CARTESIAN_POINT ( 'NONE',  ( -19.54999999999997939, 16.60001199999999955, 2.299243657989596657E-15 ) ) ;
#4707 = DIRECTION ( 'NONE',  ( -0.4999999999999978906, 0.000000000000000000, 0.8660254037844398178 ) ) ;
#4708 = DIRECTION ( 'NONE',  ( 0.000000000000000000, -1.000000000000000000, -2.891205793294683257E-16 ) ) ;
#4709 = AXIS2_PLACEMENT_3D ( 'NONE', #8052, #3085, #9540 ) ;
#4710 = ADVANCED_FACE ( 'NONE', ( #10019 ), #2312, .T. ) ;
#4711 = ORIENTED_EDGE ( 'NONE', *, *, #5319, .F. ) ;
#4712 = ORIENTED_EDGE ( 'NONE', *, *, #3162, .F. ) ;
#4713 = CARTESIAN_POINT ( 'NONE',  ( 31.17510858178181365, 0.09795398803915297825, 3.033001662233768325 ) ) ;
#4715 = FACE_OUTER_BOUND ( 'NONE', #8615, .T. ) ;
#4714 = CARTESIAN_POINT ( 'NONE',  ( 51.50000000000001421, 9.849999999999999645, 3.299999999999998934 ) ) ;
#4716 = ORIENTED_EDGE ( 'NONE', *, *, #946, .T. ) ;
#4717 = VECTOR ( 'NONE', #6831, 1000.000000000000000 ) ;
#4718 = DIRECTION ( 'NONE',  ( 0.000000000000000000, -0.7208059210526355232, 0.6931369447486274149 ) ) ;
#4719 = CARTESIAN_POINT ( 'NONE',  ( -25.04999999999997939, 13.30000000000000071, -12.24999999999999822 ) ) ;
#4720 = DIRECTION ( 'NONE',  ( 6.672013369141583952E-16, 0.000000000000000000, 1.000000000000000000 ) ) ;
#4721 = CARTESIAN_POINT ( 'NONE',  ( -49.80000000000472937, 5.500000000000000000, 291583.7750000000233 ) ) ;
#4722 = ORIENTED_EDGE ( 'NONE', *, *, #9463, .T. ) ;
#4723 = DIRECTION ( 'NONE',  ( -0.000000000000000000, -1.000000000000000000, -0.000000000000000000 ) ) ;
#4724 = CARTESIAN_POINT ( 'NONE',  ( -51.99999999999998579, 8.400000000000000355, 2.925000000000002931 ) ) ;
#4725 = EDGE_CURVE ( 'NONE', #1987, #9391, #7585, .T. ) ;
#4726 = ORIENTED_EDGE ( 'NONE', *, *, #3081, .T. ) ;
#4727 = ADVANCED_FACE ( 'NONE', ( #4209 ), #8160, .F. ) ;
#4728 = ORIENTED_EDGE ( 'NONE', *, *, #4325, .T. ) ;
#4729 = CARTESIAN_POINT ( 'NONE',  ( -7.549999999999978506, 11.00000000000000178, 14.75000000000000178 ) ) ;
#4730 = CARTESIAN_POINT ( 'NONE',  ( -19.54999999999997939, 15.10000000000000142, -13.54999999999999893 ) ) ;
#4731 = CARTESIAN_POINT ( 'NONE',  ( -35.18270600294837891, -1.219966979521688965E-18, 2.847842712474618398 ) ) ;
#4732 = LINE ( 'NONE', #6531, #3527 ) ;
#4733 = CYLINDRICAL_SURFACE ( 'NONE', #8112, 1.300000000000000711 ) ;
#4734 = ORIENTED_EDGE ( 'NONE', *, *, #10112, .F. ) ;
#4735 = EDGE_CURVE ( 'NONE', #8537, #4358, #9963, .T. ) ;
#4736 = EDGE_CURVE ( 'NONE', #4372, #3322, #723, .T. ) ;
#4737 = ORIENTED_EDGE ( 'NONE', *, *, #10067, .F. ) ;
#4738 = DIRECTION ( 'NONE',  ( -0.000000000000000000, -0.000000000000000000, 1.000000000000000000 ) ) ;
#4739 = DIRECTION ( 'NONE',  ( -0.000000000000000000, -1.000000000000000000, -0.000000000000000000 ) ) ;
#4740 = ORIENTED_EDGE ( 'NONE', *, *, #10823, .T. ) ;
#4741 = CIRCLE ( 'NONE', #1637, 0.8500000000000069722 ) ;
#4742 =( BOUNDED_CURVE ( )  B_SPLINE_CURVE ( 3, ( #7025, #2770, #3591, #1190 ),
 .UNSPECIFIED., .F., .T. ) 
 B_SPLINE_CURVE_WITH_KNOTS ( ( 4, 4 ),
 ( 3.141592653589793116, 4.712388980384689674 ),
 .UNSPECIFIED. ) 
 CURVE ( )  GEOMETRIC_REPRESENTATION_ITEM ( )  RATIONAL_B_SPLINE_CURVE ( ( 1.000000000000000000, 0.8047378541243649375, 0.8047378541243649375, 1.000000000000000000 ) ) 
 REPRESENTATION_ITEM ( '' )  );
#4743 = LINE ( 'NONE', #7309, #8277 ) ;
#4744 = PLANE ( 'NONE',  #5847 ) ;
#4745 = LINE ( 'NONE', #2129, #6074 ) ;
#4746 = EDGE_CURVE ( 'NONE', #273, #4286, #7321, .T. ) ;
#4747 = VERTEX_POINT ( 'NONE', #3236 ) ;
#4748 = VERTEX_POINT ( 'NONE', #6562 ) ;
#4749 = AXIS2_PLACEMENT_3D ( 'NONE', #9655, #5543, #2325 ) ;
#4750 = TOROIDAL_SURFACE ( 'NONE', #8766, 1.500000000000000888, 0.2000000000000000111 ) ;
#4751 = CARTESIAN_POINT ( 'NONE',  ( -1.549999999999978506, 15.10000000000000142, 13.85000000000015952 ) ) ;
#4753 = LINE ( 'NONE', #8096, #307 ) ;
#4752 = CARTESIAN_POINT ( 'NONE',  ( 22.35231509708505016, 0.2034051652805226040, 1.502567585311988640 ) ) ;
#4754 = FACE_OUTER_BOUND ( 'NONE', #5658, .T. ) ;
#4755 = ORIENTED_EDGE ( 'NONE', *, *, #8877, .T. ) ;
#4756 = EDGE_LOOP ( 'NONE', ( #5389, #10775, #3988, #7052, #4026, #7775 ) ) ;
#4757 = ADVANCED_FACE ( 'NONE', ( #9914 ), #9083, .T. ) ;
#4758 = DIRECTION ( 'NONE',  ( -0.000000000000000000, 1.000000000000000000, -0.000000000000000000 ) ) ;
#4759 = DIRECTION ( 'NONE',  ( -0.000000000000000000, -0.000000000000000000, 1.000000000000000000 ) ) ;
#4760 = AXIS2_PLACEMENT_3D ( 'NONE', #9314, #5046, #4937 ) ;
#4761 = VECTOR ( 'NONE', #6416, 1000.000000000000000 ) ;
#4762 = CARTESIAN_POINT ( 'NONE',  ( -51.66623319514087598, 9.009002635916470325, -4.253749210878598142 ) ) ;
#4763 = DIRECTION ( 'NONE',  ( 0.000000000000000000, 1.000000000000000000, 0.000000000000000000 ) ) ;
#4764 = AXIS2_PLACEMENT_3D ( 'NONE', #9300, #3399, #9357 ) ;
#4765 = VERTEX_POINT ( 'NONE', #5086 ) ;
#4766 = ADVANCED_FACE ( 'NONE', ( #10078 ), #8424, .T. ) ;
#4767 = EDGE_LOOP ( 'NONE', ( #10064, #6889, #5039, #9154, #4045 ) ) ;
#4768 = AXIS2_PLACEMENT_3D ( 'NONE', #10610, #8140, #2397 ) ;
#4769 = CARTESIAN_POINT ( 'NONE',  ( -51.49999999999998579, 10.00000000000000000, 2.449999999999999734 ) ) ;
#4771 = DIRECTION ( 'NONE',  ( -0.000000000000000000, -1.000000000000000000, -0.000000000000000000 ) ) ;
#4770 = CARTESIAN_POINT ( 'NONE',  ( -49.74999999999997868, 3.000000000000000000, 6.750000000000000000 ) ) ;
#4772 = VECTOR ( 'NONE', #3449, 999.9999999999998863 ) ;
#4773 = ORIENTED_EDGE ( 'NONE', *, *, #10121, .T. ) ;
#4774 = EDGE_CURVE ( 'NONE', #6419, #4619, #7598, .T. ) ;
#4775 = DIRECTION ( 'NONE',  ( 0.000000000000000000, 0.000000000000000000, 1.000000000000000000 ) ) ;
#4776 = FACE_OUTER_BOUND ( 'NONE', #8351, .T. ) ;
#4777 = CARTESIAN_POINT ( 'NONE',  ( -51.99999999999998579, 9.690922404883838936, -3.116562148732951787 ) ) ;
#4778 = CIRCLE ( 'NONE', #5821, 11.00296197722692959 ) ;
#4779 = ORIENTED_EDGE ( 'NONE', *, *, #1211, .T. ) ;
#4780 = CYLINDRICAL_SURFACE ( 'NONE', #5128, 0.8500000000000069722 ) ;
#4781 = DIRECTION ( 'NONE',  ( 1.000000000000000000, 0.000000000000000000, 0.000000000000000000 ) ) ;
#4782 = ORIENTED_EDGE ( 'NONE', *, *, #9016, .F. ) ;
#4783 = CIRCLE ( 'NONE', #79, 1.000000000000000888 ) ;
#4784 = AXIS2_PLACEMENT_3D ( 'NONE', #1286, #1125, #9491 ) ;
#4785 = ORIENTED_EDGE ( 'NONE', *, *, #2052, .T. ) ;
#4786 = CARTESIAN_POINT ( 'NONE',  ( 0.000000000000000000, 11.00000000000000178, 0.000000000000000000 ) ) ;
#4787 = CARTESIAN_POINT ( 'NONE',  ( 47.05000000000001137, 3.000000000000000000, 9.499999999999998224 ) ) ;
#4788 = EDGE_CURVE ( 'NONE', #1773, #2958, #6723, .T. ) ;
#4789 = DIRECTION ( 'NONE',  ( 0.000000000000000000, 0.000000000000000000, -1.000000000000000000 ) ) ;
#4790 = LINE ( 'NONE', #2391, #10697 ) ;
#4791 = VECTOR ( 'NONE', #8453, 1000.000000000000000 ) ;
#4792 = DIRECTION ( 'NONE',  ( -1.000000000000000000, 0.000000000000000000, -0.000000000000000000 ) ) ;
#4793 = AXIS2_PLACEMENT_3D ( 'NONE', #7278, #1550, #10631 ) ;
#4794 = CARTESIAN_POINT ( 'NONE',  ( 44.80000000000002558, 5.500000000000000000, 8.250000000000000000 ) ) ;
#4795 = CIRCLE ( 'NONE', #3401, 2.750000000000001776 ) ;
#4796 = ORIENTED_EDGE ( 'NONE', *, *, #10426, .T. ) ;
#4797 = AXIS2_PLACEMENT_3D ( 'NONE', #1930, #9475, #4437 ) ;
#4798 = ORIENTED_EDGE ( 'NONE', *, *, #4938, .F. ) ;
#4799 = LINE ( 'NONE', #9891, #764 ) ;
#4800 = FACE_OUTER_BOUND ( 'NONE', #7922, .T. ) ;
#4801 = ORIENTED_EDGE ( 'NONE', *, *, #4845, .F. ) ;
#4802 = DIRECTION ( 'NONE',  ( 0.000000000000000000, 1.000000000000000000, -0.000000000000000000 ) ) ;
#4803 = VECTOR ( 'NONE', #9912, 1000.000000000000000 ) ;
#4804 = LINE ( 'NONE', #3112, #10201 ) ;
#4805 = DIRECTION ( 'NONE',  ( 0.000000000000000000, 1.000000000000000000, 0.000000000000000000 ) ) ;
#4806 = CARTESIAN_POINT ( 'NONE',  ( -49.79999999999998295, 8.000000000000000000, -9.500000000000001776 ) ) ;
#4807 = VERTEX_POINT ( 'NONE', #7320 ) ;
#4808 = LINE ( 'NONE', #4149, #4464 ) ;
#4809 = AXIS2_PLACEMENT_3D ( 'NONE', #4530, #8037, #6397 ) ;
#4810 = DIRECTION ( 'NONE',  ( 0.000000000000000000, 0.000000000000000000, -1.000000000000000000 ) ) ;
#4811 = CYLINDRICAL_SURFACE ( 'NONE', #1516, 0.2999999999999994338 ) ;
#4812 =( BOUNDED_CURVE ( )  B_SPLINE_CURVE ( 3, ( #9408, #8088, #3224, #4642 ),
 .UNSPECIFIED., .F., .T. ) 
 B_SPLINE_CURVE_WITH_KNOTS ( ( 4, 4 ),
 ( 4.712388980384688786, 5.906926873010759138 ),
 .UNSPECIFIED. ) 
 CURVE ( )  GEOMETRIC_REPRESENTATION_ITEM ( )  RATIONAL_B_SPLINE_CURVE ( ( 1.000000000000000000, 0.8845830693046150550, 0.8845830693046150550, 1.000000000000000000 ) ) 
 REPRESENTATION_ITEM ( '' )  );
#4813 = ORIENTED_EDGE ( 'NONE', *, *, #6938, .F. ) ;
#4814 = EDGE_CURVE ( 'NONE', #3992, #8537, #10069, .T. ) ;
#4815 = EDGE_CURVE ( 'NONE', #7107, #4186, #441, .T. ) ;
#4816 = LINE ( 'NONE', #2961, #4055 ) ;
#4817 = DIRECTION ( 'NONE',  ( -0.000000000000000000, -0.000000000000000000, -1.000000000000000000 ) ) ;
#4818 = VECTOR ( 'NONE', #6000, 1000.000000000000000 ) ;
#4819 = CARTESIAN_POINT ( 'NONE',  ( 2.459170479469696691, 15.10000000000000142, 14.75000000000000000 ) ) ;
#4820 = CARTESIAN_POINT ( 'NONE',  ( -44.29999999999997584, 6.500000000000000888, 9.499999999999996447 ) ) ;
#4821 = ORIENTED_EDGE ( 'NONE', *, *, #4971, .F. ) ;
#4822 = EDGE_LOOP ( 'NONE', ( #405, #10557, #8891, #7765 ) ) ;
#4823 = ADVANCED_FACE ( 'NONE', ( #722 ), #8814, .T. ) ;
#4824 = PLANE ( 'NONE',  #6412 ) ;
#4825 = AXIS2_PLACEMENT_3D ( 'NONE', #864, #4140, #7578 ) ;
#4827 = DIRECTION ( 'NONE',  ( 0.000000000000000000, 0.8344462197396558256, -0.5510893814638402333 ) ) ;
#4826 = CARTESIAN_POINT ( 'NONE',  ( -30.28999999999999559, 6.500000000000000888, -10.25000000000000000 ) ) ;
#4828 = ORIENTED_EDGE ( 'NONE', *, *, #1174, .F. ) ;
#4829 = DIRECTION ( 'NONE',  ( -0.000000000000000000, -1.000000000000000000, 0.000000000000000000 ) ) ;
#4830 = EDGE_CURVE ( 'NONE', #250, #7503, #6545, .T. ) ;
#4831 = CARTESIAN_POINT ( 'NONE',  ( -30.58203748537937372, 5.996123729295900873, -9.143749989103024944 ) ) ;
#4832 = CARTESIAN_POINT ( 'NONE',  ( 30.50000000000001066, 0.2999999999999999889, -2.350000000000004974 ) ) ;
#4833 = VERTEX_POINT ( 'NONE', #1496 ) ;
#4834 = DIRECTION ( 'NONE',  ( 0.000000000000000000, -0.000000000000000000, -1.000000000000000000 ) ) ;
#4835 = LINE ( 'NONE', #4060, #431 ) ;
#4836 = ORIENTED_EDGE ( 'NONE', *, *, #1029, .T. ) ;
#4837 = AXIS2_PLACEMENT_3D ( 'NONE', #8895, #3100, #2234 ) ;
#4838 = LINE ( 'NONE', #5818, #6778 ) ;
#4839 = CARTESIAN_POINT ( 'NONE',  ( 35.57951162706816461, 0.2077789836488294628, -4.429650374919820166 ) ) ;
#4840 = FACE_OUTER_BOUND ( 'NONE', #5013, .T. ) ;
#4841 = CYLINDRICAL_SURFACE ( 'NONE', #4048, 0.1999999999999987899 ) ;
#4842 = VECTOR ( 'NONE', #7885, 1000.000000000000000 ) ;
#4843 = CARTESIAN_POINT ( 'NONE',  ( -2.798274178510209011E-15, 17.60000000000000142, -13.55000000000001137 ) ) ;
#4844 = DIRECTION ( 'NONE',  ( -0.000000000000000000, -1.000000000000000000, -0.000000000000000000 ) ) ;
#4845 = EDGE_CURVE ( 'NONE', #6175, #4748, #102, .T. ) ;
#4846 = EDGE_LOOP ( 'NONE', ( #6463, #8362, #757, #9939 ) ) ;
#4847 = ORIENTED_EDGE ( 'NONE', *, *, #7032, .T. ) ;
#4848 = VERTEX_POINT ( 'NONE', #1437 ) ;
#4849 = DIRECTION ( 'NONE',  ( 0.000000000000000000, 1.000000000000000000, -0.000000000000000000 ) ) ;
#4850 = DIRECTION ( 'NONE',  ( -0.000000000000000000, -1.000000000000000000, -0.000000000000000000 ) ) ;
#4851 = CARTESIAN_POINT ( 'NONE',  ( 1.050000000000021361, 13.30000000000000071, 13.35000000000015774 ) ) ;
#4852 = VERTEX_POINT ( 'NONE', #2368 ) ;
#4853 = DIRECTION ( 'NONE',  ( 0.000000000000000000, -1.000000000000000000, 0.000000000000000000 ) ) ;
#4854 = VERTEX_POINT ( 'NONE', #6501 ) ;
#4855 = VECTOR ( 'NONE', #9495, 999.9999999999998863 ) ;
#4856 = CARTESIAN_POINT ( 'NONE',  ( 0.000000000000000000, 9.000000000000001776, -12.25000000000000178 ) ) ;
#4857 = DIRECTION ( 'NONE',  ( -0.000000000000000000, 1.000000000000000000, 0.000000000000000000 ) ) ;
#4858 = TOROIDAL_SURFACE ( 'NONE', #3292, 1.600000000000000755, 0.2999999999999999889 ) ;
#4859 = FACE_OUTER_BOUND ( 'NONE', #2812, .T. ) ;
#4860 = EDGE_CURVE ( 'NONE', #5219, #2365, #9543, .T. ) ;
#4861 = EDGE_CURVE ( 'NONE', #21, #4008, #9698, .T. ) ;
#4862 = VERTEX_POINT ( 'NONE', #7988 ) ;
#4863 = VECTOR ( 'NONE', #2542, 1000.000000000000000 ) ;
#4864 = FACE_OUTER_BOUND ( 'NONE', #4767, .T. ) ;
#4866 = DIRECTION ( 'NONE',  ( 0.000000000000000000, 1.000000000000000000, -0.000000000000000000 ) ) ;
#4865 = FACE_OUTER_BOUND ( 'NONE', #8945, .T. ) ;
#4867 = CYLINDRICAL_SURFACE ( 'NONE', #7609, 5.499999999999985789 ) ;
#4868 = VERTEX_POINT ( 'NONE', #9806 ) ;
#4869 = B_SPLINE_CURVE_WITH_KNOTS ( 'NONE', 3,
 ( #8198, #8083, #6330, #10564, #4027, #492, #3057, #5621 ),
 .UNSPECIFIED., .F., .F.,
 ( 4, 2, 2, 4 ),
 ( -3.466145320677813356E-06, 0.0002882777914485993979, 0.0004341497598332379887, 0.0005800217282178766337 ),
 .UNSPECIFIED. ) ;
#4870 = DIRECTION ( 'NONE',  ( -1.000000000000000000, 0.000000000000000000, 0.000000000000000000 ) ) ;
#4871 = LINE ( 'NONE', #507, #10050 ) ;
#4872 = CARTESIAN_POINT ( 'NONE',  ( -51.88704905526284250, 8.400000000000957812, 4.225000000000004086 ) ) ;
#4873 = CARTESIAN_POINT ( 'NONE',  ( -51.91521917770383965, 9.203668377989735916, -3.968786056728879519 ) ) ;
#4874 = ORIENTED_EDGE ( 'NONE', *, *, #6258, .T. ) ;
#4875 = EDGE_LOOP ( 'NONE', ( #2151, #74, #7072, #1846 ) ) ;
#4876 = EDGE_CURVE ( 'NONE', #769, #9305, #5691, .T. ) ;
#4877 = EDGE_CURVE ( 'NONE', #959, #5688, #9521, .T. ) ;
#4878 = CARTESIAN_POINT ( 'NONE',  ( -29.81007189365366372, -2.624222992386002318, 3.615000000000000213 ) ) ;
#4880 = CARTESIAN_POINT ( 'NONE',  ( -51.95568058483289775, 7.148330670390515174, 3.751634072195763281 ) ) ;
#4879 = CARTESIAN_POINT ( 'NONE',  ( 25.61211131251740625, 0.02221052063481743916, -4.494004637070957209 ) ) ;
#4881 = ORIENTED_EDGE ( 'NONE', *, *, #1110, .F. ) ;
#4882 = B_SPLINE_CURVE_WITH_KNOTS ( 'NONE', 3,
 ( #6485, #2400, #9064, #1583, #5565, #9788, #4691 ),
 .UNSPECIFIED., .F., .F.,
 ( 4, 3, 4 ),
 ( 0.000000000000000000, 0.0001790967645353006357, 0.0003581935290706012714 ),
 .UNSPECIFIED. ) ;
#4883 = CARTESIAN_POINT ( 'NONE',  ( -51.77340835089973581, 7.205390757595191431, -3.692296232791149269 ) ) ;
#4884 = DIRECTION ( 'NONE',  ( 0.000000000000000000, 0.000000000000000000, -1.000000000000000000 ) ) ;
#4885 = DIRECTION ( 'NONE',  ( -1.000000000000000000, 0.000000000000000000, 0.000000000000000000 ) ) ;
#4886 = ORIENTED_EDGE ( 'NONE', *, *, #7880, .T. ) ;
#4887 = DIRECTION ( 'NONE',  ( 0.000000000000000000, 0.000000000000000000, 1.000000000000000000 ) ) ;
#4888 = CARTESIAN_POINT ( 'NONE',  ( -51.79999999999998295, 9.697719172987381953, 3.001973684210526461 ) ) ;
#4889 = EDGE_CURVE ( 'NONE', #4380, #7490, #9033, .T. ) ;
#4890 = ORIENTED_EDGE ( 'NONE', *, *, #159, .F. ) ;
#4891 = EDGE_CURVE ( 'NONE', #7803, #1628, #8210, .T. ) ;
#4892 = VECTOR ( 'NONE', #10756, 1000.000000000000000 ) ;
#4893 = DIRECTION ( 'NONE',  ( 0.000000000000000000, 0.000000000000000000, 1.000000000000000000 ) ) ;
#4894 = DIRECTION ( 'NONE',  ( 0.000000000000000000, 0.000000000000000000, 1.000000000000000000 ) ) ;
#4895 = CYLINDRICAL_SURFACE ( 'NONE', #7796, 0.2888330770816384119 ) ;
#4896 = DIRECTION ( 'NONE',  ( -0.000000000000000000, 1.239088197126290817E-16, 1.000000000000000000 ) ) ;
#4897 = CARTESIAN_POINT ( 'NONE',  ( 31.24999999999998934, 0.2999999999999999889, -7.798623679425844557 ) ) ;
#4898 = DIRECTION ( 'NONE',  ( -0.000000000000000000, -1.000000000000000000, -0.000000000000000000 ) ) ;
#4899 = EDGE_CURVE ( 'NONE', #7503, #5471, #4871, .T. ) ;
#4900 = ORIENTED_EDGE ( 'NONE', *, *, #8070, .F. ) ;
#4901 = ADVANCED_FACE ( 'NONE', ( #9755 ), #2263, .F. ) ;
#4902 = ORIENTED_EDGE ( 'NONE', *, *, #3096, .F. ) ;
#4903 = DIRECTION ( 'NONE',  ( -0.000000000000000000, -0.000000000000000000, 1.000000000000000000 ) ) ;
#4904 = VERTEX_POINT ( 'NONE', #6351 ) ;
#4905 = DIRECTION ( 'NONE',  ( -0.000000000000000000, 0.000000000000000000, 1.000000000000000000 ) ) ;
#4906 = CARTESIAN_POINT ( 'NONE',  ( 38.63172798364529825, -1.697056274847719815, 5.581727983645293101 ) ) ;
#4907 = ORIENTED_EDGE ( 'NONE', *, *, #3851, .F. ) ;
#4908 = ADVANCED_FACE ( 'NONE', ( #2207 ), #5531, .F. ) ;
#4909 = CARTESIAN_POINT ( 'NONE',  ( -47.04999999999998295, 15.10000000000000142, 9.499999999999998224 ) ) ;
#4910 = EDGE_LOOP ( 'NONE', ( #6993, #4039, #1365, #8858, #2916 ) ) ;
#4911 = DIRECTION ( 'NONE',  ( -1.000000000000000000, 0.000000000000000000, 0.000000000000000000 ) ) ;
#4912 = CARTESIAN_POINT ( 'NONE',  ( 49.80000000000001847, 9.849999999999999645, 1.699999999999999956 ) ) ;
#4913 = CARTESIAN_POINT ( 'NONE',  ( -51.49999999999998579, 6.800000000000000711, 2.449999999999999734 ) ) ;
#4914 = ORIENTED_EDGE ( 'NONE', *, *, #4532, .T. ) ;
#4915 = CARTESIAN_POINT ( 'NONE',  ( -31.28999999999999204, 5.954463462733936119, 8.349999999999997868 ) ) ;
#4917 = CARTESIAN_POINT ( 'NONE',  ( -33.54999999999998295, 8.000000000000000000, -12.25000000000000178 ) ) ;
#4916 = CARTESIAN_POINT ( 'NONE',  ( -51.99999999999998579, 9.697719172987383729, -3.001973684210528237 ) ) ;
#4918 = DIRECTION ( 'NONE',  ( -0.000000000000000000, 1.000000000000000000, -0.000000000000000000 ) ) ;
#4919 = ORIENTED_EDGE ( 'NONE', *, *, #5545, .T. ) ;
#4920 = CARTESIAN_POINT ( 'NONE',  ( 20.20000000000000995, -29.13279938488576448, 8.349999999999997868 ) ) ;
#4921 = EDGE_CURVE ( 'NONE', #1767, #2786, #6722, .T. ) ;
#4922 = EDGE_CURVE ( 'NONE', #7004, #9513, #3230, .T. ) ;
#4923 = CARTESIAN_POINT ( 'NONE',  ( 23.10788180854700258, 0.2505450496179576492, -7.483866831501331696 ) ) ;
#4924 = CARTESIAN_POINT ( 'NONE',  ( 30.50000000000001066, -0.0009999999999999158867, -2.350000000000004974 ) ) ;
#4925 = CARTESIAN_POINT ( 'NONE',  ( -31.28999999999999204, 0.4584017406109455739, -8.850000000000052935 ) ) ;
#4926 = FACE_OUTER_BOUND ( 'NONE', #4454, .T. ) ;
#4927 = ORIENTED_EDGE ( 'NONE', *, *, #4491, .T. ) ;
#4928 = ORIENTED_EDGE ( 'NONE', *, *, #7354, .T. ) ;
#4929 = AXIS2_PLACEMENT_3D ( 'NONE', #10549, #4896, #3045 ) ;
#4930 = DIRECTION ( 'NONE',  ( -0.000000000000000000, -1.000000000000000000, -0.000000000000000000 ) ) ;
#4932 = CARTESIAN_POINT ( 'NONE',  ( 37.00000000000001421, 5.400000000000000355, 6.484690356689041479 ) ) ;
#4931 = CARTESIAN_POINT ( 'NONE',  ( -51.79999999999998295, 8.400000000000000355, -2.449999999999999734 ) ) ;
#4933 = ORIENTED_EDGE ( 'NONE', *, *, #6232, .T. ) ;
#4934 = LINE ( 'NONE', #3245, #10706 ) ;
#4935 = CIRCLE ( 'NONE', #227, 1.900000000000000577 ) ;
#4936 = AXIS2_PLACEMENT_3D ( 'NONE', #7414, #10665, #4965 ) ;
#4937 = DIRECTION ( 'NONE',  ( 0.000000000000000000, 0.000000000000000000, 1.000000000000000000 ) ) ;
#4938 = EDGE_CURVE ( 'NONE', #6133, #8138, #7534, .T. ) ;
#4939 = CARTESIAN_POINT ( 'NONE',  ( 30.50000000000001066, 1.000000000000000000, -11.35000000000001741 ) ) ;
#4940 = CARTESIAN_POINT ( 'NONE',  ( 30.94999999999998863, 0.000000000000000000, -7.530492254602831004 ) ) ;
#4941 = ORIENTED_EDGE ( 'NONE', *, *, #8419, .T. ) ;
#4942 = VECTOR ( 'NONE', #9714, 1000.000000000000000 ) ;
#4943 = AXIS2_PLACEMENT_3D ( 'NONE', #9615, #6920, #9560 ) ;
#4944 = CARTESIAN_POINT ( 'NONE',  ( 20.20000000000000995, 0.5000000000000004441, 8.349999999999997868 ) ) ;
#4945 = CARTESIAN_POINT ( 'NONE',  ( -51.99999999999998579, 7.102280827012615205, -3.001973684210525573 ) ) ;
#4946 = DIRECTION ( 'NONE',  ( -1.000000000000000000, -0.000000000000000000, -0.000000000000000000 ) ) ;
#4947 = CIRCLE ( 'NONE', #9494, 0.1999999999999987899 ) ;
#4948 = CARTESIAN_POINT ( 'NONE',  ( -51.66873083013076950, 8.647875702759103334, 4.337699192715315455 ) ) ;
#4949 = CIRCLE ( 'NONE', #9500, 0.2888330770816419091 ) ;
#4950 = EDGE_CURVE ( 'NONE', #9098, #2751, #10076, .T. ) ;
#4951 = VECTOR ( 'NONE', #602, 1000.000000000000000 ) ;
#4952 = CARTESIAN_POINT ( 'NONE',  ( -51.49999999999999289, 7.259441985024301935, 3.989162026542473871 ) ) ;
#4953 = ORIENTED_EDGE ( 'NONE', *, *, #1345, .F. ) ;
#4954 = ORIENTED_EDGE ( 'NONE', *, *, #4395, .T. ) ;
#4955 = ORIENTED_EDGE ( 'NONE', *, *, #3061, .T. ) ;
#4956 = AXIS2_PLACEMENT_3D ( 'NONE', #4444, #1340, #5377 ) ;
#4957 = AXIS2_PLACEMENT_3D ( 'NONE', #9275, #1736, #4131 ) ;
#4958 = DIRECTION ( 'NONE',  ( 0.000000000000000000, 0.000000000000000000, -1.000000000000000000 ) ) ;
#4959 = ORIENTED_EDGE ( 'NONE', *, *, #9437, .T. ) ;
#4960 = ADVANCED_FACE ( 'NONE', ( #4208 ), #5140, .F. ) ;
#4961 = DIRECTION ( 'NONE',  ( 1.000000000000000000, 0.000000000000000000, 0.000000000000000000 ) ) ;
#4962 = VECTOR ( 'NONE', #10540, 1000.000000000000000 ) ;
#4963 = DIRECTION ( 'NONE',  ( -0.6427876096865406952, 0.000000000000000000, 0.7660444431189769032 ) ) ;
#4964 = VERTEX_POINT ( 'NONE', #779 ) ;
#4965 = DIRECTION ( 'NONE',  ( -0.6427876096865379196, 0.000000000000000000, -0.7660444431189792347 ) ) ;
#4966 = VERTEX_POINT ( 'NONE', #8477 ) ;
#4967 = EDGE_CURVE ( 'NONE', #3305, #3027, #1761, .T. ) ;
#4968 = CARTESIAN_POINT ( 'NONE',  ( 49.80000000000001137, 13.00000000000000178, -4.000000000000000000 ) ) ;
#4969 = DIRECTION ( 'NONE',  ( 0.8660254037844390407, -0.000000000000000000, 0.4999999999999995004 ) ) ;
#4970 = CIRCLE ( 'NONE', #3223, 1.900000000000000577 ) ;
#4971 = EDGE_CURVE ( 'NONE', #9209, #2654, #65, .T. ) ;
#4972 = ORIENTED_EDGE ( 'NONE', *, *, #9845, .F. ) ;
#4973 = PLANE ( 'NONE',  #3249 ) ;
#4975 = CARTESIAN_POINT ( 'NONE',  ( 47.04999999999999716, 3.000000000000000000, -9.500000000000000000 ) ) ;
#4974 = CARTESIAN_POINT ( 'NONE',  ( -51.83382328136774930, 9.619787542372904454, -3.432738694138592894 ) ) ;
#4976 = LINE ( 'NONE', #7641, #3763 ) ;
#4977 = ORIENTED_EDGE ( 'NONE', *, *, #380, .T. ) ;
#4978 = DIRECTION ( 'NONE',  ( 0.000000000000000000, -0.6931369447486273039, -0.7208059210526355232 ) ) ;
#4979 = CARTESIAN_POINT ( 'NONE',  ( 22.87059264874607578, 0.02145563245112908426, -7.429700915573391740 ) ) ;
#4980 = CARTESIAN_POINT ( 'NONE',  ( -51.79999999999998295, 6.902631723476094550, -3.013815789473683893 ) ) ;
#4981 = LINE ( 'NONE', #4819, #5842 ) ;
#4982 = DIRECTION ( 'NONE',  ( -1.000000000000000000, 0.000000000000000000, -0.000000000000000000 ) ) ;
#4983 = ORIENTED_EDGE ( 'NONE', *, *, #152, .T. ) ;
#4984 = ORIENTED_EDGE ( 'NONE', *, *, #720, .F. ) ;
#4985 = EDGE_CURVE ( 'NONE', #10412, #2427, #1654, .T. ) ;
#4986 = AXIS2_PLACEMENT_3D ( 'NONE', #4988, #5860, #727 ) ;
#4987 = VERTEX_POINT ( 'NONE', #5032 ) ;
#4988 = CARTESIAN_POINT ( 'NONE',  ( 1.050000000000021361, 13.30000000000000071, 13.35000000000015774 ) ) ;
#4990 = DIRECTION ( 'NONE',  ( -0.000000000000000000, 1.000000000000000000, -0.000000000000000000 ) ) ;
#4989 = CARTESIAN_POINT ( 'NONE',  ( -52.74999999999998579, 15.20000000000000284, 0.000000000000000000 ) ) ;
#4991 = ORIENTED_EDGE ( 'NONE', *, *, #7161, .T. ) ;
#4992 = ORIENTED_EDGE ( 'NONE', *, *, #75, .F. ) ;
#4993 = VECTOR ( 'NONE', #6272, 1000.000000000000000 ) ;
#4994 = CARTESIAN_POINT ( 'NONE',  ( 29.74999999999998579, 0.5000000000000000000, -11.31869555732606436 ) ) ;
#4995 = VECTOR ( 'NONE', #4468, 1000.000000000000000 ) ;
#4996 = VERTEX_POINT ( 'NONE', #4980 ) ;
#4997 = CARTESIAN_POINT ( 'NONE',  ( 2.550000000000021583, 13.30000000000000071, -13.35000000000015952 ) ) ;
#4998 = CARTESIAN_POINT ( 'NONE',  ( 30.94999999999999574, 0.000000000000000000, -3.050488367499423631E-14 ) ) ;
#4999 = ORIENTED_EDGE ( 'NONE', *, *, #6823, .T. ) ;
#5000 = EDGE_CURVE ( 'NONE', #9917, #6881, #3395, .T. ) ;
#5001 = EDGE_CURVE ( 'NONE', #3109, #2321, #9198, .T. ) ;
#5002 = CARTESIAN_POINT ( 'NONE',  ( -34.44357915404025761, 2.159727986697190071E-17, -3.499768573143335892 ) ) ;
#5003 = LINE ( 'NONE', #10203, #5126 ) ;
#5004 = CARTESIAN_POINT ( 'NONE',  ( 0.000000000000000000, 13.30000000000000071, 0.000000000000000000 ) ) ;
#5005 = CARTESIAN_POINT ( 'NONE',  ( 0.000000000000000000, 6.500000000000000888, -6.750000000000000000 ) ) ;
#5006 = DIRECTION ( 'NONE',  ( 0.000000000000000000, 1.000000000000000000, -0.000000000000000000 ) ) ;
#5007 = LINE ( 'NONE', #5770, #7228 ) ;
#5008 = AXIS2_PLACEMENT_3D ( 'NONE', #8367, #4512, #930 ) ;
#5009 = ORIENTED_EDGE ( 'NONE', *, *, #2366, .F. ) ;
#5010 = ADVANCED_FACE ( 'NONE', ( #7646 ), #4157, .F. ) ;
#5011 = EDGE_CURVE ( 'NONE', #9732, #9663, #8374, .T. ) ;
#5012 = CARTESIAN_POINT ( 'NONE',  ( -3.019693845669886745, 13.30000000000000071, 13.55000000000016414 ) ) ;
#5013 = EDGE_LOOP ( 'NONE', ( #323, #10012, #7461, #6751, #6564, #1933 ) ) ;
#5014 = CARTESIAN_POINT ( 'NONE',  ( -2.258274450660561356E-16, 8.000000000000000000, 12.24999999999999822 ) ) ;
#5015 = VECTOR ( 'NONE', #4187, 1000.000000000000114 ) ;
#5016 = DIRECTION ( 'NONE',  ( -0.000000000000000000, -1.000000000000000000, -0.000000000000000000 ) ) ;
#5017 = ORIENTED_EDGE ( 'NONE', *, *, #1110, .T. ) ;
#5018 = CARTESIAN_POINT ( 'NONE',  ( -30.58999999999999275, 17.60100000000000264, -3.315000000000000391 ) ) ;
#5019 = ORIENTED_EDGE ( 'NONE', *, *, #9534, .F. ) ;
#5020 = CARTESIAN_POINT ( 'NONE',  ( -51.79999999999998295, 6.499999999999999112, -2.449999999999999289 ) ) ;
#5021 = DIRECTION ( 'NONE',  ( -1.000000000000000000, 0.000000000000000000, 0.000000000000000000 ) ) ;
#5022 = EDGE_CURVE ( 'NONE', #6912, #1013, #2416, .T. ) ;
#5023 = ORIENTED_EDGE ( 'NONE', *, *, #4147, .F. ) ;
#5024 = ORIENTED_EDGE ( 'NONE', *, *, #2192, .T. ) ;
#5025 = ADVANCED_FACE ( 'NONE', ( #5793 ), #9081, .T. ) ;
#5026 = CARTESIAN_POINT ( 'NONE',  ( -51.95568058483289775, 9.484780085661542515, -3.641416195903006248 ) ) ;
#5027 = CARTESIAN_POINT ( 'NONE',  ( -35.06554871542299878, 0.2000000000000000944, 3.615000000000000213 ) ) ;
#5028 = DIRECTION ( 'NONE',  ( -1.000000000000000000, 0.000000000000000000, -1.843489347478009811E-17 ) ) ;
#5029 = ORIENTED_EDGE ( 'NONE', *, *, #9089, .F. ) ;
#5030 = DIRECTION ( 'NONE',  ( 0.000000000000000000, 1.000000000000000000, -0.000000000000000000 ) ) ;
#5031 = CARTESIAN_POINT ( 'NONE',  ( 9.327580595034019519E-16, 16.60000000000000142, 13.54999999999999538 ) ) ;
#5032 = CARTESIAN_POINT ( 'NONE',  ( 2.459170479469696691, 13.30000000000000071, -14.75000000000000000 ) ) ;
#5033 = CARTESIAN_POINT ( 'NONE',  ( 22.36827201635471241, -1.697056274847719815, -9.481727983645297897 ) ) ;
#5034 = CARTESIAN_POINT ( 'NONE',  ( -30.41003882983034501, 6.000690477496228858, -2.769672436215394828 ) ) ;
#5035 = EDGE_LOOP ( 'NONE', ( #1636, #8831 ) ) ;
#5036 = VECTOR ( 'NONE', #6491, 1000.000000000000000 ) ;
#5037 = EDGE_LOOP ( 'NONE', ( #7436, #8048, #9414, #6925 ) ) ;
#5038 = AXIS2_PLACEMENT_3D ( 'NONE', #3933, #2200, #3067 ) ;
#5039 = ORIENTED_EDGE ( 'NONE', *, *, #3612, .T. ) ;
#5040 = DIRECTION ( 'NONE',  ( -0.000000000000000000, -0.000000000000000000, 1.000000000000000000 ) ) ;
#5042 = CARTESIAN_POINT ( 'NONE',  ( -51.98158278002102861, 7.190425164400053859, 3.452455002252632799 ) ) ;
#5041 = CARTESIAN_POINT ( 'NONE',  ( -2.115732324656922166E-15, 5.400000000000000355, 4.549999999999978506 ) ) ;
#5043 = VERTEX_POINT ( 'NONE', #9 ) ;
#5044 = ORIENTED_EDGE ( 'NONE', *, *, #3536, .F. ) ;
#5045 = EDGE_CURVE ( 'NONE', #8977, #5069, #4281, .T. ) ;
#5046 = DIRECTION ( 'NONE',  ( -0.000000000000000000, 1.000000000000000000, -0.000000000000000000 ) ) ;
#5047 = ORIENTED_EDGE ( 'NONE', *, *, #6003, .T. ) ;
#5048 = CARTESIAN_POINT ( 'NONE',  ( -52.74999999999998579, 8.000000000000000000, -6.750000000000001776 ) ) ;
#5049 = CARTESIAN_POINT ( 'NONE',  ( -31.22777815357900622, 3.000000000000000000, -8.850000000000054712 ) ) ;
#5050 = ORIENTED_EDGE ( 'NONE', *, *, #4486, .F. ) ;
#5051 = B_SPLINE_CURVE_WITH_KNOTS ( 'NONE', 3,
 ( #1008, #1886, #3517, #5053, #6032, #6743, #196, #5164 ),
 .UNSPECIFIED., .F., .F.,
 ( 4, 2, 2, 4 ),
 ( 0.000000000000000000, 0.0001382025733524830879, 0.0002764051467049661757, 0.0005528102934099388566 ),
 .UNSPECIFIED. ) ;
#5052 = LINE ( 'NONE', #8394, #8545 ) ;
#5053 = CARTESIAN_POINT ( 'NONE',  ( 29.79903847450275123, 0.1300423822510685112, 3.055729192126846794 ) ) ;
#5054 = CARTESIAN_POINT ( 'NONE',  ( -51.88850938628279863, 8.614119310398296037, 4.211707670827594896 ) ) ;
#5055 = CARTESIAN_POINT ( 'NONE',  ( -51.79999999999998295, 9.900000000000000355, -2.924999999999996270 ) ) ;
#5056 = ADVANCED_FACE ( 'NONE', ( #3285 ), #6610, .T. ) ;
#5057 = CARTESIAN_POINT ( 'NONE',  ( 30.50000000000001066, 0.000000000000000000, -2.350000000000004974 ) ) ;
#5058 = EDGE_CURVE ( 'NONE', #422, #4987, #10017, .T. ) ;
#5059 = CARTESIAN_POINT ( 'NONE',  ( 44.85000000000002984, 6.000000000000000000, -2.400000000000000799 ) ) ;
#5060 = AXIS2_PLACEMENT_3D ( 'NONE', #1570, #9825, #6578 ) ;
#5061 = VERTEX_POINT ( 'NONE', #10288 ) ;
#5062 = LINE ( 'NONE', #3214, #6923 ) ;
#5063 = ORIENTED_EDGE ( 'NONE', *, *, #9571, .T. ) ;
#5064 = CARTESIAN_POINT ( 'NONE',  ( 47.05000000000001137, 11.00000000000000178, 14.75000000000000178 ) ) ;
#5065 = FACE_OUTER_BOUND ( 'NONE', #5526, .T. ) ;
#5066 = ORIENTED_EDGE ( 'NONE', *, *, #2330, .T. ) ;
#5067 = VECTOR ( 'NONE', #451, 1000.000000000000000 ) ;
#5068 = DIRECTION ( 'NONE',  ( 0.000000000000000000, 0.000000000000000000, 1.000000000000000000 ) ) ;
#5069 = VERTEX_POINT ( 'NONE', #1088 ) ;
#5070 = DIRECTION ( 'NONE',  ( 1.692413147294445970E-16, 0.000000000000000000, 1.000000000000000000 ) ) ;
#5072 = EDGE_CURVE ( 'NONE', #6507, #4966, #2540, .T. ) ;
#5071 = CARTESIAN_POINT ( 'NONE',  ( 44.85000000000002984, 6.000000000000000000, 0.000000000000000000 ) ) ;
#5073 = ADVANCED_FACE ( 'NONE', ( #5404 ), #9572, .T. ) ;
#5074 = ORIENTED_EDGE ( 'NONE', *, *, #3093, .T. ) ;
#5075 = EDGE_LOOP ( 'NONE', ( #6128, #5259, #4953, #5649 ) ) ;
#5076 = LINE ( 'NONE', #3594, #1283 ) ;
#5077 = CARTESIAN_POINT ( 'NONE',  ( 0.000000000000000000, 0.5000000000000000000, 0.000000000000000000 ) ) ;
#5078 = CARTESIAN_POINT ( 'NONE',  ( -19.54999999999997939, 15.10000000000000142, 13.54999999999999538 ) ) ;
#5079 = ORIENTED_EDGE ( 'NONE', *, *, #3392, .T. ) ;
#5080 = CARTESIAN_POINT ( 'NONE',  ( -51.99999999999998579, 6.899999999999998579, 2.924999999999994493 ) ) ;
#5081 = CARTESIAN_POINT ( 'NONE',  ( -40.03434658500975019, 0.1071145293931484166, -20.34067203111831290 ) ) ;
#5082 = LINE ( 'NONE', #3451, #9302 ) ;
#5083 = CARTESIAN_POINT ( 'NONE',  ( 29.75000000000002487, -0.0009999999999999158867, 3.098623679425835054 ) ) ;
#5084 = ADVANCED_FACE ( 'NONE', ( #8633, #8738, #2024, #175, #7755, #6985, #6060, #1149, #3702, #2675, #1864, #5190, #280 ), #7039, .F. ) ;
#5085 = ORIENTED_EDGE ( 'NONE', *, *, #3419, .T. ) ;
#5086 = CARTESIAN_POINT ( 'NONE',  ( -30.58999999999999275, 0.5000000000000004441, 2.765000000000000124 ) ) ;
#5087 = DIRECTION ( 'NONE',  ( 0.3420201433256697121, 0.000000000000000000, 0.9396926207859080948 ) ) ;
#5088 = ORIENTED_EDGE ( 'NONE', *, *, #4235, .F. ) ;
#5089 = VERTEX_POINT ( 'NONE', #10179 ) ;
#5090 = ORIENTED_EDGE ( 'NONE', *, *, #7838, .T. ) ;
#5091 = CARTESIAN_POINT ( 'NONE',  ( 20.20000000000000995, 0.5000000000000004441, 8.349999999999997868 ) ) ;
#5093 = DIRECTION ( 'NONE',  ( 0.000000000000000000, 0.000000000000000000, 1.000000000000000000 ) ) ;
#5092 = DIRECTION ( 'NONE',  ( 0.8660254037844385966, -0.000000000000000000, -0.5000000000000003331 ) ) ;
#5094 = EDGE_LOOP ( 'NONE', ( #6288, #10352 ) ) ;
#5095 = ADVANCED_FACE ( 'NONE', ( #4579 ), #4473, .F. ) ;
#5096 = VERTEX_POINT ( 'NONE', #7811 ) ;
#5097 = DIRECTION ( 'NONE',  ( -0.000000000000000000, 1.000000000000000000, -0.000000000000000000 ) ) ;
#5098 = ADVANCED_FACE ( 'NONE', ( #8526 ), #8573, .T. ) ;
#5099 = AXIS2_PLACEMENT_3D ( 'NONE', #7289, #9767, #9976 ) ;
#5100 = ORIENTED_EDGE ( 'NONE', *, *, #4218, .T. ) ;
#5101 = CARTESIAN_POINT ( 'NONE',  ( -34.34233853611036835, 0.1265113557324328841, 8.363990808926773823 ) ) ;
#5102 = DIRECTION ( 'NONE',  ( -3.652049423109068320E-16, 0.000000000000000000, -1.000000000000000000 ) ) ;
#5103 = ORIENTED_EDGE ( 'NONE', *, *, #2113, .F. ) ;
#5104 = ORIENTED_EDGE ( 'NONE', *, *, #6278, .T. ) ;
#5105 = ADVANCED_FACE ( 'NONE', ( #223 ), #3651, .T. ) ;
#5106 = CARTESIAN_POINT ( 'NONE',  ( -51.77340835089973581, 7.205390757595178108, 3.692296232791139055 ) ) ;
#5107 = CIRCLE ( 'NONE', #53, 9.000000000000012434 ) ;
#5108 =( GEOMETRIC_REPRESENTATION_CONTEXT ( 3 ) GLOBAL_UNCERTAINTY_ASSIGNED_CONTEXT ( ( #8027 ) ) GLOBAL_UNIT_ASSIGNED_CONTEXT ( ( #2810, #6254, #10433 ) ) REPRESENTATION_CONTEXT ( 'NONE', 'WORKASPACE' ) );
#5109 = CYLINDRICAL_SURFACE ( 'NONE', #8978, 0.1999999999999987899 ) ;
#5110 = FACE_OUTER_BOUND ( 'NONE', #9159, .T. ) ;
#5111 = FACE_OUTER_BOUND ( 'NONE', #4503, .T. ) ;
#5112 = CARTESIAN_POINT ( 'NONE',  ( -51.70661494277104708, 7.083039804977583564, 3.819531249999984723 ) ) ;
#5113 = CARTESIAN_POINT ( 'NONE',  ( -19.54999999999997939, 11.00000000000000178, 13.55000000000000249 ) ) ;
#5114 = VECTOR ( 'NONE', #4003, 1000.000000000000000 ) ;
#5115 = VECTOR ( 'NONE', #7329, 1000.000000000000000 ) ;
#5116 = ORIENTED_EDGE ( 'NONE', *, *, #271, .T. ) ;
#5117 = EDGE_CURVE ( 'NONE', #8409, #2752, #2836, .T. ) ;
#5118 = VECTOR ( 'NONE', #10169, 1000.000000000000000 ) ;
#5119 = CARTESIAN_POINT ( 'NONE',  ( -31.11939691791956974, 0.5000000000000004441, 2.765000000000000124 ) ) ;
#5120 = EDGE_LOOP ( 'NONE', ( #8202, #7871, #9756, #8135 ) ) ;
#5121 = DIRECTION ( 'NONE',  ( -0.000000000000000000, -1.000000000000000000, -0.000000000000000000 ) ) ;
#5122 = DIRECTION ( 'NONE',  ( 0.000000000000000000, -1.000000000000000000, -2.891205793294682764E-16 ) ) ;
#5123 = VECTOR ( 'NONE', #7260, 1000.000000000000000 ) ;
#5124 = FACE_OUTER_BOUND ( 'NONE', #9312, .T. ) ;
#5125 = CARTESIAN_POINT ( 'NONE',  ( 51.50000000000001421, 11.00000000000000178, 6.000000000000000000 ) ) ;
#5126 = VECTOR ( 'NONE', #5213, 1000.000000000000000 ) ;
#5127 = ORIENTED_EDGE ( 'NONE', *, *, #9071, .F. ) ;
#5128 = AXIS2_PLACEMENT_3D ( 'NONE', #7953, #3036, #10596 ) ;
#5129 = EDGE_CURVE ( 'NONE', #1320, #1153, #7694, .T. ) ;
#5130 = VECTOR ( 'NONE', #8890, 1000.000000000000000 ) ;
#5131 = ORIENTED_EDGE ( 'NONE', *, *, #5957, .T. ) ;
#5132 = CARTESIAN_POINT ( 'NONE',  ( -49.79999999999998295, 10.30000000000000071, 2.449999999999999289 ) ) ;
#5133 = CARTESIAN_POINT ( 'NONE',  ( -51.75475899798735924, 8.629673580879893890, -4.274804758350650324 ) ) ;
#5134 = PLANE ( 'NONE',  #1685 ) ;
#5135 = ORIENTED_EDGE ( 'NONE', *, *, #4049, .T. ) ;
#5136 = LINE ( 'NONE', #9043, #8776 ) ;
#5137 = VECTOR ( 'NONE', #9263, 1000.000000000000000 ) ;
#5138 = CARTESIAN_POINT ( 'NONE',  ( 42.80000000000001137, 8.000000000000000000, -1.247998397434841644 ) ) ;
#5139 = FACE_BOUND ( 'NONE', #7966, .T. ) ;
#5140 = PLANE ( 'NONE',  #9003 ) ;
#5141 = FACE_OUTER_BOUND ( 'NONE', #10466, .T. ) ;
#5142 = ORIENTED_EDGE ( 'NONE', *, *, #2444, .T. ) ;
#5143 = ORIENTED_EDGE ( 'NONE', *, *, #8166, .T. ) ;
#5144 = ORIENTED_EDGE ( 'NONE', *, *, #16, .F. ) ;
#5145 = VECTOR ( 'NONE', #1763, 1000.000000000000000 ) ;
#5146 = LINE ( 'NONE', #9411, #6025 ) ;
#5147 = ADVANCED_FACE ( 'NONE', ( #1201 ), #3548, .F. ) ;
#5148 = EDGE_CURVE ( 'NONE', #10469, #8977, #1913, .T. ) ;
#5150 = CARTESIAN_POINT ( 'NONE',  ( -51.89422460401105042, 7.978776088857489235, 4.159484018987982701 ) ) ;
#5149 = CARTESIAN_POINT ( 'NONE',  ( -51.78807474045418502, 9.737198043323248342, 3.484891521729081010 ) ) ;
#5151 = ORIENTED_EDGE ( 'NONE', *, *, #4491, .F. ) ;
#5152 = EDGE_LOOP ( 'NONE', ( #3008, #10216, #1322, #3467, #7939, #10116, #2621, #1216, #9863, #7524, #8269, #2914, #2904 ) ) ;
#5153 = FACE_OUTER_BOUND ( 'NONE', #7473, .T. ) ;
#5154 = TOROIDAL_SURFACE ( 'NONE', #10749, 9.300000000000013145, 0.2999999999999999889 ) ;
#5155 = DIRECTION ( 'NONE',  ( 0.000000000000000000, 0.000000000000000000, -1.000000000000000000 ) ) ;
#5156 = CARTESIAN_POINT ( 'NONE',  ( -3.019693845669852994, 15.10000000000000142, 13.54999999999999538 ) ) ;
#5158 = ORIENTED_EDGE ( 'NONE', *, *, #4845, .T. ) ;
#5157 = VECTOR ( 'NONE', #2100, 1000.000000000000000 ) ;
#5159 = ORIENTED_EDGE ( 'NONE', *, *, #9071, .T. ) ;
#5160 = VERTEX_POINT ( 'NONE', #3812 ) ;
#5161 = ADVANCED_FACE ( 'NONE', ( #5622 ), #5154, .T. ) ;
#5162 = EDGE_CURVE ( 'NONE', #9784, #5728, #7148, .T. ) ;
#5163 = DIRECTION ( 'NONE',  ( 0.000000000000000000, 0.000000000000000000, 1.000000000000000000 ) ) ;
#5164 = CARTESIAN_POINT ( 'NONE',  ( 30.05000000000002913, 0.000000000000000000, 2.830492254602820612 ) ) ;
#5165 = CIRCLE ( 'NONE', #1331, 0.3000000000000016542 ) ;
#5166 = DIRECTION ( 'NONE',  ( 1.000000000000000000, 0.000000000000000000, 0.000000000000000000 ) ) ;
#5167 = DIRECTION ( 'NONE',  ( 0.000000000000000000, -0.000000000000000000, 1.000000000000000000 ) ) ;
#5168 =( BOUNDED_CURVE ( )  B_SPLINE_CURVE ( 3, ( #2436, #1518, #5002, #8343 ),
 .UNSPECIFIED., .F., .T. ) 
 B_SPLINE_CURVE_WITH_KNOTS ( ( 4, 4 ),
 ( 3.517851087758622874, 4.712388980384690562 ),
 .UNSPECIFIED. ) 
 CURVE ( )  GEOMETRIC_REPRESENTATION_ITEM ( )  RATIONAL_B_SPLINE_CURVE ( ( 1.000000000000000000, 0.8845830693046154991, 0.8845830693046154991, 1.000000000000000000 ) ) 
 REPRESENTATION_ITEM ( '' )  );
#5169 = CARTESIAN_POINT ( 'NONE',  ( -51.55319817479337274, 8.157263597525767906, 4.338327429859364592 ) ) ;
#5170 = CARTESIAN_POINT ( 'NONE',  ( -51.79999999999998295, 6.899999999999998579, 2.924999999999996270 ) ) ;
#5171 = VECTOR ( 'NONE', #8472, 1000.000000000000000 ) ;
#5172 = ORIENTED_EDGE ( 'NONE', *, *, #3851, .T. ) ;
#5173 = PLANE ( 'NONE',  #2938 ) ;
#5174 = EDGE_LOOP ( 'NONE', ( #2698, #1855, #5143, #7541 ) ) ;
#5175 = DIRECTION ( 'NONE',  ( 0.000000000000000000, 1.000000000000000000, 0.000000000000000000 ) ) ;
#5176 = DIRECTION ( 'NONE',  ( -0.000000000000000000, -0.000000000000000000, 1.000000000000000000 ) ) ;
#5177 = CARTESIAN_POINT ( 'NONE',  ( -40.01900131232448388, 0.1363762547886367138, -3.607467516771496907 ) ) ;
#5178 = CARTESIAN_POINT ( 'NONE',  ( -34.34233853611036835, 0.1265113557324328841, 8.363990808926773823 ) ) ;
#5179 = ADVANCED_FACE ( 'NONE', ( #3113 ), #4744, .T. ) ;
#5180 = ORIENTED_EDGE ( 'NONE', *, *, #136, .F. ) ;
#5181 = AXIS2_PLACEMENT_3D ( 'NONE', #7338, #852, #5663 ) ;
#5182 = EDGE_LOOP ( 'NONE', ( #3766, #7495, #7108, #9389 ) ) ;
#5183 = DIRECTION ( 'NONE',  ( -1.000000000000000000, -0.000000000000000000, -1.020425574104004196E-15 ) ) ;
#5184 = DIRECTION ( 'NONE',  ( 0.000000000000000000, 0.000000000000000000, -1.000000000000000000 ) ) ;
#5185 = ORIENTED_EDGE ( 'NONE', *, *, #3397, .F. ) ;
#5186 = CARTESIAN_POINT ( 'NONE',  ( -51.78807474045418502, 7.062801956676757698, -3.484891521729088115 ) ) ;
#5187 = LINE ( 'NONE', #9296, #4407 ) ;
#5188 = EDGE_CURVE ( 'NONE', #8162, #4076, #9625, .T. ) ;
#5189 = CARTESIAN_POINT ( 'NONE',  ( -51.95568058483289775, 9.484780085661542515, -3.641416195903006248 ) ) ;
#5190 = FACE_BOUND ( 'NONE', #8865, .T. ) ;
#5191 = CARTESIAN_POINT ( 'NONE',  ( -31.45678631915142631, 0.2827931057192691333, -3.615000000000000213 ) ) ;
#5192 = EDGE_LOOP ( 'NONE', ( #4273, #9233, #9037, #9536 ) ) ;
#5193 = VERTEX_POINT ( 'NONE', #3760 ) ;
#5194 = ORIENTED_EDGE ( 'NONE', *, *, #4366, .F. ) ;
#5195 = ORIENTED_EDGE ( 'NONE', *, *, #2171, .F. ) ;
#5196 = CARTESIAN_POINT ( 'NONE',  ( 31.08718186220616175, 0.02221052063481687364, -7.655038092765996005 ) ) ;
#5198 = CARTESIAN_POINT ( 'NONE',  ( -51.79999999999998295, 7.102280827012614317, 3.001973684210526461 ) ) ;
#5197 = DIRECTION ( 'NONE',  ( -0.000000000000000000, 1.000000000000000000, -0.000000000000000000 ) ) ;
#5199 = ORIENTED_EDGE ( 'NONE', *, *, #6622, .F. ) ;
#5200 = ORIENTED_EDGE ( 'NONE', *, *, #7696, .F. ) ;
#5201 = ORIENTED_EDGE ( 'NONE', *, *, #1239, .T. ) ;
#5202 = DIRECTION ( 'NONE',  ( 0.000000000000000000, 0.000000000000000000, -1.000000000000000000 ) ) ;
#5203 = FACE_OUTER_BOUND ( 'NONE', #7819, .T. ) ;
#5204 = VECTOR ( 'NONE', #8458, 1000.000000000000000 ) ;
#5205 = DIRECTION ( 'NONE',  ( -0.000000000000000000, -0.000000000000000000, 1.000000000000000000 ) ) ;
#5206 = DIRECTION ( 'NONE',  ( -1.000000000000000000, 0.000000000000000000, 0.000000000000000000 ) ) ;
#5207 = ORIENTED_EDGE ( 'NONE', *, *, #898, .T. ) ;
#5208 = EDGE_CURVE ( 'NONE', #6238, #998, #1137, .T. ) ;
#5209 = VERTEX_POINT ( 'NONE', #6442 ) ;
#5210 = EDGE_CURVE ( 'NONE', #8495, #7242, #2536, .T. ) ;
#5211 = EDGE_LOOP ( 'NONE', ( #1817, #5995, #1743, #10553, #4779, #4261 ) ) ;
#5212 = DIRECTION ( 'NONE',  ( 0.000000000000000000, 0.000000000000000000, 1.000000000000000000 ) ) ;
#5213 = DIRECTION ( 'NONE',  ( -1.000000000000000000, 0.000000000000000000, 0.000000000000000000 ) ) ;
#5214 = CARTESIAN_POINT ( 'NONE',  ( 30.50000000000001066, 0.2999999999999999889, -2.350000000000004974 ) ) ;
#5215 = SURFACE_STYLE_FILL_AREA ( #2703 ) ;
#5216 = EDGE_CURVE ( 'NONE', #984, #6451, #3058, .T. ) ;
#5217 = DIRECTION ( 'NONE',  ( 0.000000000000000000, 1.000000000000000000, 0.000000000000000000 ) ) ;
#5218 = CIRCLE ( 'NONE', #8899, 2.400000000000000799 ) ;
#5219 = VERTEX_POINT ( 'NONE', #3980 ) ;
#5220 = CARTESIAN_POINT ( 'NONE',  ( -31.22776368699693705, 2.962067264275416001, 8.349999999918603422 ) ) ;
#5221 = EDGE_CURVE ( 'NONE', #495, #4964, #5330, .T. ) ;
#5222 = ORIENTED_EDGE ( 'NONE', *, *, #123, .F. ) ;
#5223 = FACE_OUTER_BOUND ( 'NONE', #6556, .T. ) ;
#5224 =( BOUNDED_SURFACE ( )  B_SPLINE_SURFACE ( 3, 2, ( 
 ( #9093, #8276, #789 ),
 ( #3557, #6784, #5042 ),
 ( #9308, #1872, #3348 ),
 ( #8582, #5198, #3506 ) ),
 .UNSPECIFIED., .F., .F., .F. ) 
 B_SPLINE_SURFACE_WITH_KNOTS ( ( 4, 4 ),
 ( 3, 3 ),
 ( -3.252606517456513302E-19, 0.0007825590053262414551 ),
 ( 0.000000000000000000, 1.000000000000000000 ),
 .UNSPECIFIED. ) 
 GEOMETRIC_REPRESENTATION_ITEM ( )  RATIONAL_B_SPLINE_SURFACE ( (
 ( 1.000000000000000000, 0.8371290630494849783, 1.000000000000000000),
 ( 1.000000000000000000, 0.8027790047357393766, 1.000000000000000000),
 ( 1.000000000000000000, 0.7601121344914758549, 1.000000000000000000),
 ( 1.000000000000000000, 0.7071067811865474617, 1.000000000000000000) ) ) 
 REPRESENTATION_ITEM ( '' )  SURFACE ( )  );
#5225 = ORIENTED_EDGE ( 'NONE', *, *, #10049, .F. ) ;
#5226 = CARTESIAN_POINT ( 'NONE',  ( -51.77340835089974291, 9.594609242404811056, -3.692296232791153709 ) ) ;
#5227 = CARTESIAN_POINT ( 'NONE',  ( -19.54999999999997939, 15.19999999999999751, 11.75000000000000178 ) ) ;
#5228 = EDGE_CURVE ( 'NONE', #3943, #6657, #10507, .T. ) ;
#5229 = CARTESIAN_POINT ( 'NONE',  ( -19.54999999999997939, 16.60000000000000142, 2.299243657989597051E-15 ) ) ;
#5230 = DIRECTION ( 'NONE',  ( -0.4999999999999978906, 0.000000000000000000, 0.8660254037844398178 ) ) ;
#5231 = AXIS2_PLACEMENT_3D ( 'NONE', #2754, #2596, #4334 ) ;
#5232 = ADVANCED_FACE ( 'NONE', ( #547 ), #7261, .T. ) ;
#5233 = ORIENTED_EDGE ( 'NONE', *, *, #8291, .T. ) ;
#5234 = VECTOR ( 'NONE', #9906, 1000.000000000000000 ) ;
#5235 = EDGE_CURVE ( 'NONE', #5970, #6481, #10298, .T. ) ;
#5236 = FACE_OUTER_BOUND ( 'NONE', #10716, .T. ) ;
#5237 = ORIENTED_EDGE ( 'NONE', *, *, #136, .T. ) ;
#5238 = CARTESIAN_POINT ( 'NONE',  ( 47.05000000000001137, 11.00000000000000178, 12.25000000000000000 ) ) ;
#5239 = CARTESIAN_POINT ( 'NONE',  ( 30.50000000000001066, 0.000000000000000000, -2.350000000000004974 ) ) ;
#5240 = CARTESIAN_POINT ( 'NONE',  ( 35.59364652204423862, 0.2531612188914915684, -0.2752072131254387211 ) ) ;
#5241 = CARTESIAN_POINT ( 'NONE',  ( 51.50000000000001421, 11.00000000000000178, 0.000000000000000000 ) ) ;
#5242 = CARTESIAN_POINT ( 'NONE',  ( -31.28999999999999204, 0.4584017406109455184, 8.349999999999997868 ) ) ;
#5243 = ORIENTED_EDGE ( 'NONE', *, *, #1003, .T. ) ;
#5244 = ORIENTED_EDGE ( 'NONE', *, *, #4147, .T. ) ;
#5245 = EDGE_LOOP ( 'NONE', ( #1155, #236, #2908, #6111, #5200 ) ) ;
#5246 = ADVANCED_FACE ( 'NONE', ( #4641, #3862, #7206 ), #10617, .F. ) ;
#5247 = CARTESIAN_POINT ( 'NONE',  ( 42.80000000000001137, 6.000000000000000000, -1.247998397434841644 ) ) ;
#5248 = EDGE_CURVE ( 'NONE', #7353, #4582, #9021, .T. ) ;
#5250 = CARTESIAN_POINT ( 'NONE',  ( -44.74999999999998579, 17.60000000000000142, 13.54999999999999893 ) ) ;
#5249 = CARTESIAN_POINT ( 'NONE',  ( 30.50000000000001066, 0.000000000000000000, -2.350000000000004974 ) ) ;
#5251 = ORIENTED_EDGE ( 'NONE', *, *, #6522, .F. ) ;
#5252 = ORIENTED_EDGE ( 'NONE', *, *, #3538, .T. ) ;
#5253 = VERTEX_POINT ( 'NONE', #8084 ) ;
#5254 = CARTESIAN_POINT ( 'NONE',  ( -31.27472780755320869, 0.000000000000000000, -3.415000000000000036 ) ) ;
#5255 = DIRECTION ( 'NONE',  ( 0.000000000000000000, 0.000000000000000000, 1.000000000000000000 ) ) ;
#5256 = DIRECTION ( 'NONE',  ( 1.000000000000000000, 0.000000000000000000, 0.000000000000000000 ) ) ;
#5257 = DIRECTION ( 'NONE',  ( 0.000000000000000000, 1.000000000000000000, 0.000000000000000000 ) ) ;
#5258 = EDGE_LOOP ( 'NONE', ( #3936, #1983, #7367, #8380 ) ) ;
#5259 = ORIENTED_EDGE ( 'NONE', *, *, #10112, .T. ) ;
#5260 = EDGE_LOOP ( 'NONE', ( #5351, #3526, #1160, #5761 ) ) ;
#5261 = ORIENTED_EDGE ( 'NONE', *, *, #4967, .F. ) ;
#5262 = FACE_OUTER_BOUND ( 'NONE', #2772, .T. ) ;
#5263 = LINE ( 'NONE', #1935, #7040 ) ;
#5265 = EDGE_CURVE ( 'NONE', #8867, #7093, #8913, .T. ) ;
#5264 = DIRECTION ( 'NONE',  ( 0.000000000000000000, 0.000000000000000000, -1.000000000000000000 ) ) ;
#5266 = DIRECTION ( 'NONE',  ( -0.000000000000000000, -0.000000000000000000, 1.000000000000000000 ) ) ;
#5267 = AXIS2_PLACEMENT_3D ( 'NONE', #6864, #2504, #10220 ) ;
#5268 = DIRECTION ( 'NONE',  ( 1.000000000000000000, -0.000000000000000000, 0.000000000000000000 ) ) ;
#5269 = ORIENTED_EDGE ( 'NONE', *, *, #3879, .F. ) ;
#5270 = CARTESIAN_POINT ( 'NONE',  ( -30.28999999999998494, 3.037671590203215644, 8.408450778354298549 ) ) ;
#5271 = CARTESIAN_POINT ( 'NONE',  ( 30.05000000000003624, 0.000000000000000000, 6.939106523234630508 ) ) ;
#5272 = ORIENTED_EDGE ( 'NONE', *, *, #4382, .F. ) ;
#5273 = VECTOR ( 'NONE', #8996, 1000.000000000000000 ) ;
#5274 = ORIENTED_EDGE ( 'NONE', *, *, #6210, .T. ) ;
#5275 = VECTOR ( 'NONE', #4386, 1000.000000000000000 ) ;
#5276 = LINE ( 'NONE', #8614, #154 ) ;
#5277 = ORIENTED_EDGE ( 'NONE', *, *, #3642, .T. ) ;
#5278 = CARTESIAN_POINT ( 'NONE',  ( -40.21146882909597764, 0.000000000000000000, 2.965000000000000302 ) ) ;
#5279 = ADVANCED_FACE ( 'NONE', ( #2999, #7310 ), #10667, .T. ) ;
#5280 = ADVANCED_FACE ( 'NONE', ( #1537 ), #7584, .T. ) ;
#5281 = LINE ( 'NONE', #6267, #9199 ) ;
#5282 = CARTESIAN_POINT ( 'NONE',  ( -8.508845726811326671, 13.30000000000000071, -13.55000000000016058 ) ) ;
#5283 = AXIS2_PLACEMENT_3D ( 'NONE', #10342, #4415, #6931 ) ;
#5284 = AXIS2_PLACEMENT_3D ( 'NONE', #8279, #2671, #220 ) ;
#5285 = CARTESIAN_POINT ( 'NONE',  ( -30.58999999999999631, 6.296018041280833089, -20.34067203111831290 ) ) ;
#5286 = AXIS2_PLACEMENT_3D ( 'NONE', #4525, #4363, #1914 ) ;
#5287 = AXIS2_PLACEMENT_3D ( 'NONE', #4519, #10560, #2942 ) ;
#5288 = EDGE_CURVE ( 'NONE', #8680, #1487, #5218, .T. ) ;
#5289 = ORIENTED_EDGE ( 'NONE', *, *, #9450, .T. ) ;
#5290 = AXIS2_PLACEMENT_3D ( 'NONE', #1758, #7644, #4885 ) ;
#5291 = DIRECTION ( 'NONE',  ( -1.000000000000000000, -1.874314505684327150E-13, 0.000000000000000000 ) ) ;
#5292 = ADVANCED_FACE ( 'NONE', ( #4089 ), #3580, .T. ) ;
#5293 = CARTESIAN_POINT ( 'NONE',  ( -52.74999999999998579, 15.20000000000000284, 6.750000000000000000 ) ) ;
#5294 = ORIENTED_EDGE ( 'NONE', *, *, #10726, .T. ) ;
#5295 = CARTESIAN_POINT ( 'NONE',  ( -40.08977263648107225, 0.2000000000000000111, 2.765000000000000124 ) ) ;
#5296 = AXIS2_PLACEMENT_3D ( 'NONE', #3848, #7792, #10383 ) ;
#5297 = FACE_OUTER_BOUND ( 'NONE', #5323, .T. ) ;
#5298 = FACE_OUTER_BOUND ( 'NONE', #7253, .T. ) ;
#5299 = CARTESIAN_POINT ( 'NONE',  ( -30.28999999999999204, 3.119387360919112950, -9.850000000000052935 ) ) ;
#5300 = VECTOR ( 'NONE', #7593, 1000.000000000000000 ) ;
#5301 = AXIS2_PLACEMENT_3D ( 'NONE', #3326, #1746, #112 ) ;
#5302 = CARTESIAN_POINT ( 'NONE',  ( 35.59364652204421020, -0.0009999999999999158867, -4.424792786874612638 ) ) ;
#5303 = ORIENTED_EDGE ( 'NONE', *, *, #9507, .F. ) ;
#5304 = ORIENTED_EDGE ( 'NONE', *, *, #2038, .T. ) ;
#5305 = ORIENTED_EDGE ( 'NONE', *, *, #3748, .T. ) ;
#5307 = CARTESIAN_POINT ( 'NONE',  ( -30.28999999999999204, 3.136428886680562300, -8.879093721674106376 ) ) ;
#5306 = FACE_OUTER_BOUND ( 'NONE', #3619, .T. ) ;
#5308 = AXIS2_PLACEMENT_3D ( 'NONE', #909, #7511, #10048 ) ;
#5309 = ORIENTED_EDGE ( 'NONE', *, *, #9719, .F. ) ;
#5310 = EDGE_LOOP ( 'NONE', ( #10272, #4341, #3778, #3416, #2231, #7530 ) ) ;
#5311 = AXIS2_PLACEMENT_3D ( 'NONE', #2434, #10647, #5760 ) ;
#5312 = ORIENTED_EDGE ( 'NONE', *, *, #6803, .F. ) ;
#5313 = DIRECTION ( 'NONE',  ( 0.000000000000000000, 0.000000000000000000, 1.000000000000000000 ) ) ;
#5314 = DIRECTION ( 'NONE',  ( 0.000000000000000000, -0.000000000000000000, 1.000000000000000000 ) ) ;
#5315 = VECTOR ( 'NONE', #10395, 1000.000000000000000 ) ;
#5316 = VERTEX_POINT ( 'NONE', #9187 ) ;
#5317 = CARTESIAN_POINT ( 'NONE',  ( 25.40635347795581112, 0.5000000000000000000, -0.2752072131254000853 ) ) ;
#5318 = CARTESIAN_POINT ( 'NONE',  ( -51.75423352066371052, 7.955837764047973160, -4.212383012905342561 ) ) ;
#5319 = EDGE_CURVE ( 'NONE', #1867, #7748, #7099, .T. ) ;
#5320 = VERTEX_POINT ( 'NONE', #710 ) ;
#5321 = ORIENTED_EDGE ( 'NONE', *, *, #5921, .F. ) ;
#5322 = VECTOR ( 'NONE', #3465, 1000.000000000000000 ) ;
#5323 = EDGE_LOOP ( 'NONE', ( #8428, #3440, #6935, #1579 ) ) ;
#5324 = ORIENTED_EDGE ( 'NONE', *, *, #7002, .F. ) ;
#5325 = B_SPLINE_CURVE_WITH_KNOTS ( 'NONE', 3,
 ( #2367, #2310, #4705, #10676 ),
 .UNSPECIFIED., .F., .F.,
 ( 4, 4 ),
 ( 0.000000000000000000, 0.0001077286665339028825 ),
 .UNSPECIFIED. ) ;
#5326 = DIRECTION ( 'NONE',  ( 0.4999999999999995004, 0.000000000000000000, -0.8660254037844390407 ) ) ;
#5327 = LINE ( 'NONE', #2921, #5657 ) ;
#5328 = CARTESIAN_POINT ( 'NONE',  ( -51.81145520592808396, 8.292409053680259490, 4.225057692675192378 ) ) ;
#5329 = CARTESIAN_POINT ( 'NONE',  ( -39.98506879479626974, 0.1999999999999996503, -3.615000000000000213 ) ) ;
#5330 = CIRCLE ( 'NONE', #623, 0.2999999999999999334 ) ;
#5331 = DIRECTION ( 'NONE',  ( 0.000000000000000000, 0.000000000000000000, -1.000000000000000000 ) ) ;
#5332 = ORIENTED_EDGE ( 'NONE', *, *, #9925, .T. ) ;
#5333 = CARTESIAN_POINT ( 'NONE',  ( -30.28999999999998849, 2.863606896637635124, 8.379118549326070919 ) ) ;
#5334 = CARTESIAN_POINT ( 'NONE',  ( -35.05000000001246008, 5.500000000000000000, 12.25000000000191491 ) ) ;
#5335 = ADVANCED_FACE ( 'NONE', ( #10267 ), #4028, .T. ) ;
#5336 = VERTEX_POINT ( 'NONE', #9951 ) ;
#5337 = EDGE_CURVE ( 'NONE', #9441, #3720, #1392, .T. ) ;
#5338 = EDGE_LOOP ( 'NONE', ( #6994, #5199, #712, #10319 ) ) ;
#5339 = CIRCLE ( 'NONE', #5857, 0.2888330770816419091 ) ;
#5340 = LINE ( 'NONE', #9278, #673 ) ;
#5341 = DIRECTION ( 'NONE',  ( 0.000000000000000000, 0.000000000000000000, 1.000000000000000000 ) ) ;
#5342 = DIRECTION ( 'NONE',  ( -6.883823317368283549E-17, 0.000000000000000000, -1.000000000000000000 ) ) ;
#5343 = CARTESIAN_POINT ( 'NONE',  ( -19.54999999999997584, 11.00000000000000178, 0.000000000000000000 ) ) ;
#5344 = CARTESIAN_POINT ( 'NONE',  ( -44.74999999999998579, 15.20000000000000107, -6.750000000000002665 ) ) ;
#5345 = LINE ( 'NONE', #372, #8789 ) ;
#5346 = EDGE_CURVE ( 'NONE', #790, #5467, #515, .T. ) ;
#5347 = EDGE_CURVE ( 'NONE', #4120, #5043, #8371, .T. ) ;
#5348 = ORIENTED_EDGE ( 'NONE', *, *, #6955, .F. ) ;
#5349 = DIRECTION ( 'NONE',  ( 1.000000000000000000, -0.000000000000000000, -0.000000000000000000 ) ) ;
#5350 = DIRECTION ( 'NONE',  ( -0.000000000000000000, 1.000000000000000000, -0.000000000000000000 ) ) ;
#5351 = ORIENTED_EDGE ( 'NONE', *, *, #7559, .T. ) ;
#5352 = CARTESIAN_POINT ( 'NONE',  ( 9.030766330820459206E-15, 5.400000000000000355, -8.850000000000020961 ) ) ;
#5353 = CARTESIAN_POINT ( 'NONE',  ( 22.33484194167170500, 0.1248391197358915128, -6.258743620592520429 ) ) ;
#5354 = CARTESIAN_POINT ( 'NONE',  ( -30.30484636607248561, -1.468623938954177977, -20.34067203111831290 ) ) ;
#5355 = PLANE ( 'NONE',  #2068 ) ;
#5356 = VECTOR ( 'NONE', #3199, 1000.000000000000000 ) ;
#5357 = VERTEX_POINT ( 'NONE', #1747 ) ;
#5358 = EDGE_CURVE ( 'NONE', #1587, #452, #9096, .T. ) ;
#5359 = EDGE_LOOP ( 'NONE', ( #9687, #6663, #3220, #288, #6248, #2036, #10325, #171, #2900, #7556, #51 ) ) ;
#5360 = ORIENTED_EDGE ( 'NONE', *, *, #4921, .F. ) ;
#5361 = CARTESIAN_POINT ( 'NONE',  ( -40.06980179287453581, 0.03950539805616428563, -2.823332963778559357 ) ) ;
#5363 = DIRECTION ( 'NONE',  ( -1.000000000000000000, 0.000000000000000000, 0.000000000000000000 ) ) ;
#5362 = CARTESIAN_POINT ( 'NONE',  ( -47.04999999999999716, 3.000000000000000000, -9.500000000000000000 ) ) ;
#5364 = VERTEX_POINT ( 'NONE', #6910 ) ;
#5365 = VERTEX_POINT ( 'NONE', #4249 ) ;
#5366 = VECTOR ( 'NONE', #1223, 1000.000000000000000 ) ;
#5367 = ORIENTED_EDGE ( 'NONE', *, *, #8520, .F. ) ;
#5368 = CARTESIAN_POINT ( 'NONE',  ( -40.21146882909597764, 0.000000000000000000, 0.000000000000000000 ) ) ;
#5369 = DIRECTION ( 'NONE',  ( 0.000000000000000000, 1.000000000000000000, -0.000000000000000000 ) ) ;
#5370 = ORIENTED_EDGE ( 'NONE', *, *, #7526, .F. ) ;
#5371 = LINE ( 'NONE', #401, #8293 ) ;
#5372 = CARTESIAN_POINT ( 'NONE',  ( 23.10788180854701679, 0.5000000000000000000, 2.783866831501375039 ) ) ;
#5373 = ORIENTED_EDGE ( 'NONE', *, *, #8799, .T. ) ;
#5374 = EDGE_LOOP ( 'NONE', ( #4659, #5303, #6044, #41 ) ) ;
#5375 = ORIENTED_EDGE ( 'NONE', *, *, #4889, .T. ) ;
#5376 = CARTESIAN_POINT ( 'NONE',  ( -51.79731767899166073, 6.962000290205949682, 3.258922934675974048 ) ) ;
#5377 = DIRECTION ( 'NONE',  ( 1.000000000000000000, 0.000000000000000000, -1.261617073437677752E-16 ) ) ;
#5378 = EDGE_CURVE ( 'NONE', #5775, #7925, #3846, .T. ) ;
#5379 = LINE ( 'NONE', #7007, #5366 ) ;
#5380 = VECTOR ( 'NONE', #10271, 1000.000000000000114 ) ;
#5381 = CARTESIAN_POINT ( 'NONE',  ( -31.51661123066064363, 3.000000000000000000, 2.765000000000000124 ) ) ;
#5382 = CARTESIAN_POINT ( 'NONE',  ( 8.417579849446708451, 0.2999999999999999889, -14.57967597600970144 ) ) ;
#5383 = DIRECTION ( 'NONE',  ( 0.000000000000000000, 0.000000000000000000, 1.000000000000000000 ) ) ;
#5384 = VERTEX_POINT ( 'NONE', #6709 ) ;
#5385 = CARTESIAN_POINT ( 'NONE',  ( -31.22779266205684934, 3.038152743782691623, 8.350000000081388762 ) ) ;
#5386 = LINE ( 'NONE', #4618, #4962 ) ;
#5387 = ORIENTED_EDGE ( 'NONE', *, *, #10462, .F. ) ;
#5388 = AXIS2_PLACEMENT_3D ( 'NONE', #3743, #4676, #9555 ) ;
#5389 = ORIENTED_EDGE ( 'NONE', *, *, #5680, .T. ) ;
#5390 = DIRECTION ( 'NONE',  ( -1.000000000000000000, 0.000000000000000000, 0.000000000000000000 ) ) ;
#5391 = CARTESIAN_POINT ( 'NONE',  ( 0.000000000000000000, 15.10000000000000142, 0.000000000000000000 ) ) ;
#5392 = EDGE_CURVE ( 'NONE', #3207, #3064, #10721, .T. ) ;
#5393 = CARTESIAN_POINT ( 'NONE',  ( 30.50000000000001066, 0.2999999999999999889, -2.350000000000004974 ) ) ;
#5394 = EDGE_CURVE ( 'NONE', #9693, #5089, #8301, .T. ) ;
#5395 = DIRECTION ( 'NONE',  ( 0.000000000000000000, 0.000000000000000000, -1.000000000000000000 ) ) ;
#5396 = DIRECTION ( 'NONE',  ( -1.000000000000000000, 0.000000000000000000, 0.000000000000000000 ) ) ;
#5397 = CARTESIAN_POINT ( 'NONE',  ( -47.04999999999999716, 3.000000000000000000, 9.500000000000000000 ) ) ;
#5398 = CYLINDRICAL_SURFACE ( 'NONE', #5287, 2.750000000000001776 ) ;
#5399 = CARTESIAN_POINT ( 'NONE',  ( -51.55325065436497312, 8.641081842182479988, -4.338532249317833767 ) ) ;
#5400 = ORIENTED_EDGE ( 'NONE', *, *, #539, .T. ) ;
#5401 = CARTESIAN_POINT ( 'NONE',  ( -47.04999999999999716, 8.000000000000000000, -9.500000000000000000 ) ) ;
#5402 = EDGE_CURVE ( 'NONE', #3634, #5849, #9436, .T. ) ;
#5403 = CARTESIAN_POINT ( 'NONE',  ( -44.74999999999998579, 3.000000000000000000, 11.75000000000000000 ) ) ;
#5404 = FACE_OUTER_BOUND ( 'NONE', #2777, .T. ) ;
#5405 = CARTESIAN_POINT ( 'NONE',  ( 52.30100000000003746, 9.700000000000001066, -2.925000000000042899 ) ) ;
#5406 = EDGE_LOOP ( 'NONE', ( #9733, #4900, #3772, #8859 ) ) ;
#5407 = VERTEX_POINT ( 'NONE', #4912 ) ;
#5408 = CIRCLE ( 'NONE', #9438, 6.800000000000000711 ) ;
#5409 = ORIENTED_EDGE ( 'NONE', *, *, #9786, .F. ) ;
#5410 = FACE_OUTER_BOUND ( 'NONE', #7218, .T. ) ;
#5412 = CARTESIAN_POINT ( 'NONE',  ( -30.28999999999999204, 2.940372179677365416, -9.848482159786097867 ) ) ;
#5411 = FACE_OUTER_BOUND ( 'NONE', #5721, .T. ) ;
#5413 = ORIENTED_EDGE ( 'NONE', *, *, #6141, .T. ) ;
#5414 = ORIENTED_EDGE ( 'NONE', *, *, #479, .F. ) ;
#5415 = EDGE_CURVE ( 'NONE', #2614, #4160, #6647, .T. ) ;
#5416 = ORIENTED_EDGE ( 'NONE', *, *, #8208, .T. ) ;
#5417 = DIRECTION ( 'NONE',  ( 1.000000000000000000, 0.000000000000000000, 0.000000000000000000 ) ) ;
#5418 = CARTESIAN_POINT ( 'NONE',  ( -51.88704905526282829, 8.507810674690041708, 4.224999999999925038 ) ) ;
#5419 = CARTESIAN_POINT ( 'NONE',  ( -51.53558673494317333, 7.804297409752043002, -4.258298117934689486 ) ) ;
#5420 = CARTESIAN_POINT ( 'NONE',  ( -51.93137872115759990, 7.432304517613366635, -3.818702871855540693 ) ) ;
#5421 = ORIENTED_EDGE ( 'NONE', *, *, #7594, .F. ) ;
#5422 = EDGE_LOOP ( 'NONE', ( #9525, #8656, #7930, #5524, #1473, #6908, #9832, #8710, #7757, #7733, #581, #3261 ) ) ;
#5423 = ORIENTED_EDGE ( 'NONE', *, *, #1622, .F. ) ;
#5424 = EDGE_CURVE ( 'NONE', #10347, #6445, #5913, .T. ) ;
#5425 = CARTESIAN_POINT ( 'NONE',  ( 31.08718186220622215, 0.02221052063481801855, 2.955038092765983837 ) ) ;
#5427 = CARTESIAN_POINT ( 'NONE',  ( -51.77340835089973581, 7.205390757595178108, 3.692296232791139055 ) ) ;
#5426 = DIRECTION ( 'NONE',  ( 1.000000000000000000, 0.000000000000000000, 0.000000000000000000 ) ) ;
#5428 = CARTESIAN_POINT ( 'NONE',  ( 29.74999999999998934, 0.2531612188914905692, -7.798623679425844557 ) ) ;
#5429 = DIRECTION ( 'NONE',  ( -1.000000000000000000, 0.000000000000000000, 1.781193055562282205E-15 ) ) ;
#5430 = EDGE_CURVE ( 'NONE', #1533, #5320, #9272, .T. ) ;
#5431 = CARTESIAN_POINT ( 'NONE',  ( -51.95568058483290486, 9.651669329609473991, -3.751634072195771719 ) ) ;
#5432 = CARTESIAN_POINT ( 'NONE',  ( 37.89211819145302229, 0.5000000000000000000, 2.783866831501342176 ) ) ;
#5433 = ORIENTED_EDGE ( 'NONE', *, *, #5764, .F. ) ;
#5434 = DIRECTION ( 'NONE',  ( 0.000000000000000000, 1.000000000000000000, -0.000000000000000000 ) ) ;
#5435 = CARTESIAN_POINT ( 'NONE',  ( -31.45678631915142631, 0.2827931057192691333, 2.765000000000000124 ) ) ;
#5436 = EDGE_CURVE ( 'NONE', #5830, #5796, #10777, .T. ) ;
#5437 = VERTEX_POINT ( 'NONE', #2168 ) ;
#5438 = DIRECTION ( 'NONE',  ( 0.000000000000000000, 1.000000000000000000, 0.000000000000000000 ) ) ;
#5439 = VECTOR ( 'NONE', #918, 1000.000000000000000 ) ;
#5440 = CARTESIAN_POINT ( 'NONE',  ( -30.58999999999999275, 5.995909431799613998, -2.765000000000000124 ) ) ;
#5441 = CARTESIAN_POINT ( 'NONE',  ( 0.000000000000000000, 8.000000000000000000, -14.75000000000000355 ) ) ;
#5442 = FACE_BOUND ( 'NONE', #1788, .T. ) ;
#5443 = CYLINDRICAL_SURFACE ( 'NONE', #6828, 1.000000000000000888 ) ;
#5444 = LINE ( 'NONE', #2182, #9506 ) ;
#5445 = VECTOR ( 'NONE', #8828, 1000.000000000000000 ) ;
#5446 = PRESENTATION_LAYER_ASSIGNMENT (  '', '', ( #3697 ) ) ;
#5447 = EDGE_CURVE ( 'NONE', #9050, #10237, #3062, .T. ) ;
#5448 = ORIENTED_EDGE ( 'NONE', *, *, #9719, .T. ) ;
#5449 = CARTESIAN_POINT ( 'NONE',  ( -44.74999999999998579, 16.60000000000000142, 13.54999999999999893 ) ) ;
#5450 = CARTESIAN_POINT ( 'NONE',  ( 22.35788180854698837, 0.5000000000000000000, -6.184828725824674578 ) ) ;
#5451 = AXIS2_PLACEMENT_3D ( 'NONE', #7987, #668, #9857 ) ;
#5452 = ORIENTED_EDGE ( 'NONE', *, *, #5689, .F. ) ;
#5453 = DIRECTION ( 'NONE',  ( 0.000000000000000000, 0.000000000000000000, 1.000000000000000000 ) ) ;
#5454 = LINE ( 'NONE', #8794, #252 ) ;
#5455 = CARTESIAN_POINT ( 'NONE',  ( 6.232420150553322991, 0.2999999999999999889, 10.79486835487439400 ) ) ;
#5456 = CARTESIAN_POINT ( 'NONE',  ( -30.28999999999999204, 0.5000000000000004441, -9.850000000000052935 ) ) ;
#5457 = EDGE_CURVE ( 'NONE', #8389, #862, #1943, .T. ) ;
#5458 = VECTOR ( 'NONE', #335, 1000.000000000000000 ) ;
#5459 = VERTEX_POINT ( 'NONE', #5334 ) ;
#5460 = VECTOR ( 'NONE', #646, 1000.000000000000000 ) ;
#5461 = ORIENTED_EDGE ( 'NONE', *, *, #2635, .F. ) ;
#5462 = DIRECTION ( 'NONE',  ( 0.000000000000000000, 0.000000000000000000, 1.000000000000000000 ) ) ;
#5463 = VECTOR ( 'NONE', #7746, 1000.000000000000000 ) ;
#5465 = CARTESIAN_POINT ( 'NONE',  ( -30.28999999999999204, 0.5000000000000004441, -9.850000000000052935 ) ) ;
#5464 = DIRECTION ( 'NONE',  ( 0.000000000000000000, -1.000000000000000000, 0.000000000000000000 ) ) ;
#5466 = VERTEX_POINT ( 'NONE', #10491 ) ;
#5467 = VERTEX_POINT ( 'NONE', #5495 ) ;
#5468 = EDGE_LOOP ( 'NONE', ( #9908, #7328, #5895, #9916, #3389 ) ) ;
#5469 = VECTOR ( 'NONE', #9207, 999.9999999999998863 ) ;
#5470 = AXIS2_PLACEMENT_3D ( 'NONE', #5891, #4911, #923 ) ;
#5471 = VERTEX_POINT ( 'NONE', #5435 ) ;
#5472 = CARTESIAN_POINT ( 'NONE',  ( -51.50000000000000000, 7.259441431135737588, -3.989161493915565515 ) ) ;
#5473 = DIRECTION ( 'NONE',  ( 0.000000000000000000, 9.130123557772666115E-16, -1.000000000000000000 ) ) ;
#5474 = PLANE ( 'NONE',  #1661 ) ;
#5475 = CARTESIAN_POINT ( 'NONE',  ( -1.549999999999978506, 13.30000000000000071, -14.75000000000000178 ) ) ;
#5476 = EDGE_LOOP ( 'NONE', ( #10634, #9183, #3349, #894 ) ) ;
#5477 = EDGE_LOOP ( 'NONE', ( #6121, #10159, #9804, #4798 ) ) ;
#5478 = ORIENTED_EDGE ( 'NONE', *, *, #5714, .T. ) ;
#5479 = EDGE_CURVE ( 'NONE', #689, #9732, #8668, .T. ) ;
#5480 = AXIS2_PLACEMENT_3D ( 'NONE', #3731, #10315, #6904 ) ;
#5481 = EDGE_CURVE ( 'NONE', #9513, #8021, #8833, .T. ) ;
#5482 = AXIS2_PLACEMENT_3D ( 'NONE', #3313, #4074, #7403 ) ;
#5483 = CARTESIAN_POINT ( 'NONE',  ( 38.67664033279327640, 0.09378038618371975499, -6.295855630624926036 ) ) ;
#5484 = CIRCLE ( 'NONE', #7923, 1.900000000000000577 ) ;
#5486 = CARTESIAN_POINT ( 'NONE',  ( 42.80000000000001137, 6.000000000000000000, -1.247998397434841644 ) ) ;
#5485 = CARTESIAN_POINT ( 'NONE',  ( 38.71385371214063298, 0.02145563245112811976, 1.717410124218900602 ) ) ;
#5487 = ORIENTED_EDGE ( 'NONE', *, *, #1497, .F. ) ;
#5488 = FACE_OUTER_BOUND ( 'NONE', #7592, .T. ) ;
#5489 = FACE_OUTER_BOUND ( 'NONE', #10185, .T. ) ;
#5490 = DIRECTION ( 'NONE',  ( 1.020425574104004196E-15, 0.000000000000000000, -1.000000000000000000 ) ) ;
#5491 = DIRECTION ( 'NONE',  ( 1.000000000000000000, 0.000000000000000000, 0.000000000000000000 ) ) ;
#5492 = VECTOR ( 'NONE', #10738, 1000.000000000000000 ) ;
#5493 = VERTEX_POINT ( 'NONE', #315 ) ;
#5494 = DIRECTION ( 'NONE',  ( 0.000000000000000000, 0.000000000000000000, 1.000000000000000000 ) ) ;
#5495 = CARTESIAN_POINT ( 'NONE',  ( -47.05000000001291482, 5.500000000000000000, 6.750000000023374191 ) ) ;
#5496 = ADVANCED_FACE ( 'NONE', ( #7892 ), #10376, .T. ) ;
#5497 = EDGE_CURVE ( 'NONE', #9098, #3488, #4104, .T. ) ;
#5498 = ORIENTED_EDGE ( 'NONE', *, *, #785, .F. ) ;
#5499 = AXIS2_PLACEMENT_3D ( 'NONE', #2577, #883, #2521 ) ;
#5500 = CARTESIAN_POINT ( 'NONE',  ( -400000.2249999999767, 5.500000000000000000, -12.24999999999454303 ) ) ;
#5501 = CARTESIAN_POINT ( 'NONE',  ( 1.050000000000021361, 15.10000000000000142, -13.35000000000015774 ) ) ;
#5502 = DIRECTION ( 'NONE',  ( -1.000000000000000000, 0.000000000000000000, 0.000000000000000000 ) ) ;
#5503 = FACE_OUTER_BOUND ( 'NONE', #6725, .T. ) ;
#5504 = CARTESIAN_POINT ( 'NONE',  ( 34.84078586920447407, 0.2077789836488271036, 1.009160920399540418 ) ) ;
#5505 = CARTESIAN_POINT ( 'NONE',  ( 9.017579849446716977, -0.0009999999999999158867, -15.61890646055103815 ) ) ;
#5506 = ORIENTED_EDGE ( 'NONE', *, *, #5877, .T. ) ;
#5507 = DIRECTION ( 'NONE',  ( -1.000000000000000000, 0.000000000000000000, 0.000000000000000000 ) ) ;
#5508 = AXIS2_PLACEMENT_3D ( 'NONE', #4469, #6326, #1907 ) ;
#5509 = CARTESIAN_POINT ( 'NONE',  ( 49.80000000000001847, 11.35000000000000142, 2.500000000000000000 ) ) ;
#5510 = ORIENTED_EDGE ( 'NONE', *, *, #8137, .T. ) ;
#5511 = EDGE_CURVE ( 'NONE', #4704, #7820, #5484, .T. ) ;
#5512 = CIRCLE ( 'NONE', #2211, 2.999999999999999112 ) ;
#5513 = UNCERTAINTY_MEASURE_WITH_UNIT (LENGTH_MEASURE( 1.000000000000000082E-05 ), #8366, 'distance_accuracy_value', 'NONE');
#5514 = CARTESIAN_POINT ( 'NONE',  ( -49.79999999999998295, 6.500000000000000888, -6.750000000000000000 ) ) ;
#5515 = CARTESIAN_POINT ( 'NONE',  ( -25.04999999999997939, 11.00000000000000178, 0.000000000000000000 ) ) ;
#5516 = DIRECTION ( 'NONE',  ( 0.000000000000000000, 0.000000000000000000, 1.000000000000000000 ) ) ;
#5517 = FACE_OUTER_BOUND ( 'NONE', #5748, .T. ) ;
#5518 = CIRCLE ( 'NONE', #296, 1.500000000000000888 ) ;
#5519 = ORIENTED_EDGE ( 'NONE', *, *, #75, .T. ) ;
#5520 = VERTEX_POINT ( 'NONE', #2002 ) ;
#5521 = CARTESIAN_POINT ( 'NONE',  ( -47.04999999999999716, 8.000000000000000000, 9.500000000000000000 ) ) ;
#5523 = CARTESIAN_POINT ( 'NONE',  ( -35.26554871542300162, 0.1999999999999987899, -2.765000000000000124 ) ) ;
#5522 = PLANE ( 'NONE',  #1896 ) ;
#5524 = ORIENTED_EDGE ( 'NONE', *, *, #7475, .F. ) ;
#5525 = EDGE_LOOP ( 'NONE', ( #4698, #4796, #3522, #1931, #8864, #1768, #9338, #6840, #3823, #5551, #10707, #444, #8953 ) ) ;
#5526 = EDGE_LOOP ( 'NONE', ( #8195, #9716, #4977, #1525 ) ) ;
#5527 = EDGE_CURVE ( 'NONE', #8655, #2360, #3740, .T. ) ;
#5528 = EDGE_CURVE ( 'NONE', #4854, #3410, #9449, .T. ) ;
#5529 = EDGE_LOOP ( 'NONE', ( #8922, #142, #8163, #5940 ) ) ;
#5530 = CARTESIAN_POINT ( 'NONE',  ( -31.39188509507858882, -5.763799554131271643E-16, -2.847842712474618843 ) ) ;
#5531 = CYLINDRICAL_SURFACE ( 'NONE', #3412, 0.8499999999999983125 ) ;
#5532 = CARTESIAN_POINT ( 'NONE',  ( -51.51383377495561433, 7.465620762015119816, -4.122169272842866050 ) ) ;
#5533 = CARTESIAN_POINT ( 'NONE',  ( -34.34233853611036835, 0.1265113557324332449, -20.34067203111831290 ) ) ;
#5534 = VERTEX_POINT ( 'NONE', #2057 ) ;
#5535 = VERTEX_POINT ( 'NONE', #10321 ) ;
#5537 = AXIS2_PLACEMENT_3D ( 'NONE', #9993, #2554, #5882 ) ;
#5536 = CARTESIAN_POINT ( 'NONE',  ( 51.50000000000001421, 9.850000000000003197, -1.700000000000001288 ) ) ;
#5539 = LINE ( 'NONE', #8879, #10664 ) ;
#5538 = CARTESIAN_POINT ( 'NONE',  ( 49.80000000000001137, 13.00000000000000178, -6.000000000000000000 ) ) ;
#5540 = ORIENTED_EDGE ( 'NONE', *, *, #4814, .T. ) ;
#5541 = CARTESIAN_POINT ( 'NONE',  ( -49.80000000000472937, 6.499999999999999112, 2.449999999999999734 ) ) ;
#5542 = CARTESIAN_POINT ( 'NONE',  ( 0.000000000000000000, 11.00000000000000178, -14.75000000000000355 ) ) ;
#5543 = DIRECTION ( 'NONE',  ( 0.000000000000000000, -0.000000000000000000, 1.000000000000000000 ) ) ;
#5544 = LINE ( 'NONE', #2924, #7561 ) ;
#5545 = EDGE_CURVE ( 'NONE', #5069, #1905, #5386, .T. ) ;
#5546 = EDGE_CURVE ( 'NONE', #564, #3567, #418, .T. ) ;
#5547 = EDGE_LOOP ( 'NONE', ( #4874, #218, #4726, #9344 ) ) ;
#5548 = CARTESIAN_POINT ( 'NONE',  ( -19.54999999999997939, 17.60000000000000142, 13.54999999999999893 ) ) ;
#5549 = CARTESIAN_POINT ( 'NONE',  ( -1.549999999999978506, 15.10000000000000142, 12.35000000000015774 ) ) ;
#5550 = VERTEX_POINT ( 'NONE', #7128 ) ;
#5551 = ORIENTED_EDGE ( 'NONE', *, *, #7021, .T. ) ;
#5552 = DIRECTION ( 'NONE',  ( -0.000000000000000000, 1.000000000000000000, -0.000000000000000000 ) ) ;
#5553 = CARTESIAN_POINT ( 'NONE',  ( 31.01707591882798454, 2.394279797572127686E-16, -11.56869301635391345 ) ) ;
#5554 = DIRECTION ( 'NONE',  ( 0.000000000000000000, 0.000000000000000000, 1.000000000000000000 ) ) ;
#5555 = DIRECTION ( 'NONE',  ( 0.000000000000000000, 0.000000000000000000, 1.000000000000000000 ) ) ;
#5556 = CARTESIAN_POINT ( 'NONE',  ( -35.24172192299145934, 0.2946731267839041712, 3.615000000000000213 ) ) ;
#5557 = ADVANCED_FACE ( 'NONE', ( #6144 ), #7074, .F. ) ;
#5558 = LINE ( 'NONE', #1413, #3737 ) ;
#5559 = CIRCLE ( 'NONE', #4161, 0.6000000000000007550 ) ;
#5560 = ORIENTED_EDGE ( 'NONE', *, *, #4921, .T. ) ;
#5561 = VECTOR ( 'NONE', #9690, 1000.000000000000000 ) ;
#5562 = EDGE_LOOP ( 'NONE', ( #7011, #9212, #9230, #10670, #7343, #8690, #3741, #9583 ) ) ;
#5563 = EDGE_CURVE ( 'NONE', #8872, #3325, #9606, .T. ) ;
#5564 = LINE ( 'NONE', #3053, #3200 ) ;
#5565 = CARTESIAN_POINT ( 'NONE',  ( -30.28999999999999204, 3.059698921511766923, 9.348062343657927542 ) ) ;
#5566 = ORIENTED_EDGE ( 'NONE', *, *, #570, .F. ) ;
#5567 = DIRECTION ( 'NONE',  ( -0.000000000000000000, 1.000000000000000000, -0.000000000000000000 ) ) ;
#5568 = EDGE_CURVE ( 'NONE', #2360, #8021, #5580, .T. ) ;
#5569 = FACE_OUTER_BOUND ( 'NONE', #4667, .T. ) ;
#5570 = DIRECTION ( 'NONE',  ( -1.000000000000000000, 0.000000000000000000, 0.000000000000000000 ) ) ;
#5571 = VECTOR ( 'NONE', #8797, 1000.000000000000114 ) ;
#5572 = PLANE ( 'NONE',  #8517 ) ;
#5573 = ORIENTED_EDGE ( 'NONE', *, *, #7727, .F. ) ;
#5574 = EDGE_CURVE ( 'NONE', #3368, #455, #3912, .T. ) ;
#5575 = ORIENTED_EDGE ( 'NONE', *, *, #9184, .T. ) ;
#5576 = CARTESIAN_POINT ( 'NONE',  ( -40.21146882909597764, 0.000000000000000000, -2.965000000000000302 ) ) ;
#5578 = FACE_OUTER_BOUND ( 'NONE', #8812, .T. ) ;
#5577 = DIRECTION ( 'NONE',  ( -0.000000000000000000, 1.000000000000000000, -0.000000000000000000 ) ) ;
#5579 = DIRECTION ( 'NONE',  ( 0.000000000000000000, 0.000000000000000000, 1.000000000000000000 ) ) ;
#5580 =( BOUNDED_CURVE ( )  B_SPLINE_CURVE ( 3, ( #9876, #795, #9718, #7293 ),
 .UNSPECIFIED., .F., .T. ) 
 B_SPLINE_CURVE_WITH_KNOTS ( ( 4, 4 ),
 ( 1.570796326794896558, 3.141592653589792228 ),
 .UNSPECIFIED. ) 
 CURVE ( )  GEOMETRIC_REPRESENTATION_ITEM ( )  RATIONAL_B_SPLINE_CURVE ( ( 1.000000000000000000, 0.8047378541243652705, 0.8047378541243652705, 1.000000000000000000 ) ) 
 REPRESENTATION_ITEM ( '' )  );
#5581 = ORIENTED_EDGE ( 'NONE', *, *, #1680, .F. ) ;
#5582 = EDGE_LOOP ( 'NONE', ( #9921, #7234, #944, #8576 ) ) ;
#5583 = PLANE ( 'NONE',  #3880 ) ;
#5584 = CARTESIAN_POINT ( 'NONE',  ( -31.15813828070013258, 5.966497468351620981, -8.850000000000054712 ) ) ;
#5585 = CARTESIAN_POINT ( 'NONE',  ( -51.66873040192807309, 8.647917084383076158, -4.337720183757228121 ) ) ;
#5586 = PLANE ( 'NONE',  #6158 ) ;
#5587 = VECTOR ( 'NONE', #9983, 1000.000000000000000 ) ;
#5588 = ORIENTED_EDGE ( 'NONE', *, *, #1939, .F. ) ;
#5589 = VERTEX_POINT ( 'NONE', #6421 ) ;
#5590 = EDGE_CURVE ( 'NONE', #10805, #3975, #1655, .T. ) ;
#5591 = B_SPLINE_CURVE_WITH_KNOTS ( 'NONE', 3,
 ( #8196, #5779, #8911, #3976 ),
 .UNSPECIFIED., .F., .F.,
 ( 4, 4 ),
 ( 0.000000000000000000, 7.870128501812629208E-06 ),
 .UNSPECIFIED. ) ;
#5592 = FACE_OUTER_BOUND ( 'NONE', #10767, .T. ) ;
#5594 = DIRECTION ( 'NONE',  ( -1.000000000000000000, 0.000000000000000000, 3.115655338357498389E-15 ) ) ;
#5593 = FACE_OUTER_BOUND ( 'NONE', #6298, .T. ) ;
#5595 = ORIENTED_EDGE ( 'NONE', *, *, #4313, .F. ) ;
#5596 = AXIS2_PLACEMENT_3D ( 'NONE', #6179, #1208, #2139 ) ;
#5597 = CARTESIAN_POINT ( 'NONE',  ( 31.25000000000004263, 0.5000000000000000000, 3.098623679425835054 ) ) ;
#5598 = CARTESIAN_POINT ( 'NONE',  ( 35.21143789659456758, 0.000000000000000000, -4.550534695598440038 ) ) ;
#5599 = DIRECTION ( 'NONE',  ( -0.000000000000000000, -1.000000000000000000, 0.000000000000000000 ) ) ;
#5600 = ORIENTED_EDGE ( 'NONE', *, *, #6049, .T. ) ;
#5601 = DIRECTION ( 'NONE',  ( -0.7071067811865442421, 0.000000000000000000, -0.7071067811865509034 ) ) ;
#5602 = CARTESIAN_POINT ( 'NONE',  ( -31.51661123066064363, 3.000000000000000000, -3.615000000000000213 ) ) ;
#5603 = VERTEX_POINT ( 'NONE', #7449 ) ;
#5604 = VERTEX_POINT ( 'NONE', #3144 ) ;
#5605 = EDGE_CURVE ( 'NONE', #5589, #6401, #10567, .T. ) ;
#5606 = CARTESIAN_POINT ( 'NONE',  ( -31.28999999999999204, 2.820913717569120127, 9.349999999999997868 ) ) ;
#5607 = DIRECTION ( 'NONE',  ( 0.000000000000000000, 0.000000000000000000, 1.000000000000000000 ) ) ;
#5608 = DIRECTION ( 'NONE',  ( -1.000000000000000000, -3.020298661553453802E-14, 0.000000000000000000 ) ) ;
#5609 = PLANE ( 'NONE',  #4929 ) ;
#5610 = CARTESIAN_POINT ( 'NONE',  ( -51.67881868157525815, 9.556350158179304444, 3.973976113587887937 ) ) ;
#5611 = DIRECTION ( 'NONE',  ( 0.000000000000000000, 1.000000000000000000, 0.000000000000000000 ) ) ;
#5612 = ORIENTED_EDGE ( 'NONE', *, *, #9705, .T. ) ;
#5613 = EDGE_CURVE ( 'NONE', #3211, #984, #2226, .T. ) ;
#5614 = ORIENTED_EDGE ( 'NONE', *, *, #7880, .F. ) ;
#5615 = EDGE_CURVE ( 'NONE', #5803, #131, #8225, .T. ) ;
#5616 = LINE ( 'NONE', #5014, #10548 ) ;
#5617 = CARTESIAN_POINT ( 'NONE',  ( -35.24172192299145934, 0.2946731267839041712, -3.615000000000000213 ) ) ;
#5618 = EDGE_LOOP ( 'NONE', ( #4687, #6299, #9854, #1493, #2374 ) ) ;
#5619 = CARTESIAN_POINT ( 'NONE',  ( 6.382420150553323346, 0.2999999999999999889, 11.05467597600972596 ) ) ;
#5620 = CIRCLE ( 'NONE', #740, 5.499999999999985789 ) ;
#5621 = CARTESIAN_POINT ( 'NONE',  ( 31.25000000000004263, 0.2999999999999999889, 6.618695557326041978 ) ) ;
#5622 = FACE_OUTER_BOUND ( 'NONE', #7158, .T. ) ;
#5623 = CARTESIAN_POINT ( 'NONE',  ( 6.982420150553302562, 0.5000000000000000000, 12.09390646055104312 ) ) ;
#5624 = ADVANCED_FACE ( 'NONE', ( #639 ), #8570, .T. ) ;
#5625 = ORIENTED_EDGE ( 'NONE', *, *, #5188, .T. ) ;
#5626 = ORIENTED_EDGE ( 'NONE', *, *, #3573, .T. ) ;
#5627 = EDGE_CURVE ( 'NONE', #9789, #5193, #8114, .T. ) ;
#5628 = AXIS2_PLACEMENT_3D ( 'NONE', #2546, #31, #4129 ) ;
#5629 = CARTESIAN_POINT ( 'NONE',  ( -31.28999999999999204, 5.400000000000000355, -9.850000000000052935 ) ) ;
#5631 = DIRECTION ( 'NONE',  ( 0.000000000000000000, 0.000000000000000000, -1.000000000000000000 ) ) ;
#5630 = CARTESIAN_POINT ( 'NONE',  ( -51.82563198490996115, 9.491884724233141668, -3.630658523920758718 ) ) ;
#5632 = PLANE ( 'NONE',  #5693 ) ;
#5633 = ORIENTED_EDGE ( 'NONE', *, *, #6704, .T. ) ;
#5634 = ORIENTED_EDGE ( 'NONE', *, *, #3698, .F. ) ;
#5635 = DIRECTION ( 'NONE',  ( 0.000000000000000000, 0.000000000000000000, 1.000000000000000000 ) ) ;
#5636 = CARTESIAN_POINT ( 'NONE',  ( -30.28999999999999915, -5.002961977226933143, 2.765000000000000124 ) ) ;
#5637 = AXIS2_PLACEMENT_3D ( 'NONE', #7071, #4671, #1282 ) ;
#5638 = CIRCLE ( 'NONE', #927, 4.341174913715429184 ) ;
#5639 = CARTESIAN_POINT ( 'NONE',  ( -51.50000002018758494, 9.542937216436907732, -3.986874153505363338 ) ) ;
#5640 = LINE ( 'NONE', #8047, #3367 ) ;
#5641 = VECTOR ( 'NONE', #7225, 1000.000000000000000 ) ;
#5642 = ORIENTED_EDGE ( 'NONE', *, *, #10083, .F. ) ;
#5643 = EDGE_LOOP ( 'NONE', ( #2252, #555, #9082, #1604 ) ) ;
#5644 = VECTOR ( 'NONE', #7349, 1000.000000000000000 ) ;
#5645 = CARTESIAN_POINT ( 'NONE',  ( 38.64211819145299387, 0.2999999999999999889, -6.184828725824718099 ) ) ;
#5647 = CARTESIAN_POINT ( 'NONE',  ( -51.77340835089974291, 9.594609242404818161, 3.692296232791140831 ) ) ;
#5646 = LINE ( 'NONE', #8878, #8443 ) ;
#5648 = CIRCLE ( 'NONE', #9669, 0.3000000000000000999 ) ;
#5649 = ORIENTED_EDGE ( 'NONE', *, *, #5546, .T. ) ;
#5650 = LINE ( 'NONE', #10484, #3366 ) ;
#5651 = EDGE_CURVE ( 'NONE', #10525, #10805, #10781, .T. ) ;
#5652 = CARTESIAN_POINT ( 'NONE',  ( 30.50000000000001066, 0.000000000000000000, -2.350000000000004974 ) ) ;
#5653 = FACE_OUTER_BOUND ( 'NONE', #550, .T. ) ;
#5654 = ORIENTED_EDGE ( 'NONE', *, *, #10269, .T. ) ;
#5655 = LINE ( 'NONE', #3739, #3213 ) ;
#5656 = CARTESIAN_POINT ( 'NONE',  ( -51.96872069990383380, 7.252393641680334291, 3.546286172565149108 ) ) ;
#5657 = VECTOR ( 'NONE', #8661, 1000.000000000000000 ) ;
#5658 = EDGE_LOOP ( 'NONE', ( #5413, #8076, #6080, #7955 ) ) ;
#5659 = AXIS2_PLACEMENT_3D ( 'NONE', #10828, #868, #9237 ) ;
#5660 = AXIS2_PLACEMENT_3D ( 'NONE', #4724, #4781, #3956 ) ;
#5661 = CARTESIAN_POINT ( 'NONE',  ( -51.49999999999998579, 10.00000000000000000, -2.449999999999999289 ) ) ;
#5662 = CYLINDRICAL_SURFACE ( 'NONE', #4606, 2.999999999999999112 ) ;
#5663 = DIRECTION ( 'NONE',  ( 0.000000000000000000, 0.000000000000000000, -1.000000000000000000 ) ) ;
#5664 = DIRECTION ( 'NONE',  ( -0.000000000000000000, -0.000000000000000000, 1.000000000000000000 ) ) ;
#5665 = AXIS2_PLACEMENT_3D ( 'NONE', #7138, #6270, #10552 ) ;
#5666 = ADVANCED_FACE ( 'NONE', ( #3192 ), #1455, .F. ) ;
#5667 = DIRECTION ( 'NONE',  ( -0.8660254037844390407, 0.000000000000000000, -0.4999999999999995004 ) ) ;
#5668 = FACE_OUTER_BOUND ( 'NONE', #5618, .T. ) ;
#5669 = VERTEX_POINT ( 'NONE', #4940 ) ;
#5670 = VECTOR ( 'NONE', #10678, 1000.000000000000000 ) ;
#5671 = ORIENTED_EDGE ( 'NONE', *, *, #8056, .F. ) ;
#5672 = FACE_OUTER_BOUND ( 'NONE', #2142, .T. ) ;
#5673 = DIRECTION ( 'NONE',  ( 0.000000000000000000, 1.000000000000000000, 0.000000000000000000 ) ) ;
#5674 = LINE ( 'NONE', #4906, #6040 ) ;
#5675 = ORIENTED_EDGE ( 'NONE', *, *, #5989, .T. ) ;
#5676 = DIRECTION ( 'NONE',  ( 0.8660254037844390407, -0.000000000000000000, 0.4999999999999995004 ) ) ;
#5677 = AXIS2_PLACEMENT_3D ( 'NONE', #5636, #3991, #4655 ) ;
#5678 = CARTESIAN_POINT ( 'NONE',  ( 0.000000000000000000, 0.5000000000000004441, 8.349999999999997868 ) ) ;
#5680 = EDGE_CURVE ( 'NONE', #8441, #3972, #606, .T. ) ;
#5679 = CARTESIAN_POINT ( 'NONE',  ( 51.50000000000001421, 11.00000000000000178, 0.000000000000000000 ) ) ;
#5681 = EDGE_CURVE ( 'NONE', #9391, #4222, #1566, .T. ) ;
#5682 = CARTESIAN_POINT ( 'NONE',  ( 29.75000000000001776, 0.2999999999999999889, -5.864428364013436687E-14 ) ) ;
#5683 = ORIENTED_EDGE ( 'NONE', *, *, #8758, .F. ) ;
#5684 = CARTESIAN_POINT ( 'NONE',  ( -30.67553775529165350, 5.993641197162226320, 8.550023001232574416 ) ) ;
#5685 = TOROIDAL_SURFACE ( 'NONE', #10060, 5.199999999999985967, 0.2999999999999999889 ) ;
#5686 = CARTESIAN_POINT ( 'NONE',  ( 30.50000000000001066, 0.5000000000000000000, -2.350000000000004974 ) ) ;
#5687 = LINE ( 'NONE', #4309, #6561 ) ;
#5688 = VERTEX_POINT ( 'NONE', #1514 ) ;
#5689 = EDGE_CURVE ( 'NONE', #4697, #7153, #4835, .T. ) ;
#5690 = CARTESIAN_POINT ( 'NONE',  ( -30.28999999999999915, -5.002961977226933143, 8.349999999999997868 ) ) ;
#5691 = LINE ( 'NONE', #669, #2015 ) ;
#5692 = EDGE_CURVE ( 'NONE', #3809, #3479, #4006, .T. ) ;
#5693 = AXIS2_PLACEMENT_3D ( 'NONE', #2364, #1492, #6555 ) ;
#5694 = EDGE_LOOP ( 'NONE', ( #6826, #27, #9060, #6089 ) ) ;
#5695 = DIRECTION ( 'NONE',  ( -0.000000000000000000, 1.000000000000000000, -0.000000000000000000 ) ) ;
#5696 = CARTESIAN_POINT ( 'NONE',  ( -31.51661123066064363, 3.000000000000000000, -8.850000000000054712 ) ) ;
#5697 = VERTEX_POINT ( 'NONE', #2638 ) ;
#5698 = EDGE_LOOP ( 'NONE', ( #1500, #3051, #10489, #10801 ) ) ;
#5699 = DIRECTION ( 'NONE',  ( -0.000000000000000000, -0.000000000000000000, 1.000000000000000000 ) ) ;
#5700 = VECTOR ( 'NONE', #7198, 1000.000000000000000 ) ;
#5702 = DIRECTION ( 'NONE',  ( -1.000000000000000000, 0.000000000000000000, 4.476705744456300993E-16 ) ) ;
#5701 = CARTESIAN_POINT ( 'NONE',  ( 25.46802043089037682, 0.1300423822510702598, -4.445814107907259505 ) ) ;
#5703 = EDGE_LOOP ( 'NONE', ( #3875, #10746, #6605, #3132, #9409, #5487 ) ) ;
#5704 = EDGE_CURVE ( 'NONE', #1659, #9889, #10195, .T. ) ;
#5705 = PLANE ( 'NONE',  #5284 ) ;
#5706 = CARTESIAN_POINT ( 'NONE',  ( -30.58999999999999275, 0.5000000000000004441, 3.315000000000000391 ) ) ;
#5707 = CARTESIAN_POINT ( 'NONE',  ( 8.417579849446708451, 0.000000000000000000, -14.57967597600969967 ) ) ;
#5708 = VERTEX_POINT ( 'NONE', #141 ) ;
#5709 = CARTESIAN_POINT ( 'NONE',  ( -30.28999999999999559, 0.5000000000000004441, -3.064999999999999947 ) ) ;
#5710 = DIRECTION ( 'NONE',  ( -1.000000000000000000, -1.758281308145593320E-15, 0.000000000000000000 ) ) ;
#5711 = ORIENTED_EDGE ( 'NONE', *, *, #10558, .T. ) ;
#5712 = AXIS2_PLACEMENT_3D ( 'NONE', #6213, #10070, #3491 ) ;
#5713 = B_SPLINE_CURVE_WITH_KNOTS ( 'NONE', 3,
 ( #3148, #9005, #4839, #8181, #692, #1781, #5875, #8546 ),
 .UNSPECIFIED., .F., .F.,
 ( 4, 2, 2, 4 ),
 ( 0.000000000000000000, 0.0001382025733524814616, 0.0002764051467049629231, 0.0005528102934099423261 ),
 .UNSPECIFIED. ) ;
#5714 = EDGE_CURVE ( 'NONE', #8788, #7279, #3511, .T. ) ;
#5715 = CARTESIAN_POINT ( 'NONE',  ( -1.549999999999978506, 13.30000000000000071, 12.35000000000015774 ) ) ;
#5716 = CARTESIAN_POINT ( 'NONE',  ( 47.05000000000001137, 0.000000000000000000, 11.75000000000000000 ) ) ;
#5717 = CARTESIAN_POINT ( 'NONE',  ( -1.549999999999978506, 13.30000000000000071, -12.35000000000015774 ) ) ;
#5718 = CYLINDRICAL_SURFACE ( 'NONE', #8249, 0.8499999999999983125 ) ;
#5719 = DIRECTION ( 'NONE',  ( 0.000000000000000000, -0.000000000000000000, 1.000000000000000000 ) ) ;
#5720 = CARTESIAN_POINT ( 'NONE',  ( -51.51394933554885824, 7.467429479040008644, 4.122866789112380026 ) ) ;
#5721 = EDGE_LOOP ( 'NONE', ( #2411, #2583, #2502, #1123, #5127 ) ) ;
#5722 = VERTEX_POINT ( 'NONE', #10145 ) ;
#5723 = EDGE_CURVE ( 'NONE', #10058, #837, #8454, .T. ) ;
#5724 = ADVANCED_FACE ( 'NONE', ( #189, #957 ), #6839, .T. ) ;
#5725 = LINE ( 'NONE', #3318, #5015 ) ;
#5726 = LINE ( 'NONE', #9063, #6509 ) ;
#5727 = CARTESIAN_POINT ( 'NONE',  ( 40.80000000000001847, 5.500000000000000000, 8.250000000000000000 ) ) ;
#5728 = VERTEX_POINT ( 'NONE', #6024 ) ;
#5729 = CARTESIAN_POINT ( 'NONE',  ( -31.11939691791956974, 0.1293615736281126527, -20.34067203111831290 ) ) ;
#5730 = ORIENTED_EDGE ( 'NONE', *, *, #10338, .F. ) ;
#5731 = AXIS2_PLACEMENT_3D ( 'NONE', #2114, #5438, #1351 ) ;
#5732 = CARTESIAN_POINT ( 'NONE',  ( -31.27472780755320869, 0.000000000000000000, 3.615000000000000213 ) ) ;
#5733 = CARTESIAN_POINT ( 'NONE',  ( -47.04999999999998295, 5.500000000000000000, 9.499999999999996447 ) ) ;
#5734 = DIRECTION ( 'NONE',  ( 0.000000000000000000, 0.000000000000000000, 1.000000000000000000 ) ) ;
#5735 = EDGE_LOOP ( 'NONE', ( #2735, #8735, #7323, #2037 ) ) ;
#5736 = AXIS2_PLACEMENT_3D ( 'NONE', #8778, #583, #8012 ) ;
#5737 = DIRECTION ( 'NONE',  ( -1.000000000000000000, 6.193764225599474254E-15, 0.000000000000000000 ) ) ;
#5738 = EDGE_CURVE ( 'NONE', #6410, #9209, #3384, .T. ) ;
#5740 = CARTESIAN_POINT ( 'NONE',  ( 0.000000000000000000, 8.000000000000000000, -12.25000000000000178 ) ) ;
#5739 = CARTESIAN_POINT ( 'NONE',  ( -30.58999999999999275, 0.5000000000000004441, -3.615000000000000213 ) ) ;
#5741 = DIRECTION ( 'NONE',  ( 1.000000000000000000, 0.000000000000000000, 0.000000000000000000 ) ) ;
#5742 = ORIENTED_EDGE ( 'NONE', *, *, #9575, .T. ) ;
#5743 = DIRECTION ( 'NONE',  ( 0.000000000000000000, -1.000000000000000000, -6.505213034913037648E-15 ) ) ;
#5744 = DIRECTION ( 'NONE',  ( -0.000000000000000000, 1.000000000000000000, -0.000000000000000000 ) ) ;
#5745 = DIRECTION ( 'NONE',  ( 0.000000000000000000, -1.000000000000000000, 0.000000000000000000 ) ) ;
#5746 = CARTESIAN_POINT ( 'NONE',  ( -25.04999999999997939, 13.30000000000000071, -0.000000000000000000 ) ) ;
#5747 = FACE_BOUND ( 'NONE', #4521, .T. ) ;
#5748 = EDGE_LOOP ( 'NONE', ( #3253, #7865, #9368, #5758 ) ) ;
#5749 = ORIENTED_EDGE ( 'NONE', *, *, #2423, .T. ) ;
#5750 = LINE ( 'NONE', #9918, #8136 ) ;
#5751 = EDGE_CURVE ( 'NONE', #7141, #5535, #7661, .T. ) ;
#5753 = DIRECTION ( 'NONE',  ( -1.000000000000000000, 0.000000000000000000, 0.000000000000000000 ) ) ;
#5752 = CARTESIAN_POINT ( 'NONE',  ( 25.78856210340542887, 0.000000000000000000, -4.550534695598388524 ) ) ;
#5754 = VERTEX_POINT ( 'NONE', #5812 ) ;
#5755 = CARTESIAN_POINT ( 'NONE',  ( -51.49999999999998579, 10.30000000000000071, 2.449999999999999289 ) ) ;
#5756 = AXIS2_PLACEMENT_3D ( 'NONE', #2972, #6252, #10431 ) ;
#5757 = LINE ( 'NONE', #6625, #7361 ) ;
#5758 = ORIENTED_EDGE ( 'NONE', *, *, #100, .T. ) ;
#5759 = CARTESIAN_POINT ( 'NONE',  ( -47.04999999999998295, 5.500000000000000000, -9.500000000000001776 ) ) ;
#5760 = DIRECTION ( 'NONE',  ( 0.000000000000000000, 0.000000000000000000, -1.000000000000000000 ) ) ;
#5761 = ORIENTED_EDGE ( 'NONE', *, *, #5764, .T. ) ;
#5762 = EDGE_CURVE ( 'NONE', #1672, #1334, #4284, .T. ) ;
#5763 = AXIS2_PLACEMENT_3D ( 'NONE', #7104, #9466, #9633 ) ;
#5764 = EDGE_CURVE ( 'NONE', #9293, #5160, #4377, .T. ) ;
#5765 = CYLINDRICAL_SURFACE ( 'NONE', #1903, 0.2999999999999999334 ) ;
#5766 = DIRECTION ( 'NONE',  ( -1.000000000000000000, 0.000000000000000000, 0.000000000000000000 ) ) ;
#5767 = CARTESIAN_POINT ( 'NONE',  ( -51.89853377184429206, 8.922947273160092507, 4.119929395690668628 ) ) ;
#5768 = FACE_OUTER_BOUND ( 'NONE', #2788, .T. ) ;
#5769 = CARTESIAN_POINT ( 'NONE',  ( 1.671642622304922590E-15, 16.60000000000000142, 13.24999999999999645 ) ) ;
#5770 = CARTESIAN_POINT ( 'NONE',  ( -52.75099999999998346, 11.35000000000000320, -3.299999999999998490 ) ) ;
#5771 = ADVANCED_FACE ( 'NONE', ( #7712 ), #246, .T. ) ;
#5772 = EDGE_LOOP ( 'NONE', ( #1065, #5243, #10518, #7650 ) ) ;
#5773 = VERTEX_POINT ( 'NONE', #5156 ) ;
#5774 = CARTESIAN_POINT ( 'NONE',  ( -19.54999999999997584, 13.30000000000000071, -0.000000000000000000 ) ) ;
#5775 = VERTEX_POINT ( 'NONE', #2481 ) ;
#5776 = CARTESIAN_POINT ( 'NONE',  ( -51.99999999999998579, 7.102280827012615205, -3.001973684210525573 ) ) ;
#5777 = CARTESIAN_POINT ( 'NONE',  ( 51.50000000000001421, 13.00000000000000178, -4.000000000000000000 ) ) ;
#5778 = ORIENTED_EDGE ( 'NONE', *, *, #8036, .T. ) ;
#5779 = CARTESIAN_POINT ( 'NONE',  ( -30.58733985612994033, 5.995981988622158809, -2.765000000000000124 ) ) ;
#5780 = EDGE_LOOP ( 'NONE', ( #3160, #7791, #2203, #8207, #7061 ) ) ;
#5781 = LINE ( 'NONE', #4088, #9847 ) ;
#5782 = EDGE_CURVE ( 'NONE', #3537, #5669, #9979, .T. ) ;
#5783 = DIRECTION ( 'NONE',  ( 0.000000000000000000, 0.000000000000000000, 1.000000000000000000 ) ) ;
#5784 = ORIENTED_EDGE ( 'NONE', *, *, #3140, .F. ) ;
#5785 = CARTESIAN_POINT ( 'NONE',  ( -51.54999999999998295, 17.60000000000000142, 0.000000000000000000 ) ) ;
#5786 = CARTESIAN_POINT ( 'NONE',  ( 30.95000000000003837, 0.000000000000000000, 6.939106523234627844 ) ) ;
#5787 = DIRECTION ( 'NONE',  ( 0.000000000000000000, 0.000000000000000000, 1.000000000000000000 ) ) ;
#5788 = AXIS2_PLACEMENT_3D ( 'NONE', #3151, #7191, #5719 ) ;
#5789 = VERTEX_POINT ( 'NONE', #5049 ) ;
#5790 = FACE_OUTER_BOUND ( 'NONE', #6893, .T. ) ;
#5791 = ADVANCED_FACE ( 'NONE', ( #7502 ), #5835, .T. ) ;
#5792 = CARTESIAN_POINT ( 'NONE',  ( -51.49999999999998579, 8.400000000000000355, -2.449999999999999734 ) ) ;
#5793 = FACE_OUTER_BOUND ( 'NONE', #3553, .T. ) ;
#5794 = CARTESIAN_POINT ( 'NONE',  ( -51.70661494277104708, 9.716960195022403823, -3.819531249999997602 ) ) ;
#5795 = FACE_OUTER_BOUND ( 'NONE', #213, .T. ) ;
#5796 = VERTEX_POINT ( 'NONE', #5871 ) ;
#5797 = ORIENTED_EDGE ( 'NONE', *, *, #433, .T. ) ;
#5798 = VECTOR ( 'NONE', #7670, 1000.000000000000000 ) ;
#5799 = VERTEX_POINT ( 'NONE', #8338 ) ;
#5800 = DIRECTION ( 'NONE',  ( -0.000000000000000000, -1.000000000000000000, 0.000000000000000000 ) ) ;
#5802 = CARTESIAN_POINT ( 'NONE',  ( -19.54999999999997939, 15.10000000000000142, 13.25000000000000000 ) ) ;
#5801 = CARTESIAN_POINT ( 'NONE',  ( -31.27472780755320869, 0.2000000000000000111, 8.349999999999996092 ) ) ;
#5803 = VERTEX_POINT ( 'NONE', #847 ) ;
#5804 = VERTEX_POINT ( 'NONE', #4175 ) ;
#5805 = CARTESIAN_POINT ( 'NONE',  ( 23.40000000000001279, 5.400000000000000355, -12.25000000000000178 ) ) ;
#5806 = AXIS2_PLACEMENT_3D ( 'NONE', #9529, #3563, #6944 ) ;
#5807 = VECTOR ( 'NONE', #2075, 1000.000000000000000 ) ;
#5808 = CIRCLE ( 'NONE', #4764, 2.400000000000000799 ) ;
#5809 = DIRECTION ( 'NONE',  ( -0.000000000000000000, -1.000000000000000000, -0.000000000000000000 ) ) ;
#5810 = ORIENTED_EDGE ( 'NONE', *, *, #9030, .F. ) ;
#5811 = DIRECTION ( 'NONE',  ( 0.000000000000000000, 0.000000000000000000, 1.000000000000000000 ) ) ;
#5812 = CARTESIAN_POINT ( 'NONE',  ( 38.64211819145300808, 0.5000000000000000000, 1.484828725824663076 ) ) ;
#5813 = EDGE_CURVE ( 'NONE', #3972, #538, #7231, .T. ) ;
#5814 = ORIENTED_EDGE ( 'NONE', *, *, #3194, .F. ) ;
#5815 = VECTOR ( 'NONE', #5121, 1000.000000000000000 ) ;
#5816 = EDGE_CURVE ( 'NONE', #8666, #6238, #7170, .T. ) ;
#5817 = VECTOR ( 'NONE', #4264, 1000.000000000000000 ) ;
#5818 = CARTESIAN_POINT ( 'NONE',  ( -52.75099999999998346, 9.849999999999999645, 1.699999999999999734 ) ) ;
#5819 = CARTESIAN_POINT ( 'NONE',  ( 52.30000000000000426, 9.000000000000001776, -9.500000000000001776 ) ) ;
#5820 = CARTESIAN_POINT ( 'NONE',  ( -51.75411386731418162, 8.952356651949028077, 4.174609651986894931 ) ) ;
#5821 = AXIS2_PLACEMENT_3D ( 'NONE', #9778, #10652, #5766 ) ;
#5822 = CARTESIAN_POINT ( 'NONE',  ( -51.99999999999998579, 8.400000000000000355, -2.924999999999996270 ) ) ;
#5823 = ADVANCED_FACE ( 'NONE', ( #6738 ), #3777, .T. ) ;
#5824 = CARTESIAN_POINT ( 'NONE',  ( -51.75454763282529314, 8.518871571672946175, 4.275301107353374874 ) ) ;
#5825 = B_SPLINE_CURVE_WITH_KNOTS ( 'NONE', 3,
 ( #1665, #6618, #9866, #5701, #9040, #4879, #9919, #5752 ),
 .UNSPECIFIED., .F., .F.,
 ( 4, 2, 2, 4 ),
 ( 0.000000000000000000, 0.0001382025733524837655, 0.0002764051467049675310, 0.0005528102934099350619 ),
 .UNSPECIFIED. ) ;
#5826 = VECTOR ( 'NONE', #61, 999.9999999999998863 ) ;
#5827 = VECTOR ( 'NONE', #8410, 1000.000000000000000 ) ;
#5828 = CARTESIAN_POINT ( 'NONE',  ( 38.31960222758093693, 0.000000000000000000, -7.384264693320339745 ) ) ;
#5829 = EDGE_CURVE ( 'NONE', #10058, #7107, #402, .T. ) ;
#5830 = VERTEX_POINT ( 'NONE', #1330 ) ;
#5831 = AXIS2_PLACEMENT_3D ( 'NONE', #2926, #3791, #8940 ) ;
#5832 = LINE ( 'NONE', #9229, #3611 ) ;
#5833 = VERTEX_POINT ( 'NONE', #2800 ) ;
#5834 = CARTESIAN_POINT ( 'NONE',  ( -50.79999999999998295, 15.10000000000000142, 9.500000000000000000 ) ) ;
#5835 = TOROIDAL_SURFACE ( 'NONE', #2862, 9.300000000000013145, 0.2999999999999999889 ) ;
#5836 = CARTESIAN_POINT ( 'NONE',  ( -31.45678631915142631, 0.2827931057192701325, -20.34067203111831290 ) ) ;
#5837 = VERTEX_POINT ( 'NONE', #6245 ) ;
#5838 = LINE ( 'NONE', #209, #1954 ) ;
#5839 = ORIENTED_EDGE ( 'NONE', *, *, #10102, .F. ) ;
#5840 = CARTESIAN_POINT ( 'NONE',  ( 47.05000000000001137, 9.000000000000001776, -9.500000000000001776 ) ) ;
#5841 = DIRECTION ( 'NONE',  ( 0.000000000000000000, 0.000000000000000000, 1.000000000000000000 ) ) ;
#5842 = VECTOR ( 'NONE', #4043, 1000.000000000000114 ) ;
#5843 = EDGE_LOOP ( 'NONE', ( #1253, #10110, #6042, #6633 ) ) ;
#5844 = ADVANCED_FACE ( 'NONE', ( #7112 ), #3566, .T. ) ;
#5845 = CYLINDRICAL_SURFACE ( 'NONE', #7425, 0.5999999999999998668 ) ;
#5846 = DIRECTION ( 'NONE',  ( -1.000000000000000000, 0.000000000000000000, 0.000000000000000000 ) ) ;
#5847 = AXIS2_PLACEMENT_3D ( 'NONE', #9842, #658, #3164 ) ;
#5848 = LINE ( 'NONE', #59, #5171 ) ;
#5849 = VERTEX_POINT ( 'NONE', #5372 ) ;
#5850 = CARTESIAN_POINT ( 'NONE',  ( -30.30484636607248561, -1.468623938954177977, 3.615000000000000213 ) ) ;
#5851 = DIRECTION ( 'NONE',  ( -1.000000000000000000, -0.000000000000000000, -0.000000000000000000 ) ) ;
#5852 = DIRECTION ( 'NONE',  ( 0.5000000000000012212, 0.000000000000000000, 0.8660254037844380415 ) ) ;
#5853 = CARTESIAN_POINT ( 'NONE',  ( 44.85000000000002984, 6.000000000000000000, 0.000000000000000000 ) ) ;
#5854 = DIRECTION ( 'NONE',  ( -0.3420201433256592205, 0.000000000000000000, 0.9396926207859117586 ) ) ;
#5855 = ORIENTED_EDGE ( 'NONE', *, *, #895, .F. ) ;
#5856 = VERTEX_POINT ( 'NONE', #5475 ) ;
#5857 = AXIS2_PLACEMENT_3D ( 'NONE', #6118, #9464, #7605 ) ;
#5858 = ORIENTED_EDGE ( 'NONE', *, *, #5045, .F. ) ;
#5859 = ADVANCED_FACE ( 'NONE', ( #6948 ), #1985, .T. ) ;
#5860 = DIRECTION ( 'NONE',  ( -1.000000000000000000, 0.000000000000000000, 0.000000000000000000 ) ) ;
#5861 = EDGE_CURVE ( 'NONE', #6133, #5754, #3724, .T. ) ;
#5863 = CARTESIAN_POINT ( 'NONE',  ( -44.74999999999998579, 8.000000000000000000, 14.75000000000000000 ) ) ;
#5862 = CARTESIAN_POINT ( 'NONE',  ( -7.994533542344514743, 13.30000000000000071, -13.84693827814967904 ) ) ;
#5864 = ORIENTED_EDGE ( 'NONE', *, *, #3876, .T. ) ;
#5865 = ORIENTED_EDGE ( 'NONE', *, *, #342, .T. ) ;
#5866 = VECTOR ( 'NONE', #3054, 1000.000000000000000 ) ;
#5867 = LINE ( 'NONE', #2589, #1618 ) ;
#5868 = VECTOR ( 'NONE', #3985, 1000.000000000000000 ) ;
#5869 = ORIENTED_EDGE ( 'NONE', *, *, #3457, .F. ) ;
#5870 = LINE ( 'NONE', #6678, #613 ) ;
#5871 = CARTESIAN_POINT ( 'NONE',  ( -44.54999999999997584, 8.000000000000000000, -8.354356076261046482 ) ) ;
#5872 = ORIENTED_EDGE ( 'NONE', *, *, #7377, .F. ) ;
#5873 = AXIS2_PLACEMENT_3D ( 'NONE', #8618, #3639, #9558 ) ;
#5874 = CARTESIAN_POINT ( 'NONE',  ( -31.60047529527845001, 3.276389878762281160, 8.349999999999997868 ) ) ;
#5875 = CARTESIAN_POINT ( 'NONE',  ( 35.29931454692336246, -3.712545407815598386E-15, -4.522846332895254839 ) ) ;
#5877 = EDGE_CURVE ( 'NONE', #9293, #7979, #8802, .T. ) ;
#5876 = CARTESIAN_POINT ( 'NONE',  ( -51.75882673043976467, 9.446674361054677505, 3.879343854973207328 ) ) ;
#5878 = ADVANCED_FACE ( 'NONE', ( #1215 ), #6344, .T. ) ;
#5879 = CARTESIAN_POINT ( 'NONE',  ( -51.55635303056954655, 8.519800277465698457, 4.350089639398327712 ) ) ;
#5880 = FACE_OUTER_BOUND ( 'NONE', #9531, .T. ) ;
#5881 = ORIENTED_EDGE ( 'NONE', *, *, #1187, .F. ) ;
#5882 = DIRECTION ( 'NONE',  ( -1.000000000000000000, 0.000000000000000000, 5.545730697581131175E-17 ) ) ;
#5883 = EDGE_LOOP ( 'NONE', ( #608, #10675, #3665, #8126, #8493, #3342, #10831, #953 ) ) ;
#5884 = LINE ( 'NONE', #7576, #4250 ) ;
#5885 = TOROIDAL_SURFACE ( 'NONE', #1181, 9.300000000000013145, 0.2999999999999999889 ) ;
#5886 = EDGE_CURVE ( 'NONE', #790, #8191, #3829, .T. ) ;
#5887 = FACE_OUTER_BOUND ( 'NONE', #2785, .T. ) ;
#5888 = VERTEX_POINT ( 'NONE', #6455 ) ;
#5889 = LINE ( 'NONE', #1023, #2160 ) ;
#5890 = ORIENTED_EDGE ( 'NONE', *, *, #10754, .F. ) ;
#5891 = CARTESIAN_POINT ( 'NONE',  ( -44.29999999999997584, 6.500000000000000888, 0.000000000000000000 ) ) ;
#5892 = DIRECTION ( 'NONE',  ( -1.000000000000000000, 0.000000000000000000, 0.000000000000000000 ) ) ;
#5893 = ORIENTED_EDGE ( 'NONE', *, *, #3492, .T. ) ;
#5894 = EDGE_CURVE ( 'NONE', #749, #5804, #10582, .T. ) ;
#5895 = ORIENTED_EDGE ( 'NONE', *, *, #2951, .F. ) ;
#5896 = CARTESIAN_POINT ( 'NONE',  ( -30.28999999999999204, 0.5000000000000004441, 10.25000000000000000 ) ) ;
#5897 = DIRECTION ( 'NONE',  ( 0.000000000000000000, 0.000000000000000000, -1.000000000000000000 ) ) ;
#5898 = EDGE_CURVE ( 'NONE', #9820, #5722, #8212, .T. ) ;
#5899 = DIRECTION ( 'NONE',  ( 2.891205793294671522E-15, 0.000000000000000000, 1.000000000000000000 ) ) ;
#5900 = EDGE_LOOP ( 'NONE', ( #6450, #2763, #7410, #6739 ) ) ;
#5901 = CARTESIAN_POINT ( 'NONE',  ( -52.74999999999998579, 3.000000000000000000, 6.750000000000000000 ) ) ;
#5902 = LINE ( 'NONE', #2326, #2850 ) ;
#5903 = CARTESIAN_POINT ( 'NONE',  ( -44.74999999999998579, 15.20000000000000107, 6.749999999999999112 ) ) ;
#5904 = CARTESIAN_POINT ( 'NONE',  ( 35.59364652204423152, 0.2999999999999999889, -0.2752072131254406084 ) ) ;
#5905 = DIRECTION ( 'NONE',  ( 1.020425574103997885E-15, 0.000000000000000000, -1.000000000000000000 ) ) ;
#5906 = LINE ( 'NONE', #1764, #7551 ) ;
#5907 = EDGE_CURVE ( 'NONE', #3581, #5589, #7044, .T. ) ;
#5908 = ORIENTED_EDGE ( 'NONE', *, *, #9884, .T. ) ;
#5909 = VECTOR ( 'NONE', #9844, 1000.000000000000000 ) ;
#5910 = ORIENTED_EDGE ( 'NONE', *, *, #2155, .F. ) ;
#5911 = VERTEX_POINT ( 'NONE', #4044 ) ;
#5912 = CARTESIAN_POINT ( 'NONE',  ( -51.78135835191836378, 9.672116944819851625, -3.593343174115851468 ) ) ;
#5913 = CIRCLE ( 'NONE', #1200, 0.7999999999999997113 ) ;
#5915 = CARTESIAN_POINT ( 'NONE',  ( 0.000000000000000000, 11.00000000000000178, 12.24999999999999822 ) ) ;
#5914 = DIRECTION ( 'NONE',  ( 0.000000000000000000, 0.000000000000000000, 1.000000000000000000 ) ) ;
#5916 = ORIENTED_EDGE ( 'NONE', *, *, #4340, .F. ) ;
#5917 = DIRECTION ( 'NONE',  ( -0.000000000000000000, -1.000000000000000000, -0.000000000000000000 ) ) ;
#5918 = VERTEX_POINT ( 'NONE', #6353 ) ;
#5919 = DIRECTION ( 'NONE',  ( 0.000000000000000000, 0.000000000000000000, 1.000000000000000000 ) ) ;
#5920 = DIRECTION ( 'NONE',  ( -0.000000000000000000, 0.000000000000000000, 1.000000000000000000 ) ) ;
#5921 = EDGE_CURVE ( 'NONE', #5789, #812, #2181, .T. ) ;
#5922 = ORIENTED_EDGE ( 'NONE', *, *, #6823, .F. ) ;
#5923 = ORIENTED_EDGE ( 'NONE', *, *, #843, .T. ) ;
#5924 = LINE ( 'NONE', #7563, #185 ) ;
#5925 = CARTESIAN_POINT ( 'NONE',  ( 47.04999999999999716, 3.000000000000000000, -8.649999999999993250 ) ) ;
#5926 = CARTESIAN_POINT ( 'NONE',  ( -51.81145712155785787, 8.508982683180377649, 4.224941934850014569 ) ) ;
#5927 = DIRECTION ( 'NONE',  ( 1.000000000000000000, 0.000000000000000000, 0.000000000000000000 ) ) ;
#5928 =( BOUNDED_SURFACE ( )  B_SPLINE_SURFACE ( 3, 2, ( 
 ( #9956, #5630, #10783 ),
 ( #715, #4974, #9192 ),
 ( #4034, #2513, #3228 ),
 ( #1648, #9905, #4916 ) ),
 .UNSPECIFIED., .F., .F., .T. ) 
 B_SPLINE_SURFACE_WITH_KNOTS ( ( 4, 4 ),
 ( 3, 3 ),
 ( 0.000000000000000000, 0.0007825590053262545739 ),
 ( 0.000000000000000000, 1.000000000000000000 ),
 .UNSPECIFIED. ) 
 GEOMETRIC_REPRESENTATION_ITEM ( )  RATIONAL_B_SPLINE_SURFACE ( (
 ( 1.000000000000000000, 0.8371290630494856444, 1.000000000000000000),
 ( 1.000000000000000000, 0.8027790047357358239, 1.000000000000000000),
 ( 1.000000000000000000, 0.7601121344914791855, 1.000000000000000000),
 ( 1.000000000000000000, 0.7071067811865475727, 1.000000000000000000) ) ) 
 REPRESENTATION_ITEM ( '' )  SURFACE ( )  );
#5929 = DIRECTION ( 'NONE',  ( 0.000000000000000000, 0.000000000000000000, 1.000000000000000000 ) ) ;
#5930 = LINE ( 'NONE', #5059, #4791 ) ;
#5931 = ADVANCED_FACE ( 'NONE', ( #5747, #1602, #4926 ), #6505, .T. ) ;
#5932 = AXIS2_PLACEMENT_3D ( 'NONE', #4880, #10638, #4827 ) ;
#5933 = CARTESIAN_POINT ( 'NONE',  ( 38.04211819145299245, 0.000000000000000000, -7.224059210366048589 ) ) ;
#5934 = ORIENTED_EDGE ( 'NONE', *, *, #7236, .T. ) ;
#5935 = ORIENTED_EDGE ( 'NONE', *, *, #8523, .F. ) ;
#5936 = CARTESIAN_POINT ( 'NONE',  ( 34.76143789659456473, 0.000000000000000000, -5.329957559004435019 ) ) ;
#5937 = LINE ( 'NONE', #4301, #8148 ) ;
#5938 = VERTEX_POINT ( 'NONE', #7165 ) ;
#5939 = DIRECTION ( 'NONE',  ( 0.000000000000000000, 0.000000000000000000, 1.000000000000000000 ) ) ;
#5940 = ORIENTED_EDGE ( 'NONE', *, *, #720, .T. ) ;
#5941 = LINE ( 'NONE', #1797, #8979 ) ;
#5942 = ADVANCED_FACE ( 'NONE', ( #7374 ), #5586, .T. ) ;
#5943 = ORIENTED_EDGE ( 'NONE', *, *, #5528, .T. ) ;
#5944 = EDGE_CURVE ( 'NONE', #4286, #4807, #6407, .T. ) ;
#5945 = ORIENTED_EDGE ( 'NONE', *, *, #1416, .T. ) ;
#5946 = CARTESIAN_POINT ( 'NONE',  ( -50.77917112000550048, 16.60000000000000142, -9.894693245086298106 ) ) ;
#5947 = CARTESIAN_POINT ( 'NONE',  ( 9.327580595034019519E-16, 17.60000000000000142, 13.54999999999999538 ) ) ;
#5948 = CARTESIAN_POINT ( 'NONE',  ( -31.28999999999999204, 2.820913717569120127, -8.850000000000054712 ) ) ;
#5949 = EDGE_LOOP ( 'NONE', ( #9277, #6967, #9848, #10492 ) ) ;
#5950 = CARTESIAN_POINT ( 'NONE',  ( 30.50000000000001066, 0.2999999999999999889, -2.350000000000004974 ) ) ;
#5951 = LINE ( 'NONE', #5081, #67 ) ;
#5952 = EDGE_CURVE ( 'NONE', #1941, #6732, #9808, .T. ) ;
#5953 = CARTESIAN_POINT ( 'NONE',  ( 35.59364652204423152, -0.0009999999999999158867, -0.2752072131254387211 ) ) ;
#5954 = DIRECTION ( 'NONE',  ( -0.000000000000000000, 1.000000000000000000, -0.000000000000000000 ) ) ;
#5955 = DIRECTION ( 'NONE',  ( 0.000000000000000000, 0.000000000000000000, 1.000000000000000000 ) ) ;
#5956 = ORIENTED_EDGE ( 'NONE', *, *, #4985, .T. ) ;
#5957 = EDGE_CURVE ( 'NONE', #10797, #7385, #10739, .T. ) ;
#5958 = ORIENTED_EDGE ( 'NONE', *, *, #4661, .F. ) ;
#5959 = ORIENTED_EDGE ( 'NONE', *, *, #6571, .T. ) ;
#5960 = AXIS2_PLACEMENT_3D ( 'NONE', #3689, #4628, #9445 ) ;
#5961 = LINE ( 'NONE', #3606, #10758 ) ;
#5963 = DIRECTION ( 'NONE',  ( 1.927470528863116189E-15, 0.000000000000000000, 1.000000000000000000 ) ) ;
#5962 = CYLINDRICAL_SURFACE ( 'NONE', #3635, 2.000000000000001776 ) ;
#5964 = ORIENTED_EDGE ( 'NONE', *, *, #6550, .F. ) ;
#5965 = CARTESIAN_POINT ( 'NONE',  ( -19.54999999999997939, 15.10000000000000142, 13.54999999999999538 ) ) ;
#5966 = AXIS2_PLACEMENT_3D ( 'NONE', #3363, #6690, #10047 ) ;
#5967 = MECHANICAL_DESIGN_GEOMETRIC_PRESENTATION_REPRESENTATION (  '', ( #3697 ), #5108 ) ;
#5968 = PLANE ( 'NONE',  #4274 ) ;
#5969 = CARTESIAN_POINT ( 'NONE',  ( 0.000000000000000000, 8.000000000000000000, 0.000000000000000000 ) ) ;
#5970 = VERTEX_POINT ( 'NONE', #6563 ) ;
#5971 = EDGE_LOOP ( 'NONE', ( #5934, #9799, #5922, #461, #226 ) ) ;
#5972 = ORIENTED_EDGE ( 'NONE', *, *, #2332, .T. ) ;
#5973 = CARTESIAN_POINT ( 'NONE',  ( -31.44101788930268171, 2.721234519427555121, -8.850000000000054712 ) ) ;
#5974 = AXIS2_PLACEMENT_3D ( 'NONE', #1981, #2039, #6021 ) ;
#5975 = DIRECTION ( 'NONE',  ( 0.000000000000000000, 0.000000000000000000, 1.000000000000000000 ) ) ;
#5976 = EDGE_CURVE ( 'NONE', #6643, #9050, #9915, .T. ) ;
#5977 = DIRECTION ( 'NONE',  ( 1.000000000000000000, 0.000000000000000000, 0.000000000000000000 ) ) ;
#5978 = DIRECTION ( 'NONE',  ( 0.000000000000000000, 0.000000000000000000, -1.000000000000000000 ) ) ;
#5979 = CARTESIAN_POINT ( 'NONE',  ( -51.55319465118826372, 8.642702946773823669, 4.338305428497857719 ) ) ;
#5980 = DIRECTION ( 'NONE',  ( 1.000000000000000000, 0.000000000000000000, 0.000000000000000000 ) ) ;
#5981 = VECTOR ( 'NONE', #6930, 1000.000000000000000 ) ;
#5982 = CIRCLE ( 'NONE', #7362, 1.000000000000000888 ) ;
#5983 = ORIENTED_EDGE ( 'NONE', *, *, #1894, .T. ) ;
#5984 = VECTOR ( 'NONE', #542, 1000.000000000000000 ) ;
#5985 = FACE_OUTER_BOUND ( 'NONE', #7826, .T. ) ;
#5986 =( BOUNDED_CURVE ( )  B_SPLINE_CURVE ( 3, ( #1574, #2340, #9056, #8235 ),
 .UNSPECIFIED., .F., .T. ) 
 B_SPLINE_CURVE_WITH_KNOTS ( ( 4, 4 ),
 ( 3.168137486254775759, 4.712388980384691450 ),
 .UNSPECIFIED. ) 
 CURVE ( )  GEOMETRIC_REPRESENTATION_ITEM ( )  RATIONAL_B_SPLINE_CURVE ( ( 1.000000000000000000, 0.8109528274920958513, 0.8109528274920958513, 1.000000000000000000 ) ) 
 REPRESENTATION_ITEM ( '' )  );
#5987 = ORIENTED_EDGE ( 'NONE', *, *, #5347, .F. ) ;
#5988 = DIRECTION ( 'NONE',  ( -0.000000000000000000, -0.000000000000000000, 1.000000000000000000 ) ) ;
#5989 = EDGE_CURVE ( 'NONE', #6419, #3887, #10392, .T. ) ;
#5990 = LINE ( 'NONE', #40, #127 ) ;
#5991 = AXIS2_PLACEMENT_3D ( 'NONE', #2454, #9125, #8309 ) ;
#5992 = CARTESIAN_POINT ( 'NONE',  ( -40.00228633380068999, 0.1679172698444631462, -3.615000000000000213 ) ) ;
#5993 = LINE ( 'NONE', #7416, #10029 ) ;
#5994 = VECTOR ( 'NONE', #9880, 1000.000000000000000 ) ;
#5995 = ORIENTED_EDGE ( 'NONE', *, *, #5148, .T. ) ;
#5996 = VECTOR ( 'NONE', #2290, 1000.000000000000000 ) ;
#5997 = VECTOR ( 'NONE', #2694, 1000.000000000000000 ) ;
#5998 = ORIENTED_EDGE ( 'NONE', *, *, #8199, .F. ) ;
#5999 = LINE ( 'NONE', #2775, #93 ) ;
#6000 = DIRECTION ( 'NONE',  ( 0.000000000000000000, 1.000000000000000000, 0.000000000000000000 ) ) ;
#6001 = VERTEX_POINT ( 'NONE', #8109 ) ;
#6002 = DIRECTION ( 'NONE',  ( 0.000000000000000000, 0.000000000000000000, 1.000000000000000000 ) ) ;
#6003 = EDGE_CURVE ( 'NONE', #2886, #7089, #2313, .T. ) ;
#6004 = EDGE_CURVE ( 'NONE', #689, #6734, #5640, .T. ) ;
#6005 = TOROIDAL_SURFACE ( 'NONE', #7929, 1.600000000000000755, 0.2999999999999999889 ) ;
#6006 = CARTESIAN_POINT ( 'NONE',  ( -34.52834772718359346, 0.000000000000000000, 2.965000000000000302 ) ) ;
#6007 = DIRECTION ( 'NONE',  ( -0.000000000000000000, -0.7208059210526277516, -0.6931369447486355195 ) ) ;
#6008 = DIRECTION ( 'NONE',  ( -0.000000000000000000, -0.000000000000000000, 1.000000000000000000 ) ) ;
#6009 = CARTESIAN_POINT ( 'NONE',  ( -19.54999999999998295, 15.19999999999999751, 14.75000000000000000 ) ) ;
#6010 = ORIENTED_EDGE ( 'NONE', *, *, #9088, .F. ) ;
#6011 = ORIENTED_EDGE ( 'NONE', *, *, #5210, .F. ) ;
#6012 = ORIENTED_EDGE ( 'NONE', *, *, #2136, .T. ) ;
#6013 = AXIS2_PLACEMENT_3D ( 'NONE', #4706, #7276, #8159 ) ;
#6014 = CARTESIAN_POINT ( 'NONE',  ( -31.27472780755320869, 0.000000000000000000, -3.415000000000000036 ) ) ;
#6016 = CARTESIAN_POINT ( 'NONE',  ( -51.93111596566537713, 7.433570362412099009, 3.820619583450096890 ) ) ;
#6015 = CARTESIAN_POINT ( 'NONE',  ( -30.28999999999999915, 6.228315339590860589, -9.726391234683065434 ) ) ;
#6017 = EDGE_LOOP ( 'NONE', ( #2098, #8379 ) ) ;
#6018 = ORIENTED_EDGE ( 'NONE', *, *, #1924, .F. ) ;
#6019 = B_SPLINE_CURVE_WITH_KNOTS ( 'NONE', 3,
 ( #915, #4398, #9339, #1741, #974, #3530, #2607, #5936 ),
 .UNSPECIFIED., .F., .F.,
 ( 4, 2, 2, 4 ),
 ( 0.000000000000000000, 0.0001382025733524855815, 0.0002764051467049711630, 0.0005528102934099388566 ),
 .UNSPECIFIED. ) ;
#6020 = ADVANCED_FACE ( 'NONE', ( #8984 ), #621, .F. ) ;
#6021 = DIRECTION ( 'NONE',  ( 1.000000000000000000, 0.000000000000000000, 0.000000000000000000 ) ) ;
#6022 = ORIENTED_EDGE ( 'NONE', *, *, #6049, .F. ) ;
#6023 = CARTESIAN_POINT ( 'NONE',  ( -44.74999999999998579, 3.000000000000000000, 6.749999999999999112 ) ) ;
#6024 = CARTESIAN_POINT ( 'NONE',  ( -19.54999999999997584, 13.30000000000000071, 12.24999999999999822 ) ) ;
#6026 = ORIENTED_EDGE ( 'NONE', *, *, #1219, .F. ) ;
#6025 = VECTOR ( 'NONE', #8642, 1000.000000000000000 ) ;
#6027 = ORIENTED_EDGE ( 'NONE', *, *, #4508, .T. ) ;
#6028 = ORIENTED_EDGE ( 'NONE', *, *, #706, .F. ) ;
#6029 = ADVANCED_FACE ( 'NONE', ( #4317 ), #9251, .T. ) ;
#6030 = AXIS2_PLACEMENT_3D ( 'NONE', #9401, #2726, #5184 ) ;
#6031 = FACE_OUTER_BOUND ( 'NONE', #6071, .T. ) ;
#6032 = CARTESIAN_POINT ( 'NONE',  ( 29.82489141821826450, 0.09795398803915209007, 3.033001662233773210 ) ) ;
#6033 = AXIS2_PLACEMENT_3D ( 'NONE', #6233, #7102, #10782 ) ;
#6034 = CARTESIAN_POINT ( 'NONE',  ( -51.88704279059656699, 8.293000100198558044, 4.225057065303504444 ) ) ;
#6035 = CARTESIAN_POINT ( 'NONE',  ( -30.31274486613612140, 6.159699727088176147, 9.101794378926269857 ) ) ;
#6036 = EDGE_CURVE ( 'NONE', #5459, #10797, #11, .T. ) ;
#6037 = DIRECTION ( 'NONE',  ( 0.000000000000000000, 0.000000000000000000, 1.000000000000000000 ) ) ;
#6038 = ORIENTED_EDGE ( 'NONE', *, *, #7475, .T. ) ;
#6039 = CARTESIAN_POINT ( 'NONE',  ( -30.28999999999999204, 2.880632540181847112, 9.349474758578129041 ) ) ;
#6040 = VECTOR ( 'NONE', #6386, 1000.000000000000000 ) ;
#6041 = EDGE_CURVE ( 'NONE', #9959, #2858, #2626, .T. ) ;
#6042 = ORIENTED_EDGE ( 'NONE', *, *, #5861, .F. ) ;
#6043 = CARTESIAN_POINT ( 'NONE',  ( 47.04999999999999716, 3.000000000000000000, -9.500000000000000000 ) ) ;
#6044 = ORIENTED_EDGE ( 'NONE', *, *, #6794, .T. ) ;
#6045 = DIRECTION ( 'NONE',  ( -9.856182124392322263E-16, 0.000000000000000000, -1.000000000000000000 ) ) ;
#6046 = CARTESIAN_POINT ( 'NONE',  ( -8.508845726811326671, 13.30000000000000071, 13.55000000000015881 ) ) ;
#6047 = LINE ( 'NONE', #4193, #1246 ) ;
#6048 = CARTESIAN_POINT ( 'NONE',  ( 1.050000000000021361, 15.10000000000000142, 13.35000000000015774 ) ) ;
#6049 = EDGE_CURVE ( 'NONE', #6070, #3385, #1881, .T. ) ;
#6050 = ADVANCED_FACE ( 'NONE', ( #10793 ), #7647, .T. ) ;
#6051 = AXIS2_PLACEMENT_3D ( 'NONE', #4975, #2, #1754 ) ;
#6052 = ORIENTED_EDGE ( 'NONE', *, *, #2137, .T. ) ;
#6053 = DIRECTION ( 'NONE',  ( 0.000000000000000000, -1.000000000000000000, 0.000000000000000000 ) ) ;
#6054 = CARTESIAN_POINT ( 'NONE',  ( 0.000000000000000000, 8.000000000000000000, 0.000000000000000000 ) ) ;
#6055 = ORIENTED_EDGE ( 'NONE', *, *, #6064, .F. ) ;
#6056 = CARTESIAN_POINT ( 'NONE',  ( -31.28999999999999204, 5.400000000000000355, -8.850000000000052935 ) ) ;
#6057 = ORIENTED_EDGE ( 'NONE', *, *, #1465, .F. ) ;
#6058 = DIRECTION ( 'NONE',  ( 0.7660444431189792347, -0.000000000000000000, 0.6427876096865379196 ) ) ;
#6059 = DIRECTION ( 'NONE',  ( 0.000000000000000000, 1.000000000000000000, -0.000000000000000000 ) ) ;
#6060 = FACE_OUTER_BOUND ( 'NONE', #3413, .T. ) ;
#6061 = DIRECTION ( 'NONE',  ( -0.000000000000000000, -1.000000000000000000, 0.000000000000000000 ) ) ;
#6062 = ORIENTED_EDGE ( 'NONE', *, *, #5208, .T. ) ;
#6063 = EDGE_LOOP ( 'NONE', ( #10627, #2112, #2447, #303 ) ) ;
#6064 = EDGE_CURVE ( 'NONE', #6228, #1987, #5808, .T. ) ;
#6065 = ORIENTED_EDGE ( 'NONE', *, *, #9310, .T. ) ;
#6066 = DIRECTION ( 'NONE',  ( 0.000000000000000000, 1.000000000000000000, 0.000000000000000000 ) ) ;
#6068 = DIRECTION ( 'NONE',  ( -0.000000000000000000, -0.000000000000000000, 1.000000000000000000 ) ) ;
#6067 = DIRECTION ( 'NONE',  ( -0.5000000000000001110, 0.000000000000000000, -0.8660254037844385966 ) ) ;
#6069 = VERTEX_POINT ( 'NONE', #1865 ) ;
#6070 = VERTEX_POINT ( 'NONE', #7599 ) ;
#6071 = EDGE_LOOP ( 'NONE', ( #10542, #3086, #3921, #7087 ) ) ;
#6072 = CARTESIAN_POINT ( 'NONE',  ( -51.88850616358623569, 8.613775823039476975, -4.211736958226243388 ) ) ;
#6073 = CARTESIAN_POINT ( 'NONE',  ( -35.06554871542299878, 0.000000000000000000, 2.965000000000000302 ) ) ;
#6074 = VECTOR ( 'NONE', #711, 1000.000000000000000 ) ;
#6075 = ORIENTED_EDGE ( 'NONE', *, *, #1416, .F. ) ;
#6076 = DIRECTION ( 'NONE',  ( -0.000000000000000000, -1.000000000000000000, 0.000000000000000000 ) ) ;
#6077 = CARTESIAN_POINT ( 'NONE',  ( 38.64211819145300808, -0.0009999999999999158867, 1.484828725824663076 ) ) ;
#6078 = VERTEX_POINT ( 'NONE', #4210 ) ;
#6079 = VERTEX_POINT ( 'NONE', #6009 ) ;
#6080 = ORIENTED_EDGE ( 'NONE', *, *, #3552, .F. ) ;
#6081 = ORIENTED_EDGE ( 'NONE', *, *, #6340, .F. ) ;
#6082 = EDGE_CURVE ( 'NONE', #9467, #5603, #3396, .T. ) ;
#6083 = EDGE_CURVE ( 'NONE', #4529, #4833, #9964, .T. ) ;
#6084 = TOROIDAL_SURFACE ( 'NONE', #682, 5.199999999999985967, 0.2999999999999999889 ) ;
#6085 = CARTESIAN_POINT ( 'NONE',  ( 49.80000000000001137, 11.00000000000000178, 0.000000000000000000 ) ) ;
#6086 = PLANE ( 'NONE',  #4956 ) ;
#6087 = CARTESIAN_POINT ( 'NONE',  ( -47.04999999999998295, 16.60000000000000142, -9.500000000000001776 ) ) ;
#6088 = DIRECTION ( 'NONE',  ( 0.09864855753176467179, -0.5484013522091938375, -0.8303760708209443342 ) ) ;
#6089 = ORIENTED_EDGE ( 'NONE', *, *, #8848, .F. ) ;
#6090 = CARTESIAN_POINT ( 'NONE',  ( -30.28999999999998849, 3.179086282430880317, 8.349999999999996092 ) ) ;
#6091 = DIRECTION ( 'NONE',  ( -1.000000000000000000, -0.000000000000000000, -0.000000000000000000 ) ) ;
#6092 = EDGE_CURVE ( 'NONE', #8852, #7351, #5906, .T. ) ;
#6093 = B_SPLINE_CURVE_WITH_KNOTS ( 'NONE', 3,
 ( #5189, #10233, #6365, #3841, #4777, #575 ),
 .UNSPECIFIED., .F., .F.,
 ( 4, 2, 4 ),
 ( 4.336808689942017736E-19, 0.0003393158518392988868, 0.0006786317036785973400 ),
 .UNSPECIFIED. ) ;
#6094 = EDGE_CURVE ( 'NONE', #4621, #5796, #3453, .T. ) ;
#6095 = ORIENTED_EDGE ( 'NONE', *, *, #8139, .T. ) ;
#6096 = CYLINDRICAL_SURFACE ( 'NONE', #1730, 0.8500000000000069722 ) ;
#6097 = ORIENTED_EDGE ( 'NONE', *, *, #8596, .F. ) ;
#6098 = DIRECTION ( 'NONE',  ( -0.000000000000000000, 1.000000000000000000, -0.000000000000000000 ) ) ;
#6099 = FACE_OUTER_BOUND ( 'NONE', #739, .T. ) ;
#6100 = ADVANCED_FACE ( 'NONE', ( #5141 ), #8478, .T. ) ;
#6101 = LINE ( 'NONE', #1189, #2126 ) ;
#6102 = CARTESIAN_POINT ( 'NONE',  ( 0.000000000000000000, 9.000000000000001776, 12.25000000000000000 ) ) ;
#6103 = AXIS2_PLACEMENT_3D ( 'NONE', #1934, #3472, #10098 ) ;
#6104 = ORIENTED_EDGE ( 'NONE', *, *, #5952, .F. ) ;
#6105 = AXIS2_PLACEMENT_3D ( 'NONE', #9367, #7764, #3461 ) ;
#6106 = DIRECTION ( 'NONE',  ( -1.000000000000000000, -0.000000000000000000, -0.000000000000000000 ) ) ;
#6107 = CARTESIAN_POINT ( 'NONE',  ( -1.549999999999978506, 13.30000000000000071, 12.35000000000015774 ) ) ;
#6108 = EDGE_LOOP ( 'NONE', ( #10474, #8091, #1873, #9284, #7730, #462 ) ) ;
#6109 = EDGE_CURVE ( 'NONE', #1204, #3377, #2467, .T. ) ;
#6110 = DIRECTION ( 'NONE',  ( -0.000000000000000000, -0.000000000000000000, 1.000000000000000000 ) ) ;
#6111 = ORIENTED_EDGE ( 'NONE', *, *, #2503, .T. ) ;
#6112 = LINE ( 'NONE', #3701, #5981 ) ;
#6113 = DIRECTION ( 'NONE',  ( -1.000000000000000000, -0.000000000000000000, 4.476705744456300993E-16 ) ) ;
#6114 = DIRECTION ( 'NONE',  ( 0.000000000000000000, 1.000000000000000000, -0.000000000000000000 ) ) ;
#6115 = ORIENTED_EDGE ( 'NONE', *, *, #2007, .T. ) ;
#6116 = ORIENTED_EDGE ( 'NONE', *, *, #10485, .T. ) ;
#6117 = ORIENTED_EDGE ( 'NONE', *, *, #10795, .T. ) ;
#6118 = CARTESIAN_POINT ( 'NONE',  ( -31.51661123066064363, 3.000000000000000000, -8.850000000000054712 ) ) ;
#6120 = CARTESIAN_POINT ( 'NONE',  ( -30.28999999999999204, 3.059762937652273695, -9.848484337050518178 ) ) ;
#6119 = DIRECTION ( 'NONE',  ( 1.000000000000000000, 0.000000000000000000, 0.000000000000000000 ) ) ;
#6121 = ORIENTED_EDGE ( 'NONE', *, *, #10322, .F. ) ;
#6122 = ORIENTED_EDGE ( 'NONE', *, *, #1715, .T. ) ;
#6123 = ADVANCED_FACE ( 'NONE', ( #6776 ), #6662, .T. ) ;
#6124 = ADVANCED_FACE ( 'NONE', ( #886 ), #10020, .T. ) ;
#6125 = ORIENTED_EDGE ( 'NONE', *, *, #9286, .T. ) ;
#6126 = DIRECTION ( 'NONE',  ( 1.000000000000000000, -0.000000000000000000, -0.000000000000000000 ) ) ;
#6127 = CARTESIAN_POINT ( 'NONE',  ( 30.50000000000001066, 0.2999999999999999889, -2.350000000000004974 ) ) ;
#6128 = ORIENTED_EDGE ( 'NONE', *, *, #10462, .T. ) ;
#6129 = DIRECTION ( 'NONE',  ( 0.000000000000000000, 0.000000000000000000, 1.000000000000000000 ) ) ;
#6130 = CARTESIAN_POINT ( 'NONE',  ( -51.81167570767546238, 8.615286570286675882, -4.211499472778861275 ) ) ;
#6131 = ORIENTED_EDGE ( 'NONE', *, *, #1556, .F. ) ;
#6132 = ORIENTED_EDGE ( 'NONE', *, *, #8552, .T. ) ;
#6133 = VERTEX_POINT ( 'NONE', #2524 ) ;
#6134 = ORIENTED_EDGE ( 'NONE', *, *, #6083, .T. ) ;
#6135 = CARTESIAN_POINT ( 'NONE',  ( 3.550000000000022027, 15.10000000000000142, 13.45000000000015916 ) ) ;
#6136 = CARTESIAN_POINT ( 'NONE',  ( 29.74999999999998579, 0.2999999999999999889, -7.798623679425844557 ) ) ;
#6137 = LINE ( 'NONE', #9485, #6239 ) ;
#6138 = VECTOR ( 'NONE', #10498, 1000.000000000000000 ) ;
#6139 = PLANE ( 'NONE',  #7355 ) ;
#6140 = ADVANCED_FACE ( 'NONE', ( #5795 ), #9144, .T. ) ;
#6141 = EDGE_CURVE ( 'NONE', #7107, #10210, #4476, .T. ) ;
#6142 = ORIENTED_EDGE ( 'NONE', *, *, #5337, .T. ) ;
#6143 = LINE ( 'NONE', #9332, #6356 ) ;
#6144 = FACE_OUTER_BOUND ( 'NONE', #2482, .T. ) ;
#6145 = AXIS2_PLACEMENT_3D ( 'NONE', #3895, #6306, #6466 ) ;
#6146 = VERTEX_POINT ( 'NONE', #5191 ) ;
#6147 = AXIS2_PLACEMENT_3D ( 'NONE', #10814, #3311, #1176 ) ;
#6148 = LINE ( 'NONE', #10109, #9578 ) ;
#6149 = VERTEX_POINT ( 'NONE', #1202 ) ;
#6150 = CARTESIAN_POINT ( 'NONE',  ( -15.38066059622850368, 13.30000000000000071, -5.598102640378059824 ) ) ;
#6151 = CARTESIAN_POINT ( 'NONE',  ( -51.75526305257703541, 9.166854647719407723, -4.070482360731039861 ) ) ;
#6152 = DIRECTION ( 'NONE',  ( 0.000000000000000000, -1.000000000000000000, 0.000000000000000000 ) ) ;
#6153 = FACE_OUTER_BOUND ( 'NONE', #3070, .T. ) ;
#6154 = EDGE_CURVE ( 'NONE', #7648, #1918, #798, .T. ) ;
#6155 = VECTOR ( 'NONE', #10075, 1000.000000000000000 ) ;
#6156 = VECTOR ( 'NONE', #7946, 1000.000000000000000 ) ;
#6157 = DIRECTION ( 'NONE',  ( 1.000000000000000000, -0.000000000000000000, 0.000000000000000000 ) ) ;
#6158 = AXIS2_PLACEMENT_3D ( 'NONE', #1439, #8161, #10524 ) ;
#6159 = AXIS2_PLACEMENT_3D ( 'NONE', #2667, #1956, #5291 ) ;
#6160 = VECTOR ( 'NONE', #9971, 1000.000000000000000 ) ;
#6161 = ORIENTED_EDGE ( 'NONE', *, *, #3428, .T. ) ;
#6162 = VECTOR ( 'NONE', #8058, 1000.000000000000000 ) ;
#6163 = DIRECTION ( 'NONE',  ( 0.000000000000000000, 0.000000000000000000, 1.000000000000000000 ) ) ;
#6164 = CARTESIAN_POINT ( 'NONE',  ( 40.80000000000001137, 5.400000000000000355, 8.349999999999997868 ) ) ;
#6165 = DIRECTION ( 'NONE',  ( -1.000000000000000000, 2.647334709328807468E-15, 0.000000000000000000 ) ) ;
#6166 = VECTOR ( 'NONE', #6315, 1000.000000000000000 ) ;
#6167 = CARTESIAN_POINT ( 'NONE',  ( 49.80000000000001137, 8.000000000000000000, 0.000000000000000000 ) ) ;
#6168 = CARTESIAN_POINT ( 'NONE',  ( 42.80000000000001137, 5.500000000000000888, -7.250000000000000888 ) ) ;
#6169 = AXIS2_PLACEMENT_3D ( 'NONE', #10027, #7326, #6512 ) ;
#6170 = VECTOR ( 'NONE', #4403, 1000.000000000000000 ) ;
#6171 = DIRECTION ( 'NONE',  ( 0.000000000000000000, 0.000000000000000000, 1.000000000000000000 ) ) ;
#6172 = AXIS2_PLACEMENT_3D ( 'NONE', #5602, #8175, #8124 ) ;
#6173 = VERTEX_POINT ( 'NONE', #7862 ) ;
#6174 = EDGE_CURVE ( 'NONE', #4582, #4833, #1150, .T. ) ;
#6175 = VERTEX_POINT ( 'NONE', #7812 ) ;
#6176 = VERTEX_POINT ( 'NONE', #9626 ) ;
#6177 = CARTESIAN_POINT ( 'NONE',  ( 31.24999999999998934, 0.2999999999999999889, -7.798623679425844557 ) ) ;
#6179 = CARTESIAN_POINT ( 'NONE',  ( 0.000000000000000000, 0.5000000000000004441, 8.349999999999997868 ) ) ;
#6178 = CARTESIAN_POINT ( 'NONE',  ( -51.77340835089974291, 9.594609242404818161, 3.692296232791140831 ) ) ;
#6180 = AXIS2_PLACEMENT_3D ( 'NONE', #3153, #4844, #4017 ) ;
#6181 = ORIENTED_EDGE ( 'NONE', *, *, #1042, .T. ) ;
#6182 = VERTEX_POINT ( 'NONE', #10458 ) ;
#6183 = VECTOR ( 'NONE', #2732, 1000.000000000000000 ) ;
#6184 = VERTEX_POINT ( 'NONE', #338 ) ;
#6185 = FACE_OUTER_BOUND ( 'NONE', #9520, .T. ) ;
#6186 = LINE ( 'NONE', #10472, #8693 ) ;
#6187 = CIRCLE ( 'NONE', #1630, 6.800000000000000711 ) ;
#6188 = LINE ( 'NONE', #10523, #6191 ) ;
#6189 = CARTESIAN_POINT ( 'NONE',  ( -51.81167638289525001, 8.184263641027911262, -4.211455303391239191 ) ) ;
#6190 = ORIENTED_EDGE ( 'NONE', *, *, #5816, .F. ) ;
#6191 = VECTOR ( 'NONE', #9591, 1000.000000000000000 ) ;
#6192 = ORIENTED_EDGE ( 'NONE', *, *, #2254, .T. ) ;
#6193 = VERTEX_POINT ( 'NONE', #2896 ) ;
#6194 = ADVANCED_FACE ( 'NONE', ( #283 ), #3603, .T. ) ;
#6195 = EDGE_CURVE ( 'NONE', #6650, #3462, #4038, .T. ) ;
#6196 = CYLINDRICAL_SURFACE ( 'NONE', #4709, 0.1999999999999987899 ) ;
#6197 = CARTESIAN_POINT ( 'NONE',  ( 26.15635347795580756, 0.2999999999999999889, 1.023830892551263583 ) ) ;
#6198 = DIRECTION ( 'NONE',  ( -0.000000000000000000, -1.000000000000000000, 0.000000000000000000 ) ) ;
#6199 = PLANE ( 'NONE',  #9482 ) ;
#6200 = AXIS2_PLACEMENT_3D ( 'NONE', #4924, #8263, #7432 ) ;
#6201 = CARTESIAN_POINT ( 'NONE',  ( -31.44101788930268171, 2.721234519427555121, -20.34067203111831290 ) ) ;
#6202 = DIRECTION ( 'NONE',  ( 0.000000000000000000, 0.000000000000000000, -1.000000000000000000 ) ) ;
#6203 = ORIENTED_EDGE ( 'NONE', *, *, #5424, .F. ) ;
#6204 = DIRECTION ( 'NONE',  ( 0.000000000000000000, 0.000000000000000000, 1.000000000000000000 ) ) ;
#6205 = CARTESIAN_POINT ( 'NONE',  ( 29.76257894721918618, 0.2034051652805225763, 6.632385900611298624 ) ) ;
#6206 = VERTEX_POINT ( 'NONE', #1089 ) ;
#6207 = ORIENTED_EDGE ( 'NONE', *, *, #8445, .T. ) ;
#6208 = AXIS2_PLACEMENT_3D ( 'NONE', #498, #389, #10408 ) ;
#6209 = EDGE_CURVE ( 'NONE', #3943, #7490, #2837, .T. ) ;
#6210 = EDGE_CURVE ( 'NONE', #5089, #959, #384, .T. ) ;
#6211 = LINE ( 'NONE', #5500, #2943 ) ;
#6212 = CARTESIAN_POINT ( 'NONE',  ( -29.81007189365366372, -2.624222992386002318, 8.349999999999997868 ) ) ;
#6213 = CARTESIAN_POINT ( 'NONE',  ( 0.000000000000000000, 0.2000000000000000111, 8.549999999999998934 ) ) ;
#6214 = DIRECTION ( 'NONE',  ( 1.000000000000000000, 0.000000000000000000, 0.000000000000000000 ) ) ;
#6215 = FACE_OUTER_BOUND ( 'NONE', #10022, .T. ) ;
#6216 = ORIENTED_EDGE ( 'NONE', *, *, #7669, .T. ) ;
#6217 = EDGE_CURVE ( 'NONE', #769, #3593, #8739, .T. ) ;
#6218 = VECTOR ( 'NONE', #8305, 1000.000000000000000 ) ;
#6219 = CARTESIAN_POINT ( 'NONE',  ( -31.51661123066064363, 3.000000000000000000, 3.615000000000000213 ) ) ;
#6220 = DIRECTION ( 'NONE',  ( -0.5000000000000001110, 0.000000000000000000, -0.8660254037844385966 ) ) ;
#6221 = EDGE_LOOP ( 'NONE', ( #88, #9723, #6897, #1778, #3715 ) ) ;
#6222 = DIRECTION ( 'NONE',  ( -0.000000000000000000, -0.000000000000000000, -1.000000000000000000 ) ) ;
#6223 = DIRECTION ( 'NONE',  ( 0.000000000000000000, 0.000000000000000000, 1.000000000000000000 ) ) ;
#6224 = DIRECTION ( 'NONE',  ( -0.6427876096865379196, -0.000000000000000000, -0.7660444431189792347 ) ) ;
#6225 = CARTESIAN_POINT ( 'NONE',  ( -31.11939691791956974, 0.5000000000000004441, 8.364660166041852918 ) ) ;
#6226 = EDGE_CURVE ( 'NONE', #2696, #5253, #2873, .T. ) ;
#6227 = CIRCLE ( 'NONE', #2567, 0.3706384263718852656 ) ;
#6228 = VERTEX_POINT ( 'NONE', #1965 ) ;
#6229 = ORIENTED_EDGE ( 'NONE', *, *, #3814, .F. ) ;
#6230 = ORIENTED_EDGE ( 'NONE', *, *, #1197, .F. ) ;
#6231 = ORIENTED_EDGE ( 'NONE', *, *, #4646, .T. ) ;
#6232 = EDGE_CURVE ( 'NONE', #6206, #6736, #1193, .T. ) ;
#6233 = CARTESIAN_POINT ( 'NONE',  ( -3.343285244609850309E-15, 15.10000000000000142, -13.25000000000001421 ) ) ;
#6235 = CARTESIAN_POINT ( 'NONE',  ( -30.28999999999998849, 2.820913717569120127, -8.850000000000052935 ) ) ;
#6234 = DIRECTION ( 'NONE',  ( 1.020425574104004196E-15, 0.000000000000000000, -1.000000000000000000 ) ) ;
#6236 = CARTESIAN_POINT ( 'NONE',  ( -51.99999999999998579, 9.900000000000000355, 2.924999999999996270 ) ) ;
#6237 = ORIENTED_EDGE ( 'NONE', *, *, #2153, .F. ) ;
#6238 = VERTEX_POINT ( 'NONE', #7042 ) ;
#6239 = VECTOR ( 'NONE', #1998, 1000.000000000000000 ) ;
#6240 = VERTEX_POINT ( 'NONE', #8574 ) ;
#6241 = EDGE_CURVE ( 'NONE', #7698, #5833, #7695, .T. ) ;
#6242 = DIRECTION ( 'NONE',  ( 0.000000000000000000, 0.000000000000000000, -1.000000000000000000 ) ) ;
#6243 = DIRECTION ( 'NONE',  ( -0.000000000000000000, 1.000000000000000000, -0.000000000000000000 ) ) ;
#6244 = CARTESIAN_POINT ( 'NONE',  ( -51.67881868157359548, 7.243649841820617219, -3.973976113587230685 ) ) ;
#6245 = CARTESIAN_POINT ( 'NONE',  ( -52.74999999999998579, 8.400000000000000355, 4.225000000000004086 ) ) ;
#6246 = ORIENTED_EDGE ( 'NONE', *, *, #8955, .F. ) ;
#6247 = ORIENTED_EDGE ( 'NONE', *, *, #3599, .F. ) ;
#6248 = ORIENTED_EDGE ( 'NONE', *, *, #7696, .T. ) ;
#6249 = B_SPLINE_CURVE_WITH_KNOTS ( 'NONE', 3,
 ( #1196, #2893, #4576, #8793, #7036, #491, #2022, #9454, #3810, #1145, #1308, #4639, #4471, #7858, #545, #8028 ),
 .UNSPECIFIED., .F., .F.,
 ( 4, 2, 2, 2, 2, 2, 2, 4 ),
 ( 0.000000000000000000, 0.0003420773149254225840, 0.0006841546298508444091, 0.001368309259701686650, 0.001710386574627105385, 0.002052463889552524120, 0.002394541204477942421, 0.002736618519403361156 ),
 .UNSPECIFIED. ) ;
#6250 = CARTESIAN_POINT ( 'NONE',  ( 38.74216030126699906, 3.424271861433321991E-15, -6.511545626786637619 ) ) ;
#6252 = DIRECTION ( 'NONE',  ( -0.000000000000000000, 1.000000000000000000, -0.000000000000000000 ) ) ;
#6251 = DIRECTION ( 'NONE',  ( 0.000000000000000000, 0.000000000000000000, -1.000000000000000000 ) ) ;
#6253 = CARTESIAN_POINT ( 'NONE',  ( -31.11939691791956974, 0.5000000000000004441, -20.34067203111831290 ) ) ;
#6254 =( NAMED_UNIT ( * ) PLANE_ANGLE_UNIT ( ) SI_UNIT ( $, .RADIAN. ) );
#6255 = ADVANCED_FACE ( 'NONE', ( #10402 ), #5355, .T. ) ;
#6256 = CARTESIAN_POINT ( 'NONE',  ( 49.80000000000001137, 8.000000000000000000, 9.500000000000000000 ) ) ;
#6257 = DIRECTION ( 'NONE',  ( 0.000000000000000000, 1.000000000000000000, -0.000000000000000000 ) ) ;
#6258 = EDGE_CURVE ( 'NONE', #4852, #9398, #5559, .T. ) ;
#6259 = ORIENTED_EDGE ( 'NONE', *, *, #214, .T. ) ;
#6260 = CARTESIAN_POINT ( 'NONE',  ( 30.50000000000001066, 0.5000000000000000000, -2.350000000000004974 ) ) ;
#6261 = CARTESIAN_POINT ( 'NONE',  ( -52.75099999999998346, 9.849999999999999645, 2.499999999999999556 ) ) ;
#6262 = CIRCLE ( 'NONE', #1024, 0.1999999999999987899 ) ;
#6263 = ORIENTED_EDGE ( 'NONE', *, *, #9444, .F. ) ;
#6264 = DIRECTION ( 'NONE',  ( 0.000000000000000000, 0.000000000000000000, -1.000000000000000000 ) ) ;
#6265 = CARTESIAN_POINT ( 'NONE',  ( -31.28999999999999204, -29.13279938488576448, 8.349999999999997868 ) ) ;
#6266 = PLANE ( 'NONE',  #7274 ) ;
#6267 = CARTESIAN_POINT ( 'NONE',  ( 40.80000000000001137, 1.000000000000000888, 8.349999999999997868 ) ) ;
#6268 = EDGE_CURVE ( 'NONE', #5550, #9050, #4812, .T. ) ;
#6269 = CARTESIAN_POINT ( 'NONE',  ( 49.79999999999999005, 9.850000000000001421, -1.700000000000000622 ) ) ;
#6270 = DIRECTION ( 'NONE',  ( 0.000000000000000000, 1.000000000000000000, -0.000000000000000000 ) ) ;
#6271 = DIRECTION ( 'NONE',  ( 0.3420201433256592205, 0.000000000000000000, 0.9396926207859117586 ) ) ;
#6272 = DIRECTION ( 'NONE',  ( 0.000000000000000000, 0.000000000000000000, 1.000000000000000000 ) ) ;
#6273 = ORIENTED_EDGE ( 'NONE', *, *, #179, .T. ) ;
#6274 = DIRECTION ( 'NONE',  ( 1.000000000000000000, 0.000000000000000000, 1.020425574104004196E-15 ) ) ;
#6275 =( BOUNDED_CURVE ( )  B_SPLINE_CURVE ( 3, ( #1783, #148, #4385, #6797 ),
 .UNSPECIFIED., .F., .T. ) 
 B_SPLINE_CURVE_WITH_KNOTS ( ( 4, 4 ),
 ( 1.570796326794896558, 3.141592653589790451 ),
 .UNSPECIFIED. ) 
 CURVE ( )  GEOMETRIC_REPRESENTATION_ITEM ( )  RATIONAL_B_SPLINE_CURVE ( ( 1.000000000000000000, 0.8047378541243654926, 0.8047378541243654926, 1.000000000000000000 ) ) 
 REPRESENTATION_ITEM ( '' )  );
#6276 = LINE ( 'NONE', #10232, #2158 ) ;
#6278 = EDGE_CURVE ( 'NONE', #10374, #6507, #10235, .T. ) ;
#6277 = DIRECTION ( 'NONE',  ( 0.000000000000000000, 1.000000000000000000, -0.000000000000000000 ) ) ;
#6279 = EDGE_CURVE ( 'NONE', #2858, #5849, #8801, .T. ) ;
#6280 = CARTESIAN_POINT ( 'NONE',  ( 22.35788180854703100, -0.0009999999999999158867, 1.484828725824709927 ) ) ;
#6281 = ORIENTED_EDGE ( 'NONE', *, *, #1062, .F. ) ;
#6282 = ORIENTED_EDGE ( 'NONE', *, *, #2662, .F. ) ;
#6283 = VECTOR ( 'NONE', #3420, 1000.000000000000000 ) ;
#6284 = ORIENTED_EDGE ( 'NONE', *, *, #6322, .F. ) ;
#6285 = CARTESIAN_POINT ( 'NONE',  ( 23.40000000000001279, 5.400000000000000355, 0.000000000000000000 ) ) ;
#6287 = DIRECTION ( 'NONE',  ( 1.020425574104004196E-15, 0.000000000000000000, -1.000000000000000000 ) ) ;
#6286 = CARTESIAN_POINT ( 'NONE',  ( 22.28614628785942031, 0.02145563245112831405, 1.717410124218949008 ) ) ;
#6288 = ORIENTED_EDGE ( 'NONE', *, *, #1450, .F. ) ;
#6289 = ORIENTED_EDGE ( 'NONE', *, *, #1681, .F. ) ;
#6290 = VERTEX_POINT ( 'NONE', #1312 ) ;
#6291 = EDGE_CURVE ( 'NONE', #4211, #2188, #4306, .T. ) ;
#6292 = ORIENTED_EDGE ( 'NONE', *, *, #6591, .T. ) ;
#6293 = DIRECTION ( 'NONE',  ( -1.000000000000000000, 0.000000000000000000, 0.000000000000000000 ) ) ;
#6294 = CARTESIAN_POINT ( 'NONE',  ( -51.79999999999998295, 8.400000000000000355, -2.924999999999996270 ) ) ;
#6295 = EDGE_CURVE ( 'NONE', #4570, #3097, #9684, .T. ) ;
#6296 = CARTESIAN_POINT ( 'NONE',  ( -51.75454763282541393, 8.281128428326971047, -4.275301107353332242 ) ) ;
#6297 = CARTESIAN_POINT ( 'NONE',  ( -51.88704279059657409, 8.506999899801305887, -4.225057065303500892 ) ) ;
#6298 = EDGE_LOOP ( 'NONE', ( #177, #6928, #10175, #1972, #2687 ) ) ;
#6299 = ORIENTED_EDGE ( 'NONE', *, *, #5921, .T. ) ;
#6300 = ORIENTED_EDGE ( 'NONE', *, *, #1526, .F. ) ;
#6301 = DIRECTION ( 'NONE',  ( -0.000000000000000000, -1.000000000000000000, -0.000000000000000000 ) ) ;
#6303 = CARTESIAN_POINT ( 'NONE',  ( -30.58999999999999275, 5.995909431799613998, 2.765000000000000124 ) ) ;
#6302 = CARTESIAN_POINT ( 'NONE',  ( 44.85000000000002984, 8.000000000000000000, 0.000000000000000000 ) ) ;
#6304 = DIRECTION ( 'NONE',  ( -1.000000000000000000, 0.000000000000000000, 4.476705744456300993E-16 ) ) ;
#6305 = CARTESIAN_POINT ( 'NONE',  ( 31.24999999999998934, -0.0009999999999999158867, -7.798623679425844557 ) ) ;
#6306 = DIRECTION ( 'NONE',  ( -0.000000000000000000, 1.000000000000000000, -0.000000000000000000 ) ) ;
#6307 = CARTESIAN_POINT ( 'NONE',  ( 9.519658948938198861, 5.500000000000000000, 10.25000000000000178 ) ) ;
#6308 = VERTEX_POINT ( 'NONE', #494 ) ;
#6309 = CARTESIAN_POINT ( 'NONE',  ( -51.49999999999998579, 7.083039804977592446, 3.819531249999994049 ) ) ;
#6310 = CARTESIAN_POINT ( 'NONE',  ( 20.20000000000000995, 6.500000000000000888, 0.000000000000000000 ) ) ;
#6311 = VERTEX_POINT ( 'NONE', #7262 ) ;
#6312 = EDGE_CURVE ( 'NONE', #10708, #5938, #3059, .T. ) ;
#6313 = FACE_OUTER_BOUND ( 'NONE', #10501, .T. ) ;
#6314 = VECTOR ( 'NONE', #7849, 1000.000000000000000 ) ;
#6315 = DIRECTION ( 'NONE',  ( -0.000000000000000000, -1.000000000000000000, -0.000000000000000000 ) ) ;
#6316 = DIRECTION ( 'NONE',  ( 0.000000000000000000, 1.000000000000000000, -0.000000000000000000 ) ) ;
#6317 = LINE ( 'NONE', #2288, #9654 ) ;
#6318 = CARTESIAN_POINT ( 'NONE',  ( 1.050000000000021361, 13.30000000000000071, 13.54999999999999893 ) ) ;
#6319 = DIRECTION ( 'NONE',  ( 1.000000000000000000, 0.000000000000000000, 0.000000000000000000 ) ) ;
#6320 = CIRCLE ( 'NONE', #44, 0.2999999999999999334 ) ;
#6321 = AXIS2_PLACEMENT_3D ( 'NONE', #6477, #5664, #8949 ) ;
#6322 = EDGE_CURVE ( 'NONE', #7934, #7952, #8873, .T. ) ;
#6323 = EDGE_CURVE ( 'NONE', #3462, #2469, #3865, .T. ) ;
#6324 = VERTEX_POINT ( 'NONE', #2195 ) ;
#6325 = LINE ( 'NONE', #3645, #2496 ) ;
#6326 = DIRECTION ( 'NONE',  ( 0.09864855753175683084, -0.5484013522092018311, 0.8303760708209401153 ) ) ;
#6327 = ORIENTED_EDGE ( 'NONE', *, *, #4204, .F. ) ;
#6328 = VECTOR ( 'NONE', #6222, 1000.000000000000000 ) ;
#6329 = CARTESIAN_POINT ( 'NONE',  ( 20.21000000000001151, 0.5000000000000004441, 10.25000000000000000 ) ) ;
#6330 = CARTESIAN_POINT ( 'NONE',  ( 31.08444636088673363, 0.02145563245112926468, 6.797111039792333997 ) ) ;
#6331 = DIRECTION ( 'NONE',  ( 0.000000000000000000, 1.000000000000000000, -0.000000000000000000 ) ) ;
#6332 = CARTESIAN_POINT ( 'NONE',  ( -30.58203748537931332, 5.996123729295902649, 3.614894311984931718 ) ) ;
#6333 = AXIS2_PLACEMENT_3D ( 'NONE', #10537, #8830, #2107 ) ;
#6334 = VERTEX_POINT ( 'NONE', #7208 ) ;
#6335 = AXIS2_PLACEMENT_3D ( 'NONE', #9791, #4802, #9066 ) ;
#6336 = ORIENTED_EDGE ( 'NONE', *, *, #7250, .T. ) ;
#6337 = DIRECTION ( 'NONE',  ( -0.000000000000000000, -0.000000000000000000, 1.000000000000000000 ) ) ;
#6338 = EDGE_CURVE ( 'NONE', #1767, #3488, #8914, .T. ) ;
#6339 = CIRCLE ( 'NONE', #7731, 2.400000000000000799 ) ;
#6340 = EDGE_CURVE ( 'NONE', #6079, #1082, #4745, .T. ) ;
#6342 = CARTESIAN_POINT ( 'NONE',  ( -31.22776368699693705, 2.962067264275416445, -8.849999999918660265 ) ) ;
#6341 = FACE_OUTER_BOUND ( 'NONE', #4019, .T. ) ;
#6343 = VERTEX_POINT ( 'NONE', #8031 ) ;
#6344 =( BOUNDED_SURFACE ( )  B_SPLINE_SURFACE ( 3, 2, ( 
 ( #2096, #9422, #4543 ),
 ( #1109, #10252, #5420 ),
 ( #352, #8592, #1268 ),
 ( #1167, #10359, #458 ),
 ( #5318, #7059, #4601 ),
 ( #8754, #6189, #10305 ),
 ( #2149, #10476, #8816 ),
 ( #2964, #4657, #6297 ),
 ( #9642, #6130, #7828 ),
 ( #7990, #3618, #4438 ),
 ( #9533, #3667, #2854 ),
 ( #2043, #3017, #4873 ),
 ( #3884, #724, #3942 ),
 ( #2210, #9861, #7322 ) ),
 .UNSPECIFIED., .F., .F., .T. ) 
 B_SPLINE_SURFACE_WITH_KNOTS ( ( 4, 2, 2, 2, 2, 2, 4 ),
 ( 3, 3 ),
 ( -6.917209860457518289E-17, 0.0007376526362296236634, 0.001106478954344470135, 0.001475305272459316499, 0.001844131590574162862, 0.002212957908689009226, 0.002950610544918702387 ),
 ( 0.000000000000000000, 1.000000000000000000 ),
 .UNSPECIFIED. ) 
 GEOMETRIC_REPRESENTATION_ITEM ( )  RATIONAL_B_SPLINE_SURFACE ( (
 ( 1.000000000000000000, 0.8371290630494846452, 1.000000000000000000),
 ( 1.000000000000000000, 0.8719211742464749726, 1.000000000000000000),
 ( 1.000000000000000000, 0.8962488235009465898, 1.000000000000000000),
 ( 1.000000000000000000, 0.9199089190832298035, 1.000000000000000000),
 ( 1.000000000000000000, 0.9257815976085516096, 1.000000000000000000),
 ( 1.000000000000000000, 0.9335084709568207684, 1.000000000000000000),
 ( 1.000000000000000000, 0.9354060336755517513, 1.000000000000000000),
 ( 1.000000000000000000, 0.9354226065316310068, 1.000000000000000000),
 ( 1.000000000000000000, 0.9335143594897981068, 1.000000000000000000),
 ( 1.000000000000000000, 0.9258345507495819859, 1.000000000000000000),
 ( 1.000000000000000000, 0.9199515991815588878, 1.000000000000000000),
 ( 1.000000000000000000, 0.8963026785463821255, 1.000000000000000000),
 ( 1.000000000000000000, 0.8720564020250617387, 1.000000000000000000),
 ( 1.000000000000000000, 0.8371290630494765406, 1.000000000000000000) ) ) 
 REPRESENTATION_ITEM ( '' )  SURFACE ( )  );
#6345 = VERTEX_POINT ( 'NONE', #9022 ) ;
#6346 = ORIENTED_EDGE ( 'NONE', *, *, #4532, .F. ) ;
#6347 = VECTOR ( 'NONE', #9909, 1000.000000000000000 ) ;
#6348 = VECTOR ( 'NONE', #10720, 1000.000000000000000 ) ;
#6349 = VERTEX_POINT ( 'NONE', #10510 ) ;
#6350 = CARTESIAN_POINT ( 'NONE',  ( -51.55633014137976744, 8.400000000003297274, -4.350000000000000533 ) ) ;
#6351 = CARTESIAN_POINT ( 'NONE',  ( 40.80000000000001137, 5.500000000000000000, 10.25000000000000000 ) ) ;
#6352 = DIRECTION ( 'NONE',  ( -1.692413147294445970E-16, 0.000000000000000000, -1.000000000000000000 ) ) ;
#6353 = CARTESIAN_POINT ( 'NONE',  ( -25.04999999999997939, 11.00000000000000178, -12.24999999999999822 ) ) ;
#6354 = ORIENTED_EDGE ( 'NONE', *, *, #6648, .F. ) ;
#6355 = ORIENTED_EDGE ( 'NONE', *, *, #785, .T. ) ;
#6356 = VECTOR ( 'NONE', #8554, 1000.000000000000000 ) ;
#6357 = LINE ( 'NONE', #3082, #1844 ) ;
#6358 = AXIS2_PLACEMENT_3D ( 'NONE', #2329, #9928, #5710 ) ;
#6359 = ADVANCED_FACE ( 'NONE', ( #5517 ), #10566, .F. ) ;
#6360 = DIRECTION ( 'NONE',  ( 1.000000000000000000, -0.000000000000000000, -0.000000000000000000 ) ) ;
#6361 = EDGE_LOOP ( 'NONE', ( #4497, #5367, #4153, #4919 ) ) ;
#6362 = CARTESIAN_POINT ( 'NONE',  ( -40.01899347744756597, 0.1363911950260413841, -8.857524648351647656 ) ) ;
#6363 = DIRECTION ( 'NONE',  ( 0.7071067811865507924, 0.000000000000000000, -0.7071067811865442421 ) ) ;
#6364 = CYLINDRICAL_SURFACE ( 'NONE', #6145, 2.400000000000000799 ) ;
#6365 = CARTESIAN_POINT ( 'NONE',  ( -51.97966255667119384, 9.596862272574570696, -3.444967340623619201 ) ) ;
#6366 = TOROIDAL_SURFACE ( 'NONE', #97, 5.000000000000000000, 3.000000000000000000 ) ;
#6367 = VERTEX_POINT ( 'NONE', #4806 ) ;
#6368 = DIRECTION ( 'NONE',  ( -0.000000000000000000, 1.000000000000000000, -0.000000000000000000 ) ) ;
#6369 = ORIENTED_EDGE ( 'NONE', *, *, #9101, .T. ) ;
#6370 = ADVANCED_FACE ( 'NONE', ( #4859 ), #3000, .T. ) ;
#6371 = VERTEX_POINT ( 'NONE', #6393 ) ;
#6372 = EDGE_CURVE ( 'NONE', #6777, #8624, #8856, .T. ) ;
#6373 = VECTOR ( 'NONE', #8686, 1000.000000000000000 ) ;
#6374 = CARTESIAN_POINT ( 'NONE',  ( 30.50000000000001066, -0.0009999999999999158867, -2.350000000000004974 ) ) ;
#6375 = CARTESIAN_POINT ( 'NONE',  ( -35.39005668592174914, 0.000000000000000000, -3.415000000000000036 ) ) ;
#6376 = CARTESIAN_POINT ( 'NONE',  ( 30.50000000000001066, 0.5000000000000000000, -2.350000000000004974 ) ) ;
#6377 = LINE ( 'NONE', #1464, #2833 ) ;
#6378 = CARTESIAN_POINT ( 'NONE',  ( 34.84364652204421731, 0.2531612188914912909, 1.023830892551226945 ) ) ;
#6379 = LINE ( 'NONE', #9731, #6526 ) ;
#6380 = ADVANCED_FACE ( 'NONE', ( #2250 ), #5572, .T. ) ;
#6381 = ORIENTED_EDGE ( 'NONE', *, *, #5829, .F. ) ;
#6382 = AXIS2_PLACEMENT_3D ( 'NONE', #4769, #2970, #7064 ) ;
#6383 = ORIENTED_EDGE ( 'NONE', *, *, #2822, .F. ) ;
#6384 = CARTESIAN_POINT ( 'NONE',  ( 6.232420150553265259, 0.5000000000000000000, 10.79486835487433183 ) ) ;
#6385 = VECTOR ( 'NONE', #9349, 1000.000000000000000 ) ;
#6386 = DIRECTION ( 'NONE',  ( -0.000000000000000000, 1.000000000000000000, -0.000000000000000000 ) ) ;
#6387 = ORIENTED_EDGE ( 'NONE', *, *, #5358, .F. ) ;
#6388 = AXIS2_PLACEMENT_3D ( 'NONE', #981, #1906, #9242 ) ;
#6389 = CARTESIAN_POINT ( 'NONE',  ( -30.58999999999999275, 0.5000000000000004441, 2.765000000000000124 ) ) ;
#6390 = LINE ( 'NONE', #5678, #6348 ) ;
#6391 = ADVANCED_FACE ( 'NONE', ( #9795 ), #659, .F. ) ;
#6392 = CARTESIAN_POINT ( 'NONE',  ( 30.50000000000001066, 0.2999999999999999889, -2.350000000000004974 ) ) ;
#6393 = CARTESIAN_POINT ( 'NONE',  ( 25.78856210340542887, 0.000000000000000000, -4.550534695598388524 ) ) ;
#6394 = CIRCLE ( 'NONE', #1336, 0.8499999999999983125 ) ;
#6395 = ORIENTED_EDGE ( 'NONE', *, *, #7476, .F. ) ;
#6396 = ORIENTED_EDGE ( 'NONE', *, *, #3632, .F. ) ;
#6397 = DIRECTION ( 'NONE',  ( 0.000000000000000000, 0.000000000000000000, -1.000000000000000000 ) ) ;
#6399 = LINE ( 'NONE', #2257, #3441 ) ;
#6398 = DIRECTION ( 'NONE',  ( 0.7660444431189769032, 0.000000000000000000, -0.6427876096865406952 ) ) ;
#6400 = LINE ( 'NONE', #3935, #10066 ) ;
#6401 = VERTEX_POINT ( 'NONE', #8252 ) ;
#6402 = ORIENTED_EDGE ( 'NONE', *, *, #3443, .T. ) ;
#6404 = DIRECTION ( 'NONE',  ( 1.000000000000000000, 0.000000000000000000, 0.000000000000000000 ) ) ;
#6403 = CIRCLE ( 'NONE', #6051, 0.8500000000000069722 ) ;
#6405 = DIRECTION ( 'NONE',  ( -1.000000000000000000, 0.000000000000000000, 2.523234146875355998E-16 ) ) ;
#6406 = CYLINDRICAL_SURFACE ( 'NONE', #3742, 0.2999999999999994338 ) ;
#6407 = LINE ( 'NONE', #1499, #5641 ) ;
#6408 = ADVANCED_FACE ( 'NONE', ( #1591 ), #765, .F. ) ;
#6409 = ORIENTED_EDGE ( 'NONE', *, *, #5248, .F. ) ;
#6410 = VERTEX_POINT ( 'NONE', #9902 ) ;
#6412 = AXIS2_PLACEMENT_3D ( 'NONE', #8989, #464, #6411 ) ;
#6411 = DIRECTION ( 'NONE',  ( -0.3420201433256592205, 0.000000000000000000, -0.9396926207859117586 ) ) ;
#6414 = CARTESIAN_POINT ( 'NONE',  ( 47.04999999999999716, 3.000000000000000000, 10.34999999999999787 ) ) ;
#6413 = LINE ( 'NONE', #5538, #1992 ) ;
#6415 = EDGE_LOOP ( 'NONE', ( #9537, #9973, #2277, #1388 ) ) ;
#6416 = DIRECTION ( 'NONE',  ( 1.000000000000000000, 0.000000000000000000, 0.000000000000000000 ) ) ;
#6417 = CYLINDRICAL_SURFACE ( 'NONE', #5099, 6.166261152084816288 ) ;
#6418 = CARTESIAN_POINT ( 'NONE',  ( -3.019693845669853438, 15.10000000000000142, -13.54999999999999893 ) ) ;
#6419 = VERTEX_POINT ( 'NONE', #10778 ) ;
#6420 = FACE_OUTER_BOUND ( 'NONE', #5529, .T. ) ;
#6421 = CARTESIAN_POINT ( 'NONE',  ( -31.60047529527845001, 3.276389878762281160, -2.765000000000000124 ) ) ;
#6422 = EDGE_CURVE ( 'NONE', #3377, #286, #1893, .T. ) ;
#6423 = VERTEX_POINT ( 'NONE', #2853 ) ;
#6424 = EDGE_CURVE ( 'NONE', #9358, #1587, #2910, .T. ) ;
#6425 = ORIENTED_EDGE ( 'NONE', *, *, #855, .T. ) ;
#6426 = DIRECTION ( 'NONE',  ( 0.000000000000000000, 0.000000000000000000, 1.000000000000000000 ) ) ;
#6427 = CARTESIAN_POINT ( 'NONE',  ( 31.17110895060959663, 0.09378038618371817292, -11.40410606111990433 ) ) ;
#6428 = FACE_OUTER_BOUND ( 'NONE', #9134, .T. ) ;
#6429 = FACE_OUTER_BOUND ( 'NONE', #6859, .T. ) ;
#6430 = ADVANCED_FACE ( 'NONE', ( #4540 ), #1052, .T. ) ;
#6431 = DIRECTION ( 'NONE',  ( 1.000000000000000000, 0.000000000000000000, 0.000000000000000000 ) ) ;
#6432 = CARTESIAN_POINT ( 'NONE',  ( -1.549999999999978506, 13.30000000000000071, -13.35000000000015774 ) ) ;
#6433 = AXIS2_PLACEMENT_3D ( 'NONE', #7311, #3165, #5734 ) ;
#6434 = EDGE_CURVE ( 'NONE', #3430, #1659, #7825, .T. ) ;
#6435 = ORIENTED_EDGE ( 'NONE', *, *, #3598, .T. ) ;
#6436 = ORIENTED_EDGE ( 'NONE', *, *, #1542, .T. ) ;
#6437 = LINE ( 'NONE', #1530, #415 ) ;
#6438 = CARTESIAN_POINT ( 'NONE',  ( -31.22777815357900622, 3.000000000000000000, -3.615000000000000213 ) ) ;
#6439 = ORIENTED_EDGE ( 'NONE', *, *, #6694, .T. ) ;
#6440 = DIRECTION ( 'NONE',  ( 0.000000000000000000, 0.000000000000000000, 1.000000000000000000 ) ) ;
#6441 = DIRECTION ( 'NONE',  ( -1.781193055562282205E-15, 0.000000000000000000, -1.000000000000000000 ) ) ;
#6442 = CARTESIAN_POINT ( 'NONE',  ( -51.99999999999998579, 9.697719172987383729, -3.001973684210527793 ) ) ;
#6443 = DIRECTION ( 'NONE',  ( 0.000000000000000000, 0.000000000000000000, 1.000000000000000000 ) ) ;
#6444 = VERTEX_POINT ( 'NONE', #7707 ) ;
#6445 = VERTEX_POINT ( 'NONE', #1982 ) ;
#6446 = EDGE_CURVE ( 'NONE', #3773, #3109, #3117, .T. ) ;
#6447 = CARTESIAN_POINT ( 'NONE',  ( 47.05000000000001137, 16.60000000000000142, -12.25000000000000178 ) ) ;
#6448 = DIRECTION ( 'NONE',  ( -0.000000000000000000, -0.000000000000000000, 1.000000000000000000 ) ) ;
#6449 = FACE_OUTER_BOUND ( 'NONE', #10239, .T. ) ;
#6450 = ORIENTED_EDGE ( 'NONE', *, *, #5605, .T. ) ;
#6451 = VERTEX_POINT ( 'NONE', #8702 ) ;
#6452 = CARTESIAN_POINT ( 'NONE',  ( -51.49999999999998579, 8.400000000000000355, 2.449999999999999734 ) ) ;
#6453 = CARTESIAN_POINT ( 'NONE',  ( -52.74999999999998579, 9.700000000000001066, -2.924999999999996270 ) ) ;
#6454 = LINE ( 'NONE', #10, #2875 ) ;
#6455 = CARTESIAN_POINT ( 'NONE',  ( -35.06554871542299878, 0.000000000000000000, 3.415000000000000036 ) ) ;
#6456 = CIRCLE ( 'NONE', #1585, 2.999999999999999112 ) ;
#6457 = EDGE_LOOP ( 'NONE', ( #8755, #7614, #5024, #1702, #6765, #10589, #4478, #9628, #4537 ) ) ;
#6458 = ORIENTED_EDGE ( 'NONE', *, *, #7963, .F. ) ;
#6459 = EDGE_CURVE ( 'NONE', #10649, #4160, #6186, .T. ) ;
#6460 = CARTESIAN_POINT ( 'NONE',  ( 20.21000000000001151, 0.5000000000000004441, 8.349999999999997868 ) ) ;
#6462 = DIRECTION ( 'NONE',  ( 0.000000000000000000, 1.000000000000000000, -0.000000000000000000 ) ) ;
#6461 = DIRECTION ( 'NONE',  ( 0.000000000000000000, 0.000000000000000000, 1.000000000000000000 ) ) ;
#6463 = ORIENTED_EDGE ( 'NONE', *, *, #3753, .F. ) ;
#6464 = AXIS2_PLACEMENT_3D ( 'NONE', #5686, #9748, #10729 ) ;
#6465 = CARTESIAN_POINT ( 'NONE',  ( 20.20000000000000995, 0.5000000000000004441, -10.25000000000000178 ) ) ;
#6466 = DIRECTION ( 'NONE',  ( 0.000000000000000000, 0.000000000000000000, 1.000000000000000000 ) ) ;
#6467 = CARTESIAN_POINT ( 'NONE',  ( -34.52834772718359346, 0.000000000000000000, 3.415000000000000036 ) ) ;
#6468 = EDGE_LOOP ( 'NONE', ( #5103, #10512, #6508, #6122 ) ) ;
#6469 = CARTESIAN_POINT ( 'NONE',  ( 51.50000000000001421, 11.35000000000000142, 1.700000000000000178 ) ) ;
#6470 = CARTESIAN_POINT ( 'NONE',  ( -51.99535045267403888, 7.131214483597784870, 3.230005980589787384 ) ) ;
#6471 = ORIENTED_EDGE ( 'NONE', *, *, #2780, .F. ) ;
#6472 = LINE ( 'NONE', #4011, #10817 ) ;
#6473 = CARTESIAN_POINT ( 'NONE',  ( -34.32300333360993250, 0.1748349968067927918, -3.615000000000000213 ) ) ;
#6475 = ADVANCED_FACE ( 'NONE', ( #10356 ), #3664, .T. ) ;
#6474 = DIRECTION ( 'NONE',  ( 0.000000000000000000, 0.000000000000000000, -1.000000000000000000 ) ) ;
#6476 = EDGE_CURVE ( 'NONE', #817, #2005, #8001, .T. ) ;
#6477 = CARTESIAN_POINT ( 'NONE',  ( -31.51661123066064363, 3.000000000000000000, 2.765000000000000124 ) ) ;
#6478 = CARTESIAN_POINT ( 'NONE',  ( 37.60384757729338645, 1.000000000000000000, -7.250000000000015099 ) ) ;
#6479 = DIRECTION ( 'NONE',  ( 3.652049423109068320E-16, 0.000000000000000000, 1.000000000000000000 ) ) ;
#6480 = EDGE_LOOP ( 'NONE', ( #10450, #8757, #1831, #8705 ) ) ;
#6481 = VERTEX_POINT ( 'NONE', #7874 ) ;
#6482 = CARTESIAN_POINT ( 'NONE',  ( -52.75099999999998346, 11.35000000000000142, 1.700000000000000178 ) ) ;
#6483 = CARTESIAN_POINT ( 'NONE',  ( -52.74999999999998579, 8.000000000000000000, 0.000000000000000000 ) ) ;
#6484 = EDGE_CURVE ( 'NONE', #10620, #4470, #8357, .T. ) ;
#6485 = CARTESIAN_POINT ( 'NONE',  ( -30.28999999999999204, 2.820913717569120127, 9.349999999999997868 ) ) ;
#6486 = ORIENTED_EDGE ( 'NONE', *, *, #3979, .F. ) ;
#6487 = DIRECTION ( 'NONE',  ( 0.000000000000000000, 0.000000000000000000, 1.000000000000000000 ) ) ;
#6488 = CIRCLE ( 'NONE', #10000, 0.2000000000000005662 ) ;
#6489 = DIRECTION ( 'NONE',  ( 0.000000000000000000, 0.000000000000000000, -1.000000000000000000 ) ) ;
#6490 = DIRECTION ( 'NONE',  ( 0.000000000000000000, 0.000000000000000000, 1.000000000000000000 ) ) ;
#6491 = DIRECTION ( 'NONE',  ( -1.000000000000000000, -0.000000000000000000, 4.476705744456300993E-16 ) ) ;
#6492 = ADVANCED_FACE ( 'NONE', ( #5203 ), #1164, .T. ) ;
#6493 = EDGE_LOOP ( 'NONE', ( #3464, #3815, #5294, #8336, #5872, #735, #5987, #4297 ) ) ;
#6494 = VECTOR ( 'NONE', #721, 1000.000000000000000 ) ;
#6495 = AXIS2_PLACEMENT_3D ( 'NONE', #10153, #9223, #8232 ) ;
#6496 = LINE ( 'NONE', #9025, #9724 ) ;
#6497 = CARTESIAN_POINT ( 'NONE',  ( 23.10788180854703100, 0.2999999999999999889, 2.783866831501368821 ) ) ;
#6498 = DIRECTION ( 'NONE',  ( 0.8660254037843665431, 0.000000000000000000, -0.5000000000001250111 ) ) ;
#6499 = VERTEX_POINT ( 'NONE', #6073 ) ;
#6500 = CARTESIAN_POINT ( 'NONE',  ( 2.550000000000021583, 13.30000000000000071, -12.35000000000015952 ) ) ;
#6501 = CARTESIAN_POINT ( 'NONE',  ( -51.99999999999998579, 9.697719172987383729, 3.001973684210525573 ) ) ;
#6502 = CIRCLE ( 'NONE', #1800, 5.199999999999985967 ) ;
#6503 = VECTOR ( 'NONE', #1609, 1000.000000000000000 ) ;
#6504 = CARTESIAN_POINT ( 'NONE',  ( -51.67919047829857959, 9.558425586967015164, -3.971980343050312001 ) ) ;
#6505 = PLANE ( 'NONE',  #4793 ) ;
#6506 = EDGE_CURVE ( 'NONE', #3410, #4637, #10332, .T. ) ;
#6507 = VERTEX_POINT ( 'NONE', #7936 ) ;
#6508 = ORIENTED_EDGE ( 'NONE', *, *, #2780, .T. ) ;
#6509 = VECTOR ( 'NONE', #8303, 1000.000000000000000 ) ;
#6510 = CARTESIAN_POINT ( 'NONE',  ( 49.80000000000001137, 13.00000000000000178, -4.000000000000000000 ) ) ;
#6511 = CIRCLE ( 'NONE', #10556, 0.1999999999999996503 ) ;
#6513 = CARTESIAN_POINT ( 'NONE',  ( -44.29999999999997584, 8.000000000000000000, 12.24999999999999822 ) ) ;
#6512 = DIRECTION ( 'NONE',  ( 0.000000000000000000, 0.000000000000000000, 1.000000000000000000 ) ) ;
#6514 = VECTOR ( 'NONE', #7472, 1000.000000000000000 ) ;
#6515 = ORIENTED_EDGE ( 'NONE', *, *, #9769, .F. ) ;
#6516 = FACE_OUTER_BOUND ( 'NONE', #8589, .T. ) ;
#6517 = CARTESIAN_POINT ( 'NONE',  ( -22.78676428111940666, 13.30000000000000071, 14.75000000000000000 ) ) ;
#6518 = LINE ( 'NONE', #1034, #5114 ) ;
#6519 = ORIENTED_EDGE ( 'NONE', *, *, #5402, .F. ) ;
#6520 = LINE ( 'NONE', #6627, #2528 ) ;
#6521 = CARTESIAN_POINT ( 'NONE',  ( -51.83390545974074826, 9.621070697776723080, 3.430753123071516697 ) ) ;
#6522 = EDGE_CURVE ( 'NONE', #1209, #6078, #2962, .T. ) ;
#6523 = AXIS2_PLACEMENT_3D ( 'NONE', #3360, #6685, #10042 ) ;
#6524 = ORIENTED_EDGE ( 'NONE', *, *, #5813, .F. ) ;
#6525 = EDGE_CURVE ( 'NONE', #1082, #4697, #1876, .T. ) ;
#6526 = VECTOR ( 'NONE', #1523, 1000.000000000000000 ) ;
#6527 = VECTOR ( 'NONE', #9264, 1000.000000000000000 ) ;
#6528 = PLANE ( 'NONE',  #7666 ) ;
#6529 = CARTESIAN_POINT ( 'NONE',  ( 47.05000000000001137, 3.000000000000000000, -11.75000000000000000 ) ) ;
#6530 = CARTESIAN_POINT ( 'NONE',  ( -31.27472780755320869, 0.000000000000000000, 3.415000000000000036 ) ) ;
#6531 = CARTESIAN_POINT ( 'NONE',  ( 51.50000000000001421, 11.35000000000000142, -1.700000000000000178 ) ) ;
#6532 = CARTESIAN_POINT ( 'NONE',  ( 38.93469035668907452, 1.000000000000000000, 4.549999999999998934 ) ) ;
#6533 = CARTESIAN_POINT ( 'NONE',  ( -51.54271843925618413, 8.880620398697814721, 4.292166158528917030 ) ) ;
#6534 = ADVANCED_FACE ( 'NONE', ( #1107 ), #7769, .F. ) ;
#6535 = ORIENTED_EDGE ( 'NONE', *, *, #1469, .T. ) ;
#6536 = EDGE_CURVE ( 'NONE', #7952, #3184, #6945, .T. ) ;
#6537 = AXIS2_PLACEMENT_3D ( 'NONE', #7223, #1385, #5473 ) ;
#6538 = ORIENTED_EDGE ( 'NONE', *, *, #49, .T. ) ;
#6539 = FACE_OUTER_BOUND ( 'NONE', #10478, .T. ) ;
#6540 = DIRECTION ( 'NONE',  ( 0.000000000000000000, 0.000000000000000000, -1.000000000000000000 ) ) ;
#6541 = DIRECTION ( 'NONE',  ( 0.000000000000000000, -1.000000000000000000, 0.000000000000000000 ) ) ;
#6542 = ORIENTED_EDGE ( 'NONE', *, *, #3209, .T. ) ;
#6543 = LINE ( 'NONE', #10563, #2666 ) ;
#6544 = VERTEX_POINT ( 'NONE', #157 ) ;
#6545 = CIRCLE ( 'NONE', #3750, 0.1999999999999987899 ) ;
#6546 = DIRECTION ( 'NONE',  ( 0.000000000000000000, 1.000000000000000000, -0.000000000000000000 ) ) ;
#6547 = PRODUCT_DEFINITION ( 'ז', '', #6951, #1366 ) ;
#6548 = CIRCLE ( 'NONE', #9186, 6.166261152084816288 ) ;
#6549 = CARTESIAN_POINT ( 'NONE',  ( 0.000000000000000000, 11.00000000000000178, 13.54999999999999893 ) ) ;
#6550 = EDGE_CURVE ( 'NONE', #8867, #4570, #6753, .T. ) ;
#6551 = ORIENTED_EDGE ( 'NONE', *, *, #4474, .T. ) ;
#6552 = CARTESIAN_POINT ( 'NONE',  ( 20.20000000000000995, 5.400000000000000355, 0.000000000000000000 ) ) ;
#6553 = VECTOR ( 'NONE', #1205, 1000.000000000000000 ) ;
#6554 = DIRECTION ( 'NONE',  ( -1.000000000000000000, 2.647334709328807468E-15, 0.000000000000000000 ) ) ;
#6555 = DIRECTION ( 'NONE',  ( 0.000000000000000000, 0.000000000000000000, 1.000000000000000000 ) ) ;
#6556 = EDGE_LOOP ( 'NONE', ( #5409, #294, #366, #6300, #4431 ) ) ;
#6557 = CARTESIAN_POINT ( 'NONE',  ( -44.30000000002110028, 5.500000000000000000, 291583.7750000000233 ) ) ;
#6558 = EDGE_CURVE ( 'NONE', #9391, #2692, #6148, .T. ) ;
#6559 = LINE ( 'NONE', #1547, #2146 ) ;
#6560 = CARTESIAN_POINT ( 'NONE',  ( -31.44101788930268171, 2.721234519427555121, -20.34067203111831290 ) ) ;
#6561 = VECTOR ( 'NONE', #3333, 1000.000000000000000 ) ;
#6562 = CARTESIAN_POINT ( 'NONE',  ( -30.58999999999999275, 5.995909431799613998, 2.765000000000000124 ) ) ;
#6563 = CARTESIAN_POINT ( 'NONE',  ( 50.54857113690718506, 9.000000000000001776, 12.25000000000000000 ) ) ;
#6564 = ORIENTED_EDGE ( 'NONE', *, *, #326, .T. ) ;
#6565 = EDGE_CURVE ( 'NONE', #10237, #250, #104, .T. ) ;
#6566 = ORIENTED_EDGE ( 'NONE', *, *, #2802, .T. ) ;
#6567 = DIRECTION ( 'NONE',  ( -0.000000000000000000, 1.000000000000000000, 0.000000000000000000 ) ) ;
#6569 = LINE ( 'NONE', #4932, #10142 ) ;
#6568 = CARTESIAN_POINT ( 'NONE',  ( 31.24999999999999645, 0.2999999999999999889, -3.080056913872600900E-14 ) ) ;
#6570 = ORIENTED_EDGE ( 'NONE', *, *, #1127, .T. ) ;
#6571 = EDGE_CURVE ( 'NONE', #6657, #4854, #4684, .T. ) ;
#6572 = FACE_OUTER_BOUND ( 'NONE', #2395, .T. ) ;
#6573 = FACE_OUTER_BOUND ( 'NONE', #84, .T. ) ;
#6574 = ORIENTED_EDGE ( 'NONE', *, *, #8419, .F. ) ;
#6575 = PLANE ( 'NONE',  #6710 ) ;
#6576 = ORIENTED_EDGE ( 'NONE', *, *, #7505, .T. ) ;
#6577 = AXIS2_PLACEMENT_3D ( 'NONE', #360, #5166, #5264 ) ;
#6578 = DIRECTION ( 'NONE',  ( -1.000000000000000000, 0.000000000000000000, -0.000000000000000000 ) ) ;
#6579 = CARTESIAN_POINT ( 'NONE',  ( -2.798274178510208617E-15, 15.20000000000000462, -11.75000000000000355 ) ) ;
#6580 = ADVANCED_FACE ( 'NONE', ( #3583 ), #6096, .F. ) ;
#6581 = DIRECTION ( 'NONE',  ( 1.000000000000000000, 0.000000000000000000, -4.231032868236115418E-16 ) ) ;
#6582 = DIRECTION ( 'NONE',  ( -1.000000000000000000, 0.000000000000000000, 0.000000000000000000 ) ) ;
#6583 = DIRECTION ( 'NONE',  ( -1.000000000000000000, 0.000000000000000000, 2.065146995210484695E-16 ) ) ;
#6584 = DIRECTION ( 'NONE',  ( 0.000000000000000000, 1.000000000000000000, -0.000000000000000000 ) ) ;
#6585 = ORIENTED_EDGE ( 'NONE', *, *, #1185, .T. ) ;
#6586 = ORIENTED_EDGE ( 'NONE', *, *, #2173, .F. ) ;
#6587 = CARTESIAN_POINT ( 'NONE',  ( 31.25000000000004263, 0.5000000000000000000, 0.000000000000000000 ) ) ;
#6588 = ORIENTED_EDGE ( 'NONE', *, *, #1925, .F. ) ;
#6589 = CARTESIAN_POINT ( 'NONE',  ( -35.04999999999998295, 6.500000000000000888, 12.24999999999999822 ) ) ;
#6590 = EDGE_CURVE ( 'NONE', #8959, #3992, #4298, .T. ) ;
#6591 = EDGE_CURVE ( 'NONE', #7482, #9245, #5340, .T. ) ;
#6592 = LINE ( 'NONE', #5836, #2724 ) ;
#6593 = DIRECTION ( 'NONE',  ( 0.5000000000000001110, 0.000000000000000000, 0.8660254037844385966 ) ) ;
#6594 = ORIENTED_EDGE ( 'NONE', *, *, #6291, .T. ) ;
#6595 = AXIS2_PLACEMENT_3D ( 'NONE', #1538, #2301, #7359 ) ;
#6596 = CARTESIAN_POINT ( 'NONE',  ( -39.98506879479626974, 0.1999999999999996503, 8.349999999999997868 ) ) ;
#6597 = CARTESIAN_POINT ( 'NONE',  ( -44.54999999999996163, 8.000000000000000000, 7.935215062529961028E-14 ) ) ;
#6598 = VECTOR ( 'NONE', #6939, 1000.000000000000000 ) ;
#6599 = VERTEX_POINT ( 'NONE', #5119 ) ;
#6600 = CIRCLE ( 'NONE', #2428, 1.000000000000000888 ) ;
#6601 = DIRECTION ( 'NONE',  ( -0.000000000000000000, 1.000000000000000000, -0.000000000000000000 ) ) ;
#6603 = CARTESIAN_POINT ( 'NONE',  ( -30.28999999999999204, 2.820913717569120127, 9.349999999999997868 ) ) ;
#6602 =( NAMED_UNIT ( * ) PLANE_ANGLE_UNIT ( ) SI_UNIT ( $, .RADIAN. ) );
#6604 = DIRECTION ( 'NONE',  ( 0.000000000000000000, 0.000000000000000000, 1.000000000000000000 ) ) ;
#6605 = ORIENTED_EDGE ( 'NONE', *, *, #3805, .F. ) ;
#6606 = DIRECTION ( 'NONE',  ( 0.000000000000000000, 1.000000000000000000, 0.000000000000000000 ) ) ;
#6607 = EDGE_CURVE ( 'NONE', #8333, #1004, #9440, .T. ) ;
#6608 = EDGE_CURVE ( 'NONE', #10425, #7924, #4510, .T. ) ;
#6609 = LINE ( 'NONE', #4207, #6155 ) ;
#6610 = PLANE ( 'NONE',  #4447 ) ;
#6611 = DIRECTION ( 'NONE',  ( -0.000000000000000000, 1.000000000000000000, -0.000000000000000000 ) ) ;
#6612 = DIRECTION ( 'NONE',  ( -0.000000000000000000, 1.000000000000000000, -0.000000000000000000 ) ) ;
#6613 = ORIENTED_EDGE ( 'NONE', *, *, #10015, .T. ) ;
#6614 = ORIENTED_EDGE ( 'NONE', *, *, #8455, .F. ) ;
#6615 = EDGE_LOOP ( 'NONE', ( #2044, #3830, #3886, #82 ) ) ;
#6616 = EDGE_CURVE ( 'NONE', #698, #6173, #8671, .T. ) ;
#6617 = CARTESIAN_POINT ( 'NONE',  ( 20.20000000000000995, -29.13279938488576448, 8.349999999999997868 ) ) ;
#6619 = CARTESIAN_POINT ( 'NONE',  ( -35.26554871542300162, 0.1999999999999996503, -8.850000000000058265 ) ) ;
#6618 = CARTESIAN_POINT ( 'NONE',  ( 25.40635347795577559, 0.2531612188914912909, -4.424792786874567341 ) ) ;
#6620 = VERTEX_POINT ( 'NONE', #6805 ) ;
#6621 = CARTESIAN_POINT ( 'NONE',  ( 49.80000000000001137, 11.00000000000000178, -9.500000000000001776 ) ) ;
#6622 = EDGE_CURVE ( 'NONE', #6345, #3960, #1183, .T. ) ;
#6623 = ORIENTED_EDGE ( 'NONE', *, *, #1022, .F. ) ;
#6624 = AXIS2_PLACEMENT_3D ( 'NONE', #4611, #7944, #467 ) ;
#6625 = CARTESIAN_POINT ( 'NONE',  ( 49.80000000000001137, 16.60000000000000142, 9.500000000000000000 ) ) ;
#6626 = ORIENTED_EDGE ( 'NONE', *, *, #4069, .T. ) ;
#6627 = CARTESIAN_POINT ( 'NONE',  ( -40.21146882909597764, 0.000000000000000000, 0.000000000000000000 ) ) ;
#6628 = CARTESIAN_POINT ( 'NONE',  ( -1.549999999999978506, 13.30000000000000071, -13.85000000000015952 ) ) ;
#6629 = ORIENTED_EDGE ( 'NONE', *, *, #9029, .F. ) ;
#6630 = AXIS2_PLACEMENT_3D ( 'NONE', #134, #7703, #9257 ) ;
#6631 = DIRECTION ( 'NONE',  ( 0.8660254037844389297, 0.000000000000000000, 0.4999999999999995559 ) ) ;
#6632 = DIRECTION ( 'NONE',  ( 1.000000000000000000, 0.000000000000000000, 0.000000000000000000 ) ) ;
#6633 = ORIENTED_EDGE ( 'NONE', *, *, #4938, .T. ) ;
#6634 = FACE_OUTER_BOUND ( 'NONE', #4822, .T. ) ;
#6635 = CARTESIAN_POINT ( 'NONE',  ( 30.50000000000001066, 0.2999999999999999889, -2.350000000000004974 ) ) ;
#6636 = FACE_OUTER_BOUND ( 'NONE', #730, .T. ) ;
#6637 = ADVANCED_FACE ( 'NONE', ( #1945, #972 ), #7629, .T. ) ;
#6638 = ORIENTED_EDGE ( 'NONE', *, *, #10586, .T. ) ;
#6639 = CARTESIAN_POINT ( 'NONE',  ( -30.58203748537935240, 5.996123729295902649, -3.614894311984932607 ) ) ;
#6640 = ORIENTED_EDGE ( 'NONE', *, *, #6986, .T. ) ;
#6641 = PLANE ( 'NONE',  #4768 ) ;
#6642 = DIRECTION ( 'NONE',  ( -1.000000000000000000, -0.000000000000000000, -0.000000000000000000 ) ) ;
#6643 = VERTEX_POINT ( 'NONE', #10158 ) ;
#6644 = LINE ( 'NONE', #9234, #9113 ) ;
#6645 = ORIENTED_EDGE ( 'NONE', *, *, #10655, .T. ) ;
#6646 = CARTESIAN_POINT ( 'NONE',  ( 23.10788180854703100, 0.2999999999999999889, 2.783866831501368821 ) ) ;
#6647 = LINE ( 'NONE', #6549, #7409 ) ;
#6648 = EDGE_CURVE ( 'NONE', #914, #7715, #5276, .T. ) ;
#6649 = ADVANCED_FACE ( 'NONE', ( #5223 ), #1845, .T. ) ;
#6650 = VERTEX_POINT ( 'NONE', #2653 ) ;
#6651 = VERTEX_POINT ( 'NONE', #6966 ) ;
#6652 = CARTESIAN_POINT ( 'NONE',  ( 0.000000000000000000, 8.000000000000000000, 0.000000000000000000 ) ) ;
#6654 = FACE_OUTER_BOUND ( 'NONE', #6898, .T. ) ;
#6653 = LINE ( 'NONE', #771, #853 ) ;
#6655 = CYLINDRICAL_SURFACE ( 'NONE', #7255, 0.2000000000000005107 ) ;
#6656 = AXIS2_PLACEMENT_3D ( 'NONE', #5619, #3269, #6593 ) ;
#6657 = VERTEX_POINT ( 'NONE', #10326 ) ;
#6658 = DIRECTION ( 'NONE',  ( 1.000000000000000000, -0.000000000000000000, -0.000000000000000000 ) ) ;
#6659 = DIRECTION ( 'NONE',  ( -0.000000000000000000, 0.000000000000000000, 1.000000000000000000 ) ) ;
#6660 = DIRECTION ( 'NONE',  ( 0.000000000000000000, 0.000000000000000000, -1.000000000000000000 ) ) ;
#6661 = FACE_OUTER_BOUND ( 'NONE', #5075, .T. ) ;
#6662 = PLANE ( 'NONE',  #90 ) ;
#6663 = ORIENTED_EDGE ( 'NONE', *, *, #3781, .F. ) ;
#6664 = VECTOR ( 'NONE', #10815, 1000.000000000000000 ) ;
#6665 = ORIENTED_EDGE ( 'NONE', *, *, #6748, .T. ) ;
#6666 = ADVANCED_FACE ( 'NONE', ( #5985 ), #5173, .F. ) ;
#6667 = VERTEX_POINT ( 'NONE', #7676 ) ;
#6668 = ADVANCED_FACE ( 'NONE', ( #205 ), #3528, .F. ) ;
#6669 = DIRECTION ( 'NONE',  ( -0.000000000000000000, 0.000000000000000000, 1.000000000000000000 ) ) ;
#6671 = CARTESIAN_POINT ( 'NONE',  ( -39.98506879479626974, 0.1999999999999996503, 2.765000000000000124 ) ) ;
#6670 = FACE_OUTER_BOUND ( 'NONE', #5772, .T. ) ;
#6672 = ORIENTED_EDGE ( 'NONE', *, *, #5319, .T. ) ;
#6673 = VECTOR ( 'NONE', #8701, 1000.000000000000114 ) ;
#6674 = ORIENTED_EDGE ( 'NONE', *, *, #1706, .F. ) ;
#6675 = VECTOR ( 'NONE', #2778, 1000.000000000000000 ) ;
#6676 = VECTOR ( 'NONE', #8267, 1000.000000000000000 ) ;
#6677 = DIRECTION ( 'NONE',  ( 1.000000000000000000, 0.000000000000000000, 0.000000000000000000 ) ) ;
#6678 = CARTESIAN_POINT ( 'NONE',  ( -47.04999999999999716, 3.000000000000000000, -8.650000000000002132 ) ) ;
#6679 = CARTESIAN_POINT ( 'NONE',  ( 38.31960222758095824, 0.000000000000000000, 2.684264693320291606 ) ) ;
#6680 = ORIENTED_EDGE ( 'NONE', *, *, #7476, .T. ) ;
#6681 = TOROIDAL_SURFACE ( 'NONE', #10722, 1.500000000000000888, 0.2000000000000000111 ) ;
#6682 = EDGE_CURVE ( 'NONE', #4570, #9526, #4327, .T. ) ;
#6683 = AXIS2_PLACEMENT_3D ( 'NONE', #173, #4314, #6773 ) ;
#6684 = FACE_OUTER_BOUND ( 'NONE', #8501, .T. ) ;
#6685 = DIRECTION ( 'NONE',  ( -1.000000000000000000, 0.000000000000000000, 0.000000000000000000 ) ) ;
#6686 = CARTESIAN_POINT ( 'NONE',  ( -51.81167638289483790, 8.615736358972071685, 4.211455303391357319 ) ) ;
#6687 = CIRCLE ( 'NONE', #10381, 0.8499999999999983125 ) ;
#6688 = CYLINDRICAL_SURFACE ( 'NONE', #3003, 0.5999999999999998668 ) ;
#6689 =( BOUNDED_SURFACE ( )  B_SPLINE_SURFACE ( 3, 2, ( 
 ( #169, #9498, #7847 ),
 ( #9290, #2820, #10010 ),
 ( #1803, #2514, #4308 ),
 ( #10384, #3332, #8673 ) ),
 .UNSPECIFIED., .F., .F., .T. ) 
 B_SPLINE_SURFACE_WITH_KNOTS ( ( 4, 4 ),
 ( 3, 3 ),
 ( 0.000000000000000000, 0.0007827539330232185458 ),
 ( 0.000000000000000000, 1.000000000000000000 ),
 .UNSPECIFIED. ) 
 GEOMETRIC_REPRESENTATION_ITEM ( )  RATIONAL_B_SPLINE_SURFACE ( (
 ( 1.000000000000000000, 0.7071067811865475727, 1.000000000000000000),
 ( 1.000000000000000000, 0.7595966335269002112, 1.000000000000000000),
 ( 1.000000000000000000, 0.8024371557888948514, 1.000000000000000000),
 ( 1.000000000000000000, 0.8371290630494852003, 1.000000000000000000) ) ) 
 REPRESENTATION_ITEM ( '' )  SURFACE ( )  );
#6690 = DIRECTION ( 'NONE',  ( -0.000000000000000000, -0.000000000000000000, 1.000000000000000000 ) ) ;
#6691 = AXIS2_PLACEMENT_3D ( 'NONE', #407, #466, #3024 ) ;
#6692 = AXIS2_PLACEMENT_3D ( 'NONE', #9396, #432, #5230 ) ;
#6693 = DIRECTION ( 'NONE',  ( -1.000000000000000000, -0.000000000000000000, -0.000000000000000000 ) ) ;
#6694 = EDGE_CURVE ( 'NONE', #4254, #3179, #7018, .T. ) ;
#6695 = EDGE_CURVE ( 'NONE', #512, #862, #10382, .T. ) ;
#6696 = ORIENTED_EDGE ( 'NONE', *, *, #4547, .F. ) ;
#6697 = VECTOR ( 'NONE', #3523, 1000.000000000000000 ) ;
#6698 = LINE ( 'NONE', #6587, #2237 ) ;
#6699 = ORIENTED_EDGE ( 'NONE', *, *, #7187, .T. ) ;
#6700 = LINE ( 'NONE', #3372, #5815 ) ;
#6701 = AXIS2_PLACEMENT_3D ( 'NONE', #8653, #7938, #8707 ) ;
#6702 = LINE ( 'NONE', #9946, #6218 ) ;
#6703 = ORIENTED_EDGE ( 'NONE', *, *, #204, .F. ) ;
#6704 = EDGE_CURVE ( 'NONE', #9420, #5096, #6211, .T. ) ;
#6705 = CARTESIAN_POINT ( 'NONE',  ( 29.75000000000002487, 0.2999999999999999889, 3.098623679425835054 ) ) ;
#6706 = ORIENTED_EDGE ( 'NONE', *, *, #8505, .T. ) ;
#6707 = VECTOR ( 'NONE', #274, 1000.000000000000000 ) ;
#6708 = DIRECTION ( 'NONE',  ( 0.000000000000000000, 0.000000000000000000, 1.000000000000000000 ) ) ;
#6709 = CARTESIAN_POINT ( 'NONE',  ( -31.44101788930268171, 2.721234519427554233, 3.615000000000000213 ) ) ;
#6710 = AXIS2_PLACEMENT_3D ( 'NONE', #9927, #9099, #2433 ) ;
#6711 = VERTEX_POINT ( 'NONE', #7184 ) ;
#6712 = ORIENTED_EDGE ( 'NONE', *, *, #8420, .F. ) ;
#6713 = DIRECTION ( 'NONE',  ( 1.000000000000000000, 0.000000000000000000, -1.176083712526649195E-16 ) ) ;
#6714 = CYLINDRICAL_SURFACE ( 'NONE', #5712, 0.2000000000000005107 ) ;
#6715 = VECTOR ( 'NONE', #2948, 1000.000000000000000 ) ;
#6716 = LINE ( 'NONE', #10071, #6385 ) ;
#6717 = ORIENTED_EDGE ( 'NONE', *, *, #1517, .T. ) ;
#6718 = DIRECTION ( 'NONE',  ( -0.000000000000000000, -0.000000000000000000, 1.000000000000000000 ) ) ;
#6719 = ADVANCED_FACE ( 'NONE', ( #8838 ), #2283, .F. ) ;
#6720 = CARTESIAN_POINT ( 'NONE',  ( -19.54999999999997939, 15.10000000000000142, 2.299243657989597051E-15 ) ) ;
#6721 = CARTESIAN_POINT ( 'NONE',  ( -50.77917112000550759, 15.10000000000000142, 9.894693245086291000 ) ) ;
#6722 = LINE ( 'NONE', #5083, #7069 ) ;
#6723 = LINE ( 'NONE', #9640, #1501 ) ;
#6724 = DIRECTION ( 'NONE',  ( -0.000000000000000000, -0.000000000000000000, 1.000000000000000000 ) ) ;
#6725 = EDGE_LOOP ( 'NONE', ( #60, #7132, #2968, #8042 ) ) ;
#6726 = ORIENTED_EDGE ( 'NONE', *, *, #8107, .T. ) ;
#6727 = AXIS2_PLACEMENT_3D ( 'NONE', #2845, #8580, #181 ) ;
#6728 = ORIENTED_EDGE ( 'NONE', *, *, #6565, .F. ) ;
#6729 = CYLINDRICAL_SURFACE ( 'NONE', #9713, 0.3000000000000016542 ) ;
#6731 = CARTESIAN_POINT ( 'NONE',  ( -51.95568058483289775, 7.315219914338446650, 3.641416195902995590 ) ) ;
#6730 = LINE ( 'NONE', #9256, #66 ) ;
#6732 = VERTEX_POINT ( 'NONE', #7845 ) ;
#6733 = AXIS2_PLACEMENT_3D ( 'NONE', #10453, #7802, #2123 ) ;
#6734 = VERTEX_POINT ( 'NONE', #2876 ) ;
#6735 = LINE ( 'NONE', #1724, #9124 ) ;
#6736 = VERTEX_POINT ( 'NONE', #4729 ) ;
#6737 = CARTESIAN_POINT ( 'NONE',  ( -34.44357915404025761, -6.058573835305378367E-16, 3.499768573143335892 ) ) ;
#6738 = FACE_OUTER_BOUND ( 'NONE', #6615, .T. ) ;
#6739 = ORIENTED_EDGE ( 'NONE', *, *, #8349, .F. ) ;
#6740 = ORIENTED_EDGE ( 'NONE', *, *, #9274, .F. ) ;
#6741 = AXIS2_PLACEMENT_3D ( 'NONE', #3920, #3267, #8024 ) ;
#6742 = CARTESIAN_POINT ( 'NONE',  ( -30.28999999999999915, -5.002961977226933143, -3.615000000000000213 ) ) ;
#6743 = CARTESIAN_POINT ( 'NONE',  ( 29.91281813779384890, 0.02221052063481737324, 2.955038092765989166 ) ) ;
#6744 = CARTESIAN_POINT ( 'NONE',  ( -44.29999999999997584, 8.000000000000000000, 0.000000000000000000 ) ) ;
#6745 = DIRECTION ( 'NONE',  ( 1.000000000000000000, 0.000000000000000000, 0.000000000000000000 ) ) ;
#6746 = CARTESIAN_POINT ( 'NONE',  ( -51.54275608861708236, 8.879970655288072834, 4.292343692618050710 ) ) ;
#6747 = EDGE_CURVE ( 'NONE', #7979, #1209, #8009, .T. ) ;
#6748 = EDGE_CURVE ( 'NONE', #5467, #9974, #367, .T. ) ;
#6749 = CARTESIAN_POINT ( 'NONE',  ( 0.000000000000000000, 13.30000000000000071, -14.75000000000000000 ) ) ;
#6750 = VECTOR ( 'NONE', #3745, 1000.000000000000000 ) ;
#6751 = ORIENTED_EDGE ( 'NONE', *, *, #3632, .T. ) ;
#6752 = ORIENTED_EDGE ( 'NONE', *, *, #5944, .F. ) ;
#6753 = LINE ( 'NONE', #2712, #3802 ) ;
#6754 = ORIENTED_EDGE ( 'NONE', *, *, #4218, .F. ) ;
#6755 = VERTEX_POINT ( 'NONE', #3906 ) ;
#6756 = EDGE_CURVE ( 'NONE', #297, #10181, #8893, .T. ) ;
#6757 = CARTESIAN_POINT ( 'NONE',  ( 38.63172798364529825, 0.5000000000000000000, 6.181727983645293634 ) ) ;
#6758 = CARTESIAN_POINT ( 'NONE',  ( 30.50000000000001066, 0.5000000000000000000, -2.350000000000004974 ) ) ;
#6759 = ORIENTED_EDGE ( 'NONE', *, *, #585, .T. ) ;
#6760 = DIRECTION ( 'NONE',  ( -1.000000000000000000, 0.000000000000000000, -0.000000000000000000 ) ) ;
#6761 = ORIENTED_EDGE ( 'NONE', *, *, #6608, .F. ) ;
#6762 = EDGE_CURVE ( 'NONE', #10479, #7628, #6262, .T. ) ;
#6763 = DIRECTION ( 'NONE',  ( 0.000000000000000000, -1.000000000000000000, 0.000000000000000000 ) ) ;
#6764 = ORIENTED_EDGE ( 'NONE', *, *, #3805, .T. ) ;
#6765 = ORIENTED_EDGE ( 'NONE', *, *, #2389, .F. ) ;
#6766 = CARTESIAN_POINT ( 'NONE',  ( -19.54999999999997939, 15.20000000000000462, -11.75000000000000000 ) ) ;
#6767 = VECTOR ( 'NONE', #7732, 1000.000000000000000 ) ;
#6768 = DIRECTION ( 'NONE',  ( -1.000000000000000000, 0.000000000000000000, 0.000000000000000000 ) ) ;
#6769 = FACE_OUTER_BOUND ( 'NONE', #6457, .T. ) ;
#6770 = ORIENTED_EDGE ( 'NONE', *, *, #9685, .F. ) ;
#6771 = DIRECTION ( 'NONE',  ( 0.000000000000000000, 1.000000000000000000, -0.000000000000000000 ) ) ;
#6772 = AXIS2_PLACEMENT_3D ( 'NONE', #7155, #3120, #7868 ) ;
#6773 = DIRECTION ( 'NONE',  ( 0.000000000000000000, 0.000000000000000000, 1.000000000000000000 ) ) ;
#6774 = CARTESIAN_POINT ( 'NONE',  ( 49.80000000000001847, 9.850000000000001421, -3.299999999999999822 ) ) ;
#6775 = DIRECTION ( 'NONE',  ( -1.971236424878464453E-15, -0.000000000000000000, -1.000000000000000000 ) ) ;
#6776 = FACE_OUTER_BOUND ( 'NONE', #9156, .T. ) ;
#6777 = VERTEX_POINT ( 'NONE', #10493 ) ;
#6778 = VECTOR ( 'NONE', #691, 1000.000000000000000 ) ;
#6779 = ORIENTED_EDGE ( 'NONE', *, *, #8928, .T. ) ;
#6780 = EDGE_CURVE ( 'NONE', #455, #1587, #8188, .T. ) ;
#6781 = VERTEX_POINT ( 'NONE', #8722 ) ;
#6782 = CARTESIAN_POINT ( 'NONE',  ( 20.20000000000000995, 0.5000000000000004441, 0.000000000000000000 ) ) ;
#6784 = CARTESIAN_POINT ( 'NONE',  ( -51.83382328136774220, 7.180212457627126454, 3.432738694138889546 ) ) ;
#6783 = CARTESIAN_POINT ( 'NONE',  ( -47.04999999999998295, 6.500000000000000888, 9.499999999999996447 ) ) ;
#6785 = VERTEX_POINT ( 'NONE', #10602 ) ;
#6786 = DIRECTION ( 'NONE',  ( 0.000000000000000000, -1.000000000000000000, 0.000000000000000000 ) ) ;
#6787 = ORIENTED_EDGE ( 'NONE', *, *, #7627, .T. ) ;
#6788 = CARTESIAN_POINT ( 'NONE',  ( 2.459170479469696691, 15.10000000000000142, -14.75000000000000000 ) ) ;
#6789 = DIRECTION ( 'NONE',  ( -0.000000000000000000, 1.000000000000000000, -0.000000000000000000 ) ) ;
#6790 = ORIENTED_EDGE ( 'NONE', *, *, #9646, .T. ) ;
#6791 = ORIENTED_EDGE ( 'NONE', *, *, #8361, .F. ) ;
#6792 = ORIENTED_EDGE ( 'NONE', *, *, #9228, .T. ) ;
#6793 = EDGE_CURVE ( 'NONE', #5688, #4188, #10473, .T. ) ;
#6794 = EDGE_CURVE ( 'NONE', #6734, #3954, #3042, .T. ) ;
#6795 = PLANE ( 'NONE',  #8728 ) ;
#6796 = DIRECTION ( 'NONE',  ( -1.000000000000000000, -0.000000000000000000, -0.000000000000000000 ) ) ;
#6797 = CARTESIAN_POINT ( 'NONE',  ( -35.26554871542300162, 0.1999999999999987899, -2.765000000000000124 ) ) ;
#6798 = DIRECTION ( 'NONE',  ( 1.000000000000000000, 0.000000000000000000, -1.176083712526649195E-16 ) ) ;
#6799 = CARTESIAN_POINT ( 'NONE',  ( -51.50000001717432241, 9.540567522430025704, 3.989152884042876490 ) ) ;
#6800 = CARTESIAN_POINT ( 'NONE',  ( -34.52834772718359346, 0.000000000000000000, -9.050000000000055778 ) ) ;
#6801 = VECTOR ( 'NONE', #6956, 1000.000000000000000 ) ;
#6802 = EDGE_LOOP ( 'NONE', ( #394, #958, #3400, #6706, #6436, #5797 ) ) ;
#6803 = EDGE_CURVE ( 'NONE', #5219, #8788, #3299, .T. ) ;
#6804 = EDGE_CURVE ( 'NONE', #708, #8595, #3471, .T. ) ;
#6805 = CARTESIAN_POINT ( 'NONE',  ( 47.05000000000001137, 0.000000000000000000, -11.75000000000000000 ) ) ;
#6806 = ORIENTED_EDGE ( 'NONE', *, *, #5457, .F. ) ;
#6807 = CARTESIAN_POINT ( 'NONE',  ( 50.54857113690718506, 11.00000000000000178, 12.25000000000000000 ) ) ;
#6808 = PLANE ( 'NONE',  #6911 ) ;
#6809 = DIRECTION ( 'NONE',  ( 0.000000000000000000, 0.000000000000000000, 1.000000000000000000 ) ) ;
#6810 = LINE ( 'NONE', #3271, #9153 ) ;
#6811 = ORIENTED_EDGE ( 'NONE', *, *, #5058, .F. ) ;
#6812 = ORIENTED_EDGE ( 'NONE', *, *, #6484, .F. ) ;
#6813 = ADVANCED_FACE ( 'NONE', ( #6313 ), #10545, .F. ) ;
#6814 = CARTESIAN_POINT ( 'NONE',  ( -35.06554871542299878, 0.000000000000000000, -2.765000000000000124 ) ) ;
#6815 = DIRECTION ( 'NONE',  ( 0.000000000000000000, 1.000000000000000000, -0.000000000000000000 ) ) ;
#6816 = CARTESIAN_POINT ( 'NONE',  ( 37.00000000000001421, 1.000000000000000000, 0.000000000000000000 ) ) ;
#6817 = VERTEX_POINT ( 'NONE', #9777 ) ;
#6818 = CARTESIAN_POINT ( 'NONE',  ( 0.000000000000000000, 3.000000000000000000, -11.75000000000000355 ) ) ;
#6819 = DIRECTION ( 'NONE',  ( -0.000000000000000000, -1.000000000000000000, -0.000000000000000000 ) ) ;
#6820 = CARTESIAN_POINT ( 'NONE',  ( 35.29931454692331982, 8.470329472543007243E-19, -0.1771536671050556455 ) ) ;
#6821 = DIRECTION ( 'NONE',  ( 3.154042683594191669E-16, 0.000000000000000000, -1.000000000000000000 ) ) ;
#6822 = CARTESIAN_POINT ( 'NONE',  ( -31.11939691791956974, 0.1293615736281126527, -20.34067203111831290 ) ) ;
#6823 = EDGE_CURVE ( 'NONE', #3972, #7690, #6600, .T. ) ;
#6824 = ORIENTED_EDGE ( 'NONE', *, *, #7496, .T. ) ;
#6825 = EDGE_LOOP ( 'NONE', ( #6880, #6055, #5304, #3090 ) ) ;
#6826 = ORIENTED_EDGE ( 'NONE', *, *, #1759, .T. ) ;
#6827 = EDGE_CURVE ( 'NONE', #9086, #2432, #9165, .T. ) ;
#6828 = AXIS2_PLACEMENT_3D ( 'NONE', #269, #8782, #3800 ) ;
#6829 = DIRECTION ( 'NONE',  ( 0.000000000000000000, 0.000000000000000000, -1.000000000000000000 ) ) ;
#6831 = DIRECTION ( 'NONE',  ( -0.000000000000000000, -1.000000000000000000, -0.000000000000000000 ) ) ;
#6830 = CARTESIAN_POINT ( 'NONE',  ( -22.78676428111940666, 11.00000000000000178, 14.75000000000000000 ) ) ;
#6832 = ORIENTED_EDGE ( 'NONE', *, *, #6209, .F. ) ;
#6833 = EDGE_CURVE ( 'NONE', #1169, #3773, #7452, .T. ) ;
#6834 = CARTESIAN_POINT ( 'NONE',  ( -51.89854327958184399, 7.876850872607872311, -4.119842274477549360 ) ) ;
#6835 = VECTOR ( 'NONE', #9545, 1000.000000000000000 ) ;
#6836 = ORIENTED_EDGE ( 'NONE', *, *, #8127, .T. ) ;
#6837 = CIRCLE ( 'NONE', #1256, 0.2888330770816419091 ) ;
#6838 = DIRECTION ( 'NONE',  ( 0.000000000000000000, -0.000000000000000000, 1.000000000000000000 ) ) ;
#6839 = PLANE ( 'NONE',  #3216 ) ;
#6840 = ORIENTED_EDGE ( 'NONE', *, *, #383, .T. ) ;
#6841 = ORIENTED_EDGE ( 'NONE', *, *, #3599, .T. ) ;
#6842 = ORIENTED_EDGE ( 'NONE', *, *, #9970, .T. ) ;
#6843 = LINE ( 'NONE', #7778, #530 ) ;
#6844 = VECTOR ( 'NONE', #2852, 1000.000000000000000 ) ;
#6845 = AXIS2_PLACEMENT_3D ( 'NONE', #440, #333, #7146 ) ;
#6846 = DIRECTION ( 'NONE',  ( -0.9396926207859080948, 0.000000000000000000, -0.3420201433256697676 ) ) ;
#6847 = DIRECTION ( 'NONE',  ( -3.469446951953609456E-15, 0.000000000000000000, 1.000000000000000000 ) ) ;
#6848 = FACE_OUTER_BOUND ( 'NONE', #8874, .T. ) ;
#6849 = EDGE_CURVE ( 'NONE', #4188, #1314, #7478, .T. ) ;
#6850 = CARTESIAN_POINT ( 'NONE',  ( 47.04999999999999716, 3.000000000000000000, 9.500000000000000000 ) ) ;
#6851 = ADVANCED_FACE ( 'NONE', ( #6684 ), #5765, .T. ) ;
#6852 = ORIENTED_EDGE ( 'NONE', *, *, #1792, .F. ) ;
#6853 = CARTESIAN_POINT ( 'NONE',  ( 51.50000000000001421, 11.00000000000000178, 4.000000000000000000 ) ) ;
#6854 = CIRCLE ( 'NONE', #7728, 0.2888330770816384119 ) ;
#6855 = CIRCLE ( 'NONE', #10526, 9.300000000000013145 ) ;
#6856 = ORIENTED_EDGE ( 'NONE', *, *, #10599, .T. ) ;
#6857 = CIRCLE ( 'NONE', #73, 6.166261152084816288 ) ;
#6858 = DIRECTION ( 'NONE',  ( 0.000000000000000000, 0.000000000000000000, 1.000000000000000000 ) ) ;
#6859 = EDGE_LOOP ( 'NONE', ( #9643, #7302, #4115, #1056, #9823, #6934 ) ) ;
#6860 = LINE ( 'NONE', #9442, #10014 ) ;
#6861 = AXIS2_PLACEMENT_3D ( 'NONE', #5, #5030, #4154 ) ;
#6862 = CYLINDRICAL_SURFACE ( 'NONE', #7265, 0.2888330770816384119 ) ;
#6863 = AXIS2_PLACEMENT_3D ( 'NONE', #4640, #7973, #9681 ) ;
#6864 = CARTESIAN_POINT ( 'NONE',  ( 38.63172798364529825, 5.400000000000000355, 6.181727983645293634 ) ) ;
#6865 = CARTESIAN_POINT ( 'NONE',  ( -35.06554871542299878, 0.000000000000000000, 8.549999999999998934 ) ) ;
#6866 = EDGE_CURVE ( 'NONE', #5407, #6445, #4838, .T. ) ;
#6867 = VECTOR ( 'NONE', #9541, 1000.000000000000000 ) ;
#6868 = ORIENTED_EDGE ( 'NONE', *, *, #1251, .F. ) ;
#6869 = AXIS2_PLACEMENT_3D ( 'NONE', #8123, #577, #5494 ) ;
#6870 = VERTEX_POINT ( 'NONE', #5874 ) ;
#6871 = DIRECTION ( 'NONE',  ( 0.000000000000000000, 0.000000000000000000, -1.000000000000000000 ) ) ;
#6872 = CARTESIAN_POINT ( 'NONE',  ( -30.58999999999999275, 0.5000000000000004441, -3.315000000000000391 ) ) ;
#6873 = ORIENTED_EDGE ( 'NONE', *, *, #8363, .F. ) ;
#6874 = DIRECTION ( 'NONE',  ( -0.000000000000000000, -0.000000000000000000, 1.000000000000000000 ) ) ;
#6875 = CIRCLE ( 'NONE', #7401, 1.300000000000000711 ) ;
#6876 = LINE ( 'NONE', #1911, #10190 ) ;
#6877 = CARTESIAN_POINT ( 'NONE',  ( 35.49937047899921794, 0.09795398803915233987, -0.2431603510190415707 ) ) ;
#6878 = CARTESIAN_POINT ( 'NONE',  ( 9.017579849446690332, -0.0009999999999999158867, -15.61890646055099907 ) ) ;
#6879 = EDGE_CURVE ( 'NONE', #4197, #9235, #5168, .T. ) ;
#6880 = ORIENTED_EDGE ( 'NONE', *, *, #4018, .F. ) ;
#6881 = VERTEX_POINT ( 'NONE', #850 ) ;
#6882 = VECTOR ( 'NONE', #4817, 1000.000000000000000 ) ;
#6883 = CARTESIAN_POINT ( 'NONE',  ( 38.31960222758095824, 0.000000000000000000, 2.684264693320291606 ) ) ;
#6885 = DIRECTION ( 'NONE',  ( -0.000000000000000000, 1.000000000000000000, -0.000000000000000000 ) ) ;
#6884 = CARTESIAN_POINT ( 'NONE',  ( -47.04999999999999716, 3.000000000000000000, 8.649999999999993250 ) ) ;
#6886 = ORIENTED_EDGE ( 'NONE', *, *, #5894, .F. ) ;
#6887 = ORIENTED_EDGE ( 'NONE', *, *, #7727, .T. ) ;
#6888 = EDGE_CURVE ( 'NONE', #6070, #4397, #9104, .T. ) ;
#6889 = ORIENTED_EDGE ( 'NONE', *, *, #9571, .F. ) ;
#6890 = CARTESIAN_POINT ( 'NONE',  ( -51.91670038755147942, 7.600715368230721580, -3.955779289759068007 ) ) ;
#6891 = CARTESIAN_POINT ( 'NONE',  ( -51.88850009812076536, 8.613657360593169443, 4.211792455234386168 ) ) ;
#6892 = EDGE_CURVE ( 'NONE', #3620, #131, #8129, .T. ) ;
#6893 = EDGE_LOOP ( 'NONE', ( #2840, #919, #7910, #9903 ) ) ;
#6894 = DIRECTION ( 'NONE',  ( 0.000000000000000000, 1.000000000000000000, -0.000000000000000000 ) ) ;
#6895 = DIRECTION ( 'NONE',  ( -0.000000000000000000, 1.000000000000000000, -0.000000000000000000 ) ) ;
#6897 = ORIENTED_EDGE ( 'NONE', *, *, #1569, .F. ) ;
#6896 = AXIS2_PLACEMENT_3D ( 'NONE', #6617, #3344, #6669 ) ;
#6898 = EDGE_LOOP ( 'NONE', ( #576, #890, #7055, #7450 ) ) ;
#6899 = ORIENTED_EDGE ( 'NONE', *, *, #2078, .F. ) ;
#6900 = VERTEX_POINT ( 'NONE', #799 ) ;
#6901 = EDGE_CURVE ( 'NONE', #7820, #9002, #6472, .T. ) ;
#6902 = VECTOR ( 'NONE', #7856, 1000.000000000000000 ) ;
#6903 = CARTESIAN_POINT ( 'NONE',  ( 0.000000000000000000, 16.60000000000000142, -12.25000000000000178 ) ) ;
#6904 = DIRECTION ( 'NONE',  ( -0.8660254037843664321, 0.000000000000000000, -0.5000000000001250111 ) ) ;
#6905 = DIRECTION ( 'NONE',  ( -0.000000000000000000, -0.000000000000000000, 1.000000000000000000 ) ) ;
#6906 = CARTESIAN_POINT ( 'NONE',  ( -47.04999999999998295, 8.000000000000000000, -12.25000000000000178 ) ) ;
#6907 = CARTESIAN_POINT ( 'NONE',  ( 25.70068545307669439, -4.209753747853873671E-16, -0.1771536671048795919 ) ) ;
#6908 = ORIENTED_EDGE ( 'NONE', *, *, #4083, .T. ) ;
#6909 = CARTESIAN_POINT ( 'NONE',  ( -46.74749843554380391, 15.10000000000000142, -13.25000000000000178 ) ) ;
#6910 = CARTESIAN_POINT ( 'NONE',  ( -19.54999999999997939, 9.000000000000001776, 13.55000000000000249 ) ) ;
#6911 = AXIS2_PLACEMENT_3D ( 'NONE', #8353, #10161, #4963 ) ;
#6912 = VERTEX_POINT ( 'NONE', #9052 ) ;
#6913 = EDGE_CURVE ( 'NONE', #4076, #752, #3254, .T. ) ;
#6914 = ADVANCED_FACE ( 'NONE', ( #4064 ), #6084, .T. ) ;
#6915 = CARTESIAN_POINT ( 'NONE',  ( 9.519658948938198861, 5.500000000000000000, 10.25000000000000178 ) ) ;
#6916 = EDGE_LOOP ( 'NONE', ( #5332, #2219, #8792, #5452 ) ) ;
#6917 = CARTESIAN_POINT ( 'NONE',  ( 1.050000000000021361, 13.30000000000000071, -13.35000000000015774 ) ) ;
#6918 = CARTESIAN_POINT ( 'NONE',  ( -22.34999999999997655, 11.00000000000000178, -13.55000000000000249 ) ) ;
#6919 = AXIS2_PLACEMENT_3D ( 'NONE', #1490, #3872, #4810 ) ;
#6920 = DIRECTION ( 'NONE',  ( -0.000000000000000000, 0.000000000000000000, 1.000000000000000000 ) ) ;
#6921 = PLANE ( 'NONE',  #7222 ) ;
#6922 = ADVANCED_FACE ( 'NONE', ( #9220 ), #3197, .T. ) ;
#6923 = VECTOR ( 'NONE', #2396, 1000.000000000000000 ) ;
#6924 = ADVANCED_FACE ( 'NONE', ( #3308 ), #6528, .T. ) ;
#6925 = ORIENTED_EDGE ( 'NONE', *, *, #3989, .T. ) ;
#6926 = DIRECTION ( 'NONE',  ( -1.000000000000000000, 0.000000000000000000, 0.000000000000000000 ) ) ;
#6927 = CARTESIAN_POINT ( 'NONE',  ( 30.50000000000001066, 0.2999999999999999889, -2.350000000000004974 ) ) ;
#6928 = ORIENTED_EDGE ( 'NONE', *, *, #4124, .F. ) ;
#6929 = CARTESIAN_POINT ( 'NONE',  ( -1.549999999999982059, 15.10000000000000142, -14.75000000000000178 ) ) ;
#6930 = DIRECTION ( 'NONE',  ( 0.000000000000000000, -0.000000000000000000, -1.000000000000000000 ) ) ;
#6931 = DIRECTION ( 'NONE',  ( 0.000000000000000000, 0.000000000000000000, 1.000000000000000000 ) ) ;
#6932 = DIRECTION ( 'NONE',  ( 0.000000000000000000, 1.000000000000000000, -1.239088197126290817E-16 ) ) ;
#6933 = DIRECTION ( 'NONE',  ( -1.000000000000000000, -0.000000000000000000, 4.476705744456300993E-16 ) ) ;
#6934 = ORIENTED_EDGE ( 'NONE', *, *, #8980, .F. ) ;
#6935 = ORIENTED_EDGE ( 'NONE', *, *, #1991, .F. ) ;
#6936 = LINE ( 'NONE', #1097, #3930 ) ;
#6937 = EDGE_CURVE ( 'NONE', #8610, #6755, #9879, .T. ) ;
#6938 = EDGE_CURVE ( 'NONE', #7864, #4555, #3358, .T. ) ;
#6940 = CARTESIAN_POINT ( 'NONE',  ( -31.60047529527845001, 3.276389878762281160, 3.615000000000000213 ) ) ;
#6939 = DIRECTION ( 'NONE',  ( 0.000000000000000000, 1.000000000000000000, 2.891205793294676354E-16 ) ) ;
#6941 = ORIENTED_EDGE ( 'NONE', *, *, #9782, .T. ) ;
#6942 = ORIENTED_EDGE ( 'NONE', *, *, #4985, .F. ) ;
#6943 = ORIENTED_EDGE ( 'NONE', *, *, #5129, .F. ) ;
#6944 = DIRECTION ( 'NONE',  ( 0.000000000000000000, -0.000000000000000000, 1.000000000000000000 ) ) ;
#6945 = LINE ( 'NONE', #4490, #497 ) ;
#6946 = AXIS2_PLACEMENT_3D ( 'NONE', #4913, #7419, #9070 ) ;
#6947 = ORIENTED_EDGE ( 'NONE', *, *, #7623, .F. ) ;
#6948 = FACE_OUTER_BOUND ( 'NONE', #7489, .T. ) ;
#6949 = ORIENTED_EDGE ( 'NONE', *, *, #6476, .F. ) ;
#6950 = ORIENTED_EDGE ( 'NONE', *, *, #618, .T. ) ;
#6951 = PRODUCT_DEFINITION_FORMATION_WITH_SPECIFIED_SOURCE ( 'ה»', '', #3166, .NOT_KNOWN. ) ;
#6952 = ORIENTED_EDGE ( 'NONE', *, *, #10740, .T. ) ;
#6953 = ORIENTED_EDGE ( 'NONE', *, *, #8968, .F. ) ;
#6954 = EDGE_CURVE ( 'NONE', #5534, #1013, #28, .T. ) ;
#6955 = EDGE_CURVE ( 'NONE', #5493, #6410, #10651, .T. ) ;
#6956 = DIRECTION ( 'NONE',  ( -0.000000000000000000, 1.000000000000000000, -0.000000000000000000 ) ) ;
#6957 = FACE_OUTER_BOUND ( 'NONE', #3661, .T. ) ;
#6958 = CARTESIAN_POINT ( 'NONE',  ( -51.95568058483290486, 7.315219914338446650, 3.641416195902996034 ) ) ;
#6959 = SURFACE_STYLE_USAGE ( .BOTH. , #7008 ) ;
#6960 = FACE_OUTER_BOUND ( 'NONE', #2957, .T. ) ;
#6961 = AXIS2_PLACEMENT_3D ( 'NONE', #4145, #1698, #2405 ) ;
#6962 = ORIENTED_EDGE ( 'NONE', *, *, #10426, .F. ) ;
#6963 = CARTESIAN_POINT ( 'NONE',  ( -30.28999999999999915, 2.962546153897574808, 8.408476325646629945 ) ) ;
#6964 = DIRECTION ( 'NONE',  ( 1.000000000000000000, 0.000000000000000000, 0.000000000000000000 ) ) ;
#6965 = ORIENTED_EDGE ( 'NONE', *, *, #8226, .T. ) ;
#6966 = CARTESIAN_POINT ( 'NONE',  ( -40.21146882909597764, 0.000000000000000000, 2.965000000000000302 ) ) ;
#6967 = ORIENTED_EDGE ( 'NONE', *, *, #9450, .F. ) ;
#6968 = LINE ( 'NONE', #1184, #249 ) ;
#6969 = CARTESIAN_POINT ( 'NONE',  ( 50.39065861769802268, 11.00000000000000178, -13.55000000000000249 ) ) ;
#6970 = VERTEX_POINT ( 'NONE', #10202 ) ;
#6971 = CYLINDRICAL_SURFACE ( 'NONE', #10164, 0.2888330770816384119 ) ;
#6972 = LINE ( 'NONE', #6048, #2860 ) ;
#6973 = AXIS2_PLACEMENT_3D ( 'NONE', #6742, #9429, #2642 ) ;
#6974 = EDGE_CURVE ( 'NONE', #9240, #7153, #10150, .T. ) ;
#6975 = B_SPLINE_CURVE_WITH_KNOTS ( 'NONE', 3,
 ( #1431, #7049, #6286, #9632, #3005, #4752, #450, #10409 ),
 .UNSPECIFIED., .F., .F.,
 ( 4, 2, 2, 4 ),
 ( -3.466145320679933479E-06, 0.0002882777914485978800, 0.0004341497598332367961, 0.0005800217282178757663 ),
 .UNSPECIFIED. ) ;
#6976 = ORIENTED_EDGE ( 'NONE', *, *, #8520, .T. ) ;
#6977 = CIRCLE ( 'NONE', #1050, 2.000000000000000000 ) ;
#6978 = DIRECTION ( 'NONE',  ( 0.000000000000000000, 0.000000000000000000, 1.000000000000000000 ) ) ;
#6979 = CARTESIAN_POINT ( 'NONE',  ( -35.06554871542299878, 0.2000000000000000944, -2.765000000000000124 ) ) ;
#6980 = ORIENTED_EDGE ( 'NONE', *, *, #3346, .F. ) ;
#6981 = LINE ( 'NONE', #4693, #10365 ) ;
#6982 = LINE ( 'NONE', #1086, #1635 ) ;
#6983 = ADVANCED_FACE ( 'NONE', ( #5262 ), #92, .T. ) ;
#6984 = CARTESIAN_POINT ( 'NONE',  ( 40.80000000000001137, 8.000000000000000000, 8.349999999999997868 ) ) ;
#6985 = FACE_BOUND ( 'NONE', #2745, .T. ) ;
#6986 = EDGE_CURVE ( 'NONE', #5520, #9898, #10314, .T. ) ;
#6987 = DIRECTION ( 'NONE',  ( 1.000000000000000000, 0.000000000000000000, 0.000000000000000000 ) ) ;
#6988 = ORIENTED_EDGE ( 'NONE', *, *, #5651, .F. ) ;
#6989 = VERTEX_POINT ( 'NONE', #2700 ) ;
#6990 = CARTESIAN_POINT ( 'NONE',  ( 49.80000000000001847, 11.35000000000000142, 1.700000000000000178 ) ) ;
#6992 = CARTESIAN_POINT ( 'NONE',  ( -30.28999999999999204, 3.149238428439219639, -9.849999960218591255 ) ) ;
#6991 = DIRECTION ( 'NONE',  ( 0.000000000000000000, 1.000000000000000000, -0.000000000000000000 ) ) ;
#6993 = ORIENTED_EDGE ( 'NONE', *, *, #1139, .F. ) ;
#6994 = ORIENTED_EDGE ( 'NONE', *, *, #8290, .F. ) ;
#6995 = ORIENTED_EDGE ( 'NONE', *, *, #6340, .T. ) ;
#6996 = CARTESIAN_POINT ( 'NONE',  ( -51.91523654977520863, 9.203877212248041673, -3.968630669091287366 ) ) ;
#6997 = CARTESIAN_POINT ( 'NONE',  ( 2.459170479469696691, 13.30000000000000071, 14.75000000000000000 ) ) ;
#6998 = CARTESIAN_POINT ( 'NONE',  ( -40.08977263648107225, 17.60100000000000264, 3.615000000000000213 ) ) ;
#6999 = CARTESIAN_POINT ( 'NONE',  ( -1.549999999999978506, 13.30000000000000071, 13.85000000000015952 ) ) ;
#7000 = EDGE_CURVE ( 'NONE', #1104, #7748, #2965, .T. ) ;
#7001 = ORIENTED_EDGE ( 'NONE', *, *, #10371, .F. ) ;
#7002 = EDGE_CURVE ( 'NONE', #8915, #6371, #1221, .T. ) ;
#7003 = ORIENTED_EDGE ( 'NONE', *, *, #4093, .T. ) ;
#7004 = VERTEX_POINT ( 'NONE', #5973 ) ;
#7005 = PLANE ( 'NONE',  #4185 ) ;
#7006 = CARTESIAN_POINT ( 'NONE',  ( -40.06980179287453581, 0.03950539805616428563, 3.556667036221440537 ) ) ;
#7007 = CARTESIAN_POINT ( 'NONE',  ( 52.30100000000003746, 7.099999999999998757, 2.924999999999948752 ) ) ;
#7008 = SURFACE_SIDE_STYLE ('',( #5215 ) ) ;
#7009 = AXIS2_PLACEMENT_3D ( 'NONE', #1177, #4553, #4501 ) ;
#7010 = DIRECTION ( 'NONE',  ( 0.000000000000000000, 1.000000000000000000, -0.000000000000000000 ) ) ;
#7011 = ORIENTED_EDGE ( 'NONE', *, *, #4602, .T. ) ;
#7012 = CARTESIAN_POINT ( 'NONE',  ( -31.28999999999999204, 3.179086282430880317, 8.349999999999996092 ) ) ;
#7013 = CARTESIAN_POINT ( 'NONE',  ( 9.030766330820459206E-15, 0.1999999999999996503, -8.850000000000020961 ) ) ;
#7014 = ADVANCED_FACE ( 'NONE', ( #7717 ), #1059, .F. ) ;
#7015 = CIRCLE ( 'NONE', #5451, 0.5999999999999998668 ) ;
#7016 = ORIENTED_EDGE ( 'NONE', *, *, #4272, .F. ) ;
#7017 = AXIS2_PLACEMENT_3D ( 'NONE', #5005, #4181, #2645 ) ;
#7018 = LINE ( 'NONE', #4561, #9937 ) ;
#7019 = DIRECTION ( 'NONE',  ( 1.000000000000000000, 0.000000000000000000, 0.000000000000000000 ) ) ;
#7020 = DIRECTION ( 'NONE',  ( 0.000000000000000000, 0.000000000000000000, -1.000000000000000000 ) ) ;
#7021 = EDGE_CURVE ( 'NONE', #9663, #2280, #5924, .T. ) ;
#7022 = CARTESIAN_POINT ( 'NONE',  ( -19.54999999999997939, 17.60000000000000142, -13.55000000000000604 ) ) ;
#7023 = AXIS2_PLACEMENT_3D ( 'NONE', #9247, #8475, #8222 ) ;
#7024 = VECTOR ( 'NONE', #8853, 1000.000000000000000 ) ;
#7025 = CARTESIAN_POINT ( 'NONE',  ( -35.26554871542300162, 0.2000000000000000111, 8.349999999999997868 ) ) ;
#7026 = AXIS2_PLACEMENT_3D ( 'NONE', #7435, #4269, #5955 ) ;
#7027 = EDGE_CURVE ( 'NONE', #5467, #273, #1835, .T. ) ;
#7028 = VECTOR ( 'NONE', #1078, 1000.000000000000000 ) ;
#7029 = AXIS2_PLACEMENT_3D ( 'NONE', #2517, #4718, #4978 ) ;
#7030 = ORIENTED_EDGE ( 'NONE', *, *, #3931, .T. ) ;
#7031 = VECTOR ( 'NONE', #1536, 1000.000000000000000 ) ;
#7032 = EDGE_CURVE ( 'NONE', #1350, #2403, #146, .T. ) ;
#7033 = FACE_OUTER_BOUND ( 'NONE', #2874, .T. ) ;
#7034 = DIRECTION ( 'NONE',  ( 1.692413147294446216E-16, 0.000000000000000000, 1.000000000000000000 ) ) ;
#7035 = ORIENTED_EDGE ( 'NONE', *, *, #10650, .T. ) ;
#7036 = CARTESIAN_POINT ( 'NONE',  ( -51.75526305257702830, 7.633145352280578777, 4.070482360731036309 ) ) ;
#7037 =( BOUNDED_CURVE ( )  B_SPLINE_CURVE ( 3, ( #8150, #2512, #10727, #9800 ),
 .UNSPECIFIED., .F., .T. ) 
 B_SPLINE_CURVE_WITH_KNOTS ( ( 4, 4 ),
 ( 3.141592653589793116, 4.712388980384690562 ),
 .UNSPECIFIED. ) 
 CURVE ( )  GEOMETRIC_REPRESENTATION_ITEM ( )  RATIONAL_B_SPLINE_CURVE ( ( 1.000000000000000000, 0.8047378541243648264, 0.8047378541243648264, 1.000000000000000000 ) ) 
 REPRESENTATION_ITEM ( '' )  );
#7038 = CARTESIAN_POINT ( 'NONE',  ( -31.44101788930268171, 2.721234519427554233, -3.615000000000000213 ) ) ;
#7039 = PLANE ( 'NONE',  #4622 ) ;
#7040 = VECTOR ( 'NONE', #7835, 1000.000000000000000 ) ;
#7041 = AXIS2_PLACEMENT_3D ( 'NONE', #8845, #10606, #6319 ) ;
#7042 = CARTESIAN_POINT ( 'NONE',  ( 37.89211819145300808, 0.2999999999999999889, 2.783866831501330630 ) ) ;
#7043 = VERTEX_POINT ( 'NONE', #4227 ) ;
#7044 = CIRCLE ( 'NONE', #4082, 0.2888330770816419091 ) ;
#7045 = ORIENTED_EDGE ( 'NONE', *, *, #2582, .F. ) ;
#7046 = ORIENTED_EDGE ( 'NONE', *, *, #8226, .F. ) ;
#7047 = ADVANCED_FACE ( 'NONE', ( #1780 ), #6795, .T. ) ;
#7048 = LINE ( 'NONE', #1377, #10421 ) ;
#7050 = FACE_OUTER_BOUND ( 'NONE', #7280, .T. ) ;
#7049 = CARTESIAN_POINT ( 'NONE',  ( 22.25783969873335977, 3.811648262644349985E-18, 1.811545626786746910 ) ) ;
#7051 = VECTOR ( 'NONE', #4898, 1000.000000000000000 ) ;
#7052 = ORIENTED_EDGE ( 'NONE', *, *, #10427, .T. ) ;
#7053 = VERTEX_POINT ( 'NONE', #5106 ) ;
#7054 = EDGE_LOOP ( 'NONE', ( #2695, #8041, #3629, #1178 ) ) ;
#7055 = ORIENTED_EDGE ( 'NONE', *, *, #9463, .F. ) ;
#7056 = CARTESIAN_POINT ( 'NONE',  ( -51.88851084445224870, 8.185779421546708789, -4.211694383884716508 ) ) ;
#7057 = DIRECTION ( 'NONE',  ( 0.000000000000000000, 0.000000000000000000, 1.000000000000000000 ) ) ;
#7058 = CARTESIAN_POINT ( 'NONE',  ( -22.78676428111940311, 13.30000000000000071, -14.74999999999999645 ) ) ;
#7059 = CARTESIAN_POINT ( 'NONE',  ( -51.81258374207988027, 7.975430471669860744, -4.158469840024045183 ) ) ;
#7060 = ORIENTED_EDGE ( 'NONE', *, *, #7805, .F. ) ;
#7061 = ORIENTED_EDGE ( 'NONE', *, *, #2229, .F. ) ;
#7062 = ORIENTED_EDGE ( 'NONE', *, *, #6762, .T. ) ;
#7063 = ADVANCED_FACE ( 'NONE', ( #6031 ), #3516, .T. ) ;
#7064 = DIRECTION ( 'NONE',  ( 1.000000000000000000, 0.000000000000000000, 0.000000000000000000 ) ) ;
#7066 = CARTESIAN_POINT ( 'NONE',  ( -51.78796951423591821, 7.063854458135589098, 3.486806783907450136 ) ) ;
#7065 = CARTESIAN_POINT ( 'NONE',  ( -40.03434658500975019, 0.1071145293931484166, -20.34067203111831290 ) ) ;
#7067 = CARTESIAN_POINT ( 'NONE',  ( 30.04999999999998650, 0.000000000000000000, -7.530492254602827451 ) ) ;
#7068 = FILL_AREA_STYLE_COLOUR ( '', #8429 ) ;
#7069 = VECTOR ( 'NONE', #126, 1000.000000000000000 ) ;
#7070 = CARTESIAN_POINT ( 'NONE',  ( 30.50000000000001066, 1.000000000000000000, -2.350000000000004974 ) ) ;
#7071 = CARTESIAN_POINT ( 'NONE',  ( 38.63172798364529825, 5.400000000000000355, 6.181727983645293634 ) ) ;
#7072 = ORIENTED_EDGE ( 'NONE', *, *, #9738, .T. ) ;
#7073 = LINE ( 'NONE', #1347, #8800 ) ;
#7074 = CYLINDRICAL_SURFACE ( 'NONE', #9859, 0.7999999999999997113 ) ;
#7075 = ORIENTED_EDGE ( 'NONE', *, *, #8317, .T. ) ;
#7076 = ORIENTED_EDGE ( 'NONE', *, *, #7486, .T. ) ;
#7077 = CIRCLE ( 'NONE', #7948, 2.400000000000000799 ) ;
#7078 = DIRECTION ( 'NONE',  ( -1.000000000000000000, 0.000000000000000000, -3.154042683594192162E-16 ) ) ;
#7079 = CARTESIAN_POINT ( 'NONE',  ( 44.85000000000002984, 8.000000000000000000, 0.000000000000000000 ) ) ;
#7081 = EDGE_CURVE ( 'NONE', #8033, #3325, #253, .T. ) ;
#7080 = CARTESIAN_POINT ( 'NONE',  ( -51.79999999999998295, 6.899999999999998579, -2.924999999999996270 ) ) ;
#7082 = EDGE_CURVE ( 'NONE', #4747, #7482, #6456, .T. ) ;
#7083 = FACE_OUTER_BOUND ( 'NONE', #504, .T. ) ;
#7084 = CARTESIAN_POINT ( 'NONE',  ( -31.11939691791956974, 0.5000000000000004441, 8.364660166041852918 ) ) ;
#7085 = VECTOR ( 'NONE', #6604, 1000.000000000000000 ) ;
#7086 = CARTESIAN_POINT ( 'NONE',  ( 44.80000000000001847, 8.000000000000000000, -12.25000000000000000 ) ) ;
#7087 = ORIENTED_EDGE ( 'NONE', *, *, #3273, .F. ) ;
#7088 = EDGE_CURVE ( 'NONE', #1004, #6345, #6843, .T. ) ;
#7089 = VERTEX_POINT ( 'NONE', #195 ) ;
#7090 = CARTESIAN_POINT ( 'NONE',  ( -52.75099999999998346, 11.34999999999999964, 3.299999999999999378 ) ) ;
#7091 = EDGE_CURVE ( 'NONE', #8441, #2581, #2443, .T. ) ;
#7092 = DIRECTION ( 'NONE',  ( 0.8660254037844390407, 0.000000000000000000, -0.4999999999999995004 ) ) ;
#7093 = VERTEX_POINT ( 'NONE', #6135 ) ;
#7094 = DIRECTION ( 'NONE',  ( -1.176083712526649195E-16, 0.000000000000000000, -1.000000000000000000 ) ) ;
#7095 = CARTESIAN_POINT ( 'NONE',  ( -50.79999999999998295, 16.60000000000000142, -9.500000000000001776 ) ) ;
#7096 = CARTESIAN_POINT ( 'NONE',  ( -25.04999999999997939, 13.30000000000000071, 13.54999999999999893 ) ) ;
#7097 = CARTESIAN_POINT ( 'NONE',  ( -35.06554871542299878, 0.000000000000000000, -3.415000000000000036 ) ) ;
#7098 = ORIENTED_EDGE ( 'NONE', *, *, #9426, .F. ) ;
#7099 = B_SPLINE_CURVE_WITH_KNOTS ( 'NONE', 3,
 ( #3272, #8359, #9238, #924 ),
 .UNSPECIFIED., .F., .F.,
 ( 4, 4 ),
 ( 0.0004608189856411151579, 0.0004686829255822913629 ),
 .UNSPECIFIED. ) ;
#7100 = ORIENTED_EDGE ( 'NONE', *, *, #855, .F. ) ;
#7101 = ORIENTED_EDGE ( 'NONE', *, *, #912, .F. ) ;
#7102 = DIRECTION ( 'NONE',  ( -2.523234146875355998E-16, 0.000000000000000000, -1.000000000000000000 ) ) ;
#7104 = CARTESIAN_POINT ( 'NONE',  ( -47.04999999999998295, 16.60000000000000142, 9.499999999999998224 ) ) ;
#7103 = FACE_OUTER_BOUND ( 'NONE', #10519, .T. ) ;
#7105 = ORIENTED_EDGE ( 'NONE', *, *, #1042, .F. ) ;
#7106 = EDGE_LOOP ( 'NONE', ( #4703, #8479, #8494, #9203, #6841, #9785 ) ) ;
#7107 = VERTEX_POINT ( 'NONE', #1731 ) ;
#7108 = ORIENTED_EDGE ( 'NONE', *, *, #7295, .F. ) ;
#7109 = CARTESIAN_POINT ( 'NONE',  ( -31.27472780755320869, 0.2000000000000000111, -20.34067203111831290 ) ) ;
#7110 = CARTESIAN_POINT ( 'NONE',  ( -51.94338509191043585, 9.425541345312193897, 3.731114064541575015 ) ) ;
#7111 = CARTESIAN_POINT ( 'NONE',  ( -51.70661494277105419, 7.083039804977588894, -3.819531249999990941 ) ) ;
#7112 = FACE_OUTER_BOUND ( 'NONE', #3914, .T. ) ;
#7113 = EDGE_CURVE ( 'NONE', #5830, #1111, #5052, .T. ) ;
#7114 = ORIENTED_EDGE ( 'NONE', *, *, #4950, .F. ) ;
#7115 = ORIENTED_EDGE ( 'NONE', *, *, #3475, .F. ) ;
#7116 = ORIENTED_EDGE ( 'NONE', *, *, #4465, .T. ) ;
#7117 = CARTESIAN_POINT ( 'NONE',  ( 38.76960222758093977, 0.000000000000000000, -6.604841829914342988 ) ) ;
#7119 = LINE ( 'NONE', #5486, #4528 ) ;
#7118 = DIRECTION ( 'NONE',  ( 0.000000000000000000, 0.000000000000000000, -1.000000000000000000 ) ) ;
#7120 = CARTESIAN_POINT ( 'NONE',  ( -24.04308044258723953, 13.30000000000000071, -14.75000000000000000 ) ) ;
#7121 = VECTOR ( 'NONE', #10669, 1000.000000000000000 ) ;
#7122 = CARTESIAN_POINT ( 'NONE',  ( -30.58203748537937372, 5.996123729295900873, 8.643749989102968101 ) ) ;
#7123 = DIRECTION ( 'NONE',  ( -1.000000000000000000, 0.000000000000000000, 0.000000000000000000 ) ) ;
#7124 = DIRECTION ( 'NONE',  ( 0.000000000000000000, 1.000000000000000000, -0.000000000000000000 ) ) ;
#7125 = VECTOR ( 'NONE', #839, 1000.000000000000000 ) ;
#7126 = ORIENTED_EDGE ( 'NONE', *, *, #9379, .T. ) ;
#7127 = CARTESIAN_POINT ( 'NONE',  ( -47.04999999999998295, 8.000000000000000000, 9.499999999999996447 ) ) ;
#7128 = CARTESIAN_POINT ( 'NONE',  ( -34.52834772718359346, 0.000000000000000000, -2.965000000000000302 ) ) ;
#7129 = EDGE_CURVE ( 'NONE', #783, #4748, #1849, .T. ) ;
#7130 = ADVANCED_FACE ( 'NONE', ( #1220 ), #7005, .F. ) ;
#7131 = VECTOR ( 'NONE', #5552, 1000.000000000000000 ) ;
#7132 = ORIENTED_EDGE ( 'NONE', *, *, #10713, .F. ) ;
#7133 = DIRECTION ( 'NONE',  ( -1.000000000000000000, -8.671282457959603296E-16, -9.459580863228659397E-16 ) ) ;
#7134 = LINE ( 'NONE', #8839, #8973 ) ;
#7135 = DIRECTION ( 'NONE',  ( -0.000000000000000000, -1.000000000000000000, 0.000000000000000000 ) ) ;
#7136 = DIRECTION ( 'NONE',  ( 0.000000000000000000, 0.000000000000000000, 1.000000000000000000 ) ) ;
#7137 = CARTESIAN_POINT ( 'NONE',  ( 44.80000000000001847, 5.500000000000000000, -12.25000000000000000 ) ) ;
#7138 = CARTESIAN_POINT ( 'NONE',  ( 22.36827201635471241, 5.400000000000000355, -10.08172798364529754 ) ) ;
#7139 = EDGE_CURVE ( 'NONE', #1708, #6238, #4549, .T. ) ;
#7140 = EDGE_CURVE ( 'NONE', #3206, #8680, #7119, .T. ) ;
#7141 = VERTEX_POINT ( 'NONE', #3834 ) ;
#7142 = FACE_OUTER_BOUND ( 'NONE', #247, .T. ) ;
#7143 = DIRECTION ( 'NONE',  ( -0.000000000000000000, -0.000000000000000000, 1.000000000000000000 ) ) ;
#7144 = ORIENTED_EDGE ( 'NONE', *, *, #7221, .T. ) ;
#7145 = VECTOR ( 'NONE', #8497, 1000.000000000000000 ) ;
#7146 = DIRECTION ( 'NONE',  ( 0.000000000000000000, 0.000000000000000000, 1.000000000000000000 ) ) ;
#7147 = CARTESIAN_POINT ( 'NONE',  ( -47.04999999999998295, 16.60000000000000142, 12.24999999999999822 ) ) ;
#7148 = LINE ( 'NONE', #1424, #7405 ) ;
#7149 = DIRECTION ( 'NONE',  ( 1.971236424878464453E-15, 0.000000000000000000, 1.000000000000000000 ) ) ;
#7150 = EDGE_CURVE ( 'NONE', #6651, #6499, #8711, .T. ) ;
#7151 = ORIENTED_EDGE ( 'NONE', *, *, #4313, .T. ) ;
#7152 = CIRCLE ( 'NONE', #2451, 1.600000000000000755 ) ;
#7153 = VERTEX_POINT ( 'NONE', #3891 ) ;
#7154 = DIRECTION ( 'NONE',  ( 0.000000000000000000, 0.000000000000000000, 1.000000000000000000 ) ) ;
#7156 = CARTESIAN_POINT ( 'NONE',  ( -31.27559190791261301, 2.839144909782881587, -8.850000000000052935 ) ) ;
#7155 = CARTESIAN_POINT ( 'NONE',  ( -51.99999999999998579, 6.899999999999998579, -2.924999999999996270 ) ) ;
#7157 = ORIENTED_EDGE ( 'NONE', *, *, #5415, .F. ) ;
#7158 = EDGE_LOOP ( 'NONE', ( #14, #7316, #615, #10303 ) ) ;
#7159 = ORIENTED_EDGE ( 'NONE', *, *, #3356, .T. ) ;
#7160 = EDGE_LOOP ( 'NONE', ( #8356, #2303, #502, #2766, #8426, #6752, #3794, #2952 ) ) ;
#7161 = EDGE_CURVE ( 'NONE', #4852, #7813, #7998, .T. ) ;
#7162 = CARTESIAN_POINT ( 'NONE',  ( -31.47472780755319732, 0.08284271247461812149, -2.765000000000000124 ) ) ;
#7163 = DIRECTION ( 'NONE',  ( 0.000000000000000000, 0.000000000000000000, -1.000000000000000000 ) ) ;
#7164 = CARTESIAN_POINT ( 'NONE',  ( -51.75449119161391565, 8.158866444929261164, -4.260293390209175968 ) ) ;
#7165 = CARTESIAN_POINT ( 'NONE',  ( -52.74999999999998579, 7.099999999999998757, -2.924999999999996270 ) ) ;
#7166 = ORIENTED_EDGE ( 'NONE', *, *, #4382, .T. ) ;
#7167 = EDGE_CURVE ( 'NONE', #9974, #4286, #1276, .T. ) ;
#7168 = EDGE_LOOP ( 'NONE', ( #1140, #4423, #9042, #4927, #8480, #6779 ) ) ;
#7169 = DIRECTION ( 'NONE',  ( 0.000000000000000000, 0.000000000000000000, 1.000000000000000000 ) ) ;
#7170 = B_SPLINE_CURVE_WITH_KNOTS ( 'NONE', 3,
 ( #6679, #10035, #2538, #1727, #7555, #8391, #3415, #86 ),
 .UNSPECIFIED., .F., .F.,
 ( 4, 2, 2, 4 ),
 ( -3.466145320676127760E-06, 0.0002882777914485819964, 0.0004341497598332199909, 0.0005800217282178579854 ),
 .UNSPECIFIED. ) ;
#7172 = CARTESIAN_POINT ( 'NONE',  ( -30.58203748537935240, 5.996123729295902649, 2.765105688015067731 ) ) ;
#7171 = CARTESIAN_POINT ( 'NONE',  ( -47.04999999999998295, 15.10000000000000142, -12.25000000000000178 ) ) ;
#7173 = ORIENTED_EDGE ( 'NONE', *, *, #7332, .T. ) ;
#7174 = DIRECTION ( 'NONE',  ( -1.000000000000000000, -3.002986177179541241E-15, 0.000000000000000000 ) ) ;
#7175 = ADVANCED_FACE ( 'NONE', ( #2920 ), #2863, .F. ) ;
#7176 = DIRECTION ( 'NONE',  ( 0.000000000000000000, -1.000000000000000000, 0.000000000000000000 ) ) ;
#7177 = CARTESIAN_POINT ( 'NONE',  ( -51.95568058483290486, 7.148330670390470765, -3.751634072195719760 ) ) ;
#7178 = PLANE ( 'NONE',  #10018 ) ;
#7179 = ORIENTED_EDGE ( 'NONE', *, *, #3125, .F. ) ;
#7180 = DIRECTION ( 'NONE',  ( -1.000000000000000000, 0.000000000000000000, 0.000000000000000000 ) ) ;
#7181 = CARTESIAN_POINT ( 'NONE',  ( -51.99999999999998579, 9.697719172987383729, 3.001973684210525573 ) ) ;
#7182 = ORIENTED_EDGE ( 'NONE', *, *, #4123, .T. ) ;
#7183 = ORIENTED_EDGE ( 'NONE', *, *, #3379, .F. ) ;
#7184 = CARTESIAN_POINT ( 'NONE',  ( 47.05000000000001137, 3.000000000000000000, -14.75000000000000355 ) ) ;
#7185 = VECTOR ( 'NONE', #5667, 999.9999999999998863 ) ;
#7186 = DIRECTION ( 'NONE',  ( 0.000000000000000000, 0.000000000000000000, 1.000000000000000000 ) ) ;
#7187 = EDGE_CURVE ( 'NONE', #3568, #4137, #9991, .T. ) ;
#7188 = DIRECTION ( 'NONE',  ( -1.000000000000000000, 0.000000000000000000, -0.000000000000000000 ) ) ;
#7189 = ADVANCED_FACE ( 'NONE', ( #10363 ), #9708, .T. ) ;
#7190 = FACE_OUTER_BOUND ( 'NONE', #902, .T. ) ;
#7191 = DIRECTION ( 'NONE',  ( 0.000000000000000000, 1.000000000000000000, 0.000000000000000000 ) ) ;
#7192 = CARTESIAN_POINT ( 'NONE',  ( -30.28999999999999204, 0.5000000000000004441, 10.25000000000000000 ) ) ;
#7193 = AXIS2_PLACEMENT_3D ( 'NONE', #7070, #8603, #8715 ) ;
#7194 = AXIS2_PLACEMENT_3D ( 'NONE', #9986, #7509, #9327 ) ;
#7195 = VERTEX_POINT ( 'NONE', #2218 ) ;
#7196 = ORIENTED_EDGE ( 'NONE', *, *, #7685, .F. ) ;
#7197 = CARTESIAN_POINT ( 'NONE',  ( -1.549999999999978506, 15.10000000000000142, 13.54999999999999538 ) ) ;
#7198 = DIRECTION ( 'NONE',  ( 1.000000000000000000, -0.000000000000000000, -0.000000000000000000 ) ) ;
#7199 = AXIS2_PLACEMENT_3D ( 'NONE', #3990, #6293, #8751 ) ;
#7200 = EDGE_LOOP ( 'NONE', ( #7604, #2606, #2267, #888 ) ) ;
#7201 = VECTOR ( 'NONE', #4522, 1000.000000000000000 ) ;
#7202 = AXIS2_PLACEMENT_3D ( 'NONE', #10079, #1657, #4982 ) ;
#7203 = CARTESIAN_POINT ( 'NONE',  ( -52.74999999999998579, 7.099999999999998757, 2.924999999999995826 ) ) ;
#7204 = EDGE_CURVE ( 'NONE', #8053, #10181, #5539, .T. ) ;
#7205 = LINE ( 'NONE', #5515, #5123 ) ;
#7206 = FACE_OUTER_BOUND ( 'NONE', #5883, .T. ) ;
#7207 = AXIS2_PLACEMENT_3D ( 'NONE', #6219, #4738, #3693 ) ;
#7208 = CARTESIAN_POINT ( 'NONE',  ( 1.486764281119465680, 15.10000000000000142, -14.75000000000000000 ) ) ;
#7209 = AXIS2_PLACEMENT_3D ( 'NONE', #3139, #10130, #1862 ) ;
#7210 = ORIENTED_EDGE ( 'NONE', *, *, #8664, .F. ) ;
#7211 = ORIENTED_EDGE ( 'NONE', *, *, #9753, .F. ) ;
#7212 = DIRECTION ( 'NONE',  ( 0.8660254037844384856, 0.000000000000000000, -0.5000000000000002220 ) ) ;
#7213 = CIRCLE ( 'NONE', #1642, 0.6000000000000007550 ) ;
#7215 = DIRECTION ( 'NONE',  ( 0.000000000000000000, 0.000000000000000000, 1.000000000000000000 ) ) ;
#7214 = CARTESIAN_POINT ( 'NONE',  ( -21.37201595193595693, 13.30000000000000071, 17.93325070278447342 ) ) ;
#7216 = DIRECTION ( 'NONE',  ( 0.000000000000000000, 0.000000000000000000, 1.000000000000000000 ) ) ;
#7217 = ORIENTED_EDGE ( 'NONE', *, *, #2423, .F. ) ;
#7218 = EDGE_LOOP ( 'NONE', ( #10090, #672, #5595, #6369 ) ) ;
#7219 = ADVANCED_FACE ( 'NONE', ( #4715 ), #6196, .T. ) ;
#7220 = CIRCLE ( 'NONE', #10377, 0.5999999999999998668 ) ;
#7221 = EDGE_CURVE ( 'NONE', #7999, #6149, #1996, .T. ) ;
#7222 = AXIS2_PLACEMENT_3D ( 'NONE', #7850, #10276, #270 ) ;
#7223 = CARTESIAN_POINT ( 'NONE',  ( -51.49999999999998579, 8.400000000000000355, 2.449999999999999734 ) ) ;
#7224 = CARTESIAN_POINT ( 'NONE',  ( -51.75449052919833548, 8.641174788125471906, -4.260318664618357509 ) ) ;
#7225 = DIRECTION ( 'NONE',  ( 0.000000000000000000, 0.000000000000000000, 1.000000000000000000 ) ) ;
#7226 = ORIENTED_EDGE ( 'NONE', *, *, #8043, .F. ) ;
#7227 = ORIENTED_EDGE ( 'NONE', *, *, #9178, .F. ) ;
#7228 = VECTOR ( 'NONE', #3260, 1000.000000000000000 ) ;
#7229 = EDGE_CURVE ( 'NONE', #3371, #7053, #3276, .T. ) ;
#7230 = CARTESIAN_POINT ( 'NONE',  ( 30.50000000000001066, 0.000000000000000000, -2.350000000000004974 ) ) ;
#7231 = CIRCLE ( 'NONE', #1995, 0.2888330770816384119 ) ;
#7233 = DIRECTION ( 'NONE',  ( -1.000000000000000000, 0.000000000000000000, 0.000000000000000000 ) ) ;
#7232 = DIRECTION ( 'NONE',  ( 0.000000000000000000, 1.000000000000000000, 0.000000000000000000 ) ) ;
#7234 = ORIENTED_EDGE ( 'NONE', *, *, #2026, .F. ) ;
#7235 = LINE ( 'NONE', #10590, #4761 ) ;
#7236 = EDGE_CURVE ( 'NONE', #7375, #7413, #9953, .T. ) ;
#7237 = DIRECTION ( 'NONE',  ( -0.000000000000000000, -1.000000000000000000, 0.000000000000000000 ) ) ;
#7238 = CARTESIAN_POINT ( 'NONE',  ( -31.27472780755320869, 0.2000000000000000111, -20.34067203111831290 ) ) ;
#7239 = ORIENTED_EDGE ( 'NONE', *, *, #2738, .F. ) ;
#7240 = CARTESIAN_POINT ( 'NONE',  ( -51.98183304299726615, 9.610780578713114863, 3.450629295177513267 ) ) ;
#7241 = ORIENTED_EDGE ( 'NONE', *, *, #9623, .T. ) ;
#7242 = VERTEX_POINT ( 'NONE', #3785 ) ;
#7243 = AXIS2_PLACEMENT_3D ( 'NONE', #6392, #9794, #4695 ) ;
#7244 = CARTESIAN_POINT ( 'NONE',  ( -31.51661123066064363, 3.000000000000000000, -3.615000000000000213 ) ) ;
#7245 = CARTESIAN_POINT ( 'NONE',  ( 31.24999999999998579, 0.2999999999999999889, -11.31869555732605193 ) ) ;
#7246 = PLANE ( 'NONE',  #1531 ) ;
#7247 = LINE ( 'NONE', #694, #4568 ) ;
#7248 = CARTESIAN_POINT ( 'NONE',  ( -51.49999999999999289, 9.716960195022419811, 3.819531249999980282 ) ) ;
#7249 = DIRECTION ( 'NONE',  ( 0.000000000000000000, -1.000000000000000000, 0.000000000000000000 ) ) ;
#7250 = EDGE_CURVE ( 'NONE', #2614, #5364, #840, .T. ) ;
#7251 = EDGE_LOOP ( 'NONE', ( #5614, #4480, #9266, #3554, #9461, #5972 ) ) ;
#7252 = VECTOR ( 'NONE', #6066, 1000.000000000000000 ) ;
#7253 = EDGE_LOOP ( 'NONE', ( #10454, #7993, #5855, #8392, #9214, #4031, #3771, #1428, #3155, #1608, #4782, #9949, #8384, #1028 ) ) ;
#7254 = CARTESIAN_POINT ( 'NONE',  ( 23.40000000000001279, 5.400000000000000355, 0.000000000000000000 ) ) ;
#7255 = AXIS2_PLACEMENT_3D ( 'NONE', #2515, #7528, #2668 ) ;
#7256 = CARTESIAN_POINT ( 'NONE',  ( -51.49999999999999289, 9.509019111597813989, 3.603289473684206712 ) ) ;
#7257 = ORIENTED_EDGE ( 'NONE', *, *, #810, .F. ) ;
#7258 = VECTOR ( 'NONE', #55, 1000.000000000000000 ) ;
#7259 = CARTESIAN_POINT ( 'NONE',  ( -44.74999999999998579, 3.000000000000000000, 6.749999999999999112 ) ) ;
#7260 = DIRECTION ( 'NONE',  ( 0.000000000000000000, 0.000000000000000000, 1.000000000000000000 ) ) ;
#7261 = PLANE ( 'NONE',  #2773 ) ;
#7262 = CARTESIAN_POINT ( 'NONE',  ( -31.45678631915142631, 0.2827931057192691333, 8.349999999999997868 ) ) ;
#7263 = EDGE_CURVE ( 'NONE', #7630, #8537, #2787, .T. ) ;
#7264 = EDGE_CURVE ( 'NONE', #9175, #8551, #9041, .T. ) ;
#7265 = AXIS2_PLACEMENT_3D ( 'NONE', #2881, #9614, #6214 ) ;
#7266 = EDGE_LOOP ( 'NONE', ( #1756, #3232 ) ) ;
#7267 = ORIENTED_EDGE ( 'NONE', *, *, #9241, .T. ) ;
#7268 = LINE ( 'NONE', #2032, #6553 ) ;
#7270 = CARTESIAN_POINT ( 'NONE',  ( 0.000000000000000000, 11.00000000000000178, -14.75000000000000000 ) ) ;
#7269 = DIRECTION ( 'NONE',  ( 0.000000000000000000, 1.000000000000000000, -0.000000000000000000 ) ) ;
#7271 = FACE_OUTER_BOUND ( 'NONE', #5582, .T. ) ;
#7272 = ORIENTED_EDGE ( 'NONE', *, *, #3379, .T. ) ;
#7273 = ORIENTED_EDGE ( 'NONE', *, *, #4205, .F. ) ;
#7275 = FACE_OUTER_BOUND ( 'NONE', #4053, .T. ) ;
#7274 = AXIS2_PLACEMENT_3D ( 'NONE', #5441, #3849, #7188 ) ;
#7276 = DIRECTION ( 'NONE',  ( 1.000000000000000000, 0.000000000000000000, -1.176083712526649195E-16 ) ) ;
#7277 = CARTESIAN_POINT ( 'NONE',  ( -51.66955117507723827, 8.524846049716694907, -4.349906030956457670 ) ) ;
#7278 = CARTESIAN_POINT ( 'NONE',  ( 49.80000000000001137, 16.60000000000000142, 0.000000000000000000 ) ) ;
#7279 = VERTEX_POINT ( 'NONE', #6619 ) ;
#7280 = EDGE_LOOP ( 'NONE', ( #9146, #5321, #1159, #439, #7404 ) ) ;
#7281 = EDGE_CURVE ( 'NONE', #8628, #1966, #9763, .T. ) ;
#7282 = EDGE_CURVE ( 'NONE', #5708, #637, #2272, .T. ) ;
#7284 = AXIS2_PLACEMENT_3D ( 'NONE', #6087, #1887, #9326 ) ;
#7283 = CARTESIAN_POINT ( 'NONE',  ( 20.21000000000001151, 5.500000000000000000, 10.25000000000000178 ) ) ;
#7286 = LINE ( 'NONE', #1445, #8910 ) ;
#7285 = DIRECTION ( 'NONE',  ( 0.000000000000000000, 1.000000000000000000, 0.000000000000000000 ) ) ;
#7287 = VERTEX_POINT ( 'NONE', #9815 ) ;
#7288 = DIRECTION ( 'NONE',  ( 1.000000000000000000, 0.000000000000000000, 2.604689903869080029E-17 ) ) ;
#7289 = CARTESIAN_POINT ( 'NONE',  ( -29.81007189365366372, -2.624222992386002318, -20.34067203111831290 ) ) ;
#7290 = CARTESIAN_POINT ( 'NONE',  ( 3.550000000000021139, 15.10000000000000142, 13.35000000000015952 ) ) ;
#7291 = ORIENTED_EDGE ( 'NONE', *, *, #898, .F. ) ;
#7292 = DIRECTION ( 'NONE',  ( 1.000000000000000000, -0.000000000000000000, 0.000000000000000000 ) ) ;
#7293 = CARTESIAN_POINT ( 'NONE',  ( -31.47472780755320443, 0.1999999999999996503, -8.850000000000054712 ) ) ;
#7294 = ORIENTED_EDGE ( 'NONE', *, *, #231, .T. ) ;
#7295 = EDGE_CURVE ( 'NONE', #445, #1270, #3949, .T. ) ;
#7296 = DIRECTION ( 'NONE',  ( -1.000000000000000000, -0.000000000000000000, -0.000000000000000000 ) ) ;
#7297 = CARTESIAN_POINT ( 'NONE',  ( -25.04999999999997939, 11.00000000000000178, -13.54999999999999893 ) ) ;
#7298 = FACE_OUTER_BOUND ( 'NONE', #7686, .T. ) ;
#7299 = VECTOR ( 'NONE', #5577, 1000.000000000000000 ) ;
#7300 = CARTESIAN_POINT ( 'NONE',  ( -34.52834772718359346, 0.000000000000000000, 2.965000000000000302 ) ) ;
#7301 = AXIS2_PLACEMENT_3D ( 'NONE', #8539, #5369, #7057 ) ;
#7302 = ORIENTED_EDGE ( 'NONE', *, *, #10779, .F. ) ;
#7303 = ORIENTED_EDGE ( 'NONE', *, *, #7513, .F. ) ;
#7304 = DIRECTION ( 'NONE',  ( 1.000000000000000000, 0.000000000000000000, 0.000000000000000000 ) ) ;
#7305 = FACE_OUTER_BOUND ( 'NONE', #7346, .T. ) ;
#7306 = ORIENTED_EDGE ( 'NONE', *, *, #3905, .F. ) ;
#7307 = EDGE_CURVE ( 'NONE', #1650, #5837, #1406, .T. ) ;
#7308 = DIRECTION ( 'NONE',  ( -0.000000000000000000, -0.000000000000000000, 1.000000000000000000 ) ) ;
#7309 = CARTESIAN_POINT ( 'NONE',  ( -7.399999999999942624, 13.30000000000000071, -14.19019237886469398 ) ) ;
#7310 = FACE_OUTER_BOUND ( 'NONE', #7168, .T. ) ;
#7311 = CARTESIAN_POINT ( 'NONE',  ( 42.80000000000001137, 5.500000000000000000, -12.25000000000000178 ) ) ;
#7312 = ORIENTED_EDGE ( 'NONE', *, *, #7633, .F. ) ;
#7313 = CARTESIAN_POINT ( 'NONE',  ( 47.05000000000001137, 11.00000000000000178, -14.75000000000000178 ) ) ;
#7314 = CARTESIAN_POINT ( 'NONE',  ( -31.28999999999999204, 3.179086282430880317, -8.850000000000052935 ) ) ;
#7315 = DIRECTION ( 'NONE',  ( -0.8660254037844387076, 0.000000000000000000, 0.4999999999999997224 ) ) ;
#7316 = ORIENTED_EDGE ( 'NONE', *, *, #3061, .F. ) ;
#7317 = EDGE_CURVE ( 'NONE', #1916, #3244, #2475, .T. ) ;
#7318 = ADVANCED_FACE ( 'NONE', ( #680 ), #2426, .T. ) ;
#7319 = CARTESIAN_POINT ( 'NONE',  ( 44.80000000000001847, 1.000000000000000000, -12.25000000000000000 ) ) ;
#7320 = CARTESIAN_POINT ( 'NONE',  ( -49.79999999999998295, 8.000000000000000000, 9.499999999999998224 ) ) ;
#7321 = LINE ( 'NONE', #7373, #5670 ) ;
#7322 = CARTESIAN_POINT ( 'NONE',  ( -51.95568058483290486, 9.484780085661542515, -3.641416195903005359 ) ) ;
#7323 = ORIENTED_EDGE ( 'NONE', *, *, #3512, .T. ) ;
#7324 = VERTEX_POINT ( 'NONE', #5647 ) ;
#7325 = CARTESIAN_POINT ( 'NONE',  ( -25.04999999999997939, 13.30000000000000071, 12.24999999999999822 ) ) ;
#7327 = FACE_OUTER_BOUND ( 'NONE', #1502, .T. ) ;
#7326 = DIRECTION ( 'NONE',  ( -1.000000000000000000, -0.000000000000000000, 4.476705744456300993E-16 ) ) ;
#7328 = ORIENTED_EDGE ( 'NONE', *, *, #7229, .T. ) ;
#7329 = DIRECTION ( 'NONE',  ( -0.000000000000000000, 1.000000000000000000, -0.000000000000000000 ) ) ;
#7330 = DIRECTION ( 'NONE',  ( -0.000000000000000000, 1.000000000000000000, -0.000000000000000000 ) ) ;
#7331 = LINE ( 'NONE', #9872, #2501 ) ;
#7332 = EDGE_CURVE ( 'NONE', #6451, #5550, #7286, .T. ) ;
#7333 = EDGE_LOOP ( 'NONE', ( #9468, #9061, #5172, #5958 ) ) ;
#7334 = CARTESIAN_POINT ( 'NONE',  ( -51.54999999999998295, 17.60000000000000142, 6.749999999999997335 ) ) ;
#7335 = EDGE_LOOP ( 'NONE', ( #3855, #4451, #3637, #2905, #3270 ) ) ;
#7336 = DIRECTION ( 'NONE',  ( -0.000000000000000000, -0.000000000000000000, 1.000000000000000000 ) ) ;
#7337 = CARTESIAN_POINT ( 'NONE',  ( -2.258274450660561356E-16, 6.500000000000000888, 12.24999999999999822 ) ) ;
#7338 = CARTESIAN_POINT ( 'NONE',  ( -51.79999999999998295, 8.400000000000000355, 2.449999999999999734 ) ) ;
#7339 = CARTESIAN_POINT ( 'NONE',  ( -33.54999999999998295, 6.500000000000000888, -12.25000000000000178 ) ) ;
#7340 = CARTESIAN_POINT ( 'NONE',  ( 30.50000000000001066, 0.000000000000000000, -2.350000000000004974 ) ) ;
#7341 = EDGE_CURVE ( 'NONE', #10525, #7053, #9617, .T. ) ;
#7342 = FACE_OUTER_BOUND ( 'NONE', #10568, .T. ) ;
#7343 = ORIENTED_EDGE ( 'NONE', *, *, #6827, .T. ) ;
#7344 = VECTOR ( 'NONE', #4853, 1000.000000000000000 ) ;
#7345 = ORIENTED_EDGE ( 'NONE', *, *, #8835, .F. ) ;
#7346 = EDGE_LOOP ( 'NONE', ( #3052, #10033, #9695, #7159, #263, #3668, #10306, #6439, #6941, #2302, #544, #2505, #8247, #5104, #9073, #5063, #7875, #10600, #10135, #10327 ) ) ;
#7347 = CARTESIAN_POINT ( 'NONE',  ( -44.29999999999997584, 8.000000000000000000, 9.499999999999996447 ) ) ;
#7348 = ADVANCED_FACE ( 'NONE', ( #7327 ), #9152, .F. ) ;
#7349 = DIRECTION ( 'NONE',  ( -1.000000000000000000, 0.000000000000000000, 0.000000000000000000 ) ) ;
#7350 = CARTESIAN_POINT ( 'NONE',  ( 3.550000000000022027, 13.30000000000000071, -13.45000000000015916 ) ) ;
#7351 = VERTEX_POINT ( 'NONE', #7493 ) ;
#7352 = FACE_OUTER_BOUND ( 'NONE', #10411, .T. ) ;
#7353 = VERTEX_POINT ( 'NONE', #8218 ) ;
#7354 = EDGE_CURVE ( 'NONE', #9209, #7523, #4052, .T. ) ;
#7355 = AXIS2_PLACEMENT_3D ( 'NONE', #1064, #7010, #470 ) ;
#7356 = CIRCLE ( 'NONE', #3187, 9.000000000000012434 ) ;
#7357 = CARTESIAN_POINT ( 'NONE',  ( 2.459170479469696691, 15.10000000000000142, 14.75000000000000000 ) ) ;
#7358 = DIRECTION ( 'NONE',  ( -0.000000000000000000, -1.000000000000000000, -0.000000000000000000 ) ) ;
#7359 = DIRECTION ( 'NONE',  ( -0.8660254037844389297, 0.000000000000000000, 0.4999999999999994449 ) ) ;
#7360 = EDGE_CURVE ( 'NONE', #6970, #579, #6569, .T. ) ;
#7361 = VECTOR ( 'NONE', #8280, 1000.000000000000000 ) ;
#7362 = AXIS2_PLACEMENT_3D ( 'NONE', #2452, #9840, #8307 ) ;
#7363 = CARTESIAN_POINT ( 'NONE',  ( 22.36827201635471241, -1.697056274847719815, -10.08172798364529754 ) ) ;
#7365 = DIRECTION ( 'NONE',  ( 0.000000000000000000, 1.000000000000000000, 0.000000000000000000 ) ) ;
#7364 = CARTESIAN_POINT ( 'NONE',  ( -49.74999999999997868, 15.20000000000000107, 6.749999999999998224 ) ) ;
#7366 = DIRECTION ( 'NONE',  ( -0.000000000000000000, -0.000000000000000000, 1.000000000000000000 ) ) ;
#7367 = ORIENTED_EDGE ( 'NONE', *, *, #4366, .T. ) ;
#7368 = CARTESIAN_POINT ( 'NONE',  ( -40.00229126436577332, 0.1679080823531935718, -8.850000000000061817 ) ) ;
#7369 = CARTESIAN_POINT ( 'NONE',  ( 22.99446861781630247, 0.09378038618371729862, -7.458250430494965499 ) ) ;
#7370 = CARTESIAN_POINT ( 'NONE',  ( 38.12940735125390290, 0.02145563245112683606, -7.429700915573436149 ) ) ;
#7371 = AXIS2_PLACEMENT_3D ( 'NONE', #8120, #636, #471 ) ;
#7372 = VECTOR ( 'NONE', #10656, 1000.000000000000000 ) ;
#7373 = CARTESIAN_POINT ( 'NONE',  ( -2.128978811426082187E-15, 8.000000000000000000, 6.750000000000007994 ) ) ;
#7374 = FACE_OUTER_BOUND ( 'NONE', #10694, .T. ) ;
#7375 = VERTEX_POINT ( 'NONE', #3135 ) ;
#7376 = ORIENTED_EDGE ( 'NONE', *, *, #8773, .T. ) ;
#7377 = EDGE_CURVE ( 'NONE', #9067, #10114, #5408, .T. ) ;
#7378 = AXIS2_PLACEMENT_3D ( 'NONE', #2018, #10502, #2993 ) ;
#7379 = LINE ( 'NONE', #7439, #8654 ) ;
#7380 = B_SPLINE_CURVE_WITH_KNOTS ( 'NONE', 3,
 ( #8932, #4610, #5485, #628, #9707, #3729, #10481, #566 ),
 .UNSPECIFIED., .F., .F.,
 ( 4, 2, 2, 4 ),
 ( -3.466145320678807349E-06, 0.0002882777914485972295, 0.0004341497598332349529, 0.0005800217282178727306 ),
 .UNSPECIFIED. ) ;
#7381 = CIRCLE ( 'NONE', #251, 0.8499999999999983125 ) ;
#7383 = CARTESIAN_POINT ( 'NONE',  ( -19.54999999999997939, 11.00000000000000178, 13.55000000000000249 ) ) ;
#7382 = CARTESIAN_POINT ( 'NONE',  ( 29.74999999999998579, 0.2999999999999999889, -11.31869555732605193 ) ) ;
#7384 = CIRCLE ( 'NONE', #3903, 5.499999999999985789 ) ;
#7385 = VERTEX_POINT ( 'NONE', #6513 ) ;
#7386 = DIRECTION ( 'NONE',  ( -1.000000000000000000, 0.000000000000000000, 0.000000000000000000 ) ) ;
#7387 = CARTESIAN_POINT ( 'NONE',  ( 49.80000000000001137, 11.00000000000000178, 9.500000000000000000 ) ) ;
#7388 =( BOUNDED_CURVE ( )  B_SPLINE_CURVE ( 3, ( #1264, #5530, #7162, #456 ),
 .UNSPECIFIED., .F., .T. ) 
 B_SPLINE_CURVE_WITH_KNOTS ( ( 4, 4 ),
 ( 1.570796326794896558, 3.141592653589790451 ),
 .UNSPECIFIED. ) 
 CURVE ( )  GEOMETRIC_REPRESENTATION_ITEM ( )  RATIONAL_B_SPLINE_CURVE ( ( 1.000000000000000000, 0.8047378541243654926, 0.8047378541243654926, 1.000000000000000000 ) ) 
 REPRESENTATION_ITEM ( '' )  );
#7389 = ORIENTED_EDGE ( 'NONE', *, *, #7307, .F. ) ;
#7390 = CARTESIAN_POINT ( 'NONE',  ( 44.80000000000001847, 5.500000000000000000, -12.25000000000000000 ) ) ;
#7391 = CARTESIAN_POINT ( 'NONE',  ( -51.99999998424966208, 9.684237726556565562, 3.229260862839334667 ) ) ;
#7392 = VECTOR ( 'NONE', #2597, 1000.000000000000000 ) ;
#7393 = EDGE_LOOP ( 'NONE', ( #6832, #2801, #4569, #5375 ) ) ;
#7394 = CIRCLE ( 'NONE', #5482, 9.000000000000012434 ) ;
#7395 = EDGE_CURVE ( 'NONE', #9751, #8624, #3323, .T. ) ;
#7396 = VECTOR ( 'NONE', #8492, 1000.000000000000000 ) ;
#7397 = DIRECTION ( 'NONE',  ( 0.000000000000000000, 0.000000000000000000, 1.000000000000000000 ) ) ;
#7398 = LINE ( 'NONE', #4730, #8798 ) ;
#7399 = LINE ( 'NONE', #4229, #2744 ) ;
#7400 = DIRECTION ( 'NONE',  ( 0.000000000000000000, 0.000000000000000000, 1.000000000000000000 ) ) ;
#7401 = AXIS2_PLACEMENT_3D ( 'NONE', #4283, #140, #1828 ) ;
#7402 = CARTESIAN_POINT ( 'NONE',  ( -35.26554871542300162, 0.1999999999999987899, 3.615000000000000213 ) ) ;
#7403 = DIRECTION ( 'NONE',  ( 0.000000000000000000, 0.000000000000000000, 1.000000000000000000 ) ) ;
#7404 = ORIENTED_EDGE ( 'NONE', *, *, #5072, .F. ) ;
#7405 = VECTOR ( 'NONE', #7974, 1000.000000000000000 ) ;
#7406 = ADVANCED_FACE ( 'NONE', ( #8168 ), #5224, .T. ) ;
#7407 = ADVANCED_FACE ( 'NONE', ( #7607 ), #8533, .F. ) ;
#7408 = DIRECTION ( 'NONE',  ( 0.000000000000000000, -0.000000000000000000, -1.000000000000000000 ) ) ;
#7409 = VECTOR ( 'NONE', #5021, 1000.000000000000000 ) ;
#7410 = ORIENTED_EDGE ( 'NONE', *, *, #3961, .F. ) ;
#7411 = CYLINDRICAL_SURFACE ( 'NONE', #9843, 0.1999999999999987899 ) ;
#7412 = CARTESIAN_POINT ( 'NONE',  ( -7.399999999999942624, 13.30000000000000071, -14.19019237886469398 ) ) ;
#7413 = VERTEX_POINT ( 'NONE', #1046 ) ;
#7414 = CARTESIAN_POINT ( 'NONE',  ( 2.459170479469696691, 13.30000000000000071, -14.75000000000000000 ) ) ;
#7415 = ORIENTED_EDGE ( 'NONE', *, *, #10015, .F. ) ;
#7416 = CARTESIAN_POINT ( 'NONE',  ( -2.258274450660561356E-16, 8.000000000000000000, 12.24999999999999822 ) ) ;
#7417 = AXIS2_PLACEMENT_3D ( 'NONE', #9363, #4275, #4426 ) ;
#7418 = CARTESIAN_POINT ( 'NONE',  ( -44.74999999999998579, 15.10000000000000142, -6.750000000000002665 ) ) ;
#7419 = DIRECTION ( 'NONE',  ( -0.000000000000000000, 0.000000000000000000, 1.000000000000000000 ) ) ;
#7420 = EDGE_CURVE ( 'NONE', #3207, #1270, #2973, .T. ) ;
#7421 = ORIENTED_EDGE ( 'NONE', *, *, #9553, .T. ) ;
#7422 = EDGE_CURVE ( 'NONE', #10469, #616, #6977, .T. ) ;
#7423 = VECTOR ( 'NONE', #9512, 1000.000000000000000 ) ;
#7424 = CYLINDRICAL_SURFACE ( 'NONE', #4638, 2.750000000000002665 ) ;
#7425 = AXIS2_PLACEMENT_3D ( 'NONE', #7363, #6601, #9954 ) ;
#7427 = CARTESIAN_POINT ( 'NONE',  ( -31.47472780755320443, 0.2000000000000000111, 8.349999999999997868 ) ) ;
#7426 = CARTESIAN_POINT ( 'NONE',  ( -52.75099999999998346, 11.35000000000000142, -1.700000000000000178 ) ) ;
#7428 = CARTESIAN_POINT ( 'NONE',  ( -40.03434658500975019, 0.1071145293931473758, -2.787877755913764410 ) ) ;
#7429 = ORIENTED_EDGE ( 'NONE', *, *, #3397, .T. ) ;
#7430 = DIRECTION ( 'NONE',  ( 1.000000000000000000, 0.000000000000000000, 0.000000000000000000 ) ) ;
#7431 = CARTESIAN_POINT ( 'NONE',  ( 9.519658948938198861, 5.500000000000000000, 10.25000000000000178 ) ) ;
#7432 = DIRECTION ( 'NONE',  ( 0.000000000000000000, 0.000000000000000000, 1.000000000000000000 ) ) ;
#7433 = AXIS2_PLACEMENT_3D ( 'NONE', #7256, #8142, #8406 ) ;
#7434 = DIRECTION ( 'NONE',  ( 0.000000000000000000, 1.000000000000000000, 0.000000000000000000 ) ) ;
#7435 = CARTESIAN_POINT ( 'NONE',  ( 0.000000000000000000, 16.60000000000000142, 0.000000000000000000 ) ) ;
#7436 = ORIENTED_EDGE ( 'NONE', *, *, #9563, .F. ) ;
#7437 = ORIENTED_EDGE ( 'NONE', *, *, #3357, .T. ) ;
#7438 = ORIENTED_EDGE ( 'NONE', *, *, #295, .T. ) ;
#7439 = CARTESIAN_POINT ( 'NONE',  ( 20.21000000000001151, 0.5000000000000004441, -3.420366970682078085E-15 ) ) ;
#7441 = DIRECTION ( 'NONE',  ( -3.115655338357498389E-15, 0.000000000000000000, -1.000000000000000000 ) ) ;
#7440 = CARTESIAN_POINT ( 'NONE',  ( -8.508845726811326671, 11.00000000000000178, 13.55000000000015881 ) ) ;
#7442 = ORIENTED_EDGE ( 'NONE', *, *, #8101, .F. ) ;
#7443 = CIRCLE ( 'NONE', #2733, 6.800000000000000711 ) ;
#7444 = CARTESIAN_POINT ( 'NONE',  ( -51.79737880384224269, 6.961238601352036426, -3.256771301096175630 ) ) ;
#7445 = EDGE_CURVE ( 'NONE', #3305, #3581, #10323, .T. ) ;
#7446 = CARTESIAN_POINT ( 'NONE',  ( -30.58999999999999275, 0.5000000000000004441, 3.315000000000000391 ) ) ;
#7447 = ORIENTED_EDGE ( 'NONE', *, *, #1022, .T. ) ;
#7448 = CARTESIAN_POINT ( 'NONE',  ( 37.89211819145299387, 0.5000000000000000000, -7.483866831501386763 ) ) ;
#7449 = CARTESIAN_POINT ( 'NONE',  ( -51.49999999999998579, 9.716960195022393165, -3.819531250000006928 ) ) ;
#7450 = ORIENTED_EDGE ( 'NONE', *, *, #10146, .F. ) ;
#7451 = CIRCLE ( 'NONE', #7976, 0.1999999999999987899 ) ;
#7452 = LINE ( 'NONE', #8287, #4689 ) ;
#7453 = LINE ( 'NONE', #3099, #10733 ) ;
#7454 = CARTESIAN_POINT ( 'NONE',  ( -51.75568855767120624, 9.258912725378035447, 4.027145805446862958 ) ) ;
#7455 = B_SPLINE_CURVE_WITH_KNOTS ( 'NONE', 3,
 ( #4294, #4952, #5720, #3205, #8236, #8400, #4232, #746, #7460, #6533, #9886, #9988, #2393, #1575 ),
 .UNSPECIFIED., .F., .F.,
 ( 4, 2, 2, 2, 2, 2, 4 ),
 ( 0.000000000000000000, 0.0007308796340597366065, 0.001096319451089602850, 0.001461759268119469310, 0.001827199085149335553, 0.002192638902179201797, 0.002923518536238929513 ),
 .UNSPECIFIED. ) ;
#7456 = CARTESIAN_POINT ( 'NONE',  ( -40.21146882909597764, 0.000000000000000000, -2.965000000000000302 ) ) ;
#7457 =( BOUNDED_CURVE ( )  B_SPLINE_CURVE ( 3, ( #2118, #8018, #9783, #7300 ),
 .UNSPECIFIED., .F., .F. ) 
 B_SPLINE_CURVE_WITH_KNOTS ( ( 4, 4 ),
 ( 3.517851087758627315, 4.712388980384689674 ),
 .UNSPECIFIED. ) 
 CURVE ( )  GEOMETRIC_REPRESENTATION_ITEM ( )  RATIONAL_B_SPLINE_CURVE ( ( 1.000000000000000000, 0.8845830693046164983, 0.8845830693046164983, 1.000000000000000000 ) ) 
 REPRESENTATION_ITEM ( '' )  );
#7458 = EDGE_CURVE ( 'NONE', #4904, #1217, #8485, .T. ) ;
#7459 = DIRECTION ( 'NONE',  ( 0.000000000000000000, 0.000000000000000000, 1.000000000000000000 ) ) ;
#7460 = CARTESIAN_POINT ( 'NONE',  ( -51.55316349883278804, 8.643615705931505744, 4.338179946693941247 ) ) ;
#7461 = ORIENTED_EDGE ( 'NONE', *, *, #4032, .T. ) ;
#7462 = ORIENTED_EDGE ( 'NONE', *, *, #1071, .T. ) ;
#7463 = VERTEX_POINT ( 'NONE', #2741 ) ;
#7464 = DIRECTION ( 'NONE',  ( -0.000000000000000000, -1.000000000000000000, 0.000000000000000000 ) ) ;
#7465 = ORIENTED_EDGE ( 'NONE', *, *, #2825, .T. ) ;
#7466 = CARTESIAN_POINT ( 'NONE',  ( -21.37201595193595693, 13.30000000000000071, -17.93325070278447342 ) ) ;
#7467 = CARTESIAN_POINT ( 'NONE',  ( 42.80000000000001137, 5.500000000000000000, 8.250000000000000000 ) ) ;
#7468 = ORIENTED_EDGE ( 'NONE', *, *, #3317, .T. ) ;
#7469 = DIRECTION ( 'NONE',  ( 0.000000000000000000, 0.000000000000000000, 1.000000000000000000 ) ) ;
#7470 = ORIENTED_EDGE ( 'NONE', *, *, #2052, .F. ) ;
#7471 = AXIS2_PLACEMENT_3D ( 'NONE', #1068, #319, #2605 ) ;
#7472 = DIRECTION ( 'NONE',  ( 1.000000000000000000, -0.000000000000000000, -0.000000000000000000 ) ) ;
#7473 = EDGE_LOOP ( 'NONE', ( #6952, #362, #4484, #1968, #1723, #8260 ) ) ;
#7475 = EDGE_CURVE ( 'NONE', #10742, #7503, #2795, .T. ) ;
#7474 = CARTESIAN_POINT ( 'NONE',  ( -29.81007189365366372, -2.624222992386002318, -3.615000000000000213 ) ) ;
#7476 = EDGE_CURVE ( 'NONE', #6175, #1745, #1313, .T. ) ;
#7477 = VERTEX_POINT ( 'NONE', #7546 ) ;
#7478 = CIRCLE ( 'NONE', #8528, 0.3000000000000016542 ) ;
#7480 = CARTESIAN_POINT ( 'NONE',  ( -51.75650430357857346, 7.536768672106220812, -4.009004978326773383 ) ) ;
#7479 = PRODUCT_CONTEXT ( 'NONE', #9122, 'mechanical' ) ;
#7481 = DIRECTION ( 'NONE',  ( 0.000000000000000000, 0.000000000000000000, -1.000000000000000000 ) ) ;
#7482 = VERTEX_POINT ( 'NONE', #5250 ) ;
#7483 = LINE ( 'NONE', #2412, #5826 ) ;
#7484 = DIRECTION ( 'NONE',  ( 0.000000000000000000, 0.000000000000000000, 1.000000000000000000 ) ) ;
#7485 = CARTESIAN_POINT ( 'NONE',  ( -19.54999999999998295, 16.60001199999999955, -14.75000000000000355 ) ) ;
#7486 = EDGE_CURVE ( 'NONE', #7600, #3145, #537, .T. ) ;
#7487 = CARTESIAN_POINT ( 'NONE',  ( 20.20000000000000995, 0.5000000000000004441, -10.25000000000000178 ) ) ;
#7488 = EDGE_LOOP ( 'NONE', ( #7991, #655, #3513, #5131, #6247, #2035, #541, #7984, #6273, #6207, #5370, #3432, #9595, #4959, #6740, #5814, #9162, #9745, #1717, #3927 ) ) ;
#7489 = EDGE_LOOP ( 'NONE', ( #6962, #5923, #9636, #4928 ) ) ;
#7490 = VERTEX_POINT ( 'NONE', #4277 ) ;
#7491 = FACE_OUTER_BOUND ( 'NONE', #5174, .T. ) ;
#7493 = CARTESIAN_POINT ( 'NONE',  ( 1.486764281119465680, 15.10000000000000142, 14.75000000000000000 ) ) ;
#7492 = CARTESIAN_POINT ( 'NONE',  ( 51.50000000000001421, 13.00000000000000178, 4.000000000000000000 ) ) ;
#7494 = ORIENTED_EDGE ( 'NONE', *, *, #7950, .T. ) ;
#7495 = ORIENTED_EDGE ( 'NONE', *, *, #7420, .T. ) ;
#7496 = EDGE_CURVE ( 'NONE', #2197, #10412, #8034, .T. ) ;
#7497 = VECTOR ( 'NONE', #629, 1000.000000000000000 ) ;
#7498 = CARTESIAN_POINT ( 'NONE',  ( -47.04999999999998295, 8.000000000000000000, 12.25000000000000000 ) ) ;
#7499 = ADVANCED_FACE ( 'NONE', ( #9413 ), #9797, .T. ) ;
#7500 = ORIENTED_EDGE ( 'NONE', *, *, #9380, .F. ) ;
#7501 = FACE_OUTER_BOUND ( 'NONE', #10253, .T. ) ;
#7502 = FACE_OUTER_BOUND ( 'NONE', #190, .T. ) ;
#7503 = VERTEX_POINT ( 'NONE', #8433 ) ;
#7504 = VECTOR ( 'NONE', #5363, 1000.000000000000000 ) ;
#7505 = EDGE_CURVE ( 'NONE', #4747, #6777, #2531, .T. ) ;
#7506 = DIRECTION ( 'NONE',  ( 0.000000000000000000, 1.000000000000000000, -0.000000000000000000 ) ) ;
#7507 = CARTESIAN_POINT ( 'NONE',  ( -49.79999999999998295, 15.10000000000000142, 9.499999999999998224 ) ) ;
#7508 = CARTESIAN_POINT ( 'NONE',  ( -51.75456334646849399, 8.624434568406565305, 4.262417259502918832 ) ) ;
#7509 = DIRECTION ( 'NONE',  ( -1.000000000000000000, -0.000000000000000000, -0.000000000000000000 ) ) ;
#7510 = CARTESIAN_POINT ( 'NONE',  ( -51.50000002018758494, 7.257062783563074326, 3.986874153505352236 ) ) ;
#7511 = DIRECTION ( 'NONE',  ( -0.000000000000000000, 1.000000000000000000, -0.000000000000000000 ) ) ;
#7512 = EDGE_LOOP ( 'NONE', ( #3455, #5416, #8240, #5261 ) ) ;
#7513 = EDGE_CURVE ( 'NONE', #4637, #10525, #9527, .T. ) ;
#7514 = CARTESIAN_POINT ( 'NONE',  ( 47.04999999999999716, 8.000000000000000000, 8.650000000000000355 ) ) ;
#7515 = ORIENTED_EDGE ( 'NONE', *, *, #1901, .T. ) ;
#7516 = DIRECTION ( 'NONE',  ( -0.000000000000000000, -0.000000000000000000, 1.000000000000000000 ) ) ;
#7517 = CARTESIAN_POINT ( 'NONE',  ( -51.99999999999998579, 6.899999999999998579, -2.925000000000042899 ) ) ;
#7518 = ORIENTED_EDGE ( 'NONE', *, *, #2940, .F. ) ;
#7519 = LINE ( 'NONE', #4142, #9142 ) ;
#7520 = ORIENTED_EDGE ( 'NONE', *, *, #3394, .T. ) ;
#7521 = LINE ( 'NONE', #3439, #4255 ) ;
#7522 = DIRECTION ( 'NONE',  ( 0.000000000000000000, 0.000000000000000000, 1.000000000000000000 ) ) ;
#7523 = VERTEX_POINT ( 'NONE', #10087 ) ;
#7524 = ORIENTED_EDGE ( 'NONE', *, *, #5615, .T. ) ;
#7525 = DIRECTION ( 'NONE',  ( 0.000000000000000000, 0.000000000000000000, 1.000000000000000000 ) ) ;
#7526 = EDGE_CURVE ( 'NONE', #6667, #9816, #2586, .T. ) ;
#7527 = CARTESIAN_POINT ( 'NONE',  ( -51.76211380852810606, 9.442709853813035181, -3.863961515592233553 ) ) ;
#7528 = DIRECTION ( 'NONE',  ( 1.000000000000000000, 0.000000000000000000, 1.020425574104004196E-15 ) ) ;
#7529 = AXIS2_PLACEMENT_3D ( 'NONE', #8562, #5396, #8726 ) ;
#7530 = ORIENTED_EDGE ( 'NONE', *, *, #6937, .T. ) ;
#7531 = DIRECTION ( 'NONE',  ( -1.020425574104004196E-15, -0.000000000000000000, 1.000000000000000000 ) ) ;
#7532 = LINE ( 'NONE', #63, #9838 ) ;
#7533 = DIRECTION ( 'NONE',  ( 0.3420201433256697121, 0.000000000000000000, 0.9396926207859080948 ) ) ;
#7534 = LINE ( 'NONE', #5904, #9878 ) ;
#7535 = DIRECTION ( 'NONE',  ( 0.000000000000000000, 0.000000000000000000, 1.000000000000000000 ) ) ;
#7536 = CARTESIAN_POINT ( 'NONE',  ( -30.28999999999999204, 6.296018041280833089, -3.064999999999999947 ) ) ;
#7537 = EDGE_LOOP ( 'NONE', ( #7257, #385, #7677, #5575 ) ) ;
#7538 = CIRCLE ( 'NONE', #10348, 5.199999999999985967 ) ;
#7539 = VERTEX_POINT ( 'NONE', #10410 ) ;
#7540 = TOROIDAL_SURFACE ( 'NONE', #219, 9.300000000000013145, 0.2999999999999999889 ) ;
#7541 = ORIENTED_EDGE ( 'NONE', *, *, #8904, .T. ) ;
#7542 = FACE_OUTER_BOUND ( 'NONE', #7393, .T. ) ;
#7543 = EDGE_CURVE ( 'NONE', #2931, #9968, #8696, .T. ) ;
#7544 = ADVANCED_FACE ( 'NONE', ( #501 ), #3769, .F. ) ;
#7546 = CARTESIAN_POINT ( 'NONE',  ( 34.76143789659458605, 0.000000000000000000, 0.6299575590043899886 ) ) ;
#7545 = CARTESIAN_POINT ( 'NONE',  ( -31.47472780755320443, 0.2000000000000000111, -3.615000000000000213 ) ) ;
#7547 = VERTEX_POINT ( 'NONE', #4649 ) ;
#7548 = TOROIDAL_SURFACE ( 'NONE', #3695, 1.600000000000000755, 0.2999999999999999889 ) ;
#7549 = ORIENTED_EDGE ( 'NONE', *, *, #4876, .T. ) ;
#7550 = VECTOR ( 'NONE', #10641, 1000.000000000000000 ) ;
#7551 = VECTOR ( 'NONE', #5087, 1000.000000000000114 ) ;
#7552 = CYLINDRICAL_SURFACE ( 'NONE', #2839, 0.2999999999999999334 ) ;
#7553 = ORIENTED_EDGE ( 'NONE', *, *, #6762, .F. ) ;
#7554 = CARTESIAN_POINT ( 'NONE',  ( -25.04999999999997939, 13.30000000000000071, -12.24999999999999822 ) ) ;
#7555 = CARTESIAN_POINT ( 'NONE',  ( 37.96765030147767561, 0.1248391197358938443, 2.766862494131239636 ) ) ;
#7556 = ORIENTED_EDGE ( 'NONE', *, *, #10373, .F. ) ;
#7557 = EDGE_LOOP ( 'NONE', ( #7724, #346 ) ) ;
#7558 = AXIS2_PLACEMENT_3D ( 'NONE', #1791, #5988, #207 ) ;
#7559 = EDGE_CURVE ( 'NONE', #5160, #9018, #8393, .T. ) ;
#7560 = VECTOR ( 'NONE', #3295, 1000.000000000000000 ) ;
#7561 = VECTOR ( 'NONE', #1227, 1000.000000000000000 ) ;
#7562 = EDGE_CURVE ( 'NONE', #4987, #4496, #4534, .T. ) ;
#7563 = CARTESIAN_POINT ( 'NONE',  ( 1.050000000000021361, 15.10000000000000142, -13.35000000000015774 ) ) ;
#7564 = CARTESIAN_POINT ( 'NONE',  ( 6.382420150553323346, 0.000000000000000000, 11.05467597600972596 ) ) ;
#7565 = FACE_OUTER_BOUND ( 'NONE', #3456, .T. ) ;
#7566 = VECTOR ( 'NONE', #3638, 1000.000000000000000 ) ;
#7567 = CARTESIAN_POINT ( 'NONE',  ( -31.51661123066064363, 3.000000000000000000, -8.850000000000054712 ) ) ;
#7568 = LINE ( 'NONE', #5769, #6664 ) ;
#7569 = AXIS2_PLACEMENT_3D ( 'NONE', #2701, #9166, #10099 ) ;
#7570 = LINE ( 'NONE', #99, #10391 ) ;
#7571 = VECTOR ( 'NONE', #5102, 1000.000000000000000 ) ;
#7572 = ORIENTED_EDGE ( 'NONE', *, *, #1728, .F. ) ;
#7573 = AXIS2_PLACEMENT_3D ( 'NONE', #8606, #10266, #5980 ) ;
#7574 = CARTESIAN_POINT ( 'NONE',  ( 40.80000000000001137, 5.500000000000000000, 8.250000000000000000 ) ) ;
#7575 = ORIENTED_EDGE ( 'NONE', *, *, #6756, .F. ) ;
#7576 = CARTESIAN_POINT ( 'NONE',  ( -33.54999999999998295, 6.500000000000000888, 0.000000000000000000 ) ) ;
#7577 = VECTOR ( 'NONE', #7756, 1000.000000000000000 ) ;
#7578 = DIRECTION ( 'NONE',  ( 0.000000000000000000, 0.000000000000000000, -1.000000000000000000 ) ) ;
#7579 = VERTEX_POINT ( 'NONE', #6940 ) ;
#7580 = DIRECTION ( 'NONE',  ( -1.176083712526649195E-16, 0.000000000000000000, -1.000000000000000000 ) ) ;
#7581 = ORIENTED_EDGE ( 'NONE', *, *, #9685, .T. ) ;
#7582 = CARTESIAN_POINT ( 'NONE',  ( -31.28999999999999204, 2.820913717569120127, -9.850000000000052935 ) ) ;
#7583 = EDGE_CURVE ( 'NONE', #837, #4996, #7152, .T. ) ;
#7584 = CYLINDRICAL_SURFACE ( 'NONE', #9415, 0.3000000000000016542 ) ;
#7585 = CIRCLE ( 'NONE', #1832, 2.400000000000000799 ) ;
#7586 = ORIENTED_EDGE ( 'NONE', *, *, #3735, .F. ) ;
#7587 = EDGE_LOOP ( 'NONE', ( #2172, #4330, #2539, #7840, #4526, #2966, #4545, #7709, #7932, #1866, #3779, #8987 ) ) ;
#7588 = LINE ( 'NONE', #6814, #5118 ) ;
#7589 = CARTESIAN_POINT ( 'NONE',  ( -51.75455412270069644, 8.171060701784730540, -4.261849622335499355 ) ) ;
#7590 = VECTOR ( 'NONE', #832, 1000.000000000000000 ) ;
#7591 = CARTESIAN_POINT ( 'NONE',  ( 6.382420150553264726, 0.2999999999999999889, 11.05467597600966556 ) ) ;
#7592 = EDGE_LOOP ( 'NONE', ( #10081, #10659, #10072, #2111 ) ) ;
#7593 = DIRECTION ( 'NONE',  ( 1.000000000000000000, 0.000000000000000000, 0.000000000000000000 ) ) ;
#7594 = EDGE_CURVE ( 'NONE', #5722, #4372, #10465, .T. ) ;
#7595 = DIRECTION ( 'NONE',  ( 1.000000000000000000, 0.000000000000000000, 0.000000000000000000 ) ) ;
#7596 = DIRECTION ( 'NONE',  ( 0.000000000000000000, 0.000000000000000000, 1.000000000000000000 ) ) ;
#7597 = ADVANCED_FACE ( 'NONE', ( #2955 ), #391, .F. ) ;
#7598 = LINE ( 'NONE', #9250, #5145 ) ;
#7599 = CARTESIAN_POINT ( 'NONE',  ( -30.28999999999999204, 6.296018041280833089, -3.064999999999999947 ) ) ;
#7600 = VERTEX_POINT ( 'NONE', #5465 ) ;
#7601 = VECTOR ( 'NONE', #9077, 1000.000000000000000 ) ;
#7602 = ORIENTED_EDGE ( 'NONE', *, *, #4204, .T. ) ;
#7603 = CIRCLE ( 'NONE', #2892, 1.500000000000001332 ) ;
#7604 = ORIENTED_EDGE ( 'NONE', *, *, #2951, .T. ) ;
#7605 = DIRECTION ( 'NONE',  ( -1.000000000000000000, 0.000000000000000000, 0.000000000000000000 ) ) ;
#7607 = FACE_OUTER_BOUND ( 'NONE', #139, .T. ) ;
#7606 = CARTESIAN_POINT ( 'NONE',  ( -51.79999999999999005, 9.875312345479720477, 3.137801170208941670 ) ) ;
#7608 = ORIENTED_EDGE ( 'NONE', *, *, #5692, .T. ) ;
#7609 = AXIS2_PLACEMENT_3D ( 'NONE', #8975, #554, #9749 ) ;
#7610 = CARTESIAN_POINT ( 'NONE',  ( -30.28999999999999204, 6.500000000000000888, 10.25000000000000000 ) ) ;
#7611 = ORIENTED_EDGE ( 'NONE', *, *, #2975, .T. ) ;
#7612 = CARTESIAN_POINT ( 'NONE',  ( 51.50000000000001421, 9.000000000000001776, -9.500000000000001776 ) ) ;
#7613 = DIRECTION ( 'NONE',  ( 0.000000000000000000, 1.000000000000000000, 0.000000000000000000 ) ) ;
#7614 = ORIENTED_EDGE ( 'NONE', *, *, #3050, .F. ) ;
#7615 = EDGE_CURVE ( 'NONE', #4254, #10122, #9582, .T. ) ;
#7616 = VERTEX_POINT ( 'NONE', #5523 ) ;
#7617 = ADVANCED_FACE ( 'NONE', ( #7050 ), #10830, .T. ) ;
#7618 = VECTOR ( 'NONE', #7020, 1000.000000000000000 ) ;
#7619 = DIRECTION ( 'NONE',  ( -0.000000000000000000, -1.000000000000000000, 0.000000000000000000 ) ) ;
#7620 = CARTESIAN_POINT ( 'NONE',  ( -1.549999999999978506, 15.10000000000000142, 14.75000000000000178 ) ) ;
#7621 = CARTESIAN_POINT ( 'NONE',  ( -51.75411310831069756, 7.848321591041693246, 4.174880509859469235 ) ) ;
#7622 = FACE_OUTER_BOUND ( 'NONE', #1615, .T. ) ;
#7623 = EDGE_CURVE ( 'NONE', #8809, #4358, #4192, .T. ) ;
#7624 = DIRECTION ( 'NONE',  ( 0.000000000000000000, 0.000000000000000000, 1.000000000000000000 ) ) ;
#7625 = DIRECTION ( 'NONE',  ( -1.000000000000000000, -1.758281308145593320E-15, 0.000000000000000000 ) ) ;
#7626 = TOROIDAL_SURFACE ( 'NONE', #2918, 5.199999999999985967, 0.2999999999999999889 ) ;
#7627 = EDGE_CURVE ( 'NONE', #817, #4379, #2306, .T. ) ;
#7628 = VERTEX_POINT ( 'NONE', #9957 ) ;
#7629 = PLANE ( 'NONE',  #10809 ) ;
#7630 = VERTEX_POINT ( 'NONE', #8205 ) ;
#7631 = DIRECTION ( 'NONE',  ( 0.000000000000000000, -1.000000000000000000, 0.000000000000000000 ) ) ;
#7632 = FACE_OUTER_BOUND ( 'NONE', #2615, .T. ) ;
#7633 = EDGE_CURVE ( 'NONE', #2462, #3634, #1949, .T. ) ;
#7634 = DIRECTION ( 'NONE',  ( 0.000000000000000000, 4.336808689942013792E-16, -1.000000000000000000 ) ) ;
#7635 = ORIENTED_EDGE ( 'NONE', *, *, #2913, .T. ) ;
#7636 = ORIENTED_EDGE ( 'NONE', *, *, #3050, .T. ) ;
#7637 = EDGE_CURVE ( 'NONE', #920, #8483, #1544, .T. ) ;
#7638 = DIRECTION ( 'NONE',  ( 0.000000000000000000, 0.000000000000000000, -1.000000000000000000 ) ) ;
#7639 = AXIS2_PLACEMENT_3D ( 'NONE', #3480, #7790, #3636 ) ;
#7640 = CARTESIAN_POINT ( 'NONE',  ( -51.75422514057979839, 7.948527322046819776, -4.210235238010401559 ) ) ;
#7641 = CARTESIAN_POINT ( 'NONE',  ( 0.000000000000000000, 13.30000000000000071, 12.24999999999999822 ) ) ;
#7642 = ORIENTED_EDGE ( 'NONE', *, *, #9901, .T. ) ;
#7643 = LINE ( 'NONE', #5755, #3015 ) ;
#7644 = DIRECTION ( 'NONE',  ( 0.000000000000000000, -0.000000000000000000, -1.000000000000000000 ) ) ;
#7645 = CARTESIAN_POINT ( 'NONE',  ( 35.57951162706820725, 0.2077789836488291020, -0.2703496250802330247 ) ) ;
#7646 = FACE_OUTER_BOUND ( 'NONE', #3293, .T. ) ;
#7647 = PLANE ( 'NONE',  #7026 ) ;
#7648 = VERTEX_POINT ( 'NONE', #3279 ) ;
#7649 = VECTOR ( 'NONE', #7078, 1000.000000000000000 ) ;
#7650 = ORIENTED_EDGE ( 'NONE', *, *, #10311, .F. ) ;
#7651 = VERTEX_POINT ( 'NONE', #3986 ) ;
#7652 = EDGE_CURVE ( 'NONE', #2166, #8214, #3121, .T. ) ;
#7653 = DIRECTION ( 'NONE',  ( 0.000000000000000000, 0.000000000000000000, 1.000000000000000000 ) ) ;
#7654 = ADVANCED_FACE ( 'NONE', ( #5578 ), #4035, .T. ) ;
#7656 = DIRECTION ( 'NONE',  ( -1.000000000000000000, -1.506492794866855939E-14, 0.000000000000000000 ) ) ;
#7655 = DIRECTION ( 'NONE',  ( 1.000000000000000000, 0.000000000000000000, 1.843489347478009811E-17 ) ) ;
#7657 = ORIENTED_EDGE ( 'NONE', *, *, #6682, .F. ) ;
#7658 = B_SPLINE_CURVE_WITH_KNOTS ( 'NONE', 3,
 ( #3284, #4041, #4979, #7369, #9911, #936, #4923, #3393 ),
 .UNSPECIFIED., .F., .F.,
 ( 4, 2, 2, 4 ),
 ( -3.466145320679504457E-06, 0.0002882777914485951153, 0.0004341497598332365250, 0.0005800217282178780432 ),
 .UNSPECIFIED. ) ;
#7659 = CARTESIAN_POINT ( 'NONE',  ( -40.08977263648107225, 0.1999999999999987899, 3.415000000000000036 ) ) ;
#7660 = CARTESIAN_POINT ( 'NONE',  ( 0.000000000000000000, 8.000000000000000000, -12.25000000000000178 ) ) ;
#7661 = LINE ( 'NONE', #9375, #4432 ) ;
#7662 = EDGE_LOOP ( 'NONE', ( #4176, #836, #7001, #9810 ) ) ;
#7663 = ORIENTED_EDGE ( 'NONE', *, *, #10085, .F. ) ;
#7664 = ORIENTED_EDGE ( 'NONE', *, *, #4861, .F. ) ;
#7665 = DIRECTION ( 'NONE',  ( 0.000000000000000000, 0.000000000000000000, 1.000000000000000000 ) ) ;
#7666 = AXIS2_PLACEMENT_3D ( 'NONE', #4786, #7506, #4893 ) ;
#7667 = DIRECTION ( 'NONE',  ( 0.8660254037844379305, -0.000000000000000000, -0.5000000000000011102 ) ) ;
#7669 = EDGE_CURVE ( 'NONE', #4592, #2427, #9211, .T. ) ;
#7668 = CARTESIAN_POINT ( 'NONE',  ( -52.74999999999998579, 3.000000000000000000, -6.750000000000001776 ) ) ;
#7670 = DIRECTION ( 'NONE',  ( 0.000000000000000000, 0.000000000000000000, 1.000000000000000000 ) ) ;
#7671 = CARTESIAN_POINT ( 'NONE',  ( -51.75955632327768541, 9.292356794821907684, 4.000050849201683967 ) ) ;
#7672 = ORIENTED_EDGE ( 'NONE', *, *, #6154, .F. ) ;
#7673 = CARTESIAN_POINT ( 'NONE',  ( 20.20000000000000995, 0.1999999999999987899, 8.349999999999997868 ) ) ;
#7674 = VECTOR ( 'NONE', #7883, 999.9999999999998863 ) ;
#7675 = VERTEX_POINT ( 'NONE', #5786 ) ;
#7676 = CARTESIAN_POINT ( 'NONE',  ( -19.54999999999997584, 11.00000000000000178, 12.24999999999999822 ) ) ;
#7677 = ORIENTED_EDGE ( 'NONE', *, *, #8744, .T. ) ;
#7678 = LINE ( 'NONE', #6917, #3034 ) ;
#7679 = EDGE_CURVE ( 'NONE', #3368, #6324, #4477, .T. ) ;
#7680 = CARTESIAN_POINT ( 'NONE',  ( -34.32300333360995381, 0.1748349968067964832, 3.615000000000000657 ) ) ;
#7681 = CARTESIAN_POINT ( 'NONE',  ( -39.98506879479626974, 0.1999999999999996503, -3.615000000000000213 ) ) ;
#7682 = CARTESIAN_POINT ( 'NONE',  ( -34.32300333360996092, 0.1748349968067967886, -8.850000000000056488 ) ) ;
#7683 = AXIS2_PLACEMENT_3D ( 'NONE', #7474, #47, #1641 ) ;
#7684 = VERTEX_POINT ( 'NONE', #4917 ) ;
#7685 = EDGE_CURVE ( 'NONE', #9577, #2793, #2242, .T. ) ;
#7686 = EDGE_LOOP ( 'NONE', ( #8638, #10293, #10633, #4354, #8985, #4890, #1096, #4527, #4632, #6125 ) ) ;
#7687 = DIRECTION ( 'NONE',  ( 1.000000000000000000, 0.000000000000000000, 0.000000000000000000 ) ) ;
#7688 = ADVANCED_FACE ( 'NONE', ( #8974 ), #772, .F. ) ;
#7689 = DIRECTION ( 'NONE',  ( 1.000000000000000000, 0.000000000000000000, 0.000000000000000000 ) ) ;
#7690 = VERTEX_POINT ( 'NONE', #6603 ) ;
#7691 = CYLINDRICAL_SURFACE ( 'NONE', #9129, 1.300000000000000711 ) ;
#7692 = CARTESIAN_POINT ( 'NONE',  ( -25.04999999999997939, 13.30000000000000071, -13.54999999999999893 ) ) ;
#7693 = CARTESIAN_POINT ( 'NONE',  ( 0.000000000000000000, 11.00000000000000178, 14.75000000000000000 ) ) ;
#7694 = LINE ( 'NONE', #9517, #6373 ) ;
#7695 = LINE ( 'NONE', #5302, #1016 ) ;
#7696 = EDGE_CURVE ( 'NONE', #2851, #2185, #482, .T. ) ;
#7697 = ORIENTED_EDGE ( 'NONE', *, *, #8523, .T. ) ;
#7698 = VERTEX_POINT ( 'NONE', #10574 ) ;
#7699 = B_SPLINE_CURVE_WITH_KNOTS ( 'NONE', 3,
 ( #956, #8438, #1776, #2748 ),
 .UNSPECIFIED., .F., .F.,
 ( 4, 4 ),
 ( 0.000000000000000000, 0.0001077286665339028825 ),
 .UNSPECIFIED. ) ;
#7700 = AXIS2_PLACEMENT_3D ( 'NONE', #6478, #4016, #10550 ) ;
#7701 = CARTESIAN_POINT ( 'NONE',  ( 31.01791715065476041, -4.705738595857136369E-18, -7.592751484835235765 ) ) ;
#7703 = DIRECTION ( 'NONE',  ( -0.000000000000000000, -1.000000000000000000, -0.000000000000000000 ) ) ;
#7702 = DIRECTION ( 'NONE',  ( 1.000000000000000000, 0.000000000000000000, 0.000000000000000000 ) ) ;
#7704 = ORIENTED_EDGE ( 'NONE', *, *, #8151, .F. ) ;
#7705 = ORIENTED_EDGE ( 'NONE', *, *, #1076, .T. ) ;
#7706 = CARTESIAN_POINT ( 'NONE',  ( -51.88705538435189624, 8.291562316800577648, -4.224942351437036336 ) ) ;
#7707 = CARTESIAN_POINT ( 'NONE',  ( 26.15635347795577914, 0.2999999999999999889, -5.723830892551231564 ) ) ;
#7708 = VECTOR ( 'NONE', #3733, 1000.000000000000000 ) ;
#7709 = ORIENTED_EDGE ( 'NONE', *, *, #8482, .T. ) ;
#7710 = AXIS2_PLACEMENT_3D ( 'NONE', #10103, #2599, #1621 ) ;
#7711 = CARTESIAN_POINT ( 'NONE',  ( -44.74999999999998579, 3.000000000000000000, -6.750000000000002665 ) ) ;
#7712 = FACE_OUTER_BOUND ( 'NONE', #2450, .T. ) ;
#7713 = EDGE_CURVE ( 'NONE', #835, #5336, #6399, .T. ) ;
#7714 = EDGE_LOOP ( 'NONE', ( #10825, #5784, #4061, #10224 ) ) ;
#7715 = VERTEX_POINT ( 'NONE', #8920 ) ;
#7716 = VERTEX_POINT ( 'NONE', #1432 ) ;
#7717 = FACE_OUTER_BOUND ( 'NONE', #10291, .T. ) ;
#7718 = AXIS2_PLACEMENT_3D ( 'NONE', #3137, #4829, #3087 ) ;
#7719 = CARTESIAN_POINT ( 'NONE',  ( -25.04999999999997939, 11.00000000000000178, 12.24999999999999822 ) ) ;
#7720 = CARTESIAN_POINT ( 'NONE',  ( -51.75476218285804464, 8.287848702076637153, 4.275054182253314572 ) ) ;
#7721 = DIRECTION ( 'NONE',  ( -0.000000000000000000, 1.000000000000000000, -0.000000000000000000 ) ) ;
#7722 = CARTESIAN_POINT ( 'NONE',  ( 25.46802043089040524, 0.1300423822510691496, -0.2541858920927002052 ) ) ;
#7723 = VECTOR ( 'NONE', #5183, 1000.000000000000000 ) ;
#7724 = ORIENTED_EDGE ( 'NONE', *, *, #2212, .T. ) ;
#7725 = CARTESIAN_POINT ( 'NONE',  ( -30.28999999999998849, 2.820913717569120127, 8.349999999999996092 ) ) ;
#7726 = EDGE_CURVE ( 'NONE', #6989, #2634, #4753, .T. ) ;
#7727 = EDGE_CURVE ( 'NONE', #7651, #5437, #10624, .T. ) ;
#7728 = AXIS2_PLACEMENT_3D ( 'NONE', #1863, #4472, #3547 ) ;
#7729 = CIRCLE ( 'NONE', #734, 2.999999999999999112 ) ;
#7730 = ORIENTED_EDGE ( 'NONE', *, *, #2563, .T. ) ;
#7731 = AXIS2_PLACEMENT_3D ( 'NONE', #7079, #8779, #5341 ) ;
#7732 = DIRECTION ( 'NONE',  ( -1.000000000000000000, -0.000000000000000000, 5.545730697581131175E-17 ) ) ;
#7733 = ORIENTED_EDGE ( 'NONE', *, *, #5605, .F. ) ;
#7734 = CARTESIAN_POINT ( 'NONE',  ( -31.45678631915142631, 0.2827931057192691333, -8.850000000000052935 ) ) ;
#7735 = AXIS2_PLACEMENT_3D ( 'NONE', #1709, #1597, #3335 ) ;
#7736 = CARTESIAN_POINT ( 'NONE',  ( -2.115732324656922166E-15, 1.000000000000000000, 4.549999999999978506 ) ) ;
#7737 = CIRCLE ( 'NONE', #4419, 5.250000000000002665 ) ;
#7738 = PLANE ( 'NONE',  #1611 ) ;
#7739 = FACE_OUTER_BOUND ( 'NONE', #9997, .T. ) ;
#7740 =( BOUNDED_CURVE ( )  B_SPLINE_CURVE ( 3, ( #5254, #4326, #3663, #2909 ),
 .UNSPECIFIED., .F., .T. ) 
 B_SPLINE_CURVE_WITH_KNOTS ( ( 4, 4 ),
 ( 4.712388980384689674, 6.283185307179586232 ),
 .UNSPECIFIED. ) 
 CURVE ( )  GEOMETRIC_REPRESENTATION_ITEM ( )  RATIONAL_B_SPLINE_CURVE ( ( 1.000000000000000000, 0.8047378541243649375, 0.8047378541243649375, 1.000000000000000000 ) ) 
 REPRESENTATION_ITEM ( '' )  );
#7741 = ADVANCED_FACE ( 'NONE', ( #6654 ), #7626, .T. ) ;
#7742 = ADVANCED_FACE ( 'NONE', ( #3387 ), #6714, .T. ) ;
#7743 = CIRCLE ( 'NONE', #9163, 2.750000000000002665 ) ;
#7744 = VECTOR ( 'NONE', #2279, 1000.000000000000000 ) ;
#7745 = ORIENTED_EDGE ( 'NONE', *, *, #2503, .F. ) ;
#7746 = DIRECTION ( 'NONE',  ( 0.000000000000000000, 0.000000000000000000, 1.000000000000000000 ) ) ;
#7747 = DIRECTION ( 'NONE',  ( 0.000000000000000000, 0.000000000000000000, 1.000000000000000000 ) ) ;
#7748 = VERTEX_POINT ( 'NONE', #10329 ) ;
#7749 = DIRECTION ( 'NONE',  ( -1.000000000000000000, 0.000000000000000000, 0.000000000000000000 ) ) ;
#7750 = VECTOR ( 'NONE', #2911, 1000.000000000000000 ) ;
#7751 = ORIENTED_EDGE ( 'NONE', *, *, #6756, .T. ) ;
#7752 = CARTESIAN_POINT ( 'NONE',  ( -47.04999999999998295, 8.000000000000000000, -6.750000000000000000 ) ) ;
#7753 = ADVANCED_FACE ( 'NONE', ( #1186 ), #10124, .T. ) ;
#7754 = FACE_OUTER_BOUND ( 'NONE', #8413, .T. ) ;
#7755 = FACE_BOUND ( 'NONE', #3866, .T. ) ;
#7756 = DIRECTION ( 'NONE',  ( -0.000000000000000000, 1.000000000000000000, -0.000000000000000000 ) ) ;
#7757 = ORIENTED_EDGE ( 'NONE', *, *, #343, .T. ) ;
#7758 = ADVANCED_FACE ( 'NONE', ( #826 ), #6689, .T. ) ;
#7759 = EDGE_LOOP ( 'NONE', ( #2045, #3842, #5865, #5289 ) ) ;
#7760 = EDGE_LOOP ( 'NONE', ( #8971, #9024, #10681, #8143 ) ) ;
#7761 = VECTOR ( 'NONE', #3602, 1000.000000000000000 ) ;
#7762 = LINE ( 'NONE', #9522, #2199 ) ;
#7764 = DIRECTION ( 'NONE',  ( -0.000000000000000000, -1.000000000000000000, 0.000000000000000000 ) ) ;
#7763 = CARTESIAN_POINT ( 'NONE',  ( -30.40770030836796778, 6.046579023193680236, -9.361962529587488646 ) ) ;
#7765 = ORIENTED_EDGE ( 'NONE', *, *, #1219, .T. ) ;
#7766 = ORIENTED_EDGE ( 'NONE', *, *, #1854, .F. ) ;
#7767 = ORIENTED_EDGE ( 'NONE', *, *, #3598, .F. ) ;
#7768 = PLANE ( 'NONE',  #5806 ) ;
#7769 = PLANE ( 'NONE',  #9051 ) ;
#7770 = DIRECTION ( 'NONE',  ( -1.000000000000000000, 0.000000000000000000, -0.000000000000000000 ) ) ;
#7771 = CARTESIAN_POINT ( 'NONE',  ( -47.04999999999998295, 15.10000000000000142, 9.499999999999998224 ) ) ;
#7773 = ORIENTED_EDGE ( 'NONE', *, *, #9833, .T. ) ;
#7772 = AXIS2_PLACEMENT_3D ( 'NONE', #7230, #10585, #7169 ) ;
#7774 = EDGE_LOOP ( 'NONE', ( #8190, #822, #10731, #7294 ) ) ;
#7775 = ORIENTED_EDGE ( 'NONE', *, *, #7091, .F. ) ;
#7776 = ORIENTED_EDGE ( 'NONE', *, *, #4679, .F. ) ;
#7777 = VECTOR ( 'NONE', #2994, 1000.000000000000000 ) ;
#7778 = CARTESIAN_POINT ( 'NONE',  ( 9.519658948938198861, 5.500000000000000000, 10.25000000000000178 ) ) ;
#7779 = CARTESIAN_POINT ( 'NONE',  ( 40.80000000000001137, 8.000000000000000000, -7.250000000000000888 ) ) ;
#7780 = ADVANCED_FACE ( 'NONE', ( #8415 ), #9243, .T. ) ;
#7781 = CIRCLE ( 'NONE', #808, 0.7999999999999992673 ) ;
#7782 = CARTESIAN_POINT ( 'NONE',  ( 0.000000000000000000, 13.30000000000000071, -14.75000000000000178 ) ) ;
#7783 = DIRECTION ( 'NONE',  ( 0.000000000000000000, 1.000000000000000000, -0.000000000000000000 ) ) ;
#7784 = CARTESIAN_POINT ( 'NONE',  ( 47.04999999999999716, 3.000000000000000000, -9.500000000000000000 ) ) ;
#7785 = ORIENTED_EDGE ( 'NONE', *, *, #5022, .F. ) ;
#7786 = LINE ( 'NONE', #2813, #7920 ) ;
#7787 = CARTESIAN_POINT ( 'NONE',  ( -51.96871936047783436, 9.547599905068029358, 3.546295943922780136 ) ) ;
#7788 = AXIS2_PLACEMENT_3D ( 'NONE', #7517, #1634, #1021 ) ;
#7789 = ORIENTED_EDGE ( 'NONE', *, *, #10555, .T. ) ;
#7790 = DIRECTION ( 'NONE',  ( 1.000000000000000000, 0.000000000000000000, 0.000000000000000000 ) ) ;
#7791 = ORIENTED_EDGE ( 'NONE', *, *, #5511, .F. ) ;
#7792 = DIRECTION ( 'NONE',  ( 1.000000000000000000, -0.000000000000000000, -0.000000000000000000 ) ) ;
#7793 = EDGE_CURVE ( 'NONE', #9467, #2401, #8089, .T. ) ;
#7794 = EDGE_CURVE ( 'NONE', #9621, #9917, #6403, .T. ) ;
#7795 = DIRECTION ( 'NONE',  ( 0.000000000000000000, 0.000000000000000000, -1.000000000000000000 ) ) ;
#7796 = AXIS2_PLACEMENT_3D ( 'NONE', #8345, #10699, #10812 ) ;
#7797 = CARTESIAN_POINT ( 'NONE',  ( -40.08977263648107225, 0.1999999999999987899, -2.965000000000000302 ) ) ;
#7798 = DIRECTION ( 'NONE',  ( 1.000000000000000000, -0.000000000000000000, -0.000000000000000000 ) ) ;
#7799 = VECTOR ( 'NONE', #310, 1000.000000000000000 ) ;
#7800 = ORIENTED_EDGE ( 'NONE', *, *, #1892, .T. ) ;
#7801 = CARTESIAN_POINT ( 'NONE',  ( -29.81007189365366372, -2.624222992386002318, -8.850000000000052935 ) ) ;
#7802 = DIRECTION ( 'NONE',  ( 0.000000000000000000, 0.000000000000000000, -1.000000000000000000 ) ) ;
#7803 = VERTEX_POINT ( 'NONE', #4259 ) ;
#7804 = CARTESIAN_POINT ( 'NONE',  ( 3.550000000000022027, 15.10000000000000142, 13.45000000000015916 ) ) ;
#7805 = EDGE_CURVE ( 'NONE', #6176, #2027, #7451, .T. ) ;
#7806 = ADVANCED_FACE ( 'NONE', ( #877 ), #4200, .T. ) ;
#7807 =( BOUNDED_CURVE ( )  B_SPLINE_CURVE ( 3, ( #6639, #8192, #701, #1739 ),
 .UNSPECIFIED., .F., .T. ) 
 B_SPLINE_CURVE_WITH_KNOTS ( ( 4, 4 ),
 ( 3.168137486254775315, 4.712388980384687898 ),
 .UNSPECIFIED. ) 
 CURVE ( )  GEOMETRIC_REPRESENTATION_ITEM ( )  RATIONAL_B_SPLINE_CURVE ( ( 1.000000000000000000, 0.8109528274920966284, 0.8109528274920966284, 1.000000000000000000 ) ) 
 REPRESENTATION_ITEM ( '' )  );
#7808 = ORIENTED_EDGE ( 'NONE', *, *, #6459, .F. ) ;
#7809 = CARTESIAN_POINT ( 'NONE',  ( 22.23039777241905313, 0.000000000000000000, -6.604841829914293250 ) ) ;
#7810 = CARTESIAN_POINT ( 'NONE',  ( 35.38788868748262217, 0.02221052063481647118, -0.2059953629290450228 ) ) ;
#7811 = CARTESIAN_POINT ( 'NONE',  ( -35.05000000001246008, 5.500000000000000000, -12.24999999999454303 ) ) ;
#7812 = CARTESIAN_POINT ( 'NONE',  ( -39.98506879479626974, 0.1999999999999996503, 2.765000000000000124 ) ) ;
#7813 = VERTEX_POINT ( 'NONE', #9666 ) ;
#7814 = ORIENTED_EDGE ( 'NONE', *, *, #8880, .F. ) ;
#7815 = VERTEX_POINT ( 'NONE', #10495 ) ;
#7816 = CARTESIAN_POINT ( 'NONE',  ( 44.85000000000002984, 6.000000000000000000, 0.000000000000000000 ) ) ;
#7818 = CARTESIAN_POINT ( 'NONE',  ( -30.28999999999999204, 3.179086282430880317, -9.850000000000052935 ) ) ;
#7817 = FACE_OUTER_BOUND ( 'NONE', #5120, .T. ) ;
#7819 = EDGE_LOOP ( 'NONE', ( #7814, #9417, #5305, #7030 ) ) ;
#7820 = VERTEX_POINT ( 'NONE', #8067 ) ;
#7821 = ADVANCED_FACE ( 'NONE', ( #6428 ), #9559, .T. ) ;
#7822 = ORIENTED_EDGE ( 'NONE', *, *, #8942, .T. ) ;
#7823 = CYLINDRICAL_SURFACE ( 'NONE', #1092, 0.2000000000000000944 ) ;
#7824 = DIRECTION ( 'NONE',  ( -0.000000000000000000, 1.000000000000000000, -0.000000000000000000 ) ) ;
#7825 = CIRCLE ( 'NONE', #7301, 5.250000000000002665 ) ;
#7826 = EDGE_LOOP ( 'NONE', ( #284, #8515, #2471, #1453 ) ) ;
#7827 = FACE_OUTER_BOUND ( 'NONE', #4440, .T. ) ;
#7828 = CARTESIAN_POINT ( 'NONE',  ( -51.88850472028422445, 8.613676031935867172, -4.211750111036909772 ) ) ;
#7829 = ORIENTED_EDGE ( 'NONE', *, *, #7, .F. ) ;
#7830 = CIRCLE ( 'NONE', #2764, 0.8499999999999983125 ) ;
#7831 = EDGE_LOOP ( 'NONE', ( #8099, #10440, #4285, #3341, #1478, #10820, #663, #7914, #8092, #9473, #3078, #8939 ) ) ;
#7832 = ORIENTED_EDGE ( 'NONE', *, *, #7726, .T. ) ;
#7833 = ADVANCED_FACE ( 'NONE', ( #1295 ), #3964, .T. ) ;
#7834 = DIRECTION ( 'NONE',  ( 1.971236424878464453E-15, 0.000000000000000000, 1.000000000000000000 ) ) ;
#7835 = DIRECTION ( 'NONE',  ( 0.8660254037844384856, -0.000000000000000000, -0.5000000000000002220 ) ) ;
#7836 = CARTESIAN_POINT ( 'NONE',  ( -51.81931696081655758, 7.422005477804068718, 3.806794915006491919 ) ) ;
#7837 = LINE ( 'NONE', #1937, #3359 ) ;
#7838 = EDGE_CURVE ( 'NONE', #4222, #8483, #3908, .T. ) ;
#7839 = CARTESIAN_POINT ( 'NONE',  ( 53.40232526704264870, 8.000000000000000000, -7.250000000000000888 ) ) ;
#7840 = ORIENTED_EDGE ( 'NONE', *, *, #10822, .T. ) ;
#7841 = CARTESIAN_POINT ( 'NONE',  ( -31.23587268738103262, 2.924534992943961242, 8.349999991449008618 ) ) ;
#7842 = CARTESIAN_POINT ( 'NONE',  ( -31.27472780755320869, 0.000000000000000000, -8.850000000000054712 ) ) ;
#7843 = EDGE_CURVE ( 'NONE', #4833, #5849, #2230, .T. ) ;
#7844 = VERTEX_POINT ( 'NONE', #7080 ) ;
#7845 = CARTESIAN_POINT ( 'NONE',  ( 3.550000000000021139, 15.10000000000000142, -13.35000000000015952 ) ) ;
#7846 = DIRECTION ( 'NONE',  ( -0.000000000000000000, 0.000000000000000000, 1.000000000000000000 ) ) ;
#7847 = CARTESIAN_POINT ( 'NONE',  ( -51.99999999999998579, 7.102280827012615205, -3.001973684210525573 ) ) ;
#7848 = DIRECTION ( 'NONE',  ( 0.000000000000000000, 1.000000000000000000, 0.000000000000000000 ) ) ;
#7849 = DIRECTION ( 'NONE',  ( -3.384826294588891940E-16, -0.000000000000000000, -1.000000000000000000 ) ) ;
#7850 = CARTESIAN_POINT ( 'NONE',  ( 0.000000000000000000, 13.30000000000000071, 0.000000000000000000 ) ) ;
#7851 = VECTOR ( 'NONE', #4990, 1000.000000000000000 ) ;
#7852 = EDGE_CURVE ( 'NONE', #2742, #4848, #3149, .T. ) ;
#7853 = EDGE_CURVE ( 'NONE', #6755, #5535, #9779, .T. ) ;
#7854 = VERTEX_POINT ( 'NONE', #425 ) ;
#7855 = DIRECTION ( 'NONE',  ( 0.000000000000000000, 0.000000000000000000, -1.000000000000000000 ) ) ;
#7856 = DIRECTION ( 'NONE',  ( -1.000000000000000000, 0.000000000000000000, 0.000000000000000000 ) ) ;
#7857 = ORIENTED_EDGE ( 'NONE', *, *, #2699, .F. ) ;
#7858 = CARTESIAN_POINT ( 'NONE',  ( -51.76203848064531599, 9.441079406995742218, 3.865501394531486667 ) ) ;
#7859 = ORIENTED_EDGE ( 'NONE', *, *, #3795, .T. ) ;
#7860 = LINE ( 'NONE', #2835, #8264 ) ;
#7861 = CARTESIAN_POINT ( 'NONE',  ( -30.28999999999999204, 3.059698921511766923, -9.848062343657984385 ) ) ;
#7862 = CARTESIAN_POINT ( 'NONE',  ( 23.10788180854698837, 0.5000000000000000000, -7.483866831501342354 ) ) ;
#7863 = EDGE_CURVE ( 'NONE', #2224, #6499, #3343, .T. ) ;
#7864 = VERTEX_POINT ( 'NONE', #8724 ) ;
#7865 = ORIENTED_EDGE ( 'NONE', *, *, #6241, .F. ) ;
#7866 = ORIENTED_EDGE ( 'NONE', *, *, #8875, .T. ) ;
#7867 = DIRECTION ( 'NONE',  ( 0.000000000000000000, 1.000000000000000000, -0.000000000000000000 ) ) ;
#7869 = CARTESIAN_POINT ( 'NONE',  ( -51.79999999999998295, 8.400000000000000355, -2.449999999999999734 ) ) ;
#7868 = DIRECTION ( 'NONE',  ( 1.000000000000000000, 0.000000000000000000, 0.000000000000000000 ) ) ;
#7870 = ORIENTED_EDGE ( 'NONE', *, *, #2688, .T. ) ;
#7871 = ORIENTED_EDGE ( 'NONE', *, *, #5886, .F. ) ;
#7872 = ORIENTED_EDGE ( 'NONE', *, *, #10394, .F. ) ;
#7873 = CARTESIAN_POINT ( 'NONE',  ( -40.06980179287454291, 0.03950539805616481992, 8.408332963778557101 ) ) ;
#7874 = CARTESIAN_POINT ( 'NONE',  ( 51.50000000000001421, 9.000000000000001776, 9.499999999999998224 ) ) ;
#7875 = ORIENTED_EDGE ( 'NONE', *, *, #3524, .F. ) ;
#7876 = CARTESIAN_POINT ( 'NONE',  ( -51.75955632327764278, 7.507643205178219148, -4.000050849201828740 ) ) ;
#7877 = DIRECTION ( 'NONE',  ( 0.000000000000000000, 0.000000000000000000, 1.000000000000000000 ) ) ;
#7878 = ORIENTED_EDGE ( 'NONE', *, *, #1127, .F. ) ;
#7879 = ORIENTED_EDGE ( 'NONE', *, *, #9138, .T. ) ;
#7880 = EDGE_CURVE ( 'NONE', #1427, #9477, #6227, .T. ) ;
#7881 = ADVANCED_FACE ( 'NONE', ( #8840, #533 ), #7246, .T. ) ;
#7883 = DIRECTION ( 'NONE',  ( 0.8660254037844390407, 0.000000000000000000, 0.4999999999999995004 ) ) ;
#7882 = CARTESIAN_POINT ( 'NONE',  ( 51.50000000000001421, 13.00000000000000178, 4.000000000000000000 ) ) ;
#7884 = PLANE ( 'NONE',  #7919 ) ;
#7885 = DIRECTION ( 'NONE',  ( 0.000000000000000000, -0.000000000000000000, -1.000000000000000000 ) ) ;
#7886 = CYLINDRICAL_SURFACE ( 'NONE', #9474, 5.499999999999985789 ) ;
#7887 = VECTOR ( 'NONE', #9433, 1000.000000000000000 ) ;
#7888 = LINE ( 'NONE', #7839, #6835 ) ;
#7889 = DIRECTION ( 'NONE',  ( -0.000000000000000000, -0.000000000000000000, 1.000000000000000000 ) ) ;
#7890 = ORIENTED_EDGE ( 'NONE', *, *, #6616, .T. ) ;
#7891 = CARTESIAN_POINT ( 'NONE',  ( 47.05000000000001137, 0.000000000000000000, -11.75000000000000355 ) ) ;
#7892 = FACE_OUTER_BOUND ( 'NONE', #8909, .T. ) ;
#7893 = EDGE_CURVE ( 'NONE', #4000, #3578, #2115, .T. ) ;
#7894 = EDGE_CURVE ( 'NONE', #5209, #3943, #4663, .T. ) ;
#7895 = AXIS2_PLACEMENT_3D ( 'NONE', #2415, #3336, #10735 ) ;
#7896 = EDGE_LOOP ( 'NONE', ( #5017, #971, #9896, #8025 ) ) ;
#7897 = AXIS2_PLACEMENT_3D ( 'NONE', #4446, #198, #2051 ) ;
#7898 = DIRECTION ( 'NONE',  ( -0.000000000000000000, 1.000000000000000000, -0.000000000000000000 ) ) ;
#7899 = CARTESIAN_POINT ( 'NONE',  ( -40.03434658500975019, 0.1071145293931473896, 2.787877755913764855 ) ) ;
#7900 = CARTESIAN_POINT ( 'NONE',  ( -19.54999999999997939, 9.000000000000001776, -13.55000000000000249 ) ) ;
#7901 = FACE_OUTER_BOUND ( 'NONE', #5359, .T. ) ;
#7902 = FACE_OUTER_BOUND ( 'NONE', #9287, .T. ) ;
#7903 = AXIS2_PLACEMENT_3D ( 'NONE', #2947, #3600, #9516 ) ;
#7904 = VECTOR ( 'NONE', #2477, 1000.000000000000000 ) ;
#7905 = DIRECTION ( 'NONE',  ( 0.000000000000000000, 0.000000000000000000, 1.000000000000000000 ) ) ;
#7906 = ORIENTED_EDGE ( 'NONE', *, *, #6338, .F. ) ;
#7907 = CIRCLE ( 'NONE', #7207, 0.2888330770816419091 ) ;
#7908 = B_SPLINE_CURVE_WITH_KNOTS ( 'NONE', 3,
 ( #6136, #5428, #8000, #10366, #10483, #2864, #9483, #7067 ),
 .UNSPECIFIED., .F., .F.,
 ( 4, 2, 2, 4 ),
 ( 0.000000000000000000, 0.0001382025733524843889, 0.0002764051467049687778, 0.0005528102934099425429 ),
 .UNSPECIFIED. ) ;
#7909 = AXIS2_PLACEMENT_3D ( 'NONE', #3282, #2463, #1651 ) ;
#7910 = ORIENTED_EDGE ( 'NONE', *, *, #9138, .F. ) ;
#7911 = CIRCLE ( 'NONE', #596, 4.450000000000004619 ) ;
#7912 = DIRECTION ( 'NONE',  ( 0.000000000000000000, 1.000000000000000000, -0.000000000000000000 ) ) ;
#7913 = LINE ( 'NONE', #3595, #7423 ) ;
#7914 = ORIENTED_EDGE ( 'NONE', *, *, #9786, .T. ) ;
#7915 = ADVANCED_FACE ( 'NONE', ( #4562 ), #2176, .T. ) ;
#7916 = DIRECTION ( 'NONE',  ( 0.000000000000000000, 1.000000000000000000, 0.000000000000000000 ) ) ;
#7917 = CARTESIAN_POINT ( 'NONE',  ( 22.35788180854700613, 0.2505450496179578712, -6.184828725824670137 ) ) ;
#7918 = DIRECTION ( 'NONE',  ( 0.000000000000000000, 1.000000000000000000, -0.000000000000000000 ) ) ;
#7919 = AXIS2_PLACEMENT_3D ( 'NONE', #2161, #359, #3674 ) ;
#7920 = VECTOR ( 'NONE', #2871, 1000.000000000000000 ) ;
#7921 = CARTESIAN_POINT ( 'NONE',  ( 38.63172798364529825, 0.5000000000000000000, 6.181727983645293634 ) ) ;
#7922 = EDGE_LOOP ( 'NONE', ( #10213, #5869, #9116, #7515 ) ) ;
#7923 = AXIS2_PLACEMENT_3D ( 'NONE', #527, #6964, #1230 ) ;
#7924 = VERTEX_POINT ( 'NONE', #7900 ) ;
#7925 = VERTEX_POINT ( 'NONE', #478 ) ;
#7926 = PLANE ( 'NONE',  #6033 ) ;
#7928 = CARTESIAN_POINT ( 'NONE',  ( -30.28999999999998849, 3.074969646427815562, -8.901296524698059542 ) ) ;
#7927 = DIRECTION ( 'NONE',  ( 1.020425574104004196E-15, 0.000000000000000000, -1.000000000000000000 ) ) ;
#7929 = AXIS2_PLACEMENT_3D ( 'NONE', #3414, #10692, #846 ) ;
#7930 = ORIENTED_EDGE ( 'NONE', *, *, #4830, .T. ) ;
#7931 = EDGE_LOOP ( 'NONE', ( #7857, #4907 ) ) ;
#7932 = ORIENTED_EDGE ( 'NONE', *, *, #7679, .F. ) ;
#7933 = ADVANCED_FACE ( 'NONE', ( #7298, #2934 ), #6266, .T. ) ;
#7934 = VERTEX_POINT ( 'NONE', #8780 ) ;
#7935 = CARTESIAN_POINT ( 'NONE',  ( -51.51380946639079639, 7.465268144135361439, -4.121946119023296440 ) ) ;
#7936 = CARTESIAN_POINT ( 'NONE',  ( -30.28999999999999204, 3.179086282430880317, -9.850000000000052935 ) ) ;
#7937 = DIRECTION ( 'NONE',  ( 0.000000000000000000, 0.000000000000000000, 1.000000000000000000 ) ) ;
#7938 = DIRECTION ( 'NONE',  ( 0.000000000000000000, 1.000000000000000000, 0.000000000000000000 ) ) ;
#7939 = ORIENTED_EDGE ( 'NONE', *, *, #6092, .T. ) ;
#7940 = ORIENTED_EDGE ( 'NONE', *, *, #3357, .F. ) ;
#7941 = ORIENTED_EDGE ( 'NONE', *, *, #5430, .F. ) ;
#7942 = DIRECTION ( 'NONE',  ( 0.000000000000000000, -0.9982455176826025012, -0.05921052631579104553 ) ) ;
#7944 = DIRECTION ( 'NONE',  ( 0.000000000000000000, -1.000000000000000000, 0.000000000000000000 ) ) ;
#7943 = CARTESIAN_POINT ( 'NONE',  ( 29.82889104939038560, 0.09378038618371775659, -11.40410606111990077 ) ) ;
#7945 = CARTESIAN_POINT ( 'NONE',  ( -19.54999999999997584, 11.00000000000000178, -0.000000000000000000 ) ) ;
#7946 = DIRECTION ( 'NONE',  ( -1.000000000000000000, 0.000000000000000000, 0.000000000000000000 ) ) ;
#7947 = CARTESIAN_POINT ( 'NONE',  ( 47.04999999999999716, 3.000000000000000000, 8.650000000000000355 ) ) ;
#7948 = AXIS2_PLACEMENT_3D ( 'NONE', #8113, #1393, #9813 ) ;
#7949 = CARTESIAN_POINT ( 'NONE',  ( 42.80000000000001137, 8.000000000000000000, -12.25000000000000178 ) ) ;
#7950 = EDGE_CURVE ( 'NONE', #2403, #7547, #3959, .T. ) ;
#7951 = EDGE_CURVE ( 'NONE', #10424, #6206, #693, .T. ) ;
#7952 = VERTEX_POINT ( 'NONE', #6530 ) ;
#7953 = CARTESIAN_POINT ( 'NONE',  ( -47.04999999999999716, 3.000000000000000000, 9.500000000000000000 ) ) ;
#7954 = DIRECTION ( 'NONE',  ( 1.000000000000000000, -0.000000000000000000, 0.000000000000000000 ) ) ;
#7955 = ORIENTED_EDGE ( 'NONE', *, *, #5829, .T. ) ;
#7956 = VECTOR ( 'NONE', #4198, 1000.000000000000000 ) ;
#7957 = CARTESIAN_POINT ( 'NONE',  ( -52.74999999999998579, 8.000000000000000000, 6.750000000000000000 ) ) ;
#7958 = ADVANCED_FACE ( 'NONE', ( #7565 ), #9054, .F. ) ;
#7959 = DIRECTION ( 'NONE',  ( -0.000000000000000000, 1.000000000000000000, -0.000000000000000000 ) ) ;
#7960 = CARTESIAN_POINT ( 'NONE',  ( 20.20000000000000995, 1.000000000000000888, 8.349999999999997868 ) ) ;
#7961 = DIRECTION ( 'NONE',  ( -1.000000000000000000, 0.000000000000000000, -4.231032868236115418E-16 ) ) ;
#7962 = CARTESIAN_POINT ( 'NONE',  ( 50.54857113690719217, 9.000000000000001776, -12.25000000000000178 ) ) ;
#7963 = EDGE_CURVE ( 'NONE', #7523, #212, #7399, .T. ) ;
#7964 = VECTOR ( 'NONE', #7481, 1000.000000000000000 ) ;
#7965 = DIRECTION ( 'NONE',  ( 0.8660254037844389297, -0.000000000000000000, 0.4999999999999995559 ) ) ;
#7966 = EDGE_LOOP ( 'NONE', ( #7100, #3944 ) ) ;
#7967 = ADVANCED_FACE ( 'NONE', ( #1520 ), #4895, .T. ) ;
#7968 = LINE ( 'NONE', #375, #8086 ) ;
#7969 = CARTESIAN_POINT ( 'NONE',  ( 2.459170479469696691, 13.30000000000000071, -14.75000000000000000 ) ) ;
#7970 = ORIENTED_EDGE ( 'NONE', *, *, #2398, .F. ) ;
#7971 = LINE ( 'NONE', #1245, #6675 ) ;
#7972 = EDGE_CURVE ( 'NONE', #8534, #8409, #4066, .T. ) ;
#7973 = DIRECTION ( 'NONE',  ( 1.000000000000000000, 0.000000000000000000, 0.000000000000000000 ) ) ;
#7974 = DIRECTION ( 'NONE',  ( 0.000000000000000000, -1.000000000000000000, 0.000000000000000000 ) ) ;
#7975 = CARTESIAN_POINT ( 'NONE',  ( -30.58733985612994033, 5.995981988622158809, 3.615000000000000213 ) ) ;
#7976 = AXIS2_PLACEMENT_3D ( 'NONE', #5027, #5897, #5846 ) ;
#7977 = ORIENTED_EDGE ( 'NONE', *, *, #10038, .F. ) ;
#7978 = EDGE_CURVE ( 'NONE', #5364, #3430, #1679, .T. ) ;
#7979 = VERTEX_POINT ( 'NONE', #9882 ) ;
#7980 = DIRECTION ( 'NONE',  ( -1.000000000000000000, -1.874314505684327150E-13, 0.000000000000000000 ) ) ;
#7982 = CARTESIAN_POINT ( 'NONE',  ( -30.28999999999999204, 2.850761278921254860, -9.849999960601879323 ) ) ;
#7981 = DIRECTION ( 'NONE',  ( -1.000000000000000000, 0.000000000000000000, 0.000000000000000000 ) ) ;
#7983 = ORIENTED_EDGE ( 'NONE', *, *, #9507, .T. ) ;
#7984 = ORIENTED_EDGE ( 'NONE', *, *, #5162, .T. ) ;
#7985 = ORIENTED_EDGE ( 'NONE', *, *, #3916, .F. ) ;
#7986 = ORIENTED_EDGE ( 'NONE', *, *, #6209, .T. ) ;
#7987 = CARTESIAN_POINT ( 'NONE',  ( 22.36827201635471241, 5.400000000000000355, -10.08172798364529754 ) ) ;
#7988 = CARTESIAN_POINT ( 'NONE',  ( 30.04999999999998650, 0.000000000000000000, -11.63910652323463957 ) ) ;
#7989 = CARTESIAN_POINT ( 'NONE',  ( -51.66888654234492151, 7.449723205157788186, -4.114386614189706748 ) ) ;
#7990 = CARTESIAN_POINT ( 'NONE',  ( -51.75423501068191001, 8.842950398789380273, -4.212724285319892736 ) ) ;
#7991 = ORIENTED_EDGE ( 'NONE', *, *, #10607, .F. ) ;
#7992 = EDGE_LOOP ( 'NONE', ( #6754, #2925, #6402, #3007, #8508, #9459, #9496, #8905, #6770, #6486, #2805, #10196 ) ) ;
#7993 = ORIENTED_EDGE ( 'NONE', *, *, #3622, .F. ) ;
#7994 = EDGE_CURVE ( 'NONE', #4604, #726, #9827, .T. ) ;
#7995 = ADVANCED_FACE ( 'NONE', ( #4840 ), #1572, .F. ) ;
#7996 = CARTESIAN_POINT ( 'NONE',  ( 38.64211819145299387, 0.2505450496179588149, -6.184828725824717210 ) ) ;
#7998 = LINE ( 'NONE', #8824, #1577 ) ;
#7997 = DIRECTION ( 'NONE',  ( 0.000000000000000000, 0.000000000000000000, 1.000000000000000000 ) ) ;
#7999 = VERTEX_POINT ( 'NONE', #2337 ) ;
#8000 = CARTESIAN_POINT ( 'NONE',  ( 29.76127424213627748, 0.2077789836488296571, -7.788811295319354677 ) ) ;
#8001 = CIRCLE ( 'NONE', #8178, 5.499999999999985789 ) ;
#8002 = LINE ( 'NONE', #8995, #6156 ) ;
#8003 = CARTESIAN_POINT ( 'NONE',  ( -19.54999999999997939, 15.10000000000000142, -13.54999999999999893 ) ) ;
#8004 = DIRECTION ( 'NONE',  ( 0.000000000000000000, 0.000000000000000000, 1.000000000000000000 ) ) ;
#8005 = AXIS2_PLACEMENT_3D ( 'NONE', #344, #6991, #9412 ) ;
#8006 = ORIENTED_EDGE ( 'NONE', *, *, #10508, .T. ) ;
#8007 = PLANE ( 'NONE',  #8452 ) ;
#8008 = CARTESIAN_POINT ( 'NONE',  ( 29.75000000000003197, 0.2999999999999999889, 6.618695557326041978 ) ) ;
#8009 = CIRCLE ( 'NONE', #5736, 6.800000000000000711 ) ;
#8010 = ORIENTED_EDGE ( 'NONE', *, *, #1568, .T. ) ;
#8011 = EDGE_CURVE ( 'NONE', #6544, #6069, #8157, .T. ) ;
#8012 = DIRECTION ( 'NONE',  ( 0.000000000000000000, 0.000000000000000000, 1.000000000000000000 ) ) ;
#8013 = DIRECTION ( 'NONE',  ( -1.000000000000000000, 0.000000000000000000, 0.000000000000000000 ) ) ;
#8014 = DIRECTION ( 'NONE',  ( 0.000000000000000000, 1.000000000000000000, 0.000000000000000000 ) ) ;
#8015 = LINE ( 'NONE', #2989, #2134 ) ;
#8016 = AXIS2_PLACEMENT_3D ( 'NONE', #8964, #6277, #9741 ) ;
#8017 = FACE_OUTER_BOUND ( 'NONE', #5525, .T. ) ;
#8018 = CARTESIAN_POINT ( 'NONE',  ( -34.37348617369437420, 0.04767268713831634280, 2.810138446510776600 ) ) ;
#8019 = ORIENTED_EDGE ( 'NONE', *, *, #6279, .T. ) ;
#8020 = ADVANCED_FACE ( 'NONE', ( #2545 ), #10759, .T. ) ;
#8021 = VERTEX_POINT ( 'NONE', #8182 ) ;
#8022 = ADVANCED_FACE ( 'NONE', ( #10043 ), #4457, .T. ) ;
#8023 = CARTESIAN_POINT ( 'NONE',  ( 23.40000000000001279, 5.400000000000000355, -10.34999999999999964 ) ) ;
#8024 = DIRECTION ( 'NONE',  ( 1.692413147294445970E-16, 0.000000000000000000, 1.000000000000000000 ) ) ;
#8025 = ORIENTED_EDGE ( 'NONE', *, *, #8817, .F. ) ;
#8026 = AXIS2_PLACEMENT_3D ( 'NONE', #9867, #5702, #1558 ) ;
#8027 = UNCERTAINTY_MEASURE_WITH_UNIT (LENGTH_MEASURE( 1.000000000000000082E-05 ), #2810, 'distance_accuracy_value', 'NONE');
#8028 = CARTESIAN_POINT ( 'NONE',  ( -51.77340835089974291, 9.594609242404818161, 3.692296232791140831 ) ) ;
#8029 = LINE ( 'NONE', #2191, #7031 ) ;
#8030 = CARTESIAN_POINT ( 'NONE',  ( -51.79999999999998295, 8.400000000000000355, 2.449999999999999734 ) ) ;
#8031 = CARTESIAN_POINT ( 'NONE',  ( -7.399999999999942624, 11.00000000000000178, -14.19019237886469398 ) ) ;
#8032 = ADVANCED_FACE ( 'NONE', ( #5110 ), #1837, .F. ) ;
#8033 = VERTEX_POINT ( 'NONE', #965 ) ;
#8034 = CIRCLE ( 'NONE', #8555, 9.000000000000012434 ) ;
#8035 = ORIENTED_EDGE ( 'NONE', *, *, #5907, .T. ) ;
#8036 = EDGE_CURVE ( 'NONE', #3479, #9018, #7443, .T. ) ;
#8037 = DIRECTION ( 'NONE',  ( 0.000000000000000000, 1.000000000000000000, -0.000000000000000000 ) ) ;
#8039 = DIRECTION ( 'NONE',  ( -0.000000000000000000, -1.000000000000000000, -0.000000000000000000 ) ) ;
#8038 = DIRECTION ( 'NONE',  ( -1.000000000000000000, 0.000000000000000000, -1.020425574104004196E-15 ) ) ;
#8040 = DIRECTION ( 'NONE',  ( 0.000000000000000000, 1.000000000000000000, 0.000000000000000000 ) ) ;
#8041 = ORIENTED_EDGE ( 'NONE', *, *, #2359, .F. ) ;
#8042 = ORIENTED_EDGE ( 'NONE', *, *, #1450, .T. ) ;
#8043 = EDGE_CURVE ( 'NONE', #998, #5320, #3574, .T. ) ;
#8044 = DIRECTION ( 'NONE',  ( 1.000000000000000000, 0.000000000000000000, 0.000000000000000000 ) ) ;
#8045 = CARTESIAN_POINT ( 'NONE',  ( -30.78608986671380165, 5.989480959052016829, -8.976339092010210408 ) ) ;
#8046 = LINE ( 'NONE', #9699, #9873 ) ;
#8047 = CARTESIAN_POINT ( 'NONE',  ( 1.050000000000021361, 13.30000000000000071, -13.35000000000015774 ) ) ;
#8048 = ORIENTED_EDGE ( 'NONE', *, *, #1892, .F. ) ;
#8049 = ORIENTED_EDGE ( 'NONE', *, *, #380, .F. ) ;
#8050 = CYLINDRICAL_SURFACE ( 'NONE', #2021, 0.1999999999999987899 ) ;
#8052 = CARTESIAN_POINT ( 'NONE',  ( -40.21146882909597764, 0.1999999999999996503, -20.34067203111831290 ) ) ;
#8051 = LINE ( 'NONE', #7065, #4242 ) ;
#8053 = VERTEX_POINT ( 'NONE', #7668 ) ;
#8054 = CARTESIAN_POINT ( 'NONE',  ( -34.52834772718359346, 0.2000000000000000944, -20.34067203111831290 ) ) ;
#8055 = DIRECTION ( 'NONE',  ( 0.000000000000000000, 0.000000000000000000, -1.000000000000000000 ) ) ;
#8056 = EDGE_CURVE ( 'NONE', #993, #7616, #6275, .T. ) ;
#8057 = CARTESIAN_POINT ( 'NONE',  ( -31.27472780755320869, 0.2000000000000000111, -8.850000000000052935 ) ) ;
#8058 = DIRECTION ( 'NONE',  ( 0.000000000000000000, 0.000000000000000000, 1.000000000000000000 ) ) ;
#8059 = ADVANCED_FACE ( 'NONE', ( #10152 ), #3518, .T. ) ;
#8060 = ORIENTED_EDGE ( 'NONE', *, *, #4620, .F. ) ;
#8061 = LINE ( 'NONE', #1454, #10575 ) ;
#8062 = CARTESIAN_POINT ( 'NONE',  ( -51.99999999999998579, 7.102280827012615205, 3.001973684210525573 ) ) ;
#8063 = ORIENTED_EDGE ( 'NONE', *, *, #6312, .T. ) ;
#8064 = ORIENTED_EDGE ( 'NONE', *, *, #6154, .T. ) ;
#8065 = DIRECTION ( 'NONE',  ( -0.000000000000000000, 0.000000000000000000, 1.000000000000000000 ) ) ;
#8066 = LINE ( 'NONE', #7337, #9683 ) ;
#8067 = CARTESIAN_POINT ( 'NONE',  ( -49.79999999999998295, 10.30000000000000071, -2.449999999999999289 ) ) ;
#8068 = CARTESIAN_POINT ( 'NONE',  ( 0.000000000000000000, 0.000000000000000000, -2.965000000000000302 ) ) ;
#8069 = EDGE_CURVE ( 'NONE', #9067, #3291, #821, .T. ) ;
#8070 = EDGE_CURVE ( 'NONE', #166, #6133, #8165, .T. ) ;
#8071 = CARTESIAN_POINT ( 'NONE',  ( -51.78028309663555007, 9.583160098319408959, 3.680390056226337414 ) ) ;
#8072 = DIRECTION ( 'NONE',  ( 0.000000000000000000, 0.000000000000000000, 1.000000000000000000 ) ) ;
#8073 = VECTOR ( 'NONE', #5809, 1000.000000000000000 ) ;
#8074 = TOROIDAL_SURFACE ( 'NONE', #2324, 2.250000000000002665, 3.000000000000000000 ) ;
#8075 = VERTEX_POINT ( 'NONE', #8602 ) ;
#8076 = ORIENTED_EDGE ( 'NONE', *, *, #3316, .T. ) ;
#8077 = LINE ( 'NONE', #2071, #4238 ) ;
#8078 = DIRECTION ( 'NONE',  ( 0.000000000000000000, 1.000000000000000000, 0.000000000000000000 ) ) ;
#8079 = ORIENTED_EDGE ( 'NONE', *, *, #480, .F. ) ;
#8080 = VECTOR ( 'NONE', #277, 1000.000000000000000 ) ;
#8081 = VECTOR ( 'NONE', #9458, 1000.000000000000000 ) ;
#8082 = CARTESIAN_POINT ( 'NONE',  ( -40.03434658500975019, 0.1071145293931473896, -3.592122244086235483 ) ) ;
#8083 = CARTESIAN_POINT ( 'NONE',  ( 31.01707591882803783, 3.811648262644349985E-18, 6.868693016353898173 ) ) ;
#8085 = EDGE_CURVE ( 'NONE', #6817, #10058, #3450, .T. ) ;
#8084 = CARTESIAN_POINT ( 'NONE',  ( 51.50000000000001421, 11.35000000000000142, -1.700000000000000178 ) ) ;
#8086 = VECTOR ( 'NONE', #10335, 1000.000000000000000 ) ;
#8087 = EDGE_CURVE ( 'NONE', #5856, #4964, #4445, .T. ) ;
#8088 = CARTESIAN_POINT ( 'NONE',  ( -34.44357915404025761, -6.058573835305378367E-16, -2.880231426856664001 ) ) ;
#8089 = B_SPLINE_CURVE_WITH_KNOTS ( 'NONE', 3,
 ( #2619, #4151, #7527, #8470, #6151, #369, #5133, #3687, #7589, #7640, #2011, #2878, #7480, #9557, #9193, #1705 ),
 .UNSPECIFIED., .F., .F.,
 ( 4, 2, 2, 2, 2, 2, 2, 4 ),
 ( 4.336808689942017736E-19, 0.0003420773149254194940, 0.0006841546298508385544, 0.001368309259701671037, 0.001710386574627084568, 0.002052463889552498099, 0.002394541204477911630, 0.002736618519403325161 ),
 .UNSPECIFIED. ) ;
#8090 = VECTOR ( 'NONE', #222, 1000.000000000000000 ) ;
#8091 = ORIENTED_EDGE ( 'NONE', *, *, #2332, .F. ) ;
#8092 = ORIENTED_EDGE ( 'NONE', *, *, #7805, .T. ) ;
#8093 = DIRECTION ( 'NONE',  ( -0.000000000000000000, -1.000000000000000000, -0.000000000000000000 ) ) ;
#8094 = VECTOR ( 'NONE', #1619, 999.9999999999998863 ) ;
#8096 = CARTESIAN_POINT ( 'NONE',  ( 20.20000000000000995, 1.000000000000000888, -12.25000000000000178 ) ) ;
#8095 = FACE_OUTER_BOUND ( 'NONE', #7251, .T. ) ;
#8097 = CARTESIAN_POINT ( 'NONE',  ( -31.28999999999999204, 0.5000000000000004441, 9.349999999999997868 ) ) ;
#8098 = EDGE_LOOP ( 'NONE', ( #4030, #3409, #2377, #7239 ) ) ;
#8099 = ORIENTED_EDGE ( 'NONE', *, *, #10125, .T. ) ;
#8100 = B_SPLINE_CURVE_WITH_KNOTS ( 'NONE', 3,
 ( #4945, #10810, #3198, #10757, #3907, #1519 ),
 .UNSPECIFIED., .F., .F.,
 ( 4, 2, 4 ),
 ( 0.000000000000000000, 0.0003393837279784721675, 0.0006787674559569443350 ),
 .UNSPECIFIED. ) ;
#8101 = EDGE_CURVE ( 'NONE', #4000, #6481, #6137, .T. ) ;
#8102 = CIRCLE ( 'NONE', #9322, 2.400000000000000799 ) ;
#8103 = AXIS2_PLACEMENT_3D ( 'NONE', #5505, #3801, #8134 ) ;
#8104 = CARTESIAN_POINT ( 'NONE',  ( -51.53554618413226507, 7.803653188896243265, -4.258079740417358039 ) ) ;
#8105 = CARTESIAN_POINT ( 'NONE',  ( 38.31960222758093693, 0.000000000000000000, -7.384264693320339745 ) ) ;
#8106 = AXIS2_PLACEMENT_3D ( 'NONE', #4494, #9476, #2749 ) ;
#8107 = EDGE_CURVE ( 'NONE', #8191, #7385, #8662, .T. ) ;
#8108 = CARTESIAN_POINT ( 'NONE',  ( -51.75957954963210028, 9.292262464150461199, -3.999730970226963667 ) ) ;
#8109 = CARTESIAN_POINT ( 'NONE',  ( -19.54999999999997939, 15.10000000000000142, 13.54999999999999538 ) ) ;
#8110 = ORIENTED_EDGE ( 'NONE', *, *, #6748, .F. ) ;
#8111 = EDGE_LOOP ( 'NONE', ( #5085, #4094, #2394, #2750 ) ) ;
#8112 = AXIS2_PLACEMENT_3D ( 'NONE', #9671, #484, #8072 ) ;
#8113 = CARTESIAN_POINT ( 'NONE',  ( 44.85000000000002984, 8.000000000000000000, 0.000000000000000000 ) ) ;
#8114 = CIRCLE ( 'NONE', #5311, 4.000000000000004441 ) ;
#8116 = DIRECTION ( 'NONE',  ( 0.000000000000000000, 0.000000000000000000, 1.000000000000000000 ) ) ;
#8115 = CARTESIAN_POINT ( 'NONE',  ( -44.74999999999998579, 16.60000000000000142, 6.749999999999999112 ) ) ;
#8117 = ORIENTED_EDGE ( 'NONE', *, *, #1211, .F. ) ;
#8118 = DIRECTION ( 'NONE',  ( 0.000000000000000000, 0.000000000000000000, -1.000000000000000000 ) ) ;
#8119 = CYLINDRICAL_SURFACE ( 'NONE', #8765, 0.2000000000000000944 ) ;
#8120 = CARTESIAN_POINT ( 'NONE',  ( -30.58999999999999275, 0.5000000000000004441, 3.064999999999999947 ) ) ;
#8121 = AXIS2_PLACEMENT_3D ( 'NONE', #4997, #10093, #687 ) ;
#8122 = ORIENTED_EDGE ( 'NONE', *, *, #9769, .T. ) ;
#8123 = CARTESIAN_POINT ( 'NONE',  ( 0.000000000000000000, 6.500000000000000888, 0.000000000000000000 ) ) ;
#8124 = DIRECTION ( 'NONE',  ( -1.000000000000000000, 0.000000000000000000, 0.000000000000000000 ) ) ;
#8125 = ORIENTED_EDGE ( 'NONE', *, *, #1003, .F. ) ;
#8126 = ORIENTED_EDGE ( 'NONE', *, *, #4171, .T. ) ;
#8127 = EDGE_CURVE ( 'NONE', #7195, #1512, #661, .T. ) ;
#8128 = AXIS2_PLACEMENT_3D ( 'NONE', #3827, #10521, #3013 ) ;
#8129 = LINE ( 'NONE', #5715, #3807 ) ;
#8130 = DIRECTION ( 'NONE',  ( 1.000000000000000000, 0.000000000000000000, -2.065146995210484695E-16 ) ) ;
#8131 = CARTESIAN_POINT ( 'NONE',  ( 37.00000000000001421, 5.400000000000000355, 0.000000000000000000 ) ) ;
#8132 = DIRECTION ( 'NONE',  ( 0.000000000000000000, 0.000000000000000000, 1.000000000000000000 ) ) ;
#8133 = LINE ( 'NONE', #3103, #7185 ) ;
#8134 = DIRECTION ( 'NONE',  ( -0.8660254037844389297, 0.000000000000000000, -0.4999999999999995559 ) ) ;
#8135 = ORIENTED_EDGE ( 'NONE', *, *, #7027, .T. ) ;
#8136 = VECTOR ( 'NONE', #8330, 1000.000000000000000 ) ;
#8137 = EDGE_CURVE ( 'NONE', #9898, #2602, #2865, .T. ) ;
#8138 = VERTEX_POINT ( 'NONE', #8713 ) ;
#8139 = EDGE_CURVE ( 'NONE', #3975, #1650, #5379, .T. ) ;
#8140 = DIRECTION ( 'NONE',  ( 0.000000000000000000, 1.000000000000000000, 0.000000000000000000 ) ) ;
#8141 = AXIS2_PLACEMENT_3D ( 'NONE', #6054, #1755, #8318 ) ;
#8142 = DIRECTION ( 'NONE',  ( 1.999917614616062926E-17, -0.7208059210526289728, 0.6931369447486341873 ) ) ;
#8143 = ORIENTED_EDGE ( 'NONE', *, *, #690, .F. ) ;
#8144 = FACE_OUTER_BOUND ( 'NONE', #5260, .T. ) ;
#8145 = CARTESIAN_POINT ( 'NONE',  ( -30.28999999999999204, 0.5000000000000004441, 5.126319423154875000E-15 ) ) ;
#8146 = DIRECTION ( 'NONE',  ( 0.000000000000000000, 0.000000000000000000, 1.000000000000000000 ) ) ;
#8147 = DIRECTION ( 'NONE',  ( 1.000000000000000000, 0.000000000000000000, 0.000000000000000000 ) ) ;
#8148 = VECTOR ( 'NONE', #5122, 1000.000000000000000 ) ;
#8149 = ORIENTED_EDGE ( 'NONE', *, *, #1079, .F. ) ;
#8150 = CARTESIAN_POINT ( 'NONE',  ( -31.47472780755320443, 0.2000000000000000111, 2.765000000000000124 ) ) ;
#8151 = EDGE_CURVE ( 'NONE', #7375, #6870, #9564, .T. ) ;
#8152 = EDGE_CURVE ( 'NONE', #9265, #8867, #5725, .T. ) ;
#8154 = DIRECTION ( 'NONE',  ( 0.000000000000000000, 1.000000000000000000, 0.000000000000000000 ) ) ;
#8153 = DIRECTION ( 'NONE',  ( 0.000000000000000000, -1.000000000000000000, -2.891205793294679805E-16 ) ) ;
#8155 = LINE ( 'NONE', #4036, #2889 ) ;
#8156 = VERTEX_POINT ( 'NONE', #5012 ) ;
#8158 = DIRECTION ( 'NONE',  ( 0.000000000000000000, 0.000000000000000000, 1.000000000000000000 ) ) ;
#8157 = CIRCLE ( 'NONE', #3095, 0.3000000000000016542 ) ;
#8159 = DIRECTION ( 'NONE',  ( -1.176083712526649195E-16, 0.000000000000000000, -1.000000000000000000 ) ) ;
#8160 = CYLINDRICAL_SURFACE ( 'NONE', #10045, 4.000000000000003553 ) ;
#8161 = DIRECTION ( 'NONE',  ( 0.000000000000000000, 1.000000000000000000, -0.000000000000000000 ) ) ;
#8162 = VERTEX_POINT ( 'NONE', #8402 ) ;
#8163 = ORIENTED_EDGE ( 'NONE', *, *, #4272, .T. ) ;
#8165 = CIRCLE ( 'NONE', #145, 9.000000000000012434 ) ;
#8164 = PLANE ( 'NONE',  #9881 ) ;
#8166 = EDGE_CURVE ( 'NONE', #835, #1915, #4021, .T. ) ;
#8168 = FACE_OUTER_BOUND ( 'NONE', #8866, .T. ) ;
#8167 = DIRECTION ( 'NONE',  ( 1.000000000000000000, 0.000000000000000000, 0.000000000000000000 ) ) ;
#8169 = ORIENTED_EDGE ( 'NONE', *, *, #9721, .F. ) ;
#8170 = CARTESIAN_POINT ( 'NONE',  ( -7.549999999999978506, 13.30000000000000071, 14.75000000000000178 ) ) ;
#8171 = CARTESIAN_POINT ( 'NONE',  ( -46.74749843554380391, 15.10000000000000142, -13.25000000000000178 ) ) ;
#8172 = DIRECTION ( 'NONE',  ( 0.000000000000000000, 0.000000000000000000, 1.000000000000000000 ) ) ;
#8173 = ORIENTED_EDGE ( 'NONE', *, *, #3345, .F. ) ;
#8174 = CARTESIAN_POINT ( 'NONE',  ( -34.52834772718359346, 0.000000000000000000, 3.415000000000000036 ) ) ;
#8175 = DIRECTION ( 'NONE',  ( -0.000000000000000000, -0.000000000000000000, 1.000000000000000000 ) ) ;
#8176 = ORIENTED_EDGE ( 'NONE', *, *, #5288, .F. ) ;
#8177 = EDGE_CURVE ( 'NONE', #6149, #5364, #913, .T. ) ;
#8178 = AXIS2_PLACEMENT_3D ( 'NONE', #6127, #3775, #243 ) ;
#8179 = EDGE_CURVE ( 'NONE', #4848, #2696, #1688, .T. ) ;
#8180 = DIRECTION ( 'NONE',  ( 0.6427876096865406952, 0.000000000000000000, 0.7660444431189769032 ) ) ;
#8181 = CARTESIAN_POINT ( 'NONE',  ( 35.53197956910961608, 0.1300423822510684002, -4.445814107907313684 ) ) ;
#8182 = CARTESIAN_POINT ( 'NONE',  ( -31.47472780755320443, 0.1999999999999996503, -8.850000000000054712 ) ) ;
#8183 = CARTESIAN_POINT ( 'NONE',  ( 20.20000000000000995, 6.500000000000000888, -12.25000000000000178 ) ) ;
#8184 = B_SPLINE_CURVE_WITH_KNOTS ( 'NONE', 3,
 ( #10207, #2705, #1889, #7722, #257, #3577, #6907, #10264 ),
 .UNSPECIFIED., .F., .F.,
 ( 4, 2, 2, 4 ),
 ( 0.000000000000000000, 0.0001382025733524844702, 0.0002764051467049689404, 0.0005528102934099377724 ),
 .UNSPECIFIED. ) ;
#8185 = CARTESIAN_POINT ( 'NONE',  ( -35.18270600294837891, -5.975311618465488996E-16, 3.532157287525381495 ) ) ;
#8186 = CARTESIAN_POINT ( 'NONE',  ( 9.017579849446716977, 0.5000000000000000000, -15.61890646055103815 ) ) ;
#8187 = EDGE_CURVE ( 'NONE', #8575, #4226, #3156, .T. ) ;
#8188 = CIRCLE ( 'NONE', #508, 0.2888330770816419091 ) ;
#8189 = ORIENTED_EDGE ( 'NONE', *, *, #100, .F. ) ;
#8190 = ORIENTED_EDGE ( 'NONE', *, *, #6092, .F. ) ;
#8191 = VERTEX_POINT ( 'NONE', #7347 ) ;
#8192 = CARTESIAN_POINT ( 'NONE',  ( -30.41003882983037343, 6.000690477496205766, -3.610327563784627269 ) ) ;
#8193 = CARTESIAN_POINT ( 'NONE',  ( 2.459170479469696691, 13.30000000000000071, 14.75000000000000000 ) ) ;
#8194 = DIRECTION ( 'NONE',  ( 0.000000000000000000, 0.000000000000000000, 1.000000000000000000 ) ) ;
#8195 = ORIENTED_EDGE ( 'NONE', *, *, #5615, .F. ) ;
#8196 = CARTESIAN_POINT ( 'NONE',  ( -30.58999999999999275, 5.995909431799613998, -2.765000000000000124 ) ) ;
#8197 = EDGE_LOOP ( 'NONE', ( #6950, #4574, #8593, #5945 ) ) ;
#8198 = CARTESIAN_POINT ( 'NONE',  ( 30.95000000000003837, 0.000000000000000000, 6.939106523234627844 ) ) ;
#8199 = EDGE_CURVE ( 'NONE', #1270, #5320, #6698, .T. ) ;
#8200 = CARTESIAN_POINT ( 'NONE',  ( 29.74999999999998579, -0.0009999999999999158867, 0.000000000000000000 ) ) ;
#8201 = CARTESIAN_POINT ( 'NONE',  ( -40.21146882909597764, 0.1999999999999996503, -20.34067203111831290 ) ) ;
#8202 = ORIENTED_EDGE ( 'NONE', *, *, #4182, .F. ) ;
#8203 = CARTESIAN_POINT ( 'NONE',  ( 2.459170479469696691, 15.10000000000000142, 14.75000000000000000 ) ) ;
#8205 = CARTESIAN_POINT ( 'NONE',  ( 31.24999999999998579, 0.2999999999999999889, -11.31869555732605193 ) ) ;
#8204 = CARTESIAN_POINT ( 'NONE',  ( -44.30000000002110028, 5.500000000000000000, 12.24999999999454303 ) ) ;
#8206 = LINE ( 'NONE', #8259, #10763 ) ;
#8207 = ORIENTED_EDGE ( 'NONE', *, *, #3316, .F. ) ;
#8208 = EDGE_CURVE ( 'NONE', #3581, #10468, #4239, .T. ) ;
#8209 = LINE ( 'NONE', #9197, #10364 ) ;
#8210 = LINE ( 'NONE', #1548, #1839 ) ;
#8211 = LINE ( 'NONE', #5033, #5492 ) ;
#8212 = LINE ( 'NONE', #8927, #952 ) ;
#8213 = VECTOR ( 'NONE', #8116, 1000.000000000000000 ) ;
#8214 = VERTEX_POINT ( 'NONE', #7514 ) ;
#8215 = ORIENTED_EDGE ( 'NONE', *, *, #9798, .F. ) ;
#8216 = PLANE ( 'NONE',  #4986 ) ;
#8218 = CARTESIAN_POINT ( 'NONE',  ( 25.40635347795580401, 0.2999999999999999889, -0.2752072131253970877 ) ) ;
#8217 = DIRECTION ( 'NONE',  ( -0.000000000000000000, 1.000000000000000000, -0.000000000000000000 ) ) ;
#8219 = ORIENTED_EDGE ( 'NONE', *, *, #2825, .F. ) ;
#8220 = LINE ( 'NONE', #1668, #6503 ) ;
#8221 = DIRECTION ( 'NONE',  ( 1.000000000000000000, 0.000000000000000000, 0.000000000000000000 ) ) ;
#8222 = DIRECTION ( 'NONE',  ( 0.000000000000000000, -0.9982455176826023902, 0.05921052631579293984 ) ) ;
#8223 = ORIENTED_EDGE ( 'NONE', *, *, #9704, .T. ) ;
#8224 = CARTESIAN_POINT ( 'NONE',  ( 30.94999999999999574, 0.2999999999999999889, -3.050488367499423631E-14 ) ) ;
#8225 = LINE ( 'NONE', #5549, #5130 ) ;
#8226 = EDGE_CURVE ( 'NONE', #5722, #7539, #9835, .T. ) ;
#8227 = ORIENTED_EDGE ( 'NONE', *, *, #2657, .T. ) ;
#8228 = ADVANCED_FACE ( 'NONE', ( #5672 ), #1529, .F. ) ;
#8229 = CARTESIAN_POINT ( 'NONE',  ( 3.040008877913527366E-13, 13.30000000000000071, -13.54999999999996874 ) ) ;
#8230 = CARTESIAN_POINT ( 'NONE',  ( -34.31252571724582623, 0.2000000000000111411, -3.615000000000000213 ) ) ;
#8231 = DIRECTION ( 'NONE',  ( 4.231032868236115418E-16, -0.000000000000000000, 1.000000000000000000 ) ) ;
#8232 = DIRECTION ( 'NONE',  ( -6.308085367188406018E-16, 0.000000000000000000, 1.000000000000000000 ) ) ;
#8233 =( BOUNDED_CURVE ( )  B_SPLINE_CURVE ( 3, ( #10248, #1875, #7873, #186 ),
 .UNSPECIFIED., .F., .T. ) 
 B_SPLINE_CURVE_WITH_KNOTS ( ( 4, 4 ),
 ( 4.712388980384689674, 5.800197417813645728 ),
 .UNSPECIFIED. ) 
 CURVE ( )  GEOMETRIC_REPRESENTATION_ITEM ( )  RATIONAL_B_SPLINE_CURVE ( ( 1.000000000000000000, 0.9037965667448132345, 0.9037965667448132345, 1.000000000000000000 ) ) 
 REPRESENTATION_ITEM ( '' )  );
#8234 = EDGE_CURVE ( 'NONE', #1153, #4904, #10268, .T. ) ;
#8235 = CARTESIAN_POINT ( 'NONE',  ( -30.28999999999999204, 6.296018041280833089, 3.064999999999999947 ) ) ;
#8236 = CARTESIAN_POINT ( 'NONE',  ( -51.54280968577649702, 7.920932411665764228, 4.292597590559733334 ) ) ;
#8237 = ADVANCED_FACE ( 'NONE', ( #6539 ), #5885, .T. ) ;
#8238 = ORIENTED_EDGE ( 'NONE', *, *, #3298, .F. ) ;
#8239 = AXIS2_PLACEMENT_3D ( 'NONE', #42, #8462, #866 ) ;
#8240 = ORIENTED_EDGE ( 'NONE', *, *, #946, .F. ) ;
#8241 = CARTESIAN_POINT ( 'NONE',  ( -50.79999999999998295, 15.10000000000000142, 0.000000000000000000 ) ) ;
#8242 = ORIENTED_EDGE ( 'NONE', *, *, #9178, .T. ) ;
#8243 = DIRECTION ( 'NONE',  ( 1.000000000000000000, 0.000000000000000000, 0.000000000000000000 ) ) ;
#8244 = FACE_OUTER_BOUND ( 'NONE', #1596, .T. ) ;
#8245 = ORIENTED_EDGE ( 'NONE', *, *, #3227, .T. ) ;
#8246 = FACE_OUTER_BOUND ( 'NONE', #10223, .T. ) ;
#8247 = ORIENTED_EDGE ( 'NONE', *, *, #8273, .T. ) ;
#8248 = VECTOR ( 'NONE', #9045, 1000.000000000000000 ) ;
#8249 = AXIS2_PLACEMENT_3D ( 'NONE', #8841, #9055, #5555 ) ;
#8250 = DIRECTION ( 'NONE',  ( -0.000000000000000000, -1.000000000000000000, -0.000000000000000000 ) ) ;
#8251 = CARTESIAN_POINT ( 'NONE',  ( 30.50000000000001066, 0.5000000000000000000, -2.350000000000004974 ) ) ;
#8252 = CARTESIAN_POINT ( 'NONE',  ( -35.24172192299145934, 0.2946731267839041712, -2.765000000000000124 ) ) ;
#8253 = ORIENTED_EDGE ( 'NONE', *, *, #1494, .F. ) ;
#8254 = AXIS2_PLACEMENT_3D ( 'NONE', #4539, #6126, #1163 ) ;
#8255 = ADVANCED_FACE ( 'NONE', ( #9115 ), #8350, .F. ) ;
#8256 = DIRECTION ( 'NONE',  ( 0.000000000000000000, 0.000000000000000000, -1.000000000000000000 ) ) ;
#8258 = CARTESIAN_POINT ( 'NONE',  ( 23.10788180854703810, 0.2505450496179574271, 2.783866831501369710 ) ) ;
#8257 = LINE ( 'NONE', #5739, #3119 ) ;
#8259 = CARTESIAN_POINT ( 'NONE',  ( 38.64211819145299387, -0.0009999999999999158867, -6.184828725824718099 ) ) ;
#8260 = ORIENTED_EDGE ( 'NONE', *, *, #3225, .T. ) ;
#8261 = CARTESIAN_POINT ( 'NONE',  ( -31.28999999999999204, 5.400000000000000355, -8.850000000000052935 ) ) ;
#8262 = LINE ( 'NONE', #5031, #1626 ) ;
#8263 = DIRECTION ( 'NONE',  ( -0.000000000000000000, 1.000000000000000000, -0.000000000000000000 ) ) ;
#8264 = VECTOR ( 'NONE', #2023, 1000.000000000000000 ) ;
#8265 = AXIS2_PLACEMENT_3D ( 'NONE', #6850, #199, #5929 ) ;
#8266 = CARTESIAN_POINT ( 'NONE',  ( 2.550000000000021583, 13.30000000000000071, 13.35000000000015952 ) ) ;
#8267 = DIRECTION ( 'NONE',  ( -0.000000000000000000, -0.000000000000000000, -1.000000000000000000 ) ) ;
#8268 = ORIENTED_EDGE ( 'NONE', *, *, #225, .F. ) ;
#8269 = ORIENTED_EDGE ( 'NONE', *, *, #8730, .T. ) ;
#8270 = VECTOR ( 'NONE', #7959, 1000.000000000000000 ) ;
#8271 = EDGE_CURVE ( 'NONE', #1867, #6240, #7807, .T. ) ;
#8272 = DIRECTION ( 'NONE',  ( -0.000000000000000000, -0.000000000000000000, 1.000000000000000000 ) ) ;
#8273 = EDGE_CURVE ( 'NONE', #6240, #10374, #8300, .T. ) ;
#8274 = VECTOR ( 'NONE', #6606, 1000.000000000000000 ) ;
#8276 = CARTESIAN_POINT ( 'NONE',  ( -51.82563198490996115, 7.308115275766845720, 3.630658523920747616 ) ) ;
#8275 = DIRECTION ( 'NONE',  ( 1.000000000000000000, -0.000000000000000000, -0.000000000000000000 ) ) ;
#8277 = VECTOR ( 'NONE', #10666, 1000.000000000000000 ) ;
#8278 = ORIENTED_EDGE ( 'NONE', *, *, #8559, .F. ) ;
#8279 = CARTESIAN_POINT ( 'NONE',  ( -19.54999999999997939, 16.60001199999999955, 2.299243657989596657E-15 ) ) ;
#8280 = DIRECTION ( 'NONE',  ( -0.000000000000000000, -1.000000000000000000, -0.000000000000000000 ) ) ;
#8281 = EDGE_LOOP ( 'NONE', ( #1101, #8810, #4378, #6965, #8956, #2108, #7785, #2204, #7800, #7345 ) ) ;
#8282 = FACE_OUTER_BOUND ( 'NONE', #7831, .T. ) ;
#8283 = DIRECTION ( 'NONE',  ( 1.000000000000000000, -0.000000000000000000, 0.000000000000000000 ) ) ;
#8284 = CIRCLE ( 'NONE', #9855, 5.499999999999985789 ) ;
#8285 = ORIENTED_EDGE ( 'NONE', *, *, #7420, .F. ) ;
#8286 = AXIS2_PLACEMENT_3D ( 'NONE', #5696, #3176, #510 ) ;
#8287 = CARTESIAN_POINT ( 'NONE',  ( 38.49211819145301661, 0.000000000000000000, 1.744636346959999695 ) ) ;
#8288 = DIRECTION ( 'NONE',  ( -1.000000000000000000, -0.000000000000000000, -0.000000000000000000 ) ) ;
#8290 = EDGE_CURVE ( 'NONE', #3960, #9086, #5832, .T. ) ;
#8289 = CARTESIAN_POINT ( 'NONE',  ( -51.81258374208029949, 8.824569528330119539, 4.158469840023949260 ) ) ;
#8291 = EDGE_CURVE ( 'NONE', #7628, #3616, #5062, .T. ) ;
#8292 = CARTESIAN_POINT ( 'NONE',  ( 49.80000000000001137, 11.00000000000000178, 6.000000000000000000 ) ) ;
#8293 = VECTOR ( 'NONE', #6352, 1000.000000000000000 ) ;
#8294 = CARTESIAN_POINT ( 'NONE',  ( -51.66703005195186194, 8.888474363168018755, 4.290295324905467389 ) ) ;
#8295 = DIRECTION ( 'NONE',  ( 0.000000000000000000, 0.000000000000000000, -1.000000000000000000 ) ) ;
#8296 = ORIENTED_EDGE ( 'NONE', *, *, #10269, .F. ) ;
#8297 = VECTOR ( 'NONE', #4266, 1000.000000000000000 ) ;
#8298 = ORIENTED_EDGE ( 'NONE', *, *, #1970, .F. ) ;
#8299 = EDGE_CURVE ( 'NONE', #8409, #1320, #10768, .T. ) ;
#8300 = LINE ( 'NONE', #2497, #9743 ) ;
#8301 = CIRCLE ( 'NONE', #9345, 1.500000000000000888 ) ;
#8302 = ORIENTED_EDGE ( 'NONE', *, *, #5590, .F. ) ;
#8303 = DIRECTION ( 'NONE',  ( 0.000000000000000000, 0.000000000000000000, -1.000000000000000000 ) ) ;
#8304 = EDGE_CURVE ( 'NONE', #6481, #4479, #4662, .T. ) ;
#8305 = DIRECTION ( 'NONE',  ( -0.000000000000000000, -0.000000000000000000, 1.000000000000000000 ) ) ;
#8306 = ORIENTED_EDGE ( 'NONE', *, *, #10373, .T. ) ;
#8307 = DIRECTION ( 'NONE',  ( 0.000000000000000000, 0.000000000000000000, -1.000000000000000000 ) ) ;
#8308 = EDGE_LOOP ( 'NONE', ( #4433, #4, #4085, #355 ) ) ;
#8309 = DIRECTION ( 'NONE',  ( 0.000000000000000000, 0.000000000000000000, 1.000000000000000000 ) ) ;
#8310 = DIRECTION ( 'NONE',  ( 0.000000000000000000, -3.469446951953612296E-14, -1.000000000000000000 ) ) ;
#8311 = ADVANCED_FACE ( 'NONE', ( #2154 ), #4824, .F. ) ;
#8312 = ORIENTED_EDGE ( 'NONE', *, *, #7317, .T. ) ;
#8313 = AXIS2_PLACEMENT_3D ( 'NONE', #2830, #7143, #2019 ) ;
#8314 = CARTESIAN_POINT ( 'NONE',  ( 1.050000000000021361, 15.10000000000000142, 13.54999999999999893 ) ) ;
#8315 = VECTOR ( 'NONE', #7154, 1000.000000000000000 ) ;
#8316 = DIRECTION ( 'NONE',  ( -1.000000000000000000, 0.000000000000000000, 6.883823317368283549E-17 ) ) ;
#8317 = EDGE_CURVE ( 'NONE', #9526, #5803, #9761, .T. ) ;
#8318 = DIRECTION ( 'NONE',  ( 0.000000000000000000, 0.000000000000000000, 1.000000000000000000 ) ) ;
#8319 = EDGE_LOOP ( 'NONE', ( #2525, #7241, #4194, #8377, #7062, #5233 ) ) ;
#8320 = LINE ( 'NONE', #829, #5300 ) ;
#8321 = CARTESIAN_POINT ( 'NONE',  ( 47.04999999999999716, 3.000000000000000000, -9.500000000000000000 ) ) ;
#8322 = DIRECTION ( 'NONE',  ( 0.000000000000000000, 1.000000000000000000, -0.000000000000000000 ) ) ;
#8323 = AXIS2_PLACEMENT_3D ( 'NONE', #3159, #9736, #9678 ) ;
#8324 = LINE ( 'NONE', #8375, #1129 ) ;
#8325 = CARTESIAN_POINT ( 'NONE',  ( 26.15635347795580756, -0.0009999999999999158867, 1.023830892551263583 ) ) ;
#8326 = ADVANCED_FACE ( 'NONE', ( #1443 ), #9706, .F. ) ;
#8327 = ORIENTED_EDGE ( 'NONE', *, *, #4508, .F. ) ;
#8328 = ORIENTED_EDGE ( 'NONE', *, *, #3140, .T. ) ;
#8329 = ORIENTED_EDGE ( 'NONE', *, *, #7332, .F. ) ;
#8330 = DIRECTION ( 'NONE',  ( 0.000000000000000000, 0.000000000000000000, -1.000000000000000000 ) ) ;
#8332 = DIRECTION ( 'NONE',  ( -0.000000000000000000, -1.000000000000000000, -0.000000000000000000 ) ) ;
#8331 = DIRECTION ( 'NONE',  ( -0.000000000000000000, 1.000000000000000000, -0.000000000000000000 ) ) ;
#8333 = VERTEX_POINT ( 'NONE', #7283 ) ;
#8334 = AXIS2_PLACEMENT_3D ( 'NONE', #10316, #6905, #5977 ) ;
#8335 = LINE ( 'NONE', #8388, #1081 ) ;
#8336 = ORIENTED_EDGE ( 'NONE', *, *, #3162, .T. ) ;
#8337 = CYLINDRICAL_SURFACE ( 'NONE', #8464, 0.3000000000000016542 ) ;
#8338 = CARTESIAN_POINT ( 'NONE',  ( -30.58203748537937372, 5.996123729295900873, 8.643749989102968101 ) ) ;
#8339 = EDGE_CURVE ( 'NONE', #2462, #9098, #3751, .T. ) ;
#8340 = ORIENTED_EDGE ( 'NONE', *, *, #9346, .F. ) ;
#8341 = EDGE_CURVE ( 'NONE', #3109, #166, #1370, .T. ) ;
#8342 = AXIS2_PLACEMENT_3D ( 'NONE', #7574, #7464, #37 ) ;
#8343 = CARTESIAN_POINT ( 'NONE',  ( -34.52834772718359346, 0.000000000000000000, -3.415000000000000036 ) ) ;
#8344 = DIRECTION ( 'NONE',  ( 1.000000000000000000, 0.000000000000000000, 0.000000000000000000 ) ) ;
#8345 = CARTESIAN_POINT ( 'NONE',  ( -31.51661123066064363, 3.000000000000000000, -20.34067203111831290 ) ) ;
#8346 = DIRECTION ( 'NONE',  ( 0.000000000000000000, 0.000000000000000000, 1.000000000000000000 ) ) ;
#8347 = CARTESIAN_POINT ( 'NONE',  ( -51.75454750418761307, 8.278320776163706540, 4.275074528582059052 ) ) ;
#8348 = DIRECTION ( 'NONE',  ( -0.000000000000000000, 1.000000000000000000, -0.000000000000000000 ) ) ;
#8349 = EDGE_CURVE ( 'NONE', #5589, #6423, #626, .T. ) ;
#8350 = PLANE ( 'NONE',  #5537 ) ;
#8351 = EDGE_LOOP ( 'NONE', ( #5414, #4422, #4991, #1168 ) ) ;
#8352 = CARTESIAN_POINT ( 'NONE',  ( -35.06554871542299878, 0.2000000000000000944, 2.765000000000000124 ) ) ;
#8353 = CARTESIAN_POINT ( 'NONE',  ( -21.37201595193595693, 13.30000000000000071, -17.93325070278447342 ) ) ;
#8354 = ORIENTED_EDGE ( 'NONE', *, *, #10470, .F. ) ;
#8355 = DIRECTION ( 'NONE',  ( 0.000000000000000000, 1.000000000000000000, 0.000000000000000000 ) ) ;
#8356 = ORIENTED_EDGE ( 'NONE', *, *, #1556, .T. ) ;
#8357 = CIRCLE ( 'NONE', #330, 1.500000000000001332 ) ;
#8358 = CARTESIAN_POINT ( 'NONE',  ( -34.34233853611036835, 0.1265113557324328841, -8.863990808926832443 ) ) ;
#8359 = CARTESIAN_POINT ( 'NONE',  ( -30.58468777611174971, 5.996053361243351532, -3.614964680037484168 ) ) ;
#8360 = AXIS2_PLACEMENT_3D ( 'NONE', #9747, #8806, #390 ) ;
#8361 = EDGE_CURVE ( 'NONE', #248, #10794, #6357, .T. ) ;
#8362 = ORIENTED_EDGE ( 'NONE', *, *, #6974, .F. ) ;
#8363 = EDGE_CURVE ( 'NONE', #445, #6290, #8796, .T. ) ;
#8364 = VERTEX_POINT ( 'NONE', #5536 ) ;
#8365 = DIRECTION ( 'NONE',  ( 0.000000000000000000, 1.000000000000000000, -0.000000000000000000 ) ) ;
#8367 = CARTESIAN_POINT ( 'NONE',  ( 0.000000000000000000, 11.00000000000000178, -4.000000000000000000 ) ) ;
#8366 =( LENGTH_UNIT ( ) NAMED_UNIT ( * ) SI_UNIT ( .MILLI., .METRE. ) );
#8368 = FACE_OUTER_BOUND ( 'NONE', #4365, .T. ) ;
#8369 = ORIENTED_EDGE ( 'NONE', *, *, #5129, .T. ) ;
#8370 = DIRECTION ( 'NONE',  ( -1.000000000000000000, 6.193764225599474254E-15, 0.000000000000000000 ) ) ;
#8371 = CIRCLE ( 'NONE', #3643, 6.800000000000000711 ) ;
#8372 = ADVANCED_FACE ( 'NONE', ( #5592 ), #8050, .T. ) ;
#8373 = DIRECTION ( 'NONE',  ( -0.000000000000000000, 1.000000000000000000, -0.000000000000000000 ) ) ;
#8374 = LINE ( 'NONE', #3235, #9702 ) ;
#8375 = CARTESIAN_POINT ( 'NONE',  ( 30.50000000000001066, -0.0009999999999999158867, 6.650000000000008349 ) ) ;
#8376 = DIRECTION ( 'NONE',  ( -0.000000000000000000, 1.000000000000000000, -0.000000000000000000 ) ) ;
#8377 = ORIENTED_EDGE ( 'NONE', *, *, #9652, .T. ) ;
#8378 = EDGE_CURVE ( 'NONE', #514, #4000, #1317, .T. ) ;
#8379 = ORIENTED_EDGE ( 'NONE', *, *, #3765, .T. ) ;
#8380 = ORIENTED_EDGE ( 'NONE', *, *, #5952, .T. ) ;
#8381 = LINE ( 'NONE', #891, #1678 ) ;
#8383 = CARTESIAN_POINT ( 'NONE',  ( -51.88704905526284961, 8.292304885474848675, 4.225000000000083134 ) ) ;
#8382 = DIRECTION ( 'NONE',  ( 4.649961153092157965E-16, 0.000000000000000000, -1.000000000000000000 ) ) ;
#8384 = ORIENTED_EDGE ( 'NONE', *, *, #2986, .F. ) ;
#8385 = ORIENTED_EDGE ( 'NONE', *, *, #649, .F. ) ;
#8386 = ORIENTED_EDGE ( 'NONE', *, *, #7583, .T. ) ;
#8387 = AXIS2_PLACEMENT_3D ( 'NONE', #3730, #7834, #4666 ) ;
#8388 = CARTESIAN_POINT ( 'NONE',  ( -21.37201595193595693, 11.00000000000000178, -17.93325070278447342 ) ) ;
#8389 = VERTEX_POINT ( 'NONE', #10428 ) ;
#8390 = CARTESIAN_POINT ( 'NONE',  ( -19.54999999999997939, 15.10000000000000142, -13.25000000000000533 ) ) ;
#8391 = CARTESIAN_POINT ( 'NONE',  ( 37.91026385013415023, 0.2034051652805237143, 2.779818315299308562 ) ) ;
#8392 = ORIENTED_EDGE ( 'NONE', *, *, #7853, .F. ) ;
#8393 = CIRCLE ( 'NONE', #5763, 3.750000000000003553 ) ;
#8394 = CARTESIAN_POINT ( 'NONE',  ( 0.000000000000000000, 8.000000000000000000, -12.25000000000000178 ) ) ;
#8395 = CARTESIAN_POINT ( 'NONE',  ( -40.08977263648107225, 0.2000000000000000111, -3.615000000000000213 ) ) ;
#8396 = EDGE_CURVE ( 'NONE', #5357, #3725, #8759, .T. ) ;
#8397 = CARTESIAN_POINT ( 'NONE',  ( -51.75476079210928049, 8.513600012123861305, 4.274945468914304492 ) ) ;
#8398 = CARTESIAN_POINT ( 'NONE',  ( -35.06554871542299878, 0.000000000000000000, -2.965000000000000302 ) ) ;
#8399 = LINE ( 'NONE', #3426, #7708 ) ;
#8400 = CARTESIAN_POINT ( 'NONE',  ( -51.55324649621057631, 8.158793872361032484, 4.338515617864551643 ) ) ;
#8401 = ORIENTED_EDGE ( 'NONE', *, *, #4069, .F. ) ;
#8402 = CARTESIAN_POINT ( 'NONE',  ( -25.04999999999997939, 13.30000000000000071, 13.54999999999999893 ) ) ;
#8403 = ORIENTED_EDGE ( 'NONE', *, *, #7139, .T. ) ;
#8404 = CARTESIAN_POINT ( 'NONE',  ( -35.24172192299145934, 0.2946731267839041712, -8.850000000000058265 ) ) ;
#8405 = EDGE_CURVE ( 'NONE', #3206, #5708, #7077, .T. ) ;
#8406 = DIRECTION ( 'NONE',  ( 0.000000000000000000, 0.6931369447486331881, 0.7208059210526298610 ) ) ;
#8407 = ORIENTED_EDGE ( 'NONE', *, *, #6094, .T. ) ;
#8408 = DIRECTION ( 'NONE',  ( -0.9396926207859080948, 0.000000000000000000, 0.3420201433256697676 ) ) ;
#8409 = VERTEX_POINT ( 'NONE', #2917 ) ;
#8410 = DIRECTION ( 'NONE',  ( -0.000000000000000000, 1.000000000000000000, -0.000000000000000000 ) ) ;
#8411 = DIRECTION ( 'NONE',  ( 0.000000000000000000, 0.000000000000000000, 1.000000000000000000 ) ) ;
#8412 = ORIENTED_EDGE ( 'NONE', *, *, #1794, .T. ) ;
#8413 = EDGE_LOOP ( 'NONE', ( #1240, #2055, #6387, #2899 ) ) ;
#8414 = LINE ( 'NONE', #5896, #6707 ) ;
#8415 = FACE_OUTER_BOUND ( 'NONE', #1383, .T. ) ;
#8416 = DIRECTION ( 'NONE',  ( -1.000000000000000000, 0.000000000000000000, 0.000000000000000000 ) ) ;
#8417 = ORIENTED_EDGE ( 'NONE', *, *, #3258, .F. ) ;
#8418 = DIRECTION ( 'NONE',  ( -0.000000000000000000, 0.000000000000000000, 1.000000000000000000 ) ) ;
#8419 = EDGE_CURVE ( 'NONE', #4996, #9254, #3582, .T. ) ;
#8420 = EDGE_CURVE ( 'NONE', #2915, #4211, #3782, .T. ) ;
#8421 = CARTESIAN_POINT ( 'NONE',  ( -19.54999999999997939, 16.60000000000000142, 13.25000000000000000 ) ) ;
#8422 = DIRECTION ( 'NONE',  ( 0.000000000000000000, -9.130123557772666115E-16, -1.000000000000000000 ) ) ;
#8423 = CARTESIAN_POINT ( 'NONE',  ( 30.05000000000002203, 0.000000000000000000, -5.923565456759789962E-14 ) ) ;
#8424 = CYLINDRICAL_SURFACE ( 'NONE', #2190, 0.2000000000000005107 ) ;
#8425 = CARTESIAN_POINT ( 'NONE',  ( -44.54999999999997584, 6.500000000000000888, -8.354356076261046482 ) ) ;
#8426 = ORIENTED_EDGE ( 'NONE', *, *, #2398, .T. ) ;
#8427 = AXIS2_PLACEMENT_3D ( 'NONE', #4057, #10748, #3248 ) ;
#8428 = ORIENTED_EDGE ( 'NONE', *, *, #8363, .T. ) ;
#8429 = COLOUR_RGB ( '',0.7921568627450980005, 0.8196078431372548767, 0.9333333333333333481 ) ;
#8430 = ORIENTED_EDGE ( 'NONE', *, *, #6937, .F. ) ;
#8431 = FACE_OUTER_BOUND ( 'NONE', #5258, .T. ) ;
#8433 = CARTESIAN_POINT ( 'NONE',  ( -31.45678631915142631, 0.2827931057192691333, -2.765000000000000124 ) ) ;
#8432 = DIRECTION ( 'NONE',  ( -0.000000000000000000, -1.000000000000000000, 0.000000000000000000 ) ) ;
#8434 = EDGE_LOOP ( 'NONE', ( #8750, #8227, #4141, #3902, #9764 ) ) ;
#8435 = EDGE_CURVE ( 'NONE', #3325, #5796, #2710, .T. ) ;
#8436 = AXIS2_PLACEMENT_3D ( 'NONE', #124, #10643, #685 ) ;
#8437 = DIRECTION ( 'NONE',  ( 0.000000000000000000, 0.000000000000000000, 1.000000000000000000 ) ) ;
#8438 = CARTESIAN_POINT ( 'NONE',  ( -40.01899347744756597, 0.1363911950260412453, 3.607475351648416151 ) ) ;
#8439 = CARTESIAN_POINT ( 'NONE',  ( 9.030766330820459206E-15, 0.1999999999999996503, -8.850000000000020961 ) ) ;
#8440 = ORIENTED_EDGE ( 'NONE', *, *, #1792, .T. ) ;
#8441 = VERTEX_POINT ( 'NONE', #3241 ) ;
#8442 = B_SPLINE_CURVE_WITH_KNOTS ( 'NONE', 3,
 ( #9648, #9814, #1275, #7943, #2156, #1337, #3833, #7382 ),
 .UNSPECIFIED., .F., .F.,
 ( 4, 2, 2, 4 ),
 ( -3.466145320679069506E-06, 0.0002882777914485966874, 0.0004341497598332361455, 0.0005800217282178757663 ),
 .UNSPECIFIED. ) ;
#8443 = VECTOR ( 'NONE', #6360, 1000.000000000000000 ) ;
#8444 = VECTOR ( 'NONE', #7798, 1000.000000000000000 ) ;
#8445 = EDGE_CURVE ( 'NONE', #1315, #9816, #9865, .T. ) ;
#8446 = DIRECTION ( 'NONE',  ( 1.000000000000000000, 0.000000000000000000, 2.243548987390062338E-14 ) ) ;
#8447 = CARTESIAN_POINT ( 'NONE',  ( -19.54999999999997939, 16.60001199999999955, 2.299243657989596657E-15 ) ) ;
#8448 = CARTESIAN_POINT ( 'NONE',  ( -51.75568082859676622, 7.541535657144805782, 4.027471805004519290 ) ) ;
#8449 = DIRECTION ( 'NONE',  ( -0.000000000000000000, 1.000000000000000000, -0.000000000000000000 ) ) ;
#8450 = CARTESIAN_POINT ( 'NONE',  ( 30.50000000000001066, 0.000000000000000000, -2.350000000000004974 ) ) ;
#8451 = VECTOR ( 'NONE', #7667, 1000.000000000000114 ) ;
#8452 = AXIS2_PLACEMENT_3D ( 'NONE', #8889, #5601, #417 ) ;
#8453 = DIRECTION ( 'NONE',  ( -0.000000000000000000, 1.000000000000000000, -0.000000000000000000 ) ) ;
#8454 = CIRCLE ( 'NONE', #1825, 0.3000000000000016542 ) ;
#8455 = EDGE_CURVE ( 'NONE', #3972, #7648, #8381, .T. ) ;
#8456 = ORIENTED_EDGE ( 'NONE', *, *, #5627, .T. ) ;
#8457 = AXIS2_PLACEMENT_3D ( 'NONE', #6260, #10539, #10490 ) ;
#8458 = DIRECTION ( 'NONE',  ( -0.000000000000000000, 1.000000000000000000, -0.000000000000000000 ) ) ;
#8459 = ORIENTED_EDGE ( 'NONE', *, *, #9600, .F. ) ;
#8460 = CARTESIAN_POINT ( 'NONE',  ( -30.28999999999999559, 0.5000000000000004441, -10.25000000000000000 ) ) ;
#8461 = LINE ( 'NONE', #2559, #647 ) ;
#8462 = DIRECTION ( 'NONE',  ( 1.000000000000000000, 0.000000000000000000, 0.000000000000000000 ) ) ;
#8463 = CARTESIAN_POINT ( 'NONE',  ( -8.508845726811326671, 11.00000000000000178, -13.55000000000016058 ) ) ;
#8464 = AXIS2_PLACEMENT_3D ( 'NONE', #8224, #10034, #2537 ) ;
#8465 = EDGE_CURVE ( 'NONE', #3975, #10708, #5750, .T. ) ;
#8466 = ADVANCED_FACE ( 'NONE', ( #7542 ), #8164, .F. ) ;
#8467 = ORIENTED_EDGE ( 'NONE', *, *, #3587, .F. ) ;
#8468 = EDGE_LOOP ( 'NONE', ( #3239, #2421, #7098, #1053 ) ) ;
#8469 = DIRECTION ( 'NONE',  ( -0.000000000000000000, -1.000000000000000000, -0.000000000000000000 ) ) ;
#8470 = CARTESIAN_POINT ( 'NONE',  ( -51.75654232640311392, 9.265227589467686542, -4.007613973532524021 ) ) ;
#8471 = AXIS2_PLACEMENT_3D ( 'NONE', #6878, #10234, #2731 ) ;
#8472 = DIRECTION ( 'NONE',  ( -1.000000000000000000, 0.000000000000000000, -2.604689903869080029E-17 ) ) ;
#8473 = ORIENTED_EDGE ( 'NONE', *, *, #8577, .F. ) ;
#8474 = DIRECTION ( 'NONE',  ( 1.000000000000000000, 0.000000000000000000, 0.000000000000000000 ) ) ;
#8475 = DIRECTION ( 'NONE',  ( -0.000000000000000000, 0.05921052631579294678, 0.9982455176826023902 ) ) ;
#8476 = CARTESIAN_POINT ( 'NONE',  ( 49.80000000000001847, 11.34999999999999964, 3.299999999999999378 ) ) ;
#8477 = CARTESIAN_POINT ( 'NONE',  ( -30.28999999999999204, 2.820913717569120127, -9.850000000000052935 ) ) ;
#8478 = CYLINDRICAL_SURFACE ( 'NONE', #4236, 0.3706384263718887073 ) ;
#8479 = ORIENTED_EDGE ( 'NONE', *, *, #4746, .T. ) ;
#8480 = ORIENTED_EDGE ( 'NONE', *, *, #9444, .T. ) ;
#8481 = VECTOR ( 'NONE', #4930, 1000.000000000000000 ) ;
#8482 = EDGE_CURVE ( 'NONE', #10404, #6324, #17, .T. ) ;
#8483 = VERTEX_POINT ( 'NONE', #2529 ) ;
#8484 = DIRECTION ( 'NONE',  ( -0.000000000000000000, -0.000000000000000000, -1.000000000000000000 ) ) ;
#8485 = LINE ( 'NONE', #4323, #3836 ) ;
#8486 = ORIENTED_EDGE ( 'NONE', *, *, #1664, .T. ) ;
#8487 = AXIS2_PLACEMENT_3D ( 'NONE', #9958, #2461, #5787 ) ;
#8488 = ORIENTED_EDGE ( 'NONE', *, *, #373, .F. ) ;
#8489 = PLANE ( 'NONE',  #8427 ) ;
#8490 = ORIENTED_EDGE ( 'NONE', *, *, #6036, .F. ) ;
#8491 = FACE_OUTER_BOUND ( 'NONE', #5694, .T. ) ;
#8492 = DIRECTION ( 'NONE',  ( 9.856182124392322263E-16, -0.000000000000000000, 1.000000000000000000 ) ) ;
#8493 = ORIENTED_EDGE ( 'NONE', *, *, #7893, .F. ) ;
#8494 = ORIENTED_EDGE ( 'NONE', *, *, #5944, .T. ) ;
#8495 = VERTEX_POINT ( 'NONE', #6510 ) ;
#8496 = EDGE_CURVE ( 'NONE', #5789, #455, #3294, .T. ) ;
#8497 = DIRECTION ( 'NONE',  ( -0.000000000000000000, 1.000000000000000000, -0.000000000000000000 ) ) ;
#8498 = DIRECTION ( 'NONE',  ( -0.000000000000000000, 1.000000000000000000, -0.000000000000000000 ) ) ;
#8499 = LINE ( 'NONE', #8663, #1796 ) ;
#8500 = CARTESIAN_POINT ( 'NONE',  ( -51.75488312692981197, 7.927644331499579700, 4.203259824542936229 ) ) ;
#8501 = EDGE_LOOP ( 'NONE', ( #3383, #239, #9428, #2572, #5600 ) ) ;
#8502 = CARTESIAN_POINT ( 'NONE',  ( -30.28999999999999204, 3.149238428439215642, 9.349999960218458028 ) ) ;
#8503 = ADVANCED_FACE ( 'NONE', ( #3405 ), #4050, .F. ) ;
#8504 = AXIS2_PLACEMENT_3D ( 'NONE', #9852, #4866, #7215 ) ;
#8505 = EDGE_CURVE ( 'NONE', #5357, #6193, #7379, .T. ) ;
#8506 = ORIENTED_EDGE ( 'NONE', *, *, #8011, .T. ) ;
#8507 = DIRECTION ( 'NONE',  ( -0.000000000000000000, -1.000000000000000000, -0.000000000000000000 ) ) ;
#8508 = ORIENTED_EDGE ( 'NONE', *, *, #7978, .F. ) ;
#8509 = DIRECTION ( 'NONE',  ( 0.000000000000000000, 1.000000000000000000, -0.000000000000000000 ) ) ;
#8510 = CARTESIAN_POINT ( 'NONE',  ( -40.03434658500975019, 0.1071145293931473896, 8.372877755913762599 ) ) ;
#8511 = ADVANCED_FACE ( 'NONE', ( #76 ), #6729, .T. ) ;
#8512 = DIRECTION ( 'NONE',  ( 0.3420201433256697676, 0.000000000000000000, 0.9396926207859080948 ) ) ;
#8513 = CARTESIAN_POINT ( 'NONE',  ( 20.21000000000001151, 1.000000000000000888, 8.349999999999997868 ) ) ;
#8514 =( BOUNDED_CURVE ( )  B_SPLINE_CURVE ( 3, ( #5576, #8861, #5361, #4587 ),
 .UNSPECIFIED., .F., .T. ) 
 B_SPLINE_CURVE_WITH_KNOTS ( ( 4, 4 ),
 ( 4.712388980384688786, 5.800197417813647505 ),
 .UNSPECIFIED. ) 
 CURVE ( )  GEOMETRIC_REPRESENTATION_ITEM ( )  RATIONAL_B_SPLINE_CURVE ( ( 1.000000000000000000, 0.9037965667448127904, 0.9037965667448127904, 1.000000000000000000 ) ) 
 REPRESENTATION_ITEM ( '' )  );
#8515 = ORIENTED_EDGE ( 'NONE', *, *, #8179, .T. ) ;
#8516 = CARTESIAN_POINT ( 'NONE',  ( -52.74999999999998579, 7.099999999999998757, -2.924999999999996270 ) ) ;
#8517 = AXIS2_PLACEMENT_3D ( 'NONE', #1425, #3114, #6443 ) ;
#8518 = CARTESIAN_POINT ( 'NONE',  ( 1.486764281119465680, 13.30000000000000071, 14.75000000000000000 ) ) ;
#8519 = ORIENTED_EDGE ( 'NONE', *, *, #4735, .F. ) ;
#8520 = EDGE_CURVE ( 'NONE', #1085, #454, #2424, .T. ) ;
#8521 = CARTESIAN_POINT ( 'NONE',  ( -30.28999999999999915, -5.002961977226933143, -20.34067203111831290 ) ) ;
#8522 = CIRCLE ( 'NONE', #3981, 5.199999999999985967 ) ;
#8523 = EDGE_CURVE ( 'NONE', #6900, #1204, #9888, .T. ) ;
#8524 = CARTESIAN_POINT ( 'NONE',  ( 38.63172798364529825, 5.400000000000000355, 5.581727983645293101 ) ) ;
#8525 = DIRECTION ( 'NONE',  ( 0.000000000000000000, 0.000000000000000000, -1.000000000000000000 ) ) ;
#8526 = FACE_OUTER_BOUND ( 'NONE', #3659, .T. ) ;
#8527 = CARTESIAN_POINT ( 'NONE',  ( -31.17832074657754760, 0.5000000000000009992, 8.354458014022229762 ) ) ;
#8528 = AXIS2_PLACEMENT_3D ( 'NONE', #5661, #9931, #4177 ) ;
#8529 = VERTEX_POINT ( 'NONE', #838 ) ;
#8530 = ORIENTED_EDGE ( 'NONE', *, *, #5976, .F. ) ;
#8531 = DIRECTION ( 'NONE',  ( 0.000000000000000000, -0.05921052631578645892, 0.9982455176826027232 ) ) ;
#8533 = CYLINDRICAL_SURFACE ( 'NONE', #6630, 2.750000000000002665 ) ;
#8532 = CARTESIAN_POINT ( 'NONE',  ( 40.80000000000001137, 5.500000000000000000, 8.250000000000000000 ) ) ;
#8534 = VERTEX_POINT ( 'NONE', #1663 ) ;
#8535 = ORIENTED_EDGE ( 'NONE', *, *, #7863, .T. ) ;
#8536 = EDGE_CURVE ( 'NONE', #7579, #2027, #6548, .T. ) ;
#8537 = VERTEX_POINT ( 'NONE', #4112 ) ;
#8538 = DIRECTION ( 'NONE',  ( 0.000000000000000000, 0.000000000000000000, 1.000000000000000000 ) ) ;
#8539 = CARTESIAN_POINT ( 'NONE',  ( 47.05000000000001137, 9.000000000000001776, 9.499999999999998224 ) ) ;
#8540 = DIRECTION ( 'NONE',  ( 0.000000000000000000, 0.000000000000000000, 1.000000000000000000 ) ) ;
#8541 = ORIENTED_EDGE ( 'NONE', *, *, #9072, .F. ) ;
#8542 = ORIENTED_EDGE ( 'NONE', *, *, #8166, .F. ) ;
#8543 = ORIENTED_EDGE ( 'NONE', *, *, #10102, .T. ) ;
#8544 = DIRECTION ( 'NONE',  ( 0.000000000000000000, -0.000000000000000000, 1.000000000000000000 ) ) ;
#8545 = VECTOR ( 'NONE', #7233, 1000.000000000000000 ) ;
#8546 = CARTESIAN_POINT ( 'NONE',  ( 35.21143789659456758, 0.000000000000000000, -4.550534695598440038 ) ) ;
#8547 = CARTESIAN_POINT ( 'NONE',  ( -51.77340835089974291, 7.205390757595171891, 3.692296232791135946 ) ) ;
#8548 = CARTESIAN_POINT ( 'NONE',  ( -30.48104001501886628, 5.998805320117242879, 8.744992356513245468 ) ) ;
#8549 = DIRECTION ( 'NONE',  ( -0.000000000000000000, -1.000000000000000000, -0.000000000000000000 ) ) ;
#8550 = ADVANCED_FACE ( 'NONE', ( #7491 ), #8216, .T. ) ;
#8551 = VERTEX_POINT ( 'NONE', #4166 ) ;
#8552 = EDGE_CURVE ( 'NONE', #5688, #9467, #3328, .T. ) ;
#8553 = ORIENTED_EDGE ( 'NONE', *, *, #7615, .T. ) ;
#8554 = DIRECTION ( 'NONE',  ( 1.000000000000000000, 0.000000000000000000, 0.000000000000000000 ) ) ;
#8555 = AXIS2_PLACEMENT_3D ( 'NONE', #10140, #2633, #5963 ) ;
#8556 = ORIENTED_EDGE ( 'NONE', *, *, #2928, .F. ) ;
#8557 = DIRECTION ( 'NONE',  ( -0.000000000000000000, 1.000000000000000000, -0.000000000000000000 ) ) ;
#8558 = EDGE_LOOP ( 'NONE', ( #5185, #4992, #6873, #6868 ) ) ;
#8559 = EDGE_CURVE ( 'NONE', #7854, #6240, #5961, .T. ) ;
#8560 = CARTESIAN_POINT ( 'NONE',  ( -31.11939691791956974, 0.5000000000000004441, 3.615000000000000213 ) ) ;
#8561 = CARTESIAN_POINT ( 'NONE',  ( -1.549999999999978506, 13.30000000000000071, 12.35000000000015774 ) ) ;
#8562 = CARTESIAN_POINT ( 'NONE',  ( -33.54999999999998295, 6.500000000000000888, 0.000000000000000000 ) ) ;
#8563 = EDGE_CURVE ( 'NONE', #5837, #4380, #3066, .T. ) ;
#8564 = DIRECTION ( 'NONE',  ( -0.000000000000000000, 1.000000000000000000, -0.000000000000000000 ) ) ;
#8565 = ORIENTED_EDGE ( 'NONE', *, *, #3125, .T. ) ;
#8566 = LINE ( 'NONE', #2725, #4068 ) ;
#8567 = CARTESIAN_POINT ( 'NONE',  ( -51.53551494665067167, 8.996823414810840802, -4.257857196839959002 ) ) ;
#8568 = ORIENTED_EDGE ( 'NONE', *, *, #3457, .T. ) ;
#8569 = DIRECTION ( 'NONE',  ( -0.000000000000000000, -1.000000000000000000, -0.000000000000000000 ) ) ;
#8570 =( BOUNDED_SURFACE ( )  B_SPLINE_SURFACE ( 3, 2, ( 
 ( #1403, #4888, #3252 ),
 ( #10807, #10693, #7391 ),
 ( #9001, #6521, #7240 ),
 ( #9049, #4122, #737 ) ),
 .UNSPECIFIED., .F., .F., .T. ) 
 B_SPLINE_SURFACE_WITH_KNOTS ( ( 4, 4 ),
 ( 3, 3 ),
 ( 0.000000000000000000, 0.0007827539330232072701 ),
 ( 0.000000000000000000, 1.000000000000000000 ),
 .UNSPECIFIED. ) 
 GEOMETRIC_REPRESENTATION_ITEM ( )  RATIONAL_B_SPLINE_SURFACE ( (
 ( 1.000000000000000000, 0.7071067811865474617, 1.000000000000000000),
 ( 1.000000000000000000, 0.7595966335268981018, 1.000000000000000000),
 ( 1.000000000000000000, 0.8024371557888968498, 1.000000000000000000),
 ( 1.000000000000000000, 0.8371290630494846452, 1.000000000000000000) ) ) 
 REPRESENTATION_ITEM ( '' )  SURFACE ( )  );
#8571 = CARTESIAN_POINT ( 'NONE',  ( 22.35231509708502173, 0.2034051652805213550, -6.202567585311943965 ) ) ;
#8572 = LINE ( 'NONE', #2781, #10357 ) ;
#8573 = CYLINDRICAL_SURFACE ( 'NONE', #4098, 0.1999999999999987899 ) ;
#8574 = CARTESIAN_POINT ( 'NONE',  ( -30.28999999999999204, 6.296018041280833089, -3.315000000000000391 ) ) ;
#8575 = VERTEX_POINT ( 'NONE', #6990 ) ;
#8576 = ORIENTED_EDGE ( 'NONE', *, *, #5546, .F. ) ;
#8577 = EDGE_CURVE ( 'NONE', #6444, #698, #5146, .T. ) ;
#8578 = ORIENTED_EDGE ( 'NONE', *, *, #6833, .T. ) ;
#8579 = CIRCLE ( 'NONE', #3351, 8.000000000000000000 ) ;
#8580 = DIRECTION ( 'NONE',  ( -1.000000000000000000, 0.000000000000000000, 4.476705744456300993E-16 ) ) ;
#8582 = CARTESIAN_POINT ( 'NONE',  ( -51.79999999999998295, 6.902631723476094550, 3.013815789473683004 ) ) ;
#8581 = CARTESIAN_POINT ( 'NONE',  ( 0.000000000000000000, 11.00000000000000178, 0.000000000000000000 ) ) ;
#8583 = EDGE_LOOP ( 'NONE', ( #4299, #5908, #10299, #10808 ) ) ;
#8584 = EDGE_LOOP ( 'NONE', ( #9803, #339, #5633, #3454, #10827, #6075, #1057, #2041, #5151, #4692, #7832, #9868, #2419, #10764, #9318, #7985, #3041, #2628, #5421, #3168, #8238, #9634 ) ) ;
#8585 = ORIENTED_EDGE ( 'NONE', *, *, #1197, .T. ) ;
#8586 = CARTESIAN_POINT ( 'NONE',  ( 21.74234517834435465, 1.000000000000000000, 21.74234517834455716 ) ) ;
#8587 = CARTESIAN_POINT ( 'NONE',  ( -19.54999999999997584, 15.10000000000000142, 14.75000000000000000 ) ) ;
#8588 = CIRCLE ( 'NONE', #2831, 9.000000000000012434 ) ;
#8589 = EDGE_LOOP ( 'NONE', ( #2930, #4237, #4310, #9410, #10583, #2091, #4586, #9565, #6703, #2273, #3268, #3898 ) ) ;
#8590 = CIRCLE ( 'NONE', #3869, 0.2888330770816419091 ) ;
#8591 = DIRECTION ( 'NONE',  ( 0.000000000000000000, 0.000000000000000000, 1.000000000000000000 ) ) ;
#8592 = CARTESIAN_POINT ( 'NONE',  ( -51.81626415635098937, 7.587819974970513748, -3.963311410493441045 ) ) ;
#8593 = ORIENTED_EDGE ( 'NONE', *, *, #9511, .F. ) ;
#8594 = ORIENTED_EDGE ( 'NONE', *, *, #8942, .F. ) ;
#8595 = VERTEX_POINT ( 'NONE', #2789 ) ;
#8596 = EDGE_CURVE ( 'NONE', #2005, #5669, #9734, .T. ) ;
#8597 = EDGE_CURVE ( 'NONE', #10531, #616, #7762, .T. ) ;
#8598 = DIRECTION ( 'NONE',  ( 1.000000000000000000, 0.000000000000000000, -0.000000000000000000 ) ) ;
#8599 = VECTOR ( 'NONE', #10131, 1000.000000000000000 ) ;
#8600 = AXIS2_PLACEMENT_3D ( 'NONE', #2322, #5429, #3894 ) ;
#8601 = FACE_OUTER_BOUND ( 'NONE', #1360, .T. ) ;
#8602 = CARTESIAN_POINT ( 'NONE',  ( -40.03434658500975019, 0.1071145293931473896, -3.592122244086235483 ) ) ;
#8603 = DIRECTION ( 'NONE',  ( 0.000000000000000000, 1.000000000000000000, -0.000000000000000000 ) ) ;
#8604 = CIRCLE ( 'NONE', #10372, 3.000000000000002665 ) ;
#8605 = ORIENTED_EDGE ( 'NONE', *, *, #9228, .F. ) ;
#8606 = CARTESIAN_POINT ( 'NONE',  ( -31.11939691791956974, 0.1293615736281126527, 8.349999999999997868 ) ) ;
#8607 = CARTESIAN_POINT ( 'NONE',  ( -34.34233853611036835, 0.1265113557324328841, -2.778990808926776079 ) ) ;
#8608 = VERTEX_POINT ( 'NONE', #995 ) ;
#8609 = AXIS2_PLACEMENT_3D ( 'NONE', #9624, #6058, #1147 ) ;
#8610 = VERTEX_POINT ( 'NONE', #5091 ) ;
#8611 = ADVANCED_FACE ( 'NONE', ( #8431 ), #945, .T. ) ;
#8612 = TOROIDAL_SURFACE ( 'NONE', #9673, 1.500000000000000888, 0.2000000000000000111 ) ;
#8613 = EDGE_CURVE ( 'NONE', #812, #9358, #5339, .T. ) ;
#8614 = CARTESIAN_POINT ( 'NONE',  ( -35.04999999999998295, 8.000000000000000000, 0.000000000000000000 ) ) ;
#8615 = EDGE_LOOP ( 'NONE', ( #6638, #9479, #1515, #4466 ) ) ;
#8616 = CARTESIAN_POINT ( 'NONE',  ( -51.79999999999998295, 9.897368276523904385, 3.013815789473683004 ) ) ;
#8617 = TOROIDAL_SURFACE ( 'NONE', #3549, 9.300000000000013145, 0.2999999999999999889 ) ;
#8618 = CARTESIAN_POINT ( 'NONE',  ( 0.000000000000000000, 8.000000000000000000, 0.000000000000000000 ) ) ;
#8619 = VECTOR ( 'NONE', #5070, 1000.000000000000000 ) ;
#8620 = DIRECTION ( 'NONE',  ( 0.000000000000000000, 0.000000000000000000, -1.000000000000000000 ) ) ;
#8621 = LINE ( 'NONE', #2883, #3039 ) ;
#8622 = VECTOR ( 'NONE', #9490, 1000.000000000000000 ) ;
#8623 = VECTOR ( 'NONE', #3631, 1000.000000000000000 ) ;
#8624 = VERTEX_POINT ( 'NONE', #132 ) ;
#8625 = EDGE_CURVE ( 'NONE', #1292, #2453, #4481, .T. ) ;
#8626 = LINE ( 'NONE', #1141, #5315 ) ;
#8627 = DIRECTION ( 'NONE',  ( -1.000000000000000000, 0.000000000000000000, 0.000000000000000000 ) ) ;
#8628 = VERTEX_POINT ( 'NONE', #4321 ) ;
#8629 = CARTESIAN_POINT ( 'NONE',  ( 26.15635347795580756, 0.2999999999999999889, 1.023830892551263583 ) ) ;
#8630 = AXIS2_PLACEMENT_3D ( 'NONE', #8266, #7434, #2523 ) ;
#8631 = CARTESIAN_POINT ( 'NONE',  ( -31.44101788930268171, 2.721234519427554233, -2.765000000000000124 ) ) ;
#8632 = DIRECTION ( 'NONE',  ( -0.000000000000000000, 1.000000000000000000, -0.000000000000000000 ) ) ;
#8633 = FACE_BOUND ( 'NONE', #2832, .T. ) ;
#8634 = CARTESIAN_POINT ( 'NONE',  ( -34.52834772718359346, 0.2000000000000000944, -20.34067203111831290 ) ) ;
#8635 = ADVANCED_FACE ( 'NONE', ( #10241 ), #1919, .F. ) ;
#8636 = ORIENTED_EDGE ( 'NONE', *, *, #9613, .T. ) ;
#8637 = ORIENTED_EDGE ( 'NONE', *, *, #8648, .T. ) ;
#8638 = ORIENTED_EDGE ( 'NONE', *, *, #8087, .T. ) ;
#8639 = ORIENTED_EDGE ( 'NONE', *, *, #2753, .T. ) ;
#8640 = EDGE_CURVE ( 'NONE', #2692, #6228, #8829, .T. ) ;
#8641 = AXIS2_PLACEMENT_3D ( 'NONE', #3925, #2193, #5516 ) ;
#8642 = DIRECTION ( 'NONE',  ( -0.000000000000000000, 1.000000000000000000, -0.000000000000000000 ) ) ;
#8644 = CARTESIAN_POINT ( 'NONE',  ( -31.26009395603289320, 3.136764043628287091, -8.850000008540051866 ) ) ;
#8643 = CARTESIAN_POINT ( 'NONE',  ( -40.13512705544041381, -3.663894623700663474E-16, -8.973658226344500832 ) ) ;
#8645 = ORIENTED_EDGE ( 'NONE', *, *, #7395, .T. ) ;
#8646 = ORIENTED_EDGE ( 'NONE', *, *, #7150, .F. ) ;
#8647 = ORIENTED_EDGE ( 'NONE', *, *, #1198, .F. ) ;
#8648 = EDGE_CURVE ( 'NONE', #2786, #3503, #2631, .T. ) ;
#8649 = CARTESIAN_POINT ( 'NONE',  ( -40.03434658500975019, 0.1071145293931473758, 3.592122244086235927 ) ) ;
#8650 = CARTESIAN_POINT ( 'NONE',  ( -51.89852525087674451, 8.922784203746644494, 4.120007057094547065 ) ) ;
#8651 = VERTEX_POINT ( 'NONE', #290 ) ;
#8652 = FACE_OUTER_BOUND ( 'NONE', #2891, .T. ) ;
#8653 = CARTESIAN_POINT ( 'NONE',  ( -1.549999999999978506, 13.30000000000000071, -13.85000000000015952 ) ) ;
#8655 = VERTEX_POINT ( 'NONE', #6014 ) ;
#8654 = VECTOR ( 'NONE', #678, 1000.000000000000000 ) ;
#8656 = ORIENTED_EDGE ( 'NONE', *, *, #6565, .T. ) ;
#8657 = ORIENTED_EDGE ( 'NONE', *, *, #1466, .T. ) ;
#8658 = ORIENTED_EDGE ( 'NONE', *, *, #3781, .T. ) ;
#8659 = CIRCLE ( 'NONE', #6030, 2.999999999999999112 ) ;
#8660 = CARTESIAN_POINT ( 'NONE',  ( -34.44357915404025761, -1.303346934722743522E-16, -8.965231426856719921 ) ) ;
#8661 = DIRECTION ( 'NONE',  ( -1.692413147294445970E-16, -0.000000000000000000, -1.000000000000000000 ) ) ;
#8662 = LINE ( 'NONE', #6744, #4139 ) ;
#8663 = CARTESIAN_POINT ( 'NONE',  ( -52.75099999999998346, 9.850000000000001421, -1.700000000000000622 ) ) ;
#8664 = EDGE_CURVE ( 'NONE', #4854, #9693, #1144, .T. ) ;
#8665 = DIRECTION ( 'NONE',  ( 0.000000000000000000, 0.8344462197396624870, -0.5510893814638301302 ) ) ;
#8666 = VERTEX_POINT ( 'NONE', #6883 ) ;
#8667 = CARTESIAN_POINT ( 'NONE',  ( -31.23592012323280542, 3.075616134154404602, 8.349999991459995385 ) ) ;
#8668 = LINE ( 'NONE', #4557, #2351 ) ;
#8669 = VECTOR ( 'NONE', #1297, 1000.000000000000000 ) ;
#8670 = ORIENTED_EDGE ( 'NONE', *, *, #318, .F. ) ;
#8671 = LINE ( 'NONE', #10215, #4855 ) ;
#8672 = CARTESIAN_POINT ( 'NONE',  ( -30.28999999999999204, 0.5000000000000004441, -9.850000000000052935 ) ) ;
#8673 = CARTESIAN_POINT ( 'NONE',  ( -51.95568058483290486, 7.315219914338453755, -3.641416195903000030 ) ) ;
#8674 = LINE ( 'NONE', #4563, #2558 ) ;
#8675 = AXIS2_PLACEMENT_3D ( 'NONE', #8131, #5502, #644 ) ;
#8676 = DIRECTION ( 'NONE',  ( 0.000000000000000000, -1.000000000000000000, 0.000000000000000000 ) ) ;
#8677 = CARTESIAN_POINT ( 'NONE',  ( -31.45678631915142631, 0.2827931057192691333, 3.615000000000000213 ) ) ;
#8678 = EDGE_CURVE ( 'NONE', #8156, #5773, #2737, .T. ) ;
#8679 = VECTOR ( 'NONE', #1580, 1000.000000000000000 ) ;
#8680 = VERTEX_POINT ( 'NONE', #5247 ) ;
#8681 = DIRECTION ( 'NONE',  ( 0.000000000000000000, 0.000000000000000000, 1.000000000000000000 ) ) ;
#8682 = CARTESIAN_POINT ( 'NONE',  ( -51.49999999999999289, 9.540539679193173583, -3.989179658484588664 ) ) ;
#8683 = ORIENTED_EDGE ( 'NONE', *, *, #3698, .T. ) ;
#8684 = CARTESIAN_POINT ( 'NONE',  ( 42.80000000000001137, 6.000000000000000000, 1.247998397434841644 ) ) ;
#8685 = DIRECTION ( 'NONE',  ( 1.000000000000000000, -0.000000000000000000, -0.000000000000000000 ) ) ;
#8687 = EDGE_CURVE ( 'NONE', #1209, #1916, #6936, .T. ) ;
#8686 = DIRECTION ( 'NONE',  ( 0.000000000000000000, 0.000000000000000000, 1.000000000000000000 ) ) ;
#8688 = ADVANCED_FACE ( 'NONE', ( #10294 ), #5685, .T. ) ;
#8689 = CARTESIAN_POINT ( 'NONE',  ( 0.000000000000000000, 15.10000000000000142, 0.000000000000000000 ) ) ;
#8690 = ORIENTED_EDGE ( 'NONE', *, *, #4580, .T. ) ;
#8691 = EDGE_LOOP ( 'NONE', ( #3713, #3704, #4954, #8407 ) ) ;
#8692 = ORIENTED_EDGE ( 'NONE', *, *, #3864, .T. ) ;
#8693 = VECTOR ( 'NONE', #3615, 1000.000000000000114 ) ;
#8694 = FACE_OUTER_BOUND ( 'NONE', #3142, .T. ) ;
#8696 = LINE ( 'NONE', #10515, #12 ) ;
#8695 = CARTESIAN_POINT ( 'NONE',  ( -51.99999999999998579, 7.099999999999998757, -2.924999999999996270 ) ) ;
#8697 = ORIENTED_EDGE ( 'NONE', *, *, #1542, .F. ) ;
#8698 = ORIENTED_EDGE ( 'NONE', *, *, #9424, .T. ) ;
#8699 = EDGE_CURVE ( 'NONE', #6146, #10404, #635, .T. ) ;
#8700 = ORIENTED_EDGE ( 'NONE', *, *, #2079, .F. ) ;
#8701 = DIRECTION ( 'NONE',  ( 0.7071067811865507924, 0.000000000000000000, -0.7071067811865442421 ) ) ;
#8702 = CARTESIAN_POINT ( 'NONE',  ( -31.27472780755320869, 0.000000000000000000, -2.965000000000000302 ) ) ;
#8703 = VECTOR ( 'NONE', #457, 1000.000000000000000 ) ;
#8704 = EDGE_CURVE ( 'NONE', #7716, #1860, #9535, .T. ) ;
#8705 = ORIENTED_EDGE ( 'NONE', *, *, #3932, .F. ) ;
#8706 = LINE ( 'NONE', #10475, #7750 ) ;
#8707 = DIRECTION ( 'NONE',  ( 0.000000000000000000, 0.000000000000000000, 1.000000000000000000 ) ) ;
#8708 = ORIENTED_EDGE ( 'NONE', *, *, #8378, .T. ) ;
#8709 = ORIENTED_EDGE ( 'NONE', *, *, #3152, .T. ) ;
#8710 = ORIENTED_EDGE ( 'NONE', *, *, #2470, .T. ) ;
#8711 = LINE ( 'NONE', #408, #2282 ) ;
#8712 = DIRECTION ( 'NONE',  ( -0.000000000000000000, -0.000000000000000000, 1.000000000000000000 ) ) ;
#8713 = CARTESIAN_POINT ( 'NONE',  ( 35.59364652204423152, 0.2999999999999999889, -0.2752072131254387211 ) ) ;
#8714 = FACE_OUTER_BOUND ( 'NONE', #8834, .T. ) ;
#8715 = DIRECTION ( 'NONE',  ( 0.000000000000000000, 0.000000000000000000, 1.000000000000000000 ) ) ;
#8716 = CARTESIAN_POINT ( 'NONE',  ( 44.80000000000002558, 1.000000000000000000, -7.250000000000015099 ) ) ;
#8717 = ORIENTED_EDGE ( 'NONE', *, *, #2913, .F. ) ;
#8718 = CARTESIAN_POINT ( 'NONE',  ( -30.28999999999978598, 3.160960922228464920, 8.364324414281966824 ) ) ;
#8719 = DIRECTION ( 'NONE',  ( 0.8660254037844390407, -0.000000000000000000, 0.4999999999999995004 ) ) ;
#8720 = ORIENTED_EDGE ( 'NONE', *, *, #9782, .F. ) ;
#8721 = EDGE_CURVE ( 'NONE', #3371, #10805, #113, .T. ) ;
#8722 = CARTESIAN_POINT ( 'NONE',  ( 40.80000000000001137, 1.000000000000000000, -7.250000000000000000 ) ) ;
#8723 = DIRECTION ( 'NONE',  ( 0.000000000000000000, 0.000000000000000000, 1.000000000000000000 ) ) ;
#8724 = CARTESIAN_POINT ( 'NONE',  ( 29.74999999999998579, 0.2999999999999999889, -7.798623679425844557 ) ) ;
#8725 = CARTESIAN_POINT ( 'NONE',  ( -7.549999999999978506, 13.30000000000000071, -14.45000000000000107 ) ) ;
#8726 = DIRECTION ( 'NONE',  ( 0.000000000000000000, 0.000000000000000000, 1.000000000000000000 ) ) ;
#8727 = DIRECTION ( 'NONE',  ( 0.000000000000000000, 0.000000000000000000, 1.000000000000000000 ) ) ;
#8728 = AXIS2_PLACEMENT_3D ( 'NONE', #6903, #8544, #8598 ) ;
#8729 = VERTEX_POINT ( 'NONE', #2255 ) ;
#8730 = EDGE_CURVE ( 'NONE', #131, #5773, #7603, .T. ) ;
#8731 = ORIENTED_EDGE ( 'NONE', *, *, #7377, .T. ) ;
#8732 = EDGE_CURVE ( 'NONE', #3371, #9425, #9012, .T. ) ;
#8733 = LINE ( 'NONE', #6384, #2672 ) ;
#8734 = DIRECTION ( 'NONE',  ( 0.000000000000000000, -1.000000000000000000, 0.000000000000000000 ) ) ;
#8735 = ORIENTED_EDGE ( 'NONE', *, *, #6094, .F. ) ;
#8736 = LINE ( 'NONE', #9514, #7201 ) ;
#8737 = CARTESIAN_POINT ( 'NONE',  ( -30.58203748537931332, 5.996123729295902649, -2.765105688015068619 ) ) ;
#8738 = FACE_BOUND ( 'NONE', #9334, .T. ) ;
#8739 = LINE ( 'NONE', #3703, #6183 ) ;
#8740 = ORIENTED_EDGE ( 'NONE', *, *, #9335, .F. ) ;
#8741 = ORIENTED_EDGE ( 'NONE', *, *, #8445, .F. ) ;
#8742 = CARTESIAN_POINT ( 'NONE',  ( 30.50000000000001066, 0.2999999999999999889, -2.350000000000004974 ) ) ;
#8743 = EDGE_CURVE ( 'NONE', #2291, #7539, #7048, .T. ) ;
#8744 = EDGE_CURVE ( 'NONE', #5466, #4470, #2135, .T. ) ;
#8746 = CARTESIAN_POINT ( 'NONE',  ( 0.000000000000000000, 13.30000000000000071, -12.24999999999999822 ) ) ;
#8745 = CARTESIAN_POINT ( 'NONE',  ( 0.000000000000000000, 0.2000000000000000111, 2.965000000000000302 ) ) ;
#8747 = DIRECTION ( 'NONE',  ( 1.000000000000000000, 0.000000000000000000, -4.336808689942043768E-15 ) ) ;
#8748 = ORIENTED_EDGE ( 'NONE', *, *, #1272, .T. ) ;
#8749 = ORIENTED_EDGE ( 'NONE', *, *, #10324, .T. ) ;
#8750 = ORIENTED_EDGE ( 'NONE', *, *, #2880, .F. ) ;
#8751 = DIRECTION ( 'NONE',  ( 0.000000000000000000, 0.000000000000000000, 1.000000000000000000 ) ) ;
#8752 = CARTESIAN_POINT ( 'NONE',  ( -51.88704905526284250, 8.400000000000957812, 4.225000000000004086 ) ) ;
#8753 = CARTESIAN_POINT ( 'NONE',  ( -51.54275608861708236, 7.920029344711669417, -4.292343692618000084 ) ) ;
#8754 = CARTESIAN_POINT ( 'NONE',  ( -51.75456334646848688, 8.175565431593296850, -4.262417259502896627 ) ) ;
#8755 = ORIENTED_EDGE ( 'NONE', *, *, #8405, .F. ) ;
#8756 = VECTOR ( 'NONE', #1951, 1000.000000000000000 ) ;
#8757 = ORIENTED_EDGE ( 'NONE', *, *, #214, .F. ) ;
#8758 = EDGE_CURVE ( 'NONE', #2958, #6146, #3077, .T. ) ;
#8759 = LINE ( 'NONE', #6460, #3757 ) ;
#8760 = EDGE_CURVE ( 'NONE', #454, #920, #2901, .T. ) ;
#8762 = CARTESIAN_POINT ( 'NONE',  ( -30.58734193765157627, 5.995981931847600421, 2.764999999998600799 ) ) ;
#8761 = CARTESIAN_POINT ( 'NONE',  ( -30.28999999999999204, 6.296018041280833089, -9.850000000000052935 ) ) ;
#8763 = CARTESIAN_POINT ( 'NONE',  ( -40.13512705544040671, -8.136653386224946541E-16, 3.491341773655562086 ) ) ;
#8764 = DIRECTION ( 'NONE',  ( -1.000000000000000000, 0.000000000000000000, -0.000000000000000000 ) ) ;
#8765 = AXIS2_PLACEMENT_3D ( 'NONE', #3952, #8221, #4884 ) ;
#8766 = AXIS2_PLACEMENT_3D ( 'NONE', #5822, #6745, #5978 ) ;
#8767 = CARTESIAN_POINT ( 'NONE',  ( -49.79999999999998295, 8.400000000000000355, 2.449999999999999734 ) ) ;
#8768 = PLANE ( 'NONE',  #9141 ) ;
#8769 = ORIENTED_EDGE ( 'NONE', *, *, #884, .F. ) ;
#8770 = CARTESIAN_POINT ( 'NONE',  ( -51.79999999999998295, 10.00000000000000000, -2.449999999999999289 ) ) ;
#8771 = CARTESIAN_POINT ( 'NONE',  ( -51.95568058483290486, 9.484780085661554949, 3.641416195902992481 ) ) ;
#8772 = ORIENTED_EDGE ( 'NONE', *, *, #7150, .T. ) ;
#8773 = EDGE_CURVE ( 'NONE', #630, #10037, #9191, .T. ) ;
#8774 = CIRCLE ( 'NONE', #8254, 0.7999999999999994893 ) ;
#8775 = ORIENTED_EDGE ( 'NONE', *, *, #5001, .F. ) ;
#8776 = VECTOR ( 'NONE', #7749, 1000.000000000000000 ) ;
#8777 = EDGE_CURVE ( 'NONE', #7107, #9425, #5165, .T. ) ;
#8778 = CARTESIAN_POINT ( 'NONE',  ( -44.74999999999998579, 15.10000000000000142, 6.749999999999999112 ) ) ;
#8779 = DIRECTION ( 'NONE',  ( 0.000000000000000000, 1.000000000000000000, 0.000000000000000000 ) ) ;
#8780 = CARTESIAN_POINT ( 'NONE',  ( -31.47472780755320443, 0.1999999999999987899, 3.615000000000000213 ) ) ;
#8781 = PLANE ( 'NONE',  #5873 ) ;
#8782 = DIRECTION ( 'NONE',  ( 0.000000000000000000, 1.000000000000000000, 0.000000000000000000 ) ) ;
#8783 = VECTOR ( 'NONE', #8685, 1000.000000000000000 ) ;
#8784 = AXIS2_PLACEMENT_3D ( 'NONE', #10388, #430, #3640 ) ;
#8785 = EDGE_CURVE ( 'NONE', #1017, #130, #8514, .T. ) ;
#8786 = AXIS2_PLACEMENT_3D ( 'NONE', #8957, #5673, #754 ) ;
#8787 = CIRCLE ( 'NONE', #4072, 1.500000000000001332 ) ;
#8788 = VERTEX_POINT ( 'NONE', #4699 ) ;
#8789 = VECTOR ( 'NONE', #1851, 1000.000000000000000 ) ;
#8790 = PLANE ( 'NONE',  #8965 ) ;
#8791 = CARTESIAN_POINT ( 'NONE',  ( -51.55633014137976744, 8.400000000003297274, -4.350000000000000533 ) ) ;
#8792 = ORIENTED_EDGE ( 'NONE', *, *, #6974, .T. ) ;
#8793 = CARTESIAN_POINT ( 'NONE',  ( -51.75654232640310681, 7.534772410532295517, 4.007613973532518692 ) ) ;
#8794 = CARTESIAN_POINT ( 'NONE',  ( 6.982420150553256377, 0.5000000000000000000, 12.09390646055098628 ) ) ;
#8795 = ADVANCED_FACE ( 'NONE', ( #8694 ), #9579, .T. ) ;
#8796 = B_SPLINE_CURVE_WITH_KNOTS ( 'NONE', 3,
 ( #2270, #516, #9596, #9647, #4713, #5425, #2215, #8822 ),
 .UNSPECIFIED., .F., .F.,
 ( 4, 2, 2, 4 ),
 ( 0.000000000000000000, 0.0001382025733524845515, 0.0002764051467049691031, 0.0005528102934099438440 ),
 .UNSPECIFIED. ) ;
#8797 = DIRECTION ( 'NONE',  ( -0.8660254037844379305, 0.000000000000000000, 0.5000000000000011102 ) ) ;
#8798 = VECTOR ( 'NONE', #2233, 1000.000000000000000 ) ;
#8799 = EDGE_CURVE ( 'NONE', #2469, #7279, #8938, .T. ) ;
#8800 = VECTOR ( 'NONE', #638, 1000.000000000000000 ) ;
#8801 = LINE ( 'NONE', #5623, #1376 ) ;
#8802 = CIRCLE ( 'NONE', #10737, 3.750000000000003553 ) ;
#8803 = ORIENTED_EDGE ( 'NONE', *, *, #3212, .F. ) ;
#8804 = ORIENTED_EDGE ( 'NONE', *, *, #6312, .F. ) ;
#8805 = DIRECTION ( 'NONE',  ( 0.000000000000000000, 0.000000000000000000, -1.000000000000000000 ) ) ;
#8807 = CARTESIAN_POINT ( 'NONE',  ( -31.28999999999999204, 2.820913717569120127, -8.850000000000052935 ) ) ;
#8806 = DIRECTION ( 'NONE',  ( -0.000000000000000000, -0.000000000000000000, 1.000000000000000000 ) ) ;
#8808 = AXIS2_PLACEMENT_3D ( 'NONE', #6998, #1001, #7770 ) ;
#8809 = VERTEX_POINT ( 'NONE', #2084 ) ;
#8810 = ORIENTED_EDGE ( 'NONE', *, *, #1528, .F. ) ;
#8811 = ORIENTED_EDGE ( 'NONE', *, *, #10822, .F. ) ;
#8812 = EDGE_LOOP ( 'NONE', ( #2906, #1553, #10691, #5044, #7878, #7549 ) ) ;
#8813 = CARTESIAN_POINT ( 'NONE',  ( 30.50000000000001066, -0.0009999999999999158867, -2.350000000000004974 ) ) ;
#8814 = PLANE ( 'NONE',  #6013 ) ;
#8815 = DIRECTION ( 'NONE',  ( 0.000000000000000000, 1.000000000000000000, -0.000000000000000000 ) ) ;
#8816 = CARTESIAN_POINT ( 'NONE',  ( -51.88705536026328247, 8.291617929101823492, -4.224942567312442776 ) ) ;
#8817 = EDGE_CURVE ( 'NONE', #1890, #2742, #7781, .T. ) ;
#8818 = EDGE_LOOP ( 'NONE', ( #6728, #2663, #10031, #8329, #9188 ) ) ;
#8819 = AXIS2_PLACEMENT_3D ( 'NONE', #1812, #989, #4316 ) ;
#8820 = EDGE_LOOP ( 'NONE', ( #9252, #5222, #6018, #9775 ) ) ;
#8821 = ORIENTED_EDGE ( 'NONE', *, *, #3096, .T. ) ;
#8822 = CARTESIAN_POINT ( 'NONE',  ( 30.95000000000003837, 0.000000000000000000, 2.830492254602816171 ) ) ;
#8824 = CARTESIAN_POINT ( 'NONE',  ( 38.63172798364529825, -1.697056274847719815, 6.781727983645294167 ) ) ;
#8823 = DIRECTION ( 'NONE',  ( 0.000000000000000000, 0.000000000000000000, 1.000000000000000000 ) ) ;
#8825 = ORIENTED_EDGE ( 'NONE', *, *, #4450, .T. ) ;
#8826 = DIRECTION ( 'NONE',  ( -0.000000000000000000, -0.000000000000000000, 1.000000000000000000 ) ) ;
#8827 = LINE ( 'NONE', #4719, #229 ) ;
#8828 = DIRECTION ( 'NONE',  ( 0.000000000000000000, 0.000000000000000000, -1.000000000000000000 ) ) ;
#8829 = CIRCLE ( 'NONE', #4110, 2.400000000000000799 ) ;
#8830 = DIRECTION ( 'NONE',  ( 1.843489347478010119E-17, 0.000000000000000000, -1.000000000000000000 ) ) ;
#8831 = ORIENTED_EDGE ( 'NONE', *, *, #6804, .F. ) ;
#8832 = DIRECTION ( 'NONE',  ( -1.000000000000000000, -0.000000000000000000, -0.000000000000000000 ) ) ;
#8833 = LINE ( 'NONE', #7013, #9686 ) ;
#8834 = EDGE_LOOP ( 'NONE', ( #9094, #5066, #4813, #2950 ) ) ;
#8835 = EDGE_CURVE ( 'NONE', #7803, #700, #7268, .T. ) ;
#8836 = ORIENTED_EDGE ( 'NONE', *, *, #6004, .T. ) ;
#8837 = AXIS2_PLACEMENT_3D ( 'NONE', #2458, #8365, #9074 ) ;
#8838 = FACE_OUTER_BOUND ( 'NONE', #6493, .T. ) ;
#8839 = CARTESIAN_POINT ( 'NONE',  ( 0.000000000000000000, 13.30000000000000071, 13.54999999999999893 ) ) ;
#8840 = FACE_BOUND ( 'NONE', #10584, .T. ) ;
#8841 = CARTESIAN_POINT ( 'NONE',  ( -47.04999999999999716, 3.000000000000000000, -9.500000000000000000 ) ) ;
#8842 = ADVANCED_FACE ( 'NONE', ( #5410 ), #7926, .F. ) ;
#8843 = CARTESIAN_POINT ( 'NONE',  ( 1.486764281119465680, 13.30000000000000071, -14.75000000000000000 ) ) ;
#8844 = AXIS2_PLACEMENT_3D ( 'NONE', #6758, #5016, #10113 ) ;
#8845 = CARTESIAN_POINT ( 'NONE',  ( -31.51661123066064363, 3.000000000000000000, -20.34067203111831290 ) ) ;
#8846 = ADVANCED_FACE ( 'NONE', ( #3278 ), #5845, .F. ) ;
#8847 = VERTEX_POINT ( 'NONE', #7313 ) ;
#8848 = EDGE_CURVE ( 'NONE', #3610, #8053, #1852, .T. ) ;
#8849 = DIRECTION ( 'NONE',  ( 1.000000000000000000, 0.000000000000000000, 0.000000000000000000 ) ) ;
#8850 = VECTOR ( 'NONE', #1620, 999.9999999999998863 ) ;
#8851 = DIRECTION ( 'NONE',  ( -0.8660254037844387076, -0.000000000000000000, 0.4999999999999997224 ) ) ;
#8852 = VERTEX_POINT ( 'NONE', #8314 ) ;
#8853 = DIRECTION ( 'NONE',  ( -0.000000000000000000, 1.000000000000000000, -0.000000000000000000 ) ) ;
#8854 = CARTESIAN_POINT ( 'NONE',  ( 29.75000000000003197, 0.5000000000000000000, 6.618695557326059742 ) ) ;
#8855 = DIRECTION ( 'NONE',  ( 1.000000000000000000, 0.000000000000000000, 0.000000000000000000 ) ) ;
#8856 = LINE ( 'NONE', #1372, #10640 ) ;
#8857 = VECTOR ( 'NONE', #811, 1000.000000000000000 ) ;
#8858 = ORIENTED_EDGE ( 'NONE', *, *, #9623, .F. ) ;
#8859 = ORIENTED_EDGE ( 'NONE', *, *, #6446, .F. ) ;
#8860 = EDGE_CURVE ( 'NONE', #1217, #2446, #2361, .T. ) ;
#8861 = CARTESIAN_POINT ( 'NONE',  ( -40.13512705544040671, -8.136653386224946541E-16, -2.888658226344437363 ) ) ;
#8862 = CARTESIAN_POINT ( 'NONE',  ( 49.80000000000001847, 11.35000000000000142, -2.500000000000000000 ) ) ;
#8863 = ADVANCED_FACE ( 'NONE', ( #4864 ), #9190, .T. ) ;
#8864 = ORIENTED_EDGE ( 'NONE', *, *, #4620, .T. ) ;
#8865 = EDGE_LOOP ( 'NONE', ( #10141, #1880, #7789, #10053 ) ) ;
#8866 = EDGE_LOOP ( 'NONE', ( #4058, #1128, #2083, #6988 ) ) ;
#8867 = VERTEX_POINT ( 'NONE', #10008 ) ;
#8868 = FACE_OUTER_BOUND ( 'NONE', #5338, .T. ) ;
#8869 = CARTESIAN_POINT ( 'NONE',  ( -47.04999999999999716, 3.000000000000000000, -9.500000000000000000 ) ) ;
#8870 = CARTESIAN_POINT ( 'NONE',  ( -51.55630698373560250, 8.522626916553408094, -4.349909309300405091 ) ) ;
#8871 = DIRECTION ( 'NONE',  ( 0.000000000000000000, 0.000000000000000000, -1.000000000000000000 ) ) ;
#8872 = VERTEX_POINT ( 'NONE', #9850 ) ;
#8873 =( BOUNDED_CURVE ( )  B_SPLINE_CURVE ( 3, ( #1485, #548, #3982, #605 ),
 .UNSPECIFIED., .F., .T. ) 
 B_SPLINE_CURVE_WITH_KNOTS ( ( 4, 4 ),
 ( 3.141592653589795781, 4.712388980384690562 ),
 .UNSPECIFIED. ) 
 CURVE ( )  GEOMETRIC_REPRESENTATION_ITEM ( )  RATIONAL_B_SPLINE_CURVE ( ( 1.000000000000000000, 0.8047378541243654926, 0.8047378541243654926, 1.000000000000000000 ) ) 
 REPRESENTATION_ITEM ( '' )  );
#8874 = EDGE_LOOP ( 'NONE', ( #3867, #6790 ) ) ;
#8875 = EDGE_CURVE ( 'NONE', #1067, #3809, #2304, .T. ) ;
#8876 = DIRECTION ( 'NONE',  ( 0.000000000000000000, 0.000000000000000000, 1.000000000000000000 ) ) ;
#8877 = EDGE_CURVE ( 'NONE', #5799, #9028, #9328, .T. ) ;
#8879 = CARTESIAN_POINT ( 'NONE',  ( -52.74999999999998579, 3.000000000000000000, 0.000000000000000000 ) ) ;
#8878 = CARTESIAN_POINT ( 'NONE',  ( -51.79999999999998295, 10.30000000000000071, -2.449999999999999289 ) ) ;
#8880 = EDGE_CURVE ( 'NONE', #7351, #3470, #3330, .T. ) ;
#8881 = ORIENTED_EDGE ( 'NONE', *, *, #10134, .T. ) ;
#8882 = FACE_OUTER_BOUND ( 'NONE', #7760, .T. ) ;
#8883 = AXIS2_PLACEMENT_3D ( 'NONE', #10289, #2949, #6171 ) ;
#8884 = DIRECTION ( 'NONE',  ( -1.000000000000000000, 0.000000000000000000, 0.000000000000000000 ) ) ;
#8885 = CARTESIAN_POINT ( 'NONE',  ( -40.03434658500975019, 0.1071145293931473896, 8.372877755913762599 ) ) ;
#8886 = LINE ( 'NONE', #4721, #10715 ) ;
#8887 = CIRCLE ( 'NONE', #334, 6.800000000000000711 ) ;
#8888 = ORIENTED_EDGE ( 'NONE', *, *, #5957, .F. ) ;
#8889 = CARTESIAN_POINT ( 'NONE',  ( 21.74234517834435465, 5.400000000000000355, 21.74234517834455716 ) ) ;
#8890 = DIRECTION ( 'NONE',  ( -1.000000000000000000, -0.000000000000000000, -4.231032868236115418E-16 ) ) ;
#8891 = ORIENTED_EDGE ( 'NONE', *, *, #10156, .T. ) ;
#8892 = ORIENTED_EDGE ( 'NONE', *, *, #6217, .F. ) ;
#8893 = LINE ( 'NONE', #7957, #4333 ) ;
#8894 = DIRECTION ( 'NONE',  ( 1.000000000000000000, 0.000000000000000000, 0.000000000000000000 ) ) ;
#8896 = ADVANCED_FACE ( 'NONE', ( #1488 ), #3592, .T. ) ;
#8895 = CARTESIAN_POINT ( 'NONE',  ( -47.04999999999998295, 6.500000000000000888, -9.500000000000001776 ) ) ;
#8897 = ADVANCED_FACE ( 'NONE', ( #770 ), #4973, .T. ) ;
#8898 = CARTESIAN_POINT ( 'NONE',  ( -31.28999999999999204, 3.179086282430880317, -8.850000000000054712 ) ) ;
#8899 = AXIS2_PLACEMENT_3D ( 'NONE', #5071, #114, #10829 ) ;
#8900 = FACE_OUTER_BOUND ( 'NONE', #7200, .T. ) ;
#8901 = PLANE ( 'NONE',  #8103 ) ;
#8902 = EDGE_LOOP ( 'NONE', ( #7312, #8594, #8923, #10065 ) ) ;
#8903 = B_SPLINE_CURVE_WITH_KNOTS ( 'NONE', 3,
 ( #9034, #1713, #1549, #4925 ),
 .UNSPECIFIED., .F., .F.,
 ( 4, 4 ),
 ( 0.000000000000000000, 0.0001768401304882930437 ),
 .UNSPECIFIED. ) ;
#8904 = EDGE_CURVE ( 'NONE', #1915, #8852, #4808, .T. ) ;
#8905 = ORIENTED_EDGE ( 'NONE', *, *, #4155, .F. ) ;
#8906 = CARTESIAN_POINT ( 'NONE',  ( -34.52834772718359346, 0.000000000000000000, -3.415000000000000036 ) ) ;
#8907 = EDGE_CURVE ( 'NONE', #1775, #984, #7037, .T. ) ;
#8908 = CARTESIAN_POINT ( 'NONE',  ( -31.22777815357900622, 3.000000000000000000, 8.349999999999997868 ) ) ;
#8909 = EDGE_LOOP ( 'NONE', ( #8535, #8646, #8459, #6395, #899 ) ) ;
#8910 = VECTOR ( 'NONE', #3999, 1000.000000000000000 ) ;
#8911 = CARTESIAN_POINT ( 'NONE',  ( -30.58468570924807395, 5.996053416120790125, -2.765035374839955651 ) ) ;
#8912 = CARTESIAN_POINT ( 'NONE',  ( -1.549999999999978506, 13.30000000000000071, -14.75000000000000000 ) ) ;
#8913 = LINE ( 'NONE', #1481, #3306 ) ;
#8914 = LINE ( 'NONE', #5682, #4506 ) ;
#8915 = VERTEX_POINT ( 'NONE', #10832 ) ;
#8916 = VECTOR ( 'NONE', #3712, 1000.000000000000000 ) ;
#8917 = EDGE_LOOP ( 'NONE', ( #10380, #2532, #3481, #9999 ) ) ;
#8918 = DIRECTION ( 'NONE',  ( 1.000000000000000000, -0.000000000000000000, -0.000000000000000000 ) ) ;
#8920 = CARTESIAN_POINT ( 'NONE',  ( -35.04999999999998295, 8.000000000000000000, 12.24999999999999822 ) ) ;
#8919 = DIRECTION ( 'NONE',  ( 0.000000000000000000, 0.000000000000000000, 1.000000000000000000 ) ) ;
#8921 = DIRECTION ( 'NONE',  ( -0.000000000000000000, 0.000000000000000000, 1.000000000000000000 ) ) ;
#8922 = ORIENTED_EDGE ( 'NONE', *, *, #3538, .F. ) ;
#8923 = ORIENTED_EDGE ( 'NONE', *, *, #1568, .F. ) ;
#8924 = CARTESIAN_POINT ( 'NONE',  ( 0.000000000000000000, 13.00000000000000178, 0.000000000000000000 ) ) ;
#8925 = DIRECTION ( 'NONE',  ( -1.000000000000000000, 0.000000000000000000, 0.000000000000000000 ) ) ;
#8926 = CARTESIAN_POINT ( 'NONE',  ( -51.75488312692981907, 8.872355668500405912, -4.203259824542882939 ) ) ;
#8927 = CARTESIAN_POINT ( 'NONE',  ( -19.54999999999997939, 16.60001199999999955, -12.25000000000000178 ) ) ;
#8928 = EDGE_CURVE ( 'NONE', #2453, #7141, #3169, .T. ) ;
#8929 = ORIENTED_EDGE ( 'NONE', *, *, #1715, .F. ) ;
#8930 = VERTEX_POINT ( 'NONE', #5026 ) ;
#8931 = CARTESIAN_POINT ( 'NONE',  ( 51.50000000000001421, 9.000000000000001776, 0.000000000000000000 ) ) ;
#8933 = DIRECTION ( 'NONE',  ( -0.000000000000000000, -1.000000000000000000, -0.000000000000000000 ) ) ;
#8932 = CARTESIAN_POINT ( 'NONE',  ( 38.76960222758096108, 0.000000000000000000, 1.904841829914290408 ) ) ;
#8934 = EDGE_LOOP ( 'NONE', ( #3355, #6613, #5573, #6629 ) ) ;
#8935 = CARTESIAN_POINT ( 'NONE',  ( 35.21143789659458889, 0.000000000000000000, -0.1494653044016135690 ) ) ;
#8936 = DIRECTION ( 'NONE',  ( 0.000000000000000000, 0.000000000000000000, 1.000000000000000000 ) ) ;
#8937 = DIRECTION ( 'NONE',  ( 0.000000000000000000, 0.000000000000000000, 1.000000000000000000 ) ) ;
#8938 =( BOUNDED_CURVE ( )  B_SPLINE_CURVE ( 3, ( #3118, #3870, #10570, #9746 ),
 .UNSPECIFIED., .F., .T. ) 
 B_SPLINE_CURVE_WITH_KNOTS ( ( 4, 4 ),
 ( 1.570796326794896558, 3.141592653589792228 ),
 .UNSPECIFIED. ) 
 CURVE ( )  GEOMETRIC_REPRESENTATION_ITEM ( )  RATIONAL_B_SPLINE_CURVE ( ( 1.000000000000000000, 0.8047378541243652705, 0.8047378541243652705, 1.000000000000000000 ) ) 
 REPRESENTATION_ITEM ( '' )  );
#8939 = ORIENTED_EDGE ( 'NONE', *, *, #9103, .F. ) ;
#8940 = DIRECTION ( 'NONE',  ( 0.000000000000000000, 0.000000000000000000, 1.000000000000000000 ) ) ;
#8941 = CARTESIAN_POINT ( 'NONE',  ( -31.46672734614590183, 0.000000000000000000, 2.965000000000000302 ) ) ;
#8942 = EDGE_CURVE ( 'NONE', #5604, #2462, #6496, .T. ) ;
#8943 = ORIENTED_EDGE ( 'NONE', *, *, #10003, .T. ) ;
#8944 = EDGE_CURVE ( 'NONE', #3305, #10237, #4119, .T. ) ;
#8945 = EDGE_LOOP ( 'NONE', ( #6237, #3764, #8803, #10243 ) ) ;
#8946 = DIRECTION ( 'NONE',  ( -9.174590055198333916E-33, -1.000000000000000000, -5.421010862427517856E-17 ) ) ;
#8947 = FACE_OUTER_BOUND ( 'NONE', #3529, .T. ) ;
#8948 = CARTESIAN_POINT ( 'NONE',  ( -52.75099999999998346, 9.850000000000001421, -3.299999999999999822 ) ) ;
#8949 = DIRECTION ( 'NONE',  ( -1.000000000000000000, 0.000000000000000000, 0.000000000000000000 ) ) ;
#8950 = DIRECTION ( 'NONE',  ( 0.000000000000000000, 0.000000000000000000, -1.000000000000000000 ) ) ;
#8951 = CARTESIAN_POINT ( 'NONE',  ( -51.99999999999998579, 9.700000000000001066, -2.924999999999996270 ) ) ;
#8952 = VECTOR ( 'NONE', #10044, 1000.000000000000000 ) ;
#8953 = ORIENTED_EDGE ( 'NONE', *, *, #1782, .T. ) ;
#8954 = ADVANCED_FACE ( 'NONE', ( #4095 ), #7424, .F. ) ;
#8955 = EDGE_CURVE ( 'NONE', #6912, #10467, #5512, .T. ) ;
#8956 = ORIENTED_EDGE ( 'NONE', *, *, #8743, .F. ) ;
#8957 = CARTESIAN_POINT ( 'NONE',  ( -47.04999999999999716, 3.000000000000000000, -9.500000000000000000 ) ) ;
#8958 = LINE ( 'NONE', #4851, #5700 ) ;
#8959 = VERTEX_POINT ( 'NONE', #10225 ) ;
#8960 = AXIS2_PLACEMENT_3D ( 'NONE', #6818, #7386, #6002 ) ;
#8961 = AXIS2_PLACEMENT_3D ( 'NONE', #8634, #3652, #6987 ) ;
#8962 = LINE ( 'NONE', #3161, #2660 ) ;
#8963 = DIRECTION ( 'NONE',  ( 0.000000000000000000, 1.000000000000000000, -0.000000000000000000 ) ) ;
#8964 = CARTESIAN_POINT ( 'NONE',  ( 47.05000000000001137, 9.000000000000001776, 9.499999999999998224 ) ) ;
#8965 = AXIS2_PLACEMENT_3D ( 'NONE', #4634, #3856, #6978 ) ;
#8966 = CARTESIAN_POINT ( 'NONE',  ( 3.550000000000021139, 13.30000000000000071, 13.35000000000015952 ) ) ;
#8967 = AXIS2_PLACEMENT_3D ( 'NONE', #4770, #8823, #5426 ) ;
#8968 = EDGE_CURVE ( 'NONE', #1708, #3207, #4356, .T. ) ;
#8969 = VECTOR ( 'NONE', #3189, 1000.000000000000000 ) ;
#8970 = ORIENTED_EDGE ( 'NONE', *, *, #7395, .F. ) ;
#8971 = ORIENTED_EDGE ( 'NONE', *, *, #6879, .T. ) ;
#8972 = CARTESIAN_POINT ( 'NONE',  ( -30.58203748537937372, 5.996123729295900873, 8.643749989102968101 ) ) ;
#8973 = VECTOR ( 'NONE', #8013, 1000.000000000000000 ) ;
#8974 = FACE_OUTER_BOUND ( 'NONE', #2639, .T. ) ;
#8975 = CARTESIAN_POINT ( 'NONE',  ( 30.50000000000001066, -0.0009999999999999158867, -2.350000000000004974 ) ) ;
#8976 = ORIENTED_EDGE ( 'NONE', *, *, #5563, .F. ) ;
#8977 = VERTEX_POINT ( 'NONE', #4307 ) ;
#8978 = AXIS2_PLACEMENT_3D ( 'NONE', #964, #9268, #8344 ) ;
#8979 = VECTOR ( 'NONE', #977, 1000.000000000000000 ) ;
#8980 = EDGE_CURVE ( 'NONE', #452, #6650, #287, .T. ) ;
#8981 = CARTESIAN_POINT ( 'NONE',  ( -51.49999999999998579, 7.083039804977605769, -3.819531250000006484 ) ) ;
#8982 = CARTESIAN_POINT ( 'NONE',  ( 37.89211819145298676, 0.2999999999999999889, -7.483866831501378769 ) ) ;
#8983 = CARTESIAN_POINT ( 'NONE',  ( -51.66892880171266000, 9.350218215710269121, -4.114102427807193152 ) ) ;
#8984 = FACE_OUTER_BOUND ( 'NONE', #200, .T. ) ;
#8985 = ORIENTED_EDGE ( 'NONE', *, *, #4251, .T. ) ;
#8986 = EDGE_CURVE ( 'NONE', #9358, #9469, #2058, .T. ) ;
#8987 = ORIENTED_EDGE ( 'NONE', *, *, #5358, .T. ) ;
#8988 = VECTOR ( 'NONE', #1891, 1000.000000000000000 ) ;
#8989 = CARTESIAN_POINT ( 'NONE',  ( -15.38066059622850368, 13.30000000000000071, 5.598102640378059824 ) ) ;
#8990 = AXIS2_PLACEMENT_3D ( 'NONE', #10133, #3499, #3288 ) ;
#8992 = DIRECTION ( 'NONE',  ( 0.000000000000000000, 0.000000000000000000, 1.000000000000000000 ) ) ;
#8991 = PLANE ( 'NONE',  #9674 ) ;
#8993 = ORIENTED_EDGE ( 'NONE', *, *, #8152, .T. ) ;
#8994 = EDGE_CURVE ( 'NONE', #10425, #760, #168, .T. ) ;
#8995 = CARTESIAN_POINT ( 'NONE',  ( 0.000000000000000000, 0.5000000000000004441, 3.615000000000000213 ) ) ;
#8996 = DIRECTION ( 'NONE',  ( 0.000000000000000000, 1.000000000000000000, 0.000000000000000000 ) ) ;
#8997 = DIRECTION ( 'NONE',  ( 0.000000000000000000, 0.000000000000000000, -1.000000000000000000 ) ) ;
#8998 = CIRCLE ( 'NONE', #8121, 1.000000000000000888 ) ;
#8999 = ORIENTED_EDGE ( 'NONE', *, *, #1834, .T. ) ;
#9000 = CARTESIAN_POINT ( 'NONE',  ( -47.04999999999999716, 3.000000000000000000, 10.35000000000000675 ) ) ;
#9001 = CARTESIAN_POINT ( 'NONE',  ( -51.78908574990791891, 9.747454368529544055, 3.497160870918368136 ) ) ;
#9002 = VERTEX_POINT ( 'NONE', #5132 ) ;
#9003 = AXIS2_PLACEMENT_3D ( 'NONE', #1712, #5852, #9249 ) ;
#9004 = DIRECTION ( 'NONE',  ( 0.000000000000000000, 1.000000000000000000, 0.000000000000000000 ) ) ;
#9005 = CARTESIAN_POINT ( 'NONE',  ( 35.59364652204421731, 0.2531612188914911798, -4.424792786874612638 ) ) ;
#9006 = ADVANCED_FACE ( 'NONE', ( #215 ), #6681, .T. ) ;
#9007 = CARTESIAN_POINT ( 'NONE',  ( -7.994533542344514743, 11.00000000000000178, 13.84693827814967904 ) ) ;
#9008 = LINE ( 'NONE', #2439, #8952 ) ;
#9009 = CARTESIAN_POINT ( 'NONE',  ( 34.78139739626870863, -3.219572232513594011E-15, 0.7199051519402281940 ) ) ;
#9010 = LINE ( 'NONE', #696, #5996 ) ;
#9011 = ORIENTED_EDGE ( 'NONE', *, *, #557, .F. ) ;
#9012 = CIRCLE ( 'NONE', #4290, 1.600000000000000755 ) ;
#9013 = ORIENTED_EDGE ( 'NONE', *, *, #5447, .T. ) ;
#9014 = CARTESIAN_POINT ( 'NONE',  ( 1.050000000000021361, 13.30000000000000071, 13.35000000000015774 ) ) ;
#9015 = CARTESIAN_POINT ( 'NONE',  ( 0.000000000000000000, 0.5000000000000004441, 2.765000000000000124 ) ) ;
#9016 = EDGE_CURVE ( 'NONE', #8409, #6781, #1030, .T. ) ;
#9017 = CARTESIAN_POINT ( 'NONE',  ( -47.04999999999999716, 8.000000000000000000, -9.500000000000000000 ) ) ;
#9018 = VERTEX_POINT ( 'NONE', #3490 ) ;
#9019 = DIRECTION ( 'NONE',  ( 0.000000000000000000, 0.000000000000000000, -1.000000000000000000 ) ) ;
#9020 = CARTESIAN_POINT ( 'NONE',  ( 50.39065861769802979, 9.000000000000001776, 13.54999999999999538 ) ) ;
#9021 = LINE ( 'NONE', #5455, #5571 ) ;
#9022 = CARTESIAN_POINT ( 'NONE',  ( 9.519658948938198861, 5.500000000000000000, 12.25000000000000178 ) ) ;
#9023 = CIRCLE ( 'NONE', #990, 3.000000000000000888 ) ;
#9024 = ORIENTED_EDGE ( 'NONE', *, *, #1794, .F. ) ;
#9025 = CARTESIAN_POINT ( 'NONE',  ( 22.95788180854703953, 0.000000000000000000, 2.524059210366030648 ) ) ;
#9026 = CARTESIAN_POINT ( 'NONE',  ( 22.68039777241908084, 0.000000000000000000, 2.684264693320329798 ) ) ;
#9027 = LINE ( 'NONE', #717, #2208 ) ;
#9028 = VERTEX_POINT ( 'NONE', #1753 ) ;
#9029 = EDGE_CURVE ( 'NONE', #4604, #7651, #8566, .T. ) ;
#9030 = EDGE_CURVE ( 'NONE', #5918, #9796, #9399, .T. ) ;
#9032 = DIRECTION ( 'NONE',  ( -0.000000000000000000, -1.000000000000000000, 0.000000000000000000 ) ) ;
#9031 = AXIS2_PLACEMENT_3D ( 'NONE', #5393, #4625, #5554 ) ;
#9033 = LINE ( 'NONE', #6453, #6882 ) ;
#9034 = CARTESIAN_POINT ( 'NONE',  ( -31.11939691791956974, 0.5000000000000004441, -8.864660166041909761 ) ) ;
#9035 = DIRECTION ( 'NONE',  ( -0.000000000000000000, -0.000000000000000000, 1.000000000000000000 ) ) ;
#9036 = ORIENTED_EDGE ( 'NONE', *, *, #10766, .T. ) ;
#9037 = ORIENTED_EDGE ( 'NONE', *, *, #3483, .T. ) ;
#9038 = EDGE_CURVE ( 'NONE', #2360, #4137, #2570, .T. ) ;
#9039 = DIRECTION ( 'NONE',  ( -1.000000000000000000, -0.000000000000000000, -0.000000000000000000 ) ) ;
#9041 = LINE ( 'NONE', #6414, #7851 ) ;
#9040 = CARTESIAN_POINT ( 'NONE',  ( 25.50062952100079627, 0.09795398803915386643, -4.456839648980964519 ) ) ;
#9042 = ORIENTED_EDGE ( 'NONE', *, *, #8744, .F. ) ;
#9043 = CARTESIAN_POINT ( 'NONE',  ( 2.459170479469696691, 15.10000000000000142, -14.75000000000000000 ) ) ;
#9044 = EDGE_CURVE ( 'NONE', #5938, #1650, #118, .T. ) ;
#9045 = DIRECTION ( 'NONE',  ( -0.000000000000000000, 1.000000000000000000, -0.000000000000000000 ) ) ;
#9046 = LINE ( 'NONE', #881, #3705 ) ;
#9047 = ORIENTED_EDGE ( 'NONE', *, *, #6571, .F. ) ;
#9048 = LINE ( 'NONE', #1565, #435 ) ;
#9049 = CARTESIAN_POINT ( 'NONE',  ( -51.77340835089973581, 9.594609242404818161, 3.692296232791138610 ) ) ;
#9050 = VERTEX_POINT ( 'NONE', #1802 ) ;
#9051 = AXIS2_PLACEMENT_3D ( 'NONE', #2797, #298, #9471 ) ;
#9052 = CARTESIAN_POINT ( 'NONE',  ( -19.54999999999997939, 15.20000000000000462, -14.75000000000000178 ) ) ;
#9053 = CARTESIAN_POINT ( 'NONE',  ( 9.017579849446690332, 0.2999999999999999889, -15.61890646055099907 ) ) ;
#9054 = PLANE ( 'NONE',  #2047 ) ;
#9055 = DIRECTION ( 'NONE',  ( -0.000000000000000000, 1.000000000000000000, -0.000000000000000000 ) ) ;
#9056 = CARTESIAN_POINT ( 'NONE',  ( -30.28999999999998494, 6.123958770389134720, 2.892940729108300246 ) ) ;
#9057 = CARTESIAN_POINT ( 'NONE',  ( 0.000000000000000000, 3.000000000000000000, 11.75000000000000000 ) ) ;
#9058 = AXIS2_PLACEMENT_3D ( 'NONE', #2174, #2984, #3847 ) ;
#9059 = EDGE_CURVE ( 'NONE', #3821, #2432, #8414, .T. ) ;
#9060 = ORIENTED_EDGE ( 'NONE', *, *, #9171, .F. ) ;
#9061 = ORIENTED_EDGE ( 'NONE', *, *, #10470, .T. ) ;
#9062 = DIRECTION ( 'NONE',  ( 1.176083712526648949E-16, 0.000000000000000000, 1.000000000000000000 ) ) ;
#9063 = CARTESIAN_POINT ( 'NONE',  ( -35.06554871542299878, 0.000000000000000000, 3.615000000000000213 ) ) ;
#9064 = CARTESIAN_POINT ( 'NONE',  ( -30.28999999999999204, 2.940301078488233077, 9.348062343657927542 ) ) ;
#9065 = ORIENTED_EDGE ( 'NONE', *, *, #9426, .T. ) ;
#9066 = DIRECTION ( 'NONE',  ( 0.000000000000000000, 0.000000000000000000, 1.000000000000000000 ) ) ;
#9067 = VERTEX_POINT ( 'NONE', #5946 ) ;
#9068 = DIRECTION ( 'NONE',  ( 9.856182124392322263E-16, 0.000000000000000000, 1.000000000000000000 ) ) ;
#9069 = CARTESIAN_POINT ( 'NONE',  ( 30.50000000000001066, 0.000000000000000000, -2.350000000000004974 ) ) ;
#9070 = DIRECTION ( 'NONE',  ( 1.000000000000000000, 0.000000000000000000, 0.000000000000000000 ) ) ;
#9071 = EDGE_CURVE ( 'NONE', #1775, #2016, #5999, .T. ) ;
#9072 = EDGE_CURVE ( 'NONE', #6667, #6149, #5076, .T. ) ;
#9073 = ORIENTED_EDGE ( 'NONE', *, *, #5072, .T. ) ;
#9074 = DIRECTION ( 'NONE',  ( 0.000000000000000000, 0.000000000000000000, 1.000000000000000000 ) ) ;
#9076 = CARTESIAN_POINT ( 'NONE',  ( 22.99446861781633800, 0.09378038618371704882, 2.758250430495000405 ) ) ;
#9075 = CARTESIAN_POINT ( 'NONE',  ( -51.99999999999998579, 7.102280827012615205, 3.001973684210525573 ) ) ;
#9077 = DIRECTION ( 'NONE',  ( -0.000000000000000000, -1.000000000000000000, -0.000000000000000000 ) ) ;
#9078 = ORIENTED_EDGE ( 'NONE', *, *, #697, .T. ) ;
#9079 = FACE_BOUND ( 'NONE', #5780, .T. ) ;
#9080 = LINE ( 'NONE', #7431, #6494 ) ;
#9081 = CYLINDRICAL_SURFACE ( 'NONE', #6200, 5.499999999999985789 ) ;
#9082 = ORIENTED_EDGE ( 'NONE', *, *, #8179, .F. ) ;
#9083 = PLANE ( 'NONE',  #967 ) ;
#9084 = DIRECTION ( 'NONE',  ( 0.000000000000000000, -1.000000000000000000, 0.000000000000000000 ) ) ;
#9085 = AXIS2_PLACEMENT_3D ( 'NONE', #234, #6068, #1100 ) ;
#9086 = VERTEX_POINT ( 'NONE', #9451 ) ;
#9087 = ORIENTED_EDGE ( 'NONE', *, *, #9833, .F. ) ;
#9088 = EDGE_CURVE ( 'NONE', #6499, #993, #7588, .T. ) ;
#9089 = EDGE_CURVE ( 'NONE', #5471, #1775, #3020, .T. ) ;
#9090 = B_SPLINE_CURVE_WITH_KNOTS ( 'NONE', 3,
 ( #10761, #6378, #5504, #1522, #3911, #2289, #9009, #695 ),
 .UNSPECIFIED., .F., .F.,
 ( 4, 2, 2, 4 ),
 ( 0.000000000000000000, 0.0001382025733524838197, 0.0002764051467049674225, 0.0005528102934099382061 ),
 .UNSPECIFIED. ) ;
#9091 = CARTESIAN_POINT ( 'NONE',  ( 52.30100000000003746, 9.700000000000001066, -2.925000000000042899 ) ) ;
#9093 = CARTESIAN_POINT ( 'NONE',  ( -51.77340835089973581, 7.205390757595183437, 3.692296232791142163 ) ) ;
#9092 = FACE_OUTER_BOUND ( 'NONE', #879, .T. ) ;
#9094 = ORIENTED_EDGE ( 'NONE', *, *, #8577, .T. ) ;
#9095 = CARTESIAN_POINT ( 'NONE',  ( 42.80000000000001137, 5.500000000000000000, -4.651923788646722180 ) ) ;
#9096 = CIRCLE ( 'NONE', #7683, 6.166261152084816288 ) ;
#9097 = CARTESIAN_POINT ( 'NONE',  ( 22.68039777241908084, 0.000000000000000000, 2.684264693320329798 ) ) ;
#9098 = VERTEX_POINT ( 'NONE', #9289 ) ;
#9099 = DIRECTION ( 'NONE',  ( 0.000000000000000000, 0.000000000000000000, -1.000000000000000000 ) ) ;
#9100 = CARTESIAN_POINT ( 'NONE',  ( -51.95568058483289775, 7.315219914338446650, 3.641416195902995590 ) ) ;
#9101 = EDGE_CURVE ( 'NONE', #4332, #7803, #8626, .T. ) ;
#9102 = ORIENTED_EDGE ( 'NONE', *, *, #3419, .F. ) ;
#9103 = EDGE_CURVE ( 'NONE', #5384, #4541, #7907, .T. ) ;
#9104 = LINE ( 'NONE', #4126, #10117 ) ;
#9105 = LINE ( 'NONE', #9053, #8094 ) ;
#9106 = CARTESIAN_POINT ( 'NONE',  ( 53.40232526704264870, 1.000000000000000000, -7.250000000000000000 ) ) ;
#9107 = PLANE ( 'NONE',  #7710 ) ;
#9108 = CARTESIAN_POINT ( 'NONE',  ( -51.55630698373560250, 8.277373083446676105, 4.349909309300405091 ) ) ;
#9109 = LINE ( 'NONE', #5113, #7051 ) ;
#9110 = ADVANCED_FACE ( 'NONE', ( #437 ), #8790, .T. ) ;
#9111 = EDGE_LOOP ( 'NONE', ( #10780, #3447, #3996, #7518, #5959, #5943 ) ) ;
#9112 = EDGE_CURVE ( 'NONE', #8729, #5911, #487, .T. ) ;
#9113 = VECTOR ( 'NONE', #1744, 1000.000000000000000 ) ;
#9114 = EDGE_LOOP ( 'NONE', ( #1047, #5252, #7376, #7016 ) ) ;
#9115 = FACE_OUTER_BOUND ( 'NONE', #4430, .T. ) ;
#9116 = ORIENTED_EDGE ( 'NONE', *, *, #10485, .F. ) ;
#9117 = FACE_OUTER_BOUND ( 'NONE', #6480, .T. ) ;
#9118 = CARTESIAN_POINT ( 'NONE',  ( -51.79999999999998295, 8.400000000000000355, 2.925000000000002931 ) ) ;
#9119 = ORIENTED_EDGE ( 'NONE', *, *, #5590, .T. ) ;
#9120 = ADVANCED_FACE ( 'NONE', ( #7033 ), #9677, .T. ) ;
#9121 = CARTESIAN_POINT ( 'NONE',  ( 26.15921413079557212, 0.2077789836488297681, 1.009160920399571282 ) ) ;
#9122 = APPLICATION_CONTEXT ( 'automotive_design' ) ;
#9123 = ORIENTED_EDGE ( 'NONE', *, *, #4566, .T. ) ;
#9124 = VECTOR ( 'NONE', #1670, 1000.000000000000000 ) ;
#9125 = DIRECTION ( 'NONE',  ( 0.000000000000000000, 1.000000000000000000, -0.000000000000000000 ) ) ;
#9126 = CARTESIAN_POINT ( 'NONE',  ( 47.05000000000001137, 11.00000000000000178, -9.500000000000001776 ) ) ;
#9127 = EDGE_LOOP ( 'NONE', ( #9926, #8385, #5916, #10340, #6284 ) ) ;
#9128 = AXIS2_PLACEMENT_3D ( 'NONE', #4220, #5097, #8437 ) ;
#9129 = AXIS2_PLACEMENT_3D ( 'NONE', #3544, #3300, #10229 ) ;
#9130 = CARTESIAN_POINT ( 'NONE',  ( -31.15813922878695408, 5.966497381827024604, 8.349999999999996092 ) ) ;
#9132 = CARTESIAN_POINT ( 'NONE',  ( -30.30484636607248561, -1.468623938954177977, -3.615000000000000213 ) ) ;
#9131 = APPLICATION_PROTOCOL_DEFINITION ( 'draft international standard', 'automotive_design', 1998, #9122 ) ;
#9133 = CARTESIAN_POINT ( 'NONE',  ( 0.000000000000000000, 9.000000000000001776, -12.25000000000000178 ) ) ;
#9134 = EDGE_LOOP ( 'NONE', ( #8010, #9604, #9087, #1332 ) ) ;
#9135 = CARTESIAN_POINT ( 'NONE',  ( -30.28999999999999559, 0.5000000000000004441, 3.315000000000000391 ) ) ;
#9136 = EDGE_CURVE ( 'NONE', #8628, #248, #8077, .T. ) ;
#9137 = VECTOR ( 'NONE', #10280, 1000.000000000000000 ) ;
#9138 = EDGE_CURVE ( 'NONE', #2886, #4345, #1192, .T. ) ;
#9139 = FACE_OUTER_BOUND ( 'NONE', #7557, .T. ) ;
#9140 = DIRECTION ( 'NONE',  ( -0.8660254037844390407, 0.000000000000000000, 0.4999999999999995004 ) ) ;
#9141 = AXIS2_PLACEMENT_3D ( 'NONE', #2223, #6257, #9768 ) ;
#9142 = VECTOR ( 'NONE', #1795, 999.9999999999998863 ) ;
#9143 = DIRECTION ( 'NONE',  ( 0.8660254037844389297, 0.000000000000000000, 0.4999999999999994449 ) ) ;
#9144 = CYLINDRICAL_SURFACE ( 'NONE', #5286, 0.2000000000000000944 ) ;
#9145 = ORIENTED_EDGE ( 'NONE', *, *, #9241, .F. ) ;
#9146 = ORIENTED_EDGE ( 'NONE', *, *, #1569, .T. ) ;
#9147 = CIRCLE ( 'NONE', #2165, 2.999999999999999112 ) ;
#9148 = ORIENTED_EDGE ( 'NONE', *, *, #7140, .T. ) ;
#9149 = DIRECTION ( 'NONE',  ( 0.000000000000000000, 0.000000000000000000, 1.000000000000000000 ) ) ;
#9150 = AXIS2_PLACEMENT_3D ( 'NONE', #5801, #892, #8167 ) ;
#9152 = CYLINDRICAL_SURFACE ( 'NONE', #4010, 4.341174913715429184 ) ;
#9151 = CARTESIAN_POINT ( 'NONE',  ( 0.000000000000000000, 11.00000000000000178, 4.000000000000000000 ) ) ;
#9153 = VECTOR ( 'NONE', #8250, 1000.000000000000000 ) ;
#9154 = ORIENTED_EDGE ( 'NONE', *, *, #1390, .F. ) ;
#9155 = CYLINDRICAL_SURFACE ( 'NONE', #8960, 2.999999999999999112 ) ;
#9156 = EDGE_LOOP ( 'NONE', ( #7808, #10197, #8636, #490 ) ) ;
#9157 = DIRECTION ( 'NONE',  ( -0.000000000000000000, -0.000000000000000000, 1.000000000000000000 ) ) ;
#9158 = ADVANCED_FACE ( 'NONE', ( #1363 ), #5398, .F. ) ;
#9159 = EDGE_LOOP ( 'NONE', ( #43, #5225, #3002, #6791, #8717, #1932 ) ) ;
#9160 = CARTESIAN_POINT ( 'NONE',  ( -49.74999999999997868, 15.20000000000000284, 0.000000000000000000 ) ) ;
#9161 = DIRECTION ( 'NONE',  ( 0.000000000000000000, 1.000000000000000000, -0.000000000000000000 ) ) ;
#9162 = ORIENTED_EDGE ( 'NONE', *, *, #2136, .F. ) ;
#9163 = AXIS2_PLACEMENT_3D ( 'NONE', #7127, #5434, #9773 ) ;
#9164 = VECTOR ( 'NONE', #10751, 1000.000000000000000 ) ;
#9165 = LINE ( 'NONE', #2387, #4863 ) ;
#9166 = DIRECTION ( 'NONE',  ( -5.782411586589351722E-16, -4.336808689942025625E-16, -1.000000000000000000 ) ) ;
#9167 = CARTESIAN_POINT ( 'NONE',  ( -51.89424071095977098, 8.821753915517810185, 4.159336803306703523 ) ) ;
#9168 = CARTESIAN_POINT ( 'NONE',  ( 22.36827201635471241, -1.697056274847719815, -10.08172798364529754 ) ) ;
#9169 = AXIS2_PLACEMENT_3D ( 'NONE', #7390, #794, #10750 ) ;
#9170 = CARTESIAN_POINT ( 'NONE',  ( -51.75449052919833548, 8.158825211874514594, 4.260318664618302442 ) ) ;
#9171 = EDGE_CURVE ( 'NONE', #8053, #3377, #8604, .T. ) ;
#9172 = ADVANCED_FACE ( 'NONE', ( #7142 ), #4688, .F. ) ;
#9173 = LINE ( 'NONE', #1684, #960 ) ;
#9174 = VECTOR ( 'NONE', #9140, 999.9999999999998863 ) ;
#9175 = VERTEX_POINT ( 'NONE', #2244 ) ;
#9176 = CARTESIAN_POINT ( 'NONE',  ( -19.54999999999997939, 9.000000000000001776, 2.299243657989596657E-15 ) ) ;
#9177 = ORIENTED_EDGE ( 'NONE', *, *, #2155, .T. ) ;
#9178 = EDGE_CURVE ( 'NONE', #1745, #130, #6325, .T. ) ;
#9179 = CYLINDRICAL_SURFACE ( 'NONE', #3710, 3.000000000000002665 ) ;
#9180 = DIRECTION ( 'NONE',  ( 0.000000000000000000, 0.000000000000000000, 1.000000000000000000 ) ) ;
#9181 = EDGE_LOOP ( 'NONE', ( #9645, #6953, #8403, #1093 ) ) ;
#9182 = LINE ( 'NONE', #4246, #5439 ) ;
#9183 = ORIENTED_EDGE ( 'NONE', *, *, #6210, .F. ) ;
#9184 = EDGE_CURVE ( 'NONE', #4470, #7043, #9566, .T. ) ;
#9185 = DIRECTION ( 'NONE',  ( 0.000000000000000000, 0.000000000000000000, 1.000000000000000000 ) ) ;
#9186 = AXIS2_PLACEMENT_3D ( 'NONE', #4878, #5040, #787 ) ;
#9187 = CARTESIAN_POINT ( 'NONE',  ( -22.34999999999997655, 13.30000000000000071, 13.54999999999999893 ) ) ;
#9188 = ORIENTED_EDGE ( 'NONE', *, *, #2677, .T. ) ;
#9189 = AXIS2_PLACEMENT_3D ( 'NONE', #3694, #5350, #7747 ) ;
#9190 = CYLINDRICAL_SURFACE ( 'NONE', #1154, 1.000000000000000888 ) ;
#9191 = CIRCLE ( 'NONE', #459, 0.8500000000000069722 ) ;
#9193 = CARTESIAN_POINT ( 'NONE',  ( -51.76634906207961251, 7.277009259197094515, -3.782850090902794005 ) ) ;
#9192 = CARTESIAN_POINT ( 'NONE',  ( -51.98158278002100019, 9.609574835599945075, -3.452455002252635019 ) ) ;
#9194 = LINE ( 'NONE', #8518, #4818 ) ;
#9195 = EDGE_LOOP ( 'NONE', ( #6787, #10051, #8519, #505 ) ) ;
#9196 = CARTESIAN_POINT ( 'NONE',  ( -31.51661123066064363, 3.000000000000000000, -8.850000000000054712 ) ) ;
#9197 = CARTESIAN_POINT ( 'NONE',  ( -44.54999999999998295, 6.500000000000000888, -12.25000000000000178 ) ) ;
#9198 = LINE ( 'NONE', #9298, #9174 ) ;
#9199 = VECTOR ( 'NONE', #268, 1000.000000000000000 ) ;
#9200 = DIRECTION ( 'NONE',  ( 0.000000000000000000, 1.000000000000000000, 0.000000000000000000 ) ) ;
#9201 = CARTESIAN_POINT ( 'NONE',  ( -400000.2249999999767, 5.500000000000000000, 12.24999999999454303 ) ) ;
#9202 = EDGE_LOOP ( 'NONE', ( #6354, #4319, #5074, #6065 ) ) ;
#9203 = ORIENTED_EDGE ( 'NONE', *, *, #2939, .T. ) ;
#9204 = ADVANCED_FACE ( 'NONE', ( #1304 ), #2887, .F. ) ;
#9205 = ORIENTED_EDGE ( 'NONE', *, *, #3157, .F. ) ;
#9206 = CARTESIAN_POINT ( 'NONE',  ( -51.79999999999998295, 9.897368276523902608, -3.013815789473686113 ) ) ;
#9208 = DIRECTION ( 'NONE',  ( 0.000000000000000000, 0.000000000000000000, 1.000000000000000000 ) ) ;
#9207 = DIRECTION ( 'NONE',  ( 0.8660254037843665431, 0.000000000000000000, -0.5000000000001250111 ) ) ;
#9209 = VERTEX_POINT ( 'NONE', #3806 ) ;
#9210 = ORIENTED_EDGE ( 'NONE', *, *, #3040, .F. ) ;
#9211 = CIRCLE ( 'NONE', #3783, 9.000000000000012434 ) ;
#9212 = ORIENTED_EDGE ( 'NONE', *, *, #9511, .T. ) ;
#9213 = CARTESIAN_POINT ( 'NONE',  ( 20.21000000000001151, 8.000000000000000000, 10.25000000000000000 ) ) ;
#9214 = ORIENTED_EDGE ( 'NONE', *, *, #2828, .F. ) ;
#9215 = DIRECTION ( 'NONE',  ( -1.000000000000000000, 0.000000000000000000, 2.523234146875355998E-16 ) ) ;
#9216 = CARTESIAN_POINT ( 'NONE',  ( -51.49999999999998579, 6.799999999999998934, -2.449999999999999289 ) ) ;
#9217 = ORIENTED_EDGE ( 'NONE', *, *, #9379, .F. ) ;
#9218 = EDGE_CURVE ( 'NONE', #7651, #760, #5564, .T. ) ;
#9219 = VECTOR ( 'NONE', #4903, 1000.000000000000000 ) ;
#9220 = FACE_OUTER_BOUND ( 'NONE', #7759, .T. ) ;
#9221 = CARTESIAN_POINT ( 'NONE',  ( -35.04999999999998295, 6.500000000000000888, -12.25000000000000178 ) ) ;
#9222 = CARTESIAN_POINT ( 'NONE',  ( -51.93137872115420350, 9.367695482386759309, 3.818702871855359504 ) ) ;
#9223 = DIRECTION ( 'NONE',  ( -0.000000000000000000, -1.000000000000000000, -0.000000000000000000 ) ) ;
#9224 = CARTESIAN_POINT ( 'NONE',  ( -51.66623319514060597, 7.790997364083487753, 4.253749210878593701 ) ) ;
#9225 = PLANE ( 'NONE',  #4957 ) ;
#9226 = ORIENTED_EDGE ( 'NONE', *, *, #9925, .F. ) ;
#9227 = EDGE_CURVE ( 'NONE', #4379, #4358, #8733, .T. ) ;
#9228 = EDGE_CURVE ( 'NONE', #9425, #837, #7968, .T. ) ;
#9229 = CARTESIAN_POINT ( 'NONE',  ( 9.519658948938198861, 6.500000000000000888, 0.000000000000000000 ) ) ;
#9230 = ORIENTED_EDGE ( 'NONE', *, *, #9811, .T. ) ;
#9231 = CARTESIAN_POINT ( 'NONE',  ( 26.16898195638765046, 0.1300423822510693161, -5.659915084219546699 ) ) ;
#9232 = DIRECTION ( 'NONE',  ( -0.000000000000000000, 1.000000000000000000, -0.000000000000000000 ) ) ;
#9233 = ORIENTED_EDGE ( 'NONE', *, *, #10231, .T. ) ;
#9234 = CARTESIAN_POINT ( 'NONE',  ( -1.549999999999978506, 13.30000000000000071, 14.75000000000000000 ) ) ;
#9235 = VERTEX_POINT ( 'NONE', #8906 ) ;
#9236 = VECTOR ( 'NONE', #1789, 1000.000000000000000 ) ;
#9237 = DIRECTION ( 'NONE',  ( -8.673617379884085959E-15, 0.000000000000000000, -1.000000000000000000 ) ) ;
#9238 = CARTESIAN_POINT ( 'NONE',  ( -30.58734193765157627, 5.995981931847600421, -3.615000000001399538 ) ) ;
#9239 = EDGE_LOOP ( 'NONE', ( #1694, #50, #6524, #3262, #5195 ) ) ;
#9240 = VERTEX_POINT ( 'NONE', #1419 ) ;
#9241 = EDGE_CURVE ( 'NONE', #1111, #6367, #4795, .T. ) ;
#9242 = DIRECTION ( 'NONE',  ( -1.000000000000000000, -1.775381057445024239E-14, 0.000000000000000000 ) ) ;
#9243 = CYLINDRICAL_SURFACE ( 'NONE', #5008, 2.000000000000000000 ) ;
#9244 = DIRECTION ( 'NONE',  ( 1.000000000000000000, 0.000000000000000000, 0.000000000000000000 ) ) ;
#9245 = VERTEX_POINT ( 'NONE', #5449 ) ;
#9246 = CYLINDRICAL_SURFACE ( 'NONE', #1643, 0.7999999999999997113 ) ;
#9247 = CARTESIAN_POINT ( 'NONE',  ( -51.99999999999998579, 9.897368276523904385, -3.013815789473686557 ) ) ;
#9248 = CARTESIAN_POINT ( 'NONE',  ( 29.75000000000002487, 0.5000000000000000000, 3.098623679425825284 ) ) ;
#9249 = DIRECTION ( 'NONE',  ( 0.8660254037844379305, 0.000000000000000000, -0.5000000000000011102 ) ) ;
#9250 = CARTESIAN_POINT ( 'NONE',  ( -47.04999999999999716, 3.000000000000000000, -10.34999999999999787 ) ) ;
#9251 = PLANE ( 'NONE',  #8990 ) ;
#9252 = ORIENTED_EDGE ( 'NONE', *, *, #9752, .F. ) ;
#9253 = ORIENTED_EDGE ( 'NONE', *, *, #5394, .T. ) ;
#9254 = VERTEX_POINT ( 'NONE', #5776 ) ;
#9255 = DIRECTION ( 'NONE',  ( -0.000000000000000000, 1.000000000000000000, -0.000000000000000000 ) ) ;
#9257 = DIRECTION ( 'NONE',  ( 0.000000000000000000, 0.000000000000000000, -1.000000000000000000 ) ) ;
#9256 = CARTESIAN_POINT ( 'NONE',  ( 25.40635347795577914, -0.0009999999999999158867, -4.424792786874567341 ) ) ;
#9258 = ORIENTED_EDGE ( 'NONE', *, *, #1681, .T. ) ;
#9259 = ORIENTED_EDGE ( 'NONE', *, *, #1826, .F. ) ;
#9260 = AXIS2_PLACEMENT_3D ( 'NONE', #10259, #7619, #5212 ) ;
#9261 = EDGE_CURVE ( 'NONE', #2602, #6367, #6437, .T. ) ;
#9262 = CARTESIAN_POINT ( 'NONE',  ( 20.20000000000000995, 5.400000000000000355, -10.25000000000000178 ) ) ;
#9263 = DIRECTION ( 'NONE',  ( -0.000000000000000000, -1.000000000000000000, -0.000000000000000000 ) ) ;
#9264 = DIRECTION ( 'NONE',  ( -0.000000000000000000, 1.000000000000000000, -0.000000000000000000 ) ) ;
#9265 = VERTEX_POINT ( 'NONE', #8193 ) ;
#9266 = ORIENTED_EDGE ( 'NONE', *, *, #10165, .F. ) ;
#9267 = CARTESIAN_POINT ( 'NONE',  ( -47.04999999999998295, 6.500000000000000888, 6.749999999999992895 ) ) ;
#9268 = DIRECTION ( 'NONE',  ( -0.000000000000000000, -0.000000000000000000, 1.000000000000000000 ) ) ;
#9269 = CARTESIAN_POINT ( 'NONE',  ( -51.89850307846914035, 7.877682272334657121, 4.120210123730179141 ) ) ;
#9270 = DIRECTION ( 'NONE',  ( -1.020425574104004196E-15, -0.000000000000000000, 1.000000000000000000 ) ) ;
#9271 = ADVANCED_FACE ( 'NONE', ( #597 ), #4138, .T. ) ;
#9272 = CIRCLE ( 'NONE', #3048, 9.000000000000012434 ) ;
#9273 = CARTESIAN_POINT ( 'NONE',  ( -51.66623050028226771, 9.006030039894751482, 4.254815835186652961 ) ) ;
#9274 = EDGE_CURVE ( 'NONE', #9789, #2851, #5616, .T. ) ;
#9275 = CARTESIAN_POINT ( 'NONE',  ( 9.030766330820459206E-15, 5.400000000000000355, -8.850000000000020961 ) ) ;
#9276 = EDGE_LOOP ( 'NONE', ( #2560, #4196, #5090, #10538, #3315, #1039, #5588, #1162, #8658, #9720 ) ) ;
#9277 = ORIENTED_EDGE ( 'NONE', *, *, #383, .F. ) ;
#9278 = CARTESIAN_POINT ( 'NONE',  ( -44.74999999999998579, 17.60000000000000142, 13.54999999999999893 ) ) ;
#9279 = ORIENTED_EDGE ( 'NONE', *, *, #3274, .F. ) ;
#9280 = CARTESIAN_POINT ( 'NONE',  ( -44.55000000001518856, 5.500000000000000000, -12.24999999999454303 ) ) ;
#9281 = CARTESIAN_POINT ( 'NONE',  ( -34.34233853611036835, 0.1265113557324328841, 3.601009191073224258 ) ) ;
#9282 = CARTESIAN_POINT ( 'NONE',  ( 34.84364652204423152, 0.2999999999999999889, 1.023830892551227167 ) ) ;
#9283 = ORIENTED_EDGE ( 'NONE', *, *, #3212, .T. ) ;
#9284 = ORIENTED_EDGE ( 'NONE', *, *, #5527, .F. ) ;
#9285 = CARTESIAN_POINT ( 'NONE',  ( 49.80000000000001847, 11.35000000000000142, -1.700000000000000178 ) ) ;
#9286 = EDGE_CURVE ( 'NONE', #5534, #5856, #4799, .T. ) ;
#9287 = EDGE_LOOP ( 'NONE', ( #4331, #4148, #9373, #7704, #10562 ) ) ;
#9288 = ORIENTED_EDGE ( 'NONE', *, *, #8860, .T. ) ;
#9289 = CARTESIAN_POINT ( 'NONE',  ( 30.05000000000003624, 0.000000000000000000, 6.939106523234630508 ) ) ;
#9290 = CARTESIAN_POINT ( 'NONE',  ( -51.79999999999998295, 6.947306091042468879, -3.264948469477987114 ) ) ;
#9291 = CARTESIAN_POINT ( 'NONE',  ( 2.550000000000021583, 15.10000000000000142, -12.35000000000015952 ) ) ;
#9292 = AXIS2_PLACEMENT_3D ( 'NONE', #413, #8549, #1999 ) ;
#9293 = VERTEX_POINT ( 'NONE', #5834 ) ;
#9294 = CARTESIAN_POINT ( 'NONE',  ( -34.31252571724582623, 0.2000000000000003164, -2.765000000000000124 ) ) ;
#9295 = CIRCLE ( 'NONE', #10173, 0.8500000000000069722 ) ;
#9296 = CARTESIAN_POINT ( 'NONE',  ( 44.80000000000001847, 5.500000000000000000, -12.25000000000000000 ) ) ;
#9297 = CARTESIAN_POINT ( 'NONE',  ( -29.81007189365366372, -2.624222992386002318, -20.34067203111831290 ) ) ;
#9298 = CARTESIAN_POINT ( 'NONE',  ( 6.832420150553255134, 0.000000000000000000, 11.83409883941565255 ) ) ;
#9299 = ADVANCED_FACE ( 'NONE', ( #2350 ), #813, .T. ) ;
#9300 = CARTESIAN_POINT ( 'NONE',  ( 44.85000000000002984, 6.000000000000000000, 0.000000000000000000 ) ) ;
#9301 = ORIENTED_EDGE ( 'NONE', *, *, #4736, .T. ) ;
#9302 = VECTOR ( 'NONE', #7533, 1000.000000000000114 ) ;
#9303 = ORIENTED_EDGE ( 'NONE', *, *, #10263, .T. ) ;
#9304 = VECTOR ( 'NONE', #1010, 1000.000000000000000 ) ;
#9305 = VERTEX_POINT ( 'NONE', #702 ) ;
#9306 = CARTESIAN_POINT ( 'NONE',  ( 31.23872575786370476, 0.2077789836488297681, -7.788811295319364447 ) ) ;
#9308 = CARTESIAN_POINT ( 'NONE',  ( -51.79999999999998295, 6.947776825863828165, 3.267594706388134984 ) ) ;
#9307 = DIRECTION ( 'NONE',  ( -0.000000000000000000, 1.000000000000000000, -0.000000000000000000 ) ) ;
#9309 = ORIENTED_EDGE ( 'NONE', *, *, #5378, .T. ) ;
#9310 = EDGE_CURVE ( 'NONE', #5459, #7715, #10712, .T. ) ;
#9311 = AXIS2_PLACEMENT_3D ( 'NONE', #7238, #7889, #5491 ) ;
#9312 = EDGE_LOOP ( 'NONE', ( #4711, #896, #8278, #8268, #8811 ) ) ;
#9313 = VECTOR ( 'NONE', #2379, 1000.000000000000000 ) ;
#9314 = CARTESIAN_POINT ( 'NONE',  ( -47.04999999999999716, 3.000000000000000000, 9.500000000000000000 ) ) ;
#9315 = ADVANCED_FACE ( 'NONE', ( #4022 ), #6641, .T. ) ;
#9316 = CARTESIAN_POINT ( 'NONE',  ( -47.04999999999998295, 5.500000000000000000, 9.499999999999996447 ) ) ;
#9317 = CARTESIAN_POINT ( 'NONE',  ( 0.000000000000000000, 0.2000000000000000111, -3.415000000000000036 ) ) ;
#9318 = ORIENTED_EDGE ( 'NONE', *, *, #152, .F. ) ;
#9319 = ORIENTED_EDGE ( 'NONE', *, *, #1079, .T. ) ;
#9320 = VECTOR ( 'NONE', #6926, 1000.000000000000000 ) ;
#9321 = ORIENTED_EDGE ( 'NONE', *, *, #4325, .F. ) ;
#9322 = AXIS2_PLACEMENT_3D ( 'NONE', #6302, #3948, #7997 ) ;
#9323 = ADVANCED_FACE ( 'NONE', ( #9117 ), #9179, .T. ) ;
#9324 = DIRECTION ( 'NONE',  ( 0.000000000000000000, 0.000000000000000000, 1.000000000000000000 ) ) ;
#9325 = FACE_OUTER_BOUND ( 'NONE', #9202, .T. ) ;
#9326 = DIRECTION ( 'NONE',  ( 0.000000000000000000, 0.000000000000000000, 1.000000000000000000 ) ) ;
#9327 = DIRECTION ( 'NONE',  ( 0.000000000000000000, -5.782411586589354878E-15, -1.000000000000000000 ) ) ;
#9328 = B_SPLINE_CURVE_WITH_KNOTS ( 'NONE', 3,
 ( #8972, #5684, #664, #824, #9130, #4915 ),
 .UNSPECIFIED., .F., .F.,
 ( 4, 2, 4 ),
 ( 0.000000000000000000, 0.0003916002862991468025, 0.0007832005725982936050 ),
 .UNSPECIFIED. ) ;
#9329 = CARTESIAN_POINT ( 'NONE',  ( -51.66956194878030573, 8.521961921181864241, 4.350092874894148309 ) ) ;
#9330 = VECTOR ( 'NONE', #1836, 1000.000000000000000 ) ;
#9331 = CIRCLE ( 'NONE', #2869, 0.8499999999999983125 ) ;
#9332 = CARTESIAN_POINT ( 'NONE',  ( 0.000000000000000000, 11.00000000000000178, 14.75000000000000000 ) ) ;
#9333 = VECTOR ( 'NONE', #6789, 1000.000000000000000 ) ;
#9334 = EDGE_LOOP ( 'NONE', ( #7173, #7421, #999, #3562 ) ) ;
#9335 = EDGE_CURVE ( 'NONE', #3322, #3621, #9787, .T. ) ;
#9336 = CIRCLE ( 'NONE', #10214, 1.500000000000001332 ) ;
#9337 = CARTESIAN_POINT ( 'NONE',  ( 0.000000000000000000, 8.000000000000000000, 0.000000000000000000 ) ) ;
#9338 = ORIENTED_EDGE ( 'NONE', *, *, #1307, .T. ) ;
#9339 = CARTESIAN_POINT ( 'NONE',  ( 34.84078586920445986, 0.2077789836488296848, -5.709160920399581229 ) ) ;
#9340 = DIRECTION ( 'NONE',  ( 1.000000000000000000, -0.000000000000000000, 0.000000000000000000 ) ) ;
#9341 = FACE_OUTER_BOUND ( 'NONE', #5468, .T. ) ;
#9342 = CARTESIAN_POINT ( 'NONE',  ( -34.33293214504335822, 0.1503201388544058714, -8.854584417859815204 ) ) ;
#9343 = VECTOR ( 'NONE', #6932, 1000.000000000000000 ) ;
#9344 = ORIENTED_EDGE ( 'NONE', *, *, #7161, .F. ) ;
#9345 = AXIS2_PLACEMENT_3D ( 'NONE', #3327, #6091, #8310 ) ;
#9346 = EDGE_CURVE ( 'NONE', #4765, #6599, #1690, .T. ) ;
#9347 = ORIENTED_EDGE ( 'NONE', *, *, #8011, .F. ) ;
#9348 = CARTESIAN_POINT ( 'NONE',  ( 34.84364652204423152, -0.0009999999999999158867, 1.023830892551227167 ) ) ;
#9349 = DIRECTION ( 'NONE',  ( -3.652049423109068320E-16, -0.000000000000000000, -1.000000000000000000 ) ) ;
#9350 = ORIENTED_EDGE ( 'NONE', *, *, #382, .T. ) ;
#9351 = AXIS2_PLACEMENT_3D ( 'NONE', #10025, #5800, #9149 ) ;
#9352 = FACE_OUTER_BOUND ( 'NONE', #5037, .T. ) ;
#9353 =( BOUNDED_SURFACE ( )  B_SPLINE_SURFACE ( 3, 2, ( 
 ( #8071, #589, #7248 ),
 ( #10605, #5610, #6799 ),
 ( #7671, #856, #3312 ),
 ( #1623, #9273, #150 ),
 ( #10154, #8294, #6746 ),
 ( #2648, #4948, #5979 ),
 ( #5824, #9329, #5879 ),
 ( #8347, #1840, #9108 ),
 ( #9170, #4183, #5169 ),
 ( #8500, #1683, #3477 ),
 ( #1785, #9224, #1012 ),
 ( #4231, #10104, #3521 ),
 ( #2600, #908, #7510 ),
 ( #1735, #5112, #968 ) ),
 .UNSPECIFIED., .F., .F., .F. ) 
 B_SPLINE_SURFACE_WITH_KNOTS ( ( 4, 2, 2, 2, 2, 2, 4 ),
 ( 3, 3 ),
 ( 0.001155377463937267042, 0.001777644056775370528, 0.002088777353194422488, 0.002399910649613474015, 0.002711043946032525541, 0.003022177242451577067, 0.003644443835289680553 ),
 ( 0.2421920237796716391, 1.000000000000000000 ),
 .UNSPECIFIED. ) 
 GEOMETRIC_REPRESENTATION_ITEM ( )  RATIONAL_B_SPLINE_SURFACE ( (
 ( 0.8924876584055201345, 0.7780431826023167519, 1.000000000000000000),
 ( 0.9142263183624385059, 0.8229221584200643314, 1.000000000000000000),
 ( 0.9307382614167820645, 0.8570106944433742990, 1.000000000000000000),
 ( 0.9478720286472868128, 0.8923829725289894599, 1.000000000000000000),
 ( 0.9521871564488373352, 0.9012914570740381270, 1.000000000000000000),
 ( 0.9580339200396637001, 0.9133619693468645329, 1.000000000000000000),
 ( 0.9595443787238528977, 0.9164802774162567056, 1.000000000000000000),
 ( 0.9595213182611921354, 0.9164326696084086343, 1.000000000000000000),
 ( 0.9580366851113433224, 0.9133676777753180209, 1.000000000000000000),
 ( 0.9521631394559455508, 0.9012418745309860313, 1.000000000000000000),
 ( 0.9477395637320025212, 0.8921095016829700963, 1.000000000000000000),
 ( 0.9306991181601362850, 0.8569298840681297547, 1.000000000000000000),
 ( 0.9139791508508261497, 0.8224118866370484504, 1.000000000000000000),
 ( 0.8924876584055202455, 0.7780431826023170849, 1.000000000000000000) ) ) 
 REPRESENTATION_ITEM ( '' )  SURFACE ( )  );
#9354 = DIRECTION ( 'NONE',  ( -1.000000000000000000, 0.000000000000000000, 0.000000000000000000 ) ) ;
#9355 = CYLINDRICAL_SURFACE ( 'NONE', #4573, 6.166261152084816288 ) ;
#9356 = DIRECTION ( 'NONE',  ( 1.000000000000000000, 0.000000000000000000, 0.000000000000000000 ) ) ;
#9357 = DIRECTION ( 'NONE',  ( 0.000000000000000000, 0.000000000000000000, 1.000000000000000000 ) ) ;
#9358 = VERTEX_POINT ( 'NONE', #10821 ) ;
#9359 = AXIS2_PLACEMENT_3D ( 'NONE', #10396, #7092, #6220 ) ;
#9360 = ORIENTED_EDGE ( 'NONE', *, *, #2753, .F. ) ;
#9361 = AXIS2_PLACEMENT_3D ( 'NONE', #10672, #1647, #8256 ) ;
#9362 = ORIENTED_EDGE ( 'NONE', *, *, #5886, .T. ) ;
#9363 = CARTESIAN_POINT ( 'NONE',  ( 2.550000000000021583, 13.30000000000000071, -13.35000000000015952 ) ) ;
#9364 = EDGE_CURVE ( 'NONE', #6599, #5471, #2004, .T. ) ;
#9365 = ADVANCED_FACE ( 'NONE', ( #10661, #3158 ), #1633, .F. ) ;
#9367 = CARTESIAN_POINT ( 'NONE',  ( -31.28999999999999204, 0.5000000000000004441, -9.850000000000052935 ) ) ;
#9366 = CARTESIAN_POINT ( 'NONE',  ( -40.06980179287454291, 0.03950539805616463257, -8.908332963778624602 ) ) ;
#9368 = ORIENTED_EDGE ( 'NONE', *, *, #1766, .T. ) ;
#9369 = ORIENTED_EDGE ( 'NONE', *, *, #8721, .F. ) ;
#9370 = CIRCLE ( 'NONE', #3246, 9.000000000000012434 ) ;
#9371 = CARTESIAN_POINT ( 'NONE',  ( -51.95568058483290486, 7.315219914338453755, -3.641416195903000474 ) ) ;
#9372 = CARTESIAN_POINT ( 'NONE',  ( 21.90000000000000924, 5.400000000000000355, -10.34999999999999964 ) ) ;
#9373 = ORIENTED_EDGE ( 'NONE', *, *, #3273, .T. ) ;
#9374 = CARTESIAN_POINT ( 'NONE',  ( 47.04999999999999716, 3.000000000000000000, -10.35000000000000675 ) ) ;
#9375 = CARTESIAN_POINT ( 'NONE',  ( 20.20000000000000995, 5.400000000000000355, -8.849999999999999645 ) ) ;
#9376 = ORIENTED_EDGE ( 'NONE', *, *, #8625, .T. ) ;
#9377 = ORIENTED_EDGE ( 'NONE', *, *, #1494, .T. ) ;
#9378 = ORIENTED_EDGE ( 'NONE', *, *, #5681, .F. ) ;
#9379 = EDGE_CURVE ( 'NONE', #3708, #5888, #5726, .T. ) ;
#9380 = EDGE_CURVE ( 'NONE', #3943, #959, #1974, .T. ) ;
#9381 = CARTESIAN_POINT ( 'NONE',  ( 0.000000000000000000, 11.00000000000000178, 0.000000000000000000 ) ) ;
#9382 = DIRECTION ( 'NONE',  ( -0.3420201433256697676, 0.000000000000000000, 0.9396926207859080948 ) ) ;
#9383 = DIRECTION ( 'NONE',  ( 0.000000000000000000, 1.000000000000000000, -0.000000000000000000 ) ) ;
#9384 = CARTESIAN_POINT ( 'NONE',  ( -25.04999999999997939, 13.30000000000000071, 0.000000000000000000 ) ) ;
#9385 = DIRECTION ( 'NONE',  ( 0.000000000000000000, 0.000000000000000000, 1.000000000000000000 ) ) ;
#9386 = EDGE_LOOP ( 'NONE', ( #3442, #8775, #2995, #1435 ) ) ;
#9387 = CARTESIAN_POINT ( 'NONE',  ( -30.28999999999999204, 2.970238624248833670, 9.348061636073209613 ) ) ;
#9388 = AXIS2_PLACEMENT_3D ( 'NONE', #5717, #8231, #6581 ) ;
#9389 = ORIENTED_EDGE ( 'NONE', *, *, #2119, .T. ) ;
#9390 = CARTESIAN_POINT ( 'NONE',  ( 9.519658948938198861, 5.500000000000000000, 12.25000000000000178 ) ) ;
#9391 = VERTEX_POINT ( 'NONE', #4081 ) ;
#9392 = CARTESIAN_POINT ( 'NONE',  ( 20.20000000000000995, 5.400000000000000355, 0.000000000000000000 ) ) ;
#9393 = B_SPLINE_CURVE_WITH_KNOTS ( 'NONE', 3,
 ( #8629, #1367, #9121, #1422, #3859, #10718, #2298, #656 ),
 .UNSPECIFIED., .F., .F.,
 ( 4, 2, 2, 4 ),
 ( 0.000000000000000000, 0.0001382025733524838468, 0.0002764051467049675310, 0.0005528102934099351704 ),
 .UNSPECIFIED. ) ;
#9394 = CARTESIAN_POINT ( 'NONE',  ( -24.04308044258723953, 11.00000000000000178, 14.75000000000000000 ) ) ;
#9395 = FACE_OUTER_BOUND ( 'NONE', #5374, .T. ) ;
#9396 = CARTESIAN_POINT ( 'NONE',  ( 8.867579849446716622, 0.2999999999999999889, -15.35909883941570797 ) ) ;
#9397 = ADVANCED_FACE ( 'NONE', ( #2448 ), #7411, .T. ) ;
#9398 = VERTEX_POINT ( 'NONE', #4189 ) ;
#9399 = LINE ( 'NONE', #329, #7028 ) ;
#9400 = VECTOR ( 'NONE', #8507, 1000.000000000000000 ) ;
#9401 = CARTESIAN_POINT ( 'NONE',  ( -44.74999999999998579, 15.20000000000000107, -11.75000000000000355 ) ) ;
#9402 = ORIENTED_EDGE ( 'NONE', *, *, #570, .T. ) ;
#9403 = DIRECTION ( 'NONE',  ( 0.000000000000000000, 1.000000000000000000, 0.000000000000000000 ) ) ;
#9404 = CARTESIAN_POINT ( 'NONE',  ( -52.75099999999998346, 9.850000000000001421, 3.299999999999998934 ) ) ;
#9405 = EDGE_CURVE ( 'NONE', #4541, #7579, #10198, .T. ) ;
#9406 = CARTESIAN_POINT ( 'NONE',  ( 37.89211819145300808, -0.0009999999999999158867, 2.783866831501330630 ) ) ;
#9407 = DIRECTION ( 'NONE',  ( 0.000000000000000000, 0.000000000000000000, 1.000000000000000000 ) ) ;
#9408 = CARTESIAN_POINT ( 'NONE',  ( -34.52834772718359346, 0.000000000000000000, -2.965000000000000302 ) ) ;
#9409 = ORIENTED_EDGE ( 'NONE', *, *, #9753, .T. ) ;
#9410 = ORIENTED_EDGE ( 'NONE', *, *, #8743, .T. ) ;
#9411 = CARTESIAN_POINT ( 'NONE',  ( 26.15635347795577914, -0.0009999999999999158867, -5.723830892551231564 ) ) ;
#9413 = FACE_OUTER_BOUND ( 'NONE', #8098, .T. ) ;
#9412 = DIRECTION ( 'NONE',  ( 0.000000000000000000, 0.000000000000000000, 1.000000000000000000 ) ) ;
#9414 = ORIENTED_EDGE ( 'NONE', *, *, #2031, .T. ) ;
#9415 = AXIS2_PLACEMENT_3D ( 'NONE', #2761, #5841, #2565 ) ;
#9416 = EDGE_LOOP ( 'NONE', ( #8312, #8929, #3281, #4458, #6995, #10680, #828, #6980, #304, #7179 ) ) ;
#9417 = ORIENTED_EDGE ( 'NONE', *, *, #231, .F. ) ;
#9418 = CARTESIAN_POINT ( 'NONE',  ( -49.79999999999998295, 15.10000000000000142, -9.500000000000001776 ) ) ;
#9419 = CARTESIAN_POINT ( 'NONE',  ( -31.28999999999999204, 0.5000000000000004441, 9.349999999999997868 ) ) ;
#9420 = VERTEX_POINT ( 'NONE', #9280 ) ;
#9421 = DIRECTION ( 'NONE',  ( 0.000000000000000000, 1.000000000000000000, -0.000000000000000000 ) ) ;
#9422 = CARTESIAN_POINT ( 'NONE',  ( -51.82563198490996825, 7.308115275766855490, -3.630658523920753389 ) ) ;
#9423 = ORIENTED_EDGE ( 'NONE', *, *, #6434, .T. ) ;
#9424 = EDGE_CURVE ( 'NONE', #3809, #7482, #6187, .T. ) ;
#9425 = VERTEX_POINT ( 'NONE', #10160 ) ;
#9426 = EDGE_CURVE ( 'NONE', #817, #8959, #6019, .T. ) ;
#9427 = ORIENTED_EDGE ( 'NONE', *, *, #3110, .F. ) ;
#9428 = ORIENTED_EDGE ( 'NONE', *, *, #151, .F. ) ;
#9429 = DIRECTION ( 'NONE',  ( 0.000000000000000000, 0.000000000000000000, -1.000000000000000000 ) ) ;
#9430 = AXIS2_PLACEMENT_3D ( 'NONE', #3623, #10313, #2807 ) ;
#9431 = LINE ( 'NONE', #7779, #10385 ) ;
#9432 = CARTESIAN_POINT ( 'NONE',  ( -51.81625702410654100, 7.588217948039240213, 3.963648087263584863 ) ) ;
#9433 = DIRECTION ( 'NONE',  ( -0.000000000000000000, -0.000000000000000000, 1.000000000000000000 ) ) ;
#9434 = ORIENTED_EDGE ( 'NONE', *, *, #8234, .T. ) ;
#9435 = CARTESIAN_POINT ( 'NONE',  ( -22.34999999999997655, 13.30000000000000071, 13.54999999999999893 ) ) ;
#9436 = LINE ( 'NONE', #3222, #10755 ) ;
#9437 = EDGE_CURVE ( 'NONE', #7999, #2851, #6700, .T. ) ;
#9438 = AXIS2_PLACEMENT_3D ( 'NONE', #1607, #6462, #3183 ) ;
#9439 = EDGE_LOOP ( 'NONE', ( #4375, #8430, #7115, #607 ) ) ;
#9440 = LINE ( 'NONE', #6915, #6767 ) ;
#9441 = VERTEX_POINT ( 'NONE', #8560 ) ;
#9442 = CARTESIAN_POINT ( 'NONE',  ( 1.486764281119465680, 13.30000000000000071, -14.75000000000000000 ) ) ;
#9443 = CARTESIAN_POINT ( 'NONE',  ( 1.050000000000021361, 13.30000000000000071, -13.54999999999999893 ) ) ;
#9444 = EDGE_CURVE ( 'NONE', #512, #2453, #1070, .T. ) ;
#9445 = DIRECTION ( 'NONE',  ( 6.883823317368284782E-17, 0.000000000000000000, 1.000000000000000000 ) ) ;
#9446 = LINE ( 'NONE', #3641, #6170 ) ;
#9447 = EDGE_CURVE ( 'NONE', #1824, #10397, #1899, .T. ) ;
#9448 = ORIENTED_EDGE ( 'NONE', *, *, #3298, .T. ) ;
#9449 = B_SPLINE_CURVE_WITH_KNOTS ( 'NONE', 3,
 ( #7181, #9549, #2814, #3844, #7787, #8771 ),
 .UNSPECIFIED., .F., .F.,
 ( 4, 2, 4 ),
 ( 0.000000000000000000, 0.0003393837279784669633, 0.0006787674559569339267 ),
 .UNSPECIFIED. ) ;
#9450 = EDGE_CURVE ( 'NONE', #2046, #6334, #6860, .T. ) ;
#9451 = CARTESIAN_POINT ( 'NONE',  ( 9.519658948938198861, 6.500000000000000888, 10.24999999999999289 ) ) ;
#9452 = LINE ( 'NONE', #2890, #806 ) ;
#9453 = EDGE_LOOP ( 'NONE', ( #1722, #7447, #8556, #1210 ) ) ;
#9454 = CARTESIAN_POINT ( 'NONE',  ( -51.75476272510930187, 8.512913454325049756, 4.275096801038994698 ) ) ;
#9455 = CARTESIAN_POINT ( 'NONE',  ( -51.79999999999998295, 6.902631723476094550, 3.013815789473683004 ) ) ;
#9456 = LINE ( 'NONE', #7693, #8090 ) ;
#9457 = CARTESIAN_POINT ( 'NONE',  ( -30.28999999999999204, 2.880612639080887050, -9.850000000000052935 ) ) ;
#9458 = DIRECTION ( 'NONE',  ( 0.000000000000000000, -0.000000000000000000, -1.000000000000000000 ) ) ;
#9459 = ORIENTED_EDGE ( 'NONE', *, *, #7250, .F. ) ;
#9460 = ORIENTED_EDGE ( 'NONE', *, *, #6279, .F. ) ;
#9461 = ORIENTED_EDGE ( 'NONE', *, *, #5481, .T. ) ;
#9462 = AXIS2_PLACEMENT_3D ( 'NONE', #5344, #1237, #3747 ) ;
#9463 = EDGE_CURVE ( 'NONE', #6444, #5775, #3021, .T. ) ;
#9464 = DIRECTION ( 'NONE',  ( -1.020425574104004196E-15, -0.000000000000000000, 1.000000000000000000 ) ) ;
#9466 = DIRECTION ( 'NONE',  ( 0.000000000000000000, 1.000000000000000000, -0.000000000000000000 ) ) ;
#9465 = CARTESIAN_POINT ( 'NONE',  ( -30.28999999999999204, 6.296018041280833089, -9.850000000000052935 ) ) ;
#9467 = VERTEX_POINT ( 'NONE', #5226 ) ;
#9468 = ORIENTED_EDGE ( 'NONE', *, *, #10240, .T. ) ;
#9469 = VERTEX_POINT ( 'NONE', #8404 ) ;
#9470 = CYLINDRICAL_SURFACE ( 'NONE', #5974, 0.1999999999999987899 ) ;
#9471 = DIRECTION ( 'NONE',  ( 0.000000000000000000, 0.000000000000000000, 1.000000000000000000 ) ) ;
#9472 = VECTOR ( 'NONE', #574, 1000.000000000000000 ) ;
#9473 = ORIENTED_EDGE ( 'NONE', *, *, #8536, .F. ) ;
#9474 = AXIS2_PLACEMENT_3D ( 'NONE', #412, #7721, #2866 ) ;
#9475 = DIRECTION ( 'NONE',  ( 1.000000000000000000, 0.000000000000000000, -3.652049423109068320E-16 ) ) ;
#9476 = DIRECTION ( 'NONE',  ( 1.000000000000000000, 0.000000000000000000, -0.000000000000000000 ) ) ;
#9477 = VERTEX_POINT ( 'NONE', #7734 ) ;
#9478 = ORIENTED_EDGE ( 'NONE', *, *, #10389, .F. ) ;
#9479 = ORIENTED_EDGE ( 'NONE', *, *, #10324, .F. ) ;
#9480 = DIRECTION ( 'NONE',  ( -1.000000000000000000, 0.000000000000000000, -1.843489347478009811E-17 ) ) ;
#9481 = VECTOR ( 'NONE', #4758, 1000.000000000000000 ) ;
#9482 = AXIS2_PLACEMENT_3D ( 'NONE', #1224, #3732, #5167 ) ;
#9483 = CARTESIAN_POINT ( 'NONE',  ( 29.98208284934521828, 7.623296525288701511E-18, -7.592751484835232212 ) ) ;
#9484 = VECTOR ( 'NONE', #3237, 1000.000000000000000 ) ;
#9486 = EDGE_CURVE ( 'NONE', #514, #5970, #863, .T. ) ;
#9485 = CARTESIAN_POINT ( 'NONE',  ( 51.50000000000001421, 11.00000000000000178, 9.499999999999998224 ) ) ;
#9487 = DIRECTION ( 'NONE',  ( 0.8660254037844390407, 0.000000000000000000, 0.4999999999999995004 ) ) ;
#9488 = VECTOR ( 'NONE', #9945, 1000.000000000000000 ) ;
#9489 = ORIENTED_EDGE ( 'NONE', *, *, #4633, .T. ) ;
#9490 = DIRECTION ( 'NONE',  ( -0.000000000000000000, 0.000000000000000000, 1.000000000000000000 ) ) ;
#9491 = DIRECTION ( 'NONE',  ( 0.000000000000000000, 0.000000000000000000, 1.000000000000000000 ) ) ;
#9492 = CIRCLE ( 'NONE', #5637, 0.6000000000000007550 ) ;
#9493 = ORIENTED_EDGE ( 'NONE', *, *, #4394, .F. ) ;
#9494 = AXIS2_PLACEMENT_3D ( 'NONE', #8352, #7516, #39 ) ;
#9495 = DIRECTION ( 'NONE',  ( -0.8660254037844390407, 0.000000000000000000, -0.4999999999999995004 ) ) ;
#9496 = ORIENTED_EDGE ( 'NONE', *, *, #5415, .T. ) ;
#9497 = LINE ( 'NONE', #4459, #8270 ) ;
#9499 = EDGE_CURVE ( 'NONE', #749, #10424, #4241, .T. ) ;
#9498 = CARTESIAN_POINT ( 'NONE',  ( -51.79999999999998295, 7.102280827012616093, -3.001973684210526017 ) ) ;
#9500 = AXIS2_PLACEMENT_3D ( 'NONE', #9196, #7531, #7174 ) ;
#9501 = EDGE_CURVE ( 'NONE', #9862, #641, #106, .T. ) ;
#9502 = CARTESIAN_POINT ( 'NONE',  ( -34.34233853611036835, 0.1265113557324332449, -20.34067203111831290 ) ) ;
#9503 = CARTESIAN_POINT ( 'NONE',  ( 44.80000000000002558, 5.500000000000000000, 8.250000000000000000 ) ) ;
#9504 = VECTOR ( 'NONE', #2872, 1000.000000000000000 ) ;
#9505 = CARTESIAN_POINT ( 'NONE',  ( -30.28999999999999204, 6.296018041280833089, 9.349999999999997868 ) ) ;
#9506 = VECTOR ( 'NONE', #3104, 1000.000000000000000 ) ;
#9507 = EDGE_CURVE ( 'NONE', #6734, #9663, #7678, .T. ) ;
#9508 = VECTOR ( 'NONE', #6612, 1000.000000000000000 ) ;
#9509 = ORIENTED_EDGE ( 'NONE', *, *, #1706, .T. ) ;
#9510 = DIRECTION ( 'NONE',  ( 0.000000000000000000, 0.000000000000000000, 1.000000000000000000 ) ) ;
#9511 = EDGE_CURVE ( 'NONE', #845, #1672, #5884, .T. ) ;
#9512 = DIRECTION ( 'NONE',  ( 1.000000000000000000, -0.000000000000000000, -0.000000000000000000 ) ) ;
#9513 = VERTEX_POINT ( 'NONE', #10273 ) ;
#9514 = CARTESIAN_POINT ( 'NONE',  ( 0.000000000000000000, 0.000000000000000000, 3.415000000000000036 ) ) ;
#9515 = AXIS2_PLACEMENT_3D ( 'NONE', #5759, #2480, #5919 ) ;
#9516 = DIRECTION ( 'NONE',  ( 0.000000000000000000, 0.000000000000000000, 1.000000000000000000 ) ) ;
#9517 = CARTESIAN_POINT ( 'NONE',  ( 42.80000000000001137, 5.500000000000000000, -12.25000000000000178 ) ) ;
#9518 = DIRECTION ( 'NONE',  ( -0.000000000000000000, 1.000000000000000000, -0.000000000000000000 ) ) ;
#9519 = ORIENTED_EDGE ( 'NONE', *, *, #9501, .F. ) ;
#9520 = EDGE_LOOP ( 'NONE', ( #2941, #4165, #5654, #681 ) ) ;
#9521 = CIRCLE ( 'NONE', #970, 1.500000000000000444 ) ;
#9522 = CARTESIAN_POINT ( 'NONE',  ( 51.50000000000001421, 13.00000000000000178, -6.000000000000000000 ) ) ;
#9524 = DIRECTION ( 'NONE',  ( 0.000000000000000000, 0.000000000000000000, -1.000000000000000000 ) ) ;
#9523 = CYLINDRICAL_SURFACE ( 'NONE', #4686, 0.2000000000000000944 ) ;
#9525 = ORIENTED_EDGE ( 'NONE', *, *, #8944, .T. ) ;
#9526 = VERTEX_POINT ( 'NONE', #160 ) ;
#9527 = B_SPLINE_CURVE_WITH_KNOTS ( 'NONE', 3,
 ( #1721, #8383, #2685, #5150, #183, #3407, #6016, #6731 ),
 .UNSPECIFIED., .F., .F.,
 ( 4, 2, 2, 4 ),
 ( 0.001279873816246254346, 0.001599499302352145810, 0.001919124788458037275, 0.002558375760669821287 ),
 .UNSPECIFIED. ) ;
#9528 = ORIENTED_EDGE ( 'NONE', *, *, #2783, .T. ) ;
#9529 = CARTESIAN_POINT ( 'NONE',  ( -51.79999999999998295, 10.30000000000000071, 2.449999999999999289 ) ) ;
#9530 = DIRECTION ( 'NONE',  ( 0.000000000000000000, 1.000000000000000000, -0.000000000000000000 ) ) ;
#9531 = EDGE_LOOP ( 'NONE', ( #10796, #7829, #2568, #3790 ) ) ;
#9532 = DIRECTION ( 'NONE',  ( -0.8660254037844390407, 0.000000000000000000, -0.4999999999999995004 ) ) ;
#9533 = CARTESIAN_POINT ( 'NONE',  ( -51.75411310831054834, 8.951678408958439803, -4.174880509859589139 ) ) ;
#9534 = EDGE_CURVE ( 'NONE', #4672, #2224, #4947, .T. ) ;
#9535 = CIRCLE ( 'NONE', #4809, 4.000000000000004441 ) ;
#9536 = ORIENTED_EDGE ( 'NONE', *, *, #6536, .T. ) ;
#9537 = ORIENTED_EDGE ( 'NONE', *, *, #5989, .F. ) ;
#9538 = ORIENTED_EDGE ( 'NONE', *, *, #7794, .F. ) ;
#9539 = AXIS2_PLACEMENT_3D ( 'NONE', #4099, #3873, #7216 ) ;
#9540 = DIRECTION ( 'NONE',  ( 1.000000000000000000, 0.000000000000000000, 0.000000000000000000 ) ) ;
#9541 = DIRECTION ( 'NONE',  ( 0.000000000000000000, 0.000000000000000000, -1.000000000000000000 ) ) ;
#9542 = DIRECTION ( 'NONE',  ( 0.000000000000000000, 0.000000000000000000, 1.000000000000000000 ) ) ;
#9543 = B_SPLINE_CURVE_WITH_KNOTS ( 'NONE', 3,
 ( #3939, #5584, #1327, #8045, #559, #10677 ),
 .UNSPECIFIED., .F., .F.,
 ( 4, 2, 4 ),
 ( 0.000000000000000000, 0.0003916138837253805996, 0.0007832277674507611993 ),
 .UNSPECIFIED. ) ;
#9544 = CARTESIAN_POINT ( 'NONE',  ( -50.77917112000550048, 15.10000000000000142, -9.894693245086298106 ) ) ;
#9545 = DIRECTION ( 'NONE',  ( -1.000000000000000000, -0.000000000000000000, -0.000000000000000000 ) ) ;
#9546 = DIRECTION ( 'NONE',  ( 0.000000000000000000, 0.000000000000000000, 1.000000000000000000 ) ) ;
#9547 = VERTEX_POINT ( 'NONE', #5064 ) ;
#9548 = FACE_OUTER_BOUND ( 'NONE', #5562, .T. ) ;
#9549 = CARTESIAN_POINT ( 'NONE',  ( -51.99999999999998579, 9.690923126127476195, 3.116549989100680929 ) ) ;
#9550 = EDGE_CURVE ( 'NONE', #9398, #4852, #7213, .T. ) ;
#9551 = ORIENTED_EDGE ( 'NONE', *, *, #857, .T. ) ;
#9552 = CIRCLE ( 'NONE', #7433, 0.2999999999999998224 ) ;
#9553 = EDGE_CURVE ( 'NONE', #5550, #3211, #1234, .T. ) ;
#9554 = ORIENTED_EDGE ( 'NONE', *, *, #9870, .T. ) ;
#9555 = DIRECTION ( 'NONE',  ( 0.000000000000000000, 0.000000000000000000, -1.000000000000000000 ) ) ;
#9556 = DIRECTION ( 'NONE',  ( 1.000000000000000000, -0.000000000000000000, 0.000000000000000000 ) ) ;
#9557 = CARTESIAN_POINT ( 'NONE',  ( -51.76203848064533020, 7.358920593004265598, -3.865501394531493329 ) ) ;
#9558 = DIRECTION ( 'NONE',  ( 0.000000000000000000, 0.000000000000000000, 1.000000000000000000 ) ) ;
#9559 = TOROIDAL_SURFACE ( 'NONE', #9031, 5.199999999999985967, 0.2999999999999999889 ) ;
#9560 = DIRECTION ( 'NONE',  ( 1.000000000000000000, 0.000000000000000000, 0.000000000000000000 ) ) ;
#9561 = CARTESIAN_POINT ( 'NONE',  ( 2.459170479469696691, 13.30000000000000071, 14.75000000000000000 ) ) ;
#9562 = ADVANCED_FACE ( 'NONE', ( #10443 ), #8612, .T. ) ;
#9563 = EDGE_CURVE ( 'NONE', #700, #9635, #6968, .T. ) ;
#9564 = CIRCLE ( 'NONE', #830, 0.2888330770816384119 ) ;
#9565 = ORIENTED_EDGE ( 'NONE', *, *, #6608, .T. ) ;
#9566 = LINE ( 'NONE', #8023, #5984 ) ;
#9567 = FACE_OUTER_BOUND ( 'NONE', #9386, .T. ) ;
#9568 = ORIENTED_EDGE ( 'NONE', *, *, #7994, .T. ) ;
#9569 = LINE ( 'NONE', #6929, #6328 ) ;
#9570 = DIRECTION ( 'NONE',  ( -0.000000000000000000, -1.000000000000000000, 0.000000000000000000 ) ) ;
#9571 = EDGE_CURVE ( 'NONE', #4966, #7600, #1353, .T. ) ;
#9572 = PLANE ( 'NONE',  #1309 ) ;
#9573 = CARTESIAN_POINT ( 'NONE',  ( -51.79999999999998295, 6.499999999999999112, 2.449999999999999289 ) ) ;
#9574 = ORIENTED_EDGE ( 'NONE', *, *, #2804, .F. ) ;
#9575 = EDGE_CURVE ( 'NONE', #4492, #3462, #10328, .T. ) ;
#9576 = EDGE_LOOP ( 'NONE', ( #6699, #1434, #592, #158, #260 ) ) ;
#9577 = VERTEX_POINT ( 'NONE', #4511 ) ;
#9578 = VECTOR ( 'NONE', #265, 1000.000000000000000 ) ;
#9579 = PLANE ( 'NONE',  #1686 ) ;
#9580 = TOROIDAL_SURFACE ( 'NONE', #8005, 9.300000000000013145, 0.2999999999999999889 ) ;
#9582 = LINE ( 'NONE', #10350, #8916 ) ;
#9581 = DIRECTION ( 'NONE',  ( -1.000000000000000000, 0.000000000000000000, 0.000000000000000000 ) ) ;
#9583 = ORIENTED_EDGE ( 'NONE', *, *, #5457, .T. ) ;
#9584 = ORIENTED_EDGE ( 'NONE', *, *, #7032, .F. ) ;
#9585 = ORIENTED_EDGE ( 'NONE', *, *, #5011, .F. ) ;
#9586 = ORIENTED_EDGE ( 'NONE', *, *, #1352, .F. ) ;
#9587 = EDGE_CURVE ( 'NONE', #1487, #5708, #9497, .T. ) ;
#9588 = FACE_OUTER_BOUND ( 'NONE', #1049, .T. ) ;
#9589 = CARTESIAN_POINT ( 'NONE',  ( 30.50000000000001066, -0.0009999999999999158867, -2.350000000000004974 ) ) ;
#9590 = AXIS2_PLACEMENT_3D ( 'NONE', #6374, #3098, #6426 ) ;
#9591 = DIRECTION ( 'NONE',  ( 0.6427876096865406952, 0.000000000000000000, 0.7660444431189769032 ) ) ;
#9592 = DIRECTION ( 'NONE',  ( 0.000000000000000000, 0.000000000000000000, 1.000000000000000000 ) ) ;
#9593 = VERTEX_POINT ( 'NONE', #5440 ) ;
#9594 = ORIENTED_EDGE ( 'NONE', *, *, #7354, .F. ) ;
#9595 = ORIENTED_EDGE ( 'NONE', *, *, #7221, .F. ) ;
#9596 = CARTESIAN_POINT ( 'NONE',  ( 31.23872575786374739, 0.2077789836488292963, 3.088811295319345618 ) ) ;
#9598 = CARTESIAN_POINT ( 'NONE',  ( -34.34233853611036835, 0.1265113557324328841, -8.863990808926832443 ) ) ;
#9597 = DIRECTION ( 'NONE',  ( -0.6427876096865379196, -0.000000000000000000, -0.7660444431189792347 ) ) ;
#9599 = LINE ( 'NONE', #6557, #6347 ) ;
#9600 = EDGE_CURVE ( 'NONE', #1745, #6651, #10062, .T. ) ;
#9601 = CARTESIAN_POINT ( 'NONE',  ( -47.04999999999998295, 16.60000000000000142, -12.25000000000000178 ) ) ;
#9602 = CARTESIAN_POINT ( 'NONE',  ( -30.58203748537931332, 5.996123729295902649, 3.614894311984931718 ) ) ;
#9603 = CARTESIAN_POINT ( 'NONE',  ( -31.44101788930268171, 2.721234519427554233, 2.765000000000000124 ) ) ;
#9604 = ORIENTED_EDGE ( 'NONE', *, *, #4296, .F. ) ;
#9605 = CARTESIAN_POINT ( 'NONE',  ( -30.58203748537931332, 5.996123729295902649, 3.614894311984931718 ) ) ;
#9606 = LINE ( 'NONE', #2110, #262 ) ;
#9607 = ORIENTED_EDGE ( 'NONE', *, *, #2699, .T. ) ;
#9608 = EDGE_LOOP ( 'NONE', ( #5400, #6856, #1923, #8506, #6396 ) ) ;
#9609 = DIRECTION ( 'NONE',  ( -0.000000000000000000, -1.000000000000000000, -0.000000000000000000 ) ) ;
#9610 = FACE_OUTER_BOUND ( 'NONE', #8434, .T. ) ;
#9611 = EDGE_CURVE ( 'NONE', #3291, #5160, #2877, .T. ) ;
#9612 = CARTESIAN_POINT ( 'NONE',  ( -31.11939691791956974, 0.1293615736281126527, -8.850000000000052935 ) ) ;
#9613 = EDGE_CURVE ( 'NONE', #21, #5316, #10546, .T. ) ;
#9614 = DIRECTION ( 'NONE',  ( -0.000000000000000000, -0.000000000000000000, 1.000000000000000000 ) ) ;
#9615 = CARTESIAN_POINT ( 'NONE',  ( 49.30000000000001137, 3.000000000000000000, -9.500000000000001776 ) ) ;
#9616 = CARTESIAN_POINT ( 'NONE',  ( 47.04999999999999716, 8.000000000000000000, 9.500000000000000000 ) ) ;
#9617 = CIRCLE ( 'NONE', #5932, 0.2000000000000000666 ) ;
#9618 = ORIENTED_EDGE ( 'NONE', *, *, #7204, .T. ) ;
#9619 = DIRECTION ( 'NONE',  ( 0.8660254037844387076, 0.000000000000000000, -0.4999999999999997224 ) ) ;
#9620 = CARTESIAN_POINT ( 'NONE',  ( -51.51395228292889072, 9.332527881964912453, -4.122894222564022826 ) ) ;
#9621 = VERTEX_POINT ( 'NONE', #2175 ) ;
#9622 = LINE ( 'NONE', #6329, #2492 ) ;
#9623 = EDGE_CURVE ( 'NONE', #9028, #7375, #9726, .T. ) ;
#9624 = CARTESIAN_POINT ( 'NONE',  ( 2.459170479469696691, 13.30000000000000071, 14.75000000000000000 ) ) ;
#9625 = LINE ( 'NONE', #7096, #2704 ) ;
#9626 = CARTESIAN_POINT ( 'NONE',  ( -35.26554871542300162, 0.1999999999999987899, 3.615000000000000213 ) ) ;
#9627 = B_SPLINE_CURVE_WITH_KNOTS ( 'NONE', 3,
 ( #9371, #1000, #1105, #6890, #3508, #6834, #4373, #7056, #7706, #2796, #6072, #4435, #3614, #6996, #10355, #10192 ),
 .UNSPECIFIED., .F., .F.,
 ( 4, 2, 2, 2, 2, 2, 2, 4 ),
 ( 4.336808689942017255E-19, 0.0003197969700837253841, 0.0006395939401674503345, 0.0009593909102511730081, 0.001279187880334895682, 0.001598984850418618247, 0.001918781820502341029, 0.002558375760669781823 ),
 .UNSPECIFIED. ) ;
#9628 = ORIENTED_EDGE ( 'NONE', *, *, #436, .F. ) ;
#9629 = ORIENTED_EDGE ( 'NONE', *, *, #8036, .F. ) ;
#9630 = ORIENTED_EDGE ( 'NONE', *, *, #690, .T. ) ;
#9631 = CARTESIAN_POINT ( 'NONE',  ( 49.80000000000001847, 9.850000000000003197, -2.500000000000000444 ) ) ;
#9633 = DIRECTION ( 'NONE',  ( 0.000000000000000000, 0.000000000000000000, 1.000000000000000000 ) ) ;
#9632 = CARTESIAN_POINT ( 'NONE',  ( 22.32335966720672005, 0.09378038618371757618, 1.595855630624926746 ) ) ;
#9634 = ORIENTED_EDGE ( 'NONE', *, *, #1062, .T. ) ;
#9635 = VERTEX_POINT ( 'NONE', #477 ) ;
#9636 = ORIENTED_EDGE ( 'NONE', *, *, #5738, .T. ) ;
#9637 = EDGE_CURVE ( 'NONE', #9638, #3329, #6339, .T. ) ;
#9638 = VERTEX_POINT ( 'NONE', #2985 ) ;
#9639 = CYLINDRICAL_SURFACE ( 'NONE', #747, 0.1999999999999987899 ) ;
#9640 = CARTESIAN_POINT ( 'NONE',  ( 0.000000000000000000, 0.5000000000000004441, -3.615000000000000213 ) ) ;
#9641 = CARTESIAN_POINT ( 'NONE',  ( -51.55319817479336564, 8.642736402474227475, -4.338327429859365481 ) ) ;
#9642 = CARTESIAN_POINT ( 'NONE',  ( -51.75456437409613386, 8.623970877145255898, -4.262457020310513656 ) ) ;
#9643 = ORIENTED_EDGE ( 'NONE', *, *, #797, .F. ) ;
#9644 = AXIS2_PLACEMENT_3D ( 'NONE', #7797, #2066, #8620 ) ;
#9645 = ORIENTED_EDGE ( 'NONE', *, *, #5392, .F. ) ;
#9646 = EDGE_CURVE ( 'NONE', #2166, #9175, #6687, .T. ) ;
#9647 = CARTESIAN_POINT ( 'NONE',  ( 31.20096152549731272, 0.1300423822510685667, 3.055729192126841909 ) ) ;
#9649 = CARTESIAN_POINT ( 'NONE',  ( -49.79999999999998295, 6.500000000000000888, 6.749999999999992006 ) ) ;
#9648 = CARTESIAN_POINT ( 'NONE',  ( 30.04999999999998650, 0.000000000000000000, -11.63910652323463957 ) ) ;
#9650 = DIRECTION ( 'NONE',  ( -0.000000000000000000, 1.000000000000000000, -0.000000000000000000 ) ) ;
#9651 = LINE ( 'NONE', #8170, #7550 ) ;
#9652 = EDGE_CURVE ( 'NONE', #6870, #10479, #6857, .T. ) ;
#9653 = CIRCLE ( 'NONE', #7193, 9.000000000000012434 ) ;
#9654 = VECTOR ( 'NONE', #3150, 1000.000000000000000 ) ;
#9655 = CARTESIAN_POINT ( 'NONE',  ( 1.050000000000021361, 13.30000000000000071, 13.35000000000015774 ) ) ;
#9656 = DIRECTION ( 'NONE',  ( -1.000000000000000000, -0.000000000000000000, 5.545730697581131175E-17 ) ) ;
#9657 = CARTESIAN_POINT ( 'NONE',  ( 0.000000000000000000, 11.00000000000000178, -12.24999999999999822 ) ) ;
#9658 = DIRECTION ( 'NONE',  ( 1.000000000000000000, 0.000000000000000000, 1.020425574104004196E-15 ) ) ;
#9659 = ADVANCED_FACE ( 'NONE', ( #9610 ), #3797, .F. ) ;
#9660 = AXIS2_PLACEMENT_3D ( 'NONE', #5690, #6659, #7595 ) ;
#9661 = ORIENTED_EDGE ( 'NONE', *, *, #5861, .T. ) ;
#9662 = AXIS2_PLACEMENT_3D ( 'NONE', #4909, #5567, #6487 ) ;
#9663 = VERTEX_POINT ( 'NONE', #5501 ) ;
#9664 = DIRECTION ( 'NONE',  ( -1.020425574104004196E-15, -0.000000000000000000, 1.000000000000000000 ) ) ;
#9665 = DIRECTION ( 'NONE',  ( 0.000000000000000000, 1.000000000000000000, -0.000000000000000000 ) ) ;
#9666 = CARTESIAN_POINT ( 'NONE',  ( 38.63172798364529825, 5.400000000000000355, 6.781727983645294167 ) ) ;
#9667 = CARTESIAN_POINT ( 'NONE',  ( -35.04999999999998295, 8.000000000000000000, -12.25000000000000178 ) ) ;
#9668 = FACE_OUTER_BOUND ( 'NONE', #8197, .T. ) ;
#9669 = AXIS2_PLACEMENT_3D ( 'NONE', #2674, #6007, #10287 ) ;
#9670 = AXIS2_PLACEMENT_3D ( 'NONE', #8450, #5006, #4338 ) ;
#9671 = CARTESIAN_POINT ( 'NONE',  ( 52.30100000000003746, 8.400000000000000355, 2.924999999999956302 ) ) ;
#9672 = ADVANCED_FACE ( 'NONE', ( #2062 ), #10494, .T. ) ;
#9673 = AXIS2_PLACEMENT_3D ( 'NONE', #321, #2819, #4677 ) ;
#9674 = AXIS2_PLACEMENT_3D ( 'NONE', #3890, #7232, #2919 ) ;
#9675 = ORIENTED_EDGE ( 'NONE', *, *, #2287, .T. ) ;
#9676 = VECTOR ( 'NONE', #2824, 1000.000000000000000 ) ;
#9677 = PLANE ( 'NONE',  #587 ) ;
#9678 = DIRECTION ( 'NONE',  ( 0.000000000000000000, 0.000000000000000000, -1.000000000000000000 ) ) ;
#9679 = EDGE_LOOP ( 'NONE', ( #7642, #2562, #9980, #842 ) ) ;
#9680 = DIRECTION ( 'NONE',  ( -0.000000000000000000, 1.000000000000000000, -0.000000000000000000 ) ) ;
#9681 = DIRECTION ( 'NONE',  ( 0.000000000000000000, 0.000000000000000000, -1.000000000000000000 ) ) ;
#9682 = CARTESIAN_POINT ( 'NONE',  ( -51.99999999999998579, 9.700000000000001066, 2.924999999999996270 ) ) ;
#9683 = VECTOR ( 'NONE', #1462, 1000.000000000000000 ) ;
#9684 = LINE ( 'NONE', #8966, #3633 ) ;
#9685 = EDGE_CURVE ( 'NONE', #7287, #5316, #7134, .T. ) ;
#9686 = VECTOR ( 'NONE', #9658, 1000.000000000000000 ) ;
#9687 = ORIENTED_EDGE ( 'NONE', *, *, #3331, .F. ) ;
#9688 = ORIENTED_EDGE ( 'NONE', *, *, #4190, .F. ) ;
#9689 = DIRECTION ( 'NONE',  ( 0.000000000000000000, 1.000000000000000000, 0.000000000000000000 ) ) ;
#9691 = CARTESIAN_POINT ( 'NONE',  ( -30.28999999999999204, 3.029933988600507000, -9.848063053291932434 ) ) ;
#9690 = DIRECTION ( 'NONE',  ( -0.000000000000000000, -0.000000000000000000, 1.000000000000000000 ) ) ;
#9692 = VECTOR ( 'NONE', #1877, 1000.000000000000000 ) ;
#9693 = VERTEX_POINT ( 'NONE', #8616 ) ;
#9694 = VERTEX_POINT ( 'NONE', #800 ) ;
#9695 = ORIENTED_EDGE ( 'NONE', *, *, #463, .T. ) ;
#9696 = ORIENTED_EDGE ( 'NONE', *, *, #5346, .F. ) ;
#9697 = CARTESIAN_POINT ( 'NONE',  ( -51.55315927030257939, 8.156259320763485476, -4.338162987989951702 ) ) ;
#9698 = LINE ( 'NONE', #10736, #793 ) ;
#9699 = CARTESIAN_POINT ( 'NONE',  ( 0.000000000000000000, 6.500000000000000888, -12.25000000000000178 ) ) ;
#9700 = DIRECTION ( 'NONE',  ( -1.000000000000000000, 0.000000000000000000, 0.000000000000000000 ) ) ;
#9701 = ORIENTED_EDGE ( 'NONE', *, *, #6109, .T. ) ;
#9702 = VECTOR ( 'NONE', #4103, 1000.000000000000000 ) ;
#9703 = EDGE_LOOP ( 'NONE', ( #699, #4353, #3402, #1440 ) ) ;
#9704 = EDGE_CURVE ( 'NONE', #9254, #2060, #8100, .T. ) ;
#9705 = EDGE_CURVE ( 'NONE', #8608, #9593, #4778, .T. ) ;
#9706 = CYLINDRICAL_SURFACE ( 'NONE', #6382, 0.3000000000000016542 ) ;
#9708 = CYLINDRICAL_SURFACE ( 'NONE', #8387, 0.3000000000000016542 ) ;
#9707 = CARTESIAN_POINT ( 'NONE',  ( 38.66515805832831632, 0.1248391197358923871, 1.558743620592516921 ) ) ;
#9709 = ORIENTED_EDGE ( 'NONE', *, *, #5392, .T. ) ;
#9710 = CARTESIAN_POINT ( 'NONE',  ( -7.549999999999978506, 13.30000000000000071, 14.45000000000000107 ) ) ;
#9711 = LINE ( 'NONE', #6305, #5115 ) ;
#9712 = CARTESIAN_POINT ( 'NONE',  ( -31.27472780755320869, 0.000000000000000000, -9.050000000000052225 ) ) ;
#9713 = AXIS2_PLACEMENT_3D ( 'NONE', #9969, #8272, #2473 ) ;
#9714 = DIRECTION ( 'NONE',  ( 3.384826294588892433E-16, 0.000000000000000000, 1.000000000000000000 ) ) ;
#9715 =( BOUNDED_CURVE ( )  B_SPLINE_CURVE ( 3, ( #7402, #9829, #8185, #1467 ),
 .UNSPECIFIED., .F., .T. ) 
 B_SPLINE_CURVE_WITH_KNOTS ( ( 4, 4 ),
 ( 3.141592653589796225, 4.712388980384690562 ),
 .UNSPECIFIED. ) 
 CURVE ( )  GEOMETRIC_REPRESENTATION_ITEM ( )  RATIONAL_B_SPLINE_CURVE ( ( 1.000000000000000000, 0.8047378541243654926, 0.8047378541243654926, 1.000000000000000000 ) ) 
 REPRESENTATION_ITEM ( '' )  );
#9716 = ORIENTED_EDGE ( 'NONE', *, *, #8317, .F. ) ;
#9717 = DIRECTION ( 'NONE',  ( 0.000000000000000000, 0.000000000000000000, -1.000000000000000000 ) ) ;
#9718 = CARTESIAN_POINT ( 'NONE',  ( -31.47472780755320443, 0.08284271247461871823, -8.850000000000052935 ) ) ;
#9719 = EDGE_CURVE ( 'NONE', #6324, #4197, #10595, .T. ) ;
#9720 = ORIENTED_EDGE ( 'NONE', *, *, #1854, .T. ) ;
#9721 = EDGE_CURVE ( 'NONE', #3097, #5803, #3381, .T. ) ;
#9722 = AXIS2_PLACEMENT_3D ( 'NONE', #3069, #4918, #5579 ) ;
#9723 = ORIENTED_EDGE ( 'NONE', *, *, #10121, .F. ) ;
#9724 = VECTOR ( 'NONE', #714, 1000.000000000000000 ) ;
#9725 = CARTESIAN_POINT ( 'NONE',  ( 29.75000000000001776, -0.0009999999999999158867, -5.864428364013436687E-14 ) ) ;
#9726 = LINE ( 'NONE', #6265, #7566 ) ;
#9727 = CARTESIAN_POINT ( 'NONE',  ( 51.50000000000001421, 11.00000000000000178, 0.000000000000000000 ) ) ;
#9728 = CARTESIAN_POINT ( 'NONE',  ( -35.06554871542299878, 0.2000000000000000944, -20.34067203111831290 ) ) ;
#9729 = DIRECTION ( 'NONE',  ( -0.000000000000000000, 0.000000000000000000, 1.000000000000000000 ) ) ;
#9730 = AXIS2_PLACEMENT_3D ( 'NONE', #10772, #3857, #4023 ) ;
#9731 = CARTESIAN_POINT ( 'NONE',  ( 1.760486695917055871E-15, 0.5000000000000004441, 10.24999999999999467 ) ) ;
#9732 = VERTEX_POINT ( 'NONE', #3963 ) ;
#9733 = ORIENTED_EDGE ( 'NONE', *, *, #10322, .T. ) ;
#9734 = B_SPLINE_CURVE_WITH_KNOTS ( 'NONE', 3,
 ( #6177, #3504, #9306, #1156, #4368, #5196, #7701, #232 ),
 .UNSPECIFIED., .F., .F.,
 ( 4, 2, 2, 4 ),
 ( 0.000000000000000000, 0.0001382025733524863676, 0.0002764051467049727351, 0.0005528102934099374472 ),
 .UNSPECIFIED. ) ;
#9735 = CARTESIAN_POINT ( 'NONE',  ( 0.000000000000000000, 16.60000000000000142, 0.000000000000000000 ) ) ;
#9736 = DIRECTION ( 'NONE',  ( -0.000000000000000000, -1.000000000000000000, 0.000000000000000000 ) ) ;
#9737 = EDGE_LOOP ( 'NONE', ( #8354, #525, #1032, #9607 ) ) ;
#9738 = EDGE_CURVE ( 'NONE', #3537, #7630, #10063, .T. ) ;
#9739 = CARTESIAN_POINT ( 'NONE',  ( -30.58203748537937372, 5.996123729295900873, -20.34067203111831290 ) ) ;
#9740 = FACE_OUTER_BOUND ( 'NONE', #10056, .T. ) ;
#9741 = DIRECTION ( 'NONE',  ( 0.000000000000000000, 0.000000000000000000, 1.000000000000000000 ) ) ;
#9742 = CARTESIAN_POINT ( 'NONE',  ( 52.30100000000003746, 7.099999999999998757, -2.925000000000042899 ) ) ;
#9743 = VECTOR ( 'NONE', #10711, 1000.000000000000000 ) ;
#9744 = ORIENTED_EDGE ( 'NONE', *, *, #5288, .T. ) ;
#9745 = ORIENTED_EDGE ( 'NONE', *, *, #6622, .T. ) ;
#9746 = CARTESIAN_POINT ( 'NONE',  ( -35.26554871542300162, 0.1999999999999996503, -8.850000000000058265 ) ) ;
#9748 = DIRECTION ( 'NONE',  ( 0.000000000000000000, 1.000000000000000000, 0.000000000000000000 ) ) ;
#9747 = CARTESIAN_POINT ( 'NONE',  ( -31.11939691791956974, 0.1293615736281126527, -20.34067203111831290 ) ) ;
#9749 = DIRECTION ( 'NONE',  ( 0.000000000000000000, 0.000000000000000000, 1.000000000000000000 ) ) ;
#9750 = ORIENTED_EDGE ( 'NONE', *, *, #3459, .T. ) ;
#9751 = VERTEX_POINT ( 'NONE', #5716 ) ;
#9752 = EDGE_CURVE ( 'NONE', #6711, #6620, #9147, .T. ) ;
#9753 = EDGE_CURVE ( 'NONE', #8624, #1262, #1113, .T. ) ;
#9754 = DIRECTION ( 'NONE',  ( 0.000000000000000000, 0.000000000000000000, -1.000000000000000000 ) ) ;
#9755 = FACE_OUTER_BOUND ( 'NONE', #5422, .T. ) ;
#9756 = ORIENTED_EDGE ( 'NONE', *, *, #5346, .T. ) ;
#9757 = CARTESIAN_POINT ( 'NONE',  ( -47.04999999999999716, 8.000000000000000000, -10.34999999999999964 ) ) ;
#9758 = CARTESIAN_POINT ( 'NONE',  ( -7.994533542344514743, 13.30000000000000071, 13.84693827814967904 ) ) ;
#9759 = EDGE_LOOP ( 'NONE', ( #9377, #4411, #1203, #9013, #10285, #2315 ) ) ;
#9760 = ORIENTED_EDGE ( 'NONE', *, *, #10671, .T. ) ;
#9761 = LINE ( 'NONE', #406, #10097 ) ;
#9763 = LINE ( 'NONE', #9972, #2103 ) ;
#9762 = CARTESIAN_POINT ( 'NONE',  ( 23.10788180854700258, -0.0009999999999999158867, -7.483866831501333472 ) ) ;
#9764 = ORIENTED_EDGE ( 'NONE', *, *, #4516, .T. ) ;
#9765 = AXIS2_PLACEMENT_3D ( 'NONE', #9589, #6243, #1213 ) ;
#9766 = CARTESIAN_POINT ( 'NONE',  ( 40.80000000000001137, 8.000000000000000000, 10.25000000000000000 ) ) ;
#9767 = DIRECTION ( 'NONE',  ( -0.000000000000000000, -0.000000000000000000, 1.000000000000000000 ) ) ;
#9768 = DIRECTION ( 'NONE',  ( 0.000000000000000000, 0.000000000000000000, 1.000000000000000000 ) ) ;
#9769 = EDGE_CURVE ( 'NONE', #6444, #2197, #9105, .T. ) ;
#9770 = AXIS2_PLACEMENT_3D ( 'NONE', #8581, #10295, #2790 ) ;
#9771 = ADVANCED_FACE ( 'NONE', ( #8947 ), #5662, .T. ) ;
#9772 = ORIENTED_EDGE ( 'NONE', *, *, #8907, .F. ) ;
#9773 = DIRECTION ( 'NONE',  ( 0.000000000000000000, 0.000000000000000000, 1.000000000000000000 ) ) ;
#9774 = CARTESIAN_POINT ( 'NONE',  ( 44.80000000000002558, 6.000000000000000000, -2.399479110140366078 ) ) ;
#9775 = ORIENTED_EDGE ( 'NONE', *, *, #1834, .F. ) ;
#9776 = EDGE_LOOP ( 'NONE', ( #1725, #4605, #10247, #3319 ) ) ;
#9777 = CARTESIAN_POINT ( 'NONE',  ( -51.49999999999998579, 7.083039804977605769, -3.819531250000006484 ) ) ;
#9778 = CARTESIAN_POINT ( 'NONE',  ( -30.28999999999999915, -5.002961977226933143, -2.765000000000000124 ) ) ;
#9779 = LINE ( 'NONE', #7960, #2399 ) ;
#9780 = CARTESIAN_POINT ( 'NONE',  ( -30.28999999999999915, -5.002961977226933143, 3.615000000000000213 ) ) ;
#9781 = AXIS2_PLACEMENT_3D ( 'NONE', #5679, #5570, #2300 ) ;
#9782 = EDGE_CURVE ( 'NONE', #3179, #6070, #10603, .T. ) ;
#9783 = CARTESIAN_POINT ( 'NONE',  ( -34.44357915404025761, 9.688689720165385246E-17, 2.880231426856664889 ) ) ;
#9784 = VERTEX_POINT ( 'NONE', #2388 ) ;
#9785 = ORIENTED_EDGE ( 'NONE', *, *, #8107, .F. ) ;
#9786 = EDGE_CURVE ( 'NONE', #5365, #6176, #7453, .T. ) ;
#9787 = LINE ( 'NONE', #7466, #9488 ) ;
#9788 = CARTESIAN_POINT ( 'NONE',  ( -30.28999999999999204, 3.119387360919112950, 9.349999999999997868 ) ) ;
#9789 = VERTEX_POINT ( 'NONE', #741 ) ;
#9790 = AXIS2_PLACEMENT_3D ( 'NONE', #9381, #3571, #9324 ) ;
#9791 = CARTESIAN_POINT ( 'NONE',  ( 47.05000000000001137, 9.000000000000001776, -9.500000000000001776 ) ) ;
#9792 = EDGE_CURVE ( 'NONE', #2291, #3018, #7398, .T. ) ;
#9793 = LINE ( 'NONE', #7147, #2342 ) ;
#9794 = DIRECTION ( 'NONE',  ( -0.000000000000000000, -1.000000000000000000, 0.000000000000000000 ) ) ;
#9795 = FACE_OUTER_BOUND ( 'NONE', #2353, .T. ) ;
#9796 = VERTEX_POINT ( 'NONE', #7297 ) ;
#9797 = TOROIDAL_SURFACE ( 'NONE', #3662, 5.000000000000000000, 3.000000000000000000 ) ;
#9798 = EDGE_CURVE ( 'NONE', #4226, #4345, #4077, .T. ) ;
#9799 = ORIENTED_EDGE ( 'NONE', *, *, #463, .F. ) ;
#9800 = CARTESIAN_POINT ( 'NONE',  ( -31.27472780755320869, 0.000000000000000000, 2.965000000000000302 ) ) ;
#9801 = CARTESIAN_POINT ( 'NONE',  ( -31.47472780755320443, 0.08284271247461907905, 8.349999999999997868 ) ) ;
#9802 = CARTESIAN_POINT ( 'NONE',  ( 8.417579849446688911, 0.2999999999999999889, -14.57967597600966592 ) ) ;
#9803 = ORIENTED_EDGE ( 'NONE', *, *, #7113, .F. ) ;
#9804 = ORIENTED_EDGE ( 'NONE', *, *, #2929, .F. ) ;
#9805 = CARTESIAN_POINT ( 'NONE',  ( 25.40635347795580401, -0.0009999999999999158867, -0.2752072131253970877 ) ) ;
#9806 = CARTESIAN_POINT ( 'NONE',  ( 44.80000000000002558, 5.500000000000000000, -4.651923788646722180 ) ) ;
#9807 = CARTESIAN_POINT ( 'NONE',  ( 8.267579849446688556, -0.0009999999999999158867, -14.31986835487433396 ) ) ;
#9808 = LINE ( 'NONE', #3076, #1486 ) ;
#9809 = ORIENTED_EDGE ( 'NONE', *, *, #9704, .F. ) ;
#9810 = ORIENTED_EDGE ( 'NONE', *, *, #7204, .F. ) ;
#9811 = EDGE_CURVE ( 'NONE', #1672, #3960, #8066, .T. ) ;
#9812 = EDGE_CURVE ( 'NONE', #7698, #2321, #5713, .T. ) ;
#9813 = DIRECTION ( 'NONE',  ( 0.000000000000000000, 0.000000000000000000, 1.000000000000000000 ) ) ;
#9815 = CARTESIAN_POINT ( 'NONE',  ( -19.54999999999997939, 13.30000000000000071, 13.55000000000000249 ) ) ;
#9814 = CARTESIAN_POINT ( 'NONE',  ( 29.98292408117201902, 3.811648262644351526E-18, -11.56869301635388858 ) ) ;
#9816 = VERTEX_POINT ( 'NONE', #7719 ) ;
#9817 = LINE ( 'NONE', #5542, #10543 ) ;
#9818 = LINE ( 'NONE', #10642, #5273 ) ;
#9819 = CARTESIAN_POINT ( 'NONE',  ( 34.84364652204422441, 0.5000000000000000000, 1.023830892551222949 ) ) ;
#9820 = VERTEX_POINT ( 'NONE', #147 ) ;
#9821 = CARTESIAN_POINT ( 'NONE',  ( 44.80000000000002558, 8.000000000000000000, -2.399479110140366078 ) ) ;
#9822 = DIRECTION ( 'NONE',  ( -0.000000000000000000, 0.000000000000000000, 1.000000000000000000 ) ) ;
#9823 = ORIENTED_EDGE ( 'NONE', *, *, #6195, .F. ) ;
#9824 = EDGE_CURVE ( 'NONE', #5096, #914, #254, .T. ) ;
#9825 = DIRECTION ( 'NONE',  ( 0.000000000000000000, 0.000000000000000000, -1.000000000000000000 ) ) ;
#9826 = CARTESIAN_POINT ( 'NONE',  ( 2.550000000000021583, 15.10000000000000142, 13.35000000000015952 ) ) ;
#9827 = LINE ( 'NONE', #3361, #3266 ) ;
#9828 = DIRECTION ( 'NONE',  ( -0.000000000000000000, -0.000000000000000000, 1.000000000000000000 ) ) ;
#9829 = CARTESIAN_POINT ( 'NONE',  ( -35.26554871542300162, 0.08284271247461812149, 3.614999999999999769 ) ) ;
#9830 = DIRECTION ( 'NONE',  ( 5.782411586589351722E-16, 0.000000000000000000, 1.000000000000000000 ) ) ;
#9831 = AXIS2_PLACEMENT_3D ( 'NONE', #8813, #10579, #5635 ) ;
#9832 = ORIENTED_EDGE ( 'NONE', *, *, #9705, .F. ) ;
#9833 = EDGE_CURVE ( 'NONE', #1767, #2751, #5051, .T. ) ;
#9834 = ADVANCED_FACE ( 'NONE', ( #4335 ), #3473, .T. ) ;
#9835 = LINE ( 'NONE', #5774, #4487 ) ;
#9836 = DIRECTION ( 'NONE',  ( 1.000000000000000000, 0.000000000000000000, 1.843489347478009811E-17 ) ) ;
#9837 = CARTESIAN_POINT ( 'NONE',  ( 47.05000000000001137, 8.000000000000000000, 9.499999999999998224 ) ) ;
#9838 = VECTOR ( 'NONE', #9354, 1000.000000000000000 ) ;
#9839 = ORIENTED_EDGE ( 'NONE', *, *, #9059, .T. ) ;
#9840 = DIRECTION ( 'NONE',  ( 0.000000000000000000, -1.000000000000000000, 0.000000000000000000 ) ) ;
#9841 = CARTESIAN_POINT ( 'NONE',  ( 31.24999999999999645, -0.0009999999999999158867, -3.080056913872600900E-14 ) ) ;
#9842 = CARTESIAN_POINT ( 'NONE',  ( 3.550000000000022027, 13.30000000000000071, -13.45000000000015916 ) ) ;
#9843 = AXIS2_PLACEMENT_3D ( 'NONE', #10770, #3320, #2499 ) ;
#9844 = DIRECTION ( 'NONE',  ( -0.000000000000000000, -1.000000000000000000, -0.000000000000000000 ) ) ;
#9845 = EDGE_CURVE ( 'NONE', #6650, #1104, #1732, .T. ) ;
#9846 = AXIS2_PLACEMENT_3D ( 'NONE', #5850, #6718, #8370 ) ;
#9847 = VECTOR ( 'NONE', #4248, 1000.000000000000000 ) ;
#9848 = ORIENTED_EDGE ( 'NONE', *, *, #9900, .T. ) ;
#9849 = ADVANCED_FACE ( 'NONE', ( #3421 ), #905, .T. ) ;
#9850 = CARTESIAN_POINT ( 'NONE',  ( -49.79999999999998295, 8.000000000000000000, -6.750000000000000000 ) ) ;
#9852 = CARTESIAN_POINT ( 'NONE',  ( 47.05000000000001137, 8.000000000000000000, 9.499999999999998224 ) ) ;
#9851 = DIRECTION ( 'NONE',  ( 0.000000000000000000, 0.000000000000000000, 1.000000000000000000 ) ) ;
#9853 = LINE ( 'NONE', #9133, #640 ) ;
#9854 = ORIENTED_EDGE ( 'NONE', *, *, #8613, .T. ) ;
#9855 = AXIS2_PLACEMENT_3D ( 'NONE', #851, #10151, #5975 ) ;
#9856 = VECTOR ( 'NONE', #4723, 1000.000000000000000 ) ;
#9857 = DIRECTION ( 'NONE',  ( 0.000000000000000000, 0.000000000000000000, 1.000000000000000000 ) ) ;
#9858 = DIRECTION ( 'NONE',  ( -1.000000000000000000, 0.000000000000000000, 0.000000000000000000 ) ) ;
#9859 = AXIS2_PLACEMENT_3D ( 'NONE', #6261, #474, #10438 ) ;
#9860 = LINE ( 'NONE', #7487, #4615 ) ;
#9861 = CARTESIAN_POINT ( 'NONE',  ( -51.82563198490996115, 9.491884724233146997, -3.630658523920750724 ) ) ;
#9862 = VERTEX_POINT ( 'NONE', #4228 ) ;
#9863 = ORIENTED_EDGE ( 'NONE', *, *, #9721, .T. ) ;
#9864 = TOROIDAL_SURFACE ( 'NONE', #2184, 5.000000000000000000, 3.000000000000000000 ) ;
#9865 = LINE ( 'NONE', #7325, #449 ) ;
#9867 = CARTESIAN_POINT ( 'NONE',  ( -52.74999999999998579, 8.400000000000000355, 2.925000000000002931 ) ) ;
#9866 = CARTESIAN_POINT ( 'NONE',  ( 25.42048837293183894, 0.2077789836488309061, -4.429650374919769540 ) ) ;
#9868 = ORIENTED_EDGE ( 'NONE', *, *, #3167, .T. ) ;
#9869 = CARTESIAN_POINT ( 'NONE',  ( -33.54999999999998295, 6.500000000000000888, -12.25000000000000178 ) ) ;
#9870 = EDGE_CURVE ( 'NONE', #6182, #10742, #5003, .T. ) ;
#9871 = CARTESIAN_POINT ( 'NONE',  ( 30.50000000000001066, 0.5000000000000000000, -2.350000000000004974 ) ) ;
#9872 = CARTESIAN_POINT ( 'NONE',  ( -31.60047529527845001, 3.276389878762281160, -20.34067203111831290 ) ) ;
#9873 = VECTOR ( 'NONE', #560, 1000.000000000000000 ) ;
#9874 = EDGE_LOOP ( 'NONE', ( #865, #7101, #1212, #1718 ) ) ;
#9875 = DIRECTION ( 'NONE',  ( -0.000000000000000000, -1.000000000000000000, -0.000000000000000000 ) ) ;
#9876 = CARTESIAN_POINT ( 'NONE',  ( -31.27472780755320869, 0.000000000000000000, -9.050000000000052225 ) ) ;
#9877 = EDGE_LOOP ( 'NONE', ( #1798, #3957, #10354, #10136 ) ) ;
#9878 = VECTOR ( 'NONE', #1600, 1000.000000000000000 ) ;
#9879 = LINE ( 'NONE', #4944, #4892 ) ;
#9880 = DIRECTION ( 'NONE',  ( -1.692413147294445970E-16, -0.000000000000000000, -1.000000000000000000 ) ) ;
#9881 = AXIS2_PLACEMENT_3D ( 'NONE', #9091, #6567, #3181 ) ;
#9882 = CARTESIAN_POINT ( 'NONE',  ( -50.77917112000550759, 15.10000000000000142, 9.894693245086291000 ) ) ;
#9883 = DIRECTION ( 'NONE',  ( 0.000000000000000000, 0.000000000000000000, -1.000000000000000000 ) ) ;
#9884 = EDGE_CURVE ( 'NONE', #453, #8915, #9984, .T. ) ;
#9885 = CYLINDRICAL_SURFACE ( 'NONE', #2479, 3.000000000000002665 ) ;
#9886 = CARTESIAN_POINT ( 'NONE',  ( -51.53555142777796760, 8.996263542329968388, 4.258108007148370788 ) ) ;
#9887 = ORIENTED_EDGE ( 'NONE', *, *, #5527, .T. ) ;
#9888 = CIRCLE ( 'NONE', #9351, 5.000000000000000888 ) ;
#9889 = VERTEX_POINT ( 'NONE', #5819 ) ;
#9890 = DIRECTION ( 'NONE',  ( 0.000000000000000000, 0.000000000000000000, 1.000000000000000000 ) ) ;
#9891 = CARTESIAN_POINT ( 'NONE',  ( -1.549999999999982059, 15.10000000000000142, -14.75000000000000178 ) ) ;
#9892 = AXIS2_PLACEMENT_3D ( 'NONE', #4201, #9244, #4152 ) ;
#9893 = CARTESIAN_POINT ( 'NONE',  ( 31.25000000000004263, 0.2999999999999999889, 3.098623679425835054 ) ) ;
#9894 = ORIENTED_EDGE ( 'NONE', *, *, #9611, .T. ) ;
#9895 = DIRECTION ( 'NONE',  ( 0.000000000000000000, 1.000000000000000000, -0.000000000000000000 ) ) ;
#9896 = ORIENTED_EDGE ( 'NONE', *, *, #7852, .F. ) ;
#9897 = DIRECTION ( 'NONE',  ( -0.000000000000000000, -1.000000000000000000, -0.000000000000000000 ) ) ;
#9898 = VERTEX_POINT ( 'NONE', #7507 ) ;
#9900 = EDGE_CURVE ( 'NONE', #2046, #689, #29, .T. ) ;
#9899 = DIRECTION ( 'NONE',  ( 0.000000000000000000, 0.000000000000000000, -1.000000000000000000 ) ) ;
#9901 = EDGE_CURVE ( 'NONE', #7195, #1067, #10208, .T. ) ;
#9902 = CARTESIAN_POINT ( 'NONE',  ( -3.019693845669854326, 13.30000000000000071, -13.55000000000003624 ) ) ;
#9903 = ORIENTED_EDGE ( 'NONE', *, *, #528, .F. ) ;
#9904 = DIRECTION ( 'NONE',  ( 0.000000000000000000, 0.000000000000000000, 1.000000000000000000 ) ) ;
#9906 = DIRECTION ( 'NONE',  ( -0.000000000000000000, 1.000000000000000000, -0.000000000000000000 ) ) ;
#9905 = CARTESIAN_POINT ( 'NONE',  ( -51.79999999999998295, 9.697719172987383729, -3.001973684210527793 ) ) ;
#9907 = CARTESIAN_POINT ( 'NONE',  ( -30.28999999999999915, -5.002961977226933143, -20.34067203111831290 ) ) ;
#9908 = ORIENTED_EDGE ( 'NONE', *, *, #8732, .F. ) ;
#9909 = DIRECTION ( 'NONE',  ( 0.000000000000000000, 0.000000000000000000, -1.000000000000000000 ) ) ;
#9911 = CARTESIAN_POINT ( 'NONE',  ( 23.03234969852233505, 0.1248391197358930393, -7.466862494131238925 ) ) ;
#9910 = AXIS2_PLACEMENT_3D ( 'NONE', #3044, #7135, #906 ) ;
#9912 = DIRECTION ( 'NONE',  ( -0.000000000000000000, 1.000000000000000000, -0.000000000000000000 ) ) ;
#9913 = EDGE_CURVE ( 'NONE', #5407, #8575, #1677, .T. ) ;
#9914 = FACE_OUTER_BOUND ( 'NONE', #1396, .T. ) ;
#9915 = LINE ( 'NONE', #5533, #1095 ) ;
#9916 = ORIENTED_EDGE ( 'NONE', *, *, #4815, .F. ) ;
#9917 = VERTEX_POINT ( 'NONE', #5925 ) ;
#9918 = CARTESIAN_POINT ( 'NONE',  ( -51.99999999999998579, 7.099999999999998757, -2.924999999999996270 ) ) ;
#9920 = DIRECTION ( 'NONE',  ( 0.000000000000000000, 1.000000000000000000, 0.000000000000000000 ) ) ;
#9919 = CARTESIAN_POINT ( 'NONE',  ( 25.70068545307674412, 1.714394685242703097E-15, -4.522846332894796539 ) ) ;
#9921 = ORIENTED_EDGE ( 'NONE', *, *, #3317, .F. ) ;
#9922 = ADVANCED_FACE ( 'NONE', ( #2543 ), #5109, .T. ) ;
#9923 = CARTESIAN_POINT ( 'NONE',  ( -25.04999999999997939, 13.30000000000000071, 12.24999999999999822 ) ) ;
#9924 = DIRECTION ( 'NONE',  ( 1.000000000000000000, 0.000000000000000000, 0.000000000000000000 ) ) ;
#9925 = EDGE_CURVE ( 'NONE', #4697, #8729, #4289, .T. ) ;
#9926 = ORIENTED_EDGE ( 'NONE', *, *, #1225, .F. ) ;
#9927 = CARTESIAN_POINT ( 'NONE',  ( 0.000000000000000000, 11.00000000000000178, -12.25000000000000178 ) ) ;
#9928 = DIRECTION ( 'NONE',  ( -0.000000000000000000, -0.000000000000000000, 1.000000000000000000 ) ) ;
#9929 = ORIENTED_EDGE ( 'NONE', *, *, #3483, .F. ) ;
#9930 = EDGE_CURVE ( 'NONE', #8138, #7698, #8284, .T. ) ;
#9931 = DIRECTION ( 'NONE',  ( 0.000000000000000000, 0.000000000000000000, -1.000000000000000000 ) ) ;
#9932 = CARTESIAN_POINT ( 'NONE',  ( 51.50000000000001421, 11.35000000000000142, 2.500000000000000000 ) ) ;
#9933 = CARTESIAN_POINT ( 'NONE',  ( -51.82563198490996115, 9.491884724233154103, 3.630658523920744951 ) ) ;
#9934 = FACE_OUTER_BOUND ( 'NONE', #3277, .T. ) ;
#9935 = CARTESIAN_POINT ( 'NONE',  ( 44.85000000000002984, 6.000000000000000000, 2.400000000000000799 ) ) ;
#9936 = CYLINDRICAL_SURFACE ( 'NONE', #5308, 9.000000000000012434 ) ;
#9937 = VECTOR ( 'NONE', #7898, 1000.000000000000000 ) ;
#9938 = EDGE_LOOP ( 'NONE', ( #7773, #7114, #4535, #7906 ) ) ;
#9939 = ORIENTED_EDGE ( 'NONE', *, *, #7713, .T. ) ;
#9940 = ADVANCED_FACE ( 'NONE', ( #9325 ), #4178, .T. ) ;
#9941 = EDGE_CURVE ( 'NONE', #6401, #4672, #4499, .T. ) ;
#9942 = DIRECTION ( 'NONE',  ( 0.000000000000000000, 0.000000000000000000, 1.000000000000000000 ) ) ;
#9943 = AXIS2_PLACEMENT_3D ( 'NONE', #1311, #7918, #6490 ) ;
#9944 = EDGE_LOOP ( 'NONE', ( #2566, #3502, #328, #472, #354 ) ) ;
#9945 = DIRECTION ( 'NONE',  ( 0.6427876096865406952, 0.000000000000000000, -0.7660444431189769032 ) ) ;
#9946 = CARTESIAN_POINT ( 'NONE',  ( -31.22777815357900622, 3.000000000000000000, -20.34067203111831290 ) ) ;
#9947 = ORIENTED_EDGE ( 'NONE', *, *, #10311, .T. ) ;
#9948 = DIRECTION ( 'NONE',  ( -1.000000000000000000, 0.000000000000000000, 0.000000000000000000 ) ) ;
#9949 = ORIENTED_EDGE ( 'NONE', *, *, #7972, .F. ) ;
#9950 = CARTESIAN_POINT ( 'NONE',  ( -24.04308044258723953, 13.30000000000000071, -14.75000000000000000 ) ) ;
#9951 = CARTESIAN_POINT ( 'NONE',  ( 1.050000000000021361, 15.10000000000000142, 13.35000000000015774 ) ) ;
#9952 = ORIENTED_EDGE ( 'NONE', *, *, #7264, .T. ) ;
#9953 = CIRCLE ( 'NONE', #6624, 1.000000000000000888 ) ;
#9954 = DIRECTION ( 'NONE',  ( 0.000000000000000000, 0.000000000000000000, 1.000000000000000000 ) ) ;
#9955 = ADVANCED_FACE ( 'NONE', ( #2755 ), #7884, .F. ) ;
#9957 = CARTESIAN_POINT ( 'NONE',  ( -35.26554871542300162, 0.2000000000000000111, 8.349999999999997868 ) ) ;
#9956 = CARTESIAN_POINT ( 'NONE',  ( -51.77340835089973581, 9.594609242404803950, -3.692296232791154598 ) ) ;
#9958 = CARTESIAN_POINT ( 'NONE',  ( -30.58999999999999275, 0.5000000000000004441, -3.064999999999999947 ) ) ;
#9959 = VERTEX_POINT ( 'NONE', #6197 ) ;
#9960 = DIRECTION ( 'NONE',  ( 0.000000000000000000, 0.000000000000000000, -1.000000000000000000 ) ) ;
#9961 = CARTESIAN_POINT ( 'NONE',  ( -30.28999999999999559, 0.5000000000000004441, 0.000000000000000000 ) ) ;
#9962 = CARTESIAN_POINT ( 'NONE',  ( -51.54999999999998295, 17.60000000000000142, 0.000000000000000000 ) ) ;
#9963 = LINE ( 'NONE', #68, #3915 ) ;
#9964 = LINE ( 'NONE', #3339, #1460 ) ;
#9965 = VECTOR ( 'NONE', #3229, 1000.000000000000000 ) ;
#9966 = ORIENTED_EDGE ( 'NONE', *, *, #9587, .F. ) ;
#9967 = ORIENTED_EDGE ( 'NONE', *, *, #618, .F. ) ;
#9968 = VERTEX_POINT ( 'NONE', #1279 ) ;
#9969 = CARTESIAN_POINT ( 'NONE',  ( -30.58999999999999631, 6.296018041280833089, -20.34067203111831290 ) ) ;
#9970 = EDGE_CURVE ( 'NONE', #3634, #9959, #5263, .T. ) ;
#9972 = CARTESIAN_POINT ( 'NONE',  ( 38.93469035668907452, 5.400000000000000355, 4.549999999999998934 ) ) ;
#9971 = DIRECTION ( 'NONE',  ( -0.000000000000000000, -1.000000000000000000, -0.000000000000000000 ) ) ;
#9973 = ORIENTED_EDGE ( 'NONE', *, *, #4774, .T. ) ;
#9974 = VERTEX_POINT ( 'NONE', #411 ) ;
#9975 = LINE ( 'NONE', #4412, #8080 ) ;
#9976 = DIRECTION ( 'NONE',  ( 1.000000000000000000, 0.000000000000000000, 0.000000000000000000 ) ) ;
#9977 = EDGE_LOOP ( 'NONE', ( #8340, #8821, #8553, #1069, #6585, #3822, #8657, #10148, #7306, #1751, #4652, #4591, #7437, #1946, #7076, #4702, #889, #121, #9574, #4092, #9554, #4914 ) ) ;
#9978 = DIRECTION ( 'NONE',  ( -0.000000000000000000, 1.000000000000000000, -0.000000000000000000 ) ) ;
#9979 = LINE ( 'NONE', #4998, #7396 ) ;
#9980 = ORIENTED_EDGE ( 'NONE', *, *, #164, .F. ) ;
#9981 = ADVANCED_FACE ( 'NONE', ( #6957 ), #2104, .F. ) ;
#9982 = ADVANCED_FACE ( 'NONE', ( #8601 ), #10260, .T. ) ;
#9983 = DIRECTION ( 'NONE',  ( -0.000000000000000000, 1.000000000000000000, -0.000000000000000000 ) ) ;
#9984 = LINE ( 'NONE', #7564, #8451 ) ;
#9985 = CARTESIAN_POINT ( 'NONE',  ( -51.81626415635184912, 9.212180025029452324, 3.963311410493576048 ) ) ;
#9986 = CARTESIAN_POINT ( 'NONE',  ( -51.79999999999998295, 8.400000000000000355, -2.924999999999996270 ) ) ;
#9987 = LINE ( 'NONE', #4293, #3868 ) ;
#9988 = CARTESIAN_POINT ( 'NONE',  ( -51.51381253676753857, 9.334687333697322842, 4.121974490813029135 ) ) ;
#9989 = EDGE_CURVE ( 'NONE', #2251, #2526, #1472, .T. ) ;
#9990 = AXIS2_PLACEMENT_3D ( 'NONE', #2716, #816, #7469 ) ;
#9991 =( BOUNDED_CURVE ( )  B_SPLINE_CURVE ( 3, ( #9598, #10588, #8660, #1172 ),
 .UNSPECIFIED., .F., .T. ) 
 B_SPLINE_CURVE_WITH_KNOTS ( ( 4, 4 ),
 ( 0.3762584341688287037, 1.570796326794896558 ),
 .UNSPECIFIED. ) 
 CURVE ( )  GEOMETRIC_REPRESENTATION_ITEM ( )  RATIONAL_B_SPLINE_CURVE ( ( 1.000000000000000000, 0.8845830693046154991, 0.8845830693046154991, 1.000000000000000000 ) ) 
 REPRESENTATION_ITEM ( '' )  );
#9992 = EDGE_LOOP ( 'NONE', ( #6594, #5749, #4755, #6566, #1765, #8709, #7116, #2992 ) ) ;
#9993 = CARTESIAN_POINT ( 'NONE',  ( 9.519658948938198861, 5.500000000000000000, 10.25000000000000178 ) ) ;
#9994 = ORIENTED_EDGE ( 'NONE', *, *, #9184, .F. ) ;
#9995 = DIRECTION ( 'NONE',  ( -1.000000000000000000, -1.506492794866855939E-14, 0.000000000000000000 ) ) ;
#9996 = LINE ( 'NONE', #7467, #4643 ) ;
#9997 = EDGE_LOOP ( 'NONE', ( #1321, #2317, #3904, #7581, #599, #10308, #266 ) ) ;
#9998 = CARTESIAN_POINT ( 'NONE',  ( -30.58999999999999275, 0.5000000000000004441, -3.615000000000000213 ) ) ;
#9999 = ORIENTED_EDGE ( 'NONE', *, *, #5528, .F. ) ;
#10000 = AXIS2_PLACEMENT_3D ( 'NONE', #5431, #6088, #8665 ) ;
#10001 = CIRCLE ( 'NONE', #6321, 0.2888330770816419091 ) ;
#10002 = DIRECTION ( 'NONE',  ( 0.000000000000000000, 1.000000000000000000, -0.000000000000000000 ) ) ;
#10003 = EDGE_CURVE ( 'NONE', #1944, #10425, #1222, .T. ) ;
#10004 = CARTESIAN_POINT ( 'NONE',  ( 51.50000000000001421, 9.849999999999999645, 2.499999999999999556 ) ) ;
#10005 = VERTEX_POINT ( 'NONE', #1119 ) ;
#10006 = VECTOR ( 'NONE', #3601, 1000.000000000000000 ) ;
#10007 = AXIS2_PLACEMENT_3D ( 'NONE', #10533, #1507, #4775 ) ;
#10008 = CARTESIAN_POINT ( 'NONE',  ( 3.550000000000022027, 13.30000000000000071, 13.45000000000015916 ) ) ;
#10010 = CARTESIAN_POINT ( 'NONE',  ( -51.99999998424966208, 7.115762273443435149, -3.229260862839343549 ) ) ;
#10009 = DIRECTION ( 'NONE',  ( 1.000000000000000000, 0.000000000000000000, 0.000000000000000000 ) ) ;
#10011 = PLANE ( 'NONE',  #9892 ) ;
#10012 = ORIENTED_EDGE ( 'NONE', *, *, #4815, .T. ) ;
#10013 = DIRECTION ( 'NONE',  ( -2.891205793294679017E-15, 0.000000000000000000, 1.000000000000000000 ) ) ;
#10014 = VECTOR ( 'NONE', #5175, 1000.000000000000000 ) ;
#10015 = EDGE_CURVE ( 'NONE', #3621, #5437, #4550, .T. ) ;
#10016 = DIRECTION ( 'NONE',  ( 1.000000000000000000, 0.000000000000000000, -6.883823317368282316E-17 ) ) ;
#10017 = LINE ( 'NONE', #4524, #2884 ) ;
#10018 = AXIS2_PLACEMENT_3D ( 'NONE', #3789, #3089, #5383 ) ;
#10019 = FACE_OUTER_BOUND ( 'NONE', #1989, .T. ) ;
#10020 = PLANE ( 'NONE',  #2493 ) ;
#10021 = ORIENTED_EDGE ( 'NONE', *, *, #6476, .T. ) ;
#10022 = EDGE_LOOP ( 'NONE', ( #6028, #10598, #1446, #5423 ) ) ;
#10023 = VECTOR ( 'NONE', #9556, 1000.000000000000000 ) ;
#10024 = ORIENTED_EDGE ( 'NONE', *, *, #6525, .F. ) ;
#10025 = CARTESIAN_POINT ( 'NONE',  ( -44.74999999999998579, 0.000000000000000000, 6.749999999999999112 ) ) ;
#10026 = AXIS2_PLACEMENT_3D ( 'NONE', #8054, #3233, #7430 ) ;
#10028 = CARTESIAN_POINT ( 'NONE',  ( -40.03434658500975019, 0.1071145293931473896, 2.787877755913764855 ) ) ;
#10027 = CARTESIAN_POINT ( 'NONE',  ( 52.30100000000003746, 8.400000000000000355, 2.924999999999956302 ) ) ;
#10029 = VECTOR ( 'NONE', #10059, 1000.000000000000000 ) ;
#10030 = ORIENTED_EDGE ( 'NONE', *, *, #282, .T. ) ;
#10031 = ORIENTED_EDGE ( 'NONE', *, *, #6268, .F. ) ;
#10032 = CARTESIAN_POINT ( 'NONE',  ( -49.79999999999998295, 16.60000000000000142, 9.499999999999998224 ) ) ;
#10033 = ORIENTED_EDGE ( 'NONE', *, *, #4190, .T. ) ;
#10034 = DIRECTION ( 'NONE',  ( -9.856182124392322263E-16, 0.000000000000000000, -1.000000000000000000 ) ) ;
#10035 = CARTESIAN_POINT ( 'NONE',  ( 38.22508438243879425, 3.849764745270793463E-15, 2.707147389567614137 ) ) ;
#10036 = EDGE_CURVE ( 'NONE', #7864, #7925, #7908, .T. ) ;
#10037 = VERTEX_POINT ( 'NONE', #2974 ) ;
#10038 = EDGE_CURVE ( 'NONE', #7490, #5938, #776, .T. ) ;
#10039 = AXIS2_PLACEMENT_3D ( 'NONE', #9057, #1624, #8295 ) ;
#10040 = VECTOR ( 'NONE', #8283, 1000.000000000000000 ) ;
#10041 = CARTESIAN_POINT ( 'NONE',  ( -30.58999999999999275, 0.5000000000000004441, -3.064999999999999947 ) ) ;
#10042 = DIRECTION ( 'NONE',  ( 0.000000000000000000, 0.000000000000000000, 1.000000000000000000 ) ) ;
#10043 = FACE_OUTER_BOUND ( 'NONE', #116, .T. ) ;
#10044 = DIRECTION ( 'NONE',  ( 1.692413147294445970E-16, 0.000000000000000000, 1.000000000000000000 ) ) ;
#10045 = AXIS2_PLACEMENT_3D ( 'NONE', #670, #6611, #7535 ) ;
#10046 = ADVANCED_FACE ( 'NONE', ( #5488 ), #6086, .F. ) ;
#10047 = DIRECTION ( 'NONE',  ( 1.000000000000000000, 0.000000000000000000, 0.000000000000000000 ) ) ;
#10048 = DIRECTION ( 'NONE',  ( 0.000000000000000000, 0.000000000000000000, 1.000000000000000000 ) ) ;
#10049 = EDGE_CURVE ( 'NONE', #6781, #9968, #9431, .T. ) ;
#10050 = VECTOR ( 'NONE', #4759, 1000.000000000000000 ) ;
#10051 = ORIENTED_EDGE ( 'NONE', *, *, #9227, .T. ) ;
#10052 = CARTESIAN_POINT ( 'NONE',  ( -31.22777815357900622, 3.000000000000000000, -20.34067203111831290 ) ) ;
#10053 = ORIENTED_EDGE ( 'NONE', *, *, #6590, .T. ) ;
#10054 = CARTESIAN_POINT ( 'NONE',  ( 26.23856210340542816, 0.000000000000000000, -5.329957559004393275 ) ) ;
#10055 = CARTESIAN_POINT ( 'NONE',  ( -34.34233853611036835, 0.1265113557324328841, 2.778990808926776523 ) ) ;
#10056 = EDGE_LOOP ( 'NONE', ( #9519, #6230, #1564, #2945 ) ) ;
#10057 = DIRECTION ( 'NONE',  ( -1.000000000000000000, -0.000000000000000000, -0.000000000000000000 ) ) ;
#10058 = VERTEX_POINT ( 'NONE', #520 ) ;
#10059 = DIRECTION ( 'NONE',  ( 1.000000000000000000, 0.000000000000000000, 1.843489347478009811E-17 ) ) ;
#10060 = AXIS2_PLACEMENT_3D ( 'NONE', #8742, #7867, #5462 ) ;
#10061 = DIRECTION ( 'NONE',  ( 0.000000000000000000, 1.000000000000000000, -0.000000000000000000 ) ) ;
#10062 =( BOUNDED_CURVE ( )  B_SPLINE_CURVE ( 3, ( #7899, #3686, #3744, #5278 ),
 .UNSPECIFIED., .F., .T. ) 
 B_SPLINE_CURVE_WITH_KNOTS ( ( 4, 4 ),
 ( 3.624580542955738505, 4.712388980384689674 ),
 .UNSPECIFIED. ) 
 CURVE ( )  GEOMETRIC_REPRESENTATION_ITEM ( )  RATIONAL_B_SPLINE_CURVE ( ( 1.000000000000000000, 0.9037965667448141227, 0.9037965667448141227, 1.000000000000000000 ) ) 
 REPRESENTATION_ITEM ( '' )  );
#10063 = B_SPLINE_CURVE_WITH_KNOTS ( 'NONE', 3,
 ( #2437, #5553, #4012, #6427, #2284, #1571, #3255, #7245 ),
 .UNSPECIFIED., .F., .F.,
 ( 4, 2, 2, 4 ),
 ( -3.466145320677813356E-06, 0.0002882777914485969584, 0.0004341497598332360371, 0.0005800217282178751158 ),
 .UNSPECIFIED. ) ;
#10064 = ORIENTED_EDGE ( 'NONE', *, *, #7486, .F. ) ;
#10065 = ORIENTED_EDGE ( 'NONE', *, *, #9970, .F. ) ;
#10066 = VECTOR ( 'NONE', #10625, 1000.000000000000000 ) ;
#10067 = EDGE_CURVE ( 'NONE', #3793, #3063, #5327, .T. ) ;
#10068 = DIRECTION ( 'NONE',  ( -1.020425574104004196E-15, -0.000000000000000000, 1.000000000000000000 ) ) ;
#10069 = B_SPLINE_CURVE_WITH_KNOTS ( 'NONE', 3,
 ( #8105, #10629, #7370, #4042, #3128, #2145, #2311, #8982 ),
 .UNSPECIFIED., .F., .F.,
 ( 4, 2, 2, 4 ),
 ( -3.466145320680728843E-06, 0.0002882777914486056863, 0.0004341497598332403197, 0.0005800217282178748990 ),
 .UNSPECIFIED. ) ;
#10070 = DIRECTION ( 'NONE',  ( 1.000000000000000000, 0.000000000000000000, 0.000000000000000000 ) ) ;
#10071 = CARTESIAN_POINT ( 'NONE',  ( 52.30000000000001137, 3.000000000000000000, -9.500000000000001776 ) ) ;
#10072 = ORIENTED_EDGE ( 'NONE', *, *, #8687, .F. ) ;
#10073 = CARTESIAN_POINT ( 'NONE',  ( -39.98506879479626974, 0.1999999999999996503, -8.850000000000061817 ) ) ;
#10074 = LINE ( 'NONE', #1563, #4062 ) ;
#10075 = DIRECTION ( 'NONE',  ( 1.000000000000000000, 0.000000000000000000, -6.883823317368282316E-17 ) ) ;
#10076 = LINE ( 'NONE', #8423, #2373 ) ;
#10077 = VECTOR ( 'NONE', #9180, 1000.000000000000000 ) ;
#10078 = FACE_OUTER_BOUND ( 'NONE', #1458, .T. ) ;
#10079 = CARTESIAN_POINT ( 'NONE',  ( 0.000000000000000000, 11.00000000000000178, 12.25000000000000000 ) ) ;
#10080 = ORIENTED_EDGE ( 'NONE', *, *, #3961, .T. ) ;
#10081 = ORIENTED_EDGE ( 'NONE', *, *, #2113, .T. ) ;
#10082 = ORIENTED_EDGE ( 'NONE', *, *, #3080, .F. ) ;
#10083 = EDGE_CURVE ( 'NONE', #3145, #2958, #1173, .T. ) ;
#10084 = CARTESIAN_POINT ( 'NONE',  ( -51.79999999999999005, 9.875309376387384930, -3.137817860687470706 ) ) ;
#10085 = EDGE_CURVE ( 'NONE', #10797, #790, #9599, .T. ) ;
#10087 = CARTESIAN_POINT ( 'NONE',  ( -1.549999999999978506, 15.10000000000000142, -12.35000000000015774 ) ) ;
#10086 = DIRECTION ( 'NONE',  ( 0.000000000000000000, 0.000000000000000000, 1.000000000000000000 ) ) ;
#10088 = ORIENTED_EDGE ( 'NONE', *, *, #9989, .T. ) ;
#10089 = VECTOR ( 'NONE', #4946, 1000.000000000000000 ) ;
#10090 = ORIENTED_EDGE ( 'NONE', *, *, #4891, .T. ) ;
#10091 = FACE_OUTER_BOUND ( 'NONE', #9114, .T. ) ;
#10092 = ORIENTED_EDGE ( 'NONE', *, *, #9901, .F. ) ;
#10093 = DIRECTION ( 'NONE',  ( 0.000000000000000000, 1.000000000000000000, -0.000000000000000000 ) ) ;
#10094 = CARTESIAN_POINT ( 'NONE',  ( 52.30000000000001137, 9.000000000000001776, -1.910021848286043218E-14 ) ) ;
#10095 = VERTEX_POINT ( 'NONE', #3837 ) ;
#10096 = ORIENTED_EDGE ( 'NONE', *, *, #8273, .F. ) ;
#10097 = VECTOR ( 'NONE', #3133, 1000.000000000000000 ) ;
#10098 = DIRECTION ( 'NONE',  ( 0.000000000000000000, 0.000000000000000000, 1.000000000000000000 ) ) ;
#10099 = DIRECTION ( 'NONE',  ( -1.000000000000000000, 0.000000000000000000, 5.782411586589351722E-16 ) ) ;
#10101 = EDGE_CURVE ( 'NONE', #2401, #6817, #1813, .T. ) ;
#10100 = CARTESIAN_POINT ( 'NONE',  ( -51.88850472028421734, 8.186323968063900836, 4.211750111036860034 ) ) ;
#10102 = EDGE_CURVE ( 'NONE', #5697, #3975, #6511, .T. ) ;
#10103 = CARTESIAN_POINT ( 'NONE',  ( 52.30100000000003746, 7.099999999999998757, -2.925000000000042899 ) ) ;
#10104 = CARTESIAN_POINT ( 'NONE',  ( -51.66892880171316449, 7.449781784289763564, 4.114102427807178053 ) ) ;
#10105 = CARTESIAN_POINT ( 'NONE',  ( -24.04308044258723953, 13.30000000000000071, 14.75000000000000000 ) ) ;
#10106 = AXIS2_PLACEMENT_3D ( 'NONE', #6997, #5314, #10417 ) ;
#10107 = ORIENTED_EDGE ( 'NONE', *, *, #7264, .F. ) ;
#10108 = AXIS2_PLACEMENT_3D ( 'NONE', #7426, #4150, #8153 ) ;
#10109 = CARTESIAN_POINT ( 'NONE',  ( 44.80000000000001847, 6.000000000000000000, -12.25000000000000000 ) ) ;
#10110 = ORIENTED_EDGE ( 'NONE', *, *, #3839, .T. ) ;
#10111 = DIRECTION ( 'NONE',  ( 0.000000000000000000, 0.000000000000000000, 1.000000000000000000 ) ) ;
#10112 = EDGE_CURVE ( 'NONE', #1165, #320, #7483, .T. ) ;
#10113 = DIRECTION ( 'NONE',  ( 0.000000000000000000, 0.000000000000000000, 1.000000000000000000 ) ) ;
#10114 = VERTEX_POINT ( 'NONE', #10532 ) ;
#10115 = CARTESIAN_POINT ( 'NONE',  ( -44.74999999999998579, 3.000000000000000000, -11.75000000000000355 ) ) ;
#10116 = ORIENTED_EDGE ( 'NONE', *, *, #8880, .T. ) ;
#10117 = VECTOR ( 'NONE', #3147, 1000.000000000000000 ) ;
#10118 = CARTESIAN_POINT ( 'NONE',  ( 30.94999999999998508, 0.000000000000000000, -11.63910652323464134 ) ) ;
#10119 = ORIENTED_EDGE ( 'NONE', *, *, #5511, .T. ) ;
#10120 = ORIENTED_EDGE ( 'NONE', *, *, #2688, .F. ) ;
#10121 = EDGE_CURVE ( 'NONE', #812, #5219, #4101, .T. ) ;
#10122 = VERTEX_POINT ( 'NONE', #9135 ) ;
#10123 = DIRECTION ( 'NONE',  ( -1.000000000000000000, -1.758281308145593320E-15, -1.125300037213179796E-15 ) ) ;
#10124 = PLANE ( 'NONE',  #137 ) ;
#10125 = EDGE_CURVE ( 'NONE', #5384, #4217, #3203, .T. ) ;
#10126 = DIRECTION ( 'NONE',  ( -0.000000000000000000, -1.000000000000000000, 0.000000000000000000 ) ) ;
#10127 = ORIENTED_EDGE ( 'NONE', *, *, #7263, .F. ) ;
#10128 = DIRECTION ( 'NONE',  ( 0.000000000000000000, 0.000000000000000000, 1.000000000000000000 ) ) ;
#10129 =( BOUNDED_CURVE ( )  B_SPLINE_CURVE ( 3, ( #8174, #6737, #3303, #4121 ),
 .UNSPECIFIED., .F., .T. ) 
 B_SPLINE_CURVE_WITH_KNOTS ( ( 4, 4 ),
 ( 4.712388980384688786, 5.906926873010759138 ),
 .UNSPECIFIED. ) 
 CURVE ( )  GEOMETRIC_REPRESENTATION_ITEM ( )  RATIONAL_B_SPLINE_CURVE ( ( 1.000000000000000000, 0.8845830693046150550, 0.8845830693046150550, 1.000000000000000000 ) ) 
 REPRESENTATION_ITEM ( '' )  );
#10130 = DIRECTION ( 'NONE',  ( -1.030528797609984342E-16, 0.000000000000000000, -1.000000000000000000 ) ) ;
#10131 = DIRECTION ( 'NONE',  ( 0.000000000000000000, 0.000000000000000000, -1.000000000000000000 ) ) ;
#10132 = CARTESIAN_POINT ( 'NONE',  ( 29.74999999999998579, -0.0009999999999999158867, -11.31869555732605193 ) ) ;
#10133 = CARTESIAN_POINT ( 'NONE',  ( 1.760486695917055871E-15, 0.5000000000000004441, 10.24999999999999467 ) ) ;
#10134 = EDGE_CURVE ( 'NONE', #3438, #8788, #627, .T. ) ;
#10135 = ORIENTED_EDGE ( 'NONE', *, *, #4580, .F. ) ;
#10136 = ORIENTED_EDGE ( 'NONE', *, *, #6174, .T. ) ;
#10137 = ORIENTED_EDGE ( 'NONE', *, *, #3110, .T. ) ;
#10138 = DIRECTION ( 'NONE',  ( 0.000000000000000000, 1.000000000000000000, 0.000000000000000000 ) ) ;
#10140 = CARTESIAN_POINT ( 'NONE',  ( 30.50000000000001066, 0.2999999999999999889, -2.350000000000004974 ) ) ;
#10139 = CARTESIAN_POINT ( 'NONE',  ( 6.832420150553302207, 0.2999999999999999889, 11.83409883941570939 ) ) ;
#10141 = ORIENTED_EDGE ( 'NONE', *, *, #2094, .T. ) ;
#10142 = VECTOR ( 'NONE', #8933, 1000.000000000000000 ) ;
#10143 = CYLINDRICAL_SURFACE ( 'NONE', #4760, 0.8500000000000069722 ) ;
#10144 = DIRECTION ( 'NONE',  ( 0.000000000000000000, 0.000000000000000000, -1.000000000000000000 ) ) ;
#10145 = CARTESIAN_POINT ( 'NONE',  ( -19.54999999999997584, 13.30000000000000071, -12.24999999999999822 ) ) ;
#10146 = EDGE_CURVE ( 'NONE', #7864, #6444, #3382, .T. ) ;
#10147 = EDGE_LOOP ( 'NONE', ( #9585, #1805, #8836, #7983 ) ) ;
#10148 = ORIENTED_EDGE ( 'NONE', *, *, #948, .T. ) ;
#10149 = ORIENTED_EDGE ( 'NONE', *, *, #1391, .T. ) ;
#10150 = LINE ( 'NONE', #4443, #6283 ) ;
#10151 = DIRECTION ( 'NONE',  ( 0.000000000000000000, 1.000000000000000000, -0.000000000000000000 ) ) ;
#10152 = FACE_OUTER_BOUND ( 'NONE', #4660, .T. ) ;
#10153 = CARTESIAN_POINT ( 'NONE',  ( 30.50000000000001066, 0.5000000000000000000, -2.350000000000004974 ) ) ;
#10154 = CARTESIAN_POINT ( 'NONE',  ( -51.75488103182016886, 8.871554330847406078, 4.203493146152882609 ) ) ;
#10155 = CARTESIAN_POINT ( 'NONE',  ( 47.04999999999999716, 8.000000000000000000, -9.500000000000000000 ) ) ;
#10156 = EDGE_CURVE ( 'NONE', #5804, #5911, #10724, .T. ) ;
#10157 = ORIENTED_EDGE ( 'NONE', *, *, #7140, .F. ) ;
#10158 = CARTESIAN_POINT ( 'NONE',  ( -34.34233853611036835, 0.1265113557324328841, 2.778990808926776523 ) ) ;
#10159 = ORIENTED_EDGE ( 'NONE', *, *, #6833, .F. ) ;
#10160 = CARTESIAN_POINT ( 'NONE',  ( -51.79999999999998295, 6.800000000000000711, 2.449999999999999289 ) ) ;
#10161 = DIRECTION ( 'NONE',  ( -0.7660444431189769032, 0.000000000000000000, -0.6427876096865406952 ) ) ;
#10162 = CARTESIAN_POINT ( 'NONE',  ( -40.03434658500975019, 0.1071145293931473896, 2.787877755913764855 ) ) ;
#10163 = CARTESIAN_POINT ( 'NONE',  ( -47.04999999999999716, 3.000000000000000000, 8.649999999999993250 ) ) ;
#10164 = AXIS2_PLACEMENT_3D ( 'NONE', #3589, #483, #1135 ) ;
#10165 = EDGE_CURVE ( 'NONE', #7004, #228, #4949, .T. ) ;
#10166 = ORIENTED_EDGE ( 'NONE', *, *, #258, .F. ) ;
#10167 = EDGE_CURVE ( 'NONE', #5061, #2446, #569, .T. ) ;
#10168 = ORIENTED_EDGE ( 'NONE', *, *, #7559, .F. ) ;
#10169 = DIRECTION ( 'NONE',  ( 0.000000000000000000, 0.000000000000000000, -1.000000000000000000 ) ) ;
#10170 = DIRECTION ( 'NONE',  ( -1.000000000000000000, 0.000000000000000000, 1.692413147294446216E-16 ) ) ;
#10171 = AXIS2_PLACEMENT_3D ( 'NONE', #8057, #5490, #7123 ) ;
#10172 = ORIENTED_EDGE ( 'NONE', *, *, #10125, .F. ) ;
#10173 = AXIS2_PLACEMENT_3D ( 'NONE', #743, #4070, #7400 ) ;
#10174 = DIRECTION ( 'NONE',  ( 1.000000000000000000, 0.000000000000000000, -2.065146995210484695E-16 ) ) ;
#10175 = ORIENTED_EDGE ( 'NONE', *, *, #7685, .T. ) ;
#10176 = DIRECTION ( 'NONE',  ( -0.000000000000000000, 1.000000000000000000, -0.000000000000000000 ) ) ;
#10177 = ADVANCED_FACE ( 'NONE', ( #9079, #2573 ), #10787, .T. ) ;
#10178 = LINE ( 'NONE', #4361, #580 ) ;
#10179 = CARTESIAN_POINT ( 'NONE',  ( -51.79999999999998295, 9.900000000000000355, 2.924999999999995381 ) ) ;
#10180 = DIRECTION ( 'NONE',  ( 0.000000000000000000, 1.000000000000000000, 0.000000000000000000 ) ) ;
#10181 = VERTEX_POINT ( 'NONE', #5901 ) ;
#10182 = ADVANCED_FACE ( 'NONE', ( #5790 ), #9246, .F. ) ;
#10183 = VECTOR ( 'NONE', #8538, 1000.000000000000000 ) ;
#10184 = ORIENTED_EDGE ( 'NONE', *, *, #1622, .T. ) ;
#10185 = EDGE_LOOP ( 'NONE', ( #3264, #5159, #8253, #4716, #9319, #10080, #2457, #6717, #5158, #8486, #1540, #1382 ) ) ;
#10186 = CARTESIAN_POINT ( 'NONE',  ( 29.75000000000001776, 0.5000000000000000000, -5.864428364013436687E-14 ) ) ;
#10188 = DIRECTION ( 'NONE',  ( -0.000000000000000000, -0.000000000000000000, 1.000000000000000000 ) ) ;
#10187 = LINE ( 'NONE', #233, #6598 ) ;
#10189 = ORIENTED_EDGE ( 'NONE', *, *, #5210, .T. ) ;
#10190 = VECTOR ( 'NONE', #4523, 1000.000000000000000 ) ;
#10191 = AXIS2_PLACEMENT_3D ( 'NONE', #3437, #1850, #6760 ) ;
#10192 = CARTESIAN_POINT ( 'NONE',  ( -51.95568058483289775, 9.484780085661542515, -3.641416195903006248 ) ) ;
#10193 = ORIENTED_EDGE ( 'NONE', *, *, #2413, .F. ) ;
#10194 = CARTESIAN_POINT ( 'NONE',  ( 29.74999999999998579, 0.5000000000000000000, -7.798623679425844557 ) ) ;
#10195 = LINE ( 'NONE', #10094, #7571 ) ;
#10196 = ORIENTED_EDGE ( 'NONE', *, *, #8678, .F. ) ;
#10197 = ORIENTED_EDGE ( 'NONE', *, *, #2254, .F. ) ;
#10198 = CIRCLE ( 'NONE', #7558, 0.2888330770816419091 ) ;
#10199 = ORIENTED_EDGE ( 'NONE', *, *, #5692, .F. ) ;
#10200 = VECTOR ( 'NONE', #9597, 1000.000000000000114 ) ;
#10201 = VECTOR ( 'NONE', #6441, 1000.000000000000000 ) ;
#10202 = CARTESIAN_POINT ( 'NONE',  ( 37.00000000000001421, 5.400000000000000355, 6.484690356689041479 ) ) ;
#10203 = CARTESIAN_POINT ( 'NONE',  ( 0.000000000000000000, 0.5000000000000004441, -2.765000000000000124 ) ) ;
#10204 = ADVANCED_FACE ( 'NONE', ( #4203 ), #1757, .F. ) ;
#10205 = CARTESIAN_POINT ( 'NONE',  ( -51.49999999999998579, 8.400000000000000355, -2.449999999999999734 ) ) ;
#10206 = CARTESIAN_POINT ( 'NONE',  ( -30.28999999999999204, 6.228403500117609681, 9.226552194490951209 ) ) ;
#10207 = CARTESIAN_POINT ( 'NONE',  ( 25.40635347795580401, 0.2999999999999999889, -0.2752072131253970877 ) ) ;
#10208 = CIRCLE ( 'NONE', #7569, 3.000000000000002665 ) ;
#10209 = AXIS2_PLACEMENT_3D ( 'NONE', #4184, #6584, #805 ) ;
#10210 = VERTEX_POINT ( 'NONE', #5541 ) ;
#10211 = DIRECTION ( 'NONE',  ( 1.000000000000000000, -0.000000000000000000, -0.000000000000000000 ) ) ;
#10212 = AXIS2_PLACEMENT_3D ( 'NONE', #9317, #1829, #1674 ) ;
#10213 = ORIENTED_EDGE ( 'NONE', *, *, #16, .T. ) ;
#10214 = AXIS2_PLACEMENT_3D ( 'NONE', #1054, #9421, #10144 ) ;
#10215 = CARTESIAN_POINT ( 'NONE',  ( 9.017579849446690332, 0.5000000000000000000, -15.61890646055099907 ) ) ;
#10216 = ORIENTED_EDGE ( 'NONE', *, *, #5689, .T. ) ;
#10217 = CARTESIAN_POINT ( 'NONE',  ( -44.74999999999998579, 17.60000000000000142, 6.749999999999999112 ) ) ;
#10218 = ADVANCED_FACE ( 'NONE', ( #8882 ), #1397, .T. ) ;
#10219 = LINE ( 'NONE', #9502, #7618 ) ;
#10220 = DIRECTION ( 'NONE',  ( 0.000000000000000000, 0.000000000000000000, 1.000000000000000000 ) ) ;
#10221 = DIRECTION ( 'NONE',  ( 0.000000000000000000, 0.000000000000000000, 1.000000000000000000 ) ) ;
#10222 = VECTOR ( 'NONE', #5745, 1000.000000000000000 ) ;
#10223 = EDGE_LOOP ( 'NONE', ( #6038, #2001, #3928, #6346 ) ) ;
#10224 = ORIENTED_EDGE ( 'NONE', *, *, #7139, .F. ) ;
#10225 = CARTESIAN_POINT ( 'NONE',  ( 34.76143789659456473, 0.000000000000000000, -5.329957559004435019 ) ) ;
#10226 = LINE ( 'NONE', #5078, #1328 ) ;
#10227 = ORIENTED_EDGE ( 'NONE', *, *, #662, .T. ) ;
#10228 = AXIS2_PLACEMENT_3D ( 'NONE', #1870, #8531, #3555 ) ;
#10229 = DIRECTION ( 'NONE',  ( 0.000000000000000000, 0.000000000000000000, 1.000000000000000000 ) ) ;
#10230 = EDGE_CURVE ( 'NONE', #1002, #9751, #2509, .T. ) ;
#10231 = EDGE_CURVE ( 'NONE', #10095, #2793, #8320, .T. ) ;
#10232 = CARTESIAN_POINT ( 'NONE',  ( -19.54999999999997584, 13.30000000000000071, 0.000000000000000000 ) ) ;
#10233 = CARTESIAN_POINT ( 'NONE',  ( -51.96872069990383380, 9.547606358319653097, -3.546286172565159767 ) ) ;
#10234 = DIRECTION ( 'NONE',  ( -0.4999999999999995004, 0.000000000000000000, 0.8660254037844390407 ) ) ;
#10235 = LINE ( 'NONE', #5456, #5909 ) ;
#10236 = CIRCLE ( 'NONE', #5508, 0.1999999999999998168 ) ;
#10237 = VERTEX_POINT ( 'NONE', #9294 ) ;
#10238 = AXIS2_PLACEMENT_3D ( 'NONE', #4033, #2408, #5737 ) ;
#10239 = EDGE_LOOP ( 'NONE', ( #7672, #6614, #4999, #9688, #1232 ) ) ;
#10240 = EDGE_CURVE ( 'NONE', #8595, #708, #7220, .T. ) ;
#10241 = FACE_OUTER_BOUND ( 'NONE', #5310, .T. ) ;
#10242 = CARTESIAN_POINT ( 'NONE',  ( -51.49999999999998579, 8.400000000000000355, -2.449999999999999734 ) ) ;
#10243 = ORIENTED_EDGE ( 'NONE', *, *, #2975, .F. ) ;
#10244 = ORIENTED_EDGE ( 'NONE', *, *, #9499, .F. ) ;
#10245 = ADVANCED_FACE ( 'NONE', ( #1806 ), #8617, .T. ) ;
#10246 = VECTOR ( 'NONE', #2768, 1000.000000000000000 ) ;
#10247 = ORIENTED_EDGE ( 'NONE', *, *, #6064, .T. ) ;
#10248 = CARTESIAN_POINT ( 'NONE',  ( -40.21146882909597764, 0.000000000000000000, 8.549999999999998934 ) ) ;
#10249 = APPLICATION_CONTEXT ( 'automotive_design' ) ;
#10250 = CARTESIAN_POINT ( 'NONE',  ( -46.74749843554379680, 15.10000000000000142, 13.25000000000000178 ) ) ;
#10251 = DIRECTION ( 'NONE',  ( 0.000000000000000000, 1.000000000000000000, -0.000000000000000000 ) ) ;
#10252 = CARTESIAN_POINT ( 'NONE',  ( -51.81934719375986020, 7.421460243077433461, -3.805951680775199630 ) ) ;
#10253 = EDGE_LOOP ( 'NONE', ( #6117, #3660, #10092, #942 ) ) ;
#10254 = ORIENTED_EDGE ( 'NONE', *, *, #5430, .T. ) ;
#10255 = EDGE_LOOP ( 'NONE', ( #9065, #2580, #6097, #6949 ) ) ;
#10256 = ORIENTED_EDGE ( 'NONE', *, *, #9218, .F. ) ;
#10257 = ADVANCED_FACE ( 'NONE', ( #933 ), #2622, .F. ) ;
#10258 = AXIS2_PLACEMENT_3D ( 'NONE', #2460, #8039, #5631 ) ;
#10259 = CARTESIAN_POINT ( 'NONE',  ( -47.04999999999998295, 15.10000000000000142, 9.499999999999998224 ) ) ;
#10260 = PLANE ( 'NONE',  #5480 ) ;
#10261 = CARTESIAN_POINT ( 'NONE',  ( -51.75456437409586385, 8.176029122854570730, 4.262457020310733924 ) ) ;
#10262 = CARTESIAN_POINT ( 'NONE',  ( -40.21146882909597764, 0.000000000000000000, 8.549999999999998934 ) ) ;
#10263 = EDGE_CURVE ( 'NONE', #2197, #6173, #4665, .T. ) ;
#10264 = CARTESIAN_POINT ( 'NONE',  ( 25.78856210340545019, 0.000000000000000000, -0.1494653044015730736 ) ) ;
#10265 = ORIENTED_EDGE ( 'NONE', *, *, #7081, .T. ) ;
#10266 = DIRECTION ( 'NONE',  ( -0.000000000000000000, 0.000000000000000000, 1.000000000000000000 ) ) ;
#10267 = FACE_OUTER_BOUND ( 'NONE', #313, .T. ) ;
#10268 = CIRCLE ( 'NONE', #8342, 2.000000000000000888 ) ;
#10269 = EDGE_CURVE ( 'NONE', #1314, #7820, #5646, .T. ) ;
#10270 = ORIENTED_EDGE ( 'NONE', *, *, #8640, .F. ) ;
#10271 = DIRECTION ( 'NONE',  ( 0.8660254037844387076, -0.000000000000000000, -0.4999999999999997224 ) ) ;
#10272 = ORIENTED_EDGE ( 'NONE', *, *, #7853, .T. ) ;
#10273 = CARTESIAN_POINT ( 'NONE',  ( -34.31252571724582623, 0.2000000000000011768, -8.850000000000056488 ) ) ;
#10274 = CARTESIAN_POINT ( 'NONE',  ( 52.30000000000001137, 8.000000000000000000, -9.500000000000001776 ) ) ;
#10275 = CARTESIAN_POINT ( 'NONE',  ( -19.54999999999997584, 11.00000000000000178, -12.24999999999999822 ) ) ;
#10276 = DIRECTION ( 'NONE',  ( 0.000000000000000000, 1.000000000000000000, -0.000000000000000000 ) ) ;
#10277 = EDGE_CURVE ( 'NONE', #2727, #4496, #3134, .T. ) ;
#10278 = EDGE_CURVE ( 'NONE', #6078, #9245, #419, .T. ) ;
#10279 = ORIENTED_EDGE ( 'NONE', *, *, #2880, .T. ) ;
#10280 = DIRECTION ( 'NONE',  ( -1.000000000000000000, -0.000000000000000000, -0.000000000000000000 ) ) ;
#10281 = LINE ( 'NONE', #4636, #2717 ) ;
#10282 = EDGE_LOOP ( 'NONE', ( #2849, #1269, #4933, #7182, #6764 ) ) ;
#10283 = DIRECTION ( 'NONE',  ( -8.673617379884087537E-15, 0.000000000000000000, -1.000000000000000000 ) ) ;
#10284 = AXIS2_PLACEMENT_3D ( 'NONE', #6783, #5197, #1975 ) ;
#10285 = ORIENTED_EDGE ( 'NONE', *, *, #8944, .F. ) ;
#10286 = CARTESIAN_POINT ( 'NONE',  ( 44.85000000000002984, 8.000000000000000000, -2.400000000000000799 ) ) ;
#10287 = DIRECTION ( 'NONE',  ( 0.000000000000000000, 0.6931369447486354085, -0.7208059210526277516 ) ) ;
#10288 = CARTESIAN_POINT ( 'NONE',  ( 20.21000000000001151, 8.000000000000000000, 8.349999999999997868 ) ) ;
#10289 = CARTESIAN_POINT ( 'NONE',  ( 51.50000000000001421, 11.35000000000000142, -2.500000000000000000 ) ) ;
#10290 = VERTEX_POINT ( 'NONE', #7171 ) ;
#10291 = EDGE_LOOP ( 'NONE', ( #6645, #10639, #1955, #10172, #1218, #2070 ) ) ;
#10292 = ADVANCED_FACE ( 'NONE', ( #2319 ), #8991, .T. ) ;
#10293 = ORIENTED_EDGE ( 'NONE', *, *, #1407, .T. ) ;
#10294 = FACE_OUTER_BOUND ( 'NONE', #7054, .T. ) ;
#10296 = DIRECTION ( 'NONE',  ( 0.000000000000000000, 0.000000000000000000, -1.000000000000000000 ) ) ;
#10295 = DIRECTION ( 'NONE',  ( 0.000000000000000000, 1.000000000000000000, -0.000000000000000000 ) ) ;
#10297 = EDGE_LOOP ( 'NONE', ( #1978, #2651, #2498, #2723 ) ) ;
#10298 = CIRCLE ( 'NONE', #8016, 4.450000000000002842 ) ;
#10299 = ORIENTED_EDGE ( 'NONE', *, *, #7002, .T. ) ;
#10300 = EDGE_LOOP ( 'NONE', ( #3995, #1048, #6942, #276 ) ) ;
#10301 = CARTESIAN_POINT ( 'NONE',  ( -34.31252571724582623, 0.2000000000000016209, 8.349999999999997868 ) ) ;
#10302 = DIRECTION ( 'NONE',  ( 0.000000000000000000, 1.000000000000000000, -0.000000000000000000 ) ) ;
#10303 = ORIENTED_EDGE ( 'NONE', *, *, #8339, .F. ) ;
#10304 = CARTESIAN_POINT ( 'NONE',  ( -47.04999999999998295, 15.10000000000000142, -9.500000000000001776 ) ) ;
#10305 = CARTESIAN_POINT ( 'NONE',  ( -51.88850938628280574, 8.185880689601571447, -4.211707670827557592 ) ) ;
#10306 = ORIENTED_EDGE ( 'NONE', *, *, #7615, .F. ) ;
#10307 = ORIENTED_EDGE ( 'NONE', *, *, #4107, .F. ) ;
#10308 = ORIENTED_EDGE ( 'NONE', *, *, #4861, .T. ) ;
#10309 = ORIENTED_EDGE ( 'NONE', *, *, #4860, .T. ) ;
#10310 = B_SPLINE_CURVE_WITH_KNOTS ( 'NONE', 3,
 ( #4883, #4116, #5186, #7444, #4359, #10803 ),
 .UNSPECIFIED., .F., .F.,
 ( 4, 2, 4 ),
 ( 0.000000000000000000, 0.0003762168376258215319, 0.0007524336752516430638 ),
 .UNSPECIFIED. ) ;
#10311 = EDGE_CURVE ( 'NONE', #718, #10531, #3084, .T. ) ;
#10312 = ADVANCED_FACE ( 'NONE', ( #5593 ), #1504, .T. ) ;
#10313 = DIRECTION ( 'NONE',  ( -0.000000000000000000, 0.000000000000000000, 1.000000000000000000 ) ) ;
#10314 = CIRCLE ( 'NONE', #9260, 2.750000000000002665 ) ;
#10315 = DIRECTION ( 'NONE',  ( 0.5000000000001251221, 0.000000000000000000, -0.8660254037843665431 ) ) ;
#10316 = CARTESIAN_POINT ( 'NONE',  ( -31.51661123066064363, 3.000000000000000000, -20.34067203111831290 ) ) ;
#10317 = CARTESIAN_POINT ( 'NONE',  ( -19.54999999999997584, 15.10000000000000142, 14.75000000000000000 ) ) ;
#10318 = FACE_BOUND ( 'NONE', #1456, .T. ) ;
#10319 = ORIENTED_EDGE ( 'NONE', *, *, #2739, .T. ) ;
#10320 = CARTESIAN_POINT ( 'NONE',  ( -31.28999999999999204, 2.820913717569120127, 8.349999999999996092 ) ) ;
#10321 = CARTESIAN_POINT ( 'NONE',  ( 20.20000000000000995, 1.000000000000000000, -8.849999999999999645 ) ) ;
#10322 = EDGE_CURVE ( 'NONE', #3773, #6133, #7380, .T. ) ;
#10323 = CIRCLE ( 'NONE', #9085, 0.2888330770816419091 ) ;
#10324 = EDGE_CURVE ( 'NONE', #8075, #3438, #8051, .T. ) ;
#10325 = ORIENTED_EDGE ( 'NONE', *, *, #1198, .T. ) ;
#10326 = CARTESIAN_POINT ( 'NONE',  ( -51.99999999999998579, 9.700000000000001066, 2.924999999999996270 ) ) ;
#10327 = ORIENTED_EDGE ( 'NONE', *, *, #9059, .F. ) ;
#10328 = LINE ( 'NONE', #6375, #10023 ) ;
#10329 = CARTESIAN_POINT ( 'NONE',  ( -30.58999999999999275, 5.995909431799613998, -3.615000000000000213 ) ) ;
#10330 = CARTESIAN_POINT ( 'NONE',  ( 21.90000000000000924, 1.000000000000000000, -8.849999999999997868 ) ) ;
#10331 = DIRECTION ( 'NONE',  ( -0.000000000000000000, 1.000000000000000000, 2.891205793294675861E-16 ) ) ;
#10332 = B_SPLINE_CURVE_WITH_KNOTS ( 'NONE', 3,
 ( #1265, #7110, #2040, #2093, #3564, #8650, #3722, #6891, #5418, #8752 ),
 .UNSPECIFIED., .F., .F.,
 ( 4, 2, 2, 2, 4 ),
 ( 0.000000000000000000, 0.0003199684540615629360, 0.0006399369081231267393, 0.0009599053621846904884, 0.001279873816246254346 ),
 .UNSPECIFIED. ) ;
#10333 = DIRECTION ( 'NONE',  ( 0.000000000000000000, 1.000000000000000000, 0.000000000000000000 ) ) ;
#10334 = ORIENTED_EDGE ( 'NONE', *, *, #9136, .T. ) ;
#10335 = DIRECTION ( 'NONE',  ( 0.000000000000000000, -0.000000000000000000, -1.000000000000000000 ) ) ;
#10336 = LINE ( 'NONE', #6107, #7777 ) ;
#10337 = ORIENTED_EDGE ( 'NONE', *, *, #8986, .F. ) ;
#10338 = EDGE_CURVE ( 'NONE', #8495, #718, #6413, .T. ) ;
#10339 = CARTESIAN_POINT ( 'NONE',  ( -30.30484636607248561, -1.468623938954177977, 2.765000000000000124 ) ) ;
#10340 = ORIENTED_EDGE ( 'NONE', *, *, #6536, .F. ) ;
#10341 = DIRECTION ( 'NONE',  ( 0.000000000000000000, 0.000000000000000000, -1.000000000000000000 ) ) ;
#10342 = CARTESIAN_POINT ( 'NONE',  ( -47.04999999999998295, 8.000000000000000000, 9.499999999999998224 ) ) ;
#10343 = DIRECTION ( 'NONE',  ( 0.000000000000000000, 1.000000000000000000, -0.000000000000000000 ) ) ;
#10344 = CARTESIAN_POINT ( 'NONE',  ( -35.26554871542300162, 0.2000000000000000111, -3.615000000000000213 ) ) ;
#10345 = ORIENTED_EDGE ( 'NONE', *, *, #5221, .F. ) ;
#10346 = ORIENTED_EDGE ( 'NONE', *, *, #8069, .T. ) ;
#10347 = VERTEX_POINT ( 'NONE', #4714 ) ;
#10348 = AXIS2_PLACEMENT_3D ( 'NONE', #5652, #7237, #4720 ) ;
#10349 = DIRECTION ( 'NONE',  ( -0.000000000000000000, 1.000000000000000000, -0.000000000000000000 ) ) ;
#10350 = CARTESIAN_POINT ( 'NONE',  ( -30.28999999999999559, 0.5000000000000004441, 0.000000000000000000 ) ) ;
#10351 = ORIENTED_EDGE ( 'NONE', *, *, #9738, .F. ) ;
#10352 = ORIENTED_EDGE ( 'NONE', *, *, #485, .F. ) ;
#10353 = EDGE_CURVE ( 'NONE', #9441, #1918, #10430, .T. ) ;
#10354 = ORIENTED_EDGE ( 'NONE', *, *, #5248, .T. ) ;
#10355 = CARTESIAN_POINT ( 'NONE',  ( -51.93110278637025345, 9.366366140756447578, -3.820715728817335677 ) ) ;
#10356 = FACE_OUTER_BOUND ( 'NONE', #9453, .T. ) ;
#10357 = VECTOR ( 'NONE', #1963, 1000.000000000000000 ) ;
#10358 = CARTESIAN_POINT ( 'NONE',  ( -34.44357915404025761, 6.574342867117175101E-17, 8.465231426856663077 ) ) ;
#10359 = CARTESIAN_POINT ( 'NONE',  ( -51.81328285338933171, 7.873257469887196436, -4.118260431646266539 ) ) ;
#10360 = ORIENTED_EDGE ( 'NONE', *, *, #433, .F. ) ;
#10361 = ORIENTED_EDGE ( 'NONE', *, *, #2031, .F. ) ;
#10362 = ORIENTED_EDGE ( 'NONE', *, *, #8465, .T. ) ;
#10363 = FACE_OUTER_BOUND ( 'NONE', #9938, .T. ) ;
#10364 = VECTOR ( 'NONE', #5744, 1000.000000000000000 ) ;
#10365 = VECTOR ( 'NONE', #2946, 1000.000000000000000 ) ;
#10366 = CARTESIAN_POINT ( 'NONE',  ( 29.79903847450271570, 0.1300423822510690663, -7.755729192126849192 ) ) ;
#10367 = VECTOR ( 'NONE', #6933, 1000.000000000000000 ) ;
#10368 = CARTESIAN_POINT ( 'NONE',  ( -44.74999999999998579, 15.20000000000000107, -6.750000000000002665 ) ) ;
#10369 = CARTESIAN_POINT ( 'NONE',  ( 47.05000000000001137, 11.00000000000000178, -9.500000000000001776 ) ) ;
#10370 = CYLINDRICAL_SURFACE ( 'NONE', #2133, 0.2999999999999994338 ) ;
#10371 = EDGE_CURVE ( 'NONE', #10181, #1204, #938, .T. ) ;
#10372 = AXIS2_PLACEMENT_3D ( 'NONE', #2186, #6163, #8849 ) ;
#10373 = EDGE_CURVE ( 'NONE', #3329, #4222, #8102, .T. ) ;
#10374 = VERTEX_POINT ( 'NONE', #8761 ) ;
#10375 = LINE ( 'NONE', #1014, #1652 ) ;
#10376 = CYLINDRICAL_SURFACE ( 'NONE', #4784, 0.2000000000000000944 ) ;
#10377 = AXIS2_PLACEMENT_3D ( 'NONE', #3448, #122, #10128 ) ;
#10378 = ORIENTED_EDGE ( 'NONE', *, *, #3931, .F. ) ;
#10379 = CIRCLE ( 'NONE', #7023, 0.2000000000000005662 ) ;
#10380 = ORIENTED_EDGE ( 'NONE', *, *, #8664, .T. ) ;
#10381 = AXIS2_PLACEMENT_3D ( 'NONE', #1294, #2933, #532 ) ;
#10382 = LINE ( 'NONE', #423, #7131 ) ;
#10383 = DIRECTION ( 'NONE',  ( 0.000000000000000000, 0.000000000000000000, -1.000000000000000000 ) ) ;
#10384 = CARTESIAN_POINT ( 'NONE',  ( -51.77340835089973581, 7.205390757595191431, -3.692296232791148380 ) ) ;
#10385 = VECTOR ( 'NONE', #309, 1000.000000000000000 ) ;
#10386 = CARTESIAN_POINT ( 'NONE',  ( 49.80000000000001137, 13.00000000000000178, 4.000000000000000000 ) ) ;
#10387 = CIRCLE ( 'NONE', #5665, 0.5999999999999998668 ) ;
#10388 = CARTESIAN_POINT ( 'NONE',  ( 30.50000000000001066, 0.5000000000000000000, -2.350000000000004974 ) ) ;
#10389 = EDGE_CURVE ( 'NONE', #8214, #8551, #7381, .T. ) ;
#10390 = DIRECTION ( 'NONE',  ( 1.000000000000000000, 0.000000000000000000, 0.000000000000000000 ) ) ;
#10391 = VECTOR ( 'NONE', #1786, 1000.000000000000000 ) ;
#10392 = CIRCLE ( 'NONE', #1971, 0.8499999999999983125 ) ;
#10393 = EDGE_LOOP ( 'NONE', ( #5207, #4364, #8772, #1027 ) ) ;
#10394 = EDGE_CURVE ( 'NONE', #4862, #10412, #8442, .T. ) ;
#10395 = DIRECTION ( 'NONE',  ( -0.000000000000000000, 1.000000000000000000, -0.000000000000000000 ) ) ;
#10396 = CARTESIAN_POINT ( 'NONE',  ( 6.832420150553256022, 0.2999999999999999889, 11.83409883941565433 ) ) ;
#10397 = VERTEX_POINT ( 'NONE', #4826 ) ;
#10398 = LINE ( 'NONE', #5352, #1094 ) ;
#10399 = VECTOR ( 'NONE', #781, 1000.000000000000000 ) ;
#10400 = CARTESIAN_POINT ( 'NONE',  ( -49.74999999999997868, 0.000000000000000000, -6.750000000000001776 ) ) ;
#10401 = CARTESIAN_POINT ( 'NONE',  ( 0.000000000000000000, 0.000000000000000000, 0.000000000000000000 ) ) ;
#10402 = FACE_OUTER_BOUND ( 'NONE', #5152, .T. ) ;
#10403 = EDGE_LOOP ( 'NONE', ( #10511, #9744 ) ) ;
#10404 = VERTEX_POINT ( 'NONE', #7545 ) ;
#10405 = ADVANCED_FACE ( 'NONE', ( #2585 ), #1557, .T. ) ;
#10406 = ORIENTED_EDGE ( 'NONE', *, *, #6, .T. ) ;
#10407 = AXIS2_PLACEMENT_3D ( 'NONE', #4362, #6114, #9407 ) ;
#10408 = DIRECTION ( 'NONE',  ( 0.000000000000000000, -0.9982455176826028342, 0.05921052631578672260 ) ) ;
#10410 = CARTESIAN_POINT ( 'NONE',  ( -19.54999999999997584, 13.30000000000000071, -13.54999999999999893 ) ) ;
#10409 = CARTESIAN_POINT ( 'NONE',  ( 22.35788180854703100, 0.2999999999999999889, 1.484828725824709927 ) ) ;
#10411 = EDGE_LOOP ( 'NONE', ( #2857, #1669, #9036, #6409 ) ) ;
#10412 = VERTEX_POINT ( 'NONE', #3347 ) ;
#10413 = ORIENTED_EDGE ( 'NONE', *, *, #3932, .T. ) ;
#10414 = B_SPLINE_CURVE_WITH_KNOTS ( 'NONE', 3,
 ( #7809, #2729, #2127, #4414, #5353, #8571, #7917, #379 ),
 .UNSPECIFIED., .F., .F.,
 ( 4, 2, 2, 4 ),
 ( -3.466145320679101269E-06, 0.0002882777914486033552, 0.0004341497598332434639, 0.0005800217282178835726 ),
 .UNSPECIFIED. ) ;
#10415 = ORIENTED_EDGE ( 'NONE', *, *, #4630, .F. ) ;
#10416 = DIRECTION ( 'NONE',  ( 1.000000000000000000, -0.000000000000000000, -0.000000000000000000 ) ) ;
#10417 = DIRECTION ( 'NONE',  ( 1.000000000000000000, 0.000000000000000000, -0.000000000000000000 ) ) ;
#10418 = AXIS2_PLACEMENT_3D ( 'NONE', #9907, #7366, #5741 ) ;
#10419 = CARTESIAN_POINT ( 'NONE',  ( -51.66623050028229613, 7.793969960105129324, -4.254815835186612993 ) ) ;
#10420 = CARTESIAN_POINT ( 'NONE',  ( -51.49999999999998579, 6.500000000000000888, 2.449999999999999289 ) ) ;
#10421 = VECTOR ( 'NONE', #8093, 1000.000000000000000 ) ;
#10422 = ORIENTED_EDGE ( 'NONE', *, *, #2090, .T. ) ;
#10423 =( BOUNDED_CURVE ( )  B_SPLINE_CURVE ( 3, ( #4322, #8643, #9366, #1157 ),
 .UNSPECIFIED., .F., .T. ) 
 B_SPLINE_CURVE_WITH_KNOTS ( ( 4, 4 ),
 ( 4.712388980384689674, 5.800197417813645728 ),
 .UNSPECIFIED. ) 
 CURVE ( )  GEOMETRIC_REPRESENTATION_ITEM ( )  RATIONAL_B_SPLINE_CURVE ( ( 1.000000000000000000, 0.9037965667448132345, 0.9037965667448132345, 1.000000000000000000 ) ) 
 REPRESENTATION_ITEM ( '' )  );
#10424 = VERTEX_POINT ( 'NONE', #7440 ) ;
#10425 = VERTEX_POINT ( 'NONE', #3242 ) ;
#10426 = EDGE_CURVE ( 'NONE', #3018, #7523, #8787, .T. ) ;
#10427 = EDGE_CURVE ( 'NONE', #6311, #9577, #2169, .T. ) ;
#10428 = CARTESIAN_POINT ( 'NONE',  ( 20.20000000000000995, 6.500000000000000888, -10.24999999999999289 ) ) ;
#10429 = CIRCLE ( 'NONE', #2898, 0.2999999999999999334 ) ;
#10431 = DIRECTION ( 'NONE',  ( 0.000000000000000000, 0.000000000000000000, 1.000000000000000000 ) ) ;
#10430 = LINE ( 'NONE', #10587, #3717 ) ;
#10432 = DIRECTION ( 'NONE',  ( 0.000000000000000000, 0.000000000000000000, 1.000000000000000000 ) ) ;
#10433 =( NAMED_UNIT ( * ) SI_UNIT ( $, .STERADIAN. ) SOLID_ANGLE_UNIT ( ) );
#10434 = CARTESIAN_POINT ( 'NONE',  ( -47.04999999999998295, 15.10000000000000142, -9.500000000000001776 ) ) ;
#10435 = CARTESIAN_POINT ( 'NONE',  ( 30.50000000000001066, 0.2999999999999999889, -2.350000000000004974 ) ) ;
#10436 = EDGE_LOOP ( 'NONE', ( #1716, #1254, #5839, #4645 ) ) ;
#10437 = CYLINDRICAL_SURFACE ( 'NONE', #3910, 0.1999999999999987899 ) ;
#10438 = DIRECTION ( 'NONE',  ( 0.000000000000000000, 0.000000000000000000, -1.000000000000000000 ) ) ;
#10439 = AXIS2_PLACEMENT_3D ( 'NONE', #8561, #4460, #7961 ) ;
#10440 = ORIENTED_EDGE ( 'NONE', *, *, #1225, .T. ) ;
#10441 = ADVANCED_FACE ( 'NONE', ( #6670 ), #4215, .T. ) ;
#10442 = DIRECTION ( 'NONE',  ( 1.000000000000000000, 0.000000000000000000, 0.000000000000000000 ) ) ;
#10443 = FACE_OUTER_BOUND ( 'NONE', #2089, .T. ) ;
#10444 = CARTESIAN_POINT ( 'NONE',  ( -35.26554871542300162, 0.08284271247461905130, 2.764999999999999680 ) ) ;
#10445 = LINE ( 'NONE', #7736, #1692 ) ;
#10446 = AXIS2_PLACEMENT_3D ( 'NONE', #9132, #6448, #6554 ) ;
#10447 = LINE ( 'NONE', #2013, #1441 ) ;
#10448 = CARTESIAN_POINT ( 'NONE',  ( 47.05000000000001137, 11.00000000000000178, 9.499999999999998224 ) ) ;
#10449 = EDGE_LOOP ( 'NONE', ( #5312, #10309, #9258, #6672, #10660, #8440, #8749, #8881 ) ) ;
#10450 = ORIENTED_EDGE ( 'NONE', *, *, #1924, .T. ) ;
#10451 = EDGE_CURVE ( 'NONE', #9547, #8624, #3406, .T. ) ;
#10452 = DIRECTION ( 'NONE',  ( -1.000000000000000000, 0.000000000000000000, 0.000000000000000000 ) ) ;
#10453 = CARTESIAN_POINT ( 'NONE',  ( -31.27472780755320869, 0.2000000000000000111, 3.615000000000000213 ) ) ;
#10454 = ORIENTED_EDGE ( 'NONE', *, *, #810, .T. ) ;
#10455 = CARTESIAN_POINT ( 'NONE',  ( 30.50000000000001066, 0.5000000000000000000, 6.650000000000008349 ) ) ;
#10456 = DIRECTION ( 'NONE',  ( 0.000000000000000000, 0.000000000000000000, 1.000000000000000000 ) ) ;
#10457 = CARTESIAN_POINT ( 'NONE',  ( -7.549999999999978506, 13.30000000000000071, -14.45000000000000107 ) ) ;
#10458 = CARTESIAN_POINT ( 'NONE',  ( -30.58999999999999275, 0.5000000000000004441, -2.765000000000000124 ) ) ;
#10459 = ADVANCED_FACE ( 'NONE', ( #3998 ), #10799, .F. ) ;
#10460 = ORIENTED_EDGE ( 'NONE', *, *, #6827, .F. ) ;
#10461 = ORIENTED_EDGE ( 'NONE', *, *, #4311, .T. ) ;
#10462 = EDGE_CURVE ( 'NONE', #3567, #1165, #6730, .T. ) ;
#10463 = DIRECTION ( 'NONE',  ( 0.000000000000000000, 1.000000000000000000, -0.000000000000000000 ) ) ;
#10465 = LINE ( 'NONE', #8746, #7504 ) ;
#10464 = CARTESIAN_POINT ( 'NONE',  ( -24.04308044258723953, 13.30000000000000071, 14.75000000000000000 ) ) ;
#10466 = EDGE_LOOP ( 'NONE', ( #5642, #6231, #4886, #10227, #5683 ) ) ;
#10467 = VERTEX_POINT ( 'NONE', #728 ) ;
#10468 = VERTEX_POINT ( 'NONE', #10684 ) ;
#10469 = VERTEX_POINT ( 'NONE', #3182 ) ;
#10470 = EDGE_CURVE ( 'NONE', #708, #3418, #2376, .T. ) ;
#10471 = DIRECTION ( 'NONE',  ( -0.000000000000000000, -0.000000000000000000, 1.000000000000000000 ) ) ;
#10472 = CARTESIAN_POINT ( 'NONE',  ( -15.38066059622850368, 11.00000000000000178, -5.598102640378059824 ) ) ;
#10473 = CIRCLE ( 'NONE', #1560, 1.600000000000000755 ) ;
#10474 = ORIENTED_EDGE ( 'NONE', *, *, #662, .F. ) ;
#10475 = CARTESIAN_POINT ( 'NONE',  ( 3.550000000000022027, 15.10000000000000142, -13.45000000000015916 ) ) ;
#10476 = CARTESIAN_POINT ( 'NONE',  ( -51.81145712155785787, 8.291017316819743854, -4.224941934850225955 ) ) ;
#10477 = ORIENTED_EDGE ( 'NONE', *, *, #10230, .F. ) ;
#10478 = EDGE_LOOP ( 'NONE', ( #7429, #1990, #6190, #10082 ) ) ;
#10479 = VERTEX_POINT ( 'NONE', #4113 ) ;
#10480 = DIRECTION ( 'NONE',  ( 0.000000000000000000, 0.000000000000000000, -1.000000000000000000 ) ) ;
#10482 = DIRECTION ( 'NONE',  ( -0.000000000000000000, 1.000000000000000000, -0.000000000000000000 ) ) ;
#10481 = CARTESIAN_POINT ( 'NONE',  ( 38.64211819145300808, 0.2505450496179570385, 1.484828725824663298 ) ) ;
#10483 = CARTESIAN_POINT ( 'NONE',  ( 29.82489141821821477, 0.09795398803915254804, -7.733001662233776941 ) ) ;
#10484 = CARTESIAN_POINT ( 'NONE',  ( 21.74234517834435465, 5.400000000000000355, 21.74234517834455716 ) ) ;
#10485 = EDGE_CURVE ( 'NONE', #5493, #495, #10744, .T. ) ;
#10486 = CARTESIAN_POINT ( 'NONE',  ( 42.80000000000001137, 6.000000000000000000, -12.25000000000000178 ) ) ;
#10487 = FACE_OUTER_BOUND ( 'NONE', #1151, .T. ) ;
#10488 =( BOUNDED_CURVE ( )  B_SPLINE_CURVE ( 3, ( #473, #3955, #526, #9605 ),
 .UNSPECIFIED., .F., .T. ) 
 B_SPLINE_CURVE_WITH_KNOTS ( ( 4, 4 ),
 ( 4.712388980384691450, 6.256640474514465033 ),
 .UNSPECIFIED. ) 
 CURVE ( )  GEOMETRIC_REPRESENTATION_ITEM ( )  RATIONAL_B_SPLINE_CURVE ( ( 1.000000000000000000, 0.8109528274921290469, 0.8109528274921290469, 1.000000000000000000 ) ) 
 REPRESENTATION_ITEM ( '' )  );
#10489 = ORIENTED_EDGE ( 'NONE', *, *, #6550, .T. ) ;
#10490 = DIRECTION ( 'NONE',  ( 0.000000000000000000, 0.000000000000000000, 1.000000000000000000 ) ) ;
#10491 = CARTESIAN_POINT ( 'NONE',  ( 23.40000000000001279, 5.400000000000000355, -12.25000000000000178 ) ) ;
#10492 = ORIENTED_EDGE ( 'NONE', *, *, #5479, .T. ) ;
#10493 = CARTESIAN_POINT ( 'NONE',  ( -44.74999999999998579, 3.000000000000000000, 14.75000000000000000 ) ) ;
#10494 = PLANE ( 'NONE',  #2856 ) ;
#10495 = CARTESIAN_POINT ( 'NONE',  ( 1.486764281119465680, 13.30000000000000071, 14.75000000000000000 ) ) ;
#10496 = CARTESIAN_POINT ( 'NONE',  ( 30.50000000000001066, 1.000000000000000000, -2.350000000000004974 ) ) ;
#10497 = EDGE_CURVE ( 'NONE', #2005, #7630, #1720, .T. ) ;
#10498 = DIRECTION ( 'NONE',  ( 0.000000000000000000, -1.000000000000000000, 0.000000000000000000 ) ) ;
#10499 = CARTESIAN_POINT ( 'NONE',  ( -29.81007189365366372, -2.624222992386002318, 2.765000000000000124 ) ) ;
#10500 = VECTOR ( 'NONE', #1319, 1000.000000000000000 ) ;
#10501 = EDGE_LOOP ( 'NONE', ( #6674, #1578, #8417, #4047, #3123, #6947, #8189, #2344, #9661, #2630, #3881, #6062, #2159, #7941, #10504, #6425 ) ) ;
#10502 = DIRECTION ( 'NONE',  ( 0.000000000000000000, -2.891205793294683257E-16, 1.000000000000000000 ) ) ;
#10503 = CARTESIAN_POINT ( 'NONE',  ( -52.75099999999998346, 11.35000000000000142, -1.700000000000000178 ) ) ;
#10504 = ORIENTED_EDGE ( 'NONE', *, *, #4690, .T. ) ;
#10505 = LINE ( 'NONE', #2996, #4056 ) ;
#10506 = LINE ( 'NONE', #8912, #3718 ) ;
#10508 = EDGE_CURVE ( 'NONE', #3567, #6371, #5825, .T. ) ;
#10507 = LINE ( 'NONE', #9682, #6715 ) ;
#10509 = ADVANCED_FACE ( 'NONE', ( #9092 ), #1606, .F. ) ;
#10510 = CARTESIAN_POINT ( 'NONE',  ( -49.80000000000472937, 5.500000000000000000, -6.750000000010913936 ) ) ;
#10511 = ORIENTED_EDGE ( 'NONE', *, *, #2366, .T. ) ;
#10512 = ORIENTED_EDGE ( 'NONE', *, *, #10278, .T. ) ;
#10513 = DIRECTION ( 'NONE',  ( 1.000000000000000000, 0.000000000000000000, 0.000000000000000000 ) ) ;
#10515 = CARTESIAN_POINT ( 'NONE',  ( 40.80000000000001137, 8.000000000000000000, 8.349999999999997868 ) ) ;
#10514 = DIRECTION ( 'NONE',  ( 0.000000000000000000, 0.000000000000000000, 1.000000000000000000 ) ) ;
#10516 = ORIENTED_EDGE ( 'NONE', *, *, #10003, .F. ) ;
#10517 = EDGE_LOOP ( 'NONE', ( #10406, #1980, #7210, #9047 ) ) ;
#10518 = ORIENTED_EDGE ( 'NONE', *, *, #4171, .F. ) ;
#10519 = EDGE_LOOP ( 'NONE', ( #6289, #129, #10096, #2713 ) ) ;
#10520 = CARTESIAN_POINT ( 'NONE',  ( -51.54271289544001178, 7.919282861351937264, -4.292140065396721660 ) ) ;
#10521 = DIRECTION ( 'NONE',  ( 0.000000000000000000, 0.000000000000000000, -1.000000000000000000 ) ) ;
#10522 = EDGE_CURVE ( 'NONE', #297, #7195, #2474, .T. ) ;
#10523 = CARTESIAN_POINT ( 'NONE',  ( -21.37201595193595693, 13.30000000000000071, 17.93325070278447342 ) ) ;
#10524 = DIRECTION ( 'NONE',  ( 0.000000000000000000, 0.000000000000000000, 1.000000000000000000 ) ) ;
#10525 = VERTEX_POINT ( 'NONE', #4167 ) ;
#10526 = AXIS2_PLACEMENT_3D ( 'NONE', #7340, #10703, #3047 ) ;
#10527 = EDGE_LOOP ( 'NONE', ( #2476, #4405, #10334, #1687 ) ) ;
#10528 = CARTESIAN_POINT ( 'NONE',  ( 38.66515805832830210, 0.1248391197358941496, -6.258743620592561285 ) ) ;
#10530 = DIRECTION ( 'NONE',  ( 0.000000000000000000, -1.000000000000000000, 0.000000000000000000 ) ) ;
#10529 = CARTESIAN_POINT ( 'NONE',  ( 2.459170479469696691, 15.10000000000000142, -14.75000000000000000 ) ) ;
#10531 = VERTEX_POINT ( 'NONE', #7492 ) ;
#10532 = CARTESIAN_POINT ( 'NONE',  ( -51.54999999999998295, 16.60000000000000142, -6.750000000000003553 ) ) ;
#10533 = CARTESIAN_POINT ( 'NONE',  ( 47.05000000000001137, 8.000000000000000000, -9.500000000000001776 ) ) ;
#10534 = CIRCLE ( 'NONE', #4567, 1.900000000000000577 ) ;
#10535 = AXIS2_PLACEMENT_3D ( 'NONE', #3476, #6798, #3362 ) ;
#10536 = CARTESIAN_POINT ( 'NONE',  ( -40.01900131232448388, 0.1363762547886368526, 8.357532483228501619 ) ) ;
#10537 = CARTESIAN_POINT ( 'NONE',  ( -2.258274450660561356E-16, 16.60000000000000142, 12.24999999999999822 ) ) ;
#10538 = ORIENTED_EDGE ( 'NONE', *, *, #3167, .F. ) ;
#10539 = DIRECTION ( 'NONE',  ( 0.000000000000000000, 1.000000000000000000, 0.000000000000000000 ) ) ;
#10540 = DIRECTION ( 'NONE',  ( -0.000000000000000000, -1.000000000000000000, -0.000000000000000000 ) ) ;
#10541 = VECTOR ( 'NONE', #8632, 1000.000000000000000 ) ;
#10542 = ORIENTED_EDGE ( 'NONE', *, *, #8536, .T. ) ;
#10543 = VECTOR ( 'NONE', #8884, 1000.000000000000000 ) ;
#10544 = ADVANCED_FACE ( 'NONE', ( #1045 ), #3607, .T. ) ;
#10545 = CYLINDRICAL_SURFACE ( 'NONE', #9590, 9.000000000000012434 ) ;
#10546 = LINE ( 'NONE', #6150, #3897 ) ;
#10547 = CARTESIAN_POINT ( 'NONE',  ( -35.26554871542300162, 0.2000000000000000111, 2.765000000000000124 ) ) ;
#10548 = VECTOR ( 'NONE', #9836, 1000.000000000000000 ) ;
#10549 = CARTESIAN_POINT ( 'NONE',  ( 53.40232526704264870, 8.000000000000000000, -7.250000000000000888 ) ) ;
#10550 = DIRECTION ( 'NONE',  ( 0.000000000000000000, 0.8660254037844405950, 0.4999999999999966693 ) ) ;
#10551 = AXIS2_PLACEMENT_3D ( 'NONE', #3953, #7124, #9546 ) ;
#10552 = DIRECTION ( 'NONE',  ( 0.000000000000000000, 0.000000000000000000, 1.000000000000000000 ) ) ;
#10553 = ORIENTED_EDGE ( 'NONE', *, *, #625, .F. ) ;
#10554 = VECTOR ( 'NONE', #7186, 1000.000000000000000 ) ;
#10555 = EDGE_CURVE ( 'NONE', #5669, #8959, #8522, .T. ) ;
#10556 = AXIS2_PLACEMENT_3D ( 'NONE', #5080, #4040, #5743 ) ;
#10557 = ORIENTED_EDGE ( 'NONE', *, *, #3864, .F. ) ;
#10558 = EDGE_CURVE ( 'NONE', #10613, #387, #4276, .T. ) ;
#10559 = AXIS2_PLACEMENT_3D ( 'NONE', #3221, #6546, #1480 ) ;
#10560 = DIRECTION ( 'NONE',  ( -0.000000000000000000, -1.000000000000000000, -0.000000000000000000 ) ) ;
#10561 = DIRECTION ( 'NONE',  ( -1.000000000000000000, 0.000000000000000000, -0.000000000000000000 ) ) ;
#10562 = ORIENTED_EDGE ( 'NONE', *, *, #2967, .F. ) ;
#10563 = CARTESIAN_POINT ( 'NONE',  ( 37.00000000000001421, 5.400000000000000355, 0.000000000000000000 ) ) ;
#10564 = CARTESIAN_POINT ( 'NONE',  ( 31.17110895060965703, 0.09378038618371843660, 6.704106061119889937 ) ) ;
#10565 = DIRECTION ( 'NONE',  ( 0.000000000000000000, -1.000000000000000000, 0.000000000000000000 ) ) ;
#10566 = PLANE ( 'NONE',  #6595 ) ;
#10567 = CIRCLE ( 'NONE', #6358, 6.166261152084816288 ) ;
#10568 = EDGE_LOOP ( 'NONE', ( #10645, #4546, #235, #9119, #6095, #36 ) ) ;
#10569 = ORIENTED_EDGE ( 'NONE', *, *, #6648, .T. ) ;
#10570 = CARTESIAN_POINT ( 'NONE',  ( -35.26554871542300162, 0.08284271247461875987, -8.850000000000058265 ) ) ;
#10571 = EDGE_CURVE ( 'NONE', #2365, #10374, #1248, .T. ) ;
#10572 = ADVANCED_FACE ( 'NONE', ( #5306 ), #9580, .T. ) ;
#10574 = CARTESIAN_POINT ( 'NONE',  ( 35.59364652204421020, 0.2999999999999999889, -4.424792786874612638 ) ) ;
#10573 = CARTESIAN_POINT ( 'NONE',  ( -34.31252571724582623, 0.2000000000000016209, 8.349999999999997868 ) ) ;
#10575 = VECTOR ( 'NONE', #9215, 1000.000000000000000 ) ;
#10576 = DIRECTION ( 'NONE',  ( 0.4999999999999978906, 0.000000000000000000, -0.8660254037844398178 ) ) ;
#10577 = EDGE_LOOP ( 'NONE', ( #1471, #6132, #1667, #8219, #3604 ) ) ;
#10578 = ORIENTED_EDGE ( 'NONE', *, *, #2212, .F. ) ;
#10579 = DIRECTION ( 'NONE',  ( -0.000000000000000000, 1.000000000000000000, -0.000000000000000000 ) ) ;
#10580 = DIRECTION ( 'NONE',  ( 0.000000000000000000, 0.000000000000000000, -1.000000000000000000 ) ) ;
#10581 = CARTESIAN_POINT ( 'NONE',  ( 0.000000000000000000, 0.5000000000000004441, 0.000000000000000000 ) ) ;
#10582 = LINE ( 'NONE', #9758, #2689 ) ;
#10583 = ORIENTED_EDGE ( 'NONE', *, *, #4162, .T. ) ;
#10584 = EDGE_LOOP ( 'NONE', ( #9259, #2228 ) ) ;
#10585 = DIRECTION ( 'NONE',  ( 0.000000000000000000, 1.000000000000000000, -0.000000000000000000 ) ) ;
#10586 = EDGE_CURVE ( 'NONE', #7463, #3438, #10423, .T. ) ;
#10588 = CARTESIAN_POINT ( 'NONE',  ( -34.37348617369437420, 0.04767268713831659260, -8.895138446510832964 ) ) ;
#10587 = CARTESIAN_POINT ( 'NONE',  ( -31.11939691791956974, 0.5000000000000004441, -20.34067203111831290 ) ) ;
#10589 = ORIENTED_EDGE ( 'NONE', *, *, #10167, .T. ) ;
#10590 = CARTESIAN_POINT ( 'NONE',  ( 37.60384757729338645, 5.500000000000000000, -4.651923788646722180 ) ) ;
#10591 = CARTESIAN_POINT ( 'NONE',  ( 38.63172798364529825, -1.697056274847719815, 6.181727983645293634 ) ) ;
#10592 = AXIS2_PLACEMENT_3D ( 'NONE', #6782, #1043, #6829 ) ;
#10593 = LINE ( 'NONE', #7949, #3374 ) ;
#10594 = ORIENTED_EDGE ( 'NONE', *, *, #7972, .T. ) ;
#10595 = B_SPLINE_CURVE_WITH_KNOTS ( 'NONE', 3,
 ( #8230, #6473, #584, #643 ),
 .UNSPECIFIED., .F., .F.,
 ( 4, 4 ),
 ( 1.084202172485504434E-19, 8.053029081881113395E-05 ),
 .UNSPECIFIED. ) ;
#10596 = DIRECTION ( 'NONE',  ( 0.000000000000000000, 0.000000000000000000, 1.000000000000000000 ) ) ;
#10597 = CARTESIAN_POINT ( 'NONE',  ( -31.51661123066064363, 3.000000000000000000, 8.349999999999997868 ) ) ;
#10598 = ORIENTED_EDGE ( 'NONE', *, *, #2783, .F. ) ;
#10599 = EDGE_CURVE ( 'NONE', #7324, #9693, #738, .T. ) ;
#10600 = ORIENTED_EDGE ( 'NONE', *, *, #9447, .T. ) ;
#10601 = ADVANCED_FACE ( 'NONE', ( #291 ), #1770, .T. ) ;
#10602 = CARTESIAN_POINT ( 'NONE',  ( -19.54999999999997939, 17.60000000000000142, 13.54999999999999893 ) ) ;
#10603 = LINE ( 'NONE', #4127, #5994 ) ;
#10604 = DIRECTION ( 'NONE',  ( 0.000000000000000000, 0.000000000000000000, 1.000000000000000000 ) ) ;
#10605 = CARTESIAN_POINT ( 'NONE',  ( -51.76641199541506921, 9.462518210260149942, 3.846616994046387017 ) ) ;
#10606 = DIRECTION ( 'NONE',  ( -0.000000000000000000, -0.000000000000000000, 1.000000000000000000 ) ) ;
#10607 = EDGE_CURVE ( 'NONE', #7715, #1334, #949, .T. ) ;
#10608 = ORIENTED_EDGE ( 'NONE', *, *, #6459, .T. ) ;
#10609 = VERTEX_POINT ( 'NONE', #1920 ) ;
#10610 = CARTESIAN_POINT ( 'NONE',  ( 44.85000000000002984, 6.000000000000000000, 0.000000000000000000 ) ) ;
#10611 = VECTOR ( 'NONE', #6768, 1000.000000000000000 ) ;
#10612 = CARTESIAN_POINT ( 'NONE',  ( 20.21000000000001151, 5.500000000000000000, 10.25000000000000178 ) ) ;
#10613 = VERTEX_POINT ( 'NONE', #3460 ) ;
#10614 = CYLINDRICAL_SURFACE ( 'NONE', #6656, 0.2999999999999998779 ) ;
#10615 = PLANE ( 'NONE',  #4073 ) ;
#10616 = ADVANCED_FACE ( 'NONE', ( #7817 ), #182, .T. ) ;
#10617 = PLANE ( 'NONE',  #9781 ) ;
#10618 = CARTESIAN_POINT ( 'NONE',  ( -35.06554871542299878, 0.000000000000000000, -8.850000000000058265 ) ) ;
#10619 = AXIS2_PLACEMENT_3D ( 'NONE', #8241, #751, #4079 ) ;
#10620 = VERTEX_POINT ( 'NONE', #3505 ) ;
#10621 = VERTEX_POINT ( 'NONE', #6884 ) ;
#10622 = DIRECTION ( 'NONE',  ( -0.000000000000000000, -0.000000000000000000, 1.000000000000000000 ) ) ;
#10624 = LINE ( 'NONE', #7270, #10611 ) ;
#10623 = CARTESIAN_POINT ( 'NONE',  ( -31.11939691791956974, 0.5000000000000004441, -2.765000000000000124 ) ) ;
#10625 = DIRECTION ( 'NONE',  ( 1.000000000000000000, -0.000000000000000000, 0.000000000000000000 ) ) ;
#10626 = ORIENTED_EDGE ( 'NONE', *, *, #10713, .T. ) ;
#10627 = ORIENTED_EDGE ( 'NONE', *, *, #4891, .F. ) ;
#10628 = CARTESIAN_POINT ( 'NONE',  ( -51.55633014137982428, 8.278946080208918090, -4.350000000000211919 ) ) ;
#10629 = CARTESIAN_POINT ( 'NONE',  ( 38.22508438243870899, 7.623296525288699970E-18, -7.407147389567383833 ) ) ;
#10630 = CARTESIAN_POINT ( 'NONE',  ( 22.35788180854703100, 0.2999999999999999889, 1.484828725824709927 ) ) ;
#10631 = DIRECTION ( 'NONE',  ( 0.000000000000000000, 0.000000000000000000, 1.000000000000000000 ) ) ;
#10632 = ADVANCED_FACE ( 'NONE', ( #4369 ), #5962, .T. ) ;
#10633 = ORIENTED_EDGE ( 'NONE', *, *, #1231, .F. ) ;
#10634 = ORIENTED_EDGE ( 'NONE', *, *, #9380, .T. ) ;
#10635 = AXIS2_PLACEMENT_3D ( 'NONE', #2902, #6234, #9581 ) ;
#10636 = DIRECTION ( 'NONE',  ( 0.000000000000000000, 1.000000000000000000, -0.000000000000000000 ) ) ;
#10638 = DIRECTION ( 'NONE',  ( -0.09864855753178897180, -0.5484013522092014981, -0.8303760708209363406 ) ) ;
#10637 = DIRECTION ( 'NONE',  ( 1.000000000000000000, -0.000000000000000000, 0.000000000000000000 ) ) ;
#10639 = ORIENTED_EDGE ( 'NONE', *, *, #4679, .T. ) ;
#10640 = VECTOR ( 'NONE', #4696, 1000.000000000000000 ) ;
#10641 = DIRECTION ( 'NONE',  ( 0.000000000000000000, -1.000000000000000000, 0.000000000000000000 ) ) ;
#10642 = CARTESIAN_POINT ( 'NONE',  ( -1.549999999999978506, 13.30000000000000071, -13.35000000000015774 ) ) ;
#10643 = DIRECTION ( 'NONE',  ( 0.000000000000000000, 1.000000000000000000, -0.000000000000000000 ) ) ;
#10644 = VECTOR ( 'NONE', #5464, 1000.000000000000000 ) ;
#10645 = ORIENTED_EDGE ( 'NONE', *, *, #3682, .F. ) ;
#10646 = DIRECTION ( 'NONE',  ( 1.000000000000000000, 0.000000000000000000, -2.243548987390062338E-14 ) ) ;
#10647 = DIRECTION ( 'NONE',  ( 0.000000000000000000, 1.000000000000000000, -0.000000000000000000 ) ) ;
#10648 = ADVANCED_FACE ( 'NONE', ( #1821 ), #4858, .F. ) ;
#10649 = VERTEX_POINT ( 'NONE', #6830 ) ;
#10650 = EDGE_CURVE ( 'NONE', #2742, #8651, #10187, .T. ) ;
#10651 = LINE ( 'NONE', #8229, #1040 ) ;
#10652 = DIRECTION ( 'NONE',  ( 0.000000000000000000, 0.000000000000000000, -1.000000000000000000 ) ) ;
#10653 = CARTESIAN_POINT ( 'NONE',  ( -35.06554871542299878, 0.000000000000000000, 2.965000000000000302 ) ) ;
#10654 = DIRECTION ( 'NONE',  ( 0.000000000000000000, -1.000000000000000000, -2.891205793294679312E-16 ) ) ;
#10655 = EDGE_CURVE ( 'NONE', #2581, #3714, #2441, .T. ) ;
#10656 = DIRECTION ( 'NONE',  ( -0.000000000000000000, 1.000000000000000000, -0.000000000000000000 ) ) ;
#10657 = LINE ( 'NONE', #2239, #89 ) ;
#10658 = ADVANCED_FACE ( 'NONE', ( #7103 ), #611, .T. ) ;
#10659 = ORIENTED_EDGE ( 'NONE', *, *, #7317, .F. ) ;
#10660 = ORIENTED_EDGE ( 'NONE', *, *, #7000, .F. ) ;
#10661 = FACE_BOUND ( 'NONE', #4240, .T. ) ;
#10662 = DIRECTION ( 'NONE',  ( 0.000000000000000000, 2.168404344971008868E-15, 1.000000000000000000 ) ) ;
#10663 = EDGE_LOOP ( 'NONE', ( #2609, #872, #1660, #917, #4271 ) ) ;
#10664 = VECTOR ( 'NONE', #1395, 1000.000000000000000 ) ;
#10665 = DIRECTION ( 'NONE',  ( 0.7660444431189792347, 0.000000000000000000, -0.6427876096865379196 ) ) ;
#10666 = DIRECTION ( 'NONE',  ( 0.000000000000000000, -1.000000000000000000, 0.000000000000000000 ) ) ;
#10667 = PLANE ( 'NONE',  #9943 ) ;
#10668 = B_SPLINE_CURVE_WITH_KNOTS ( 'NONE', 3,
 ( #523, #3840, #10536, #8885 ),
 .UNSPECIFIED., .F., .F.,
 ( 4, 4 ),
 ( 2.710505431213761085E-19, 0.0001077442398752775362 ),
 .UNSPECIFIED. ) ;
#10669 = DIRECTION ( 'NONE',  ( 0.000000000000000000, 0.000000000000000000, -1.000000000000000000 ) ) ;
#10670 = ORIENTED_EDGE ( 'NONE', *, *, #8290, .T. ) ;
#10671 = EDGE_CURVE ( 'NONE', #4008, #752, #2256, .T. ) ;
#10672 = CARTESIAN_POINT ( 'NONE',  ( -51.99999999999998579, 8.400000000000000355, 2.925000000000002931 ) ) ;
#10673 = CARTESIAN_POINT ( 'NONE',  ( 34.84364652204420310, -0.0009999999999999158867, -5.723830892551273308 ) ) ;
#10674 = CARTESIAN_POINT ( 'NONE',  ( -1.549999999999978506, 15.10000000000000142, 12.35000000000015774 ) ) ;
#10675 = ORIENTED_EDGE ( 'NONE', *, *, #7422, .T. ) ;
#10676 = CARTESIAN_POINT ( 'NONE',  ( -39.98506879479626974, 0.1999999999999987899, -2.765000000000000124 ) ) ;
#10677 = CARTESIAN_POINT ( 'NONE',  ( -30.58203748537937372, 5.996123729295900873, -9.143749989103024944 ) ) ;
#10678 = DIRECTION ( 'NONE',  ( -1.000000000000000000, 0.000000000000000000, -3.154042683594192162E-16 ) ) ;
#10679 = CARTESIAN_POINT ( 'NONE',  ( -31.51661123066064363, 3.000000000000000000, -2.765000000000000124 ) ) ;
#10680 = ORIENTED_EDGE ( 'NONE', *, *, #241, .F. ) ;
#10681 = ORIENTED_EDGE ( 'NONE', *, *, #7187, .F. ) ;
#10682 = ADVANCED_FACE ( 'NONE', ( #6341 ), #5522, .T. ) ;
#10683 = DIRECTION ( 'NONE',  ( -0.000000000000000000, -1.000000000000000000, -0.000000000000000000 ) ) ;
#10685 = CARTESIAN_POINT ( 'NONE',  ( 31.25000000000004263, -0.0009999999999999158867, 3.098623679425835054 ) ) ;
#10684 = CARTESIAN_POINT ( 'NONE',  ( -31.22777815357900622, 3.000000000000000000, 2.765000000000000124 ) ) ;
#10686 = ORIENTED_EDGE ( 'NONE', *, *, #5117, .T. ) ;
#10687 = LINE ( 'NONE', #2105, #2841 ) ;
#10688 = FACE_OUTER_BOUND ( 'NONE', #4846, .T. ) ;
#10689 = CYLINDRICAL_SURFACE ( 'NONE', #5290, 0.3000000000000016542 ) ;
#10690 = CIRCLE ( 'NONE', #9990, 2.249999999999999556 ) ;
#10691 = ORIENTED_EDGE ( 'NONE', *, *, #123, .T. ) ;
#10692 = DIRECTION ( 'NONE',  ( 1.000000000000000000, 0.000000000000000000, 0.000000000000000000 ) ) ;
#10693 = CARTESIAN_POINT ( 'NONE',  ( -51.82769444090094879, 9.685675373605175054, 3.205023119327550241 ) ) ;
#10694 = EDGE_LOOP ( 'NONE', ( #3105, #8401, #5144, #8892, #6570 ) ) ;
#10695 = DIRECTION ( 'NONE',  ( 0.000000000000000000, 1.000000000000000000, -0.000000000000000000 ) ) ;
#10696 = AXIS2_PLACEMENT_3D ( 'NONE', #3628, #5217, #4613 ) ;
#10697 = VECTOR ( 'NONE', #1355, 1000.000000000000000 ) ;
#10698 = DIRECTION ( 'NONE',  ( 0.000000000000000000, 1.000000000000000000, 0.000000000000000000 ) ) ;
#10700 = ADVANCED_FACE ( 'NONE', ( #4648 ), #2085, .T. ) ;
#10699 = DIRECTION ( 'NONE',  ( -0.000000000000000000, -0.000000000000000000, 1.000000000000000000 ) ) ;
#10701 = ADVANCED_FACE ( 'NONE', ( #5411 ), #9523, .T. ) ;
#10702 = DIRECTION ( 'NONE',  ( -0.000000000000000000, 1.000000000000000000, -0.000000000000000000 ) ) ;
#10703 = DIRECTION ( 'NONE',  ( 0.000000000000000000, 1.000000000000000000, -0.000000000000000000 ) ) ;
#10704 = CARTESIAN_POINT ( 'NONE',  ( 9.519658948938198861, 6.500000000000000888, 12.24999999999999822 ) ) ;
#10705 = CIRCLE ( 'NONE', #5283, 2.750000000000002665 ) ;
#10706 = VECTOR ( 'NONE', #6874, 1000.000000000000000 ) ;
#10707 = ORIENTED_EDGE ( 'NONE', *, *, #1426, .T. ) ;
#10708 = VERTEX_POINT ( 'NONE', #8695 ) ;
#10709 = ADVANCED_FACE ( 'NONE', ( #8095 ), #1258, .F. ) ;
#10710 = ORIENTED_EDGE ( 'NONE', *, *, #8152, .F. ) ;
#10711 = DIRECTION ( 'NONE',  ( -1.692413147294445970E-16, -0.000000000000000000, -1.000000000000000000 ) ) ;
#10712 = LINE ( 'NONE', #6589, #609 ) ;
#10713 = EDGE_CURVE ( 'NONE', #3887, #6419, #7830, .T. ) ;
#10714 = CARTESIAN_POINT ( 'NONE',  ( 20.20000000000000995, 5.400000000000002132, -12.25000000000000178 ) ) ;
#10715 = VECTOR ( 'NONE', #6202, 1000.000000000000000 ) ;
#10716 = EDGE_LOOP ( 'NONE', ( #5560, #6759, #2261, #6542 ) ) ;
#10717 = CIRCLE ( 'NONE', #4234, 0.8499999999999983125 ) ;
#10718 = CARTESIAN_POINT ( 'NONE',  ( 26.19929317472361774, 0.02221052063481763691, 0.8110334556950228313 ) ) ;
#10719 = EDGE_LOOP ( 'NONE', ( #4560, #8328, #2152, #5519 ) ) ;
#10720 = DIRECTION ( 'NONE',  ( -1.000000000000000000, 0.000000000000000000, 0.000000000000000000 ) ) ;
#10721 = LINE ( 'NONE', #3380, #713 ) ;
#10722 = AXIS2_PLACEMENT_3D ( 'NONE', #2618, #7687, #1858 ) ;
#10723 = DIRECTION ( 'NONE',  ( -0.000000000000000000, -0.000000000000000000, 1.000000000000000000 ) ) ;
#10724 = CIRCLE ( 'NONE', #2341, 0.2999999999999999334 ) ;
#10725 = AXIS2_PLACEMENT_3D ( 'NONE', #4565, #4351, #7905 ) ;
#10726 = EDGE_CURVE ( 'NONE', #8529, #1067, #8887, .T. ) ;
#10727 = CARTESIAN_POINT ( 'NONE',  ( -31.39188509507858527, -2.832502129165929981E-17, 2.847842712474618398 ) ) ;
#10729 = DIRECTION ( 'NONE',  ( 0.000000000000000000, 0.000000000000000000, 1.000000000000000000 ) ) ;
#10728 = DIRECTION ( 'NONE',  ( 0.000000000000000000, 1.000000000000000000, -8.673617379884038430E-16 ) ) ;
#10730 = FACE_OUTER_BOUND ( 'NONE', #2682, .T. ) ;
#10731 = ORIENTED_EDGE ( 'NONE', *, *, #2822, .T. ) ;
#10732 = CARTESIAN_POINT ( 'NONE',  ( 20.21000000000001151, 8.000000000000000000, -3.420366970682078085E-15 ) ) ;
#10733 = VECTOR ( 'NONE', #8894, 1000.000000000000000 ) ;
#10734 = AXIS2_PLACEMENT_3D ( 'NONE', #10155, #2650, #201 ) ;
#10735 = DIRECTION ( 'NONE',  ( 0.000000000000000000, -0.000000000000000000, 1.000000000000000000 ) ) ;
#10736 = CARTESIAN_POINT ( 'NONE',  ( 0.000000000000000000, 13.30000000000000071, 14.75000000000000000 ) ) ;
#10737 = AXIS2_PLACEMENT_3D ( 'NONE', #7771, #302, #9592 ) ;
#10738 = DIRECTION ( 'NONE',  ( -0.000000000000000000, 1.000000000000000000, -0.000000000000000000 ) ) ;
#10739 = LINE ( 'NONE', #2265, #9484 ) ;
#10740 = EDGE_CURVE ( 'NONE', #3725, #5061, #552, .T. ) ;
#10741 = ORIENTED_EDGE ( 'NONE', *, *, #9486, .F. ) ;
#10742 = VERTEX_POINT ( 'NONE', #10623 ) ;
#10743 = DIRECTION ( 'NONE',  ( 0.000000000000000000, 0.000000000000000000, 1.000000000000000000 ) ) ;
#10745 = DIRECTION ( 'NONE',  ( -0.000000000000000000, 1.000000000000000000, -0.000000000000000000 ) ) ;
#10744 = LINE ( 'NONE', #5862, #5469 ) ;
#10746 = ORIENTED_EDGE ( 'NONE', *, *, #903, .F. ) ;
#10747 = DIRECTION ( 'NONE',  ( -0.000000000000000000, 0.000000000000000000, -1.000000000000000000 ) ) ;
#10748 = DIRECTION ( 'NONE',  ( -0.000000000000000000, 0.000000000000000000, 1.000000000000000000 ) ) ;
#10749 = AXIS2_PLACEMENT_3D ( 'NONE', #1371, #493, #8146 ) ;
#10750 = DIRECTION ( 'NONE',  ( -3.384826294588892433E-16, 0.000000000000000000, -1.000000000000000000 ) ) ;
#10751 = DIRECTION ( 'NONE',  ( -0.000000000000000000, -1.000000000000000000, -0.000000000000000000 ) ) ;
#10752 = EDGE_CURVE ( 'NONE', #8651, #3559, #1378, .T. ) ;
#10753 = VERTEX_POINT ( 'NONE', #3819 ) ;
#10754 = EDGE_CURVE ( 'NONE', #7844, #10708, #10813, .T. ) ;
#10755 = VECTOR ( 'NONE', #819, 1000.000000000000000 ) ;
#10756 = DIRECTION ( 'NONE',  ( -0.000000000000000000, 1.000000000000000000, -0.000000000000000000 ) ) ;
#10757 = CARTESIAN_POINT ( 'NONE',  ( -51.97986711028337226, 7.202212344727031201, -3.442853664916054157 ) ) ;
#10758 = VECTOR ( 'NONE', #10349, 1000.000000000000000 ) ;
#10759 = PLANE ( 'NONE',  #9388 ) ;
#10760 = FACE_OUTER_BOUND ( 'NONE', #10786, .T. ) ;
#10761 = CARTESIAN_POINT ( 'NONE',  ( 34.84364652204423152, 0.2999999999999999889, 1.023830892551227167 ) ) ;
#10762 = DIRECTION ( 'NONE',  ( -1.000000000000000000, 0.000000000000000000, 0.000000000000000000 ) ) ;
#10763 = VECTOR ( 'NONE', #1433, 1000.000000000000000 ) ;
#10764 = ORIENTED_EDGE ( 'NONE', *, *, #8760, .F. ) ;
#10765 = VECTOR ( 'NONE', #448, 1000.000000000000000 ) ;
#10766 = EDGE_CURVE ( 'NONE', #453, #4582, #6975, .T. ) ;
#10767 = EDGE_LOOP ( 'NONE', ( #10769, #9217, #7586, #7553, #10193, #7060 ) ) ;
#10768 = LINE ( 'NONE', #3263, #316 ) ;
#10769 = ORIENTED_EDGE ( 'NONE', *, *, #2017, .T. ) ;
#10770 = CARTESIAN_POINT ( 'NONE',  ( -35.06554871542299878, 0.2000000000000000944, -20.34067203111831290 ) ) ;
#10771 = AXIS2_PLACEMENT_3D ( 'NONE', #9837, #4739, #2352 ) ;
#10772 = CARTESIAN_POINT ( 'NONE',  ( -7.994533542344514743, 13.30000000000000071, -13.84693827814967904 ) ) ;
#10773 = EDGE_LOOP ( 'NONE', ( #2120, #7870, #3937, #4801, #6680, #8242, #2202, #5612 ) ) ;
#10774 = PLANE ( 'NONE',  #4936 ) ;
#10775 = ORIENTED_EDGE ( 'NONE', *, *, #8455, .T. ) ;
#10776 = CARTESIAN_POINT ( 'NONE',  ( 25.40635347795577914, 0.2999999999999999889, -4.424792786874567341 ) ) ;
#10777 = LINE ( 'NONE', #6597, #1476 ) ;
#10778 = CARTESIAN_POINT ( 'NONE',  ( -47.04999999999999716, 3.000000000000000000, -10.34999999999999964 ) ) ;
#10779 = EDGE_CURVE ( 'NONE', #7279, #9469, #4164, .T. ) ;
#10780 = ORIENTED_EDGE ( 'NONE', *, *, #6506, .T. ) ;
#10781 = B_SPLINE_CURVE_WITH_KNOTS ( 'NONE', 3,
 ( #9100, #5656, #578, #6470, #1613, #8062 ),
 .UNSPECIFIED., .F., .F.,
 ( 4, 2, 4 ),
 ( 0.000000000000000000, 0.0003393158518392933574, 0.0006786317036785867148 ),
 .UNSPECIFIED. ) ;
#10782 = DIRECTION ( 'NONE',  ( -1.000000000000000000, 0.000000000000000000, 2.523234146875355998E-16 ) ) ;
#10784 = CARTESIAN_POINT ( 'NONE',  ( -31.39188509507858527, 7.573155319898681205E-17, 8.432842712474617031 ) ) ;
#10783 = CARTESIAN_POINT ( 'NONE',  ( -51.95568058483290486, 9.484780085661542515, -3.641416195903006248 ) ) ;
#10785 = CARTESIAN_POINT ( 'NONE',  ( -51.79999999999998295, 10.00000000000000000, 2.449999999999999734 ) ) ;
#10786 = EDGE_LOOP ( 'NONE', ( #192, #3297, #3116, #6886, #5100, #4270, #8049, #7657, #5964, #10710, #80, #6383, #8542, #8079 ) ) ;
#10787 = PLANE ( 'NONE',  #7735 ) ;
#10788 = EDGE_CURVE ( 'NONE', #10412, #7864, #1379, .T. ) ;
#10790 = CARTESIAN_POINT ( 'NONE',  ( 42.80000000000001137, 8.000000000000000000, -7.250000000000000888 ) ) ;
#10789 = VECTOR ( 'NONE', #4789, 1000.000000000000000 ) ;
#10791 = CARTESIAN_POINT ( 'NONE',  ( 47.05000000000001137, 11.00000000000000178, -9.500000000000001776 ) ) ;
#10792 = CARTESIAN_POINT ( 'NONE',  ( 35.59364652204423152, 0.5000000000000000000, -0.2752072131254404419 ) ) ;
#10793 = FACE_OUTER_BOUND ( 'NONE', #6468, .T. ) ;
#10794 = VERTEX_POINT ( 'NONE', #2305 ) ;
#10795 = EDGE_CURVE ( 'NONE', #297, #3809, #156, .T. ) ;
#10796 = ORIENTED_EDGE ( 'NONE', *, *, #895, .T. ) ;
#10797 = VERTEX_POINT ( 'NONE', #8204 ) ;
#10798 = DIRECTION ( 'NONE',  ( 0.000000000000000000, -1.000000000000000000, 0.000000000000000000 ) ) ;
#10800 = CARTESIAN_POINT ( 'NONE',  ( 30.50000000000001066, 0.2999999999999999889, -2.350000000000004974 ) ) ;
#10799 = CYLINDRICAL_SURFACE ( 'NONE', #6169, 1.300000000000000711 ) ;
#10801 = ORIENTED_EDGE ( 'NONE', *, *, #6295, .T. ) ;
#10802 = ADVANCED_FACE ( 'NONE', ( #1543 ), #4199, .F. ) ;
#10803 = CARTESIAN_POINT ( 'NONE',  ( -51.79999999999998295, 6.902631723476094550, -3.013815789473683893 ) ) ;
#10804 = FACE_OUTER_BOUND ( 'NONE', #4109, .T. ) ;
#10805 = VERTEX_POINT ( 'NONE', #9075 ) ;
#10806 = CARTESIAN_POINT ( 'NONE',  ( 51.50000000000001421, 11.34999999999999964, 3.299999999999999378 ) ) ;
#10807 = CARTESIAN_POINT ( 'NONE',  ( -51.79999999999998295, 9.852693908957508739, 3.264948469477882309 ) ) ;
#10808 = ORIENTED_EDGE ( 'NONE', *, *, #2026, .T. ) ;
#10809 = AXIS2_PLACEMENT_3D ( 'NONE', #9337, #2765, #1130 ) ;
#10810 = CARTESIAN_POINT ( 'NONE',  ( -51.99999999999998579, 7.109076873872524516, -3.116549989100683149 ) ) ;
#10811 = ADVANCED_FACE ( 'NONE', ( #4865 ), #5928, .T. ) ;
#10812 = DIRECTION ( 'NONE',  ( 1.000000000000000000, 0.000000000000000000, 0.000000000000000000 ) ) ;
#10813 = CIRCLE ( 'NONE', #6772, 0.1999999999999987899 ) ;
#10814 = CARTESIAN_POINT ( 'NONE',  ( -1.549999999999978506, 13.30000000000000071, 13.85000000000015952 ) ) ;
#10815 = DIRECTION ( 'NONE',  ( 1.000000000000000000, 0.000000000000000000, -1.261617073437677752E-16 ) ) ;
#10816 = CARTESIAN_POINT ( 'NONE',  ( -51.99999999999998579, 7.099999999999998757, 2.924999999999995826 ) ) ;
#10817 = VECTOR ( 'NONE', #7336, 1000.000000000000000 ) ;
#10818 = ORIENTED_EDGE ( 'NONE', *, *, #2627, .T. ) ;
#10819 = AXIS2_PLACEMENT_3D ( 'NONE', #8200, #5892, #8411 ) ;
#10820 = ORIENTED_EDGE ( 'NONE', *, *, #8420, .T. ) ;
#10821 = CARTESIAN_POINT ( 'NONE',  ( -31.60047529527845001, 3.276389878762281160, -8.850000000000054712 ) ) ;
#10822 = EDGE_CURVE ( 'NONE', #7748, #1773, #8257, .T. ) ;
#10823 = EDGE_CURVE ( 'NONE', #6367, #8872, #6653, .T. ) ;
#10824 = CARTESIAN_POINT ( 'NONE',  ( -34.31252571724582623, 0.2000000000000003164, 3.615000000000000213 ) ) ;
#10825 = ORIENTED_EDGE ( 'NONE', *, *, #1991, .T. ) ;
#10826 = CARTESIAN_POINT ( 'NONE',  ( -19.54999999999997939, 16.60000000000000142, 13.54999999999999893 ) ) ;
#10827 = ORIENTED_EDGE ( 'NONE', *, *, #4450, .F. ) ;
#10828 = CARTESIAN_POINT ( 'NONE',  ( 3.550000000000022027, 13.30000000000000071, 13.45000000000015916 ) ) ;
#10829 = DIRECTION ( 'NONE',  ( 0.000000000000000000, 0.000000000000000000, 1.000000000000000000 ) ) ;
#10830 =( BOUNDED_SURFACE ( )  B_SPLINE_SURFACE ( 3, 2, ( 
 ( #1259, #6235, #8807 ),
 ( #7982, #3658, #7156 ),
 ( #2848, #1380, #2086 ),
 ( #5412, #4590, #4701 ),
 ( #3820, #3006, #6342 ),
 ( #9691, #292, #2791 ),
 ( #6120, #7928, #345 ),
 ( #1976, #5307, #8644 ),
 ( #6992, #1158, #4483 ),
 ( #7818, #665, #7314 ) ),
 .UNSPECIFIED., .F., .F., .F. ) 
 B_SPLINE_SURFACE_WITH_KNOTS ( ( 4, 2, 2, 2, 4 ),
 ( 3, 3 ),
 ( 0.001648596938571244815, 0.001738530743188339278, 0.001828464547805433958, 0.001918398352422528638, 0.002008332157039623318 ),
 ( 0.000000000000000000, 1.000000000000000000 ),
 .UNSPECIFIED. ) 
 GEOMETRIC_REPRESENTATION_ITEM ( )  RATIONAL_B_SPLINE_SURFACE ( (
 ( 1.000000000000000000, 0.7071067811865475727, 1.000000000000000000),
 ( 1.000000000000000000, 0.7122019115115044707, 1.000000000000000000),
 ( 1.000000000000000000, 0.7176236460159648445, 1.000000000000000000),
 ( 1.000000000000000000, 0.7260035922963301580, 1.000000000000000000),
 ( 1.000000000000000000, 0.7287785373714557036, 1.000000000000000000),
 ( 1.000000000000000000, 0.7287685976969766610, 1.000000000000000000),
 ( 1.000000000000000000, 0.7259872367846168517, 1.000000000000000000),
 ( 1.000000000000000000, 0.7176144813960875224, 1.000000000000000000),
 ( 1.000000000000000000, 0.7122023116792233211, 1.000000000000000000),
 ( 1.000000000000000000, 0.7071067811865475727, 1.000000000000000000) ) ) 
 REPRESENTATION_ITEM ( '' )  SURFACE ( )  );
#10831 = ORIENTED_EDGE ( 'NONE', *, *, #8304, .T. ) ;
#10832 = CARTESIAN_POINT ( 'NONE',  ( 25.78856210340545019, 0.000000000000000000, -0.1494653044015730736 ) ) ;
ENDSEC;
END-ISO-10303-21;
