ISO-10303-21;
HEADER;
FILE_DESCRIPTION (( 'STEP AP214' ),
    '1' );
FILE_NAME ('5_¿ÇÌו.STEP',
    '2025-12-12T13:12:40',
    ( '' ),
    ( '' ),
    'SwSTEP 2.0',
    'SolidWorks 2025',
    '' );
FILE_SCHEMA (( 'AUTOMOTIVE_DESIGN' ));
ENDSEC;

DATA;
#1 = ORIENTED_EDGE ( 'NONE', *, *, #11107, .F. ) ;
#2 = LINE ( 'NONE', #11582, #11500 ) ;
#3 = CARTESIAN_POINT ( 'NONE',  ( 22.72059030133864255, 0.02145474610529656337, -8.229700368688559919 ) ) ;
#4 = DIRECTION ( 'NONE',  ( -0.000000000000000000, -1.000000000000000000, -0.000000000000000000 ) ) ;
#5 = CARTESIAN_POINT ( 'NONE',  ( 30.35000000000000142, 0.2999999999999999889, -3.150000000000002576 ) ) ;
#6 = CARTESIAN_POINT ( 'NONE',  ( -15.05000000000000782, 7.500000000000000000, 11.44999999999999218 ) ) ;
#7 = EDGE_CURVE ( 'NONE', #826, #3528, #1102, .T. ) ;
#8 = CARTESIAN_POINT ( 'NONE',  ( 43.25000000000000711, 7.500000000000000000, 1.984313483298447922 ) ) ;
#9 = EDGE_CURVE ( 'NONE', #2140, #10997, #10684, .T. ) ;
#10 = CYLINDRICAL_SURFACE ( 'NONE', #1710, 2.999999999999999112 ) ;
#11 = ORIENTED_EDGE ( 'NONE', *, *, #3231, .T. ) ;
#12 = DIRECTION ( 'NONE',  ( 0.000000000000000000, 0.000000000000000000, -1.000000000000000000 ) ) ;
#13 = VERTEX_POINT ( 'NONE', #2629 ) ;
#14 = DIRECTION ( 'NONE',  ( -0.000000000000000000, 1.000000000000000000, -0.000000000000000000 ) ) ;
#15 = FACE_OUTER_BOUND ( 'NONE', #10890, .T. ) ;
#16 = CARTESIAN_POINT ( 'NONE',  ( -52.45000000000001705, 7.899999999999999467, -2.924999999999972289 ) ) ;
#17 = CARTESIAN_POINT ( 'NONE',  ( -45.00000000000001421, 4.000000000000000000, -9.540000000000009805 ) ) ;
#18 = EDGE_CURVE ( 'NONE', #2357, #11539, #4217, .T. ) ;
#19 = CARTESIAN_POINT ( 'NONE',  ( -45.20000000000000284, 16.50000000000000000, -6.750000000000000888 ) ) ;
#20 = EDGE_CURVE ( 'NONE', #10660, #9113, #745, .T. ) ;
#21 = CARTESIAN_POINT ( 'NONE',  ( -50.62018136953446401, 13.77550016404837940, -4.749999999999999112 ) ) ;
#22 = ORIENTED_EDGE ( 'NONE', *, *, #5909, .T. ) ;
#23 = VERTEX_POINT ( 'NONE', #6133 ) ;
#24 = CARTESIAN_POINT ( 'NONE',  ( 1.249999999999992450, 3.010000000000000231, 9.939999999999992397 ) ) ;
#25 = CARTESIAN_POINT ( 'NONE',  ( -52.23028309663725111, 9.083160098316305664, -3.680390056223213247 ) ) ;
#26 = LINE ( 'NONE', #3621, #9815 ) ;
#27 = CIRCLE ( 'NONE', #1148, 6.800000000000007816 ) ;
#28 = LINE ( 'NONE', #6416, #9923 ) ;
#29 = ORIENTED_EDGE ( 'NONE', *, *, #7594, .F. ) ;
#30 = DIRECTION ( 'NONE',  ( 1.000000000000000000, 0.000000000000000000, -6.938893903907228378E-17 ) ) ;
#31 = CARTESIAN_POINT ( 'NONE',  ( -37.20000000000000284, 4.000000000000000000, -12.25000000000000000 ) ) ;
#32 = VERTEX_POINT ( 'NONE', #11579 ) ;
#33 = CARTESIAN_POINT ( 'NONE',  ( -52.20423501068191996, 8.342950398789584554, -4.212724285319828788 ) ) ;
#34 = ORIENTED_EDGE ( 'NONE', *, *, #6895, .F. ) ;
#35 = LINE ( 'NONE', #2737, #10337 ) ;
#36 = ORIENTED_EDGE ( 'NONE', *, *, #7628, .T. ) ;
#37 = CARTESIAN_POINT ( 'NONE',  ( 2.099999999999991207, 12.50000000000000000, 12.35000000000019149 ) ) ;
#38 = VERTEX_POINT ( 'NONE', #9842 ) ;
#39 = AXIS2_PLACEMENT_3D ( 'NONE', #7355, #2841, #2117 ) ;
#40 = CARTESIAN_POINT ( 'NONE',  ( 22.08039777241907586, 0.000000000000000000, 1.104841829914333218 ) ) ;
#41 = EDGE_LOOP ( 'NONE', ( #7850, #10710 ) ) ;
#42 = CARTESIAN_POINT ( 'NONE',  ( -37.54999999999999716, 2.658044035770915267E-15, 14.25000000000000533 ) ) ;
#43 = DIRECTION ( 'NONE',  ( -1.000000000000000000, 0.000000000000000000, 0.000000000000000000 ) ) ;
#44 = PRODUCT_CONTEXT ( 'NONE', #3838, 'mechanical' ) ;
#45 = CARTESIAN_POINT ( 'NONE',  ( 45.25000000000000711, 7.500000000000000000, -12.25000000000000000 ) ) ;
#46 = DIRECTION ( 'NONE',  ( 0.000000000000000000, 0.000000000000000000, -1.000000000000000000 ) ) ;
#47 = ORIENTED_EDGE ( 'NONE', *, *, #9926, .T. ) ;
#48 = DIRECTION ( 'NONE',  ( -0.000000000000000000, 1.000000000000000000, -0.000000000000000000 ) ) ;
#49 = ORIENTED_EDGE ( 'NONE', *, *, #5520, .F. ) ;
#50 = ORIENTED_EDGE ( 'NONE', *, *, #6998, .F. ) ;
#51 = CARTESIAN_POINT ( 'NONE',  ( -50.75000000000000711, 13.79999999999999893, 4.750000000000000888 ) ) ;
#52 = EDGE_CURVE ( 'NONE', #8433, #10726, #1686, .T. ) ;
#53 = CARTESIAN_POINT ( 'NONE',  ( 22.93973591322001582, 0.2034045586693254692, -8.279818262589738964 ) ) ;
#54 = EDGE_CURVE ( 'NONE', #10445, #5929, #7028, .T. ) ;
#55 = VERTEX_POINT ( 'NONE', #5252 ) ;
#56 = LINE ( 'NONE', #2697, #1084 ) ;
#57 = EDGE_CURVE ( 'NONE', #6508, #7326, #4368, .T. ) ;
#58 = LINE ( 'NONE', #3651, #2607 ) ;
#59 = DIRECTION ( 'NONE',  ( 0.000000000000000000, 1.000000000000000000, -0.000000000000000000 ) ) ;
#60 = CARTESIAN_POINT ( 'NONE',  ( 30.35000000000000142, -0.001000000000000024307, -3.150000000000002576 ) ) ;
#61 = CYLINDRICAL_SURFACE ( 'NONE', #9334, 3.000000000000002665 ) ;
#62 = CARTESIAN_POINT ( 'NONE',  ( -42.50000000000000000, 13.29999999999999893, -12.25000000000000000 ) ) ;
#63 = VECTOR ( 'NONE', #3458, 1000.000000000000000 ) ;
#64 = ORIENTED_EDGE ( 'NONE', *, *, #7291, .T. ) ;
#65 = DIRECTION ( 'NONE',  ( 0.000000000000000000, 0.000000000000000000, 1.000000000000000000 ) ) ;
#66 = ADVANCED_FACE ( 'NONE', ( #11633 ), #10571, .T. ) ;
#67 = EDGE_CURVE ( 'NONE', #659, #5263, #805, .T. ) ;
#68 = ORIENTED_EDGE ( 'NONE', *, *, #9424, .F. ) ;
#69 = DIRECTION ( 'NONE',  ( 0.000000000000000000, 1.000000000000000000, 0.000000000000000000 ) ) ;
#70 = VECTOR ( 'NONE', #1066, 1000.000000000000000 ) ;
#71 = CARTESIAN_POINT ( 'NONE',  ( 31.09999999999998010, 0.3838500223531486899, -12.11869555732604908 ) ) ;
#72 = CARTESIAN_POINT ( 'NONE',  ( -44.57336452153096928, 3.845390607614866063, -9.003685727727829047 ) ) ;
#73 = VECTOR ( 'NONE', #5698, 1000.000000000000000 ) ;
#74 = CARTESIAN_POINT ( 'NONE',  ( -39.54999999999913030, 4.007420273433608848, 12.43438872810979490 ) ) ;
#75 = DIRECTION ( 'NONE',  ( 1.000000000000000000, 0.000000000000000000, -7.485322442186879976E-17 ) ) ;
#76 = ORIENTED_EDGE ( 'NONE', *, *, #6011, .T. ) ;
#77 = ORIENTED_EDGE ( 'NONE', *, *, #6648, .F. ) ;
#78 = EDGE_CURVE ( 'NONE', #2417, #4762, #10189, .T. ) ;
#79 = AXIS2_PLACEMENT_3D ( 'NONE', #6004, #5229, #5170 ) ;
#80 = VERTEX_POINT ( 'NONE', #2456 ) ;
#81 = EDGE_CURVE ( 'NONE', #4151, #4237, #11519, .T. ) ;
#82 = DIRECTION ( 'NONE',  ( 1.000000000000000000, -0.000000000000000000, -1.084202172485504434E-16 ) ) ;
#83 = CARTESIAN_POINT ( 'NONE',  ( -52.20449119161611407, 7.658866444929313566, -4.260293390207178454 ) ) ;
#84 = LINE ( 'NONE', #7483, #5632 ) ;
#85 = DIRECTION ( 'NONE',  ( -0.000000000000000000, 1.000000000000000000, -0.000000000000000000 ) ) ;
#86 = CARTESIAN_POINT ( 'NONE',  ( 30.35000000000000142, 0.000000000000000000, -3.150000000000002576 ) ) ;
#87 = ORIENTED_EDGE ( 'NONE', *, *, #7518, .F. ) ;
#88 = VERTEX_POINT ( 'NONE', #560 ) ;
#89 = CARTESIAN_POINT ( 'NONE',  ( 30.35000000000000142, 0.2999999999999999889, -3.150000000000002576 ) ) ;
#90 = CARTESIAN_POINT ( 'NONE',  ( 49.75000000000000000, 3.000000000000000000, 9.500000000000003553 ) ) ;
#91 = CARTESIAN_POINT ( 'NONE',  ( -42.75000000000000000, 11.29999999999999716, -12.25000000000000000 ) ) ;
#92 = ORIENTED_EDGE ( 'NONE', *, *, #10891, .T. ) ;
#93 = ORIENTED_EDGE ( 'NONE', *, *, #8242, .F. ) ;
#94 = ADVANCED_FACE ( 'NONE', ( #4884 ), #7857, .F. ) ;
#95 = DIRECTION ( 'NONE',  ( 0.000000000000000000, 0.000000000000000000, 1.000000000000000000 ) ) ;
#96 = EDGE_LOOP ( 'NONE', ( #3601, #6500, #5239, #8790, #6055 ) ) ;
#97 = DIRECTION ( 'NONE',  ( 1.000000000000000000, 0.000000000000000000, 7.304098846218136886E-17 ) ) ;
#98 = ORIENTED_EDGE ( 'NONE', *, *, #8353, .T. ) ;
#99 = SURFACE_STYLE_FILL_AREA ( #6484 ) ;
#100 = CARTESIAN_POINT ( 'NONE',  ( 0.000000000000000000, 12.30000000000000071, 12.25000000000000178 ) ) ;
#101 = DIRECTION ( 'NONE',  ( 0.000000000000000000, 1.000000000000000000, -0.000000000000000000 ) ) ;
#102 = VECTOR ( 'NONE', #7716, 1000.000000000000000 ) ;
#103 = CARTESIAN_POINT ( 'NONE',  ( -51.96380946639082765, 6.965268144135396078, -4.121946119023315980 ) ) ;
#104 = AXIS2_PLACEMENT_3D ( 'NONE', #6521, #10169, #3850 ) ;
#105 = VERTEX_POINT ( 'NONE', #385 ) ;
#106 = DIRECTION ( 'NONE',  ( 0.000000000000000000, 0.000000000000000000, 1.000000000000000000 ) ) ;
#107 = ORIENTED_EDGE ( 'NONE', *, *, #9925, .T. ) ;
#108 = DIRECTION ( 'NONE',  ( -0.000000000000000000, 1.000000000000000000, -0.000000000000000000 ) ) ;
#109 = AXIS2_PLACEMENT_3D ( 'NONE', #4317, #2694, #5193 ) ;
#110 = CARTESIAN_POINT ( 'NONE',  ( 26.02573810278256161, 0.09795398803915250641, -6.426162013252774585 ) ) ;
#111 = VECTOR ( 'NONE', #1063, 1000.000000000000000 ) ;
#112 = ORIENTED_EDGE ( 'NONE', *, *, #52, .T. ) ;
#113 = CYLINDRICAL_SURFACE ( 'NONE', #523, 0.3000000000000016542 ) ;
#114 = ORIENTED_EDGE ( 'NONE', *, *, #8604, .T. ) ;
#115 = DIRECTION ( 'NONE',  ( 0.000000000000000000, 1.000000000000000000, -0.000000000000000000 ) ) ;
#116 = FACE_OUTER_BOUND ( 'NONE', #1880, .T. ) ;
#117 = CARTESIAN_POINT ( 'NONE',  ( 31.09999999999998010, 3.000000000000000000, -11.75000000000000355 ) ) ;
#118 = CARTESIAN_POINT ( 'NONE',  ( 8.795253869569584650E-16, 3.000000000000000000, 11.75000000000000355 ) ) ;
#119 = VECTOR ( 'NONE', #10439, 1000.000000000000000 ) ;
#120 = ORIENTED_EDGE ( 'NONE', *, *, #4745, .T. ) ;
#121 = CARTESIAN_POINT ( 'NONE',  ( -52.11888654234622464, 8.850276794842988792, 4.114386614189694313 ) ) ;
#122 = ORIENTED_EDGE ( 'NONE', *, *, #1636, .T. ) ;
#123 = DIRECTION ( 'NONE',  ( 0.000000000000000000, 0.000000000000000000, 1.000000000000000000 ) ) ;
#124 = ORIENTED_EDGE ( 'NONE', *, *, #5973, .F. ) ;
#125 = DIRECTION ( 'NONE',  ( 1.084202172485504434E-16, 0.000000000000000000, 1.000000000000000000 ) ) ;
#126 = LINE ( 'NONE', #1120, #5812 ) ;
#127 = VECTOR ( 'NONE', #3869, 1000.000000000000000 ) ;
#128 = DIRECTION ( 'NONE',  ( 0.000000000000000000, 1.000000000000000000, -1.865294060190115224E-16 ) ) ;
#129 = PLANE ( 'NONE',  #39 ) ;
#130 = EDGE_CURVE ( 'NONE', #2098, #5341, #442, .T. ) ;
#131 = EDGE_CURVE ( 'NONE', #2097, #11383, #2437, .T. ) ;
#132 = DIRECTION ( 'NONE',  ( 0.000000000000000000, 0.000000000000000000, 1.000000000000000000 ) ) ;
#133 = EDGE_LOOP ( 'NONE', ( #234, #3127, #6304, #1714 ) ) ;
#134 = ORIENTED_EDGE ( 'NONE', *, *, #1449, .F. ) ;
#135 = VECTOR ( 'NONE', #10054, 1000.000000000000000 ) ;
#136 = DIRECTION ( 'NONE',  ( 0.000000000000000000, 1.000000000000000000, -0.000000000000000000 ) ) ;
#137 = CARTESIAN_POINT ( 'NONE',  ( 30.93444636088670663, 0.02145563245112883100, 5.997111039792332399 ) ) ;
#138 = CARTESIAN_POINT ( 'NONE',  ( -20.00000000000000711, 12.30000000000000071, -13.55000000000000249 ) ) ;
#139 = DIRECTION ( 'NONE',  ( 0.000000000000000000, 0.000000000000000000, 1.000000000000000000 ) ) ;
#140 = DIRECTION ( 'NONE',  ( 0.000000000000000000, 0.000000000000000000, -1.000000000000000000 ) ) ;
#141 = DIRECTION ( 'NONE',  ( -0.000000000000000000, -1.000000000000000000, 0.000000000000000000 ) ) ;
#142 = ORIENTED_EDGE ( 'NONE', *, *, #7289, .T. ) ;
#143 = CIRCLE ( 'NONE', #3912, 1.499999999999999556 ) ;
#144 = ORIENTED_EDGE ( 'NONE', *, *, #867, .T. ) ;
#145 = EDGE_CURVE ( 'NONE', #6009, #9988, #2323, .T. ) ;
#146 = CARTESIAN_POINT ( 'NONE',  ( 1.036764281119435083, 14.00000000000000000, -14.75000000000000178 ) ) ;
#147 = DIRECTION ( 'NONE',  ( 2.312964634635743450E-15, 0.000000000000000000, 1.000000000000000000 ) ) ;
#148 = ADVANCED_FACE ( 'NONE', ( #499 ), #5828, .T. ) ;
#149 = CYLINDRICAL_SURFACE ( 'NONE', #9986, 2.000000000000003109 ) ;
#150 = ORIENTED_EDGE ( 'NONE', *, *, #10996, .T. ) ;
#151 = ORIENTED_EDGE ( 'NONE', *, *, #2227, .F. ) ;
#152 = VECTOR ( 'NONE', #5697, 1000.000000000000000 ) ;
#153 = DIRECTION ( 'NONE',  ( 0.000000000000000000, 0.000000000000000000, -1.000000000000000000 ) ) ;
#154 = ORIENTED_EDGE ( 'NONE', *, *, #788, .F. ) ;
#155 = LINE ( 'NONE', #4595, #11528 ) ;
#156 = ORIENTED_EDGE ( 'NONE', *, *, #4123, .F. ) ;
#157 = FACE_OUTER_BOUND ( 'NONE', #2244, .T. ) ;
#158 = LINE ( 'NONE', #11587, #3462 ) ;
#159 = ADVANCED_FACE ( 'NONE', ( #6954 ), #1442, .T. ) ;
#160 = AXIS2_PLACEMENT_3D ( 'NONE', #6740, #1468, #11288 ) ;
#161 = VECTOR ( 'NONE', #7945, 1000.000000000000000 ) ;
#162 = CARTESIAN_POINT ( 'NONE',  ( 28.92827734885334223, -0.009531659078452754327, -12.05271341290412401 ) ) ;
#163 = VERTEX_POINT ( 'NONE', #10366 ) ;
#164 = EDGE_CURVE ( 'NONE', #5376, #10066, #7470, .T. ) ;
#165 = CARTESIAN_POINT ( 'NONE',  ( -2.000000000000008882, 12.30000000000000071, 14.75000000000000355 ) ) ;
#166 = FACE_OUTER_BOUND ( 'NONE', #5338, .T. ) ;
#167 = ORIENTED_EDGE ( 'NONE', *, *, #5719, .T. ) ;
#168 = PLANE ( 'NONE',  #4659 ) ;
#169 = VECTOR ( 'NONE', #8563, 1000.000000000000000 ) ;
#170 = CIRCLE ( 'NONE', #5273, 5.499999999999988454 ) ;
#171 = CARTESIAN_POINT ( 'NONE',  ( 30.80000000000002913, 0.000000000000000000, 5.818695557326043044 ) ) ;
#172 = FACE_OUTER_BOUND ( 'NONE', #6689, .T. ) ;
#173 = ORIENTED_EDGE ( 'NONE', *, *, #10296, .T. ) ;
#174 = EDGE_LOOP ( 'NONE', ( #10147, #4822, #6390, #6086 ) ) ;
#175 = CARTESIAN_POINT ( 'NONE',  ( 0.000000000000000000, 14.00000000000000000, -13.25000000000000178 ) ) ;
#176 = DIRECTION ( 'NONE',  ( 0.000000000000000000, 0.000000000000000000, 1.000000000000000000 ) ) ;
#177 = FACE_OUTER_BOUND ( 'NONE', #9740, .T. ) ;
#178 = LINE ( 'NONE', #3784, #9386 ) ;
#179 = EDGE_LOOP ( 'NONE', ( #10848, #1448, #6993, #4516 ) ) ;
#180 = LINE ( 'NONE', #6509, #9591 ) ;
#181 = VERTEX_POINT ( 'NONE', #1331 ) ;
#182 = DIRECTION ( 'NONE',  ( 0.000000000000000000, 0.000000000000000000, 1.000000000000000000 ) ) ;
#183 = LINE ( 'NONE', #5515, #3934 ) ;
#184 = FACE_OUTER_BOUND ( 'NONE', #4043, .T. ) ;
#185 = DIRECTION ( 'NONE',  ( 0.000000000000000000, 0.000000000000000000, -1.000000000000000000 ) ) ;
#186 = DIRECTION ( 'NONE',  ( 0.000000000000000000, 1.000000000000000000, 0.000000000000000000 ) ) ;
#187 = CYLINDRICAL_SURFACE ( 'NONE', #620, 0.2999999999999994338 ) ;
#188 = ORIENTED_EDGE ( 'NONE', *, *, #11668, .F. ) ;
#189 = ADVANCED_BREP_SHAPE_REPRESENTATION ( '5_\X2\58f34f53\X0\', ( #934, #3768 ), #8717 ) ;
#190 = ORIENTED_EDGE ( 'NONE', *, *, #5974, .T. ) ;
#191 = ORIENTED_EDGE ( 'NONE', *, *, #6631, .T. ) ;
#192 = LINE ( 'NONE', #5407, #501 ) ;
#193 = ADVANCED_FACE ( 'NONE', ( #5060 ), #11329, .T. ) ;
#194 = CARTESIAN_POINT ( 'NONE',  ( 30.35000000000000142, 0.5999999999999989786, -3.150000000000002576 ) ) ;
#195 = CARTESIAN_POINT ( 'NONE',  ( 30.93371615957096310, 0.08462741175304169805, -12.36484571872981064 ) ) ;
#196 = CARTESIAN_POINT ( 'NONE',  ( 51.95000000000000284, 10.80000000000000071, 3.299999999999999378 ) ) ;
#197 = EDGE_CURVE ( 'NONE', #1687, #4308, #8579, .T. ) ;
#198 = CARTESIAN_POINT ( 'NONE',  ( -51.95000000000000995, 5.999999999999998224, 2.449999999999999734 ) ) ;
#199 = EDGE_LOOP ( 'NONE', ( #3323, #10253, #4002, #8608 ) ) ;
#200 = EDGE_CURVE ( 'NONE', #11512, #6688, #9418, .T. ) ;
#201 = CARTESIAN_POINT ( 'NONE',  ( -36.95000000000000284, 4.015686516701556741, -12.50000000000000000 ) ) ;
#202 = ORIENTED_EDGE ( 'NONE', *, *, #11395, .T. ) ;
#203 = AXIS2_PLACEMENT_3D ( 'NONE', #9570, #8494, #10403 ) ;
#204 = CARTESIAN_POINT ( 'NONE',  ( -42.75000000000000000, 4.015686516701556741, -12.50000000000000000 ) ) ;
#205 = ORIENTED_EDGE ( 'NONE', *, *, #3259, .T. ) ;
#206 = ORIENTED_EDGE ( 'NONE', *, *, #415, .F. ) ;
#207 = VERTEX_POINT ( 'NONE', #3157 ) ;
#208 = CIRCLE ( 'NONE', #3403, 0.1999999999999999278 ) ;
#209 = CARTESIAN_POINT ( 'NONE',  ( 25.25635347795577346, 0.5999999999999989786, -5.224792786874578709 ) ) ;
#210 = ORIENTED_EDGE ( 'NONE', *, *, #4842, .T. ) ;
#211 = EDGE_CURVE ( 'NONE', #10435, #80, #3068, .T. ) ;
#212 = DIRECTION ( 'NONE',  ( -0.000000000000000000, -1.000000000000000000, -0.000000000000000000 ) ) ;
#213 = ORIENTED_EDGE ( 'NONE', *, *, #3881, .T. ) ;
#214 = CARTESIAN_POINT ( 'NONE',  ( -14.05000000000000782, 3.199999999999999734, 0.000000000000000000 ) ) ;
#215 = EDGE_CURVE ( 'NONE', #2735, #9218, #6005, .T. ) ;
#216 = SHAPE_DEFINITION_REPRESENTATION ( #2559, #189 ) ;
#217 = CARTESIAN_POINT ( 'NONE',  ( -2.000000000000008882, 14.00000000000000000, -12.35000000000019149 ) ) ;
#218 = ORIENTED_EDGE ( 'NONE', *, *, #9121, .T. ) ;
#219 = DIRECTION ( 'NONE',  ( 1.000000000000000000, -0.000000000000000000, 1.826024711554533223E-15 ) ) ;
#220 = CARTESIAN_POINT ( 'NONE',  ( -42.72304223721046412, 4.003042131983495011, -12.36956634074368111 ) ) ;
#221 = AXIS2_PLACEMENT_3D ( 'NONE', #5089, #7832, #1529 ) ;
#222 = ORIENTED_EDGE ( 'NONE', *, *, #6709, .T. ) ;
#223 = FACE_OUTER_BOUND ( 'NONE', #7166, .T. ) ;
#224 = EDGE_CURVE ( 'NONE', #3938, #7986, #10990, .T. ) ;
#225 = DIRECTION ( 'NONE',  ( -0.9936665029951259331, -0.1123693945228736724, 0.000000000000000000 ) ) ;
#226 = ADVANCED_FACE ( 'NONE', ( #4230 ), #7744, .T. ) ;
#227 = ADVANCED_FACE ( 'NONE', ( #6293 ), #4587, .T. ) ;
#228 = CARTESIAN_POINT ( 'NONE',  ( -45.19999999999994600, 3.000000000000000000, -11.75000000000000355 ) ) ;
#229 = ORIENTED_EDGE ( 'NONE', *, *, #10754, .T. ) ;
#230 = FACE_OUTER_BOUND ( 'NONE', #7727, .T. ) ;
#231 = DIRECTION ( 'NONE',  ( 1.284980352575412107E-15, -1.766847984791191746E-15, 1.000000000000000000 ) ) ;
#232 = CARTESIAN_POINT ( 'NONE',  ( 3.614232777074994810E-13, 12.30000000000000071, 13.54999999999995097 ) ) ;
#233 = VECTOR ( 'NONE', #8006, 1000.000000000000000 ) ;
#234 = ORIENTED_EDGE ( 'NONE', *, *, #774, .F. ) ;
#235 = CARTESIAN_POINT ( 'NONE',  ( -42.40000000000000568, 13.29999999999999893, 12.25000000000000000 ) ) ;
#236 = EDGE_CURVE ( 'NONE', #883, #5841, #1671, .T. ) ;
#237 = FACE_OUTER_BOUND ( 'NONE', #2898, .T. ) ;
#238 = DIRECTION ( 'NONE',  ( 0.000000000000000000, 0.000000000000000000, 1.000000000000000000 ) ) ;
#239 = CARTESIAN_POINT ( 'NONE',  ( 30.79999999999998295, 0.09935464829977914969, -12.51567391470514856 ) ) ;
#240 = DIRECTION ( 'NONE',  ( 0.000000000000000000, -1.000000000000000000, 0.000000000000000000 ) ) ;
#241 = CYLINDRICAL_SURFACE ( 'NONE', #2688, 2.000000000000000000 ) ;
#242 = CARTESIAN_POINT ( 'NONE',  ( -2.000000000000011990, 14.00000000000000000, -14.75000000000000355 ) ) ;
#243 = ORIENTED_EDGE ( 'NONE', *, *, #3986, .F. ) ;
#244 = DIRECTION ( 'NONE',  ( -1.000000000000000000, 0.000000000000000000, 0.000000000000000000 ) ) ;
#245 = DIRECTION ( 'NONE',  ( -0.000000000000000000, 1.000000000000000000, -0.000000000000000000 ) ) ;
#246 = CIRCLE ( 'NONE', #10696, 50.00000000000000000 ) ;
#247 = CARTESIAN_POINT ( 'NONE',  ( -45.19999999999994600, 3.000000000000000000, -14.75000000000000355 ) ) ;
#248 = CARTESIAN_POINT ( 'NONE',  ( -39.55000000000000426, 13.28431348329844219, 12.50000000000000000 ) ) ;
#249 = DIRECTION ( 'NONE',  ( 0.000000000000000000, 0.000000000000000000, 1.000000000000000000 ) ) ;
#250 = VERTEX_POINT ( 'NONE', #7122 ) ;
#251 = CARTESIAN_POINT ( 'NONE',  ( 30.35000000000000142, 0.000000000000000000, -3.150000000000002576 ) ) ;
#252 = DIRECTION ( 'NONE',  ( 0.000000000000000000, 0.000000000000000000, 1.000000000000000000 ) ) ;
#253 = CARTESIAN_POINT ( 'NONE',  ( 22.10783969873333277, -1.290242936905112597E-15, -7.311545626786709384 ) ) ;
#254 = EDGE_CURVE ( 'NONE', #9187, #7517, #1730, .T. ) ;
#255 = VECTOR ( 'NONE', #8808, 1000.000000000000000 ) ;
#256 = CARTESIAN_POINT ( 'NONE',  ( -45.20000000000000284, 3.000000000000000000, -6.750000000000000888 ) ) ;
#257 = ORIENTED_EDGE ( 'NONE', *, *, #8692, .F. ) ;
#258 = EDGE_LOOP ( 'NONE', ( #1146, #4263, #9003, #8277 ) ) ;
#259 = EDGE_CURVE ( 'NONE', #7437, #7004, #8092, .T. ) ;
#260 = ORIENTED_EDGE ( 'NONE', *, *, #6454, .T. ) ;
#261 = VERTEX_POINT ( 'NONE', #2729 ) ;
#262 = CARTESIAN_POINT ( 'NONE',  ( -52.21211380852812312, 6.857290146186910462, 3.863961515592198914 ) ) ;
#263 = ORIENTED_EDGE ( 'NONE', *, *, #584, .T. ) ;
#264 = CARTESIAN_POINT ( 'NONE',  ( -42.15000000000000568, 0.000000000000000000, 0.000000000000000000 ) ) ;
#265 = ORIENTED_EDGE ( 'NONE', *, *, #1291, .F. ) ;
#266 = CARTESIAN_POINT ( 'NONE',  ( -50.26011307138881534, 7.692538816263051693, 4.350053986522735450 ) ) ;
#267 = CARTESIAN_POINT ( 'NONE',  ( 47.49999999999994316, 3.000000000000000000, 14.75000000000000000 ) ) ;
#268 = CARTESIAN_POINT ( 'NONE',  ( -14.05000000000000782, 3.010000000000000231, -8.550000000000014921 ) ) ;
#269 = ORIENTED_EDGE ( 'NONE', *, *, #842, .T. ) ;
#270 = ADVANCED_FACE ( 'NONE', ( #5414 ), #7978, .T. ) ;
#271 = CARTESIAN_POINT ( 'NONE',  ( -52.25000000000001421, 6.402631723476091885, 3.013815789473677231 ) ) ;
#272 = EDGE_CURVE ( 'NONE', #10423, #3810, #3638, .T. ) ;
#273 = EDGE_LOOP ( 'NONE', ( #2637, #4636, #9706, #2909 ) ) ;
#274 = CARTESIAN_POINT ( 'NONE',  ( -50.25000000000000711, 4.000000000000000000, -6.750000000000000000 ) ) ;
#275 = CARTESIAN_POINT ( 'NONE',  ( -45.00000000000001421, 4.000000000000000000, -9.540000000000009805 ) ) ;
#276 = CARTESIAN_POINT ( 'NONE',  ( -44.77695776278953588, 13.29695786801650392, -12.36956634074368111 ) ) ;
#277 = ORIENTED_EDGE ( 'NONE', *, *, #7966, .T. ) ;
#278 = EDGE_LOOP ( 'NONE', ( #6166, #2592, #6122, #11112, #4399, #5494, #5380, #4620 ) ) ;
#279 = VECTOR ( 'NONE', #646, 1000.000000000000000 ) ;
#280 = CARTESIAN_POINT ( 'NONE',  ( -8.947521086617219380E-16, 15.50000000000000000, 12.25000000000000355 ) ) ;
#281 = VECTOR ( 'NONE', #7488, 1000.000000000000000 ) ;
#282 = FACE_OUTER_BOUND ( 'NONE', #2910, .T. ) ;
#283 = EDGE_CURVE ( 'NONE', #4591, #2675, #8588, .T. ) ;
#284 = CARTESIAN_POINT ( 'NONE',  ( -44.37237639837090342, 4.000000000000000888, 9.648306605715626816 ) ) ;
#285 = EDGE_CURVE ( 'NONE', #1469, #9218, #3681, .T. ) ;
#286 = ORIENTED_EDGE ( 'NONE', *, *, #5655, .T. ) ;
#287 = VECTOR ( 'NONE', #5278, 1000.000000000000000 ) ;
#288 = DIRECTION ( 'NONE',  ( 0.000000000000000000, 1.000000000000000000, -0.000000000000000000 ) ) ;
#289 = VERTEX_POINT ( 'NONE', #8444 ) ;
#290 = CARTESIAN_POINT ( 'NONE',  ( -45.00000000000001421, 4.000000000000000000, 0.000000000000000000 ) ) ;
#291 = CARTESIAN_POINT ( 'NONE',  ( -33.55000000000001137, 4.000000000000000000, 10.44999999999999218 ) ) ;
#292 = LINE ( 'NONE', #3011, #1860 ) ;
#293 = VECTOR ( 'NONE', #5251, 1000.000000000000000 ) ;
#294 = AXIS2_PLACEMENT_3D ( 'NONE', #5777, #4946, #2215 ) ;
#295 = LINE ( 'NONE', #5796, #8182 ) ;
#296 = EDGE_CURVE ( 'NONE', #105, #8689, #10966, .T. ) ;
#297 = CARTESIAN_POINT ( 'NONE',  ( -23.23676428111944148, 12.30000000000000071, 14.75000000000000355 ) ) ;
#298 = EDGE_CURVE ( 'NONE', #1340, #7774, #10877, .T. ) ;
#299 = DIRECTION ( 'NONE',  ( 0.000000000000000000, 1.000000000000000000, -0.000000000000000000 ) ) ;
#300 = ORIENTED_EDGE ( 'NONE', *, *, #4831, .T. ) ;
#301 = DIRECTION ( 'NONE',  ( -0.8660254037844383745, 0.000000000000000000, 0.5000000000000006661 ) ) ;
#302 = VECTOR ( 'NONE', #744, 1000.000000000000000 ) ;
#303 = FACE_OUTER_BOUND ( 'NONE', #8677, .T. ) ;
#304 = VERTEX_POINT ( 'NONE', #3926 ) ;
#305 = CYLINDRICAL_SURFACE ( 'NONE', #719, 1.999999999999996669 ) ;
#306 = DIRECTION ( 'NONE',  ( 0.000000000000000000, 1.000000000000000000, 0.000000000000000000 ) ) ;
#307 = CARTESIAN_POINT ( 'NONE',  ( -39.66903178392871610, 13.30034910780785395, 12.27727016374981694 ) ) ;
#308 = FACE_OUTER_BOUND ( 'NONE', #986, .T. ) ;
#309 = DIRECTION ( 'NONE',  ( -1.000000000000000000, 0.000000000000000000, 0.000000000000000000 ) ) ;
#310 = ORIENTED_EDGE ( 'NONE', *, *, #5685, .T. ) ;
#311 = DIRECTION ( 'NONE',  ( 0.000000000000000000, 0.000000000000000000, -1.000000000000000000 ) ) ;
#312 = FACE_OUTER_BOUND ( 'NONE', #2865, .T. ) ;
#313 = VECTOR ( 'NONE', #5839, 1000.000000000000000 ) ;
#314 = CARTESIAN_POINT ( 'NONE',  ( -51.95000000000000995, 9.040539679193132727, -3.989179658484618862 ) ) ;
#315 = DIRECTION ( 'NONE',  ( 0.000000000000000000, 0.000000000000000000, -1.000000000000000000 ) ) ;
#316 = ORIENTED_EDGE ( 'NONE', *, *, #5397, .F. ) ;
#317 = ORIENTED_EDGE ( 'NONE', *, *, #7373, .F. ) ;
#318 = ORIENTED_EDGE ( 'NONE', *, *, #11181, .T. ) ;
#319 = ORIENTED_EDGE ( 'NONE', *, *, #1930, .F. ) ;
#320 = CARTESIAN_POINT ( 'NONE',  ( -49.63826530612245591, 6.999999999999999112, 6.750000000000000888 ) ) ;
#321 = ORIENTED_EDGE ( 'NONE', *, *, #11720, .T. ) ;
#322 = VECTOR ( 'NONE', #1734, 1000.000000000000000 ) ;
#323 = CARTESIAN_POINT ( 'NONE',  ( -52.43183304299722636, 6.689219421286844991, -3.450629295177451539 ) ) ;
#324 = VERTEX_POINT ( 'NONE', #9161 ) ;
#325 = DIRECTION ( 'NONE',  ( 0.000000000000000000, 1.000000000000000000, 0.000000000000000000 ) ) ;
#326 = DIRECTION ( 'NONE',  ( 0.000000000000000000, 0.000000000000000000, -1.000000000000000000 ) ) ;
#327 = EDGE_CURVE ( 'NONE', #6003, #2068, #1198, .T. ) ;
#328 = CYLINDRICAL_SURFACE ( 'NONE', #10970, 0.2500000000000002220 ) ;
#329 = VERTEX_POINT ( 'NONE', #2905 ) ;
#330 = VERTEX_POINT ( 'NONE', #146 ) ;
#331 = AXIS2_PLACEMENT_3D ( 'NONE', #4336, #6991, #5458 ) ;
#332 = FACE_OUTER_BOUND ( 'NONE', #667, .T. ) ;
#333 = AXIS2_PLACEMENT_3D ( 'NONE', #11501, #4353, #4291 ) ;
#334 = FACE_OUTER_BOUND ( 'NONE', #5562, .T. ) ;
#335 = CARTESIAN_POINT ( 'NONE',  ( -52.25000000000001421, 7.899999999999999467, 2.449999999999999734 ) ) ;
#336 = DIRECTION ( 'NONE',  ( 0.000000000000000000, 0.000000000000000000, 1.000000000000000000 ) ) ;
#337 = EDGE_CURVE ( 'NONE', #3556, #6788, #10301, .T. ) ;
#338 = CARTESIAN_POINT ( 'NONE',  ( -52.42966255667123221, 9.096862272574554709, -3.444967340623643182 ) ) ;
#339 = VECTOR ( 'NONE', #9907, 1000.000000000000114 ) ;
#340 = ORIENTED_EDGE ( 'NONE', *, *, #10614, .T. ) ;
#341 = VERTEX_POINT ( 'NONE', #1256 ) ;
#342 = AXIS2_PLACEMENT_3D ( 'NONE', #4964, #464, #10280 ) ;
#343 = EDGE_CURVE ( 'NONE', #11466, #8363, #5618, .T. ) ;
#344 = FACE_OUTER_BOUND ( 'NONE', #5287, .T. ) ;
#345 = CARTESIAN_POINT ( 'NONE',  ( -42.15000000000000568, 13.28431348329844219, -12.50000000000000000 ) ) ;
#346 = DIRECTION ( 'NONE',  ( -0.000000000000000000, 1.000000000000000000, -0.000000000000000000 ) ) ;
#347 = LINE ( 'NONE', #11235, #8961 ) ;
#348 = VECTOR ( 'NONE', #5098, 1000.000000000000000 ) ;
#349 = ORIENTED_EDGE ( 'NONE', *, *, #1101, .F. ) ;
#350 = VECTOR ( 'NONE', #9814, 1000.000000000000000 ) ;
#351 = CARTESIAN_POINT ( 'NONE',  ( 50.99857113690718080, 10.50000000000000000, 12.25000000000000711 ) ) ;
#352 = EDGE_CURVE ( 'NONE', #6239, #7577, #8267, .T. ) ;
#353 = CARTESIAN_POINT ( 'NONE',  ( -42.15000000000000568, 11.29999999999999716, -12.25000000000000000 ) ) ;
#354 = DIRECTION ( 'NONE',  ( -0.000000000000000000, -0.000000000000000000, 1.000000000000000000 ) ) ;
#355 = EDGE_CURVE ( 'NONE', #4207, #2068, #7758, .T. ) ;
#356 = DIRECTION ( 'NONE',  ( 1.000000000000000000, -0.000000000000000000, -0.000000000000000000 ) ) ;
#357 = AXIS2_PLACEMENT_3D ( 'NONE', #10046, #5741, #5516 ) ;
#358 = CIRCLE ( 'NONE', #5088, 0.2999999999999993228 ) ;
#359 = AXIS2_PLACEMENT_3D ( 'NONE', #6695, #10591, #6046 ) ;
#360 = DIRECTION ( 'NONE',  ( 1.000000000000000000, -0.000000000000000000, 0.000000000000000000 ) ) ;
#361 = CIRCLE ( 'NONE', #1333, 1.500000000000000888 ) ;
#362 = CARTESIAN_POINT ( 'NONE',  ( -34.55000000000001137, -16.61771083316477515, -10.05000000000001137 ) ) ;
#363 = ORIENTED_EDGE ( 'NONE', *, *, #954, .F. ) ;
#364 = ORIENTED_EDGE ( 'NONE', *, *, #4917, .T. ) ;
#365 = FACE_OUTER_BOUND ( 'NONE', #8793, .T. ) ;
#366 = DIRECTION ( 'NONE',  ( 0.000000000000000000, 0.000000000000000000, -1.000000000000000000 ) ) ;
#367 = ADVANCED_FACE ( 'NONE', ( #5585 ), #5161, .T. ) ;
#368 = ORIENTED_EDGE ( 'NONE', *, *, #8918, .T. ) ;
#369 = LINE ( 'NONE', #6590, #2801 ) ;
#370 = FACE_OUTER_BOUND ( 'NONE', #11476, .T. ) ;
#371 = ADVANCED_FACE ( 'NONE', ( #312 ), #2968, .F. ) ;
#372 = CARTESIAN_POINT ( 'NONE',  ( -53.20100000000002183, 10.80000000000000071, -1.700000000000000622 ) ) ;
#373 = EDGE_CURVE ( 'NONE', #3616, #7995, #10182, .T. ) ;
#374 = CARTESIAN_POINT ( 'NONE',  ( -40.15000000000000568, 13.28431348329844219, 12.50000000000000000 ) ) ;
#375 = DIRECTION ( 'NONE',  ( 0.000000000000000000, 0.000000000000000000, 1.000000000000000000 ) ) ;
#376 = LINE ( 'NONE', #11210, #10384 ) ;
#377 = ORIENTED_EDGE ( 'NONE', *, *, #298, .T. ) ;
#378 = ORIENTED_EDGE ( 'NONE', *, *, #7306, .T. ) ;
#379 = ORIENTED_EDGE ( 'NONE', *, *, #3365, .T. ) ;
#380 = LINE ( 'NONE', #11384, #3132 ) ;
#381 = CARTESIAN_POINT ( 'NONE',  ( 30.35000000000000142, 0.5999999999999989786, -3.150000000000002576 ) ) ;
#382 = ORIENTED_EDGE ( 'NONE', *, *, #7584, .T. ) ;
#383 = PLANE ( 'NONE',  #5362 ) ;
#384 = DIRECTION ( 'NONE',  ( 0.000000000000000000, 0.000000000000000000, 1.000000000000000000 ) ) ;
#385 = CARTESIAN_POINT ( 'NONE',  ( -20.00000000000001066, 14.00000000000000000, 13.25000000000000178 ) ) ;
#386 = CARTESIAN_POINT ( 'NONE',  ( 31.77172265114519689, -0.009531659078982034072, -12.05271341290423948 ) ) ;
#387 = VECTOR ( 'NONE', #9896, 1000.000000000000000 ) ;
#388 = DIRECTION ( 'NONE',  ( 1.000000000000000000, -0.000000000000000000, -0.000000000000000000 ) ) ;
#389 = ORIENTED_EDGE ( 'NONE', *, *, #3618, .F. ) ;
#390 = CARTESIAN_POINT ( 'NONE',  ( -45.19999999999999574, 15.50000000000000000, 6.750000000000006217 ) ) ;
#391 = CARTESIAN_POINT ( 'NONE',  ( 4.925331814053546354E-14, 12.50000000000000000, 13.55000000000018368 ) ) ;
#392 = ORIENTED_EDGE ( 'NONE', *, *, #3962, .F. ) ;
#393 = CARTESIAN_POINT ( 'NONE',  ( -43.03761591018391641, 3.266496130914766649, 8.949999999999958433 ) ) ;
#394 = CARTESIAN_POINT ( 'NONE',  ( -52.44535045267406304, 9.168785516402202518, -3.230005980589806036 ) ) ;
#395 = VECTOR ( 'NONE', #3599, 1000.000000000000000 ) ;
#396 = EDGE_LOOP ( 'NONE', ( #368, #6855, #4278, #9409 ) ) ;
#397 = EDGE_LOOP ( 'NONE', ( #9971, #9374, #8462, #2605 ) ) ;
#398 = DIRECTION ( 'NONE',  ( -1.000000000000000000, -0.000000000000000000, -0.000000000000000000 ) ) ;
#399 = FACE_OUTER_BOUND ( 'NONE', #6315, .T. ) ;
#400 = DIRECTION ( 'NONE',  ( 0.000000000000000000, 0.000000000000000000, 1.000000000000000000 ) ) ;
#401 = EDGE_CURVE ( 'NONE', #2980, #3528, #5646, .T. ) ;
#402 = VERTEX_POINT ( 'NONE', #4160 ) ;
#403 = EDGE_CURVE ( 'NONE', #2203, #1324, #10351, .T. ) ;
#404 = DIRECTION ( 'NONE',  ( 0.5000000000000006661, 0.000000000000000000, 0.8660254037844383745 ) ) ;
#405 = ADVANCED_FACE ( 'NONE', ( #5931 ), #6052, .T. ) ;
#406 = DIRECTION ( 'NONE',  ( -0.000000000000000000, -1.000000000000000000, -0.000000000000000000 ) ) ;
#407 = AXIS2_PLACEMENT_3D ( 'NONE', #8067, #11712, #2642 ) ;
#408 = DIRECTION ( 'NONE',  ( 1.000000000000000000, -0.000000000000000000, 0.000000000000000000 ) ) ;
#409 = CYLINDRICAL_SURFACE ( 'NONE', #2992, 1.499999999999999556 ) ;
#410 = CARTESIAN_POINT ( 'NONE',  ( -42.33386918093541595, 4.000000000000000000, -12.25000000000000178 ) ) ;
#411 = EDGE_CURVE ( 'NONE', #9149, #4875, #5046, .T. ) ;
#412 = CARTESIAN_POINT ( 'NONE',  ( -39.90000000000000568, 13.29999999999999893, 12.25000000000000000 ) ) ;
#413 = ORIENTED_EDGE ( 'NONE', *, *, #6985, .T. ) ;
#414 = VERTEX_POINT ( 'NONE', #3086 ) ;
#415 = EDGE_CURVE ( 'NONE', #8962, #450, #8684, .T. ) ;
#416 = DIRECTION ( 'NONE',  ( 0.000000000000000000, 0.000000000000000000, 1.000000000000000000 ) ) ;
#417 = ORIENTED_EDGE ( 'NONE', *, *, #7252, .F. ) ;
#418 = CARTESIAN_POINT ( 'NONE',  ( -52.34853377184472834, 8.422947273160112047, 4.119929395690685503 ) ) ;
#419 = DIRECTION ( 'NONE',  ( 0.000000000000000000, 0.000000000000000000, 1.000000000000000000 ) ) ;
#420 = ORIENTED_EDGE ( 'NONE', *, *, #2240, .F. ) ;
#421 = DIRECTION ( 'NONE',  ( 0.000000000000000000, 1.000000000000000000, 1.865294060190115224E-16 ) ) ;
#422 =( BOUNDED_SURFACE ( )  B_SPLINE_SURFACE ( 3, 2, ( 
 ( #11334, #6784, #11449 ),
 ( #10437, #5893, #9545 ),
 ( #10555, #2381, #1392 ),
 ( #5003, #8641, #8037 ),
 ( #7249, #4412, #5363 ),
 ( #7190, #2490, #5420 ),
 ( #7924, #8812, #4356 ),
 ( #8986, #4467, #7065 ),
 ( #9043, #7126, #1556 ),
 ( #33, #5176, #9941 ),
 ( #7982, #846, #8935 ),
 ( #11744, #3501, #3394 ),
 ( #668, #11617, #6118 ),
 ( #11679, #10784, #3570 ) ),
 .UNSPECIFIED., .F., .F., .F. ) 
 B_SPLINE_SURFACE_WITH_KNOTS ( ( 4, 2, 2, 2, 2, 2, 4 ),
 ( 3, 3 ),
 ( -6.917209860457518289E-17, 0.0007376526362295924384, 0.001106478954344423298, 0.001475305272459254049, 0.001844131590574084800, 0.002212957908688915551, 0.002950610544918577487 ),
 ( 0.000000000000000000, 1.000000000000000000 ),
 .UNSPECIFIED. ) 
 GEOMETRIC_REPRESENTATION_ITEM ( )  RATIONAL_B_SPLINE_SURFACE ( (
 ( 1.000000000000000000, 0.8371290630494903073, 1.000000000000000000),
 ( 1.000000000000000000, 0.8719211742465350357, 1.000000000000000000),
 ( 1.000000000000000000, 0.8962488235008448934, 1.000000000000000000),
 ( 1.000000000000000000, 0.9199089190832704377, 1.000000000000000000),
 ( 1.000000000000000000, 0.9257815976084323717, 1.000000000000000000),
 ( 1.000000000000000000, 0.9335084709569206884, 1.000000000000000000),
 ( 1.000000000000000000, 0.9354060336751548466, 1.000000000000000000),
 ( 1.000000000000000000, 0.9354226065320065953, 1.000000000000000000),
 ( 1.000000000000000000, 0.9335143594899117936, 1.000000000000000000),
 ( 1.000000000000000000, 0.9258345507494500914, 1.000000000000000000),
 ( 1.000000000000000000, 0.9199515991814417593, 1.000000000000000000),
 ( 1.000000000000000000, 0.8963026785465937341, 1.000000000000000000),
 ( 1.000000000000000000, 0.8720564020248871007, 1.000000000000000000),
 ( 1.000000000000000000, 0.8371290630494826468, 1.000000000000000000) ) ) 
 REPRESENTATION_ITEM ( '' )  SURFACE ( )  );
#423 = DIRECTION ( 'NONE',  ( 1.000000000000000000, 0.000000000000000000, -3.652049423109083111E-16 ) ) ;
#424 = LINE ( 'NONE', #10470, #10217 ) ;
#425 = ORIENTED_EDGE ( 'NONE', *, *, #8231, .F. ) ;
#426 = DIRECTION ( 'NONE',  ( -0.000000000000000000, 1.000000000000000000, -0.000000000000000000 ) ) ;
#427 = DIRECTION ( 'NONE',  ( 1.000000000000000000, 0.000000000000000000, 0.000000000000000000 ) ) ;
#428 = DIRECTION ( 'NONE',  ( 0.000000000000000000, 1.000000000000000000, 0.000000000000000000 ) ) ;
#429 = ADVANCED_FACE ( 'NONE', ( #5100 ), #6703, .T. ) ;
#430 = CARTESIAN_POINT ( 'NONE',  ( -25.50000000000000711, 12.30000000000000071, 13.55000000000000249 ) ) ;
#431 = ORIENTED_EDGE ( 'NONE', *, *, #6895, .T. ) ;
#432 = EDGE_LOOP ( 'NONE', ( #7492, #11028, #2795, #657, #4442 ) ) ;
#433 = EDGE_CURVE ( 'NONE', #5254, #6397, #10689, .T. ) ;
#434 = ORIENTED_EDGE ( 'NONE', *, *, #584, .F. ) ;
#435 = VERTEX_POINT ( 'NONE', #6762 ) ;
#436 = DIRECTION ( 'NONE',  ( 0.000000000000000000, 0.000000000000000000, -1.000000000000000000 ) ) ;
#437 = CARTESIAN_POINT ( 'NONE',  ( -34.95000000000000284, 2.658044035770915267E-15, -14.25000000000000533 ) ) ;
#438 = DIRECTION ( 'NONE',  ( -0.000000000000000000, 0.000000000000000000, 1.000000000000000000 ) ) ;
#439 = ORIENTED_EDGE ( 'NONE', *, *, #8464, .F. ) ;
#440 = LINE ( 'NONE', #8456, #2324 ) ;
#441 = DIRECTION ( 'NONE',  ( 0.000000000000000000, 1.000000000000000000, 0.000000000000000000 ) ) ;
#442 = LINE ( 'NONE', #4999, #11550 ) ;
#443 = VECTOR ( 'NONE', #6308, 1000.000000000000000 ) ;
#444 = CARTESIAN_POINT ( 'NONE',  ( 38.16960222758092414, 0.000000000000000000, -8.184264693320331574 ) ) ;
#445 = VERTEX_POINT ( 'NONE', #11487 ) ;
#446 = EDGE_CURVE ( 'NONE', #6508, #1492, #7049, .T. ) ;
#447 = CARTESIAN_POINT ( 'NONE',  ( -47.50000000000000711, 7.500000000000000000, -6.750000000000000000 ) ) ;
#448 = EDGE_CURVE ( 'NONE', #11699, #9634, #3204, .T. ) ;
#449 = DIRECTION ( 'NONE',  ( -0.000000000000000000, -1.000000000000000000, -0.000000000000000000 ) ) ;
#450 = VERTEX_POINT ( 'NONE', #8510 ) ;
#451 = VECTOR ( 'NONE', #1443, 1000.000000000000000 ) ;
#452 = DIRECTION ( 'NONE',  ( 0.000000000000000000, 0.000000000000000000, 1.000000000000000000 ) ) ;
#453 = CARTESIAN_POINT ( 'NONE',  ( -52.40568058483291480, 8.984780085661506988, -3.641416195903035113 ) ) ;
#454 = VERTEX_POINT ( 'NONE', #1319 ) ;
#455 = ORIENTED_EDGE ( 'NONE', *, *, #1101, .T. ) ;
#456 = CARTESIAN_POINT ( 'NONE',  ( -50.75000000000000711, 4.147235497605447740, 4.750000000000000888 ) ) ;
#457 = PLANE ( 'NONE',  #7164 ) ;
#458 = DIRECTION ( 'NONE',  ( 0.000000000000000000, 1.000000000000000000, -0.000000000000000000 ) ) ;
#459 = ORIENTED_EDGE ( 'NONE', *, *, #7397, .T. ) ;
#460 = CARTESIAN_POINT ( 'NONE',  ( -53.20000000000000284, 7.899999999999999467, 2.925000000000026912 ) ) ;
#461 = AXIS2_PLACEMENT_3D ( 'NONE', #8824, #10680, #4303 ) ;
#462 = DIRECTION ( 'NONE',  ( 0.000000000000000000, -1.000000000000000000, 0.000000000000000000 ) ) ;
#463 = EDGE_LOOP ( 'NONE', ( #7225, #5350, #2644, #9169, #11421, #8447 ) ) ;
#464 = DIRECTION ( 'NONE',  ( 0.000000000000000000, 1.000000000000000000, -0.000000000000000000 ) ) ;
#465 = CARTESIAN_POINT ( 'NONE',  ( 2.009170479469691184, 12.50000000000000000, -14.75000000000000178 ) ) ;
#466 = CARTESIAN_POINT ( 'NONE',  ( 0.000000000000000000, 3.199999999999999734, 0.000000000000000000 ) ) ;
#467 = AXIS2_PLACEMENT_3D ( 'NONE', #6857, #7585, #3961 ) ;
#468 = VECTOR ( 'NONE', #10461, 1000.000000000000000 ) ;
#469 = PLANE ( 'NONE',  #7387 ) ;
#470 = VERTEX_POINT ( 'NONE', #4036 ) ;
#471 = ORIENTED_EDGE ( 'NONE', *, *, #7461, .T. ) ;
#472 = LINE ( 'NONE', #8736, #1028 ) ;
#473 = CARTESIAN_POINT ( 'NONE',  ( -52.20568855767089644, 8.758912725378053210, 4.027145805447278626 ) ) ;
#474 = DIRECTION ( 'NONE',  ( -8.673617379884087537E-15, 0.000000000000000000, -1.000000000000000000 ) ) ;
#475 = EDGE_LOOP ( 'NONE', ( #10908, #413, #574, #3870, #3606, #3175 ) ) ;
#476 = DIRECTION ( 'NONE',  ( -1.000000000000000000, 0.000000000000000000, -1.380801687650050777E-15 ) ) ;
#477 = FACE_OUTER_BOUND ( 'NONE', #5435, .T. ) ;
#478 = VECTOR ( 'NONE', #10206, 1000.000000000000000 ) ;
#479 = ORIENTED_EDGE ( 'NONE', *, *, #164, .F. ) ;
#480 = LINE ( 'NONE', #1424, #11371 ) ;
#481 = EDGE_CURVE ( 'NONE', #1376, #6438, #5877, .T. ) ;
#482 = ORIENTED_EDGE ( 'NONE', *, *, #8895, .T. ) ;
#483 = CARTESIAN_POINT ( 'NONE',  ( -50.25000000000000711, 9.799999999999998934, -2.449999999999999734 ) ) ;
#484 = EDGE_CURVE ( 'NONE', #8864, #3632, #4097, .T. ) ;
#485 = DIRECTION ( 'NONE',  ( 0.000000000000000000, 1.000000000000000000, -0.000000000000000000 ) ) ;
#486 = DIRECTION ( 'NONE',  ( -0.6427876096865379196, 0.000000000000000000, -0.7660444431189792347 ) ) ;
#487 = DIRECTION ( 'NONE',  ( -0.000000000000000000, 1.000000000000000000, -0.000000000000000000 ) ) ;
#488 = ORIENTED_EDGE ( 'NONE', *, *, #236, .T. ) ;
#489 = ORIENTED_EDGE ( 'NONE', *, *, #11211, .T. ) ;
#490 = VECTOR ( 'NONE', #2608, 1000.000000000000000 ) ;
#491 = ORIENTED_EDGE ( 'NONE', *, *, #2145, .F. ) ;
#492 = CARTESIAN_POINT ( 'NONE',  ( 47.49999999999999289, 0.000000000000000000, 9.500000000000000000 ) ) ;
#493 = FACE_OUTER_BOUND ( 'NONE', #2721, .T. ) ;
#494 = DIRECTION ( 'NONE',  ( 0.000000000000000000, 1.000000000000000000, -0.000000000000000000 ) ) ;
#495 = VERTEX_POINT ( 'NONE', #9207 ) ;
#496 = DIRECTION ( 'NONE',  ( -0.5000000000000001110, 0.000000000000000000, -0.8660254037844385966 ) ) ;
#497 = ADVANCED_FACE ( 'NONE', ( #11189 ), #10107, .F. ) ;
#498 = CARTESIAN_POINT ( 'NONE',  ( -37.54999999999999716, 2.658044035770915267E-15, -14.25000000000000533 ) ) ;
#499 = FACE_OUTER_BOUND ( 'NONE', #1294, .T. ) ;
#500 = CARTESIAN_POINT ( 'NONE',  ( 32.88511841177510320, 0.02447759856390030464, -12.15395117641946676 ) ) ;
#501 = VECTOR ( 'NONE', #5526, 1000.000000000000000 ) ;
#502 = EDGE_CURVE ( 'NONE', #2735, #4021, #6404, .T. ) ;
#503 = DIRECTION ( 'NONE',  ( -1.000000000000000000, 0.000000000000000000, 0.000000000000000000 ) ) ;
#504 = ORIENTED_EDGE ( 'NONE', *, *, #4815, .T. ) ;
#505 = CARTESIAN_POINT ( 'NONE',  ( -45.19999999999994600, 16.50000000000000000, -13.55000000000000249 ) ) ;
#506 = AXIS2_PLACEMENT_3D ( 'NONE', #10143, #9313, #2050 ) ;
#507 = LINE ( 'NONE', #3999, #9407 ) ;
#508 = ORIENTED_EDGE ( 'NONE', *, *, #5185, .T. ) ;
#509 = CARTESIAN_POINT ( 'NONE',  ( -44.59724414473905085, 4.000000000000000000, 9.185270190822784286 ) ) ;
#510 = EDGE_CURVE ( 'NONE', #5277, #5983, #1825, .T. ) ;
#511 = CARTESIAN_POINT ( 'NONE',  ( 0.5999999999999912070, 12.50000000000000000, -13.35000000000018971 ) ) ;
#512 = ORIENTED_EDGE ( 'NONE', *, *, #4093, .F. ) ;
#513 = ADVANCED_FACE ( 'NONE', ( #1945 ), #241, .F. ) ;
#514 = LINE ( 'NONE', #5843, #6445 ) ;
#515 = ORIENTED_EDGE ( 'NONE', *, *, #11049, .F. ) ;
#516 = AXIS2_PLACEMENT_3D ( 'NONE', #5757, #2312, #6705 ) ;
#517 = AXIS2_PLACEMENT_3D ( 'NONE', #8575, #6711, #9415 ) ;
#518 = CARTESIAN_POINT ( 'NONE',  ( 0.000000000000000000, 3.010000000000000231, 9.939999999999992397 ) ) ;
#519 = LINE ( 'NONE', #6854, #5389 ) ;
#520 = CARTESIAN_POINT ( 'NONE',  ( -20.00000000000001066, 16.50000000000000000, 13.55000000000000604 ) ) ;
#521 = VERTEX_POINT ( 'NONE', #8428 ) ;
#522 = CARTESIAN_POINT ( 'NONE',  ( 20.65000000000000213, 0.5999999999999999778, -76.06160882753884778 ) ) ;
#523 = AXIS2_PLACEMENT_3D ( 'NONE', #3710, #7335, #5010 ) ;
#524 = CIRCLE ( 'NONE', #10006, 9.000000000000008882 ) ;
#525 = DIRECTION ( 'NONE',  ( 0.000000000000000000, 0.000000000000000000, 1.000000000000000000 ) ) ;
#526 = ORIENTED_EDGE ( 'NONE', *, *, #3504, .T. ) ;
#527 = DIRECTION ( 'NONE',  ( -9.856182124392324236E-16, 0.000000000000000000, -1.000000000000000000 ) ) ;
#528 = CARTESIAN_POINT ( 'NONE',  ( -37.06919264613326703, 3.999650464919335402, 12.27717671750640704 ) ) ;
#529 = CARTESIAN_POINT ( 'NONE',  ( -44.84751514039848530, 4.017243845189185869, 8.744468912963188956 ) ) ;
#530 = VECTOR ( 'NONE', #3483, 1000.000000000000000 ) ;
#531 = VECTOR ( 'NONE', #3531, 1000.000000000000000 ) ;
#532 = DIRECTION ( 'NONE',  ( -0.000000000000000000, 1.000000000000000000, 0.000000000000000000 ) ) ;
#533 = ORIENTED_EDGE ( 'NONE', *, *, #8724, .T. ) ;
#534 = LINE ( 'NONE', #9689, #3675 ) ;
#535 = ORIENTED_EDGE ( 'NONE', *, *, #8622, .T. ) ;
#536 = CARTESIAN_POINT ( 'NONE',  ( -52.20423352066349310, 8.344162235952158113, 4.212383012905561941 ) ) ;
#537 = CARTESIAN_POINT ( 'NONE',  ( -37.54999999999999716, 6.000000000000000000, 12.25000000000000533 ) ) ;
#538 = VERTEX_POINT ( 'NONE', #297 ) ;
#539 = CYLINDRICAL_SURFACE ( 'NONE', #11560, 0.2999999999999998779 ) ;
#540 = VECTOR ( 'NONE', #8367, 1000.000000000000000 ) ;
#541 = VECTOR ( 'NONE', #2787, 1000.000000000000000 ) ;
#542 = DIRECTION ( 'NONE',  ( -3.652049423109083111E-16, 0.000000000000000000, -1.000000000000000000 ) ) ;
#543 = ORIENTED_EDGE ( 'NONE', *, *, #8748, .F. ) ;
#544 = DIRECTION ( 'NONE',  ( -0.09864855753179520292, -0.5484013522091607529, -0.8303760708209625419 ) ) ;
#545 = ORIENTED_EDGE ( 'NONE', *, *, #3393, .T. ) ;
#546 = PLANE ( 'NONE',  #1446 ) ;
#547 = CARTESIAN_POINT ( 'NONE',  ( 3.099999999999991651, 12.50000000000000000, 13.45000000000019114 ) ) ;
#548 = LINE ( 'NONE', #1258, #4739 ) ;
#549 = CARTESIAN_POINT ( 'NONE',  ( -37.29999999999999716, 13.29999999999999893, -12.25000000000000000 ) ) ;
#550 = AXIS2_PLACEMENT_3D ( 'NONE', #10568, #1346, #2396 ) ;
#551 = ADVANCED_FACE ( 'NONE', ( #9272 ), #10048, .T. ) ;
#552 = EDGE_CURVE ( 'NONE', #445, #2873, #9984, .T. ) ;
#553 = CARTESIAN_POINT ( 'NONE',  ( 22.35000000000000142, 0.5999999999999989786, -8.849999999999997868 ) ) ;
#554 = DIRECTION ( 'NONE',  ( -5.782411586589358033E-15, 0.000000000000000000, 1.000000000000000000 ) ) ;
#555 = EDGE_CURVE ( 'NONE', #1361, #2199, #3640, .T. ) ;
#556 = CARTESIAN_POINT ( 'NONE',  ( -52.40568058483292901, 6.815219914338488394, -3.641416195903031117 ) ) ;
#557 = ORIENTED_EDGE ( 'NONE', *, *, #11549, .T. ) ;
#558 = DIRECTION ( 'NONE',  ( 0.000000000000000000, 0.000000000000000000, 1.000000000000000000 ) ) ;
#559 = CARTESIAN_POINT ( 'NONE',  ( -51.98550969718124293, 7.303093234024776947, 4.257828830504339912 ) ) ;
#560 = CARTESIAN_POINT ( 'NONE',  ( -45.19999999999996021, 0.000000000000000000, 11.75000000000000711 ) ) ;
#561 = DIRECTION ( 'NONE',  ( 1.000000000000000000, -0.000000000000000000, 0.000000000000000000 ) ) ;
#562 = CARTESIAN_POINT ( 'NONE',  ( 39.38469035668907026, 4.999999999999999112, 4.549999999999998934 ) ) ;
#563 = ORIENTED_EDGE ( 'NONE', *, *, #10879, .T. ) ;
#564 = DIRECTION ( 'NONE',  ( 0.000000000000000000, 1.000000000000000000, 0.000000000000000000 ) ) ;
#565 = EDGE_CURVE ( 'NONE', #2952, #6396, #5570, .T. ) ;
#566 = ADVANCED_FACE ( 'NONE', ( #6518 ), #4684, .T. ) ;
#567 = DIRECTION ( 'NONE',  ( 0.000000000000000000, 1.000000000000000000, -0.000000000000000000 ) ) ;
#568 = VERTEX_POINT ( 'NONE', #1125 ) ;
#569 = LINE ( 'NONE', #8645, #9032 ) ;
#570 = ORIENTED_EDGE ( 'NONE', *, *, #283, .F. ) ;
#571 = VECTOR ( 'NONE', #5901, 1000.000000000000000 ) ;
#572 = DIRECTION ( 'NONE',  ( -1.000000000000000000, 0.000000000000000000, 0.000000000000000000 ) ) ;
#573 = ORIENTED_EDGE ( 'NONE', *, *, #5042, .T. ) ;
#574 = ORIENTED_EDGE ( 'NONE', *, *, #9493, .T. ) ;
#575 = CARTESIAN_POINT ( 'NONE',  ( -8.000000000000008882, 12.30000000000000071, 14.75000000000000178 ) ) ;
#576 = ORIENTED_EDGE ( 'NONE', *, *, #7010, .T. ) ;
#577 = DIRECTION ( 'NONE',  ( 0.000000000000000000, -0.000000000000000000, -1.000000000000000000 ) ) ;
#578 = AXIS2_PLACEMENT_3D ( 'NONE', #10138, #5605, #7328 ) ;
#579 = CARTESIAN_POINT ( 'NONE',  ( -52.25000000000000711, 9.197719172987389058, -3.001973684210528237 ) ) ;
#580 = EDGE_CURVE ( 'NONE', #7265, #329, #9731, .T. ) ;
#581 = EDGE_LOOP ( 'NONE', ( #4538, #10193, #2805, #4498 ) ) ;
#582 = EDGE_CURVE ( 'NONE', #5368, #1469, #9329, .T. ) ;
#583 = FACE_OUTER_BOUND ( 'NONE', #9744, .T. ) ;
#584 = EDGE_CURVE ( 'NONE', #1360, #450, #11631, .T. ) ;
#585 = AXIS2_PLACEMENT_3D ( 'NONE', #7554, #10475, #375 ) ;
#586 = AXIS2_PLACEMENT_3D ( 'NONE', #10490, #11503, #4889 ) ;
#587 = CARTESIAN_POINT ( 'NONE',  ( -52.22340835089975997, 6.705390757595137252, 3.692296232791105304 ) ) ;
#588 = ORIENTED_EDGE ( 'NONE', *, *, #2946, .F. ) ;
#589 = CARTESIAN_POINT ( 'NONE',  ( 0.5999999999999912070, 12.50000000000000000, 13.55000000000000071 ) ) ;
#590 = DIRECTION ( 'NONE',  ( 1.000000000000000000, -0.000000000000000000, 0.000000000000000000 ) ) ;
#591 = DIRECTION ( 'NONE',  ( -0.7660444431189759040, 0.000000000000000000, -0.6427876096865420275 ) ) ;
#592 = DIRECTION ( 'NONE',  ( 0.000000000000000000, 1.000000000000000000, 0.000000000000000000 ) ) ;
#593 = ORIENTED_EDGE ( 'NONE', *, *, #2491, .T. ) ;
#594 = EDGE_CURVE ( 'NONE', #11094, #10119, #1184, .T. ) ;
#595 = CARTESIAN_POINT ( 'NONE',  ( -19.99999999999997158, 10.50000000000000000, 5.337610695313241287E-14 ) ) ;
#596 = ORIENTED_EDGE ( 'NONE', *, *, #616, .T. ) ;
#597 = VERTEX_POINT ( 'NONE', #6131 ) ;
#598 = LINE ( 'NONE', #5868, #6000 ) ;
#599 = DIRECTION ( 'NONE',  ( 1.000000000000000000, -0.000000000000000000, 0.000000000000000000 ) ) ;
#600 = DIRECTION ( 'NONE',  ( -3.180326372624142264E-15, -2.746645503629950351E-15, -1.000000000000000000 ) ) ;
#601 = CARTESIAN_POINT ( 'NONE',  ( 51.95000000000000284, 12.50000000000000000, -6.000000000000000000 ) ) ;
#602 = AXIS2_PLACEMENT_3D ( 'NONE', #8957, #2700, #10032 ) ;
#603 = LINE ( 'NONE', #430, #4491 ) ;
#604 = VERTEX_POINT ( 'NONE', #3519 ) ;
#605 = VERTEX_POINT ( 'NONE', #3348 ) ;
#606 = DIRECTION ( 'NONE',  ( -0.000000000000000000, -0.000000000000000000, 1.000000000000000000 ) ) ;
#607 = ORIENTED_EDGE ( 'NONE', *, *, #1702, .F. ) ;
#608 = FACE_BOUND ( 'NONE', #5691, .T. ) ;
#609 = DIRECTION ( 'NONE',  ( 0.000000000000000000, 1.000000000000000000, -0.000000000000000000 ) ) ;
#610 = ORIENTED_EDGE ( 'NONE', *, *, #6108, .F. ) ;
#611 = CARTESIAN_POINT ( 'NONE',  ( -44.80359071504831547, 3.928364702728698976, 8.959743608990764940 ) ) ;
#612 = CARTESIAN_POINT ( 'NONE',  ( -49.63826530612245591, 6.999999999999999112, -4.750000000000000000 ) ) ;
#613 = EDGE_CURVE ( 'NONE', #4249, #38, #9779, .T. ) ;
#614 = DIRECTION ( 'NONE',  ( 0.000000000000000000, 0.000000000000000000, -1.000000000000000000 ) ) ;
#615 = ORIENTED_EDGE ( 'NONE', *, *, #20, .F. ) ;
#616 = EDGE_CURVE ( 'NONE', #9577, #7551, #7078, .T. ) ;
#617 = AXIS2_PLACEMENT_3D ( 'NONE', #11559, #10243, #7430 ) ;
#618 = CARTESIAN_POINT ( 'NONE',  ( -52.70000000000000284, 6.999999999999999112, -4.750000000000000000 ) ) ;
#619 = LINE ( 'NONE', #8764, #8260 ) ;
#620 = AXIS2_PLACEMENT_3D ( 'NONE', #1008, #6580, #955 ) ;
#621 = CARTESIAN_POINT ( 'NONE',  ( -44.75121643124332849, 3.907009177665663913, 8.950000000000050804 ) ) ;
#622 = EDGE_LOOP ( 'NONE', ( #10381, #6407, #1053, #8103 ) ) ;
#623 = CYLINDRICAL_SURFACE ( 'NONE', #3551, 1.000000000000000888 ) ;
#624 = CIRCLE ( 'NONE', #7248, 2.000000000000001776 ) ;
#625 = ORIENTED_EDGE ( 'NONE', *, *, #1445, .T. ) ;
#626 = CARTESIAN_POINT ( 'NONE',  ( -44.75000000000000711, 0.000000000000000000, -12.50000000000000000 ) ) ;
#627 = CARTESIAN_POINT ( 'NONE',  ( -52.20454763282754129, 8.018871571673010124, 4.275301107351407559 ) ) ;
#628 = EDGE_CURVE ( 'NONE', #10997, #5220, #2110, .T. ) ;
#629 = CARTESIAN_POINT ( 'NONE',  ( -52.70000000000000284, 4.000000000000000000, 4.750000000000001776 ) ) ;
#630 = ADVANCED_FACE ( 'NONE', ( #10330 ), #5018, .T. ) ;
#631 = CARTESIAN_POINT ( 'NONE',  ( -52.40568058483292901, 8.984780085661505211, -3.641416195903035558 ) ) ;
#632 = CARTESIAN_POINT ( 'NONE',  ( -34.92314042967215215, 13.29694875387735209, -12.36973257420731542 ) ) ;
#633 = ORIENTED_EDGE ( 'NONE', *, *, #1916, .T. ) ;
#634 = ORIENTED_EDGE ( 'NONE', *, *, #1726, .F. ) ;
#635 = CARTESIAN_POINT ( 'NONE',  ( -2.000000000000008882, 12.50000000000000000, 12.35000000000019149 ) ) ;
#636 = CARTESIAN_POINT ( 'NONE',  ( 34.67426233793585055, 0.09795591405267688179, -6.426164201852647473 ) ) ;
#637 = ORIENTED_EDGE ( 'NONE', *, *, #6300, .F. ) ;
#638 = FACE_OUTER_BOUND ( 'NONE', #174, .T. ) ;
#639 = CARTESIAN_POINT ( 'NONE',  ( -42.75000000000000000, 11.29999999999999716, -14.25000000000000355 ) ) ;
#640 = EDGE_CURVE ( 'NONE', #4897, #8949, #3059, .T. ) ;
#641 = CARTESIAN_POINT ( 'NONE',  ( 31.09999999999999076, 0.5999999999999989786, -3.065272640686011950E-14 ) ) ;
#642 = EDGE_CURVE ( 'NONE', #4591, #913, #9350, .T. ) ;
#643 = FACE_OUTER_BOUND ( 'NONE', #2209, .T. ) ;
#644 = ORIENTED_EDGE ( 'NONE', *, *, #6371, .F. ) ;
#645 = ORIENTED_EDGE ( 'NONE', *, *, #2369, .T. ) ;
#646 = DIRECTION ( 'NONE',  ( -1.000000000000000000, 0.000000000000000000, 0.000000000000000000 ) ) ;
#647 = ORIENTED_EDGE ( 'NONE', *, *, #8129, .T. ) ;
#648 = EDGE_LOOP ( 'NONE', ( #9049, #206, #5590, #11256 ) ) ;
#649 = CARTESIAN_POINT ( 'NONE',  ( -50.30734501797950742, 4.010673620658632643, -4.517187269336854882 ) ) ;
#650 = CARTESIAN_POINT ( 'NONE',  ( 29.89999999999998082, 3.000000000000000000, -11.75000000000000355 ) ) ;
#651 = ORIENTED_EDGE ( 'NONE', *, *, #8027, .F. ) ;
#652 = DIRECTION ( 'NONE',  ( -0.000000000000000000, -1.000000000000000000, -0.000000000000000000 ) ) ;
#653 = EDGE_CURVE ( 'NONE', #7891, #6419, #8655, .T. ) ;
#654 = AXIS2_PLACEMENT_3D ( 'NONE', #6126, #9773, #1619 ) ;
#655 = CARTESIAN_POINT ( 'NONE',  ( 30.35000000000000142, 0.000000000000000000, -3.150000000000002576 ) ) ;
#656 = EDGE_CURVE ( 'NONE', #7326, #1355, #347, .T. ) ;
#657 = ORIENTED_EDGE ( 'NONE', *, *, #2567, .F. ) ;
#658 = CARTESIAN_POINT ( 'NONE',  ( -52.45000000000000995, 9.197719172987385505, 3.001973684210525128 ) ) ;
#659 = VERTEX_POINT ( 'NONE', #11673 ) ;
#660 = AXIS2_PLACEMENT_3D ( 'NONE', #8481, #7282, #5563 ) ;
#661 = CARTESIAN_POINT ( 'NONE',  ( -52.24731767899169199, 6.462000290205939024, 3.258922934675955396 ) ) ;
#662 = ORIENTED_EDGE ( 'NONE', *, *, #3743, .T. ) ;
#663 = CARTESIAN_POINT ( 'NONE',  ( 0.000000000000000000, 4.999999999999999112, 0.000000000000000000 ) ) ;
#664 = CARTESIAN_POINT ( 'NONE',  ( -42.56613167787453733, 13.30000000000000071, 12.24999999999999467 ) ) ;
#665 = CYLINDRICAL_SURFACE ( 'NONE', #1394, 5.249999999999997335 ) ;
#666 = CARTESIAN_POINT ( 'NONE',  ( -42.15000000000000568, 0.000000000000000000, -12.50000000000000000 ) ) ;
#667 = EDGE_LOOP ( 'NONE', ( #11580, #10538, #310, #5280, #1531, #6088, #8171, #9436, #277, #6067 ) ) ;
#668 = CARTESIAN_POINT ( 'NONE',  ( -52.20875532609009895, 8.945949955208980953, -3.880259791441378781 ) ) ;
#669 = CARTESIAN_POINT ( 'NONE',  ( 29.60000000000002274, 0.5999999999999989786, 5.818695557326043044 ) ) ;
#670 = ORIENTED_EDGE ( 'NONE', *, *, #9671, .T. ) ;
#671 = TOROIDAL_SURFACE ( 'NONE', #11702, 1.500000000000000888, 0.2000000000000000111 ) ;
#672 = CARTESIAN_POINT ( 'NONE',  ( 50.24999999999999289, 9.300000000000000711, 1.700000000000000844 ) ) ;
#673 = ORIENTED_EDGE ( 'NONE', *, *, #5002, .T. ) ;
#674 = CARTESIAN_POINT ( 'NONE',  ( -52.22340835089975997, 9.094609242404857241, 3.692296232791101751 ) ) ;
#675 = CARTESIAN_POINT ( 'NONE',  ( -37.54999999999999716, 2.658044035770915267E-15, 14.25000000000000533 ) ) ;
#676 = CYLINDRICAL_SURFACE ( 'NONE', #7560, 0.2500000000000002220 ) ;
#677 = DIRECTION ( 'NONE',  ( 0.000000000000000000, 0.000000000000000000, -1.000000000000000000 ) ) ;
#678 = DIRECTION ( 'NONE',  ( -0.3806208606543570183, 0.000000000000000000, 0.9247311827957011010 ) ) ;
#679 = EDGE_LOOP ( 'NONE', ( #645, #10575, #377, #9379 ) ) ;
#680 = CARTESIAN_POINT ( 'NONE',  ( 0.000000000000000000, 2.499999999999999556, 0.000000000000000000 ) ) ;
#681 = VECTOR ( 'NONE', #2758, 1000.000000000000000 ) ;
#682 = DIRECTION ( 'NONE',  ( -0.8660254037844380415, 0.000000000000000000, 0.5000000000000011102 ) ) ;
#683 = EDGE_LOOP ( 'NONE', ( #6098, #1187, #956, #9575 ) ) ;
#684 = EDGE_LOOP ( 'NONE', ( #8775, #787, #4321, #6887 ) ) ;
#685 = ORIENTED_EDGE ( 'NONE', *, *, #7990, .F. ) ;
#686 = CYLINDRICAL_SURFACE ( 'NONE', #5205, 1.900000000000000577 ) ;
#687 = EDGE_CURVE ( 'NONE', #11418, #10125, #3832, .T. ) ;
#688 = EDGE_CURVE ( 'NONE', #4339, #605, #1720, .T. ) ;
#689 = CARTESIAN_POINT ( 'NONE',  ( 50.24999999999997158, 9.300000000000000711, -1.700000000000000178 ) ) ;
#690 = VECTOR ( 'NONE', #7111, 1000.000000000000000 ) ;
#691 = ORIENTED_EDGE ( 'NONE', *, *, #11566, .F. ) ;
#692 = CARTESIAN_POINT ( 'NONE',  ( 25.25635347795577346, 0.2999999999999998779, -5.224792786874573380 ) ) ;
#693 = VECTOR ( 'NONE', #8395, 1000.000000000000000 ) ;
#694 = DIRECTION ( 'NONE',  ( -1.000000000000000000, -0.000000000000000000, -0.000000000000000000 ) ) ;
#695 = DIRECTION ( 'NONE',  ( 1.000000000000000000, -0.000000000000000000, 0.000000000000000000 ) ) ;
#696 = AXIS2_PLACEMENT_3D ( 'NONE', #353, #6681, #2290 ) ;
#697 = CARTESIAN_POINT ( 'NONE',  ( -37.13386918093542022, 13.29999999999999893, 12.25000000000000178 ) ) ;
#698 = VERTEX_POINT ( 'NONE', #7303 ) ;
#699 = AXIS2_PLACEMENT_3D ( 'NONE', #4806, #5869, #2129 ) ;
#700 = CARTESIAN_POINT ( 'NONE',  ( -45.19999999999993889, 3.000000000000000000, 14.75000000000000533 ) ) ;
#701 = ADVANCED_FACE ( 'NONE', ( #5302 ), #7241, .F. ) ;
#702 = VERTEX_POINT ( 'NONE', #901 ) ;
#703 = EDGE_CURVE ( 'NONE', #8681, #4427, #3566, .T. ) ;
#704 = ORIENTED_EDGE ( 'NONE', *, *, #9307, .T. ) ;
#705 = CARTESIAN_POINT ( 'NONE',  ( 35.38197956910963171, 0.1300423822510688165, -1.054185892092734944 ) ) ;
#706 = DIRECTION ( 'NONE',  ( 1.000000000000000000, 0.000000000000000000, -0.000000000000000000 ) ) ;
#707 = CARTESIAN_POINT ( 'NONE',  ( 38.59216030126700758, 3.424271861433408766E-15, -7.311545626786636554 ) ) ;
#708 = AXIS2_PLACEMENT_3D ( 'NONE', #1108, #8178, #1169 ) ;
#709 = VECTOR ( 'NONE', #1807, 1000.000000000000000 ) ;
#710 = CARTESIAN_POINT ( 'NONE',  ( 8.576490010960466037, 0.5999999999999989786, -14.85491644959050461 ) ) ;
#711 = AXIS2_PLACEMENT_3D ( 'NONE', #2442, #4293, #10722 ) ;
#712 = EDGE_LOOP ( 'NONE', ( #3930, #10720, #8142, #6082 ) ) ;
#713 = VECTOR ( 'NONE', #9782, 1000.000000000000000 ) ;
#714 = CARTESIAN_POINT ( 'NONE',  ( -52.27563198490999241, 8.991884724233194959, 3.630658523920715197 ) ) ;
#715 = ORIENTED_EDGE ( 'NONE', *, *, #6962, .T. ) ;
#716 = EDGE_CURVE ( 'NONE', #908, #6523, #11448, .T. ) ;
#717 = CIRCLE ( 'NONE', #9833, 2.000000000000001776 ) ;
#718 = ORIENTED_EDGE ( 'NONE', *, *, #2478, .F. ) ;
#719 = AXIS2_PLACEMENT_3D ( 'NONE', #3738, #245, #5527 ) ;
#720 = ADVANCED_FACE ( 'NONE', ( #1840 ), #4404, .F. ) ;
#721 = LINE ( 'NONE', #7971, #490 ) ;
#722 = EDGE_CURVE ( 'NONE', #11654, #8495, #4223, .T. ) ;
#723 = CYLINDRICAL_SURFACE ( 'NONE', #6214, 2.750000000000000888 ) ;
#724 = CYLINDRICAL_SURFACE ( 'NONE', #890, 49.99999999999999289 ) ;
#725 = DIRECTION ( 'NONE',  ( 0.000000000000000000, 0.000000000000000000, 1.000000000000000000 ) ) ;
#726 = LINE ( 'NONE', #11612, #451 ) ;
#727 = VECTOR ( 'NONE', #128, 1000.000000000000000 ) ;
#728 = DIRECTION ( 'NONE',  ( -1.000000000000000000, 0.000000000000000000, -0.000000000000000000 ) ) ;
#729 = ORIENTED_EDGE ( 'NONE', *, *, #8140, .T. ) ;
#730 = FACE_OUTER_BOUND ( 'NONE', #4655, .T. ) ;
#731 = CARTESIAN_POINT ( 'NONE',  ( 32.89853670768515315, 0.02386691049364502229, -12.14949549346858149 ) ) ;
#732 = VERTEX_POINT ( 'NONE', #7186 ) ;
#733 = AXIS2_PLACEMENT_3D ( 'NONE', #4773, #6374, #10079 ) ;
#734 = CARTESIAN_POINT ( 'NONE',  ( 51.95000000000000284, 10.50000000000000000, 9.500000000000000000 ) ) ;
#735 = ORIENTED_EDGE ( 'NONE', *, *, #7821, .F. ) ;
#736 = LINE ( 'NONE', #8994, #4327 ) ;
#737 = ORIENTED_EDGE ( 'NONE', *, *, #10964, .F. ) ;
#738 = DIRECTION ( 'NONE',  ( -0.000000000000000000, 1.000000000000000000, -0.000000000000000000 ) ) ;
#739 = CARTESIAN_POINT ( 'NONE',  ( -52.00635303056958492, 8.019800277465877869, 4.350089639398327712 ) ) ;
#740 = CARTESIAN_POINT ( 'NONE',  ( 0.5999999999999912070, 12.50000000000000000, 13.55000000000000071 ) ) ;
#741 = ORIENTED_EDGE ( 'NONE', *, *, #3259, .F. ) ;
#742 = ORIENTED_EDGE ( 'NONE', *, *, #10229, .T. ) ;
#743 = CARTESIAN_POINT ( 'NONE',  ( 0.5999999999999912070, 14.00000000000000000, -13.35000000000018971 ) ) ;
#744 = DIRECTION ( 'NONE',  ( -0.000000000000000000, 1.000000000000000000, -0.000000000000000000 ) ) ;
#745 = LINE ( 'NONE', #6195, #6016 ) ;
#746 = EDGE_LOOP ( 'NONE', ( #7043, #7251, #928, #10546 ) ) ;
#747 = ORIENTED_EDGE ( 'NONE', *, *, #1054, .F. ) ;
#748 = FACE_OUTER_BOUND ( 'NONE', #10339, .T. ) ;
#749 = CARTESIAN_POINT ( 'NONE',  ( -39.90000000000000568, 13.29999999999999893, -12.25000000000000000 ) ) ;
#750 = CARTESIAN_POINT ( 'NONE',  ( 0.5999999999999912070, 14.00000000000000000, -13.35000000000018971 ) ) ;
#751 = B_SPLINE_CURVE_WITH_KNOTS ( 'NONE', 3,
 ( #8076, #5627, #10044, #3608, #2000, #7227 ),
 .UNSPECIFIED., .F., .F.,
 ( 4, 2, 4 ),
 ( 0.000000000000000000, 0.0003393158518392742754, 0.0006786317036785485509 ),
 .UNSPECIFIED. ) ;
#752 = CARTESIAN_POINT ( 'NONE',  ( 25.27048837293183681, 0.2077789836488302677, -5.229650374919780020 ) ) ;
#753 = CARTESIAN_POINT ( 'NONE',  ( -37.20000000000000284, 4.000000000000000000, 12.25000000000000000 ) ) ;
#754 = DIRECTION ( 'NONE',  ( 0.000000000000000000, 1.000000000000000000, -0.000000000000000000 ) ) ;
#755 = DIRECTION ( 'NONE',  ( 1.000000000000000000, -0.000000000000000000, -0.000000000000000000 ) ) ;
#756 = EDGE_CURVE ( 'NONE', #9611, #2265, #624, .T. ) ;
#757 = DIRECTION ( 'NONE',  ( 1.000000000000000000, -0.000000000000000000, -7.485322442186878744E-17 ) ) ;
#758 = EDGE_CURVE ( 'NONE', #2479, #1009, #9994, .T. ) ;
#759 = CARTESIAN_POINT ( 'NONE',  ( 0.000000000000000000, 16.50000000000000000, 13.55000000000000604 ) ) ;
#760 = EDGE_CURVE ( 'NONE', #1799, #32, #11455, .T. ) ;
#761 = ORIENTED_EDGE ( 'NONE', *, *, #5789, .F. ) ;
#762 = CIRCLE ( 'NONE', #8926, 3.000000000000002665 ) ;
#763 = CIRCLE ( 'NONE', #578, 9.000000000000008882 ) ;
#764 = CARTESIAN_POINT ( 'NONE',  ( -15.77802059593038564, 12.30000000000000071, -5.742729852557515002 ) ) ;
#765 = VERTEX_POINT ( 'NONE', #5474 ) ;
#766 = ORIENTED_EDGE ( 'NONE', *, *, #2941, .T. ) ;
#767 = VERTEX_POINT ( 'NONE', #2850 ) ;
#768 = EDGE_LOOP ( 'NONE', ( #3200, #4981, #8939, #6197 ) ) ;
#769 = DIRECTION ( 'NONE',  ( 0.000000000000000000, 0.000000000000000000, 1.000000000000000000 ) ) ;
#770 = PLANE ( 'NONE',  #1643 ) ;
#771 = ORIENTED_EDGE ( 'NONE', *, *, #10284, .T. ) ;
#772 = CARTESIAN_POINT ( 'NONE',  ( 38.52664033279327782, 0.09378038618372039337, -7.095855630624929411 ) ) ;
#773 = CARTESIAN_POINT ( 'NONE',  ( -52.44999998641311834, 6.615906203487875281, 3.231687416539682278 ) ) ;
#774 = EDGE_CURVE ( 'NONE', #8650, #7819, #841, .T. ) ;
#775 = ADVANCED_FACE ( 'NONE', ( #7369 ), #2791, .T. ) ;
#776 = CARTESIAN_POINT ( 'NONE',  ( -34.76613167787451886, 13.30000000000000071, 12.25000000000000178 ) ) ;
#777 = ORIENTED_EDGE ( 'NONE', *, *, #10082, .F. ) ;
#778 = ORIENTED_EDGE ( 'NONE', *, *, #2639, .T. ) ;
#779 = LINE ( 'NONE', #4400, #11507 ) ;
#780 = CARTESIAN_POINT ( 'NONE',  ( -52.11702421443925459, 8.389319677110828266, -4.290099133721501090 ) ) ;
#781 = CARTESIAN_POINT ( 'NONE',  ( 39.38469035668907026, 4.999999999999999112, 4.549999999999998934 ) ) ;
#782 = DIRECTION ( 'NONE',  ( -0.000000000000000000, -1.000000000000000000, 0.000000000000000000 ) ) ;
#783 = CARTESIAN_POINT ( 'NONE',  ( 30.76227239443610628, 0.0001962405826615902862, -12.14055361085148732 ) ) ;
#784 = EDGE_LOOP ( 'NONE', ( #2052, #9031, #11010, #2707 ) ) ;
#785 = EDGE_CURVE ( 'NONE', #4793, #10730, #8149, .T. ) ;
#786 = FACE_OUTER_BOUND ( 'NONE', #10260, .T. ) ;
#787 = ORIENTED_EDGE ( 'NONE', *, *, #3247, .T. ) ;
#788 = EDGE_CURVE ( 'NONE', #7132, #289, #11740, .T. ) ;
#789 = PLANE ( 'NONE',  #9262 ) ;
#790 = VERTEX_POINT ( 'NONE', #8264 ) ;
#791 = VECTOR ( 'NONE', #1779, 1000.000000000000000 ) ;
#792 = CARTESIAN_POINT ( 'NONE',  ( 31.86861133258642198, 0.06968970843561422823, -12.40593171207694212 ) ) ;
#793 = ORIENTED_EDGE ( 'NONE', *, *, #5279, .T. ) ;
#794 = CARTESIAN_POINT ( 'NONE',  ( 20.65000000000000213, 4.999999999999999112, -8.849999999999997868 ) ) ;
#795 = ORIENTED_EDGE ( 'NONE', *, *, #197, .T. ) ;
#796 = DIRECTION ( 'NONE',  ( 5.139921410301691225E-16, 0.000000000000000000, -1.000000000000000000 ) ) ;
#797 =( BOUNDED_SURFACE ( )  B_SPLINE_SURFACE ( 3, 2, ( 
 ( #5510, #11007, #9083 ),
 ( #8185, #4619, #9136 ),
 ( #8243, #121, #2833 ),
 ( #1934, #2645, #6272 ),
 ( #9897, #11574, #1516 ),
 ( #8769, #10859, #7936 ),
 ( #627, #5246, #739 ),
 ( #2687, #1682, #8888 ),
 ( #3455, #3515, #4364 ),
 ( #5132, #9836, #5317 ),
 ( #11693, #1564, #7989 ),
 ( #11626, #8047, #4244 ),
 ( #7073, #11514, #8945 ),
 ( #10734, #2562, #7136 ) ),
 .UNSPECIFIED., .F., .F., .F. ) 
 B_SPLINE_SURFACE_WITH_KNOTS ( ( 4, 2, 2, 2, 2, 2, 4 ),
 ( 3, 3 ),
 ( 0.001155377463937196135, 0.001777644056775323257, 0.002088777353194386927, 0.002399910649613450162, 0.002711043946032513398, 0.003022177242451577067, 0.003644443835289703972 ),
 ( 0.2421920237697662848, 1.000000000000000000 ),
 .UNSPECIFIED. ) 
 GEOMETRIC_REPRESENTATION_ITEM ( )  RATIONAL_B_SPLINE_SURFACE ( (
 ( 0.8924876584085086328, 0.7780431825994087447, 1.000000000000000000),
 ( 0.9142263183649323999, 0.8229221584179704507, 1.000000000000000000),
 ( 0.9307382614185746306, 0.8570106944412274608, 1.000000000000000000),
 ( 0.9478720286488169222, 0.8923829725277467873, 1.000000000000000000),
 ( 0.9521871564501915852, 0.9012914570727967867, 1.000000000000000000),
 ( 0.9580339200408181100, 0.9133619693457042388, 1.000000000000000000),
 ( 0.9595443787250599321, 0.9164802774153326670, 1.000000000000000000),
 ( 0.9595213182622498449, 0.9164326696071747325, 1.000000000000000000),
 ( 0.9580366851125303729, 0.9133676777742256725, 1.000000000000000000),
 ( 0.9521631394572707130, 0.9012418745296828515, 1.000000000000000000),
 ( 0.9477395637334737888, 0.8921095016815951961, 1.000000000000000000),
 ( 0.9306991181620499765, 0.8569298840662293859, 1.000000000000000000),
 ( 0.9139791508532365549, 0.8224118866347618351, 1.000000000000000000),
 ( 0.8924876584085088549, 0.7780431825994094108, 1.000000000000000000) ) ) 
 REPRESENTATION_ITEM ( '' )  SURFACE ( )  );
#798 = CARTESIAN_POINT ( 'NONE',  ( 43.25000000000000711, 6.500000000000000000, 1.984313483298447922 ) ) ;
#799 = CARTESIAN_POINT ( 'NONE',  ( 43.25000000000000711, 7.500000000000000000, -12.25000000000000178 ) ) ;
#800 = EDGE_CURVE ( 'NONE', #4370, #470, #28, .T. ) ;
#801 = AXIS2_PLACEMENT_3D ( 'NONE', #8369, #3907, #5688 ) ;
#802 = CARTESIAN_POINT ( 'NONE',  ( -37.54999999999999716, 0.000000000000000000, 0.000000000000000000 ) ) ;
#803 = EDGE_CURVE ( 'NONE', #8432, #9391, #9163, .T. ) ;
#804 = DIRECTION ( 'NONE',  ( 0.000000000000000000, 1.000000000000000000, 0.000000000000000000 ) ) ;
#805 = LINE ( 'NONE', #10803, #6597 ) ;
#806 = ORIENTED_EDGE ( 'NONE', *, *, #3825, .T. ) ;
#807 = ORIENTED_EDGE ( 'NONE', *, *, #1629, .T. ) ;
#808 = CARTESIAN_POINT ( 'NONE',  ( 43.25000000000000711, 5.500000000000000000, -12.25000000000000178 ) ) ;
#809 = VECTOR ( 'NONE', #8562, 1000.000000000000000 ) ;
#810 = LINE ( 'NONE', #4430, #9616 ) ;
#811 = ORIENTED_EDGE ( 'NONE', *, *, #7018, .F. ) ;
#812 = FACE_OUTER_BOUND ( 'NONE', #4026, .T. ) ;
#813 = FACE_OUTER_BOUND ( 'NONE', #10122, .T. ) ;
#814 = CARTESIAN_POINT ( 'NONE',  ( -39.90000000000000568, 13.29999999999999893, 12.25000000000000178 ) ) ;
#815 = DIRECTION ( 'NONE',  ( 0.000000000000000000, 0.000000000000000000, -1.000000000000000000 ) ) ;
#816 = CARTESIAN_POINT ( 'NONE',  ( -45.19999999999999574, 14.00000000000000000, 6.750000000000006217 ) ) ;
#817 = AXIS2_PLACEMENT_3D ( 'NONE', #11388, #4997, #496 ) ;
#818 = DIRECTION ( 'NONE',  ( -0.000000000000000000, 1.000000000000000000, -0.000000000000000000 ) ) ;
#819 = ORIENTED_EDGE ( 'NONE', *, *, #4038, .F. ) ;
#820 = CARTESIAN_POINT ( 'NONE',  ( -37.06919264613326703, 13.30034953508066309, -12.27717671750640704 ) ) ;
#821 = ORIENTED_EDGE ( 'NONE', *, *, #1168, .T. ) ;
#822 = LINE ( 'NONE', #3545, #11294 ) ;
#823 = VERTEX_POINT ( 'NONE', #6292 ) ;
#824 = DIRECTION ( 'NONE',  ( -1.000000000000000000, -0.000000000000000000, 4.231032868236115418E-16 ) ) ;
#825 = CARTESIAN_POINT ( 'NONE',  ( 34.69364652204422583, 0.2531612188914915684, 0.2238308925512338399 ) ) ;
#826 = VERTEX_POINT ( 'NONE', #9038 ) ;
#827 = EDGE_CURVE ( 'NONE', #6473, #4272, #8326, .T. ) ;
#828 = DIRECTION ( 'NONE',  ( 0.000000000000000000, 1.000000000000000000, -0.000000000000000000 ) ) ;
#829 = DIRECTION ( 'NONE',  ( -0.6427876096865419164, 0.000000000000000000, -0.7660444431189757930 ) ) ;
#830 = ORIENTED_EDGE ( 'NONE', *, *, #4357, .F. ) ;
#831 = DIRECTION ( 'NONE',  ( 0.000000000000000000, 0.000000000000000000, 1.000000000000000000 ) ) ;
#832 = VERTEX_POINT ( 'NONE', #6531 ) ;
#833 = EDGE_LOOP ( 'NONE', ( #1670, #8160, #10170, #1832 ) ) ;
#834 = ORIENTED_EDGE ( 'NONE', *, *, #3017, .F. ) ;
#835 = CARTESIAN_POINT ( 'NONE',  ( -47.50000000000000711, 4.000000000000000000, -6.750000000000000000 ) ) ;
#836 = EDGE_CURVE ( 'NONE', #9149, #10377, #3081, .T. ) ;
#837 = CIRCLE ( 'NONE', #11111, 1.300000000000000711 ) ;
#838 = LINE ( 'NONE', #7184, #350 ) ;
#839 = CARTESIAN_POINT ( 'NONE',  ( -37.54999999999999716, 11.29999999999999716, -12.25000000000000000 ) ) ;
#840 = AXIS2_PLACEMENT_3D ( 'NONE', #4860, #2070, #5692 ) ;
#841 = LINE ( 'NONE', #2670, #9738 ) ;
#842 = EDGE_CURVE ( 'NONE', #8404, #10502, #246, .T. ) ;
#843 = ORIENTED_EDGE ( 'NONE', *, *, #7807, .T. ) ;
#844 = DIRECTION ( 'NONE',  ( 0.000000000000000000, 0.000000000000000000, -1.000000000000000000 ) ) ;
#845 = ORIENTED_EDGE ( 'NONE', *, *, #2214, .F. ) ;
#846 = CARTESIAN_POINT ( 'NONE',  ( -52.26327769597668293, 8.426109351408362258, -4.118545122950488135 ) ) ;
#847 = VECTOR ( 'NONE', #8543, 1000.000000000000114 ) ;
#848 = DIRECTION ( 'NONE',  ( 0.000000000000000000, 0.000000000000000000, 1.000000000000000000 ) ) ;
#849 = ORIENTED_EDGE ( 'NONE', *, *, #7214, .T. ) ;
#850 = CARTESIAN_POINT ( 'NONE',  ( 50.25000000000000000, 10.50000000000000000, -4.000000000000000000 ) ) ;
#851 = EDGE_LOOP ( 'NONE', ( #11054, #222, #11621, #114 ) ) ;
#852 = EDGE_CURVE ( 'NONE', #6438, #1514, #7658, .T. ) ;
#853 = DIRECTION ( 'NONE',  ( -0.000000000000000000, -1.000000000000000000, 0.000000000000000000 ) ) ;
#854 = ORIENTED_EDGE ( 'NONE', *, *, #1916, .F. ) ;
#855 = DIRECTION ( 'NONE',  ( -0.000000000000000000, 1.000000000000000000, -0.000000000000000000 ) ) ;
#856 = EDGE_CURVE ( 'NONE', #7124, #1684, #2077, .T. ) ;
#857 = PLANE ( 'NONE',  #7932 ) ;
#858 = CIRCLE ( 'NONE', #5406, 2.000000000000001776 ) ;
#859 = CARTESIAN_POINT ( 'NONE',  ( 38.16960222758094545, 0.000000000000000000, 1.884264693320300221 ) ) ;
#860 = CYLINDRICAL_SURFACE ( 'NONE', #4058, 3.000000000000002665 ) ;
#861 = LINE ( 'NONE', #740, #8523 ) ;
#862 = VERTEX_POINT ( 'NONE', #3979 ) ;
#863 = DIRECTION ( 'NONE',  ( 0.000000000000000000, 1.000000000000000000, 0.000000000000000000 ) ) ;
#864 = ORIENTED_EDGE ( 'NONE', *, *, #800, .T. ) ;
#865 = VECTOR ( 'NONE', #1208, 1000.000000000000000 ) ;
#866 = CARTESIAN_POINT ( 'NONE',  ( 35.44364652204421873, 0.2999999999999999889, -1.075207213125435546 ) ) ;
#867 = EDGE_CURVE ( 'NONE', #9611, #10610, #1048, .T. ) ;
#868 = CYLINDRICAL_SURFACE ( 'NONE', #9234, 0.8500000000000000888 ) ;
#869 = ADVANCED_FACE ( 'NONE', ( #6643 ), #9552, .T. ) ;
#870 = EDGE_LOOP ( 'NONE', ( #3114, #1677, #3334, #10126, #7380, #6483 ) ) ;
#871 = CARTESIAN_POINT ( 'NONE',  ( -44.75000000000000711, 11.29999999999999716, -12.25000000000000000 ) ) ;
#872 = DIRECTION ( 'NONE',  ( 0.000000000000000000, 0.000000000000000000, 1.000000000000000000 ) ) ;
#873 = CARTESIAN_POINT ( 'NONE',  ( 22.62491561756133152, -8.309393212564686326E-16, 1.907147389567278806 ) ) ;
#874 = VECTOR ( 'NONE', #970, 1000.000000000000000 ) ;
#875 = AXIS2_PLACEMENT_3D ( 'NONE', #3671, #8146, #7183 ) ;
#876 = CARTESIAN_POINT ( 'NONE',  ( 47.50000000000000000, 10.50000000000000000, -9.500000000000001776 ) ) ;
#877 = LINE ( 'NONE', #8240, #11614 ) ;
#878 = VERTEX_POINT ( 'NONE', #10177 ) ;
#879 = CARTESIAN_POINT ( 'NONE',  ( -34.70000000000000284, 4.000000000000000000, -12.25000000000000000 ) ) ;
#880 = VERTEX_POINT ( 'NONE', #4866 ) ;
#881 = DIRECTION ( 'NONE',  ( 0.000000000000000000, 1.000000000000000000, 0.000000000000000000 ) ) ;
#882 = VECTOR ( 'NONE', #9656, 1000.000000000000000 ) ;
#883 = VERTEX_POINT ( 'NONE', #196 ) ;
#884 = FACE_OUTER_BOUND ( 'NONE', #5883, .T. ) ;
#885 = DIRECTION ( 'NONE',  ( -0.8660254037844390407, 0.000000000000000000, -0.4999999999999994449 ) ) ;
#886 = EDGE_LOOP ( 'NONE', ( #202, #3804, #5661, #4709, #7041 ) ) ;
#887 = DIRECTION ( 'NONE',  ( 0.000000000000000000, 1.000000000000000000, -0.000000000000000000 ) ) ;
#888 = DIRECTION ( 'NONE',  ( 0.7660444431189759040, 0.000000000000000000, -0.6427876096865420275 ) ) ;
#889 = AXIS2_PLACEMENT_3D ( 'NONE', #10468, #2303, #5924 ) ;
#890 = AXIS2_PLACEMENT_3D ( 'NONE', #9757, #1603, #4350 ) ;
#891 = ORIENTED_EDGE ( 'NONE', *, *, #2191, .T. ) ;
#892 = FACE_OUTER_BOUND ( 'NONE', #5043, .T. ) ;
#893 = ORIENTED_EDGE ( 'NONE', *, *, #10674, .F. ) ;
#894 = ORIENTED_EDGE ( 'NONE', *, *, #2307, .T. ) ;
#895 = VERTEX_POINT ( 'NONE', #7426 ) ;
#896 = DIRECTION ( 'NONE',  ( -1.176083712526649195E-16, 0.000000000000000000, -1.000000000000000000 ) ) ;
#897 = CARTESIAN_POINT ( 'NONE',  ( -52.20449052920049837, 8.141174788125260520, -4.260318664616423057 ) ) ;
#898 = VECTOR ( 'NONE', #1238, 1000.000000000000000 ) ;
#899 = CIRCLE ( 'NONE', #3172, 5.499999999999988454 ) ;
#900 = DIRECTION ( 'NONE',  ( 8.462065736472229849E-17, 0.000000000000000000, 1.000000000000000000 ) ) ;
#901 = CARTESIAN_POINT ( 'NONE',  ( -39.90000000000000568, 4.000000000000000000, -12.25000000000000000 ) ) ;
#902 = ORIENTED_EDGE ( 'NONE', *, *, #3448, .F. ) ;
#903 = AXIS2_PLACEMENT_3D ( 'NONE', #1569, #5320, #8948 ) ;
#904 = CARTESIAN_POINT ( 'NONE',  ( -36.97685957032785353, 4.003051246122646845, -12.36973257420731542 ) ) ;
#905 = ORIENTED_EDGE ( 'NONE', *, *, #10721, .T. ) ;
#906 = ADVANCED_FACE ( 'NONE', ( #2017 ), #5643, .T. ) ;
#907 = DIRECTION ( 'NONE',  ( 0.000000000000000000, -0.000000000000000000, 1.000000000000000000 ) ) ;
#908 = VERTEX_POINT ( 'NONE', #7485 ) ;
#909 = AXIS2_PLACEMENT_3D ( 'NONE', #7739, #5999, #9593 ) ;
#910 = ADVANCED_FACE ( 'NONE', ( #11134 ), #2961, .F. ) ;
#911 = CARTESIAN_POINT ( 'NONE',  ( -37.36613081906460110, 4.000000000000000000, 12.25000000000000178 ) ) ;
#912 = ADVANCED_FACE ( 'NONE', ( #1399 ), #5181, .F. ) ;
#913 = VERTEX_POINT ( 'NONE', #674 ) ;
#914 = CARTESIAN_POINT ( 'NONE',  ( -52.20354702646687883, 7.440798442284976666, 4.221184600453638858 ) ) ;
#915 = VERTEX_POINT ( 'NONE', #7930 ) ;
#916 = LINE ( 'NONE', #11750, #10385 ) ;
#917 = ORIENTED_EDGE ( 'NONE', *, *, #6261, .T. ) ;
#918 = PLANE ( 'NONE',  #11637 ) ;
#919 = CARTESIAN_POINT ( 'NONE',  ( -20.00000000000000355, 12.30000000000000071, -12.25000000000000178 ) ) ;
#920 = AXIS2_PLACEMENT_3D ( 'NONE', #3597, #5449, #2463 ) ;
#921 = VECTOR ( 'NONE', #10651, 1000.000000000000000 ) ;
#922 = DIRECTION ( 'NONE',  ( 1.000000000000000000, 0.000000000000000000, 0.000000000000000000 ) ) ;
#923 = CARTESIAN_POINT ( 'NONE',  ( -34.95000000000000284, 6.000000000000000000, 14.25000000000000355 ) ) ;
#924 = DIRECTION ( 'NONE',  ( 1.000000000000000000, -0.000000000000000000, 0.000000000000000000 ) ) ;
#925 = VECTOR ( 'NONE', #7988, 1000.000000000000000 ) ;
#926 = EDGE_CURVE ( 'NONE', #4033, #3171, #11571, .T. ) ;
#927 = DIRECTION ( 'NONE',  ( 0.000000000000000000, 1.000000000000000000, 0.000000000000000000 ) ) ;
#928 = ORIENTED_EDGE ( 'NONE', *, *, #9572, .F. ) ;
#929 = EDGE_CURVE ( 'NONE', #7760, #895, #9831, .T. ) ;
#930 = EDGE_LOOP ( 'NONE', ( #10237, #4334, #6196, #5250, #830, #2081 ) ) ;
#931 = CARTESIAN_POINT ( 'NONE',  ( -20.00000000000001066, 15.50000000000000000, 13.55000000000000604 ) ) ;
#932 = CARTESIAN_POINT ( 'NONE',  ( 20.65000000000000213, 0.5999999999999989786, 8.349999999999997868 ) ) ;
#933 = AXIS2_PLACEMENT_3D ( 'NONE', #5432, #101, #9176 ) ;
#934 = MANIFOLD_SOLID_BREP ( '\X2\570689d2\X0\14', #9648 ) ;
#935 = CARTESIAN_POINT ( 'NONE',  ( 52.75000000000000000, 8.500000000000000000, -1.926456070690041313E-14 ) ) ;
#936 = CARTESIAN_POINT ( 'NONE',  ( -50.25000000000000711, 13.79999999999999893, 4.750000000000000888 ) ) ;
#937 = LINE ( 'NONE', #4495, #7748 ) ;
#938 = CARTESIAN_POINT ( 'NONE',  ( 20.65000000000000213, 5.500000000000000000, 12.25000000000000533 ) ) ;
#939 = EDGE_CURVE ( 'NONE', #7458, #8241, #9237, .T. ) ;
#940 = CARTESIAN_POINT ( 'NONE',  ( -34.55000000000001137, 3.010000000000000231, 8.949999999999992184 ) ) ;
#941 = ADVANCED_FACE ( 'NONE', ( #5369 ), #918, .T. ) ;
#942 = DIRECTION ( 'NONE',  ( -1.000000000000000000, 0.000000000000000000, -0.000000000000000000 ) ) ;
#943 = ORIENTED_EDGE ( 'NONE', *, *, #9340, .F. ) ;
#944 = DIRECTION ( 'NONE',  ( 0.000000000000000000, 0.000000000000000000, 1.000000000000000000 ) ) ;
#945 = VERTEX_POINT ( 'NONE', #10074 ) ;
#946 = DIRECTION ( 'NONE',  ( 0.8660254037844380415, 0.000000000000000000, -0.5000000000000011102 ) ) ;
#947 = CARTESIAN_POINT ( 'NONE',  ( 0.000000000000000000, 7.500000000000000000, 10.44999999999999218 ) ) ;
#948 = DIRECTION ( 'NONE',  ( -1.000000000000000000, 0.000000000000000000, 0.000000000000000000 ) ) ;
#949 = AXIS2_PLACEMENT_3D ( 'NONE', #7872, #8944, #8768 ) ;
#950 = CARTESIAN_POINT ( 'NONE',  ( 34.69364652204420452, 0.5999999999999989786, -6.523830892551266913 ) ) ;
#951 = EDGE_CURVE ( 'NONE', #4486, #4308, #10977, .T. ) ;
#952 = CARTESIAN_POINT ( 'NONE',  ( 9.326490010960476695, -0.001000000000000024307, -16.15395455526719104 ) ) ;
#953 = AXIS2_PLACEMENT_3D ( 'NONE', #8567, #9403, #1429 ) ;
#954 = EDGE_CURVE ( 'NONE', #1492, #1171, #4542, .T. ) ;
#955 = DIRECTION ( 'NONE',  ( -0.4999999999999978906, 0.000000000000000000, 0.8660254037844398178 ) ) ;
#956 = ORIENTED_EDGE ( 'NONE', *, *, #10314, .T. ) ;
#957 = ADVANCED_FACE ( 'NONE', ( #9119 ), #5596, .F. ) ;
#958 = EDGE_LOOP ( 'NONE', ( #9763, #92, #9072, #10564 ) ) ;
#959 = ORIENTED_EDGE ( 'NONE', *, *, #10981, .T. ) ;
#960 = DIRECTION ( 'NONE',  ( 1.000000000000000000, 0.000000000000000000, -9.856182124392361707E-16 ) ) ;
#961 = LINE ( 'NONE', #1772, #10796 ) ;
#962 = VECTOR ( 'NONE', #3862, 999.9999999999998863 ) ;
#963 = CARTESIAN_POINT ( 'NONE',  ( 31.09999999999998721, 0.2762475072589813951, -12.13414417657722844 ) ) ;
#964 = CARTESIAN_POINT ( 'NONE',  ( -7.849999999999971223, 12.30000000000000071, 14.19019237886469220 ) ) ;
#965 = CARTESIAN_POINT ( 'NONE',  ( 47.49999999999997868, 15.50000000000000000, 12.25000000000000711 ) ) ;
#966 = ORIENTED_EDGE ( 'NONE', *, *, #1136, .F. ) ;
#967 = VERTEX_POINT ( 'NONE', #2809 ) ;
#968 = CARTESIAN_POINT ( 'NONE',  ( 22.20231509708501960, 0.2034051652805225208, -7.002567585311952669 ) ) ;
#969 = VECTOR ( 'NONE', #10845, 1000.000000000000000 ) ;
#970 = DIRECTION ( 'NONE',  ( -0.000000000000000000, -1.000000000000000000, -0.000000000000000000 ) ) ;
#971 = ORIENTED_EDGE ( 'NONE', *, *, #2210, .F. ) ;
#972 = ORIENTED_EDGE ( 'NONE', *, *, #5703, .T. ) ;
#973 = ORIENTED_EDGE ( 'NONE', *, *, #7679, .T. ) ;
#974 = CARTESIAN_POINT ( 'NONE',  ( 47.49999999999997868, 15.50000000000000000, -12.25000000000000000 ) ) ;
#975 = ORIENTED_EDGE ( 'NONE', *, *, #11622, .F. ) ;
#976 = DIRECTION ( 'NONE',  ( 0.8660254037844385966, 0.000000000000000000, 0.5000000000000003331 ) ) ;
#977 = ORIENTED_EDGE ( 'NONE', *, *, #9143, .T. ) ;
#978 = ADVANCED_FACE ( 'NONE', ( #8106 ), #8283, .T. ) ;
#979 = CARTESIAN_POINT ( 'NONE',  ( -52.24737880384225974, 6.461238601352042643, -3.256771301096195170 ) ) ;
#980 = ADVANCED_FACE ( 'NONE', ( #4715 ), #6434, .T. ) ;
#981 = CARTESIAN_POINT ( 'NONE',  ( -8.947521086617219380E-16, 14.00000000000000000, 12.25000000000000355 ) ) ;
#982 = CARTESIAN_POINT ( 'NONE',  ( -42.17695776278954156, 4.003042131983495011, 12.36956634074368111 ) ) ;
#983 = EDGE_LOOP ( 'NONE', ( #6358, #2922 ) ) ;
#984 = ORIENTED_EDGE ( 'NONE', *, *, #10106, .T. ) ;
#985 = DIRECTION ( 'NONE',  ( 0.8660254037844382635, 0.000000000000000000, -0.5000000000000005551 ) ) ;
#986 = EDGE_LOOP ( 'NONE', ( #902, #11053, #1854, #7695, #11535, #6081 ) ) ;
#987 = DIRECTION ( 'NONE',  ( 0.000000000000000000, 0.000000000000000000, 1.000000000000000000 ) ) ;
#988 = CARTESIAN_POINT ( 'NONE',  ( 8.576490010960466037, -0.001000000000000024307, -14.85491644959050461 ) ) ;
#989 = ADVANCED_FACE ( 'NONE', ( #157 ), #5491, .T. ) ;
#990 = CARTESIAN_POINT ( 'NONE',  ( -15.05000000000001492, 6.000000000000000000, -10.05000000000001137 ) ) ;
#991 = DIRECTION ( 'NONE',  ( 0.000000000000000000, 1.000000000000000000, -0.000000000000000000 ) ) ;
#992 = EDGE_CURVE ( 'NONE', #4308, #2309, #4967, .T. ) ;
#993 = PLANE ( 'NONE',  #7780 ) ;
#994 = DIRECTION ( 'NONE',  ( 0.000000000000000000, 0.000000000000000000, -1.000000000000000000 ) ) ;
#995 = LINE ( 'NONE', #3473, #395 ) ;
#996 = ORIENTED_EDGE ( 'NONE', *, *, #2491, .F. ) ;
#997 = DIRECTION ( 'NONE',  ( -0.000000000000000000, -1.000000000000000000, 0.000000000000000000 ) ) ;
#998 = AXIS2_PLACEMENT_3D ( 'NONE', #4701, #1903, #5532 ) ;
#999 = ORIENTED_EDGE ( 'NONE', *, *, #9424, .T. ) ;
#1000 = CARTESIAN_POINT ( 'NONE',  ( -52.25000000000001421, 7.899999999999999467, 2.925000000000026912 ) ) ;
#1001 = EDGE_CURVE ( 'NONE', #3130, #10478, #2623, .T. ) ;
#1002 = DIRECTION ( 'NONE',  ( -0.8660254037844384856, 0.000000000000000000, 0.5000000000000002220 ) ) ;
#1003 = DIRECTION ( 'NONE',  ( 0.000000000000000000, 1.000000000000000000, -0.000000000000000000 ) ) ;
#1004 = ADVANCED_FACE ( 'NONE', ( #9948, #2917 ), #1329, .T. ) ;
#1005 = PLANE ( 'NONE',  #3372 ) ;
#1006 = CARTESIAN_POINT ( 'NONE',  ( 47.49999999999997868, 10.50000000000000000, -12.25000000000000178 ) ) ;
#1007 = DIRECTION ( 'NONE',  ( 0.000000000000000000, 0.000000000000000000, -1.000000000000000000 ) ) ;
#1008 = CARTESIAN_POINT ( 'NONE',  ( 9.176490010960476340, 0.2999999999999999889, -15.89414693413186086 ) ) ;
#1009 = VERTEX_POINT ( 'NONE', #2981 ) ;
#1010 = ORIENTED_EDGE ( 'NONE', *, *, #3925, .T. ) ;
#1011 = AXIS2_PLACEMENT_3D ( 'NONE', #6955, #561, #6006 ) ;
#1012 = LINE ( 'NONE', #9217, #2937 ) ;
#1013 = EDGE_CURVE ( 'NONE', #4475, #7419, #2266, .T. ) ;
#1014 = ORIENTED_EDGE ( 'NONE', *, *, #2567, .T. ) ;
#1015 = CYLINDRICAL_SURFACE ( 'NONE', #4868, 0.5000000000000004441 ) ;
#1016 = DIRECTION ( 'NONE',  ( 0.000000000000000000, -1.000000000000000000, 0.000000000000000000 ) ) ;
#1017 = DIRECTION ( 'NONE',  ( 0.000000000000000000, -0.9982455176826039445, -0.05921052631576700920 ) ) ;
#1018 = EDGE_CURVE ( 'NONE', #6788, #10590, #3268, .T. ) ;
#1019 = CARTESIAN_POINT ( 'NONE',  ( -42.26903178392871041, 13.30034910780785395, 12.27727016374981694 ) ) ;
#1020 = ORIENTED_EDGE ( 'NONE', *, *, #4854, .T. ) ;
#1021 = VERTEX_POINT ( 'NONE', #9301 ) ;
#1022 = DIRECTION ( 'NONE',  ( -1.000000000000000000, 0.000000000000000000, 0.000000000000000000 ) ) ;
#1023 = CARTESIAN_POINT ( 'NONE',  ( 0.000000000000000000, 0.5999999999999989786, -8.849999999999997868 ) ) ;
#1024 = DIRECTION ( 'NONE',  ( 0.000000000000000000, 0.000000000000000000, 1.000000000000000000 ) ) ;
#1025 = ORIENTED_EDGE ( 'NONE', *, *, #10460, .F. ) ;
#1026 = ORIENTED_EDGE ( 'NONE', *, *, #4957, .F. ) ;
#1027 = ORIENTED_EDGE ( 'NONE', *, *, #9045, .F. ) ;
#1028 = VECTOR ( 'NONE', #5864, 1000.000000000000000 ) ;
#1029 = CYLINDRICAL_SURFACE ( 'NONE', #3706, 0.2500000000000002220 ) ;
#1030 = ORIENTED_EDGE ( 'NONE', *, *, #7447, .F. ) ;
#1031 = CARTESIAN_POINT ( 'NONE',  ( 27.80146329231484614, 0.02386691049364443248, -12.14949549346857438 ) ) ;
#1032 = DIRECTION ( 'NONE',  ( 0.000000000000000000, 0.000000000000000000, -1.000000000000000000 ) ) ;
#1033 = CARTESIAN_POINT ( 'NONE',  ( -20.00000000000001066, 14.00000000000000000, 13.25000000000000178 ) ) ;
#1034 = DIRECTION ( 'NONE',  ( 0.000000000000000000, 0.000000000000000000, 1.000000000000000000 ) ) ;
#1035 = APPLICATION_PROTOCOL_DEFINITION ( 'draft international standard', 'automotive_design', 1998, #3838 ) ;
#1036 = DIRECTION ( 'NONE',  ( -1.000000000000000000, 0.000000000000000000, -7.304098846218136886E-17 ) ) ;
#1037 = ORIENTED_EDGE ( 'NONE', *, *, #7408, .T. ) ;
#1038 = ORIENTED_EDGE ( 'NONE', *, *, #1946, .F. ) ;
#1039 = LINE ( 'NONE', #9308, #6355 ) ;
#1040 = ORIENTED_EDGE ( 'NONE', *, *, #4606, .T. ) ;
#1041 = DIRECTION ( 'NONE',  ( -0.000000000000000000, 1.000000000000000000, -0.000000000000000000 ) ) ;
#1042 = VECTOR ( 'NONE', #4958, 1000.000000000000000 ) ;
#1043 = CARTESIAN_POINT ( 'NONE',  ( -50.75000000000000711, 13.74843699104228989, 6.750000000000000888 ) ) ;
#1044 = DIRECTION ( 'NONE',  ( 0.000000000000000000, 1.000000000000000000, 0.000000000000000000 ) ) ;
#1045 = ORIENTED_EDGE ( 'NONE', *, *, #6631, .F. ) ;
#1046 = LINE ( 'NONE', #6322, #531 ) ;
#1047 = PLANE ( 'NONE',  #4166 ) ;
#1048 = B_SPLINE_CURVE_WITH_KNOTS ( 'NONE', 3,
 ( #248, #3858, #1955, #307, #6698, #11202 ),
 .UNSPECIFIED., .F., .F.,
 ( 4, 2, 4 ),
 ( 0.000000000000000000, 0.0001955837419200947918, 0.0003911674838401895836 ),
 .UNSPECIFIED. ) ;
#1049 = CARTESIAN_POINT ( 'NONE',  ( 10.24999999999999112, 4.000000000000000000, 10.90000000000000213 ) ) ;
#1050 = CARTESIAN_POINT ( 'NONE',  ( 26.04929317472361561, 0.02221052063481852162, 0.01103345569503058100 ) ) ;
#1051 = VECTOR ( 'NONE', #2328, 1000.000000000000000 ) ;
#1052 = EDGE_CURVE ( 'NONE', #10130, #6840, #10256, .T. ) ;
#1053 = ORIENTED_EDGE ( 'NONE', *, *, #4572, .F. ) ;
#1054 = EDGE_CURVE ( 'NONE', #1385, #3122, #3818, .T. ) ;
#1055 = LINE ( 'NONE', #4676, #3484 ) ;
#1056 = VERTEX_POINT ( 'NONE', #11218 ) ;
#1057 = CARTESIAN_POINT ( 'NONE',  ( -52.25000000000002132, 9.375312345479724030, 3.137801170208929680 ) ) ;
#1058 = VECTOR ( 'NONE', #10907, 1000.000000000000000 ) ;
#1059 = DIRECTION ( 'NONE',  ( 0.000000000000000000, 1.000000000000000000, 0.000000000000000000 ) ) ;
#1060 = TOROIDAL_SURFACE ( 'NONE', #9024, 1.600000000000000755, 0.2999999999999999889 ) ;
#1061 = CARTESIAN_POINT ( 'NONE',  ( 47.49999999999997868, 0.000000000000000000, -11.75000000000000178 ) ) ;
#1062 = AXIS2_PLACEMENT_3D ( 'NONE', #5218, #7846, #8683 ) ;
#1063 = DIRECTION ( 'NONE',  ( 0.000000000000000000, 0.000000000000000000, -1.000000000000000000 ) ) ;
#1064 = DIRECTION ( 'NONE',  ( 2.668805347656624115E-15, 0.000000000000000000, -1.000000000000000000 ) ) ;
#1065 = ADVANCED_FACE ( 'NONE', ( #2093 ), #1386, .F. ) ;
#1066 = DIRECTION ( 'NONE',  ( -2.891205793294712543E-15, -0.000000000000000000, -1.000000000000000000 ) ) ;
#1067 = EDGE_LOOP ( 'NONE', ( #1311, #4261 ) ) ;
#1068 = ORIENTED_EDGE ( 'NONE', *, *, #2663, .F. ) ;
#1069 = VECTOR ( 'NONE', #8119, 1000.000000000000000 ) ;
#1070 = ADVANCED_FACE ( 'NONE', ( #3992, #5662 ), #5716, .F. ) ;
#1071 = CARTESIAN_POINT ( 'NONE',  ( 20.65000000000000213, 0.5999999999999989786, 8.349999999999997868 ) ) ;
#1072 = DIRECTION ( 'NONE',  ( -5.139921410301690239E-16, 0.000000000000000000, 1.000000000000000000 ) ) ;
#1073 = DIRECTION ( 'NONE',  ( 8.673617379884087537E-15, 0.000000000000000000, -1.000000000000000000 ) ) ;
#1074 = CARTESIAN_POINT ( 'NONE',  ( 41.25000000000000000, 7.500000000000000000, -7.250000000000000888 ) ) ;
#1075 = ORIENTED_EDGE ( 'NONE', *, *, #5294, .F. ) ;
#1076 = VECTOR ( 'NONE', #6482, 1000.000000000000000 ) ;
#1077 = DIRECTION ( 'NONE',  ( -0.000000000000000000, 1.000000000000000000, -0.000000000000000000 ) ) ;
#1078 = ORIENTED_EDGE ( 'NONE', *, *, #9715, .F. ) ;
#1079 = EDGE_CURVE ( 'NONE', #8576, #765, #6431, .T. ) ;
#1080 = CARTESIAN_POINT ( 'NONE',  ( -47.50000000000000711, 2.499999999999999556, -8.650000000000002132 ) ) ;
#1081 = ORIENTED_EDGE ( 'NONE', *, *, #1870, .T. ) ;
#1082 = EDGE_CURVE ( 'NONE', #7523, #10514, #8522, .T. ) ;
#1083 = EDGE_CURVE ( 'NONE', #4963, #10119, #2886, .T. ) ;
#1084 = VECTOR ( 'NONE', #4554, 1000.000000000000000 ) ;
#1085 = ORIENTED_EDGE ( 'NONE', *, *, #9851, .F. ) ;
#1086 = ORIENTED_EDGE ( 'NONE', *, *, #2584, .T. ) ;
#1087 = AXIS2_PLACEMENT_3D ( 'NONE', #1650, #10652, #6100 ) ;
#1088 = PLANE ( 'NONE',  #10172 ) ;
#1089 = VERTEX_POINT ( 'NONE', #3094 ) ;
#1090 = DIRECTION ( 'NONE',  ( 1.000000000000000000, -0.000000000000000000, 0.000000000000000000 ) ) ;
#1091 = EDGE_LOOP ( 'NONE', ( #7254, #1202, #11674, #4235 ) ) ;
#1092 = CARTESIAN_POINT ( 'NONE',  ( -15.77802059593038564, 12.30000000000000071, -5.742729852557515002 ) ) ;
#1093 = FACE_OUTER_BOUND ( 'NONE', #5820, .T. ) ;
#1094 = DIRECTION ( 'NONE',  ( 0.000000000000000000, 0.000000000000000000, 1.000000000000000000 ) ) ;
#1095 = AXIS2_PLACEMENT_3D ( 'NONE', #10884, #1763, #948 ) ;
#1096 = TOROIDAL_SURFACE ( 'NONE', #4696, 5.000000000000000000, 3.000000000000000000 ) ;
#1097 = CARTESIAN_POINT ( 'NONE',  ( 29.41507017996741524, 0.3830959020467571974, -12.11630891927016407 ) ) ;
#1098 = AXIS2_PLACEMENT_3D ( 'NONE', #1782, #8156, #3629 ) ;
#1099 = ORIENTED_EDGE ( 'NONE', *, *, #10094, .F. ) ;
#1100 = CARTESIAN_POINT ( 'NONE',  ( -50.25000000000000711, 5.999999999999998224, -2.449999999999999289 ) ) ;
#1101 = EDGE_CURVE ( 'NONE', #11088, #4339, #11326, .T. ) ;
#1102 = CIRCLE ( 'NONE', #7928, 50.00000000000000000 ) ;
#1103 = ORIENTED_EDGE ( 'NONE', *, *, #3283, .F. ) ;
#1104 = DIRECTION ( 'NONE',  ( 0.000000000000000000, 1.000000000000000000, -1.865294060190115224E-16 ) ) ;
#1105 = AXIS2_PLACEMENT_3D ( 'NONE', #11415, #5913, #7644 ) ;
#1106 = CIRCLE ( 'NONE', #3942, 1.000000000000000888 ) ;
#1107 = LINE ( 'NONE', #4726, #5980 ) ;
#1108 = CARTESIAN_POINT ( 'NONE',  ( -51.95000000000000995, 7.899999999999999467, -2.449999999999999734 ) ) ;
#1109 = ORIENTED_EDGE ( 'NONE', *, *, #613, .T. ) ;
#1110 = ORIENTED_EDGE ( 'NONE', *, *, #9186, .F. ) ;
#1111 = CARTESIAN_POINT ( 'NONE',  ( -51.99280968577652828, 7.420932411665744688, 4.292597590559728893 ) ) ;
#1112 = DIRECTION ( 'NONE',  ( -1.000000000000000000, 0.000000000000000000, 0.000000000000000000 ) ) ;
#1113 = CARTESIAN_POINT ( 'NONE',  ( -50.25000000000000711, 14.00000000000000000, 9.499999999999980460 ) ) ;
#1114 = CARTESIAN_POINT ( 'NONE',  ( -42.76393850668650742, 4.000000000000000000, 9.939999999999990621 ) ) ;
#1115 = VECTOR ( 'NONE', #10500, 1000.000000000000000 ) ;
#1116 = EDGE_LOOP ( 'NONE', ( #5210, #11491, #3037, #10261 ) ) ;
#1117 = CARTESIAN_POINT ( 'NONE',  ( -40.15000000000000568, 4.015686516701556741, -12.50000000000000000 ) ) ;
#1118 = PLANE ( 'NONE',  #8126 ) ;
#1119 = VECTOR ( 'NONE', #8287, 999.9999999999998863 ) ;
#1120 = CARTESIAN_POINT ( 'NONE',  ( -53.20000000000000284, 3.000000000000000000, 2.734438190280500643E-14 ) ) ;
#1121 = CARTESIAN_POINT ( 'NONE',  ( -8.947521086617219380E-16, 7.500000000000000000, 12.25000000000000355 ) ) ;
#1122 = ADVANCED_FACE ( 'NONE', ( #7500 ), #383, .T. ) ;
#1123 = DIRECTION ( 'NONE',  ( 1.000000000000000000, -0.000000000000000000, -0.000000000000000000 ) ) ;
#1124 = EDGE_CURVE ( 'NONE', #7124, #414, #440, .T. ) ;
#1125 = CARTESIAN_POINT ( 'NONE',  ( -2.000000000000011990, 14.00000000000000000, -14.75000000000000355 ) ) ;
#1126 = DIRECTION ( 'NONE',  ( 0.000000000000000000, -0.000000000000000000, 1.000000000000000000 ) ) ;
#1127 = ORIENTED_EDGE ( 'NONE', *, *, #703, .F. ) ;
#1128 = DIRECTION ( 'NONE',  ( -0.000000000000000000, 1.257045997084642858E-16, 1.000000000000000000 ) ) ;
#1129 = CARTESIAN_POINT ( 'NONE',  ( 20.65000000000000213, 4.000000000000000000, -8.849999999999997868 ) ) ;
#1130 = LINE ( 'NONE', #1365, #10183 ) ;
#1131 = AXIS2_PLACEMENT_3D ( 'NONE', #2881, #8181, #4730 ) ;
#1132 = ORIENTED_EDGE ( 'NONE', *, *, #11484, .F. ) ;
#1133 = CARTESIAN_POINT ( 'NONE',  ( 6.964593510958737361E-16, 10.50000000000000000, -13.55000000000000071 ) ) ;
#1134 = DIRECTION ( 'NONE',  ( -0.000000000000000000, 1.000000000000000000, -0.000000000000000000 ) ) ;
#1135 = CARTESIAN_POINT ( 'NONE',  ( -2.000000000000008882, 12.30000000000000071, 0.000000000000000000 ) ) ;
#1136 = EDGE_CURVE ( 'NONE', #1504, #6318, #9174, .T. ) ;
#1137 = DIRECTION ( 'NONE',  ( -0.000000000000000000, -1.000000000000000000, -0.000000000000000000 ) ) ;
#1138 = ORIENTED_EDGE ( 'NONE', *, *, #3427, .F. ) ;
#1139 = DIRECTION ( 'NONE',  ( 6.938893903907230744E-15, 0.000000000000000000, 1.000000000000000000 ) ) ;
#1140 = EDGE_CURVE ( 'NONE', #11424, #11706, #8341, .T. ) ;
#1141 = DIRECTION ( 'NONE',  ( 1.000000000000000000, -0.000000000000000000, 0.000000000000000000 ) ) ;
#1142 = EDGE_CURVE ( 'NONE', #9535, #6545, #8795, .T. ) ;
#1143 = CARTESIAN_POINT ( 'NONE',  ( -15.05000000000000782, 3.199999999999999734, 10.44999999999999218 ) ) ;
#1144 = ORIENTED_EDGE ( 'NONE', *, *, #1996, .T. ) ;
#1145 = VERTEX_POINT ( 'NONE', #10717 ) ;
#1146 = ORIENTED_EDGE ( 'NONE', *, *, #10222, .T. ) ;
#1147 = CIRCLE ( 'NONE', #4927, 1.900000000000000577 ) ;
#1148 = AXIS2_PLACEMENT_3D ( 'NONE', #390, #1451, #3280 ) ;
#1149 = DIRECTION ( 'NONE',  ( 0.000000000000000000, -1.000000000000000000, -0.000000000000000000 ) ) ;
#1150 = EDGE_LOOP ( 'NONE', ( #4988, #144, #6043, #11592, #2861, #7310 ) ) ;
#1151 = CARTESIAN_POINT ( 'NONE',  ( 37.74211819145300240, 0.2999999999999998779, 1.983866831501337247 ) ) ;
#1152 = ORIENTED_EDGE ( 'NONE', *, *, #842, .F. ) ;
#1153 = DIRECTION ( 'NONE',  ( -5.139921410301692211E-16, 0.000000000000000000, -1.000000000000000000 ) ) ;
#1154 = EDGE_CURVE ( 'NONE', #1815, #8363, #9711, .T. ) ;
#1155 = B_SPLINE_CURVE_WITH_KNOTS ( 'NONE', 3,
 ( #2332, #2217, #4836, #5727, #1282, #3169, #2275, #1395, #4001, #11228, #11402, #6791 ),
 .UNSPECIFIED., .F., .F.,
 ( 4, 2, 2, 2, 2, 4 ),
 ( 0.000000000000000000, 0.001292444025147391562, 0.001938666037721097427, 0.002261777044007950467, 0.002423332547151376987, 0.002584888050294803941 ),
 .UNSPECIFIED. ) ;
#1156 = EDGE_CURVE ( 'NONE', #6332, #826, #2591, .T. ) ;
#1157 = CARTESIAN_POINT ( 'NONE',  ( -39.80000000000000426, 4.000000000000000000, 12.25000000000000000 ) ) ;
#1158 = CARTESIAN_POINT ( 'NONE',  ( -20.00000000000001066, 14.00000000000000000, -14.75000000000000355 ) ) ;
#1159 = VERTEX_POINT ( 'NONE', #10484 ) ;
#1160 = ORIENTED_EDGE ( 'NONE', *, *, #3828, .T. ) ;
#1161 = LINE ( 'NONE', #5667, #3783 ) ;
#1162 = CARTESIAN_POINT ( 'NONE',  ( -42.63080735386675713, 3.999650464919335402, -12.27717671750640704 ) ) ;
#1163 = VECTOR ( 'NONE', #5972, 1000.000000000000000 ) ;
#1164 = ORIENTED_EDGE ( 'NONE', *, *, #951, .F. ) ;
#1165 = FACE_OUTER_BOUND ( 'NONE', #4177, .T. ) ;
#1166 = AXIS2_PLACEMENT_3D ( 'NONE', #1639, #6270, #6213 ) ;
#1167 = CARTESIAN_POINT ( 'NONE',  ( 26.08856210340541892, 0.000000000000000000, -6.129957559004394874 ) ) ;
#1168 = EDGE_CURVE ( 'NONE', #2140, #10085, #6113, .T. ) ;
#1169 = DIRECTION ( 'NONE',  ( 0.000000000000000000, 0.000000000000000000, -1.000000000000000000 ) ) ;
#1170 = ADVANCED_FACE ( 'NONE', ( #1604 ), #9658, .T. ) ;
#1171 = VERTEX_POINT ( 'NONE', #2374 ) ;
#1172 = ORIENTED_EDGE ( 'NONE', *, *, #3579, .T. ) ;
#1173 = EDGE_CURVE ( 'NONE', #7446, #11086, #8632, .T. ) ;
#1174 = FACE_BOUND ( 'NONE', #5179, .T. ) ;
#1175 = DIRECTION ( 'NONE',  ( -1.000000000000000000, 0.000000000000000000, 7.485322442186879976E-17 ) ) ;
#1176 = CARTESIAN_POINT ( 'NONE',  ( -20.00000000000001066, 10.50000000000000000, -13.55000000000000071 ) ) ;
#1177 = ORIENTED_EDGE ( 'NONE', *, *, #2663, .T. ) ;
#1178 = CARTESIAN_POINT ( 'NONE',  ( -47.50000000000000711, 2.499999999999999556, -9.500000000000001776 ) ) ;
#1179 = LINE ( 'NONE', #1887, #4521 ) ;
#1180 = DIRECTION ( 'NONE',  ( -1.826024711554533223E-15, 0.000000000000000000, 1.000000000000000000 ) ) ;
#1181 = CARTESIAN_POINT ( 'NONE',  ( -8.107033542344556309, 10.50000000000000000, 14.04179399400123351 ) ) ;
#1182 = CARTESIAN_POINT ( 'NONE',  ( 20.65000000000000213, 4.000000000000000000, 8.949999999999985079 ) ) ;
#1183 = CARTESIAN_POINT ( 'NONE',  ( -20.00000000000000711, 14.00000000000000000, 14.75000000000000178 ) ) ;
#1184 = CIRCLE ( 'NONE', #6478, 2.999999999999999112 ) ;
#1185 = CARTESIAN_POINT ( 'NONE',  ( -45.19999999999996021, 14.10000000000000142, -11.75000000000000178 ) ) ;
#1186 = ORIENTED_EDGE ( 'NONE', *, *, #3988, .T. ) ;
#1187 = ORIENTED_EDGE ( 'NONE', *, *, #130, .F. ) ;
#1188 = LINE ( 'NONE', #3631, #8617 ) ;
#1189 = DIRECTION ( 'NONE',  ( -1.176083712526649195E-16, 0.000000000000000000, -1.000000000000000000 ) ) ;
#1190 = ADVANCED_FACE ( 'NONE', ( #3439 ), #6064, .F. ) ;
#1191 = CARTESIAN_POINT ( 'NONE',  ( 29.59999999999998010, 0.2999999999999999889, -11.75000000000000178 ) ) ;
#1192 = CARTESIAN_POINT ( 'NONE',  ( 38.49211819145300950, 0.2999999999999998779, 0.6848287258246765763 ) ) ;
#1193 = AXIS2_PLACEMENT_3D ( 'NONE', #5580, #5808, #9464 ) ;
#1194 = CARTESIAN_POINT ( 'NONE',  ( -28.11660932293317572, 0.9385163630472106444, 8.949999999999985079 ) ) ;
#1195 = DIRECTION ( 'NONE',  ( -1.000000000000000000, -0.000000000000000000, -0.000000000000000000 ) ) ;
#1196 = ORIENTED_EDGE ( 'NONE', *, *, #2666, .F. ) ;
#1197 = LINE ( 'NONE', #8442, #6710 ) ;
#1198 = LINE ( 'NONE', #5704, #7826 ) ;
#1199 = DIRECTION ( 'NONE',  ( 1.000000000000000000, -0.000000000000000000, 0.000000000000000000 ) ) ;
#1200 = VECTOR ( 'NONE', #7920, 1000.000000000000114 ) ;
#1201 = CARTESIAN_POINT ( 'NONE',  ( 0.5999999999999912070, 14.00000000000000000, 13.35000000000018971 ) ) ;
#1202 = ORIENTED_EDGE ( 'NONE', *, *, #3842, .F. ) ;
#1203 = ORIENTED_EDGE ( 'NONE', *, *, #4106, .T. ) ;
#1204 = EDGE_CURVE ( 'NONE', #7188, #5225, #8872, .T. ) ;
#1205 = ORIENTED_EDGE ( 'NONE', *, *, #1699, .F. ) ;
#1206 = ORIENTED_EDGE ( 'NONE', *, *, #1304, .T. ) ;
#1207 = EDGE_CURVE ( 'NONE', #10610, #11706, #7975, .T. ) ;
#1208 = DIRECTION ( 'NONE',  ( 0.000000000000000000, 0.000000000000000000, -1.000000000000000000 ) ) ;
#1209 = VERTEX_POINT ( 'NONE', #8807 ) ;
#1210 = CARTESIAN_POINT ( 'NONE',  ( 29.67489141821824816, 0.09795398803915207619, 2.233001662233776941 ) ) ;
#1211 = ORIENTED_EDGE ( 'NONE', *, *, #1231, .F. ) ;
#1212 = DIRECTION ( 'NONE',  ( 1.000000000000000000, 0.000000000000000000, -0.000000000000000000 ) ) ;
#1213 = LINE ( 'NONE', #9363, #4529 ) ;
#1214 = ORIENTED_EDGE ( 'NONE', *, *, #9082, .T. ) ;
#1215 = ORIENTED_EDGE ( 'NONE', *, *, #1884, .F. ) ;
#1216 = PLANE ( 'NONE',  #7391 ) ;
#1217 = ADVANCED_FACE ( 'NONE', ( #4229 ), #665, .T. ) ;
#1218 = CARTESIAN_POINT ( 'NONE',  ( 41.25000000000000000, 7.500000000000000000, 8.349999999999997868 ) ) ;
#1219 = ORIENTED_EDGE ( 'NONE', *, *, #10632, .F. ) ;
#1220 = ADVANCED_FACE ( 'NONE', ( #10666 ), #7062, .F. ) ;
#1221 = LINE ( 'NONE', #5724, #1051 ) ;
#1222 = PLANE ( 'NONE',  #4473 ) ;
#1223 = FACE_OUTER_BOUND ( 'NONE', #5656, .T. ) ;
#1224 = VERTEX_POINT ( 'NONE', #4351 ) ;
#1225 = ORIENTED_EDGE ( 'NONE', *, *, #7024, .F. ) ;
#1226 = AXIS2_PLACEMENT_3D ( 'NONE', #5747, #1784, #6583 ) ;
#1227 = PLANE ( 'NONE',  #6417 ) ;
#1228 = AXIS2_PLACEMENT_3D ( 'NONE', #10319, #2045, #3770 ) ;
#1229 = CYLINDRICAL_SURFACE ( 'NONE', #1672, 1.300000000000000711 ) ;
#1230 = CARTESIAN_POINT ( 'NONE',  ( -39.55000000000000426, 13.29999999999999893, -12.25000000000000000 ) ) ;
#1231 = EDGE_CURVE ( 'NONE', #538, #7704, #11498, .T. ) ;
#1232 = ORIENTED_EDGE ( 'NONE', *, *, #5331, .T. ) ;
#1233 = AXIS2_PLACEMENT_3D ( 'NONE', #4790, #2940, #1885 ) ;
#1234 = EDGE_CURVE ( 'NONE', #3559, #2527, #6835, .T. ) ;
#1235 = DIRECTION ( 'NONE',  ( 0.000000000000000000, 0.8660254037844418162, 0.4999999999999945044 ) ) ;
#1236 = ADVANCED_FACE ( 'NONE', ( #6171 ), #9817, .T. ) ;
#1237 = ORIENTED_EDGE ( 'NONE', *, *, #10837, .F. ) ;
#1238 = DIRECTION ( 'NONE',  ( -1.000000000000000000, 0.000000000000000000, 0.000000000000000000 ) ) ;
#1239 = DIRECTION ( 'NONE',  ( 0.000000000000000000, 1.000000000000000000, -0.000000000000000000 ) ) ;
#1240 = CARTESIAN_POINT ( 'NONE',  ( 47.49999999999997868, 10.50000000000000000, -14.75000000000000000 ) ) ;
#1241 = VECTOR ( 'NONE', #6903, 1000.000000000000000 ) ;
#1242 = LINE ( 'NONE', #4911, #10348 ) ;
#1243 = ORIENTED_EDGE ( 'NONE', *, *, #8143, .F. ) ;
#1244 = DIRECTION ( 'NONE',  ( 0.000000000000000000, 1.000000000000000000, -0.000000000000000000 ) ) ;
#1245 = ORIENTED_EDGE ( 'NONE', *, *, #9727, .T. ) ;
#1246 = CARTESIAN_POINT ( 'NONE',  ( 30.35000000000000142, -0.001000000000000024307, -3.150000000000002576 ) ) ;
#1247 = CIRCLE ( 'NONE', #875, 0.3000000000000016542 ) ;
#1248 = LINE ( 'NONE', #8499, #6172 ) ;
#1249 = ORIENTED_EDGE ( 'NONE', *, *, #688, .F. ) ;
#1250 = DIRECTION ( 'NONE',  ( 0.000000000000000000, 1.000000000000000000, 1.865294060190115224E-16 ) ) ;
#1251 = CIRCLE ( 'NONE', #11511, 1.500000000000000888 ) ;
#1252 = DIRECTION ( 'NONE',  ( -0.000000000000000000, 0.000000000000000000, -1.000000000000000000 ) ) ;
#1253 = LINE ( 'NONE', #1033, #5831 ) ;
#1254 = DIRECTION ( 'NONE',  ( -1.000000000000000000, 0.000000000000000000, 0.000000000000000000 ) ) ;
#1255 = ORIENTED_EDGE ( 'NONE', *, *, #9493, .F. ) ;
#1256 = CARTESIAN_POINT ( 'NONE',  ( 20.65000000000000213, 4.000000000000000000, 12.25000000000000533 ) ) ;
#1257 = VECTOR ( 'NONE', #4373, 1000.000000000000000 ) ;
#1258 = CARTESIAN_POINT ( 'NONE',  ( 0.000000000000000000, 7.500000000000000000, -6.750000000000000000 ) ) ;
#1259 = FACE_OUTER_BOUND ( 'NONE', #463, .T. ) ;
#1260 = VERTEX_POINT ( 'NONE', #5942 ) ;
#1261 = ORIENTED_EDGE ( 'NONE', *, *, #343, .T. ) ;
#1262 = ORIENTED_EDGE ( 'NONE', *, *, #6701, .T. ) ;
#1263 = DIRECTION ( 'NONE',  ( -0.000000000000000000, -1.000000000000000000, -0.000000000000000000 ) ) ;
#1264 = ORIENTED_EDGE ( 'NONE', *, *, #9133, .F. ) ;
#1265 = AXIS2_PLACEMENT_3D ( 'NONE', #5292, #10770, #9927 ) ;
#1266 = VECTOR ( 'NONE', #10778, 1000.000000000000000 ) ;
#1267 = CARTESIAN_POINT ( 'NONE',  ( -52.45000000000001705, 9.400000000000000355, 2.925000000000026912 ) ) ;
#1268 = ORIENTED_EDGE ( 'NONE', *, *, #7397, .F. ) ;
#1269 = DIRECTION ( 'NONE',  ( -0.000000000000000000, 1.000000000000000000, -0.000000000000000000 ) ) ;
#1270 = DIRECTION ( 'NONE',  ( 0.000000000000000000, 1.000000000000000000, -0.000000000000000000 ) ) ;
#1271 = CARTESIAN_POINT ( 'NONE',  ( 32.77741661248553129, -0.01875823271621593347, -11.83096231100370410 ) ) ;
#1272 = ADVANCED_FACE ( 'NONE', ( #3213 ), #7743, .T. ) ;
#1273 = CARTESIAN_POINT ( 'NONE',  ( -34.95000000000000284, 11.29999999999999716, -12.25000000000000000 ) ) ;
#1274 = ORIENTED_EDGE ( 'NONE', *, *, #8246, .F. ) ;
#1275 = EDGE_CURVE ( 'NONE', #11383, #4793, #7600, .T. ) ;
#1276 = AXIS2_PLACEMENT_3D ( 'NONE', #7789, #7840, #11479 ) ;
#1277 = LINE ( 'NONE', #505, #3223 ) ;
#1278 = CIRCLE ( 'NONE', #9632, 2.249999999999998668 ) ;
#1279 = DIRECTION ( 'NONE',  ( 1.871330610546719070E-17, 0.000000000000000000, -1.000000000000000000 ) ) ;
#1280 = LINE ( 'NONE', #9487, #6724 ) ;
#1281 = CARTESIAN_POINT ( 'NONE',  ( -43.68563861004152216, 3.999999999999999112, 9.235775809214514354 ) ) ;
#1282 = CARTESIAN_POINT ( 'NONE',  ( -43.99095908855984760, 3.641307992243739911, 8.966197820094102156 ) ) ;
#1283 = VECTOR ( 'NONE', #5144, 1000.000000000000000 ) ;
#1284 = ORIENTED_EDGE ( 'NONE', *, *, #8534, .T. ) ;
#1285 = EDGE_LOOP ( 'NONE', ( #8876, #4197, #8505, #5156 ) ) ;
#1286 = AXIS2_PLACEMENT_3D ( 'NONE', #4256, #10509, #11414 ) ;
#1287 = CARTESIAN_POINT ( 'NONE',  ( -2.000000000000008882, 14.00000000000000000, 13.85000000000018971 ) ) ;
#1288 = ADVANCED_FACE ( 'NONE', ( #6717 ), #8525, .T. ) ;
#1289 = ORIENTED_EDGE ( 'NONE', *, *, #11408, .F. ) ;
#1290 = DIRECTION ( 'NONE',  ( 0.000000000000000000, 0.000000000000000000, 1.000000000000000000 ) ) ;
#1291 = EDGE_CURVE ( 'NONE', #9159, #10846, #11219, .T. ) ;
#1292 = CARTESIAN_POINT ( 'NONE',  ( 9.176490010960476340, 0.000000000000000000, -15.89414693413183954 ) ) ;
#1293 = AXIS2_PLACEMENT_3D ( 'NONE', #1680, #7134, #4362 ) ;
#1294 = EDGE_LOOP ( 'NONE', ( #8780, #9410, #9916, #11570 ) ) ;
#1295 = AXIS2_PLACEMENT_3D ( 'NONE', #3023, #3977, #8501 ) ;
#1296 = CARTESIAN_POINT ( 'NONE',  ( 6.598509989039506252, 0.2999999999999999889, 11.42895455526717363 ) ) ;
#1297 = CARTESIAN_POINT ( 'NONE',  ( 2.009170479469691184, 12.50000000000000000, -14.75000000000000178 ) ) ;
#1298 = LINE ( 'NONE', #6682, #8878 ) ;
#1299 = CYLINDRICAL_SURFACE ( 'NONE', #2812, 2.450000000000000622 ) ;
#1300 = EDGE_CURVE ( 'NONE', #289, #10514, #8580, .T. ) ;
#1301 = VECTOR ( 'NONE', #5684, 1000.000000000000000 ) ;
#1302 = CIRCLE ( 'NONE', #2963, 0.8500000000000000888 ) ;
#1303 = PLANE ( 'NONE',  #3050 ) ;
#1304 = EDGE_CURVE ( 'NONE', #7760, #10590, #10312, .T. ) ;
#1305 = ORIENTED_EDGE ( 'NONE', *, *, #7697, .F. ) ;
#1306 = DIRECTION ( 'NONE',  ( -1.000000000000000000, 0.000000000000000000, 0.000000000000000000 ) ) ;
#1307 = ORIENTED_EDGE ( 'NONE', *, *, #6188, .T. ) ;
#1308 = VERTEX_POINT ( 'NONE', #4051 ) ;
#1309 = PLANE ( 'NONE',  #6902 ) ;
#1310 = CIRCLE ( 'NONE', #733, 0.8500000000000000888 ) ;
#1311 = ORIENTED_EDGE ( 'NONE', *, *, #2454, .T. ) ;
#1312 = CARTESIAN_POINT ( 'NONE',  ( -44.76938668081381678, 3.969789956204788695, 9.171221619665882230 ) ) ;
#1313 = VERTEX_POINT ( 'NONE', #10257 ) ;
#1314 = CARTESIAN_POINT ( 'NONE',  ( -40.03096821607127964, 13.30034910780785395, -12.27727016374981694 ) ) ;
#1315 = FACE_OUTER_BOUND ( 'NONE', #2178, .T. ) ;
#1316 = CARTESIAN_POINT ( 'NONE',  ( 51.95000000000000284, 10.50000000000000000, 9.500000000000000000 ) ) ;
#1317 = LINE ( 'NONE', #10350, #8815 ) ;
#1318 = EDGE_CURVE ( 'NONE', #11695, #7419, #9369, .T. ) ;
#1319 = CARTESIAN_POINT ( 'NONE',  ( -51.22917112000553885, 15.50000000000000000, 9.894693245086287448 ) ) ;
#1320 = VECTOR ( 'NONE', #5771, 1000.000000000000000 ) ;
#1321 = CARTESIAN_POINT ( 'NONE',  ( -47.50000000000000711, 7.500000000000000000, 9.500000000000001776 ) ) ;
#1322 = CARTESIAN_POINT ( 'NONE',  ( 41.25000000000000000, 0.5999999999999989786, 8.349999999999997868 ) ) ;
#1323 = ORIENTED_EDGE ( 'NONE', *, *, #3839, .T. ) ;
#1324 = VERTEX_POINT ( 'NONE', #7682 ) ;
#1325 = CARTESIAN_POINT ( 'NONE',  ( -52.25000000000001421, 6.402631723476091885, 3.013815789473677231 ) ) ;
#1326 = LINE ( 'NONE', #4284, #10994 ) ;
#1327 = DIRECTION ( 'NONE',  ( 1.000000000000000000, 0.000000000000000000, 0.000000000000000000 ) ) ;
#1328 = ORIENTED_EDGE ( 'NONE', *, *, #11499, .F. ) ;
#1329 = PLANE ( 'NONE',  #2314 ) ;
#1330 = FACE_OUTER_BOUND ( 'NONE', #3005, .T. ) ;
#1331 = CARTESIAN_POINT ( 'NONE',  ( -8.958845726811304644, 10.50000000000000000, 13.55000000000019078 ) ) ;
#1332 = VECTOR ( 'NONE', #532, 1000.000000000000000 ) ;
#1333 = AXIS2_PLACEMENT_3D ( 'NONE', #3113, #398, #4128 ) ;
#1334 = DIRECTION ( 'NONE',  ( 0.000000000000000000, 1.000000000000000000, 0.000000000000000000 ) ) ;
#1335 = ORIENTED_EDGE ( 'NONE', *, *, #8639, .F. ) ;
#1336 = DIRECTION ( 'NONE',  ( 0.000000000000000000, -1.000000000000000000, 0.000000000000000000 ) ) ;
#1337 = DIRECTION ( 'NONE',  ( 0.000000000000000000, 0.000000000000000000, 1.000000000000000000 ) ) ;
#1338 = EDGE_LOOP ( 'NONE', ( #10231, #9484, #11734, #5587, #8372, #8763, #9612, #7277, #4661, #1398, #3054, #5531, #894, #10171, #4214, #1305, #2277, #3795, #10050, #8356, #10051, #4565, #5842, #7147, #5767, #6589, #9491, #1030, #5636, #8216, #8496, #11039, #8590, #1245, #5583, #615 ) ) ;
#1339 = CARTESIAN_POINT ( 'NONE',  ( -42.35139740797686159, 3.009999999999992681, 8.949999999999992184 ) ) ;
#1340 = VERTEX_POINT ( 'NONE', #11330 ) ;
#1341 = EDGE_CURVE ( 'NONE', #10878, #1966, #9746, .T. ) ;
#1342 = CARTESIAN_POINT ( 'NONE',  ( 50.84065861769799710, 10.50000000000000000, -13.55000000000001670 ) ) ;
#1343 = ORIENTED_EDGE ( 'NONE', *, *, #9641, .T. ) ;
#1344 = ORIENTED_EDGE ( 'NONE', *, *, #688, .T. ) ;
#1345 = DIRECTION ( 'NONE',  ( 0.000000000000000000, 0.000000000000000000, 1.000000000000000000 ) ) ;
#1346 = DIRECTION ( 'NONE',  ( 1.000000000000000000, -0.000000000000000000, -0.000000000000000000 ) ) ;
#1347 = DIRECTION ( 'NONE',  ( 0.000000000000000000, 1.000000000000000000, -0.000000000000000000 ) ) ;
#1348 = ORIENTED_EDGE ( 'NONE', *, *, #7373, .T. ) ;
#1349 = ORIENTED_EDGE ( 'NONE', *, *, #5005, .F. ) ;
#1350 = PLANE ( 'NONE',  #6147 ) ;
#1351 = ADVANCED_FACE ( 'NONE', ( #2150 ), #10919, .T. ) ;
#1352 = EDGE_CURVE ( 'NONE', #4728, #597, #726, .T. ) ;
#1353 = CYLINDRICAL_SURFACE ( 'NONE', #9250, 0.2500000000000002220 ) ;
#1354 = CIRCLE ( 'NONE', #602, 0.1999999999999987899 ) ;
#1355 = VERTEX_POINT ( 'NONE', #9760 ) ;
#1356 = CARTESIAN_POINT ( 'NONE',  ( 22.95788180854699334, -0.001000000000000024307, -8.283866831501338623 ) ) ;
#1357 = DIRECTION ( 'NONE',  ( -0.000000000000000000, -1.000000000000000000, -0.000000000000000000 ) ) ;
#1358 = CARTESIAN_POINT ( 'NONE',  ( -42.40000000000000568, 4.000000000000000000, -12.25000000000000000 ) ) ;
#1359 = FACE_OUTER_BOUND ( 'NONE', #2661, .T. ) ;
#1360 = VERTEX_POINT ( 'NONE', #4406 ) ;
#1361 = VERTEX_POINT ( 'NONE', #5230 ) ;
#1362 = CARTESIAN_POINT ( 'NONE',  ( -3.469693845669876708, 12.50000000000000000, -13.55000000000000071 ) ) ;
#1363 = EDGE_CURVE ( 'NONE', #9783, #5223, #10550, .T. ) ;
#1364 = EDGE_CURVE ( 'NONE', #11505, #8911, #1571, .T. ) ;
#1365 = CARTESIAN_POINT ( 'NONE',  ( -8.947521086617219380E-16, 4.000000000000000000, 12.25000000000000355 ) ) ;
#1366 = ORIENTED_EDGE ( 'NONE', *, *, #6519, .T. ) ;
#1367 = CARTESIAN_POINT ( 'NONE',  ( 5.998509989039507495, 0.2999999999999999889, 10.38972407072584758 ) ) ;
#1368 = CARTESIAN_POINT ( 'NONE',  ( 9.176490010960476340, 0.2999999999999999889, -15.89414693413183599 ) ) ;
#1369 = DIRECTION ( 'NONE',  ( -1.000000000000000000, 0.000000000000000000, 0.000000000000000000 ) ) ;
#1370 = AXIS2_PLACEMENT_3D ( 'NONE', #952, #5464, #9094 ) ;
#1371 = ORIENTED_EDGE ( 'NONE', *, *, #5483, .F. ) ;
#1372 = LINE ( 'NONE', #601, #6912 ) ;
#1373 = DIRECTION ( 'NONE',  ( 0.000000000000000000, 0.000000000000000000, 1.000000000000000000 ) ) ;
#1374 = LINE ( 'NONE', #5815, #4934 ) ;
#1375 = CARTESIAN_POINT ( 'NONE',  ( 30.35000000000000142, -0.001000000000000024307, -3.150000000000002576 ) ) ;
#1376 = VERTEX_POINT ( 'NONE', #1502 ) ;
#1377 = EDGE_CURVE ( 'NONE', #6620, #9512, #4756, .T. ) ;
#1378 = VECTOR ( 'NONE', #7621, 1000.000000000000000 ) ;
#1379 = ORIENTED_EDGE ( 'NONE', *, *, #81, .F. ) ;
#1380 = VERTEX_POINT ( 'NONE', #4435 ) ;
#1381 = EDGE_CURVE ( 'NONE', #7899, #11146, #8022, .T. ) ;
#1382 = DIRECTION ( 'NONE',  ( 0.000000000000000000, 1.000000000000000000, -0.000000000000000000 ) ) ;
#1383 = ORIENTED_EDGE ( 'NONE', *, *, #3185, .F. ) ;
#1384 = FACE_OUTER_BOUND ( 'NONE', #9673, .T. ) ;
#1385 = VERTEX_POINT ( 'NONE', #9788 ) ;
#1386 = CYLINDRICAL_SURFACE ( 'NONE', #6487, 0.8500000000000000888 ) ;
#1387 = DIRECTION ( 'NONE',  ( 0.000000000000000000, -1.000000000000000000, -1.865294060190115224E-16 ) ) ;
#1388 = CARTESIAN_POINT ( 'NONE',  ( 35.42951162706816604, 0.2077789836488306285, -5.229650374919818212 ) ) ;
#1389 = CARTESIAN_POINT ( 'NONE',  ( 33.29463998374877320, 0.3000000080373396161, -11.67053952722502963 ) ) ;
#1390 = CARTESIAN_POINT ( 'NONE',  ( -45.00000000000000711, 4.000000000000000000, 12.50000000000000000 ) ) ;
#1391 = EDGE_LOOP ( 'NONE', ( #5593, #2613, #662, #1335 ) ) ;
#1392 = CARTESIAN_POINT ( 'NONE',  ( -52.36525618977612595, 7.095935550850389184, -3.968456183257640379 ) ) ;
#1393 = PLANE ( 'NONE',  #11318 ) ;
#1394 = AXIS2_PLACEMENT_3D ( 'NONE', #3387, #7009, #5115 ) ;
#1395 = CARTESIAN_POINT ( 'NONE',  ( -44.55012604222149974, 3.837260583824391613, 8.959834388337450051 ) ) ;
#1396 = VERTEX_POINT ( 'NONE', #814 ) ;
#1397 = PLANE ( 'NONE',  #11400 ) ;
#1398 = ORIENTED_EDGE ( 'NONE', *, *, #7586, .F. ) ;
#1399 = FACE_OUTER_BOUND ( 'NONE', #5429, .T. ) ;
#1400 = CARTESIAN_POINT ( 'NONE',  ( 35.44364652204422583, 0.5999999999999989786, -1.075207213125432215 ) ) ;
#1401 = CARTESIAN_POINT ( 'NONE',  ( -52.70000000000000284, 6.999999999999999112, -4.750000000000000000 ) ) ;
#1402 = VERTEX_POINT ( 'NONE', #8285 ) ;
#1403 = DIRECTION ( 'NONE',  ( 0.000000000000000000, 1.000000000000000000, -0.000000000000000000 ) ) ;
#1404 = VECTOR ( 'NONE', #944, 1000.000000000000000 ) ;
#1405 = ORIENTED_EDGE ( 'NONE', *, *, #52, .F. ) ;
#1406 = FACE_OUTER_BOUND ( 'NONE', #4602, .T. ) ;
#1407 = ORIENTED_EDGE ( 'NONE', *, *, #4606, .F. ) ;
#1408 = CARTESIAN_POINT ( 'NONE',  ( 3.099999999999991651, 12.50000000000000000, 13.45000000000019114 ) ) ;
#1409 = DIRECTION ( 'NONE',  ( 0.000000000000000000, 1.000000000000000000, 0.000000000000000000 ) ) ;
#1410 = DIRECTION ( 'NONE',  ( 0.000000000000000000, 1.000000000000000000, -0.000000000000000000 ) ) ;
#1411 = EDGE_CURVE ( 'NONE', #2037, #1056, #1635, .T. ) ;
#1412 = AXIS2_PLACEMENT_3D ( 'NONE', #9973, #1816, #65 ) ;
#1413 = EDGE_CURVE ( 'NONE', #10196, #6244, #3533, .T. ) ;
#1414 = VECTOR ( 'NONE', #7509, 1000.000000000000000 ) ;
#1415 = CARTESIAN_POINT ( 'NONE',  ( -39.55000000000000426, 6.000000000000000000, -14.25000000000000355 ) ) ;
#1416 = ORIENTED_EDGE ( 'NONE', *, *, #565, .F. ) ;
#1417 = EDGE_LOOP ( 'NONE', ( #11649, #8174, #11221, #2931 ) ) ;
#1418 = CARTESIAN_POINT ( 'NONE',  ( -40.15000000000000568, 11.29999999999999716, -14.25000000000000355 ) ) ;
#1419 = CARTESIAN_POINT ( 'NONE',  ( -44.75000000000000711, 7.500000000000000000, 12.50000000000000000 ) ) ;
#1420 = ORIENTED_EDGE ( 'NONE', *, *, #7770, .T. ) ;
#1421 = DIRECTION ( 'NONE',  ( 0.000000000000000000, -1.000000000000000000, 0.000000000000000000 ) ) ;
#1422 = DIRECTION ( 'NONE',  ( 0.000000000000000000, 0.000000000000000000, 1.000000000000000000 ) ) ;
#1423 = VECTOR ( 'NONE', #8642, 1000.000000000000000 ) ;
#1424 = CARTESIAN_POINT ( 'NONE',  ( -21.63608679191100137, 10.50000000000000000, 18.15483244721227152 ) ) ;
#1425 = ORIENTED_EDGE ( 'NONE', *, *, #4792, .T. ) ;
#1426 = DIRECTION ( 'NONE',  ( -1.000000000000000000, 0.000000000000000000, 0.000000000000000000 ) ) ;
#1427 = ADVANCED_FACE ( 'NONE', ( #4323 ), #8065, .F. ) ;
#1428 = CARTESIAN_POINT ( 'NONE',  ( 0.000000000000000000, 10.50000000000000000, 0.000000000000000000 ) ) ;
#1429 = DIRECTION ( 'NONE',  ( 0.000000000000000000, 0.000000000000000000, 1.000000000000000000 ) ) ;
#1430 = EDGE_CURVE ( 'NONE', #6697, #10136, #7443, .T. ) ;
#1431 = DIRECTION ( 'NONE',  ( 0.000000000000000000, 1.000000000000000000, 0.000000000000000000 ) ) ;
#1432 = ORIENTED_EDGE ( 'NONE', *, *, #9675, .F. ) ;
#1433 = VECTOR ( 'NONE', #9717, 1000.000000000000000 ) ;
#1434 = VERTEX_POINT ( 'NONE', #753 ) ;
#1435 = ORIENTED_EDGE ( 'NONE', *, *, #9287, .F. ) ;
#1436 = CARTESIAN_POINT ( 'NONE',  ( 50.25000000000000000, 7.500000000000000000, 0.000000000000000000 ) ) ;
#1437 = DIRECTION ( 'NONE',  ( 0.000000000000000000, 0.000000000000000000, 1.000000000000000000 ) ) ;
#1438 = CARTESIAN_POINT ( 'NONE',  ( 0.000000000000000000, 10.50000000000000000, 0.000000000000000000 ) ) ;
#1439 = EDGE_LOOP ( 'NONE', ( #1348, #11033, #4837, #7802 ) ) ;
#1440 = DIRECTION ( 'NONE',  ( -1.000000000000000000, 0.000000000000000000, 0.000000000000000000 ) ) ;
#1441 = CARTESIAN_POINT ( 'NONE',  ( -51.96394933554886819, 6.967429479039969564, 4.122866789112359598 ) ) ;
#1442 = CYLINDRICAL_SURFACE ( 'NONE', #2796, 2.999999999999999112 ) ;
#1443 = DIRECTION ( 'NONE',  ( 0.000000000000000000, 0.000000000000000000, 1.000000000000000000 ) ) ;
#1444 = VECTOR ( 'NONE', #4152, 1000.000000000000000 ) ;
#1445 = EDGE_CURVE ( 'NONE', #2461, #105, #158, .T. ) ;
#1446 = AXIS2_PLACEMENT_3D ( 'NONE', #4341, #7794, #5875 ) ;
#1447 = LINE ( 'NONE', #5118, #4326 ) ;
#1448 = ORIENTED_EDGE ( 'NONE', *, *, #9605, .T. ) ;
#1449 = EDGE_CURVE ( 'NONE', #1526, #11086, #6207, .T. ) ;
#1450 = ADVANCED_FACE ( 'NONE', ( #1093 ), #1577, .F. ) ;
#1451 = DIRECTION ( 'NONE',  ( 0.000000000000000000, 1.000000000000000000, -0.000000000000000000 ) ) ;
#1452 = VECTOR ( 'NONE', #5301, 1000.000000000000000 ) ;
#1453 = CARTESIAN_POINT ( 'NONE',  ( -42.40000000000000568, 4.000000000000000000, -12.25000000000000000 ) ) ;
#1454 = CARTESIAN_POINT ( 'NONE',  ( -43.97571205994057664, 4.000000000000000000, 9.242321856644135636 ) ) ;
#1455 = ORIENTED_EDGE ( 'NONE', *, *, #6443, .F. ) ;
#1456 = DIRECTION ( 'NONE',  ( 0.000000000000000000, 0.000000000000000000, 1.000000000000000000 ) ) ;
#1457 = ORIENTED_EDGE ( 'NONE', *, *, #9033, .T. ) ;
#1458 = CARTESIAN_POINT ( 'NONE',  ( -42.75000000000000000, 13.29999999999999893, -12.50000000000000000 ) ) ;
#1459 = CIRCLE ( 'NONE', #6572, 2.000000000000001776 ) ;
#1460 = DIRECTION ( 'NONE',  ( 0.000000000000000000, 0.000000000000000000, 1.000000000000000000 ) ) ;
#1461 = ADVANCED_FACE ( 'NONE', ( #10748 ), #4658, .T. ) ;
#1462 = CYLINDRICAL_SURFACE ( 'NONE', #9021, 0.6000000000000007550 ) ;
#1463 = ORIENTED_EDGE ( 'NONE', *, *, #3030, .T. ) ;
#1464 = FACE_OUTER_BOUND ( 'NONE', #6363, .T. ) ;
#1465 = VECTOR ( 'NONE', #3964, 1000.000000000000000 ) ;
#1466 = VECTOR ( 'NONE', #6206, 1000.000000000000000 ) ;
#1467 = ORIENTED_EDGE ( 'NONE', *, *, #2382, .T. ) ;
#1468 = DIRECTION ( 'NONE',  ( 0.000000000000000000, 1.000000000000000000, -0.000000000000000000 ) ) ;
#1469 = VERTEX_POINT ( 'NONE', #4717 ) ;
#1470 = LINE ( 'NONE', #10692, #2402 ) ;
#1471 = FACE_OUTER_BOUND ( 'NONE', #1439, .T. ) ;
#1472 = DIRECTION ( 'NONE',  ( 1.000000000000000000, -0.000000000000000000, -0.000000000000000000 ) ) ;
#1473 = AXIS2_PLACEMENT_3D ( 'NONE', #5460, #887, #5398 ) ;
#1474 = VECTOR ( 'NONE', #7155, 1000.000000000000000 ) ;
#1475 = DIRECTION ( 'NONE',  ( 1.000000000000000000, 0.000000000000000000, 0.000000000000000000 ) ) ;
#1476 = ORIENTED_EDGE ( 'NONE', *, *, #1944, .F. ) ;
#1477 = DIRECTION ( 'NONE',  ( -1.000000000000000000, 0.000000000000000000, 0.000000000000000000 ) ) ;
#1478 = ORIENTED_EDGE ( 'NONE', *, *, #5726, .T. ) ;
#1479 = CARTESIAN_POINT ( 'NONE',  ( -52.33704279059658404, 7.793000100198432811, 4.225057065303528425 ) ) ;
#1480 = DIRECTION ( 'NONE',  ( 0.8660254037844380415, -0.000000000000000000, -0.5000000000000011102 ) ) ;
#1481 = ADVANCED_FACE ( 'NONE', ( #7386 ), #9559, .F. ) ;
#1482 = VERTEX_POINT ( 'NONE', #7036 ) ;
#1483 = CARTESIAN_POINT ( 'NONE',  ( -50.75000000000000711, 13.74843699104228989, 6.750000000000000888 ) ) ;
#1484 = VECTOR ( 'NONE', #9566, 1000.000000000000000 ) ;
#1485 = CIRCLE ( 'NONE', #3731, 2.000000000000000000 ) ;
#1486 = CARTESIAN_POINT ( 'NONE',  ( -50.25000000000000711, 13.79999999999999893, -4.250000000000000000 ) ) ;
#1487 = EDGE_CURVE ( 'NONE', #10726, #9499, #1974, .T. ) ;
#1488 = DIRECTION ( 'NONE',  ( -5.782411586589358033E-15, 0.000000000000000000, 1.000000000000000000 ) ) ;
#1489 = B_SPLINE_CURVE_WITH_KNOTS ( 'NONE', 3,
 ( #6357, #253, #11143, #6598, #9108, #968, #4589, #8212 ),
 .UNSPECIFIED., .F., .F.,
 ( 4, 2, 2, 4 ),
 ( -3.466145320679933479E-06, 0.0002882777914485999400, 0.0004341497598332398860, 0.0005800217282178798863 ),
 .UNSPECIFIED. ) ;
#1490 = CARTESIAN_POINT ( 'NONE',  ( 20.65000000000000213, 0.5999999999999999778, 8.950000000000013500 ) ) ;
#1491 = CARTESIAN_POINT ( 'NONE',  ( -14.05000000000000782, 4.000000000000000000, -12.25000000000000000 ) ) ;
#1492 = VERTEX_POINT ( 'NONE', #11643 ) ;
#1493 = CARTESIAN_POINT ( 'NONE',  ( 22.35000000000000142, 4.999999999999999112, -10.34999999999999787 ) ) ;
#1494 = ADVANCED_FACE ( 'NONE', ( #5598 ), #11090, .T. ) ;
#1495 = ORIENTED_EDGE ( 'NONE', *, *, #8759, .F. ) ;
#1496 = CARTESIAN_POINT ( 'NONE',  ( 43.49999999999999289, 6.500000000000000000, 0.000000000000000000 ) ) ;
#1497 = CARTESIAN_POINT ( 'NONE',  ( 52.75000000000000000, 7.500000000000000000, -9.499999999999920064 ) ) ;
#1498 = ORIENTED_EDGE ( 'NONE', *, *, #8177, .F. ) ;
#1499 = CARTESIAN_POINT ( 'NONE',  ( -40.15000000000000568, 4.000000000000000000, 12.25000000000000000 ) ) ;
#1500 = ADVANCED_FACE ( 'NONE', ( #9735 ), #10602, .T. ) ;
#1501 = DIRECTION ( 'NONE',  ( 0.000000000000000000, 1.000000000000000000, 0.000000000000000000 ) ) ;
#1502 = CARTESIAN_POINT ( 'NONE',  ( -20.00000000000001066, 14.00000000000000000, -14.75000000000000355 ) ) ;
#1503 = CARTESIAN_POINT ( 'NONE',  ( 28.68333433424639622, 0.3545050001616785185, -12.00621552298804851 ) ) ;
#1504 = VERTEX_POINT ( 'NONE', #5325 ) ;
#1505 = CARTESIAN_POINT ( 'NONE',  ( -7.235066204683770055E-16, 4.000000000000000000, -8.550000000000016698 ) ) ;
#1506 = ORIENTED_EDGE ( 'NONE', *, *, #5859, .T. ) ;
#1507 = CARTESIAN_POINT ( 'NONE',  ( 33.88977400408559504, 0.000000000000000000, -11.75000000000000178 ) ) ;
#1508 = EDGE_LOOP ( 'NONE', ( #1498, #9531, #5336, #8832 ) ) ;
#1509 = EDGE_CURVE ( 'NONE', #7704, #1380, #4431, .T. ) ;
#1510 = CARTESIAN_POINT ( 'NONE',  ( -42.74396857359178625, 4.000000000000000000, 9.939999999908057049 ) ) ;
#1511 = ADVANCED_FACE ( 'NONE', ( #11452 ), #4189, .T. ) ;
#1512 = VECTOR ( 'NONE', #694, 1000.000000000000000 ) ;
#1513 = FACE_OUTER_BOUND ( 'NONE', #5145, .T. ) ;
#1514 = VERTEX_POINT ( 'NONE', #1565 ) ;
#1515 = CARTESIAN_POINT ( 'NONE',  ( -53.20000000000000284, 6.599999999999997868, 2.925000000000026468 ) ) ;
#1516 = CARTESIAN_POINT ( 'NONE',  ( -51.99275608861711362, 8.379970655288172310, 4.292343692618029394 ) ) ;
#1517 = DIRECTION ( 'NONE',  ( -0.8660254037844384856, -0.000000000000000000, 0.5000000000000003331 ) ) ;
#1518 = CARTESIAN_POINT ( 'NONE',  ( -34.55000000000001137, 4.000000000000000000, -9.540000000000011582 ) ) ;
#1519 = DIRECTION ( 'NONE',  ( -5.139921410301692211E-16, 0.000000000000000000, -1.000000000000000000 ) ) ;
#1520 = EDGE_LOOP ( 'NONE', ( #821, #8754, #8151, #8521 ) ) ;
#1521 = CARTESIAN_POINT ( 'NONE',  ( 29.61127396557597180, 0.2077800755113676234, -8.588811535739695913 ) ) ;
#1522 = EDGE_CURVE ( 'NONE', #3702, #5825, #5133, .T. ) ;
#1523 = VECTOR ( 'NONE', #6651, 1000.000000000000000 ) ;
#1524 = EDGE_CURVE ( 'NONE', #3772, #5424, #11081, .T. ) ;
#1525 = CARTESIAN_POINT ( 'NONE',  ( -42.75000000000000000, 2.658044035770915267E-15, 14.25000000000000533 ) ) ;
#1526 = VERTEX_POINT ( 'NONE', #7364 ) ;
#1527 = DIRECTION ( 'NONE',  ( 0.000000000000000000, -1.000000000000000000, 0.000000000000000000 ) ) ;
#1528 = CARTESIAN_POINT ( 'NONE',  ( -20.00000000000001066, 10.50000000000000000, 13.55000000000000604 ) ) ;
#1529 = DIRECTION ( 'NONE',  ( 0.000000000000000000, 0.000000000000000000, 1.000000000000000000 ) ) ;
#1530 = CARTESIAN_POINT ( 'NONE',  ( 53.77115015710907642, 0.5999999999999989786, -7.250000000000000000 ) ) ;
#1531 = ORIENTED_EDGE ( 'NONE', *, *, #3164, .F. ) ;
#1532 = CARTESIAN_POINT ( 'NONE',  ( 50.99857113690718791, 10.50000000000000000, -12.25000000000000178 ) ) ;
#1533 = VERTEX_POINT ( 'NONE', #1129 ) ;
#1534 = ORIENTED_EDGE ( 'NONE', *, *, #5836, .F. ) ;
#1535 = LINE ( 'NONE', #5157, #6410 ) ;
#1536 = DIRECTION ( 'NONE',  ( 0.000000000000000000, 1.000000000000000000, -0.000000000000000000 ) ) ;
#1537 = EDGE_LOOP ( 'NONE', ( #7103, #10987, #593, #625, #1936, #11215, #11404, #8333, #2219, #9413, #6343, #1214, #4445, #9674 ) ) ;
#1538 = LINE ( 'NONE', #1316, #169 ) ;
#1539 = DIRECTION ( 'NONE',  ( -0.000000000000000000, -0.000000000000000000, -1.000000000000000000 ) ) ;
#1540 = AXIS2_PLACEMENT_3D ( 'NONE', #60, #4558, #8904 ) ;
#1541 = PLANE ( 'NONE',  #5236 ) ;
#1542 = ORIENTED_EDGE ( 'NONE', *, *, #6652, .T. ) ;
#1543 = ADVANCED_FACE ( 'NONE', ( #10894 ), #7298, .F. ) ;
#1544 = CARTESIAN_POINT ( 'NONE',  ( 47.49999999999997868, 0.000000000000000000, -11.75000000000000178 ) ) ;
#1545 = ORIENTED_EDGE ( 'NONE', *, *, #5333, .T. ) ;
#1546 = CARTESIAN_POINT ( 'NONE',  ( -52.12881868157663234, 6.743649841819830293, -3.973976113587230685 ) ) ;
#1547 = LINE ( 'NONE', #1497, #9437 ) ;
#1548 = ORIENTED_EDGE ( 'NONE', *, *, #8061, .F. ) ;
#1549 = DIRECTION ( 'NONE',  ( 0.000000000000000000, 0.000000000000000000, -1.000000000000000000 ) ) ;
#1550 = CARTESIAN_POINT ( 'NONE',  ( -52.20455412270069928, 7.671060701784741198, -4.261849622335484256 ) ) ;
#1551 =( BOUNDED_SURFACE ( )  B_SPLINE_SURFACE ( 3, 2, ( 
 ( #6077, #5434, #9061 ),
 ( #9723, #7025, #1566 ),
 ( #5601, #9122, #1976 ),
 ( #10922, #162, #10135 ),
 ( #11093, #2815, #1097 ),
 ( #10200, #2921, #7388 ) ),
 .UNSPECIFIED., .F., .F., .F. ) 
 B_SPLINE_SURFACE_WITH_KNOTS ( ( 4, 2, 4 ),
 ( 3, 3 ),
 ( 0.000000000000000000, 0.001594233407127763815, 0.003188466814255527630 ),
 ( 0.000000000000000000, 1.000000000000000000 ),
 .UNSPECIFIED. ) 
 GEOMETRIC_REPRESENTATION_ITEM ( )  RATIONAL_B_SPLINE_SURFACE ( (
 ( 1.000000000000000000, 0.7071067811865460184, 1.000000000000000000),
 ( 1.000000000000000000, 0.6823391120106045982, 1.000000000000000000),
 ( 1.000000000000000000, 0.6600493308899993972, 1.000000000000000000),
 ( 1.000000000000000000, 0.6259589441324072689, 1.000000000000000000),
 ( 1.000000000000000000, 0.6141851309023054206, 1.000000000000000000),
 ( 1.000000000000000000, 0.6102110848157858980, 1.000000000000000000) ) ) 
 REPRESENTATION_ITEM ( '' )  SURFACE ( )  );
#1552 = PLANE ( 'NONE',  #3530 ) ;
#1553 = ORIENTED_EDGE ( 'NONE', *, *, #7024, .T. ) ;
#1554 = EDGE_CURVE ( 'NONE', #3772, #11505, #6411, .T. ) ;
#1555 = VECTOR ( 'NONE', #4195, 1000.000000000000000 ) ;
#1556 = CARTESIAN_POINT ( 'NONE',  ( -52.33850472028424150, 8.113676031935865396, -4.211750111036886679 ) ) ;
#1557 = EDGE_CURVE ( 'NONE', #6244, #3433, #3277, .T. ) ;
#1558 = ORIENTED_EDGE ( 'NONE', *, *, #2224, .T. ) ;
#1559 = DIRECTION ( 'NONE',  ( 0.8660254037844383745, -0.000000000000000000, -0.5000000000000006661 ) ) ;
#1560 = LINE ( 'NONE', #10790, #322 ) ;
#1561 = DIRECTION ( 'NONE',  ( 0.000000000000000000, 0.000000000000000000, 1.000000000000000000 ) ) ;
#1562 = AXIS2_PLACEMENT_3D ( 'NONE', #6592, #1722, #3344 ) ;
#1563 = CARTESIAN_POINT ( 'NONE',  ( 49.75000000000000000, 0.000000000000000000, 9.500000000000003553 ) ) ;
#1564 = CARTESIAN_POINT ( 'NONE',  ( -52.11623319514279729, 7.290997364083271037, 4.253749210878497777 ) ) ;
#1565 = CARTESIAN_POINT ( 'NONE',  ( -3.469693845669879817, 14.00000000000000000, -13.55000000000001670 ) ) ;
#1566 = CARTESIAN_POINT ( 'NONE',  ( 27.40536001625001106, 0.3000000080373396161, -11.67053952722452692 ) ) ;
#1567 = EDGE_CURVE ( 'NONE', #9726, #9210, #11463, .T. ) ;
#1568 = FACE_OUTER_BOUND ( 'NONE', #6655, .T. ) ;
#1569 = CARTESIAN_POINT ( 'NONE',  ( 30.80000000000002203, 0.2999999999999999889, -3.035704094312837837E-14 ) ) ;
#1570 = EDGE_CURVE ( 'NONE', #207, #6419, #10235, .T. ) ;
#1571 = CIRCLE ( 'NONE', #1011, 2.000000000000001776 ) ;
#1572 = ORIENTED_EDGE ( 'NONE', *, *, #215, .F. ) ;
#1573 = CARTESIAN_POINT ( 'NONE',  ( -34.95000000000000284, 0.000000000000000000, 0.000000000000000000 ) ) ;
#1574 = DIRECTION ( 'NONE',  ( -0.000000000000000000, -1.000000000000000000, -0.000000000000000000 ) ) ;
#1575 = ORIENTED_EDGE ( 'NONE', *, *, #11406, .T. ) ;
#1576 = CARTESIAN_POINT ( 'NONE',  ( 25.35062952100079059, 0.09795398803915414399, -5.256839648980974111 ) ) ;
#1577 = PLANE ( 'NONE',  #4616 ) ;
#1578 = DIRECTION ( 'NONE',  ( -0.000000000000000000, -1.000000000000000000, 0.000000000000000000 ) ) ;
#1579 = PLANE ( 'NONE',  #4379 ) ;
#1580 = EDGE_CURVE ( 'NONE', #3171, #10806, #2901, .T. ) ;
#1581 = EDGE_CURVE ( 'NONE', #8164, #324, #9278, .T. ) ;
#1582 = EDGE_CURVE ( 'NONE', #967, #10180, #11663, .T. ) ;
#1583 = CARTESIAN_POINT ( 'NONE',  ( -36.97685957032785353, 13.29694875387735209, 12.36973257420731542 ) ) ;
#1584 = ORIENTED_EDGE ( 'NONE', *, *, #11523, .T. ) ;
#1585 = B_SPLINE_CURVE_WITH_KNOTS ( 'NONE', 3,
 ( #4638, #9398, #11254, #4922 ),
 .UNSPECIFIED., .F., .F.,
 ( 4, 4 ),
 ( 0.000000000000000000, 0.0003498976947909834281 ),
 .UNSPECIFIED. ) ;
#1586 = DIRECTION ( 'NONE',  ( 0.8660254037844384856, -0.000000000000000000, -0.5000000000000003331 ) ) ;
#1587 = ORIENTED_EDGE ( 'NONE', *, *, #6726, .T. ) ;
#1588 = VERTEX_POINT ( 'NONE', #5476 ) ;
#1589 = DIRECTION ( 'NONE',  ( 0.000000000000000000, 1.000000000000000000, -0.000000000000000000 ) ) ;
#1590 = PLANE ( 'NONE',  #1087 ) ;
#1591 = ORIENTED_EDGE ( 'NONE', *, *, #7628, .F. ) ;
#1592 = CARTESIAN_POINT ( 'NONE',  ( -42.01639145888379545, 3.010000000000012665, -8.550000000000014921 ) ) ;
#1593 = VECTOR ( 'NONE', #8073, 1000.000000000000000 ) ;
#1594 = DIRECTION ( 'NONE',  ( -1.000000000000000000, 0.000000000000000000, 0.000000000000000000 ) ) ;
#1595 = EDGE_LOOP ( 'NONE', ( #1778, #1205, #4641, #1495 ) ) ;
#1596 = FACE_OUTER_BOUND ( 'NONE', #1150, .T. ) ;
#1597 = ORIENTED_EDGE ( 'NONE', *, *, #8100, .F. ) ;
#1598 = ORIENTED_EDGE ( 'NONE', *, *, #2919, .F. ) ;
#1599 = CIRCLE ( 'NONE', #8253, 9.000000000000008882 ) ;
#1600 = DIRECTION ( 'NONE',  ( 0.000000000000000000, 0.000000000000000000, 1.000000000000000000 ) ) ;
#1601 = ORIENTED_EDGE ( 'NONE', *, *, #4909, .T. ) ;
#1602 = LINE ( 'NONE', #9101, #1849 ) ;
#1603 = DIRECTION ( 'NONE',  ( 0.000000000000000000, 0.000000000000000000, -1.000000000000000000 ) ) ;
#1604 = FACE_OUTER_BOUND ( 'NONE', #4286, .T. ) ;
#1605 = CARTESIAN_POINT ( 'NONE',  ( -52.21634909492505727, 9.022991074029043546, -3.782849669574326779 ) ) ;
#1606 = CARTESIAN_POINT ( 'NONE',  ( 47.49999999999999289, 2.499999999999999556, -9.499999999999998224 ) ) ;
#1607 = VECTOR ( 'NONE', #8938, 1000.000000000000000 ) ;
#1608 = DIRECTION ( 'NONE',  ( -1.000000000000000000, -0.000000000000000000, -0.000000000000000000 ) ) ;
#1609 = EDGE_LOOP ( 'NONE', ( #3759, #2505, #3436, #9406 ) ) ;
#1610 = CARTESIAN_POINT ( 'NONE',  ( -44.75000000000000711, 7.500000000000000000, 9.500000000000001776 ) ) ;
#1611 = CARTESIAN_POINT ( 'NONE',  ( 50.24999999999999289, 10.80000000000000071, -1.700000000000000622 ) ) ;
#1612 = EDGE_LOOP ( 'NONE', ( #2261, #9416, #8335, #2853 ) ) ;
#1613 = VECTOR ( 'NONE', #10662, 1000.000000000000000 ) ;
#1614 = LINE ( 'NONE', #3337, #6940 ) ;
#1615 = ORIENTED_EDGE ( 'NONE', *, *, #7697, .T. ) ;
#1616 = EDGE_CURVE ( 'NONE', #7378, #10865, #3097, .T. ) ;
#1617 = EDGE_CURVE ( 'NONE', #8933, #4486, #2518, .T. ) ;
#1618 = LINE ( 'NONE', #5245, #387 ) ;
#1619 = DIRECTION ( 'NONE',  ( 0.000000000000000000, 0.000000000000000000, -1.000000000000000000 ) ) ;
#1620 = EDGE_CURVE ( 'NONE', #5900, #4172, #10903, .T. ) ;
#1621 = DIRECTION ( 'NONE',  ( 0.000000000000000000, 1.000000000000000000, 0.000000000000000000 ) ) ;
#1622 = ORIENTED_EDGE ( 'NONE', *, *, #2353, .F. ) ;
#1623 = CARTESIAN_POINT ( 'NONE',  ( -50.25000000000000711, 4.000000000000001776, 4.250000000000000000 ) ) ;
#1624 = VECTOR ( 'NONE', #10236, 1000.000000000000000 ) ;
#1625 = DIRECTION ( 'NONE',  ( -0.000000000000000000, -0.000000000000000000, -1.000000000000000000 ) ) ;
#1626 = ORIENTED_EDGE ( 'NONE', *, *, #10688, .T. ) ;
#1627 = ORIENTED_EDGE ( 'NONE', *, *, #6534, .F. ) ;
#1628 = CARTESIAN_POINT ( 'NONE',  ( 39.08172798364529399, 4.999999999999999112, 6.781727983645294167 ) ) ;
#1629 = EDGE_CURVE ( 'NONE', #2037, #5405, #3859, .T. ) ;
#1630 = EDGE_LOOP ( 'NONE', ( #10554, #1383, #2035, #11365 ) ) ;
#1631 = CARTESIAN_POINT ( 'NONE',  ( -14.05000000000000782, 3.199999999999999734, -10.05000000000001315 ) ) ;
#1632 = AXIS2_PLACEMENT_3D ( 'NONE', #4100, #6827, #5049 ) ;
#1633 = CARTESIAN_POINT ( 'NONE',  ( -50.20000000000000995, 0.000000000000000000, -6.749999999999941380 ) ) ;
#1634 = VECTOR ( 'NONE', #1678, 1000.000000000000114 ) ;
#1635 = LINE ( 'NONE', #11709, #7454 ) ;
#1636 = EDGE_CURVE ( 'NONE', #9571, #8219, #4428, .T. ) ;
#1637 = DIRECTION ( 'NONE',  ( -1.000000000000000000, -0.000000000000000000, 4.476705744456300993E-16 ) ) ;
#1638 = LINE ( 'NONE', #6269, #3815 ) ;
#1639 = CARTESIAN_POINT ( 'NONE',  ( 30.35000000000000142, 0.2999999999999999889, -3.150000000000002576 ) ) ;
#1640 = AXIS2_PLACEMENT_3D ( 'NONE', #4215, #9519, #7604 ) ;
#1641 = DIRECTION ( 'NONE',  ( -1.000000000000000000, -0.000000000000000000, -0.000000000000000000 ) ) ;
#1642 = ORIENTED_EDGE ( 'NONE', *, *, #8937, .F. ) ;
#1643 = AXIS2_PLACEMENT_3D ( 'NONE', #4390, #2471, #706 ) ;
#1644 = CARTESIAN_POINT ( 'NONE',  ( 0.000000000000000000, 3.199999999999999734, 10.44999999999999218 ) ) ;
#1645 = ORIENTED_EDGE ( 'NONE', *, *, #10436, .F. ) ;
#1646 = CARTESIAN_POINT ( 'NONE',  ( -52.34850307846915030, 7.377682272334626035, 4.120210123730189800 ) ) ;
#1647 = EDGE_CURVE ( 'NONE', #8432, #10423, #7451, .T. ) ;
#1648 = ORIENTED_EDGE ( 'NONE', *, *, #10326, .F. ) ;
#1649 = DIRECTION ( 'NONE',  ( 0.000000000000000000, -1.000000000000000000, 0.000000000000000000 ) ) ;
#1650 = CARTESIAN_POINT ( 'NONE',  ( -37.54999999999999716, 0.000000000000000000, 0.000000000000000000 ) ) ;
#1651 = VERTEX_POINT ( 'NONE', #3921 ) ;
#1652 = EDGE_CURVE ( 'NONE', #2088, #3279, #10153, .T. ) ;
#1653 = DIRECTION ( 'NONE',  ( -2.668805347656624115E-15, 0.000000000000000000, 1.000000000000000000 ) ) ;
#1654 = CIRCLE ( 'NONE', #9451, 0.7999999999999997113 ) ;
#1655 = AXIS2_PLACEMENT_3D ( 'NONE', #6460, #2654, #5566 ) ;
#1656 = CARTESIAN_POINT ( 'NONE',  ( -52.33704905526285245, 7.900000000000956923, 4.225000000000027178 ) ) ;
#1657 = ORIENTED_EDGE ( 'NONE', *, *, #2033, .T. ) ;
#1658 = CARTESIAN_POINT ( 'NONE',  ( 22.35000000000000142, 0.5999999999999989786, -10.34999999999999787 ) ) ;
#1659 = ORIENTED_EDGE ( 'NONE', *, *, #1487, .T. ) ;
#1660 = ORIENTED_EDGE ( 'NONE', *, *, #7868, .F. ) ;
#1661 = AXIS2_PLACEMENT_3D ( 'NONE', #3311, #544, #11432 ) ;
#1662 = ORIENTED_EDGE ( 'NONE', *, *, #7447, .T. ) ;
#1663 = VECTOR ( 'NONE', #5827, 1000.000000000000000 ) ;
#1664 = CARTESIAN_POINT ( 'NONE',  ( -36.95000000000000284, 11.29999999999999716, -14.25000000000000355 ) ) ;
#1665 = LINE ( 'NONE', #4401, #7354 ) ;
#1666 = DIRECTION ( 'NONE',  ( 0.000000000000000000, 1.000000000000000000, -0.000000000000000000 ) ) ;
#1667 = CARTESIAN_POINT ( 'NONE',  ( -8.947521086617219380E-16, 4.000000000000000000, 12.25000000000000355 ) ) ;
#1668 = EDGE_CURVE ( 'NONE', #7774, #659, #2793, .T. ) ;
#1669 = CARTESIAN_POINT ( 'NONE',  ( -52.20650430357858340, 7.036768672106222589, -4.009004978326760948 ) ) ;
#1670 = ORIENTED_EDGE ( 'NONE', *, *, #6811, .T. ) ;
#1671 = LINE ( 'NONE', #3390, #791 ) ;
#1672 = AXIS2_PLACEMENT_3D ( 'NONE', #5616, #4787, #11003 ) ;
#1673 = DIRECTION ( 'NONE',  ( 0.000000000000000000, -0.05921052631581266018, 0.9982455176826012799 ) ) ;
#1674 = DIRECTION ( 'NONE',  ( 0.000000000000000000, 0.000000000000000000, 1.000000000000000000 ) ) ;
#1675 = ORIENTED_EDGE ( 'NONE', *, *, #5787, .T. ) ;
#1676 = DIRECTION ( 'NONE',  ( -1.000000000000000000, 0.000000000000000000, 0.000000000000000000 ) ) ;
#1677 = ORIENTED_EDGE ( 'NONE', *, *, #10109, .T. ) ;
#1678 = DIRECTION ( 'NONE',  ( 0.8660254037844384856, 0.000000000000000000, 0.5000000000000003331 ) ) ;
#1679 = ORIENTED_EDGE ( 'NONE', *, *, #5361, .T. ) ;
#1680 = CARTESIAN_POINT ( 'NONE',  ( -40.15000000000000568, 0.000000000000000000, 0.000000000000000000 ) ) ;
#1681 = DIRECTION ( 'NONE',  ( 0.000000000000000000, 0.000000000000000000, 1.000000000000000000 ) ) ;
#1682 = CARTESIAN_POINT ( 'NONE',  ( -52.11955117507888247, 7.775153950283227644, 4.349906030956624647 ) ) ;
#1683 = DIRECTION ( 'NONE',  ( 0.000000000000000000, 0.000000000000000000, -1.000000000000000000 ) ) ;
#1684 = VERTEX_POINT ( 'NONE', #3026 ) ;
#1685 = LINE ( 'NONE', #10802, #3314 ) ;
#1686 = LINE ( 'NONE', #4426, #6776 ) ;
#1687 = VERTEX_POINT ( 'NONE', #11076 ) ;
#1688 = ORIENTED_EDGE ( 'NONE', *, *, #3780, .T. ) ;
#1689 = EDGE_CURVE ( 'NONE', #8388, #23, #5944, .T. ) ;
#1690 = CYLINDRICAL_SURFACE ( 'NONE', #10541, 2.000000000000000000 ) ;
#1691 = AXIS2_PLACEMENT_3D ( 'NONE', #3128, #9330, #9389 ) ;
#1692 = CARTESIAN_POINT ( 'NONE',  ( 50.84065861769801131, 10.50000000000000000, 13.54999999999999716 ) ) ;
#1693 = LINE ( 'NONE', #11707, #9642 ) ;
#1694 = DIRECTION ( 'NONE',  ( 0.000000000000000000, 0.000000000000000000, 1.000000000000000000 ) ) ;
#1695 = FACE_BOUND ( 'NONE', #11246, .T. ) ;
#1696 = DIRECTION ( 'NONE',  ( 0.000000000000000000, 1.000000000000000000, -0.000000000000000000 ) ) ;
#1697 = FACE_OUTER_BOUND ( 'NONE', #2457, .T. ) ;
#1698 = ORIENTED_EDGE ( 'NONE', *, *, #1620, .T. ) ;
#1699 = EDGE_CURVE ( 'NONE', #7569, #5223, #9284, .T. ) ;
#1700 = LINE ( 'NONE', #6927, #5065 ) ;
#1701 = ORIENTED_EDGE ( 'NONE', *, *, #7398, .T. ) ;
#1702 = EDGE_CURVE ( 'NONE', #10125, #8516, #6645, .T. ) ;
#1703 = CARTESIAN_POINT ( 'NONE',  ( 51.95000000000000284, 8.500000000000000000, 0.000000000000000000 ) ) ;
#1704 = ORIENTED_EDGE ( 'NONE', *, *, #3147, .T. ) ;
#1705 = ORIENTED_EDGE ( 'NONE', *, *, #7753, .F. ) ;
#1706 = CARTESIAN_POINT ( 'NONE',  ( 35.06143789659457610, 0.000000000000000000, -0.9494653044016025945 ) ) ;
#1707 = LINE ( 'NONE', #3373, #11730 ) ;
#1708 = VERTEX_POINT ( 'NONE', #4583 ) ;
#1709 = FACE_OUTER_BOUND ( 'NONE', #3691, .T. ) ;
#1710 = AXIS2_PLACEMENT_3D ( 'NONE', #118, #757, #10034 ) ;
#1711 = CARTESIAN_POINT ( 'NONE',  ( -52.25000000000001421, 6.402631723476091885, 3.013815789473677675 ) ) ;
#1712 = EDGE_CURVE ( 'NONE', #11505, #5934, #4194, .T. ) ;
#1713 = CARTESIAN_POINT ( 'NONE',  ( -34.95000000000087681, 13.29257972656639097, 12.43438872810979667 ) ) ;
#1714 = ORIENTED_EDGE ( 'NONE', *, *, #5844, .T. ) ;
#1715 = VERTEX_POINT ( 'NONE', #1074 ) ;
#1716 = EDGE_CURVE ( 'NONE', #4486, #9657, #10118, .T. ) ;
#1717 = CARTESIAN_POINT ( 'NONE',  ( -34.95000000000000284, 6.000000000000000000, 14.25000000000000355 ) ) ;
#1718 = CARTESIAN_POINT ( 'NONE',  ( -52.00635303056954228, 7.780199722534217877, -4.350089639398327712 ) ) ;
#1719 = DIRECTION ( 'NONE',  ( -1.000000000000000000, -0.000000000000000000, -9.251858538542967489E-15 ) ) ;
#1720 = LINE ( 'NONE', #8031, #5353 ) ;
#1721 = CIRCLE ( 'NONE', #10863, 6.800000000000007816 ) ;
#1722 = DIRECTION ( 'NONE',  ( 0.000000000000000000, 1.865294060190115224E-16, 1.000000000000000000 ) ) ;
#1723 = VERTEX_POINT ( 'NONE', #9366 ) ;
#1724 = FACE_OUTER_BOUND ( 'NONE', #4158, .T. ) ;
#1725 = EDGE_LOOP ( 'NONE', ( #4387, #2194, #2413, #11442, #5850 ) ) ;
#1726 = EDGE_CURVE ( 'NONE', #10156, #10130, #4832, .T. ) ;
#1727 = CARTESIAN_POINT ( 'NONE',  ( -47.50000000000000711, 15.50000000000000000, -9.500000000000001776 ) ) ;
#1728 = EDGE_LOOP ( 'NONE', ( #6317, #6830, #1232, #11316 ) ) ;
#1729 = ADVANCED_FACE ( 'NONE', ( #166 ), #11047, .F. ) ;
#1730 = CIRCLE ( 'NONE', #8381, 50.00000000000000000 ) ;
#1731 = VERTEX_POINT ( 'NONE', #5669 ) ;
#1732 = DIRECTION ( 'NONE',  ( -0.000000000000000000, -1.000000000000000000, -0.000000000000000000 ) ) ;
#1733 = ORIENTED_EDGE ( 'NONE', *, *, #9646, .T. ) ;
#1734 = DIRECTION ( 'NONE',  ( -0.000000000000000000, 1.000000000000000000, -0.000000000000000000 ) ) ;
#1735 = VERTEX_POINT ( 'NONE', #1218 ) ;
#1736 = CARTESIAN_POINT ( 'NONE',  ( 37.97940735125391143, 0.02145563245112824813, 1.929700915573396403 ) ) ;
#1737 = DIRECTION ( 'NONE',  ( 0.000000000000000000, 0.000000000000000000, 1.000000000000000000 ) ) ;
#1738 = VECTOR ( 'NONE', #5188, 1000.000000000000000 ) ;
#1739 = CARTESIAN_POINT ( 'NONE',  ( -51.25000000000001421, 14.00000000000000000, 9.499999999999978684 ) ) ;
#1740 = EDGE_LOOP ( 'NONE', ( #4414, #6439, #2386, #11635, #9928, #10137, #4733 ) ) ;
#1741 = PLANE ( 'NONE',  #1802 ) ;
#1742 = ORIENTED_EDGE ( 'NONE', *, *, #10250, .F. ) ;
#1743 = B_SPLINE_CURVE_WITH_KNOTS ( 'NONE', 3,
 ( #3847, #11119, #528, #10399, #9624, #4204 ),
 .UNSPECIFIED., .F., .F.,
 ( 4, 2, 4 ),
 ( 0.000000000000000000, 0.0001955798652618910051, 0.0003911597305237820101 ),
 .UNSPECIFIED. ) ;
#1744 = ORIENTED_EDGE ( 'NONE', *, *, #4407, .F. ) ;
#1745 = DIRECTION ( 'NONE',  ( 0.000000000000000000, 0.000000000000000000, 1.000000000000000000 ) ) ;
#1746 = VECTOR ( 'NONE', #7384, 1000.000000000000000 ) ;
#1747 = DIRECTION ( 'NONE',  ( -0.000000000000000000, 1.000000000000000000, -0.000000000000000000 ) ) ;
#1748 = DIRECTION ( 'NONE',  ( 0.000000000000000000, 0.000000000000000000, 1.000000000000000000 ) ) ;
#1749 = DIRECTION ( 'NONE',  ( 0.000000000000000000, 1.000000000000000000, 0.000000000000000000 ) ) ;
#1750 = CARTESIAN_POINT ( 'NONE',  ( 47.49999999999999289, 7.500000000000000000, -8.649999999999998579 ) ) ;
#1751 = DIRECTION ( 'NONE',  ( -0.000000000000000000, 1.000000000000000000, -0.000000000000000000 ) ) ;
#1752 = VECTOR ( 'NONE', #5328, 1000.000000000000000 ) ;
#1753 = CARTESIAN_POINT ( 'NONE',  ( 37.45000000000000284, 4.999999999999999112, 0.000000000000000000 ) ) ;
#1754 = LINE ( 'NONE', #5454, #7416 ) ;
#1755 = ORIENTED_EDGE ( 'NONE', *, *, #6149, .T. ) ;
#1756 = LINE ( 'NONE', #764, #11672 ) ;
#1757 = ORIENTED_EDGE ( 'NONE', *, *, #2130, .T. ) ;
#1758 = ORIENTED_EDGE ( 'NONE', *, *, #3467, .T. ) ;
#1759 = ORIENTED_EDGE ( 'NONE', *, *, #9523, .F. ) ;
#1760 = CARTESIAN_POINT ( 'NONE',  ( 0.000000000000000000, 7.500000000000000000, 0.000000000000000000 ) ) ;
#1761 = CARTESIAN_POINT ( 'NONE',  ( 38.56385371214060598, 0.02145563245112970530, 0.9174101242189054428 ) ) ;
#1762 = ORIENTED_EDGE ( 'NONE', *, *, #580, .T. ) ;
#1763 = DIRECTION ( 'NONE',  ( 0.000000000000000000, 0.000000000000000000, -1.000000000000000000 ) ) ;
#1764 = ADVANCED_FACE ( 'NONE', ( #334 ), #9310, .F. ) ;
#1765 = LINE ( 'NONE', #7229, #5419 ) ;
#1766 = EDGE_CURVE ( 'NONE', #1848, #6657, #8407, .T. ) ;
#1767 = EDGE_CURVE ( 'NONE', #6003, #4536, #8893, .T. ) ;
#1768 = CARTESIAN_POINT ( 'NONE',  ( -52.25000000000000711, 9.197719172987390834, 3.001973684210525573 ) ) ;
#1769 = EDGE_LOOP ( 'NONE', ( #4938, #11604, #6803, #8450 ) ) ;
#1770 = ORIENTED_EDGE ( 'NONE', *, *, #5554, .T. ) ;
#1771 = CARTESIAN_POINT ( 'NONE',  ( 0.000000000000000000, 10.50000000000000000, -12.25000000000000178 ) ) ;
#1772 = CARTESIAN_POINT ( 'NONE',  ( 35.44364652204421162, -0.001000000000000024307, -5.224792786874609796 ) ) ;
#1773 = CARTESIAN_POINT ( 'NONE',  ( -51.95000000000000995, 9.799999999999998934, -2.449999999999999734 ) ) ;
#1774 = VECTOR ( 'NONE', #7837, 1000.000000000000000 ) ;
#1775 = CARTESIAN_POINT ( 'NONE',  ( 47.50000000000000000, 15.50000000000000000, -9.500000000000001776 ) ) ;
#1776 = EDGE_CURVE ( 'NONE', #5438, #6795, #2925, .T. ) ;
#1777 = ADVANCED_FACE ( 'NONE', ( #3884, #11162 ), #11225, .T. ) ;
#1778 = ORIENTED_EDGE ( 'NONE', *, *, #9659, .F. ) ;
#1779 = DIRECTION ( 'NONE',  ( 0.000000000000000000, -1.000000000000000000, 0.000000000000000000 ) ) ;
#1780 = LINE ( 'NONE', #8153, #3602 ) ;
#1781 = ORIENTED_EDGE ( 'NONE', *, *, #3435, .F. ) ;
#1782 = CARTESIAN_POINT ( 'NONE',  ( -52.25000000000001421, 7.899999999999999467, -2.449999999999999734 ) ) ;
#1783 = AXIS2_PLACEMENT_3D ( 'NONE', #1573, #10637, #8117 ) ;
#1784 = DIRECTION ( 'NONE',  ( 0.000000000000000000, 1.000000000000000000, -0.000000000000000000 ) ) ;
#1785 = ORIENTED_EDGE ( 'NONE', *, *, #656, .T. ) ;
#1786 = CARTESIAN_POINT ( 'NONE',  ( -44.75012130572441293, 4.000000000000000000, 9.474170428397354016 ) ) ;
#1787 = ORIENTED_EDGE ( 'NONE', *, *, #4634, .T. ) ;
#1788 = CARTESIAN_POINT ( 'NONE',  ( -42.75000000000000000, 4.000000000000000000, 12.50000000000000000 ) ) ;
#1789 = ORIENTED_EDGE ( 'NONE', *, *, #5257, .F. ) ;
#1790 =( LENGTH_UNIT ( ) NAMED_UNIT ( * ) SI_UNIT ( .MILLI., .METRE. ) );
#1791 = EDGE_CURVE ( 'NONE', #2140, #604, #6616, .T. ) ;
#1792 = DIRECTION ( 'NONE',  ( -0.000000000000000000, 1.000000000000000000, -0.000000000000000000 ) ) ;
#1793 = EDGE_CURVE ( 'NONE', #6510, #8273, #3049, .T. ) ;
#1794 = DIRECTION ( 'NONE',  ( 0.000000000000000000, 0.000000000000000000, 1.000000000000000000 ) ) ;
#1795 = CARTESIAN_POINT ( 'NONE',  ( -52.34424698005091159, 7.478067474405628801, -4.159279481154422697 ) ) ;
#1796 = EDGE_CURVE ( 'NONE', #445, #8907, #4890, .T. ) ;
#1797 = FACE_OUTER_BOUND ( 'NONE', #10409, .T. ) ;
#1798 = ORIENTED_EDGE ( 'NONE', *, *, #11213, .F. ) ;
#1799 = VERTEX_POINT ( 'NONE', #2819 ) ;
#1800 = DIRECTION ( 'NONE',  ( 0.000000000000000000, 1.000000000000000000, -0.000000000000000000 ) ) ;
#1801 = ORIENTED_EDGE ( 'NONE', *, *, #57, .T. ) ;
#1802 = AXIS2_PLACEMENT_3D ( 'NONE', #5378, #5549, #106 ) ;
#1803 = ORIENTED_EDGE ( 'NONE', *, *, #6882, .F. ) ;
#1804 = DIRECTION ( 'NONE',  ( -0.000000000000000000, 1.000000000000000000, -0.000000000000000000 ) ) ;
#1805 = DIRECTION ( 'NONE',  ( -0.000000000000000000, -1.000000000000000000, -0.000000000000000000 ) ) ;
#1806 = DIRECTION ( 'NONE',  ( -6.938893903907228378E-15, -1.000000000000000000, 0.000000000000000000 ) ) ;
#1807 = DIRECTION ( 'NONE',  ( -1.000000000000000000, 0.000000000000000000, 0.000000000000000000 ) ) ;
#1808 = EDGE_CURVE ( 'NONE', #5225, #3772, #2620, .T. ) ;
#1809 = CARTESIAN_POINT ( 'NONE',  ( -37.20000000000000284, 0.000000000000000000, 12.50000000000000000 ) ) ;
#1810 = AXIS2_PLACEMENT_3D ( 'NONE', #10440, #2329, #7691 ) ;
#1811 = DIRECTION ( 'NONE',  ( -1.000000000000000000, 0.000000000000000000, -0.000000000000000000 ) ) ;
#1812 = CARTESIAN_POINT ( 'NONE',  ( 0.000000000000000000, 12.30000000000000071, 0.000000000000000000 ) ) ;
#1813 = VERTEX_POINT ( 'NONE', #8835 ) ;
#1814 = CARTESIAN_POINT ( 'NONE',  ( -42.56613081906458973, 13.29999999999999893, -12.25000000000000178 ) ) ;
#1815 = VERTEX_POINT ( 'NONE', #2080 ) ;
#1816 = DIRECTION ( 'NONE',  ( 0.000000000000000000, 1.000000000000000000, -0.000000000000000000 ) ) ;
#1817 = AXIS2_PLACEMENT_3D ( 'NONE', #4397, #10709, #3488 ) ;
#1818 = AXIS2_PLACEMENT_3D ( 'NONE', #8753, #3438, #7185 ) ;
#1819 = ORIENTED_EDGE ( 'NONE', *, *, #1341, .F. ) ;
#1820 = ORIENTED_EDGE ( 'NONE', *, *, #10822, .T. ) ;
#1821 = PLANE ( 'NONE',  #1861 ) ;
#1822 = CARTESIAN_POINT ( 'NONE',  ( 38.49211819145300950, 0.2999999999999998779, 0.6848287258246765763 ) ) ;
#1823 = CARTESIAN_POINT ( 'NONE',  ( 38.49211819145298819, 0.2505450496179591480, -6.984828725824719697 ) ) ;
#1824 = DIRECTION ( 'NONE',  ( 0.000000000000000000, 0.000000000000000000, -1.000000000000000000 ) ) ;
#1825 = LINE ( 'NONE', #2005, #6672 ) ;
#1826 = VECTOR ( 'NONE', #8745, 1000.000000000000000 ) ;
#1827 = AXIS2_PLACEMENT_3D ( 'NONE', #7302, #900, #4524 ) ;
#1828 = CARTESIAN_POINT ( 'NONE',  ( 31.09999999999998010, 0.2999999999999999889, -11.75000000000000178 ) ) ;
#1829 = ORIENTED_EDGE ( 'NONE', *, *, #2919, .T. ) ;
#1830 = ORIENTED_EDGE ( 'NONE', *, *, #9569, .T. ) ;
#1831 = EDGE_CURVE ( 'NONE', #80, #9929, #5015, .T. ) ;
#1832 = ORIENTED_EDGE ( 'NONE', *, *, #10504, .T. ) ;
#1833 = CARTESIAN_POINT ( 'NONE',  ( -42.75000000000000000, 0.000000000000000000, 0.000000000000000000 ) ) ;
#1834 = ADVANCED_FACE ( 'NONE', ( #5702 ), #4034, .F. ) ;
#1835 = CARTESIAN_POINT ( 'NONE',  ( 29.90000000000001634, 0.2999999999999999889, -2.946998455193306662E-14 ) ) ;
#1836 = CARTESIAN_POINT ( 'NONE',  ( -52.15661494277456001, 9.216960195022364744, -3.819531250000041123 ) ) ;
#1837 = AXIS2_PLACEMENT_3D ( 'NONE', #4907, #9620, #8726 ) ;
#1838 = VECTOR ( 'NONE', #10163, 1000.000000000000000 ) ;
#1839 = PLANE ( 'NONE',  #10395 ) ;
#1840 = FACE_OUTER_BOUND ( 'NONE', #5056, .T. ) ;
#1841 = CARTESIAN_POINT ( 'NONE',  ( -34.55000000000001137, 4.000000000000000000, 11.44999999999999218 ) ) ;
#1842 = ORIENTED_EDGE ( 'NONE', *, *, #9051, .F. ) ;
#1843 = ORIENTED_EDGE ( 'NONE', *, *, #7950, .F. ) ;
#1844 = DIRECTION ( 'NONE',  ( 0.000000000000000000, 0.000000000000000000, 1.000000000000000000 ) ) ;
#1845 = CARTESIAN_POINT ( 'NONE',  ( -3.469693845669917120, 12.50000000000000000, 13.55000000000019611 ) ) ;
#1846 = AXIS2_PLACEMENT_3D ( 'NONE', #11690, #9672, #6073 ) ;
#1847 = DIRECTION ( 'NONE',  ( 1.000000000000000000, 0.000000000000000000, 7.304098846218136886E-17 ) ) ;
#1848 = VERTEX_POINT ( 'NONE', #9058 ) ;
#1849 = VECTOR ( 'NONE', #5409, 1000.000000000000000 ) ;
#1850 = EDGE_CURVE ( 'NONE', #1396, #9535, #11163, .T. ) ;
#1851 = VERTEX_POINT ( 'NONE', #923 ) ;
#1852 = EDGE_CURVE ( 'NONE', #5073, #1021, #1197, .T. ) ;
#1853 = FACE_OUTER_BOUND ( 'NONE', #7315, .T. ) ;
#1854 = ORIENTED_EDGE ( 'NONE', *, *, #7683, .F. ) ;
#1855 = DIRECTION ( 'NONE',  ( -0.000000000000000000, -0.000000000000000000, 1.000000000000000000 ) ) ;
#1856 = ORIENTED_EDGE ( 'NONE', *, *, #929, .F. ) ;
#1857 = AXIS2_PLACEMENT_3D ( 'NONE', #4501, #942, #12 ) ;
#1858 = DIRECTION ( 'NONE',  ( -0.9396926207859128688, 0.000000000000000000, -0.3420201433256564449 ) ) ;
#1859 = CARTESIAN_POINT ( 'NONE',  ( -25.50000000000001066, 12.30000000000000071, -13.55000000000000249 ) ) ;
#1860 = VECTOR ( 'NONE', #3726, 1000.000000000000000 ) ;
#1861 = AXIS2_PLACEMENT_3D ( 'NONE', #4446, #8013, #7171 ) ;
#1862 = LINE ( 'NONE', #10134, #4146 ) ;
#1863 = DIRECTION ( 'NONE',  ( -0.000000000000000000, 1.000000000000000000, -0.000000000000000000 ) ) ;
#1864 = ORIENTED_EDGE ( 'NONE', *, *, #5042, .F. ) ;
#1865 = VERTEX_POINT ( 'NONE', #2134 ) ;
#1866 = CIRCLE ( 'NONE', #5475, 2.000000000000003109 ) ;
#1867 = LINE ( 'NONE', #4309, #4843 ) ;
#1868 = EDGE_CURVE ( 'NONE', #2615, #4249, #3639, .T. ) ;
#1869 = ORIENTED_EDGE ( 'NONE', *, *, #6412, .T. ) ;
#1870 = EDGE_CURVE ( 'NONE', #9160, #5927, #2746, .T. ) ;
#1871 = DIRECTION ( 'NONE',  ( 0.000000000000000000, 0.000000000000000000, 1.000000000000000000 ) ) ;
#1872 = FACE_OUTER_BOUND ( 'NONE', #9688, .T. ) ;
#1873 = AXIS2_PLACEMENT_3D ( 'NONE', #3700, #11091, #1094 ) ;
#1874 = LINE ( 'NONE', #935, #3739 ) ;
#1875 = DIRECTION ( 'NONE',  ( 0.000000000000000000, -1.000000000000000000, 0.000000000000000000 ) ) ;
#1876 = DIRECTION ( 'NONE',  ( 0.000000000000000000, 1.000000000000000000, -0.000000000000000000 ) ) ;
#1877 = CARTESIAN_POINT ( 'NONE',  ( -42.40000000000000568, 13.29999999999999893, -12.25000000000000178 ) ) ;
#1878 = AXIS2_PLACEMENT_3D ( 'NONE', #6492, #6615, #2044 ) ;
#1879 = DIRECTION ( 'NONE',  ( 0.000000000000000000, 0.000000000000000000, -1.000000000000000000 ) ) ;
#1880 = EDGE_LOOP ( 'NONE', ( #6875, #9246, #8974, #7617, #11020, #1705, #98, #2488, #9801 ) ) ;
#1881 = EDGE_CURVE ( 'NONE', #8164, #4033, #11682, .T. ) ;
#1882 = FACE_OUTER_BOUND ( 'NONE', #3814, .T. ) ;
#1883 = VERTEX_POINT ( 'NONE', #9401 ) ;
#1884 = EDGE_CURVE ( 'NONE', #5345, #767, #11295, .T. ) ;
#1885 = DIRECTION ( 'NONE',  ( 0.000000000000000000, 0.000000000000000000, -1.000000000000000000 ) ) ;
#1886 = ORIENTED_EDGE ( 'NONE', *, *, #5648, .T. ) ;
#1887 = CARTESIAN_POINT ( 'NONE',  ( 20.65000000000000213, 7.500000000000000000, 0.000000000000000000 ) ) ;
#1888 = CARTESIAN_POINT ( 'NONE',  ( 38.52664033279330624, 0.09378038618371870028, 0.7958556306248834034 ) ) ;
#1889 = CARTESIAN_POINT ( 'NONE',  ( -50.75000000000000711, 7.500000000000000000, -7.249999999999999112 ) ) ;
#1890 = VECTOR ( 'NONE', #5372, 1000.000000000000000 ) ;
#1891 = DIRECTION ( 'NONE',  ( 1.000000000000000000, 0.000000000000000000, 0.000000000000000000 ) ) ;
#1892 = VECTOR ( 'NONE', #11096, 1000.000000000000000 ) ;
#1893 = CARTESIAN_POINT ( 'NONE',  ( -50.49021717632315642, 13.78996523368711813, -4.696790076764390420 ) ) ;
#1894 = EDGE_LOOP ( 'NONE', ( #10305, #4330, #8695, #6982 ) ) ;
#1895 = ORIENTED_EDGE ( 'NONE', *, *, #9065, .T. ) ;
#1896 = DIRECTION ( 'NONE',  ( 0.000000000000000000, 1.000000000000000000, 0.000000000000000000 ) ) ;
#1897 = CARTESIAN_POINT ( 'NONE',  ( -20.00000000000001066, 15.50000000000000000, -13.25000000000000178 ) ) ;
#1898 = DIRECTION ( 'NONE',  ( 0.000000000000000000, 0.000000000000000000, 1.000000000000000000 ) ) ;
#1899 = LINE ( 'NONE', #2251, #11355 ) ;
#1900 = DIRECTION ( 'NONE',  ( 0.8660254037843672092, 0.000000000000000000, -0.5000000000001236788 ) ) ;
#1901 = CARTESIAN_POINT ( 'NONE',  ( -42.15000000000000568, 13.28431348329844219, 12.50000000000000000 ) ) ;
#1902 = ORIENTED_EDGE ( 'NONE', *, *, #8114, .F. ) ;
#1903 = DIRECTION ( 'NONE',  ( 1.000000000000000000, -0.000000000000000000, -0.000000000000000000 ) ) ;
#1904 = DIRECTION ( 'NONE',  ( 1.000000000000000000, -0.000000000000000000, 0.000000000000000000 ) ) ;
#1905 = EDGE_CURVE ( 'NONE', #8792, #1731, #11115, .T. ) ;
#1906 = LINE ( 'NONE', #8446, #6733 ) ;
#1907 = ORIENTED_EDGE ( 'NONE', *, *, #1364, .F. ) ;
#1908 = EDGE_LOOP ( 'NONE', ( #10483, #3588, #6494, #9053 ) ) ;
#1909 = CARTESIAN_POINT ( 'NONE',  ( -44.93386918093541738, 13.29999999999999893, 12.25000000000000178 ) ) ;
#1910 = VERTEX_POINT ( 'NONE', #11138 ) ;
#1911 = CARTESIAN_POINT ( 'NONE',  ( 26.81022599591440780, 0.000000000000000000, -11.75000000000000178 ) ) ;
#1912 = ORIENTED_EDGE ( 'NONE', *, *, #7781, .F. ) ;
#1913 = DIRECTION ( 'NONE',  ( -0.3420201433256564449, 0.000000000000000000, 0.9396926207859128688 ) ) ;
#1914 = DIRECTION ( 'NONE',  ( -1.000000000000000000, 0.000000000000000000, 0.000000000000000000 ) ) ;
#1915 = CARTESIAN_POINT ( 'NONE',  ( 50.24999999999999289, 10.80000000000000071, -1.700000000000000622 ) ) ;
#1916 = EDGE_CURVE ( 'NONE', #6318, #7080, #2967, .T. ) ;
#1917 = CARTESIAN_POINT ( 'NONE',  ( -52.45000000000001705, 6.602280827012616982, -3.001973684210527793 ) ) ;
#1918 = EDGE_LOOP ( 'NONE', ( #10701, #3382, #2252, #4932 ) ) ;
#1919 = EDGE_LOOP ( 'NONE', ( #1366, #6893, #2144, #7818, #8051, #6774 ) ) ;
#1920 = EDGE_CURVE ( 'NONE', #7495, #9783, #4928, .T. ) ;
#1921 = LINE ( 'NONE', #7508, #9291 ) ;
#1922 = CARTESIAN_POINT ( 'NONE',  ( -42.40000000000000568, 4.000000000000000000, 12.25000000000000000 ) ) ;
#1923 = EDGE_LOOP ( 'NONE', ( #5782, #11069, #1160, #2196, #8030, #1203, #11433, #7954, #10455, #11577, #5897, #6793, #6934, #4453, #3866, #4164 ) ) ;
#1924 = LINE ( 'NONE', #9183, #4834 ) ;
#1925 = CARTESIAN_POINT ( 'NONE',  ( 29.59999999999998010, 0.3450597594102134402, -12.12059116866472763 ) ) ;
#1926 = CARTESIAN_POINT ( 'NONE',  ( 51.95000000000000284, 9.300000000000000711, 2.500000000000000444 ) ) ;
#1927 = ORIENTED_EDGE ( 'NONE', *, *, #10596, .T. ) ;
#1928 = DIRECTION ( 'NONE',  ( 1.000000000000000000, 0.000000000000000000, 0.000000000000000000 ) ) ;
#1929 = DIRECTION ( 'NONE',  ( 0.000000000000000000, 1.000000000000000000, -0.000000000000000000 ) ) ;
#1930 = EDGE_CURVE ( 'NONE', #341, #2527, #6647, .T. ) ;
#1931 = DIRECTION ( 'NONE',  ( 0.000000000000000000, 1.865294060190115224E-16, 1.000000000000000000 ) ) ;
#1932 = EDGE_CURVE ( 'NONE', #9582, #8962, #1317, .T. ) ;
#1933 = CARTESIAN_POINT ( 'NONE',  ( 26.00635347795580543, 0.2531612188914913464, 0.2238308925512702829 ) ) ;
#1934 = CARTESIAN_POINT ( 'NONE',  ( -52.20536001237693569, 8.481699705009688728, 4.161567919108321689 ) ) ;
#1935 = VECTOR ( 'NONE', #9222, 1000.000000000000000 ) ;
#1936 = ORIENTED_EDGE ( 'NONE', *, *, #296, .T. ) ;
#1937 = CARTESIAN_POINT ( 'NONE',  ( 51.95000000000000284, 9.300000000000000711, -2.500000000000000444 ) ) ;
#1938 = CARTESIAN_POINT ( 'NONE',  ( -52.23807474045420918, 9.237198043323271435, 3.484891521729050812 ) ) ;
#1939 = LINE ( 'NONE', #3548, #1838 ) ;
#1940 = CARTESIAN_POINT ( 'NONE',  ( -34.55000000000001137, 6.000000000000000000, -10.05000000000001137 ) ) ;
#1941 = EDGE_CURVE ( 'NONE', #88, #5766, #9766, .T. ) ;
#1942 = AXIS2_PLACEMENT_3D ( 'NONE', #4823, #6775, #6548 ) ;
#1943 = DIRECTION ( 'NONE',  ( -0.000000000000000000, -1.000000000000000000, -0.000000000000000000 ) ) ;
#1944 = EDGE_CURVE ( 'NONE', #5825, #8532, #5813, .T. ) ;
#1945 = FACE_OUTER_BOUND ( 'NONE', #4950, .T. ) ;
#1946 = EDGE_CURVE ( 'NONE', #11696, #9886, #6305, .T. ) ;
#1947 = LINE ( 'NONE', #9985, #8783 ) ;
#1948 = ORIENTED_EDGE ( 'NONE', *, *, #7582, .F. ) ;
#1949 = VERTEX_POINT ( 'NONE', #1490 ) ;
#1950 = AXIS2_PLACEMENT_3D ( 'NONE', #2580, #9238, #10077 ) ;
#1951 = CARTESIAN_POINT ( 'NONE',  ( -2.000000000000008882, 12.50000000000000000, -12.35000000000019149 ) ) ;
#1952 = CARTESIAN_POINT ( 'NONE',  ( -2.000000000000008882, 14.00000000000000000, -12.35000000000019149 ) ) ;
#1953 = DIRECTION ( 'NONE',  ( 0.000000000000000000, 0.000000000000000000, 1.000000000000000000 ) ) ;
#1954 = CARTESIAN_POINT ( 'NONE',  ( -50.25000000000000711, 9.799999999999998934, 2.449999999999999734 ) ) ;
#1955 = CARTESIAN_POINT ( 'NONE',  ( -39.57685957032785495, 13.29694875387735209, 12.36973257420731542 ) ) ;
#1956 = EDGE_CURVE ( 'NONE', #1708, #10623, #1372, .T. ) ;
#1957 = CARTESIAN_POINT ( 'NONE',  ( 47.49999999999999289, 7.500000000000000000, 9.500000000000001776 ) ) ;
#1958 = ORIENTED_EDGE ( 'NONE', *, *, #3877, .T. ) ;
#1959 = ORIENTED_EDGE ( 'NONE', *, *, #5624, .F. ) ;
#1960 = CARTESIAN_POINT ( 'NONE',  ( -45.00000000000001421, 4.000000000000000000, -12.25000000000000000 ) ) ;
#1961 = AXIS2_PLACEMENT_3D ( 'NONE', #10240, #8209, #2018 ) ;
#1962 = CARTESIAN_POINT ( 'NONE',  ( 4.925331814053546354E-14, 10.50000000000000000, 13.55000000000018368 ) ) ;
#1963 = ORIENTED_EDGE ( 'NONE', *, *, #4572, .T. ) ;
#1964 = LINE ( 'NONE', #5482, #1058 ) ;
#1965 = ORIENTED_EDGE ( 'NONE', *, *, #10614, .F. ) ;
#1966 = VERTEX_POINT ( 'NONE', #483 ) ;
#1967 = VERTEX_POINT ( 'NONE', #3313 ) ;
#1968 = VECTOR ( 'NONE', #3368, 1000.000000000000114 ) ;
#1969 = DIRECTION ( 'NONE',  ( 1.000000000000000000, 0.000000000000000000, 0.000000000000000000 ) ) ;
#1970 = ORIENTED_EDGE ( 'NONE', *, *, #10663, .T. ) ;
#1971 = CARTESIAN_POINT ( 'NONE',  ( 28.83138866741355955, 0.06968970843561285433, -12.40593171207694034 ) ) ;
#1972 = EDGE_LOOP ( 'NONE', ( #8612, #9352, #2522, #6282 ) ) ;
#1973 =( NAMED_UNIT ( * ) PLANE_ANGLE_UNIT ( ) SI_UNIT ( $, .RADIAN. ) );
#1974 = LINE ( 'NONE', #2814, #1752 ) ;
#1975 = VECTOR ( 'NONE', #5337, 1000.000000000000000 ) ;
#1976 = CARTESIAN_POINT ( 'NONE',  ( 27.89665960152614588, 0.3220298408975172388, -11.82440908868570162 ) ) ;
#1977 = CIRCLE ( 'NONE', #9956, 3.000000000000000888 ) ;
#1978 = EDGE_LOOP ( 'NONE', ( #11742, #6990 ) ) ;
#1979 = PLANE ( 'NONE',  #11224 ) ;
#1980 = CARTESIAN_POINT ( 'NONE',  ( -42.50000000000000000, 4.000000000000000000, -12.25000000000000000 ) ) ;
#1981 = EDGE_LOOP ( 'NONE', ( #3219, #8546, #11283, #3356, #6582, #6361, #1152, #4944, #11502, #8070, #205 ) ) ;
#1982 = DIRECTION ( 'NONE',  ( 0.000000000000000000, 0.000000000000000000, -1.000000000000000000 ) ) ;
#1983 = EDGE_CURVE ( 'NONE', #11343, #10974, #6997, .T. ) ;
#1984 = AXIS2_PLACEMENT_3D ( 'NONE', #335, #5951, #9430 ) ;
#1985 = CARTESIAN_POINT ( 'NONE',  ( 47.50000000000000000, 10.50000000000000000, -9.500000000000001776 ) ) ;
#1986 = EDGE_CURVE ( 'NONE', #9654, #6788, #2426, .T. ) ;
#1987 = CARTESIAN_POINT ( 'NONE',  ( -53.20000000000000284, 9.199999999999999289, -2.924999999999972289 ) ) ;
#1988 = EDGE_LOOP ( 'NONE', ( #7573, #11, #5635, #4759, #7283 ) ) ;
#1989 = ORIENTED_EDGE ( 'NONE', *, *, #594, .T. ) ;
#1990 = DIRECTION ( 'NONE',  ( 0.000000000000000000, 0.000000000000000000, 1.000000000000000000 ) ) ;
#1991 = DIRECTION ( 'NONE',  ( 1.000000000000000000, 0.000000000000000000, 0.000000000000000000 ) ) ;
#1992 = PLANE ( 'NONE',  #4519 ) ;
#1993 = DIRECTION ( 'NONE',  ( -0.000000000000000000, 1.000000000000000000, -0.000000000000000000 ) ) ;
#1994 = CIRCLE ( 'NONE', #8644, 1.999999999999997335 ) ;
#1995 = LINE ( 'NONE', #4734, #5957 ) ;
#1996 = EDGE_CURVE ( 'NONE', #1056, #9354, #7726, .T. ) ;
#1997 = EDGE_CURVE ( 'NONE', #11018, #11526, #3312, .T. ) ;
#1998 = ORIENTED_EDGE ( 'NONE', *, *, #4548, .T. ) ;
#1999 = FACE_OUTER_BOUND ( 'NONE', #7562, .T. ) ;
#2000 = CARTESIAN_POINT ( 'NONE',  ( -52.45000000000000284, 6.609077595116153780, 3.116562148732941573 ) ) ;
#2001 = VECTOR ( 'NONE', #3774, 1000.000000000000000 ) ;
#2002 = CARTESIAN_POINT ( 'NONE',  ( -34.55000000000001137, 3.199999999999999734, 10.44999999999999218 ) ) ;
#2003 = AXIS2_PLACEMENT_3D ( 'NONE', #655, #11434, #10472 ) ;
#2004 = CARTESIAN_POINT ( 'NONE',  ( -14.05000000000000782, 4.000000000000000000, -8.550000000000014921 ) ) ;
#2005 = CARTESIAN_POINT ( 'NONE',  ( -37.54999999999999716, 13.29999999999999893, -12.50000000000000000 ) ) ;
#2006 = B_SPLINE_CURVE_WITH_KNOTS ( 'NONE', 3,
 ( #6936, #825, #11430, #5985, #5158, #3256, #9639, #5097 ),
 .UNSPECIFIED., .F., .F.,
 ( 4, 2, 2, 4 ),
 ( 0.000000000000000000, 0.0001382025733524846599, 0.0002764051467049693199, 0.0005528102934099351704 ),
 .UNSPECIFIED. ) ;
#2007 = DIRECTION ( 'NONE',  ( 1.000000000000000000, 0.000000000000000000, 0.000000000000000000 ) ) ;
#2008 = ORIENTED_EDGE ( 'NONE', *, *, #10667, .T. ) ;
#2009 = VERTEX_POINT ( 'NONE', #10657 ) ;
#2010 = VECTOR ( 'NONE', #11508, 1000.000000000000000 ) ;
#2011 = CARTESIAN_POINT ( 'NONE',  ( 8.576490010960506893, -0.001000000000000024307, -14.85491644959054724 ) ) ;
#2012 = EDGE_CURVE ( 'NONE', #163, #11048, #7114, .T. ) ;
#2013 = ADVANCED_FACE ( 'NONE', ( #4096 ), #11601, .F. ) ;
#2014 = CARTESIAN_POINT ( 'NONE',  ( -52.00000000000001421, 15.50000000000000000, -6.749999999999950262 ) ) ;
#2015 = CARTESIAN_POINT ( 'NONE',  ( 47.49999999999997868, 7.500000000000000000, -14.75000000000000178 ) ) ;
#2016 = CARTESIAN_POINT ( 'NONE',  ( 30.35000000000000142, 0.2999999999999999889, -3.150000000000002576 ) ) ;
#2017 = FACE_OUTER_BOUND ( 'NONE', #4785, .T. ) ;
#2018 = DIRECTION ( 'NONE',  ( 1.513940488125209161E-14, 0.000000000000000000, 1.000000000000000000 ) ) ;
#2019 = ORIENTED_EDGE ( 'NONE', *, *, #5309, .T. ) ;
#2020 = VECTOR ( 'NONE', #5000, 1000.000000000000000 ) ;
#2021 = CIRCLE ( 'NONE', #3521, 5.499999999999988454 ) ;
#2022 = CARTESIAN_POINT ( 'NONE',  ( -52.39339168156020321, 6.874426906261692949, -3.731065991842179130 ) ) ;
#2023 = CARTESIAN_POINT ( 'NONE',  ( 43.25000000000000711, 7.500000000000000000, -12.25000000000000178 ) ) ;
#2024 = CARTESIAN_POINT ( 'NONE',  ( -44.75000000000000711, 13.28431348329844219, 12.50000000000000000 ) ) ;
#2025 = VERTEX_POINT ( 'NONE', #8859 ) ;
#2026 = LINE ( 'NONE', #4758, #10045 ) ;
#2027 = VERTEX_POINT ( 'NONE', #4219 ) ;
#2028 = ADVANCED_FACE ( 'NONE', ( #6884 ), #4982, .F. ) ;
#2029 = CIRCLE ( 'NONE', #3354, 3.000000000000000000 ) ;
#2030 = EDGE_CURVE ( 'NONE', #8516, #10730, #11486, .T. ) ;
#2031 = VERTEX_POINT ( 'NONE', #5930 ) ;
#2032 = VECTOR ( 'NONE', #3080, 1000.000000000000000 ) ;
#2033 = EDGE_CURVE ( 'NONE', #4838, #207, #10595, .T. ) ;
#2034 = CARTESIAN_POINT ( 'NONE',  ( 30.35000000000000142, 0.2999999999999999889, -3.150000000000002576 ) ) ;
#2035 = ORIENTED_EDGE ( 'NONE', *, *, #5202, .F. ) ;
#2036 = CARTESIAN_POINT ( 'NONE',  ( -50.75000000000000711, 4.147235497605446852, -4.750000000000000000 ) ) ;
#2037 = VERTEX_POINT ( 'NONE', #3376 ) ;
#2038 = DIRECTION ( 'NONE',  ( -0.000000000000000000, 1.000000000000000000, -0.000000000000000000 ) ) ;
#2039 = FACE_OUTER_BOUND ( 'NONE', #4095, .T. ) ;
#2040 = VECTOR ( 'NONE', #652, 1000.000000000000000 ) ;
#2041 = CIRCLE ( 'NONE', #10219, 9.000000000000008882 ) ;
#2042 = LINE ( 'NONE', #5546, #8903 ) ;
#2043 = ORIENTED_EDGE ( 'NONE', *, *, #3925, .F. ) ;
#2044 = DIRECTION ( 'NONE',  ( 0.000000000000000000, 0.000000000000000000, -1.000000000000000000 ) ) ;
#2045 = DIRECTION ( 'NONE',  ( 0.000000000000000000, 0.000000000000000000, -1.000000000000000000 ) ) ;
#2046 = VECTOR ( 'NONE', #1501, 1000.000000000000000 ) ;
#2047 = ORIENTED_EDGE ( 'NONE', *, *, #1018, .F. ) ;
#2048 = CARTESIAN_POINT ( 'NONE',  ( 47.49999999999999289, 2.499999999999999556, 8.650000000000002132 ) ) ;
#2049 = VECTOR ( 'NONE', #4637, 1000.000000000000000 ) ;
#2050 = DIRECTION ( 'NONE',  ( -0.8660254037843672092, 0.000000000000000000, -0.5000000000001236788 ) ) ;
#2051 = DIRECTION ( 'NONE',  ( -3.652049423109083111E-16, 0.000000000000000000, -1.000000000000000000 ) ) ;
#2052 = ORIENTED_EDGE ( 'NONE', *, *, #3377, .T. ) ;
#2053 = CARTESIAN_POINT ( 'NONE',  ( -47.50000000000000711, 14.00000000000000000, -9.500000000000001776 ) ) ;
#2054 = LINE ( 'NONE', #6622, #7756 ) ;
#2055 = DIRECTION ( 'NONE',  ( 0.8660254037844388186, -0.000000000000000000, 0.4999999999999997780 ) ) ;
#2056 = VECTOR ( 'NONE', #8334, 1000.000000000000000 ) ;
#2057 = EDGE_CURVE ( 'NONE', #823, #7188, #10144, .T. ) ;
#2058 = ORIENTED_EDGE ( 'NONE', *, *, #7823, .F. ) ;
#2059 = DIRECTION ( 'NONE',  ( -0.000000000000000000, 0.05921052631581239650, 0.9982455176826012799 ) ) ;
#2060 = DIRECTION ( 'NONE',  ( 1.000000000000000000, 0.000000000000000000, -1.176083712526649195E-16 ) ) ;
#2061 = DIRECTION ( 'NONE',  ( 0.000000000000000000, 0.000000000000000000, -1.000000000000000000 ) ) ;
#2062 = DIRECTION ( 'NONE',  ( -0.000000000000000000, -0.000000000000000000, -1.000000000000000000 ) ) ;
#2063 = CARTESIAN_POINT ( 'NONE',  ( 31.09999999999998366, 0.2999999999999998779, -8.598623679425841715 ) ) ;
#2064 = ADVANCED_FACE ( 'NONE', ( #6761 ), #546, .T. ) ;
#2065 = CARTESIAN_POINT ( 'NONE',  ( 0.000000000000000000, 14.00000000000000000, 0.000000000000000000 ) ) ;
#2066 = ADVANCED_FACE ( 'NONE', ( #3262 ), #7963, .T. ) ;
#2067 = CARTESIAN_POINT ( 'NONE',  ( -50.25000000000002132, 13.79999999999999893, -4.382618937508665269 ) ) ;
#2068 = VERTEX_POINT ( 'NONE', #11661 ) ;
#2069 = CIRCLE ( 'NONE', #9862, 0.7999999999999997113 ) ;
#2070 = DIRECTION ( 'NONE',  ( -0.5000000000001236788, 0.000000000000000000, -0.8660254037843672092 ) ) ;
#2071 = CARTESIAN_POINT ( 'NONE',  ( 30.35000000000000142, 0.2999999999999999889, -3.150000000000002576 ) ) ;
#2072 = AXIS2_PLACEMENT_3D ( 'NONE', #1287, #11232, #9613 ) ;
#2073 = EDGE_LOOP ( 'NONE', ( #10190, #4369, #3615, #3645 ) ) ;
#2074 = FACE_OUTER_BOUND ( 'NONE', #6449, .T. ) ;
#2075 =( BOUNDED_SURFACE ( )  B_SPLINE_SURFACE ( 3, 2, ( 
 ( #7907, #1768, #658 ),
 ( #8081, #6942, #6106 ),
 ( #5401, #11732, #4344 ),
 ( #3558, #714, #7180 ) ),
 .UNSPECIFIED., .F., .F., .F. ) 
 B_SPLINE_SURFACE_WITH_KNOTS ( ( 4, 4 ),
 ( 3, 3 ),
 ( 4.336808689942017736E-19, 0.0007827539330231608663 ),
 ( 0.000000000000000000, 1.000000000000000000 ),
 .UNSPECIFIED. ) 
 GEOMETRIC_REPRESENTATION_ITEM ( )  RATIONAL_B_SPLINE_SURFACE ( (
 ( 1.000000000000000000, 0.7071067811865597852, 1.000000000000000000),
 ( 1.000000000000000000, 0.7595966335268776737, 1.000000000000000000),
 ( 1.000000000000000000, 0.8024371557888916318, 1.000000000000000000),
 ( 1.000000000000000000, 0.8371290630494896412, 1.000000000000000000) ) ) 
 REPRESENTATION_ITEM ( '' )  SURFACE ( )  );
#2076 = CARTESIAN_POINT ( 'NONE',  ( 52.75000000000000000, 7.500000000000000000, -1.926456070690041313E-14 ) ) ;
#2077 = LINE ( 'NONE', #3137, #8786 ) ;
#2078 = DIRECTION ( 'NONE',  ( -0.000000000000000000, -1.000000000000000000, -0.000000000000000000 ) ) ;
#2079 = EDGE_LOOP ( 'NONE', ( #5106, #2673, #7980, #6553, #11576 ) ) ;
#2080 = CARTESIAN_POINT ( 'NONE',  ( -50.25000000000000711, 13.79999999999999893, -4.250000000000000000 ) ) ;
#2081 = ORIENTED_EDGE ( 'NONE', *, *, #4623, .F. ) ;
#2082 = EDGE_CURVE ( 'NONE', #10036, #11699, #10707, .T. ) ;
#2083 = CARTESIAN_POINT ( 'NONE',  ( -37.54999999999999716, 6.000000000000000000, 12.25000000000000533 ) ) ;
#2084 = EDGE_CURVE ( 'NONE', #5841, #10478, #7703, .T. ) ;
#2085 = CARTESIAN_POINT ( 'NONE',  ( -14.05000000000000782, 3.199999999999999734, -8.550000000000013145 ) ) ;
#2086 = ORIENTED_EDGE ( 'NONE', *, *, #803, .F. ) ;
#2087 = ORIENTED_EDGE ( 'NONE', *, *, #4017, .F. ) ;
#2088 = VERTEX_POINT ( 'NONE', #6338 ) ;
#2089 = LINE ( 'NONE', #10425, #3898 ) ;
#2090 = ORIENTED_EDGE ( 'NONE', *, *, #8313, .T. ) ;
#2091 = DIRECTION ( 'NONE',  ( -1.000000000000000000, 0.000000000000000000, 4.476705744456300993E-16 ) ) ;
#2092 = ORIENTED_EDGE ( 'NONE', *, *, #8557, .T. ) ;
#2093 = FACE_OUTER_BOUND ( 'NONE', #8448, .T. ) ;
#2094 = CARTESIAN_POINT ( 'NONE',  ( -45.00000000000000711, 7.500000000000000000, 12.50000000000000000 ) ) ;
#2095 = EDGE_CURVE ( 'NONE', #3985, #6034, #1251, .T. ) ;
#2096 = CARTESIAN_POINT ( 'NONE',  ( 25.63856210340542319, 0.000000000000000000, -5.350534695598401669 ) ) ;
#2097 = VERTEX_POINT ( 'NONE', #5463 ) ;
#2098 = VERTEX_POINT ( 'NONE', #1006 ) ;
#2099 = EDGE_CURVE ( 'NONE', #3810, #6242, #10869, .T. ) ;
#2100 = DIRECTION ( 'NONE',  ( 2.668805347656624115E-15, 0.000000000000000000, -1.000000000000000000 ) ) ;
#2101 = DIRECTION ( 'NONE',  ( 0.000000000000000000, -1.000000000000000000, 0.000000000000000000 ) ) ;
#2102 = LINE ( 'NONE', #4551, #3888 ) ;
#2103 = DIRECTION ( 'NONE',  ( -1.000000000000000000, 0.000000000000000000, -0.000000000000000000 ) ) ;
#2104 = CARTESIAN_POINT ( 'NONE',  ( 51.95000000000000284, 10.50000000000000000, 0.000000000000000000 ) ) ;
#2105 = VERTEX_POINT ( 'NONE', #950 ) ;
#2106 = ORIENTED_EDGE ( 'NONE', *, *, #403, .F. ) ;
#2107 = CARTESIAN_POINT ( 'NONE',  ( 0.000000000000000000, 7.500000000000000000, -12.25000000000000000 ) ) ;
#2108 = FACE_OUTER_BOUND ( 'NONE', #475, .T. ) ;
#2109 = CARTESIAN_POINT ( 'NONE',  ( -44.56849602204874827, 3.999999999999999112, 9.576058969206652449 ) ) ;
#2110 = LINE ( 'NONE', #6736, #2877 ) ;
#2111 = ORIENTED_EDGE ( 'NONE', *, *, #10266, .F. ) ;
#2112 = DIRECTION ( 'NONE',  ( 0.000000000000000000, 0.4999999999999945044, -0.8660254037844418162 ) ) ;
#2113 = ORIENTED_EDGE ( 'NONE', *, *, #9489, .F. ) ;
#2114 = CARTESIAN_POINT ( 'NONE',  ( -50.75000000000000711, 13.74843699104228989, 4.750000000000000888 ) ) ;
#2115 = CARTESIAN_POINT ( 'NONE',  ( -25.50000000000001066, 12.30000000000000071, -13.55000000000000249 ) ) ;
#2116 = CARTESIAN_POINT ( 'NONE',  ( -40.15000000000000568, 0.000000000000000000, 0.000000000000000000 ) ) ;
#2117 = DIRECTION ( 'NONE',  ( 0.000000000000000000, 0.000000000000000000, 1.000000000000000000 ) ) ;
#2118 = AXIS2_PLACEMENT_3D ( 'NONE', #2065, #186, #10168 ) ;
#2119 = DIRECTION ( 'NONE',  ( 1.000000000000000000, -2.312964634635739900E-15, 4.625929269271486900E-15 ) ) ;
#2120 = ORIENTED_EDGE ( 'NONE', *, *, #4112, .F. ) ;
#2121 = PLANE ( 'NONE',  #840 ) ;
#2122 = AXIS2_PLACEMENT_3D ( 'NONE', #5465, #11017, #7418 ) ;
#2123 = CARTESIAN_POINT ( 'NONE',  ( -52.34420172950770933, 7.479386158045576494, 4.159693197046843594 ) ) ;
#2124 = LINE ( 'NONE', #5750, #3714 ) ;
#2125 = EDGE_CURVE ( 'NONE', #11447, #4604, #7513, .T. ) ;
#2126 = ORIENTED_EDGE ( 'NONE', *, *, #4792, .F. ) ;
#2127 = DIRECTION ( 'NONE',  ( -1.000000000000000000, -0.000000000000000000, -0.000000000000000000 ) ) ;
#2128 = PRESENTATION_LAYER_ASSIGNMENT (  '', '', ( #10885 ) ) ;
#2129 = DIRECTION ( 'NONE',  ( 0.000000000000000000, 0.000000000000000000, -1.000000000000000000 ) ) ;
#2130 = EDGE_CURVE ( 'NONE', #8436, #5368, #9144, .T. ) ;
#2131 = DIRECTION ( 'NONE',  ( 1.000000000000000000, 0.000000000000000000, 0.000000000000000000 ) ) ;
#2132 = ORIENTED_EDGE ( 'NONE', *, *, #4917, .F. ) ;
#2133 = EDGE_CURVE ( 'NONE', #7204, #4385, #1765, .T. ) ;
#2134 = CARTESIAN_POINT ( 'NONE',  ( 38.16960222758094545, 0.000000000000000000, 1.884264693320300221 ) ) ;
#2135 = CARTESIAN_POINT ( 'NONE',  ( -44.77685957032785780, 4.003051246122646845, -12.36973257420731542 ) ) ;
#2136 = LINE ( 'NONE', #5756, #9696 ) ;
#2137 = VECTOR ( 'NONE', #6660, 1000.000000000000000 ) ;
#2138 = DIRECTION ( 'NONE',  ( -0.000000000000000000, 1.000000000000000000, -0.000000000000000000 ) ) ;
#2139 = ORIENTED_EDGE ( 'NONE', *, *, #9958, .T. ) ;
#2140 = VERTEX_POINT ( 'NONE', #4628 ) ;
#2141 = EDGE_LOOP ( 'NONE', ( #3586, #2132, #9651, #2043 ) ) ;
#2142 = ORIENTED_EDGE ( 'NONE', *, *, #3065, .F. ) ;
#2143 = DIRECTION ( 'NONE',  ( 0.000000000000000000, 1.000000000000000000, 0.000000000000000000 ) ) ;
#2144 = ORIENTED_EDGE ( 'NONE', *, *, #5749, .T. ) ;
#2145 = EDGE_CURVE ( 'NONE', #11706, #11018, #11715, .T. ) ;
#2146 = CARTESIAN_POINT ( 'NONE',  ( 22.13614628785941463, 0.02145563245112812323, 0.9174101242189477423 ) ) ;
#2147 = ORIENTED_EDGE ( 'NONE', *, *, #8652, .F. ) ;
#2148 = DIRECTION ( 'NONE',  ( -1.000000000000000000, 0.000000000000000000, 0.000000000000000000 ) ) ;
#2149 = EDGE_CURVE ( 'NONE', #3573, #3060, #3665, .T. ) ;
#2150 = FACE_OUTER_BOUND ( 'NONE', #1725, .T. ) ;
#2151 = FACE_OUTER_BOUND ( 'NONE', #10676, .T. ) ;
#2152 = ORIENTED_EDGE ( 'NONE', *, *, #6570, .T. ) ;
#2153 = LINE ( 'NONE', #9124, #8735 ) ;
#2154 = CARTESIAN_POINT ( 'NONE',  ( 31.10000000000002274, -0.001000000000000024307, 2.298623679425836563 ) ) ;
#2155 = CARTESIAN_POINT ( 'NONE',  ( -53.20000000000000284, 14.10000000000001386, 6.749999999999950262 ) ) ;
#2156 = ADVANCED_FACE ( 'NONE', ( #10948 ), #9753, .T. ) ;
#2157 = DIRECTION ( 'NONE',  ( -0.000000000000000000, 1.000000000000000000, -0.000000000000000000 ) ) ;
#2158 = ADVANCED_FACE ( 'NONE', ( #7110 ), #10765, .F. ) ;
#2159 = CARTESIAN_POINT ( 'NONE',  ( 41.25000000000000000, 7.500000000000000000, 8.349999999999997868 ) ) ;
#2160 = EDGE_LOOP ( 'NONE', ( #10855, #793, #4472, #300, #3307, #4454 ) ) ;
#2161 = ORIENTED_EDGE ( 'NONE', *, *, #5425, .F. ) ;
#2162 = VECTOR ( 'NONE', #11422, 1000.000000000000000 ) ;
#2163 = CARTESIAN_POINT ( 'NONE',  ( -52.70000000000000284, 4.000000000000000000, -4.750000000000000000 ) ) ;
#2164 = CARTESIAN_POINT ( 'NONE',  ( -2.000000000000008882, 12.50000000000000000, 13.35000000000018971 ) ) ;
#2165 = CARTESIAN_POINT ( 'NONE',  ( 20.65000000000000213, 4.000000000000000000, 0.000000000000000000 ) ) ;
#2166 = EDGE_LOOP ( 'NONE', ( #2958, #7667, #1075, #1132 ) ) ;
#2167 = CARTESIAN_POINT ( 'NONE',  ( 29.89999999999998082, 0.2999999999999999889, -11.75000000000000178 ) ) ;
#2168 = EDGE_CURVE ( 'NONE', #1145, #967, #3553, .T. ) ;
#2169 = EDGE_CURVE ( 'NONE', #1949, #9298, #9385, .T. ) ;
#2170 = CARTESIAN_POINT ( 'NONE',  ( 47.49999999999999289, 10.50000000000000000, 14.75000000000000533 ) ) ;
#2171 = DIRECTION ( 'NONE',  ( -0.000000000000000000, 1.000000000000000000, 0.000000000000000000 ) ) ;
#2172 = DIRECTION ( 'NONE',  ( -1.000000000000000000, 0.000000000000000000, -0.000000000000000000 ) ) ;
#2173 = AXIS2_PLACEMENT_3D ( 'NONE', #10683, #863, #9959 ) ;
#2174 = CIRCLE ( 'NONE', #294, 9.000000000000008882 ) ;
#2175 = CARTESIAN_POINT ( 'NONE',  ( -52.45000000000001705, 6.599999999999997868, -2.924999999999972289 ) ) ;
#2176 = FACE_OUTER_BOUND ( 'NONE', #1919, .T. ) ;
#2177 = ORIENTED_EDGE ( 'NONE', *, *, #8640, .F. ) ;
#2178 = EDGE_LOOP ( 'NONE', ( #3794, #9921, #10325, #2469 ) ) ;
#2179 = PLANE ( 'NONE',  #2912 ) ;
#2180 = AXIS2_PLACEMENT_3D ( 'NONE', #8627, #4935, #2316 ) ;
#2181 = CARTESIAN_POINT ( 'NONE',  ( -52.33850472028380096, 7.686323968064008305, 4.211750111036913324 ) ) ;
#2182 = CARTESIAN_POINT ( 'NONE',  ( 43.25000000000000711, 0.5999999999999989786, -7.250000000000000000 ) ) ;
#2183 = ORIENTED_EDGE ( 'NONE', *, *, #7530, .T. ) ;
#2184 = CARTESIAN_POINT ( 'NONE',  ( -42.75000000000000000, 13.28431348329844219, 12.50000000000000000 ) ) ;
#2185 = DIRECTION ( 'NONE',  ( -0.4999999999999978906, 0.000000000000000000, 0.8660254037844398178 ) ) ;
#2186 = ORIENTED_EDGE ( 'NONE', *, *, #9109, .F. ) ;
#2187 = FACE_BOUND ( 'NONE', #5603, .T. ) ;
#2188 = CARTESIAN_POINT ( 'NONE',  ( -45.19999999999996021, 3.000000000000000000, 11.75000000000000711 ) ) ;
#2189 = CARTESIAN_POINT ( 'NONE',  ( -45.00000000000000711, 15.50000000000000000, -12.50000000000000000 ) ) ;
#2190 = CARTESIAN_POINT ( 'NONE',  ( 43.25000000000000711, 7.500000000000000000, -7.250000000000000888 ) ) ;
#2191 = EDGE_CURVE ( 'NONE', #2873, #11653, #3012, .T. ) ;
#2192 = VECTOR ( 'NONE', #8789, 1000.000000000000000 ) ;
#2193 = DIRECTION ( 'NONE',  ( 0.000000000000000000, 0.000000000000000000, 1.000000000000000000 ) ) ;
#2194 = ORIENTED_EDGE ( 'NONE', *, *, #6606, .F. ) ;
#2195 = ORIENTED_EDGE ( 'NONE', *, *, #4009, .F. ) ;
#2196 = ORIENTED_EDGE ( 'NONE', *, *, #8678, .F. ) ;
#2197 = ORIENTED_EDGE ( 'NONE', *, *, #10690, .T. ) ;
#2198 = DIRECTION ( 'NONE',  ( 0.000000000000000000, 0.000000000000000000, 1.000000000000000000 ) ) ;
#2199 = VERTEX_POINT ( 'NONE', #2063 ) ;
#2200 = CIRCLE ( 'NONE', #8860, 1.499999999999997780 ) ;
#2201 = VECTOR ( 'NONE', #5714, 1000.000000000000000 ) ;
#2202 = CYLINDRICAL_SURFACE ( 'NONE', #3335, 0.2500000000000002220 ) ;
#2203 = VERTEX_POINT ( 'NONE', #8368 ) ;
#2204 = DIRECTION ( 'NONE',  ( 1.000000000000000000, -0.000000000000000000, 0.000000000000000000 ) ) ;
#2205 = LINE ( 'NONE', #2322, #11372 ) ;
#2206 = CARTESIAN_POINT ( 'NONE',  ( -42.75000000000000000, 4.007420769103569924, 12.43439266236709173 ) ) ;
#2207 = DIRECTION ( 'NONE',  ( -0.000000000000000000, -1.000000000000000000, 0.000000000000000000 ) ) ;
#2208 = CYLINDRICAL_SURFACE ( 'NONE', #9243, 3.999999999999998224 ) ;
#2209 = EDGE_LOOP ( 'NONE', ( #6406, #6375, #2086, #845 ) ) ;
#2210 = EDGE_CURVE ( 'NONE', #9459, #5014, #11015, .T. ) ;
#2211 = AXIS2_PLACEMENT_3D ( 'NONE', #6459, #2060, #3845 ) ;
#2212 = CARTESIAN_POINT ( 'NONE',  ( -47.50000000000000711, 14.00000000000000000, 12.25000000000000178 ) ) ;
#2213 = AXIS2_PLACEMENT_3D ( 'NONE', #3136, #5926, #8504 ) ;
#2214 = EDGE_CURVE ( 'NONE', #3803, #8432, #9226, .T. ) ;
#2215 = DIRECTION ( 'NONE',  ( 0.000000000000000000, 0.000000000000000000, 1.000000000000000000 ) ) ;
#2216 = CARTESIAN_POINT ( 'NONE',  ( 26.08856210340541892, 0.000000000000000000, -6.129957559004394874 ) ) ;
#2217 = CARTESIAN_POINT ( 'NONE',  ( -42.76351675743852354, 3.236512183931156805, 8.968019483536787462 ) ) ;
#2218 = AXIS2_PLACEMENT_3D ( 'NONE', #8658, #7775, #3187 ) ;
#2219 = ORIENTED_EDGE ( 'NONE', *, *, #1881, .T. ) ;
#2220 = VERTEX_POINT ( 'NONE', #10336 ) ;
#2221 = AXIS2_PLACEMENT_3D ( 'NONE', #8366, #408, #2061 ) ;
#2222 = CARTESIAN_POINT ( 'NONE',  ( 38.34211819145301092, 0.000000000000000000, 0.9446363469600080887 ) ) ;
#2223 = FACE_OUTER_BOUND ( 'NONE', #7331, .T. ) ;
#2224 = EDGE_CURVE ( 'NONE', #538, #7446, #1242, .T. ) ;
#2225 = AXIS2_PLACEMENT_3D ( 'NONE', #4941, #10612, #6837 ) ;
#2226 = LINE ( 'NONE', #8593, #6723 ) ;
#2227 = EDGE_CURVE ( 'NONE', #2220, #4354, #2894, .T. ) ;
#2228 = VECTOR ( 'NONE', #3980, 1000.000000000000000 ) ;
#2229 = VERTEX_POINT ( 'NONE', #3849 ) ;
#2230 = TOROIDAL_SURFACE ( 'NONE', #1295, 5.199999999999988631, 0.2999999999999999889 ) ;
#2231 = CYLINDRICAL_SURFACE ( 'NONE', #11113, 4.450000000000004619 ) ;
#2232 = CARTESIAN_POINT ( 'NONE',  ( -52.20875532609002079, 6.854050044790974461, 3.880259791441615480 ) ) ;
#2233 = DIRECTION ( 'NONE',  ( 1.000000000000000000, -0.000000000000000000, -8.462065736472229849E-17 ) ) ;
#2234 = EDGE_LOOP ( 'NONE', ( #10405, #488, #11077, #2727 ) ) ;
#2235 = DIRECTION ( 'NONE',  ( -0.000000000000000000, 1.000000000000000000, 0.000000000000000000 ) ) ;
#2236 = DIRECTION ( 'NONE',  ( -0.006941393143631659213, -0.9999759082404063859, 0.000000000000000000 ) ) ;
#2237 = AXIS2_PLACEMENT_3D ( 'NONE', #5970, #590, #7709 ) ;
#2238 = VECTOR ( 'NONE', #1517, 1000.000000000000114 ) ;
#2239 = FACE_OUTER_BOUND ( 'NONE', #133, .T. ) ;
#2240 = EDGE_CURVE ( 'NONE', #1966, #8236, #5629, .T. ) ;
#2242 = EDGE_CURVE ( 'NONE', #5825, #6239, #4755, .T. ) ;
#2241 = AXIS2_PLACEMENT_3D ( 'NONE', #8399, #7322, #9239 ) ;
#2243 = CARTESIAN_POINT ( 'NONE',  ( 49.75000000000000000, 0.000000000000000000, 9.500000000000003553 ) ) ;
#2244 = EDGE_LOOP ( 'NONE', ( #9044, #9112, #9679, #11229 ) ) ;
#2245 = VERTEX_POINT ( 'NONE', #2004 ) ;
#2246 = LINE ( 'NONE', #5033, #8999 ) ;
#2247 = AXIS2_PLACEMENT_3D ( 'NONE', #9838, #7202, #11694 ) ;
#2248 = LINE ( 'NONE', #5803, #7511 ) ;
#2249 = ORIENTED_EDGE ( 'NONE', *, *, #6941, .F. ) ;
#2250 = CARTESIAN_POINT ( 'NONE',  ( -39.55000000000000426, 13.28431348329844219, 12.50000000000000000 ) ) ;
#2251 = CARTESIAN_POINT ( 'NONE',  ( -34.55000000000001137, 3.199999999999999734, -10.05000000000001137 ) ) ;
#2252 = ORIENTED_EDGE ( 'NONE', *, *, #8972, .F. ) ;
#2253 = DIRECTION ( 'NONE',  ( -3.154042683594192655E-16, 0.000000000000000000, -1.000000000000000000 ) ) ;
#2254 = ORIENTED_EDGE ( 'NONE', *, *, #2305, .T. ) ;
#2255 = DIRECTION ( 'NONE',  ( 0.8660254037844390407, 0.000000000000000000, 0.4999999999999995004 ) ) ;
#2256 = CARTESIAN_POINT ( 'NONE',  ( -51.95000000000000995, 9.216960195022350533, -3.819531250000046896 ) ) ;
#2257 = CARTESIAN_POINT ( 'NONE',  ( 47.49999999999999289, 7.500000000000000000, 9.500000000000000000 ) ) ;
#2258 = EDGE_LOOP ( 'NONE', ( #4777, #5095, #5653, #6260 ) ) ;
#2259 = ORIENTED_EDGE ( 'NONE', *, *, #1716, .F. ) ;
#2260 = VECTOR ( 'NONE', #2351, 1000.000000000000000 ) ;
#2261 = ORIENTED_EDGE ( 'NONE', *, *, #9131, .T. ) ;
#2262 = DIRECTION ( 'NONE',  ( 0.000000000000000000, 1.000000000000000000, -0.000000000000000000 ) ) ;
#2263 = FACE_OUTER_BOUND ( 'NONE', #10787, .T. ) ;
#2264 = FACE_OUTER_BOUND ( 'NONE', #4506, .T. ) ;
#2265 = VERTEX_POINT ( 'NONE', #4853 ) ;
#2266 = LINE ( 'NONE', #4939, #7055 ) ;
#2267 = CARTESIAN_POINT ( 'NONE',  ( -51.95000000000000995, 9.216960195022448232, 3.819531249999954081 ) ) ;
#2268 = DIRECTION ( 'NONE',  ( 1.000000000000000000, 0.000000000000000000, 0.000000000000000000 ) ) ;
#2269 = CYLINDRICAL_SURFACE ( 'NONE', #11554, 0.2500000000000002220 ) ;
#2270 = EDGE_LOOP ( 'NONE', ( #4817, #742, #984, #3181, #2646, #4110 ) ) ;
#2271 = CARTESIAN_POINT ( 'NONE',  ( -2.000000000000008882, 14.00000000000000000, 13.54999999999999716 ) ) ;
#2272 = CARTESIAN_POINT ( 'NONE',  ( -2.000000000000008882, 12.30000000000000071, 13.55000000000019078 ) ) ;
#2273 = LINE ( 'NONE', #11339, #2579 ) ;
#2274 = ADVANCED_FACE ( 'NONE', ( #4798 ), #129, .T. ) ;
#2275 = CARTESIAN_POINT ( 'NONE',  ( -44.39784729958450527, 3.783192223768752083, 8.961595170617307815 ) ) ;
#2276 = ORIENTED_EDGE ( 'NONE', *, *, #11095, .F. ) ;
#2277 = ORIENTED_EDGE ( 'NONE', *, *, #6010, .T. ) ;
#2278 = AXIS2_PLACEMENT_3D ( 'NONE', #1321, #428, #8685 ) ;
#2279 = EDGE_CURVE ( 'NONE', #9550, #10241, #5522, .T. ) ;
#2280 = LINE ( 'NONE', #5076, #9085 ) ;
#2281 = ORIENTED_EDGE ( 'NONE', *, *, #9307, .F. ) ;
#2282 = EDGE_CURVE ( 'NONE', #13, #1159, #3790, .T. ) ;
#2283 = LINE ( 'NONE', #8770, #2238 ) ;
#2284 = AXIS2_PLACEMENT_3D ( 'NONE', #11361, #5148, #8664 ) ;
#2285 = CARTESIAN_POINT ( 'NONE',  ( 20.65000000000000213, 5.500000000000000000, 10.25000000000000178 ) ) ;
#2286 = ORIENTED_EDGE ( 'NONE', *, *, #10458, .F. ) ;
#2287 = DIRECTION ( 'NONE',  ( 1.000000000000000000, 0.000000000000000000, 0.000000000000000000 ) ) ;
#2288 = EDGE_CURVE ( 'NONE', #10488, #9582, #9206, .T. ) ;
#2289 = ORIENTED_EDGE ( 'NONE', *, *, #10027, .F. ) ;
#2290 = DIRECTION ( 'NONE',  ( 0.000000000000000000, 0.000000000000000000, -1.000000000000000000 ) ) ;
#2291 = VERTEX_POINT ( 'NONE', #11122 ) ;
#2292 = FACE_OUTER_BOUND ( 'NONE', #5255, .T. ) ;
#2293 = EDGE_CURVE ( 'NONE', #9996, #11747, #2949, .T. ) ;
#2294 = DIRECTION ( 'NONE',  ( -1.000000000000000000, 0.000000000000000000, 0.000000000000000000 ) ) ;
#2295 = CARTESIAN_POINT ( 'NONE',  ( -42.15000000000000568, 4.015686516701556741, -12.50000000000000000 ) ) ;
#2296 = DIRECTION ( 'NONE',  ( -1.000000000000000000, 0.000000000000000000, -0.000000000000000000 ) ) ;
#2297 = EDGE_LOOP ( 'NONE', ( #5548, #9939, #7510, #10773 ) ) ;
#2298 = CARTESIAN_POINT ( 'NONE',  ( -42.15000000000000568, 11.29999999999999716, -14.25000000000000355 ) ) ;
#2299 = CARTESIAN_POINT ( 'NONE',  ( -52.33705536026329241, 8.008382070898356631, 4.224942567312476527 ) ) ;
#2300 = FACE_OUTER_BOUND ( 'NONE', #8737, .T. ) ;
#2301 = EDGE_CURVE ( 'NONE', #702, #6009, #5870, .T. ) ;
#2302 = ORIENTED_EDGE ( 'NONE', *, *, #6915, .F. ) ;
#2303 = DIRECTION ( 'NONE',  ( -0.000000000000000000, -1.000000000000000000, 0.000000000000000000 ) ) ;
#2304 = CARTESIAN_POINT ( 'NONE',  ( 0.000000000000000000, 14.00000000000000000, -13.25000000000000178 ) ) ;
#2305 = EDGE_CURVE ( 'NONE', #9495, #13, #5686, .T. ) ;
#2306 = CARTESIAN_POINT ( 'NONE',  ( -50.20000000000000995, 14.10000000000000497, -6.749999999999949374 ) ) ;
#2307 = EDGE_CURVE ( 'NONE', #9280, #3806, #295, .T. ) ;
#2308 = AXIS2_PLACEMENT_3D ( 'NONE', #6939, #10597, #5814 ) ;
#2309 = VERTEX_POINT ( 'NONE', #11243 ) ;
#2310 = CARTESIAN_POINT ( 'NONE',  ( -45.19999999999994600, 16.50000000000000000, 13.55000000000000604 ) ) ;
#2311 = DIRECTION ( 'NONE',  ( 1.000000000000000000, -0.000000000000000000, 0.000000000000000000 ) ) ;
#2312 = DIRECTION ( 'NONE',  ( 0.000000000000000000, 1.000000000000000000, -0.000000000000000000 ) ) ;
#2313 = ORIENTED_EDGE ( 'NONE', *, *, #1522, .F. ) ;
#2314 = AXIS2_PLACEMENT_3D ( 'NONE', #4048, #3155, #8397 ) ;
#2315 = ORIENTED_EDGE ( 'NONE', *, *, #11182, .T. ) ;
#2316 = DIRECTION ( 'NONE',  ( 0.000000000000000000, -0.8344462197396825820, -0.5510893814637994881 ) ) ;
#2317 = DIRECTION ( 'NONE',  ( 1.927470528863116978E-15, 0.000000000000000000, 1.000000000000000000 ) ) ;
#2318 = CARTESIAN_POINT ( 'NONE',  ( -50.25000000000000711, 8.311089541243193324, -4.316635552329358028 ) ) ;
#2319 = ORIENTED_EDGE ( 'NONE', *, *, #7754, .F. ) ;
#2320 = DIRECTION ( 'NONE',  ( -1.000000000000000000, 0.000000000000000000, 0.000000000000000000 ) ) ;
#2321 = ADVANCED_FACE ( 'NONE', ( #6685 ), #1303, .F. ) ;
#2322 = CARTESIAN_POINT ( 'NONE',  ( 50.24999999999999289, 10.80000000000000071, 3.299999999999999378 ) ) ;
#2323 = LINE ( 'NONE', #3215, #7539 ) ;
#2324 = VECTOR ( 'NONE', #11153, 1000.000000000000000 ) ;
#2325 = DIRECTION ( 'NONE',  ( 0.000000000000000000, 0.000000000000000000, 1.000000000000000000 ) ) ;
#2326 = ORIENTED_EDGE ( 'NONE', *, *, #9271, .F. ) ;
#2327 = CARTESIAN_POINT ( 'NONE',  ( -8.958845726811304644, 12.30000000000000071, -13.55000000000019256 ) ) ;
#2328 = DIRECTION ( 'NONE',  ( 0.000000000000000000, 1.000000000000000000, 0.000000000000000000 ) ) ;
#2329 = DIRECTION ( 'NONE',  ( 0.000000000000000000, 0.000000000000000000, -1.000000000000000000 ) ) ;
#2330 = EDGE_LOOP ( 'NONE', ( #9547, #8797, #10661, #9182, #1274, #8708 ) ) ;
#2331 = DIRECTION ( 'NONE',  ( -0.000000000000000000, 1.000000000000000000, -0.000000000000000000 ) ) ;
#2332 = CARTESIAN_POINT ( 'NONE',  ( -42.35139740797688290, 3.110860675435381140, 8.955151217622352888 ) ) ;
#2333 = ORIENTED_EDGE ( 'NONE', *, *, #4038, .T. ) ;
#2334 = DIRECTION ( 'NONE',  ( 0.8660254037843672092, 0.000000000000000000, 0.5000000000001236788 ) ) ;
#2335 = LINE ( 'NONE', #6913, #4142 ) ;
#2336 = DIRECTION ( 'NONE',  ( 0.000000000000000000, 0.000000000000000000, 1.000000000000000000 ) ) ;
#2337 = EDGE_CURVE ( 'NONE', #7577, #10036, #7710, .T. ) ;
#2338 = ORIENTED_EDGE ( 'NONE', *, *, #6119, .F. ) ;
#2339 = ADVANCED_FACE ( 'NONE', ( #4016 ), #8730, .T. ) ;
#2340 = DIRECTION ( 'NONE',  ( -0.000000000000000000, -0.000000000000000000, -1.000000000000000000 ) ) ;
#2341 = AXIS2_PLACEMENT_3D ( 'NONE', #5364, #244, #9276 ) ;
#2342 = EDGE_LOOP ( 'NONE', ( #2938, #6899, #382, #2281 ) ) ;
#2343 = DIRECTION ( 'NONE',  ( 0.000000000000000000, 0.000000000000000000, -1.000000000000000000 ) ) ;
#2344 = VECTOR ( 'NONE', #4698, 1000.000000000000000 ) ;
#2345 = ORIENTED_EDGE ( 'NONE', *, *, #4106, .F. ) ;
#2346 = CARTESIAN_POINT ( 'NONE',  ( 25.31802043089036403, 0.1300423822510700933, -5.245814107907268209 ) ) ;
#2347 = CARTESIAN_POINT ( 'NONE',  ( -2.000000000000008882, 12.50000000000000000, 13.54999999999999716 ) ) ;
#2348 = CARTESIAN_POINT ( 'NONE',  ( -44.91261057840650039, 4.009882487094580839, 8.545055428351828297 ) ) ;
#2349 = AXIS2_PLACEMENT_3D ( 'NONE', #7705, #10452, #2287 ) ;
#2350 = ADVANCED_FACE ( 'NONE', ( #2239 ), #1579, .T. ) ;
#2351 = DIRECTION ( 'NONE',  ( -0.000000000000000000, 1.000000000000000000, 0.000000000000000000 ) ) ;
#2352 = ORIENTED_EDGE ( 'NONE', *, *, #5219, .F. ) ;
#2353 = EDGE_CURVE ( 'NONE', #11747, #1145, #7411, .T. ) ;
#2354 = DIRECTION ( 'NONE',  ( -4.231032868236115418E-16, 0.000000000000000000, -1.000000000000000000 ) ) ;
#2355 = EDGE_LOOP ( 'NONE', ( #191, #9311, #8228, #6365, #6782, #6752, #1998, #9151, #6749, #213, #8190, #8038, #7108, #3891 ) ) ;
#2356 = CARTESIAN_POINT ( 'NONE',  ( -14.05000000000000782, 7.500000000000000000, 0.000000000000000000 ) ) ;
#2357 = VERTEX_POINT ( 'NONE', #3246 ) ;
#2358 = CARTESIAN_POINT ( 'NONE',  ( -50.62018136953446401, 13.77550016404837940, 6.750000000000002665 ) ) ;
#2359 = FACE_OUTER_BOUND ( 'NONE', #3543, .T. ) ;
#2360 = AXIS2_PLACEMENT_3D ( 'NONE', #9767, #7983, #2445 ) ;
#2361 = CARTESIAN_POINT ( 'NONE',  ( 20.65000000000000213, 0.5999999999999999778, -76.06160882753884778 ) ) ;
#2362 = ORIENTED_EDGE ( 'NONE', *, *, #4779, .F. ) ;
#2363 = CARTESIAN_POINT ( 'NONE',  ( -34.95000000000000284, 11.29999999999999716, 14.25000000000000355 ) ) ;
#2364 = DIRECTION ( 'NONE',  ( 0.000000000000000000, 0.000000000000000000, 1.000000000000000000 ) ) ;
#2365 = EDGE_CURVE ( 'NONE', #3761, #5766, #4192, .T. ) ;
#2366 = CIRCLE ( 'NONE', #7104, 2.000000000000001776 ) ;
#2367 = CARTESIAN_POINT ( 'NONE',  ( 45.25000000000000711, 5.500000000000000000, -12.25000000000000000 ) ) ;
#2368 = VECTOR ( 'NONE', #1263, 1000.000000000000000 ) ;
#2369 = EDGE_CURVE ( 'NONE', #659, #11683, #6078, .T. ) ;
#2370 = LINE ( 'NONE', #7851, #1613 ) ;
#2371 = DIRECTION ( 'NONE',  ( 0.000000000000000000, 1.000000000000000000, -0.000000000000000000 ) ) ;
#2372 = CARTESIAN_POINT ( 'NONE',  ( -45.00000000000000711, 13.29999999999999893, 12.25000000000000000 ) ) ;
#2373 = ORIENTED_EDGE ( 'NONE', *, *, #4487, .T. ) ;
#2374 = CARTESIAN_POINT ( 'NONE',  ( -52.00000000000002132, 15.50000000000000000, 6.749999999999946709 ) ) ;
#2375 = AXIS2_PLACEMENT_3D ( 'NONE', #2908, #2971, #5588 ) ;
#2376 = CARTESIAN_POINT ( 'NONE',  ( 35.06143789659456189, 0.000000000000000000, -5.350534695598437196 ) ) ;
#2377 = AXIS2_PLACEMENT_3D ( 'NONE', #3889, #2103, #8295 ) ;
#2378 = CARTESIAN_POINT ( 'NONE',  ( 27.35407900780696266, 0.3000000000000003220, -11.64943218064429509 ) ) ;
#2379 = VERTEX_POINT ( 'NONE', #6810 ) ;
#2380 = EDGE_CURVE ( 'NONE', #11722, #2980, #10076, .T. ) ;
#2381 = CARTESIAN_POINT ( 'NONE',  ( -52.26626415635273304, 7.087819974970423154, -3.963311410493648435 ) ) ;
#2382 = EDGE_CURVE ( 'NONE', #11665, #9210, #10578, .T. ) ;
#2383 = ORIENTED_EDGE ( 'NONE', *, *, #7210, .F. ) ;
#2384 = AXIS2_PLACEMENT_3D ( 'NONE', #7382, #976, #10915 ) ;
#2385 = DIRECTION ( 'NONE',  ( 0.000000000000000000, 0.000000000000000000, -1.000000000000000000 ) ) ;
#2386 = ORIENTED_EDGE ( 'NONE', *, *, #3904, .F. ) ;
#2387 = CARTESIAN_POINT ( 'NONE',  ( -44.68543289102088067, 3.882420473789786719, 8.950000000000079226 ) ) ;
#2388 = CARTESIAN_POINT ( 'NONE',  ( -34.55000000000001137, 7.500000000000000000, 12.25000000000000178 ) ) ;
#2389 = VERTEX_POINT ( 'NONE', #10459 ) ;
#2390 = ORIENTED_EDGE ( 'NONE', *, *, #7740, .F. ) ;
#2391 = CARTESIAN_POINT ( 'NONE',  ( -20.00000000000000355, 10.50000000000000000, -12.25000000000000178 ) ) ;
#2392 = ORIENTED_EDGE ( 'NONE', *, *, #9065, .F. ) ;
#2393 = CIRCLE ( 'NONE', #1276, 0.8500000000000000888 ) ;
#2394 = AXIS2_PLACEMENT_3D ( 'NONE', #8919, #3315, #6162 ) ;
#2395 = VECTOR ( 'NONE', #5286, 1000.000000000000000 ) ;
#2396 = DIRECTION ( 'NONE',  ( 0.000000000000000000, 0.000000000000000000, -1.000000000000000000 ) ) ;
#2397 = CARTESIAN_POINT ( 'NONE',  ( -34.55000000000001137, 4.000000000000000000, 0.000000000000000000 ) ) ;
#2398 = B_SPLINE_CURVE_WITH_KNOTS ( 'NONE', 3,
 ( #9432, #3108, #6727, #5315, #3452, #6906 ),
 .UNSPECIFIED., .F., .F.,
 ( 4, 2, 4 ),
 ( 0.000000000000000000, 0.0001955798652618910864, 0.0003911597305237821728 ),
 .UNSPECIFIED. ) ;
#2399 = DIRECTION ( 'NONE',  ( 1.000000000000000000, -0.000000000000000000, -0.000000000000000000 ) ) ;
#2400 = CARTESIAN_POINT ( 'NONE',  ( -51.25000000000001421, 14.00000000000000000, -9.499999999999976907 ) ) ;
#2401 = VECTOR ( 'NONE', #9314, 1000.000000000000000 ) ;
#2402 = VECTOR ( 'NONE', #8728, 1000.000000000000000 ) ;
#2403 = DIRECTION ( 'NONE',  ( 0.000000000000000000, 1.000000000000000000, 0.000000000000000000 ) ) ;
#2404 = ORIENTED_EDGE ( 'NONE', *, *, #8748, .T. ) ;
#2405 = PLANE ( 'NONE',  #10786 ) ;
#2406 = CYLINDRICAL_SURFACE ( 'NONE', #1105, 0.7999999999999994893 ) ;
#2407 = LINE ( 'NONE', #641, #2660 ) ;
#2408 = EDGE_CURVE ( 'NONE', #3577, #6510, #7153, .T. ) ;
#2409 = VECTOR ( 'NONE', #6050, 1000.000000000000000 ) ;
#2410 = AXIS2_PLACEMENT_3D ( 'NONE', #2640, #10871, #2698 ) ;
#2411 = ORIENTED_EDGE ( 'NONE', *, *, #296, .F. ) ;
#2412 = CARTESIAN_POINT ( 'NONE',  ( 31.05096152549730704, 0.1300423822510697602, 2.255729192126846971 ) ) ;
#2413 = ORIENTED_EDGE ( 'NONE', *, *, #2870, .T. ) ;
#2414 = ORIENTED_EDGE ( 'NONE', *, *, #2369, .F. ) ;
#2415 = LINE ( 'NONE', #5919, #2523 ) ;
#2416 = ORIENTED_EDGE ( 'NONE', *, *, #3085, .T. ) ;
#2417 = VERTEX_POINT ( 'NONE', #7779 ) ;
#2418 = CARTESIAN_POINT ( 'NONE',  ( -36.95000000000000284, 2.658044035770915267E-15, -14.25000000000000533 ) ) ;
#2419 = AXIS2_PLACEMENT_3D ( 'NONE', #10814, #11644, #3359 ) ;
#2420 = VECTOR ( 'NONE', #5134, 1000.000000000000000 ) ;
#2421 = CIRCLE ( 'NONE', #10394, 9.000000000000008882 ) ;
#2422 = PLANE ( 'NONE',  #4306 ) ;
#2423 = VERTEX_POINT ( 'NONE', #7646 ) ;
#2424 = LINE ( 'NONE', #2361, #2409 ) ;
#2425 = EDGE_CURVE ( 'NONE', #4370, #1651, #11292, .T. ) ;
#2426 = LINE ( 'NONE', #710, #4649 ) ;
#2427 = EDGE_CURVE ( 'NONE', #9904, #3806, #9509, .T. ) ;
#2428 = VECTOR ( 'NONE', #1112, 1000.000000000000000 ) ;
#2429 = DIRECTION ( 'NONE',  ( 0.000000000000000000, 0.000000000000000000, 1.000000000000000000 ) ) ;
#2430 = ORIENTED_EDGE ( 'NONE', *, *, #6457, .T. ) ;
#2431 = CARTESIAN_POINT ( 'NONE',  ( -52.23135835191838794, 6.627883055180108229, 3.593343174115807503 ) ) ;
#2432 = ORIENTED_EDGE ( 'NONE', *, *, #2125, .T. ) ;
#2433 = CARTESIAN_POINT ( 'NONE',  ( -42.63080735386675713, 13.30034953508066309, 12.27717671750640704 ) ) ;
#2434 = ORIENTED_EDGE ( 'NONE', *, *, #9033, .F. ) ;
#2435 = CARTESIAN_POINT ( 'NONE',  ( 0.000000000000000000, 12.30000000000000071, -14.75000000000000355 ) ) ;
#2436 = EDGE_CURVE ( 'NONE', #4645, #9643, #2407, .T. ) ;
#2437 = LINE ( 'NONE', #7806, #11367 ) ;
#2438 = CARTESIAN_POINT ( 'NONE',  ( -52.20476272510933313, 7.787086545674950955, -4.275096801038977823 ) ) ;
#2439 = EDGE_CURVE ( 'NONE', #10136, #4312, #5914, .T. ) ;
#2440 = DIRECTION ( 'NONE',  ( 9.856182124392324236E-16, 0.000000000000000000, 1.000000000000000000 ) ) ;
#2441 = ORIENTED_EDGE ( 'NONE', *, *, #1831, .T. ) ;
#2442 = CARTESIAN_POINT ( 'NONE',  ( 0.000000000000000000, 12.50000000000000000, 0.000000000000000000 ) ) ;
#2443 = B_SPLINE_CURVE_WITH_KNOTS ( 'NONE', 3,
 ( #40, #3635, #2146, #11216, #8694, #9537, #3990, #9476 ),
 .UNSPECIFIED., .F., .F.,
 ( 4, 2, 2, 4 ),
 ( -3.466145320679872493E-06, 0.0002882777914485996689, 0.0004341497598332395608, 0.0005800217282178794526 ),
 .UNSPECIFIED. ) ;
#2444 = EDGE_LOOP ( 'NONE', ( #819, #7696, #4233, #4283, #10971, #4211 ) ) ;
#2445 = DIRECTION ( 'NONE',  ( 0.000000000000000000, 0.8344462197396376180, -0.5510893814638677668 ) ) ;
#2446 = ORIENTED_EDGE ( 'NONE', *, *, #5872, .F. ) ;
#2447 = LINE ( 'NONE', #794, #4678 ) ;
#2448 = EDGE_CURVE ( 'NONE', #2379, #11654, #7889, .T. ) ;
#2449 = LINE ( 'NONE', #4418, #2799 ) ;
#2450 = ORIENTED_EDGE ( 'NONE', *, *, #10160, .T. ) ;
#2451 = ADVANCED_FACE ( 'NONE', ( #3126 ), #8550, .T. ) ;
#2452 = DIRECTION ( 'NONE',  ( 0.000000000000000000, -1.000000000000000000, 0.000000000000000000 ) ) ;
#2453 = LINE ( 'NONE', #3583, #11485 ) ;
#2454 = EDGE_CURVE ( 'NONE', #9538, #3269, #1638, .T. ) ;
#2455 = DIRECTION ( 'NONE',  ( -1.000000000000000000, 0.000000000000000000, 9.856182124392361707E-16 ) ) ;
#2456 = CARTESIAN_POINT ( 'NONE',  ( 35.06143789659456189, 0.000000000000000000, -5.350534695598437196 ) ) ;
#2457 = EDGE_LOOP ( 'NONE', ( #9669, #7001, #5710, #3257, #570 ) ) ;
#2458 = CARTESIAN_POINT ( 'NONE',  ( 39.08172798364529399, -1.697056274847719815, 5.581727983645293101 ) ) ;
#2459 = B_SPLINE_CURVE_WITH_KNOTS ( 'NONE', 3,
 ( #2256, #314, #4873, #11314, #11259, #11378, #10419, #3029 ),
 .UNSPECIFIED., .F., .F.,
 ( 4, 2, 2, 4 ),
 ( 0.000000000000000000, 0.0007309556039258875270, 0.001096433405888832049, 0.001461911207851776355 ),
 .UNSPECIFIED. ) ;
#2460 = CARTESIAN_POINT ( 'NONE',  ( 30.35000000000000142, 0.2999999999999999889, -3.150000000000002576 ) ) ;
#2461 = VERTEX_POINT ( 'NONE', #9012 ) ;
#2462 = CARTESIAN_POINT ( 'NONE',  ( 25.55068545307674910, 1.717782817031720890E-15, -5.322846332894787480 ) ) ;
#2463 = DIRECTION ( 'NONE',  ( 0.000000000000000000, 0.000000000000000000, 1.000000000000000000 ) ) ;
#2464 = CARTESIAN_POINT ( 'NONE',  ( -53.20000000000000284, 6.599999999999997868, -2.924999999999972289 ) ) ;
#2465 = LINE ( 'NONE', #3301, #10211 ) ;
#2466 = ORIENTED_EDGE ( 'NONE', *, *, #1377, .T. ) ;
#2467 = DIRECTION ( 'NONE',  ( -0.000000000000000000, -1.000000000000000000, -0.000000000000000000 ) ) ;
#2468 = VERTEX_POINT ( 'NONE', #10934 ) ;
#2469 = ORIENTED_EDGE ( 'NONE', *, *, #6995, .T. ) ;
#2470 = CARTESIAN_POINT ( 'NONE',  ( -47.50000000000000711, 7.500000000000000000, 6.750000000000000000 ) ) ;
#2471 = DIRECTION ( 'NONE',  ( 0.000000000000000000, -0.000000000000000000, 1.000000000000000000 ) ) ;
#2472 = ORIENTED_EDGE ( 'NONE', *, *, #3536, .T. ) ;
#2473 = DIRECTION ( 'NONE',  ( -0.000000000000000000, -1.000000000000000000, 0.000000000000000000 ) ) ;
#2474 = ORIENTED_EDGE ( 'NONE', *, *, #6412, .F. ) ;
#2475 = CARTESIAN_POINT ( 'NONE',  ( -40.15000000000000568, 4.007420769103569924, 12.43439266236709173 ) ) ;
#2476 = DIRECTION ( 'NONE',  ( -1.000000000000000000, 0.000000000000000000, 0.000000000000000000 ) ) ;
#2477 = ORIENTED_EDGE ( 'NONE', *, *, #57, .F. ) ;
#2478 = EDGE_CURVE ( 'NONE', #8404, #1949, #8183, .T. ) ;
#2479 = VERTEX_POINT ( 'NONE', #6324 ) ;
#2480 = EDGE_CURVE ( 'NONE', #823, #10288, #8762, .T. ) ;
#2481 = CYLINDRICAL_SURFACE ( 'NONE', #8077, 1.499999999999997780 ) ;
#2482 = VERTEX_POINT ( 'NONE', #8 ) ;
#2483 = CARTESIAN_POINT ( 'NONE',  ( -52.20454750418963386, 8.021679223836299499, -4.275074528580222299 ) ) ;
#2484 = EDGE_CURVE ( 'NONE', #5314, #3490, #10294, .T. ) ;
#2485 = CARTESIAN_POINT ( 'NONE',  ( -50.25000000000000711, 15.50000000000000000, 9.499999999999980460 ) ) ;
#2486 = CARTESIAN_POINT ( 'NONE',  ( -50.25000000000000711, 13.79999999999999893, -4.750000000000000000 ) ) ;
#2487 = DIRECTION ( 'NONE',  ( -1.000000000000000000, 0.000000000000000000, 0.000000000000000000 ) ) ;
#2488 = ORIENTED_EDGE ( 'NONE', *, *, #373, .T. ) ;
#2489 = AXIS2_PLACEMENT_3D ( 'NONE', #5519, #10228, #9146 ) ;
#2490 = CARTESIAN_POINT ( 'NONE',  ( -52.26167638289442152, 7.684263641027914815, -4.211455303391322680 ) ) ;
#2491 = EDGE_CURVE ( 'NONE', #7838, #2461, #1721, .T. ) ;
#2492 = EDGE_CURVE ( 'NONE', #4550, #3369, #2583, .T. ) ;
#2493 = DIRECTION ( 'NONE',  ( 0.000000000000000000, 0.000000000000000000, 1.000000000000000000 ) ) ;
#2494 = ORIENTED_EDGE ( 'NONE', *, *, #8329, .T. ) ;
#2495 = LINE ( 'NONE', #1788, #9244 ) ;
#2496 = EDGE_LOOP ( 'NONE', ( #2586, #563, #11333, #4460, #777, #6422 ) ) ;
#2497 = CARTESIAN_POINT ( 'NONE',  ( 0.000000000000000000, 10.50000000000000000, -4.000000000000000000 ) ) ;
#2498 = AXIS2_PLACEMENT_3D ( 'NONE', #2611, #10959, #8980 ) ;
#2499 = CARTESIAN_POINT ( 'NONE',  ( 38.07508438243869620, 1.919164900241430204E-15, 1.907147389567271922 ) ) ;
#2500 = CARTESIAN_POINT ( 'NONE',  ( -42.15000000000000568, 6.000000000000000000, 14.25000000000000355 ) ) ;
#2501 = CARTESIAN_POINT ( 'NONE',  ( -25.50000000000001066, 10.50000000000000000, -12.25000000000000178 ) ) ;
#2502 = ORIENTED_EDGE ( 'NONE', *, *, #2859, .T. ) ;
#2503 = DIRECTION ( 'NONE',  ( 1.156482317317871725E-15, 0.000000000000000000, 1.000000000000000000 ) ) ;
#2504 = DIRECTION ( 'NONE',  ( 0.000000000000000000, 0.000000000000000000, 1.000000000000000000 ) ) ;
#2505 = ORIENTED_EDGE ( 'NONE', *, *, #2033, .F. ) ;
#2506 = ORIENTED_EDGE ( 'NONE', *, *, #4266, .T. ) ;
#2507 = EDGE_CURVE ( 'NONE', #7393, #2220, #1354, .T. ) ;
#2508 = AXIS2_PLACEMENT_3D ( 'NONE', #8841, #7156, #1034 ) ;
#2509 = ORIENTED_EDGE ( 'NONE', *, *, #9186, .T. ) ;
#2510 = ORIENTED_EDGE ( 'NONE', *, *, #11417, .F. ) ;
#2511 = EDGE_CURVE ( 'NONE', #10288, #6545, #7273, .T. ) ;
#2512 = DIRECTION ( 'NONE',  ( 0.000000000000000000, 0.000000000000000000, 1.000000000000000000 ) ) ;
#2513 = ORIENTED_EDGE ( 'NONE', *, *, #7515, .T. ) ;
#2514 = CARTESIAN_POINT ( 'NONE',  ( -44.93386832212548399, 13.30000000000000071, -12.24999999999999467 ) ) ;
#2515 = CARTESIAN_POINT ( 'NONE',  ( 0.000000000000000000, 4.000000000000000000, -12.25000000000000000 ) ) ;
#2516 = CARTESIAN_POINT ( 'NONE',  ( -52.27563198490999241, 8.991884724233194959, 3.630658523920715197 ) ) ;
#2517 = FACE_OUTER_BOUND ( 'NONE', #2836, .T. ) ;
#2518 = CIRCLE ( 'NONE', #2900, 1.900000000000000577 ) ;
#2519 = CARTESIAN_POINT ( 'NONE',  ( 23.85000000000000142, 4.999999999999999112, -12.25000000000000178 ) ) ;
#2520 = EDGE_CURVE ( 'NONE', #3490, #8420, #3241, .T. ) ;
#2521 = DIRECTION ( 'NONE',  ( 0.000000000000000000, 1.000000000000000000, -0.000000000000000000 ) ) ;
#2522 = ORIENTED_EDGE ( 'NONE', *, *, #9561, .T. ) ;
#2523 = VECTOR ( 'NONE', #6042, 1000.000000000000000 ) ;
#2524 = EDGE_CURVE ( 'NONE', #10371, #10962, #3624, .T. ) ;
#2525 = DIRECTION ( 'NONE',  ( -1.000000000000000000, 0.000000000000000000, 0.000000000000000000 ) ) ;
#2526 = VERTEX_POINT ( 'NONE', #6388 ) ;
#2527 = VERTEX_POINT ( 'NONE', #938 ) ;
#2528 = CARTESIAN_POINT ( 'NONE',  ( 35.42951162706818025, 0.2077789836488295183, -1.070349625080225575 ) ) ;
#2529 = CARTESIAN_POINT ( 'NONE',  ( 2.099999999999991207, 14.00000000000000000, -12.35000000000018971 ) ) ;
#2530 = PLANE ( 'NONE',  #2606 ) ;
#2531 = VECTOR ( 'NONE', #10573, 1000.000000000000000 ) ;
#2532 = DIRECTION ( 'NONE',  ( 0.000000000000000000, 1.000000000000000000, -0.000000000000000000 ) ) ;
#2533 = VECTOR ( 'NONE', #3192, 1000.000000000000000 ) ;
#2534 = VECTOR ( 'NONE', #11257, 1000.000000000000000 ) ;
#2535 = EDGE_LOOP ( 'NONE', ( #4005, #10852, #6481, #3668 ) ) ;
#2536 = CARTESIAN_POINT ( 'NONE',  ( -34.70000000000000284, 13.29999999999999893, 12.25000000000000178 ) ) ;
#2537 = ORIENTED_EDGE ( 'NONE', *, *, #5909, .F. ) ;
#2538 = ORIENTED_EDGE ( 'NONE', *, *, #10596, .F. ) ;
#2539 = VECTOR ( 'NONE', #4183, 1000.000000000000000 ) ;
#2540 = CARTESIAN_POINT ( 'NONE',  ( 20.65000000000000213, 7.500000000000000000, 8.349999999999997868 ) ) ;
#2541 = EDGE_LOOP ( 'NONE', ( #10565, #11688, #7097, #2008 ) ) ;
#2542 = CARTESIAN_POINT ( 'NONE',  ( -51.99275608861707809, 7.420029344711822183, -4.292343692618030282 ) ) ;
#2543 = CARTESIAN_POINT ( 'NONE',  ( -47.50000000000000711, 2.499999999999999556, -10.35000000000000142 ) ) ;
#2544 = DIRECTION ( 'NONE',  ( -1.000000000000000000, 0.000000000000000000, -1.380801687650050777E-15 ) ) ;
#2545 = CARTESIAN_POINT ( 'NONE',  ( -52.20411103711290224, 7.340642914912528738, -4.172018366709750126 ) ) ;
#2546 = CARTESIAN_POINT ( 'NONE',  ( -52.38357425900494491, 8.856441691692948481, 3.811901127391626787 ) ) ;
#2547 = AXIS2_PLACEMENT_3D ( 'NONE', #5847, #458, #10448 ) ;
#2548 = VECTOR ( 'NONE', #4833, 1000.000000000000000 ) ;
#2549 = CARTESIAN_POINT ( 'NONE',  ( -52.45000000000000995, 6.402631723476096326, -3.013815789473690554 ) ) ;
#2550 = ORIENTED_EDGE ( 'NONE', *, *, #9937, .F. ) ;
#2551 = ADVANCED_FACE ( 'NONE', ( #3418 ), #5270, .T. ) ;
#2552 = DIRECTION ( 'NONE',  ( 0.000000000000000000, 0.000000000000000000, -1.000000000000000000 ) ) ;
#2553 = CARTESIAN_POINT ( 'NONE',  ( -50.25000000000000000, 11.34999999999999964, -4.750000000000000000 ) ) ;
#2554 = VERTEX_POINT ( 'NONE', #7160 ) ;
#2555 = VECTOR ( 'NONE', #10007, 1000.000000000000000 ) ;
#2556 = DIRECTION ( 'NONE',  ( -0.000000000000000000, -1.000000000000000000, 0.000000000000000000 ) ) ;
#2557 = ORIENTED_EDGE ( 'NONE', *, *, #9184, .F. ) ;
#2558 = CARTESIAN_POINT ( 'NONE',  ( 29.76628593230655540, 0.08462679370934458878, -12.36484828422359783 ) ) ;
#2559 = PRODUCT_DEFINITION_SHAPE ( 'NONE', 'NONE',  #10205 ) ;
#2560 = VECTOR ( 'NONE', #10283, 1000.000000000000000 ) ;
#2561 = LINE ( 'NONE', #1563, #1890 ) ;
#2562 = CARTESIAN_POINT ( 'NONE',  ( -52.15661494277453869, 6.583039804977536491, 3.819531249999947420 ) ) ;
#2563 = EDGE_CURVE ( 'NONE', #2291, #6351, #7038, .T. ) ;
#2564 = DIRECTION ( 'NONE',  ( 0.000000000000000000, -1.000000000000000000, -1.865294060190115224E-16 ) ) ;
#2565 = ORIENTED_EDGE ( 'NONE', *, *, #8774, .T. ) ;
#2566 = ORIENTED_EDGE ( 'NONE', *, *, #1629, .F. ) ;
#2567 = EDGE_CURVE ( 'NONE', #7774, #9755, #11646, .T. ) ;
#2568 = CARTESIAN_POINT ( 'NONE',  ( -8.947521086617219380E-16, 4.000000000000000000, 12.25000000000000355 ) ) ;
#2569 = VECTOR ( 'NONE', #11735, 1000.000000000000000 ) ;
#2570 = CARTESIAN_POINT ( 'NONE',  ( -50.75000000000000711, 4.147235497605447740, 4.750000000000000888 ) ) ;
#2571 = ORIENTED_EDGE ( 'NONE', *, *, #2439, .T. ) ;
#2572 = EDGE_LOOP ( 'NONE', ( #6860, #6834, #6427, #10627 ) ) ;
#2573 = EDGE_LOOP ( 'NONE', ( #6326, #156, #2782, #3796 ) ) ;
#2574 = DIRECTION ( 'NONE',  ( 0.000000000000000000, 0.000000000000000000, 1.000000000000000000 ) ) ;
#2575 = B_SPLINE_CURVE_WITH_KNOTS ( 'NONE', 3,
 ( #1325, #3384, #661, #9813, #2431, #8977 ),
 .UNSPECIFIED., .F., .F.,
 ( 4, 2, 4 ),
 ( 0.000000000000000000, 0.0003763378220701173540, 0.0007526756441402347080 ),
 .UNSPECIFIED. ) ;
#2576 = LINE ( 'NONE', #10521, #1257 ) ;
#2577 = CARTESIAN_POINT ( 'NONE',  ( 34.65070767211648928, 0.02221222609488788385, -6.311037525683437899 ) ) ;
#2578 = LINE ( 'NONE', #4203, #6579 ) ;
#2579 = VECTOR ( 'NONE', #5952, 1000.000000000000000 ) ;
#2580 = CARTESIAN_POINT ( 'NONE',  ( 30.35000000000000142, -0.001000000000000024307, -3.150000000000002576 ) ) ;
#2581 = FACE_OUTER_BOUND ( 'NONE', #5670, .T. ) ;
#2582 = EDGE_CURVE ( 'NONE', #8282, #1360, #9910, .T. ) ;
#2583 = LINE ( 'NONE', #7949, #4582 ) ;
#2584 = EDGE_CURVE ( 'NONE', #11699, #330, #4380, .T. ) ;
#2585 = DIRECTION ( 'NONE',  ( -0.09864855753151420548, -0.5484013522089645765, 0.8303760708211254116 ) ) ;
#2586 = ORIENTED_EDGE ( 'NONE', *, *, #11470, .F. ) ;
#2587 = CARTESIAN_POINT ( 'NONE',  ( 31.10000000000002274, 0.2999999999999998779, 2.298623679425836563 ) ) ;
#2588 = EDGE_LOOP ( 'NONE', ( #3811, #4761, #7243, #3194 ) ) ;
#2589 = AXIS2_PLACEMENT_3D ( 'NONE', #3674, #2904, #1073 ) ;
#2590 = CARTESIAN_POINT ( 'NONE',  ( -47.50000000000000711, 14.00000000000000000, -9.500000000000001776 ) ) ;
#2591 = B_SPLINE_CURVE_WITH_KNOTS ( 'NONE', 3,
 ( #611, #11558, #4287, #8755 ),
 .UNSPECIFIED., .F., .F.,
 ( 4, 4 ),
 ( 6.992893892674702526E-18, 9.966493293853318267E-06 ),
 .UNSPECIFIED. ) ;
#2592 = ORIENTED_EDGE ( 'NONE', *, *, #11759, .F. ) ;
#2593 = CARTESIAN_POINT ( 'NONE',  ( -7.849999999999971223, 10.50000000000000000, -14.19019237886469220 ) ) ;
#2594 = CARTESIAN_POINT ( 'NONE',  ( 43.25000000000000711, 7.500000000000000000, 8.250000000000001776 ) ) ;
#2595 = ORIENTED_EDGE ( 'NONE', *, *, #4393, .T. ) ;
#2596 = FACE_OUTER_BOUND ( 'NONE', #11677, .T. ) ;
#2597 = ADVANCED_FACE ( 'NONE', ( #10751, #6211, #9856 ), #5330, .T. ) ;
#2598 = AXIS2_PLACEMENT_3D ( 'NONE', #5928, #8615, #10415 ) ;
#2599 = VECTOR ( 'NONE', #7829, 1000.000000000000000 ) ;
#2600 = CARTESIAN_POINT ( 'NONE',  ( -52.33851692808963918, 7.685661063988370678, 4.211638720451232665 ) ) ;
#2601 = EDGE_CURVE ( 'NONE', #878, #11086, #2054, .T. ) ;
#2602 = ORIENTED_EDGE ( 'NONE', *, *, #8652, .T. ) ;
#2603 = CARTESIAN_POINT ( 'NONE',  ( -34.92304223721045986, 13.29695786801650392, 12.36956634074368111 ) ) ;
#2604 = ORIENTED_EDGE ( 'NONE', *, *, #3906, .T. ) ;
#2605 = ORIENTED_EDGE ( 'NONE', *, *, #5554, .F. ) ;
#2606 = AXIS2_PLACEMENT_3D ( 'NONE', #2116, #2947, #9204 ) ;
#2607 = VECTOR ( 'NONE', #10932, 1000.000000000000000 ) ;
#2608 = DIRECTION ( 'NONE',  ( -0.000000000000000000, -1.000000000000000000, -0.000000000000000000 ) ) ;
#2609 = LINE ( 'NONE', #9879, #6402 ) ;
#2610 = CARTESIAN_POINT ( 'NONE',  ( -50.25000000000000711, 14.00000000000000000, -9.499999999999982236 ) ) ;
#2611 = CARTESIAN_POINT ( 'NONE',  ( 47.50000000000000000, 8.500000000000000000, -9.500000000000001776 ) ) ;
#2612 = CIRCLE ( 'NONE', #1857, 2.000000000000000000 ) ;
#2613 = ORIENTED_EDGE ( 'NONE', *, *, #9661, .T. ) ;
#2614 = PLANE ( 'NONE',  #4492 ) ;
#2615 = VERTEX_POINT ( 'NONE', #5676 ) ;
#2616 = PLANE ( 'NONE',  #7203 ) ;
#2617 = ORIENTED_EDGE ( 'NONE', *, *, #1173, .F. ) ;
#2618 = CARTESIAN_POINT ( 'NONE',  ( 5.848509989039505363, 0.5999999999999989786, 10.12991644959051740 ) ) ;
#2619 = EDGE_LOOP ( 'NONE', ( #257, #7852, #8210, #10586 ) ) ;
#2620 = B_SPLINE_CURVE_WITH_KNOTS ( 'NONE', 3,
 ( #1922, #8354, #9724, #982, #10534, #6201 ),
 .UNSPECIFIED., .F., .F.,
 ( 4, 2, 4 ),
 ( 0.000000000000000000, 0.0001955798652618910051, 0.0003911597305237820101 ),
 .UNSPECIFIED. ) ;
#2621 = CARTESIAN_POINT ( 'NONE',  ( 30.35000000000000142, 0.2999999999999999889, -3.150000000000002576 ) ) ;
#2622 = ORIENTED_EDGE ( 'NONE', *, *, #7291, .F. ) ;
#2623 = LINE ( 'NONE', #10856, #443 ) ;
#2624 = CARTESIAN_POINT ( 'NONE',  ( 29.59999999999997655, 0.2762470863877731220, -12.13414425947046738 ) ) ;
#2625 = DIRECTION ( 'NONE',  ( 1.000000000000000000, 0.000000000000000000, -2.668805347656624115E-15 ) ) ;
#2626 = CARTESIAN_POINT ( 'NONE',  ( -20.00000000000000711, 14.00000000000000000, 14.75000000000000178 ) ) ;
#2627 = DIRECTION ( 'NONE',  ( -1.000000000000000000, -0.000000000000000000, -0.000000000000000000 ) ) ;
#2628 = CARTESIAN_POINT ( 'NONE',  ( -45.19999999999999574, 16.50000000000000000, 6.750000000000006217 ) ) ;
#2629 = CARTESIAN_POINT ( 'NONE',  ( -14.05000000000000782, 6.000000000000000000, -12.25000000000000000 ) ) ;
#2630 = ORIENTED_EDGE ( 'NONE', *, *, #4923, .T. ) ;
#2631 = ORIENTED_EDGE ( 'NONE', *, *, #1013, .F. ) ;
#2632 = FACE_OUTER_BOUND ( 'NONE', #1285, .T. ) ;
#2633 = ADVANCED_FACE ( 'NONE', ( #2935 ), #5505, .T. ) ;
#2634 = AXIS2_PLACEMENT_3D ( 'NONE', #280, #3892, #10933 ) ;
#2635 = DIRECTION ( 'NONE',  ( -1.000000000000000000, 0.000000000000000000, -0.000000000000000000 ) ) ;
#2636 = ADVANCED_FACE ( 'NONE', ( #4672, #282 ), #3057, .F. ) ;
#2637 = ORIENTED_EDGE ( 'NONE', *, *, #656, .F. ) ;
#2638 = CYLINDRICAL_SURFACE ( 'NONE', #5063, 2.000000000000001776 ) ;
#2639 = EDGE_CURVE ( 'NONE', #3834, #11088, #3958, .T. ) ;
#2640 = CARTESIAN_POINT ( 'NONE',  ( 30.35000000000000142, 0.5999999999999989786, -3.150000000000002576 ) ) ;
#2641 = CARTESIAN_POINT ( 'NONE',  ( 22.72059264874610918, 0.02145563245112776934, 1.929700915573432596 ) ) ;
#2642 = DIRECTION ( 'NONE',  ( 0.000000000000000000, 0.000000000000000000, 1.000000000000000000 ) ) ;
#2643 = PLANE ( 'NONE',  #10087 ) ;
#2644 = ORIENTED_EDGE ( 'NONE', *, *, #8836, .F. ) ;
#2645 = CARTESIAN_POINT ( 'NONE',  ( -52.11623050028476456, 8.506030039894882933, 4.254815835186450457 ) ) ;
#2646 = ORIENTED_EDGE ( 'NONE', *, *, #9953, .F. ) ;
#2647 = AXIS2_PLACEMENT_3D ( 'NONE', #9822, #1608, #614 ) ;
#2648 = CIRCLE ( 'NONE', #9317, 0.8500000000000000888 ) ;
#2649 = CARTESIAN_POINT ( 'NONE',  ( 25.63856210340544095, 0.000000000000000000, -0.9494653044015723964 ) ) ;
#2650 = ADVANCED_FACE ( 'NONE', ( #10154 ), #8239, .F. ) ;
#2651 = ADVANCED_FACE ( 'NONE', ( #2108 ), #1992, .T. ) ;
#2652 = ORIENTED_EDGE ( 'NONE', *, *, #1363, .F. ) ;
#2653 = CARTESIAN_POINT ( 'NONE',  ( -8.000000000000008882, 12.30000000000000071, -14.45000000000000107 ) ) ;
#2654 = DIRECTION ( 'NONE',  ( 0.000000000000000000, 1.000000000000000000, -0.000000000000000000 ) ) ;
#2655 = VERTEX_POINT ( 'NONE', #8303 ) ;
#2656 = CARTESIAN_POINT ( 'NONE',  ( 38.49211819145298108, 0.2999999999999998779, -6.984828725824717921 ) ) ;
#2657 = CARTESIAN_POINT ( 'NONE',  ( -52.40568058483291480, 6.815219914338410234, 3.641416195902965836 ) ) ;
#2658 = ORIENTED_EDGE ( 'NONE', *, *, #9603, .T. ) ;
#2659 = CARTESIAN_POINT ( 'NONE',  ( 0.000000000000000000, 10.50000000000000000, 12.25000000000000711 ) ) ;
#2660 = VECTOR ( 'NONE', #4259, 1000.000000000000000 ) ;
#2661 = EDGE_LOOP ( 'NONE', ( #4996, #8674, #10645, #5911, #4071, #1704, #3987, #2631 ) ) ;
#2662 = ORIENTED_EDGE ( 'NONE', *, *, #3035, .T. ) ;
#2663 = EDGE_CURVE ( 'NONE', #5550, #1684, #10093, .T. ) ;
#2664 = ADVANCED_FACE ( 'NONE', ( #177 ), #1229, .F. ) ;
#2665 = FACE_OUTER_BOUND ( 'NONE', #11164, .T. ) ;
#2666 = EDGE_CURVE ( 'NONE', #8273, #10901, #3033, .T. ) ;
#2667 = ORIENTED_EDGE ( 'NONE', *, *, #9926, .F. ) ;
#2668 = CARTESIAN_POINT ( 'NONE',  ( -52.11873083013216501, 7.652124297240903594, -4.337699192715317231 ) ) ;
#2669 = CARTESIAN_POINT ( 'NONE',  ( 22.35000000000000142, 4.999999999999999112, -10.34999999999999787 ) ) ;
#2670 = CARTESIAN_POINT ( 'NONE',  ( -14.05000000000000782, 3.199999999999999734, 0.000000000000000000 ) ) ;
#2671 = ORIENTED_EDGE ( 'NONE', *, *, #272, .F. ) ;
#2672 = DIRECTION ( 'NONE',  ( -0.000000000000000000, -0.000000000000000000, 1.000000000000000000 ) ) ;
#2673 = ORIENTED_EDGE ( 'NONE', *, *, #10649, .T. ) ;
#2674 = DIRECTION ( 'NONE',  ( 0.000000000000000000, 0.000000000000000000, 1.000000000000000000 ) ) ;
#2675 = VERTEX_POINT ( 'NONE', #11057 ) ;
#2676 = CARTESIAN_POINT ( 'NONE',  ( 2.009170479469691184, 14.00000000000000000, -14.75000000000000178 ) ) ;
#2677 = VERTEX_POINT ( 'NONE', #7460 ) ;
#2678 = ADVANCED_FACE ( 'NONE', ( #7579 ), #7521, .F. ) ;
#2679 = CARTESIAN_POINT ( 'NONE',  ( -44.75000000000000711, 13.28431348329844219, 12.50000000000000000 ) ) ;
#2680 = ORIENTED_EDGE ( 'NONE', *, *, #4990, .T. ) ;
#2681 = DIRECTION ( 'NONE',  ( 0.000000000000000000, 1.000000000000000000, 0.000000000000000000 ) ) ;
#2682 = ORIENTED_EDGE ( 'NONE', *, *, #3465, .T. ) ;
#2683 = DIRECTION ( 'NONE',  ( -0.000000000000000000, -1.000000000000000000, -0.000000000000000000 ) ) ;
#2684 = CARTESIAN_POINT ( 'NONE',  ( -52.25000000000001421, 6.402631723476096326, -3.013815789473690554 ) ) ;
#2685 = CIRCLE ( 'NONE', #9361, 1.000000000000000888 ) ;
#2686 = CARTESIAN_POINT ( 'NONE',  ( 29.59999999999998010, -0.001000000000000024307, -8.598623679425841715 ) ) ;
#2687 = CARTESIAN_POINT ( 'NONE',  ( -52.20454750418964096, 7.778320776163621275, 4.275074528580319111 ) ) ;
#2688 = AXIS2_PLACEMENT_3D ( 'NONE', #3730, #7356, #3013 ) ;
#2689 = CARTESIAN_POINT ( 'NONE',  ( -51.95000000000000995, 6.583039804977550702, 3.819531249999953637 ) ) ;
#2690 = DIRECTION ( 'NONE',  ( 0.000000000000000000, -1.000000000000000000, 0.000000000000000000 ) ) ;
#2691 = VERTEX_POINT ( 'NONE', #1049 ) ;
#2692 = B_SPLINE_CURVE_WITH_KNOTS ( 'NONE', 3,
 ( #3227, #7632, #2996, #11342, #10496, #4186, #11168, #10269 ),
 .UNSPECIFIED., .F., .F.,
 ( 4, 2, 2, 4 ),
 ( -3.466145320682361923E-06, 0.0002882777914485955490, 0.0004341497598332257372, 0.0005800217282178559254 ),
 .UNSPECIFIED. ) ;
#2693 = ORIENTED_EDGE ( 'NONE', *, *, #6340, .T. ) ;
#2694 = DIRECTION ( 'NONE',  ( 0.000000000000000000, 1.000000000000000000, 0.000000000000000000 ) ) ;
#2695 = AXIS2_PLACEMENT_3D ( 'NONE', #5529, #3742, #1017 ) ;
#2696 = CARTESIAN_POINT ( 'NONE',  ( 22.88234879511027131, 0.1248381655340803087, -8.266862289456241797 ) ) ;
#2697 = CARTESIAN_POINT ( 'NONE',  ( 0.000000000000000000, 10.50000000000000000, -12.25000000000000178 ) ) ;
#2698 = DIRECTION ( 'NONE',  ( 0.000000000000000000, 0.000000000000000000, 1.000000000000000000 ) ) ;
#2699 = DIRECTION ( 'NONE',  ( 0.000000000000000000, 0.000000000000000000, 1.000000000000000000 ) ) ;
#2700 = DIRECTION ( 'NONE',  ( 0.000000000000000000, -0.000000000000000000, 1.000000000000000000 ) ) ;
#2701 = EDGE_CURVE ( 'NONE', #10119, #7497, #9132, .T. ) ;
#2702 = AXIS2_PLACEMENT_3D ( 'NONE', #2094, #2207, #5664 ) ;
#2703 = FACE_OUTER_BOUND ( 'NONE', #3296, .T. ) ;
#2704 = EDGE_CURVE ( 'NONE', #1355, #8949, #6030, .T. ) ;
#2705 = VERTEX_POINT ( 'NONE', #1113 ) ;
#2706 = FACE_OUTER_BOUND ( 'NONE', #4898, .T. ) ;
#2707 = ORIENTED_EDGE ( 'NONE', *, *, #2095, .F. ) ;
#2708 = PLANE ( 'NONE',  #11105 ) ;
#2709 = ORIENTED_EDGE ( 'NONE', *, *, #3812, .T. ) ;
#2710 = DIRECTION ( 'NONE',  ( -0.000000000000000000, -1.000000000000000000, -0.000000000000000000 ) ) ;
#2711 = CARTESIAN_POINT ( 'NONE',  ( 38.49768490291498324, 0.2034051652805235200, 0.7025675853119467407 ) ) ;
#2712 = CARTESIAN_POINT ( 'NONE',  ( 29.59999999999998010, 0.5999999999999989786, -0.000000000000000000 ) ) ;
#2713 = CARTESIAN_POINT ( 'NONE',  ( -52.38111596566542261, 6.933570362412063481, 3.820619583450083123 ) ) ;
#2714 = EDGE_CURVE ( 'NONE', #11250, #8433, #4731, .T. ) ;
#2715 = EDGE_CURVE ( 'NONE', #4963, #7899, #9079, .T. ) ;
#2716 = CARTESIAN_POINT ( 'NONE',  ( -50.75000000000000711, 13.74843699104228989, -4.750000000000000000 ) ) ;
#2717 = ORIENTED_EDGE ( 'NONE', *, *, #3234, .F. ) ;
#2718 = VERTEX_POINT ( 'NONE', #3288 ) ;
#2719 = CARTESIAN_POINT ( 'NONE',  ( -50.25000000000000711, 15.50000000000000000, -9.499999999999982236 ) ) ;
#2720 = CARTESIAN_POINT ( 'NONE',  ( 31.04750775685067410, 0.1248391197358937887, 5.875606114723796125 ) ) ;
#2721 = EDGE_LOOP ( 'NONE', ( #6729, #8105, #8414, #7593 ) ) ;
#2722 = CARTESIAN_POINT ( 'NONE',  ( -52.20957954963455450, 8.792262464149214196, -3.999730970224029125 ) ) ;
#2723 = DIRECTION ( 'NONE',  ( 0.000000000000000000, -0.000000000000000000, -1.000000000000000000 ) ) ;
#2724 = AXIS2_PLACEMENT_3D ( 'NONE', #1246, #3913, #4469 ) ;
#2725 = DIRECTION ( 'NONE',  ( 0.000000000000000000, 0.000000000000000000, 1.000000000000000000 ) ) ;
#2726 = EDGE_LOOP ( 'NONE', ( #10298, #8215, #8917, #5584 ) ) ;
#2727 = ORIENTED_EDGE ( 'NONE', *, *, #9145, .F. ) ;
#2728 = ADVANCED_FACE ( 'NONE', ( #2223 ), #9438, .T. ) ;
#2729 = CARTESIAN_POINT ( 'NONE',  ( 29.89999999999998082, 0.000000000000000000, -11.75000000000000178 ) ) ;
#2730 = CARTESIAN_POINT ( 'NONE',  ( -34.95000000000000284, 4.015686516701556741, -12.50000000000000000 ) ) ;
#2731 = ORIENTED_EDGE ( 'NONE', *, *, #4165, .F. ) ;
#2732 = ADVANCED_FACE ( 'NONE', ( #4068 ), #4901, .T. ) ;
#2733 = B_SPLINE_CURVE_WITH_KNOTS ( 'NONE', 3,
 ( #9378, #1933, #8540, #9440, #11110, #1050, #4902, #2936 ),
 .UNSPECIFIED., .F., .F.,
 ( 4, 2, 2, 4 ),
 ( 0.000000000000000000, 0.0001382025733524830879, 0.0002764051467049661757, 0.0005528102934099340861 ),
 .UNSPECIFIED. ) ;
#2734 = DIRECTION ( 'NONE',  ( -1.000000000000000000, 0.000000000000000000, 0.000000000000000000 ) ) ;
#2735 = VERTEX_POINT ( 'NONE', #2164 ) ;
#2736 = VECTOR ( 'NONE', #8777, 1000.000000000000000 ) ;
#2737 = CARTESIAN_POINT ( 'NONE',  ( -14.05000000000000782, 4.000000000000000000, 12.25000000000000178 ) ) ;
#2738 = ORIENTED_EDGE ( 'NONE', *, *, #2282, .T. ) ;
#2739 = ORIENTED_EDGE ( 'NONE', *, *, #283, .T. ) ;
#2740 = CARTESIAN_POINT ( 'NONE',  ( -37.29999999999999716, 4.000000000000000000, -12.25000000000000000 ) ) ;
#2741 = ORIENTED_EDGE ( 'NONE', *, *, #11356, .T. ) ;
#2742 = CARTESIAN_POINT ( 'NONE',  ( -47.50000000000000711, 2.499999999999999556, -9.500000000000001776 ) ) ;
#2743 = CARTESIAN_POINT ( 'NONE',  ( -37.54999999999999716, 11.29999999999999716, -12.25000000000000000 ) ) ;
#2744 = VECTOR ( 'NONE', #9068, 1000.000000000000000 ) ;
#2745 = DIRECTION ( 'NONE',  ( 0.000000000000000000, 0.000000000000000000, 1.000000000000000000 ) ) ;
#2746 = LINE ( 'NONE', #8168, #281 ) ;
#2747 = ADVANCED_FACE ( 'NONE', ( #4007 ), #457, .T. ) ;
#2748 = CARTESIAN_POINT ( 'NONE',  ( -52.45000000000000995, 6.609076873872527180, -3.116549989100690699 ) ) ;
#2749 = ORIENTED_EDGE ( 'NONE', *, *, #7845, .T. ) ;
#2750 = EDGE_LOOP ( 'NONE', ( #3899, #1328, #2630, #1587 ) ) ;
#2751 = EDGE_CURVE ( 'NONE', #880, #1361, #2283, .T. ) ;
#2752 = DIRECTION ( 'NONE',  ( -0.000000000000000000, -1.000000000000000000, 0.000000000000000000 ) ) ;
#2753 = CIRCLE ( 'NONE', #6163, 9.000000000000008882 ) ;
#2754 = ORIENTED_EDGE ( 'NONE', *, *, #2224, .F. ) ;
#2755 = VECTOR ( 'NONE', #6167, 1000.000000000000000 ) ;
#2756 = CARTESIAN_POINT ( 'NONE',  ( -40.15000000000000568, 2.658044035770915267E-15, -14.25000000000000533 ) ) ;
#2757 = VECTOR ( 'NONE', #8019, 1000.000000000000000 ) ;
#2758 = DIRECTION ( 'NONE',  ( -1.000000000000000000, 0.000000000000000000, 0.000000000000000000 ) ) ;
#2759 = CARTESIAN_POINT ( 'NONE',  ( 45.25000000000000711, 7.500000000000000000, -12.25000000000000000 ) ) ;
#2760 = CARTESIAN_POINT ( 'NONE',  ( -50.25000000000000711, 4.000000000000000000, -4.250000000000000000 ) ) ;
#2761 = CARTESIAN_POINT ( 'NONE',  ( -19.99999999999993960, 12.30000000000000071, -1.067522139062646364E-13 ) ) ;
#2762 = CIRCLE ( 'NONE', #4671, 5.499999999999988454 ) ;
#2763 = CARTESIAN_POINT ( 'NONE',  ( -40.15000000000000568, 6.000000000000000000, 12.25000000000000533 ) ) ;
#2764 = DIRECTION ( 'NONE',  ( 0.000000000000000000, 0.000000000000000000, 1.000000000000000000 ) ) ;
#2765 = ORIENTED_EDGE ( 'NONE', *, *, #8419, .T. ) ;
#2766 = CARTESIAN_POINT ( 'NONE',  ( -42.75000000000000000, 13.29257923089642901, -12.43439266236709173 ) ) ;
#2767 = VERTEX_POINT ( 'NONE', #4246 ) ;
#2768 = DIRECTION ( 'NONE',  ( 0.000000000000000000, -0.9982455176826012799, 0.05921052631581238956 ) ) ;
#2769 = TOROIDAL_SURFACE ( 'NONE', #517, 9.300000000000009592, 0.2999999999999999889 ) ;
#2770 = ORIENTED_EDGE ( 'NONE', *, *, #3684, .F. ) ;
#2771 = DIRECTION ( 'NONE',  ( -1.000000000000000000, 0.000000000000000000, 0.000000000000000000 ) ) ;
#2772 = CARTESIAN_POINT ( 'NONE',  ( 33.77558774588928969, 0.2999999999999999889, -11.47258064516129217 ) ) ;
#2773 = ADVANCED_FACE ( 'NONE', ( #7699 ), #4190, .T. ) ;
#2774 = DIRECTION ( 'NONE',  ( -1.000000000000000000, 0.000000000000000000, -2.668805347656624115E-15 ) ) ;
#2775 = CARTESIAN_POINT ( 'NONE',  ( -52.22340835089975997, 6.705390757595145246, 3.692296232791106636 ) ) ;
#2776 = DIRECTION ( 'NONE',  ( 1.000000000000000000, -0.000000000000000000, -0.000000000000000000 ) ) ;
#2777 = CIRCLE ( 'NONE', #9444, 2.000000000000001776 ) ;
#2778 = VECTOR ( 'NONE', #6341, 1000.000000000000000 ) ;
#2779 = VECTOR ( 'NONE', #10370, 1000.000000000000000 ) ;
#2780 = DIRECTION ( 'NONE',  ( 0.000000000000000000, -0.000000000000000000, 1.000000000000000000 ) ) ;
#2781 = VERTEX_POINT ( 'NONE', #5902 ) ;
#2782 = ORIENTED_EDGE ( 'NONE', *, *, #446, .F. ) ;
#2783 = DIRECTION ( 'NONE',  ( 0.000000000000000000, 0.000000000000000000, -1.000000000000000000 ) ) ;
#2784 = DIRECTION ( 'NONE',  ( 0.000000000000000000, -1.000000000000000000, 0.000000000000000000 ) ) ;
#2785 = EDGE_CURVE ( 'NONE', #3405, #4082, #6796, .T. ) ;
#2786 = VERTEX_POINT ( 'NONE', #7637 ) ;
#2787 = DIRECTION ( 'NONE',  ( -0.000000000000000000, 1.000000000000000000, -0.000000000000000000 ) ) ;
#2788 = VECTOR ( 'NONE', #4375, 1000.000000000000000 ) ;
#2789 = VECTOR ( 'NONE', #238, 1000.000000000000000 ) ;
#2790 = CARTESIAN_POINT ( 'NONE',  ( 31.08692689250667840, 0.2316602676259493232, -12.15762007134441802 ) ) ;
#2791 = PLANE ( 'NONE',  #6298 ) ;
#2792 = ADVANCED_FACE ( 'NONE', ( #399 ), #11405, .T. ) ;
#2793 = LINE ( 'NONE', #5582, #9574 ) ;
#2794 = ORIENTED_EDGE ( 'NONE', *, *, #7223, .F. ) ;
#2795 = ORIENTED_EDGE ( 'NONE', *, *, #10233, .F. ) ;
#2796 = AXIS2_PLACEMENT_3D ( 'NONE', #3098, #8634, #10432 ) ;
#2797 = CARTESIAN_POINT ( 'NONE',  ( -42.75000000000000000, 6.000000000000000000, -12.25000000000000533 ) ) ;
#2798 = ORIENTED_EDGE ( 'NONE', *, *, #5989, .T. ) ;
#2799 = VECTOR ( 'NONE', #5243, 1000.000000000000000 ) ;
#2800 = CARTESIAN_POINT ( 'NONE',  ( -36.95000000000000284, 2.658044035770915267E-15, 14.25000000000000533 ) ) ;
#2801 = VECTOR ( 'NONE', #2848, 1000.000000000000000 ) ;
#2802 = ORIENTED_EDGE ( 'NONE', *, *, #9790, .F. ) ;
#2803 = ORIENTED_EDGE ( 'NONE', *, *, #11272, .F. ) ;
#2804 = CARTESIAN_POINT ( 'NONE',  ( -52.20525866347232835, 8.667019067184096315, 4.070506270392236559 ) ) ;
#2805 = ORIENTED_EDGE ( 'NONE', *, *, #3294, .F. ) ;
#2806 = EDGE_CURVE ( 'NONE', #402, #11427, #11285, .T. ) ;
#2807 = CARTESIAN_POINT ( 'NONE',  ( -39.90000000000000568, 4.000000000000000000, -12.25000000000000000 ) ) ;
#2808 = ORIENTED_EDGE ( 'NONE', *, *, #7586, .T. ) ;
#2809 = CARTESIAN_POINT ( 'NONE',  ( 52.75000000000000000, 3.000000000000000000, -9.499999999999920064 ) ) ;
#2810 = EDGE_CURVE ( 'NONE', #10085, #3747, #11347, .T. ) ;
#2811 = CARTESIAN_POINT ( 'NONE',  ( -52.22340835089975997, 6.705390757595229623, -3.692296232791185684 ) ) ;
#2812 = AXIS2_PLACEMENT_3D ( 'NONE', #4965, #6865, #7830 ) ;
#2813 = AXIS2_PLACEMENT_3D ( 'NONE', #518, #7874, #1290 ) ;
#2814 = CARTESIAN_POINT ( 'NONE',  ( 10.24999999999999112, 3.199999999999999734, 8.949999999999992184 ) ) ;
#2815 = CARTESIAN_POINT ( 'NONE',  ( 29.42897534553806338, -0.002168831690403486088, -12.11722717764803292 ) ) ;
#2816 = VERTEX_POINT ( 'NONE', #5077 ) ;
#2817 = ORIENTED_EDGE ( 'NONE', *, *, #4355, .T. ) ;
#2818 = DIRECTION ( 'NONE',  ( 0.000000000000000000, 0.000000000000000000, 1.000000000000000000 ) ) ;
#2819 = CARTESIAN_POINT ( 'NONE',  ( 52.75000000000000000, 8.500000000000000000, -9.499999999999920064 ) ) ;
#2820 = ORIENTED_EDGE ( 'NONE', *, *, #4829, .F. ) ;
#2821 = CARTESIAN_POINT ( 'NONE',  ( -42.40000000000000568, 15.50000000000000000, 12.25000000000000000 ) ) ;
#2822 = EDGE_CURVE ( 'NONE', #7409, #7788, #2335, .T. ) ;
#2823 = FACE_OUTER_BOUND ( 'NONE', #7421, .T. ) ;
#2824 = ADVANCED_FACE ( 'NONE', ( #10386 ), #9497, .F. ) ;
#2825 = ORIENTED_EDGE ( 'NONE', *, *, #3948, .F. ) ;
#2826 = EDGE_CURVE ( 'NONE', #4486, #7013, #5081, .T. ) ;
#2827 = DIRECTION ( 'NONE',  ( -0.000000000000000000, -0.000000000000000000, -1.000000000000000000 ) ) ;
#2828 = ORIENTED_EDGE ( 'NONE', *, *, #9708, .F. ) ;
#2829 = CARTESIAN_POINT ( 'NONE',  ( 43.49999999999999289, 6.500000000000000000, 0.000000000000000000 ) ) ;
#2830 = DIRECTION ( 'NONE',  ( -1.000000000000000000, 0.000000000000000000, 0.000000000000000000 ) ) ;
#2831 = CARTESIAN_POINT ( 'NONE',  ( 0.000000000000000000, 15.50000000000000000, 0.000000000000000000 ) ) ;
#2832 = CARTESIAN_POINT ( 'NONE',  ( 0.000000000000000000, 4.000000000000000000, -6.750000000000000000 ) ) ;
#2833 = CARTESIAN_POINT ( 'NONE',  ( -51.96383377495565270, 8.834379237985137578, 4.122169272842757692 ) ) ;
#2834 = VERTEX_POINT ( 'NONE', #9556 ) ;
#2835 = FACE_OUTER_BOUND ( 'NONE', #9456, .T. ) ;
#2836 = EDGE_LOOP ( 'NONE', ( #7195, #9387, #3823, #2693 ) ) ;
#2837 = DIRECTION ( 'NONE',  ( 0.5000000000000011102, 0.000000000000000000, 0.8660254037844380415 ) ) ;
#2838 = DIRECTION ( 'NONE',  ( 0.000000000000000000, 0.000000000000000000, -1.000000000000000000 ) ) ;
#2839 = DIRECTION ( 'NONE',  ( -1.000000000000000000, 0.000000000000000000, 3.634931228083748646E-15 ) ) ;
#2840 = VECTOR ( 'NONE', #9687, 1000.000000000000000 ) ;
#2841 = DIRECTION ( 'NONE',  ( -1.000000000000000000, 0.000000000000000000, 0.000000000000000000 ) ) ;
#2842 = CARTESIAN_POINT ( 'NONE',  ( 2.099999999999991207, 12.50000000000000000, 13.35000000000019149 ) ) ;
#2843 = ORIENTED_EDGE ( 'NONE', *, *, #2095, .T. ) ;
#2844 = VERTEX_POINT ( 'NONE', #1400 ) ;
#2845 = ORIENTED_EDGE ( 'NONE', *, *, #939, .F. ) ;
#2846 = B_SPLINE_CURVE_WITH_KNOTS ( 'NONE', 3,
 ( #4174, #3993, #1441, #559, #1111, #9479, #8633, #3275, #6501, #7804, #10149, #5943, #7622, #2267 ),
 .UNSPECIFIED., .F., .F.,
 ( 4, 2, 2, 2, 2, 2, 4 ),
 ( 0.000000000000000000, 0.0007308796340597692410, 0.001096319451089652723, 0.001461759268119536314, 0.001827199085149417302, 0.002192638902179298074, 0.002923518536239060918 ),
 .UNSPECIFIED. ) ;
#2847 = CARTESIAN_POINT ( 'NONE',  ( 31.10000000000002629, 0.2999999999999998779, 5.818695557326043044 ) ) ;
#2848 = DIRECTION ( 'NONE',  ( -0.000000000000000000, 1.000000000000000000, -0.000000000000000000 ) ) ;
#2849 = FACE_OUTER_BOUND ( 'NONE', #930, .T. ) ;
#2850 = CARTESIAN_POINT ( 'NONE',  ( -36.95000000000000284, 6.000000000000000000, -14.25000000000000355 ) ) ;
#2851 = CARTESIAN_POINT ( 'NONE',  ( -51.95000000000000995, 7.899999999999999467, -2.449999999999999734 ) ) ;
#2852 = ORIENTED_EDGE ( 'NONE', *, *, #4611, .T. ) ;
#2853 = ORIENTED_EDGE ( 'NONE', *, *, #7137, .T. ) ;
#2854 = CARTESIAN_POINT ( 'NONE',  ( -2.000000000000008882, 14.00000000000000000, 13.54999999999999716 ) ) ;
#2855 = VECTOR ( 'NONE', #11066, 1000.000000000000000 ) ;
#2856 = CYLINDRICAL_SURFACE ( 'NONE', #6252, 2.000000000000000000 ) ;
#2857 = ADVANCED_FACE ( 'NONE', ( #5016 ), #5663, .T. ) ;
#2858 = DIRECTION ( 'NONE',  ( 0.000000000000000000, 1.000000000000000000, -1.865294060190115224E-16 ) ) ;
#2859 = EDGE_CURVE ( 'NONE', #895, #5614, #8651, .T. ) ;
#2860 = ORIENTED_EDGE ( 'NONE', *, *, #7471, .F. ) ;
#2861 = ORIENTED_EDGE ( 'NONE', *, *, #5425, .T. ) ;
#2862 = LINE ( 'NONE', #974, #8844 ) ;
#2863 = ORIENTED_EDGE ( 'NONE', *, *, #2439, .F. ) ;
#2864 = DIRECTION ( 'NONE',  ( 0.000000000000000000, 0.000000000000000000, -1.000000000000000000 ) ) ;
#2865 = EDGE_LOOP ( 'NONE', ( #2828, #10390, #5080, #3711 ) ) ;
#2866 = DIRECTION ( 'NONE',  ( 1.000000000000000000, -0.000000000000000000, 0.000000000000000000 ) ) ;
#2867 = CARTESIAN_POINT ( 'NONE',  ( -52.42986711028338931, 6.702212344727051629, -3.442853664916079914 ) ) ;
#2868 = ORIENTED_EDGE ( 'NONE', *, *, #7598, .T. ) ;
#2869 = ORIENTED_EDGE ( 'NONE', *, *, #2214, .T. ) ;
#2870 = EDGE_CURVE ( 'NONE', #6656, #10965, #358, .T. ) ;
#2871 = CARTESIAN_POINT ( 'NONE',  ( -47.50000000000000711, 7.500000000000000000, -9.500000000000001776 ) ) ;
#2872 = EDGE_CURVE ( 'NONE', #8837, #1313, #861, .T. ) ;
#2873 = VERTEX_POINT ( 'NONE', #3516 ) ;
#2874 = LINE ( 'NONE', #2048, #7690 ) ;
#2875 = CARTESIAN_POINT ( 'NONE',  ( 50.24999999999999289, 9.300000000000000711, -3.299999999999999822 ) ) ;
#2876 = CARTESIAN_POINT ( 'NONE',  ( 30.35000000000000142, 0.000000000000000000, -3.150000000000002576 ) ) ;
#2877 = VECTOR ( 'NONE', #5904, 1000.000000000000000 ) ;
#2878 = ORIENTED_EDGE ( 'NONE', *, *, #7615, .T. ) ;
#2879 = ORIENTED_EDGE ( 'NONE', *, *, #10245, .T. ) ;
#2880 = CARTESIAN_POINT ( 'NONE',  ( -2.000000000000008882, 14.00000000000000000, 13.54999999999999716 ) ) ;
#2881 = CARTESIAN_POINT ( 'NONE',  ( 30.35000000000000142, -0.001000000000000024307, -3.150000000000002576 ) ) ;
#2882 = DIRECTION ( 'NONE',  ( 1.000000000000000000, 0.000000000000000000, -7.517135062566157239E-15 ) ) ;
#2883 = ADVANCED_FACE ( 'NONE', ( #4307 ), #10735, .T. ) ;
#2884 = CARTESIAN_POINT ( 'NONE',  ( 2.099999999999991207, 14.00000000000000000, 12.35000000000019149 ) ) ;
#2885 = EDGE_CURVE ( 'NONE', #495, #2781, #5249, .T. ) ;
#2886 = CIRCLE ( 'NONE', #7444, 0.3000000000000016542 ) ;
#2887 = ORIENTED_EDGE ( 'NONE', *, *, #272, .T. ) ;
#2888 = DIRECTION ( 'NONE',  ( -0.000000000000000000, -1.000000000000000000, -0.000000000000000000 ) ) ;
#2889 = ORIENTED_EDGE ( 'NONE', *, *, #9216, .T. ) ;
#2890 = CARTESIAN_POINT ( 'NONE',  ( -50.62020099224778136, 13.77549607331899573, 4.750000000000001776 ) ) ;
#2891 = DIRECTION ( 'NONE',  ( 0.000000000000000000, 0.000000000000000000, 1.000000000000000000 ) ) ;
#2892 = CARTESIAN_POINT ( 'NONE',  ( -36.95000000000000284, 11.29999999999999716, 14.25000000000000355 ) ) ;
#2893 = VECTOR ( 'NONE', #2320, 1000.000000000000000 ) ;
#2894 = LINE ( 'NONE', #2175, #111 ) ;
#2895 = EDGE_CURVE ( 'NONE', #7280, #8912, #4365, .T. ) ;
#2896 = EDGE_CURVE ( 'NONE', #2389, #5314, #6192, .T. ) ;
#2897 = DIRECTION ( 'NONE',  ( 0.000000000000000000, 1.000000000000000000, 0.000000000000000000 ) ) ;
#2898 = EDGE_LOOP ( 'NONE', ( #4992, #5348, #741, #7839, #6041 ) ) ;
#2899 = EDGE_LOOP ( 'NONE', ( #6694, #8443, #4047, #10925, #3709, #1626 ) ) ;
#2900 = AXIS2_PLACEMENT_3D ( 'NONE', #2851, #1195, #6593 ) ;
#2901 = LINE ( 'NONE', #10173, #7259 ) ;
#2902 = DIRECTION ( 'NONE',  ( -0.000000000000000000, -0.000000000000000000, 1.000000000000000000 ) ) ;
#2903 = PLANE ( 'NONE',  #11158 ) ;
#2904 = DIRECTION ( 'NONE',  ( 1.000000000000000000, -0.000000000000000000, 8.673617379884087537E-15 ) ) ;
#2905 = CARTESIAN_POINT ( 'NONE',  ( 41.25000000000000711, 5.500000000000000000, 10.25000000000000178 ) ) ;
#2906 = DIRECTION ( 'NONE',  ( -1.000000000000000000, 0.000000000000000000, 0.000000000000000000 ) ) ;
#2907 = ORIENTED_EDGE ( 'NONE', *, *, #4417, .T. ) ;
#2908 = CARTESIAN_POINT ( 'NONE',  ( 30.35000000000000142, 0.5999999999999989786, -3.150000000000002576 ) ) ;
#2909 = ORIENTED_EDGE ( 'NONE', *, *, #4573, .T. ) ;
#2910 = EDGE_LOOP ( 'NONE', ( #8336, #1912, #7457, #3228, #4116, #8527, #5356, #364, #8670, #6562 ) ) ;
#2911 = ORIENTED_EDGE ( 'NONE', *, *, #4396, .T. ) ;
#2912 = AXIS2_PLACEMENT_3D ( 'NONE', #10515, #2354, #4264 ) ;
#2913 = CARTESIAN_POINT ( 'NONE',  ( -34.55000000000001137, 6.000000000000000000, -11.05000000000001137 ) ) ;
#2914 = EDGE_LOOP ( 'NONE', ( #4228, #8564, #5253, #318 ) ) ;
#2915 = CARTESIAN_POINT ( 'NONE',  ( 29.89999999999998082, 0.09935464829977896928, -12.51567391470514856 ) ) ;
#2916 = EDGE_LOOP ( 'NONE', ( #10069, #2019, #5152, #6259 ) ) ;
#2917 = FACE_OUTER_BOUND ( 'NONE', #5996, .T. ) ;
#2918 = CARTESIAN_POINT ( 'NONE',  ( 0.000000000000000000, 3.199999999999999734, 8.949999999999992184 ) ) ;
#2919 = EDGE_CURVE ( 'NONE', #604, #5220, #5186, .T. ) ;
#2920 = CARTESIAN_POINT ( 'NONE',  ( -45.00000000000001421, 4.000000000000000000, 8.354356076261032271 ) ) ;
#2921 = CARTESIAN_POINT ( 'NONE',  ( 29.93772760556385748, 0.0001962405826636316763, -12.14055361085148554 ) ) ;
#2922 = ORIENTED_EDGE ( 'NONE', *, *, #716, .F. ) ;
#2923 = ORIENTED_EDGE ( 'NONE', *, *, #6188, .F. ) ;
#2924 = CARTESIAN_POINT ( 'NONE',  ( 31.10000000000002629, -0.001000000000000024307, 5.818695557326043044 ) ) ;
#2925 = LINE ( 'NONE', #4776, #3486 ) ;
#2926 = VERTEX_POINT ( 'NONE', #8826 ) ;
#2927 = LINE ( 'NONE', #5551, #9205 ) ;
#2928 = CARTESIAN_POINT ( 'NONE',  ( 1.249999999999991784, 2.499999999999999556, 4.900000000000001243 ) ) ;
#2929 = ADVANCED_FACE ( 'NONE', ( #7991 ), #9775, .T. ) ;
#2930 = DIRECTION ( 'NONE',  ( -1.000000000000000000, 0.000000000000000000, 3.154042683594192655E-16 ) ) ;
#2931 = ORIENTED_EDGE ( 'NONE', *, *, #6271, .T. ) ;
#2932 = ORIENTED_EDGE ( 'NONE', *, *, #3727, .T. ) ;
#2933 = EDGE_CURVE ( 'NONE', #10962, #9210, #10860, .T. ) ;
#2934 = DIRECTION ( 'NONE',  ( 0.000000000000000000, 0.000000000000000000, 1.000000000000000000 ) ) ;
#2935 = FACE_OUTER_BOUND ( 'NONE', #5595, .T. ) ;
#2936 = CARTESIAN_POINT ( 'NONE',  ( 26.08856210340545090, 0.000000000000000000, -0.1700424409955679228 ) ) ;
#2937 = VECTOR ( 'NONE', #3737, 1000.000000000000227 ) ;
#2938 = ORIENTED_EDGE ( 'NONE', *, *, #2520, .F. ) ;
#2939 = EDGE_CURVE ( 'NONE', #7334, #2718, #5318, .T. ) ;
#2940 = DIRECTION ( 'NONE',  ( 1.000000000000000000, 0.000000000000000000, 0.000000000000000000 ) ) ;
#2941 = EDGE_CURVE ( 'NONE', #414, #9106, #11629, .T. ) ;
#2942 = CARTESIAN_POINT ( 'NONE',  ( -50.30489371176980740, 13.80115016935045347, 4.512667434614655804 ) ) ;
#2943 = CIRCLE ( 'NONE', #11141, 2.450000000000000622 ) ;
#2944 = LINE ( 'NONE', #4077, #6770 ) ;
#2945 = CIRCLE ( 'NONE', #5615, 1.000000000000000888 ) ;
#2946 = EDGE_CURVE ( 'NONE', #9354, #7792, #9955, .T. ) ;
#2947 = DIRECTION ( 'NONE',  ( 1.000000000000000000, -0.000000000000000000, 0.000000000000000000 ) ) ;
#2948 = AXIS2_PLACEMENT_3D ( 'NONE', #3066, #11188, #185 ) ;
#2949 = LINE ( 'NONE', #8316, #9515 ) ;
#2950 = DIRECTION ( 'NONE',  ( -0.000000000000000000, 1.000000000000000000, -0.000000000000000000 ) ) ;
#2951 = DIRECTION ( 'NONE',  ( -1.000000000000000000, 0.000000000000000000, 0.000000000000000000 ) ) ;
#2952 = VERTEX_POINT ( 'NONE', #2501 ) ;
#2953 = ORIENTED_EDGE ( 'NONE', *, *, #3065, .T. ) ;
#2954 = CIRCLE ( 'NONE', #9623, 3.000000000000000888 ) ;
#2955 = PLANE ( 'NONE',  #6138 ) ;
#2956 = LINE ( 'NONE', #3854, #7318 ) ;
#2957 = ADVANCED_FACE ( 'NONE', ( #8111 ), #11760, .F. ) ;
#2958 = ORIENTED_EDGE ( 'NONE', *, *, #1767, .F. ) ;
#2959 = CARTESIAN_POINT ( 'NONE',  ( 50.25000000000000000, 10.50000000000000000, 6.000000000000000000 ) ) ;
#2960 = LINE ( 'NONE', #9520, #5054 ) ;
#2961 = PLANE ( 'NONE',  #1562 ) ;
#2962 = EDGE_CURVE ( 'NONE', #250, #10248, #5848, .T. ) ;
#2963 = AXIS2_PLACEMENT_3D ( 'NONE', #11597, #10703, #8075 ) ;
#2964 = ORIENTED_EDGE ( 'NONE', *, *, #3291, .F. ) ;
#2965 = CIRCLE ( 'NONE', #333, 0.9899999999999995470 ) ;
#2966 = CIRCLE ( 'NONE', #10777, 6.800000000000007816 ) ;
#2967 = LINE ( 'NONE', #45, #11488 ) ;
#2968 = PLANE ( 'NONE',  #5728 ) ;
#2969 = B_SPLINE_CURVE_WITH_KNOTS ( 'NONE', 3,
 ( #10746, #8001, #2577, #636, #10691, #3357, #8838, #11641 ),
 .UNSPECIFIED., .F., .F.,
 ( 4, 2, 2, 4 ),
 ( -3.470634891219889227E-06, 0.0002734705597663998947, 0.0004119411570952087273, 0.0005504117544240176140 ),
 .UNSPECIFIED. ) ;
#2970 = DIRECTION ( 'NONE',  ( -3.154042683594192655E-16, -0.000000000000000000, -1.000000000000000000 ) ) ;
#2971 = DIRECTION ( 'NONE',  ( 0.000000000000000000, 1.000000000000000000, -0.000000000000000000 ) ) ;
#2972 = EDGE_LOOP ( 'NONE', ( #4333, #6819, #11262, #11358, #2345 ) ) ;
#2973 = ORIENTED_EDGE ( 'NONE', *, *, #4273, .T. ) ;
#2974 = CIRCLE ( 'NONE', #11169, 2.000000000000001776 ) ;
#2975 = ORIENTED_EDGE ( 'NONE', *, *, #867, .F. ) ;
#2976 = CIRCLE ( 'NONE', #9644, 9.300000000000009592 ) ;
#2977 = PLANE ( 'NONE',  #7308 ) ;
#2978 = VERTEX_POINT ( 'NONE', #2689 ) ;
#2979 = CYLINDRICAL_SURFACE ( 'NONE', #2384, 0.3000000000000003220 ) ;
#2980 = VERTEX_POINT ( 'NONE', #6972 ) ;
#2981 = CARTESIAN_POINT ( 'NONE',  ( -7.849999999999971223, 10.50000000000000000, 14.19019237886469220 ) ) ;
#2982 = CARTESIAN_POINT ( 'NONE',  ( 25.25635347795579477, -0.001000000000000024307, -1.075207213125395800 ) ) ;
#2983 = TOROIDAL_SURFACE ( 'NONE', #7731, 2.700000000000000178, 0.2999999999999999889 ) ;
#2984 = AXIS2_PLACEMENT_3D ( 'NONE', #9707, #10664, #3385 ) ;
#2985 = DIRECTION ( 'NONE',  ( 0.000000000000000000, 1.000000000000000000, -0.000000000000000000 ) ) ;
#2986 = ORIENTED_EDGE ( 'NONE', *, *, #5242, .F. ) ;
#2987 = ORIENTED_EDGE ( 'NONE', *, *, #11095, .T. ) ;
#2988 = DIRECTION ( 'NONE',  ( -1.176083712526649195E-16, 0.000000000000000000, -1.000000000000000000 ) ) ;
#2989 = CARTESIAN_POINT ( 'NONE',  ( 2.760212650556410866E-16, 7.500000000000000000, -14.75000000000000355 ) ) ;
#2990 = ORIENTED_EDGE ( 'NONE', *, *, #6491, .T. ) ;
#2991 = CARTESIAN_POINT ( 'NONE',  ( -20.00000000000001066, 14.00000000000000000, -13.25000000000000178 ) ) ;
#2992 = AXIS2_PLACEMENT_3D ( 'NONE', #11291, #1409, #8729 ) ;
#2993 = VECTOR ( 'NONE', #994, 1000.000000000000000 ) ;
#2994 = VECTOR ( 'NONE', #1421, 1000.000000000000000 ) ;
#2995 = CARTESIAN_POINT ( 'NONE',  ( -33.55000000000001137, 4.000000000000000000, -11.05000000000001137 ) ) ;
#2996 = CARTESIAN_POINT ( 'NONE',  ( 37.97940735125389011, 0.02145563245112830017, -8.229700915573436859 ) ) ;
#2997 = ORIENTED_EDGE ( 'NONE', *, *, #5703, .F. ) ;
#2998 = ORIENTED_EDGE ( 'NONE', *, *, #7461, .F. ) ;
#2999 = VECTOR ( 'NONE', #10566, 1000.000000000000000 ) ;
#3000 = FACE_BOUND ( 'NONE', #10011, .T. ) ;
#3001 = DIRECTION ( 'NONE',  ( -1.000000000000000000, 0.000000000000000000, 0.000000000000000000 ) ) ;
#3002 = DIRECTION ( 'NONE',  ( 1.000000000000000000, -0.000000000000000000, 0.000000000000000000 ) ) ;
#3003 = AXIS2_PLACEMENT_3D ( 'NONE', #7937, #4546, #2564 ) ;
#3004 = EDGE_CURVE ( 'NONE', #5341, #7564, #6313, .T. ) ;
#3005 = EDGE_LOOP ( 'NONE', ( #7761, #7809, #5657, #6931 ) ) ;
#3006 = ADVANCED_FACE ( 'NONE', ( #1797 ), #1551, .T. ) ;
#3007 = CYLINDRICAL_SURFACE ( 'NONE', #3687, 0.8500000000000000888 ) ;
#3008 = EDGE_CURVE ( 'NONE', #10125, #10517, #1213, .T. ) ;
#3009 = LINE ( 'NONE', #6627, #8482 ) ;
#3010 = CARTESIAN_POINT ( 'NONE',  ( 52.75100000000002609, 9.199999999999999289, -2.925000000000019806 ) ) ;
#3011 = CARTESIAN_POINT ( 'NONE',  ( 22.81827201635470459, -1.697056274847719815, -9.481727983645297897 ) ) ;
#3012 = LINE ( 'NONE', #3905, #10369 ) ;
#3013 = DIRECTION ( 'NONE',  ( 0.000000000000000000, 0.000000000000000000, 1.000000000000000000 ) ) ;
#3014 = EDGE_CURVE ( 'NONE', #2978, #9987, #10431, .T. ) ;
#3015 = DIRECTION ( 'NONE',  ( 0.000000000000000000, 0.000000000000000000, -1.000000000000000000 ) ) ;
#3016 = ORIENTED_EDGE ( 'NONE', *, *, #433, .T. ) ;
#3017 = EDGE_CURVE ( 'NONE', #1865, #7378, #2042, .T. ) ;
#3018 = CARTESIAN_POINT ( 'NONE',  ( 53.77115015710907642, 7.500000000000000000, -7.250000000000000888 ) ) ;
#3019 = CARTESIAN_POINT ( 'NONE',  ( -52.20411386731436920, 8.452356651949051169, 4.174609651986693315 ) ) ;
#3020 = CARTESIAN_POINT ( 'NONE',  ( -44.79507061714005545, 3.933724050971788788, 9.002267254228184967 ) ) ;
#3021 = AXIS2_PLACEMENT_3D ( 'NONE', #9736, #5201, #3534 ) ;
#3022 = ORIENTED_EDGE ( 'NONE', *, *, #6505, .F. ) ;
#3023 = CARTESIAN_POINT ( 'NONE',  ( 30.35000000000000142, 0.2999999999999999889, -3.150000000000002576 ) ) ;
#3024 = DIRECTION ( 'NONE',  ( -0.8660254037844389297, 0.000000000000000000, -0.4999999999999998335 ) ) ;
#3025 = LINE ( 'NONE', #100, #7150 ) ;
#3026 = CARTESIAN_POINT ( 'NONE',  ( -47.19749843554382096, 15.50000000000000000, -13.25000000000000178 ) ) ;
#3027 = CARTESIAN_POINT ( 'NONE',  ( -40.03080735386674860, 13.30034953508066309, 12.27717671750640704 ) ) ;
#3028 = DIRECTION ( 'NONE',  ( 0.000000000000000000, 1.000000000000000000, 0.000000000000000000 ) ) ;
#3029 = CARTESIAN_POINT ( 'NONE',  ( -52.00633014137976318, 7.900000000003293721, -4.350000000000000533 ) ) ;
#3030 = EDGE_CURVE ( 'NONE', #7409, #9812, #1310, .T. ) ;
#3031 = CYLINDRICAL_SURFACE ( 'NONE', #5623, 5.250000000000005329 ) ;
#3032 = ORIENTED_EDGE ( 'NONE', *, *, #1124, .T. ) ;
#3033 = B_SPLINE_CURVE_WITH_KNOTS ( 'NONE', 3,
 ( #1877, #5559, #9191, #6566, #8417, #345 ),
 .UNSPECIFIED., .F., .F.,
 ( 4, 2, 4 ),
 ( 0.000000000000000000, 0.0001955798652618910864, 0.0003911597305237821728 ),
 .UNSPECIFIED. ) ;
#3034 = EDGE_CURVE ( 'NONE', #8689, #4366, #4719, .T. ) ;
#3035 = EDGE_CURVE ( 'NONE', #9228, #8933, #8732, .T. ) ;
#3036 = VERTEX_POINT ( 'NONE', #268 ) ;
#3037 = ORIENTED_EDGE ( 'NONE', *, *, #7768, .F. ) ;
#3038 = CIRCLE ( 'NONE', #585, 0.9899999999999995470 ) ;
#3039 = CARTESIAN_POINT ( 'NONE',  ( 30.86791715065477959, 1.956646108157432797E-16, -8.392751484835210718 ) ) ;
#3040 = ORIENTED_EDGE ( 'NONE', *, *, #5759, .T. ) ;
#3041 = CARTESIAN_POINT ( 'NONE',  ( -52.45000000000000995, 9.197719172987381953, -3.001973684210528237 ) ) ;
#3042 = ORIENTED_EDGE ( 'NONE', *, *, #3775, .T. ) ;
#3043 = DIRECTION ( 'NONE',  ( 0.000000000000000000, 0.000000000000000000, 1.000000000000000000 ) ) ;
#3044 = DIRECTION ( 'NONE',  ( 0.8660254037844388186, 0.000000000000000000, 0.4999999999999997780 ) ) ;
#3045 = ORIENTED_EDGE ( 'NONE', *, *, #3247, .F. ) ;
#3046 = EDGE_LOOP ( 'NONE', ( #3929, #3745, #3232, #6302, #3634, #3072, #8423, #5524, #7441 ) ) ;
#3047 = CARTESIAN_POINT ( 'NONE',  ( 5.848509989039531121, 0.5999999999999989786, 10.12991644959055115 ) ) ;
#3048 = EDGE_CURVE ( 'NONE', #7112, #8532, #8402, .T. ) ;
#3049 = LINE ( 'NONE', #6668, #3678 ) ;
#3050 = AXIS2_PLACEMENT_3D ( 'NONE', #11530, #591, #6092 ) ;
#3051 = CARTESIAN_POINT ( 'NONE',  ( 0.5999999999999912070, 12.50000000000000000, 13.35000000000018971 ) ) ;
#3052 = CARTESIAN_POINT ( 'NONE',  ( -42.67513830332474356, 4.000000000000478728, 9.071008507213328187 ) ) ;
#3053 = PLANE ( 'NONE',  #8680 ) ;
#3054 = ORIENTED_EDGE ( 'NONE', *, *, #7951, .T. ) ;
#3055 = VERTEX_POINT ( 'NONE', #4660 ) ;
#3056 = DIRECTION ( 'NONE',  ( -0.000000000000000000, 1.000000000000000000, -0.000000000000000000 ) ) ;
#3057 = PLANE ( 'NONE',  #9277 ) ;
#3058 = LINE ( 'NONE', #6676, #3865 ) ;
#3059 = LINE ( 'NONE', #4070, #3260 ) ;
#3060 = VERTEX_POINT ( 'NONE', #3821 ) ;
#3061 = DIRECTION ( 'NONE',  ( -1.000000000000000000, 0.000000000000000000, 0.000000000000000000 ) ) ;
#3062 = FACE_OUTER_BOUND ( 'NONE', #6059, .T. ) ;
#3063 = CARTESIAN_POINT ( 'NONE',  ( -50.25000000000000711, 15.50000000000000000, 7.250000000000000888 ) ) ;
#3064 = FACE_OUTER_BOUND ( 'NONE', #6096, .T. ) ;
#3065 = EDGE_CURVE ( 'NONE', #568, #1376, #10017, .T. ) ;
#3066 = CARTESIAN_POINT ( 'NONE',  ( -52.45000000000001705, 7.899999999999999467, 2.925000000000026912 ) ) ;
#3067 = EDGE_CURVE ( 'NONE', #3212, #3556, #7324, .T. ) ;
#3068 = B_SPLINE_CURVE_WITH_KNOTS ( 'NONE', 3,
 ( #10486, #9541, #1388, #5945, #3276, #6897, #10549, #2376 ),
 .UNSPECIFIED., .F., .F.,
 ( 4, 2, 2, 4 ),
 ( 0.000000000000000000, 0.0001382025733524831150, 0.0002764051467049662299, 0.0005528102934099323514 ),
 .UNSPECIFIED. ) ;
#3069 = VECTOR ( 'NONE', #9402, 1000.000000000000000 ) ;
#3070 = DIRECTION ( 'NONE',  ( 0.000000000000000000, 0.000000000000000000, -1.000000000000000000 ) ) ;
#3071 = ORIENTED_EDGE ( 'NONE', *, *, #3828, .F. ) ;
#3072 = ORIENTED_EDGE ( 'NONE', *, *, #1920, .T. ) ;
#3073 = FACE_OUTER_BOUND ( 'NONE', #581, .T. ) ;
#3074 = ORIENTED_EDGE ( 'NONE', *, *, #5731, .T. ) ;
#3075 = CARTESIAN_POINT ( 'NONE',  ( -52.20456334646874552, 8.124434568406517343, 4.262417259502726097 ) ) ;
#3076 = DIRECTION ( 'NONE',  ( 1.000000000000000000, -0.000000000000000000, -0.000000000000000000 ) ) ;
#3077 = EDGE_LOOP ( 'NONE', ( #7052, #8113, #3933, #5138, #8441, #8862, #10832, #5882, #1642, #10005, #6640 ) ) ;
#3078 = CARTESIAN_POINT ( 'NONE',  ( 0.5999999999999912070, 12.50000000000000000, -13.55000000000000071 ) ) ;
#3079 = VECTOR ( 'NONE', #2683, 1000.000000000000000 ) ;
#3080 = DIRECTION ( 'NONE',  ( 0.000000000000000000, 1.000000000000000000, -1.257045997084642858E-16 ) ) ;
#3081 = LINE ( 'NONE', #4031, #73 ) ;
#3082 = DIRECTION ( 'NONE',  ( 0.000000000000000000, 1.000000000000000000, -0.000000000000000000 ) ) ;
#3083 = ADVANCED_FACE ( 'NONE', ( #7505 ), #11155, .T. ) ;
#3084 = DIRECTION ( 'NONE',  ( 1.000000000000000000, -0.000000000000000000, 0.000000000000000000 ) ) ;
#3085 = EDGE_CURVE ( 'NONE', #3705, #11696, #8158, .T. ) ;
#3086 = CARTESIAN_POINT ( 'NONE',  ( -20.00000000000001066, 15.50000000000000000, -13.55000000000000249 ) ) ;
#3087 = DIRECTION ( 'NONE',  ( -0.000000000000000000, -1.000000000000000000, -0.000000000000000000 ) ) ;
#3088 = DIRECTION ( 'NONE',  ( 0.000000000000000000, 0.000000000000000000, 1.000000000000000000 ) ) ;
#3089 = VERTEX_POINT ( 'NONE', #2096 ) ;
#3090 = ORIENTED_EDGE ( 'NONE', *, *, #3557, .T. ) ;
#3091 = CARTESIAN_POINT ( 'NONE',  ( 31.05096152549725730, 0.1300423822510694272, -8.555729192126857896 ) ) ;
#3092 = CARTESIAN_POINT ( 'NONE',  ( -52.45000000000000995, 6.602280827012616982, -3.001973684210527793 ) ) ;
#3093 = ORIENTED_EDGE ( 'NONE', *, *, #2380, .T. ) ;
#3094 = CARTESIAN_POINT ( 'NONE',  ( 23.85000000000000142, 4.999999999999999112, -10.34999999999999787 ) ) ;
#3095 = ADVANCED_FACE ( 'NONE', ( #5720 ), #4827, .T. ) ;
#3096 = DIRECTION ( 'NONE',  ( 1.000000000000000000, 0.000000000000000000, 4.231032868236115418E-16 ) ) ;
#3097 = CIRCLE ( 'NONE', #4625, 5.199999999999988631 ) ;
#3098 = CARTESIAN_POINT ( 'NONE',  ( -3.368395098984093647E-17, 14.09999999999999964, -11.75000000000000355 ) ) ;
#3099 = ADVANCED_FACE ( 'NONE', ( #7568 ), #2269, .T. ) ;
#3100 = FACE_OUTER_BOUND ( 'NONE', #6686, .T. ) ;
#3101 = ORIENTED_EDGE ( 'NONE', *, *, #6811, .F. ) ;
#3102 = FACE_OUTER_BOUND ( 'NONE', #8666, .T. ) ;
#3103 = B_SPLINE_CURVE_WITH_KNOTS ( 'NONE', 3,
 ( #5976, #2766, #7344, #10876, #1814, #62 ),
 .UNSPECIFIED., .F., .F.,
 ( 4, 2, 4 ),
 ( 0.000000000000000000, 0.0001955837419200947918, 0.0003911674838401895836 ),
 .UNSPECIFIED. ) ;
#3104 = CARTESIAN_POINT ( 'NONE',  ( -47.50000000000000711, 2.499999999999999556, 9.500000000000001776 ) ) ;
#3105 = CARTESIAN_POINT ( 'NONE',  ( -44.46740749738646770, 3.800926503970240677, 8.949999999999905143 ) ) ;
#3106 = ADVANCED_FACE ( 'NONE', ( #3100 ), #9422, .F. ) ;
#3107 = VECTOR ( 'NONE', #5387, 1000.000000000000000 ) ;
#3108 = CARTESIAN_POINT ( 'NONE',  ( -37.36613167787451317, 13.30000000000000071, 12.24999999999999467 ) ) ;
#3109 = ORIENTED_EDGE ( 'NONE', *, *, #2210, .T. ) ;
#3110 = ORIENTED_EDGE ( 'NONE', *, *, #4313, .T. ) ;
#3111 = CIRCLE ( 'NONE', #10150, 8.000000000000000000 ) ;
#3112 = EDGE_CURVE ( 'NONE', #2229, #7053, #1447, .T. ) ;
#3113 = CARTESIAN_POINT ( 'NONE',  ( -52.25000000000001421, 7.899999999999999467, 2.925000000000026912 ) ) ;
#3114 = ORIENTED_EDGE ( 'NONE', *, *, #9453, .F. ) ;
#3115 = AXIS2_PLACEMENT_3D ( 'NONE', #7552, #3982, #9344 ) ;
#3116 = CARTESIAN_POINT ( 'NONE',  ( 1.104085060222564741E-15, 14.10000000000000320, 14.75000000000000355 ) ) ;
#3117 = CARTESIAN_POINT ( 'NONE',  ( -20.00000000000001066, 15.50000000000000000, 13.25000000000000178 ) ) ;
#3118 = ORIENTED_EDGE ( 'NONE', *, *, #10027, .T. ) ;
#3119 = CIRCLE ( 'NONE', #7088, 0.2000000000000007883 ) ;
#3120 = CARTESIAN_POINT ( 'NONE',  ( 0.000000000000000000, 4.000000000000000000, 0.000000000000000000 ) ) ;
#3121 = CARTESIAN_POINT ( 'NONE',  ( 50.24999999999999289, 10.80000000000000071, -2.500000000000000444 ) ) ;
#3122 = VERTEX_POINT ( 'NONE', #9542 ) ;
#3123 = CARTESIAN_POINT ( 'NONE',  ( 51.95000000000000284, 9.300000000000000711, -3.299999999999999822 ) ) ;
#3124 = LINE ( 'NONE', #11471, #10033 ) ;
#3125 = VECTOR ( 'NONE', #3446, 1000.000000000000000 ) ;
#3126 = FACE_OUTER_BOUND ( 'NONE', #7358, .T. ) ;
#3127 = ORIENTED_EDGE ( 'NONE', *, *, #7082, .T. ) ;
#3128 = CARTESIAN_POINT ( 'NONE',  ( -8.072810712594520125E-16, 3.010000000000000231, -9.540000000000015135 ) ) ;
#3129 = ORIENTED_EDGE ( 'NONE', *, *, #10229, .F. ) ;
#3130 = VERTEX_POINT ( 'NONE', #11220 ) ;
#3131 = DIRECTION ( 'NONE',  ( -0.000000000000000000, 1.000000000000000000, -0.000000000000000000 ) ) ;
#3132 = VECTOR ( 'NONE', #10361, 1000.000000000000000 ) ;
#3133 = CARTESIAN_POINT ( 'NONE',  ( 45.25000000000000711, 6.500000000000000000, 0.9682458365518327170 ) ) ;
#3134 = ORIENTED_EDGE ( 'NONE', *, *, #1946, .T. ) ;
#3135 = LINE ( 'NONE', #10410, #4304 ) ;
#3136 = CARTESIAN_POINT ( 'NONE',  ( -34.95000000000000284, 2.658044035770915267E-15, 14.25000000000000533 ) ) ;
#3137 = CARTESIAN_POINT ( 'NONE',  ( 0.000000000000000000, 15.50000000000000000, -13.25000000000000178 ) ) ;
#3138 = DIRECTION ( 'NONE',  ( 0.000000000000000000, 0.000000000000000000, 1.000000000000000000 ) ) ;
#3139 = VERTEX_POINT ( 'NONE', #444 ) ;
#3140 = CARTESIAN_POINT ( 'NONE',  ( -51.95000000000000995, 6.299999999999998046, 2.449999999999999734 ) ) ;
#3141 = DIRECTION ( 'NONE',  ( -0.000000000000000000, 1.000000000000000000, -0.000000000000000000 ) ) ;
#3142 = AXIS2_PLACEMENT_3D ( 'NONE', #2071, #11130, #6588 ) ;
#3143 = CARTESIAN_POINT ( 'NONE',  ( 50.24999999999999289, 10.80000000000000071, -3.299999999999999378 ) ) ;
#3144 = FACE_OUTER_BOUND ( 'NONE', #8009, .T. ) ;
#3145 = ORIENTED_EDGE ( 'NONE', *, *, #3231, .F. ) ;
#3146 = ORIENTED_EDGE ( 'NONE', *, *, #11001, .F. ) ;
#3147 = EDGE_CURVE ( 'NONE', #3932, #11695, #7685, .T. ) ;
#3148 = ORIENTED_EDGE ( 'NONE', *, *, #5123, .T. ) ;
#3149 = EDGE_CURVE ( 'NONE', #4875, #8650, #3751, .T. ) ;
#3150 = LINE ( 'NONE', #1436, #10750 ) ;
#3151 = ADVANCED_FACE ( 'NONE', ( #11393 ), #6719, .F. ) ;
#3152 = CIRCLE ( 'NONE', #4296, 8.000000000000000000 ) ;
#3153 = CARTESIAN_POINT ( 'NONE',  ( 29.60000000000002984, 0.2531612188914915684, 2.298623679425836563 ) ) ;
#3154 = EDGE_LOOP ( 'NONE', ( #7506, #5892, #77, #9637 ) ) ;
#3155 = DIRECTION ( 'NONE',  ( 0.000000000000000000, 1.000000000000000000, -0.000000000000000000 ) ) ;
#3156 = CARTESIAN_POINT ( 'NONE',  ( -52.00633014137976318, 7.900000000003293721, -4.350000000000000533 ) ) ;
#3157 = CARTESIAN_POINT ( 'NONE',  ( -45.19999999999994600, 15.50000000000000000, 13.55000000000000604 ) ) ;
#3158 = CARTESIAN_POINT ( 'NONE',  ( -50.25000000000000711, 7.899999999999999467, -2.449999999999999734 ) ) ;
#3159 = CYLINDRICAL_SURFACE ( 'NONE', #3345, 0.7999999999999997113 ) ;
#3160 = ORIENTED_EDGE ( 'NONE', *, *, #4721, .T. ) ;
#3161 = AXIS2_PLACEMENT_3D ( 'NONE', #10396, #5967, #525 ) ;
#3162 = CARTESIAN_POINT ( 'NONE',  ( -50.26010205144336851, 7.899999999999999467, -4.350000000000000533 ) ) ;
#3163 = VECTOR ( 'NONE', #306, 1000.000000000000000 ) ;
#3164 = EDGE_CURVE ( 'NONE', #6438, #9505, #4053, .T. ) ;
#3165 = ADVANCED_FACE ( 'NONE', ( #2151 ), #2208, .F. ) ;
#3166 = DIRECTION ( 'NONE',  ( -1.000000000000000000, 0.000000000000000000, 0.000000000000000000 ) ) ;
#3167 = ORIENTED_EDGE ( 'NONE', *, *, #4135, .T. ) ;
#3168 = PLANE ( 'NONE',  #1810 ) ;
#3169 = CARTESIAN_POINT ( 'NONE',  ( -44.29620990307861916, 3.747474136593547556, 8.962834363881231781 ) ) ;
#3170 = CIRCLE ( 'NONE', #9824, 2.000000000000001776 ) ;
#3171 = VERTEX_POINT ( 'NONE', #6839 ) ;
#3172 = AXIS2_PLACEMENT_3D ( 'NONE', #3663, #8136, #9023 ) ;
#3173 = CIRCLE ( 'NONE', #5261, 3.750000000000001776 ) ;
#3174 = CARTESIAN_POINT ( 'NONE',  ( -44.75000000000000711, 11.29999999999999716, 14.25000000000000355 ) ) ;
#3175 = ORIENTED_EDGE ( 'NONE', *, *, #5719, .F. ) ;
#3176 = DIRECTION ( 'NONE',  ( -1.000000000000000000, 0.000000000000000000, 0.000000000000000000 ) ) ;
#3177 = LINE ( 'NONE', #8653, #7877 ) ;
#3178 = ORIENTED_EDGE ( 'NONE', *, *, #3361, .F. ) ;
#3179 = ADVANCED_FACE ( 'NONE', ( #11332 ), #3159, .F. ) ;
#3180 = AXIS2_PLACEMENT_3D ( 'NONE', #6309, #3082, #7321 ) ;
#3181 = ORIENTED_EDGE ( 'NONE', *, *, #11181, .F. ) ;
#3182 = AXIS2_PLACEMENT_3D ( 'NONE', #8628, #10426, #1437 ) ;
#3183 = EDGE_CURVE ( 'NONE', #7866, #5277, #7737, .T. ) ;
#3184 = CARTESIAN_POINT ( 'NONE',  ( 47.50000000000000000, 10.50000000000000000, -9.500000000000001776 ) ) ;
#3185 = EDGE_CURVE ( 'NONE', #7647, #5345, #5891, .T. ) ;
#3186 = ORIENTED_EDGE ( 'NONE', *, *, #5989, .F. ) ;
#3187 = DIRECTION ( 'NONE',  ( 0.000000000000000000, 0.000000000000000000, 1.000000000000000000 ) ) ;
#3188 = ORIENTED_EDGE ( 'NONE', *, *, #5430, .T. ) ;
#3189 = LINE ( 'NONE', #7529, #6014 ) ;
#3190 = LINE ( 'NONE', #639, #9268 ) ;
#3191 = CARTESIAN_POINT ( 'NONE',  ( -44.80556128293851259, 4.021988223254127526, 8.949999999999988631 ) ) ;
#3192 = DIRECTION ( 'NONE',  ( -1.000000000000000000, 0.000000000000000000, 0.000000000000000000 ) ) ;
#3193 = ORIENTED_EDGE ( 'NONE', *, *, #4622, .F. ) ;
#3194 = ORIENTED_EDGE ( 'NONE', *, *, #5153, .F. ) ;
#3195 = FACE_OUTER_BOUND ( 'NONE', #3351, .T. ) ;
#3196 = DIRECTION ( 'NONE',  ( -1.176083712526649195E-16, 0.000000000000000000, -1.000000000000000000 ) ) ;
#3197 = ORIENTED_EDGE ( 'NONE', *, *, #6573, .F. ) ;
#3198 = DIRECTION ( 'NONE',  ( 0.000000000000000000, 0.000000000000000000, -1.000000000000000000 ) ) ;
#3199 = CARTESIAN_POINT ( 'NONE',  ( -20.00000000000001066, 14.00000000000000000, 13.54999999999999716 ) ) ;
#3200 = ORIENTED_EDGE ( 'NONE', *, *, #4121, .T. ) ;
#3201 = FACE_OUTER_BOUND ( 'NONE', #1923, .T. ) ;
#3202 = ORIENTED_EDGE ( 'NONE', *, *, #3035, .F. ) ;
#3203 = DIRECTION ( 'NONE',  ( 0.000000000000000000, 0.000000000000000000, 1.000000000000000000 ) ) ;
#3204 = LINE ( 'NONE', #4872, #3444 ) ;
#3205 = DIRECTION ( 'NONE',  ( -0.000000000000000000, -1.000000000000000000, -0.000000000000000000 ) ) ;
#3206 = DIRECTION ( 'NONE',  ( 0.000000000000000000, 0.000000000000000000, 1.000000000000000000 ) ) ;
#3207 = VERTEX_POINT ( 'NONE', #562 ) ;
#3208 = ORIENTED_EDGE ( 'NONE', *, *, #7882, .T. ) ;
#3209 = CARTESIAN_POINT ( 'NONE',  ( 50.25000000000000000, 15.50000000000000000, 9.499999999999982236 ) ) ;
#3210 = CARTESIAN_POINT ( 'NONE',  ( -50.26010205144336851, 7.899999999999999467, -4.350000000000000533 ) ) ;
#3211 = CARTESIAN_POINT ( 'NONE',  ( -52.27769444090100137, 6.614324626393978335, -3.205023119328128445 ) ) ;
#3212 = VERTEX_POINT ( 'NONE', #11273 ) ;
#3213 = FACE_OUTER_BOUND ( 'NONE', #9743, .T. ) ;
#3214 = DIRECTION ( 'NONE',  ( -4.231032868236115418E-16, 0.000000000000000000, 1.000000000000000000 ) ) ;
#3215 = CARTESIAN_POINT ( 'NONE',  ( -40.15000000000000568, 13.29999999999999893, -12.50000000000000000 ) ) ;
#3216 = EDGE_CURVE ( 'NONE', #6795, #1376, #3943, .T. ) ;
#3217 = AXIS2_PLACEMENT_3D ( 'NONE', #8007, #8733, #10756 ) ;
#3218 = DIRECTION ( 'NONE',  ( -0.000000000000000000, 1.000000000000000000, -0.000000000000000000 ) ) ;
#3219 = ORIENTED_EDGE ( 'NONE', *, *, #7831, .T. ) ;
#3220 = ADVANCED_FACE ( 'NONE', ( #4176 ), #328, .T. ) ;
#3221 = CARTESIAN_POINT ( 'NONE',  ( -50.25000000000000711, 7.291723746970176556, -4.250000000000000000 ) ) ;
#3222 = AXIS2_PLACEMENT_3D ( 'NONE', #5647, #1141, #8385 ) ;
#3223 = VECTOR ( 'NONE', #7687, 1000.000000000000000 ) ;
#3224 = DIRECTION ( 'NONE',  ( -1.000000000000000000, 0.000000000000000000, -0.000000000000000000 ) ) ;
#3225 = CARTESIAN_POINT ( 'NONE',  ( -3.469693845669876708, 12.50000000000000000, -13.55000000000000071 ) ) ;
#3226 = EDGE_LOOP ( 'NONE', ( #6258, #7540, #8589, #3936 ) ) ;
#3227 = CARTESIAN_POINT ( 'NONE',  ( 38.16960222758092414, 0.000000000000000000, -8.184264693320331574 ) ) ;
#3228 = ORIENTED_EDGE ( 'NONE', *, *, #582, .F. ) ;
#3229 = AXIS2_PLACEMENT_3D ( 'NONE', #2083, #9346, #8068 ) ;
#3230 = CARTESIAN_POINT ( 'NONE',  ( -50.75000000000000711, 13.74843699104228989, -6.750000000000000000 ) ) ;
#3231 = EDGE_CURVE ( 'NONE', #9828, #8607, #5604, .T. ) ;
#3232 = ORIENTED_EDGE ( 'NONE', *, *, #7067, .F. ) ;
#3233 = DIRECTION ( 'NONE',  ( 0.000000000000000000, 1.000000000000000000, 0.000000000000000000 ) ) ;
#3234 = EDGE_CURVE ( 'NONE', #2423, #10343, #10585, .T. ) ;
#3235 = DIRECTION ( 'NONE',  ( 0.000000000000000000, 0.000000000000000000, 1.000000000000000000 ) ) ;
#3236 = ORIENTED_EDGE ( 'NONE', *, *, #7530, .F. ) ;
#3237 = PLANE ( 'NONE',  #4648 ) ;
#3238 = CARTESIAN_POINT ( 'NONE',  ( -52.40568058483292901, 6.815219914338410234, 3.641416195902966724 ) ) ;
#3239 = ORIENTED_EDGE ( 'NONE', *, *, #1831, .F. ) ;
#3240 = DIRECTION ( 'NONE',  ( -1.000000000000000000, 0.000000000000000000, -0.000000000000000000 ) ) ;
#3241 = CIRCLE ( 'NONE', #4766, 2.000000000000000000 ) ;
#3242 = ORIENTED_EDGE ( 'NONE', *, *, #6119, .T. ) ;
#3243 = CARTESIAN_POINT ( 'NONE',  ( 25.25635347795578056, 0.2531612188914910133, -5.224792786874574269 ) ) ;
#3244 = CARTESIAN_POINT ( 'NONE',  ( 35.44364652204421162, 0.5999999999999989786, -5.224792786874609796 ) ) ;
#3245 = ADVANCED_FACE ( 'NONE', ( #786 ), #1552, .F. ) ;
#3246 = CARTESIAN_POINT ( 'NONE',  ( -50.25000000000000711, 4.000000000000001776, 4.250000000000000000 ) ) ;
#3247 = EDGE_CURVE ( 'NONE', #5019, #2767, #2965, .T. ) ;
#3248 = CARTESIAN_POINT ( 'NONE',  ( 22.81827201635470459, 0.5000000000000000000, -10.08172798364529754 ) ) ;
#3249 = EDGE_LOOP ( 'NONE', ( #9529, #9617, #5164, #4314, #379, #8472, #2739, #9098 ) ) ;
#3250 = CARTESIAN_POINT ( 'NONE',  ( 49.74999999999999289, 0.000000000000000000, -9.499999999999966249 ) ) ;
#3251 = ORIENTED_EDGE ( 'NONE', *, *, #9287, .T. ) ;
#3252 = CARTESIAN_POINT ( 'NONE',  ( -52.26145520592810811, 7.792409053680083630, 4.225057692675053822 ) ) ;
#3253 = CARTESIAN_POINT ( 'NONE',  ( 34.61143789659458037, 0.000000000000000000, -0.1700424409956041161 ) ) ;
#3254 = ORIENTED_EDGE ( 'NONE', *, *, #4052, .T. ) ;
#3255 = CARTESIAN_POINT ( 'NONE',  ( -40.12314042967216210, 13.29694875387735209, -12.36973257420731542 ) ) ;
#3256 = CARTESIAN_POINT ( 'NONE',  ( 34.65070682527642276, 0.02221052063481831693, 0.01103345569499084022 ) ) ;
#3257 = ORIENTED_EDGE ( 'NONE', *, *, #10875, .T. ) ;
#3258 = CARTESIAN_POINT ( 'NONE',  ( -34.55000000000001137, 3.199999999999999734, 0.000000000000000000 ) ) ;
#3259 = EDGE_CURVE ( 'NONE', #7543, #2926, #7123, .T. ) ;
#3260 = VECTOR ( 'NONE', #11349, 1000.000000000000000 ) ;
#3261 = EDGE_LOOP ( 'NONE', ( #8023, #7724, #10201, #9899 ) ) ;
#3262 = FACE_OUTER_BOUND ( 'NONE', #4547, .T. ) ;
#3263 = EDGE_CURVE ( 'NONE', #10901, #3577, #8809, .T. ) ;
#3264 = CARTESIAN_POINT ( 'NONE',  ( 0.000000000000000000, 4.000000000000000000, -12.25000000000000000 ) ) ;
#3265 = DIRECTION ( 'NONE',  ( -0.000000000000000000, 0.000000000000000000, -1.000000000000000000 ) ) ;
#3266 = ORIENTED_EDGE ( 'NONE', *, *, #2408, .F. ) ;
#3267 = ORIENTED_EDGE ( 'NONE', *, *, #11236, .F. ) ;
#3268 = CIRCLE ( 'NONE', #1942, 5.499999999999988454 ) ;
#3269 = VERTEX_POINT ( 'NONE', #9938 ) ;
#3270 = DIRECTION ( 'NONE',  ( 0.000000000000000000, 1.000000000000000000, 0.000000000000000000 ) ) ;
#3271 = CARTESIAN_POINT ( 'NONE',  ( -39.55000000000000426, 4.000000000000000000, -12.25000000000000000 ) ) ;
#3272 = CARTESIAN_POINT ( 'NONE',  ( -50.25000000000000711, 8.508276253029821490, -4.250000000000000000 ) ) ;
#3273 = ORIENTED_EDGE ( 'NONE', *, *, #5430, .F. ) ;
#3274 = CARTESIAN_POINT ( 'NONE',  ( -15.77802059593038564, 10.50000000000000000, -5.742729852557515002 ) ) ;
#3275 = CARTESIAN_POINT ( 'NONE',  ( -52.00633259687491261, 8.020914595560233451, 4.350009616020405367 ) ) ;
#3276 = CARTESIAN_POINT ( 'NONE',  ( 35.34937047899919094, 0.09795398803915146557, -5.256839648981009638 ) ) ;
#3277 = CIRCLE ( 'NONE', #4797, 1.499999999999999556 ) ;
#3278 = DIRECTION ( 'NONE',  ( -1.000000000000000000, 0.000000000000000000, 0.000000000000000000 ) ) ;
#3279 = VERTEX_POINT ( 'NONE', #5359 ) ;
#3280 = DIRECTION ( 'NONE',  ( 0.000000000000000000, 0.000000000000000000, 1.000000000000000000 ) ) ;
#3281 = CARTESIAN_POINT ( 'NONE',  ( 20.65000000000000213, 4.999999999999999112, 0.000000000000000000 ) ) ;
#3282 = DIRECTION ( 'NONE',  ( 0.000000000000000000, 1.000000000000000000, -0.000000000000000000 ) ) ;
#3283 = EDGE_CURVE ( 'NONE', #8420, #767, #7921, .T. ) ;
#3284 = FACE_OUTER_BOUND ( 'NONE', #2750, .T. ) ;
#3285 = ORIENTED_EDGE ( 'NONE', *, *, #5749, .F. ) ;
#3286 = LINE ( 'NONE', #9494, #8731 ) ;
#3287 = ORIENTED_EDGE ( 'NONE', *, *, #6666, .F. ) ;
#3288 = CARTESIAN_POINT ( 'NONE',  ( 29.59999999999998010, 0.2999999999999998779, -8.598623679425841715 ) ) ;
#3289 = CARTESIAN_POINT ( 'NONE',  ( -52.45000000000000995, 9.197719172987381953, -3.001973684210528237 ) ) ;
#3290 = CARTESIAN_POINT ( 'NONE',  ( 29.67488974319436323, 0.09795591405267994878, -8.533003138207066129 ) ) ;
#3291 = EDGE_CURVE ( 'NONE', #2199, #4963, #7063, .T. ) ;
#3292 = VECTOR ( 'NONE', #1347, 1000.000000000000000 ) ;
#3293 = AXIS2_PLACEMENT_3D ( 'NONE', #3342, #4422, #677 ) ;
#3294 = EDGE_CURVE ( 'NONE', #495, #7838, #5811, .T. ) ;
#3295 = CARTESIAN_POINT ( 'NONE',  ( -34.55000000000001137, 3.199999999999999734, -8.568403375880722095 ) ) ;
#3296 = EDGE_LOOP ( 'NONE', ( #7952, #1965, #11152, #9230, #9433, #4383, #8975 ) ) ;
#3297 = CARTESIAN_POINT ( 'NONE',  ( 0.000000000000000000, 4.000000000000000000, -12.25000000000000000 ) ) ;
#3298 = CARTESIAN_POINT ( 'NONE',  ( 31.09999999999998010, 0.3838500223531486899, -12.11869555732604908 ) ) ;
#3299 = CARTESIAN_POINT ( 'NONE',  ( -42.17685957032786348, 4.003051246122646845, -12.36973257420731542 ) ) ;
#3300 = AXIS2_PLACEMENT_3D ( 'NONE', #3526, #6262, #5256 ) ;
#3301 = CARTESIAN_POINT ( 'NONE',  ( 6.964593510958737361E-16, 12.50000000000000000, -13.55000000000000071 ) ) ;
#3302 = ORIENTED_EDGE ( 'NONE', *, *, #11720, .F. ) ;
#3303 = DIRECTION ( 'NONE',  ( -5.139921410301690239E-16, 0.000000000000000000, 1.000000000000000000 ) ) ;
#3304 = EDGE_CURVE ( 'NONE', #3420, #11466, #11741, .T. ) ;
#3305 = EDGE_LOOP ( 'NONE', ( #11217, #10080, #68, #7499, #7372, #3487 ) ) ;
#3306 = ADVANCED_FACE ( 'NONE', ( #3568 ), #3391, .T. ) ;
#3307 = ORIENTED_EDGE ( 'NONE', *, *, #10444, .T. ) ;
#3308 = CARTESIAN_POINT ( 'NONE',  ( -50.25000000000000711, 13.79999999999999893, 7.250000000000000888 ) ) ;
#3309 = CARTESIAN_POINT ( 'NONE',  ( -52.25000000000002132, 9.375309376387376048, -3.137817860687482696 ) ) ;
#3310 = ORIENTED_EDGE ( 'NONE', *, *, #6428, .T. ) ;
#3311 = CARTESIAN_POINT ( 'NONE',  ( -52.40568058483291480, 6.648330670390474317, 3.751634072195725533 ) ) ;
#3312 = CIRCLE ( 'NONE', #1062, 2.000000000000000000 ) ;
#3313 = CARTESIAN_POINT ( 'NONE',  ( -2.000000000000008882, 12.30000000000000071, -14.75000000000000178 ) ) ;
#3314 = VECTOR ( 'NONE', #6257, 1000.000000000000000 ) ;
#3315 = DIRECTION ( 'NONE',  ( -0.000000000000000000, -1.000000000000000000, -0.000000000000000000 ) ) ;
#3316 = VERTEX_POINT ( 'NONE', #5305 ) ;
#3317 = AXIS2_PLACEMENT_3D ( 'NONE', #3989, #9353, #7496 ) ;
#3318 = ADVANCED_FACE ( 'NONE', ( #3498 ), #2614, .F. ) ;
#3319 = ORIENTED_EDGE ( 'NONE', *, *, #11338, .T. ) ;
#3320 = EDGE_CURVE ( 'NONE', #8500, #11568, #8299, .T. ) ;
#3321 = FACE_OUTER_BOUND ( 'NONE', #4561, .T. ) ;
#3322 = ADVANCED_FACE ( 'NONE', ( #1724 ), #7979, .F. ) ;
#3323 = ORIENTED_EDGE ( 'NONE', *, *, #2484, .F. ) ;
#3324 = DIRECTION ( 'NONE',  ( 0.000000000000000000, 1.000000000000000000, -0.000000000000000000 ) ) ;
#3325 = DIRECTION ( 'NONE',  ( 1.000000000000000000, 0.000000000000000000, -0.000000000000000000 ) ) ;
#3326 = ORIENTED_EDGE ( 'NONE', *, *, #1808, .T. ) ;
#3327 = CARTESIAN_POINT ( 'NONE',  ( -2.036682489283829767E-14, 12.30000000000000071, 14.75000000000003553 ) ) ;
#3328 = CIRCLE ( 'NONE', #9428, 0.8500000000000000888 ) ;
#3329 = CARTESIAN_POINT ( 'NONE',  ( -42.63096821607128106, 3.999650892192144536, 12.27727016374981694 ) ) ;
#3330 = AXIS2_PLACEMENT_3D ( 'NONE', #24, #82, #9100 ) ;
#3331 = CARTESIAN_POINT ( 'NONE',  ( -44.75000000000000711, 6.000000000000000000, 12.25000000000000533 ) ) ;
#3332 = VERTEX_POINT ( 'NONE', #4465 ) ;
#3333 = DIRECTION ( 'NONE',  ( 1.826024711554533223E-15, 0.000000000000000000, -1.000000000000000000 ) ) ;
#3334 = ORIENTED_EDGE ( 'NONE', *, *, #1689, .T. ) ;
#3335 = AXIS2_PLACEMENT_3D ( 'NONE', #4046, #11324, #11386 ) ;
#3336 = CYLINDRICAL_SURFACE ( 'NONE', #9784, 2.450000000000000622 ) ;
#3337 = CARTESIAN_POINT ( 'NONE',  ( -20.00000000000001066, 15.50001199999999990, 14.75000000000000355 ) ) ;
#3338 = CARTESIAN_POINT ( 'NONE',  ( 2.099999999999991207, 12.50000000000000000, 13.35000000000019149 ) ) ;
#3339 = ORIENTED_EDGE ( 'NONE', *, *, #1582, .T. ) ;
#3340 = ORIENTED_EDGE ( 'NONE', *, *, #8909, .T. ) ;
#3341 = CARTESIAN_POINT ( 'NONE',  ( 1.036764281119435083, 12.50000000000000000, -14.75000000000000178 ) ) ;
#3342 = CARTESIAN_POINT ( 'NONE',  ( -37.54999999999999716, 6.000000000000000000, -12.25000000000000533 ) ) ;
#3343 = CIRCLE ( 'NONE', #5247, 2.000000000000001776 ) ;
#3344 = DIRECTION ( 'NONE',  ( 0.000000000000000000, -1.000000000000000000, 1.865294060190115224E-16 ) ) ;
#3345 = AXIS2_PLACEMENT_3D ( 'NONE', #6898, #388, #10487 ) ;
#3346 = VECTOR ( 'NONE', #3801, 1000.000000000000000 ) ;
#3347 = CARTESIAN_POINT ( 'NONE',  ( -2.000000000000008882, 12.50000000000000000, 13.85000000000018971 ) ) ;
#3348 = CARTESIAN_POINT ( 'NONE',  ( 41.25000000000000000, 0.5999999999999989786, 4.549999999999997158 ) ) ;
#3349 = CARTESIAN_POINT ( 'NONE',  ( -52.25000000000001421, 9.397368276523902608, -3.013815789473690998 ) ) ;
#3350 = CARTESIAN_POINT ( 'NONE',  ( -50.62414699764051562, 4.098190036988465401, 4.750000000000002665 ) ) ;
#3351 = EDGE_LOOP ( 'NONE', ( #1014, #11490, #11083, #8850 ) ) ;
#3352 = EDGE_LOOP ( 'NONE', ( #10331, #673, #737, #2414 ) ) ;
#3353 = LINE ( 'NONE', #3464, #9970 ) ;
#3354 = AXIS2_PLACEMENT_3D ( 'NONE', #228, #10146, #1806 ) ;
#3355 = AXIS2_PLACEMENT_3D ( 'NONE', #11585, #6983, #7091 ) ;
#3356 = ORIENTED_EDGE ( 'NONE', *, *, #1156, .F. ) ;
#3357 = CARTESIAN_POINT ( 'NONE',  ( 34.69078593913441466, 0.2077800755113645703, -6.509161280118003212 ) ) ;
#3358 = ORIENTED_EDGE ( 'NONE', *, *, #6486, .T. ) ;
#3359 = DIRECTION ( 'NONE',  ( 0.000000000000000000, 0.000000000000000000, 1.000000000000000000 ) ) ;
#3360 = DIRECTION ( 'NONE',  ( 0.000000000000000000, 0.000000000000000000, 1.000000000000000000 ) ) ;
#3361 = EDGE_CURVE ( 'NONE', #9518, #4054, #8093, .T. ) ;
#3362 = AXIS2_PLACEMENT_3D ( 'NONE', #675, #3399, #7931 ) ;
#3363 = CIRCLE ( 'NONE', #5462, 0.9899999999999995470 ) ;
#3364 = CIRCLE ( 'NONE', #1098, 1.600000000000000755 ) ;
#3365 = EDGE_CURVE ( 'NONE', #9657, #2978, #8743, .T. ) ;
#3366 = CARTESIAN_POINT ( 'NONE',  ( -52.45000000000001705, 7.899999999999999467, 2.925000000000026912 ) ) ;
#3367 = ORIENTED_EDGE ( 'NONE', *, *, #6072, .T. ) ;
#3368 = DIRECTION ( 'NONE',  ( -0.8660254037844384856, 0.000000000000000000, 0.5000000000000003331 ) ) ;
#3369 = VERTEX_POINT ( 'NONE', #6295 ) ;
#3370 = ORIENTED_EDGE ( 'NONE', *, *, #8725, .F. ) ;
#3371 = CARTESIAN_POINT ( 'NONE',  ( -42.75000000000000000, 6.000000000000000000, -12.25000000000000533 ) ) ;
#3372 = AXIS2_PLACEMENT_3D ( 'NONE', #8252, #11014, #2839 ) ;
#3373 = CARTESIAN_POINT ( 'NONE',  ( 52.75100000000002609, 6.599999999999997868, 2.924999999999979394 ) ) ;
#3374 = ORIENTED_EDGE ( 'NONE', *, *, #5520, .T. ) ;
#3375 = DIRECTION ( 'NONE',  ( 0.000000000000000000, -1.000000000000000000, 0.000000000000000000 ) ) ;
#3376 = CARTESIAN_POINT ( 'NONE',  ( 47.49999999999997868, 8.500000000000000000, 12.25000000000000711 ) ) ;
#3377 = EDGE_CURVE ( 'NONE', #3985, #3705, #208, .T. ) ;
#3378 = EDGE_CURVE ( 'NONE', #6679, #1533, #1780, .T. ) ;
#3379 = CARTESIAN_POINT ( 'NONE',  ( -14.05000000000000782, 4.000000000000000000, 0.000000000000000000 ) ) ;
#3380 = ORIENTED_EDGE ( 'NONE', *, *, #8342, .T. ) ;
#3381 = VECTOR ( 'NONE', #4424, 1000.000000000000000 ) ;
#3382 = ORIENTED_EDGE ( 'NONE', *, *, #8604, .F. ) ;
#3383 = CIRCLE ( 'NONE', #7762, 2.750000000000000888 ) ;
#3384 = CARTESIAN_POINT ( 'NONE',  ( -52.25000000000002132, 6.424690623612606899, 3.137817860687452498 ) ) ;
#3385 = DIRECTION ( 'NONE',  ( 0.000000000000000000, -0.000000000000000000, -1.000000000000000000 ) ) ;
#3386 = DIRECTION ( 'NONE',  ( -1.000000000000000000, 0.000000000000000000, 0.000000000000000000 ) ) ;
#3387 = CARTESIAN_POINT ( 'NONE',  ( 47.50000000000000000, 7.500000000000000000, -9.500000000000001776 ) ) ;
#3388 = CARTESIAN_POINT ( 'NONE',  ( -52.22340835089975997, 9.094609242404771976, -3.692296232791189237 ) ) ;
#3389 = EDGE_CURVE ( 'NONE', #1313, #8282, #5586, .T. ) ;
#3390 = CARTESIAN_POINT ( 'NONE',  ( 51.95000000000000284, 10.80000000000000071, 3.299999999999999378 ) ) ;
#3391 = CYLINDRICAL_SURFACE ( 'NONE', #6189, 0.1999999999999987899 ) ;
#3392 = EDGE_LOOP ( 'NONE', ( #5966, #363, #8983, #1657, #8455, #8265, #996, #9394 ) ) ;
#3393 = EDGE_CURVE ( 'NONE', #10862, #832, #4530, .T. ) ;
#3394 = CARTESIAN_POINT ( 'NONE',  ( -52.36521917770301116, 8.703668377989830063, -3.968786056728811129 ) ) ;
#3395 = FACE_OUTER_BOUND ( 'NONE', #96, .T. ) ;
#3396 = VERTEX_POINT ( 'NONE', #11080 ) ;
#3397 = LINE ( 'NONE', #4360, #1634 ) ;
#3398 = VERTEX_POINT ( 'NONE', #3627 ) ;
#3399 = DIRECTION ( 'NONE',  ( 0.000000000000000000, 1.865294060190115224E-16, 1.000000000000000000 ) ) ;
#3400 = ORIENTED_EDGE ( 'NONE', *, *, #3112, .T. ) ;
#3401 = CARTESIAN_POINT ( 'NONE',  ( -25.50000000000004263, 12.30000000000000071, 6.805453636524403956E-14 ) ) ;
#3402 = DIRECTION ( 'NONE',  ( -3.652049423109083111E-16, 0.000000000000000000, -1.000000000000000000 ) ) ;
#3403 = AXIS2_PLACEMENT_3D ( 'NONE', #2549, #1673, #8757 ) ;
#3404 = DIRECTION ( 'NONE',  ( -1.000000000000000000, 0.000000000000000000, -1.871330610546719070E-17 ) ) ;
#3405 = VERTEX_POINT ( 'NONE', #6476 ) ;
#3406 = ADVANCED_FACE ( 'NONE', ( #7490 ), #2856, .F. ) ;
#3407 = CARTESIAN_POINT ( 'NONE',  ( 2.009170479469691184, 14.00000000000000000, 14.75000000000000178 ) ) ;
#3408 = CARTESIAN_POINT ( 'NONE',  ( -52.70000000000000284, 11.34999999999999964, 4.750000000000001776 ) ) ;
#3409 = DIRECTION ( 'NONE',  ( -0.000000000000000000, -0.000000000000000000, -1.000000000000000000 ) ) ;
#3410 = ORIENTED_EDGE ( 'NONE', *, *, #8319, .F. ) ;
#3411 = B_SPLINE_CURVE_WITH_KNOTS ( 'NONE', 3,
 ( #4921, #6876, #11253, #649, #11428, #10344 ),
 .UNSPECIFIED., .F., .F.,
 ( 4, 2, 4 ),
 ( 0.000000000000000000, 0.0003998829610749798577, 0.0007997659221499597154 ),
 .UNSPECIFIED. ) ;
#3412 = ORIENTED_EDGE ( 'NONE', *, *, #4781, .T. ) ;
#3413 = PLANE ( 'NONE',  #1783 ) ;
#3414 = CARTESIAN_POINT ( 'NONE',  ( 29.90000000000002345, 0.000000000000000000, 6.139106523234628909 ) ) ;
#3415 = LINE ( 'NONE', #6863, #11738 ) ;
#3416 = DIRECTION ( 'NONE',  ( 1.000000000000000000, 0.000000000000000000, -0.000000000000000000 ) ) ;
#3417 = CARTESIAN_POINT ( 'NONE',  ( 41.25000000000000711, 5.500000000000000000, 8.250000000000003553 ) ) ;
#3418 = FACE_OUTER_BOUND ( 'NONE', #958, .T. ) ;
#3419 = CARTESIAN_POINT ( 'NONE',  ( 3.099999999999991651, 12.50000000000000000, -13.45000000000019114 ) ) ;
#3420 = VERTEX_POINT ( 'NONE', #10244 ) ;
#3421 = DIRECTION ( 'NONE',  ( -0.000000000000000000, 1.000000000000000000, -0.000000000000000000 ) ) ;
#3422 = ORIENTED_EDGE ( 'NONE', *, *, #10067, .F. ) ;
#3423 = EDGE_LOOP ( 'NONE', ( #50, #1755, #1762, #7885, #5020, #9229, #489, #7661 ) ) ;
#3424 = CARTESIAN_POINT ( 'NONE',  ( 0.000000000000000000, 10.50000000000000000, -12.25000000000000178 ) ) ;
#3425 = CARTESIAN_POINT ( 'NONE',  ( -34.55000000000001137, 4.000000000000000000, 11.44999999999999218 ) ) ;
#3426 = ORIENTED_EDGE ( 'NONE', *, *, #8124, .F. ) ;
#3427 = EDGE_CURVE ( 'NONE', #4082, #7417, #11034, .T. ) ;
#3428 = CARTESIAN_POINT ( 'NONE',  ( -52.25000000000001421, 9.500000000000000000, 2.449999999999999734 ) ) ;
#3429 = CARTESIAN_POINT ( 'NONE',  ( -52.27563198490998531, 6.808115275766807528, 3.630658523920720082 ) ) ;
#3430 = EDGE_LOOP ( 'NONE', ( #5881, #1103, #704, #2682 ) ) ;
#3431 = FACE_OUTER_BOUND ( 'NONE', #397, .T. ) ;
#3432 = VERTEX_POINT ( 'NONE', #2024 ) ;
#3433 = VERTEX_POINT ( 'NONE', #1845 ) ;
#3434 = DIRECTION ( 'NONE',  ( -1.000000000000000000, 0.000000000000000000, 0.000000000000000000 ) ) ;
#3435 = EDGE_CURVE ( 'NONE', #5941, #6943, #5417, .T. ) ;
#3436 = ORIENTED_EDGE ( 'NONE', *, *, #5175, .T. ) ;
#3437 = CARTESIAN_POINT ( 'NONE',  ( -52.25000000000001421, 9.397368276523906161, 3.013815789473679008 ) ) ;
#3438 = DIRECTION ( 'NONE',  ( -1.000000000000000000, 0.000000000000000000, -0.000000000000000000 ) ) ;
#3439 = FACE_OUTER_BOUND ( 'NONE', #1894, .T. ) ;
#3440 = EDGE_CURVE ( 'NONE', #329, #10270, #9041, .T. ) ;
#3441 = CARTESIAN_POINT ( 'NONE',  ( -52.40568058483292901, 8.984780085661590476, 3.641416195902962283 ) ) ;
#3442 = CARTESIAN_POINT ( 'NONE',  ( -53.20100000000002183, 9.300000000000000711, -2.500000000000000444 ) ) ;
#3443 = ORIENTED_EDGE ( 'NONE', *, *, #2520, .T. ) ;
#3444 = VECTOR ( 'NONE', #4983, 999.9999999999998863 ) ;
#3445 = FACE_OUTER_BOUND ( 'NONE', #10363, .T. ) ;
#3446 = DIRECTION ( 'NONE',  ( 1.000000000000000000, 0.000000000000000000, 2.667330462785983744E-14 ) ) ;
#3447 = ORIENTED_EDGE ( 'NONE', *, *, #9082, .F. ) ;
#3448 = EDGE_CURVE ( 'NONE', #765, #1687, #1147, .T. ) ;
#3449 = CARTESIAN_POINT ( 'NONE',  ( -2.000000000000008882, 12.50000000000000000, -13.85000000000018971 ) ) ;
#3450 = ORIENTED_EDGE ( 'NONE', *, *, #10028, .T. ) ;
#3451 = EDGE_CURVE ( 'NONE', #9280, #5143, #10271, .T. ) ;
#3452 = CARTESIAN_POINT ( 'NONE',  ( -37.55000000000087113, 13.29257972656639097, 12.43438872810979490 ) ) ;
#3453 =( GEOMETRIC_REPRESENTATION_CONTEXT ( 3 ) GLOBAL_UNCERTAINTY_ASSIGNED_CONTEXT ( ( #8964 ) ) GLOBAL_UNIT_ASSIGNED_CONTEXT ( ( #1790, #1973, #7133 ) ) REPRESENTATION_CONTEXT ( 'NONE', 'WORKASPACE' ) );
#3454 = CARTESIAN_POINT ( 'NONE',  ( 6.964593510958737361E-16, 10.50000000000000000, -13.55000000000000071 ) ) ;
#3455 = CARTESIAN_POINT ( 'NONE',  ( -52.20449052920059785, 7.658825211874621175, 4.260318664616350226 ) ) ;
#3456 = CARTESIAN_POINT ( 'NONE',  ( 0.000000000000000000, 15.50000000000000000, -13.55000000000000249 ) ) ;
#3457 = ORIENTED_EDGE ( 'NONE', *, *, #2149, .F. ) ;
#3458 = DIRECTION ( 'NONE',  ( -1.000000000000000000, 0.000000000000000000, 0.000000000000000000 ) ) ;
#3459 = CARTESIAN_POINT ( 'NONE',  ( 20.65000000000000213, 4.000000000000000000, -8.550000000000029132 ) ) ;
#3460 = ORIENTED_EDGE ( 'NONE', *, *, #2168, .T. ) ;
#3461 = EDGE_LOOP ( 'NONE', ( #479, #2058, #1597, #543 ) ) ;
#3462 = VECTOR ( 'NONE', #2866, 1000.000000000000000 ) ;
#3463 = ORIENTED_EDGE ( 'NONE', *, *, #2962, .F. ) ;
#3464 = CARTESIAN_POINT ( 'NONE',  ( 41.25000000000000000, 0.5999999999999989786, 8.349999999999997868 ) ) ;
#3465 = EDGE_CURVE ( 'NONE', #5299, #7047, #6421, .T. ) ;
#3466 = CARTESIAN_POINT ( 'NONE',  ( 47.49999999999999289, 2.499999999999999556, -10.34999999999999787 ) ) ;
#3467 = EDGE_CURVE ( 'NONE', #181, #8930, #10062, .T. ) ;
#3468 = CARTESIAN_POINT ( 'NONE',  ( -8.958845726811304644, 12.30000000000000071, 13.55000000000019078 ) ) ;
#3469 = CARTESIAN_POINT ( 'NONE',  ( -42.15000000000000568, 2.658044035770915267E-15, 14.25000000000000533 ) ) ;
#3470 = CARTESIAN_POINT ( 'NONE',  ( 31.09999999999998010, 0.3260746554922951956, -12.12433040485560021 ) ) ;
#3471 = DIRECTION ( 'NONE',  ( 0.000000000000000000, 0.000000000000000000, 1.000000000000000000 ) ) ;
#3472 = CARTESIAN_POINT ( 'NONE',  ( -34.70000000000000284, 4.000000000000000000, -12.25000000000000000 ) ) ;
#3473 = CARTESIAN_POINT ( 'NONE',  ( 34.69364652204422583, -0.001000000000000024307, 0.2238308925512338399 ) ) ;
#3474 = CARTESIAN_POINT ( 'NONE',  ( -40.15000000000000568, 6.000000000000000000, -14.25000000000000355 ) ) ;
#3475 = ORIENTED_EDGE ( 'NONE', *, *, #8692, .T. ) ;
#3476 = VECTOR ( 'NONE', #1737, 1000.000000000000000 ) ;
#3477 = CARTESIAN_POINT ( 'NONE',  ( 20.65000000000000213, 0.5999999999999989786, 8.349999999999997868 ) ) ;
#3478 = ORIENTED_EDGE ( 'NONE', *, *, #2382, .F. ) ;
#3479 = ORIENTED_EDGE ( 'NONE', *, *, #5030, .T. ) ;
#3480 = DIRECTION ( 'NONE',  ( 1.000000000000000000, 0.000000000000000000, 7.304098846218136886E-17 ) ) ;
#3481 = CARTESIAN_POINT ( 'NONE',  ( -52.23135835191838794, 9.172116944819823203, -3.593343174115885219 ) ) ;
#3482 = ORIENTED_EDGE ( 'NONE', *, *, #6236, .F. ) ;
#3483 = DIRECTION ( 'NONE',  ( -1.000000000000000000, 0.000000000000000000, 0.000000000000000000 ) ) ;
#3484 = VECTOR ( 'NONE', #2888, 1000.000000000000000 ) ;
#3485 = CARTESIAN_POINT ( 'NONE',  ( -52.45000000000000995, 6.602280827012613429, 3.001973684210524240 ) ) ;
#3486 = VECTOR ( 'NONE', #7572, 1000.000000000000000 ) ;
#3487 = ORIENTED_EDGE ( 'NONE', *, *, #8851, .T. ) ;
#3488 = DIRECTION ( 'NONE',  ( 0.000000000000000000, 0.000000000000000000, -1.000000000000000000 ) ) ;
#3489 = ORIENTED_EDGE ( 'NONE', *, *, #760, .T. ) ;
#3490 = VERTEX_POINT ( 'NONE', #2730 ) ;
#3491 = AXIS2_PLACEMENT_3D ( 'NONE', #5837, #10376, #6669 ) ;
#3492 = DIRECTION ( 'NONE',  ( -0.000000000000000000, 1.000000000000000000, -0.000000000000000000 ) ) ;
#3493 = CARTESIAN_POINT ( 'NONE',  ( -52.11703005195396088, 7.411525636831821195, -4.290295324905438967 ) ) ;
#3494 = FACE_OUTER_BOUND ( 'NONE', #1508, .T. ) ;
#3495 = CARTESIAN_POINT ( 'NONE',  ( 22.81827201635470459, 0.5000000000000000000, -10.08172798364529754 ) ) ;
#3496 = DIRECTION ( 'NONE',  ( 8.462065736472229849E-17, 0.000000000000000000, 1.000000000000000000 ) ) ;
#3497 = VECTOR ( 'NONE', #5297, 1000.000000000000000 ) ;
#3498 = FACE_OUTER_BOUND ( 'NONE', #6731, .T. ) ;
#3499 = ORIENTED_EDGE ( 'NONE', *, *, #4417, .F. ) ;
#3500 = EDGE_CURVE ( 'NONE', #5345, #8199, #7567, .T. ) ;
#3501 = CARTESIAN_POINT ( 'NONE',  ( -52.26625702410655805, 8.711782051960438977, -3.963648087263889508 ) ) ;
#3502 = ORIENTED_EDGE ( 'NONE', *, *, #9727, .F. ) ;
#3503 = EDGE_CURVE ( 'NONE', #163, #3212, #1489, .T. ) ;
#3504 = EDGE_CURVE ( 'NONE', #5159, #1145, #762, .T. ) ;
#3505 = EDGE_LOOP ( 'NONE', ( #3619, #5091, #8173, #557 ) ) ;
#3506 = CARTESIAN_POINT ( 'NONE',  ( 47.49999999999999289, 2.499999999999999556, 9.500000000000001776 ) ) ;
#3507 = ORIENTED_EDGE ( 'NONE', *, *, #10809, .F. ) ;
#3508 = VECTOR ( 'NONE', #6468, 1000.000000000000000 ) ;
#3509 = DIRECTION ( 'NONE',  ( -0.000000000000000000, -1.000000000000000000, -0.000000000000000000 ) ) ;
#3510 = VERTEX_POINT ( 'NONE', #8269 ) ;
#3511 = DIRECTION ( 'NONE',  ( 0.000000000000000000, 0.000000000000000000, -1.000000000000000000 ) ) ;
#3512 = CARTESIAN_POINT ( 'NONE',  ( 29.65346789552628692, 0.1616752422962793867, -12.21801223460308705 ) ) ;
#3513 = VECTOR ( 'NONE', #3203, 1000.000000000000000 ) ;
#3514 = CARTESIAN_POINT ( 'NONE',  ( -8.000000000000008882, 12.30000000000000071, -14.45000000000000107 ) ) ;
#3515 = CARTESIAN_POINT ( 'NONE',  ( -52.11873040193002282, 7.652082915616768233, 4.337720183757017622 ) ) ;
#3516 = CARTESIAN_POINT ( 'NONE',  ( -25.50000000000001066, 10.50000000000000000, 12.25000000000000178 ) ) ;
#3517 = ORIENTED_EDGE ( 'NONE', *, *, #6371, .T. ) ;
#3518 = EDGE_CURVE ( 'NONE', #11427, #4838, #10839, .T. ) ;
#3519 = CARTESIAN_POINT ( 'NONE',  ( -23.23676428111944858, 10.50000000000000000, -14.75000000000000355 ) ) ;
#3520 = CARTESIAN_POINT ( 'NONE',  ( -42.75000000000000000, 11.29999999999999716, -14.25000000000000355 ) ) ;
#3521 = AXIS2_PLACEMENT_3D ( 'NONE', #381, #6892, #9595 ) ;
#3522 = CARTESIAN_POINT ( 'NONE',  ( -44.75000000000000711, 2.658044035770915267E-15, -14.25000000000000533 ) ) ;
#3523 = ADVANCED_FACE ( 'NONE', ( #3750 ), #11029, .T. ) ;
#3524 = VERTEX_POINT ( 'NONE', #3143 ) ;
#3525 = ORIENTED_EDGE ( 'NONE', *, *, #200, .T. ) ;
#3526 = CARTESIAN_POINT ( 'NONE',  ( -51.25000000000001421, 14.00000000000000000, 0.000000000000000000 ) ) ;
#3527 = CARTESIAN_POINT ( 'NONE',  ( -47.50000000000000711, 4.000000000000000000, 6.750000000000000000 ) ) ;
#3528 = VERTEX_POINT ( 'NONE', #10302 ) ;
#3529 = LINE ( 'NONE', #9786, #1283 ) ;
#3530 = AXIS2_PLACEMENT_3D ( 'NONE', #10668, #10719, #2440 ) ;
#3531 = DIRECTION ( 'NONE',  ( -0.000000000000000000, 1.000000000000000000, -0.000000000000000000 ) ) ;
#3532 = VECTOR ( 'NONE', #11304, 1000.000000000000000 ) ;
#3533 = LINE ( 'NONE', #7946, #4986 ) ;
#3534 = DIRECTION ( 'NONE',  ( 0.000000000000000000, 0.000000000000000000, 1.000000000000000000 ) ) ;
#3535 = DIRECTION ( 'NONE',  ( 0.000000000000000000, 0.000000000000000000, 1.000000000000000000 ) ) ;
#3536 = EDGE_CURVE ( 'NONE', #3955, #7828, #3038, .T. ) ;
#3537 = DIRECTION ( 'NONE',  ( -1.000000000000000000, 0.000000000000000000, 0.000000000000000000 ) ) ;
#3538 = ORIENTED_EDGE ( 'NONE', *, *, #4960, .F. ) ;
#3539 = EDGE_CURVE ( 'NONE', #3420, #4385, #548, .T. ) ;
#3540 = EDGE_CURVE ( 'NONE', #2554, #1910, #10453, .T. ) ;
#3541 = VECTOR ( 'NONE', #7759, 1000.000000000000000 ) ;
#3542 = CARTESIAN_POINT ( 'NONE',  ( -37.54999999999999716, 4.015686516701556741, -12.50000000000000000 ) ) ;
#3543 = EDGE_LOOP ( 'NONE', ( #8727, #1572, #7919, #9337 ) ) ;
#3544 = VECTOR ( 'NONE', #1536, 1000.000000000000000 ) ;
#3545 = CARTESIAN_POINT ( 'NONE',  ( -42.75000000000000000, 13.29999999999999893, 12.25000000000000178 ) ) ;
#3546 = ORIENTED_EDGE ( 'NONE', *, *, #4316, .F. ) ;
#3547 = CARTESIAN_POINT ( 'NONE',  ( 35.34937047899920515, 0.09795398803915041086, -1.043160351019030818 ) ) ;
#3548 = CARTESIAN_POINT ( 'NONE',  ( -53.20100000000002183, 9.300000000000000711, -3.299999999999999822 ) ) ;
#3549 = ORIENTED_EDGE ( 'NONE', *, *, #1930, .T. ) ;
#3550 = CARTESIAN_POINT ( 'NONE',  ( -43.39088164886299381, 3.439373417611755190, -8.641693041615933879 ) ) ;
#3551 = AXIS2_PLACEMENT_3D ( 'NONE', #3338, #6965, #1561 ) ;
#3552 = AXIS2_PLACEMENT_3D ( 'NONE', #9129, #1875, #9009 ) ;
#3553 = LINE ( 'NONE', #9924, #4280 ) ;
#3554 = VECTOR ( 'NONE', #7376, 1000.000000000000000 ) ;
#3555 = ADVANCED_FACE ( 'NONE', ( #4162 ), #9585, .T. ) ;
#3556 = VERTEX_POINT ( 'NONE', #5932 ) ;
#3557 = EDGE_CURVE ( 'NONE', #8990, #9228, #2459, .T. ) ;
#3558 = CARTESIAN_POINT ( 'NONE',  ( -52.22340835089975997, 9.094609242404857241, 3.692296232791102639 ) ) ;
#3559 = VERTEX_POINT ( 'NONE', #8621 ) ;
#3560 = ORIENTED_EDGE ( 'NONE', *, *, #2169, .T. ) ;
#3561 = CIRCLE ( 'NONE', #7162, 1.000000000000000888 ) ;
#3562 = TOROIDAL_SURFACE ( 'NONE', #4133, 5.000000000000000000, 3.000000000000000000 ) ;
#3563 = CARTESIAN_POINT ( 'NONE',  ( 31.10000000000002629, 0.2505450496179588149, 5.818695557326043044 ) ) ;
#3564 = CARTESIAN_POINT ( 'NONE',  ( -52.11623319514255570, 8.509002635916514734, -4.253749210878630116 ) ) ;
#3565 = DIRECTION ( 'NONE',  ( 0.000000000000000000, 0.000000000000000000, 1.000000000000000000 ) ) ;
#3566 = LINE ( 'NONE', #5355, #9915 ) ;
#3567 = VERTEX_POINT ( 'NONE', #11209 ) ;
#3568 = FACE_OUTER_BOUND ( 'NONE', #4126, .T. ) ;
#3569 = ORIENTED_EDGE ( 'NONE', *, *, #8490, .T. ) ;
#3570 = CARTESIAN_POINT ( 'NONE',  ( -52.40568058483292901, 8.984780085661506988, -3.641416195903033781 ) ) ;
#3571 = AXIS2_PLACEMENT_3D ( 'NONE', #4772, #9057, #7504 ) ;
#3572 = CARTESIAN_POINT ( 'NONE',  ( -37.52314042967215357, 4.003051246122646845, 12.36973257420731542 ) ) ;
#3573 = VERTEX_POINT ( 'NONE', #7795 ) ;
#3574 = CYLINDRICAL_SURFACE ( 'NONE', #5416, 0.5000000000000000000 ) ;
#3575 = ORIENTED_EDGE ( 'NONE', *, *, #8822, .F. ) ;
#3576 = CARTESIAN_POINT ( 'NONE',  ( -47.50000000000000711, 2.499999999999999556, -10.35000000000000142 ) ) ;
#3577 = VERTEX_POINT ( 'NONE', #11435 ) ;
#3578 = CARTESIAN_POINT ( 'NONE',  ( -52.25000000000001421, 5.999999999999998224, -2.449999999999999289 ) ) ;
#3579 = EDGE_CURVE ( 'NONE', #6510, #6003, #8511, .T. ) ;
#3580 = FACE_OUTER_BOUND ( 'NONE', #7439, .T. ) ;
#3581 = EDGE_CURVE ( 'NONE', #10804, #1967, #2136, .T. ) ;
#3582 = DIRECTION ( 'NONE',  ( -0.000000000000000000, 1.000000000000000000, -0.000000000000000000 ) ) ;
#3583 = CARTESIAN_POINT ( 'NONE',  ( -37.54999999999999716, 11.29999999999999716, 14.25000000000000355 ) ) ;
#3584 = CARTESIAN_POINT ( 'NONE',  ( 2.760212650556410866E-16, 10.50000000000000000, -14.75000000000000355 ) ) ;
#3585 = ORIENTED_EDGE ( 'NONE', *, *, #2492, .F. ) ;
#3586 = ORIENTED_EDGE ( 'NONE', *, *, #8124, .T. ) ;
#3587 = CARTESIAN_POINT ( 'NONE',  ( -34.70000000000000284, 15.50000000000000000, 12.50000000000000178 ) ) ;
#3588 = ORIENTED_EDGE ( 'NONE', *, *, #2168, .F. ) ;
#3589 = ORIENTED_EDGE ( 'NONE', *, *, #8342, .F. ) ;
#3590 = LINE ( 'NONE', #808, #8439 ) ;
#3591 = VECTOR ( 'NONE', #4067, 1000.000000000000000 ) ;
#3592 = CARTESIAN_POINT ( 'NONE',  ( 22.62481099565007980, -1.439108977385055684E-15, -8.207122060684408638 ) ) ;
#3593 = EDGE_CURVE ( 'NONE', #10424, #7334, #6061, .T. ) ;
#3594 = CARTESIAN_POINT ( 'NONE',  ( 29.60000000000002274, 0.2999999999999998779, 5.818695557326043044 ) ) ;
#3595 = CARTESIAN_POINT ( 'NONE',  ( -25.50000000000001066, 12.30000000000000071, -12.25000000000000178 ) ) ;
#3596 = EDGE_CURVE ( 'NONE', #11078, #11088, #4099, .T. ) ;
#3597 = CARTESIAN_POINT ( 'NONE',  ( 39.08172798364529399, 4.999999999999999112, 6.181727983645293634 ) ) ;
#3598 = DIRECTION ( 'NONE',  ( 0.9999759082404062749, -0.006941393143631658345, 0.000000000000000000 ) ) ;
#3599 = DIRECTION ( 'NONE',  ( -0.000000000000000000, 1.000000000000000000, -0.000000000000000000 ) ) ;
#3600 = DIRECTION ( 'NONE',  ( 1.000000000000000000, 0.000000000000000000, 0.000000000000000000 ) ) ;
#3601 = ORIENTED_EDGE ( 'NONE', *, *, #433, .F. ) ;
#3602 = VECTOR ( 'NONE', #5480, 1000.000000000000000 ) ;
#3603 = DIRECTION ( 'NONE',  ( 0.000000000000000000, 0.000000000000000000, 1.000000000000000000 ) ) ;
#3604 = ORIENTED_EDGE ( 'NONE', *, *, #4632, .T. ) ;
#3605 = ADVANCED_FACE ( 'NONE', ( #9468 ), #8445, .T. ) ;
#3606 = ORIENTED_EDGE ( 'NONE', *, *, #11717, .F. ) ;
#3607 = CARTESIAN_POINT ( 'NONE',  ( -47.50000000000000711, 2.499999999999999556, 10.35000000000000142 ) ) ;
#3608 = CARTESIAN_POINT ( 'NONE',  ( -52.44535045267406304, 6.631214483597775100, 3.230005980589774950 ) ) ;
#3609 = EDGE_CURVE ( 'NONE', #2526, #1526, #6885, .T. ) ;
#3610 = PLANE ( 'NONE',  #6966 ) ;
#3611 = VECTOR ( 'NONE', #10352, 1000.000000000000000 ) ;
#3612 = CARTESIAN_POINT ( 'NONE',  ( -20.00000000000001066, 14.00000000000000000, 13.54999999999999716 ) ) ;
#3613 = DIRECTION ( 'NONE',  ( 1.000000000000000000, 0.000000000000000000, -7.485322442186879976E-17 ) ) ;
#3614 = EDGE_LOOP ( 'NONE', ( #11409, #5721, #7347, #5523 ) ) ;
#3615 = ORIENTED_EDGE ( 'NONE', *, *, #6783, .F. ) ;
#3616 = VERTEX_POINT ( 'NONE', #2190 ) ;
#3617 = FACE_BOUND ( 'NONE', #622, .T. ) ;
#3618 = EDGE_CURVE ( 'NONE', #8480, #495, #1374, .T. ) ;
#3619 = ORIENTED_EDGE ( 'NONE', *, *, #8774, .F. ) ;
#3620 = CARTESIAN_POINT ( 'NONE',  ( -51.98558673494318327, 7.304297409751954184, -4.258298117934651295 ) ) ;
#3621 = CARTESIAN_POINT ( 'NONE',  ( 0.000000000000000000, 4.999999999999999112, -8.849999999999997868 ) ) ;
#3622 = DIRECTION ( 'NONE',  ( 0.000000000000000000, 1.000000000000000000, -0.000000000000000000 ) ) ;
#3623 = EDGE_CURVE ( 'NONE', #7788, #8186, #5696, .T. ) ;
#3624 = CIRCLE ( 'NONE', #10286, 5.249999999999998224 ) ;
#3625 = ORIENTED_EDGE ( 'NONE', *, *, #2337, .T. ) ;
#3626 = ORIENTED_EDGE ( 'NONE', *, *, #3389, .T. ) ;
#3627 = CARTESIAN_POINT ( 'NONE',  ( 29.90000000000002345, 0.000000000000000000, 6.139106523234628909 ) ) ;
#3628 = ORIENTED_EDGE ( 'NONE', *, *, #6665, .T. ) ;
#3629 = DIRECTION ( 'NONE',  ( 0.000000000000000000, 0.000000000000000000, -1.000000000000000000 ) ) ;
#3630 = ORIENTED_EDGE ( 'NONE', *, *, #1616, .F. ) ;
#3631 = CARTESIAN_POINT ( 'NONE',  ( -34.95000000000000284, 4.000000000000000000, -12.25000000000000000 ) ) ;
#3632 = VERTEX_POINT ( 'NONE', #7665 ) ;
#3633 = PLANE ( 'NONE',  #11331 ) ;
#3634 = ORIENTED_EDGE ( 'NONE', *, *, #6560, .T. ) ;
#3635 = CARTESIAN_POINT ( 'NONE',  ( 22.10783969873345356, -1.395910297075085381E-15, 1.011545626786774399 ) ) ;
#3636 = ORIENTED_EDGE ( 'NONE', *, *, #6386, .F. ) ;
#3637 = FACE_OUTER_BOUND ( 'NONE', #1740, .T. ) ;
#3638 = B_SPLINE_CURVE_WITH_KNOTS ( 'NONE', 3,
 ( #3441, #9040, #2546, #9821, #8931, #7244, #4408, #10902, #9999, #9107 ),
 .UNSPECIFIED., .F., .F.,
 ( 4, 2, 2, 2, 4 ),
 ( 4.336808689942017736E-19, 0.0003199684540615797411, 0.0006399369081231599159, 0.0009599053621847400365, 0.001279873816246320265 ),
 .UNSPECIFIED. ) ;
#3639 = LINE ( 'NONE', #3924, #2534 ) ;
#3640 = CIRCLE ( 'NONE', #2489, 5.499999999999988454 ) ;
#3641 = CARTESIAN_POINT ( 'NONE',  ( 30.35000000000000142, -0.001000000000000024307, -3.150000000000002576 ) ) ;
#3642 = CARTESIAN_POINT ( 'NONE',  ( 20.65000000000000213, 4.000000000000000000, -12.25000000000000000 ) ) ;
#3643 = EDGE_LOOP ( 'NONE', ( #5391, #972, #5113, #6054 ) ) ;
#3644 = AXIS2_PLACEMENT_3D ( 'NONE', #5634, #1126, #9274 ) ;
#3645 = ORIENTED_EDGE ( 'NONE', *, *, #5621, .F. ) ;
#3646 = ADVANCED_FACE ( 'NONE', ( #7728 ), #6826, .F. ) ;
#3647 = DIRECTION ( 'NONE',  ( 0.000000000000000000, -1.865294060190115224E-16, 1.000000000000000000 ) ) ;
#3648 = CARTESIAN_POINT ( 'NONE',  ( -37.54999999999999716, 6.000000000000000000, 14.25000000000000355 ) ) ;
#3649 = ORIENTED_EDGE ( 'NONE', *, *, #1083, .T. ) ;
#3650 = DIRECTION ( 'NONE',  ( 1.000000000000000000, 0.000000000000000000, -0.000000000000000000 ) ) ;
#3651 = CARTESIAN_POINT ( 'NONE',  ( -50.25000000000000711, 13.79999999999999893, -4.250000000000000000 ) ) ;
#3652 = LINE ( 'NONE', #8238, #6032 ) ;
#3653 = DIRECTION ( 'NONE',  ( 1.000000000000000000, -0.000000000000000000, -0.000000000000000000 ) ) ;
#3654 = AXIS2_PLACEMENT_3D ( 'NONE', #5768, #2204, #7678 ) ;
#3655 = DIRECTION ( 'NONE',  ( 1.000000000000000000, 0.000000000000000000, -5.139921410301689253E-16 ) ) ;
#3656 = ADVANCED_FACE ( 'NONE', ( #1697 ), #10656, .F. ) ;
#3657 = CARTESIAN_POINT ( 'NONE',  ( -40.15000000000000568, 11.29999999999999716, 14.25000000000000355 ) ) ;
#3658 = EDGE_LOOP ( 'NONE', ( #6285, #6952, #10251, #7616 ) ) ;
#3659 = EDGE_CURVE ( 'NONE', #10502, #9179, #10533, .T. ) ;
#3660 = CARTESIAN_POINT ( 'NONE',  ( 51.95000000000000284, 9.300000000000000711, 3.299999999999999822 ) ) ;
#3661 = ORIENTED_EDGE ( 'NONE', *, *, #6339, .T. ) ;
#3662 = PLANE ( 'NONE',  #10581 ) ;
#3663 = CARTESIAN_POINT ( 'NONE',  ( 30.35000000000000142, 0.5999999999999989786, -3.150000000000002576 ) ) ;
#3664 = DIRECTION ( 'NONE',  ( 0.000000000000000000, 1.000000000000000000, 0.000000000000000000 ) ) ;
#3665 = LINE ( 'NONE', #7288, #2757 ) ;
#3666 = ADVANCED_FACE ( 'NONE', ( #5332 ), #11429, .T. ) ;
#3667 = LINE ( 'NONE', #242, #70 ) ;
#3668 = ORIENTED_EDGE ( 'NONE', *, *, #10797, .T. ) ;
#3669 = ORIENTED_EDGE ( 'NONE', *, *, #3149, .F. ) ;
#3670 = ADVANCED_FACE ( 'NONE', ( #4560 ), #2643, .T. ) ;
#3671 = CARTESIAN_POINT ( 'NONE',  ( -51.95000000000000995, 6.299999999999998046, 2.449999999999999734 ) ) ;
#3672 = CIRCLE ( 'NONE', #9395, 1.000000000000000888 ) ;
#3673 = CARTESIAN_POINT ( 'NONE',  ( -51.95000002018760199, 9.042937216436770953, -3.986874153505485019 ) ) ;
#3674 = CARTESIAN_POINT ( 'NONE',  ( 3.099999999999991651, 12.50000000000000000, -13.45000000000019114 ) ) ;
#3675 = VECTOR ( 'NONE', #8555, 1000.000000000000000 ) ;
#3676 = DIRECTION ( 'NONE',  ( 1.000000000000000000, 0.000000000000000000, 7.304098846218136886E-17 ) ) ;
#3677 = VECTOR ( 'NONE', #6634, 1000.000000000000000 ) ;
#3678 = VECTOR ( 'NONE', #9427, 1000.000000000000000 ) ;
#3679 = ORIENTED_EDGE ( 'NONE', *, *, #4019, .T. ) ;
#3680 = EDGE_LOOP ( 'NONE', ( #4391, #1261, #9865, #3479, #1040, #545 ) ) ;
#3681 = LINE ( 'NONE', #2854, #1935 ) ;
#3682 = B_SPLINE_CURVE_WITH_KNOTS ( 'NONE', 3,
 ( #8766, #8883, #2558, #6248, #3512, #10794, #2624, #9894 ),
 .UNSPECIFIED., .F., .F.,
 ( 4, 2, 2, 4 ),
 ( -3.653910591159134892E-06, 0.0002951489205198835853, 0.0004445503360753999761, 0.0005939517516309163669 ),
 .UNSPECIFIED. ) ;
#3683 = DIRECTION ( 'NONE',  ( 1.000000000000000000, 0.000000000000000000, -5.782411586589351722E-16 ) ) ;
#3684 = EDGE_CURVE ( 'NONE', #7995, #6226, #6325, .T. ) ;
#3685 = DIRECTION ( 'NONE',  ( 0.000000000000000000, 1.000000000000000000, -0.000000000000000000 ) ) ;
#3686 = VERTEX_POINT ( 'NONE', #5272 ) ;
#3687 = AXIS2_PLACEMENT_3D ( 'NONE', #7465, #10099, #3786 ) ;
#3688 = ADVANCED_FACE ( 'NONE', ( #10874 ), #61, .T. ) ;
#3689 = EDGE_CURVE ( 'NONE', #908, #10826, #877, .T. ) ;
#3690 = ORIENTED_EDGE ( 'NONE', *, *, #7, .T. ) ;
#3691 = EDGE_LOOP ( 'NONE', ( #3969, #4456, #8249, #8197 ) ) ;
#3692 = CARTESIAN_POINT ( 'NONE',  ( -51.95000000000000995, 7.899999999999999467, 2.449999999999999734 ) ) ;
#3693 = ORIENTED_EDGE ( 'NONE', *, *, #1083, .F. ) ;
#3694 = LINE ( 'NONE', #5489, #7329 ) ;
#3695 = ORIENTED_EDGE ( 'NONE', *, *, #9805, .T. ) ;
#3696 = CARTESIAN_POINT ( 'NONE',  ( 5.848509989039531121, 0.2999999999999999889, 10.12991644959055115 ) ) ;
#3697 = AXIS2_PLACEMENT_3D ( 'NONE', #9780, #1800, #2504 ) ;
#3698 = DIRECTION ( 'NONE',  ( -1.000000000000000000, 0.000000000000000000, 0.000000000000000000 ) ) ;
#3699 = CIRCLE ( 'NONE', #3491, 5.199999999999988631 ) ;
#3700 = CARTESIAN_POINT ( 'NONE',  ( -47.50000000000000711, 15.50000000000000000, 9.500000000000001776 ) ) ;
#3701 = DIRECTION ( 'NONE',  ( -1.000000000000000000, -0.000000000000000000, -0.000000000000000000 ) ) ;
#3702 = VERTEX_POINT ( 'NONE', #7275 ) ;
#3703 = ORIENTED_EDGE ( 'NONE', *, *, #10827, .F. ) ;
#3704 = CARTESIAN_POINT ( 'NONE',  ( 35.44364652204422583, -0.001000000000000024307, -1.075207213125432215 ) ) ;
#3705 = VERTEX_POINT ( 'NONE', #4439 ) ;
#3706 = AXIS2_PLACEMENT_3D ( 'NONE', #8337, #8278, #95 ) ;
#3707 = CARTESIAN_POINT ( 'NONE',  ( -25.50000000000001066, 10.50000000000000000, -13.55000000000000249 ) ) ;
#3708 = CARTESIAN_POINT ( 'NONE',  ( 50.99857113690718791, 8.500000000000000000, -12.25000000000000178 ) ) ;
#3709 = ORIENTED_EDGE ( 'NONE', *, *, #9790, .T. ) ;
#3710 = CARTESIAN_POINT ( 'NONE',  ( -51.95000000000000995, 9.500000000000000000, 2.449999999999999734 ) ) ;
#3711 = ORIENTED_EDGE ( 'NONE', *, *, #2240, .T. ) ;
#3712 = DIRECTION ( 'NONE',  ( -0.000000000000000000, -0.000000000000000000, 1.000000000000000000 ) ) ;
#3713 = CARTESIAN_POINT ( 'NONE',  ( 30.35000000000000142, 0.000000000000000000, -3.150000000000002576 ) ) ;
#3714 = VECTOR ( 'NONE', #9393, 1000.000000000000000 ) ;
#3715 = DIRECTION ( 'NONE',  ( 1.000000000000000000, 0.000000000000000000, 0.000000000000000000 ) ) ;
#3716 = AXIS2_PLACEMENT_3D ( 'NONE', #3366, #1475, #6986 ) ;
#3717 = LINE ( 'NONE', #9795, #233 ) ;
#3718 = CARTESIAN_POINT ( 'NONE',  ( -36.95000000000000284, 4.015686516701556741, -12.50000000000000000 ) ) ;
#3719 = ORIENTED_EDGE ( 'NONE', *, *, #9381, .F. ) ;
#3720 = DIRECTION ( 'NONE',  ( -1.000000000000000000, 0.000000000000000000, 0.000000000000000000 ) ) ;
#3721 = VECTOR ( 'NONE', #8042, 1000.000000000000000 ) ;
#3722 = ORIENTED_EDGE ( 'NONE', *, *, #11236, .T. ) ;
#3723 = VERTEX_POINT ( 'NONE', #10935 ) ;
#3724 = CARTESIAN_POINT ( 'NONE',  ( 35.06143789659457610, 0.000000000000000000, -0.9494653044016025945 ) ) ;
#3725 = DIRECTION ( 'NONE',  ( 1.000000000000000000, 0.000000000000000000, 0.000000000000000000 ) ) ;
#3726 = DIRECTION ( 'NONE',  ( -0.000000000000000000, 1.000000000000000000, -0.000000000000000000 ) ) ;
#3727 = EDGE_CURVE ( 'NONE', #6522, #3766, #3717, .T. ) ;
#3728 = DIRECTION ( 'NONE',  ( -3.652049423109083111E-16, -0.000000000000000000, -1.000000000000000000 ) ) ;
#3729 = ADVANCED_FACE ( 'NONE', ( #2703 ), #7219, .F. ) ;
#3730 = CARTESIAN_POINT ( 'NONE',  ( -34.95000000000000284, 6.000000000000000000, -12.25000000000000533 ) ) ;
#3731 = AXIS2_PLACEMENT_3D ( 'NONE', #3371, #8965, #7958 ) ;
#3732 = ADVANCED_FACE ( 'NONE', ( #9134 ), #10, .T. ) ;
#3733 = AXIS2_PLACEMENT_3D ( 'NONE', #11496, #5112, #9880 ) ;
#3734 = CARTESIAN_POINT ( 'NONE',  ( -34.55000000000001137, 3.199999999999999734, 8.968403375880702910 ) ) ;
#3735 = ORIENTED_EDGE ( 'NONE', *, *, #8921, .T. ) ;
#3736 = EDGE_LOOP ( 'NONE', ( #7030, #4410, #685, #4156 ) ) ;
#3737 = DIRECTION ( 'NONE',  ( -0.8660254037844389297, 0.000000000000000000, -0.4999999999999992784 ) ) ;
#3738 = CARTESIAN_POINT ( 'NONE',  ( 41.25000000000000711, 5.500000000000000000, 8.250000000000001776 ) ) ;
#3739 = VECTOR ( 'NONE', #2051, 1000.000000000000000 ) ;
#3740 = VECTOR ( 'NONE', #11064, 1000.000000000000000 ) ;
#3741 = DIRECTION ( 'NONE',  ( 0.000000000000000000, 0.000000000000000000, -1.000000000000000000 ) ) ;
#3742 = DIRECTION ( 'NONE',  ( -2.164599917890730424E-15, -0.05921052631576702308, 0.9982455176826039445 ) ) ;
#3743 = EDGE_CURVE ( 'NONE', #5365, #5927, #995, .T. ) ;
#3744 = DIRECTION ( 'NONE',  ( 0.000000000000000000, 1.000000000000000000, -0.000000000000000000 ) ) ;
#3745 = ORIENTED_EDGE ( 'NONE', *, *, #1156, .T. ) ;
#3746 = EDGE_CURVE ( 'NONE', #9512, #11696, #8551, .T. ) ;
#3747 = VERTEX_POINT ( 'NONE', #9857 ) ;
#3748 = CARTESIAN_POINT ( 'NONE',  ( 25.25635347795577346, -0.001000000000000024307, -5.224792786874573380 ) ) ;
#3749 = VECTOR ( 'NONE', #7146, 1000.000000000000000 ) ;
#3750 = FACE_OUTER_BOUND ( 'NONE', #5867, .T. ) ;
#3751 = CIRCLE ( 'NONE', #5855, 0.9899999999999995470 ) ;
#3752 = TOROIDAL_SURFACE ( 'NONE', #1846, 9.300000000000009592, 0.2999999999999999889 ) ;
#3753 = CARTESIAN_POINT ( 'NONE',  ( 43.49999999999999289, 6.500000000000000000, 0.000000000000000000 ) ) ;
#3754 = ORIENTED_EDGE ( 'NONE', *, *, #5567, .T. ) ;
#3755 = AXIS2_PLACEMENT_3D ( 'NONE', #3917, #6414, #11023 ) ;
#3756 = EDGE_LOOP ( 'NONE', ( #2276, #3422, #8898, #7262 ) ) ;
#3757 = ORIENTED_EDGE ( 'NONE', *, *, #3540, .F. ) ;
#3758 = CARTESIAN_POINT ( 'NONE',  ( -14.05000000000000782, 3.199999999999999734, -8.568403375880723871 ) ) ;
#3759 = ORIENTED_EDGE ( 'NONE', *, *, #1570, .F. ) ;
#3760 = CARTESIAN_POINT ( 'NONE',  ( -20.00000000000001066, 16.50000000000000000, 13.55000000000000604 ) ) ;
#3761 = VERTEX_POINT ( 'NONE', #11714 ) ;
#3762 = CARTESIAN_POINT ( 'NONE',  ( -50.25000000000000711, 7.899999999999999467, -2.449999999999999734 ) ) ;
#3763 = ADVANCED_FACE ( 'NONE', ( #4617 ), #5451, .T. ) ;
#3764 = EDGE_CURVE ( 'NONE', #10988, #8500, #9078, .T. ) ;
#3765 = DIRECTION ( 'NONE',  ( -0.000000000000000000, -0.7208059210526079896, -0.6931369447486561697 ) ) ;
#3766 = VERTEX_POINT ( 'NONE', #9013 ) ;
#3767 = VERTEX_POINT ( 'NONE', #10095 ) ;
#3768 = AXIS2_PLACEMENT_3D ( 'NONE', #3876, #1794, #922 ) ;
#3769 = DIRECTION ( 'NONE',  ( -0.000000000000000000, 1.000000000000000000, -0.000000000000000000 ) ) ;
#3770 = DIRECTION ( 'NONE',  ( -1.000000000000000000, 0.000000000000000000, -0.000000000000000000 ) ) ;
#3771 = VECTOR ( 'NONE', #7075, 1000.000000000000000 ) ;
#3772 = VERTEX_POINT ( 'NONE', #7405 ) ;
#3773 = CARTESIAN_POINT ( 'NONE',  ( 5.848509989039505363, -0.001000000000000024307, 10.12991644959051740 ) ) ;
#3774 = DIRECTION ( 'NONE',  ( 9.856182124392324236E-16, 0.000000000000000000, 1.000000000000000000 ) ) ;
#3775 = EDGE_CURVE ( 'NONE', #9081, #6226, #4732, .T. ) ;
#3776 = DIRECTION ( 'NONE',  ( -0.000000000000000000, -1.000000000000000000, -0.000000000000000000 ) ) ;
#3777 = ORIENTED_EDGE ( 'NONE', *, *, #3659, .F. ) ;
#3778 = ORIENTED_EDGE ( 'NONE', *, *, #5621, .T. ) ;
#3779 = DIRECTION ( 'NONE',  ( 1.000000000000000000, 0.000000000000000000, 0.000000000000000000 ) ) ;
#3780 = EDGE_CURVE ( 'NONE', #7523, #4151, #2733, .T. ) ;
#3781 = CARTESIAN_POINT ( 'NONE',  ( 0.000000000000000000, 4.000000000000000000, 10.90000000000000213 ) ) ;
#3782 = DIRECTION ( 'NONE',  ( 9.856182124392324236E-16, -0.000000000000000000, 1.000000000000000000 ) ) ;
#3783 = VECTOR ( 'NONE', #3769, 1000.000000000000000 ) ;
#3784 = CARTESIAN_POINT ( 'NONE',  ( -28.11660932293317572, 0.9385163630472089791, -76.06160882753884778 ) ) ;
#3785 = ORIENTED_EDGE ( 'NONE', *, *, #78, .T. ) ;
#3786 = DIRECTION ( 'NONE',  ( 0.000000000000000000, 0.000000000000000000, 1.000000000000000000 ) ) ;
#3787 = CARTESIAN_POINT ( 'NONE',  ( -34.95000000000000284, 0.000000000000000000, 0.000000000000000000 ) ) ;
#3788 = CARTESIAN_POINT ( 'NONE',  ( 38.49211819145300240, 0.2505450496179602582, 0.6848287258246764653 ) ) ;
#3789 = FACE_OUTER_BOUND ( 'NONE', #648, .T. ) ;
#3790 = LINE ( 'NONE', #7414, #11423 ) ;
#3791 = CARTESIAN_POINT ( 'NONE',  ( 0.5999999999999912070, 12.50000000000000000, 13.35000000000018971 ) ) ;
#3792 = AXIS2_PLACEMENT_3D ( 'NONE', #9162, #4644, #147 ) ;
#3793 = DIRECTION ( 'NONE',  ( 1.000000000000000000, 0.000000000000000000, 0.000000000000000000 ) ) ;
#3794 = ORIENTED_EDGE ( 'NONE', *, *, #4557, .T. ) ;
#3795 = ORIENTED_EDGE ( 'NONE', *, *, #11197, .F. ) ;
#3796 = ORIENTED_EDGE ( 'NONE', *, *, #5726, .F. ) ;
#3797 = EDGE_CURVE ( 'NONE', #8433, #2691, #7522, .T. ) ;
#3798 = PLANE ( 'NONE',  #4464 ) ;
#3799 = AXIS2_PLACEMENT_3D ( 'NONE', #4382, #2585, #10753 ) ;
#3800 = DIRECTION ( 'NONE',  ( 0.000000000000000000, 1.000000000000000000, -0.000000000000000000 ) ) ;
#3801 = DIRECTION ( 'NONE',  ( -0.000000000000000000, -1.000000000000000000, -0.000000000000000000 ) ) ;
#3802 = CARTESIAN_POINT ( 'NONE',  ( -52.41871936047785852, 9.047599905068056003, 3.546295943922752603 ) ) ;
#3803 = VERTEX_POINT ( 'NONE', #3837 ) ;
#3804 = ORIENTED_EDGE ( 'NONE', *, *, #3895, .T. ) ;
#3805 = DIRECTION ( 'NONE',  ( -1.000000000000000000, 0.000000000000000000, 0.000000000000000000 ) ) ;
#3806 = VERTEX_POINT ( 'NONE', #1230 ) ;
#3807 = CYLINDRICAL_SURFACE ( 'NONE', #4903, 2.000000000000001776 ) ;
#3808 = VERTEX_POINT ( 'NONE', #11175 ) ;
#3809 = ADVANCED_FACE ( 'NONE', ( #4844 ), #8478, .F. ) ;
#3810 = VERTEX_POINT ( 'NONE', #5617 ) ;
#3811 = ORIENTED_EDGE ( 'NONE', *, *, #2057, .F. ) ;
#3812 = EDGE_CURVE ( 'NONE', #10248, #7677, #10155, .T. ) ;
#3813 = FACE_OUTER_BOUND ( 'NONE', #10741, .T. ) ;
#3814 = EDGE_LOOP ( 'NONE', ( #8659, #4060, #4345, #9364 ) ) ;
#3815 = VECTOR ( 'NONE', #4496, 1000.000000000000000 ) ;
#3816 = CARTESIAN_POINT ( 'NONE',  ( -42.75000000000000000, 2.658044035770915267E-15, -14.25000000000000533 ) ) ;
#3817 = ORIENTED_EDGE ( 'NONE', *, *, #1852, .T. ) ;
#3818 = LINE ( 'NONE', #10197, #4978 ) ;
#3819 = DIRECTION ( 'NONE',  ( 0.000000000000000000, -1.000000000000000000, 2.891205793294679312E-16 ) ) ;
#3820 =( NAMED_UNIT ( * ) SI_UNIT ( $, .STERADIAN. ) SOLID_ANGLE_UNIT ( ) );
#3821 = CARTESIAN_POINT ( 'NONE',  ( -37.54999999999999716, 4.015686516701556741, 12.50000000000000000 ) ) ;
#3822 = ORIENTED_EDGE ( 'NONE', *, *, #1905, .F. ) ;
#3823 = ORIENTED_EDGE ( 'NONE', *, *, #11001, .T. ) ;
#3824 = PLANE ( 'NONE',  #10634 ) ;
#3825 = EDGE_CURVE ( 'NONE', #10112, #6473, #8362, .T. ) ;
#3826 = DIRECTION ( 'NONE',  ( -0.000000000000000000, -0.000000000000000000, 1.000000000000000000 ) ) ;
#3827 = ORIENTED_EDGE ( 'NONE', *, *, #6917, .T. ) ;
#3828 = EDGE_CURVE ( 'NONE', #10686, #6805, #9702, .T. ) ;
#3829 = CARTESIAN_POINT ( 'NONE',  ( -15.05000000000000782, 3.199999999999999734, 11.44999999999999218 ) ) ;
#3830 = PLANE ( 'NONE',  #506 ) ;
#3831 = DIRECTION ( 'NONE',  ( 0.000000000000000000, 1.000000000000000000, -0.000000000000000000 ) ) ;
#3832 = CIRCLE ( 'NONE', #10489, 1.000000000000000888 ) ;
#3833 = ORIENTED_EDGE ( 'NONE', *, *, #1136, .T. ) ;
#3834 = VERTEX_POINT ( 'NONE', #7580 ) ;
#3835 = LINE ( 'NONE', #2107, #2428 ) ;
#3836 = DIRECTION ( 'NONE',  ( 7.517135062566157239E-15, 6.938893903907228378E-15, 1.000000000000000000 ) ) ;
#3837 = CARTESIAN_POINT ( 'NONE',  ( -52.45000000000001705, 9.199999999999999289, 2.925000000000026912 ) ) ;
#3838 = APPLICATION_CONTEXT ( 'automotive_design' ) ;
#3839 = EDGE_CURVE ( 'NONE', #4385, #4132, #6527, .T. ) ;
#3840 = VECTOR ( 'NONE', #10058, 1000.000000000000000 ) ;
#3841 = VERTEX_POINT ( 'NONE', #2884 ) ;
#3842 = EDGE_CURVE ( 'NONE', #1209, #2220, #837, .T. ) ;
#3843 = DIRECTION ( 'NONE',  ( 1.000000000000000000, 0.000000000000000000, 1.871330610546719070E-17 ) ) ;
#3844 = EDGE_LOOP ( 'NONE', ( #8776, #8852, #10801, #3412, #8040, #2843 ) ) ;
#3845 = DIRECTION ( 'NONE',  ( 0.000000000000000000, 0.000000000000000000, -1.000000000000000000 ) ) ;
#3846 = DIRECTION ( 'NONE',  ( 1.000000000000000000, 0.000000000000000000, -0.000000000000000000 ) ) ;
#3847 = CARTESIAN_POINT ( 'NONE',  ( -37.20000000000000284, 4.000000000000000000, 12.25000000000000000 ) ) ;
#3848 = AXIS2_PLACEMENT_3D ( 'NONE', #9597, #1440, #558 ) ;
#3849 = CARTESIAN_POINT ( 'NONE',  ( 3.099999999999991651, 14.00000000000000000, -13.45000000000019114 ) ) ;
#3850 = DIRECTION ( 'NONE',  ( -1.000000000000000000, 0.000000000000000000, 2.832909525841146511E-16 ) ) ;
#3851 = VERTEX_POINT ( 'NONE', #6507 ) ;
#3852 = EDGE_LOOP ( 'NONE', ( #1284, #5109, #2652, #9139, #9893, #9209, #3873 ) ) ;
#3853 = DIRECTION ( 'NONE',  ( 0.000000000000000000, -1.000000000000000000, 1.257045997084642858E-16 ) ) ;
#3854 = CARTESIAN_POINT ( 'NONE',  ( 10.24999999999999112, 4.000000000000000000, 0.000000000000000000 ) ) ;
#3855 = ORIENTED_EDGE ( 'NONE', *, *, #4683, .T. ) ;
#3856 = DIRECTION ( 'NONE',  ( 0.000000000000000000, 0.000000000000000000, -1.000000000000000000 ) ) ;
#3857 = CARTESIAN_POINT ( 'NONE',  ( 1.036764281119435083, 14.00000000000000000, 14.75000000000000178 ) ) ;
#3858 = CARTESIAN_POINT ( 'NONE',  ( -39.54999999999999716, 13.29257923089642901, 12.43439266236709173 ) ) ;
#3859 = LINE ( 'NONE', #965, #9567 ) ;
#3860 = EDGE_LOOP ( 'NONE', ( #1349, #9590, #1138, #7193 ) ) ;
#3861 = DIRECTION ( 'NONE',  ( -0.000000000000000000, -1.000000000000000000, 0.000000000000000000 ) ) ;
#3862 = DIRECTION ( 'NONE',  ( 0.3420201433256696566, 0.000000000000000000, 0.9396926207859080948 ) ) ;
#3863 = DIRECTION ( 'NONE',  ( 0.000000000000000000, 1.000000000000000000, -0.000000000000000000 ) ) ;
#3864 = ORIENTED_EDGE ( 'NONE', *, *, #4395, .T. ) ;
#3865 = VECTOR ( 'NONE', #10275, 1000.000000000000000 ) ;
#3866 = ORIENTED_EDGE ( 'NONE', *, *, #3952, .T. ) ;
#3867 = CIRCLE ( 'NONE', #1412, 9.000000000000008882 ) ;
#3868 = AXIS2_PLACEMENT_3D ( 'NONE', #10513, #299, #5031 ) ;
#3869 = DIRECTION ( 'NONE',  ( 1.000000000000000000, -0.000000000000000000, 0.000000000000000000 ) ) ;
#3870 = ORIENTED_EDGE ( 'NONE', *, *, #8275, .T. ) ;
#3871 = VECTOR ( 'NONE', #3826, 1000.000000000000000 ) ;
#3872 = FACE_OUTER_BOUND ( 'NONE', #3954, .T. ) ;
#3873 = ORIENTED_EDGE ( 'NONE', *, *, #6505, .T. ) ;
#3874 = CARTESIAN_POINT ( 'NONE',  ( 21.96734517834434897, 0.5999999999999989786, 21.96734517834455502 ) ) ;
#3875 = DIRECTION ( 'NONE',  ( 1.000000000000000000, -0.000000000000000000, 0.000000000000000000 ) ) ;
#3876 = CARTESIAN_POINT ( 'NONE',  ( 0.000000000000000000, 0.000000000000000000, 0.000000000000000000 ) ) ;
#3877 = EDGE_CURVE ( 'NONE', #6397, #7204, #9320, .T. ) ;
#3878 = VECTOR ( 'NONE', #5738, 1000.000000000000000 ) ;
#3879 = DIRECTION ( 'NONE',  ( 1.000000000000000000, 0.000000000000000000, 4.231032868236115418E-16 ) ) ;
#3880 = ORIENTED_EDGE ( 'NONE', *, *, #10505, .T. ) ;
#3881 = EDGE_CURVE ( 'NONE', #8471, #3396, #6623, .T. ) ;
#3882 = CARTESIAN_POINT ( 'NONE',  ( -20.00000000000001066, 15.50001199999999990, 2.352167425053299179E-15 ) ) ;
#3883 = EDGE_CURVE ( 'NONE', #4354, #2379, #3058, .T. ) ;
#3884 = FACE_OUTER_BOUND ( 'NONE', #6164, .T. ) ;
#3885 = ORIENTED_EDGE ( 'NONE', *, *, #7845, .F. ) ;
#3886 = FACE_OUTER_BOUND ( 'NONE', #6980, .T. ) ;
#3887 = CIRCLE ( 'NONE', #2547, 5.250000000000006217 ) ;
#3888 = VECTOR ( 'NONE', #1871, 1000.000000000000000 ) ;
#3889 = CARTESIAN_POINT ( 'NONE',  ( -34.95000000000000284, 11.29999999999999716, -12.25000000000000000 ) ) ;
#3890 = LINE ( 'NONE', #10931, #9059 ) ;
#3891 = ORIENTED_EDGE ( 'NONE', *, *, #2425, .F. ) ;
#3892 = DIRECTION ( 'NONE',  ( 7.304098846218136886E-17, 0.000000000000000000, -1.000000000000000000 ) ) ;
#3893 = ADVANCED_FACE ( 'NONE', ( #4788 ), #6453, .F. ) ;
#3894 = CARTESIAN_POINT ( 'NONE',  ( -47.19749843554382096, 14.00000000000000000, -13.25000000000000178 ) ) ;
#3895 = EDGE_CURVE ( 'NONE', #7517, #8404, #178, .T. ) ;
#3896 = AXIS2_PLACEMENT_3D ( 'NONE', #2628, #6377, #7145 ) ;
#3897 = CARTESIAN_POINT ( 'NONE',  ( 43.25000000000000711, 6.500000000000000000, -12.25000000000000178 ) ) ;
#3898 = VECTOR ( 'NONE', #1382, 1000.000000000000000 ) ;
#3899 = ORIENTED_EDGE ( 'NONE', *, *, #9216, .F. ) ;
#3900 = CARTESIAN_POINT ( 'NONE',  ( 20.65000000000000213, 0.5999999999999989786, -8.849999999999997868 ) ) ;
#3901 = CYLINDRICAL_SURFACE ( 'NONE', #11187, 2.999999999999999112 ) ;
#3902 = CIRCLE ( 'NONE', #5427, 6.800000000000001599 ) ;
#3903 = FACE_OUTER_BOUND ( 'NONE', #10636, .T. ) ;
#3904 = EDGE_CURVE ( 'NONE', #10660, #9505, #519, .T. ) ;
#3905 = CARTESIAN_POINT ( 'NONE',  ( -25.50000000000004263, 10.50000000000000000, 6.805453636524403956E-14 ) ) ;
#3906 = EDGE_CURVE ( 'NONE', #3938, #10862, #11407, .T. ) ;
#3907 = DIRECTION ( 'NONE',  ( -0.000000000000000000, -1.000000000000000000, 0.000000000000000000 ) ) ;
#3908 = ADVANCED_FACE ( 'NONE', ( #1568 ), #8772, .T. ) ;
#3909 = CARTESIAN_POINT ( 'NONE',  ( -39.55000000000000426, 11.29999999999999716, -12.25000000000000000 ) ) ;
#3910 = EDGE_LOOP ( 'NONE', ( #167, #10210, #389, #76 ) ) ;
#3911 = ORIENTED_EDGE ( 'NONE', *, *, #2099, .F. ) ;
#3912 = AXIS2_PLACEMENT_3D ( 'NONE', #8817, #2681, #4299 ) ;
#3913 = DIRECTION ( 'NONE',  ( -0.000000000000000000, 1.000000000000000000, -0.000000000000000000 ) ) ;
#3914 = DIRECTION ( 'NONE',  ( 1.000000000000000000, 0.000000000000000000, 4.231032868236115418E-16 ) ) ;
#3915 = LINE ( 'NONE', #3133, #11335 ) ;
#3916 = EDGE_LOOP ( 'NONE', ( #49, #3457, #2286, #9412 ) ) ;
#3917 = CARTESIAN_POINT ( 'NONE',  ( -47.50000000000000711, 2.499999999999999556, -9.500000000000001776 ) ) ;
#3918 = DIRECTION ( 'NONE',  ( -0.000000000000000000, 1.000000000000000000, -0.000000000000000000 ) ) ;
#3919 = PLANE ( 'NONE',  #3180 ) ;
#3920 = AXIS2_PLACEMENT_3D ( 'NONE', #3787, #4624, #10942 ) ;
#3921 = CARTESIAN_POINT ( 'NONE',  ( -8.958845726811304644, 10.50000000000000000, -13.55000000000019256 ) ) ;
#3922 = ORIENTED_EDGE ( 'NONE', *, *, #10358, .F. ) ;
#3923 = CIRCLE ( 'NONE', #5448, 2.000000000000000000 ) ;
#3924 = CARTESIAN_POINT ( 'NONE',  ( 0.5999999999999912070, 12.50000000000000000, -13.35000000000018971 ) ) ;
#3925 = EDGE_CURVE ( 'NONE', #10090, #88, #7700, .T. ) ;
#3926 = CARTESIAN_POINT ( 'NONE',  ( 29.60000000000002274, 0.2999999999999998779, 5.818695557326043044 ) ) ;
#3927 = DIRECTION ( 'NONE',  ( 0.000000000000000000, 1.000000000000000000, -0.000000000000000000 ) ) ;
#3928 = CARTESIAN_POINT ( 'NONE',  ( -52.00000000000001421, 16.50000000000000000, -6.749999999999950262 ) ) ;
#3929 = ORIENTED_EDGE ( 'NONE', *, *, #7252, .T. ) ;
#3930 = ORIENTED_EDGE ( 'NONE', *, *, #1941, .T. ) ;
#3931 = VECTOR ( 'NONE', #7213, 1000.000000000000000 ) ;
#3932 = VERTEX_POINT ( 'NONE', #7824 ) ;
#3933 = ORIENTED_EDGE ( 'NONE', *, *, #1557, .F. ) ;
#3934 = VECTOR ( 'NONE', #10825, 1000.000000000000000 ) ;
#3935 = CARTESIAN_POINT ( 'NONE',  ( 47.49999999999999289, 8.500000000000000000, 9.500000000000000000 ) ) ;
#3936 = ORIENTED_EDGE ( 'NONE', *, *, #11276, .T. ) ;
#3937 = CARTESIAN_POINT ( 'NONE',  ( -52.27563198490997820, 6.808115275766886576, -3.630658523920786696 ) ) ;
#3938 = VERTEX_POINT ( 'NONE', #1401 ) ;
#3939 = CARTESIAN_POINT ( 'NONE',  ( -37.54999999999999716, 4.000000000000000000, 12.25000000000000000 ) ) ;
#3940 = AXIS2_PLACEMENT_3D ( 'NONE', #11271, #11445, #4050 ) ;
#3941 = AXIS2_PLACEMENT_3D ( 'NONE', #11599, #7109, #9869 ) ;
#3942 = AXIS2_PLACEMENT_3D ( 'NONE', #8578, #441, #4049 ) ;
#3943 = LINE ( 'NONE', #8638, #2779 ) ;
#3944 = ORIENTED_EDGE ( 'NONE', *, *, #337, .T. ) ;
#3945 = DIRECTION ( 'NONE',  ( -0.000000000000000000, -1.000000000000000000, 0.000000000000000000 ) ) ;
#3946 = DIRECTION ( 'NONE',  ( 0.000000000000000000, -1.000000000000000000, 0.000000000000000000 ) ) ;
#3947 = CARTESIAN_POINT ( 'NONE',  ( -40.15000000000000568, 11.29999999999999716, 14.25000000000000355 ) ) ;
#3948 = EDGE_CURVE ( 'NONE', #4172, #2037, #5903, .T. ) ;
#3949 = AXIS2_PLACEMENT_3D ( 'NONE', #5147, #11360, #6809 ) ;
#3950 = VECTOR ( 'NONE', #421, 1000.000000000000000 ) ;
#3951 = DIRECTION ( 'NONE',  ( 0.000000000000000000, 0.000000000000000000, 1.000000000000000000 ) ) ;
#3952 = EDGE_CURVE ( 'NONE', #8516, #8806, #3672, .T. ) ;
#3953 = CARTESIAN_POINT ( 'NONE',  ( 31.10000000000002629, 0.5999999999999989786, 5.818695557326043044 ) ) ;
#3954 = EDGE_LOOP ( 'NONE', ( #11411, #4712, #9932, #5477 ) ) ;
#3955 = VERTEX_POINT ( 'NONE', #1518 ) ;
#3956 = LINE ( 'NONE', #7763, #10064 ) ;
#3957 = DIRECTION ( 'NONE',  ( -1.000000000000000000, 0.000000000000000000, 0.000000000000000000 ) ) ;
#3958 = LINE ( 'NONE', #6452, #2993 ) ;
#3959 = CARTESIAN_POINT ( 'NONE',  ( -42.35139740797688290, 4.000000000000000000, 9.939999999999992397 ) ) ;
#3960 = EDGE_LOOP ( 'NONE', ( #2352, #8091, #9296, #340, #5849, #8394, #9028, #9733, #807, #1591, #3885, #6563, #319, #9099, #1770, #11156, #9349, #8571, #3148, #482, #6664, #7769, #8154, #9596, #6737, #1078, #10020, #3358, #10772, #4265, #2404, #11302, #11380, #10291 ) ) ;
#3961 = DIRECTION ( 'NONE',  ( 0.000000000000000000, 0.000000000000000000, 1.000000000000000000 ) ) ;
#3962 = EDGE_CURVE ( 'NONE', #3559, #3510, #4953, .T. ) ;
#3963 = ADVANCED_FACE ( 'NONE', ( #9677 ), #11755, .T. ) ;
#3964 = DIRECTION ( 'NONE',  ( -0.000000000000000000, -1.000000000000000000, -0.000000000000000000 ) ) ;
#3965 = LINE ( 'NONE', #11241, #11363 ) ;
#3966 = PLANE ( 'NONE',  #6975 ) ;
#3967 = DIRECTION ( 'NONE',  ( 0.000000000000000000, 0.000000000000000000, -1.000000000000000000 ) ) ;
#3968 = FACE_BOUND ( 'NONE', #10771, .T. ) ;
#3969 = ORIENTED_EDGE ( 'NONE', *, *, #11124, .F. ) ;
#3970 = ORIENTED_EDGE ( 'NONE', *, *, #2242, .T. ) ;
#3971 = DIRECTION ( 'NONE',  ( -1.000000000000000000, -0.000000000000000000, -0.000000000000000000 ) ) ;
#3972 = EDGE_CURVE ( 'NONE', #2767, #3055, #5017, .T. ) ;
#3973 = ADVANCED_FACE ( 'NONE', ( #6734 ), #1462, .F. ) ;
#3974 = LINE ( 'NONE', #7602, #10570 ) ;
#3975 = VECTOR ( 'NONE', #7935, 1000.000000000000000 ) ;
#3976 = VERTEX_POINT ( 'NONE', #3117 ) ;
#3977 = DIRECTION ( 'NONE',  ( 0.000000000000000000, 1.000000000000000000, -0.000000000000000000 ) ) ;
#3978 = CARTESIAN_POINT ( 'NONE',  ( 30.35000000000000142, 0.2999999999999999889, -3.150000000000002576 ) ) ;
#3979 = CARTESIAN_POINT ( 'NONE',  ( 50.99857113690718080, 8.500000000000000000, 12.25000000000000711 ) ) ;
#3980 = DIRECTION ( 'NONE',  ( 1.000000000000000000, -0.000000000000000000, -0.000000000000000000 ) ) ;
#3981 = ORIENTED_EDGE ( 'NONE', *, *, #3435, .T. ) ;
#3982 = DIRECTION ( 'NONE',  ( 0.000000000000000000, 1.000000000000000000, -0.000000000000000000 ) ) ;
#3983 = DIRECTION ( 'NONE',  ( 0.7660444431189792347, 0.000000000000000000, -0.6427876096865379196 ) ) ;
#3984 = DIRECTION ( 'NONE',  ( 0.000000000000000000, 0.000000000000000000, -1.000000000000000000 ) ) ;
#3985 = VERTEX_POINT ( 'NONE', #4008 ) ;
#3986 = EDGE_CURVE ( 'NONE', #7843, #5014, #2226, .T. ) ;
#3987 = ORIENTED_EDGE ( 'NONE', *, *, #1318, .T. ) ;
#3988 = EDGE_CURVE ( 'NONE', #7792, #11149, #3887, .T. ) ;
#3989 = CARTESIAN_POINT ( 'NONE',  ( -52.45000000000000995, 6.402631723476091885, 3.013815789473677231 ) ) ;
#3990 = CARTESIAN_POINT ( 'NONE',  ( 22.20788180854701821, 0.2505450496179587594, 0.6848287258247129916 ) ) ;
#3991 = EDGE_LOOP ( 'NONE', ( #491, #4342, #2975, #6872 ) ) ;
#3992 = FACE_BOUND ( 'NONE', #4662, .T. ) ;
#3993 = CARTESIAN_POINT ( 'NONE',  ( -51.95000000000000995, 6.759441985024261967, 3.989162026542446338 ) ) ;
#3994 = DIRECTION ( 'NONE',  ( -0.000000000000000000, -1.000000000000000000, 0.000000000000000000 ) ) ;
#3995 = CARTESIAN_POINT ( 'NONE',  ( 31.27102465446215618, -0.002168831689371225006, -12.11722717764680723 ) ) ;
#3996 = CARTESIAN_POINT ( 'NONE',  ( -37.52304223721046839, 4.003042131983495011, -12.36956634074368111 ) ) ;
#3997 = LINE ( 'NONE', #5120, #6632 ) ;
#3998 = B_SPLINE_CURVE_WITH_KNOTS ( 'NONE', 3,
 ( #859, #2499, #1736, #4421, #11692, #10798, #9721, #6125 ),
 .UNSPECIFIED., .F., .F.,
 ( 4, 2, 2, 4 ),
 ( -3.466145320680116862E-06, 0.0002882777914485846527, 0.0004341497598332260083, 0.0005800217282178673096 ),
 .UNSPECIFIED. ) ;
#3999 = CARTESIAN_POINT ( 'NONE',  ( -40.15000000000000568, 13.29999999999999893, 12.25000000000000178 ) ) ;
#4000 = CARTESIAN_POINT ( 'NONE',  ( -45.20000000000000284, 15.50000000000000000, -6.750000000000000888 ) ) ;
#4001 = CARTESIAN_POINT ( 'NONE',  ( -44.60085648609108944, 3.855365388137709459, 8.959251009495220686 ) ) ;
#4002 = ORIENTED_EDGE ( 'NONE', *, *, #78, .F. ) ;
#4003 = ORIENTED_EDGE ( 'NONE', *, *, #2601, .F. ) ;
#4004 = DIRECTION ( 'NONE',  ( 0.000000000000000000, 0.000000000000000000, 1.000000000000000000 ) ) ;
#4005 = ORIENTED_EDGE ( 'NONE', *, *, #6915, .T. ) ;
#4006 = VECTOR ( 'NONE', #755, 1000.000000000000000 ) ;
#4007 = FACE_OUTER_BOUND ( 'NONE', #3077, .T. ) ;
#4008 = CARTESIAN_POINT ( 'NONE',  ( -52.25000000000001421, 6.402631723476096326, -3.013815789473690554 ) ) ;
#4009 = EDGE_CURVE ( 'NONE', #2615, #5073, #3177, .T. ) ;
#4010 = ORIENTED_EDGE ( 'NONE', *, *, #10013, .T. ) ;
#4011 = ORIENTED_EDGE ( 'NONE', *, *, #7056, .F. ) ;
#4012 = CARTESIAN_POINT ( 'NONE',  ( 38.61960222758092698, 0.000000000000000000, -7.404841829914339257 ) ) ;
#4013 = LINE ( 'NONE', #3295, #6391 ) ;
#4014 = DIRECTION ( 'NONE',  ( 0.000000000000000000, 1.000000000000000000, 0.000000000000000000 ) ) ;
#4015 = DIRECTION ( 'NONE',  ( -0.000000000000000000, -1.000000000000000000, -0.000000000000000000 ) ) ;
#4016 = FACE_OUTER_BOUND ( 'NONE', #3226, .T. ) ;
#4017 = EDGE_CURVE ( 'NONE', #2027, #6273, #7295, .T. ) ;
#4018 = VECTOR ( 'NONE', #1064, 1000.000000000000000 ) ;
#4019 = EDGE_CURVE ( 'NONE', #4728, #13, #5961, .T. ) ;
#4020 = CARTESIAN_POINT ( 'NONE',  ( -42.50000000000000000, 13.29999999999999893, 12.25000000000000178 ) ) ;
#4021 = VERTEX_POINT ( 'NONE', #11763 ) ;
#4022 = ORIENTED_EDGE ( 'NONE', *, *, #1647, .F. ) ;
#4023 = DIRECTION ( 'NONE',  ( 0.000000000000000000, 1.000000000000000000, 2.891205793294679312E-16 ) ) ;
#4024 = CARTESIAN_POINT ( 'NONE',  ( -52.33850938628324201, 8.114119310398297813, 4.211707670827619765 ) ) ;
#4025 = DIRECTION ( 'NONE',  ( 0.000000000000000000, 1.000000000000000000, -0.000000000000000000 ) ) ;
#4026 = EDGE_LOOP ( 'NONE', ( #7205, #11350, #6151, #8082 ) ) ;
#4027 = LINE ( 'NONE', #5984, #5469 ) ;
#4028 = AXIS2_PLACEMENT_3D ( 'NONE', #8818, #2331, #7867 ) ;
#4029 = CYLINDRICAL_SURFACE ( 'NONE', #699, 2.750000000000000888 ) ;
#4030 = ORIENTED_EDGE ( 'NONE', *, *, #5898, .F. ) ;
#4031 = CARTESIAN_POINT ( 'NONE',  ( 1.249999999999991340, 4.000000000000000000, -1.355252715606871175E-16 ) ) ;
#4032 = FACE_OUTER_BOUND ( 'NONE', #9564, .T. ) ;
#4033 = VERTEX_POINT ( 'NONE', #7263 ) ;
#4034 = CYLINDRICAL_SURFACE ( 'NONE', #10532, 0.3000000000000016542 ) ;
#4035 = ADVANCED_FACE ( 'NONE', ( #6316 ), #4482, .T. ) ;
#4036 = CARTESIAN_POINT ( 'NONE',  ( -7.849999999999971223, 12.30000000000000071, -14.19019237886469220 ) ) ;
#4037 = DIRECTION ( 'NONE',  ( 0.000000000000000000, 0.000000000000000000, -1.000000000000000000 ) ) ;
#4038 = EDGE_CURVE ( 'NONE', #3432, #11596, #2366, .T. ) ;
#4039 = AXIS2_PLACEMENT_3D ( 'NONE', #7856, #4111, #725 ) ;
#4040 = CARTESIAN_POINT ( 'NONE',  ( 47.49999999999999289, 2.499999999999999556, -9.499999999999998224 ) ) ;
#4041 = VERTEX_POINT ( 'NONE', #7027 ) ;
#4042 = ORIENTED_EDGE ( 'NONE', *, *, #5907, .F. ) ;
#4043 = EDGE_LOOP ( 'NONE', ( #4374, #10060, #317, #439 ) ) ;
#4044 = CARTESIAN_POINT ( 'NONE',  ( 2.009170479469691184, 12.50000000000000000, -14.75000000000000178 ) ) ;
#4045 = DIRECTION ( 'NONE',  ( 0.000000000000000000, 0.000000000000000000, 1.000000000000000000 ) ) ;
#4046 = CARTESIAN_POINT ( 'NONE',  ( -42.50000000000000000, 15.50000000000000000, 12.50000000000000000 ) ) ;
#4047 = ORIENTED_EDGE ( 'NONE', *, *, #327, .F. ) ;
#4048 = CARTESIAN_POINT ( 'NONE',  ( 0.000000000000000000, 7.500000000000000000, 0.000000000000000000 ) ) ;
#4049 = DIRECTION ( 'NONE',  ( 0.000000000000000000, 0.000000000000000000, 1.000000000000000000 ) ) ;
#4050 = DIRECTION ( 'NONE',  ( 0.3420201433256696011, 0.000000000000000000, 0.9396926207859082059 ) ) ;
#4051 = CARTESIAN_POINT ( 'NONE',  ( 41.24999999999999289, 4.999999999999999112, 8.349999999999997868 ) ) ;
#4052 = EDGE_CURVE ( 'NONE', #3279, #2088, #10551, .T. ) ;
#4053 = LINE ( 'NONE', #4888, #10023 ) ;
#4054 = VERTEX_POINT ( 'NONE', #11697 ) ;
#4055 = EDGE_CURVE ( 'NONE', #3556, #7760, #5597, .T. ) ;
#4056 = EDGE_CURVE ( 'NONE', #765, #2357, #8947, .T. ) ;
#4057 = CARTESIAN_POINT ( 'NONE',  ( -39.55000000000000426, 11.29999999999999716, -14.25000000000000355 ) ) ;
#4058 = AXIS2_PLACEMENT_3D ( 'NONE', #7873, #3402, #10629 ) ;
#4059 = CARTESIAN_POINT ( 'NONE',  ( -3.469693845669876264, 14.00000000000000000, 13.54999999999999716 ) ) ;
#4060 = ORIENTED_EDGE ( 'NONE', *, *, #6845, .T. ) ;
#4061 = FACE_OUTER_BOUND ( 'NONE', #4084, .T. ) ;
#4062 = VECTOR ( 'NONE', #2055, 1000.000000000000114 ) ;
#4063 = LINE ( 'NONE', #2159, #6012 ) ;
#4064 = VERTEX_POINT ( 'NONE', #3520 ) ;
#4065 = VERTEX_POINT ( 'NONE', #7206 ) ;
#4066 = AXIS2_PLACEMENT_3D ( 'NONE', #6083, #6978, #2512 ) ;
#4067 = DIRECTION ( 'NONE',  ( -0.000000000000000000, 0.000000000000000000, -1.000000000000000000 ) ) ;
#4068 = FACE_OUTER_BOUND ( 'NONE', #5486, .T. ) ;
#4069 = DIRECTION ( 'NONE',  ( 0.000000000000000000, 0.000000000000000000, -1.000000000000000000 ) ) ;
#4070 = CARTESIAN_POINT ( 'NONE',  ( -50.20000000000000995, 0.000000000000000000, 2.580240547971450212E-14 ) ) ;
#4071 = ORIENTED_EDGE ( 'NONE', *, *, #8605, .T. ) ;
#4072 = CIRCLE ( 'NONE', #6345, 0.5999999999999998668 ) ;
#4073 = DIRECTION ( 'NONE',  ( 0.000000000000000000, 0.000000000000000000, 1.000000000000000000 ) ) ;
#4074 = ORIENTED_EDGE ( 'NONE', *, *, #3048, .T. ) ;
#4075 = DIRECTION ( 'NONE',  ( 0.000000000000000000, 0.000000000000000000, -1.000000000000000000 ) ) ;
#4076 = VERTEX_POINT ( 'NONE', #5496 ) ;
#4077 = CARTESIAN_POINT ( 'NONE',  ( -2.000000000000008882, 14.00000000000000000, -13.55000000000001670 ) ) ;
#4078 = DIRECTION ( 'NONE',  ( 0.000000000000000000, 0.000000000000000000, -1.000000000000000000 ) ) ;
#4079 = VECTOR ( 'NONE', #3434, 1000.000000000000000 ) ;
#4080 = CARTESIAN_POINT ( 'NONE',  ( 0.000000000000000000, 4.000000000000000000, 0.000000000000000000 ) ) ;
#4081 = LINE ( 'NONE', #4970, #468 ) ;
#4082 = VERTEX_POINT ( 'NONE', #3408 ) ;
#4083 = CARTESIAN_POINT ( 'NONE',  ( 0.000000000000000000, 16.50000000000000000, -13.55000000000000249 ) ) ;
#4084 = EDGE_LOOP ( 'NONE', ( #5511, #392, #7625, #11431 ) ) ;
#4085 = VECTOR ( 'NONE', #1559, 999.9999999999998863 ) ;
#4086 = CARTESIAN_POINT ( 'NONE',  ( -44.77483276126324085, 3.961372324593546601, 9.128796884102635900 ) ) ;
#4087 = ADVANCED_FACE ( 'NONE', ( #5437 ), #10737, .T. ) ;
#4088 = ORIENTED_EDGE ( 'NONE', *, *, #2365, .T. ) ;
#4089 = CARTESIAN_POINT ( 'NONE',  ( -50.25000000000002132, 13.79999999999999893, 7.117381062491334731 ) ) ;
#4090 = AXIS2_PLACEMENT_3D ( 'NONE', #19, #2532, #5400 ) ;
#4091 = DIRECTION ( 'NONE',  ( 0.000000000000000000, 1.000000000000000000, -0.000000000000000000 ) ) ;
#4092 = ORIENTED_EDGE ( 'NONE', *, *, #9875, .T. ) ;
#4093 = EDGE_CURVE ( 'NONE', #9530, #11521, #10864, .T. ) ;
#4094 = CARTESIAN_POINT ( 'NONE',  ( 50.99857113690718080, 10.50000000000000000, 12.25000000000000711 ) ) ;
#4095 = EDGE_LOOP ( 'NONE', ( #11609, #2446, #9839, #10428 ) ) ;
#4096 = FACE_OUTER_BOUND ( 'NONE', #3352, .T. ) ;
#4097 = LINE ( 'NONE', #7290, #4599 ) ;
#4098 = AXIS2_PLACEMENT_3D ( 'NONE', #1985, #8352, #336 ) ;
#4099 = LINE ( 'NONE', #7610, #7587 ) ;
#4100 = CARTESIAN_POINT ( 'NONE',  ( -45.19999999999999574, 0.000000000000000000, 6.750000000000006217 ) ) ;
#4101 = ORIENTED_EDGE ( 'NONE', *, *, #4955, .F. ) ;
#4102 = ORIENTED_EDGE ( 'NONE', *, *, #3596, .F. ) ;
#4103 = EDGE_LOOP ( 'NONE', ( #2513, #10556, #1268, #9974 ) ) ;
#4104 = ORIENTED_EDGE ( 'NONE', *, *, #6603, .F. ) ;
#4105 = DIRECTION ( 'NONE',  ( 0.8660254037844387076, 0.000000000000000000, 0.4999999999999997224 ) ) ;
#4106 = EDGE_CURVE ( 'NONE', #8500, #10066, #8115, .T. ) ;
#4107 = CARTESIAN_POINT ( 'NONE',  ( 47.50000000000000000, 8.500000000000000000, -9.500000000000001776 ) ) ;
#4108 = AXIS2_PLACEMENT_3D ( 'NONE', #9356, #2091, #10129 ) ;
#4109 = CARTESIAN_POINT ( 'NONE',  ( -52.25000000000001421, 6.447306091042371179, -3.264948469477439552 ) ) ;
#4110 = ORIENTED_EDGE ( 'NONE', *, *, #5294, .T. ) ;
#4111 = DIRECTION ( 'NONE',  ( -1.000000000000000000, 0.000000000000000000, 0.000000000000000000 ) ) ;
#4112 = EDGE_CURVE ( 'NONE', #9233, #7992, #4549, .T. ) ;
#4113 = PLANE ( 'NONE',  #9070 ) ;
#4114 = CARTESIAN_POINT ( 'NONE',  ( -50.25000000000000711, 5.999999999999998224, 2.449999999999999734 ) ) ;
#4115 = DIRECTION ( 'NONE',  ( 0.000000000000000000, 0.000000000000000000, 1.000000000000000000 ) ) ;
#4116 = ORIENTED_EDGE ( 'NONE', *, *, #7833, .F. ) ;
#4117 = VECTOR ( 'NONE', #6448, 1000.000000000000000 ) ;
#4118 = AXIS2_PLACEMENT_3D ( 'NONE', #5578, #4697, #5473 ) ;
#4119 = CARTESIAN_POINT ( 'NONE',  ( -37.54999999999999716, 6.000000000000000000, 14.25000000000000355 ) ) ;
#4120 = ORIENTED_EDGE ( 'NONE', *, *, #6386, .T. ) ;
#4121 = EDGE_CURVE ( 'NONE', #8297, #7016, #7994, .T. ) ;
#4122 = CARTESIAN_POINT ( 'NONE',  ( -44.42537957125352222, 4.000000000000000000, 9.215857563268276209 ) ) ;
#4123 = EDGE_CURVE ( 'NONE', #1492, #4838, #9975, .T. ) ;
#4124 = CARTESIAN_POINT ( 'NONE',  ( -52.45000000000000995, 9.197719172987381953, -3.001973684210528237 ) ) ;
#4125 = CIRCLE ( 'NONE', #6200, 0.5999999999999998668 ) ;
#4126 = EDGE_LOOP ( 'NONE', ( #173, #3285, #6465, #9769 ) ) ;
#4127 = AXIS2_PLACEMENT_3D ( 'NONE', #8660, #6921, #527 ) ;
#4128 = DIRECTION ( 'NONE',  ( 0.000000000000000000, 5.782411586589353300E-15, -1.000000000000000000 ) ) ;
#4129 = CARTESIAN_POINT ( 'NONE',  ( -15.05000000000000782, 3.199999999999999734, -11.05000000000001315 ) ) ;
#4130 = CARTESIAN_POINT ( 'NONE',  ( 8.795253869569584650E-16, 0.000000000000000000, 11.75000000000000355 ) ) ;
#4131 = AXIS2_PLACEMENT_3D ( 'NONE', #3417, #8843, #815 ) ;
#4132 = VERTEX_POINT ( 'NONE', #10019 ) ;
#4133 = AXIS2_PLACEMENT_3D ( 'NONE', #8925, #6347, #8087 ) ;
#4134 = LINE ( 'NONE', #522, #1042 ) ;
#4135 = EDGE_CURVE ( 'NONE', #4076, #10340, #1867, .T. ) ;
#4136 = ADVANCED_FACE ( 'NONE', ( #9841 ), #7938, .T. ) ;
#4137 = ORIENTED_EDGE ( 'NONE', *, *, #8177, .T. ) ;
#4138 = LINE ( 'NONE', #9446, #10401 ) ;
#4139 = ORIENTED_EDGE ( 'NONE', *, *, #3952, .F. ) ;
#4140 = CYLINDRICAL_SURFACE ( 'NONE', #9261, 0.2999999999999994338 ) ;
#4141 = CARTESIAN_POINT ( 'NONE',  ( -36.97393153932384990, 1.000000000000000000, -76.06160882753884778 ) ) ;
#4142 = VECTOR ( 'NONE', #11461, 1000.000000000000000 ) ;
#4143 = DIRECTION ( 'NONE',  ( -0.6427876096865379196, -0.000000000000000000, -0.7660444431189792347 ) ) ;
#4144 = B_SPLINE_CURVE_WITH_KNOTS ( 'NONE', 3,
 ( #4744, #11198, #10407, #1312, #4086, #8611, #3020, #5866 ),
 .UNSPECIFIED., .F., .F.,
 ( 4, 2, 2, 4 ),
 ( 0.000000000000000000, 0.0002610673142774392773, 0.0003916009714161578317, 0.0005221346285548763861 ),
 .UNSPECIFIED. ) ;
#4145 = ORIENTED_EDGE ( 'NONE', *, *, #8836, .T. ) ;
#4146 = VECTOR ( 'NONE', #5600, 1000.000000000000000 ) ;
#4147 = DIRECTION ( 'NONE',  ( 0.000000000000000000, 0.000000000000000000, 1.000000000000000000 ) ) ;
#4148 = ORIENTED_EDGE ( 'NONE', *, *, #10249, .T. ) ;
#4149 = LINE ( 'NONE', #5979, #1968 ) ;
#4150 = VECTOR ( 'NONE', #2100, 1000.000000000000000 ) ;
#4151 = VERTEX_POINT ( 'NONE', #4425 ) ;
#4152 = DIRECTION ( 'NONE',  ( 0.000000000000000000, 0.000000000000000000, 1.000000000000000000 ) ) ;
#4153 = ORIENTED_EDGE ( 'NONE', *, *, #8114, .T. ) ;
#4154 = DIRECTION ( 'NONE',  ( -9.856182124392324236E-16, -0.000000000000000000, -1.000000000000000000 ) ) ;
#4155 = LINE ( 'NONE', #8438, #3163 ) ;
#4156 = ORIENTED_EDGE ( 'NONE', *, *, #2012, .F. ) ;
#4157 = CARTESIAN_POINT ( 'NONE',  ( 22.81827201635470459, 4.999999999999999112, -10.68172798364529719 ) ) ;
#4158 = EDGE_LOOP ( 'NONE', ( #2571, #5987, #9167, #2177, #4768 ) ) ;
#4159 = DIRECTION ( 'NONE',  ( 0.000000000000000000, 0.000000000000000000, -1.000000000000000000 ) ) ;
#4160 = CARTESIAN_POINT ( 'NONE',  ( -20.00000000000001066, 14.10000000000000320, 14.75000000000000355 ) ) ;
#4161 = B_SPLINE_CURVE_WITH_KNOTS ( 'NONE', 3,
 ( #8029, #664, #2433, #5228, #6062, #6951 ),
 .UNSPECIFIED., .F., .F.,
 ( 4, 2, 4 ),
 ( 0.000000000000000000, 0.0001955798652618910864, 0.0003911597305237821728 ),
 .UNSPECIFIED. ) ;
#4162 = FACE_OUTER_BOUND ( 'NONE', #8451, .T. ) ;
#4163 = FACE_OUTER_BOUND ( 'NONE', #2330, .T. ) ;
#4164 = ORIENTED_EDGE ( 'NONE', *, *, #6352, .F. ) ;
#4165 = EDGE_CURVE ( 'NONE', #10478, #7487, #1685, .T. ) ;
#4166 = AXIS2_PLACEMENT_3D ( 'NONE', #6564, #1929, #11002 ) ;
#4167 = CIRCLE ( 'NONE', #6996, 2.000000000000001776 ) ;
#4168 = ORIENTED_EDGE ( 'NONE', *, *, #3659, .T. ) ;
#4169 = LINE ( 'NONE', #1544, #6735 ) ;
#4170 = FACE_OUTER_BOUND ( 'NONE', #7895, .T. ) ;
#4171 = PLANE ( 'NONE',  #11150 ) ;
#4172 = VERTEX_POINT ( 'NONE', #9002 ) ;
#4173 = CARTESIAN_POINT ( 'NONE',  ( -34.95000000000000284, 4.015686516701556741, 12.50000000000000178 ) ) ;
#4174 = CARTESIAN_POINT ( 'NONE',  ( -51.95000000000000995, 6.583039804977550702, 3.819531249999953637 ) ) ;
#4175 = DIRECTION ( 'NONE',  ( 0.000000000000000000, 0.000000000000000000, 1.000000000000000000 ) ) ;
#4176 = FACE_OUTER_BOUND ( 'NONE', #1630, .T. ) ;
#4177 = EDGE_LOOP ( 'NONE', ( #4710, #6547, #6433, #6028 ) ) ;
#4178 = ADVANCED_FACE ( 'NONE', ( #9902 ), #1741, .T. ) ;
#4179 = LINE ( 'NONE', #7627, #4181 ) ;
#4180 = VECTOR ( 'NONE', #8332, 1000.000000000000000 ) ;
#4181 = VECTOR ( 'NONE', #11277, 1000.000000000000000 ) ;
#4182 = EDGE_CURVE ( 'NONE', #5614, #10590, #4775, .T. ) ;
#4183 = DIRECTION ( 'NONE',  ( 0.000000000000000000, 0.000000000000000000, 1.000000000000000000 ) ) ;
#4184 = DIRECTION ( 'NONE',  ( 0.000000000000000000, 0.000000000000000000, 1.000000000000000000 ) ) ;
#4185 = ORIENTED_EDGE ( 'NONE', *, *, #11520, .F. ) ;
#4186 = CARTESIAN_POINT ( 'NONE',  ( 37.76026385013410902, 0.2034051652805236587, -8.279818315299342757 ) ) ;
#4187 = ORIENTED_EDGE ( 'NONE', *, *, #8180, .F. ) ;
#4188 = DIRECTION ( 'NONE',  ( 0.000000000000000000, 0.000000000000000000, 1.000000000000000000 ) ) ;
#4189 = PLANE ( 'NONE',  #6506 ) ;
#4190 = PLANE ( 'NONE',  #6600 ) ;
#4191 = EDGE_CURVE ( 'NONE', #7436, #9947, #8457, .T. ) ;
#4192 = CIRCLE ( 'NONE', #221, 8.000000000000000000 ) ;
#4193 = DIRECTION ( 'NONE',  ( -9.856182124392324236E-16, 0.000000000000000000, -1.000000000000000000 ) ) ;
#4194 = B_SPLINE_CURVE_WITH_KNOTS ( 'NONE', 3,
 ( #1901, #5530, #9158, #1019, #6472, #8328 ),
 .UNSPECIFIED., .F., .F.,
 ( 4, 2, 4 ),
 ( 0.000000000000000000, 0.0001955837419200947918, 0.0003911674838401895836 ),
 .UNSPECIFIED. ) ;
#4195 = DIRECTION ( 'NONE',  ( -0.000000000000000000, -1.000000000000000000, -0.000000000000000000 ) ) ;
#4196 = EDGE_CURVE ( 'NONE', #4793, #1434, #1039, .T. ) ;
#4197 = ORIENTED_EDGE ( 'NONE', *, *, #131, .T. ) ;
#4198 = VECTOR ( 'NONE', #8125, 1000.000000000000000 ) ;
#4199 = CARTESIAN_POINT ( 'NONE',  ( 29.76281503650047355, 0.02221222609488925082, -8.455040861145237230 ) ) ;
#4200 = CARTESIAN_POINT ( 'NONE',  ( -40.15000000000000568, 13.28431348329844219, -12.50000000000000000 ) ) ;
#4201 = VECTOR ( 'NONE', #3598, 1000.000000000000227 ) ;
#4202 = ORIENTED_EDGE ( 'NONE', *, *, #10981, .F. ) ;
#4203 = CARTESIAN_POINT ( 'NONE',  ( -39.55000000000000426, 2.658044035770915267E-15, -14.25000000000000533 ) ) ;
#4204 = CARTESIAN_POINT ( 'NONE',  ( -36.95000000000000284, 4.015686516701556741, 12.50000000000000000 ) ) ;
#4205 = DIRECTION ( 'NONE',  ( 0.000000000000000000, -1.000000000000000000, 0.000000000000000000 ) ) ;
#4206 = EDGE_CURVE ( 'NONE', #11008, #3055, #1161, .T. ) ;
#4207 = VERTEX_POINT ( 'NONE', #10202 ) ;
#4208 = ADVANCED_FACE ( 'NONE', ( #7571 ), #6554, .F. ) ;
#4209 = DIRECTION ( 'NONE',  ( 1.000000000000000000, 0.000000000000000000, 5.139921410301651289E-17 ) ) ;
#4210 = ORIENTED_EDGE ( 'NONE', *, *, #1712, .T. ) ;
#4211 = ORIENTED_EDGE ( 'NONE', *, *, #10216, .T. ) ;
#4212 = FACE_OUTER_BOUND ( 'NONE', #4563, .T. ) ;
#4213 = ORIENTED_EDGE ( 'NONE', *, *, #6085, .T. ) ;
#4214 = ORIENTED_EDGE ( 'NONE', *, *, #8242, .T. ) ;
#4215 = CARTESIAN_POINT ( 'NONE',  ( -44.75000000000000711, 6.000000000000000000, -12.25000000000000533 ) ) ;
#4216 = CARTESIAN_POINT ( 'NONE',  ( -51.25000000000001421, 14.00000000000000000, -9.499999999999976907 ) ) ;
#4217 = B_SPLINE_CURVE_WITH_KNOTS ( 'NONE', 3,
 ( #8891, #11698, #5136, #6027, #3350, #2570 ),
 .UNSPECIFIED., .F., .F.,
 ( 4, 2, 4 ),
 ( 0.000000000000000000, 0.0003998902769709739556, 0.0007997805539419479111 ),
 .UNSPECIFIED. ) ;
#4218 = LINE ( 'NONE', #9640, #348 ) ;
#4219 = CARTESIAN_POINT ( 'NONE',  ( 39.08172798364529399, 4.999999999999999112, 5.581727983645293101 ) ) ;
#4220 = DIRECTION ( 'NONE',  ( 0.000000000000000000, 0.000000000000000000, 1.000000000000000000 ) ) ;
#4221 = DIRECTION ( 'NONE',  ( 0.000000000000000000, 1.000000000000000000, -0.000000000000000000 ) ) ;
#4222 = ORIENTED_EDGE ( 'NONE', *, *, #3263, .F. ) ;
#4223 = CIRCLE ( 'NONE', #5736, 1.300000000000000266 ) ;
#4224 = ORIENTED_EDGE ( 'NONE', *, *, #1291, .T. ) ;
#4225 = DIRECTION ( 'NONE',  ( 0.000000000000000000, 0.000000000000000000, -1.000000000000000000 ) ) ;
#4226 = CARTESIAN_POINT ( 'NONE',  ( -52.21641199541650025, 6.837481789741829630, -3.846616994043225102 ) ) ;
#4227 = DIRECTION ( 'NONE',  ( -0.000000000000000000, -1.000000000000000000, -0.000000000000000000 ) ) ;
#4228 = ORIENTED_EDGE ( 'NONE', *, *, #54, .F. ) ;
#4229 = FACE_OUTER_BOUND ( 'NONE', #9001, .T. ) ;
#4230 = FACE_OUTER_BOUND ( 'NONE', #4690, .T. ) ;
#4231 = VECTOR ( 'NONE', #9758, 1000.000000000000000 ) ;
#4232 = DIRECTION ( 'NONE',  ( -9.856182124392324236E-16, 0.000000000000000000, -1.000000000000000000 ) ) ;
#4233 = ORIENTED_EDGE ( 'NONE', *, *, #5774, .F. ) ;
#4234 = CARTESIAN_POINT ( 'NONE',  ( -50.26010205144336851, 7.691871563853074356, -4.350000000000000533 ) ) ;
#4235 = ORIENTED_EDGE ( 'NONE', *, *, #11531, .F. ) ;
#4236 = DIRECTION ( 'NONE',  ( 0.000000000000000000, 0.000000000000000000, -1.000000000000000000 ) ) ;
#4237 = VERTEX_POINT ( 'NONE', #5723 ) ;
#4238 = CARTESIAN_POINT ( 'NONE',  ( -44.76304159564175933, 4.000000000000000000, 9.476123744611117061 ) ) ;
#4239 = EDGE_CURVE ( 'NONE', #5276, #11581, #1921, .T. ) ;
#4240 = FACE_OUTER_BOUND ( 'NONE', #2916, .T. ) ;
#4241 = VERTEX_POINT ( 'NONE', #271 ) ;
#4242 = ADVANCED_FACE ( 'NONE', ( #332 ), #3824, .T. ) ;
#4243 = DIRECTION ( 'NONE',  ( 0.000000000000000000, 1.000000000000000000, 0.000000000000000000 ) ) ;
#4244 = CARTESIAN_POINT ( 'NONE',  ( -51.96382476168635378, 6.965572289973185782, 4.121853269765109573 ) ) ;
#4245 = EDGE_CURVE ( 'NONE', #9113, #10650, #10262, .T. ) ;
#4246 = CARTESIAN_POINT ( 'NONE',  ( -34.55000000000001137, 4.000000000000000000, 9.939999999999992397 ) ) ;
#4247 = CARTESIAN_POINT ( 'NONE',  ( -52.23893568960507849, 9.245991342014679759, -3.499028688288563504 ) ) ;
#4248 = CARTESIAN_POINT ( 'NONE',  ( -34.83096821607126969, 13.30034910780785395, -12.27727016374981694 ) ) ;
#4249 = VERTEX_POINT ( 'NONE', #4663 ) ;
#4250 = LINE ( 'NONE', #2458, #6158 ) ;
#4251 = VECTOR ( 'NONE', #9573, 1000.000000000000000 ) ;
#4252 = ADVANCED_FACE ( 'NONE', ( #9365 ), #1216, .T. ) ;
#4253 = ORIENTED_EDGE ( 'NONE', *, *, #6926, .F. ) ;
#4254 = CARTESIAN_POINT ( 'NONE',  ( -34.55000000000001137, 3.199999999999999734, -10.05000000000001137 ) ) ;
#4255 = ORIENTED_EDGE ( 'NONE', *, *, #5298, .T. ) ;
#4256 = CARTESIAN_POINT ( 'NONE',  ( -52.25000000000001421, 7.899999999999999467, 2.449999999999999734 ) ) ;
#4257 = EDGE_CURVE ( 'NONE', #7551, #324, #5310, .T. ) ;
#4258 = DIRECTION ( 'NONE',  ( -1.000000000000000000, 0.000000000000000000, 0.000000000000000000 ) ) ;
#4259 = DIRECTION ( 'NONE',  ( 9.856182124392324236E-16, 0.000000000000000000, 1.000000000000000000 ) ) ;
#4260 = AXIS2_PLACEMENT_3D ( 'NONE', #460, #7771, #4073 ) ;
#4261 = ORIENTED_EDGE ( 'NONE', *, *, #9271, .T. ) ;
#4262 = LINE ( 'NONE', #759, #2840 ) ;
#4263 = ORIENTED_EDGE ( 'NONE', *, *, #2751, .F. ) ;
#4264 = DIRECTION ( 'NONE',  ( -1.000000000000000000, 0.000000000000000000, 4.231032868236115418E-16 ) ) ;
#4265 = ORIENTED_EDGE ( 'NONE', *, *, #7323, .F. ) ;
#4266 = EDGE_CURVE ( 'NONE', #10136, #7596, #2069, .T. ) ;
#4267 = ORIENTED_EDGE ( 'NONE', *, *, #2896, .T. ) ;
#4268 = AXIS2_PLACEMENT_3D ( 'NONE', #7766, #10501, #2336 ) ;
#4269 = FACE_OUTER_BOUND ( 'NONE', #6430, .T. ) ;
#4270 = DIRECTION ( 'NONE',  ( 1.000000000000000000, -0.000000000000000000, -0.000000000000000000 ) ) ;
#4271 = VECTOR ( 'NONE', #6199, 1000.000000000000000 ) ;
#4272 = VERTEX_POINT ( 'NONE', #165 ) ;
#4273 = EDGE_CURVE ( 'NONE', #55, #3955, #2153, .T. ) ;
#4274 = CARTESIAN_POINT ( 'NONE',  ( -2.000000000000008882, 12.30000000000000071, -13.55000000000000426 ) ) ;
#4275 = DIRECTION ( 'NONE',  ( 1.176083712526648949E-16, 0.000000000000000000, 1.000000000000000000 ) ) ;
#4276 = ORIENTED_EDGE ( 'NONE', *, *, #7235, .T. ) ;
#4277 = CARTESIAN_POINT ( 'NONE',  ( -50.19999999999999574, 0.000000000000000000, 6.749999999999971578 ) ) ;
#4278 = ORIENTED_EDGE ( 'NONE', *, *, #2511, .F. ) ;
#4279 = CIRCLE ( 'NONE', #2180, 0.1999999999999998723 ) ;
#4280 = VECTOR ( 'NONE', #3728, 1000.000000000000000 ) ;
#4281 = ORIENTED_EDGE ( 'NONE', *, *, #11260, .T. ) ;
#4282 = DIRECTION ( 'NONE',  ( 0.000000000000000000, 1.000000000000000000, -0.000000000000000000 ) ) ;
#4283 = ORIENTED_EDGE ( 'NONE', *, *, #8100, .T. ) ;
#4284 = CARTESIAN_POINT ( 'NONE',  ( 3.099999999999991651, 14.00000000000000000, -13.45000000000019114 ) ) ;
#4285 = DIRECTION ( 'NONE',  ( 0.000000000000000000, 0.000000000000000000, -1.000000000000000000 ) ) ;
#4286 = EDGE_LOOP ( 'NONE', ( #8056, #6048, #729, #2510, #6829, #6154, #2197, #4030, #420, #1819, #6933, #5241, #6928, #7630 ) ) ;
#4287 = CARTESIAN_POINT ( 'NONE',  ( -44.80489858850367568, 3.928838635963621595, 8.953246526441432707 ) ) ;
#4288 = EDGE_CURVE ( 'NONE', #1813, #2844, #8229, .T. ) ;
#4289 = AXIS2_PLACEMENT_3D ( 'NONE', #8623, #5993, #4930 ) ;
#4290 = AXIS2_PLACEMENT_3D ( 'NONE', #6844, #10321, #4184 ) ;
#4291 = DIRECTION ( 'NONE',  ( 0.000000000000000000, 0.000000000000000000, 1.000000000000000000 ) ) ;
#4292 = ORIENTED_EDGE ( 'NONE', *, *, #951, .T. ) ;
#4293 = DIRECTION ( 'NONE',  ( 0.000000000000000000, 1.000000000000000000, 0.000000000000000000 ) ) ;
#4294 = CIRCLE ( 'NONE', #1817, 1.000000000000000888 ) ;
#4295 = ORIENTED_EDGE ( 'NONE', *, *, #582, .T. ) ;
#4296 = AXIS2_PLACEMENT_3D ( 'NONE', #8104, #853, #10854 ) ;
#4297 = DIRECTION ( 'NONE',  ( 0.000000000000000000, -1.000000000000000000, 0.000000000000000000 ) ) ;
#4298 = ORIENTED_EDGE ( 'NONE', *, *, #4191, .T. ) ;
#4299 = DIRECTION ( 'NONE',  ( 0.000000000000000000, 0.000000000000000000, 1.000000000000000000 ) ) ;
#4300 = B_SPLINE_CURVE_WITH_KNOTS ( 'NONE', 3,
 ( #3221, #6841, #4234, #3162 ),
 .UNSPECIFIED., .F., .F.,
 ( 4, 4 ),
 ( 0.000000000000000000, 0.0006165169693748259652 ),
 .UNSPECIFIED. ) ;
#4301 = LINE ( 'NONE', #5129, #8502 ) ;
#4302 = LINE ( 'NONE', #9772, #925 ) ;
#4303 = DIRECTION ( 'NONE',  ( 1.000000000000000000, 0.000000000000000000, -0.000000000000000000 ) ) ;
#4304 = VECTOR ( 'NONE', #4154, 1000.000000000000000 ) ;
#4305 = AXIS2_PLACEMENT_3D ( 'NONE', #4409, #8035, #6066 ) ;
#4306 = AXIS2_PLACEMENT_3D ( 'NONE', #6878, #9747, #7959 ) ;
#4307 = FACE_OUTER_BOUND ( 'NONE', #3430, .T. ) ;
#4308 = VERTEX_POINT ( 'NONE', #1100 ) ;
#4309 = CARTESIAN_POINT ( 'NONE',  ( -15.05000000000000782, 3.199999999999999734, -10.05000000000001315 ) ) ;
#4310 = B_SPLINE_CURVE_WITH_KNOTS ( 'NONE', 3,
 ( #9282, #963, #2790, #8263, #4580, #195, #6291, #4747 ),
 .UNSPECIFIED., .F., .F.,
 ( 4, 2, 2, 4 ),
 ( 0.000000000000000000, 0.0001496068285211914499, 0.0002992136570423828998, 0.0005984273140847657995 ),
 .UNSPECIFIED. ) ;
#4311 = EDGE_LOOP ( 'NONE', ( #7191, #9236, #10850, #3911, #2671 ) ) ;
#4312 = VERTEX_POINT ( 'NONE', #8348 ) ;
#4313 = EDGE_CURVE ( 'NONE', #895, #3212, #763, .T. ) ;
#4314 = ORIENTED_EDGE ( 'NONE', *, *, #6274, .F. ) ;
#4315 = EDGE_LOOP ( 'NONE', ( #3074, #9820, #7128, #5349, #10491, #5215, #1010, #9251, #8338, #9213, #6220, #8043, #2709, #2152, #6568, #959, #5174, #2990 ) ) ;
#4316 = EDGE_CURVE ( 'NONE', #2834, #10442, #6440, .T. ) ;
#4317 = CARTESIAN_POINT ( 'NONE',  ( -47.50000000000000711, 7.500000000000000000, 9.500000000000001776 ) ) ;
#4318 = AXIS2_PLACEMENT_3D ( 'NONE', #511, #5899, #5840 ) ;
#4319 = TOROIDAL_SURFACE ( 'NONE', #10984, 9.300000000000009592, 0.2999999999999999889 ) ;
#4320 = FACE_OUTER_BOUND ( 'NONE', #4348, .T. ) ;
#4321 = ORIENTED_EDGE ( 'NONE', *, *, #3972, .T. ) ;
#4322 = LINE ( 'NONE', #3297, #1466 ) ;
#4323 = FACE_OUTER_BOUND ( 'NONE', #5666, .T. ) ;
#4324 = CARTESIAN_POINT ( 'NONE',  ( 0.000000000000000000, 4.999999999999999112, 0.000000000000000000 ) ) ;
#4325 = CARTESIAN_POINT ( 'NONE',  ( -34.92304223721045986, 4.003042131983495011, -12.36956634074368111 ) ) ;
#4326 = VECTOR ( 'NONE', #8581, 1000.000000000000000 ) ;
#4327 = VECTOR ( 'NONE', #7071, 1000.000000000000000 ) ;
#4328 = ADVANCED_FACE ( 'NONE', ( #10989 ), #1979, .T. ) ;
#4329 = CARTESIAN_POINT ( 'NONE',  ( -37.20000000000000284, 13.29999999999999893, 12.25000000000000000 ) ) ;
#4330 = ORIENTED_EDGE ( 'NONE', *, *, #6814, .T. ) ;
#4331 = ADVANCED_FACE ( 'NONE', ( #7752 ), #5064, .F. ) ;
#4332 = LINE ( 'NONE', #5456, #5004 ) ;
#4333 = ORIENTED_EDGE ( 'NONE', *, *, #3320, .T. ) ;
#4334 = ORIENTED_EDGE ( 'NONE', *, *, #254, .T. ) ;
#4335 = ORIENTED_EDGE ( 'NONE', *, *, #7214, .F. ) ;
#4336 = CARTESIAN_POINT ( 'NONE',  ( -45.19999999999999574, 7.500000000000000000, 6.750000000000006217 ) ) ;
#4337 = AXIS2_PLACEMENT_3D ( 'NONE', #6036, #2294, #9683 ) ;
#4338 = DIRECTION ( 'NONE',  ( -3.154042683594192655E-16, -0.000000000000000000, -1.000000000000000000 ) ) ;
#4339 = VERTEX_POINT ( 'NONE', #9665 ) ;
#4340 = FACE_OUTER_BOUND ( 'NONE', #7264, .T. ) ;
#4341 = CARTESIAN_POINT ( 'NONE',  ( 2.009170479469691184, 12.50000000000000000, 14.75000000000000178 ) ) ;
#4342 = ORIENTED_EDGE ( 'NONE', *, *, #1207, .F. ) ;
#4343 = EDGE_CURVE ( 'NONE', #7657, #1482, #10621, .T. ) ;
#4344 = CARTESIAN_POINT ( 'NONE',  ( -52.43183304299726188, 9.110780578713137956, 3.450629295177479960 ) ) ;
#4345 = ORIENTED_EDGE ( 'NONE', *, *, #642, .F. ) ;
#4346 = EDGE_CURVE ( 'NONE', #3938, #5254, #5773, .T. ) ;
#4347 = CARTESIAN_POINT ( 'NONE',  ( 20.65000000000000213, 0.6000000000000003109, -8.550000000000029132 ) ) ;
#4348 = EDGE_LOOP ( 'NONE', ( #1907, #4210, #7081, #7148, #7084, #4255 ) ) ;
#4349 = CARTESIAN_POINT ( 'NONE',  ( -47.50000000000000711, 4.000000000000000000, -9.500000000000001776 ) ) ;
#4350 = DIRECTION ( 'NONE',  ( -1.000000000000000000, 0.000000000000000000, 0.000000000000000000 ) ) ;
#4351 = CARTESIAN_POINT ( 'NONE',  ( -15.05000000000000782, 7.500000000000000000, 10.44999999999999218 ) ) ;
#4352 = DIRECTION ( 'NONE',  ( 0.000000000000000000, 1.000000000000000000, 0.000000000000000000 ) ) ;
#4353 = DIRECTION ( 'NONE',  ( 1.000000000000000000, -0.000000000000000000, -0.000000000000000000 ) ) ;
#4354 = VERTEX_POINT ( 'NONE', #8760 ) ;
#4355 = EDGE_CURVE ( 'NONE', #2309, #9357, #4300, .T. ) ;
#4356 = CARTESIAN_POINT ( 'NONE',  ( -52.33705536026330662, 7.791617929101725792, -4.224942567312418795 ) ) ;
#4357 = EDGE_CURVE ( 'NONE', #2245, #8297, #8583, .T. ) ;
#4358 = LINE ( 'NONE', #8039, #9600 ) ;
#4359 = ORIENTED_EDGE ( 'NONE', *, *, #836, .F. ) ;
#4360 = CARTESIAN_POINT ( 'NONE',  ( 8.576490010960506893, 0.2999999999999999889, -14.85491644959054724 ) ) ;
#4361 = ORIENTED_EDGE ( 'NONE', *, *, #4055, .T. ) ;
#4362 = DIRECTION ( 'NONE',  ( 0.000000000000000000, 0.000000000000000000, -1.000000000000000000 ) ) ;
#4363 = CARTESIAN_POINT ( 'NONE',  ( 50.24999999999999289, 10.80000000000000071, 3.299999999999999378 ) ) ;
#4364 = CARTESIAN_POINT ( 'NONE',  ( -52.00319817479341111, 7.657263597525705734, 4.338327429859353046 ) ) ;
#4365 = LINE ( 'NONE', #5375, #11012 ) ;
#4366 = VERTEX_POINT ( 'NONE', #2212 ) ;
#4367 = DIRECTION ( 'NONE',  ( 0.000000000000000000, 1.000000000000000000, 0.000000000000000000 ) ) ;
#4368 = LINE ( 'NONE', #6974, #6210 ) ;
#4369 = ORIENTED_EDGE ( 'NONE', *, *, #5699, .F. ) ;
#4370 = VERTEX_POINT ( 'NONE', #2327 ) ;
#4371 = ORIENTED_EDGE ( 'NONE', *, *, #10433, .F. ) ;
#4372 = CARTESIAN_POINT ( 'NONE',  ( 29.89999999999998082, 0.000000000000000000, -8.330492254602827273 ) ) ;
#4373 = DIRECTION ( 'NONE',  ( -0.000000000000000000, 1.000000000000000000, -0.000000000000000000 ) ) ;
#4374 = ORIENTED_EDGE ( 'NONE', *, *, #8640, .T. ) ;
#4375 = DIRECTION ( 'NONE',  ( 0.000000000000000000, 1.000000000000000000, -1.865294060190115224E-16 ) ) ;
#4376 = CYLINDRICAL_SURFACE ( 'NONE', #1286, 1.900000000000000577 ) ;
#4377 = DIRECTION ( 'NONE',  ( 0.000000000000000000, -1.000000000000000000, 0.000000000000000000 ) ) ;
#4378 = LINE ( 'NONE', #10749, #11186 ) ;
#4379 = AXIS2_PLACEMENT_3D ( 'NONE', #466, #5860, #9625 ) ;
#4380 = LINE ( 'NONE', #8005, #10671 ) ;
#4381 = PRODUCT ( '5_\X2\58f34f53\X0\', '5_\X2\58f34f53\X0\', '', ( #44 ) ) ;
#4382 = CARTESIAN_POINT ( 'NONE',  ( -52.40568058483292901, 6.648330670390510733, -3.751634072195757508 ) ) ;
#4383 = ORIENTED_EDGE ( 'NONE', *, *, #1231, .T. ) ;
#4384 = CARTESIAN_POINT ( 'NONE',  ( -36.95000000000000284, 13.28431348329844219, 12.50000000000000000 ) ) ;
#4385 = VERTEX_POINT ( 'NONE', #447 ) ;
#4386 = FACE_OUTER_BOUND ( 'NONE', #11019, .T. ) ;
#4387 = ORIENTED_EDGE ( 'NONE', *, *, #8231, .T. ) ;
#4388 = ORIENTED_EDGE ( 'NONE', *, *, #1377, .F. ) ;
#4389 = CARTESIAN_POINT ( 'NONE',  ( 35.44364652204422583, 0.2999999999999998779, -1.075207213125432215 ) ) ;
#4390 = CARTESIAN_POINT ( 'NONE',  ( 0.5999999999999912070, 12.50000000000000000, 13.35000000000018971 ) ) ;
#4391 = ORIENTED_EDGE ( 'NONE', *, *, #6130, .F. ) ;
#4392 = PLANE ( 'NONE',  #9259 ) ;
#4393 = EDGE_CURVE ( 'NONE', #4968, #207, #27, .T. ) ;
#4394 = CARTESIAN_POINT ( 'NONE',  ( -52.25000000000001421, 6.602280827012607212, 3.001973684210524240 ) ) ;
#4395 = EDGE_CURVE ( 'NONE', #9179, #9150, #3997, .T. ) ;
#4396 = EDGE_CURVE ( 'NONE', #11447, #9106, #1277, .T. ) ;
#4397 = CARTESIAN_POINT ( 'NONE',  ( -33.55000000000001137, 5.999999999999998224, -11.05000000000001137 ) ) ;
#4398 = ORIENTED_EDGE ( 'NONE', *, *, #6184, .T. ) ;
#4399 = ORIENTED_EDGE ( 'NONE', *, *, #7683, .T. ) ;
#4400 = CARTESIAN_POINT ( 'NONE',  ( 45.25000000000000711, 5.500000000000000000, -12.25000000000000000 ) ) ;
#4401 = CARTESIAN_POINT ( 'NONE',  ( -40.15000000000000568, 4.000000000000000000, -12.25000000000000000 ) ) ;
#4402 = AXIS2_PLACEMENT_3D ( 'NONE', #7581, #8479, #6677 ) ;
#4403 = FACE_OUTER_BOUND ( 'NONE', #1595, .T. ) ;
#4404 = CYLINDRICAL_SURFACE ( 'NONE', #11073, 0.5999999999999998668 ) ;
#4405 = EDGE_CURVE ( 'NONE', #4475, #9783, #9881, .T. ) ;
#4406 = CARTESIAN_POINT ( 'NONE',  ( 2.009170479469691184, 14.00000000000000000, 14.75000000000000178 ) ) ;
#4407 = EDGE_CURVE ( 'NONE', #10343, #2423, #7793, .T. ) ;
#4408 = CARTESIAN_POINT ( 'NONE',  ( -52.34423006580576754, 8.321493285070523882, 4.159434162369262111 ) ) ;
#4409 = CARTESIAN_POINT ( 'NONE',  ( -47.50000000000000711, 14.00000000000000000, 9.500000000000001776 ) ) ;
#4410 = ORIENTED_EDGE ( 'NONE', *, *, #4313, .F. ) ;
#4411 = VECTOR ( 'NONE', #6471, 1000.000000000000000 ) ;
#4412 = CARTESIAN_POINT ( 'NONE',  ( -52.26258374208074287, 7.475430471669872290, -4.158469840023917286 ) ) ;
#4413 = CARTESIAN_POINT ( 'NONE',  ( 3.614232777074994810E-13, 12.30000000000000071, -13.54999999999995097 ) ) ;
#4414 = ORIENTED_EDGE ( 'NONE', *, *, #9, .T. ) ;
#4415 = CARTESIAN_POINT ( 'NONE',  ( -21.63608679191100137, 12.30000000000000071, -18.15483244721227152 ) ) ;
#4416 = ORIENTED_EDGE ( 'NONE', *, *, #3283, .T. ) ;
#4417 = EDGE_CURVE ( 'NONE', #5737, #3767, #2648, .T. ) ;
#4418 = CARTESIAN_POINT ( 'NONE',  ( 41.25000000000000000, 7.500000000000000000, -7.250000000000000888 ) ) ;
#4419 = VECTOR ( 'NONE', #7501, 1000.000000000000000 ) ;
#4420 = EDGE_CURVE ( 'NONE', #5254, #832, #4179, .T. ) ;
#4421 = CARTESIAN_POINT ( 'NONE',  ( 37.85553138218368474, 0.09378038618371932478, 1.958250430494970828 ) ) ;
#4422 = DIRECTION ( 'NONE',  ( 1.000000000000000000, -0.000000000000000000, 0.000000000000000000 ) ) ;
#4423 = ADVANCED_FACE ( 'NONE', ( #3102 ), #6720, .F. ) ;
#4424 = DIRECTION ( 'NONE',  ( 1.000000000000000000, -0.000000000000000000, 0.000000000000000000 ) ) ;
#4425 = CARTESIAN_POINT ( 'NONE',  ( 26.08856210340545090, 0.000000000000000000, -0.1700424409955679228 ) ) ;
#4426 = CARTESIAN_POINT ( 'NONE',  ( 10.24999999999999112, 2.499999999999999556, 4.900000000000001243 ) ) ;
#4427 = VERTEX_POINT ( 'NONE', #4057 ) ;
#4428 = CIRCLE ( 'NONE', #9759, 0.3000000000000016542 ) ;
#4429 = PLANE ( 'NONE',  #3300 ) ;
#4430 = CARTESIAN_POINT ( 'NONE',  ( 23.84999999999998366, 4.999999999999999112, 4.355068937057558623E-14 ) ) ;
#4431 = LINE ( 'NONE', #7692, #8602 ) ;
#4432 = ADVANCED_FACE ( 'NONE', ( #7811 ), #422, .T. ) ;
#4433 = EDGE_LOOP ( 'NONE', ( #9088, #9015, #3340, #5130 ) ) ;
#4434 = CARTESIAN_POINT ( 'NONE',  ( 47.49999999999997868, 3.000000000000000000, -14.75000000000000178 ) ) ;
#4435 = CARTESIAN_POINT ( 'NONE',  ( -24.49308044258726724, 10.50000000000000000, 14.75000000000000355 ) ) ;
#4436 = ADVANCED_FACE ( 'NONE', ( #8096 ), #2616, .T. ) ;
#4437 = CARTESIAN_POINT ( 'NONE',  ( 22.84446861781633586, 0.09378038618371564716, 1.958250430495011019 ) ) ;
#4438 = CARTESIAN_POINT ( 'NONE',  ( -53.20100000000002183, 9.300000000000000711, 1.700000000000000178 ) ) ;
#4439 = CARTESIAN_POINT ( 'NONE',  ( -52.45000000000001705, 6.602280827012616982, -3.001973684210527793 ) ) ;
#4440 = ORIENTED_EDGE ( 'NONE', *, *, #3539, .F. ) ;
#4441 = LINE ( 'NONE', #11473, #11737 ) ;
#4442 = ORIENTED_EDGE ( 'NONE', *, *, #298, .F. ) ;
#4443 = DIRECTION ( 'NONE',  ( 0.3420201433256564449, 0.000000000000000000, -0.9396926207859128688 ) ) ;
#4444 = AXIS2_PLACEMENT_3D ( 'NONE', #1957, #5644, #10961 ) ;
#4445 = ORIENTED_EDGE ( 'NONE', *, *, #5142, .T. ) ;
#4446 = CARTESIAN_POINT ( 'NONE',  ( 20.65000000000000213, 4.000000000000000000, 0.000000000000000000 ) ) ;
#4447 = DIRECTION ( 'NONE',  ( 0.000000000000000000, 0.000000000000000000, 1.000000000000000000 ) ) ;
#4448 = ORIENTED_EDGE ( 'NONE', *, *, #3623, .T. ) ;
#4449 = CARTESIAN_POINT ( 'NONE',  ( -45.00000000000002132, 3.999999999999999112, -9.465421909745350248 ) ) ;
#4450 = AXIS2_PLACEMENT_3D ( 'NONE', #10215, #346, #400 ) ;
#4451 = AXIS2_PLACEMENT_3D ( 'NONE', #6680, #10392, #5022 ) ;
#4452 = CARTESIAN_POINT ( 'NONE',  ( 52.75100000000002609, 7.899999999999999467, 2.924999999999979838 ) ) ;
#4453 = ORIENTED_EDGE ( 'NONE', *, *, #2030, .F. ) ;
#4454 = ORIENTED_EDGE ( 'NONE', *, *, #1983, .T. ) ;
#4455 = EDGE_CURVE ( 'NONE', #3122, #2009, #3173, .T. ) ;
#4456 = ORIENTED_EDGE ( 'NONE', *, *, #145, .T. ) ;
#4457 = VECTOR ( 'NONE', #9785, 1000.000000000000000 ) ;
#4458 = ADVANCED_FACE ( 'NONE', ( #730 ), #4533, .T. ) ;
#4459 = CARTESIAN_POINT ( 'NONE',  ( -52.25000000000001421, 7.899999999999999467, -4.350000000000000533 ) ) ;
#4460 = ORIENTED_EDGE ( 'NONE', *, *, #9292, .F. ) ;
#4461 = CARTESIAN_POINT ( 'NONE',  ( -52.20454763282756261, 7.781128428327053648, -4.275301107351425323 ) ) ;
#4462 = DIRECTION ( 'NONE',  ( 0.000000000000000000, -0.000000000000000000, 1.000000000000000000 ) ) ;
#4463 = CARTESIAN_POINT ( 'NONE',  ( -8.504376065154602807E-16, 3.199999999999999734, -10.05000000000001492 ) ) ;
#4464 = AXIS2_PLACEMENT_3D ( 'NONE', #1771, #6526, #8323 ) ;
#4465 = CARTESIAN_POINT ( 'NONE',  ( 29.90000000000001990, 0.000000000000000000, 2.030492254602825231 ) ) ;
#4466 = ORIENTED_EDGE ( 'NONE', *, *, #7274, .T. ) ;
#4467 = CARTESIAN_POINT ( 'NONE',  ( -52.26145520592811522, 8.007590946319714575, -4.225057692675212806 ) ) ;
#4468 = EDGE_CURVE ( 'NONE', #7013, #3985, #3364, .T. ) ;
#4469 = DIRECTION ( 'NONE',  ( 0.000000000000000000, 0.000000000000000000, 1.000000000000000000 ) ) ;
#4470 = ADVANCED_FACE ( 'NONE', ( #3445 ), #7014, .T. ) ;
#4471 = CARTESIAN_POINT ( 'NONE',  ( 51.95000000000000284, 10.50000000000000000, -9.499999999999964473 ) ) ;
#4472 = ORIENTED_EDGE ( 'NONE', *, *, #8895, .F. ) ;
#4473 = AXIS2_PLACEMENT_3D ( 'NONE', #988, #5672, #6381 ) ;
#4474 = DIRECTION ( 'NONE',  ( 0.000000000000000000, 0.000000000000000000, 1.000000000000000000 ) ) ;
#4475 = VERTEX_POINT ( 'NONE', #1610 ) ;
#4476 = DIRECTION ( 'NONE',  ( 0.000000000000000000, 0.000000000000000000, 1.000000000000000000 ) ) ;
#4477 = DIRECTION ( 'NONE',  ( 0.000000000000000000, 0.000000000000000000, 1.000000000000000000 ) ) ;
#4478 = LINE ( 'NONE', #2686, #11590 ) ;
#4479 = LINE ( 'NONE', #8109, #4639 ) ;
#4480 = DIRECTION ( 'NONE',  ( 1.000000000000000000, 0.000000000000000000, -3.634931228083748646E-15 ) ) ;
#4481 = ORIENTED_EDGE ( 'NONE', *, *, #10887, .T. ) ;
#4482 = CYLINDRICAL_SURFACE ( 'NONE', #5404, 0.2500000000000002220 ) ;
#4483 = VECTOR ( 'NONE', #6071, 1000.000000000000000 ) ;
#4484 = ORIENTED_EDGE ( 'NONE', *, *, #5204, .T. ) ;
#4485 = ADVANCED_FACE ( 'NONE', ( #6068 ), #5235, .F. ) ;
#4486 = VERTEX_POINT ( 'NONE', #9714 ) ;
#4487 = EDGE_CURVE ( 'NONE', #10340, #9495, #4514, .T. ) ;
#4488 = CARTESIAN_POINT ( 'NONE',  ( 43.25000000000000711, 6.500000000000000000, -1.984313483298447922 ) ) ;
#4489 = CARTESIAN_POINT ( 'NONE',  ( 20.65000000000000213, 0.5999999999999999778, 8.349999999999996092 ) ) ;
#4490 = DIRECTION ( 'NONE',  ( -1.000000000000000000, 0.000000000000000000, 0.000000000000000000 ) ) ;
#4491 = VECTOR ( 'NONE', #7556, 1000.000000000000000 ) ;
#4492 = AXIS2_PLACEMENT_3D ( 'NONE', #9762, #5233, #7187 ) ;
#4493 = DIRECTION ( 'NONE',  ( 0.000000000000000000, 0.000000000000000000, 1.000000000000000000 ) ) ;
#4494 = VECTOR ( 'NONE', #2723, 1000.000000000000000 ) ;
#4495 = CARTESIAN_POINT ( 'NONE',  ( -21.63608679191100137, 10.50000000000000000, -18.15483244721227152 ) ) ;
#4496 = DIRECTION ( 'NONE',  ( 0.000000000000000000, -0.000000000000000000, 1.000000000000000000 ) ) ;
#4497 = DIRECTION ( 'NONE',  ( 1.000000000000000000, 0.000000000000000000, 0.000000000000000000 ) ) ;
#4498 = ORIENTED_EDGE ( 'NONE', *, *, #2885, .T. ) ;
#4499 = ADVANCED_FACE ( 'NONE', ( #5307 ), #789, .T. ) ;
#4500 = CIRCLE ( 'NONE', #8491, 0.2999999999999997113 ) ;
#4501 = CARTESIAN_POINT ( 'NONE',  ( -42.75000000000000000, 6.000000000000000000, 12.25000000000000533 ) ) ;
#4502 = ORIENTED_EDGE ( 'NONE', *, *, #7770, .F. ) ;
#4503 = AXIS2_PLACEMENT_3D ( 'NONE', #3331, #728, #6238 ) ;
#4504 = EDGE_CURVE ( 'NONE', #4366, #2705, #7934, .T. ) ;
#4505 = CARTESIAN_POINT ( 'NONE',  ( -50.25000000000000711, 14.00000000000000000, 0.000000000000000000 ) ) ;
#4506 = EDGE_LOOP ( 'NONE', ( #5312, #5730, #5722, #6110 ) ) ;
#4507 = DIRECTION ( 'NONE',  ( 0.000000000000000000, 0.000000000000000000, 1.000000000000000000 ) ) ;
#4508 = CARTESIAN_POINT ( 'NONE',  ( 29.59999999999998010, 0.3838500223531472466, -12.11869555732604908 ) ) ;
#4509 = EDGE_LOOP ( 'NONE', ( #3475, #6862, #8559, #10600 ) ) ;
#4510 = CARTESIAN_POINT ( 'NONE',  ( 38.51515805832828931, 0.1248391197358941496, -7.058743620592565549 ) ) ;
#4511 = VECTOR ( 'NONE', #6881, 1000.000000000000000 ) ;
#4512 = AXIS2_PLACEMENT_3D ( 'NONE', #1496, #9475, #5823 ) ;
#4513 = CARTESIAN_POINT ( 'NONE',  ( -52.34422460401106036, 7.478776088857462589, 4.159484018987997800 ) ) ;
#4514 = CIRCLE ( 'NONE', #11179, 0.9999999999999991118 ) ;
#4515 = CYLINDRICAL_SURFACE ( 'NONE', #9348, 0.3000000000000016542 ) ;
#4516 = ORIENTED_EDGE ( 'NONE', *, *, #81, .T. ) ;
#4517 = ORIENTED_EDGE ( 'NONE', *, *, #5058, .T. ) ;
#4518 = AXIS2_PLACEMENT_3D ( 'NONE', #7468, #4681, #6514 ) ;
#4519 = AXIS2_PLACEMENT_3D ( 'NONE', #2831, #7341, #9377 ) ;
#4520 = VERTEX_POINT ( 'NONE', #10968 ) ;
#4521 = VECTOR ( 'NONE', #7410, 1000.000000000000000 ) ;
#4522 = DIRECTION ( 'NONE',  ( 0.000000000000000000, -0.000000000000000000, -1.000000000000000000 ) ) ;
#4523 = CARTESIAN_POINT ( 'NONE',  ( -52.11956194878220572, 7.778038078818029888, -4.350092874894015971 ) ) ;
#4524 = DIRECTION ( 'NONE',  ( 1.000000000000000000, 0.000000000000000000, -8.462065736472229849E-17 ) ) ;
#4525 = DIRECTION ( 'NONE',  ( 0.000000000000000000, 0.000000000000000000, 1.000000000000000000 ) ) ;
#4526 = AXIS2_PLACEMENT_3D ( 'NONE', #10443, #3056, #1345 ) ;
#4527 = ORIENTED_EDGE ( 'NONE', *, *, #2715, .T. ) ;
#4528 = CARTESIAN_POINT ( 'NONE',  ( -33.55000000000001137, 4.000000000000000000, 11.44999999999999218 ) ) ;
#4529 = VECTOR ( 'NONE', #5665, 1000.000000000000000 ) ;
#4530 = LINE ( 'NONE', #7309, #8357 ) ;
#4531 = ORIENTED_EDGE ( 'NONE', *, *, #8189, .T. ) ;
#4532 = EDGE_CURVE ( 'NONE', #1224, #9159, #10187, .T. ) ;
#4533 = CYLINDRICAL_SURFACE ( 'NONE', #7734, 5.499999999999988454 ) ;
#4534 = ORIENTED_EDGE ( 'NONE', *, *, #7060, .F. ) ;
#4535 = CARTESIAN_POINT ( 'NONE',  ( -47.19749843554382096, 14.00000000000000000, -13.25000000000000178 ) ) ;
#4536 = VERTEX_POINT ( 'NONE', #204 ) ;
#4537 = CARTESIAN_POINT ( 'NONE',  ( -52.20422514057982966, 8.351472677953216461, 4.210235238010409553 ) ) ;
#4538 = ORIENTED_EDGE ( 'NONE', *, *, #11717, .T. ) ;
#4539 = AXIS2_PLACEMENT_3D ( 'NONE', #3641, #1863, #5493 ) ;
#4540 = LINE ( 'NONE', #5540, #11346 ) ;
#4541 = EDGE_LOOP ( 'NONE', ( #4653, #6636, #417, #3071 ) ) ;
#4542 = LINE ( 'NONE', #8222, #3079 ) ;
#4543 = FACE_BOUND ( 'NONE', #679, .T. ) ;
#4544 = CARTESIAN_POINT ( 'NONE',  ( -40.12304223721046981, 13.29695786801650392, 12.36956634074368111 ) ) ;
#4545 = ADVANCED_FACE ( 'NONE', ( #9293 ), #3807, .F. ) ;
#4546 = DIRECTION ( 'NONE',  ( 0.000000000000000000, -1.865294060190115224E-16, 1.000000000000000000 ) ) ;
#4547 = EDGE_LOOP ( 'NONE', ( #10647, #9221, #8942, #11345 ) ) ;
#4548 = EDGE_CURVE ( 'NONE', #9505, #10997, #2026, .T. ) ;
#4549 = LINE ( 'NONE', #8172, #302 ) ;
#4550 = VERTEX_POINT ( 'NONE', #1080 ) ;
#4551 = CARTESIAN_POINT ( 'NONE',  ( -34.55000000000001137, 3.199999999999999734, 0.000000000000000000 ) ) ;
#4552 = CIRCLE ( 'NONE', #9110, 3.750000000000001776 ) ;
#4553 = LINE ( 'NONE', #6320, #8654 ) ;
#4554 = DIRECTION ( 'NONE',  ( 1.000000000000000000, -0.000000000000000000, 0.000000000000000000 ) ) ;
#4555 = CARTESIAN_POINT ( 'NONE',  ( -45.19999999999994600, 15.50000000000000000, -13.55000000000000249 ) ) ;
#4556 = CYLINDRICAL_SURFACE ( 'NONE', #2419, 0.5999999999999998668 ) ;
#4557 = EDGE_CURVE ( 'NONE', #3686, #10974, #7433, .T. ) ;
#4558 = DIRECTION ( 'NONE',  ( -0.000000000000000000, 1.000000000000000000, -0.000000000000000000 ) ) ;
#4559 = EDGE_CURVE ( 'NONE', #11427, #5766, #11082, .T. ) ;
#4560 = FACE_OUTER_BOUND ( 'NONE', #9225, .T. ) ;
#4561 = EDGE_LOOP ( 'NONE', ( #10912, #11263 ) ) ;
#4562 = DIRECTION ( 'NONE',  ( -0.000000000000000000, 0.000000000000000000, -1.000000000000000000 ) ) ;
#4563 = EDGE_LOOP ( 'NONE', ( #7077, #10418, #6759, #286 ) ) ;
#4564 = CARTESIAN_POINT ( 'NONE',  ( 0.5999999999999912070, 14.00000000000000000, 13.35000000000018971 ) ) ;
#4565 = ORIENTED_EDGE ( 'NONE', *, *, #2282, .F. ) ;
#4566 = DIRECTION ( 'NONE',  ( -0.000000000000000000, -1.000000000000000000, -0.000000000000000000 ) ) ;
#4567 = DIRECTION ( 'NONE',  ( 1.000000000000000000, -0.000000000000000000, 0.000000000000000000 ) ) ;
#4568 = CARTESIAN_POINT ( 'NONE',  ( -47.50000000000000711, 2.499999999999999556, -9.500000000000001776 ) ) ;
#4569 = EDGE_CURVE ( 'NONE', #11424, #1434, #8386, .T. ) ;
#4570 = B_SPLINE_CURVE_WITH_KNOTS ( 'NONE', 3,
 ( #2679, #9297, #5487, #4711, #1909, #10192 ),
 .UNSPECIFIED., .F., .F.,
 ( 4, 2, 4 ),
 ( 0.000000000000000000, 0.0001955837419200947918, 0.0003911674838401895836 ),
 .UNSPECIFIED. ) ;
#4571 = DIRECTION ( 'NONE',  ( 0.000000000000000000, 0.000000000000000000, -1.000000000000000000 ) ) ;
#4572 = EDGE_CURVE ( 'NONE', #9654, #5614, #2753, .T. ) ;
#4573 = EDGE_CURVE ( 'NONE', #8279, #1355, #5222, .T. ) ;
#4574 = CARTESIAN_POINT ( 'NONE',  ( 1.104085060222564741E-15, 3.000000000000000000, 14.75000000000000355 ) ) ;
#4575 = ORIENTED_EDGE ( 'NONE', *, *, #11035, .T. ) ;
#4576 = ORIENTED_EDGE ( 'NONE', *, *, #9572, .T. ) ;
#4577 = DIRECTION ( 'NONE',  ( -1.000000000000000000, 0.000000000000000000, -0.000000000000000000 ) ) ;
#4578 = LINE ( 'NONE', #6413, #135 ) ;
#4579 = CARTESIAN_POINT ( 'NONE',  ( -34.70000000000000284, 13.29999999999999893, 12.25000000000000178 ) ) ;
#4580 = CARTESIAN_POINT ( 'NONE',  ( 31.02009392747357452, 0.1365307502321899125, -12.25377909921532904 ) ) ;
#4581 = CARTESIAN_POINT ( 'NONE',  ( 22.81827201635470459, -1.697056274847719815, -10.08172798364529754 ) ) ;
#4582 = VECTOR ( 'NONE', #1751, 1000.000000000000000 ) ;
#4583 = CARTESIAN_POINT ( 'NONE',  ( 51.95000000000000284, 12.50000000000000000, 4.000000000000000000 ) ) ;
#4584 = ORIENTED_EDGE ( 'NONE', *, *, #6648, .T. ) ;
#4585 = B_SPLINE_CURVE_WITH_KNOTS ( 'NONE', 3,
 ( #10427, #6773, #2318, #3272 ),
 .UNSPECIFIED., .F., .F.,
 ( 4, 4 ),
 ( 0.0006165169693748259652, 0.001232058686317323570 ),
 .UNSPECIFIED. ) ;
#4586 = ORIENTED_EDGE ( 'NONE', *, *, #355, .F. ) ;
#4587 = CYLINDRICAL_SURFACE ( 'NONE', #7427, 1.000000000000000888 ) ;
#4588 = AXIS2_PLACEMENT_3D ( 'NONE', #1812, #5507, #2764 ) ;
#4589 = CARTESIAN_POINT ( 'NONE',  ( 22.20788180854699689, 0.2505450496179581488, -6.984828725824675288 ) ) ;
#4590 = CARTESIAN_POINT ( 'NONE',  ( -47.50000000000000711, 14.00000000000000000, 9.500000000000001776 ) ) ;
#4591 = VERTEX_POINT ( 'NONE', #11145 ) ;
#4592 = EDGE_LOOP ( 'NONE', ( #7742, #8839, #6420, #10584 ) ) ;
#4593 = CARTESIAN_POINT ( 'NONE',  ( -52.20476272510934734, 8.012913454325060414, 4.275096801039011574 ) ) ;
#4594 = ORIENTED_EDGE ( 'NONE', *, *, #5187, .F. ) ;
#4595 = CARTESIAN_POINT ( 'NONE',  ( -34.55000000000001137, 6.000000000000000000, -10.05000000000001137 ) ) ;
#4596 = VERTEX_POINT ( 'NONE', #6360 ) ;
#4597 = SURFACE_SIDE_STYLE ('',( #99 ) ) ;
#4598 = CARTESIAN_POINT ( 'NONE',  ( -42.75000000000000000, 6.000000000000000000, 14.25000000000000355 ) ) ;
#4599 = VECTOR ( 'NONE', #2950, 1000.000000000000000 ) ;
#4600 = CARTESIAN_POINT ( 'NONE',  ( -52.00315927030256802, 7.656259320763494358, -4.338162987989951702 ) ) ;
#4601 = EDGE_LOOP ( 'NONE', ( #10820, #1432, #3188, #8330 ) ) ;
#4602 = EDGE_LOOP ( 'NONE', ( #5094, #10916, #10653, #11481, #943, #10889, #2731, #8847, #2302, #9241, #5293, #1144, #8950, #1186, #6883, #3489 ) ) ;
#4603 = DIRECTION ( 'NONE',  ( 0.000000000000000000, 0.000000000000000000, 1.000000000000000000 ) ) ;
#4604 = VERTEX_POINT ( 'NONE', #3928 ) ;
#4605 = CARTESIAN_POINT ( 'NONE',  ( 0.000000000000000000, 4.999999999999999112, 4.549999999999997158 ) ) ;
#4606 = EDGE_CURVE ( 'NONE', #11297, #10862, #2943, .T. ) ;
#4607 = COLOUR_RGB ( '',0.7921568627450980005, 0.8196078431372548767, 0.9333333333333333481 ) ;
#4608 = CARTESIAN_POINT ( 'NONE',  ( -47.49999999999999289, 7.500000000000000000, -12.25000000000000000 ) ) ;
#4609 = EDGE_CURVE ( 'NONE', #10442, #6657, #1964, .T. ) ;
#4610 = CARTESIAN_POINT ( 'NONE',  ( 47.49999999999999289, 2.499999999999999556, 8.650000000000002132 ) ) ;
#4611 = EDGE_CURVE ( 'NONE', #10371, #32, #6599, .T. ) ;
#4612 = EDGE_LOOP ( 'NONE', ( #9062, #6542, #4481, #9042 ) ) ;
#4613 = CYLINDRICAL_SURFACE ( 'NONE', #3552, 0.2500000000000002220 ) ;
#4614 = PLANE ( 'NONE',  #2634 ) ;
#4615 = DIRECTION ( 'NONE',  ( 0.000000000000000000, 0.000000000000000000, 1.000000000000000000 ) ) ;
#4616 = AXIS2_PLACEMENT_3D ( 'NONE', #2918, #9175, #3416 ) ;
#4617 = FACE_OUTER_BOUND ( 'NONE', #4601, .T. ) ;
#4618 = EDGE_LOOP ( 'NONE', ( #229, #8387, #10041, #2147 ) ) ;
#4619 = CARTESIAN_POINT ( 'NONE',  ( -52.12881868157641918, 9.056350158180412890, 3.973976113587521120 ) ) ;
#4620 = ORIENTED_EDGE ( 'NONE', *, *, #6560, .F. ) ;
#4621 = CARTESIAN_POINT ( 'NONE',  ( 0.000000000000000000, 10.50000000000000000, 0.000000000000000000 ) ) ;
#4622 = EDGE_CURVE ( 'NONE', #2105, #9643, #9977, .T. ) ;
#4623 = EDGE_CURVE ( 'NONE', #3036, #2245, #10246, .T. ) ;
#4624 = DIRECTION ( 'NONE',  ( 1.000000000000000000, -0.000000000000000000, 0.000000000000000000 ) ) ;
#4625 = AXIS2_PLACEMENT_3D ( 'NONE', #86, #141, #7550 ) ;
#4626 = LINE ( 'NONE', #8251, #10972 ) ;
#4627 = LINE ( 'NONE', #1181, #11004 ) ;
#4628 = CARTESIAN_POINT ( 'NONE',  ( -23.23676428111944858, 12.30000000000000071, -14.75000000000000000 ) ) ;
#4629 = DIRECTION ( 'NONE',  ( 0.000000000000000000, 0.000000000000000000, 1.000000000000000000 ) ) ;
#4630 = VERTEX_POINT ( 'NONE', #1201 ) ;
#4631 = ORIENTED_EDGE ( 'NONE', *, *, #2427, .T. ) ;
#4632 = EDGE_CURVE ( 'NONE', #3766, #6920, #4814, .T. ) ;
#4633 = DIRECTION ( 'NONE',  ( 1.000000000000000000, -0.000000000000000000, 0.000000000000000000 ) ) ;
#4634 = EDGE_CURVE ( 'NONE', #3212, #9654, #1906, .T. ) ;
#4635 = FACE_BOUND ( 'NONE', #7293, .T. ) ;
#4636 = ORIENTED_EDGE ( 'NONE', *, *, #7740, .T. ) ;
#4637 = DIRECTION ( 'NONE',  ( -1.000000000000000000, 0.000000000000000000, -5.139921410301651289E-17 ) ) ;
#4638 = CARTESIAN_POINT ( 'NONE',  ( -42.01639145888378124, 3.010000000000000231, 8.949999999999992184 ) ) ;
#4639 = VECTOR ( 'NONE', #5184, 1000.000000000000000 ) ;
#4640 = CARTESIAN_POINT ( 'NONE',  ( -33.55000000000001137, 7.500000000000000000, 11.44999999999999218 ) ) ;
#4641 = ORIENTED_EDGE ( 'NONE', *, *, #9641, .F. ) ;
#4642 = ORIENTED_EDGE ( 'NONE', *, *, #9991, .F. ) ;
#4643 = CARTESIAN_POINT ( 'NONE',  ( -50.75000000000000711, 13.74843699104228989, -6.750000000000000000 ) ) ;
#4644 = DIRECTION ( 'NONE',  ( -1.000000000000000000, -1.734723475976807292E-15, 2.312964634635744633E-15 ) ) ;
#4645 = VERTEX_POINT ( 'NONE', #4646 ) ;
#4646 = CARTESIAN_POINT ( 'NONE',  ( 31.09999999999998010, 0.5999999999999989786, -12.11869555732604908 ) ) ;
#4647 = EDGE_LOOP ( 'NONE', ( #2808, #11127, #2139, #1959, #1219, #4576 ) ) ;
#4648 = AXIS2_PLACEMENT_3D ( 'NONE', #3120, #1403, #11351 ) ;
#4649 = VECTOR ( 'NONE', #2255, 999.9999999999998863 ) ;
#4650 = ORIENTED_EDGE ( 'NONE', *, *, #8709, .T. ) ;
#4651 = ADVANCED_FACE ( 'NONE', ( #8272 ), #149, .F. ) ;
#4652 = DIRECTION ( 'NONE',  ( 0.000000000000000000, 0.000000000000000000, -1.000000000000000000 ) ) ;
#4653 = ORIENTED_EDGE ( 'NONE', *, *, #7582, .T. ) ;
#4654 = CARTESIAN_POINT ( 'NONE',  ( -20.00000000000001066, 8.500000000000000000, -12.25000000000000000 ) ) ;
#4655 = EDGE_LOOP ( 'NONE', ( #1843, #4858, #9631, #3193 ) ) ;
#4656 = DIRECTION ( 'NONE',  ( -1.176083712526649195E-16, 0.000000000000000000, -1.000000000000000000 ) ) ;
#4657 = CARTESIAN_POINT ( 'NONE',  ( 25.35062952100080480, 0.09795398803915521257, -1.043160351018997067 ) ) ;
#4658 = CYLINDRICAL_SURFACE ( 'NONE', #5560, 0.2999999999999999334 ) ;
#4659 = AXIS2_PLACEMENT_3D ( 'NONE', #2756, #3647, #10992 ) ;
#4660 = CARTESIAN_POINT ( 'NONE',  ( -34.55000000000001137, 4.000000000000000000, 10.44999999999999218 ) ) ;
#4661 = ORIENTED_EDGE ( 'NONE', *, *, #1793, .T. ) ;
#4662 = EDGE_LOOP ( 'NONE', ( #7377, #9619, #6769, #1027, #2338 ) ) ;
#4663 = CARTESIAN_POINT ( 'NONE',  ( 0.5999999999999912070, 14.00000000000000000, -13.35000000000018971 ) ) ;
#4664 = ORIENTED_EDGE ( 'NONE', *, *, #7990, .T. ) ;
#4665 = VECTOR ( 'NONE', #11493, 1000.000000000000000 ) ;
#4666 = CARTESIAN_POINT ( 'NONE',  ( -20.00000000000001066, 16.50000000000000000, -13.55000000000000249 ) ) ;
#4667 = CARTESIAN_POINT ( 'NONE',  ( 26.06860260373147398, 8.809142651444719582E-16, -6.219905151940283261 ) ) ;
#4668 = CARTESIAN_POINT ( 'NONE',  ( -44.74999999999914024, 13.29257972656639097, -12.43438872810979490 ) ) ;
#4669 = DIRECTION ( 'NONE',  ( 0.000000000000000000, 0.000000000000000000, 1.000000000000000000 ) ) ;
#4670 = DIRECTION ( 'NONE',  ( -5.337610695313248229E-15, 0.000000000000000000, 1.000000000000000000 ) ) ;
#4671 = AXIS2_PLACEMENT_3D ( 'NONE', #4862, #4025, #419 ) ;
#4672 = FACE_BOUND ( 'NONE', #11701, .T. ) ;
#4673 = CARTESIAN_POINT ( 'NONE',  ( -43.97655671627958185, 3.999999999999999112, 9.765199381336653772 ) ) ;
#4674 = EDGE_CURVE ( 'NONE', #3767, #5737, #3328, .T. ) ;
#4675 = ORIENTED_EDGE ( 'NONE', *, *, #5408, .F. ) ;
#4676 = CARTESIAN_POINT ( 'NONE',  ( -34.70000000000000284, 4.000000000000000000, -12.25000000000000000 ) ) ;
#4677 = AXIS2_PLACEMENT_3D ( 'NONE', #3379, #2476, #8973 ) ;
#4678 = VECTOR ( 'NONE', #3509, 1000.000000000000000 ) ;
#4679 = CARTESIAN_POINT ( 'NONE',  ( -52.25000000000001421, 9.397368276523906161, 3.013815789473679008 ) ) ;
#4680 = DIRECTION ( 'NONE',  ( 0.000000000000000000, 0.000000000000000000, 1.000000000000000000 ) ) ;
#4681 = DIRECTION ( 'NONE',  ( -0.000000000000000000, 0.000000000000000000, -1.000000000000000000 ) ) ;
#4682 = CARTESIAN_POINT ( 'NONE',  ( -39.90000000000000568, 4.000000000000000000, -12.25000000000000000 ) ) ;
#4683 = EDGE_CURVE ( 'NONE', #10180, #1402, #6366, .T. ) ;
#4684 = PLANE ( 'NONE',  #2118 ) ;
#4685 = AXIS2_PLACEMENT_3D ( 'NONE', #9073, #6561, #2930 ) ;
#4686 = CIRCLE ( 'NONE', #10587, 1.499999999999997780 ) ;
#4687 = EDGE_CURVE ( 'NONE', #88, #4897, #7127, .T. ) ;
#4688 = DIRECTION ( 'NONE',  ( 1.000000000000000000, 0.000000000000000000, 0.000000000000000000 ) ) ;
#4689 = ORIENTED_EDGE ( 'NONE', *, *, #7527, .F. ) ;
#4690 = EDGE_LOOP ( 'NONE', ( #6426, #3239, #9690, #8671 ) ) ;
#4691 = B_SPLINE_CURVE_WITH_KNOTS ( 'NONE', 3,
 ( #3308, #4089, #8740, #10523, #2358, #1483 ),
 .UNSPECIFIED., .F., .F.,
 ( 4, 2, 4 ),
 ( 0.000000000000000000, 0.0003922138685845719228, 0.0007844277371691438456 ),
 .UNSPECIFIED. ) ;
#4692 = CARTESIAN_POINT ( 'NONE',  ( -20.00000000000001066, 15.50001199999999990, 2.352167425053299179E-15 ) ) ;
#4693 = ORIENTED_EDGE ( 'NONE', *, *, #9846, .F. ) ;
#4694 = CARTESIAN_POINT ( 'NONE',  ( 10.24999999999999112, 4.000000000000000000, 8.949999999999992184 ) ) ;
#4695 = AXIS2_PLACEMENT_3D ( 'NONE', #11308, #7844, #3138 ) ;
#4696 = AXIS2_PLACEMENT_3D ( 'NONE', #5683, #5740, #7589 ) ;
#4697 = DIRECTION ( 'NONE',  ( 0.000000000000000000, 1.000000000000000000, -0.000000000000000000 ) ) ;
#4698 = DIRECTION ( 'NONE',  ( -0.000000000000000000, -1.000000000000000000, -0.000000000000000000 ) ) ;
#4699 = ORIENTED_EDGE ( 'NONE', *, *, #8995, .T. ) ;
#4700 = ADVANCED_FACE ( 'NONE', ( #7729 ), #11379, .F. ) ;
#4701 = CARTESIAN_POINT ( 'NONE',  ( 50.24999999999999289, 9.300000000000000711, 2.500000000000000444 ) ) ;
#4702 = AXIS2_PLACEMENT_3D ( 'NONE', #612, #5116, #8756 ) ;
#4703 = DIRECTION ( 'NONE',  ( 1.000000000000000000, 0.000000000000000000, 0.000000000000000000 ) ) ;
#4704 = ORIENTED_EDGE ( 'NONE', *, *, #8819, .T. ) ;
#4705 = ADVANCED_FACE ( 'NONE', ( #10476 ), #10420, .T. ) ;
#4706 = CIRCLE ( 'NONE', #9650, 3.000000000000002665 ) ;
#4707 = CARTESIAN_POINT ( 'NONE',  ( 50.84065861769799710, 10.50000000000000000, -13.55000000000001670 ) ) ;
#4708 = TOROIDAL_SURFACE ( 'NONE', #3182, 2.249999999999998668, 3.000000000000000000 ) ;
#4709 = ORIENTED_EDGE ( 'NONE', *, *, #10721, .F. ) ;
#4710 = ORIENTED_EDGE ( 'NONE', *, *, #10755, .F. ) ;
#4711 = CARTESIAN_POINT ( 'NONE',  ( -44.86903178392872604, 13.30034910780785395, 12.27727016374981694 ) ) ;
#4712 = ORIENTED_EDGE ( 'NONE', *, *, #1554, .T. ) ;
#4713 = PLANE ( 'NONE',  #7129 ) ;
#4714 = ORIENTED_EDGE ( 'NONE', *, *, #2939, .F. ) ;
#4715 = FACE_OUTER_BOUND ( 'NONE', #6968, .T. ) ;
#4716 = VECTOR ( 'NONE', #6853, 1000.000000000000000 ) ;
#4717 = CARTESIAN_POINT ( 'NONE',  ( -2.000000000000008882, 14.00000000000000000, 14.75000000000000178 ) ) ;
#4718 = ADVANCED_FACE ( 'NONE', ( #1259 ), #3031, .T. ) ;
#4719 = LINE ( 'NONE', #981, #4723 ) ;
#4720 = ORIENTED_EDGE ( 'NONE', *, *, #4532, .T. ) ;
#4721 = EDGE_CURVE ( 'NONE', #5983, #9904, #9793, .T. ) ;
#4722 = CARTESIAN_POINT ( 'NONE',  ( 39.08172798364529399, 0.5000000000000000000, 6.181727983645293634 ) ) ;
#4723 = VECTOR ( 'NONE', #1036, 1000.000000000000000 ) ;
#4724 = ORIENTED_EDGE ( 'NONE', *, *, #1791, .T. ) ;
#4725 = LINE ( 'NONE', #2991, #9214 ) ;
#4726 = CARTESIAN_POINT ( 'NONE',  ( 37.74211819145300240, -0.001000000000000024307, 1.983866831501337247 ) ) ;
#4727 = PLANE ( 'NONE',  #4685 ) ;
#4728 = VERTEX_POINT ( 'NONE', #1491 ) ;
#4729 = DIRECTION ( 'NONE',  ( -1.000000000000000000, 0.000000000000000000, 0.000000000000000000 ) ) ;
#4730 = DIRECTION ( 'NONE',  ( 0.000000000000000000, 0.000000000000000000, 1.000000000000000000 ) ) ;
#4731 = LINE ( 'NONE', #11108, #10805 ) ;
#4732 = LINE ( 'NONE', #3897, #7669 ) ;
#4733 = ORIENTED_EDGE ( 'NONE', *, *, #1168, .F. ) ;
#4734 = CARTESIAN_POINT ( 'NONE',  ( 29.60000000000002274, -0.001000000000000024307, 5.818695557326043044 ) ) ;
#4735 = CARTESIAN_POINT ( 'NONE',  ( 6.598509989039506252, 0.5999999999999989786, 11.42895455526717363 ) ) ;
#4736 = FACE_OUTER_BOUND ( 'NONE', #7268, .T. ) ;
#4737 = DIRECTION ( 'NONE',  ( -0.000000000000000000, -1.000000000000000000, 0.000000000000000000 ) ) ;
#4738 = DIRECTION ( 'NONE',  ( 2.668805347656624115E-15, 0.000000000000000000, 1.000000000000000000 ) ) ;
#4739 = VECTOR ( 'NONE', #2311, 1000.000000000000000 ) ;
#4740 = AXIS2_PLACEMENT_3D ( 'NONE', #7860, #6901, #6013 ) ;
#4741 = FACE_OUTER_BOUND ( 'NONE', #1338, .T. ) ;
#4742 = ORIENTED_EDGE ( 'NONE', *, *, #10598, .F. ) ;
#4743 = CARTESIAN_POINT ( 'NONE',  ( -37.54999999999999716, 4.015686516701556741, 12.50000000000000000 ) ) ;
#4744 = CARTESIAN_POINT ( 'NONE',  ( -44.75012130572441293, 4.000000000000000000, 9.474170428397354016 ) ) ;
#4745 = EDGE_CURVE ( 'NONE', #8532, #8687, #7712, .T. ) ;
#4746 = FACE_OUTER_BOUND ( 'NONE', #3844, .T. ) ;
#4747 = CARTESIAN_POINT ( 'NONE',  ( 30.79999999999998295, 0.09935464829977914969, -12.51567391470514856 ) ) ;
#4748 = DIRECTION ( 'NONE',  ( 1.000000000000000000, 0.000000000000000000, -9.856182124392324236E-16 ) ) ;
#4749 = ADVANCED_FACE ( 'NONE', ( #4163 ), #5879, .F. ) ;
#4750 = CARTESIAN_POINT ( 'NONE',  ( -50.75000000000000711, 4.000000000000000000, 6.750000000000000888 ) ) ;
#4751 = ORIENTED_EDGE ( 'NONE', *, *, #6261, .F. ) ;
#4752 = ADVANCED_FACE ( 'NONE', ( #3144 ), #11436, .T. ) ;
#4753 = CARTESIAN_POINT ( 'NONE',  ( -52.33851084445230128, 7.685779421546721224, -4.211694383884696080 ) ) ;
#4754 = CARTESIAN_POINT ( 'NONE',  ( -44.75000000000000711, 4.015686516701556741, -12.50000000000000000 ) ) ;
#4755 = CIRCLE ( 'NONE', #10279, 1.000000000000000888 ) ;
#4756 = B_SPLINE_CURVE_WITH_KNOTS ( 'NONE', 3,
 ( #3388, #1605, #8033, #10718, #5117, #10613, #8874, #2438, #1550, #8929, #2545, #9819, #1669, #5303, #8343, #7092 ),
 .UNSPECIFIED., .F., .F.,
 ( 4, 2, 2, 2, 2, 2, 2, 4 ),
 ( 4.336808689942017736E-19, 0.0003420773149253908711, 0.0006841546298507803327, 0.001368309259701563051, 0.001710386574626954464, 0.002052463889552345877, 0.002394541204477736857, 0.002736618519403128703 ),
 .UNSPECIFIED. ) ;
#4757 = CARTESIAN_POINT ( 'NONE',  ( -34.95000000000000284, 11.29999999999999716, -14.25000000000000355 ) ) ;
#4758 = CARTESIAN_POINT ( 'NONE',  ( 0.000000000000000000, 12.30000000000000071, -13.55000000000000249 ) ) ;
#4759 = ORIENTED_EDGE ( 'NONE', *, *, #1905, .T. ) ;
#4760 = ORIENTED_EDGE ( 'NONE', *, *, #8785, .T. ) ;
#4761 = ORIENTED_EDGE ( 'NONE', *, *, #5309, .F. ) ;
#4762 = VERTEX_POINT ( 'NONE', #10535 ) ;
#4763 = CARTESIAN_POINT ( 'NONE',  ( -33.55000000000001137, 4.000000000000000000, -10.05000000000001137 ) ) ;
#4764 = ORIENTED_EDGE ( 'NONE', *, *, #6072, .F. ) ;
#4765 = EDGE_CURVE ( 'NONE', #2291, #11521, #8568, .T. ) ;
#4766 = AXIS2_PLACEMENT_3D ( 'NONE', #10695, #695, #9968 ) ;
#4767 = LINE ( 'NONE', #2807, #9808 ) ;
#4768 = ORIENTED_EDGE ( 'NONE', *, *, #4266, .F. ) ;
#4769 = CARTESIAN_POINT ( 'NONE',  ( -50.25000000000000711, 8.508276253029821490, 4.250000000000000000 ) ) ;
#4770 = EDGE_CURVE ( 'NONE', #8907, #11653, #603, .T. ) ;
#4771 = DIRECTION ( 'NONE',  ( -0.000000000000000000, 0.000000000000000000, 1.000000000000000000 ) ) ;
#4772 = CARTESIAN_POINT ( 'NONE',  ( -15.05000000000000782, 4.000000000000000000, 11.44999999999999218 ) ) ;
#4773 = CARTESIAN_POINT ( 'NONE',  ( -47.50000000000000711, 2.499999999999999556, 9.500000000000001776 ) ) ;
#4774 = ORIENTED_EDGE ( 'NONE', *, *, #7432, .F. ) ;
#4775 = LINE ( 'NONE', #3047, #5415 ) ;
#4776 = CARTESIAN_POINT ( 'NONE',  ( -20.00000000000001066, 14.09999999999999964, -14.75000000000000355 ) ) ;
#4777 = ORIENTED_EDGE ( 'NONE', *, *, #2704, .T. ) ;
#4778 = LINE ( 'NONE', #10141, #8069 ) ;
#4779 = EDGE_CURVE ( 'NONE', #6215, #261, #376, .T. ) ;
#4780 = LINE ( 'NONE', #7575, #681 ) ;
#4781 = EDGE_CURVE ( 'NONE', #10896, #7013, #10303, .T. ) ;
#4782 = ADVANCED_FACE ( 'NONE', ( #11315 ), #7612, .F. ) ;
#4783 = CARTESIAN_POINT ( 'NONE',  ( 51.95000000000000284, 9.300000000000000711, -2.500000000000000444 ) ) ;
#4784 = AXIS2_PLACEMENT_3D ( 'NONE', #1775, #8928, #140 ) ;
#4785 = EDGE_LOOP ( 'NONE', ( #3546, #2658, #7997, #11177 ) ) ;
#4786 = FACE_BOUND ( 'NONE', #179, .T. ) ;
#4787 = DIRECTION ( 'NONE',  ( -1.000000000000000000, -0.000000000000000000, 4.476705744456300993E-16 ) ) ;
#4788 = FACE_OUTER_BOUND ( 'NONE', #7400, .T. ) ;
#4789 = ORIENTED_EDGE ( 'NONE', *, *, #7807, .F. ) ;
#4790 = CARTESIAN_POINT ( 'NONE',  ( -50.25000000000000711, 7.899999999999999467, 2.449999999999999734 ) ) ;
#4791 = EDGE_CURVE ( 'NONE', #10988, #4475, #9751, .T. ) ;
#4792 = EDGE_CURVE ( 'NONE', #6801, #11583, #4294, .T. ) ;
#4793 = VERTEX_POINT ( 'NONE', #9698 ) ;
#4794 = CARTESIAN_POINT ( 'NONE',  ( 6.598509989039549772, -0.001000000000000024307, 11.42895455526722337 ) ) ;
#4795 = CARTESIAN_POINT ( 'NONE',  ( -8.504376065154602807E-16, 4.000000000000000000, -10.05000000000001492 ) ) ;
#4796 = CARTESIAN_POINT ( 'NONE',  ( -53.20100000000002183, 10.80000000000000071, 3.299999999999999378 ) ) ;
#4797 = AXIS2_PLACEMENT_3D ( 'NONE', #7479, #136, #6525 ) ;
#4798 = FACE_OUTER_BOUND ( 'NONE', #2572, .T. ) ;
#4799 = PLANE ( 'NONE',  #4818 ) ;
#4800 = ORIENTED_EDGE ( 'NONE', *, *, #8697, .T. ) ;
#4801 = FACE_OUTER_BOUND ( 'NONE', #10140, .T. ) ;
#4802 = ORIENTED_EDGE ( 'NONE', *, *, #10725, .T. ) ;
#4803 = CARTESIAN_POINT ( 'NONE',  ( -47.50000000000000711, 4.000000000000000000, 9.500000000000001776 ) ) ;
#4804 = EDGE_LOOP ( 'NONE', ( #4295, #8705, #6659, #1675, #3626, #11282, #263, #4276, #2889, #6424, #5334, #1307, #1757 ) ) ;
#4805 = CARTESIAN_POINT ( 'NONE',  ( 29.59999999999998010, -0.001000000000000024307, -12.11869555732604908 ) ) ;
#4806 = CARTESIAN_POINT ( 'NONE',  ( -47.50000000000000711, 15.50000000000000000, 9.500000000000001776 ) ) ;
#4807 = CARTESIAN_POINT ( 'NONE',  ( -51.95000000000000995, 9.500000000000000000, -2.449999999999999734 ) ) ;
#4808 = ORIENTED_EDGE ( 'NONE', *, *, #827, .T. ) ;
#4809 = DIRECTION ( 'NONE',  ( -1.000000000000000000, 0.000000000000000000, 6.938893903907229955E-15 ) ) ;
#4810 = DIRECTION ( 'NONE',  ( 8.673617379884087537E-15, -0.000000000000000000, -1.000000000000000000 ) ) ;
#4811 = DIRECTION ( 'NONE',  ( 0.000000000000000000, 0.000000000000000000, -1.000000000000000000 ) ) ;
#4812 = B_SPLINE_CURVE_WITH_KNOTS ( 'NONE', 3,
 ( #2587, #6150, #11718, #2412, #11650, #5151, #6216, #7835 ),
 .UNSPECIFIED., .F., .F.,
 ( 4, 2, 2, 4 ),
 ( 0.000000000000000000, 0.0001382025733524855002, 0.0002764051467049710004, 0.0005528102934099347367 ),
 .UNSPECIFIED. ) ;
#4813 = ADVANCED_FACE ( 'NONE', ( #11603 ), #10833, .F. ) ;
#4814 = LINE ( 'NONE', #6423, #10559 ) ;
#4815 = EDGE_CURVE ( 'NONE', #4172, #5953, #5347, .T. ) ;
#4816 = ORIENTED_EDGE ( 'NONE', *, *, #7754, .T. ) ;
#4817 = ORIENTED_EDGE ( 'NONE', *, *, #9995, .T. ) ;
#4818 = AXIS2_PLACEMENT_3D ( 'NONE', #5797, #7649, #11191 ) ;
#4819 = CARTESIAN_POINT ( 'NONE',  ( 30.93718186220617383, 0.02221052063481843836, -8.455038092765997604 ) ) ;
#4820 = ORIENTED_EDGE ( 'NONE', *, *, #4009, .T. ) ;
#4821 = CARTESIAN_POINT ( 'NONE',  ( -8.504376065154602807E-16, 4.000000000000000000, -10.05000000000001492 ) ) ;
#4822 = ORIENTED_EDGE ( 'NONE', *, *, #6232, .T. ) ;
#4823 = CARTESIAN_POINT ( 'NONE',  ( 30.35000000000000142, 0.5999999999999989786, -3.150000000000002576 ) ) ;
#4824 = CARTESIAN_POINT ( 'NONE',  ( -34.76613081906458547, 4.000000000000000000, 12.25000000000000178 ) ) ;
#4825 = B_SPLINE_CURVE_WITH_KNOTS ( 'NONE', 3,
 ( #7349, #10102, #1938, #5565, #1057, #4679 ),
 .UNSPECIFIED., .F., .F.,
 ( 4, 2, 4 ),
 ( 4.336808689942017736E-19, 0.0003762168376257923668, 0.0007524336752515843000 ),
 .UNSPECIFIED. ) ;
#4826 = AXIS2_PLACEMENT_3D ( 'NONE', #3477, #6218, #10758 ) ;
#4827 = CYLINDRICAL_SURFACE ( 'NONE', #4539, 5.499999999999988454 ) ;
#4828 = ORIENTED_EDGE ( 'NONE', *, *, #8027, .T. ) ;
#4829 = EDGE_CURVE ( 'NONE', #8219, #8990, #5798, .T. ) ;
#4830 = DIRECTION ( 'NONE',  ( 1.000000000000000000, 0.000000000000000000, -1.176083712526649195E-16 ) ) ;
#4831 = EDGE_CURVE ( 'NONE', #9390, #2097, #7961, .T. ) ;
#4832 = LINE ( 'NONE', #7392, #1414 ) ;
#4833 = DIRECTION ( 'NONE',  ( -1.000000000000000000, 0.000000000000000000, 0.000000000000000000 ) ) ;
#4834 = VECTOR ( 'NONE', #1041, 1000.000000000000000 ) ;
#4835 = CARTESIAN_POINT ( 'NONE',  ( 3.099999999999991651, 12.50000000000000000, -13.45000000000019114 ) ) ;
#4836 = CARTESIAN_POINT ( 'NONE',  ( -43.17394931769437960, 3.367470696817898457, 8.970322226793317810 ) ) ;
#4837 = ORIENTED_EDGE ( 'NONE', *, *, #10663, .F. ) ;
#4838 = VERTEX_POINT ( 'NONE', #11664 ) ;
#4839 = LINE ( 'NONE', #1458, #7970 ) ;
#4840 = CARTESIAN_POINT ( 'NONE',  ( -14.05000000000000782, 3.199999999999999734, 0.000000000000000000 ) ) ;
#4841 = DIRECTION ( 'NONE',  ( 0.000000000000000000, -1.000000000000000000, 1.865294060190115224E-16 ) ) ;
#4842 = EDGE_CURVE ( 'NONE', #7657, #4920, #6227, .T. ) ;
#4843 = VECTOR ( 'NONE', #804, 1000.000000000000000 ) ;
#4844 = FACE_OUTER_BOUND ( 'NONE', #10052, .T. ) ;
#4845 = ADVANCED_FACE ( 'NONE', ( #3431 ), #9872, .F. ) ;
#4846 = AXIS2_PLACEMENT_3D ( 'NONE', #9983, #1891, #4571 ) ;
#4847 = ORIENTED_EDGE ( 'NONE', *, *, #1808, .F. ) ;
#4848 = CARTESIAN_POINT ( 'NONE',  ( -37.54999999999999716, 13.28431348329844219, -12.50000000000000000 ) ) ;
#4849 = CYLINDRICAL_SURFACE ( 'NONE', #3161, 1.000000000000000888 ) ;
#4850 = DIRECTION ( 'NONE',  ( 0.000000000000000000, 0.000000000000000000, 1.000000000000000000 ) ) ;
#4851 = VECTOR ( 'NONE', #1480, 1000.000000000000114 ) ;
#4852 = DIRECTION ( 'NONE',  ( 1.000000000000000000, 0.000000000000000000, 1.871330610546719070E-17 ) ) ;
#4853 = CARTESIAN_POINT ( 'NONE',  ( -39.55000000000000426, 11.29999999999999716, 14.25000000000000355 ) ) ;
#4854 = EDGE_CURVE ( 'NONE', #6943, #4596, #2200, .T. ) ;
#4855 = ADVANCED_FACE ( 'NONE', ( #7051 ), #2075, .T. ) ;
#4856 = DIRECTION ( 'NONE',  ( 1.000000000000000000, 0.000000000000000000, 0.000000000000000000 ) ) ;
#4857 = ORIENTED_EDGE ( 'NONE', *, *, #5836, .T. ) ;
#4858 = ORIENTED_EDGE ( 'NONE', *, *, #555, .T. ) ;
#4859 = AXIS2_PLACEMENT_3D ( 'NONE', #1267, #438, #1327 ) ;
#4860 = CARTESIAN_POINT ( 'NONE',  ( -8.107033542344556309, 12.30000000000000071, -14.04179399400123351 ) ) ;
#4861 = CARTESIAN_POINT ( 'NONE',  ( -52.20476218285779169, 7.787848702076509255, 4.275054182253566815 ) ) ;
#4862 = CARTESIAN_POINT ( 'NONE',  ( 30.35000000000000142, 0.2999999999999999889, -3.150000000000002576 ) ) ;
#4863 = ORIENTED_EDGE ( 'NONE', *, *, #5687, .F. ) ;
#4864 = CARTESIAN_POINT ( 'NONE',  ( -14.05000000000000782, 6.000000000000000000, -11.05000000000001315 ) ) ;
#4865 = PLANE ( 'NONE',  #8682 ) ;
#4866 = CARTESIAN_POINT ( 'NONE',  ( 37.74211819145298108, 0.2999999999999998779, -8.283866831501375927 ) ) ;
#4867 = FACE_OUTER_BOUND ( 'NONE', #11438, .T. ) ;
#4868 = AXIS2_PLACEMENT_3D ( 'NONE', #10292, #7544, #1953 ) ;
#4869 = CIRCLE ( 'NONE', #11536, 2.750000000000000888 ) ;
#4870 = CARTESIAN_POINT ( 'NONE',  ( -36.95000000000000284, 6.000000000000000000, -12.25000000000000533 ) ) ;
#4871 = EDGE_LOOP ( 'NONE', ( #10218, #10924, #1758, #1701, #588, #1, #8036, #134, #8012, #10999, #2923, #3922, #1455, #7406 ) ) ;
#4872 = CARTESIAN_POINT ( 'NONE',  ( 0.5999999999999912070, 12.50000000000000000, -13.55000000000000071 ) ) ;
#4873 = CARTESIAN_POINT ( 'NONE',  ( -51.96395228292889357, 8.832527881964876926, -4.122894222564042366 ) ) ;
#4874 = CARTESIAN_POINT ( 'NONE',  ( -37.52314042967215357, 13.29694875387735209, -12.36973257420731542 ) ) ;
#4875 = VERTEX_POINT ( 'NONE', #9029 ) ;
#4876 = EDGE_LOOP ( 'NONE', ( #6279, #124, #11394, #1733 ) ) ;
#4877 = CIRCLE ( 'NONE', #5453, 9.300000000000009592 ) ;
#4878 = ORIENTED_EDGE ( 'NONE', *, *, #1352, .F. ) ;
#4879 = CIRCLE ( 'NONE', #9452, 2.000000000000003109 ) ;
#4880 = CARTESIAN_POINT ( 'NONE',  ( -52.21203848064536857, 8.941079406995820378, 3.865501394531428936 ) ) ;
#4881 = CARTESIAN_POINT ( 'NONE',  ( -2.000000000000008882, 14.00000000000000000, 12.35000000000019149 ) ) ;
#4882 = ORIENTED_EDGE ( 'NONE', *, *, #1300, .T. ) ;
#4883 = CARTESIAN_POINT ( 'NONE',  ( -50.25000000000001421, 7.489066668169588326, 4.316688340371744204 ) ) ;
#4884 = FACE_OUTER_BOUND ( 'NONE', #2160, .T. ) ;
#4885 = ADVANCED_FACE ( 'NONE', ( #1596 ), #7848, .F. ) ;
#4886 = AXIS2_PLACEMENT_3D ( 'NONE', #6822, #10655, #1488 ) ;
#4887 = AXIS2_PLACEMENT_3D ( 'NONE', #6836, #10548, #384 ) ;
#4888 = CARTESIAN_POINT ( 'NONE',  ( -20.00000000000001066, 10.50000000000000000, -13.55000000000000071 ) ) ;
#4889 = DIRECTION ( 'NONE',  ( 0.000000000000000000, 0.000000000000000000, 1.000000000000000000 ) ) ;
#4890 = LINE ( 'NONE', #8529, #8063 ) ;
#4891 = CARTESIAN_POINT ( 'NONE',  ( -34.55000000000001137, 3.199999999999999734, 0.000000000000000000 ) ) ;
#4892 = CIRCLE ( 'NONE', #2237, 2.000000000000000000 ) ;
#4893 = CIRCLE ( 'NONE', #359, 5.499999999999988454 ) ;
#4894 = CARTESIAN_POINT ( 'NONE',  ( -43.13348954950334502, 4.000000000000000000, 9.910391194970017636 ) ) ;
#4895 = ADVANCED_FACE ( 'NONE', ( #6053 ), #1541, .F. ) ;
#4896 = DIRECTION ( 'NONE',  ( 0.000000000000000000, 0.000000000000000000, 1.000000000000000000 ) ) ;
#4897 = VERTEX_POINT ( 'NONE', #4277 ) ;
#4898 = EDGE_LOOP ( 'NONE', ( #142, #9455, #1405, #11662 ) ) ;
#4899 = EDGE_CURVE ( 'NONE', #9538, #6318, #7000, .T. ) ;
#4900 = CARTESIAN_POINT ( 'NONE',  ( -42.15000000000000568, 13.28431348329844219, 12.50000000000000000 ) ) ;
#4901 = CYLINDRICAL_SURFACE ( 'NONE', #11006, 0.9999999999999991118 ) ;
#4902 = CARTESIAN_POINT ( 'NONE',  ( 26.06860260373167648, 1.506871613165400500E-15, -0.08009484805964001142 ) ) ;
#4903 = AXIS2_PLACEMENT_3D ( 'NONE', #91, #2734, #9111 ) ;
#4904 = ORIENTED_EDGE ( 'NONE', *, *, #2305, .F. ) ;
#4905 = CARTESIAN_POINT ( 'NONE',  ( 29.59999999999998721, 0.2531617916668544299, -8.598623679425843491 ) ) ;
#4906 = ADVANCED_FACE ( 'NONE', ( #892 ), #4515, .T. ) ;
#4907 = CARTESIAN_POINT ( 'NONE',  ( 39.08172798364529399, 0.5000000000000000000, 6.181727983645293634 ) ) ;
#4908 = DIRECTION ( 'NONE',  ( -1.000000000000000000, 0.000000000000000000, 0.000000000000000000 ) ) ;
#4909 = EDGE_CURVE ( 'NONE', #6034, #4354, #8200, .T. ) ;
#4910 = FACE_OUTER_BOUND ( 'NONE', #5085, .T. ) ;
#4911 = CARTESIAN_POINT ( 'NONE',  ( -23.23676428111944148, 12.30000000000000071, 14.75000000000000355 ) ) ;
#4912 = DIRECTION ( 'NONE',  ( 1.000000000000000000, 0.000000000000000000, -0.000000000000000000 ) ) ;
#4913 = ORIENTED_EDGE ( 'NONE', *, *, #10164, .F. ) ;
#4914 = DIRECTION ( 'NONE',  ( 0.000000000000000000, 2.891205793294679312E-16, -1.000000000000000000 ) ) ;
#4915 = CARTESIAN_POINT ( 'NONE',  ( -52.38137872115421345, 8.867695482386841022, 3.818702871855279568 ) ) ;
#4916 = FACE_OUTER_BOUND ( 'NONE', #8749, .T. ) ;
#4917 = EDGE_CURVE ( 'NONE', #5766, #11747, #10951, .T. ) ;
#4918 = CIRCLE ( 'NONE', #203, 6.800000000000001599 ) ;
#4919 = AXIS2_PLACEMENT_3D ( 'NONE', #6850, #7636, #9435 ) ;
#4920 = VERTEX_POINT ( 'NONE', #11125 ) ;
#4921 = CARTESIAN_POINT ( 'NONE',  ( -50.75000000000000711, 4.147235497605446852, -4.750000000000000000 ) ) ;
#4922 = CARTESIAN_POINT ( 'NONE',  ( -42.35139740797688290, 3.110860675435381140, 8.955151217622352888 ) ) ;
#4923 = EDGE_CURVE ( 'NONE', #11724, #10196, #2685, .T. ) ;
#4924 = DIRECTION ( 'NONE',  ( -1.000000000000000000, 0.000000000000000000, 3.154042683594192655E-16 ) ) ;
#4925 = EDGE_CURVE ( 'NONE', #10288, #5424, #7475, .T. ) ;
#4926 = ORIENTED_EDGE ( 'NONE', *, *, #3008, .T. ) ;
#4927 = AXIS2_PLACEMENT_3D ( 'NONE', #9290, #4703, #10904 ) ;
#4928 = LINE ( 'NONE', #10299, #5959 ) ;
#4929 = DIRECTION ( 'NONE',  ( 0.000000000000000000, 0.000000000000000000, -1.000000000000000000 ) ) ;
#4930 = DIRECTION ( 'NONE',  ( -4.625929269271485322E-15, -1.000000000000000000, 0.000000000000000000 ) ) ;
#4931 = ORIENTED_EDGE ( 'NONE', *, *, #3304, .T. ) ;
#4932 = ORIENTED_EDGE ( 'NONE', *, *, #3067, .F. ) ;
#4933 = VERTEX_POINT ( 'NONE', #6405 ) ;
#4934 = VECTOR ( 'NONE', #4984, 1000.000000000000000 ) ;
#4935 = DIRECTION ( 'NONE',  ( 0.09864855753176697550, -0.5484013522091607529, 0.8303760708209659835 ) ) ;
#4936 = CARTESIAN_POINT ( 'NONE',  ( -14.05000000000000782, 3.010000000000000231, -9.540000000000013358 ) ) ;
#4937 = CARTESIAN_POINT ( 'NONE',  ( 29.60000000000001918, 0.2999999999999998779, 2.298623679425836563 ) ) ;
#4938 = ORIENTED_EDGE ( 'NONE', *, *, #11537, .T. ) ;
#4939 = CARTESIAN_POINT ( 'NONE',  ( -44.75000000000000711, 7.500000000000000000, 0.000000000000000000 ) ) ;
#4940 = PLANE ( 'NONE',  #5832 ) ;
#4941 = CARTESIAN_POINT ( 'NONE',  ( -34.70000000000000284, 0.000000000000000000, -12.50000000000000000 ) ) ;
#4942 = CARTESIAN_POINT ( 'NONE',  ( 0.000000000000000000, 4.000000000000000000, 10.44999999999999218 ) ) ;
#4943 = CARTESIAN_POINT ( 'NONE',  ( 9.326490010960474919, -0.001000000000000024307, -16.15395455526716617 ) ) ;
#4944 = ORIENTED_EDGE ( 'NONE', *, *, #3895, .F. ) ;
#4945 = DIRECTION ( 'NONE',  ( 0.000000000000000000, 0.000000000000000000, -1.000000000000000000 ) ) ;
#4946 = DIRECTION ( 'NONE',  ( -0.000000000000000000, -1.000000000000000000, 0.000000000000000000 ) ) ;
#4947 = LINE ( 'NONE', #8586, #6932 ) ;
#4948 = LINE ( 'NONE', #9551, #10776 ) ;
#4949 = VERTEX_POINT ( 'NONE', #6463 ) ;
#4950 = EDGE_LOOP ( 'NONE', ( #1215, #7668, #1371, #5103, #3443, #4416 ) ) ;
#4951 = LINE ( 'NONE', #8591, #3591 ) ;
#4952 = DIRECTION ( 'NONE',  ( -0.000000000000000000, -0.000000000000000000, -1.000000000000000000 ) ) ;
#4953 = LINE ( 'NONE', #2285, #6344 ) ;
#4954 = ORIENTED_EDGE ( 'NONE', *, *, #7054, .T. ) ;
#4955 = EDGE_CURVE ( 'NONE', #5708, #967, #10882, .T. ) ;
#4956 = ORIENTED_EDGE ( 'NONE', *, *, #5217, .T. ) ;
#4957 = EDGE_CURVE ( 'NONE', #11297, #7986, #1947, .T. ) ;
#4958 = DIRECTION ( 'NONE',  ( -0.000000000000000000, -0.000000000000000000, 1.000000000000000000 ) ) ;
#4959 = VECTOR ( 'NONE', #8620, 1000.000000000000000 ) ;
#4960 = EDGE_CURVE ( 'NONE', #38, #568, #3667, .T. ) ;
#4961 = CARTESIAN_POINT ( 'NONE',  ( -52.27563198490997110, 6.808115275766802199, 3.630658523920712977 ) ) ;
#4962 = CARTESIAN_POINT ( 'NONE',  ( -39.90000000000000568, 15.50000000000000000, 12.50000000000000000 ) ) ;
#4963 = VERTEX_POINT ( 'NONE', #1828 ) ;
#4964 = CARTESIAN_POINT ( 'NONE',  ( 0.000000000000000000, 10.50000000000000000, 0.000000000000000000 ) ) ;
#4965 = CARTESIAN_POINT ( 'NONE',  ( -50.25000000000000000, 11.34999999999999964, 4.750000000000000888 ) ) ;
#4966 = CARTESIAN_POINT ( 'NONE',  ( -42.15000000000000568, 4.007420769103569924, -12.43439266236709173 ) ) ;
#4967 = CIRCLE ( 'NONE', #8400, 1.900000000000000577 ) ;
#4968 = VERTEX_POINT ( 'NONE', #9095 ) ;
#4969 = ADVANCED_FACE ( 'NONE', ( #4741 ), #8141, .T. ) ;
#4970 = CARTESIAN_POINT ( 'NONE',  ( -37.54999999999999716, 4.000000000000000000, -12.25000000000000000 ) ) ;
#4971 = ORIENTED_EDGE ( 'NONE', *, *, #8544, .T. ) ;
#4972 = ORIENTED_EDGE ( 'NONE', *, *, #6570, .F. ) ;
#4973 = EDGE_CURVE ( 'NONE', #604, #3747, #10110, .T. ) ;
#4974 = LINE ( 'NONE', #8791, #279 ) ;
#4975 = DIRECTION ( 'NONE',  ( 0.000000000000000000, 0.000000000000000000, 1.000000000000000000 ) ) ;
#4976 = ORIENTED_EDGE ( 'NONE', *, *, #1726, .T. ) ;
#4977 = FACE_OUTER_BOUND ( 'NONE', #258, .T. ) ;
#4978 = VECTOR ( 'NONE', #1269, 1000.000000000000000 ) ;
#4979 = CARTESIAN_POINT ( 'NONE',  ( 51.95000000000000284, 10.50000000000000000, -9.499999999999964473 ) ) ;
#4980 = CARTESIAN_POINT ( 'NONE',  ( 10.24999999999999112, 2.499999999999999556, 8.949999999999992184 ) ) ;
#4981 = ORIENTED_EDGE ( 'NONE', *, *, #7158, .F. ) ;
#4982 = PLANE ( 'NONE',  #9982 ) ;
#4983 = DIRECTION ( 'NONE',  ( -0.3420201433256696566, -0.000000000000000000, 0.9396926207859080948 ) ) ;
#4984 = DIRECTION ( 'NONE',  ( 0.000000000000000000, 0.000000000000000000, 1.000000000000000000 ) ) ;
#4985 = ADVANCED_FACE ( 'NONE', ( #5572 ), #187, .T. ) ;
#4986 = VECTOR ( 'NONE', #5267, 1000.000000000000000 ) ;
#4987 = CARTESIAN_POINT ( 'NONE',  ( -37.54999999999999716, 13.28431348329844219, -12.50000000000000000 ) ) ;
#4988 = ORIENTED_EDGE ( 'NONE', *, *, #756, .F. ) ;
#4989 = ORIENTED_EDGE ( 'NONE', *, *, #7463, .F. ) ;
#4990 = EDGE_CURVE ( 'NONE', #6688, #9996, #8256, .T. ) ;
#4991 = ORIENTED_EDGE ( 'NONE', *, *, #11031, .T. ) ;
#4992 = ORIENTED_EDGE ( 'NONE', *, *, #7868, .T. ) ;
#4993 = CARTESIAN_POINT ( 'NONE',  ( -52.21634906207966509, 9.022990740802978138, 3.782850090902731832 ) ) ;
#4994 = CARTESIAN_POINT ( 'NONE',  ( -20.00000000000001066, 8.500000000000000000, 13.55000000000000604 ) ) ;
#4995 = CARTESIAN_POINT ( 'NONE',  ( -45.00000000000001421, 4.000000000000000000, -8.354356076261030495 ) ) ;
#4996 = ORIENTED_EDGE ( 'NONE', *, *, #4405, .T. ) ;
#4997 = DIRECTION ( 'NONE',  ( 0.8660254037844381525, -0.000000000000000000, -0.5000000000000011102 ) ) ;
#4998 = CARTESIAN_POINT ( 'NONE',  ( -42.01639145888379545, 3.010000000000012665, -8.550000000000014921 ) ) ;
#4999 = CARTESIAN_POINT ( 'NONE',  ( 47.49999999999997868, 10.50000000000000000, -12.25000000000000178 ) ) ;
#5000 = DIRECTION ( 'NONE',  ( -0.000000000000000000, -1.000000000000000000, -0.000000000000000000 ) ) ;
#5001 = EDGE_LOOP ( 'NONE', ( #10477, #7942, #4139, #607 ) ) ;
#5002 = EDGE_CURVE ( 'NONE', #5263, #883, #5165, .T. ) ;
#5003 = CARTESIAN_POINT ( 'NONE',  ( -52.20411386731407788, 7.347643348050795886, -4.174609651986953551 ) ) ;
#5004 = VECTOR ( 'NONE', #1586, 1000.000000000000114 ) ;
#5005 = EDGE_CURVE ( 'NONE', #11539, #3405, #8814, .T. ) ;
#5006 = LINE ( 'NONE', #3281, #2539 ) ;
#5007 = EDGE_LOOP ( 'NONE', ( #6353, #4650, #4074, #120, #3251, #3400, #10506, #5541, #9285, #1109, #8908, #2953, #8553 ) ) ;
#5008 = AXIS2_PLACEMENT_3D ( 'NONE', #10097, #3600, #7220 ) ;
#5009 = CARTESIAN_POINT ( 'NONE',  ( -36.95000000000000284, 13.28431348329844219, -12.50000000000000000 ) ) ;
#5010 = DIRECTION ( 'NONE',  ( 1.000000000000000000, 0.000000000000000000, 0.000000000000000000 ) ) ;
#5011 = ORIENTED_EDGE ( 'NONE', *, *, #3962, .T. ) ;
#5012 = AXIS2_PLACEMENT_3D ( 'NONE', #6458, #2112, #1235 ) ;
#5013 = CARTESIAN_POINT ( 'NONE',  ( 20.65000000000000213, 4.999999999999999112, -12.25000000000000000 ) ) ;
#5014 = VERTEX_POINT ( 'NONE', #10888 ) ;
#5015 = CIRCLE ( 'NONE', #5197, 5.199999999999988631 ) ;
#5016 = FACE_OUTER_BOUND ( 'NONE', #8920, .T. ) ;
#5017 = LINE ( 'NONE', #2397, #6155 ) ;
#5018 = PLANE ( 'NONE',  #4402 ) ;
#5019 = VERTEX_POINT ( 'NONE', #3734 ) ;
#5020 = ORIENTED_EDGE ( 'NONE', *, *, #1234, .T. ) ;
#5021 = VECTOR ( 'NONE', #11636, 1000.000000000000000 ) ;
#5022 = DIRECTION ( 'NONE',  ( 0.000000000000000000, 0.000000000000000000, -1.000000000000000000 ) ) ;
#5023 = EDGE_LOOP ( 'NONE', ( #526, #1622, #3426, #5295 ) ) ;
#5024 = CARTESIAN_POINT ( 'NONE',  ( -44.75000000000000711, 0.000000000000000000, 0.000000000000000000 ) ) ;
#5025 = ORIENTED_EDGE ( 'NONE', *, *, #8271, .T. ) ;
#5026 = PLANE ( 'NONE',  #4127 ) ;
#5027 = LINE ( 'NONE', #8662, #7361 ) ;
#5028 = AXIS2_PLACEMENT_3D ( 'NONE', #6231, #9877, #5997 ) ;
#5029 = DIRECTION ( 'NONE',  ( 0.000000000000000000, 0.000000000000000000, 1.000000000000000000 ) ) ;
#5030 = EDGE_CURVE ( 'NONE', #1815, #11297, #5678, .T. ) ;
#5031 = DIRECTION ( 'NONE',  ( 0.000000000000000000, 0.000000000000000000, 1.000000000000000000 ) ) ;
#5032 = ORIENTED_EDGE ( 'NONE', *, *, #7289, .F. ) ;
#5033 = CARTESIAN_POINT ( 'NONE',  ( -19.99999999999993960, 10.50000000000000000, -1.067522139062646364E-13 ) ) ;
#5034 = AXIS2_PLACEMENT_3D ( 'NONE', #537, #7999, #9906 ) ;
#5035 = ORIENTED_EDGE ( 'NONE', *, *, #10063, .T. ) ;
#5036 = FACE_OUTER_BOUND ( 'NONE', #768, .T. ) ;
#5037 = ORIENTED_EDGE ( 'NONE', *, *, #352, .T. ) ;
#5038 = DIRECTION ( 'NONE',  ( -1.000000000000000000, 0.000000000000000000, -0.000000000000000000 ) ) ;
#5039 = CYLINDRICAL_SURFACE ( 'NONE', #6001, 0.2999999999999994338 ) ;
#5040 = VERTEX_POINT ( 'NONE', #5521 ) ;
#5041 = DIRECTION ( 'NONE',  ( 0.6427876096865420275, 0.000000000000000000, 0.7660444431189757930 ) ) ;
#5042 = EDGE_CURVE ( 'NONE', #10726, #9150, #9148, .T. ) ;
#5043 = EDGE_LOOP ( 'NONE', ( #7296, #4714, #4764, #2362 ) ) ;
#5044 = CARTESIAN_POINT ( 'NONE',  ( -40.12314042967216210, 4.003051246122646845, 12.36973257420731542 ) ) ;
#5045 = ADVANCED_FACE ( 'NONE', ( #3968, #1359 ), #7535, .T. ) ;
#5046 = LINE ( 'NONE', #9647, #8008 ) ;
#5047 = CIRCLE ( 'NONE', #5237, 1.500000000000000888 ) ;
#5048 = CARTESIAN_POINT ( 'NONE',  ( 2.009170479469691184, 12.50000000000000000, -14.75000000000000178 ) ) ;
#5049 = DIRECTION ( 'NONE',  ( 0.000000000000000000, 0.000000000000000000, 1.000000000000000000 ) ) ;
#5050 = ORIENTED_EDGE ( 'NONE', *, *, #4487, .F. ) ;
#5051 = ORIENTED_EDGE ( 'NONE', *, *, #8921, .F. ) ;
#5052 = CARTESIAN_POINT ( 'NONE',  ( 9.326490010960474919, 0.5999999999999989786, -16.15395455526716617 ) ) ;
#5053 = CARTESIAN_POINT ( 'NONE',  ( -52.15661494277456001, 6.583039804977627973, -3.819531250000034461 ) ) ;
#5054 = VECTOR ( 'NONE', #8614, 1000.000000000000000 ) ;
#5055 = DIRECTION ( 'NONE',  ( 0.000000000000000000, 0.000000000000000000, 1.000000000000000000 ) ) ;
#5056 = EDGE_LOOP ( 'NONE', ( #7614, #8542, #9863, #3146 ) ) ;
#5057 = CARTESIAN_POINT ( 'NONE',  ( -50.25000000000000711, 15.50000000000000000, 0.000000000000000000 ) ) ;
#5058 = EDGE_CURVE ( 'NONE', #2068, #7543, #6868, .T. ) ;
#5059 = CARTESIAN_POINT ( 'NONE',  ( 37.74211819145300240, 0.5999999999999989786, 1.983866831501337247 ) ) ;
#5060 = FACE_OUTER_BOUND ( 'NONE', #199, .T. ) ;
#5061 = EDGE_CURVE ( 'NONE', #7866, #9280, #4081, .T. ) ;
#5062 = CARTESIAN_POINT ( 'NONE',  ( -37.36613167787451317, 3.999999999999999112, -12.24999999999999467 ) ) ;
#5063 = AXIS2_PLACEMENT_3D ( 'NONE', #9850, #4490, #1748 ) ;
#5064 = PLANE ( 'NONE',  #10272 ) ;
#5065 = VECTOR ( 'NONE', #7890, 1000.000000000000000 ) ;
#5066 = VECTOR ( 'NONE', #11527, 1000.000000000000000 ) ;
#5067 = CARTESIAN_POINT ( 'NONE',  ( -47.50000000000000711, 4.000000000000000000, 9.500000000000001776 ) ) ;
#5068 = VERTEX_POINT ( 'NONE', #4020 ) ;
#5069 = CARTESIAN_POINT ( 'NONE',  ( -43.04140106713070679, 3.999999999999999556, 9.154274115534359879 ) ) ;
#5070 = EDGE_CURVE ( 'NONE', #5438, #11447, #1977, .T. ) ;
#5071 = LINE ( 'NONE', #8714, #3541 ) ;
#5072 = VECTOR ( 'NONE', #9522, 1000.000000000000000 ) ;
#5073 = VERTEX_POINT ( 'NONE', #11247 ) ;
#5074 = CIRCLE ( 'NONE', #1655, 2.750000000000002665 ) ;
#5075 = ADVANCED_FACE ( 'NONE', ( #7711 ), #4799, .F. ) ;
#5076 = CARTESIAN_POINT ( 'NONE',  ( -8.072810712594520125E-16, 4.000000000000000000, -9.540000000000015135 ) ) ;
#5077 = CARTESIAN_POINT ( 'NONE',  ( -52.25000000000001421, 9.397368276523900832, -3.013815789473690554 ) ) ;
#5078 = DIRECTION ( 'NONE',  ( -1.000000000000000000, 0.000000000000000000, 7.485322442186879976E-17 ) ) ;
#5079 = CIRCLE ( 'NONE', #7555, 0.5000000000000004441 ) ;
#5080 = ORIENTED_EDGE ( 'NONE', *, *, #6941, .T. ) ;
#5081 = CIRCLE ( 'NONE', #5468, 0.3000000000000016542 ) ;
#5082 = CIRCLE ( 'NONE', #3755, 0.8500000000000000888 ) ;
#5083 = LINE ( 'NONE', #2400, #2531 ) ;
#5084 = CARTESIAN_POINT ( 'NONE',  ( 47.49999999999999289, 7.500000000000000000, -9.499999999999998224 ) ) ;
#5085 = EDGE_LOOP ( 'NONE', ( #9198, #8150, #11474, #11761 ) ) ;
#5086 = CARTESIAN_POINT ( 'NONE',  ( 41.25000000000000000, 0.5999999999999989786, -7.250000000000000000 ) ) ;
#5087 = DIRECTION ( 'NONE',  ( 0.9999759082404062749, -0.006941393143631658345, 0.000000000000000000 ) ) ;
#5088 = AXIS2_PLACEMENT_3D ( 'NONE', #8889, #8946, #678 ) ;
#5089 = CARTESIAN_POINT ( 'NONE',  ( -45.19999999999999574, 3.000000000000000000, 6.750000000000006217 ) ) ;
#5090 = CARTESIAN_POINT ( 'NONE',  ( -36.94999999999912887, 13.29257972656639097, -12.43438872810979490 ) ) ;
#5091 = ORIENTED_EDGE ( 'NONE', *, *, #2563, .F. ) ;
#5092 = ORIENTED_EDGE ( 'NONE', *, *, #6130, .T. ) ;
#5093 = DIRECTION ( 'NONE',  ( 1.000000000000000000, 0.000000000000000000, 0.000000000000000000 ) ) ;
#5094 = ORIENTED_EDGE ( 'NONE', *, *, #5374, .T. ) ;
#5095 = ORIENTED_EDGE ( 'NONE', *, *, #640, .F. ) ;
#5096 = DIRECTION ( 'NONE',  ( 0.5000000000000001110, 0.000000000000000000, 0.8660254037844385966 ) ) ;
#5097 = CARTESIAN_POINT ( 'NONE',  ( 34.61143789659458037, 0.000000000000000000, -0.1700424409956041161 ) ) ;
#5098 = DIRECTION ( 'NONE',  ( -0.000000000000000000, 1.000000000000000000, -0.000000000000000000 ) ) ;
#5099 = CARTESIAN_POINT ( 'NONE',  ( -39.90000000000000568, 4.000000000000000000, 12.25000000000000000 ) ) ;
#5100 = FACE_OUTER_BOUND ( 'NONE', #11268, .T. ) ;
#5101 = CARTESIAN_POINT ( 'NONE',  ( 0.000000000000000000, 4.999999999999999112, -12.25000000000000178 ) ) ;
#5102 = ORIENTED_EDGE ( 'NONE', *, *, #6859, .T. ) ;
#5103 = ORIENTED_EDGE ( 'NONE', *, *, #2484, .T. ) ;
#5104 = ADVANCED_FACE ( 'NONE', ( #6747 ), #11296, .T. ) ;
#5105 = VECTOR ( 'NONE', #6022, 1000.000000000000000 ) ;
#5106 = ORIENTED_EDGE ( 'NONE', *, *, #11338, .F. ) ;
#5107 = EDGE_CURVE ( 'NONE', #6523, #908, #7271, .T. ) ;
#5108 = DIRECTION ( 'NONE',  ( -0.000000000000000000, -1.000000000000000000, -0.000000000000000000 ) ) ;
#5109 = ORIENTED_EDGE ( 'NONE', *, *, #1699, .T. ) ;
#5110 = DIRECTION ( 'NONE',  ( -0.000000000000000000, -1.000000000000000000, 0.000000000000000000 ) ) ;
#5111 = ADVANCED_FACE ( 'NONE', ( #5862 ), #469, .T. ) ;
#5112 = DIRECTION ( 'NONE',  ( 0.000000000000000000, 1.000000000000000000, 0.000000000000000000 ) ) ;
#5113 = ORIENTED_EDGE ( 'NONE', *, *, #11107, .T. ) ;
#5114 = VECTOR ( 'NONE', #10083, 1000.000000000000000 ) ;
#5115 = DIRECTION ( 'NONE',  ( 0.000000000000000000, 0.000000000000000000, -1.000000000000000000 ) ) ;
#5116 = DIRECTION ( 'NONE',  ( 0.000000000000000000, 0.000000000000000000, 1.000000000000000000 ) ) ;
#5117 = CARTESIAN_POINT ( 'NONE',  ( -52.20526305257705957, 8.666854647719386406, -4.070482360731036309 ) ) ;
#5118 = CARTESIAN_POINT ( 'NONE',  ( 2.009170479469691184, 14.00000000000000000, -14.75000000000000178 ) ) ;
#5119 = ORIENTED_EDGE ( 'NONE', *, *, #3183, .F. ) ;
#5120 = CARTESIAN_POINT ( 'NONE',  ( 1.249999999999992228, 3.199999999999999734, 8.949999999999992184 ) ) ;
#5121 = AXIS2_PLACEMENT_3D ( 'NONE', #9527, #3927, #5705 ) ;
#5122 = VECTOR ( 'NONE', #8528, 1000.000000000000000 ) ;
#5123 = EDGE_CURVE ( 'NONE', #4793, #9390, #8431, .T. ) ;
#5124 = ORIENTED_EDGE ( 'NONE', *, *, #3320, .F. ) ;
#5125 = EDGE_CURVE ( 'NONE', #3806, #4427, #4167, .T. ) ;
#5126 = LINE ( 'NONE', #4413, #3125 ) ;
#5127 = ORIENTED_EDGE ( 'NONE', *, *, #8488, .F. ) ;
#5128 = CARTESIAN_POINT ( 'NONE',  ( -42.35139740797686869, 4.000000000000000000, 9.939999999999992397 ) ) ;
#5129 = CARTESIAN_POINT ( 'NONE',  ( -47.19749843554385649, 14.00000000000000000, 13.25000000000000178 ) ) ;
#5130 = ORIENTED_EDGE ( 'NONE', *, *, #5125, .F. ) ;
#5131 = FACE_OUTER_BOUND ( 'NONE', #10619, .T. ) ;
#5132 = CARTESIAN_POINT ( 'NONE',  ( -52.20488312693188959, 7.427644331500020236, 4.203259824540825029 ) ) ;
#5133 = LINE ( 'NONE', #1951, #8024 ) ;
#5134 = DIRECTION ( 'NONE',  ( -0.000000000000000000, 1.000000000000000000, -0.000000000000000000 ) ) ;
#5135 = CARTESIAN_POINT ( 'NONE',  ( -33.55000000000001137, 4.000000000000000000, 11.44999999999999218 ) ) ;
#5136 = CARTESIAN_POINT ( 'NONE',  ( -50.30744728559383105, 4.010711326673043864, 4.517115236334976913 ) ) ;
#5137 = ADVANCED_FACE ( 'NONE', ( #6815 ), #10285, .T. ) ;
#5138 = ORIENTED_EDGE ( 'NONE', *, *, #1413, .F. ) ;
#5139 = ORIENTED_EDGE ( 'NONE', *, *, #352, .F. ) ;
#5140 = EDGE_CURVE ( 'NONE', #3632, #9260, #6812, .T. ) ;
#5141 = CARTESIAN_POINT ( 'NONE',  ( 29.59999999999998010, 0.2999999999999998779, -8.598623679425841715 ) ) ;
#5142 = EDGE_CURVE ( 'NONE', #5550, #1385, #4918, .T. ) ;
#5143 = VERTEX_POINT ( 'NONE', #1415 ) ;
#5144 = DIRECTION ( 'NONE',  ( 0.000000000000000000, 0.000000000000000000, -1.000000000000000000 ) ) ;
#5145 = EDGE_LOOP ( 'NONE', ( #1255, #9943, #10980, #9809 ) ) ;
#5146 = DIRECTION ( 'NONE',  ( 0.3420201433256696566, 0.000000000000000000, 0.9396926207859080948 ) ) ;
#5147 = CARTESIAN_POINT ( 'NONE',  ( 2.009170479469691184, 12.50000000000000000, 14.75000000000000178 ) ) ;
#5148 = DIRECTION ( 'NONE',  ( 0.000000000000000000, 1.000000000000000000, -0.000000000000000000 ) ) ;
#5149 = ORIENTED_EDGE ( 'NONE', *, *, #8128, .T. ) ;
#5150 = ADVANCED_FACE ( 'NONE', ( #2176 ), #8665, .T. ) ;
#5151 = CARTESIAN_POINT ( 'NONE',  ( 30.93718186220620581, 0.02221052063481776528, 2.155038092765990676 ) ) ;
#5152 = ORIENTED_EDGE ( 'NONE', *, *, #2480, .T. ) ;
#5153 = EDGE_CURVE ( 'NONE', #7188, #1396, #8552, .T. ) ;
#5154 = LINE ( 'NONE', #4083, #10921 ) ;
#5155 = ORIENTED_EDGE ( 'NONE', *, *, #9741, .F. ) ;
#5156 = ORIENTED_EDGE ( 'NONE', *, *, #8673, .T. ) ;
#5157 = CARTESIAN_POINT ( 'NONE',  ( 37.45000000000000284, 4.999999999999999112, 8.349999999999997868 ) ) ;
#5158 = CARTESIAN_POINT ( 'NONE',  ( 34.67426189721743413, 0.09795398803915177088, 0.1261620132527740967 ) ) ;
#5159 = VERTEX_POINT ( 'NONE', #2243 ) ;
#5160 = CARTESIAN_POINT ( 'NONE',  ( -20.00000000000001066, 15.50001199999999990, 12.25000000000000178 ) ) ;
#5161 = TOROIDAL_SURFACE ( 'NONE', #6858, 9.300000000000009592, 0.2999999999999999889 ) ;
#5162 = CARTESIAN_POINT ( 'NONE',  ( -20.00000000000001066, 8.500000000000000000, 2.352167425053299179E-15 ) ) ;
#5163 = DIRECTION ( 'NONE',  ( 0.000000000000000000, -0.000000000000000000, -1.000000000000000000 ) ) ;
#5164 = ORIENTED_EDGE ( 'NONE', *, *, #3448, .T. ) ;
#5165 = CIRCLE ( 'NONE', #7672, 0.7999999999999994893 ) ;
#5166 = DIRECTION ( 'NONE',  ( 1.000000000000000000, 0.000000000000000000, 1.871330610546719070E-17 ) ) ;
#5167 = CARTESIAN_POINT ( 'NONE',  ( -52.20955632327968488, 7.007643205179620693, -4.000050849199090486 ) ) ;
#5168 = CARTESIAN_POINT ( 'NONE',  ( -14.05000000000000782, 4.000000000000000000, 0.000000000000000000 ) ) ;
#5169 = EDGE_LOOP ( 'NONE', ( #6907, #11459, #4820, #260 ) ) ;
#5170 = DIRECTION ( 'NONE',  ( 0.000000000000000000, 0.000000000000000000, 1.000000000000000000 ) ) ;
#5171 = EDGE_CURVE ( 'NONE', #7383, #3686, #7969, .T. ) ;
#5172 = AXIS2_PLACEMENT_3D ( 'NONE', #7747, #4771, #2268 ) ;
#5173 = CARTESIAN_POINT ( 'NONE',  ( -45.00000000000001421, 4.000000000000000000, -76.06160882753884778 ) ) ;
#5174 = ORIENTED_EDGE ( 'NONE', *, *, #2701, .T. ) ;
#5175 = EDGE_CURVE ( 'NONE', #4838, #7891, #4262, .T. ) ;
#5176 = CARTESIAN_POINT ( 'NONE',  ( -52.26257746176735708, 8.323418644210502038, -4.158831838305947493 ) ) ;
#5177 = ORIENTED_EDGE ( 'NONE', *, *, #2436, .F. ) ;
#5178 = LINE ( 'NONE', #6015, #1433 ) ;
#5179 = EDGE_LOOP ( 'NONE', ( #1575, #7654, #2441, #6023 ) ) ;
#5180 = CARTESIAN_POINT ( 'NONE',  ( 50.84065861769801131, 8.500000000000000000, 13.54999999999999716 ) ) ;
#5181 = CYLINDRICAL_SURFACE ( 'NONE', #4028, 9.000000000000008882 ) ;
#5182 = FACE_OUTER_BOUND ( 'NONE', #9165, .T. ) ;
#5183 = DIRECTION ( 'NONE',  ( -5.139921410301651289E-17, 0.000000000000000000, 1.000000000000000000 ) ) ;
#5184 = DIRECTION ( 'NONE',  ( 0.000000000000000000, 1.000000000000000000, 0.000000000000000000 ) ) ;
#5185 = EDGE_CURVE ( 'NONE', #3766, #7280, #7098, .T. ) ;
#5186 = LINE ( 'NONE', #9000, #10815 ) ;
#5187 = EDGE_CURVE ( 'NONE', #2389, #1159, #1700, .T. ) ;
#5188 = DIRECTION ( 'NONE',  ( 1.000000000000000000, 0.000000000000000000, 0.000000000000000000 ) ) ;
#5189 = DIRECTION ( 'NONE',  ( 0.000000000000000000, 0.000000000000000000, 1.000000000000000000 ) ) ;
#5190 = CARTESIAN_POINT ( 'NONE',  ( -34.70000000000000284, 13.29999999999999893, -12.25000000000000000 ) ) ;
#5191 = ORIENTED_EDGE ( 'NONE', *, *, #7021, .F. ) ;
#5192 = ORIENTED_EDGE ( 'NONE', *, *, #401, .T. ) ;
#5193 = DIRECTION ( 'NONE',  ( 0.000000000000000000, 0.000000000000000000, 1.000000000000000000 ) ) ;
#5194 = VECTOR ( 'NONE', #2467, 1000.000000000000000 ) ;
#5195 = ORIENTED_EDGE ( 'NONE', *, *, #5142, .F. ) ;
#5196 = LINE ( 'NONE', #1525, #2788 ) ;
#5197 = AXIS2_PLACEMENT_3D ( 'NONE', #251, #3861, #7662 ) ;
#5198 = ORIENTED_EDGE ( 'NONE', *, *, #2448, .T. ) ;
#5199 = FACE_OUTER_BOUND ( 'NONE', #1918, .T. ) ;
#5200 = CARTESIAN_POINT ( 'NONE',  ( 31.09999999999998010, 0.3450597594102131627, -12.12059116866472941 ) ) ;
#5201 = DIRECTION ( 'NONE',  ( -1.000000000000000000, 0.000000000000000000, 0.000000000000000000 ) ) ;
#5202 = EDGE_CURVE ( 'NONE', #6139, #7647, #7360, .T. ) ;
#5203 = CARTESIAN_POINT ( 'NONE',  ( -34.76613167787451886, 3.999999999999999112, -12.24999999999999467 ) ) ;
#5204 = EDGE_CURVE ( 'NONE', #7577, #2229, #9858, .T. ) ;
#5205 = AXIS2_PLACEMENT_3D ( 'NONE', #7209, #8952, #11524 ) ;
#5206 = CARTESIAN_POINT ( 'NONE',  ( -36.95000000000000284, 13.28431348329844219, 12.50000000000000000 ) ) ;
#5207 = VERTEX_POINT ( 'NONE', #5206 ) ;
#5208 = CARTESIAN_POINT ( 'NONE',  ( -45.19999999999999574, 14.10000000000000675, 6.750000000000006217 ) ) ;
#5209 = ORIENTED_EDGE ( 'NONE', *, *, #2057, .T. ) ;
#5210 = ORIENTED_EDGE ( 'NONE', *, *, #11244, .T. ) ;
#5211 = VECTOR ( 'NONE', #48, 1000.000000000000000 ) ;
#5212 = CARTESIAN_POINT ( 'NONE',  ( 1.036764281119435083, 12.50000000000000000, 14.75000000000000178 ) ) ;
#5213 = CARTESIAN_POINT ( 'NONE',  ( -52.25000000000001421, 9.397368276523900832, -3.013815789473690554 ) ) ;
#5214 = TOROIDAL_SURFACE ( 'NONE', #7879, 1.500000000000000888, 0.2000000000000000111 ) ;
#5215 = ORIENTED_EDGE ( 'NONE', *, *, #6852, .T. ) ;
#5216 = LINE ( 'NONE', #8858, #530 ) ;
#5217 = EDGE_CURVE ( 'NONE', #5709, #1021, #2465, .T. ) ;
#5218 = CARTESIAN_POINT ( 'NONE',  ( -39.55000000000000426, 6.000000000000000000, 12.25000000000000533 ) ) ;
#5219 = EDGE_CURVE ( 'NONE', #4366, #3932, #4441, .T. ) ;
#5220 = VERTEX_POINT ( 'NONE', #9628 ) ;
#5221 = CARTESIAN_POINT ( 'NONE',  ( 0.000000000000000000, 6.000000000000000000, 0.000000000000000000 ) ) ;
#5222 = CIRCLE ( 'NONE', #7307, 8.000000000000000000 ) ;
#5223 = VERTEX_POINT ( 'NONE', #7167 ) ;
#5224 = AXIS2_PLACEMENT_3D ( 'NONE', #320, #11148, #5711 ) ;
#5225 = VERTEX_POINT ( 'NONE', #11591 ) ;
#5226 = LINE ( 'NONE', #11669, #3497 ) ;
#5227 = PLANE ( 'NONE',  #6969 ) ;
#5228 = CARTESIAN_POINT ( 'NONE',  ( -42.72304223721046412, 13.29695786801650392, 12.36956634074368111 ) ) ;
#5229 = DIRECTION ( 'NONE',  ( -0.000000000000000000, 1.000000000000000000, -0.000000000000000000 ) ) ;
#5230 = CARTESIAN_POINT ( 'NONE',  ( 34.69364652204420452, 0.2999999999999998779, -6.523830892551266913 ) ) ;
#5231 = AXIS2_PLACEMENT_3D ( 'NONE', #1835, #5470, #960 ) ;
#5232 = DIRECTION ( 'NONE',  ( -0.000000000000000000, 1.000000000000000000, -0.000000000000000000 ) ) ;
#5233 = DIRECTION ( 'NONE',  ( 0.000000000000000000, 0.000000000000000000, 1.000000000000000000 ) ) ;
#5234 = ORIENTED_EDGE ( 'NONE', *, *, #6428, .F. ) ;
#5235 = CYLINDRICAL_SURFACE ( 'NONE', #10986, 2.000000000000000000 ) ;
#5236 = AXIS2_PLACEMENT_3D ( 'NONE', #5221, #11551, #5163 ) ;
#5237 = AXIS2_PLACEMENT_3D ( 'NONE', #9768, #11687, #7196 ) ;
#5238 = CARTESIAN_POINT ( 'NONE',  ( -36.95000000000000284, 11.29999999999999716, 12.25000000000000000 ) ) ;
#5239 = ORIENTED_EDGE ( 'NONE', *, *, #224, .T. ) ;
#5240 = DIRECTION ( 'NONE',  ( 0.000000000000000000, -1.000000000000000000, 0.000000000000000000 ) ) ;
#5241 = ORIENTED_EDGE ( 'NONE', *, *, #1154, .T. ) ;
#5242 = EDGE_CURVE ( 'NONE', #289, #6654, #11354, .T. ) ;
#5243 = DIRECTION ( 'NONE',  ( -0.000000000000000000, 1.000000000000000000, -1.257045997084642858E-16 ) ) ;
#5244 = ORIENTED_EDGE ( 'NONE', *, *, #1793, .F. ) ;
#5245 = CARTESIAN_POINT ( 'NONE',  ( -20.00000000000001066, 10.50000000000000000, 13.55000000000000604 ) ) ;
#5246 = CARTESIAN_POINT ( 'NONE',  ( -52.11956194878222703, 8.021961921181992139, 4.350092874893889849 ) ) ;
#5247 = AXIS2_PLACEMENT_3D ( 'NONE', #6755, #5038, #3198 ) ;
#5248 = TOROIDAL_SURFACE ( 'NONE', #7526, 5.199999999999988631, 0.2999999999999999889 ) ;
#5249 = LINE ( 'NONE', #1739, #8135 ) ;
#5250 = ORIENTED_EDGE ( 'NONE', *, *, #4121, .F. ) ;
#5251 = DIRECTION ( 'NONE',  ( -0.000000000000000000, -1.000000000000000000, 0.000000000000000000 ) ) ;
#5252 = CARTESIAN_POINT ( 'NONE',  ( -34.55000000000001137, 4.000000000000000000, -10.05000000000001137 ) ) ;
#5253 = ORIENTED_EDGE ( 'NONE', *, *, #9521, .T. ) ;
#5254 = VERTEX_POINT ( 'NONE', #7040 ) ;
#5255 = EDGE_LOOP ( 'NONE', ( #5772, #10893, #9055, #2390 ) ) ;
#5256 = DIRECTION ( 'NONE',  ( 0.000000000000000000, 0.000000000000000000, 1.000000000000000000 ) ) ;
#5257 = EDGE_CURVE ( 'NONE', #1848, #10865, #4812, .T. ) ;
#5258 = VECTOR ( 'NONE', #2827, 1000.000000000000000 ) ;
#5259 = CIRCLE ( 'NONE', #8690, 1.499999999999999556 ) ;
#5260 = DIRECTION ( 'NONE',  ( 0.000000000000000000, 0.000000000000000000, 1.000000000000000000 ) ) ;
#5261 = AXIS2_PLACEMENT_3D ( 'NONE', #1727, #10847, #2674 ) ;
#5262 = EDGE_CURVE ( 'NONE', #1260, #8681, #11533, .T. ) ;
#5263 = VERTEX_POINT ( 'NONE', #9739 ) ;
#5264 = DIRECTION ( 'NONE',  ( 0.000000000000000000, 1.000000000000000000, -0.000000000000000000 ) ) ;
#5265 = ADVANCED_FACE ( 'NONE', ( #643 ), #8853, .T. ) ;
#5266 = LINE ( 'NONE', #8840, #2599 ) ;
#5267 = DIRECTION ( 'NONE',  ( -1.000000000000000000, -0.000000000000000000, 4.231032868236115418E-16 ) ) ;
#5268 = DIRECTION ( 'NONE',  ( 0.000000000000000000, 0.000000000000000000, 1.000000000000000000 ) ) ;
#5269 = VECTOR ( 'NONE', #11391, 1000.000000000000000 ) ;
#5270 = CYLINDRICAL_SURFACE ( 'NONE', #1540, 5.499999999999988454 ) ;
#5271 = AXIS2_PLACEMENT_3D ( 'NONE', #2497, #5754, #7549 ) ;
#5272 = CARTESIAN_POINT ( 'NONE',  ( -36.95000000000000284, 6.000000000000000000, 14.25000000000000355 ) ) ;
#5273 = AXIS2_PLACEMENT_3D ( 'NONE', #5503, #991, #7338 ) ;
#5274 = ORIENTED_EDGE ( 'NONE', *, *, #4622, .T. ) ;
#5275 = DIRECTION ( 'NONE',  ( -0.000000000000000000, -1.000000000000000000, -0.000000000000000000 ) ) ;
#5276 = VERTEX_POINT ( 'NONE', #3474 ) ;
#5277 = VERTEX_POINT ( 'NONE', #3542 ) ;
#5278 = DIRECTION ( 'NONE',  ( 1.000000000000000000, -0.000000000000000000, 0.000000000000000000 ) ) ;
#5279 = EDGE_CURVE ( 'NONE', #5207, #9513, #6786, .T. ) ;
#5280 = ORIENTED_EDGE ( 'NONE', *, *, #3904, .T. ) ;
#5281 = CARTESIAN_POINT ( 'NONE',  ( -52.36521917770384960, 7.096331622010074724, 3.968786056728798251 ) ) ;
#5282 = EDGE_CURVE ( 'NONE', #5799, #3089, #10378, .T. ) ;
#5283 = ORIENTED_EDGE ( 'NONE', *, *, #5357, .F. ) ;
#5284 = CARTESIAN_POINT ( 'NONE',  ( -8.947521086617219380E-16, 4.000000000000000000, 12.25000000000000355 ) ) ;
#5285 = AXIS2_PLACEMENT_3D ( 'NONE', #117, #8361, #231 ) ;
#5286 = DIRECTION ( 'NONE',  ( 0.000000000000000000, -1.000000000000000000, 0.000000000000000000 ) ) ;
#5287 = EDGE_LOOP ( 'NONE', ( #3636, #2717, #7957, #3254 ) ) ;
#5288 = CARTESIAN_POINT ( 'NONE',  ( -50.25000000000000711, 8.508276253029821490, -4.250000000000000000 ) ) ;
#5289 = B_SPLINE_CURVE_WITH_KNOTS ( 'NONE', 3,
 ( #8393, #9052, #262, #6303, #9944, #914, #10973, #4593, #10913, #4537, #8161, #2804, #6429, #4880, #4993, #8573 ),
 .UNSPECIFIED., .F., .F.,
 ( 4, 2, 2, 2, 2, 2, 2, 4 ),
 ( 9.697399036122160616E-19, 0.0003420773149254272461, 0.0006841546298508544921, 0.001368309259701709635, 0.001710386574627137043, 0.002052463889552564886, 0.002394541204477991861, 0.002736618519403419703 ),
 .UNSPECIFIED. ) ;
#5290 = CARTESIAN_POINT ( 'NONE',  ( 2.009170479469691184, 12.50000000000000000, -14.75000000000000178 ) ) ;
#5291 = ORIENTED_EDGE ( 'NONE', *, *, #130, .T. ) ;
#5292 = CARTESIAN_POINT ( 'NONE',  ( -51.95000000000000995, 7.899999999999999467, -2.449999999999999734 ) ) ;
#5293 = ORIENTED_EDGE ( 'NONE', *, *, #1411, .T. ) ;
#5294 = EDGE_CURVE ( 'NONE', #5761, #5040, #3103, .T. ) ;
#5295 = ORIENTED_EDGE ( 'NONE', *, *, #6852, .F. ) ;
#5296 = EDGE_CURVE ( 'NONE', #2677, #3803, #1754, .T. ) ;
#5297 = DIRECTION ( 'NONE',  ( -0.000000000000000000, 0.000000000000000000, 1.000000000000000000 ) ) ;
#5298 = EDGE_CURVE ( 'NONE', #6545, #8911, #8130, .T. ) ;
#5299 = VERTEX_POINT ( 'NONE', #7279 ) ;
#5300 = DIRECTION ( 'NONE',  ( 0.000000000000000000, 2.891205793294679312E-16, 1.000000000000000000 ) ) ;
#5301 = DIRECTION ( 'NONE',  ( -1.000000000000000000, -0.000000000000000000, 4.476705744456300993E-16 ) ) ;
#5302 = FACE_OUTER_BOUND ( 'NONE', #5936, .T. ) ;
#5303 = CARTESIAN_POINT ( 'NONE',  ( -52.21203848064537567, 6.858920593004267374, -3.865501394531481338 ) ) ;
#5304 = ORIENTED_EDGE ( 'NONE', *, *, #3183, .T. ) ;
#5305 = CARTESIAN_POINT ( 'NONE',  ( -52.25000000000001421, 9.400000000000000355, -2.924999999999972289 ) ) ;
#5306 = ORIENTED_EDGE ( 'NONE', *, *, #1341, .T. ) ;
#5307 = FACE_OUTER_BOUND ( 'NONE', #4433, .T. ) ;
#5308 = EDGE_LOOP ( 'NONE', ( #10567, #8767, #9332, #7738 ) ) ;
#5309 = EDGE_CURVE ( 'NONE', #9535, #823, #10938, .T. ) ;
#5310 = CIRCLE ( 'NONE', #11586, 2.750000000000000888 ) ;
#5311 = DIRECTION ( 'NONE',  ( -0.000000000000000000, 1.000000000000000000, -0.000000000000000000 ) ) ;
#5312 = ORIENTED_EDGE ( 'NONE', *, *, #3746, .T. ) ;
#5313 = CARTESIAN_POINT ( 'NONE',  ( 41.25000000000000711, 5.500000000000000000, 12.25000000000000178 ) ) ;
#5314 = VERTEX_POINT ( 'NONE', #879 ) ;
#5315 = CARTESIAN_POINT ( 'NONE',  ( -37.52304223721046839, 13.29695786801650392, 12.36956634074368111 ) ) ;
#5316 = DIRECTION ( 'NONE',  ( -2.668805347656624115E-15, 0.000000000000000000, -1.000000000000000000 ) ) ;
#5317 = CARTESIAN_POINT ( 'NONE',  ( -51.99271462781831588, 7.419200903834073380, 4.292154627758328012 ) ) ;
#5318 = LINE ( 'NONE', #8049, #6799 ) ;
#5319 = DIRECTION ( 'NONE',  ( 0.000000000000000000, 0.000000000000000000, -1.000000000000000000 ) ) ;
#5320 = DIRECTION ( 'NONE',  ( -9.856182124392324236E-16, 0.000000000000000000, -1.000000000000000000 ) ) ;
#5321 = ORIENTED_EDGE ( 'NONE', *, *, #411, .T. ) ;
#5322 = EDGE_LOOP ( 'NONE', ( #2617, #2754, #3040, #10404 ) ) ;
#5323 = FACE_OUTER_BOUND ( 'NONE', #6807, .T. ) ;
#5324 = DIRECTION ( 'NONE',  ( 0.000000000000000000, 1.000000000000000000, 0.000000000000000000 ) ) ;
#5325 = CARTESIAN_POINT ( 'NONE',  ( 45.25000000000000711, 7.500000000000000000, 0.9682458365518327170 ) ) ;
#5326 = CARTESIAN_POINT ( 'NONE',  ( -2.000000000000011990, 14.00000000000000000, -14.75000000000000355 ) ) ;
#5327 = DIRECTION ( 'NONE',  ( 0.000000000000000000, 0.000000000000000000, -1.000000000000000000 ) ) ;
#5328 = DIRECTION ( 'NONE',  ( -0.000000000000000000, 1.000000000000000000, 0.000000000000000000 ) ) ;
#5329 = CYLINDRICAL_SURFACE ( 'NONE', #5679, 0.2500000000000002220 ) ;
#5330 = PLANE ( 'NONE',  #407 ) ;
#5331 = EDGE_CURVE ( 'NONE', #5376, #2468, #2612, .T. ) ;
#5332 = FACE_OUTER_BOUND ( 'NONE', #7464, .T. ) ;
#5333 = EDGE_CURVE ( 'NONE', #4354, #3705, #6408, .T. ) ;
#5334 = ORIENTED_EDGE ( 'NONE', *, *, #11477, .T. ) ;
#5335 = CARTESIAN_POINT ( 'NONE',  ( 30.35000000000000142, 0.000000000000000000, -3.150000000000002576 ) ) ;
#5336 = ORIENTED_EDGE ( 'NONE', *, *, #774, .T. ) ;
#5337 = DIRECTION ( 'NONE',  ( 0.000000000000000000, 0.000000000000000000, -1.000000000000000000 ) ) ;
#5338 = EDGE_LOOP ( 'NONE', ( #3981, #6107, #3410, #5856, #11534 ) ) ;
#5339 = CYLINDRICAL_SURFACE ( 'NONE', #9080, 0.2500000000000002220 ) ;
#5340 = LINE ( 'NONE', #1486, #3544 ) ;
#5341 = VERTEX_POINT ( 'NONE', #6455 ) ;
#5342 = LINE ( 'NONE', #2712, #11362 ) ;
#5343 = CARTESIAN_POINT ( 'NONE',  ( -39.80000000000000426, 4.000000000000000000, 12.25000000000000000 ) ) ;
#5344 = ADVANCED_FACE ( 'NONE', ( #2706 ), #6392, .F. ) ;
#5345 = VERTEX_POINT ( 'NONE', #3718 ) ;
#5346 = ADVANCED_FACE ( 'NONE', ( #1882 ), #797, .F. ) ;
#5347 = LINE ( 'NONE', #2659, #6376 ) ;
#5348 = ORIENTED_EDGE ( 'NONE', *, *, #8041, .F. ) ;
#5349 = ORIENTED_EDGE ( 'NONE', *, *, #8255, .T. ) ;
#5350 = ORIENTED_EDGE ( 'NONE', *, *, #7398, .F. ) ;
#5351 = LINE ( 'NONE', #7912, #7502 ) ;
#5352 = CARTESIAN_POINT ( 'NONE',  ( -52.20488103182247386, 7.428445669153046715, -4.203493146150740323 ) ) ;
#5353 = VECTOR ( 'NONE', #6349, 1000.000000000000000 ) ;
#5354 = CARTESIAN_POINT ( 'NONE',  ( -14.05000000000000782, 3.199999999999999734, 0.000000000000000000 ) ) ;
#5355 = CARTESIAN_POINT ( 'NONE',  ( -37.54999999999999716, 11.29999999999999716, -14.25000000000000355 ) ) ;
#5356 = ORIENTED_EDGE ( 'NONE', *, *, #4559, .T. ) ;
#5357 = EDGE_CURVE ( 'NONE', #2482, #8507, #6186, .T. ) ;
#5358 = CARTESIAN_POINT ( 'NONE',  ( 20.65000000000000213, 0.5999999999999989786, 8.349999999999997868 ) ) ;
#5359 = CARTESIAN_POINT ( 'NONE',  ( 47.49999999999999289, 7.500000000000000000, 10.35000000000000142 ) ) ;
#5360 = ORIENTED_EDGE ( 'NONE', *, *, #2859, .F. ) ;
#5361 = EDGE_CURVE ( 'NONE', #5277, #1260, #5392, .T. ) ;
#5362 = AXIS2_PLACEMENT_3D ( 'NONE', #9539, #10364, #1212 ) ;
#5363 = CARTESIAN_POINT ( 'NONE',  ( -52.34424071095980224, 7.478246084482182532, -4.159336803306670660 ) ) ;
#5364 = CARTESIAN_POINT ( 'NONE',  ( 0.5999999999999912070, 12.50000000000000000, 13.35000000000018971 ) ) ;
#5365 = VERTEX_POINT ( 'NONE', #10799 ) ;
#5366 = FACE_OUTER_BOUND ( 'NONE', #3680, .T. ) ;
#5367 = DIRECTION ( 'NONE',  ( -1.000000000000000000, 0.000000000000000000, 0.000000000000000000 ) ) ;
#5368 = VERTEX_POINT ( 'NONE', #2626 ) ;
#5369 = FACE_OUTER_BOUND ( 'NONE', #5322, .T. ) ;
#5370 = DIRECTION ( 'NONE',  ( 9.856182124392324236E-16, 0.000000000000000000, 1.000000000000000000 ) ) ;
#5371 = VECTOR ( 'NONE', #8696, 1000.000000000000000 ) ;
#5372 = DIRECTION ( 'NONE',  ( 3.652049423109083111E-16, 0.000000000000000000, 1.000000000000000000 ) ) ;
#5373 = CARTESIAN_POINT ( 'NONE',  ( 6.964593510958737361E-16, 8.500000000000000000, -13.55000000000000071 ) ) ;
#5374 = EDGE_CURVE ( 'NONE', #32, #3396, #6250, .T. ) ;
#5375 = CARTESIAN_POINT ( 'NONE',  ( 53.77115015710907642, 0.5999999999999989786, -7.250000000000000000 ) ) ;
#5376 = VERTEX_POINT ( 'NONE', #8997 ) ;
#5377 = ADVANCED_FACE ( 'NONE', ( #6971 ), #860, .T. ) ;
#5378 = CARTESIAN_POINT ( 'NONE',  ( 0.000000000000000000, 4.000000000000000000, 0.000000000000000000 ) ) ;
#5379 = EDGE_LOOP ( 'NONE', ( #11751, #3575, #9252, #3569 ) ) ;
#5380 = ORIENTED_EDGE ( 'NONE', *, *, #10151, .F. ) ;
#5381 = DIRECTION ( 'NONE',  ( -1.000000000000000000, -0.000000000000000000, -0.000000000000000000 ) ) ;
#5382 = CARTESIAN_POINT ( 'NONE',  ( -47.50000000000000711, 2.499999999999999556, 9.500000000000001776 ) ) ;
#5383 = CYLINDRICAL_SURFACE ( 'NONE', #11545, 2.750000000000000888 ) ;
#5384 = CARTESIAN_POINT ( 'NONE',  ( -49.63826530612245591, 6.999999999999999112, 4.750000000000000888 ) ) ;
#5385 = DIRECTION ( 'NONE',  ( 0.6427876096865420275, 0.000000000000000000, -0.7660444431189757930 ) ) ;
#5386 = CARTESIAN_POINT ( 'NONE',  ( -36.97393153932384990, 1.000000000000000000, 8.949999999999985079 ) ) ;
#5387 = DIRECTION ( 'NONE',  ( 0.000000000000000000, 0.000000000000000000, 1.000000000000000000 ) ) ;
#5388 = ORIENTED_EDGE ( 'NONE', *, *, #4854, .F. ) ;
#5389 = VECTOR ( 'NONE', #10387, 1000.000000000000000 ) ;
#5390 = DIRECTION ( 'NONE',  ( 0.000000000000000000, -0.000000000000000000, 1.000000000000000000 ) ) ;
#5391 = ORIENTED_EDGE ( 'NONE', *, *, #10793, .F. ) ;
#5392 = CIRCLE ( 'NONE', #3293, 2.000000000000000000 ) ;
#5393 = LINE ( 'NONE', #11721, #6520 ) ;
#5394 = LINE ( 'NONE', #9089, #6976 ) ;
#5395 = CARTESIAN_POINT ( 'NONE',  ( -47.50000000000000711, 7.500000000000000000, 9.500000000000001776 ) ) ;
#5396 = ORIENTED_EDGE ( 'NONE', *, *, #8421, .F. ) ;
#5397 = EDGE_CURVE ( 'NONE', #3702, #7112, #4479, .T. ) ;
#5398 = DIRECTION ( 'NONE',  ( 0.000000000000000000, 0.000000000000000000, 1.000000000000000000 ) ) ;
#5399 = AXIS2_PLACEMENT_3D ( 'NONE', #1000, #10158, #9195 ) ;
#5400 = DIRECTION ( 'NONE',  ( 0.000000000000000000, 0.000000000000000000, 1.000000000000000000 ) ) ;
#5401 = CARTESIAN_POINT ( 'NONE',  ( -52.23908574990809228, 9.247454368529364643, 3.497160870918079478 ) ) ;
#5402 = ORIENTED_EDGE ( 'NONE', *, *, #8353, .F. ) ;
#5403 = ORIENTED_EDGE ( 'NONE', *, *, #9143, .F. ) ;
#5404 = AXIS2_PLACEMENT_3D ( 'NONE', #3587, #2690, #5319 ) ;
#5405 = VERTEX_POINT ( 'NONE', #11758 ) ;
#5406 = AXIS2_PLACEMENT_3D ( 'NONE', #5238, #10624, #4236 ) ;
#5407 = CARTESIAN_POINT ( 'NONE',  ( -2.000000000000008882, 12.50000000000000000, 14.75000000000000178 ) ) ;
#5408 = EDGE_CURVE ( 'NONE', #8241, #2265, #2453, .T. ) ;
#5409 = DIRECTION ( 'NONE',  ( -9.856182124392324236E-16, 0.000000000000000000, -1.000000000000000000 ) ) ;
#5410 = CARTESIAN_POINT ( 'NONE',  ( 22.95788180854699334, 0.2999999999999998779, -8.283866831501338623 ) ) ;
#5411 = CARTESIAN_POINT ( 'NONE',  ( 22.95788180854702532, -0.001000000000000024307, 1.983866831501377215 ) ) ;
#5412 = ADVANCED_FACE ( 'NONE', ( #6076 ), #9722, .F. ) ;
#5413 = EDGE_LOOP ( 'NONE', ( #2161, #9178, #7689, #6101 ) ) ;
#5414 = FACE_OUTER_BOUND ( 'NONE', #7570, .T. ) ;
#5415 = VECTOR ( 'NONE', #985, 1000.000000000000114 ) ;
#5416 = AXIS2_PLACEMENT_3D ( 'NONE', #7194, #4297, #2385 ) ;
#5417 = LINE ( 'NONE', #1023, #11593 ) ;
#5418 = VERTEX_POINT ( 'NONE', #7023 ) ;
#5419 = VECTOR ( 'NONE', #6225, 1000.000000000000000 ) ;
#5420 = CARTESIAN_POINT ( 'NONE',  ( -52.33850938628282989, 7.685880689601688687, -4.211707670827562033 ) ) ;
#5421 = FACE_OUTER_BOUND ( 'NONE', #9844, .T. ) ;
#5422 = ORIENTED_EDGE ( 'NONE', *, *, #8761, .T. ) ;
#5423 = FACE_OUTER_BOUND ( 'NONE', #3991, .T. ) ;
#5424 = VERTEX_POINT ( 'NONE', #2500 ) ;
#5425 = EDGE_CURVE ( 'NONE', #3573, #8241, #9954, .T. ) ;
#5426 = VECTOR ( 'NONE', #5706, 1000.000000000000000 ) ;
#5427 = AXIS2_PLACEMENT_3D ( 'NONE', #4000, #3282, #6905 ) ;
#5428 = CARTESIAN_POINT ( 'NONE',  ( -34.55000000000001137, 3.199999999999999734, -8.568403375880722095 ) ) ;
#5429 = EDGE_LOOP ( 'NONE', ( #10324, #8373, #5701, #4857 ) ) ;
#5430 = EDGE_CURVE ( 'NONE', #9066, #11078, #8434, .T. ) ;
#5431 = DIRECTION ( 'NONE',  ( 1.000000000000000000, 0.000000000000000000, -1.176083712526649195E-16 ) ) ;
#5432 = CARTESIAN_POINT ( 'NONE',  ( -45.20000000000000284, 3.000000000000000000, -6.750000000000000888 ) ) ;
#5433 = CARTESIAN_POINT ( 'NONE',  ( -39.90000000000000568, 13.29999999999999893, 12.25000000000000178 ) ) ;
#5434 = CARTESIAN_POINT ( 'NONE',  ( 26.92441225411070960, -1.246832498358330099E-15, -11.47258064516129039 ) ) ;
#5435 = EDGE_LOOP ( 'NONE', ( #4774, #4281, #8055, #9532, #4926, #10589 ) ) ;
#5436 = ORIENTED_EDGE ( 'NONE', *, *, #3623, .F. ) ;
#5437 = FACE_OUTER_BOUND ( 'NONE', #9874, .T. ) ;
#5438 = VERTEX_POINT ( 'NONE', #11194 ) ;
#5439 = ORIENTED_EDGE ( 'NONE', *, *, #9258, .F. ) ;
#5440 = CARTESIAN_POINT ( 'NONE',  ( -15.05000000000000782, 4.000000000000000000, -11.05000000000001315 ) ) ;
#5441 = ADVANCED_FACE ( 'NONE', ( #365 ), #7250, .T. ) ;
#5442 = CARTESIAN_POINT ( 'NONE',  ( 22.53039777241905384, 0.000000000000000000, -8.184264693320297823 ) ) ;
#5443 = ADVANCED_FACE ( 'NONE', ( #8098 ), #10289, .F. ) ;
#5444 = FACE_OUTER_BOUND ( 'NONE', #7420, .T. ) ;
#5445 = CIRCLE ( 'NONE', #1640, 2.000000000000000000 ) ;
#5446 = AXIS2_PLACEMENT_3D ( 'NONE', #6764, #6886, #2193 ) ;
#5447 = LINE ( 'NONE', #8179, #6021 ) ;
#5448 = AXIS2_PLACEMENT_3D ( 'NONE', #10592, #599, #8796 ) ;
#5449 = DIRECTION ( 'NONE',  ( 0.000000000000000000, 1.000000000000000000, -0.000000000000000000 ) ) ;
#5450 = DIRECTION ( 'NONE',  ( 0.000000000000000000, 1.000000000000000000, -0.000000000000000000 ) ) ;
#5451 = PLANE ( 'NONE',  #11293 ) ;
#5452 = ORIENTED_EDGE ( 'NONE', *, *, #8167, .F. ) ;
#5453 = AXIS2_PLACEMENT_3D ( 'NONE', #2876, #3831, #11102 ) ;
#5454 = CARTESIAN_POINT ( 'NONE',  ( -52.45000000000001705, 9.199999999999999289, 2.925000000000026468 ) ) ;
#5455 = ORIENTED_EDGE ( 'NONE', *, *, #10752, .T. ) ;
#5456 = CARTESIAN_POINT ( 'NONE',  ( 37.89211819145299387, 0.000000000000000000, -8.024059210366047523 ) ) ;
#5457 = ORIENTED_EDGE ( 'NONE', *, *, #3291, .T. ) ;
#5458 = DIRECTION ( 'NONE',  ( 0.000000000000000000, 0.000000000000000000, -1.000000000000000000 ) ) ;
#5459 = CARTESIAN_POINT ( 'NONE',  ( -50.25000000000000711, 8.508276253029821490, 4.250000000000000000 ) ) ;
#5460 = CARTESIAN_POINT ( 'NONE',  ( 30.35000000000000142, 0.2999999999999999889, -3.150000000000002576 ) ) ;
#5461 = AXIS2_PLACEMENT_3D ( 'NONE', #6644, #2131, #5543 ) ;
#5462 = AXIS2_PLACEMENT_3D ( 'NONE', #4936, #11495, #6891 ) ;
#5463 = CARTESIAN_POINT ( 'NONE',  ( -34.95000000000000284, 13.28431348329844219, 12.50000000000000178 ) ) ;
#5464 = DIRECTION ( 'NONE',  ( 0.4999999999999992784, 0.000000000000000000, -0.8660254037844390407 ) ) ;
#5465 = CARTESIAN_POINT ( 'NONE',  ( 49.74999999999999289, 3.000000000000000000, -9.499999999999966249 ) ) ;
#5466 = ORIENTED_EDGE ( 'NONE', *, *, #2939, .T. ) ;
#5467 = CIRCLE ( 'NONE', #920, 0.6000000000000007550 ) ;
#5468 = AXIS2_PLACEMENT_3D ( 'NONE', #10446, #4952, #3176 ) ;
#5469 = VECTOR ( 'NONE', #7655, 1000.000000000000000 ) ;
#5470 = DIRECTION ( 'NONE',  ( 9.856182124392324236E-16, 0.000000000000000000, 1.000000000000000000 ) ) ;
#5471 = ORIENTED_EDGE ( 'NONE', *, *, #3048, .F. ) ;
#5472 = CARTESIAN_POINT ( 'NONE',  ( -51.96382476168633247, 8.834427710026947267, -4.121853269765065164 ) ) ;
#5473 = DIRECTION ( 'NONE',  ( 0.000000000000000000, 0.000000000000000000, -1.000000000000000000 ) ) ;
#5474 = CARTESIAN_POINT ( 'NONE',  ( -50.25000000000000711, 7.291723746970176556, 4.250000000000000000 ) ) ;
#5475 = AXIS2_PLACEMENT_3D ( 'NONE', #8538, #8718, #4188 ) ;
#5476 = CARTESIAN_POINT ( 'NONE',  ( 0.5999999999999912070, 14.00000000000000000, -13.55000000000000071 ) ) ;
#5477 = ORIENTED_EDGE ( 'NONE', *, *, #8918, .F. ) ;
#5478 = ORIENTED_EDGE ( 'NONE', *, *, #1557, .T. ) ;
#5479 = VECTOR ( 'NONE', #3404, 1000.000000000000000 ) ;
#5480 = DIRECTION ( 'NONE',  ( -0.000000000000000000, -1.000000000000000000, -0.000000000000000000 ) ) ;
#5481 = ADVANCED_FACE ( 'NONE', ( #9942 ), #2121, .F. ) ;
#5482 = CARTESIAN_POINT ( 'NONE',  ( 31.10000000000001918, 0.5999999999999989786, -3.065272640686014474E-14 ) ) ;
#5483 = EDGE_CURVE ( 'NONE', #5314, #8199, #1188, .T. ) ;
#5484 = PRODUCT_DEFINITION_FORMATION_WITH_SPECIFIED_SOURCE ( 'ה»', '', #4381, .NOT_KNOWN. ) ;
#5485 = EDGE_CURVE ( 'NONE', #5405, #8594, #7861, .T. ) ;
#5486 = EDGE_LOOP ( 'NONE', ( #11369, #2319, #5050, #7786 ) ) ;
#5487 = CARTESIAN_POINT ( 'NONE',  ( -44.77685957032785780, 13.29694875387735209, 12.36973257420731542 ) ) ;
#5488 = ORIENTED_EDGE ( 'NONE', *, *, #2099, .T. ) ;
#5489 = CARTESIAN_POINT ( 'NONE',  ( 0.5999999999999912070, 14.00000000000000000, -13.55000000000000071 ) ) ;
#5490 = ORIENTED_EDGE ( 'NONE', *, *, #4357, .T. ) ;
#5491 = PLANE ( 'NONE',  #5552 ) ;
#5492 = CARTESIAN_POINT ( 'NONE',  ( 25.25635347795579477, 0.2999999999999998779, -1.075207213125395800 ) ) ;
#5493 = DIRECTION ( 'NONE',  ( 0.000000000000000000, 0.000000000000000000, 1.000000000000000000 ) ) ;
#5494 = ORIENTED_EDGE ( 'NONE', *, *, #8842, .T. ) ;
#5495 = ADVANCED_FACE ( 'NONE', ( #4801 ), #9046, .T. ) ;
#5496 = CARTESIAN_POINT ( 'NONE',  ( -15.05000000000000782, 4.000000000000000000, -10.05000000000001315 ) ) ;
#5497 = ADVANCED_FACE ( 'NONE', ( #5421 ), #7478, .T. ) ;
#5498 = ORIENTED_EDGE ( 'NONE', *, *, #4634, .F. ) ;
#5499 = LINE ( 'NONE', #51, #10732 ) ;
#5500 = CIRCLE ( 'NONE', #10039, 0.8500000000000000888 ) ;
#5501 = DIRECTION ( 'NONE',  ( -0.1123693945228736862, 0.9936665029951260442, 0.000000000000000000 ) ) ;
#5502 = LINE ( 'NONE', #5673, #2401 ) ;
#5503 = CARTESIAN_POINT ( 'NONE',  ( 30.35000000000000142, 0.5999999999999989786, -3.150000000000002576 ) ) ;
#5504 = DIRECTION ( 'NONE',  ( 0.000000000000000000, 1.000000000000000000, -0.000000000000000000 ) ) ;
#5505 = PLANE ( 'NONE',  #7362 ) ;
#5506 = EDGE_CURVE ( 'NONE', #329, #3559, #8159, .T. ) ;
#5507 = DIRECTION ( 'NONE',  ( 0.000000000000000000, 1.000000000000000000, -0.000000000000000000 ) ) ;
#5508 = ORIENTED_EDGE ( 'NONE', *, *, #510, .T. ) ;
#5509 = EDGE_CURVE ( 'NONE', #11424, #1723, #7599, .T. ) ;
#5510 = CARTESIAN_POINT ( 'NONE',  ( -52.23028309663723689, 9.083160098316399811, 3.680390056223128870 ) ) ;
#5511 = ORIENTED_EDGE ( 'NONE', *, *, #11301, .T. ) ;
#5512 = CARTESIAN_POINT ( 'NONE',  ( 50.25000000000000000, 10.50000000000000000, 9.499999999999982236 ) ) ;
#5513 = ORIENTED_EDGE ( 'NONE', *, *, #9292, .T. ) ;
#5514 = CARTESIAN_POINT ( 'NONE',  ( -50.49057106112241655, 13.78993361320530120, 4.697001582437862588 ) ) ;
#5515 = CARTESIAN_POINT ( 'NONE',  ( 20.65000000000000213, 5.500000000000000000, 12.25000000000000178 ) ) ;
#5516 = DIRECTION ( 'NONE',  ( -1.000000000000000000, 0.000000000000000000, -5.139921410301679392E-16 ) ) ;
#5517 = CARTESIAN_POINT ( 'NONE',  ( -52.27797353565423322, 6.614445991574536166, 3.207069356143988248 ) ) ;
#5518 = ADVANCED_FACE ( 'NONE', ( #3073 ), #6690, .F. ) ;
#5519 = CARTESIAN_POINT ( 'NONE',  ( 30.35000000000000142, 0.2999999999999999889, -3.150000000000002576 ) ) ;
#5520 = EDGE_CURVE ( 'NONE', #3060, #11424, #11634, .T. ) ;
#5521 = CARTESIAN_POINT ( 'NONE',  ( -42.50000000000000000, 13.29999999999999893, -12.25000000000000000 ) ) ;
#5522 = CIRCLE ( 'NONE', #5889, 2.000000000000001776 ) ;
#5523 = ORIENTED_EDGE ( 'NONE', *, *, #5567, .F. ) ;
#5524 = ORIENTED_EDGE ( 'NONE', *, *, #4791, .F. ) ;
#5525 = DIRECTION ( 'NONE',  ( 0.000000000000000000, 1.000000000000000000, -0.000000000000000000 ) ) ;
#5526 = DIRECTION ( 'NONE',  ( 0.000000000000000000, 0.000000000000000000, -1.000000000000000000 ) ) ;
#5527 = DIRECTION ( 'NONE',  ( 0.000000000000000000, 0.000000000000000000, 1.000000000000000000 ) ) ;
#5528 = FACE_OUTER_BOUND ( 'NONE', #9691, .T. ) ;
#5529 = CARTESIAN_POINT ( 'NONE',  ( -52.45000000000001705, 9.397368276523906161, 3.013815789473678564 ) ) ;
#5530 = CARTESIAN_POINT ( 'NONE',  ( -42.15000000000000568, 13.29257923089642901, 12.43439266236709173 ) ) ;
#5531 = ORIENTED_EDGE ( 'NONE', *, *, #8981, .F. ) ;
#5532 = DIRECTION ( 'NONE',  ( 0.000000000000000000, 0.000000000000000000, 1.000000000000000000 ) ) ;
#5533 = DIRECTION ( 'NONE',  ( 5.782411586589351722E-16, 0.000000000000000000, 1.000000000000000000 ) ) ;
#5534 = DIRECTION ( 'NONE',  ( -0.000000000000000000, 1.000000000000000000, -0.000000000000000000 ) ) ;
#5535 = ORIENTED_EDGE ( 'NONE', *, *, #9439, .F. ) ;
#5536 = ORIENTED_EDGE ( 'NONE', *, *, #10843, .F. ) ;
#5537 = ORIENTED_EDGE ( 'NONE', *, *, #1381, .T. ) ;
#5538 = DIRECTION ( 'NONE',  ( 0.9396926207859109814, 0.000000000000000000, -0.3420201433256616630 ) ) ;
#5539 = ORIENTED_EDGE ( 'NONE', *, *, #4112, .T. ) ;
#5540 = CARTESIAN_POINT ( 'NONE',  ( -20.00000000000001066, 16.50000000000000000, -13.55000000000000249 ) ) ;
#5541 = ORIENTED_EDGE ( 'NONE', *, *, #7911, .T. ) ;
#5542 = CARTESIAN_POINT ( 'NONE',  ( -20.00000000000001066, 15.50001199999999990, 2.352167425053299179E-15 ) ) ;
#5543 = DIRECTION ( 'NONE',  ( 0.000000000000000000, 0.000000000000000000, -1.000000000000000000 ) ) ;
#5544 = CARTESIAN_POINT ( 'NONE',  ( -22.80000000000001492, 12.30000000000000071, 13.55000000000000249 ) ) ;
#5545 = EDGE_CURVE ( 'NONE', #7053, #330, #10849, .T. ) ;
#5546 = CARTESIAN_POINT ( 'NONE',  ( 8.726490010960509025, 0.000000000000000000, -15.11472407072587920 ) ) ;
#5547 = EDGE_LOOP ( 'NONE', ( #2326, #11193, #3833, #10498 ) ) ;
#5548 = ORIENTED_EDGE ( 'NONE', *, *, #5171, .F. ) ;
#5549 = DIRECTION ( 'NONE',  ( 0.000000000000000000, 1.000000000000000000, -0.000000000000000000 ) ) ;
#5550 = VERTEX_POINT ( 'NONE', #4535 ) ;
#5551 = CARTESIAN_POINT ( 'NONE',  ( -39.55000000000000426, 2.658044035770915267E-15, 14.25000000000000533 ) ) ;
#5552 = AXIS2_PLACEMENT_3D ( 'NONE', #7198, #11689, #1032 ) ;
#5553 = CARTESIAN_POINT ( 'NONE',  ( 29.59999999999998010, 0.3645001888121258693, -12.11869555732605086 ) ) ;
#5554 = EDGE_CURVE ( 'NONE', #4920, #7359, #35, .T. ) ;
#5555 = CARTESIAN_POINT ( 'NONE',  ( -20.00000000000000355, 12.30000000000000071, 12.25000000000000178 ) ) ;
#5556 = CARTESIAN_POINT ( 'NONE',  ( 30.35000000000000142, 0.000000000000000000, -3.150000000000002576 ) ) ;
#5557 = ADVANCED_FACE ( 'NONE', ( #10003 ), #2955, .F. ) ;
#5558 = LINE ( 'NONE', #9190, #10258 ) ;
#5559 = CARTESIAN_POINT ( 'NONE',  ( -42.33386832212548967, 13.30000000000000071, -12.24999999999999467 ) ) ;
#5560 = AXIS2_PLACEMENT_3D ( 'NONE', #6436, #4377, #9853 ) ;
#5561 = DIRECTION ( 'NONE',  ( 1.000000000000000000, 0.000000000000000000, 0.000000000000000000 ) ) ;
#5562 = EDGE_LOOP ( 'NONE', ( #10188, #6748, #7849, #5198 ) ) ;
#5563 = DIRECTION ( 'NONE',  ( 0.000000000000000000, 0.000000000000000000, 1.000000000000000000 ) ) ;
#5564 = ADVANCED_FACE ( 'NONE', ( #4212 ), #2179, .T. ) ;
#5565 = CARTESIAN_POINT ( 'NONE',  ( -52.24737880384225974, 9.338761398647971390, 3.256771301096151205 ) ) ;
#5566 = DIRECTION ( 'NONE',  ( 0.000000000000000000, 0.000000000000000000, 1.000000000000000000 ) ) ;
#5567 = EDGE_CURVE ( 'NONE', #6379, #11447, #5154, .T. ) ;
#5568 = DIRECTION ( 'NONE',  ( 0.8660254037843672092, 0.000000000000000000, 0.5000000000001236788 ) ) ;
#5569 = CARTESIAN_POINT ( 'NONE',  ( 50.25000000000000000, 10.50000000000000000, 6.000000000000000000 ) ) ;
#5570 = LINE ( 'NONE', #11016, #4018 ) ;
#5571 = VECTOR ( 'NONE', #9457, 1000.000000000000000 ) ;
#5572 = FACE_OUTER_BOUND ( 'NONE', #2619, .T. ) ;
#5573 = ORIENTED_EDGE ( 'NONE', *, *, #1082, .F. ) ;
#5574 = ORIENTED_EDGE ( 'NONE', *, *, #5764, .F. ) ;
#5575 = FACE_OUTER_BOUND ( 'NONE', #9621, .T. ) ;
#5576 = EDGE_CURVE ( 'NONE', #10623, #2025, #4974, .T. ) ;
#5577 = DIRECTION ( 'NONE',  ( -1.000000000000000000, 0.000000000000000000, 0.000000000000000000 ) ) ;
#5578 = CARTESIAN_POINT ( 'NONE',  ( 41.25000000000000711, 7.500000000000000000, 8.250000000000003553 ) ) ;
#5579 = AXIS2_PLACEMENT_3D ( 'NONE', #1178, #9380, #7524 ) ;
#5580 = CARTESIAN_POINT ( 'NONE',  ( -52.45000000000001705, 7.899999999999999467, -2.924999999999972289 ) ) ;
#5581 = ADVANCED_FACE ( 'NONE', ( #7893 ), #6988, .F. ) ;
#5582 = CARTESIAN_POINT ( 'NONE',  ( 50.24999999999999289, 10.80000000000000071, 1.700000000000000622 ) ) ;
#5583 = ORIENTED_EDGE ( 'NONE', *, *, #8490, .F. ) ;
#5584 = ORIENTED_EDGE ( 'NONE', *, *, #5123, .F. ) ;
#5585 = FACE_OUTER_BOUND ( 'NONE', #3736, .T. ) ;
#5586 = LINE ( 'NONE', #10184, #962 ) ;
#5587 = ORIENTED_EDGE ( 'NONE', *, *, #616, .F. ) ;
#5588 = DIRECTION ( 'NONE',  ( 0.000000000000000000, 0.000000000000000000, 1.000000000000000000 ) ) ;
#5589 = VECTOR ( 'NONE', #6557, 1000.000000000000000 ) ;
#5590 = ORIENTED_EDGE ( 'NONE', *, *, #11700, .T. ) ;
#5591 = ORIENTED_EDGE ( 'NONE', *, *, #4395, .F. ) ;
#5592 = DIRECTION ( 'NONE',  ( -1.000000000000000000, 0.000000000000000000, 0.000000000000000000 ) ) ;
#5593 = ORIENTED_EDGE ( 'NONE', *, *, #1766, .F. ) ;
#5594 = DIRECTION ( 'NONE',  ( -0.000000000000000000, -1.000000000000000000, -0.000000000000000000 ) ) ;
#5595 = EDGE_LOOP ( 'NONE', ( #10697, #6074, #5466, #8582, #1237, #5535 ) ) ;
#5596 = CYLINDRICAL_SURFACE ( 'NONE', #7834, 0.8500000000000000888 ) ;
#5597 = CIRCLE ( 'NONE', #3697, 5.499999999999988454 ) ;
#5598 = FACE_OUTER_BOUND ( 'NONE', #6537, .T. ) ;
#5599 = CIRCLE ( 'NONE', #5786, 0.8500000000000000888 ) ;
#5600 = DIRECTION ( 'NONE',  ( -1.000000000000000000, 0.000000000000000000, 0.000000000000000000 ) ) ;
#5601 = CARTESIAN_POINT ( 'NONE',  ( 27.81488158822764589, 0.02447759856389919095, -12.15395117641945788 ) ) ;
#5602 = ORIENTED_EDGE ( 'NONE', *, *, #1986, .F. ) ;
#5603 = EDGE_LOOP ( 'NONE', ( #4010, #9471, #2506, #10536 ) ) ;
#5604 = B_SPLINE_CURVE_WITH_KNOTS ( 'NONE', 3,
 ( #10434, #2378, #9663, #1503, #9885, #8984 ),
 .UNSPECIFIED., .F., .F.,
 ( 4, 2, 4 ),
 ( 0.000000000000000000, 0.001376886441570535254, 0.002753772883141070507 ),
 .UNSPECIFIED. ) ;
#5605 = DIRECTION ( 'NONE',  ( -0.000000000000000000, -1.000000000000000000, 0.000000000000000000 ) ) ;
#5606 = ORIENTED_EDGE ( 'NONE', *, *, #2169, .F. ) ;
#5607 = CIRCLE ( 'NONE', #2377, 2.000000000000001776 ) ;
#5608 = DIRECTION ( 'NONE',  ( 0.000000000000000000, 1.000000000000000000, 0.000000000000000000 ) ) ;
#5609 = CARTESIAN_POINT ( 'NONE',  ( 26.01898195638764832, 0.1300423822510696492, -6.459915084219550074 ) ) ;
#5610 = DIRECTION ( 'NONE',  ( 1.000000000000000000, 0.000000000000000000, 0.000000000000000000 ) ) ;
#5611 = ORIENTED_EDGE ( 'NONE', *, *, #11244, .F. ) ;
#5612 = CARTESIAN_POINT ( 'NONE',  ( 1.249999999999992228, 3.010000000000000231, 8.949999999999992184 ) ) ;
#5613 = LINE ( 'NONE', #2222, #5105 ) ;
#5614 = VERTEX_POINT ( 'NONE', #5801 ) ;
#5615 = AXIS2_PLACEMENT_3D ( 'NONE', #2995, #10088, #9370 ) ;
#5616 = CARTESIAN_POINT ( 'NONE',  ( 52.75100000000002609, 7.899999999999999467, 2.924999999999979838 ) ) ;
#5617 = CARTESIAN_POINT ( 'NONE',  ( -52.33704905526285245, 7.900000000000956923, 4.225000000000027178 ) ) ;
#5618 = B_SPLINE_CURVE_WITH_KNOTS ( 'NONE', 3,
 ( #4643, #7553, #11208, #10120, #6596, #6535 ),
 .UNSPECIFIED., .F., .F.,
 ( 4, 2, 4 ),
 ( 0.000000000000000000, 0.0003922356490513486922, 0.0007844712981026973845 ),
 .UNSPECIFIED. ) ;
#5619 = EDGE_CURVE ( 'NONE', #5438, #8279, #534, .T. ) ;
#5620 = VERTEX_POINT ( 'NONE', #6930 ) ;
#5621 = EDGE_CURVE ( 'NONE', #7419, #3432, #472, .T. ) ;
#5622 = DIRECTION ( 'NONE',  ( 1.000000000000000000, 0.000000000000000000, 0.000000000000000000 ) ) ;
#5623 = AXIS2_PLACEMENT_3D ( 'NONE', #2257, #9470, #5933 ) ;
#5624 = EDGE_CURVE ( 'NONE', #11581, #5694, #11538, .T. ) ;
#5625 = VECTOR ( 'NONE', #8630, 1000.000000000000000 ) ;
#5626 = CARTESIAN_POINT ( 'NONE',  ( -50.25000000000000711, 13.79999999999999893, 4.250000000000000000 ) ) ;
#5627 = CARTESIAN_POINT ( 'NONE',  ( -52.41872069990385796, 6.752393641680306757, 3.546286172565122463 ) ) ;
#5628 = CARTESIAN_POINT ( 'NONE',  ( 37.45000000000000284, 0.5999999999999989786, 6.484690356689041479 ) ) ;
#5629 = LINE ( 'NONE', #10105, #2855 ) ;
#5630 = DIRECTION ( 'NONE',  ( 0.000000000000000000, 1.000000000000000000, -0.000000000000000000 ) ) ;
#5631 = AXIS2_PLACEMENT_3D ( 'NONE', #1926, #10998, #8355 ) ;
#5632 = VECTOR ( 'NONE', #1016, 1000.000000000000000 ) ;
#5633 = EDGE_CURVE ( 'NONE', #6105, #80, #4149, .T. ) ;
#5634 = CARTESIAN_POINT ( 'NONE',  ( 0.000000000000000000, 15.50000000000000000, -12.25000000000000000 ) ) ;
#5635 = ORIENTED_EDGE ( 'NONE', *, *, #9439, .T. ) ;
#5636 = ORIENTED_EDGE ( 'NONE', *, *, #7066, .T. ) ;
#5637 = EDGE_CURVE ( 'NONE', #7437, #3834, #9633, .T. ) ;
#5638 = DIRECTION ( 'NONE',  ( 0.5000000000000003331, 0.000000000000000000, -0.8660254037844384856 ) ) ;
#5639 = PLANE ( 'NONE',  #6550 ) ;
#5640 = CARTESIAN_POINT ( 'NONE',  ( -52.25000000000001421, 7.899999999999999467, 2.449999999999999734 ) ) ;
#5641 = AXIS2_PLACEMENT_3D ( 'NONE', #2743, #9120, #6372 ) ;
#5642 = CARTESIAN_POINT ( 'NONE',  ( -45.19999999999999574, 15.50000000000000000, 6.750000000000006217 ) ) ;
#5643 = PLANE ( 'NONE',  #6109 ) ;
#5644 = DIRECTION ( 'NONE',  ( 0.000000000000000000, 1.000000000000000000, 0.000000000000000000 ) ) ;
#5645 = CARTESIAN_POINT ( 'NONE',  ( -52.34854327958188236, 7.376850872607896292, -4.119842274477536925 ) ) ;
#5646 = LINE ( 'NONE', #9288, #7239 ) ;
#5647 = CARTESIAN_POINT ( 'NONE',  ( -39.55000000000000426, 6.000000000000000000, -12.25000000000000533 ) ) ;
#5648 = EDGE_CURVE ( 'NONE', #11552, #8471, #10588, .T. ) ;
#5649 = AXIS2_PLACEMENT_3D ( 'NONE', #1273, #3278, #4115 ) ;
#5650 = AXIS2_PLACEMENT_3D ( 'NONE', #1809, #8004, #3471 ) ;
#5651 = CARTESIAN_POINT ( 'NONE',  ( -45.19999999999993889, 7.500000000000000000, 14.75000000000000533 ) ) ;
#5652 = AXIS2_PLACEMENT_3D ( 'NONE', #5384, #3712, #1928 ) ;
#5653 = ORIENTED_EDGE ( 'NONE', *, *, #9199, .F. ) ;
#5654 = ADVANCED_FACE ( 'NONE', ( #3195 ), #1309, .F. ) ;
#5655 = EDGE_CURVE ( 'NONE', #6244, #8034, #7652, .T. ) ;
#5656 = EDGE_LOOP ( 'NONE', ( #6945, #9275, #1289, #9118, #10255, #8230, #5396, #8144, #8074, #190, #1506, #3287, #6020, #7972, #10382, #2798, #243, #5455, #10723, #8298 ) ) ;
#5657 = ORIENTED_EDGE ( 'NONE', *, *, #5262, .T. ) ;
#5658 = DIRECTION ( 'NONE',  ( -0.000000000000000000, -1.000000000000000000, 0.000000000000000000 ) ) ;
#5659 = ORIENTED_EDGE ( 'NONE', *, *, #18, .F. ) ;
#5660 = DIRECTION ( 'NONE',  ( 0.000000000000000000, 1.000000000000000000, -0.000000000000000000 ) ) ;
#5661 = ORIENTED_EDGE ( 'NONE', *, *, #2478, .T. ) ;
#5662 = FACE_OUTER_BOUND ( 'NONE', #8415, .T. ) ;
#5663 = TOROIDAL_SURFACE ( 'NONE', #11754, 2.700000000000000178, 0.2999999999999999889 ) ;
#5664 = DIRECTION ( 'NONE',  ( 0.000000000000000000, 0.000000000000000000, 1.000000000000000000 ) ) ;
#5665 = DIRECTION ( 'NONE',  ( 0.000000000000000000, 0.000000000000000000, 1.000000000000000000 ) ) ;
#5666 = EDGE_LOOP ( 'NONE', ( #10685, #1645, #8072, #1045, #864 ) ) ;
#5667 = CARTESIAN_POINT ( 'NONE',  ( -34.55000000000001137, 3.199999999999999734, 10.44999999999999218 ) ) ;
#5668 = EDGE_CURVE ( 'NONE', #2068, #9577, #6817, .T. ) ;
#5669 = CARTESIAN_POINT ( 'NONE',  ( 22.95788180854699334, 0.5999999999999989786, -8.283866831501338623 ) ) ;
#5670 = EDGE_LOOP ( 'NONE', ( #10900, #7481, #8020, #8631, #2430 ) ) ;
#5671 = DIRECTION ( 'NONE',  ( 0.000000000000000000, 0.000000000000000000, -1.000000000000000000 ) ) ;
#5672 = DIRECTION ( 'NONE',  ( -0.4999999999999994449, 0.000000000000000000, 0.8660254037844390407 ) ) ;
#5673 = CARTESIAN_POINT ( 'NONE',  ( -45.19999999999994600, 3.000000000000000000, -14.75000000000000355 ) ) ;
#5674 = ORIENTED_EDGE ( 'NONE', *, *, #6011, .F. ) ;
#5675 = CARTESIAN_POINT ( 'NONE',  ( -45.19999999999993889, 14.10000000000000497, 14.75000000000000533 ) ) ;
#5676 = CARTESIAN_POINT ( 'NONE',  ( 0.5999999999999912070, 12.50000000000000000, -13.35000000000018971 ) ) ;
#5677 = DIRECTION ( 'NONE',  ( 1.000000000000000000, 0.000000000000000000, 0.000000000000000000 ) ) ;
#5678 = B_SPLINE_CURVE_WITH_KNOTS ( 'NONE', 3,
 ( #10230, #2067, #5690, #1893, #21, #2716 ),
 .UNSPECIFIED., .F., .F.,
 ( 4, 2, 4 ),
 ( 0.000000000000000000, 0.0003922138685845719228, 0.0007844277371691438456 ),
 .UNSPECIFIED. ) ;
#5679 = AXIS2_PLACEMENT_3D ( 'NONE', #8956, #8066, #11710 ) ;
#5680 = ORIENTED_EDGE ( 'NONE', *, *, #5973, .T. ) ;
#5681 = CARTESIAN_POINT ( 'NONE',  ( 41.25000000000000711, 5.500000000000000000, 12.25000000000000178 ) ) ;
#5682 = CARTESIAN_POINT ( 'NONE',  ( 6.448509989039506785, 0.2999999999999999889, 11.16914693413184345 ) ) ;
#5683 = CARTESIAN_POINT ( 'NONE',  ( -45.20000000000000284, 14.10000000000000142, -6.750000000000000888 ) ) ;
#5684 = DIRECTION ( 'NONE',  ( 1.000000000000000000, 0.000000000000000000, 0.000000000000000000 ) ) ;
#5685 = EDGE_CURVE ( 'NONE', #3171, #10660, #9514, .T. ) ;
#5686 = LINE ( 'NONE', #5743, #6650 ) ;
#5687 = EDGE_CURVE ( 'NONE', #4604, #1492, #10464, .T. ) ;
#5688 = DIRECTION ( 'NONE',  ( 0.000000000000000000, 0.000000000000000000, -1.000000000000000000 ) ) ;
#5689 = AXIS2_PLACEMENT_3D ( 'NONE', #6763, #1199, #4037 ) ;
#5690 = CARTESIAN_POINT ( 'NONE',  ( -50.30470865752408116, 13.80115107575898392, -4.512343493322459764 ) ) ;
#5691 = EDGE_LOOP ( 'NONE', ( #2803, #2087 ) ) ;
#5692 = DIRECTION ( 'NONE',  ( -0.8660254037843672092, 0.000000000000000000, 0.5000000000001236788 ) ) ;
#5693 = CYLINDRICAL_SURFACE ( 'NONE', #7113, 2.750000000000002665 ) ;
#5694 = VERTEX_POINT ( 'NONE', #2298 ) ;
#5695 = DIRECTION ( 'NONE',  ( 0.000000000000000000, 0.000000000000000000, 1.000000000000000000 ) ) ;
#5696 = CIRCLE ( 'NONE', #2278, 0.8500000000000000888 ) ;
#5697 = DIRECTION ( 'NONE',  ( -0.000000000000000000, 1.000000000000000000, -0.000000000000000000 ) ) ;
#5698 = DIRECTION ( 'NONE',  ( 1.084202172485504434E-16, 0.000000000000000000, 1.000000000000000000 ) ) ;
#5699 = EDGE_CURVE ( 'NONE', #8086, #11695, #2415, .T. ) ;
#5700 = DIRECTION ( 'NONE',  ( 0.000000000000000000, 0.000000000000000000, -1.000000000000000000 ) ) ;
#5701 = ORIENTED_EDGE ( 'NONE', *, *, #4316, .T. ) ;
#5702 = FACE_OUTER_BOUND ( 'NONE', #11322, .T. ) ;
#5703 = EDGE_CURVE ( 'NONE', #790, #878, #2246, .T. ) ;
#5704 = CARTESIAN_POINT ( 'NONE',  ( -42.75000000000000000, 4.000000000000000000, -12.25000000000000000 ) ) ;
#5705 = DIRECTION ( 'NONE',  ( 0.000000000000000000, 0.000000000000000000, 1.000000000000000000 ) ) ;
#5706 = DIRECTION ( 'NONE',  ( 0.000000000000000000, 1.000000000000000000, -0.000000000000000000 ) ) ;
#5707 = ORIENTED_EDGE ( 'NONE', *, *, #7966, .F. ) ;
#5708 = VERTEX_POINT ( 'NONE', #3250 ) ;
#5709 = VERTEX_POINT ( 'NONE', #1362 ) ;
#5710 = ORIENTED_EDGE ( 'NONE', *, *, #6519, .F. ) ;
#5711 = DIRECTION ( 'NONE',  ( -1.000000000000000000, 0.000000000000000000, 2.832909525841146511E-16 ) ) ;
#5712 = ORIENTED_EDGE ( 'NONE', *, *, #5576, .T. ) ;
#5713 = B_SPLINE_CURVE_WITH_KNOTS ( 'NONE', 3,
 ( #10026, #5553, #1925, #9185 ),
 .UNSPECIFIED., .F., .F.,
 ( 4, 4 ),
 ( 9.215718466126787689E-19, 5.804950062306477162E-05 ),
 .UNSPECIFIED. ) ;
#5714 = DIRECTION ( 'NONE',  ( -0.000000000000000000, 1.000000000000000000, -0.000000000000000000 ) ) ;
#5715 = ORIENTED_EDGE ( 'NONE', *, *, #9523, .T. ) ;
#5716 = PLANE ( 'NONE',  #11647 ) ;
#5717 = EDGE_CURVE ( 'NONE', #23, #7564, #6870, .T. ) ;
#5718 = DIRECTION ( 'NONE',  ( 1.000000000000000000, 0.000000000000000000, 0.000000000000000000 ) ) ;
#5719 = EDGE_CURVE ( 'NONE', #2009, #2781, #6275, .T. ) ;
#5720 = FACE_OUTER_BOUND ( 'NONE', #1391, .T. ) ;
#5721 = ORIENTED_EDGE ( 'NONE', *, *, #1776, .F. ) ;
#5722 = ORIENTED_EDGE ( 'NONE', *, *, #3377, .F. ) ;
#5723 = CARTESIAN_POINT ( 'NONE',  ( 22.53039777241908581, 0.000000000000000000, 1.884264693320339301 ) ) ;
#5724 = CARTESIAN_POINT ( 'NONE',  ( -52.70000000000000284, 4.000000000000000000, 6.750000000000001776 ) ) ;
#5725 = CARTESIAN_POINT ( 'NONE',  ( 26.00921413079553091, 0.2077789836488298514, -6.509160920399544636 ) ) ;
#5726 = EDGE_CURVE ( 'NONE', #11427, #6508, #3111, .T. ) ;
#5727 = CARTESIAN_POINT ( 'NONE',  ( -43.78702769689054719, 3.571855148893014142, 8.968019848344029654 ) ) ;
#5728 = AXIS2_PLACEMENT_3D ( 'NONE', #8331, #3028, #6649 ) ;
#5729 = ORIENTED_EDGE ( 'NONE', *, *, #9558, .T. ) ;
#5730 = ORIENTED_EDGE ( 'NONE', *, *, #3085, .F. ) ;
#5731 = EDGE_CURVE ( 'NONE', #6967, #3139, #4332, .T. ) ;
#5732 = FACE_OUTER_BOUND ( 'NONE', #9868, .T. ) ;
#5733 = DIRECTION ( 'NONE',  ( -7.485322442186879976E-17, 0.000000000000000000, -1.000000000000000000 ) ) ;
#5734 = DIRECTION ( 'NONE',  ( 0.000000000000000000, 0.000000000000000000, 1.000000000000000000 ) ) ;
#5735 = VECTOR ( 'NONE', #2951, 1000.000000000000000 ) ;
#5736 = AXIS2_PLACEMENT_3D ( 'NONE', #9882, #9103, #10899 ) ;
#5737 = VERTEX_POINT ( 'NONE', #7955 ) ;
#5738 = DIRECTION ( 'NONE',  ( -0.000000000000000000, -1.000000000000000000, -0.000000000000000000 ) ) ;
#5739 = DIRECTION ( 'NONE',  ( 0.000000000000000000, 0.000000000000000000, 1.000000000000000000 ) ) ;
#5740 = DIRECTION ( 'NONE',  ( 0.000000000000000000, 1.000000000000000000, -0.000000000000000000 ) ) ;
#5741 = DIRECTION ( 'NONE',  ( 5.139921410301691225E-16, 0.000000000000000000, -1.000000000000000000 ) ) ;
#5742 = VECTOR ( 'NONE', #6953, 1000.000000000000000 ) ;
#5743 = CARTESIAN_POINT ( 'NONE',  ( -14.05000000000000782, 6.000000000000000000, -10.05000000000001137 ) ) ;
#5744 = DIRECTION ( 'NONE',  ( 0.000000000000000000, 0.000000000000000000, 1.000000000000000000 ) ) ;
#5745 = EDGE_LOOP ( 'NONE', ( #8025, #2662, #7452, #4292, #9699, #2817 ) ) ;
#5746 = ORIENTED_EDGE ( 'NONE', *, *, #4609, .T. ) ;
#5747 = CARTESIAN_POINT ( 'NONE',  ( 47.49999999999999289, 7.500000000000000000, 9.500000000000000000 ) ) ;
#5748 = CARTESIAN_POINT ( 'NONE',  ( -52.20411310831050855, 7.348321591041584888, 4.174880509859695721 ) ) ;
#5749 = EDGE_CURVE ( 'NONE', #9510, #3316, #8963, .T. ) ;
#5750 = CARTESIAN_POINT ( 'NONE',  ( -20.00000000000001066, 15.50001199999999990, 12.25000000000000178 ) ) ;
#5751 = ORIENTED_EDGE ( 'NONE', *, *, #10520, .T. ) ;
#5752 = CARTESIAN_POINT ( 'NONE',  ( -42.75000000000000000, 2.658044035770915267E-15, -14.25000000000000533 ) ) ;
#5753 = DIRECTION ( 'NONE',  ( -0.000000000000000000, -0.000000000000000000, -1.000000000000000000 ) ) ;
#5754 = DIRECTION ( 'NONE',  ( 1.000000000000000000, 0.000000000000000000, 0.000000000000000000 ) ) ;
#5755 = DIRECTION ( 'NONE',  ( -0.000000000000000000, -1.000000000000000000, 0.000000000000000000 ) ) ;
#5756 = CARTESIAN_POINT ( 'NONE',  ( -2.000000000000008882, 12.30000000000000071, -0.000000000000000000 ) ) ;
#5757 = CARTESIAN_POINT ( 'NONE',  ( 2.099999999999991207, 14.00000000000000000, -13.35000000000019149 ) ) ;
#5758 = ORIENTED_EDGE ( 'NONE', *, *, #8167, .T. ) ;
#5759 = EDGE_CURVE ( 'NONE', #538, #1526, #1756, .T. ) ;
#5760 = AXIS2_PLACEMENT_3D ( 'NONE', #6973, #4193, #2455 ) ;
#5761 = VERTEX_POINT ( 'NONE', #8848 ) ;
#5762 = ORIENTED_EDGE ( 'NONE', *, *, #10946, .T. ) ;
#5763 = VECTOR ( 'NONE', #6637, 1000.000000000000000 ) ;
#5764 = EDGE_CURVE ( 'NONE', #2423, #3279, #5393, .T. ) ;
#5765 = LINE ( 'NONE', #5884, #6356 ) ;
#5766 = VERTEX_POINT ( 'NONE', #700 ) ;
#5767 = ORIENTED_EDGE ( 'NONE', *, *, #4093, .T. ) ;
#5768 = CARTESIAN_POINT ( 'NONE',  ( -40.15000000000000568, 11.29999999999999716, 12.25000000000000000 ) ) ;
#5769 = CARTESIAN_POINT ( 'NONE',  ( 33.39280521879096852, -3.843090377047903891E-17, -11.97728128909940359 ) ) ;
#5770 = VECTOR ( 'NONE', #5381, 1000.000000000000000 ) ;
#5771 = DIRECTION ( 'NONE',  ( 1.000000000000000000, 0.000000000000000000, 7.304098846218136886E-17 ) ) ;
#5772 = ORIENTED_EDGE ( 'NONE', *, *, #10809, .T. ) ;
#5773 = LINE ( 'NONE', #618, #6254 ) ;
#5774 = EDGE_CURVE ( 'NONE', #5068, #8086, #822, .T. ) ;
#5775 = CARTESIAN_POINT ( 'NONE',  ( -42.75000000000088107, 4.007420273433608848, -12.43438872810979490 ) ) ;
#5776 = EDGE_CURVE ( 'NONE', #9066, #1308, #6152, .T. ) ;
#5777 = CARTESIAN_POINT ( 'NONE',  ( 30.35000000000000142, 0.2999999999999999889, -3.150000000000002576 ) ) ;
#5778 = CIRCLE ( 'NONE', #8833, 2.750000000000002665 ) ;
#5779 = CARTESIAN_POINT ( 'NONE',  ( -45.08656938510202394, 4.000000000000000000, 9.213643081605511043 ) ) ;
#5780 = DIRECTION ( 'NONE',  ( 0.000000000000000000, 0.000000000000000000, -1.000000000000000000 ) ) ;
#5781 = ORIENTED_EDGE ( 'NONE', *, *, #4721, .F. ) ;
#5782 = ORIENTED_EDGE ( 'NONE', *, *, #3972, .F. ) ;
#5783 = DIRECTION ( 'NONE',  ( -1.000000000000000000, 0.000000000000000000, 0.000000000000000000 ) ) ;
#5784 = CARTESIAN_POINT ( 'NONE',  ( -24.49308044258727080, 12.30000000000000071, -14.75000000000000355 ) ) ;
#5785 = CARTESIAN_POINT ( 'NONE',  ( -44.75012130572441293, 4.000000000000000000, 9.474170428397354016 ) ) ;
#5786 = AXIS2_PLACEMENT_3D ( 'NONE', #8866, #3270, #1600 ) ;
#5787 = EDGE_CURVE ( 'NONE', #4630, #1313, #9018, .T. ) ;
#5788 = EDGE_LOOP ( 'NONE', ( #1970, #7713, #2863, #7558 ) ) ;
#5789 = EDGE_CURVE ( 'NONE', #9577, #915, #10821, .T. ) ;
#5790 = FACE_OUTER_BOUND ( 'NONE', #1537, .T. ) ;
#5791 = EDGE_CURVE ( 'NONE', #2705, #8164, #7222, .T. ) ;
#5792 = PLANE ( 'NONE',  #160 ) ;
#5793 = CYLINDRICAL_SURFACE ( 'NONE', #6394, 0.2500000000000002220 ) ;
#5794 = VECTOR ( 'NONE', #5324, 1000.000000000000000 ) ;
#5795 = PLANE ( 'NONE',  #7941 ) ;
#5796 = CARTESIAN_POINT ( 'NONE',  ( -39.55000000000000426, -2.284985223732891532E-15, -12.25000000000000000 ) ) ;
#5797 = CARTESIAN_POINT ( 'NONE',  ( 52.75100000000002609, 9.199999999999999289, -2.925000000000019806 ) ) ;
#5798 = CIRCLE ( 'NONE', #1265, 1.900000000000000577 ) ;
#5799 = VERTEX_POINT ( 'NONE', #2649 ) ;
#5800 = ORIENTED_EDGE ( 'NONE', *, *, #11639, .T. ) ;
#5801 = CARTESIAN_POINT ( 'NONE',  ( 22.20788180854701821, 0.5999999999999989786, 0.6848287258247129916 ) ) ;
#5802 = CARTESIAN_POINT ( 'NONE',  ( -52.20423501068212602, 7.457049601210615108, 4.212724285319715101 ) ) ;
#5803 = CARTESIAN_POINT ( 'NONE',  ( 3.099999999999991651, 14.00000000000000000, 13.45000000000019114 ) ) ;
#5804 = ORIENTED_EDGE ( 'NONE', *, *, #9774, .F. ) ;
#5805 = CARTESIAN_POINT ( 'NONE',  ( -40.15000000000000568, 13.28431348329844219, -12.50000000000000000 ) ) ;
#5806 = LINE ( 'NONE', #8561, #2032 ) ;
#5807 = ORIENTED_EDGE ( 'NONE', *, *, #11627, .F. ) ;
#5808 = DIRECTION ( 'NONE',  ( 1.000000000000000000, 0.000000000000000000, 0.000000000000000000 ) ) ;
#5809 = CARTESIAN_POINT ( 'NONE',  ( 25.31802043089037113, 0.1300423822510710092, -1.054185892092698751 ) ) ;
#5810 = CIRCLE ( 'NONE', #696, 2.000000000000001776 ) ;
#5811 = CIRCLE ( 'NONE', #4305, 3.750000000000001776 ) ;
#5812 = VECTOR ( 'NONE', #10103, 1000.000000000000000 ) ;
#5813 = LINE ( 'NONE', #11312, #9197 ) ;
#5814 = DIRECTION ( 'NONE',  ( -1.000000000000000000, 0.000000000000000000, -4.047688110612546206E-15 ) ) ;
#5815 = CARTESIAN_POINT ( 'NONE',  ( -51.25000000000001421, 14.00000000000000000, 0.000000000000000000 ) ) ;
#5816 = DIRECTION ( 'NONE',  ( 0.000000000000000000, 0.000000000000000000, 1.000000000000000000 ) ) ;
#5817 = ORIENTED_EDGE ( 'NONE', *, *, #11477, .F. ) ;
#5818 = ORIENTED_EDGE ( 'NONE', *, *, #8972, .T. ) ;
#5819 = CIRCLE ( 'NONE', #1837, 0.6000000000000007550 ) ;
#5820 = EDGE_LOOP ( 'NONE', ( #718, #269, #4168, #3864, #1864, #1659, #11562, #5606 ) ) ;
#5821 = VECTOR ( 'NONE', #7402, 1000.000000000000000 ) ;
#5822 = CARTESIAN_POINT ( 'NONE',  ( 30.79999999999998650, 0.000000000000000000, -8.330492254602830826 ) ) ;
#5823 = DIRECTION ( 'NONE',  ( 0.000000000000000000, 0.000000000000000000, 1.000000000000000000 ) ) ;
#5824 = CARTESIAN_POINT ( 'NONE',  ( -52.44999998424968624, 6.615762273443441366, -3.229260862839355983 ) ) ;
#5825 = VERTEX_POINT ( 'NONE', #11594 ) ;
#5826 = CARTESIAN_POINT ( 'NONE',  ( -53.20000000000000284, 7.500000000000000000, 2.734438190280500643E-14 ) ) ;
#5827 = DIRECTION ( 'NONE',  ( -1.000000000000000000, -0.000000000000000000, 4.476705744456300993E-16 ) ) ;
#5828 = PLANE ( 'NONE',  #3940 ) ;
#5829 = CARTESIAN_POINT ( 'NONE',  ( 33.26884683092669803, -0.02178271047635349164, -11.68115602924993368 ) ) ;
#5830 = ADVANCED_FACE ( 'NONE', ( #7042 ), #8133, .F. ) ;
#5831 = VECTOR ( 'NONE', #9173, 1000.000000000000000 ) ;
#5832 = AXIS2_PLACEMENT_3D ( 'NONE', #11389, #3214, #3096 ) ;
#5833 = CARTESIAN_POINT ( 'NONE',  ( -37.54999999999999716, 4.015686516701556741, -12.50000000000000000 ) ) ;
#5834 = ADVANCED_FACE ( 'NONE', ( #10880 ), #2708, .T. ) ;
#5835 = DIRECTION ( 'NONE',  ( 1.000000000000000000, -0.000000000000000000, 0.000000000000000000 ) ) ;
#5836 = EDGE_CURVE ( 'NONE', #10442, #9160, #3867, .T. ) ;
#5837 = CARTESIAN_POINT ( 'NONE',  ( 30.35000000000000142, 0.000000000000000000, -3.150000000000002576 ) ) ;
#5838 = AXIS2_PLACEMENT_3D ( 'NONE', #465, #4078, #2172 ) ;
#5839 = DIRECTION ( 'NONE',  ( -0.000000000000000000, -1.000000000000000000, -0.000000000000000000 ) ) ;
#5840 = DIRECTION ( 'NONE',  ( -1.000000000000000000, 0.000000000000000000, -0.000000000000000000 ) ) ;
#5841 = VERTEX_POINT ( 'NONE', #3660 ) ;
#5842 = ORIENTED_EDGE ( 'NONE', *, *, #4019, .F. ) ;
#5843 = CARTESIAN_POINT ( 'NONE',  ( 3.099999999999990763, 12.50000000000000000, 13.35000000000019149 ) ) ;
#5844 = EDGE_CURVE ( 'NONE', #11008, #7819, #9799, .T. ) ;
#5845 = CARTESIAN_POINT ( 'NONE',  ( 2.099999999999991207, 12.50000000000000000, -13.35000000000019149 ) ) ;
#5846 = ADVANCED_FACE ( 'NONE', ( #4386 ), #11652, .F. ) ;
#5847 = CARTESIAN_POINT ( 'NONE',  ( 47.49999999999999289, 8.500000000000000000, 9.500000000000000000 ) ) ;
#5848 = CIRCLE ( 'NONE', #2247, 9.300000000000009592 ) ;
#5849 = ORIENTED_EDGE ( 'NONE', *, *, #552, .T. ) ;
#5850 = ORIENTED_EDGE ( 'NONE', *, *, #1381, .F. ) ;
#5851 = CARTESIAN_POINT ( 'NONE',  ( -37.20000000000000284, 15.50000000000000000, -12.25000000000000000 ) ) ;
#5852 = CARTESIAN_POINT ( 'NONE',  ( -52.38125719838261318, 6.932890003654474498, 3.819589400665887702 ) ) ;
#5853 = DIRECTION ( 'NONE',  ( 0.7071067811865507924, 0.000000000000000000, -0.7071067811865442421 ) ) ;
#5854 = B_SPLINE_CURVE_WITH_KNOTS ( 'NONE', 3,
 ( #2915, #10072, #1971, #1031, #10195, #1911 ),
 .UNSPECIFIED., .F., .F.,
 ( 4, 2, 4 ),
 ( 0.000000000000000000, 0.001613645137940392755, 0.003227290275880785510 ),
 .UNSPECIFIED. ) ;
#5855 = AXIS2_PLACEMENT_3D ( 'NONE', #6662, #503, #9601 ) ;
#5856 = ORIENTED_EDGE ( 'NONE', *, *, #3378, .T. ) ;
#5857 = CARTESIAN_POINT ( 'NONE',  ( -42.50000000000000000, 13.29999999999999893, 12.25000000000000000 ) ) ;
#5858 = LINE ( 'NONE', #8549, #9469 ) ;
#5859 = EDGE_CURVE ( 'NONE', #7487, #6957, #9860, .T. ) ;
#5860 = DIRECTION ( 'NONE',  ( 0.000000000000000000, 1.000000000000000000, -0.000000000000000000 ) ) ;
#5861 = EDGE_CURVE ( 'NONE', #6397, #9135, #7407, .T. ) ;
#5862 = FACE_OUTER_BOUND ( 'NONE', #10673, .T. ) ;
#5863 = ORIENTED_EDGE ( 'NONE', *, *, #5876, .T. ) ;
#5864 = DIRECTION ( 'NONE',  ( 0.000000000000000000, 1.000000000000000000, 0.000000000000000000 ) ) ;
#5865 = CARTESIAN_POINT ( 'NONE',  ( -52.26328285338933455, 8.426742530112788288, 4.118260431646302955 ) ) ;
#5866 = CARTESIAN_POINT ( 'NONE',  ( -44.80359071504831547, 3.928364702728698976, 8.959743608990764940 ) ) ;
#5867 = EDGE_LOOP ( 'NONE', ( #3022, #9588, #11437, #6792 ) ) ;
#5868 = CARTESIAN_POINT ( 'NONE',  ( -2.036682489283829767E-14, 10.50000000000000000, 14.75000000000003553 ) ) ;
#5869 = DIRECTION ( 'NONE',  ( -0.000000000000000000, -1.000000000000000000, -0.000000000000000000 ) ) ;
#5870 = B_SPLINE_CURVE_WITH_KNOTS ( 'NONE', 3,
 ( #4682, #6577, #7591, #6516, #10227, #10167 ),
 .UNSPECIFIED., .F., .F.,
 ( 4, 2, 4 ),
 ( 0.000000000000000000, 0.0001955798652618910051, 0.0003911597305237820101 ),
 .UNSPECIFIED. ) ;
#5871 = LINE ( 'NONE', #11483, #5072 ) ;
#5872 = EDGE_CURVE ( 'NONE', #8949, #2031, #8821, .T. ) ;
#5873 = ORIENTED_EDGE ( 'NONE', *, *, #3780, .F. ) ;
#5874 = VECTOR ( 'NONE', #3805, 1000.000000000000000 ) ;
#5875 = DIRECTION ( 'NONE',  ( 0.6427876096865379196, 0.000000000000000000, -0.7660444431189792347 ) ) ;
#5876 = EDGE_CURVE ( 'NONE', #6508, #3761, #10277, .T. ) ;
#5877 = LINE ( 'NONE', #9526, #4959 ) ;
#5878 = CARTESIAN_POINT ( 'NONE',  ( -45.20000000000000284, 7.500000000000000000, -6.750000000000000888 ) ) ;
#5879 = PLANE ( 'NONE',  #6571 ) ;
#5880 = ORIENTED_EDGE ( 'NONE', *, *, #6223, .T. ) ;
#5881 = ORIENTED_EDGE ( 'NONE', *, *, #9589, .F. ) ;
#5882 = ORIENTED_EDGE ( 'NONE', *, *, #2288, .F. ) ;
#5883 = EDGE_LOOP ( 'NONE', ( #4185, #6193, #8585, #10416, #2474, #6741, #6296, #4011, #5283 ) ) ;
#5884 = CARTESIAN_POINT ( 'NONE',  ( 20.65000000000000213, 4.000000000000000000, 0.000000000000000000 ) ) ;
#5885 = LINE ( 'NONE', #437, #6780 ) ;
#5886 = CARTESIAN_POINT ( 'NONE',  ( -52.28390545974180981, 6.678929302224839049, -3.430753123070465982 ) ) ;
#5887 = CARTESIAN_POINT ( 'NONE',  ( -50.25000000000000711, 7.291723746970176556, 4.250000000000000000 ) ) ;
#5888 = DIRECTION ( 'NONE',  ( 5.782411586589351722E-16, 7.517135062566163550E-15, 1.000000000000000000 ) ) ;
#5889 = AXIS2_PLACEMENT_3D ( 'NONE', #8489, #360, #3967 ) ;
#5890 = CARTESIAN_POINT ( 'NONE',  ( -8.000000000000008882, 12.30000000000000071, 14.75000000000000178 ) ) ;
#5891 = LINE ( 'NONE', #8704, #2020 ) ;
#5892 = ORIENTED_EDGE ( 'NONE', *, *, #9453, .T. ) ;
#5893 = CARTESIAN_POINT ( 'NONE',  ( -52.26934719376641425, 6.921460243081875241, -3.805951680772515999 ) ) ;
#5894 = DIRECTION ( 'NONE',  ( -0.000000000000000000, -1.000000000000000000, 0.000000000000000000 ) ) ;
#5895 = EDGE_LOOP ( 'NONE', ( #8624, #973, #843, #10462 ) ) ;
#5896 = CARTESIAN_POINT ( 'NONE',  ( -24.49308044258726724, 12.30000000000000071, 14.75000000000000355 ) ) ;
#5897 = ORIENTED_EDGE ( 'NONE', *, *, #4569, .T. ) ;
#5898 = EDGE_CURVE ( 'NONE', #8236, #8576, #11680, .T. ) ;
#5899 = DIRECTION ( 'NONE',  ( 0.000000000000000000, 0.000000000000000000, -1.000000000000000000 ) ) ;
#5900 = VERTEX_POINT ( 'NONE', #5512 ) ;
#5901 = DIRECTION ( 'NONE',  ( 1.000000000000000000, -0.000000000000000000, 0.000000000000000000 ) ) ;
#5902 = CARTESIAN_POINT ( 'NONE',  ( -51.25000000000001421, 15.50000000000000000, 9.499999999999978684 ) ) ;
#5903 = LINE ( 'NONE', #7638, #8811 ) ;
#5904 = DIRECTION ( 'NONE',  ( 0.000000000000000000, -1.000000000000000000, 0.000000000000000000 ) ) ;
#5905 = EDGE_LOOP ( 'NONE', ( #10008, #7968, #7389, #11540 ) ) ;
#5906 = CARTESIAN_POINT ( 'NONE',  ( 31.09999999999998366, -0.001000000000000024307, -8.598623679425841715 ) ) ;
#5907 = EDGE_CURVE ( 'NONE', #2031, #250, #6626, .T. ) ;
#5908 = AXIS2_PLACEMENT_3D ( 'NONE', #8318, #10950, #1007 ) ;
#5909 = EDGE_CURVE ( 'NONE', #7996, #2816, #3119, .T. ) ;
#5910 = ORIENTED_EDGE ( 'NONE', *, *, #8556, .T. ) ;
#5911 = ORIENTED_EDGE ( 'NONE', *, *, #11417, .T. ) ;
#5912 = LINE ( 'NONE', #1356, #6961 ) ;
#5913 = DIRECTION ( 'NONE',  ( 1.000000000000000000, -0.000000000000000000, -0.000000000000000000 ) ) ;
#5914 = LINE ( 'NONE', #6745, #10853 ) ;
#5915 = VECTOR ( 'NONE', #10131, 999.9999999999998863 ) ;
#5916 = ORIENTED_EDGE ( 'NONE', *, *, #7158, .T. ) ;
#5917 = CARTESIAN_POINT ( 'NONE',  ( 51.95000000000000284, 10.80000000000000071, -2.500000000000000444 ) ) ;
#5918 = ORIENTED_EDGE ( 'NONE', *, *, #7660, .T. ) ;
#5919 = CARTESIAN_POINT ( 'NONE',  ( -45.00000000000000711, 7.500000000000000000, 12.25000000000000000 ) ) ;
#5920 = ADVANCED_FACE ( 'NONE', ( #9263 ), #3007, .F. ) ;
#5921 = EDGE_CURVE ( 'NONE', #304, #6654, #1995, .T. ) ;
#5922 = CARTESIAN_POINT ( 'NONE',  ( 26.00635347795580188, 0.2999999999999999889, 0.2238308925512671466 ) ) ;
#5923 = EDGE_LOOP ( 'NONE', ( #6135, #9137, #670, #4689 ) ) ;
#5924 = DIRECTION ( 'NONE',  ( 0.000000000000000000, 0.000000000000000000, 1.000000000000000000 ) ) ;
#5925 = AXIS2_PLACEMENT_3D ( 'NONE', #9215, #4577, #8201 ) ;
#5926 = DIRECTION ( 'NONE',  ( 0.000000000000000000, 1.865294060190115224E-16, 1.000000000000000000 ) ) ;
#5927 = VERTEX_POINT ( 'NONE', #8364 ) ;
#5928 = CARTESIAN_POINT ( 'NONE',  ( 0.000000000000000000, 4.000000000000000000, 0.000000000000000000 ) ) ;
#5929 = VERTEX_POINT ( 'NONE', #7346 ) ;
#5930 = CARTESIAN_POINT ( 'NONE',  ( -45.19999999999996732, 0.000000000000000000, -11.75000000000000000 ) ) ;
#5931 = FACE_OUTER_BOUND ( 'NONE', #9703, .T. ) ;
#5932 = CARTESIAN_POINT ( 'NONE',  ( 25.25635347795577346, 0.2999999999999998779, -5.224792786874573380 ) ) ;
#5933 = DIRECTION ( 'NONE',  ( 0.000000000000000000, 0.000000000000000000, -1.000000000000000000 ) ) ;
#5934 = VERTEX_POINT ( 'NONE', #235 ) ;
#5935 = EDGE_CURVE ( 'NONE', #9391, #9510, #8626, .T. ) ;
#5936 = EDGE_LOOP ( 'NONE', ( #9351, #87, #5291, #8596, #3757 ) ) ;
#5937 = ADVANCED_FACE ( 'NONE', ( #8422 ), #9322, .T. ) ;
#5938 = DIRECTION ( 'NONE',  ( 0.000000000000000000, 0.000000000000000000, -1.000000000000000000 ) ) ;
#5939 = DIRECTION ( 'NONE',  ( -0.000000000000000000, -1.000000000000000000, 0.000000000000000000 ) ) ;
#5940 = CARTESIAN_POINT ( 'NONE',  ( 43.25000000000000711, 7.500000000000000000, -1.984313483298447922 ) ) ;
#5941 = VERTEX_POINT ( 'NONE', #3900 ) ;
#5942 = CARTESIAN_POINT ( 'NONE',  ( -37.54999999999999716, 6.000000000000000000, -14.25000000000000355 ) ) ;
#5943 = CARTESIAN_POINT ( 'NONE',  ( -51.96381253676758405, 8.834687333697361922, 4.121974490813007819 ) ) ;
#5944 = CIRCLE ( 'NONE', #8629, 4.450000000000004619 ) ;
#5945 = CARTESIAN_POINT ( 'NONE',  ( 35.38197956910961750, 0.1300423822510705374, -5.245814107907309065 ) ) ;
#5946 = CARTESIAN_POINT ( 'NONE',  ( -37.29999999999999716, 4.000000000000000000, -12.25000000000000000 ) ) ;
#5947 = ORIENTED_EDGE ( 'NONE', *, *, #9121, .F. ) ;
#5948 = DIRECTION ( 'NONE',  ( 0.000000000000000000, 0.000000000000000000, 1.000000000000000000 ) ) ;
#5949 = AXIS2_PLACEMENT_3D ( 'NONE', #2590, #14, #3603 ) ;
#5950 = AXIS2_PLACEMENT_3D ( 'NONE', #9245, #3946, #10139 ) ;
#5951 = DIRECTION ( 'NONE',  ( 1.000000000000000000, 0.000000000000000000, 0.000000000000000000 ) ) ;
#5952 = DIRECTION ( 'NONE',  ( -1.000000000000000000, 0.000000000000000000, 0.000000000000000000 ) ) ;
#5953 = VERTEX_POINT ( 'NONE', #351 ) ;
#5954 = VECTOR ( 'NONE', #3002, 1000.000000000000000 ) ;
#5955 = CARTESIAN_POINT ( 'NONE',  ( 0.000000000000000000, 15.50000000000000000, 0.000000000000000000 ) ) ;
#5956 = ORIENTED_EDGE ( 'NONE', *, *, #9851, .T. ) ;
#5957 = VECTOR ( 'NONE', #11114, 1000.000000000000000 ) ;
#5958 = LINE ( 'NONE', #9676, #571 ) ;
#5959 = VECTOR ( 'NONE', #10920, 1000.000000000000000 ) ;
#5960 = CARTESIAN_POINT ( 'NONE',  ( 29.89999999999998082, 3.000000000000000000, -11.75000000000000355 ) ) ;
#5961 = LINE ( 'NONE', #11632, #9212 ) ;
#5962 = DIRECTION ( 'NONE',  ( 0.000000000000000000, 0.6931369447486561697, 0.7208059210526079896 ) ) ;
#5963 = VERTEX_POINT ( 'NONE', #5681 ) ;
#5964 = AXIS2_PLACEMENT_3D ( 'NONE', #3773, #8351, #6495 ) ;
#5965 = DIRECTION ( 'NONE',  ( 0.000000000000000000, 0.000000000000000000, 1.000000000000000000 ) ) ;
#5966 = ORIENTED_EDGE ( 'NONE', *, *, #8275, .F. ) ;
#5967 = DIRECTION ( 'NONE',  ( 0.000000000000000000, 1.000000000000000000, -0.000000000000000000 ) ) ;
#5968 = EDGE_LOOP ( 'NONE', ( #5471, #316, #11027, #7006 ) ) ;
#5969 = DIRECTION ( 'NONE',  ( 0.000000000000000000, 1.000000000000000000, 1.865294060190115224E-16 ) ) ;
#5970 = CARTESIAN_POINT ( 'NONE',  ( -40.15000000000000568, 6.000000000000000000, -12.25000000000000533 ) ) ;
#5971 = CIRCLE ( 'NONE', #3317, 0.2000000000000002609 ) ;
#5972 = DIRECTION ( 'NONE',  ( -1.000000000000000000, 0.000000000000000000, 0.000000000000000000 ) ) ;
#5973 = EDGE_CURVE ( 'NONE', #4550, #7783, #11492, .T. ) ;
#5974 = EDGE_CURVE ( 'NONE', #8864, #7487, #7671, .T. ) ;
#5975 = ORIENTED_EDGE ( 'NONE', *, *, #3986, .T. ) ;
#5976 = CARTESIAN_POINT ( 'NONE',  ( -42.75000000000000000, 13.28431348329844219, -12.50000000000000000 ) ) ;
#5977 = ADVANCED_FACE ( 'NONE', ( #2835 ), #11180, .T. ) ;
#5978 = ORIENTED_EDGE ( 'NONE', *, *, #3378, .F. ) ;
#5979 = CARTESIAN_POINT ( 'NONE',  ( 6.448509989039506785, 0.000000000000000000, 11.16914693413184168 ) ) ;
#5980 = VECTOR ( 'NONE', #2157, 1000.000000000000000 ) ;
#5981 = CARTESIAN_POINT ( 'NONE',  ( -52.20882673043982436, 8.946674361054840929, 3.879343854972945760 ) ) ;
#5982 = PLANE ( 'NONE',  #6556 ) ;
#5983 = VERTEX_POINT ( 'NONE', #4848 ) ;
#5984 = CARTESIAN_POINT ( 'NONE',  ( 31.10000000000002274, 0.2999999999999999889, 2.298623679425836563 ) ) ;
#5985 = CARTESIAN_POINT ( 'NONE',  ( 34.68101804361234741, 0.1300423822510693161, 0.1599150842195505851 ) ) ;
#5986 = CARTESIAN_POINT ( 'NONE',  ( -50.25000000000000000, 11.34999999999999964, 4.750000000000000888 ) ) ;
#5987 = ORIENTED_EDGE ( 'NONE', *, *, #10322, .T. ) ;
#5988 = DIRECTION ( 'NONE',  ( -0.000000000000000000, -1.000000000000000000, -0.000000000000000000 ) ) ;
#5989 = EDGE_CURVE ( 'NONE', #1708, #5014, #6337, .T. ) ;
#5990 = VECTOR ( 'NONE', #8927, 1000.000000000000000 ) ;
#5991 = DIRECTION ( 'NONE',  ( 1.000000000000000000, -0.000000000000000000, 0.000000000000000000 ) ) ;
#5992 = EDGE_CURVE ( 'NONE', #4762, #5314, #1055, .T. ) ;
#5993 = DIRECTION ( 'NONE',  ( -1.000000000000000000, 4.625929269271485322E-15, 4.625929269271483744E-15 ) ) ;
#5994 = EDGE_LOOP ( 'NONE', ( #6294, #5508, #6276, #8988 ) ) ;
#5995 = ORIENTED_EDGE ( 'NONE', *, *, #7176, .F. ) ;
#5996 = EDGE_LOOP ( 'NONE', ( #1542, #150, #9193, #1323, #1660, #596, #8951 ) ) ;
#5997 = DIRECTION ( 'NONE',  ( 0.000000000000000000, 0.000000000000000000, 1.000000000000000000 ) ) ;
#5998 = ORIENTED_EDGE ( 'NONE', *, *, #1796, .T. ) ;
#5999 = DIRECTION ( 'NONE',  ( 0.000000000000000000, 0.000000000000000000, -1.000000000000000000 ) ) ;
#6000 = VECTOR ( 'NONE', #476, 1000.000000000000000 ) ;
#6001 = AXIS2_PLACEMENT_3D ( 'NONE', #1368, #3024, #2185 ) ;
#6002 = FACE_OUTER_BOUND ( 'NONE', #3461, .T. ) ;
#6003 = VERTEX_POINT ( 'NONE', #8308 ) ;
#6004 = CARTESIAN_POINT ( 'NONE',  ( 30.35000000000000142, -0.001000000000000024307, -3.150000000000002576 ) ) ;
#6005 = LINE ( 'NONE', #9660, #2046 ) ;
#6006 = DIRECTION ( 'NONE',  ( 0.000000000000000000, 0.000000000000000000, -1.000000000000000000 ) ) ;
#6007 = EDGE_CURVE ( 'NONE', #7906, #5341, #180, .T. ) ;
#6008 = CARTESIAN_POINT ( 'NONE',  ( -8.947521086617219380E-16, 7.500000000000000000, 12.25000000000000355 ) ) ;
#6009 = VERTEX_POINT ( 'NONE', #1117 ) ;
#6010 = EDGE_CURVE ( 'NONE', #8199, #6139, #11410, .T. ) ;
#6011 = EDGE_CURVE ( 'NONE', #8480, #2009, #5083, .T. ) ;
#6012 = VECTOR ( 'NONE', #5780, 1000.000000000000000 ) ;
#6013 = DIRECTION ( 'NONE',  ( 0.000000000000000000, 0.000000000000000000, 1.000000000000000000 ) ) ;
#6014 = VECTOR ( 'NONE', #1180, 1000.000000000000000 ) ;
#6015 = CARTESIAN_POINT ( 'NONE',  ( 38.49211819145298108, -0.001000000000000024307, -6.984828725824717921 ) ) ;
#6016 = VECTOR ( 'NONE', #9678, 1000.000000000000000 ) ;
#6017 = FACE_OUTER_BOUND ( 'NONE', #4541, .T. ) ;
#6018 = DIRECTION ( 'NONE',  ( -0.000000000000000000, 1.000000000000000000, -0.000000000000000000 ) ) ;
#6019 = CIRCLE ( 'NONE', #1473, 5.499999999999988454 ) ;
#6020 = ORIENTED_EDGE ( 'NONE', *, *, #10109, .F. ) ;
#6021 = VECTOR ( 'NONE', #8064, 1000.000000000000000 ) ;
#6022 = DIRECTION ( 'NONE',  ( 0.8660254037844390407, 0.000000000000000000, 0.4999999999999992784 ) ) ;
#6023 = ORIENTED_EDGE ( 'NONE', *, *, #11460, .T. ) ;
#6024 = CARTESIAN_POINT ( 'NONE',  ( 22.20788180854701821, -0.001000000000000024307, 0.6848287258247129916 ) ) ;
#6025 = ADVANCED_FACE ( 'NONE', ( #8723 ), #3237, .T. ) ;
#6026 = DIRECTION ( 'NONE',  ( -0.000000000000000000, -1.000000000000000000, 0.000000000000000000 ) ) ;
#6027 = CARTESIAN_POINT ( 'NONE',  ( -50.49555197787898919, 4.059130935155617514, 4.699955173933207497 ) ) ;
#6028 = ORIENTED_EDGE ( 'NONE', *, *, #6587, .F. ) ;
#6029 = VECTOR ( 'NONE', #4015, 1000.000000000000000 ) ;
#6030 = CIRCLE ( 'NONE', #8702, 3.000000000000002665 ) ;
#6031 = PLANE ( 'NONE',  #8059 ) ;
#6032 = VECTOR ( 'NONE', #2934, 1000.000000000000000 ) ;
#6033 = DIRECTION ( 'NONE',  ( -1.000000000000000000, 0.000000000000000000, 0.000000000000000000 ) ) ;
#6034 = VERTEX_POINT ( 'NONE', #11464 ) ;
#6035 = CARTESIAN_POINT ( 'NONE',  ( 41.25000000000000711, 5.500000000000000000, 8.250000000000003553 ) ) ;
#6036 = CARTESIAN_POINT ( 'NONE',  ( -42.75000000000000000, 6.000000000000000000, 12.25000000000000533 ) ) ;
#6037 = AXIS2_PLACEMENT_3D ( 'NONE', #802, #924, #46 ) ;
#6038 = CARTESIAN_POINT ( 'NONE',  ( 0.5999999999999912070, 12.50000000000000000, -13.55000000000000071 ) ) ;
#6039 = CIRCLE ( 'NONE', #3571, 1.000000000000000888 ) ;
#6040 = CARTESIAN_POINT ( 'NONE',  ( -37.13386832212547972, 13.30000000000000071, -12.24999999999999467 ) ) ;
#6041 = ORIENTED_EDGE ( 'NONE', *, *, #5668, .T. ) ;
#6042 = DIRECTION ( 'NONE',  ( 0.000000000000000000, -1.000000000000000000, -0.000000000000000000 ) ) ;
#6043 = ORIENTED_EDGE ( 'NONE', *, *, #10909, .F. ) ;
#6044 = ADVANCED_FACE ( 'NONE', ( #583 ), #6031, .F. ) ;
#6045 = EDGE_LOOP ( 'NONE', ( #4440, #4931, #5092, #8599, #3016, #1958, #6999 ) ) ;
#6046 = DIRECTION ( 'NONE',  ( 0.000000000000000000, 0.000000000000000000, 1.000000000000000000 ) ) ;
#6047 = CARTESIAN_POINT ( 'NONE',  ( -25.50000000000001066, 12.30000000000000071, -12.25000000000000178 ) ) ;
#6048 = ORIENTED_EDGE ( 'NONE', *, *, #5791, .F. ) ;
#6049 = ADVANCED_FACE ( 'NONE', ( #8597 ), #7825, .T. ) ;
#6050 = DIRECTION ( 'NONE',  ( -0.000000000000000000, -0.000000000000000000, 1.000000000000000000 ) ) ;
#6051 = CARTESIAN_POINT ( 'NONE',  ( -40.03096821607127964, 3.999650892192144536, 12.27727016374981694 ) ) ;
#6052 = PLANE ( 'NONE',  #11264 ) ;
#6053 = FACE_OUTER_BOUND ( 'NONE', #11248, .T. ) ;
#6054 = ORIENTED_EDGE ( 'NONE', *, *, #1996, .F. ) ;
#6055 = ORIENTED_EDGE ( 'NONE', *, *, #5861, .F. ) ;
#6056 = ORIENTED_EDGE ( 'NONE', *, *, #6998, .T. ) ;
#6057 = CARTESIAN_POINT ( 'NONE',  ( 34.61143789659456615, 0.000000000000000000, -6.129957559004428624 ) ) ;
#6058 = EDGE_CURVE ( 'NONE', #6215, #2718, #9837, .T. ) ;
#6059 = EDGE_LOOP ( 'NONE', ( #3236, #4642, #2126, #8382 ) ) ;
#6060 = CARTESIAN_POINT ( 'NONE',  ( -51.95000001717433946, 6.759432477569785824, -3.989152884042684644 ) ) ;
#6061 = CIRCLE ( 'NONE', #953, 2.700000000000001066 ) ;
#6062 = CARTESIAN_POINT ( 'NONE',  ( -42.75000000000088107, 13.29257972656639097, 12.43438872810979490 ) ) ;
#6063 = ORIENTED_EDGE ( 'NONE', *, *, #9953, .T. ) ;
#6064 = CYLINDRICAL_SURFACE ( 'NONE', #79, 9.000000000000008882 ) ;
#6065 = EDGE_CURVE ( 'NONE', #7300, #10623, #10724, .T. ) ;
#6066 = DIRECTION ( 'NONE',  ( 0.000000000000000000, 0.000000000000000000, 1.000000000000000000 ) ) ;
#6067 = ORIENTED_EDGE ( 'NONE', *, *, #1124, .F. ) ;
#6068 = FACE_OUTER_BOUND ( 'NONE', #3305, .T. ) ;
#6069 = DIRECTION ( 'NONE',  ( -0.000000000000000000, 1.000000000000000000, -0.000000000000000000 ) ) ;
#6070 = ADVANCED_FACE ( 'NONE', ( #1464 ), #2231, .T. ) ;
#6071 = DIRECTION ( 'NONE',  ( 0.000000000000000000, 0.8660254037844418162, 0.4999999999999945044 ) ) ;
#6072 = EDGE_CURVE ( 'NONE', #261, #7334, #11305, .T. ) ;
#6073 = DIRECTION ( 'NONE',  ( 0.000000000000000000, 0.000000000000000000, 1.000000000000000000 ) ) ;
#6074 = ORIENTED_EDGE ( 'NONE', *, *, #3593, .T. ) ;
#6075 = LINE ( 'NONE', #626, #3975 ) ;
#6076 = FACE_OUTER_BOUND ( 'NONE', #833, .T. ) ;
#6077 = CARTESIAN_POINT ( 'NONE',  ( 26.81022599591440780, 5.421010862427522170E-17, -11.75000000000000178 ) ) ;
#6078 = CIRCLE ( 'NONE', #8940, 0.7999999999999994893 ) ;
#6079 = CARTESIAN_POINT ( 'NONE',  ( -52.27563198490998531, 8.991884724233107917, -3.630658523920792025 ) ) ;
#6080 = CARTESIAN_POINT ( 'NONE',  ( -34.76613081906458547, 13.29999999999999893, -12.25000000000000178 ) ) ;
#6081 = ORIENTED_EDGE ( 'NONE', *, *, #197, .F. ) ;
#6082 = ORIENTED_EDGE ( 'NONE', *, *, #4687, .F. ) ;
#6083 = CARTESIAN_POINT ( 'NONE',  ( 30.35000000000000142, 0.2999999999999999889, -3.150000000000002576 ) ) ;
#6084 = ADVANCED_FACE ( 'NONE', ( #5790 ), #1350, .T. ) ;
#6085 = EDGE_CURVE ( 'NONE', #10435, #9125, #9618, .T. ) ;
#6086 = ORIENTED_EDGE ( 'NONE', *, *, #9381, .T. ) ;
#6087 = CARTESIAN_POINT ( 'NONE',  ( 29.61257894721917339, 0.2034051652805233257, 5.832385900611297025 ) ) ;
#6088 = ORIENTED_EDGE ( 'NONE', *, *, #481, .F. ) ;
#6089 = CARTESIAN_POINT ( 'NONE',  ( 50.84065861769801131, 10.50000000000000000, 13.54999999999999716 ) ) ;
#6090 = B_SPLINE_CURVE_WITH_KNOTS ( 'NONE', 3,
 ( #2114, #2890, #5514, #2942, #10223, #5626 ),
 .UNSPECIFIED., .F., .F.,
 ( 4, 2, 4 ),
 ( 0.000000000000000000, 0.0003922356490513490175, 0.0007844712981026980350 ),
 .UNSPECIFIED. ) ;
#6091 = CYLINDRICAL_SURFACE ( 'NONE', #3021, 2.000000000000001776 ) ;
#6092 = DIRECTION ( 'NONE',  ( -0.6427876096865419164, 0.000000000000000000, 0.7660444431189757930 ) ) ;
#6093 = CARTESIAN_POINT ( 'NONE',  ( -36.94999999999999574, 13.29257923089642901, 12.43439266236709173 ) ) ;
#6094 = ORIENTED_EDGE ( 'NONE', *, *, #7753, .T. ) ;
#6095 = DIRECTION ( 'NONE',  ( 0.000000000000000000, 0.000000000000000000, 1.000000000000000000 ) ) ;
#6096 = EDGE_LOOP ( 'NONE', ( #5478, #9477, #5817, #6754 ) ) ;
#6097 = CARTESIAN_POINT ( 'NONE',  ( -52.26625702410830598, 7.088217948039603478, 3.963648087263194508 ) ) ;
#6098 = ORIENTED_EDGE ( 'NONE', *, *, #3004, .F. ) ;
#6099 = CARTESIAN_POINT ( 'NONE',  ( 35.23788868748260228, 0.02221052063481599587, -1.005995362929033465 ) ) ;
#6100 = DIRECTION ( 'NONE',  ( 0.000000000000000000, 0.000000000000000000, -1.000000000000000000 ) ) ;
#6101 = ORIENTED_EDGE ( 'NONE', *, *, #939, .T. ) ;
#6102 = LINE ( 'NONE', #11374, #9069 ) ;
#6103 = AXIS2_PLACEMENT_3D ( 'NONE', #10474, #1373, #427 ) ;
#6104 = CARTESIAN_POINT ( 'NONE',  ( -39.96613081906459541, 4.000000000000000000, 12.25000000000000178 ) ) ;
#6105 = VERTEX_POINT ( 'NONE', #4012 ) ;
#6106 = CARTESIAN_POINT ( 'NONE',  ( -52.44999998424968624, 9.184237726556570891, 3.229260862839326229 ) ) ;
#6107 = ORIENTED_EDGE ( 'NONE', *, *, #8968, .F. ) ;
#6108 = EDGE_CURVE ( 'NONE', #2199, #9643, #11287, .T. ) ;
#6109 = AXIS2_PLACEMENT_3D ( 'NONE', #9283, #4748, #8380 ) ;
#6110 = ORIENTED_EDGE ( 'NONE', *, *, #10649, .F. ) ;
#6111 = DIRECTION ( 'NONE',  ( 0.000000000000000000, 0.000000000000000000, 1.000000000000000000 ) ) ;
#6112 = FACE_OUTER_BOUND ( 'NONE', #1981, .T. ) ;
#6113 = LINE ( 'NONE', #2435, #4231 ) ;
#6114 = AXIS2_PLACEMENT_3D ( 'NONE', #6611, #325, #3043 ) ;
#6115 = DIRECTION ( 'NONE',  ( -1.000000000000000000, 0.000000000000000000, 0.000000000000000000 ) ) ;
#6116 = EDGE_LOOP ( 'NONE', ( #5402, #9084, #3880, #11289 ) ) ;
#6117 = EDGE_CURVE ( 'NONE', #7016, #7437, #4134, .T. ) ;
#6118 = CARTESIAN_POINT ( 'NONE',  ( -52.38125719838242844, 8.867109996345488909, -3.819589400665840184 ) ) ;
#6119 = EDGE_CURVE ( 'NONE', #8495, #9960, #7484, .T. ) ;
#6120 = CARTESIAN_POINT ( 'NONE',  ( -49.63826530612245591, 6.999999999999999112, -4.750000000000000000 ) ) ;
#6121 = DIRECTION ( 'NONE',  ( 0.000000000000000000, 0.000000000000000000, 1.000000000000000000 ) ) ;
#6122 = ORIENTED_EDGE ( 'NONE', *, *, #3877, .F. ) ;
#6123 = CARTESIAN_POINT ( 'NONE',  ( 0.000000000000000000, 14.00000000000000000, -12.25000000000000000 ) ) ;
#6124 = CARTESIAN_POINT ( 'NONE',  ( -42.01639145888378124, 3.010000000000000231, 8.949999999999992184 ) ) ;
#6125 = CARTESIAN_POINT ( 'NONE',  ( 37.74211819145300240, 0.2999999999999998779, 1.983866831501337247 ) ) ;
#6126 = CARTESIAN_POINT ( 'NONE',  ( -37.54999999999999716, 11.29999999999999716, 12.25000000000000000 ) ) ;
#6127 = AXIS2_PLACEMENT_3D ( 'NONE', #9333, #301, #7538 ) ;
#6128 = DIRECTION ( 'NONE',  ( 0.3420201433256616630, 0.000000000000000000, 0.9396926207859109814 ) ) ;
#6129 = ORIENTED_EDGE ( 'NONE', *, *, #7385, .F. ) ;
#6130 = EDGE_CURVE ( 'NONE', #11466, #832, #9194, .T. ) ;
#6131 = CARTESIAN_POINT ( 'NONE',  ( -14.05000000000000782, 4.000000000000000000, -11.05000000000001315 ) ) ;
#6132 = DIRECTION ( 'NONE',  ( 0.000000000000000000, 0.000000000000000000, -1.000000000000000000 ) ) ;
#6133 = CARTESIAN_POINT ( 'NONE',  ( 50.99857113690718791, 10.50000000000000000, -12.25000000000000178 ) ) ;
#6134 = ADVANCED_FACE ( 'NONE', ( #9562 ), #6909, .T. ) ;
#6135 = ORIENTED_EDGE ( 'NONE', *, *, #3881, .F. ) ;
#6136 = ORIENTED_EDGE ( 'NONE', *, *, #2337, .F. ) ;
#6137 = FACE_OUTER_BOUND ( 'NONE', #3910, .T. ) ;
#6138 = AXIS2_PLACEMENT_3D ( 'NONE', #2011, #5638, #10234 ) ;
#6139 = VERTEX_POINT ( 'NONE', #7086 ) ;
#6140 = CARTESIAN_POINT ( 'NONE',  ( -44.86919264613324998, 13.30034953508066309, -12.27717671750640704 ) ) ;
#6141 = AXIS2_PLACEMENT_3D ( 'NONE', #2188, #4809, #1139 ) ;
#6142 = CARTESIAN_POINT ( 'NONE',  ( -51.95000000000000995, 6.583039804977646625, -3.819531250000046896 ) ) ;
#6143 = DIRECTION ( 'NONE',  ( -1.000000000000000000, 0.000000000000000000, -7.304098846218136886E-17 ) ) ;
#6144 = FACE_OUTER_BOUND ( 'NONE', #7115, .T. ) ;
#6145 = CARTESIAN_POINT ( 'NONE',  ( 2.009170479469691184, 14.00000000000000000, 14.75000000000000178 ) ) ;
#6146 = ADVANCED_FACE ( 'NONE', ( #11704 ), #1690, .F. ) ;
#6147 = AXIS2_PLACEMENT_3D ( 'NONE', #7641, #9443, #5965 ) ;
#6148 = ADVANCED_FACE ( 'NONE', ( #2632 ), #3413, .F. ) ;
#6149 = EDGE_CURVE ( 'NONE', #2786, #7265, #3590, .T. ) ;
#6150 = CARTESIAN_POINT ( 'NONE',  ( 31.10000000000002984, 0.2531612188914913464, 2.298623679425837008 ) ) ;
#6151 = ORIENTED_EDGE ( 'NONE', *, *, #1581, .T. ) ;
#6152 = LINE ( 'NONE', #7101, #9765 ) ;
#6153 = ORIENTED_EDGE ( 'NONE', *, *, #11549, .F. ) ;
#6154 = ORIENTED_EDGE ( 'NONE', *, *, #9034, .F. ) ;
#6155 = VECTOR ( 'NONE', #11517, 1000.000000000000000 ) ;
#6156 = LINE ( 'NONE', #10881, #10969 ) ;
#6157 = CARTESIAN_POINT ( 'NONE',  ( -20.00000000000001066, 10.50000000000000000, -13.55000000000000071 ) ) ;
#6158 = VECTOR ( 'NONE', #7032, 1000.000000000000000 ) ;
#6159 = DIRECTION ( 'NONE',  ( 0.000000000000000000, 0.000000000000000000, 1.000000000000000000 ) ) ;
#6160 = CARTESIAN_POINT ( 'NONE',  ( -52.25000000000001421, 7.899999999999999467, -2.924999999999972289 ) ) ;
#6161 = ORIENTED_EDGE ( 'NONE', *, *, #10520, .F. ) ;
#6162 = DIRECTION ( 'NONE',  ( 0.000000000000000000, 0.000000000000000000, -1.000000000000000000 ) ) ;
#6163 = AXIS2_PLACEMENT_3D ( 'NONE', #8214, #3685, #9227 ) ;
#6164 = EDGE_LOOP ( 'NONE', ( #10648, #1467, #9871, #8656, #7719, #10834, #9064, #9998, #2142, #8217 ) ) ;
#6165 = VECTOR ( 'NONE', #2143, 1000.000000000000000 ) ;
#6166 = ORIENTED_EDGE ( 'NONE', *, *, #7831, .F. ) ;
#6167 = DIRECTION ( 'NONE',  ( 1.000000000000000000, 0.000000000000000000, 0.000000000000000000 ) ) ;
#6168 = CARTESIAN_POINT ( 'NONE',  ( -52.11873040192975992, 8.147917084383076158, -4.337720183757252990 ) ) ;
#6169 = DIRECTION ( 'NONE',  ( -1.000000000000000000, 0.000000000000000000, -0.000000000000000000 ) ) ;
#6170 = ORIENTED_EDGE ( 'NONE', *, *, #7781, .T. ) ;
#6171 = FACE_OUTER_BOUND ( 'NONE', #10791, .T. ) ;
#6172 = VECTOR ( 'NONE', #366, 1000.000000000000000 ) ;
#6173 = CARTESIAN_POINT ( 'NONE',  ( 38.49211819145300950, -0.001000000000000024307, 0.6848287258246765763 ) ) ;
#6174 = ORIENTED_EDGE ( 'NONE', *, *, #7381, .F. ) ;
#6175 = CARTESIAN_POINT ( 'NONE',  ( -15.05000000000000782, 6.000000000000000000, -11.05000000000001315 ) ) ;
#6176 = VECTOR ( 'NONE', #8163, 1000.000000000000000 ) ;
#6177 = CARTESIAN_POINT ( 'NONE',  ( -52.22340835089975997, 9.094609242404771976, -3.692296232791189237 ) ) ;
#6178 = ORIENTED_EDGE ( 'NONE', *, *, #4770, .T. ) ;
#6179 = DIRECTION ( 'NONE',  ( 0.000000000000000000, 1.000000000000000000, 0.000000000000000000 ) ) ;
#6180 = ORIENTED_EDGE ( 'NONE', *, *, #856, .T. ) ;
#6181 = DIRECTION ( 'NONE',  ( 1.000000000000000000, 0.000000000000000000, 0.000000000000000000 ) ) ;
#6182 = ADVANCED_FACE ( 'NONE', ( #6137 ), #4429, .F. ) ;
#6183 = FACE_OUTER_BOUND ( 'NONE', #10479, .T. ) ;
#6184 = EDGE_CURVE ( 'NONE', #597, #4076, #9963, .T. ) ;
#6185 = CARTESIAN_POINT ( 'NONE',  ( 30.35000000000000142, -0.001000000000000024307, -3.150000000000002576 ) ) ;
#6186 = LINE ( 'NONE', #799, #3476 ) ;
#6187 = AXIS2_PLACEMENT_3D ( 'NONE', #5084, #2403, #10574 ) ;
#6188 = EDGE_CURVE ( 'NONE', #6585, #8436, #8057, .T. ) ;
#6189 = AXIS2_PLACEMENT_3D ( 'NONE', #7858, #11615, #6115 ) ;
#6190 = AXIS2_PLACEMENT_3D ( 'NONE', #10582, #2521, #8071 ) ;
#6191 = AXIS2_PLACEMENT_3D ( 'NONE', #2076, #423, #542 ) ;
#6192 = LINE ( 'NONE', #7141, #10043 ) ;
#6193 = ORIENTED_EDGE ( 'NONE', *, *, #373, .F. ) ;
#6194 = DIRECTION ( 'NONE',  ( 0.000000000000000000, 0.000000000000000000, -1.000000000000000000 ) ) ;
#6195 = CARTESIAN_POINT ( 'NONE',  ( 0.000000000000000000, 12.30000000000000071, -12.25000000000000178 ) ) ;
#6196 = ORIENTED_EDGE ( 'NONE', *, *, #11395, .F. ) ;
#6197 = ORIENTED_EDGE ( 'NONE', *, *, #6880, .F. ) ;
#6198 = ORIENTED_EDGE ( 'NONE', *, *, #1140, .T. ) ;
#6199 = DIRECTION ( 'NONE',  ( -0.8660254037844390407, -0.000000000000000000, -0.4999999999999992784 ) ) ;
#6200 = AXIS2_PLACEMENT_3D ( 'NONE', #8194, #828, #6159 ) ;
#6201 = CARTESIAN_POINT ( 'NONE',  ( -42.15000000000000568, 4.015686516701556741, 12.50000000000000000 ) ) ;
#6202 = TOROIDAL_SURFACE ( 'NONE', #3355, 2.250000000000005329, 3.000000000000000000 ) ;
#6203 = CARTESIAN_POINT ( 'NONE',  ( -50.75000000000000711, 13.74843699104228989, 4.750000000000000888 ) ) ;
#6204 = ADVANCED_FACE ( 'NONE', ( #5323 ), #686, .F. ) ;
#6205 = CARTESIAN_POINT ( 'NONE',  ( -45.00000000000000711, 13.29999999999999893, -12.25000000000000178 ) ) ;
#6206 = DIRECTION ( 'NONE',  ( -1.000000000000000000, 0.000000000000000000, 0.000000000000000000 ) ) ;
#6207 = LINE ( 'NONE', #5544, #8224 ) ;
#6208 = EDGE_CURVE ( 'NONE', #8186, #7788, #10346, .T. ) ;
#6209 = PLANE ( 'NONE',  #10795 ) ;
#6210 = VECTOR ( 'NONE', #1519, 1000.000000000000000 ) ;
#6211 = FACE_BOUND ( 'NONE', #1978, .T. ) ;
#6212 = CIRCLE ( 'NONE', #4131, 3.999999999999998224 ) ;
#6213 = DIRECTION ( 'NONE',  ( 0.000000000000000000, 0.000000000000000000, 1.000000000000000000 ) ) ;
#6214 = AXIS2_PLACEMENT_3D ( 'NONE', #4349, #7973, #10714 ) ;
#6215 = VERTEX_POINT ( 'NONE', #4372 ) ;
#6216 = CARTESIAN_POINT ( 'NONE',  ( 30.86791715065474762, 3.388131789017199877E-16, 2.092751484835273068 ) ) ;
#6217 = EDGE_LOOP ( 'NONE', ( #459, #3463, #9710, #9472 ) ) ;
#6218 = DIRECTION ( 'NONE',  ( -0.000000000000000000, 0.000000000000000000, 1.000000000000000000 ) ) ;
#6219 = EDGE_CURVE ( 'NONE', #8266, #9828, #1599, .T. ) ;
#6220 = ORIENTED_EDGE ( 'NONE', *, *, #5907, .T. ) ;
#6221 = LINE ( 'NONE', #5212, #921 ) ;
#6222 = CARTESIAN_POINT ( 'NONE',  ( -52.24731767899169199, 9.337999709794038594, -3.258922934675999805 ) ) ;
#6223 = EDGE_CURVE ( 'NONE', #9518, #1813, #7943, .T. ) ;
#6224 = CARTESIAN_POINT ( 'NONE',  ( -43.11895538030712061, 3.350779397173655028, -8.606184997537431158 ) ) ;
#6225 = DIRECTION ( 'NONE',  ( -0.000000000000000000, 1.000000000000000000, -0.000000000000000000 ) ) ;
#6226 = VERTEX_POINT ( 'NONE', #4488 ) ;
#6227 = LINE ( 'NONE', #7967, #7905 ) ;
#6228 = ORIENTED_EDGE ( 'NONE', *, *, #7276, .F. ) ;
#6229 = VECTOR ( 'NONE', #3701, 1000.000000000000000 ) ;
#6230 = ORIENTED_EDGE ( 'NONE', *, *, #10096, .F. ) ;
#6231 = CARTESIAN_POINT ( 'NONE',  ( 0.000000000000000000, 0.5000000000000000000, 0.000000000000000000 ) ) ;
#6232 = EDGE_CURVE ( 'NONE', #4065, #304, #2, .T. ) ;
#6233 = CARTESIAN_POINT ( 'NONE',  ( -52.00319465118826656, 7.657297053226313821, -4.338305428497882588 ) ) ;
#6234 = LINE ( 'NONE', #781, #882 ) ;
#6235 = DIRECTION ( 'NONE',  ( 0.000000000000000000, 0.000000000000000000, 1.000000000000000000 ) ) ;
#6236 = EDGE_CURVE ( 'NONE', #1308, #1735, #3353, .T. ) ;
#6237 = ORIENTED_EDGE ( 'NONE', *, *, #8255, .F. ) ;
#6238 = DIRECTION ( 'NONE',  ( 0.000000000000000000, 0.000000000000000000, -1.000000000000000000 ) ) ;
#6239 = VERTEX_POINT ( 'NONE', #8834 ) ;
#6240 = AXIS2_PLACEMENT_3D ( 'NONE', #6185, #9835, #1681 ) ;
#6241 = CARTESIAN_POINT ( 'NONE',  ( 47.49999999999999289, 2.499999999999999556, 9.500000000000001776 ) ) ;
#6242 = VERTEX_POINT ( 'NONE', #9845 ) ;
#6243 = CARTESIAN_POINT ( 'NONE',  ( 20.65000000000000213, 4.999999999999999112, -8.849999999999997868 ) ) ;
#6244 = VERTEX_POINT ( 'NONE', #635 ) ;
#6245 = FACE_OUTER_BOUND ( 'NONE', #8976, .T. ) ;
#6246 = ORIENTED_EDGE ( 'NONE', *, *, #10736, .T. ) ;
#6247 = FILL_AREA_STYLE_COLOUR ( '', #4607 ) ;
#6248 = CARTESIAN_POINT ( 'NONE',  ( 29.67990721539208465, 0.1365297440404863172, -12.25378063088371228 ) ) ;
#6249 = DIRECTION ( 'NONE',  ( 0.000000000000000000, 0.000000000000000000, -1.000000000000000000 ) ) ;
#6250 = LINE ( 'NONE', #5373, #10716 ) ;
#6251 = DIRECTION ( 'NONE',  ( 0.000000000000000000, 0.000000000000000000, 1.000000000000000000 ) ) ;
#6252 = AXIS2_PLACEMENT_3D ( 'NONE', #2797, #2906, #10121 ) ;
#6253 = DIRECTION ( 'NONE',  ( -0.000000000000000000, -0.000000000000000000, 1.000000000000000000 ) ) ;
#6254 = VECTOR ( 'NONE', #11396, 1000.000000000000000 ) ;
#6255 = ORIENTED_EDGE ( 'NONE', *, *, #758, .F. ) ;
#6256 = CARTESIAN_POINT ( 'NONE',  ( 30.79999999999998295, 3.000000000000000000, -11.75000000000000355 ) ) ;
#6257 = DIRECTION ( 'NONE',  ( 0.000000000000000000, 0.000000000000000000, -1.000000000000000000 ) ) ;
#6258 = ORIENTED_EDGE ( 'NONE', *, *, #7911, .F. ) ;
#6259 = ORIENTED_EDGE ( 'NONE', *, *, #2511, .T. ) ;
#6260 = ORIENTED_EDGE ( 'NONE', *, *, #8622, .F. ) ;
#6261 = EDGE_CURVE ( 'NONE', #9947, #2027, #4250, .T. ) ;
#6262 = DIRECTION ( 'NONE',  ( -1.000000000000000000, 0.000000000000000000, 0.000000000000000000 ) ) ;
#6263 = CARTESIAN_POINT ( 'NONE',  ( -47.50000000000000711, 2.499999999999999556, 8.650000000000002132 ) ) ;
#6264 = DIRECTION ( 'NONE',  ( -1.000000000000000000, 0.000000000000000000, 3.154042683594192162E-16 ) ) ;
#6265 = FACE_OUTER_BOUND ( 'NONE', #8625, .T. ) ;
#6266 = CARTESIAN_POINT ( 'NONE',  ( 22.88234969852236489, 0.1248391197358923316, 1.966862494131279115 ) ) ;
#6267 = VECTOR ( 'NONE', #8603, 1000.000000000000000 ) ;
#6268 = B_SPLINE_CURVE_WITH_KNOTS ( 'NONE', 3,
 ( #8902, #873, #2641, #4437, #6266, #10872, #10641, #9075 ),
 .UNSPECIFIED., .F., .F.,
 ( 4, 2, 2, 4 ),
 ( -3.466145320686911760E-06, 0.0002882777914485881764, 0.0004341497598332300198, 0.0005800217282178718632 ),
 .UNSPECIFIED. ) ;
#6269 = CARTESIAN_POINT ( 'NONE',  ( 45.25000000000000711, 6.500000000000000000, -12.25000000000000000 ) ) ;
#6270 = DIRECTION ( 'NONE',  ( 0.000000000000000000, 1.000000000000000000, -0.000000000000000000 ) ) ;
#6271 = EDGE_CURVE ( 'NONE', #8321, #5694, #10687, .T. ) ;
#6272 = CARTESIAN_POINT ( 'NONE',  ( -51.98558673494321170, 8.495702590247873331, 4.258298117934724125 ) ) ;
#6273 = VERTEX_POINT ( 'NONE', #1628 ) ;
#6274 = EDGE_CURVE ( 'NONE', #9657, #1687, #8896, .T. ) ;
#6275 = LINE ( 'NONE', #9087, #1593 ) ;
#6276 = ORIENTED_EDGE ( 'NONE', *, *, #8180, .T. ) ;
#6277 = CARTESIAN_POINT ( 'NONE',  ( 50.25000000000000000, 10.50000000000000000, 0.000000000000000000 ) ) ;
#6278 = CARTESIAN_POINT ( 'NONE',  ( -37.54999999999999716, 11.29999999999999716, -14.25000000000000355 ) ) ;
#6279 = ORIENTED_EDGE ( 'NONE', *, *, #8208, .F. ) ;
#6280 = CARTESIAN_POINT ( 'NONE',  ( -44.85417054588715757, 3.946690159431373690, -9.215513343608808583 ) ) ;
#6281 = CARTESIAN_POINT ( 'NONE',  ( -39.55000000000000426, 4.015686516701556741, 12.50000000000000000 ) ) ;
#6282 = ORIENTED_EDGE ( 'NONE', *, *, #54, .T. ) ;
#6283 = ADVANCED_FACE ( 'NONE', ( #748 ), #168, .T. ) ;
#6284 = DIRECTION ( 'NONE',  ( 1.000000000000000000, -0.000000000000000000, 0.000000000000000000 ) ) ;
#6285 = ORIENTED_EDGE ( 'NONE', *, *, #10222, .F. ) ;
#6286 = ORIENTED_EDGE ( 'NONE', *, *, #7276, .T. ) ;
#6287 = EDGE_CURVE ( 'NONE', #11539, #7417, #5499, .T. ) ;
#6288 = CARTESIAN_POINT ( 'NONE',  ( -39.90000000000000568, 4.000000000000000000, 12.25000000000000000 ) ) ;
#6289 = CARTESIAN_POINT ( 'NONE',  ( -52.00630698373560534, 8.022626916553404541, -4.349909309300405091 ) ) ;
#6290 = AXIS2_PLACEMENT_3D ( 'NONE', #3495, #782, #6235 ) ;
#6291 = CARTESIAN_POINT ( 'NONE',  ( 30.86671194549464303, 0.08043140586345273735, -12.44398593610506687 ) ) ;
#6292 = CARTESIAN_POINT ( 'NONE',  ( -40.15000000000000568, 4.015686516701556741, 12.50000000000000000 ) ) ;
#6293 = FACE_OUTER_BOUND ( 'NONE', #5001, .T. ) ;
#6294 = ORIENTED_EDGE ( 'NONE', *, *, #5361, .F. ) ;
#6295 = CARTESIAN_POINT ( 'NONE',  ( -47.50000000000000711, 7.500000000000000000, -8.650000000000002132 ) ) ;
#6296 = ORIENTED_EDGE ( 'NONE', *, *, #11301, .F. ) ;
#6297 = ADVANCED_FACE ( 'NONE', ( #1165 ), #9247, .T. ) ;
#6298 = AXIS2_PLACEMENT_3D ( 'NONE', #4463, #8089, #8207 ) ;
#6299 = CARTESIAN_POINT ( 'NONE',  ( 30.35000000000000142, -0.001000000000000024307, -3.150000000000002576 ) ) ;
#6300 = EDGE_CURVE ( 'NONE', #9582, #1360, #4778, .T. ) ;
#6301 = DIRECTION ( 'NONE',  ( -1.000000000000000000, 0.000000000000000000, 0.000000000000000000 ) ) ;
#6302 = ORIENTED_EDGE ( 'NONE', *, *, #2380, .F. ) ;
#6303 = CARTESIAN_POINT ( 'NONE',  ( -52.20654232640314518, 7.034772410532257325, 4.007613973532503593 ) ) ;
#6304 = ORIENTED_EDGE ( 'NONE', *, *, #6373, .T. ) ;
#6305 = B_SPLINE_CURVE_WITH_KNOTS ( 'NONE', 3,
 ( #9466, #2022, #8565, #9952, #8383, #5645, #1795, #4753, #10417, #11376, #8799, #9525, #11547, #6825, #9750, #9645 ),
 .UNSPECIFIED., .F., .F.,
 ( 4, 2, 2, 2, 2, 2, 2, 4 ),
 ( 0.000000000000000000, 0.0003197969700837051637, 0.0006395939401674111948, 0.0009593909102511170633, 0.001279187880334823257, 0.001598984850418529126, 0.001918781820502234994, 0.002558375760669650851 ),
 .UNSPECIFIED. ) ;
#6306 = FACE_OUTER_BOUND ( 'NONE', #5895, .T. ) ;
#6307 = ORIENTED_EDGE ( 'NONE', *, *, #9991, .T. ) ;
#6308 = DIRECTION ( 'NONE',  ( 0.000000000000000000, 0.000000000000000000, -1.000000000000000000 ) ) ;
#6309 = CARTESIAN_POINT ( 'NONE',  ( 0.000000000000000000, 12.30000000000000071, 0.000000000000000000 ) ) ;
#6310 = AXIS2_PLACEMENT_3D ( 'NONE', #6467, #5525, #6586 ) ;
#6311 = CARTESIAN_POINT ( 'NONE',  ( -25.50000000000000711, 10.50000000000000000, 13.55000000000000249 ) ) ;
#6312 = DIRECTION ( 'NONE',  ( -1.000000000000000000, 0.000000000000000000, -5.139921410301651289E-17 ) ) ;
#6313 = LINE ( 'NONE', #10631, #3381 ) ;
#6314 = ORIENTED_EDGE ( 'NONE', *, *, #3427, .T. ) ;
#6315 = EDGE_LOOP ( 'NONE', ( #6848, #1476, #3970, #6869 ) ) ;
#6316 = FACE_OUTER_BOUND ( 'NONE', #2726, .T. ) ;
#6317 = ORIENTED_EDGE ( 'NONE', *, *, #2279, .F. ) ;
#6318 = VERTEX_POINT ( 'NONE', #9126 ) ;
#6319 = DIRECTION ( 'NONE',  ( 9.856182124392324236E-16, 0.000000000000000000, 1.000000000000000000 ) ) ;
#6320 = CARTESIAN_POINT ( 'NONE',  ( 20.65000000000000213, 0.5999999999999989786, -12.25000000000000178 ) ) ;
#6321 = DIRECTION ( 'NONE',  ( 0.000000000000000000, 0.6931369447486045443, -0.7208059210526575056 ) ) ;
#6322 = CARTESIAN_POINT ( 'NONE',  ( 31.09999999999998010, -0.001000000000000024307, -12.11869555732604908 ) ) ;
#6323 = DIRECTION ( 'NONE',  ( 0.000000000000000000, 0.000000000000000000, 1.000000000000000000 ) ) ;
#6324 = CARTESIAN_POINT ( 'NONE',  ( -7.849999999999971223, 12.30000000000000071, 14.19019237886469220 ) ) ;
#6325 = LINE ( 'NONE', #8958, #4198 ) ;
#6326 = ORIENTED_EDGE ( 'NONE', *, *, #3518, .T. ) ;
#6327 = CARTESIAN_POINT ( 'NONE',  ( 10.24999999999999112, 2.499999999999999556, 4.900000000000001243 ) ) ;
#6328 = ORIENTED_EDGE ( 'NONE', *, *, #9603, .F. ) ;
#6329 = AXIS2_PLACEMENT_3D ( 'NONE', #3018, #1128, #3853 ) ;
#6330 = DIRECTION ( 'NONE',  ( -0.7071067811865507924, 0.000000000000000000, 0.7071067811865441310 ) ) ;
#6331 = EDGE_LOOP ( 'NONE', ( #6479, #8831, #2432, #4466, #11070, #747, #5195, #1177 ) ) ;
#6332 = VERTEX_POINT ( 'NONE', #7394 ) ;
#6333 = CARTESIAN_POINT ( 'NONE',  ( -37.29999999999999716, 0.000000000000000000, -12.50000000000000000 ) ) ;
#6334 = CARTESIAN_POINT ( 'NONE',  ( -14.05000000000000782, 3.199999999999999734, 8.968403375880702910 ) ) ;
#6335 = CARTESIAN_POINT ( 'NONE',  ( 38.61960222758092698, 0.000000000000000000, -7.404841829914339257 ) ) ;
#6336 = EDGE_CURVE ( 'NONE', #11526, #2265, #2927, .T. ) ;
#6337 = CIRCLE ( 'NONE', #660, 2.000000000000000000 ) ;
#6338 = CARTESIAN_POINT ( 'NONE',  ( 47.49999999999999289, 7.500000000000000000, 8.650000000000002132 ) ) ;
#6339 = EDGE_CURVE ( 'NONE', #10806, #7124, #4725, .T. ) ;
#6340 = EDGE_CURVE ( 'NONE', #9375, #10826, #4072, .T. ) ;
#6341 = DIRECTION ( 'NONE',  ( -0.000000000000000000, 1.000000000000000000, -0.000000000000000000 ) ) ;
#6342 = VERTEX_POINT ( 'NONE', #11050 ) ;
#6343 = ORIENTED_EDGE ( 'NONE', *, *, #1580, .T. ) ;
#6344 = VECTOR ( 'NONE', #9615, 1000.000000000000000 ) ;
#6345 = AXIS2_PLACEMENT_3D ( 'NONE', #10928, #6444, #987 ) ;
#6346 = CYLINDRICAL_SURFACE ( 'NONE', #5231, 0.3000000000000016542 ) ;
#6347 = DIRECTION ( 'NONE',  ( 0.000000000000000000, 1.000000000000000000, -0.000000000000000000 ) ) ;
#6348 = CARTESIAN_POINT ( 'NONE',  ( -42.15000000000000568, 6.000000000000000000, -14.25000000000000355 ) ) ;
#6349 = DIRECTION ( 'NONE',  ( 1.000000000000000000, -0.000000000000000000, 0.000000000000000000 ) ) ;
#6350 = ADVANCED_FACE ( 'NONE', ( #223 ), #6380, .T. ) ;
#6351 = VERTEX_POINT ( 'NONE', #7453 ) ;
#6352 = EDGE_CURVE ( 'NONE', #3055, #8806, #10021, .T. ) ;
#6353 = ORIENTED_EDGE ( 'NONE', *, *, #852, .T. ) ;
#6354 = DIRECTION ( 'NONE',  ( 0.000000000000000000, -0.000000000000000000, 1.000000000000000000 ) ) ;
#6355 = VECTOR ( 'NONE', #8405, 1000.000000000000000 ) ;
#6356 = VECTOR ( 'NONE', #6771, 1000.000000000000000 ) ;
#6357 = CARTESIAN_POINT ( 'NONE',  ( 22.08039777241905810, 0.000000000000000000, -7.404841829914301066 ) ) ;
#6358 = ORIENTED_EDGE ( 'NONE', *, *, #5107, .F. ) ;
#6359 = VECTOR ( 'NONE', #9027, 1000.000000000000000 ) ;
#6360 = CARTESIAN_POINT ( 'NONE',  ( 23.85000000000000142, 0.5999999999999989786, -10.34999999999999787 ) ) ;
#6361 = ORIENTED_EDGE ( 'NONE', *, *, #8329, .F. ) ;
#6362 = DIRECTION ( 'NONE',  ( -0.000000000000000000, 1.000000000000000000, -0.000000000000000000 ) ) ;
#6363 = EDGE_LOOP ( 'NONE', ( #7635, #8536, #11749, #8350 ) ) ;
#6364 = CARTESIAN_POINT ( 'NONE',  ( -20.00000000000001066, 14.09999999999999964, -14.75000000000000178 ) ) ;
#6365 = ORIENTED_EDGE ( 'NONE', *, *, #7679, .F. ) ;
#6366 = CIRCLE ( 'NONE', #4289, 3.000000000000000000 ) ;
#6367 = VECTOR ( 'NONE', #1805, 1000.000000000000000 ) ;
#6368 = FACE_OUTER_BOUND ( 'NONE', #8913, .T. ) ;
#6369 = ORIENTED_EDGE ( 'NONE', *, *, #4899, .T. ) ;
#6370 = DIRECTION ( 'NONE',  ( 1.000000000000000000, 0.000000000000000000, -1.176083712526649195E-16 ) ) ;
#6371 = EDGE_CURVE ( 'NONE', #3207, #3851, #8410, .T. ) ;
#6372 = DIRECTION ( 'NONE',  ( 0.000000000000000000, 0.000000000000000000, 1.000000000000000000 ) ) ;
#6373 = EDGE_CURVE ( 'NONE', #5019, #11008, #2102, .T. ) ;
#6374 = DIRECTION ( 'NONE',  ( 0.000000000000000000, 1.000000000000000000, 0.000000000000000000 ) ) ;
#6375 = ORIENTED_EDGE ( 'NONE', *, *, #5935, .F. ) ;
#6376 = VECTOR ( 'NONE', #6284, 1000.000000000000000 ) ;
#6377 = DIRECTION ( 'NONE',  ( 0.000000000000000000, 1.000000000000000000, -0.000000000000000000 ) ) ;
#6378 = AXIS2_PLACEMENT_3D ( 'NONE', #5354, #3386, #8871 ) ;
#6379 = VERTEX_POINT ( 'NONE', #4666 ) ;
#6380 = CYLINDRICAL_SURFACE ( 'NONE', #7297, 1.000000000000000888 ) ;
#6381 = DIRECTION ( 'NONE',  ( 0.8660254037844389297, 0.000000000000000000, 0.4999999999999993894 ) ) ;
#6382 = CARTESIAN_POINT ( 'NONE',  ( -44.75000000000000711, 13.28431348329844219, -12.50000000000000000 ) ) ;
#6383 = AXIS2_PLACEMENT_3D ( 'NONE', #5024, #8485, #2343 ) ;
#6384 = DIRECTION ( 'NONE',  ( 0.000000000000000000, 1.000000000000000000, -0.000000000000000000 ) ) ;
#6385 = AXIS2_PLACEMENT_3D ( 'NONE', #11480, #4338, #7901 ) ;
#6386 = EDGE_CURVE ( 'NONE', #10343, #2088, #2874, .T. ) ;
#6387 = FACE_OUTER_BOUND ( 'NONE', #4315, .T. ) ;
#6388 = CARTESIAN_POINT ( 'NONE',  ( -20.00000000000001066, 12.30000000000000071, 13.55000000000000604 ) ) ;
#6389 = DIRECTION ( 'NONE',  ( 0.000000000000000000, 0.000000000000000000, -1.000000000000000000 ) ) ;
#6390 = ORIENTED_EDGE ( 'NONE', *, *, #5921, .T. ) ;
#6391 = VECTOR ( 'NONE', #2233, 1000.000000000000000 ) ;
#6392 = PLANE ( 'NONE',  #11675 ) ;
#6393 = ORIENTED_EDGE ( 'NONE', *, *, #2145, .T. ) ;
#6394 = AXIS2_PLACEMENT_3D ( 'NONE', #8548, #4014, #11290 ) ;
#6395 = DIRECTION ( 'NONE',  ( -0.000000000000000000, -1.000000000000000000, 0.000000000000000000 ) ) ;
#6396 = VERTEX_POINT ( 'NONE', #3707 ) ;
#6397 = VERTEX_POINT ( 'NONE', #274 ) ;
#6398 = CYLINDRICAL_SURFACE ( 'NONE', #9047, 0.2999999999999998779 ) ;
#6399 = LINE ( 'NONE', #3010, #10212 ) ;
#6400 = CARTESIAN_POINT ( 'NONE',  ( -44.75000000000000711, 2.658044035770915267E-15, 14.25000000000000533 ) ) ;
#6401 = AXIS2_PLACEMENT_3D ( 'NONE', #10731, #9770, #796 ) ;
#6402 = VECTOR ( 'NONE', #1898, 1000.000000000000000 ) ;
#6403 = CARTESIAN_POINT ( 'NONE',  ( -52.40568058483292901, 6.815219914338410234, 3.641416195902966724 ) ) ;
#6404 = LINE ( 'NONE', #3791, #10115 ) ;
#6405 = CARTESIAN_POINT ( 'NONE',  ( -44.75000000000000711, 13.28431348329844219, -12.50000000000000000 ) ) ;
#6406 = ORIENTED_EDGE ( 'NONE', *, *, #8016, .T. ) ;
#6407 = ORIENTED_EDGE ( 'NONE', *, *, #4182, .F. ) ;
#6408 = CIRCLE ( 'NONE', #5008, 1.300000000000001155 ) ;
#6409 = ADVANCED_FACE ( 'NONE', ( #3886 ), #5214, .T. ) ;
#6410 = VECTOR ( 'NONE', #2710, 1000.000000000000000 ) ;
#6411 = LINE ( 'NONE', #10053, #9930 ) ;
#6412 = EDGE_CURVE ( 'NONE', #7004, #1735, #9312, .T. ) ;
#6413 = CARTESIAN_POINT ( 'NONE',  ( 0.000000000000000000, 4.000000000000000000, 8.949999999999992184 ) ) ;
#6414 = DIRECTION ( 'NONE',  ( 0.000000000000000000, 1.000000000000000000, 0.000000000000000000 ) ) ;
#6415 = CARTESIAN_POINT ( 'NONE',  ( 47.50000000000000000, 0.000000000000000000, -9.500000000000001776 ) ) ;
#6416 = CARTESIAN_POINT ( 'NONE',  ( -8.107033542344556309, 12.30000000000000071, -14.04179399400123351 ) ) ;
#6417 = AXIS2_PLACEMENT_3D ( 'NONE', #10031, #1876, #176 ) ;
#6418 = DIRECTION ( 'NONE',  ( 0.000000000000000000, -1.000000000000000000, 0.000000000000000000 ) ) ;
#6419 = VERTEX_POINT ( 'NONE', #931 ) ;
#6420 = ORIENTED_EDGE ( 'NONE', *, *, #2714, .F. ) ;
#6421 = LINE ( 'NONE', #4757, #5874 ) ;
#6422 = ORIENTED_EDGE ( 'NONE', *, *, #3536, .F. ) ;
#6423 = CARTESIAN_POINT ( 'NONE',  ( 45.25000000000000711, 0.5999999999999989786, -7.250000000000000000 ) ) ;
#6424 = ORIENTED_EDGE ( 'NONE', *, *, #9794, .T. ) ;
#6425 = EDGE_CURVE ( 'NONE', #5934, #5225, #8175, .T. ) ;
#6426 = ORIENTED_EDGE ( 'NONE', *, *, #9778, .T. ) ;
#6427 = ORIENTED_EDGE ( 'NONE', *, *, #7018, .T. ) ;
#6428 = EDGE_CURVE ( 'NONE', #10130, #6610, #1924, .T. ) ;
#6429 = CARTESIAN_POINT ( 'NONE',  ( -52.20650430357859051, 8.763231327893857170, 4.009004978326738744 ) ) ;
#6430 = EDGE_LOOP ( 'NONE', ( #10941, #512, #5947, #5978 ) ) ;
#6431 = B_SPLINE_CURVE_WITH_KNOTS ( 'NONE', 3,
 ( #4769, #7442, #8577, #266, #4883, #5887 ),
 .UNSPECIFIED., .F., .F.,
 ( 4, 2, 4 ),
 ( 0.000000000000000000, 0.0006160293431586617852, 0.001232058686317323570 ),
 .UNSPECIFIED. ) ;
#6432 = CARTESIAN_POINT ( 'NONE',  ( 30.35000000000000142, 0.000000000000000000, -3.150000000000002576 ) ) ;
#6433 = ORIENTED_EDGE ( 'NONE', *, *, #7950, .T. ) ;
#6434 = CYLINDRICAL_SURFACE ( 'NONE', #10497, 5.499999999999988454 ) ;
#6435 = CARTESIAN_POINT ( 'NONE',  ( -52.25000000000002132, 6.424687654520285562, -3.137801170208957213 ) ) ;
#6436 = CARTESIAN_POINT ( 'NONE',  ( -8.000000000000008882, 12.30000000000000071, 14.45000000000000107 ) ) ;
#6437 = CARTESIAN_POINT ( 'NONE',  ( -52.00633014137976318, 7.900000000003293721, -4.350000000000000533 ) ) ;
#6438 = VERTEX_POINT ( 'NONE', #8294 ) ;
#6439 = ORIENTED_EDGE ( 'NONE', *, *, #4548, .F. ) ;
#6440 = LINE ( 'NONE', #2924, #5114 ) ;
#6441 = ADVANCED_FACE ( 'NONE', ( #6843 ), #1393, .F. ) ;
#6442 = ORIENTED_EDGE ( 'NONE', *, *, #327, .T. ) ;
#6443 = EDGE_CURVE ( 'NONE', #11207, #3433, #11278, .T. ) ;
#6444 = DIRECTION ( 'NONE',  ( 0.000000000000000000, 1.000000000000000000, -0.000000000000000000 ) ) ;
#6445 = VECTOR ( 'NONE', #8473, 1000.000000000000000 ) ;
#6446 = CARTESIAN_POINT ( 'NONE',  ( 26.00635347795576990, 0.2531612188914927342, -6.523830892551231386 ) ) ;
#6447 = ORIENTED_EDGE ( 'NONE', *, *, #2082, .F. ) ;
#6448 = DIRECTION ( 'NONE',  ( -0.000000000000000000, 1.000000000000000000, -0.000000000000000000 ) ) ;
#6449 = EDGE_LOOP ( 'NONE', ( #1688, #1798, #651, #6228 ) ) ;
#6450 = CARTESIAN_POINT ( 'NONE',  ( 37.45000000000000284, 4.999999999999999112, 8.349999999999997868 ) ) ;
#6451 = DIRECTION ( 'NONE',  ( 0.000000000000000000, -0.6931369447486066537, -0.7208059210526553962 ) ) ;
#6452 = CARTESIAN_POINT ( 'NONE',  ( 37.45000000000000284, 0.5999999999999989786, 0.000000000000000000 ) ) ;
#6453 = PLANE ( 'NONE',  #10527 ) ;
#6454 = EDGE_CURVE ( 'NONE', #5073, #38, #11450, .T. ) ;
#6455 = CARTESIAN_POINT ( 'NONE',  ( 47.49999999999997868, 8.500000000000000000, -12.25000000000000178 ) ) ;
#6456 = EDGE_LOOP ( 'NONE', ( #1902, #5488, #2602, #9166, #5910, #11387 ) ) ;
#6457 = EDGE_CURVE ( 'NONE', #11521, #6679, #5006, .T. ) ;
#6458 = CARTESIAN_POINT ( 'NONE',  ( 37.59196736194169119, 0.5999999999999989786, -7.250000000000000000 ) ) ;
#6459 = CARTESIAN_POINT ( 'NONE',  ( -20.00000000000001066, 14.09999999999999964, -11.75000000000000355 ) ) ;
#6460 = CARTESIAN_POINT ( 'NONE',  ( -47.50000000000000711, 4.000000000000000000, 9.500000000000001776 ) ) ;
#6461 = CARTESIAN_POINT ( 'NONE',  ( 37.45000000000000284, 4.999999999999999112, 6.484690356689041479 ) ) ;
#6462 = CARTESIAN_POINT ( 'NONE',  ( 2.009170479469691184, 12.50000000000000000, 14.75000000000000178 ) ) ;
#6463 = CARTESIAN_POINT ( 'NONE',  ( 47.49999999999999289, 7.500000000000000000, -10.34999999999999787 ) ) ;
#6464 = ORIENTED_EDGE ( 'NONE', *, *, #7784, .F. ) ;
#6465 = ORIENTED_EDGE ( 'NONE', *, *, #8016, .F. ) ;
#6466 = ORIENTED_EDGE ( 'NONE', *, *, #11457, .F. ) ;
#6467 = CARTESIAN_POINT ( 'NONE',  ( -8.000000000000008882, 10.50000000000000000, -14.45000000000000107 ) ) ;
#6468 = DIRECTION ( 'NONE',  ( 0.000000000000000000, -1.000000000000000000, -0.000000000000000000 ) ) ;
#6469 = DIRECTION ( 'NONE',  ( -0.000000000000000000, -1.000000000000000000, -0.000000000000000000 ) ) ;
#6470 = FACE_OUTER_BOUND ( 'NONE', #9500, .T. ) ;
#6471 = DIRECTION ( 'NONE',  ( 0.000000000000000000, -1.000000000000000000, 0.000000000000000000 ) ) ;
#6472 = CARTESIAN_POINT ( 'NONE',  ( -42.33386918093541595, 13.29999999999999893, 12.25000000000000178 ) ) ;
#6473 = VERTEX_POINT ( 'NONE', #2272 ) ;
#6474 = EDGE_LOOP ( 'NONE', ( #4904, #4816, #4878, #3679 ) ) ;
#6475 = CARTESIAN_POINT ( 'NONE',  ( -44.93386918093541738, 4.000000000000000000, -12.25000000000000178 ) ) ;
#6476 = CARTESIAN_POINT ( 'NONE',  ( -52.70000000000000284, 6.999999999999999112, 4.750000000000001776 ) ) ;
#6477 = CARTESIAN_POINT ( 'NONE',  ( -8.947521086617219380E-16, 4.000000000000000000, 12.25000000000000355 ) ) ;
#6478 = AXIS2_PLACEMENT_3D ( 'NONE', #6256, #11516, #2503 ) ;
#6479 = ORIENTED_EDGE ( 'NONE', *, *, #7660, .F. ) ;
#6480 = CARTESIAN_POINT ( 'NONE',  ( -52.25000000000001421, 5.999999999999998224, 2.449999999999999734 ) ) ;
#6481 = ORIENTED_EDGE ( 'NONE', *, *, #8189, .F. ) ;
#6482 = DIRECTION ( 'NONE',  ( -0.000000000000000000, 1.000000000000000000, -0.000000000000000000 ) ) ;
#6483 = ORIENTED_EDGE ( 'NONE', *, *, #9741, .T. ) ;
#6484 = FILL_AREA_STYLE ('',( #6247 ) ) ;
#6485 = CARTESIAN_POINT ( 'NONE',  ( 31.09999999999998010, 0.3838500223531486899, -12.11869555732604908 ) ) ;
#6486 = EDGE_CURVE ( 'NONE', #1396, #5934, #507, .T. ) ;
#6487 = AXIS2_PLACEMENT_3D ( 'NONE', #9478, #2038, #10429 ) ;
#6488 = CARTESIAN_POINT ( 'NONE',  ( -52.44547663803059834, 6.630623286038176190, -3.227573038195372224 ) ) ;
#6489 = ORIENTED_EDGE ( 'NONE', *, *, #7833, .T. ) ;
#6490 = ORIENTED_EDGE ( 'NONE', *, *, #6665, .F. ) ;
#6491 = EDGE_CURVE ( 'NONE', #7497, #6967, #11691, .T. ) ;
#6492 = CARTESIAN_POINT ( 'NONE',  ( -45.20000000000000284, 16.50000000000000000, -6.750000000000000888 ) ) ;
#6493 = DIRECTION ( 'NONE',  ( -0.000000000000000000, 1.000000000000000000, -0.000000000000000000 ) ) ;
#6494 = ORIENTED_EDGE ( 'NONE', *, *, #3504, .F. ) ;
#6495 = DIRECTION ( 'NONE',  ( -0.8660254037844384856, 0.000000000000000000, 0.5000000000000003331 ) ) ;
#6496 = VECTOR ( 'NONE', #3875, 1000.000000000000000 ) ;
#6497 = DIRECTION ( 'NONE',  ( -1.000000000000000000, 0.000000000000000000, 1.084202172485504434E-16 ) ) ;
#6498 = CARTESIAN_POINT ( 'NONE',  ( -42.75000000000000000, 11.29999999999999716, 14.25000000000000355 ) ) ;
#6499 = ORIENTED_EDGE ( 'NONE', *, *, #3451, .F. ) ;
#6500 = ORIENTED_EDGE ( 'NONE', *, *, #4346, .F. ) ;
#6501 = CARTESIAN_POINT ( 'NONE',  ( -52.00316349883281219, 8.143615705931514626, 4.338179946693938582 ) ) ;
#6502 = LINE ( 'NONE', #10152, #9686 ) ;
#6503 = EDGE_CURVE ( 'NONE', #304, #7132, #2174, .T. ) ;
#6504 = DIRECTION ( 'NONE',  ( 2.891205793294712938E-15, 0.000000000000000000, 1.000000000000000000 ) ) ;
#6505 = EDGE_CURVE ( 'NONE', #11456, #8347, #1221, .T. ) ;
#6506 = AXIS2_PLACEMENT_3D ( 'NONE', #4840, #3957, #6251 ) ;
#6507 = CARTESIAN_POINT ( 'NONE',  ( 41.25000000000000000, 4.999999999999999112, 4.549999999999997158 ) ) ;
#6508 = VERTEX_POINT ( 'NONE', #2155 ) ;
#6509 = CARTESIAN_POINT ( 'NONE',  ( 0.000000000000000000, 8.500000000000000000, -12.25000000000000000 ) ) ;
#6510 = VERTEX_POINT ( 'NONE', #1453 ) ;
#6511 = FACE_OUTER_BOUND ( 'NONE', #6605, .T. ) ;
#6512 = AXIS2_PLACEMENT_3D ( 'NONE', #9104, #3744, #11136 ) ;
#6513 = DIRECTION ( 'NONE',  ( 0.6427876096865420275, 0.000000000000000000, 0.7660444431189757930 ) ) ;
#6514 = DIRECTION ( 'NONE',  ( -1.000000000000000000, 0.000000000000000000, 0.000000000000000000 ) ) ;
#6515 = EDGE_CURVE ( 'NONE', #2767, #10686, #7629, .T. ) ;
#6516 = CARTESIAN_POINT ( 'NONE',  ( -40.12304223721046981, 4.003042131983495011, -12.36956634074368111 ) ) ;
#6517 = EDGE_CURVE ( 'NONE', #3851, #605, #9546, .T. ) ;
#6518 = FACE_OUTER_BOUND ( 'NONE', #4804, .T. ) ;
#6519 = EDGE_CURVE ( 'NONE', #10937, #9391, #6541, .T. ) ;
#6520 = VECTOR ( 'NONE', #3421, 1000.000000000000000 ) ;
#6521 = CARTESIAN_POINT ( 'NONE',  ( -49.63826530612245591, 6.999999999999999112, 4.750000000000000888 ) ) ;
#6522 = VERTEX_POINT ( 'NONE', #8707 ) ;
#6523 = VERTEX_POINT ( 'NONE', #6787 ) ;
#6524 = B_SPLINE_CURVE_WITH_KNOTS ( 'NONE', 3,
 ( #2811, #11203, #11753, #979, #6435, #2684 ),
 .UNSPECIFIED., .F., .F.,
 ( 4, 2, 4 ),
 ( 0.000000000000000000, 0.0003762168376258427822, 0.0007524336752516855645 ),
 .UNSPECIFIED. ) ;
#6525 = DIRECTION ( 'NONE',  ( 0.000000000000000000, 0.000000000000000000, -1.000000000000000000 ) ) ;
#6526 = DIRECTION ( 'NONE',  ( 0.000000000000000000, 0.000000000000000000, -1.000000000000000000 ) ) ;
#6527 = CIRCLE ( 'NONE', #6900, 2.750000000000000888 ) ;
#6528 = CARTESIAN_POINT ( 'NONE',  ( 50.25000000000000000, 10.50000000000000000, -6.000000000000000000 ) ) ;
#6529 = CARTESIAN_POINT ( 'NONE',  ( -42.40000000000000568, 13.29999999999999893, -12.25000000000000178 ) ) ;
#6530 = AXIS2_PLACEMENT_3D ( 'NONE', #4621, #288, #123 ) ;
#6531 = CARTESIAN_POINT ( 'NONE',  ( -52.70000000000000284, 11.34999999999999964, -6.750000000000000000 ) ) ;
#6532 = AXIS2_PLACEMENT_3D ( 'NONE', #10242, #5755, #7260 ) ;
#6533 = DIRECTION ( 'NONE',  ( 0.000000000000000000, 0.000000000000000000, -1.000000000000000000 ) ) ;
#6534 = EDGE_CURVE ( 'NONE', #7458, #11526, #7814, .T. ) ;
#6535 = CARTESIAN_POINT ( 'NONE',  ( -50.25000000000000711, 13.79999999999999893, -7.249999999999999112 ) ) ;
#6536 = CARTESIAN_POINT ( 'NONE',  ( -37.13386918093542022, 4.000000000000000000, -12.25000000000000178 ) ) ;
#6537 = EDGE_LOOP ( 'NONE', ( #8751, #8227, #5539, #10071 ) ) ;
#6538 = DIRECTION ( 'NONE',  ( 0.000000000000000000, 0.000000000000000000, 1.000000000000000000 ) ) ;
#6539 = VERTEX_POINT ( 'NONE', #8468 ) ;
#6540 = ORIENTED_EDGE ( 'NONE', *, *, #11031, .F. ) ;
#6541 = CIRCLE ( 'NONE', #1984, 1.600000000000000755 ) ;
#6542 = ORIENTED_EDGE ( 'NONE', *, *, #5633, .F. ) ;
#6543 = EDGE_LOOP ( 'NONE', ( #7337, #107, #6977, #8880 ) ) ;
#6544 = LINE ( 'NONE', #7316, #127 ) ;
#6545 = VERTEX_POINT ( 'NONE', #3947 ) ;
#6546 = DIRECTION ( 'NONE',  ( 1.000000000000000000, 0.000000000000000000, 0.000000000000000000 ) ) ;
#6547 = ORIENTED_EDGE ( 'NONE', *, *, #2751, .T. ) ;
#6548 = DIRECTION ( 'NONE',  ( 0.000000000000000000, 0.000000000000000000, 1.000000000000000000 ) ) ;
#6549 = CARTESIAN_POINT ( 'NONE',  ( 31.28492982003389145, 0.3830959020469046350, -12.11630891927010545 ) ) ;
#6550 = AXIS2_PLACEMENT_3D ( 'NONE', #10174, #2784, #4522 ) ;
#6551 = FACE_OUTER_BOUND ( 'NONE', #5007, .T. ) ;
#6552 = CARTESIAN_POINT ( 'NONE',  ( -51.95000000000000995, 6.790980888402147642, 3.603289473684171629 ) ) ;
#6553 = ORIENTED_EDGE ( 'NONE', *, *, #2826, .F. ) ;
#6554 = CYLINDRICAL_SURFACE ( 'NONE', #1878, 6.800000000000002487 ) ;
#6555 = ORIENTED_EDGE ( 'NONE', *, *, #4623, .T. ) ;
#6556 = AXIS2_PLACEMENT_3D ( 'NONE', #932, #2635, #8672 ) ;
#6557 = DIRECTION ( 'NONE',  ( 1.000000000000000000, -0.000000000000000000, 0.000000000000000000 ) ) ;
#6558 = ADVANCED_FACE ( 'NONE', ( #9606 ), #8584, .T. ) ;
#6559 = CARTESIAN_POINT ( 'NONE',  ( 30.79999999999998650, 0.000000000000000000, -8.330492254602830826 ) ) ;
#6560 = EDGE_CURVE ( 'NONE', #11722, #7495, #5778, .T. ) ;
#6561 = DIRECTION ( 'NONE',  ( -3.154042683594192655E-16, 0.000000000000000000, -1.000000000000000000 ) ) ;
#6562 = ORIENTED_EDGE ( 'NONE', *, *, #4990, .F. ) ;
#6563 = ORIENTED_EDGE ( 'NONE', *, *, #8636, .F. ) ;
#6564 = CARTESIAN_POINT ( 'NONE',  ( 0.000000000000000000, 15.50000000000000000, 0.000000000000000000 ) ) ;
#6565 = AXIS2_PLACEMENT_3D ( 'NONE', #264, #1090, #7319 ) ;
#6566 = CARTESIAN_POINT ( 'NONE',  ( -42.17695776278954156, 13.29695786801650392, -12.36956634074368111 ) ) ;
#6567 = CARTESIAN_POINT ( 'NONE',  ( 10.24999999999999112, 2.499999999999999556, 10.90000000000000213 ) ) ;
#6568 = ORIENTED_EDGE ( 'NONE', *, *, #4779, .T. ) ;
#6569 = CARTESIAN_POINT ( 'NONE',  ( -53.20000000000000284, 7.500000000000000000, 6.749999999999950262 ) ) ;
#6570 = EDGE_CURVE ( 'NONE', #7677, #6215, #3699, .T. ) ;
#6571 = AXIS2_PLACEMENT_3D ( 'NONE', #1322, #11261, #7796 ) ;
#6572 = AXIS2_PLACEMENT_3D ( 'NONE', #839, #6169, #4285 ) ;
#6573 = EDGE_CURVE ( 'NONE', #4021, #4630, #11226, .T. ) ;
#6574 = CARTESIAN_POINT ( 'NONE',  ( -34.95000000000000284, 6.000000000000000000, 12.25000000000000533 ) ) ;
#6575 = LINE ( 'NONE', #2115, #7534 ) ;
#6576 = LINE ( 'NONE', #4796, #10226 ) ;
#6577 = CARTESIAN_POINT ( 'NONE',  ( -39.96613167787452170, 3.999999999999999112, -12.24999999999999467 ) ) ;
#6578 = VECTOR ( 'NONE', #6033, 1000.000000000000000 ) ;
#6579 = VECTOR ( 'NONE', #5969, 1000.000000000000000 ) ;
#6580 = DIRECTION ( 'NONE',  ( -0.8660254037844390407, 0.000000000000000000, -0.4999999999999992784 ) ) ;
#6581 = ORIENTED_EDGE ( 'NONE', *, *, #1616, .T. ) ;
#6582 = ORIENTED_EDGE ( 'NONE', *, *, #10373, .F. ) ;
#6583 = DIRECTION ( 'NONE',  ( 0.000000000000000000, 0.000000000000000000, 1.000000000000000000 ) ) ;
#6584 = EDGE_CURVE ( 'NONE', #4033, #7551, #1280, .T. ) ;
#6585 = VERTEX_POINT ( 'NONE', #4059 ) ;
#6586 = DIRECTION ( 'NONE',  ( 0.000000000000000000, 0.000000000000000000, 1.000000000000000000 ) ) ;
#6587 = EDGE_CURVE ( 'NONE', #698, #2105, #7688, .T. ) ;
#6588 = DIRECTION ( 'NONE',  ( 0.000000000000000000, 0.000000000000000000, 1.000000000000000000 ) ) ;
#6589 = ORIENTED_EDGE ( 'NONE', *, *, #4765, .F. ) ;
#6590 = CARTESIAN_POINT ( 'NONE',  ( 1.249999999999992450, 2.499999999999999556, 10.90000000000000213 ) ) ;
#6591 = PLANE ( 'NONE',  #2213 ) ;
#6592 = CARTESIAN_POINT ( 'NONE',  ( -42.75000000000000000, 2.658044035770915267E-15, 14.25000000000000533 ) ) ;
#6593 = DIRECTION ( 'NONE',  ( 0.000000000000000000, 0.000000000000000000, -1.000000000000000000 ) ) ;
#6594 = ORIENTED_EDGE ( 'NONE', *, *, #343, .F. ) ;
#6595 = DIRECTION ( 'NONE',  ( 0.6427876096865379196, 0.000000000000000000, -0.7660444431189792347 ) ) ;
#6596 = CARTESIAN_POINT ( 'NONE',  ( -50.25000000000001421, 13.79999999999999893, -7.117385141322026598 ) ) ;
#6597 = VECTOR ( 'NONE', #2399, 1000.000000000000000 ) ;
#6598 = CARTESIAN_POINT ( 'NONE',  ( 22.17335966720669660, 0.09378038618371599411, -7.095855630624888555 ) ) ;
#6599 = LINE ( 'NONE', #4707, #874 ) ;
#6600 = AXIS2_PLACEMENT_3D ( 'NONE', #7822, #8592, #10328 ) ;
#6601 = AXIS2_PLACEMENT_3D ( 'NONE', #8574, #5939, #554 ) ;
#6602 = ORIENTED_EDGE ( 'NONE', *, *, #4925, .F. ) ;
#6603 = EDGE_CURVE ( 'NONE', #4082, #8347, #619, .T. ) ;
#6604 = ORIENTED_EDGE ( 'NONE', *, *, #2701, .F. ) ;
#6605 = EDGE_LOOP ( 'NONE', ( #4742, #7070, #8463, #6707 ) ) ;
#6606 = EDGE_CURVE ( 'NONE', #6656, #11094, #8132, .T. ) ;
#6607 = CARTESIAN_POINT ( 'NONE',  ( -39.55000000000000426, 0.000000000000000000, 0.000000000000000000 ) ) ;
#6608 = EDGE_LOOP ( 'NONE', ( #3628, #1038, #8346, #4388 ) ) ;
#6609 = CARTESIAN_POINT ( 'NONE',  ( 53.77115015710907642, 7.500000000000000000, -7.250000000000000888 ) ) ;
#6610 = VERTEX_POINT ( 'NONE', #8816 ) ;
#6611 = CARTESIAN_POINT ( 'NONE',  ( 43.49999999999999289, 7.500000000000000000, 0.000000000000000000 ) ) ;
#6612 = CARTESIAN_POINT ( 'NONE',  ( -52.41871936047785852, 6.752400094932003327, -3.546295943922815663 ) ) ;
#6613 = ORIENTED_EDGE ( 'NONE', *, *, #4781, .F. ) ;
#6614 = ORIENTED_EDGE ( 'NONE', *, *, #6880, .T. ) ;
#6615 = DIRECTION ( 'NONE',  ( -0.000000000000000000, -1.000000000000000000, -0.000000000000000000 ) ) ;
#6616 = LINE ( 'NONE', #10265, #10159 ) ;
#6617 = CARTESIAN_POINT ( 'NONE',  ( 20.65000000000000213, 7.500000000000000000, 8.349999999999997868 ) ) ;
#6618 = CARTESIAN_POINT ( 'NONE',  ( -28.11660932293317572, 0.9385163630472176388, -8.550000000000016698 ) ) ;
#6619 = CARTESIAN_POINT ( 'NONE',  ( 1.249999999999992450, 4.000000000000000000, 10.90000000000000213 ) ) ;
#6620 = VERTEX_POINT ( 'NONE', #6177 ) ;
#6621 = CARTESIAN_POINT ( 'NONE',  ( 43.25000000000000711, 5.500000000000000000, -12.25000000000000178 ) ) ;
#6622 = CARTESIAN_POINT ( 'NONE',  ( 0.000000000000000000, 10.50000000000000000, 13.55000000000000249 ) ) ;
#6623 = LINE ( 'NONE', #1176, #11101 ) ;
#6624 = ADVANCED_FACE ( 'NONE', ( #5366 ), #3336, .F. ) ;
#6625 = ORIENTED_EDGE ( 'NONE', *, *, #594, .F. ) ;
#6626 = LINE ( 'NONE', #10940, #7871 ) ;
#6627 = CARTESIAN_POINT ( 'NONE',  ( -42.50000000000000000, 4.000000000000000000, -12.25000000000000000 ) ) ;
#6628 = FACE_OUTER_BOUND ( 'NONE', #6646, .T. ) ;
#6629 = DIRECTION ( 'NONE',  ( 1.000000000000000000, 0.000000000000000000, -8.673617379884087537E-15 ) ) ;
#6630 = CARTESIAN_POINT ( 'NONE',  ( 2.099999999999991207, 12.50000000000000000, -13.35000000000019149 ) ) ;
#6631 = EDGE_CURVE ( 'NONE', #4370, #10804, #5126, .T. ) ;
#6632 = VECTOR ( 'NONE', #1336, 1000.000000000000000 ) ;
#6633 = ADVANCED_FACE ( 'NONE', ( #8989 ), #7068, .F. ) ;
#6634 = DIRECTION ( 'NONE',  ( 0.000000000000000000, 0.000000000000000000, 1.000000000000000000 ) ) ;
#6635 = ORIENTED_EDGE ( 'NONE', *, *, #2870, .F. ) ;
#6636 = ORIENTED_EDGE ( 'NONE', *, *, #10373, .T. ) ;
#6637 = DIRECTION ( 'NONE',  ( 0.000000000000000000, 0.000000000000000000, -1.000000000000000000 ) ) ;
#6638 = CARTESIAN_POINT ( 'NONE',  ( -52.26257746176734997, 7.476581355789550187, 4.158831838306308981 ) ) ;
#6639 = DIRECTION ( 'NONE',  ( 0.000000000000000000, 0.000000000000000000, -1.000000000000000000 ) ) ;
#6640 = ORIENTED_EDGE ( 'NONE', *, *, #502, .F. ) ;
#6641 = CARTESIAN_POINT ( 'NONE',  ( -52.00000000000001421, 15.50000000000000000, -2.672759133356879398E-14 ) ) ;
#6642 = CARTESIAN_POINT ( 'NONE',  ( 0.000000000000000000, 7.500000000000000000, 0.000000000000000000 ) ) ;
#6643 = FACE_OUTER_BOUND ( 'NONE', #784, .T. ) ;
#6644 = CARTESIAN_POINT ( 'NONE',  ( -50.25000000000000711, 15.50000000000000000, 0.000000000000000000 ) ) ;
#6645 = LINE ( 'NONE', #1841, #8248 ) ;
#6646 = EDGE_LOOP ( 'NONE', ( #891, #1820, #7651, #9667, #4003, #2997, #576 ) ) ;
#6647 = LINE ( 'NONE', #8508, #9388 ) ;
#6648 = EDGE_CURVE ( 'NONE', #2025, #5620, #10552, .T. ) ;
#6649 = DIRECTION ( 'NONE',  ( 0.000000000000000000, -0.000000000000000000, 1.000000000000000000 ) ) ;
#6650 = VECTOR ( 'NONE', #8427, 1000.000000000000000 ) ;
#6651 = DIRECTION ( 'NONE',  ( -1.000000000000000000, 0.000000000000000000, 0.000000000000000000 ) ) ;
#6652 = EDGE_CURVE ( 'NONE', #324, #10757, #4358, .T. ) ;
#6653 = DIRECTION ( 'NONE',  ( 0.000000000000000000, 0.000000000000000000, -1.000000000000000000 ) ) ;
#6654 = VERTEX_POINT ( 'NONE', #669 ) ;
#6655 = EDGE_LOOP ( 'NONE', ( #10739, #6604, #3693, #2964 ) ) ;
#6656 = VERTEX_POINT ( 'NONE', #1507 ) ;
#6657 = VERTEX_POINT ( 'NONE', #7130 ) ;
#6658 = CARTESIAN_POINT ( 'NONE',  ( -52.25000000000001421, 6.402631723476096326, -3.013815789473690554 ) ) ;
#6659 = ORIENTED_EDGE ( 'NONE', *, *, #9123, .T. ) ;
#6660 = DIRECTION ( 'NONE',  ( -1.000000000000000000, 0.000000000000000000, 0.000000000000000000 ) ) ;
#6661 = EDGE_CURVE ( 'NONE', #5207, #10974, #858, .T. ) ;
#6662 = CARTESIAN_POINT ( 'NONE',  ( -14.05000000000000782, 3.010000000000000231, 9.939999999999992397 ) ) ;
#6663 = ORIENTED_EDGE ( 'NONE', *, *, #9846, .T. ) ;
#6664 = ORIENTED_EDGE ( 'NONE', *, *, #10067, .T. ) ;
#6665 = EDGE_CURVE ( 'NONE', #6620, #9886, #7493, .T. ) ;
#6666 = EDGE_CURVE ( 'NONE', #8388, #6957, #10788, .T. ) ;
#6667 = DIRECTION ( 'NONE',  ( 1.000000000000000000, -0.000000000000000000, -0.000000000000000000 ) ) ;
#6668 = CARTESIAN_POINT ( 'NONE',  ( -42.40000000000000568, 15.50000000000000000, -12.25000000000000000 ) ) ;
#6669 = DIRECTION ( 'NONE',  ( 2.001604010742474002E-15, 0.000000000000000000, 1.000000000000000000 ) ) ;
#6670 = CARTESIAN_POINT ( 'NONE',  ( -45.01152796910251652, 4.000000000000000000, 9.299735640717349483 ) ) ;
#6671 = CARTESIAN_POINT ( 'NONE',  ( 29.59999999999998010, 0.3260746554922954177, -12.12433040485560021 ) ) ;
#6672 = VECTOR ( 'NONE', #5630, 1000.000000000000000 ) ;
#6673 = ORIENTED_EDGE ( 'NONE', *, *, #1870, .F. ) ;
#6674 = FACE_OUTER_BOUND ( 'NONE', #5905, .T. ) ;
#6675 = CARTESIAN_POINT ( 'NONE',  ( 29.59999999999998010, -0.001000000000000024307, 0.000000000000000000 ) ) ;
#6676 = CARTESIAN_POINT ( 'NONE',  ( 52.75100000000002609, 6.599999999999997868, -2.925000000000019806 ) ) ;
#6677 = DIRECTION ( 'NONE',  ( 0.000000000000000000, 0.000000000000000000, 1.000000000000000000 ) ) ;
#6678 = VECTOR ( 'NONE', #6181, 1000.000000000000000 ) ;
#6679 = VERTEX_POINT ( 'NONE', #6243 ) ;
#6680 = CARTESIAN_POINT ( 'NONE',  ( 47.49999999999999289, 10.50000000000000000, 9.500000000000000000 ) ) ;
#6681 = DIRECTION ( 'NONE',  ( -1.000000000000000000, 0.000000000000000000, -0.000000000000000000 ) ) ;
#6682 = CARTESIAN_POINT ( 'NONE',  ( -50.25000000000000711, 4.000000000000001776, 4.750000000000000888 ) ) ;
#6683 = CARTESIAN_POINT ( 'NONE',  ( -34.95000000000000284, 13.29999999999999893, -12.50000000000000000 ) ) ;
#6684 = AXIS2_PLACEMENT_3D ( 'NONE', #3158, #5718, #326 ) ;
#6685 = FACE_OUTER_BOUND ( 'NONE', #1116, .T. ) ;
#6686 = EDGE_LOOP ( 'NONE', ( #2120, #2450, #5422, #9664 ) ) ;
#6687 = CARTESIAN_POINT ( 'NONE',  ( 0.000000000000000000, 7.500000000000000000, 0.000000000000000000 ) ) ;
#6688 = VERTEX_POINT ( 'NONE', #8102 ) ;
#6689 = EDGE_LOOP ( 'NONE', ( #2186, #8221, #7603, #2820, #7247 ) ) ;
#6690 = CYLINDRICAL_SURFACE ( 'NONE', #7074, 3.750000000000001776 ) ;
#6691 = CARTESIAN_POINT ( 'NONE',  ( -52.20476079210956755, 8.013600012123962557, 4.274945468914081559 ) ) ;
#6692 = PLANE ( 'NONE',  #10954 ) ;
#6693 = EDGE_CURVE ( 'NONE', #7838, #454, #9890, .T. ) ;
#6694 = ORIENTED_EDGE ( 'NONE', *, *, #9561, .F. ) ;
#6695 = CARTESIAN_POINT ( 'NONE',  ( 30.35000000000000142, 0.2999999999999999889, -3.150000000000002576 ) ) ;
#6696 = DIRECTION ( 'NONE',  ( 0.000000000000000000, 1.000000000000000000, -0.000000000000000000 ) ) ;
#6697 = VERTEX_POINT ( 'NONE', #1611 ) ;
#6698 = CARTESIAN_POINT ( 'NONE',  ( -39.73386918093540032, 13.29999999999999893, 12.25000000000000178 ) ) ;
#6699 = ADVANCED_FACE ( 'NONE', ( #11618 ), #3574, .T. ) ;
#6700 = DIRECTION ( 'NONE',  ( -1.000000000000000000, 0.000000000000000000, -0.000000000000000000 ) ) ;
#6701 = EDGE_CURVE ( 'NONE', #9125, #521, #5178, .T. ) ;
#6702 = CARTESIAN_POINT ( 'NONE',  ( -40.15000000000087965, 13.29257972656639097, 12.43438872810979490 ) ) ;
#6703 = CYLINDRICAL_SURFACE ( 'NONE', #11067, 0.2500000000000002220 ) ;
#6704 = CARTESIAN_POINT ( 'NONE',  ( 0.000000000000000000, 12.30000000000000071, 13.55000000000000249 ) ) ;
#6705 = DIRECTION ( 'NONE',  ( 0.000000000000000000, 0.000000000000000000, -1.000000000000000000 ) ) ;
#6706 = EDGE_LOOP ( 'NONE', ( #1744, #4120, #9748, #5574 ) ) ;
#6707 = ORIENTED_EDGE ( 'NONE', *, *, #2806, .F. ) ;
#6708 = LINE ( 'NONE', #3209, #2368 ) ;
#6709 = EDGE_CURVE ( 'NONE', #11048, #5799, #11567, .T. ) ;
#6710 = VECTOR ( 'NONE', #11206, 1000.000000000000000 ) ;
#6711 = DIRECTION ( 'NONE',  ( 0.000000000000000000, 1.000000000000000000, -0.000000000000000000 ) ) ;
#6712 = ORIENTED_EDGE ( 'NONE', *, *, #9482, .F. ) ;
#6713 = DIRECTION ( 'NONE',  ( 0.000000000000000000, 0.000000000000000000, -1.000000000000000000 ) ) ;
#6714 = ADVANCED_FACE ( 'NONE', ( #3395 ), #7015, .F. ) ;
#6715 = DIRECTION ( 'NONE',  ( 0.000000000000000000, -1.865294060190115224E-16, 1.000000000000000000 ) ) ;
#6716 = DIRECTION ( 'NONE',  ( -0.000000000000000000, -1.000000000000000000, -0.000000000000000000 ) ) ;
#6717 = FACE_OUTER_BOUND ( 'NONE', #8127, .T. ) ;
#6718 = VECTOR ( 'NONE', #8247, 1000.000000000000000 ) ;
#6719 = CYLINDRICAL_SURFACE ( 'NONE', #5649, 2.000000000000001776 ) ;
#6720 = PLANE ( 'NONE',  #10841 ) ;
#6721 = DIRECTION ( 'NONE',  ( 0.000000000000000000, -0.000000000000000000, 1.000000000000000000 ) ) ;
#6722 = ADVANCED_FACE ( 'NONE', ( #3813 ), #1088, .F. ) ;
#6723 = VECTOR ( 'NONE', #4069, 1000.000000000000000 ) ;
#6724 = VECTOR ( 'NONE', #449, 1000.000000000000000 ) ;
#6725 = CARTESIAN_POINT ( 'NONE',  ( -44.31425868763774645, 3.743682234064386716, 8.949999999999983302 ) ) ;
#6726 = EDGE_CURVE ( 'NONE', #10196, #3841, #10127, .T. ) ;
#6727 = CARTESIAN_POINT ( 'NONE',  ( -37.43080735386675428, 13.30034953508066309, 12.27717671750640704 ) ) ;
#6728 = ORIENTED_EDGE ( 'NONE', *, *, #10264, .F. ) ;
#6729 = ORIENTED_EDGE ( 'NONE', *, *, #11465, .T. ) ;
#6730 = CYLINDRICAL_SURFACE ( 'NONE', #4919, 0.8500000000000000888 ) ;
#6731 = EDGE_LOOP ( 'NONE', ( #4800, #4720, #4224, #9524, #8403, #8408, #8722, #6246 ) ) ;
#6732 = DIRECTION ( 'NONE',  ( -1.000000000000000000, 0.000000000000000000, 7.485322442186879976E-17 ) ) ;
#6733 = VECTOR ( 'NONE', #5534, 1000.000000000000000 ) ;
#6734 = FACE_OUTER_BOUND ( 'NONE', #6987, .T. ) ;
#6735 = VECTOR ( 'NONE', #5166, 1000.000000000000000 ) ;
#6736 = CARTESIAN_POINT ( 'NONE',  ( -22.80000000000001492, 12.30000000000000071, -13.55000000000000249 ) ) ;
#6737 = ORIENTED_EDGE ( 'NONE', *, *, #1207, .T. ) ;
#6738 = DIRECTION ( 'NONE',  ( -0.000000000000000000, 1.000000000000000000, -0.000000000000000000 ) ) ;
#6739 = ADVANCED_FACE ( 'NONE', ( #8218 ), #3633, .F. ) ;
#6740 = CARTESIAN_POINT ( 'NONE',  ( 0.000000000000000000, 8.500000000000000000, 0.000000000000000000 ) ) ;
#6741 = ORIENTED_EDGE ( 'NONE', *, *, #9875, .F. ) ;
#6742 = DIRECTION ( 'NONE',  ( -1.000000000000000000, -0.000000000000000000, 4.476705744456300993E-16 ) ) ;
#6743 = AXIS2_PLACEMENT_3D ( 'NONE', #11368, #9279, #4975 ) ;
#6744 = FACE_OUTER_BOUND ( 'NONE', #2972, .T. ) ;
#6745 = CARTESIAN_POINT ( 'NONE',  ( -53.20100000000002183, 9.300000000000000711, -1.700000000000000178 ) ) ;
#6746 = ORIENTED_EDGE ( 'NONE', *, *, #4239, .T. ) ;
#6747 = FACE_OUTER_BOUND ( 'NONE', #870, .T. ) ;
#6748 = ORIENTED_EDGE ( 'NONE', *, *, #2227, .T. ) ;
#6749 = ORIENTED_EDGE ( 'NONE', *, *, #11731, .F. ) ;
#6750 = CIRCLE ( 'NONE', #9039, 1.600000000000000755 ) ;
#6751 = CARTESIAN_POINT ( 'NONE',  ( -45.00000000000001421, 4.000000000000000000, -12.25000000000000000 ) ) ;
#6752 = ORIENTED_EDGE ( 'NONE', *, *, #3164, .T. ) ;
#6753 = LINE ( 'NONE', #8558, #1624 ) ;
#6754 = ORIENTED_EDGE ( 'NONE', *, *, #5655, .F. ) ;
#6755 = CARTESIAN_POINT ( 'NONE',  ( -36.95000000000000284, 11.29999999999999716, -12.25000000000000000 ) ) ;
#6756 = CARTESIAN_POINT ( 'NONE',  ( -34.95000000000000284, 6.000000000000000000, -14.25000000000000355 ) ) ;
#6757 = PLANE ( 'NONE',  #2598 ) ;
#6758 = VECTOR ( 'NONE', #1002, 1000.000000000000000 ) ;
#6759 = ORIENTED_EDGE ( 'NONE', *, *, #1413, .T. ) ;
#6760 = CIRCLE ( 'NONE', #4118, 3.999999999999998224 ) ;
#6761 = FACE_OUTER_BOUND ( 'NONE', #10639, .T. ) ;
#6762 = CARTESIAN_POINT ( 'NONE',  ( -50.25000000000000711, 7.500000000000000000, 7.250000000000000888 ) ) ;
#6763 = CARTESIAN_POINT ( 'NONE',  ( -52.70000000000000284, 4.000000000000000000, 4.750000000000001776 ) ) ;
#6764 = CARTESIAN_POINT ( 'NONE',  ( -42.40000000000000568, 0.000000000000000000, 12.50000000000000000 ) ) ;
#6765 = ORIENTED_EDGE ( 'NONE', *, *, #3839, .F. ) ;
#6766 = EDGE_LOOP ( 'NONE', ( #4954, #7320, #1842, #7939, #10607, #9115 ) ) ;
#6767 = EDGE_CURVE ( 'NONE', #5341, #1910, #2862, .T. ) ;
#6768 = AXIS2_PLACEMENT_3D ( 'NONE', #2460, #5264, #9732 ) ;
#6769 = ORIENTED_EDGE ( 'NONE', *, *, #7882, .F. ) ;
#6770 = VECTOR ( 'NONE', #7707, 1000.000000000000000 ) ;
#6771 = DIRECTION ( 'NONE',  ( 0.000000000000000000, -0.000000000000000000, -1.000000000000000000 ) ) ;
#6772 = DIRECTION ( 'NONE',  ( 8.673617379884087537E-15, -0.000000000000000000, -1.000000000000000000 ) ) ;
#6773 = CARTESIAN_POINT ( 'NONE',  ( -50.26010205144336851, 8.107799203094677054, -4.350000000000000533 ) ) ;
#6774 = ORIENTED_EDGE ( 'NONE', *, *, #8725, .T. ) ;
#6775 = DIRECTION ( 'NONE',  ( 0.000000000000000000, 1.000000000000000000, -0.000000000000000000 ) ) ;
#6776 = VECTOR ( 'NONE', #3409, 1000.000000000000000 ) ;
#6777 = FACE_OUTER_BOUND ( 'NONE', #10068, .T. ) ;
#6778 = CARTESIAN_POINT ( 'NONE',  ( -34.95000000000000284, 11.29999999999999716, 12.25000000000000000 ) ) ;
#6779 = VECTOR ( 'NONE', #43, 1000.000000000000000 ) ;
#6780 = VECTOR ( 'NONE', #10544, 1000.000000000000000 ) ;
#6781 = CARTESIAN_POINT ( 'NONE',  ( -37.43080735386675428, 3.999650464919335402, -12.27717671750640704 ) ) ;
#6782 = ORIENTED_EDGE ( 'NONE', *, *, #852, .F. ) ;
#6783 = EDGE_CURVE ( 'NONE', #3432, #8086, #4570, .T. ) ;
#6784 = CARTESIAN_POINT ( 'NONE',  ( -52.27563198490999241, 6.808115275766884800, -3.630658523920786696 ) ) ;
#6785 = ADVANCED_FACE ( 'NONE', ( #5423 ), #1029, .T. ) ;
#6786 = B_SPLINE_CURVE_WITH_KNOTS ( 'NONE', 3,
 ( #4384, #6093, #1583, #8846, #697, #4329 ),
 .UNSPECIFIED., .F., .F.,
 ( 4, 2, 4 ),
 ( 0.000000000000000000, 0.0001955837419200947918, 0.0003911674838401895836 ),
 .UNSPECIFIED. ) ;
#6787 = CARTESIAN_POINT ( 'NONE',  ( 22.81827201635470459, 0.5000000000000000000, -9.481727983645297897 ) ) ;
#6788 = VERTEX_POINT ( 'NONE', #209 ) ;
#6789 = AXIS2_PLACEMENT_3D ( 'NONE', #5845, #3233, #1460 ) ;
#6790 = CARTESIAN_POINT ( 'NONE',  ( -43.90164550105998842, 3.589454847916604852, 8.949999999999997513 ) ) ;
#6791 = CARTESIAN_POINT ( 'NONE',  ( -44.80359071504831547, 3.928364702728698976, 8.959743608990764940 ) ) ;
#6792 = ORIENTED_EDGE ( 'NONE', *, *, #6603, .T. ) ;
#6793 = ORIENTED_EDGE ( 'NONE', *, *, #4196, .F. ) ;
#6794 = FACE_OUTER_BOUND ( 'NONE', #7119, .T. ) ;
#6795 = VERTEX_POINT ( 'NONE', #6364 ) ;
#6796 = LINE ( 'NONE', #629, #4716 ) ;
#6797 = ADVANCED_FACE ( 'NONE', ( #7438 ), #7379, .F. ) ;
#6798 = DIRECTION ( 'NONE',  ( -1.000000000000000000, 0.000000000000000000, 0.000000000000000000 ) ) ;
#6799 = VECTOR ( 'NONE', #6253, 1000.000000000000000 ) ;
#6800 = CARTESIAN_POINT ( 'NONE',  ( -51.95000000000000995, 9.009019111597851293, 3.603289473684171629 ) ) ;
#6801 = VERTEX_POINT ( 'NONE', #2913 ) ;
#6802 = ADVANCED_FACE ( 'NONE', ( #1853 ), #1060, .F. ) ;
#6803 = ORIENTED_EDGE ( 'NONE', *, *, #800, .F. ) ;
#6804 = CARTESIAN_POINT ( 'NONE',  ( 5.848509989039531121, -0.001000000000000024307, 10.12991644959055115 ) ) ;
#6805 = VERTEX_POINT ( 'NONE', #1786 ) ;
#6806 = FACE_OUTER_BOUND ( 'NONE', #712, .T. ) ;
#6807 = EDGE_LOOP ( 'NONE', ( #3090, #10467, #11044, #5306, #2249, #10528 ) ) ;
#6808 = CARTESIAN_POINT ( 'NONE',  ( -50.25000000000000000, 11.34999999999999964, -4.750000000000000000 ) ) ;
#6809 = DIRECTION ( 'NONE',  ( 1.000000000000000000, 0.000000000000000000, -0.000000000000000000 ) ) ;
#6810 = CARTESIAN_POINT ( 'NONE',  ( -53.20000000000000284, 6.599999999999997868, -2.924999999999972289 ) ) ;
#6811 = EDGE_CURVE ( 'NONE', #4968, #3976, #6544, .T. ) ;
#6812 = CIRCLE ( 'NONE', #11401, 0.7999999999999994893 ) ;
#6813 = ORIENTED_EDGE ( 'NONE', *, *, #4674, .T. ) ;
#6814 = EDGE_CURVE ( 'NONE', #9125, #9518, #10743, .T. ) ;
#6815 = FACE_OUTER_BOUND ( 'NONE', #2496, .T. ) ;
#6816 = VERTEX_POINT ( 'NONE', #4763 ) ;
#6817 = LINE ( 'NONE', #6751, #4251 ) ;
#6818 = DIRECTION ( 'NONE',  ( 1.000000000000000000, 0.000000000000000000, 7.304098846218136886E-17 ) ) ;
#6819 = ORIENTED_EDGE ( 'NONE', *, *, #10667, .F. ) ;
#6820 = CARTESIAN_POINT ( 'NONE',  ( -45.00000000000001421, 7.500000000000000000, -12.25000000000000000 ) ) ;
#6821 = FACE_OUTER_BOUND ( 'NONE', #4103, .T. ) ;
#6822 = CARTESIAN_POINT ( 'NONE',  ( -8.000000000000008882, 10.50000000000000000, 14.45000000000000107 ) ) ;
#6823 = ORIENTED_EDGE ( 'NONE', *, *, #3883, .F. ) ;
#6824 = AXIS2_PLACEMENT_3D ( 'NONE', #5048, #3983, #486 ) ;
#6825 = CARTESIAN_POINT ( 'NONE',  ( -52.36523654977523279, 8.703877212248006146, -3.968630669091289143 ) ) ;
#6826 = CYLINDRICAL_SURFACE ( 'NONE', #3229, 2.000000000000000000 ) ;
#6827 = DIRECTION ( 'NONE',  ( -0.000000000000000000, -1.000000000000000000, 0.000000000000000000 ) ) ;
#6828 = ORIENTED_EDGE ( 'NONE', *, *, #758, .T. ) ;
#6829 = ORIENTED_EDGE ( 'NONE', *, *, #8759, .T. ) ;
#6830 = ORIENTED_EDGE ( 'NONE', *, *, #7823, .T. ) ;
#6831 = CARTESIAN_POINT ( 'NONE',  ( 45.25000000000000711, 5.500000000000000000, -4.420983680970874907 ) ) ;
#6832 = FACE_OUTER_BOUND ( 'NONE', #11606, .T. ) ;
#6833 = CARTESIAN_POINT ( 'NONE',  ( 29.64903847450273844, 0.1300423822510681782, 2.255729192126851856 ) ) ;
#6834 = ORIENTED_EDGE ( 'NONE', *, *, #11276, .F. ) ;
#6835 = LINE ( 'NONE', #10547, #11279 ) ;
#6836 = CARTESIAN_POINT ( 'NONE',  ( -34.55000000000001137, 3.199999999999999734, 0.000000000000000000 ) ) ;
#6837 = DIRECTION ( 'NONE',  ( 0.000000000000000000, 0.000000000000000000, -1.000000000000000000 ) ) ;
#6838 = CARTESIAN_POINT ( 'NONE',  ( 30.78093893594301633, 0.09961991281167445478, -12.51667812662254065 ) ) ;
#6839 = CARTESIAN_POINT ( 'NONE',  ( -20.00000000000001066, 14.00000000000000000, -12.25000000000000000 ) ) ;
#6840 = VERTEX_POINT ( 'NONE', #3758 ) ;
#6841 = CARTESIAN_POINT ( 'NONE',  ( -50.25000000000000711, 7.489210024816735256, -4.316736785062951220 ) ) ;
#6842 = VECTOR ( 'NONE', #9737, 1000.000000000000000 ) ;
#6843 = FACE_OUTER_BOUND ( 'NONE', #684, .T. ) ;
#6844 = CARTESIAN_POINT ( 'NONE',  ( 0.000000000000000000, 10.50000000000000000, 0.000000000000000000 ) ) ;
#6845 = EDGE_CURVE ( 'NONE', #9987, #913, #5289, .T. ) ;
#6846 = DIRECTION ( 'NONE',  ( 0.000000000000000000, 1.000000000000000000, -0.000000000000000000 ) ) ;
#6847 = EDGE_LOOP ( 'NONE', ( #6198, #6393, #10782, #1627, #6129, #3374 ) ) ;
#6848 = ORIENTED_EDGE ( 'NONE', *, *, #4745, .F. ) ;
#6849 = EDGE_CURVE ( 'NONE', #6539, #6801, #2089, .T. ) ;
#6850 = CARTESIAN_POINT ( 'NONE',  ( 47.49999999999999289, 2.499999999999999556, 9.500000000000001776 ) ) ;
#6851 = EDGE_LOOP ( 'NONE', ( #6904, #2550, #10128, #4022 ) ) ;
#6852 = EDGE_CURVE ( 'NONE', #5159, #10090, #8268, .T. ) ;
#6853 = DIRECTION ( 'NONE',  ( 0.000000000000000000, 1.000000000000000000, 0.000000000000000000 ) ) ;
#6854 = CARTESIAN_POINT ( 'NONE',  ( -19.99999999999997158, 12.30000000000000071, 5.337610695313241287E-14 ) ) ;
#6855 = ORIENTED_EDGE ( 'NONE', *, *, #5298, .F. ) ;
#6856 =( BOUNDED_SURFACE ( )  B_SPLINE_SURFACE ( 3, 2, ( 
 ( #6658, #7563, #3092 ),
 ( #4109, #3211, #5824 ),
 ( #7801, #5886, #323 ),
 ( #10545, #3937, #556 ) ),
 .UNSPECIFIED., .F., .F., .F. ) 
 B_SPLINE_SURFACE_WITH_KNOTS ( ( 4, 4 ),
 ( 3, 3 ),
 ( 0.000000000000000000, 0.0007827539330231937176 ),
 ( 0.000000000000000000, 1.000000000000000000 ),
 .UNSPECIFIED. ) 
 GEOMETRIC_REPRESENTATION_ITEM ( )  RATIONAL_B_SPLINE_SURFACE ( (
 ( 1.000000000000000000, 0.7071067811865597852, 1.000000000000000000),
 ( 1.000000000000000000, 0.7595966335268806713, 1.000000000000000000),
 ( 1.000000000000000000, 0.8024371557888736461, 1.000000000000000000),
 ( 1.000000000000000000, 0.8371290630494906404, 1.000000000000000000) ) ) 
 REPRESENTATION_ITEM ( '' )  SURFACE ( )  );
#6857 = CARTESIAN_POINT ( 'NONE',  ( 51.95000000000000284, 10.50000000000000000, -4.000000000000000000 ) ) ;
#6858 = AXIS2_PLACEMENT_3D ( 'NONE', #89, #8211, #252 ) ;
#6859 = EDGE_CURVE ( 'NONE', #8594, #2554, #3150, .T. ) ;
#6860 = ORIENTED_EDGE ( 'NONE', *, *, #10178, .F. ) ;
#6861 = PLANE ( 'NONE',  #6383 ) ;
#6862 = ORIENTED_EDGE ( 'NONE', *, *, #6814, .F. ) ;
#6863 = CARTESIAN_POINT ( 'NONE',  ( -34.95000000000000284, 13.29999999999999893, 12.25000000000000178 ) ) ;
#6864 = EDGE_CURVE ( 'NONE', #10423, #913, #4279, .T. ) ;
#6865 = DIRECTION ( 'NONE',  ( -0.000000000000000000, -0.000000000000000000, 1.000000000000000000 ) ) ;
#6866 = CARTESIAN_POINT ( 'NONE',  ( -45.00000000000001421, 4.000000000000000000, 8.354356076261032271 ) ) ;
#6867 = EDGE_LOOP ( 'NONE', ( #7862, #7233, #2878, #1081 ) ) ;
#6868 = LINE ( 'NONE', #11420, #3677 ) ;
#6869 = ORIENTED_EDGE ( 'NONE', *, *, #7471, .T. ) ;
#6870 = LINE ( 'NONE', #1532, #5194 ) ;
#6871 = ORIENTED_EDGE ( 'NONE', *, *, #8713, .T. ) ;
#6872 = ORIENTED_EDGE ( 'NONE', *, *, #9925, .F. ) ;
#6873 = CARTESIAN_POINT ( 'NONE',  ( 22.95788180854698979, 0.2505447221227323773, -8.283866831501340400 ) ) ;
#6874 = ADVANCED_FACE ( 'NONE', ( #9592 ), #671, .T. ) ;
#6875 = ORIENTED_EDGE ( 'NONE', *, *, #3775, .F. ) ;
#6876 = CARTESIAN_POINT ( 'NONE',  ( -50.62410612385246367, 4.098174108296069207, -4.749999999999999112 ) ) ;
#6877 = AXIS2_PLACEMENT_3D ( 'NONE', #11041, #10133, #10812 ) ;
#6878 = CARTESIAN_POINT ( 'NONE',  ( 0.000000000000000000, 12.30000000000000071, 0.000000000000000000 ) ) ;
#6879 = ORIENTED_EDGE ( 'NONE', *, *, #8544, .F. ) ;
#6880 = EDGE_CURVE ( 'NONE', #8297, #1533, #5765, .T. ) ;
#6881 = DIRECTION ( 'NONE',  ( 0.000000000000000000, 0.000000000000000000, 1.000000000000000000 ) ) ;
#6882 = EDGE_CURVE ( 'NONE', #3567, #11456, #7888, .T. ) ;
#6883 = ORIENTED_EDGE ( 'NONE', *, *, #10300, .T. ) ;
#6884 = FACE_OUTER_BOUND ( 'NONE', #10789, .T. ) ;
#6885 = LINE ( 'NONE', #6704, #3611 ) ;
#6886 = DIRECTION ( 'NONE',  ( 0.000000000000000000, 1.000000000000000000, 0.000000000000000000 ) ) ;
#6887 = ORIENTED_EDGE ( 'NONE', *, *, #4206, .F. ) ;
#6888 = ORIENTED_EDGE ( 'NONE', *, *, #2454, .F. ) ;
#6889 = LINE ( 'NONE', #8026, #4665 ) ;
#6890 = EDGE_CURVE ( 'NONE', #1731, #7992, #9411, .T. ) ;
#6891 = DIRECTION ( 'NONE',  ( 0.000000000000000000, 2.628368902995163603E-15, 1.000000000000000000 ) ) ;
#6892 = DIRECTION ( 'NONE',  ( 0.000000000000000000, 1.000000000000000000, -0.000000000000000000 ) ) ;
#6893 = ORIENTED_EDGE ( 'NONE', *, *, #5935, .T. ) ;
#6894 = CARTESIAN_POINT ( 'NONE',  ( -39.80000000000000426, 15.50000000000000000, 12.25000000000000000 ) ) ;
#6895 = EDGE_CURVE ( 'NONE', #10036, #7053, #7673, .T. ) ;
#6896 = CARTESIAN_POINT ( 'NONE',  ( 50.25000000000000000, 10.50000000000000000, 4.000000000000000000 ) ) ;
#6897 = CARTESIAN_POINT ( 'NONE',  ( 35.23788868748260228, 0.02221052063481720323, -5.294004637071009434 ) ) ;
#6898 = CARTESIAN_POINT ( 'NONE',  ( -53.20100000000002183, 9.300000000000000711, 2.500000000000000444 ) ) ;
#6899 = ORIENTED_EDGE ( 'NONE', *, *, #11167, .T. ) ;
#6900 = AXIS2_PLACEMENT_3D ( 'NONE', #10329, #7462, #5734 ) ;
#6901 = DIRECTION ( 'NONE',  ( 0.000000000000000000, 1.000000000000000000, -0.000000000000000000 ) ) ;
#6902 = AXIS2_PLACEMENT_3D ( 'NONE', #7785, #4914, #4023 ) ;
#6903 = DIRECTION ( 'NONE',  ( 0.000000000000000000, 1.000000000000000000, 0.000000000000000000 ) ) ;
#6904 = ORIENTED_EDGE ( 'NONE', *, *, #803, .T. ) ;
#6905 = DIRECTION ( 'NONE',  ( 0.000000000000000000, 0.000000000000000000, 1.000000000000000000 ) ) ;
#6906 = CARTESIAN_POINT ( 'NONE',  ( -37.54999999999999716, 13.28431348329844219, 12.50000000000000000 ) ) ;
#6907 = ORIENTED_EDGE ( 'NONE', *, *, #613, .F. ) ;
#6908 = ORIENTED_EDGE ( 'NONE', *, *, #9450, .F. ) ;
#6909 = TOROIDAL_SURFACE ( 'NONE', #4066, 9.300000000000009592, 0.2999999999999999889 ) ;
#6910 = CARTESIAN_POINT ( 'NONE',  ( 23.85000000000000142, 4.999999999999999112, -10.34999999999999787 ) ) ;
#6911 = EDGE_LOOP ( 'NONE', ( #11084, #3690, #10708 ) ) ;
#6912 = VECTOR ( 'NONE', #1539, 1000.000000000000000 ) ;
#6913 = CARTESIAN_POINT ( 'NONE',  ( -47.50000000000000711, 2.499999999999999556, 8.650000000000002132 ) ) ;
#6914 = DIRECTION ( 'NONE',  ( -0.000000000000000000, -1.000000000000000000, -0.000000000000000000 ) ) ;
#6915 = EDGE_CURVE ( 'NONE', #862, #3130, #11129, .T. ) ;
#6916 = VECTOR ( 'NONE', #6069, 1000.000000000000000 ) ;
#6917 = EDGE_CURVE ( 'NONE', #605, #8912, #8691, .T. ) ;
#6918 = CARTESIAN_POINT ( 'NONE',  ( 29.64903736565233316, 0.1300441422362946520, -8.555730165349515914 ) ) ;
#6919 = FACE_OUTER_BOUND ( 'NONE', #1972, .T. ) ;
#6920 = VERTEX_POINT ( 'NONE', #6831 ) ;
#6921 = DIRECTION ( 'NONE',  ( 1.000000000000000000, 0.000000000000000000, -9.856182124392324236E-16 ) ) ;
#6922 = CARTESIAN_POINT ( 'NONE',  ( 52.75000000000000711, 8.500000000000000000, 9.500000000000001776 ) ) ;
#6923 = VECTOR ( 'NONE', #2752, 1000.000000000000000 ) ;
#6924 = AXIS2_PLACEMENT_3D ( 'NONE', #6120, #153, #5592 ) ;
#6925 = CARTESIAN_POINT ( 'NONE',  ( 50.24999999999999289, 10.80000000000000071, 2.500000000000000444 ) ) ;
#6926 = EDGE_CURVE ( 'NONE', #5900, #8594, #6708, .T. ) ;
#6927 = CARTESIAN_POINT ( 'NONE',  ( -34.55000000000001137, -16.61771083316477515, -12.25000000000000000 ) ) ;
#6928 = ORIENTED_EDGE ( 'NONE', *, *, #7223, .T. ) ;
#6929 = EDGE_CURVE ( 'NONE', #2199, #7497, #9397, .T. ) ;
#6930 = CARTESIAN_POINT ( 'NONE',  ( 50.25000000000000000, 10.50000000000000000, -6.000000000000000000 ) ) ;
#6931 = ORIENTED_EDGE ( 'NONE', *, *, #703, .T. ) ;
#6932 = VECTOR ( 'NONE', #452, 1000.000000000000000 ) ;
#6933 = ORIENTED_EDGE ( 'NONE', *, *, #9133, .T. ) ;
#6934 = ORIENTED_EDGE ( 'NONE', *, *, #785, .T. ) ;
#6935 = CARTESIAN_POINT ( 'NONE',  ( 22.20788180854700045, 0.5999999999999989786, -6.984828725824675288 ) ) ;
#6936 = CARTESIAN_POINT ( 'NONE',  ( 34.69364652204422583, 0.2999999999999998779, 0.2238308925512338399 ) ) ;
#6937 = DIRECTION ( 'NONE',  ( 0.000000000000000000, 1.000000000000000000, -0.000000000000000000 ) ) ;
#6938 = CARTESIAN_POINT ( 'NONE',  ( -34.55000000000001137, 4.000000000000000000, 0.000000000000000000 ) ) ;
#6939 = CARTESIAN_POINT ( 'NONE',  ( -50.19999999999999574, 14.10000000000001741, 6.749999999999962697 ) ) ;
#6940 = VECTOR ( 'NONE', #5240, 1000.000000000000000 ) ;
#6941 = EDGE_CURVE ( 'NONE', #8219, #1966, #380, .T. ) ;
#6942 = CARTESIAN_POINT ( 'NONE',  ( -52.27769444090098006, 9.185675373605180383, 3.205023119327918391 ) ) ;
#6943 = VERTEX_POINT ( 'NONE', #553 ) ;
#6944 = EDGE_CURVE ( 'NONE', #4241, #1209, #5971, .T. ) ;
#6945 = ORIENTED_EDGE ( 'NONE', *, *, #236, .F. ) ;
#6946 = DIRECTION ( 'NONE',  ( -1.000000000000000000, 0.000000000000000000, 0.000000000000000000 ) ) ;
#6947 = ORIENTED_EDGE ( 'NONE', *, *, #653, .F. ) ;
#6948 = CARTESIAN_POINT ( 'NONE',  ( 26.00635347795577701, 0.2999999999999998779, -6.523830892551230498 ) ) ;
#6949 = VECTOR ( 'NONE', #7900, 1000.000000000000000 ) ;
#6950 = AXIS2_PLACEMENT_3D ( 'NONE', #650, #4270, #11542 ) ;
#6951 = CARTESIAN_POINT ( 'NONE',  ( -42.75000000000000000, 13.28431348329844219, 12.50000000000000000 ) ) ;
#6952 = ORIENTED_EDGE ( 'NONE', *, *, #6491, .F. ) ;
#6953 = DIRECTION ( 'NONE',  ( 0.000000000000000000, 0.000000000000000000, -1.000000000000000000 ) ) ;
#6954 = FACE_OUTER_BOUND ( 'NONE', #3614, .T. ) ;
#6955 = CARTESIAN_POINT ( 'NONE',  ( -42.15000000000000568, 11.29999999999999716, 12.25000000000000000 ) ) ;
#6956 = CARTESIAN_POINT ( 'NONE',  ( -34.95000000000000284, 6.000000000000000000, -14.25000000000000355 ) ) ;
#6957 = VERTEX_POINT ( 'NONE', #7618 ) ;
#6958 = ADVANCED_FACE ( 'NONE', ( #11266 ), #2977, .T. ) ;
#6959 = CIRCLE ( 'NONE', #7343, 0.1999999999999987899 ) ;
#6960 = CARTESIAN_POINT ( 'NONE',  ( 47.49999999999999289, 2.499999999999999556, -9.499999999999998224 ) ) ;
#6961 = VECTOR ( 'NONE', #10224, 1000.000000000000000 ) ;
#6962 = EDGE_CURVE ( 'NONE', #4241, #9987, #2575, .T. ) ;
#6963 = CARTESIAN_POINT ( 'NONE',  ( 33.40038341418945578, -8.195043764685353315E-17, -11.97381551524010668 ) ) ;
#6964 = CARTESIAN_POINT ( 'NONE',  ( -53.20100000000002183, 10.80000000000000071, 3.299999999999999378 ) ) ;
#6965 = DIRECTION ( 'NONE',  ( 0.000000000000000000, 1.000000000000000000, 0.000000000000000000 ) ) ;
#6966 = AXIS2_PLACEMENT_3D ( 'NONE', #8017, #2774, #1653 ) ;
#6967 = VERTEX_POINT ( 'NONE', #6057 ) ;
#6968 = EDGE_LOOP ( 'NONE', ( #5573, #6286, #1037, #5403 ) ) ;
#6969 = AXIS2_PLACEMENT_3D ( 'NONE', #11736, #5300, #9756 ) ;
#6970 = CYLINDRICAL_SURFACE ( 'NONE', #7003, 0.2999999999999999334 ) ;
#6971 = FACE_OUTER_BOUND ( 'NONE', #1908, .T. ) ;
#6972 = CARTESIAN_POINT ( 'NONE',  ( -44.80556128293851259, 4.021988223254127526, 8.949999999999988631 ) ) ;
#6973 = CARTESIAN_POINT ( 'NONE',  ( 30.79999999999999361, 0.2999999999999999889, -3.035704094312834681E-14 ) ) ;
#6974 = CARTESIAN_POINT ( 'NONE',  ( -53.20000000000000284, 14.10000000000000853, 2.734438190280500643E-14 ) ) ;
#6975 = AXIS2_PLACEMENT_3D ( 'NONE', #7590, #6629, #8426 ) ;
#6976 = VECTOR ( 'NONE', #7105, 1000.000000000000000 ) ;
#6977 = ORIENTED_EDGE ( 'NONE', *, *, #756, .T. ) ;
#6978 = DIRECTION ( 'NONE',  ( 0.000000000000000000, 1.000000000000000000, -0.000000000000000000 ) ) ;
#6979 = AXIS2_PLACEMENT_3D ( 'NONE', #7403, #7519, #6451 ) ;
#6980 = EDGE_LOOP ( 'NONE', ( #22, #6464, #8270, #8322 ) ) ;
#6981 = CARTESIAN_POINT ( 'NONE',  ( 30.79999999999998295, 0.000000000000000000, -11.75000000000000178 ) ) ;
#6982 = ORIENTED_EDGE ( 'NONE', *, *, #8474, .T. ) ;
#6983 = DIRECTION ( 'NONE',  ( 0.000000000000000000, 1.000000000000000000, -0.000000000000000000 ) ) ;
#6984 = FACE_OUTER_BOUND ( 'NONE', #2444, .T. ) ;
#6985 = EDGE_CURVE ( 'NONE', #3122, #7179, #7701, .T. ) ;
#6986 = DIRECTION ( 'NONE',  ( 0.000000000000000000, 0.000000000000000000, -1.000000000000000000 ) ) ;
#6987 = EDGE_LOOP ( 'NONE', ( #4298, #917, #7902, #4502 ) ) ;
#6988 = CYLINDRICAL_SURFACE ( 'NONE', #8245, 2.000000000000003109 ) ;
#6989 = ORIENTED_EDGE ( 'NONE', *, *, #1079, .F. ) ;
#6990 = ORIENTED_EDGE ( 'NONE', *, *, #10028, .F. ) ;
#6991 = DIRECTION ( 'NONE',  ( -0.000000000000000000, -1.000000000000000000, -0.000000000000000000 ) ) ;
#6992 = DIRECTION ( 'NONE',  ( 0.000000000000000000, 0.000000000000000000, 1.000000000000000000 ) ) ;
#6993 = ORIENTED_EDGE ( 'NONE', *, *, #11213, .T. ) ;
#6994 = DIRECTION ( 'NONE',  ( -1.000000000000000000, 0.000000000000000000, 3.180326372624143447E-15 ) ) ;
#6995 = EDGE_CURVE ( 'NONE', #1851, #3686, #9754, .T. ) ;
#6996 = AXIS2_PLACEMENT_3D ( 'NONE', #3909, #2296, #3015 ) ;
#6997 = LINE ( 'NONE', #2363, #10349 ) ;
#6998 = EDGE_CURVE ( 'NONE', #2786, #6920, #10712, .T. ) ;
#6999 = ORIENTED_EDGE ( 'NONE', *, *, #2133, .T. ) ;
#7000 = LINE ( 'NONE', #8863, #2778 ) ;
#7001 = ORIENTED_EDGE ( 'NONE', *, *, #9937, .T. ) ;
#7002 = ORIENTED_EDGE ( 'NONE', *, *, #580, .F. ) ;
#7003 = AXIS2_PLACEMENT_3D ( 'NONE', #3514, #2452, #6249 ) ;
#7004 = VERTEX_POINT ( 'NONE', #2540 ) ;
#7005 = CARTESIAN_POINT ( 'NONE',  ( 0.5999999999999912070, 12.50000000000000000, -13.35000000000018971 ) ) ;
#7006 = ORIENTED_EDGE ( 'NONE', *, *, #1944, .T. ) ;
#7007 = PLANE ( 'NONE',  #9269 ) ;
#7008 = CARTESIAN_POINT ( 'NONE',  ( 52.75100000000002609, 7.899999999999999467, 4.224999999999980105 ) ) ;
#7009 = DIRECTION ( 'NONE',  ( -0.000000000000000000, -1.000000000000000000, -0.000000000000000000 ) ) ;
#7010 = EDGE_CURVE ( 'NONE', #790, #2873, #11555, .T. ) ;
#7011 = EDGE_CURVE ( 'NONE', #7383, #5207, #6889, .T. ) ;
#7012 = CARTESIAN_POINT ( 'NONE',  ( 31.09999999999999076, 0.2999999999999999889, -3.065272640686011950E-14 ) ) ;
#7013 = VERTEX_POINT ( 'NONE', #10774 ) ;
#7014 = PLANE ( 'NONE',  #711 ) ;
#7015 = CYLINDRICAL_SURFACE ( 'NONE', #6924, 3.061734693877549152 ) ;
#7016 = VERTEX_POINT ( 'NONE', #4347 ) ;
#7017 = CARTESIAN_POINT ( 'NONE',  ( -45.00000000000001421, 4.000000000000000000, 0.000000000000000000 ) ) ;
#7018 = EDGE_CURVE ( 'NONE', #9634, #2615, #8750, .T. ) ;
#7019 = FACE_OUTER_BOUND ( 'NONE', #3154, .T. ) ;
#7020 = VECTOR ( 'NONE', #5991, 1000.000000000000000 ) ;
#7021 = EDGE_CURVE ( 'NONE', #6656, #1402, #4169, .T. ) ;
#7022 = CARTESIAN_POINT ( 'NONE',  ( -47.50000000000000711, 7.500000000000000000, -9.500000000000001776 ) ) ;
#7023 = CARTESIAN_POINT ( 'NONE',  ( -50.25000000000000711, 13.79999999999999893, 7.250000000000000888 ) ) ;
#7024 = EDGE_CURVE ( 'NONE', #9812, #7409, #5599, .T. ) ;
#7025 = CARTESIAN_POINT ( 'NONE',  ( 27.43115316907410772, -0.02178271047547238395, -11.68115602924537910 ) ) ;
#7026 = VECTOR ( 'NONE', #10816, 1000.000000000000000 ) ;
#7027 = CARTESIAN_POINT ( 'NONE',  ( 22.35000000000000142, 4.999999999999999112, -8.849999999999997868 ) ) ;
#7028 = LINE ( 'NONE', #3522, #3749 ) ;
#7029 = ORIENTED_EDGE ( 'NONE', *, *, #7881, .T. ) ;
#7030 = ORIENTED_EDGE ( 'NONE', *, *, #3503, .T. ) ;
#7031 = ORIENTED_EDGE ( 'NONE', *, *, #4052, .F. ) ;
#7032 = DIRECTION ( 'NONE',  ( -0.000000000000000000, 1.000000000000000000, -0.000000000000000000 ) ) ;
#7033 = VECTOR ( 'NONE', #9016, 1000.000000000000000 ) ;
#7034 = CARTESIAN_POINT ( 'NONE',  ( 29.65249224314937848, 0.1248391197358934696, 5.875606114723799678 ) ) ;
#7035 = LINE ( 'NONE', #3469, #5066 ) ;
#7036 = CARTESIAN_POINT ( 'NONE',  ( -14.05000000000000782, 7.500000000000000000, 11.44999999999999218 ) ) ;
#7037 = CYLINDRICAL_SURFACE ( 'NONE', #8155, 1.300000000000000711 ) ;
#7038 = LINE ( 'NONE', #2519, #7026 ) ;
#7039 = ORIENTED_EDGE ( 'NONE', *, *, #9368, .T. ) ;
#7040 = CARTESIAN_POINT ( 'NONE',  ( -52.70000000000000284, 6.999999999999999112, -6.750000000000000000 ) ) ;
#7041 = ORIENTED_EDGE ( 'NONE', *, *, #6117, .F. ) ;
#7042 = FACE_OUTER_BOUND ( 'NONE', #10522, .T. ) ;
#7043 = ORIENTED_EDGE ( 'NONE', *, *, #2301, .F. ) ;
#7044 = ORIENTED_EDGE ( 'NONE', *, *, #8785, .F. ) ;
#7045 = DIRECTION ( 'NONE',  ( 0.000000000000000000, 0.000000000000000000, 1.000000000000000000 ) ) ;
#7046 = LINE ( 'NONE', #10704, #8668 ) ;
#7047 = VERTEX_POINT ( 'NONE', #1664 ) ;
#7048 = CARTESIAN_POINT ( 'NONE',  ( 26.81022599591440780, 0.2999999999999999889, -11.75000000000000533 ) ) ;
#7049 = CIRCLE ( 'NONE', #2308, 3.000000000000002665 ) ;
#7050 = CARTESIAN_POINT ( 'NONE',  ( -52.25000000000001421, 6.447776825863790862, 3.267594706387992876 ) ) ;
#7051 = FACE_OUTER_BOUND ( 'NONE', #6851, .T. ) ;
#7052 = ORIENTED_EDGE ( 'NONE', *, *, #7178, .F. ) ;
#7053 = VERTEX_POINT ( 'NONE', #11605 ) ;
#7054 = EDGE_CURVE ( 'NONE', #1469, #4272, #721, .T. ) ;
#7055 = VECTOR ( 'NONE', #7565, 1000.000000000000000 ) ;
#7056 = EDGE_CURVE ( 'NONE', #8507, #10270, #1994, .T. ) ;
#7057 = CARTESIAN_POINT ( 'NONE',  ( 41.25000000000000711, 7.500000000000000000, 8.250000000000001776 ) ) ;
#7058 = ORIENTED_EDGE ( 'NONE', *, *, #7894, .T. ) ;
#7059 = FACE_OUTER_BOUND ( 'NONE', #2573, .T. ) ;
#7060 = EDGE_CURVE ( 'NONE', #6034, #7393, #5226, .T. ) ;
#7061 = CARTESIAN_POINT ( 'NONE',  ( 47.49999999999999289, 10.50000000000000000, 9.500000000000000000 ) ) ;
#7062 = CYLINDRICAL_SURFACE ( 'NONE', #4039, 2.000000000000001776 ) ;
#7063 = LINE ( 'NONE', #7012, #7714 ) ;
#7064 = EDGE_LOOP ( 'NONE', ( #4989, #10038, #1927, #3695 ) ) ;
#7065 = CARTESIAN_POINT ( 'NONE',  ( -52.33704279059659825, 8.006999899801414244, -4.225057065303476023 ) ) ;
#7066 = EDGE_CURVE ( 'NONE', #6522, #7080, #779, .T. ) ;
#7067 = EDGE_CURVE ( 'NONE', #2980, #826, #5351, .T. ) ;
#7068 = CYLINDRICAL_SURFACE ( 'NONE', #11121, 0.8500000000000000888 ) ;
#7069 = ORIENTED_EDGE ( 'NONE', *, *, #5125, .T. ) ;
#7070 = ORIENTED_EDGE ( 'NONE', *, *, #5175, .F. ) ;
#7071 = DIRECTION ( 'NONE',  ( -0.000000000000000000, -0.000000000000000000, 1.000000000000000000 ) ) ;
#7072 = CYLINDRICAL_SURFACE ( 'NONE', #6240, 9.000000000000008882 ) ;
#7073 = CARTESIAN_POINT ( 'NONE',  ( -52.21659773288868678, 6.835849566192951698, 3.844379067120455407 ) ) ;
#7074 = AXIS2_PLACEMENT_3D ( 'NONE', #8987, #10911, #848 ) ;
#7075 = DIRECTION ( 'NONE',  ( -1.000000000000000000, 0.000000000000000000, 0.000000000000000000 ) ) ;
#7076 = ORIENTED_EDGE ( 'NONE', *, *, #4973, .T. ) ;
#7077 = ORIENTED_EDGE ( 'NONE', *, *, #9794, .F. ) ;
#7078 = LINE ( 'NONE', #7144, #9544 ) ;
#7079 = DIRECTION ( 'NONE',  ( 1.000000000000000000, -0.000000000000000000, 0.000000000000000000 ) ) ;
#7080 = VERTEX_POINT ( 'NONE', #10543 ) ;
#7081 = ORIENTED_EDGE ( 'NONE', *, *, #6486, .F. ) ;
#7082 = EDGE_CURVE ( 'NONE', #8650, #5019, #2370, .T. ) ;
#7083 = ORIENTED_EDGE ( 'NONE', *, *, #628, .F. ) ;
#7084 = ORIENTED_EDGE ( 'NONE', *, *, #1142, .T. ) ;
#7085 = ADVANCED_FACE ( 'NONE', ( #3321 ), #8803, .T. ) ;
#7086 = CARTESIAN_POINT ( 'NONE',  ( -37.20000000000000284, 13.29999999999999893, -12.25000000000000178 ) ) ;
#7087 = VECTOR ( 'NONE', #1993, 1000.000000000000000 ) ;
#7088 = AXIS2_PLACEMENT_3D ( 'NONE', #9138, #2059, #2768 ) ;
#7089 = DIRECTION ( 'NONE',  ( -0.000000000000000000, 1.000000000000000000, -0.000000000000000000 ) ) ;
#7090 = CARTESIAN_POINT ( 'NONE',  ( -47.50000000000000711, 15.50000000000000000, -9.500000000000001776 ) ) ;
#7091 = DIRECTION ( 'NONE',  ( 0.000000000000000000, 0.000000000000000000, 1.000000000000000000 ) ) ;
#7092 = CARTESIAN_POINT ( 'NONE',  ( -52.22340835089975997, 6.705390757595229623, -3.692296232791185684 ) ) ;
#7093 = CYLINDRICAL_SURFACE ( 'NONE', #5650, 0.2500000000000002220 ) ;
#7094 = DIRECTION ( 'NONE',  ( 0.000000000000000000, 1.000000000000000000, 0.000000000000000000 ) ) ;
#7095 = CARTESIAN_POINT ( 'NONE',  ( 0.000000000000000000, 4.999999999999999112, 4.549999999999997158 ) ) ;
#7096 = AXIS2_PLACEMENT_3D ( 'NONE', #11336, #5894, #10492 ) ;
#7097 = ORIENTED_EDGE ( 'NONE', *, *, #10220, .F. ) ;
#7098 = LINE ( 'NONE', #1530, #9685 ) ;
#7099 = ORIENTED_EDGE ( 'NONE', *, *, #6859, .F. ) ;
#7100 = ADVANCED_FACE ( 'NONE', ( #9653 ), #2481, .T. ) ;
#7101 = CARTESIAN_POINT ( 'NONE',  ( 0.000000000000000000, 4.999999999999999112, 8.349999999999997868 ) ) ;
#7102 = CARTESIAN_POINT ( 'NONE',  ( -52.20568082859720960, 7.041535657144925686, 4.027471805004055661 ) ) ;
#7103 = ORIENTED_EDGE ( 'NONE', *, *, #3618, .T. ) ;
#7104 = AXIS2_PLACEMENT_3D ( 'NONE', #8052, #10926, #6132 ) ;
#7105 = DIRECTION ( 'NONE',  ( 1.000000000000000000, -0.000000000000000000, -0.000000000000000000 ) ) ;
#7106 = CARTESIAN_POINT ( 'NONE',  ( 30.35000000000000142, 0.5999999999999989786, -3.150000000000002576 ) ) ;
#7107 = VECTOR ( 'NONE', #6946, 1000.000000000000000 ) ;
#7108 = ORIENTED_EDGE ( 'NONE', *, *, #9489, .T. ) ;
#7109 = DIRECTION ( 'NONE',  ( -1.000000000000000000, 0.000000000000000000, -1.871330610546719070E-17 ) ) ;
#7110 = FACE_OUTER_BOUND ( 'NONE', #6456, .T. ) ;
#7111 = DIRECTION ( 'NONE',  ( -0.000000000000000000, 1.000000000000000000, -0.000000000000000000 ) ) ;
#7112 = VERTEX_POINT ( 'NONE', #1952 ) ;
#7113 = AXIS2_PLACEMENT_3D ( 'NONE', #4803, #9335, #8435 ) ;
#7114 = CIRCLE ( 'NONE', #2003, 9.300000000000009592 ) ;
#7115 = EDGE_LOOP ( 'NONE', ( #10397, #8054, #533, #3208, #6823, #1545, #2416, #3134 ) ) ;
#7116 = DIRECTION ( 'NONE',  ( 0.000000000000000000, -1.000000000000000000, 0.000000000000000000 ) ) ;
#7117 = FACE_OUTER_BOUND ( 'NONE', #5788, .T. ) ;
#7118 = PLANE ( 'NONE',  #6378 ) ;
#7119 = EDGE_LOOP ( 'NONE', ( #8340, #7859, #5998, #6178 ) ) ;
#7120 = DIRECTION ( 'NONE',  ( -1.000000000000000000, 0.000000000000000000, 0.000000000000000000 ) ) ;
#7121 = AXIS2_PLACEMENT_3D ( 'NONE', #6432, #5660, #8339 ) ;
#7122 = CARTESIAN_POINT ( 'NONE',  ( 26.81022599591440780, 0.000000000000000000, -11.75000000000000178 ) ) ;
#7123 = LINE ( 'NONE', #5173, #9445 ) ;
#7124 = VERTEX_POINT ( 'NONE', #1897 ) ;
#7125 = ADVANCED_FACE ( 'NONE', ( #11071, #9035, #3617, #5575, #7423, #4635, #10113 ), #5639, .F. ) ;
#7126 = CARTESIAN_POINT ( 'NONE',  ( -52.26167570767505310, 8.115286570286581735, -4.211499472779049569 ) ) ;
#7127 = CIRCLE ( 'NONE', #1632, 5.000000000000000888 ) ;
#7128 = ORIENTED_EDGE ( 'NONE', *, *, #7021, .T. ) ;
#7129 = AXIS2_PLACEMENT_3D ( 'NONE', #3816, #7440, #11151 ) ;
#7130 = CARTESIAN_POINT ( 'NONE',  ( 31.10000000000002274, 0.5999999999999989786, 2.298623679425836563 ) ) ;
#7131 = DIRECTION ( 'NONE',  ( -0.000000000000000000, -1.000000000000000000, -0.000000000000000000 ) ) ;
#7132 = VERTEX_POINT ( 'NONE', #8261 ) ;
#7133 =( NAMED_UNIT ( * ) SI_UNIT ( $, .STERADIAN. ) SOLID_ANGLE_UNIT ( ) );
#7134 = DIRECTION ( 'NONE',  ( 1.000000000000000000, -0.000000000000000000, 0.000000000000000000 ) ) ;
#7135 = FACE_OUTER_BOUND ( 'NONE', #2166, .T. ) ;
#7136 = CARTESIAN_POINT ( 'NONE',  ( -51.95000000000000995, 6.583039804977540044, 3.819531249999943867 ) ) ;
#7137 = EDGE_CURVE ( 'NONE', #4054, #2844, #1012, .T. ) ;
#7138 = CIRCLE ( 'NONE', #5631, 0.7999999999999994893 ) ;
#7139 = VECTOR ( 'NONE', #592, 1000.000000000000000 ) ;
#7140 = VECTOR ( 'NONE', #8805, 1000.000000000000000 ) ;
#7141 = CARTESIAN_POINT ( 'NONE',  ( 0.000000000000000000, 4.000000000000000000, -12.25000000000000000 ) ) ;
#7142 = ORIENTED_EDGE ( 'NONE', *, *, #9646, .F. ) ;
#7143 = ADVANCED_FACE ( 'NONE', ( #8202 ), #9990, .T. ) ;
#7144 = CARTESIAN_POINT ( 'NONE',  ( 0.000000000000000000, 7.500000000000000000, -12.25000000000000000 ) ) ;
#7145 = DIRECTION ( 'NONE',  ( 0.000000000000000000, 0.000000000000000000, 1.000000000000000000 ) ) ;
#7146 = DIRECTION ( 'NONE',  ( 0.000000000000000000, 1.000000000000000000, 1.865294060190115224E-16 ) ) ;
#7147 = ORIENTED_EDGE ( 'NONE', *, *, #8873, .F. ) ;
#7148 = ORIENTED_EDGE ( 'NONE', *, *, #1850, .T. ) ;
#7149 = CARTESIAN_POINT ( 'NONE',  ( -37.54999999999999716, 6.000000000000000000, -12.25000000000000533 ) ) ;
#7150 = VECTOR ( 'NONE', #3698, 1000.000000000000000 ) ;
#7151 = VECTOR ( 'NONE', #9565, 1000.000000000000000 ) ;
#7152 = CARTESIAN_POINT ( 'NONE',  ( -52.25000000000001421, 6.399999999999998579, 2.925000000000026468 ) ) ;
#7153 = B_SPLINE_CURVE_WITH_KNOTS ( 'NONE', 3,
 ( #2295, #4966, #3299, #10400, #410, #1358 ),
 .UNSPECIFIED., .F., .F.,
 ( 4, 2, 4 ),
 ( 0.000000000000000000, 0.0001955837419200947918, 0.0003911674838401895836 ),
 .UNSPECIFIED. ) ;
#7154 = CARTESIAN_POINT ( 'NONE',  ( 29.83292408117199201, -2.058290061827949084E-16, 6.068693016353925884 ) ) ;
#7155 = DIRECTION ( 'NONE',  ( 1.000000000000000000, -0.000000000000000000, -0.000000000000000000 ) ) ;
#7156 = DIRECTION ( 'NONE',  ( 0.000000000000000000, 1.000000000000000000, -0.000000000000000000 ) ) ;
#7157 = CARTESIAN_POINT ( 'NONE',  ( 30.35000000000000142, 0.000000000000000000, -3.150000000000002576 ) ) ;
#7158 = EDGE_CURVE ( 'NONE', #5941, #7016, #7236, .T. ) ;
#7159 = VECTOR ( 'NONE', #8699, 1000.000000000000000 ) ;
#7160 = CARTESIAN_POINT ( 'NONE',  ( 50.25000000000000000, 7.500000000000000000, -9.499999999999978684 ) ) ;
#7161 = ADVANCED_FACE ( 'NONE', ( #10956 ), #3798, .T. ) ;
#7162 = AXIS2_PLACEMENT_3D ( 'NONE', #6, #11588, #6323 ) ;
#7163 = DIRECTION ( 'NONE',  ( 0.000000000000000000, 0.000000000000000000, 1.000000000000000000 ) ) ;
#7164 = AXIS2_PLACEMENT_3D ( 'NONE', #3347, #7765, #577 ) ;
#7165 = VECTOR ( 'NONE', #2127, 1000.000000000000000 ) ;
#7166 = EDGE_LOOP ( 'NONE', ( #8000, #10356, #3302, #8011 ) ) ;
#7167 = CARTESIAN_POINT ( 'NONE',  ( -50.75000000000000711, 7.500000000000000000, 6.750000000000000888 ) ) ;
#7168 = EDGE_LOOP ( 'NONE', ( #5119, #93, #5781, #8554 ) ) ;
#7169 = DIRECTION ( 'NONE',  ( 1.000000000000000000, -0.000000000000000000, 0.000000000000000000 ) ) ;
#7170 = ORIENTED_EDGE ( 'NONE', *, *, #11624, .F. ) ;
#7171 = DIRECTION ( 'NONE',  ( 0.000000000000000000, 0.000000000000000000, -1.000000000000000000 ) ) ;
#7172 = AXIS2_PLACEMENT_3D ( 'NONE', #11174, #8476, #6504 ) ;
#7173 = CARTESIAN_POINT ( 'NONE',  ( 38.61960222758094829, 0.000000000000000000, 1.104841829914298579 ) ) ;
#7174 = ORIENTED_EDGE ( 'NONE', *, *, #1716, .T. ) ;
#7175 = CARTESIAN_POINT ( 'NONE',  ( 38.56385371214059177, 0.02145563245112954917, -7.217410124218947232 ) ) ;
#7176 = EDGE_CURVE ( 'NONE', #9657, #10896, #1247, .T. ) ;
#7177 = DIRECTION ( 'NONE',  ( -1.000000000000000000, -0.000000000000000000, -0.000000000000000000 ) ) ;
#7178 = EDGE_CURVE ( 'NONE', #11207, #2735, #192, .T. ) ;
#7179 = VERTEX_POINT ( 'NONE', #2014 ) ;
#7180 = CARTESIAN_POINT ( 'NONE',  ( -52.40568058483292901, 8.984780085661590476, 3.641416195902962727 ) ) ;
#7181 = EDGE_LOOP ( 'NONE', ( #11310, #3478, #5804, #8514 ) ) ;
#7182 = ORIENTED_EDGE ( 'NONE', *, *, #9507, .T. ) ;
#7183 = DIRECTION ( 'NONE',  ( -1.000000000000000000, 0.000000000000000000, 0.000000000000000000 ) ) ;
#7184 = CARTESIAN_POINT ( 'NONE',  ( -52.70000000000000284, 6.999999999999999112, 4.750000000000001776 ) ) ;
#7185 = DIRECTION ( 'NONE',  ( 0.000000000000000000, 0.000000000000000000, -1.000000000000000000 ) ) ;
#7186 = CARTESIAN_POINT ( 'NONE',  ( 29.59999999999998010, 0.5999999999999989786, -8.598623679425841715 ) ) ;
#7187 = DIRECTION ( 'NONE',  ( 1.000000000000000000, 0.000000000000000000, -0.000000000000000000 ) ) ;
#7188 = VERTEX_POINT ( 'NONE', #6288 ) ;
#7189 = CIRCLE ( 'NONE', #11190, 9.300000000000009592 ) ;
#7190 = CARTESIAN_POINT ( 'NONE',  ( -52.20456334646851815, 7.675565431593415866, -4.262417259502896627 ) ) ;
#7191 = ORIENTED_EDGE ( 'NONE', *, *, #6864, .T. ) ;
#7192 = CARTESIAN_POINT ( 'NONE',  ( -37.29999999999999716, 4.000000000000000000, 12.25000000000000000 ) ) ;
#7193 = ORIENTED_EDGE ( 'NONE', *, *, #2785, .F. ) ;
#7194 = CARTESIAN_POINT ( 'NONE',  ( -50.75000000000000711, 11.34999999999999964, 4.250000000000000000 ) ) ;
#7195 = ORIENTED_EDGE ( 'NONE', *, *, #3689, .F. ) ;
#7196 = DIRECTION ( 'NONE',  ( 0.000000000000000000, 1.734723475976806148E-14, -1.000000000000000000 ) ) ;
#7197 = EDGE_LOOP ( 'NONE', ( #977, #3719, #2986, #4882 ) ) ;
#7198 = CARTESIAN_POINT ( 'NONE',  ( -36.95000000000000284, 0.000000000000000000, 0.000000000000000000 ) ) ;
#7199 = CARTESIAN_POINT ( 'NONE',  ( -39.80000000000000426, 13.29999999999999893, 12.25000000000000000 ) ) ;
#7200 = CARTESIAN_POINT ( 'NONE',  ( -45.00000000000000711, 7.500000000000000000, 12.25000000000000000 ) ) ;
#7201 = DIRECTION ( 'NONE',  ( -1.000000000000000000, 0.000000000000000000, 0.000000000000000000 ) ) ;
#7202 = DIRECTION ( 'NONE',  ( 0.000000000000000000, 1.000000000000000000, -0.000000000000000000 ) ) ;
#7203 = AXIS2_PLACEMENT_3D ( 'NONE', #6241, #9887, #907 ) ;
#7204 = VERTEX_POINT ( 'NONE', #835 ) ;
#7205 = ORIENTED_EDGE ( 'NONE', *, *, #6584, .F. ) ;
#7206 = CARTESIAN_POINT ( 'NONE',  ( 29.60000000000001918, 0.2999999999999998779, 2.298623679425836563 ) ) ;
#7207 = EDGE_LOOP ( 'NONE', ( #7910, #4104, #6314, #5956, #10061, #1343 ) ) ;
#7208 = ORIENTED_EDGE ( 'NONE', *, *, #9010, .F. ) ;
#7209 = CARTESIAN_POINT ( 'NONE',  ( -52.25000000000001421, 7.899999999999999467, -2.449999999999999734 ) ) ;
#7210 = EDGE_CURVE ( 'NONE', #9179, #9149, #10374, .T. ) ;
#7211 = FACE_OUTER_BOUND ( 'NONE', #9972, .T. ) ;
#7212 = EDGE_CURVE ( 'NONE', #9228, #9357, #8085, .T. ) ;
#7213 = DIRECTION ( 'NONE',  ( -0.000000000000000000, -0.000000000000000000, 1.000000000000000000 ) ) ;
#7214 = EDGE_CURVE ( 'NONE', #6342, #2834, #10540, .T. ) ;
#7215 = LINE ( 'NONE', #11708, #1474 ) ;
#7216 = CARTESIAN_POINT ( 'NONE',  ( 50.25000000000000000, 10.50000000000000000, -9.499999999999978684 ) ) ;
#7217 = VECTOR ( 'NONE', #1123, 1000.000000000000000 ) ;
#7218 = DIRECTION ( 'NONE',  ( 0.000000000000000000, 0.000000000000000000, -1.000000000000000000 ) ) ;
#7219 = PLANE ( 'NONE',  #4588 ) ;
#7220 = DIRECTION ( 'NONE',  ( 0.000000000000000000, 0.000000000000000000, -1.000000000000000000 ) ) ;
#7221 = ORIENTED_EDGE ( 'NONE', *, *, #9, .F. ) ;
#7222 = LINE ( 'NONE', #4505, #9583 ) ;
#7223 = EDGE_CURVE ( 'NONE', #8363, #10757, #10836, .T. ) ;
#7224 = ADVANCED_FACE ( 'NONE', ( #2665 ), #6346, .T. ) ;
#7225 = ORIENTED_EDGE ( 'NONE', *, *, #3988, .F. ) ;
#7226 = CARTESIAN_POINT ( 'NONE',  ( -50.25000000000000711, 7.500000000000000000, 9.499999999999980460 ) ) ;
#7227 = CARTESIAN_POINT ( 'NONE',  ( -52.45000000000000995, 6.602280827012613429, 3.001973684210523796 ) ) ;
#7228 = CARTESIAN_POINT ( 'NONE',  ( -42.57081215028367893, 3.177444110162721547, -8.560151273749857737 ) ) ;
#7229 = CARTESIAN_POINT ( 'NONE',  ( -47.50000000000000711, 4.000000000000000000, -6.750000000000000000 ) ) ;
#7230 = CARTESIAN_POINT ( 'NONE',  ( -52.45000000000000995, 6.399999999999998579, -2.924999999999972289 ) ) ;
#7231 = ORIENTED_EDGE ( 'NONE', *, *, #2872, .T. ) ;
#7232 = EDGE_CURVE ( 'NONE', #9499, #9298, #4578, .T. ) ;
#7233 = ORIENTED_EDGE ( 'NONE', *, *, #7821, .T. ) ;
#7234 = AXIS2_PLACEMENT_3D ( 'NONE', #7230, #2780, #4688 ) ;
#7235 = EDGE_CURVE ( 'NONE', #450, #10508, #2248, .T. ) ;
#7236 = LINE ( 'NONE', #1071, #9608 ) ;
#7237 = ADVANCED_FACE ( 'NONE', ( #303 ), #10342, .T. ) ;
#7238 = CARTESIAN_POINT ( 'NONE',  ( -52.11892880171556186, 8.850218215710691894, -4.114102427806928475 ) ) ;
#7239 = VECTOR ( 'NONE', #9467, 1000.000000000000227 ) ;
#7240 = DIRECTION ( 'NONE',  ( 1.000000000000000000, -0.000000000000000000, 0.000000000000000000 ) ) ;
#7241 = CYLINDRICAL_SURFACE ( 'NONE', #4784, 2.750000000000000888 ) ;
#7242 = ORIENTED_EDGE ( 'NONE', *, *, #1712, .F. ) ;
#7243 = ORIENTED_EDGE ( 'NONE', *, *, #1850, .F. ) ;
#7244 = CARTESIAN_POINT ( 'NONE',  ( -52.34852525087676867, 8.422784203746671139, 4.120007057094563052 ) ) ;
#7245 = VECTOR ( 'NONE', #8370, 1000.000000000000000 ) ;
#7246 = CARTESIAN_POINT ( 'NONE',  ( -36.94999999999999574, 4.007420769103569924, -12.43439266236709173 ) ) ;
#7247 = ORIENTED_EDGE ( 'NONE', *, *, #1636, .F. ) ;
#7248 = AXIS2_PLACEMENT_3D ( 'NONE', #11025, #10779, #9157 ) ;
#7249 = CARTESIAN_POINT ( 'NONE',  ( -52.20423352066372047, 7.455837764047892335, -4.212383012905322133 ) ) ;
#7250 = CYLINDRICAL_SURFACE ( 'NONE', #6127, 0.2999999999999998779 ) ;
#7251 = ORIENTED_EDGE ( 'NONE', *, *, #7951, .F. ) ;
#7252 = EDGE_CURVE ( 'NONE', #6805, #6332, #4144, .T. ) ;
#7253 = DIRECTION ( 'NONE',  ( 1.000000000000000000, 0.000000000000000000, 0.000000000000000000 ) ) ;
#7254 = ORIENTED_EDGE ( 'NONE', *, *, #2507, .T. ) ;
#7255 = CARTESIAN_POINT ( 'NONE',  ( -45.00000000000001421, 7.500000000000000000, 0.000000000000000000 ) ) ;
#7256 = ORIENTED_EDGE ( 'NONE', *, *, #8572, .T. ) ;
#7257 = DIRECTION ( 'NONE',  ( 1.000000000000000000, -0.000000000000000000, -0.000000000000000000 ) ) ;
#7258 = CARTESIAN_POINT ( 'NONE',  ( 25.25635347795579477, 0.2531612188914926231, -1.075207213125395800 ) ) ;
#7259 = VECTOR ( 'NONE', #1189, 1000.000000000000000 ) ;
#7260 = DIRECTION ( 'NONE',  ( 0.000000000000000000, 0.000000000000000000, 1.000000000000000000 ) ) ;
#7261 = DIRECTION ( 'NONE',  ( 0.000000000000000000, 0.6931369447486561697, -0.7208059210526079896 ) ) ;
#7262 = ORIENTED_EDGE ( 'NONE', *, *, #7011, .F. ) ;
#7263 = CARTESIAN_POINT ( 'NONE',  ( -47.49999999999999289, 14.00000000000000000, -12.25000000000000000 ) ) ;
#7264 = EDGE_LOOP ( 'NONE', ( #5191, #8643, #1989, #4202, #7256, #11319, #4042, #1742, #2111, #3855 ) ) ;
#7265 = VERTEX_POINT ( 'NONE', #7718 ) ;
#7266 = DIRECTION ( 'NONE',  ( 0.000000000000000000, 1.000000000000000000, 0.000000000000000000 ) ) ;
#7267 = CARTESIAN_POINT ( 'NONE',  ( 22.84446733056347867, 0.09377939253895475891, -8.258250136764210936 ) ) ;
#7268 = EDGE_LOOP ( 'NONE', ( #1407, #9752, #9957, #2604 ) ) ;
#7269 = CARTESIAN_POINT ( 'NONE',  ( 43.25000000000000711, 5.500000000000000000, 8.250000000000001776 ) ) ;
#7270 = CYLINDRICAL_SURFACE ( 'NONE', #5652, 3.061734693877549152 ) ;
#7271 = CIRCLE ( 'NONE', #10830, 0.5999999999999998668 ) ;
#7272 = LINE ( 'NONE', #2761, #10622 ) ;
#7273 = LINE ( 'NONE', #9792, #8371 ) ;
#7274 = EDGE_CURVE ( 'NONE', #4604, #7179, #6753, .T. ) ;
#7275 = CARTESIAN_POINT ( 'NONE',  ( -2.000000000000008882, 12.50000000000000000, -12.35000000000019149 ) ) ;
#7276 = EDGE_CURVE ( 'NONE', #7523, #4065, #2762, .T. ) ;
#7277 = ORIENTED_EDGE ( 'NONE', *, *, #3579, .F. ) ;
#7278 = VECTOR ( 'NONE', #5078, 1000.000000000000000 ) ;
#7279 = CARTESIAN_POINT ( 'NONE',  ( -34.95000000000000284, 11.29999999999999716, -14.25000000000000355 ) ) ;
#7280 = VERTEX_POINT ( 'NONE', #2182 ) ;
#7281 = VECTOR ( 'NONE', #5093, 1000.000000000000000 ) ;
#7282 = DIRECTION ( 'NONE',  ( 1.000000000000000000, -0.000000000000000000, -0.000000000000000000 ) ) ;
#7283 = ORIENTED_EDGE ( 'NONE', *, *, #8761, .F. ) ;
#7284 = FACE_OUTER_BOUND ( 'NONE', #4612, .T. ) ;
#7285 = CARTESIAN_POINT ( 'NONE',  ( 32.01724344055624982, 0.3544802990747482063, -12.00610763429330419 ) ) ;
#7286 = CARTESIAN_POINT ( 'NONE',  ( -42.15000000000000568, 13.28431348329844219, -12.50000000000000000 ) ) ;
#7287 = VECTOR ( 'NONE', #6738, 1000.000000000000000 ) ;
#7288 = CARTESIAN_POINT ( 'NONE',  ( -37.54999999999999716, 4.000000000000000000, 12.50000000000000000 ) ) ;
#7289 = EDGE_CURVE ( 'NONE', #2691, #9499, #2956, .T. ) ;
#7290 = CARTESIAN_POINT ( 'NONE',  ( 51.95000000000000284, 10.80000000000000071, -3.299999999999999378 ) ) ;
#7291 = EDGE_CURVE ( 'NONE', #6419, #3976, #8376, .T. ) ;
#7292 = CARTESIAN_POINT ( 'NONE',  ( -40.15000000000000568, 6.000000000000000000, 14.25000000000000355 ) ) ;
#7293 = EDGE_LOOP ( 'NONE', ( #5274, #5177, #1759, #9936 ) ) ;
#7294 = ORIENTED_EDGE ( 'NONE', *, *, #3727, .F. ) ;
#7295 = CIRCLE ( 'NONE', #4268, 0.6000000000000007550 ) ;
#7296 = ORIENTED_EDGE ( 'NONE', *, *, #6058, .T. ) ;
#7297 = AXIS2_PLACEMENT_3D ( 'NONE', #3829, #8232, #1982 ) ;
#7298 = PLANE ( 'NONE',  #8411 ) ;
#7299 = CARTESIAN_POINT ( 'NONE',  ( 30.80000000000002913, 0.000000000000000000, 6.139106523234627133 ) ) ;
#7300 = VERTEX_POINT ( 'NONE', #7653 ) ;
#7301 = CARTESIAN_POINT ( 'NONE',  ( -51.99271462781828035, 8.380799096165928219, -4.292154627758328900 ) ) ;
#7302 = CARTESIAN_POINT ( 'NONE',  ( -7.235066204683769069E-16, 3.199999999999999734, -8.550000000000016698 ) ) ;
#7303 = CARTESIAN_POINT ( 'NONE',  ( 37.74211819145298108, 0.5999999999999989786, -8.283866831501375927 ) ) ;
#7304 = ORIENTED_EDGE ( 'NONE', *, *, #4559, .F. ) ;
#7305 = ORIENTED_EDGE ( 'NONE', *, *, #11272, .T. ) ;
#7306 = EDGE_CURVE ( 'NONE', #1504, #3269, #3915, .T. ) ;
#7307 = AXIS2_PLACEMENT_3D ( 'NONE', #256, #3863, #6538 ) ;
#7308 = AXIS2_PLACEMENT_3D ( 'NONE', #6607, #10252, #9474 ) ;
#7309 = CARTESIAN_POINT ( 'NONE',  ( -52.70000000000000284, 11.34999999999999964, -4.750000000000000000 ) ) ;
#7310 = ORIENTED_EDGE ( 'NONE', *, *, #5408, .T. ) ;
#7311 = ADVANCED_FACE ( 'NONE', ( #4916 ), #6692, .T. ) ;
#7312 = DIRECTION ( 'NONE',  ( 1.000000000000000000, 0.000000000000000000, 0.000000000000000000 ) ) ;
#7313 = EDGE_LOOP ( 'NONE', ( #9719, #11659, #1830, #8882, #8716, #3785 ) ) ;
#7314 = ORIENTED_EDGE ( 'NONE', *, *, #5485, .T. ) ;
#7315 = EDGE_LOOP ( 'NONE', ( #9800, #715, #8569, #11060, #10100 ) ) ;
#7316 = CARTESIAN_POINT ( 'NONE',  ( 0.000000000000000000, 15.50000000000000000, 13.25000000000000178 ) ) ;
#7317 = ORIENTED_EDGE ( 'NONE', *, *, #8851, .F. ) ;
#7318 = VECTOR ( 'NONE', #6639, 1000.000000000000000 ) ;
#7319 = DIRECTION ( 'NONE',  ( 0.000000000000000000, 0.000000000000000000, -1.000000000000000000 ) ) ;
#7320 = ORIENTED_EDGE ( 'NONE', *, *, #827, .F. ) ;
#7321 = DIRECTION ( 'NONE',  ( 0.000000000000000000, 0.000000000000000000, 1.000000000000000000 ) ) ;
#7322 = DIRECTION ( 'NONE',  ( 0.000000000000000000, 1.000000000000000000, 0.000000000000000000 ) ) ;
#7323 = EDGE_CURVE ( 'NONE', #10066, #5225, #1130, .T. ) ;
#7324 = LINE ( 'NONE', #10985, #1119 ) ;
#7325 = EDGE_LOOP ( 'NONE', ( #8391, #4213, #1262, #11037 ) ) ;
#7326 = VERTEX_POINT ( 'NONE', #10466 ) ;
#7327 = ADVANCED_FACE ( 'NONE', ( #2300 ), #9429, .T. ) ;
#7328 = DIRECTION ( 'NONE',  ( 0.000000000000000000, 0.000000000000000000, 1.000000000000000000 ) ) ;
#7329 = VECTOR ( 'NONE', #9235, 999.9999999999998863 ) ;
#7330 = DIRECTION ( 'NONE',  ( -1.000000000000000000, 0.000000000000000000, -1.871330610546719070E-17 ) ) ;
#7331 = EDGE_LOOP ( 'NONE', ( #3777, #2494, #1948, #8145, #3045, #10185, #3669, #9020, #2383 ) ) ;
#7332 = CARTESIAN_POINT ( 'NONE',  ( -52.45000000000001705, 7.899999999999999467, -2.924999999999972289 ) ) ;
#7333 = CARTESIAN_POINT ( 'NONE',  ( -42.35139740797688290, 3.010000000000000231, 9.939999999999992397 ) ) ;
#7334 = VERTEX_POINT ( 'NONE', #1191 ) ;
#7335 = DIRECTION ( 'NONE',  ( 0.000000000000000000, 0.000000000000000000, 1.000000000000000000 ) ) ;
#7336 = CIRCLE ( 'NONE', #2211, 2.999999999999999112 ) ;
#7337 = ORIENTED_EDGE ( 'NONE', *, *, #1997, .F. ) ;
#7338 = DIRECTION ( 'NONE',  ( 0.000000000000000000, 0.000000000000000000, 1.000000000000000000 ) ) ;
#7339 = AXIS2_PLACEMENT_3D ( 'NONE', #2016, #9156, #139 ) ;
#7340 = LINE ( 'NONE', #3781, #9303 ) ;
#7341 = DIRECTION ( 'NONE',  ( 0.000000000000000000, 1.000000000000000000, -0.000000000000000000 ) ) ;
#7342 = CARTESIAN_POINT ( 'NONE',  ( -43.17221700895057523, 3.999999999999999112, 9.910201882935735895 ) ) ;
#7343 = AXIS2_PLACEMENT_3D ( 'NONE', #10089, #9249, #5610 ) ;
#7344 = CARTESIAN_POINT ( 'NONE',  ( -42.72314042967215642, 13.29694875387735209, -12.36973257420731542 ) ) ;
#7345 = ORIENTED_EDGE ( 'NONE', *, *, #446, .T. ) ;
#7346 = CARTESIAN_POINT ( 'NONE',  ( -44.75000000000000711, 11.29999999999999716, -14.25000000000000355 ) ) ;
#7347 = ORIENTED_EDGE ( 'NONE', *, *, #5070, .T. ) ;
#7348 = VECTOR ( 'NONE', #682, 1000.000000000000114 ) ;
#7349 = CARTESIAN_POINT ( 'NONE',  ( -52.22340835089975997, 9.094609242404857241, 3.692296232791101751 ) ) ;
#7350 = LINE ( 'NONE', #9141, #8484 ) ;
#7351 = ADVANCED_FACE ( 'NONE', ( #7480 ), #5693, .T. ) ;
#7352 = CYLINDRICAL_SURFACE ( 'NONE', #357, 3.000000000000002665 ) ;
#7353 = CIRCLE ( 'NONE', #10993, 2.999999999999999112 ) ;
#7354 = VECTOR ( 'NONE', #8028, 1000.000000000000000 ) ;
#7355 = CARTESIAN_POINT ( 'NONE',  ( 0.5999999999999912070, 12.50000000000000000, -13.35000000000018971 ) ) ;
#7356 = DIRECTION ( 'NONE',  ( -1.000000000000000000, 0.000000000000000000, 0.000000000000000000 ) ) ;
#7357 = CARTESIAN_POINT ( 'NONE',  ( 29.89999999999998082, 0.2999999999999999889, -0.000000000000000000 ) ) ;
#7358 = EDGE_LOOP ( 'NONE', ( #4359, #5321, #4137, #265, #321, #210, #7058, #2090, #11494, #5032, #6466 ) ) ;
#7359 = VERTEX_POINT ( 'NONE', #7541 ) ;
#7360 = B_SPLINE_CURVE_WITH_KNOTS ( 'NONE', 3,
 ( #10644, #6040, #820, #10698, #5090, #7953 ),
 .UNSPECIFIED., .F., .F.,
 ( 4, 2, 4 ),
 ( 0.000000000000000000, 0.0001955798652618910864, 0.0003911597305237821728 ),
 .UNSPECIFIED. ) ;
#7361 = VECTOR ( 'NONE', #7778, 1000.000000000000000 ) ;
#7362 = AXIS2_PLACEMENT_3D ( 'NONE', #6675, #9319, #4615 ) ;
#7363 = EDGE_LOOP ( 'NONE', ( #6888, #6369, #633, #10905, #2932, #3604, #7476, #8162, #2879, #378 ) ) ;
#7364 = CARTESIAN_POINT ( 'NONE',  ( -22.80000000000001492, 12.30000000000000071, 13.55000000000000249 ) ) ;
#7365 = CARTESIAN_POINT ( 'NONE',  ( 30.86707591882809254, 5.717472393966525748E-18, 6.068693016353954306 ) ) ;
#7366 = EDGE_CURVE ( 'NONE', #8689, #10232, #2124, .T. ) ;
#7367 = FACE_OUTER_BOUND ( 'NONE', #9602, .T. ) ;
#7368 = DIRECTION ( 'NONE',  ( 0.000000000000000000, 0.000000000000000000, 1.000000000000000000 ) ) ;
#7369 = FACE_OUTER_BOUND ( 'NONE', #11205, .T. ) ;
#7370 = EDGE_CURVE ( 'NONE', #6539, #2389, #1248, .T. ) ;
#7371 = CARTESIAN_POINT ( 'NONE',  ( -52.45000000000000995, 9.190923126127481524, 3.116549989100673379 ) ) ;
#7372 = ORIENTED_EDGE ( 'NONE', *, *, #11124, .T. ) ;
#7373 = EDGE_CURVE ( 'NONE', #3524, #3632, #3974, .T. ) ;
#7374 = CARTESIAN_POINT ( 'NONE',  ( -44.86903178392872604, 3.999650892192144536, -12.27727016374981694 ) ) ;
#7375 = DIRECTION ( 'NONE',  ( -1.000000000000000000, 0.000000000000000000, 3.540251991789401418E-16 ) ) ;
#7376 = DIRECTION ( 'NONE',  ( 0.000000000000000000, -1.000000000000000000, 0.000000000000000000 ) ) ;
#7377 = ORIENTED_EDGE ( 'NONE', *, *, #722, .F. ) ;
#7378 = VERTEX_POINT ( 'NONE', #3253 ) ;
#7379 = PLANE ( 'NONE',  #10368 ) ;
#7380 = ORIENTED_EDGE ( 'NONE', *, *, #7518, .T. ) ;
#7381 = EDGE_CURVE ( 'NONE', #6610, #2245, #10868, .T. ) ;
#7382 = CARTESIAN_POINT ( 'NONE',  ( 8.726490010960509025, 0.2999999999999999889, -15.11472407072587920 ) ) ;
#7383 = VERTEX_POINT ( 'NONE', #9006 ) ;
#7384 = DIRECTION ( 'NONE',  ( 0.000000000000000000, 1.000000000000000000, -1.865294060190115224E-16 ) ) ;
#7385 = EDGE_CURVE ( 'NONE', #3060, #7458, #11711, .T. ) ;
#7386 = FACE_OUTER_BOUND ( 'NONE', #2079, .T. ) ;
#7387 = AXIS2_PLACEMENT_3D ( 'NONE', #362, #1306, #4147 ) ;
#7388 = CARTESIAN_POINT ( 'NONE',  ( 29.93296232005511115, 0.3896579215305068233, -12.14033256189705057 ) ) ;
#7389 = ORIENTED_EDGE ( 'NONE', *, *, #3906, .F. ) ;
#7390 = CARTESIAN_POINT ( 'NONE',  ( -25.50000000000004263, 12.30000000000000071, -6.805453636524403956E-14 ) ) ;
#7391 = AXIS2_PLACEMENT_3D ( 'NONE', #11045, #4830, #8465 ) ;
#7392 = CARTESIAN_POINT ( 'NONE',  ( -8.504376065154602807E-16, 3.199999999999999734, -10.05000000000001492 ) ) ;
#7393 = VERTEX_POINT ( 'NONE', #7152 ) ;
#7394 = CARTESIAN_POINT ( 'NONE',  ( -44.80359071504831547, 3.928364702728698976, 8.959743608990764940 ) ) ;
#7395 = ADVANCED_FACE ( 'NONE', ( #5036 ), #5982, .F. ) ;
#7396 = FACE_OUTER_BOUND ( 'NONE', #10161, .T. ) ;
#7397 = EDGE_CURVE ( 'NONE', #8266, #10248, #8401, .T. ) ;
#7398 = EDGE_CURVE ( 'NONE', #8930, #7792, #8176, .T. ) ;
#7399 = CARTESIAN_POINT ( 'NONE',  ( -3.469693845669916676, 12.50000000000000000, 13.55000000000019611 ) ) ;
#7400 = EDGE_LOOP ( 'NONE', ( #4092, #11157, #905, #3560, #10204, #3549, #10309, #5011 ) ) ;
#7401 = B_SPLINE_CURVE_WITH_KNOTS ( 'NONE', 3,
 ( #5213, #3309, #6222, #7842, #3481, #10762 ),
 .UNSPECIFIED., .F., .F.,
 ( 4, 2, 4 ),
 ( 0.000000000000000000, 0.0003763378220701676068, 0.0007526756441403352135 ),
 .UNSPECIFIED. ) ;
#7402 = DIRECTION ( 'NONE',  ( -0.000000000000000000, -0.000000000000000000, 1.000000000000000000 ) ) ;
#7403 = CARTESIAN_POINT ( 'NONE',  ( -51.95000000000000995, 6.790980888402228466, -3.603289473684250233 ) ) ;
#7404 = CARTESIAN_POINT ( 'NONE',  ( -50.20000000000000284, 3.000000000000000000, -6.749999999999962697 ) ) ;
#7405 = CARTESIAN_POINT ( 'NONE',  ( -42.15000000000000568, 4.015686516701556741, 12.50000000000000000 ) ) ;
#7406 = ORIENTED_EDGE ( 'NONE', *, *, #9051, .T. ) ;
#7407 = LINE ( 'NONE', #10040, #6718 ) ;
#7408 = EDGE_CURVE ( 'NONE', #4065, #945, #2576, .T. ) ;
#7409 = VERTEX_POINT ( 'NONE', #6263 ) ;
#7410 = DIRECTION ( 'NONE',  ( 0.000000000000000000, -0.000000000000000000, -1.000000000000000000 ) ) ;
#7411 = CIRCLE ( 'NONE', #2284, 5.250000000000006217 ) ;
#7412 = CARTESIAN_POINT ( 'NONE',  ( 32.90886729090927787, 0.3177199422832683862, -11.79074888581889624 ) ) ;
#7413 = CARTESIAN_POINT ( 'NONE',  ( -22.80000000000001492, 10.50000000000000000, 13.55000000000000249 ) ) ;
#7414 = CARTESIAN_POINT ( 'NONE',  ( -34.55000000000001137, 6.000000000000000000, -12.25000000000000000 ) ) ;
#7415 = CARTESIAN_POINT ( 'NONE',  ( -25.50000000000001066, 12.30000000000000071, 12.25000000000000178 ) ) ;
#7416 = VECTOR ( 'NONE', #5390, 1000.000000000000000 ) ;
#7417 = VERTEX_POINT ( 'NONE', #6203 ) ;
#7418 = DIRECTION ( 'NONE',  ( 1.000000000000000000, 0.000000000000000000, 1.561251128379125123E-14 ) ) ;
#7419 = VERTEX_POINT ( 'NONE', #1419 ) ;
#7420 = EDGE_LOOP ( 'NONE', ( #122, #691, #9798, #3370 ) ) ;
#7421 = EDGE_LOOP ( 'NONE', ( #3093, #5192, #1025 ) ) ;
#7422 = CARTESIAN_POINT ( 'NONE',  ( 0.000000000000000000, 15.50000000000000000, 13.55000000000000604 ) ) ;
#7423 = FACE_BOUND ( 'NONE', #7197, .T. ) ;
#7424 = CARTESIAN_POINT ( 'NONE',  ( -52.22340835089975997, 6.705390757595229623, -3.692296232791185684 ) ) ;
#7425 = DIRECTION ( 'NONE',  ( -0.000000000000000000, -1.000000000000000000, 0.000000000000000000 ) ) ;
#7426 = CARTESIAN_POINT ( 'NONE',  ( 22.20788180854701821, 0.2999999999999998779, 0.6848287258247129916 ) ) ;
#7427 = AXIS2_PLACEMENT_3D ( 'NONE', #4528, #9761, #1844 ) ;
#7428 = ORIENTED_EDGE ( 'NONE', *, *, #8572, .F. ) ;
#7429 = VERTEX_POINT ( 'NONE', #749 ) ;
#7430 = DIRECTION ( 'NONE',  ( 0.000000000000000000, 0.000000000000000000, -1.000000000000000000 ) ) ;
#7431 = DIRECTION ( 'NONE',  ( 0.000000000000000000, 0.000000000000000000, -1.000000000000000000 ) ) ;
#7432 = EDGE_CURVE ( 'NONE', #1482, #7359, #8953, .T. ) ;
#7433 = LINE ( 'NONE', #2800, #8905 ) ;
#7434 = EDGE_CURVE ( 'NONE', #3036, #9187, #9636, .T. ) ;
#7435 = AXIS2_PLACEMENT_3D ( 'NONE', #6800, #8721, #5962 ) ;
#7436 = VERTEX_POINT ( 'NONE', #8897 ) ;
#7437 = VERTEX_POINT ( 'NONE', #4489 ) ;
#7438 = FACE_OUTER_BOUND ( 'NONE', #11170, .T. ) ;
#7439 = EDGE_LOOP ( 'NONE', ( #7069, #1127, #4187, #3160, #4631 ) ) ;
#7440 = DIRECTION ( 'NONE',  ( 0.000000000000000000, -1.865294060190115224E-16, 1.000000000000000000 ) ) ;
#7441 = ORIENTED_EDGE ( 'NONE', *, *, #8678, .T. ) ;
#7442 = CARTESIAN_POINT ( 'NONE',  ( -50.25000000000000711, 8.310946174430315025, 4.316684000455883741 ) ) ;
#7443 = LINE ( 'NONE', #1915, #11657 ) ;
#7444 = AXIS2_PLACEMENT_3D ( 'NONE', #11269, #6713, #2148 ) ;
#7445 = DIRECTION ( 'NONE',  ( 0.000000000000000000, 0.000000000000000000, 1.000000000000000000 ) ) ;
#7446 = VERTEX_POINT ( 'NONE', #11426 ) ;
#7447 = EDGE_CURVE ( 'NONE', #6522, #6351, #4553, .T. ) ;
#7448 = DIRECTION ( 'NONE',  ( 0.000000000000000000, 0.000000000000000000, 1.000000000000000000 ) ) ;
#7449 = ADVANCED_FACE ( 'NONE', ( #7211 ), #868, .F. ) ;
#7450 = CARTESIAN_POINT ( 'NONE',  ( -42.75000000000000000, 4.015686516701556741, -12.50000000000000000 ) ) ;
#7451 = B_SPLINE_CURVE_WITH_KNOTS ( 'NONE', 3,
 ( #7486, #7371, #11026, #11204, #3802, #9341 ),
 .UNSPECIFIED., .F., .F.,
 ( 4, 2, 4 ),
 ( 4.336808689942017736E-19, 0.0003393837279784472308, 0.0006787674559568940280 ),
 .UNSPECIFIED. ) ;
#7452 = ORIENTED_EDGE ( 'NONE', *, *, #1617, .T. ) ;
#7453 = CARTESIAN_POINT ( 'NONE',  ( 23.85000000000000142, 0.5999999999999989786, -12.25000000000000178 ) ) ;
#7454 = VECTOR ( 'NONE', #6143, 1000.000000000000000 ) ;
#7455 = DIRECTION ( 'NONE',  ( 1.176083712526648949E-16, 0.000000000000000000, 1.000000000000000000 ) ) ;
#7456 = FACE_OUTER_BOUND ( 'NONE', #3852, .T. ) ;
#7457 = ORIENTED_EDGE ( 'NONE', *, *, #7054, .F. ) ;
#7458 = VERTEX_POINT ( 'NONE', #3648 ) ;
#7459 = CARTESIAN_POINT ( 'NONE',  ( -34.95000000000000284, 4.015686516701556741, 12.50000000000000178 ) ) ;
#7460 = CARTESIAN_POINT ( 'NONE',  ( -52.45000000000001705, 9.199999999999999289, -2.924999999999972289 ) ) ;
#7461 = EDGE_CURVE ( 'NONE', #7132, #7523, #10930, .T. ) ;
#7462 = DIRECTION ( 'NONE',  ( 0.000000000000000000, 1.000000000000000000, -0.000000000000000000 ) ) ;
#7463 = EDGE_CURVE ( 'NONE', #5737, #4949, #11638, .T. ) ;
#7464 = EDGE_LOOP ( 'NONE', ( #3722, #10699, #1099, #7208 ) ) ;
#7465 = CARTESIAN_POINT ( 'NONE',  ( -47.50000000000000711, 2.499999999999999556, -9.500000000000001776 ) ) ;
#7466 = CARTESIAN_POINT ( 'NONE',  ( -37.29999999999999716, 13.29999999999999893, -12.25000000000000000 ) ) ;
#7467 = FACE_OUTER_BOUND ( 'NONE', #1417, .T. ) ;
#7468 = CARTESIAN_POINT ( 'NONE',  ( -53.20100000000002183, 10.80000000000000071, -3.299999999999999378 ) ) ;
#7469 = DIRECTION ( 'NONE',  ( -1.000000000000000000, -0.000000000000000000, -0.000000000000000000 ) ) ;
#7470 = B_SPLINE_CURVE_WITH_KNOTS ( 'NONE', 3,
 ( #7746, #2206, #7681, #3329, #9480, #9599 ),
 .UNSPECIFIED., .F., .F.,
 ( 4, 2, 4 ),
 ( 0.000000000000000000, 0.0001955837419200947918, 0.0003911674838401895836 ),
 .UNSPECIFIED. ) ;
#7471 = EDGE_CURVE ( 'NONE', #6239, #8687, #10745, .T. ) ;
#7472 = DIRECTION ( 'NONE',  ( 0.000000000000000000, -1.000000000000000000, 0.000000000000000000 ) ) ;
#7473 = VECTOR ( 'NONE', #6301, 1000.000000000000000 ) ;
#7474 = EDGE_CURVE ( 'NONE', #2291, #1089, #810, .T. ) ;
#7475 = LINE ( 'NONE', #7292, #7245 ) ;
#7476 = ORIENTED_EDGE ( 'NONE', *, *, #10978, .F. ) ;
#7477 = ORIENTED_EDGE ( 'NONE', *, *, #11731, .T. ) ;
#7478 = PLANE ( 'NONE',  #2341 ) ;
#7479 = CARTESIAN_POINT ( 'NONE',  ( -2.000000000000008882, 12.50000000000000000, 13.85000000000018971 ) ) ;
#7480 = FACE_OUTER_BOUND ( 'NONE', #3046, .T. ) ;
#7481 = ORIENTED_EDGE ( 'NONE', *, *, #8203, .T. ) ;
#7482 = CARTESIAN_POINT ( 'NONE',  ( -40.15000000000000568, 13.28431348329844219, 12.50000000000000000 ) ) ;
#7483 = CARTESIAN_POINT ( 'NONE',  ( -7.849999999999971223, 12.30000000000000071, -14.19019237886469220 ) ) ;
#7484 = CIRCLE ( 'NONE', #4260, 1.300000000000000266 ) ;
#7485 = CARTESIAN_POINT ( 'NONE',  ( 22.81827201635470459, 0.5000000000000000000, -10.68172798364529719 ) ) ;
#7486 = CARTESIAN_POINT ( 'NONE',  ( -52.45000000000001705, 9.197719172987385505, 3.001973684210525128 ) ) ;
#7487 = VERTEX_POINT ( 'NONE', #11705 ) ;
#7488 = DIRECTION ( 'NONE',  ( -0.8660254037844384856, 0.000000000000000000, -0.5000000000000002220 ) ) ;
#7489 = DIRECTION ( 'NONE',  ( -1.176083712526649195E-16, 0.000000000000000000, -1.000000000000000000 ) ) ;
#7490 = FACE_OUTER_BOUND ( 'NONE', #2899, .T. ) ;
#7491 = DIRECTION ( 'NONE',  ( -0.000000000000000000, -1.000000000000000000, 0.000000000000000000 ) ) ;
#7492 = ORIENTED_EDGE ( 'NONE', *, *, #11123, .T. ) ;
#7493 = CIRCLE ( 'NONE', #2360, 0.2000000000000002887 ) ;
#7494 = ORIENTED_EDGE ( 'NONE', *, *, #1620, .F. ) ;
#7495 = VERTEX_POINT ( 'NONE', #3527 ) ;
#7496 = DIRECTION ( 'NONE',  ( 0.000000000000000000, -0.9982455176826039445, 0.05921052631576700920 ) ) ;
#7497 = VERTEX_POINT ( 'NONE', #6559 ) ;
#7498 = FACE_OUTER_BOUND ( 'NONE', #2914, .T. ) ;
#7499 = ORIENTED_EDGE ( 'NONE', *, *, #2301, .T. ) ;
#7500 = FACE_OUTER_BOUND ( 'NONE', #6045, .T. ) ;
#7501 = DIRECTION ( 'NONE',  ( -0.000000000000000000, 1.000000000000000000, -0.000000000000000000 ) ) ;
#7502 = VECTOR ( 'NONE', #7116, 1000.000000000000000 ) ;
#7503 = ADVANCED_FACE ( 'NONE', ( #2823 ), #8233, .F. ) ;
#7504 = DIRECTION ( 'NONE',  ( 0.000000000000000000, 0.000000000000000000, 1.000000000000000000 ) ) ;
#7505 = FACE_OUTER_BOUND ( 'NONE', #8198, .T. ) ;
#7506 = ORIENTED_EDGE ( 'NONE', *, *, #6065, .F. ) ;
#7507 = ORIENTED_EDGE ( 'NONE', *, *, #9675, .T. ) ;
#7508 = CARTESIAN_POINT ( 'NONE',  ( -40.15000000000000568, 2.658044035770915267E-15, -14.25000000000000533 ) ) ;
#7509 = DIRECTION ( 'NONE',  ( 1.000000000000000000, 0.000000000000000000, -8.462065736472228616E-17 ) ) ;
#7510 = ORIENTED_EDGE ( 'NONE', *, *, #6661, .T. ) ;
#7511 = VECTOR ( 'NONE', #474, 1000.000000000000000 ) ;
#7512 = DIRECTION ( 'NONE',  ( -0.000000000000000000, 1.000000000000000000, -0.000000000000000000 ) ) ;
#7513 = CIRCLE ( 'NONE', #4090, 6.800000000000001599 ) ;
#7514 = CARTESIAN_POINT ( 'NONE',  ( -45.00000000000001421, 4.000000000000000000, -76.06160882753884778 ) ) ;
#7515 = EDGE_CURVE ( 'NONE', #9233, #7677, #10247, .T. ) ;
#7516 = CARTESIAN_POINT ( 'NONE',  ( -51.95000000000000995, 9.009019111597769580, -3.603289473684250677 ) ) ;
#7517 = VERTEX_POINT ( 'NONE', #6618 ) ;
#7518 = EDGE_CURVE ( 'NONE', #2098, #11212, #8467, .T. ) ;
#7519 = DIRECTION ( 'NONE',  ( 0.000000000000000000, -0.7208059210526555072, 0.6931369447486067648 ) ) ;
#7520 = CIRCLE ( 'NONE', #1818, 2.000000000000000000 ) ;
#7521 = PLANE ( 'NONE',  #7172 ) ;
#7522 = LINE ( 'NONE', #6567, #7087 ) ;
#7523 = VERTEX_POINT ( 'NONE', #8412 ) ;
#7524 = DIRECTION ( 'NONE',  ( 0.000000000000000000, 0.000000000000000000, 1.000000000000000000 ) ) ;
#7525 = AXIS2_PLACEMENT_3D ( 'NONE', #6574, #11011, #5739 ) ;
#7526 = AXIS2_PLACEMENT_3D ( 'NONE', #3978, #6696, #1422 ) ;
#7527 = EDGE_CURVE ( 'NONE', #3396, #7906, #10207, .T. ) ;
#7528 = DIRECTION ( 'NONE',  ( -1.000000000000000000, 0.000000000000000000, 0.000000000000000000 ) ) ;
#7529 = CARTESIAN_POINT ( 'NONE',  ( 23.84999999999998366, 0.5999999999999989786, 4.355068937057558623E-14 ) ) ;
#7530 = EDGE_CURVE ( 'NONE', #6816, #6539, #2945, .T. ) ;
#7531 = LINE ( 'NONE', #10104, #9077 ) ;
#7532 = DIRECTION ( 'NONE',  ( 0.000000000000000000, 1.000000000000000000, -1.865294060190115224E-16 ) ) ;
#7533 = VECTOR ( 'NONE', #406, 1000.000000000000000 ) ;
#7534 = VECTOR ( 'NONE', #10456, 1000.000000000000000 ) ;
#7535 = PLANE ( 'NONE',  #10923 ) ;
#7536 = ORIENTED_EDGE ( 'NONE', *, *, #2933, .T. ) ;
#7537 = ORIENTED_EDGE ( 'NONE', *, *, #10630, .T. ) ;
#7538 = DIRECTION ( 'NONE',  ( 0.5000000000000001110, 0.000000000000000000, 0.8660254037844385966 ) ) ;
#7539 = VECTOR ( 'NONE', #1270, 1000.000000000000000 ) ;
#7540 = ORIENTED_EDGE ( 'NONE', *, *, #2584, .F. ) ;
#7541 = CARTESIAN_POINT ( 'NONE',  ( -14.05000000000000782, 7.500000000000000000, 12.25000000000000178 ) ) ;
#7542 = ADVANCED_FACE ( 'NONE', ( #1872 ), #3830, .T. ) ;
#7543 = VERTEX_POINT ( 'NONE', #275 ) ;
#7544 = DIRECTION ( 'NONE',  ( 0.000000000000000000, 1.000000000000000000, 0.000000000000000000 ) ) ;
#7545 = CIRCLE ( 'NONE', #10601, 0.3000000000000006550 ) ;
#7546 = CIRCLE ( 'NONE', #2410, 5.499999999999988454 ) ;
#7547 = CARTESIAN_POINT ( 'NONE',  ( 50.25000000000000000, 12.50000000000000000, -6.000000000000000000 ) ) ;
#7548 = ADVANCED_FACE ( 'NONE', ( #10268 ), #1222, .T. ) ;
#7549 = DIRECTION ( 'NONE',  ( 0.000000000000000000, 0.000000000000000000, -1.000000000000000000 ) ) ;
#7550 = DIRECTION ( 'NONE',  ( -8.673617379884054405E-15, 0.000000000000000000, 1.000000000000000000 ) ) ;
#7551 = VERTEX_POINT ( 'NONE', #4608 ) ;
#7552 = CARTESIAN_POINT ( 'NONE',  ( 30.35000000000000142, 0.5999999999999989786, -3.150000000000002576 ) ) ;
#7553 = CARTESIAN_POINT ( 'NONE',  ( -50.62020099224778136, 13.77549607331899573, -6.750000000000000000 ) ) ;
#7554 = CARTESIAN_POINT ( 'NONE',  ( -34.55000000000001137, 3.010000000000000231, -9.540000000000011582 ) ) ;
#7555 = AXIS2_PLACEMENT_3D ( 'NONE', #1889, #4737, #10225 ) ;
#7556 = DIRECTION ( 'NONE',  ( 0.000000000000000000, -1.000000000000000000, 0.000000000000000000 ) ) ;
#7557 = AXIS2_PLACEMENT_3D ( 'NONE', #2653, #8914, #7045 ) ;
#7558 = ORIENTED_EDGE ( 'NONE', *, *, #1430, .F. ) ;
#7559 = ORIENTED_EDGE ( 'NONE', *, *, #6336, .T. ) ;
#7560 = AXIS2_PLACEMENT_3D ( 'NONE', #10733, #8887, #8046 ) ;
#7561 = CARTESIAN_POINT ( 'NONE',  ( 31.08872575786369197, 0.2077789836488301567, -8.588811295319363381 ) ) ;
#7562 = EDGE_LOOP ( 'NONE', ( #9873, #2987, #8288, #11667, #1243, #10603 ) ) ;
#7563 = CARTESIAN_POINT ( 'NONE',  ( -52.25000000000000711, 6.602280827012609876, -3.001973684210528237 ) ) ;
#7564 = VERTEX_POINT ( 'NONE', #3708 ) ;
#7565 = DIRECTION ( 'NONE',  ( 0.000000000000000000, 0.000000000000000000, 1.000000000000000000 ) ) ;
#7566 = CARTESIAN_POINT ( 'NONE',  ( 33.88977400408559504, 5.421010862427522170E-17, -11.75000000000000178 ) ) ;
#7567 = B_SPLINE_CURVE_WITH_KNOTS ( 'NONE', 3,
 ( #201, #7246, #904, #10000, #6536, #31 ),
 .UNSPECIFIED., .F., .F.,
 ( 4, 2, 4 ),
 ( 0.000000000000000000, 0.0001955837419200947918, 0.0003911674838401895836 ),
 .UNSPECIFIED. ) ;
#7568 = FACE_OUTER_BOUND ( 'NONE', #2073, .T. ) ;
#7569 = VERTEX_POINT ( 'NONE', #1043 ) ;
#7570 = EDGE_LOOP ( 'NONE', ( #6813, #2907 ) ) ;
#7571 = FACE_OUTER_BOUND ( 'NONE', #6331, .T. ) ;
#7572 = DIRECTION ( 'NONE',  ( 1.000000000000000000, -0.000000000000000000, 1.871330610546719070E-17 ) ) ;
#7573 = ORIENTED_EDGE ( 'NONE', *, *, #6219, .T. ) ;
#7574 = DIRECTION ( 'NONE',  ( 0.000000000000000000, 0.000000000000000000, 1.000000000000000000 ) ) ;
#7575 = CARTESIAN_POINT ( 'NONE',  ( -40.15000000000000568, 13.29999999999999893, -12.25000000000000178 ) ) ;
#7576 = DIRECTION ( 'NONE',  ( 1.000000000000000000, -0.000000000000000000, 0.000000000000000000 ) ) ;
#7577 = VERTEX_POINT ( 'NONE', #4835 ) ;
#7578 = LINE ( 'NONE', #6910, #2999 ) ;
#7579 = FACE_OUTER_BOUND ( 'NONE', #10525, .T. ) ;
#7580 = CARTESIAN_POINT ( 'NONE',  ( 37.45000000000000284, 0.5999999999999989786, 8.349999999999997868 ) ) ;
#7581 = CARTESIAN_POINT ( 'NONE',  ( 0.000000000000000000, 0.5000000000000000000, 0.000000000000000000 ) ) ;
#7582 = EDGE_CURVE ( 'NONE', #10686, #7639, #11142, .T. ) ;
#7583 = ORIENTED_EDGE ( 'NONE', *, *, #7381, .T. ) ;
#7584 = EDGE_CURVE ( 'NONE', #2417, #5299, #5607, .T. ) ;
#7585 = DIRECTION ( 'NONE',  ( 1.000000000000000000, -0.000000000000000000, -0.000000000000000000 ) ) ;
#7586 = EDGE_CURVE ( 'NONE', #7429, #8273, #4780, .T. ) ;
#7587 = VECTOR ( 'NONE', #3087, 1000.000000000000000 ) ;
#7588 = LINE ( 'NONE', #11412, #1465 ) ;
#7589 = DIRECTION ( 'NONE',  ( 0.000000000000000000, 0.000000000000000000, 1.000000000000000000 ) ) ;
#7590 = CARTESIAN_POINT ( 'NONE',  ( 3.099999999999991651, 12.50000000000000000, 13.45000000000019114 ) ) ;
#7591 = CARTESIAN_POINT ( 'NONE',  ( -40.03080735386674860, 3.999650464919335402, -12.27717671750640704 ) ) ;
#7592 = AXIS2_PLACEMENT_3D ( 'NONE', #5878, #3205, #4929 ) ;
#7593 = ORIENTED_EDGE ( 'NONE', *, *, #3948, .T. ) ;
#7594 = EDGE_CURVE ( 'NONE', #8607, #10424, #5713, .T. ) ;
#7595 = CARTESIAN_POINT ( 'NONE',  ( -52.25000000000001421, 7.899999999999999467, 2.449999999999999734 ) ) ;
#7596 = VERTEX_POINT ( 'NONE', #2875 ) ;
#7597 = ORIENTED_EDGE ( 'NONE', *, *, #6454, .F. ) ;
#7598 = EDGE_CURVE ( 'NONE', #10865, #6342, #10995, .T. ) ;
#7599 = LINE ( 'NONE', #11249, #8429 ) ;
#7600 = B_SPLINE_CURVE_WITH_KNOTS ( 'NONE', 3,
 ( #4173, #7803, #11443, #9481, #4824, #8398 ),
 .UNSPECIFIED., .F., .F.,
 ( 4, 2, 4 ),
 ( 0.000000000000000000, 0.0001955837419200973668, 0.0003911674838401947335 ),
 .UNSPECIFIED. ) ;
#7601 = CARTESIAN_POINT ( 'NONE',  ( -52.20456437409594486, 7.676029122854643560, 4.262457020310705502 ) ) ;
#7602 = CARTESIAN_POINT ( 'NONE',  ( -53.20100000000002183, 10.80000000000000071, -3.299999999999999378 ) ) ;
#7603 = ORIENTED_EDGE ( 'NONE', *, *, #10326, .T. ) ;
#7604 = DIRECTION ( 'NONE',  ( 0.000000000000000000, 0.000000000000000000, -1.000000000000000000 ) ) ;
#7605 = FACE_OUTER_BOUND ( 'NONE', #5994, .T. ) ;
#7606 = CARTESIAN_POINT ( 'NONE',  ( -20.00000000000001066, 14.10000000000000320, 11.75000000000000355 ) ) ;
#7607 = ORIENTED_EDGE ( 'NONE', *, *, #856, .F. ) ;
#7608 = CARTESIAN_POINT ( 'NONE',  ( -39.96613167787452170, 13.30000000000000071, 12.24999999999999467 ) ) ;
#7609 = DIRECTION ( 'NONE',  ( -1.000000000000000000, 0.000000000000000000, 0.000000000000000000 ) ) ;
#7610 = CARTESIAN_POINT ( 'NONE',  ( 37.45000000000000284, 4.999999999999999112, 6.484690356689041479 ) ) ;
#7611 = ADVANCED_FACE ( 'NONE', ( #7396 ), #11051, .F. ) ;
#7612 = CYLINDRICAL_SURFACE ( 'NONE', #8483, 9.000000000000008882 ) ;
#7613 = EDGE_LOOP ( 'NONE', ( #7620, #2794, #6594, #7897 ) ) ;
#7614 = ORIENTED_EDGE ( 'NONE', *, *, #5107, .T. ) ;
#7615 = EDGE_CURVE ( 'NONE', #7922, #9160, #1107, .T. ) ;
#7616 = ORIENTED_EDGE ( 'NONE', *, *, #555, .F. ) ;
#7617 = ORIENTED_EDGE ( 'NONE', *, *, #10284, .F. ) ;
#7618 = CARTESIAN_POINT ( 'NONE',  ( 51.95000000000000284, 8.500000000000000000, -9.499999999999964473 ) ) ;
#7619 = CARTESIAN_POINT ( 'NONE',  ( 29.83208284934523036, -6.211574946531427711E-18, 2.092751484835210452 ) ) ;
#7620 = ORIENTED_EDGE ( 'NONE', *, *, #10996, .F. ) ;
#7621 = DIRECTION ( 'NONE',  ( -0.000000000000000000, 1.000000000000000000, -0.000000000000000000 ) ) ;
#7622 = CARTESIAN_POINT ( 'NONE',  ( -51.94999999999999574, 9.040540231233302748, 3.989179127635174016 ) ) ;
#7623 = CARTESIAN_POINT ( 'NONE',  ( 30.76703767994485617, 0.3896579215305069344, -12.14033256189705234 ) ) ;
#7624 = CARTESIAN_POINT ( 'NONE',  ( -37.55000000000087113, 4.007420273433608848, -12.43438872810979490 ) ) ;
#7625 = ORIENTED_EDGE ( 'NONE', *, *, #5506, .F. ) ;
#7626 = ADVANCED_FACE ( 'NONE', ( #8765 ), #8710, .T. ) ;
#7627 = CARTESIAN_POINT ( 'NONE',  ( -52.70000000000000284, 4.000000000000000000, -6.750000000000000000 ) ) ;
#7628 = EDGE_CURVE ( 'NONE', #2655, #5405, #569, .T. ) ;
#7629 = LINE ( 'NONE', #10557, #10936 ) ;
#7630 = ORIENTED_EDGE ( 'NONE', *, *, #6652, .F. ) ;
#7631 = CARTESIAN_POINT ( 'NONE',  ( -44.78890564740348168, 3.921096728629668515, 8.949999999999992184 ) ) ;
#7632 = CARTESIAN_POINT ( 'NONE',  ( 38.07508438243873883, 4.194718913040107276E-15, -8.207147389567550633 ) ) ;
#7633 = VECTOR ( 'NONE', #7472, 1000.000000000000000 ) ;
#7634 = ORIENTED_EDGE ( 'NONE', *, *, #6058, .F. ) ;
#7635 = ORIENTED_EDGE ( 'NONE', *, *, #9340, .T. ) ;
#7636 = DIRECTION ( 'NONE',  ( -0.000000000000000000, 1.000000000000000000, -0.000000000000000000 ) ) ;
#7637 = CARTESIAN_POINT ( 'NONE',  ( 43.25000000000000711, 5.500000000000000000, -4.420983680970874907 ) ) ;
#7638 = CARTESIAN_POINT ( 'NONE',  ( 47.49999999999997868, 10.50000000000000000, 12.25000000000000711 ) ) ;
#7639 = VERTEX_POINT ( 'NONE', #8533 ) ;
#7640 = ORIENTED_EDGE ( 'NONE', *, *, #6849, .T. ) ;
#7641 = CARTESIAN_POINT ( 'NONE',  ( 0.000000000000000000, 14.00000000000000000, 0.000000000000000000 ) ) ;
#7642 = CARTESIAN_POINT ( 'NONE',  ( -42.75000000000000000, 11.29999999999999716, -12.25000000000000000 ) ) ;
#7643 = CARTESIAN_POINT ( 'NONE',  ( 29.59999999999998010, 0.5999999999999989786, -12.11869555732604908 ) ) ;
#7644 = DIRECTION ( 'NONE',  ( 0.000000000000000000, 0.000000000000000000, -1.000000000000000000 ) ) ;
#7645 = AXIS2_PLACEMENT_3D ( 'NONE', #5057, #11610, #1549 ) ;
#7646 = CARTESIAN_POINT ( 'NONE',  ( 47.49999999999999289, 2.499999999999999556, 10.35000000000000142 ) ) ;
#7647 = VERTEX_POINT ( 'NONE', #5009 ) ;
#7648 = EDGE_LOOP ( 'NONE', ( #6180, #1068, #3447, #3661 ) ) ;
#7649 = DIRECTION ( 'NONE',  ( -0.000000000000000000, 1.000000000000000000, 0.000000000000000000 ) ) ;
#7650 = ORIENTED_EDGE ( 'NONE', *, *, #10245, .F. ) ;
#7651 = ORIENTED_EDGE ( 'NONE', *, *, #9558, .F. ) ;
#7652 = LINE ( 'NONE', #11298, #1774 ) ;
#7653 = CARTESIAN_POINT ( 'NONE',  ( 51.95000000000000284, 10.50000000000000000, -6.000000000000000000 ) ) ;
#7654 = ORIENTED_EDGE ( 'NONE', *, *, #5633, .T. ) ;
#7655 = DIRECTION ( 'NONE',  ( -9.856182124392324236E-16, -0.000000000000000000, -1.000000000000000000 ) ) ;
#7656 = PLANE ( 'NONE',  #6191 ) ;
#7657 = VERTEX_POINT ( 'NONE', #9549 ) ;
#7658 = LINE ( 'NONE', #9399, #10123 ) ;
#7659 = LINE ( 'NONE', #8798, #10024 ) ;
#7660 = EDGE_CURVE ( 'NONE', #9106, #1684, #3902, .T. ) ;
#7661 = ORIENTED_EDGE ( 'NONE', *, *, #10978, .T. ) ;
#7662 = DIRECTION ( 'NONE',  ( 3.336006684570790004E-15, 0.000000000000000000, 1.000000000000000000 ) ) ;
#7663 = ADVANCED_FACE ( 'NONE', ( #6017 ), #8922, .T. ) ;
#7664 = ORIENTED_EDGE ( 'NONE', *, *, #3593, .F. ) ;
#7665 = CARTESIAN_POINT ( 'NONE',  ( 51.95000000000000284, 10.80000000000000071, -3.299999999999999378 ) ) ;
#7666 = DIRECTION ( 'NONE',  ( 1.000000000000000000, -0.000000000000000000, 0.000000000000000000 ) ) ;
#7667 = ORIENTED_EDGE ( 'NONE', *, *, #9913, .F. ) ;
#7668 = ORIENTED_EDGE ( 'NONE', *, *, #3500, .T. ) ;
#7669 = VECTOR ( 'NONE', #8418, 1000.000000000000000 ) ;
#7670 = ORIENTED_EDGE ( 'NONE', *, *, #448, .F. ) ;
#7671 = CIRCLE ( 'NONE', #9771, 0.7999999999999997113 ) ;
#7672 = AXIS2_PLACEMENT_3D ( 'NONE', #9208, #3793, #11068 ) ;
#7673 = LINE ( 'NONE', #4044, #6165 ) ;
#7674 = DIRECTION ( 'NONE',  ( 0.000000000000000000, 0.000000000000000000, 1.000000000000000000 ) ) ;
#7675 = VECTOR ( 'NONE', #6493, 1000.000000000000000 ) ;
#7676 = LINE ( 'NONE', #4821, #10194 ) ;
#7677 = VERTEX_POINT ( 'NONE', #2216 ) ;
#7678 = DIRECTION ( 'NONE',  ( 0.000000000000000000, 0.000000000000000000, -1.000000000000000000 ) ) ;
#7679 = EDGE_CURVE ( 'NONE', #1514, #5709, #11399, .T. ) ;
#7680 = CARTESIAN_POINT ( 'NONE',  ( -2.000000000000008882, 14.00000000000000000, 13.35000000000018971 ) ) ;
#7681 = CARTESIAN_POINT ( 'NONE',  ( -42.72314042967215642, 4.003051246122646845, 12.36973257420731542 ) ) ;
#7682 = CARTESIAN_POINT ( 'NONE',  ( 45.25000000000000711, 7.500000000000000000, 8.250000000000003553 ) ) ;
#7683 = EDGE_CURVE ( 'NONE', #9135, #2357, #4947, .T. ) ;
#7684 = AXIS2_PLACEMENT_3D ( 'NONE', #10221, #6395, #11062 ) ;
#7685 = LINE ( 'NONE', #6008, #1320 ) ;
#7686 = ORIENTED_EDGE ( 'NONE', *, *, #7515, .F. ) ;
#7687 = DIRECTION ( 'NONE',  ( -0.000000000000000000, -1.000000000000000000, -0.000000000000000000 ) ) ;
#7688 = LINE ( 'NONE', #2618, #1607 ) ;
#7689 = ORIENTED_EDGE ( 'NONE', *, *, #7385, .T. ) ;
#7690 = VECTOR ( 'NONE', #108, 1000.000000000000000 ) ;
#7691 = DIRECTION ( 'NONE',  ( -1.000000000000000000, 0.000000000000000000, -0.000000000000000000 ) ) ;
#7692 = CARTESIAN_POINT ( 'NONE',  ( -24.49308044258726724, 12.30000000000000071, 14.75000000000000355 ) ) ;
#7693 = ADVANCED_FACE ( 'NONE', ( #4061 ), #3168, .F. ) ;
#7694 = CARTESIAN_POINT ( 'NONE',  ( 35.44364652204421162, 0.2999999999999998779, -5.224792786874609796 ) ) ;
#7695 = ORIENTED_EDGE ( 'NONE', *, *, #8509, .T. ) ;
#7696 = ORIENTED_EDGE ( 'NONE', *, *, #6783, .T. ) ;
#7697 = EDGE_CURVE ( 'NONE', #8199, #7866, #2273, .T. ) ;
#7698 = CARTESIAN_POINT ( 'NONE',  ( -40.15000000000000568, 11.29999999999999716, -14.25000000000000355 ) ) ;
#7699 = FACE_OUTER_BOUND ( 'NONE', #1067, .T. ) ;
#7700 = LINE ( 'NONE', #4130, #7278 ) ;
#7701 = CIRCLE ( 'NONE', #9223, 6.800000000000001599 ) ;
#7702 = ORIENTED_EDGE ( 'NONE', *, *, #6425, .F. ) ;
#7703 = CIRCLE ( 'NONE', #4846, 0.7999999999999997113 ) ;
#7704 = VERTEX_POINT ( 'NONE', #5896 ) ;
#7705 = CARTESIAN_POINT ( 'NONE',  ( -50.25000000000000000, 11.34999999999999964, -6.750000000000000000 ) ) ;
#7706 = CARTESIAN_POINT ( 'NONE',  ( -24.49308044258727080, 12.30000000000000071, -14.75000000000000355 ) ) ;
#7707 = DIRECTION ( 'NONE',  ( -0.000000000000000000, -1.000000000000000000, -0.000000000000000000 ) ) ;
#7708 = AXIS2_PLACEMENT_3D ( 'NONE', #7514, #5501, #225 ) ;
#7709 = DIRECTION ( 'NONE',  ( 0.000000000000000000, 0.000000000000000000, -1.000000000000000000 ) ) ;
#7710 = LINE ( 'NONE', #9684, #11240 ) ;
#7711 = FACE_OUTER_BOUND ( 'NONE', #8131, .T. ) ;
#7712 = CIRCLE ( 'NONE', #516, 1.000000000000000888 ) ;
#7713 = ORIENTED_EDGE ( 'NONE', *, *, #8421, .T. ) ;
#7714 = VECTOR ( 'NONE', #4232, 1000.000000000000000 ) ;
#7715 = CIRCLE ( 'NONE', #4859, 0.1999999999999987899 ) ;
#7716 = DIRECTION ( 'NONE',  ( -1.000000000000000000, 0.000000000000000000, 0.000000000000000000 ) ) ;
#7717 = CARTESIAN_POINT ( 'NONE',  ( -52.34424071095935460, 8.321753915517824396, 4.159336803306723063 ) ) ;
#7718 = CARTESIAN_POINT ( 'NONE',  ( 43.25000000000000711, 5.500000000000000000, 8.250000000000001776 ) ) ;
#7719 = ORIENTED_EDGE ( 'NONE', *, *, #10266, .T. ) ;
#7720 = CARTESIAN_POINT ( 'NONE',  ( 31.09999999999998366, 0.5999999999999989786, -8.598623679425841715 ) ) ;
#7721 = LINE ( 'NONE', #7547, #3532 ) ;
#7722 = LINE ( 'NONE', #5160, #8314 ) ;
#7723 = CIRCLE ( 'NONE', #7923, 0.7999999999999994893 ) ;
#7724 = ORIENTED_EDGE ( 'NONE', *, *, #4504, .F. ) ;
#7725 = VECTOR ( 'NONE', #3741, 1000.000000000000000 ) ;
#7726 = LINE ( 'NONE', #5162, #11309 ) ;
#7727 = EDGE_LOOP ( 'NONE', ( #3101, #2595, #8992, #64 ) ) ;
#7728 = FACE_OUTER_BOUND ( 'NONE', #6847, .T. ) ;
#7729 = FACE_OUTER_BOUND ( 'NONE', #7363, .T. ) ;
#7730 = ADVANCED_FACE ( 'NONE', ( #9609 ), #8941, .F. ) ;
#7731 = AXIS2_PLACEMENT_3D ( 'NONE', #10626, #11454, #5370 ) ;
#7732 = EDGE_LOOP ( 'NONE', ( #11413, #5707, #3754, #2911 ) ) ;
#7733 = VECTOR ( 'NONE', #5146, 999.9999999999998863 ) ;
#7734 = AXIS2_PLACEMENT_3D ( 'NONE', #6299, #9764, #1674 ) ;
#7735 = EDGE_CURVE ( 'NONE', #1533, #5941, #2447, .T. ) ;
#7736 = CARTESIAN_POINT ( 'NONE',  ( 41.25000000000000000, 0.5999999999999989786, 8.349999999999997868 ) ) ;
#7737 = B_SPLINE_CURVE_WITH_KNOTS ( 'NONE', 3,
 ( #5946, #5062, #6781, #3996, #7624, #5833 ),
 .UNSPECIFIED., .F., .F.,
 ( 4, 2, 4 ),
 ( 0.000000000000000000, 0.0001955798652618910051, 0.0003911597305237820101 ),
 .UNSPECIFIED. ) ;
#7738 = ORIENTED_EDGE ( 'NONE', *, *, #5242, .T. ) ;
#7739 = CARTESIAN_POINT ( 'NONE',  ( 0.000000000000000000, 10.50000000000000000, 12.25000000000000711 ) ) ;
#7740 = EDGE_CURVE ( 'NONE', #7326, #5438, #3152, .T. ) ;
#7741 = CARTESIAN_POINT ( 'NONE',  ( 29.90000000000001990, 0.000000000000000000, 2.030492254602825231 ) ) ;
#7742 = ORIENTED_EDGE ( 'NONE', *, *, #11457, .T. ) ;
#7743 = CYLINDRICAL_SURFACE ( 'NONE', #3848, 2.000000000000000000 ) ;
#7744 = TOROIDAL_SURFACE ( 'NONE', #9840, 5.199999999999988631, 0.2999999999999999889 ) ;
#7745 = CARTESIAN_POINT ( 'NONE',  ( 1.249999999999992228, 2.499999999999999556, 8.949999999999992184 ) ) ;
#7746 = CARTESIAN_POINT ( 'NONE',  ( -42.75000000000000000, 4.015686516701556741, 12.50000000000000000 ) ) ;
#7747 = CARTESIAN_POINT ( 'NONE',  ( -52.45000000000001705, 6.399999999999998579, -2.925000000000019806 ) ) ;
#7748 = VECTOR ( 'NONE', #5385, 1000.000000000000000 ) ;
#7749 = CIRCLE ( 'NONE', #8886, 1.600000000000000755 ) ;
#7750 = CARTESIAN_POINT ( 'NONE',  ( 41.25000000000000711, 5.500000000000000000, 8.250000000000003553 ) ) ;
#7751 = ORIENTED_EDGE ( 'NONE', *, *, #4455, .T. ) ;
#7752 = FACE_OUTER_BOUND ( 'NONE', #6766, .T. ) ;
#7753 = EDGE_CURVE ( 'NONE', #7280, #2786, #10675, .T. ) ;
#7754 = EDGE_CURVE ( 'NONE', #9495, #597, #8991, .T. ) ;
#7755 = DIRECTION ( 'NONE',  ( -1.000000000000000000, 0.000000000000000000, 0.000000000000000000 ) ) ;
#7756 = VECTOR ( 'NONE', #3001, 1000.000000000000000 ) ;
#7757 = CARTESIAN_POINT ( 'NONE',  ( -42.35139740797686159, 3.999999999999999556, 8.949999999999985079 ) ) ;
#7758 = B_SPLINE_CURVE_WITH_KNOTS ( 'NONE', 3,
 ( #4754, #8384, #2135, #7374, #6475, #1960 ),
 .UNSPECIFIED., .F., .F.,
 ( 4, 2, 4 ),
 ( 0.000000000000000000, 0.0001955837419200982070, 0.0003911674838401964140 ),
 .UNSPECIFIED. ) ;
#7759 = DIRECTION ( 'NONE',  ( -1.000000000000000000, 0.000000000000000000, 0.000000000000000000 ) ) ;
#7760 = VERTEX_POINT ( 'NONE', #9718 ) ;
#7761 = ORIENTED_EDGE ( 'NONE', *, *, #8909, .F. ) ;
#7762 = AXIS2_PLACEMENT_3D ( 'NONE', #10982, #10199, #2745 ) ;
#7763 = CARTESIAN_POINT ( 'NONE',  ( -8.107033542344556309, 10.50000000000000000, -14.04179399400123351 ) ) ;
#7764 = ORIENTED_EDGE ( 'NONE', *, *, #2082, .T. ) ;
#7765 = DIRECTION ( 'NONE',  ( 0.000000000000000000, -1.000000000000000000, 0.000000000000000000 ) ) ;
#7766 = CARTESIAN_POINT ( 'NONE',  ( 39.08172798364529399, 4.999999999999999112, 6.181727983645293634 ) ) ;
#7767 = AXIS2_PLACEMENT_3D ( 'NONE', #11575, #10800, #1683 ) ;
#7768 = EDGE_CURVE ( 'NONE', #10650, #10085, #9892, .T. ) ;
#7769 = ORIENTED_EDGE ( 'NONE', *, *, #4569, .F. ) ;
#7770 = EDGE_CURVE ( 'NONE', #7436, #6273, #1560, .T. ) ;
#7771 = DIRECTION ( 'NONE',  ( -1.000000000000000000, 0.000000000000000000, 4.476705744456300993E-16 ) ) ;
#7772 = ADVANCED_FACE ( 'NONE', ( #6245 ), #9997, .T. ) ;
#7773 = CARTESIAN_POINT ( 'NONE',  ( -52.26931696081982892, 6.922005477806034257, 3.806794915005575319 ) ) ;
#7774 = VERTEX_POINT ( 'NONE', #672 ) ;
#7775 = DIRECTION ( 'NONE',  ( 0.000000000000000000, 1.000000000000000000, -0.000000000000000000 ) ) ;
#7776 = ORIENTED_EDGE ( 'NONE', *, *, #10725, .F. ) ;
#7777 = CARTESIAN_POINT ( 'NONE',  ( -25.50000000000000711, 12.30000000000000071, 13.55000000000000249 ) ) ;
#7778 = DIRECTION ( 'NONE',  ( -1.000000000000000000, 0.000000000000000000, 0.000000000000000000 ) ) ;
#7779 = CARTESIAN_POINT ( 'NONE',  ( -34.95000000000000284, 13.28431348329844219, -12.50000000000000000 ) ) ;
#7780 = AXIS2_PLACEMENT_3D ( 'NONE', #6621, #2830, #10213 ) ;
#7781 = EDGE_CURVE ( 'NONE', #4272, #11512, #916, .T. ) ;
#7782 = DIRECTION ( 'NONE',  ( 0.000000000000000000, 0.000000000000000000, 1.000000000000000000 ) ) ;
#7783 = VERTEX_POINT ( 'NONE', #3576 ) ;
#7784 = EDGE_CURVE ( 'NONE', #3316, #2816, #5047, .T. ) ;
#7785 = CARTESIAN_POINT ( 'NONE',  ( -53.20100000000002183, 10.80000000000000071, 1.700000000000000622 ) ) ;
#7786 = ORIENTED_EDGE ( 'NONE', *, *, #4135, .F. ) ;
#7787 = DIRECTION ( 'NONE',  ( -1.000000000000000000, -0.000000000000000000, 8.462065736472229849E-17 ) ) ;
#7788 = VERTEX_POINT ( 'NONE', #10625 ) ;
#7789 = CARTESIAN_POINT ( 'NONE',  ( -47.50000000000000711, 7.500000000000000000, -9.500000000000001776 ) ) ;
#7790 = FACE_OUTER_BOUND ( 'NONE', #7648, .T. ) ;
#7791 = LINE ( 'NONE', #3258, #4511 ) ;
#7792 = VERTEX_POINT ( 'NONE', #5180 ) ;
#7793 = CIRCLE ( 'NONE', #586, 0.8500000000000000888 ) ;
#7794 = DIRECTION ( 'NONE',  ( 0.7660444431189792347, -0.000000000000000000, 0.6427876096865379196 ) ) ;
#7795 = CARTESIAN_POINT ( 'NONE',  ( -37.54999999999999716, 13.28431348329844219, 12.50000000000000000 ) ) ;
#7796 = DIRECTION ( 'NONE',  ( 0.000000000000000000, 0.000000000000000000, -1.000000000000000000 ) ) ;
#7797 = EDGE_LOOP ( 'NONE', ( #971, #6663, #1698, #504, #4531, #5975 ) ) ;
#7798 = EDGE_LOOP ( 'NONE', ( #10823, #6673, #1534, #5746 ) ) ;
#7799 = DIRECTION ( 'NONE',  ( -0.000000000000000000, -1.000000000000000000, 0.000000000000000000 ) ) ;
#7800 = PLANE ( 'NONE',  #2984 ) ;
#7801 = CARTESIAN_POINT ( 'NONE',  ( -52.23908574990758780, 6.552545631469987697, -3.497160870919048925 ) ) ;
#7802 = ORIENTED_EDGE ( 'NONE', *, *, #10013, .F. ) ;
#7803 = CARTESIAN_POINT ( 'NONE',  ( -34.94999999999999574, 4.007420769103569924, 12.43439266236709528 ) ) ;
#7804 = CARTESIAN_POINT ( 'NONE',  ( -51.99271843925621539, 8.380620398697836038, 4.292166158528915254 ) ) ;
#7805 = VECTOR ( 'NONE', #4205, 1000.000000000000000 ) ;
#7806 = CARTESIAN_POINT ( 'NONE',  ( -34.95000000000000284, 4.000000000000000000, 12.50000000000000178 ) ) ;
#7807 = EDGE_CURVE ( 'NONE', #5709, #3702, #143, .T. ) ;
#7808 = CARTESIAN_POINT ( 'NONE',  ( -37.20000000000000284, 15.50000000000000000, -12.50000000000000000 ) ) ;
#7809 = ORIENTED_EDGE ( 'NONE', *, *, #8128, .F. ) ;
#7810 = ADVANCED_FACE ( 'NONE', ( #6306 ), #9946, .T. ) ;
#7811 = FACE_OUTER_BOUND ( 'NONE', #6608, .T. ) ;
#7812 = AXIS2_PLACEMENT_3D ( 'NONE', #4080, #1410, #5029 ) ;
#7813 = B_SPLINE_CURVE_WITH_KNOTS ( 'NONE', 3,
 ( #4389, #8134, #2528, #705, #3547, #6099, #11541, #1706 ),
 .UNSPECIFIED., .F., .F.,
 ( 4, 2, 2, 4 ),
 ( 0.000000000000000000, 0.0001382025733524838739, 0.0002764051467049677478, 0.0005528102934099354956 ),
 .UNSPECIFIED. ) ;
#7814 = LINE ( 'NONE', #4119, #2548 ) ;
#7815 = ORIENTED_EDGE ( 'NONE', *, *, #10094, .T. ) ;
#7816 = DIRECTION ( 'NONE',  ( 1.000000000000000000, 0.000000000000000000, 7.304098846218136886E-17 ) ) ;
#7817 = CARTESIAN_POINT ( 'NONE',  ( 3.099999999999990763, 14.00000000000000000, 13.35000000000019149 ) ) ;
#7818 = ORIENTED_EDGE ( 'NONE', *, *, #7784, .T. ) ;
#7819 = VERTEX_POINT ( 'NONE', #11620 ) ;
#7820 = CARTESIAN_POINT ( 'NONE',  ( -39.55000000000000426, 6.000000000000000000, 14.25000000000000355 ) ) ;
#7821 = EDGE_CURVE ( 'NONE', #5365, #7922, #3397, .T. ) ;
#7822 = CARTESIAN_POINT ( 'NONE',  ( 43.49999999999999289, 6.500000000000000000, 0.000000000000000000 ) ) ;
#7823 = EDGE_CURVE ( 'NONE', #9550, #5376, #2495, .T. ) ;
#7824 = CARTESIAN_POINT ( 'NONE',  ( -47.50000000000000711, 7.500000000000000000, 12.25000000000000178 ) ) ;
#7825 = CYLINDRICAL_SURFACE ( 'NONE', #4451, 4.450000000000009948 ) ;
#7826 = VECTOR ( 'NONE', #1022, 1000.000000000000000 ) ;
#7827 = LINE ( 'NONE', #11467, #7533 ) ;
#7828 = VERTEX_POINT ( 'NONE', #5428 ) ;
#7829 = DIRECTION ( 'NONE',  ( -0.000000000000000000, -1.000000000000000000, -0.000000000000000000 ) ) ;
#7830 = DIRECTION ( 'NONE',  ( 1.000000000000000000, 0.000000000000000000, 0.000000000000000000 ) ) ;
#7831 = EDGE_CURVE ( 'NONE', #2926, #11722, #7865, .T. ) ;
#7832 = DIRECTION ( 'NONE',  ( 0.000000000000000000, 1.000000000000000000, -0.000000000000000000 ) ) ;
#7833 = EDGE_CURVE ( 'NONE', #402, #5368, #1614, .T. ) ;
#7834 = AXIS2_PLACEMENT_3D ( 'NONE', #2742, #855, #4476 ) ;
#7835 = CARTESIAN_POINT ( 'NONE',  ( 30.80000000000002558, 0.000000000000000000, 2.030492254602823010 ) ) ;
#7836 = ORIENTED_EDGE ( 'NONE', *, *, #11520, .T. ) ;
#7837 = DIRECTION ( 'NONE',  ( 0.000000000000000000, 1.000000000000000000, 0.000000000000000000 ) ) ;
#7838 = VERTEX_POINT ( 'NONE', #8881 ) ;
#7839 = ORIENTED_EDGE ( 'NONE', *, *, #5058, .F. ) ;
#7840 = DIRECTION ( 'NONE',  ( 0.000000000000000000, 1.000000000000000000, 0.000000000000000000 ) ) ;
#7841 = VECTOR ( 'NONE', #2544, 1000.000000000000000 ) ;
#7842 = CARTESIAN_POINT ( 'NONE',  ( -52.23796951423593526, 9.236145541864377861, -3.486806783907489660 ) ) ;
#7843 = VERTEX_POINT ( 'NONE', #734 ) ;
#7844 = DIRECTION ( 'NONE',  ( -0.000000000000000000, 1.000000000000000000, -0.000000000000000000 ) ) ;
#7845 = EDGE_CURVE ( 'NONE', #5963, #2655, #7985, .T. ) ;
#7846 = DIRECTION ( 'NONE',  ( -1.000000000000000000, 0.000000000000000000, -0.000000000000000000 ) ) ;
#7847 = ADVANCED_FACE ( 'NONE', ( #6368 ), #2979, .T. ) ;
#7848 = CYLINDRICAL_SURFACE ( 'NONE', #8290, 2.000000000000001776 ) ;
#7849 = ORIENTED_EDGE ( 'NONE', *, *, #3883, .T. ) ;
#7850 = ORIENTED_EDGE ( 'NONE', *, *, #3234, .T. ) ;
#7851 = CARTESIAN_POINT ( 'NONE',  ( -14.05000000000000782, 3.199999999999999734, 8.968403375880702910 ) ) ;
#7852 = ORIENTED_EDGE ( 'NONE', *, *, #11460, .F. ) ;
#7853 = DIRECTION ( 'NONE',  ( 0.000000000000000000, 0.000000000000000000, 1.000000000000000000 ) ) ;
#7854 = DIRECTION ( 'NONE',  ( 0.000000000000000000, 0.000000000000000000, 1.000000000000000000 ) ) ;
#7855 = ORIENTED_EDGE ( 'NONE', *, *, #11523, .F. ) ;
#7856 = CARTESIAN_POINT ( 'NONE',  ( -40.15000000000000568, 11.29999999999999716, -12.25000000000000000 ) ) ;
#7857 = CYLINDRICAL_SURFACE ( 'NONE', #9264, 2.000000000000001776 ) ;
#7858 = CARTESIAN_POINT ( 'NONE',  ( -52.45000000000001705, 9.400000000000000355, -2.925000000000019806 ) ) ;
#7859 = ORIENTED_EDGE ( 'NONE', *, *, #552, .F. ) ;
#7860 = CARTESIAN_POINT ( 'NONE',  ( -47.50000000000000711, 7.500000000000000000, 9.500000000000001776 ) ) ;
#7861 = CIRCLE ( 'NONE', #1226, 2.750000000000007550 ) ;
#7862 = ORIENTED_EDGE ( 'NONE', *, *, #3743, .F. ) ;
#7863 = DIRECTION ( 'NONE',  ( 0.000000000000000000, 0.000000000000000000, 1.000000000000000000 ) ) ;
#7864 = ORIENTED_EDGE ( 'NONE', *, *, #10827, .T. ) ;
#7865 = LINE ( 'NONE', #7017, #2010 ) ;
#7866 = VERTEX_POINT ( 'NONE', #2740 ) ;
#7867 = DIRECTION ( 'NONE',  ( 0.000000000000000000, 0.000000000000000000, 1.000000000000000000 ) ) ;
#7868 = EDGE_CURVE ( 'NONE', #9577, #4132, #9117, .T. ) ;
#7869 = CARTESIAN_POINT ( 'NONE',  ( 26.00635347795579477, 0.5999999999999989786, 0.2238308925512737246 ) ) ;
#7870 = VERTEX_POINT ( 'NONE', #8281 ) ;
#7871 = VECTOR ( 'NONE', #3843, 1000.000000000000000 ) ;
#7872 = CARTESIAN_POINT ( 'NONE',  ( 30.35000000000000142, -0.001000000000000024307, -3.150000000000002576 ) ) ;
#7873 = CARTESIAN_POINT ( 'NONE',  ( 49.74999999999999289, 3.000000000000000000, -1.816894587996768538E-14 ) ) ;
#7874 = DIRECTION ( 'NONE',  ( -1.000000000000000000, 0.000000000000000000, 0.000000000000000000 ) ) ;
#7875 = CARTESIAN_POINT ( 'NONE',  ( -52.44999998641311834, 9.184093796512105001, -3.231687416539745339 ) ) ;
#7876 = CARTESIAN_POINT ( 'NONE',  ( -27.76953966575159427, 50.93731177506752772, 8.949999999999985079 ) ) ;
#7877 = VECTOR ( 'NONE', #6798, 1000.000000000000000 ) ;
#7878 = ORIENTED_EDGE ( 'NONE', *, *, #7463, .T. ) ;
#7879 = AXIS2_PLACEMENT_3D ( 'NONE', #7332, #10267, #5671 ) ;
#7880 = DIRECTION ( 'NONE',  ( -1.927470528863116978E-15, 0.000000000000000000, 1.000000000000000000 ) ) ;
#7881 = EDGE_CURVE ( 'NONE', #1159, #6801, #155, .T. ) ;
#7882 = EDGE_CURVE ( 'NONE', #10276, #2379, #8292, .T. ) ;
#7883 = ORIENTED_EDGE ( 'NONE', *, *, #1554, .F. ) ;
#7884 = CARTESIAN_POINT ( 'NONE',  ( 2.099999999999991207, 12.50000000000000000, 12.35000000000019149 ) ) ;
#7885 = ORIENTED_EDGE ( 'NONE', *, *, #5506, .T. ) ;
#7886 = DIRECTION ( 'NONE',  ( -1.000000000000000000, 0.000000000000000000, 0.000000000000000000 ) ) ;
#7887 = LINE ( 'NONE', #1528, #6029 ) ;
#7888 = CIRCLE ( 'NONE', #5224, 3.061734693877549152 ) ;
#7889 = LINE ( 'NONE', #2464, #6842 ) ;
#7890 = DIRECTION ( 'NONE',  ( 0.000000000000000000, 1.000000000000000000, 0.000000000000000000 ) ) ;
#7891 = VERTEX_POINT ( 'NONE', #3760 ) ;
#7892 = ORIENTED_EDGE ( 'NONE', *, *, #9586, .F. ) ;
#7893 = FACE_OUTER_BOUND ( 'NONE', #5547, .T. ) ;
#7894 = EDGE_CURVE ( 'NONE', #4920, #341, #8220, .T. ) ;
#7895 = EDGE_LOOP ( 'NONE', ( #10388, #9796, #10780, #10002 ) ) ;
#7896 = VECTOR ( 'NONE', #7089, 1000.000000000000000 ) ;
#7897 = ORIENTED_EDGE ( 'NONE', *, *, #3304, .F. ) ;
#7898 = ADVANCED_FACE ( 'NONE', ( #3872 ), #10010, .T. ) ;
#7899 = VERTEX_POINT ( 'NONE', #9170 ) ;
#7900 = DIRECTION ( 'NONE',  ( -1.000000000000000000, 0.000000000000000000, 0.000000000000000000 ) ) ;
#7901 = DIRECTION ( 'NONE',  ( -1.000000000000000000, 0.000000000000000000, 3.540251991789401418E-16 ) ) ;
#7902 = ORIENTED_EDGE ( 'NONE', *, *, #4017, .T. ) ;
#7903 = CARTESIAN_POINT ( 'NONE',  ( -20.00000000000001066, 14.00000000000000000, -13.25000000000000178 ) ) ;
#7904 = CARTESIAN_POINT ( 'NONE',  ( -44.75000000000000711, 4.000000000000000000, 0.000000000000000000 ) ) ;
#7905 = VECTOR ( 'NONE', #9810, 1000.000000000000000 ) ;
#7906 = VERTEX_POINT ( 'NONE', #4654 ) ;
#7907 = CARTESIAN_POINT ( 'NONE',  ( -52.25000000000001421, 9.397368276523906161, 3.013815789473678564 ) ) ;
#7908 = ORIENTED_EDGE ( 'NONE', *, *, #1647, .T. ) ;
#7909 = EDGE_CURVE ( 'NONE', #3139, #6656, #8661, .T. ) ;
#7910 = ORIENTED_EDGE ( 'NONE', *, *, #8534, .F. ) ;
#7911 = EDGE_CURVE ( 'NONE', #330, #1588, #3694, .T. ) ;
#7912 = CARTESIAN_POINT ( 'NONE',  ( -44.80556128293851259, 4.000000000000000000, 8.949999999999992184 ) ) ;
#7913 = EDGE_CURVE ( 'NONE', #4241, #10896, #6750, .T. ) ;
#7914 = CARTESIAN_POINT ( 'NONE',  ( -51.96383377495563138, 6.965620762015383605, -4.122169272842977961 ) ) ;
#7915 = VECTOR ( 'NONE', #769, 1000.000000000000000 ) ;
#7916 = VECTOR ( 'NONE', #8875, 1000.000000000000000 ) ;
#7917 = CIRCLE ( 'NONE', #6950, 2.999999999999999112 ) ;
#7918 = DIRECTION ( 'NONE',  ( -9.251858538542969067E-15, 0.000000000000000000, 1.000000000000000000 ) ) ;
#7919 = ORIENTED_EDGE ( 'NONE', *, *, #502, .T. ) ;
#7920 = DIRECTION ( 'NONE',  ( 0.3420201433256564449, 0.000000000000000000, -0.9396926207859128688 ) ) ;
#7921 = LINE ( 'NONE', #6956, #9630 ) ;
#7922 = VERTEX_POINT ( 'NONE', #1151 ) ;
#7923 = AXIS2_PLACEMENT_3D ( 'NONE', #3121, #11239, #8598 ) ;
#7924 = CARTESIAN_POINT ( 'NONE',  ( -52.20476079210929043, 7.786399987876010620, -4.274945468914283175 ) ) ;
#7925 = AXIS2_PLACEMENT_3D ( 'NONE', #9383, #1239, #4850 ) ;
#7926 = CARTESIAN_POINT ( 'NONE',  ( 5.998509989039529700, 0.000000000000000000, 10.38972407072587956 ) ) ;
#7927 = ORIENTED_EDGE ( 'NONE', *, *, #6117, .T. ) ;
#7928 = AXIS2_PLACEMENT_3D ( 'NONE', #7876, #1625, #8053 ) ;
#7929 = DIRECTION ( 'NONE',  ( 0.000000000000000000, 0.000000000000000000, 1.000000000000000000 ) ) ;
#7930 = CARTESIAN_POINT ( 'NONE',  ( -45.00000000000000711, 13.29999999999999893, -12.25000000000000178 ) ) ;
#7931 = DIRECTION ( 'NONE',  ( 0.000000000000000000, -1.000000000000000000, 1.865294060190115224E-16 ) ) ;
#7932 = AXIS2_PLACEMENT_3D ( 'NONE', #11623, #10562, #8943 ) ;
#7933 = VECTOR ( 'NONE', #6469, 1000.000000000000000 ) ;
#7934 = CIRCLE ( 'NONE', #10605, 2.750000000000000888 ) ;
#7935 = DIRECTION ( 'NONE',  ( -0.000000000000000000, -1.000000000000000000, -0.000000000000000000 ) ) ;
#7936 = CARTESIAN_POINT ( 'NONE',  ( -52.00319465118830209, 8.142702946773745509, 4.338305428497872818 ) ) ;
#7937 = CARTESIAN_POINT ( 'NONE',  ( -34.95000000000000284, 2.658044035770915267E-15, -14.25000000000000533 ) ) ;
#7938 = PLANE ( 'NONE',  #10558 ) ;
#7939 = ORIENTED_EDGE ( 'NONE', *, *, #7178, .T. ) ;
#7940 = ORIENTED_EDGE ( 'NONE', *, *, #11035, .F. ) ;
#7941 = AXIS2_PLACEMENT_3D ( 'NONE', #4141, #2236, #5087 ) ;
#7942 = ORIENTED_EDGE ( 'NONE', *, *, #10736, .F. ) ;
#7943 = LINE ( 'NONE', #866, #4271 ) ;
#7944 = LINE ( 'NONE', #10870, #6578 ) ;
#7945 = DIRECTION ( 'NONE',  ( -1.000000000000000000, 0.000000000000000000, 0.000000000000000000 ) ) ;
#7946 = CARTESIAN_POINT ( 'NONE',  ( -2.000000000000008882, 12.50000000000000000, 12.35000000000019149 ) ) ;
#7947 = LINE ( 'NONE', #11529, #1512 ) ;
#7948 = VECTOR ( 'NONE', #4480, 1000.000000000000000 ) ;
#7949 = CARTESIAN_POINT ( 'NONE',  ( -47.50000000000000711, 2.499999999999999556, -8.650000000000002132 ) ) ;
#7950 = EDGE_CURVE ( 'NONE', #1361, #2105, #10254, .T. ) ;
#7951 = EDGE_CURVE ( 'NONE', #7429, #702, #4767, .T. ) ;
#7952 = ORIENTED_EDGE ( 'NONE', *, *, #1796, .F. ) ;
#7953 = CARTESIAN_POINT ( 'NONE',  ( -36.95000000000000284, 13.28431348329844219, -12.50000000000000000 ) ) ;
#7954 = ORIENTED_EDGE ( 'NONE', *, *, #1204, .F. ) ;
#7955 = CARTESIAN_POINT ( 'NONE',  ( 47.49999999999999289, 2.499999999999999556, -10.34999999999999787 ) ) ;
#7956 = ORIENTED_EDGE ( 'NONE', *, *, #9521, .F. ) ;
#7957 = ORIENTED_EDGE ( 'NONE', *, *, #5764, .T. ) ;
#7958 = DIRECTION ( 'NONE',  ( 0.000000000000000000, 0.000000000000000000, -1.000000000000000000 ) ) ;
#7959 = DIRECTION ( 'NONE',  ( 0.000000000000000000, 0.000000000000000000, 1.000000000000000000 ) ) ;
#7960 = ORIENTED_EDGE ( 'NONE', *, *, #3557, .F. ) ;
#7961 = B_SPLINE_CURVE_WITH_KNOTS ( 'NONE', 3,
 ( #2536, #776, #8021, #2603, #1713, #8800 ),
 .UNSPECIFIED., .F., .F.,
 ( 4, 2, 4 ),
 ( 0.000000000000000000, 0.0001955798652618910322, 0.0003911597305237820644 ),
 .UNSPECIFIED. ) ;
#7962 = CYLINDRICAL_SURFACE ( 'NONE', #3941, 2.999999999999999112 ) ;
#7963 = PLANE ( 'NONE',  #10186 ) ;
#7964 = EDGE_CURVE ( 'NONE', #1883, #250, #5854, .T. ) ;
#7965 = ORIENTED_EDGE ( 'NONE', *, *, #5776, .T. ) ;
#7966 = EDGE_CURVE ( 'NONE', #6379, #414, #4540, .T. ) ;
#7967 = CARTESIAN_POINT ( 'NONE',  ( -14.05000000000000782, 4.000000000000000000, 0.000000000000000000 ) ) ;
#7968 = ORIENTED_EDGE ( 'NONE', *, *, #3393, .F. ) ;
#7969 = CIRCLE ( 'NONE', #3217, 2.000000000000000000 ) ;
#7970 = VECTOR ( 'NONE', #10499, 1000.000000000000000 ) ;
#7971 = CARTESIAN_POINT ( 'NONE',  ( -2.000000000000008882, 14.00000000000000000, 14.75000000000000178 ) ) ;
#7972 = ORIENTED_EDGE ( 'NONE', *, *, #6065, .T. ) ;
#7973 = DIRECTION ( 'NONE',  ( -0.000000000000000000, 1.000000000000000000, -0.000000000000000000 ) ) ;
#7974 = LINE ( 'NONE', #11671, #5990 ) ;
#7975 = LINE ( 'NONE', #6894, #5371 ) ;
#7976 = CARTESIAN_POINT ( 'NONE',  ( 30.35000000000000142, 0.2999999999999999889, -3.150000000000002576 ) ) ;
#7977 = ADVANCED_FACE ( 'NONE', ( #7498 ), #4713, .T. ) ;
#7978 = PLANE ( 'NONE',  #9155 ) ;
#7979 = CYLINDRICAL_SURFACE ( 'NONE', #9309, 0.7999999999999994893 ) ;
#7980 = ORIENTED_EDGE ( 'NONE', *, *, #4468, .F. ) ;
#7981 = EDGE_CURVE ( 'NONE', #3616, #1715, #11087, .T. ) ;
#7982 = CARTESIAN_POINT ( 'NONE',  ( -52.20411310831070750, 8.451678408958311906, -4.174880509859458577 ) ) ;
#7983 = DIRECTION ( 'NONE',  ( 0.09864855753175856556, -0.5484013522092306969, -0.8303760708209206864 ) ) ;
#7984 = ORIENTED_EDGE ( 'NONE', *, *, #2895, .F. ) ;
#7985 = LINE ( 'NONE', #5313, #1076 ) ;
#7986 = VERTEX_POINT ( 'NONE', #2036 ) ;
#7987 = CARTESIAN_POINT ( 'NONE',  ( 51.95000000000000284, 8.500000000000000000, 2.500000000000000444 ) ) ;
#7988 = DIRECTION ( 'NONE',  ( -8.673617379884087537E-15, 0.000000000000000000, -1.000000000000000000 ) ) ;
#7989 = CARTESIAN_POINT ( 'NONE',  ( -51.98539848752887593, 7.301321235499575124, 4.257248146259613009 ) ) ;
#7990 = EDGE_CURVE ( 'NONE', #11048, #895, #2443, .T. ) ;
#7991 = FACE_OUTER_BOUND ( 'NONE', #8276, .T. ) ;
#7992 = VERTEX_POINT ( 'NONE', #10482 ) ;
#7993 = ADVANCED_FACE ( 'NONE', ( #2264 ), #6856, .T. ) ;
#7994 = LINE ( 'NONE', #3459, #6923 ) ;
#7995 = VERTEX_POINT ( 'NONE', #5940 ) ;
#7996 = VERTEX_POINT ( 'NONE', #3041 ) ;
#7997 = ORIENTED_EDGE ( 'NONE', *, *, #1766, .T. ) ;
#7998 = CARTESIAN_POINT ( 'NONE',  ( -52.25000000000001421, 5.999999999999998224, 2.449999999999999734 ) ) ;
#7999 = DIRECTION ( 'NONE',  ( -1.000000000000000000, 0.000000000000000000, -0.000000000000000000 ) ) ;
#8000 = ORIENTED_EDGE ( 'NONE', *, *, #11260, .F. ) ;
#8001 = CARTESIAN_POINT ( 'NONE',  ( 34.63143610484218726, -1.273090519723213410E-15, -6.220079592335511443 ) ) ;
#8002 = CARTESIAN_POINT ( 'NONE',  ( 25.46211131251740767, 0.02221052063481811570, -5.294004637070970354 ) ) ;
#8003 = DIRECTION ( 'NONE',  ( 0.000000000000000000, -1.000000000000000000, 0.000000000000000000 ) ) ;
#8004 = DIRECTION ( 'NONE',  ( 0.000000000000000000, 1.000000000000000000, 0.000000000000000000 ) ) ;
#8005 = CARTESIAN_POINT ( 'NONE',  ( 1.036764281119435083, 12.50000000000000000, -14.75000000000000178 ) ) ;
#8006 = DIRECTION ( 'NONE',  ( 0.000000000000000000, 0.000000000000000000, 1.000000000000000000 ) ) ;
#8007 = CARTESIAN_POINT ( 'NONE',  ( -36.95000000000000284, 6.000000000000000000, 12.25000000000000533 ) ) ;
#8008 = VECTOR ( 'NONE', #7609, 1000.000000000000000 ) ;
#8009 = EDGE_LOOP ( 'NONE', ( #4847, #7702, #7242, #7883 ) ) ;
#8010 = CARTESIAN_POINT ( 'NONE',  ( -45.00000000000000711, 15.50000000000000000, -12.25000000000000000 ) ) ;
#8011 = ORIENTED_EDGE ( 'NONE', *, *, #4532, .F. ) ;
#8012 = ORIENTED_EDGE ( 'NONE', *, *, #3609, .F. ) ;
#8013 = DIRECTION ( 'NONE',  ( 1.000000000000000000, 0.000000000000000000, 0.000000000000000000 ) ) ;
#8014 = FACE_OUTER_BOUND ( 'NONE', #6911, .T. ) ;
#8015 = ORIENTED_EDGE ( 'NONE', *, *, #11397, .F. ) ;
#8016 = EDGE_CURVE ( 'NONE', #3803, #9510, #7715, .T. ) ;
#8017 = CARTESIAN_POINT ( 'NONE',  ( -25.50000000000004263, 12.30000000000000071, -6.805453636524403956E-14 ) ) ;
#8018 = MECHANICAL_DESIGN_GEOMETRIC_PRESENTATION_REPRESENTATION (  '', ( #10885 ), #3453 ) ;
#8019 = DIRECTION ( 'NONE',  ( -0.000000000000000000, -1.000000000000000000, 0.000000000000000000 ) ) ;
#8020 = ORIENTED_EDGE ( 'NONE', *, *, #7474, .F. ) ;
#8021 = CARTESIAN_POINT ( 'NONE',  ( -34.83080735386675286, 13.30034953508066309, 12.27717671750640704 ) ) ;
#8022 = B_SPLINE_CURVE_WITH_KNOTS ( 'NONE', 3,
 ( #3470, #5200, #8901, #6485 ),
 .UNSPECIFIED., .F., .F.,
 ( 4, 4 ),
 ( 0.000000000000000000, 5.804950062306730595E-05 ),
 .UNSPECIFIED. ) ;
#8023 = ORIENTED_EDGE ( 'NONE', *, *, #8140, .F. ) ;
#8024 = VECTOR ( 'NONE', #3914, 1000.000000000000000 ) ;
#8025 = ORIENTED_EDGE ( 'NONE', *, *, #7212, .F. ) ;
#8026 = CARTESIAN_POINT ( 'NONE',  ( -36.95000000000000284, 0.000000000000000000, 12.50000000000000000 ) ) ;
#8027 = EDGE_CURVE ( 'NONE', #4065, #3332, #9414, .T. ) ;
#8028 = DIRECTION ( 'NONE',  ( -1.000000000000000000, 0.000000000000000000, 0.000000000000000000 ) ) ;
#8029 = CARTESIAN_POINT ( 'NONE',  ( -42.50000000000000000, 13.29999999999999893, 12.25000000000000178 ) ) ;
#8030 = ORIENTED_EDGE ( 'NONE', *, *, #3764, .T. ) ;
#8031 = CARTESIAN_POINT ( 'NONE',  ( 0.000000000000000000, 0.5999999999999989786, 4.549999999999997158 ) ) ;
#8032 = ADVANCED_FACE ( 'NONE', ( #10308 ), #2769, .T. ) ;
#8033 = CARTESIAN_POINT ( 'NONE',  ( -52.21211380852813022, 8.942709853813001430, -3.863961515592249985 ) ) ;
#8034 = VERTEX_POINT ( 'NONE', #4881 ) ;
#8035 = DIRECTION ( 'NONE',  ( 0.000000000000000000, 1.000000000000000000, -0.000000000000000000 ) ) ;
#8036 = ORIENTED_EDGE ( 'NONE', *, *, #2601, .T. ) ;
#8037 = CARTESIAN_POINT ( 'NONE',  ( -52.34853377184389700, 7.377052726839880670, -4.119929395690625995 ) ) ;
#8038 = ORIENTED_EDGE ( 'NONE', *, *, #4611, .F. ) ;
#8039 = CARTESIAN_POINT ( 'NONE',  ( -50.25000000000000711, 7.500000000000000000, 0.000000000000000000 ) ) ;
#8040 = ORIENTED_EDGE ( 'NONE', *, *, #4468, .T. ) ;
#8041 = EDGE_CURVE ( 'NONE', #2926, #4132, #8520, .T. ) ;
#8042 = DIRECTION ( 'NONE',  ( 0.6427876096865420275, 0.000000000000000000, -0.7660444431189757930 ) ) ;
#8043 = ORIENTED_EDGE ( 'NONE', *, *, #2962, .T. ) ;
#8044 = EDGE_CURVE ( 'NONE', #732, #7992, #2021, .T. ) ;
#8045 = FACE_OUTER_BOUND ( 'NONE', #4509, .T. ) ;
#8046 = DIRECTION ( 'NONE',  ( 0.000000000000000000, 0.000000000000000000, -1.000000000000000000 ) ) ;
#8047 = CARTESIAN_POINT ( 'NONE',  ( -52.11892880171502895, 6.949781784289549513, 4.114102427807108775 ) ) ;
#8048 = VECTOR ( 'NONE', #881, 1000.000000000000000 ) ;
#8049 = CARTESIAN_POINT ( 'NONE',  ( 29.59999999999998010, 0.2999999999999999889, -8.598623679425841715 ) ) ;
#8050 = EDGE_LOOP ( 'NONE', ( #7142, #5807 ) ) ;
#8051 = ORIENTED_EDGE ( 'NONE', *, *, #9109, .T. ) ;
#8052 = CARTESIAN_POINT ( 'NONE',  ( -44.75000000000000711, 11.29999999999999716, 12.25000000000000000 ) ) ;
#8053 = DIRECTION ( 'NONE',  ( 1.000000000000000000, -1.029731855339832691E-13, 0.000000000000000000 ) ) ;
#8054 = ORIENTED_EDGE ( 'NONE', *, *, #8649, .T. ) ;
#8055 = ORIENTED_EDGE ( 'NONE', *, *, #8697, .F. ) ;
#8056 = ORIENTED_EDGE ( 'NONE', *, *, #1581, .F. ) ;
#8057 = LINE ( 'NONE', #9905, #5770 ) ;
#8058 = ADVANCED_FACE ( 'NONE', ( #10362 ), #4171, .T. ) ;
#8059 = AXIS2_PLACEMENT_3D ( 'NONE', #6804, #404, #10332 ) ;
#8060 = DIRECTION ( 'NONE',  ( -1.826024711554533223E-15, 0.000000000000000000, 1.000000000000000000 ) ) ;
#8061 = EDGE_CURVE ( 'NONE', #9357, #10878, #4585, .T. ) ;
#8062 = DIRECTION ( 'NONE',  ( 0.000000000000000000, 0.000000000000000000, -1.000000000000000000 ) ) ;
#8063 = VECTOR ( 'NONE', #9181, 1000.000000000000000 ) ;
#8064 = DIRECTION ( 'NONE',  ( 0.000000000000000000, -0.000000000000000000, -1.000000000000000000 ) ) ;
#8065 = PLANE ( 'NONE',  #2508 ) ;
#8066 = DIRECTION ( 'NONE',  ( 0.000000000000000000, -1.000000000000000000, 0.000000000000000000 ) ) ;
#8067 = CARTESIAN_POINT ( 'NONE',  ( 0.000000000000000000, 7.500000000000000000, 0.000000000000000000 ) ) ;
#8068 = DIRECTION ( 'NONE',  ( 0.000000000000000000, 0.000000000000000000, 1.000000000000000000 ) ) ;
#8069 = VECTOR ( 'NONE', #7266, 1000.000000000000000 ) ;
#8070 = ORIENTED_EDGE ( 'NONE', *, *, #10879, .F. ) ;
#8071 = DIRECTION ( 'NONE',  ( 0.000000000000000000, 0.000000000000000000, 1.000000000000000000 ) ) ;
#8072 = ORIENTED_EDGE ( 'NONE', *, *, #3581, .F. ) ;
#8073 = DIRECTION ( 'NONE',  ( 0.000000000000000000, 0.000000000000000000, 1.000000000000000000 ) ) ;
#8074 = ORIENTED_EDGE ( 'NONE', *, *, #484, .F. ) ;
#8075 = DIRECTION ( 'NONE',  ( 0.000000000000000000, 0.000000000000000000, 1.000000000000000000 ) ) ;
#8076 = CARTESIAN_POINT ( 'NONE',  ( -52.40568058483291480, 6.815219914338410234, 3.641416195902965836 ) ) ;
#8077 = AXIS2_PLACEMENT_3D ( 'NONE', #1493, #5108, #4225 ) ;
#8078 = ORIENTED_EDGE ( 'NONE', *, *, #1013, .T. ) ;
#8079 = CARTESIAN_POINT ( 'NONE',  ( -44.97607350505224844, 3.991207455912967106, -9.393805959283282547 ) ) ;
#8080 = DIRECTION ( 'NONE',  ( -1.000000000000000000, -0.000000000000000000, 4.476705744456300993E-16 ) ) ;
#8081 = CARTESIAN_POINT ( 'NONE',  ( -52.25000000000001421, 9.352693908957551372, 3.264948469478038184 ) ) ;
#8082 = ORIENTED_EDGE ( 'NONE', *, *, #4257, .F. ) ;
#8083 = ORIENTED_EDGE ( 'NONE', *, *, #10598, .T. ) ;
#8084 = VECTOR ( 'NONE', #7787, 1000.000000000000000 ) ;
#8085 = LINE ( 'NONE', #4459, #2569 ) ;
#8086 = VERTEX_POINT ( 'NONE', #2372 ) ;
#8087 = DIRECTION ( 'NONE',  ( 0.000000000000000000, 0.000000000000000000, 1.000000000000000000 ) ) ;
#8088 = LINE ( 'NONE', #7008, #1452 ) ;
#8089 = DIRECTION ( 'NONE',  ( 8.462065736472229849E-17, 0.000000000000000000, 1.000000000000000000 ) ) ;
#8090 = AXIS2_PLACEMENT_3D ( 'NONE', #11739, #4462, #3325 ) ;
#8091 = ORIENTED_EDGE ( 'NONE', *, *, #3034, .F. ) ;
#8092 = LINE ( 'NONE', #5358, #10297 ) ;
#8093 = LINE ( 'NONE', #6173, #969 ) ;
#8094 = ORIENTED_EDGE ( 'NONE', *, *, #11470, .T. ) ;
#8095 = ADVANCED_FACE ( 'NONE', ( #6002 ), #2202, .T. ) ;
#8096 = FACE_OUTER_BOUND ( 'NONE', #41, .T. ) ;
#8097 = EDGE_CURVE ( 'NONE', #6610, #4076, #7676, .T. ) ;
#8098 = FACE_OUTER_BOUND ( 'NONE', #6116, .T. ) ;
#8099 = CIRCLE ( 'NONE', #7557, 0.2999999999999999334 ) ;
#8100 = EDGE_CURVE ( 'NONE', #5068, #9550, #4161, .T. ) ;
#8101 = VECTOR ( 'NONE', #1134, 1000.000000000000000 ) ;
#8102 = CARTESIAN_POINT ( 'NONE',  ( -8.000000000000008882, 10.50000000000000000, 14.75000000000000178 ) ) ;
#8103 = ORIENTED_EDGE ( 'NONE', *, *, #1986, .T. ) ;
#8104 = CARTESIAN_POINT ( 'NONE',  ( -45.20000000000000284, 14.10000000000000142, -6.750000000000000888 ) ) ;
#8105 = ORIENTED_EDGE ( 'NONE', *, *, #10797, .F. ) ;
#8106 = FACE_OUTER_BOUND ( 'NONE', #11733, .T. ) ;
#8107 = CARTESIAN_POINT ( 'NONE',  ( 25.55068545307675976, 2.790126528255666106E-15, -0.9771536671051486156 ) ) ;
#8108 = CYLINDRICAL_SURFACE ( 'NONE', #949, 9.000000000000008882 ) ;
#8109 = CARTESIAN_POINT ( 'NONE',  ( -2.000000000000008882, 12.50000000000000000, -12.35000000000019149 ) ) ;
#8110 = AXIS2_PLACEMENT_3D ( 'NONE', #6808, #9447, #3846 ) ;
#8111 = FACE_OUTER_BOUND ( 'NONE', #5413, .T. ) ;
#8112 = ORIENTED_EDGE ( 'NONE', *, *, #6208, .T. ) ;
#8113 = ORIENTED_EDGE ( 'NONE', *, *, #6443, .T. ) ;
#8114 = EDGE_CURVE ( 'NONE', #3810, #8495, #8088, .T. ) ;
#8115 = LINE ( 'NONE', #2568, #8259 ) ;
#8116 = ADVANCED_FACE ( 'NONE', ( #11557 ), #9709, .T. ) ;
#8117 = DIRECTION ( 'NONE',  ( 0.000000000000000000, 0.000000000000000000, -1.000000000000000000 ) ) ;
#8118 = AXIS2_PLACEMENT_3D ( 'NONE', #9396, #5577, #5695 ) ;
#8119 = DIRECTION ( 'NONE',  ( 0.000000000000000000, 0.000000000000000000, 1.000000000000000000 ) ) ;
#8120 = LINE ( 'NONE', #750, #3931 ) ;
#8121 = CARTESIAN_POINT ( 'NONE',  ( 30.35000000000000142, 0.2999999999999999889, -3.150000000000002576 ) ) ;
#8122 = FACE_OUTER_BOUND ( 'NONE', #3756, .T. ) ;
#8123 = CARTESIAN_POINT ( 'NONE',  ( -34.95000000000087681, 4.007420273433608848, -12.43438872810979490 ) ) ;
#8124 = EDGE_CURVE ( 'NONE', #10090, #11747, #2954, .T. ) ;
#8125 = DIRECTION ( 'NONE',  ( 0.000000000000000000, -1.000000000000000000, 0.000000000000000000 ) ) ;
#8126 = AXIS2_PLACEMENT_3D ( 'NONE', #4794, #2837, #946 ) ;
#8127 = EDGE_LOOP ( 'NONE', ( #1601, #151, #9300, #4534 ) ) ;
#8128 = EDGE_CURVE ( 'NONE', #1260, #5143, #7974, .T. ) ;
#8129 = EDGE_CURVE ( 'NONE', #3207, #4339, #6234, .T. ) ;
#8130 = LINE ( 'NONE', #3657, #7033 ) ;
#8131 = EDGE_LOOP ( 'NONE', ( #9607, #9961, #2509, #8306 ) ) ;
#8132 = B_SPLINE_CURVE_WITH_KNOTS ( 'NONE', 3,
 ( #11504, #6963, #731, #792, #9668, #10672 ),
 .UNSPECIFIED., .F., .F.,
 ( 4, 2, 4 ),
 ( 0.000000000000000000, 0.001592957329409052433, 0.003185914658818104865 ),
 .UNSPECIFIED. ) ;
#8133 = CYLINDRICAL_SURFACE ( 'NONE', #5949, 3.750000000000001776 ) ;
#8134 = CARTESIAN_POINT ( 'NONE',  ( 35.44364652204422583, 0.2531612188914916239, -1.075207213125432437 ) ) ;
#8135 = VECTOR ( 'NONE', #10681, 1000.000000000000000 ) ;
#8136 = DIRECTION ( 'NONE',  ( 0.000000000000000000, 1.000000000000000000, -0.000000000000000000 ) ) ;
#8137 = CARTESIAN_POINT ( 'NONE',  ( -44.19849592106523062, 3.712745366659598645, -8.827335413132965769 ) ) ;
#8138 = DIRECTION ( 'NONE',  ( -1.000000000000000000, 0.000000000000000000, 0.000000000000000000 ) ) ;
#8139 = ADVANCED_FACE ( 'NONE', ( #3494 ), #7118, .T. ) ;
#8140 = EDGE_CURVE ( 'NONE', #2705, #9843, #11608, .T. ) ;
#8141 = PLANE ( 'NONE',  #3644 ) ;
#8142 = ORIENTED_EDGE ( 'NONE', *, *, #9199, .T. ) ;
#8143 = EDGE_CURVE ( 'NONE', #11383, #1851, #7520, .T. ) ;
#8144 = ORIENTED_EDGE ( 'NONE', *, *, #5140, .F. ) ;
#8145 = ORIENTED_EDGE ( 'NONE', *, *, #6515, .F. ) ;
#8146 = DIRECTION ( 'NONE',  ( -0.000000000000000000, -0.000000000000000000, -1.000000000000000000 ) ) ;
#8147 = CARTESIAN_POINT ( 'NONE',  ( -52.20488312693201749, 8.372355668499988468, -4.203259824540700684 ) ) ;
#8148 = CARTESIAN_POINT ( 'NONE',  ( -37.54999999999999716, 11.29999999999999716, 14.25000000000000355 ) ) ;
#8149 = LINE ( 'NONE', #1667, #10315 ) ;
#8150 = ORIENTED_EDGE ( 'NONE', *, *, #9729, .F. ) ;
#8151 = ORIENTED_EDGE ( 'NONE', *, *, #4973, .F. ) ;
#8152 = CARTESIAN_POINT ( 'NONE',  ( -27.76953966575159427, 50.93731177506752772, -8.550000000000016698 ) ) ;
#8153 = CARTESIAN_POINT ( 'NONE',  ( 20.65000000000000213, 4.999999999999999112, -8.849999999999997868 ) ) ;
#8154 = ORIENTED_EDGE ( 'NONE', *, *, #5509, .T. ) ;
#8155 = AXIS2_PLACEMENT_3D ( 'NONE', #10694, #1637, #5268 ) ;
#8156 = DIRECTION ( 'NONE',  ( 1.000000000000000000, 0.000000000000000000, 0.000000000000000000 ) ) ;
#8157 = ORIENTED_EDGE ( 'NONE', *, *, #1567, .F. ) ;
#8158 = B_SPLINE_CURVE_WITH_KNOTS ( 'NONE', 3,
 ( #1917, #2748, #6488, #2867, #6612, #10259 ),
 .UNSPECIFIED., .F., .F.,
 ( 4, 2, 4 ),
 ( 4.336808689942017255E-19, 0.0003393837279784917916, 0.0006787674559569831494 ),
 .UNSPECIFIED. ) ;
#8159 = LINE ( 'NONE', #8497, #10529 ) ;
#8160 = ORIENTED_EDGE ( 'NONE', *, *, #10630, .F. ) ;
#8161 = CARTESIAN_POINT ( 'NONE',  ( -52.20411103711288092, 8.459357085087530592, 4.172018366709759896 ) ) ;
#8162 = ORIENTED_EDGE ( 'NONE', *, *, #403, .T. ) ;
#8163 = DIRECTION ( 'NONE',  ( -1.000000000000000000, -0.000000000000000000, -0.000000000000000000 ) ) ;
#8164 = VERTEX_POINT ( 'NONE', #2610 ) ;
#8165 = ADVANCED_FACE ( 'NONE', ( #4403 ), #10609, .T. ) ;
#8166 = LINE ( 'NONE', #372, #2228 ) ;
#8167 = EDGE_CURVE ( 'NONE', #1799, #967, #1547, .T. ) ;
#8168 = CARTESIAN_POINT ( 'NONE',  ( 8.576490010960506893, 0.5999999999999989786, -14.85491644959054724 ) ) ;
#8169 = DIRECTION ( 'NONE',  ( -1.000000000000000000, 0.000000000000000000, 0.000000000000000000 ) ) ;
#8170 = VECTOR ( 'NONE', #9604, 1000.000000000000000 ) ;
#8171 = ORIENTED_EDGE ( 'NONE', *, *, #3216, .F. ) ;
#8172 = CARTESIAN_POINT ( 'NONE',  ( 26.00635347795577701, -0.001000000000000024307, -6.523830892551230498 ) ) ;
#8173 = ORIENTED_EDGE ( 'NONE', *, *, #7474, .T. ) ;
#8174 = ORIENTED_EDGE ( 'NONE', *, *, #3263, .T. ) ;
#8175 = LINE ( 'NONE', #2821, #10166 ) ;
#8176 = LINE ( 'NONE', #1692, #6367 ) ;
#8177 = EDGE_CURVE ( 'NONE', #4875, #10846, #8979, .T. ) ;
#8178 = DIRECTION ( 'NONE',  ( 1.000000000000000000, 0.000000000000000000, 0.000000000000000000 ) ) ;
#8179 = CARTESIAN_POINT ( 'NONE',  ( 20.65000000000000213, 4.000000000000000000, 0.000000000000000000 ) ) ;
#8180 = EDGE_CURVE ( 'NONE', #5983, #8681, #1459, .T. ) ;
#8181 = DIRECTION ( 'NONE',  ( -0.000000000000000000, 1.000000000000000000, -0.000000000000000000 ) ) ;
#8182 = VECTOR ( 'NONE', #7532, 1000.000000000000000 ) ;
#8183 = LINE ( 'NONE', #5386, #4201 ) ;
#8184 = CARTESIAN_POINT ( 'NONE',  ( -50.20000000000000284, 3.000000000000000000, 2.580240547971449896E-14 ) ) ;
#8185 = CARTESIAN_POINT ( 'NONE',  ( -52.21641199541640077, 8.962518210258394902, 3.846616994043459137 ) ) ;
#8186 = VERTEX_POINT ( 'NONE', #9816 ) ;
#8187 = CARTESIAN_POINT ( 'NONE',  ( 21.96734517834434897, 4.999999999999999112, 21.96734517834455502 ) ) ;
#8188 = VECTOR ( 'NONE', #3653, 1000.000000000000000 ) ;
#8189 = EDGE_CURVE ( 'NONE', #5953, #7843, #10203, .T. ) ;
#8190 = ORIENTED_EDGE ( 'NONE', *, *, #5374, .F. ) ;
#8191 = LINE ( 'NONE', #8310, #10004 ) ;
#8192 = CARTESIAN_POINT ( 'NONE',  ( -2.000000000000008882, 14.00000000000000000, -13.85000000000018971 ) ) ;
#8193 = ADVANCED_FACE ( 'NONE', ( #6112 ), #724, .F. ) ;
#8194 = CARTESIAN_POINT ( 'NONE',  ( 22.81827201635470459, 4.999999999999999112, -10.08172798364529754 ) ) ;
#8195 = CARTESIAN_POINT ( 'NONE',  ( -39.57695776278952593, 4.003042131983495011, 12.36956634074368111 ) ) ;
#8196 = CARTESIAN_POINT ( 'NONE',  ( 1.104085060222564741E-15, 10.50000000000000000, 14.75000000000000355 ) ) ;
#8197 = ORIENTED_EDGE ( 'NONE', *, *, #4239, .F. ) ;
#8198 = EDGE_LOOP ( 'NONE', ( #7864, #10705, #11727, #634 ) ) ;
#8199 = VERTEX_POINT ( 'NONE', #10840 ) ;
#8200 = CIRCLE ( 'NONE', #7234, 0.1999999999999987899 ) ;
#8201 = DIRECTION ( 'NONE',  ( 0.000000000000000000, 0.000000000000000000, -1.000000000000000000 ) ) ;
#8202 = FACE_OUTER_BOUND ( 'NONE', #3643, .T. ) ;
#8203 = EDGE_CURVE ( 'NONE', #4041, #1089, #4686, .T. ) ;
#8204 = CARTESIAN_POINT ( 'NONE',  ( -52.21659773288867967, 8.964150433806803875, -3.844379067120736959 ) ) ;
#8205 = VECTOR ( 'NONE', #4810, 1000.000000000000000 ) ;
#8206 = DIRECTION ( 'NONE',  ( 0.000000000000000000, 0.000000000000000000, 1.000000000000000000 ) ) ;
#8207 = DIRECTION ( 'NONE',  ( 1.000000000000000000, 0.000000000000000000, -8.462065736472229849E-17 ) ) ;
#8208 = EDGE_CURVE ( 'NONE', #7783, #11478, #10715, .T. ) ;
#8209 = DIRECTION ( 'NONE',  ( -0.000000000000000000, -1.000000000000000000, 0.000000000000000000 ) ) ;
#8210 = ORIENTED_EDGE ( 'NONE', *, *, #9778, .F. ) ;
#8211 = DIRECTION ( 'NONE',  ( 0.000000000000000000, 1.000000000000000000, -0.000000000000000000 ) ) ;
#8212 = CARTESIAN_POINT ( 'NONE',  ( 22.20788180854700045, 0.2999999999999998779, -6.984828725824675288 ) ) ;
#8213 = VECTOR ( 'NONE', #7257, 1000.000000000000000 ) ;
#8214 = CARTESIAN_POINT ( 'NONE',  ( 30.35000000000000142, 0.5999999999999989786, -3.150000000000002576 ) ) ;
#8215 = ORIENTED_EDGE ( 'NONE', *, *, #131, .F. ) ;
#8216 = ORIENTED_EDGE ( 'NONE', *, *, #11356, .F. ) ;
#8217 = ORIENTED_EDGE ( 'NONE', *, *, #10096, .T. ) ;
#8218 = FACE_OUTER_BOUND ( 'NONE', #4592, .T. ) ;
#8219 = VERTEX_POINT ( 'NONE', #1773 ) ;
#8220 = LINE ( 'NONE', #11038, #8475 ) ;
#8221 = ORIENTED_EDGE ( 'NONE', *, *, #8488, .T. ) ;
#8222 = CARTESIAN_POINT ( 'NONE',  ( -52.00000000000002132, 16.50000000000000000, 6.749999999999946709 ) ) ;
#8223 = CARTESIAN_POINT ( 'NONE',  ( 25.46211131251741833, 0.02221052063481930225, -1.005995362929004822 ) ) ;
#8224 = VECTOR ( 'NONE', #8003, 1000.000000000000000 ) ;
#8225 = CARTESIAN_POINT ( 'NONE',  ( 3.099999999999990763, 12.50000000000000000, 13.35000000000019149 ) ) ;
#8226 = CARTESIAN_POINT ( 'NONE',  ( -52.00633014137983423, 7.778946080208921643, -4.350000000000211919 ) ) ;
#8227 = ORIENTED_EDGE ( 'NONE', *, *, #10164, .T. ) ;
#8228 = ORIENTED_EDGE ( 'NONE', *, *, #5217, .F. ) ;
#8229 = LINE ( 'NONE', #3704, #1892 ) ;
#8230 = ORIENTED_EDGE ( 'NONE', *, *, #10322, .F. ) ;
#8231 = EDGE_CURVE ( 'NONE', #7899, #11094, #4310, .T. ) ;
#8232 = DIRECTION ( 'NONE',  ( 0.000000000000000000, -1.000000000000000000, 0.000000000000000000 ) ) ;
#8233 = PLANE ( 'NONE',  #7708 ) ;
#8234 = ORIENTED_EDGE ( 'NONE', *, *, #2133, .F. ) ;
#8235 = CARTESIAN_POINT ( 'NONE',  ( 22.53039777241905384, 0.000000000000000000, -8.184264693320297823 ) ) ;
#8236 = VERTEX_POINT ( 'NONE', #1954 ) ;
#8237 = LINE ( 'NONE', #2880, #10016 ) ;
#8238 = CARTESIAN_POINT ( 'NONE',  ( -50.25000000000000711, 7.500000000000000000, 0.000000000000000000 ) ) ;
#8239 = PLANE ( 'NONE',  #8894 ) ;
#8240 = CARTESIAN_POINT ( 'NONE',  ( 22.81827201635470459, -1.697056274847719815, -10.68172798364529719 ) ) ;
#8241 = VERTEX_POINT ( 'NONE', #8148 ) ;
#8242 = EDGE_CURVE ( 'NONE', #9904, #7866, #10116, .T. ) ;
#8243 = CARTESIAN_POINT ( 'NONE',  ( -52.20955632327942197, 8.792356794820745947, 4.000050849198951042 ) ) ;
#8244 = ORIENTED_EDGE ( 'NONE', *, *, #5282, .F. ) ;
#8245 = AXIS2_PLACEMENT_3D ( 'NONE', #8609, #3131, #416 ) ;
#8246 = EDGE_CURVE ( 'NONE', #1308, #3851, #11074, .T. ) ;
#8247 = DIRECTION ( 'NONE',  ( 0.000000000000000000, 0.000000000000000000, 1.000000000000000000 ) ) ;
#8248 = VECTOR ( 'NONE', #6418, 1000.000000000000000 ) ;
#8249 = ORIENTED_EDGE ( 'NONE', *, *, #10632, .T. ) ;
#8250 = LINE ( 'NONE', #11063, #11532 ) ;
#8251 = CARTESIAN_POINT ( 'NONE',  ( -21.63608679191100137, 12.30000000000000071, 18.15483244721227152 ) ) ;
#8252 = CARTESIAN_POINT ( 'NONE',  ( 4.925331814053546354E-14, 10.50000000000000000, 13.55000000000018368 ) ) ;
#8253 = AXIS2_PLACEMENT_3D ( 'NONE', #10744, #9005, #7880 ) ;
#8254 = CARTESIAN_POINT ( 'NONE',  ( -39.66919264613325424, 3.999650464919335402, 12.27717671750640704 ) ) ;
#8255 = EDGE_CURVE ( 'NONE', #1402, #5708, #1278, .T. ) ;
#8256 = LINE ( 'NONE', #8196, #10313 ) ;
#8257 = ORIENTED_EDGE ( 'NONE', *, *, #10264, .T. ) ;
#8258 = ADVANCED_FACE ( 'NONE', ( #6470 ), #9219, .T. ) ;
#8259 = VECTOR ( 'NONE', #9063, 1000.000000000000000 ) ;
#8260 = VECTOR ( 'NONE', #10727, 1000.000000000000000 ) ;
#8261 = CARTESIAN_POINT ( 'NONE',  ( 22.95788180854702532, 0.2999999999999998779, 1.983866831501377215 ) ) ;
#8262 = LINE ( 'NONE', #2015, #7933 ) ;
#8263 = CARTESIAN_POINT ( 'NONE',  ( 31.04653291312207841, 0.1616762845543620875, -12.21801109171723709 ) ) ;
#8264 = CARTESIAN_POINT ( 'NONE',  ( -20.00000000000000355, 10.50000000000000000, 12.25000000000000178 ) ) ;
#8265 = ORIENTED_EDGE ( 'NONE', *, *, #10504, .F. ) ;
#8266 = VERTEX_POINT ( 'NONE', #5410 ) ;
#8267 = LINE ( 'NONE', #11140, #8205 ) ;
#8268 = CIRCLE ( 'NONE', #8459, 2.250000000000005329 ) ;
#8269 = CARTESIAN_POINT ( 'NONE',  ( 20.65000000000000213, 7.500000000000000000, 10.25000000000000178 ) ) ;
#8270 = ORIENTED_EDGE ( 'NONE', *, *, #10296, .F. ) ;
#8271 = EDGE_CURVE ( 'NONE', #2655, #1324, #6760, .T. ) ;
#8272 = FACE_OUTER_BOUND ( 'NONE', #8923, .T. ) ;
#8273 = VERTEX_POINT ( 'NONE', #6529 ) ;
#8274 = ADVANCED_FACE ( 'NONE', ( #5528 ), #8870, .T. ) ;
#8275 = EDGE_CURVE ( 'NONE', #1171, #454, #2966, .T. ) ;
#8276 = EDGE_LOOP ( 'NONE', ( #7892, #1026, #11252, #1264, #1548, #9007, #11640 ) ) ;
#8277 = ORIENTED_EDGE ( 'NONE', *, *, #5731, .F. ) ;
#8278 = DIRECTION ( 'NONE',  ( 0.000000000000000000, 1.000000000000000000, 0.000000000000000000 ) ) ;
#8279 = VERTEX_POINT ( 'NONE', #247 ) ;
#8280 = VECTOR ( 'NONE', #3196, 1000.000000000000000 ) ;
#8281 = CARTESIAN_POINT ( 'NONE',  ( -50.25000000000000711, 13.79999999999999893, 4.250000000000000000 ) ) ;
#8282 = VERTEX_POINT ( 'NONE', #3857 ) ;
#8283 = PLANE ( 'NONE',  #9362 ) ;
#8284 = CARTESIAN_POINT ( 'NONE',  ( 25.63856210340544095, 0.000000000000000000, -0.9494653044015723964 ) ) ;
#8285 = CARTESIAN_POINT ( 'NONE',  ( 47.49999999999997868, 0.000000000000000000, -11.75000000000000000 ) ) ;
#8286 = APPLICATION_PROTOCOL_DEFINITION ( 'draft international standard', 'automotive_design', 1998, #9548 ) ;
#8287 = DIRECTION ( 'NONE',  ( 0.8660254037844390407, -0.000000000000000000, 0.4999999999999994449 ) ) ;
#8288 = ORIENTED_EDGE ( 'NONE', *, *, #5171, .T. ) ;
#8289 = EDGE_CURVE ( 'NONE', #470, #9726, #84, .T. ) ;
#8290 = AXIS2_PLACEMENT_3D ( 'NONE', #11489, #10599, #2429 ) ;
#8291 = CARTESIAN_POINT ( 'NONE',  ( 50.24999999999999289, 9.300000000000000711, -2.500000000000000444 ) ) ;
#8292 = CIRCLE ( 'NONE', #4108, 1.300000000000000711 ) ;
#8293 = ORIENTED_EDGE ( 'NONE', *, *, #6709, .F. ) ;
#8294 = CARTESIAN_POINT ( 'NONE',  ( -20.00000000000001066, 14.00000000000000000, -13.55000000000001670 ) ) ;
#8295 = DIRECTION ( 'NONE',  ( 0.000000000000000000, 0.000000000000000000, -1.000000000000000000 ) ) ;
#8296 = CARTESIAN_POINT ( 'NONE',  ( 41.25000000000000711, 7.500000000000000000, 10.25000000000000178 ) ) ;
#8297 = VERTEX_POINT ( 'NONE', #11133 ) ;
#8298 = ORIENTED_EDGE ( 'NONE', *, *, #2084, .F. ) ;
#8299 = CIRCLE ( 'NONE', #4503, 2.000000000000000000 ) ;
#8300 = LINE ( 'NONE', #175, #709 ) ;
#8301 = CIRCLE ( 'NONE', #6385, 2.450000000000000622 ) ;
#8302 = CARTESIAN_POINT ( 'NONE',  ( -37.29999999999999716, 4.000000000000000000, 12.25000000000000000 ) ) ;
#8303 = CARTESIAN_POINT ( 'NONE',  ( 41.25000000000000711, 7.500000000000000000, 12.25000000000000178 ) ) ;
#8304 = DIRECTION ( 'NONE',  ( 0.000000000000000000, 0.000000000000000000, -1.000000000000000000 ) ) ;
#8305 = VECTOR ( 'NONE', #1044, 1000.000000000000000 ) ;
#8306 = ORIENTED_EDGE ( 'NONE', *, *, #9045, .T. ) ;
#8307 = VECTOR ( 'NONE', #2171, 1000.000000000000000 ) ;
#8308 = CARTESIAN_POINT ( 'NONE',  ( -42.50000000000000000, 4.000000000000000000, -12.25000000000000000 ) ) ;
#8309 = ORIENTED_EDGE ( 'NONE', *, *, #11419, .F. ) ;
#8310 = CARTESIAN_POINT ( 'NONE',  ( -39.55000000000000426, 0.000000000000000000, 12.50000000000000000 ) ) ;
#8311 = CARTESIAN_POINT ( 'NONE',  ( 31.56227335658561728, 0.3736556885516787996, -12.08003831723767618 ) ) ;
#8312 = CARTESIAN_POINT ( 'NONE',  ( -39.55000000000000426, 4.015686516701556741, 12.50000000000000000 ) ) ;
#8313 = EDGE_CURVE ( 'NONE', #341, #9298, #9934, .T. ) ;
#8314 = VECTOR ( 'NONE', #3375, 1000.000000000000000 ) ;
#8315 = CIRCLE ( 'NONE', #8703, 3.000000000000000000 ) ;
#8316 = CARTESIAN_POINT ( 'NONE',  ( 47.49999999999994316, 7.500000000000000000, 14.75000000000000000 ) ) ;
#8317 = ADVANCED_FACE ( 'NONE', ( #2849 ), #9037, .T. ) ;
#8318 = CARTESIAN_POINT ( 'NONE',  ( -45.19999999999999574, 16.50000000000000000, 6.750000000000006217 ) ) ;
#8319 = EDGE_CURVE ( 'NONE', #6679, #4041, #26, .T. ) ;
#8320 = CARTESIAN_POINT ( 'NONE',  ( 0.000000000000000000, 10.50000000000000000, -14.75000000000000355 ) ) ;
#8321 = VERTEX_POINT ( 'NONE', #6348 ) ;
#8322 = ORIENTED_EDGE ( 'NONE', *, *, #8649, .F. ) ;
#8323 = DIRECTION ( 'NONE',  ( -1.000000000000000000, 0.000000000000000000, -0.000000000000000000 ) ) ;
#8324 = LINE ( 'NONE', #5752, #10035 ) ;
#8325 = CARTESIAN_POINT ( 'NONE',  ( -37.29999999999999716, 4.000000000000000000, -12.25000000000000000 ) ) ;
#8326 = LINE ( 'NONE', #1135, #809 ) ;
#8327 = ADVANCED_FACE ( 'NONE', ( #9993 ), #1839, .T. ) ;
#8328 = CARTESIAN_POINT ( 'NONE',  ( -42.40000000000000568, 13.29999999999999893, 12.25000000000000000 ) ) ;
#8329 = EDGE_CURVE ( 'NONE', #10502, #7639, #1585, .T. ) ;
#8330 = ORIENTED_EDGE ( 'NONE', *, *, #3596, .T. ) ;
#8331 = CARTESIAN_POINT ( 'NONE',  ( -52.25000000000001421, 9.799999999999998934, 2.449999999999999734 ) ) ;
#8332 = DIRECTION ( 'NONE',  ( 1.000000000000000000, 0.000000000000000000, -3.634931228083748646E-15 ) ) ;
#8333 = ORIENTED_EDGE ( 'NONE', *, *, #5791, .T. ) ;
#8334 = DIRECTION ( 'NONE',  ( -0.000000000000000000, -1.000000000000000000, -0.000000000000000000 ) ) ;
#8335 = ORIENTED_EDGE ( 'NONE', *, *, #8474, .F. ) ;
#8336 = ORIENTED_EDGE ( 'NONE', *, *, #200, .F. ) ;
#8337 = CARTESIAN_POINT ( 'NONE',  ( -39.80000000000000426, 0.000000000000000000, 12.50000000000000000 ) ) ;
#8338 = ORIENTED_EDGE ( 'NONE', *, *, #640, .T. ) ;
#8339 = DIRECTION ( 'NONE',  ( 0.000000000000000000, 0.000000000000000000, 1.000000000000000000 ) ) ;
#8340 = ORIENTED_EDGE ( 'NONE', *, *, #2191, .F. ) ;
#8341 = LINE ( 'NONE', #3939, #2137 ) ;
#8342 = EDGE_CURVE ( 'NONE', #10156, #55, #1899, .T. ) ;
#8343 = CARTESIAN_POINT ( 'NONE',  ( -52.21634906207967219, 6.777009259197114943, -3.782850090902799334 ) ) ;
#8344 = ADVANCED_FACE ( 'NONE', ( #6821 ), #5039, .T. ) ;
#8345 = CARTESIAN_POINT ( 'NONE',  ( -51.95000000000001705, 6.759441431135775780, -3.989161493915593049 ) ) ;
#8346 = ORIENTED_EDGE ( 'NONE', *, *, #3746, .F. ) ;
#8347 = VERTEX_POINT ( 'NONE', #9339 ) ;
#8348 = CARTESIAN_POINT ( 'NONE',  ( 51.95000000000000284, 9.300000000000000711, -1.700000000000000844 ) ) ;
#8349 = CARTESIAN_POINT ( 'NONE',  ( -42.56613167787453733, 3.999999999999999112, -12.24999999999999467 ) ) ;
#8350 = ORIENTED_EDGE ( 'NONE', *, *, #6666, .T. ) ;
#8351 = DIRECTION ( 'NONE',  ( -0.5000000000000003331, 0.000000000000000000, -0.8660254037844384856 ) ) ;
#8352 = DIRECTION ( 'NONE',  ( -0.000000000000000000, -1.000000000000000000, 0.000000000000000000 ) ) ;
#8353 = EDGE_CURVE ( 'NONE', #7280, #3616, #5806, .T. ) ;
#8354 = CARTESIAN_POINT ( 'NONE',  ( -42.33386832212548967, 3.999999999999999112, 12.24999999999999467 ) ) ;
#8355 = DIRECTION ( 'NONE',  ( 0.000000000000000000, 0.000000000000000000, 1.000000000000000000 ) ) ;
#8356 = ORIENTED_EDGE ( 'NONE', *, *, #2896, .F. ) ;
#8357 = VECTOR ( 'NONE', #7431, 1000.000000000000000 ) ;
#8358 = LINE ( 'NONE', #9253, #1663 ) ;
#8359 = ADVANCED_FACE ( 'NONE', ( #477 ), #4865, .T. ) ;
#8360 = DIRECTION ( 'NONE',  ( -0.9999759082404062749, 0.006941393143631658345, 8.461861870418839154E-17 ) ) ;
#8361 = DIRECTION ( 'NONE',  ( 1.000000000000000000, -0.000000000000000000, -9.856182124392324236E-16 ) ) ;
#8362 = LINE ( 'NONE', #232, #11678 ) ;
#8363 = VERTEX_POINT ( 'NONE', #8676 ) ;
#8364 = CARTESIAN_POINT ( 'NONE',  ( 34.69364652204422583, 0.5999999999999989786, 0.2238308925512338399 ) ) ;
#8365 = CARTESIAN_POINT ( 'NONE',  ( -52.40568058483291480, 8.984780085661506988, -3.641416195903035113 ) ) ;
#8366 = CARTESIAN_POINT ( 'NONE',  ( -42.15000000000000568, 0.000000000000000000, 0.000000000000000000 ) ) ;
#8367 = DIRECTION ( 'NONE',  ( 1.000000000000000000, 0.000000000000000000, 7.304098846218136886E-17 ) ) ;
#8368 = CARTESIAN_POINT ( 'NONE',  ( 45.25000000000000711, 5.500000000000000000, 8.250000000000003553 ) ) ;
#8369 = CARTESIAN_POINT ( 'NONE',  ( 41.25000000000000711, 5.500000000000000000, 8.250000000000001776 ) ) ;
#8370 = DIRECTION ( 'NONE',  ( -1.000000000000000000, 0.000000000000000000, 0.000000000000000000 ) ) ;
#8371 = VECTOR ( 'NONE', #11589, 1000.000000000000000 ) ;
#8372 = ORIENTED_EDGE ( 'NONE', *, *, #5789, .T. ) ;
#8373 = ORIENTED_EDGE ( 'NONE', *, *, #9258, .T. ) ;
#8374 = CARTESIAN_POINT ( 'NONE',  ( -37.43096821607127112, 3.999650892192144536, 12.27727016374981694 ) ) ;
#8375 = ADVANCED_FACE ( 'NONE', ( #7790 ), #9463, .F. ) ;
#8376 = LINE ( 'NONE', #9458, #8280 ) ;
#8377 = ORIENTED_EDGE ( 'NONE', *, *, #7909, .F. ) ;
#8378 = DIRECTION ( 'NONE',  ( 1.000000000000000000, 0.000000000000000000, 0.000000000000000000 ) ) ;
#8379 = DIRECTION ( 'NONE',  ( 0.000000000000000000, 1.000000000000000000, -0.000000000000000000 ) ) ;
#8380 = DIRECTION ( 'NONE',  ( -9.856182124392324236E-16, 0.000000000000000000, -1.000000000000000000 ) ) ;
#8381 = AXIS2_PLACEMENT_3D ( 'NONE', #8152, #3496, #30 ) ;
#8382 = ORIENTED_EDGE ( 'NONE', *, *, #6849, .F. ) ;
#8383 = CARTESIAN_POINT ( 'NONE',  ( -52.35969694218100301, 7.189433048167249929, -4.018813364945269306 ) ) ;
#8384 = CARTESIAN_POINT ( 'NONE',  ( -44.75000000000001421, 4.007420769103569924, -12.43439266236709173 ) ) ;
#8385 = DIRECTION ( 'NONE',  ( 0.000000000000000000, 0.000000000000000000, -1.000000000000000000 ) ) ;
#8386 = LINE ( 'NONE', #6477, #8712 ) ;
#8387 = ORIENTED_EDGE ( 'NONE', *, *, #6962, .F. ) ;
#8388 = VERTEX_POINT ( 'NONE', #4979 ) ;
#8389 = ADVANCED_FACE ( 'NONE', ( #1315 ), #6591, .F. ) ;
#8390 = VECTOR ( 'NONE', #7489, 1000.000000000000000 ) ;
#8391 = ORIENTED_EDGE ( 'NONE', *, *, #9404, .F. ) ;
#8392 = ADVANCED_FACE ( 'NONE', ( #370 ), #7656, .T. ) ;
#8393 = CARTESIAN_POINT ( 'NONE',  ( -52.22340835089975997, 6.705390757595137252, 3.692296232791105304 ) ) ;
#8394 = ORIENTED_EDGE ( 'NONE', *, *, #7010, .F. ) ;
#8395 = DIRECTION ( 'NONE',  ( 0.000000000000000000, 0.000000000000000000, 1.000000000000000000 ) ) ;
#8396 = EDGE_LOOP ( 'NONE', ( #6490, #5127, #2537, #4371 ) ) ;
#8397 = DIRECTION ( 'NONE',  ( 0.000000000000000000, 0.000000000000000000, 1.000000000000000000 ) ) ;
#8398 = CARTESIAN_POINT ( 'NONE',  ( -34.70000000000000284, 4.000000000000000000, 12.25000000000000178 ) ) ;
#8399 = CARTESIAN_POINT ( 'NONE',  ( 0.000000000000000000, 14.00000000000000000, 0.000000000000000000 ) ) ;
#8400 = AXIS2_PLACEMENT_3D ( 'NONE', #3762, #11040, #3511 ) ;
#8401 = B_SPLINE_CURVE_WITH_KNOTS ( 'NONE', 3,
 ( #9071, #6873, #53, #2696, #7267, #3, #3592, #5442 ),
 .UNSPECIFIED., .F., .F.,
 ( 4, 2, 2, 4 ),
 ( 0.000000000000000000, 0.0001457105025354530150, 0.0002914210050709060301, 0.0005828420101418120601 ),
 .UNSPECIFIED. ) ;
#8402 = LINE ( 'NONE', #217, #11390 ) ;
#8403 = ORIENTED_EDGE ( 'NONE', *, *, #5844, .F. ) ;
#8404 = VERTEX_POINT ( 'NONE', #1194 ) ;
#8405 = DIRECTION ( 'NONE',  ( -1.000000000000000000, 0.000000000000000000, 0.000000000000000000 ) ) ;
#8406 = ADVANCED_FACE ( 'NONE', ( #9579 ), #4029, .F. ) ;
#8407 = LINE ( 'NONE', #2154, #7675 ) ;
#8408 = ORIENTED_EDGE ( 'NONE', *, *, #4206, .T. ) ;
#8409 = ADVANCED_FACE ( 'NONE', ( #10239 ), #5248, .T. ) ;
#8410 = LINE ( 'NONE', #4605, #478 ) ;
#8411 = AXIS2_PLACEMENT_3D ( 'NONE', #1833, #9989, #2783 ) ;
#8412 = CARTESIAN_POINT ( 'NONE',  ( 26.00635347795579477, 0.2999999999999998779, 0.2238308925512702552 ) ) ;
#8413 = DIRECTION ( 'NONE',  ( 0.000000000000000000, 0.000000000000000000, 1.000000000000000000 ) ) ;
#8414 = ORIENTED_EDGE ( 'NONE', *, *, #4815, .F. ) ;
#8415 = EDGE_LOOP ( 'NONE', ( #11325, #1801, #1785, #535 ) ) ;
#8416 = FACE_BOUND ( 'NONE', #851, .T. ) ;
#8417 = CARTESIAN_POINT ( 'NONE',  ( -42.14999999999913172, 13.29257972656639097, -12.43438872810979490 ) ) ;
#8418 = DIRECTION ( 'NONE',  ( 0.000000000000000000, 0.000000000000000000, -1.000000000000000000 ) ) ;
#8419 = EDGE_CURVE ( 'NONE', #2025, #3808, #7721, .T. ) ;
#8420 = VERTEX_POINT ( 'NONE', #6756 ) ;
#8421 = EDGE_CURVE ( 'NONE', #9260, #4312, #2960, .T. ) ;
#8422 = FACE_OUTER_BOUND ( 'NONE', #11286, .T. ) ;
#8423 = ORIENTED_EDGE ( 'NONE', *, *, #4405, .F. ) ;
#8424 = FACE_OUTER_BOUND ( 'NONE', #2342, .T. ) ;
#8425 = PLANE ( 'NONE',  #8110 ) ;
#8426 = DIRECTION ( 'NONE',  ( -8.673617379884087537E-15, 0.000000000000000000, -1.000000000000000000 ) ) ;
#8427 = DIRECTION ( 'NONE',  ( 0.000000000000000000, 0.000000000000000000, -1.000000000000000000 ) ) ;
#8428 = CARTESIAN_POINT ( 'NONE',  ( 38.49211819145298108, 0.5999999999999989786, -6.984828725824717921 ) ) ;
#8429 = VECTOR ( 'NONE', #10341, 1000.000000000000000 ) ;
#8430 = AXIS2_PLACEMENT_3D ( 'NONE', #2989, #1279, #7330 ) ;
#8431 = LINE ( 'NONE', #10338, #2260 ) ;
#8432 = VERTEX_POINT ( 'NONE', #11373 ) ;
#8433 = VERTEX_POINT ( 'NONE', #11201 ) ;
#8434 = LINE ( 'NONE', #9392, #5763 ) ;
#8435 = DIRECTION ( 'NONE',  ( 0.000000000000000000, 0.000000000000000000, 1.000000000000000000 ) ) ;
#8436 = VERTEX_POINT ( 'NONE', #3199 ) ;
#8437 = LINE ( 'NONE', #6641, #9462 ) ;
#8438 = CARTESIAN_POINT ( 'NONE',  ( 50.24999999999999289, 10.80000000000000071, -3.299999999999999378 ) ) ;
#8439 = VECTOR ( 'NONE', #10807, 1000.000000000000000 ) ;
#8440 = DIRECTION ( 'NONE',  ( 1.000000000000000000, -8.326672684688674053E-16, 0.000000000000000000 ) ) ;
#8441 = ORIENTED_EDGE ( 'NONE', *, *, #4923, .F. ) ;
#8442 = CARTESIAN_POINT ( 'NONE',  ( -2.000000000000008882, 12.50000000000000000, -14.75000000000000178 ) ) ;
#8443 = ORIENTED_EDGE ( 'NONE', *, *, #355, .T. ) ;
#8444 = CARTESIAN_POINT ( 'NONE',  ( 22.95788180854702532, 0.5999999999999989786, 1.983866831501377215 ) ) ;
#8445 = CYLINDRICAL_SURFACE ( 'NONE', #7592, 8.000000000000000000 ) ;
#8446 = CARTESIAN_POINT ( 'NONE',  ( 22.20788180854700045, -0.001000000000000024307, -6.984828725824675288 ) ) ;
#8447 = ORIENTED_EDGE ( 'NONE', *, *, #10249, .F. ) ;
#8448 = EDGE_LOOP ( 'NONE', ( #11098, #8616, #4448, #5051 ) ) ;
#8449 = AXIS2_PLACEMENT_3D ( 'NONE', #850, #9827, #7863 ) ;
#8450 = ORIENTED_EDGE ( 'NONE', *, *, #2425, .T. ) ;
#8451 = EDGE_LOOP ( 'NONE', ( #9918, #11131, #3625, #431 ) ) ;
#8452 = DIRECTION ( 'NONE',  ( 2.775557561562884725E-14, 0.000000000000000000, 1.000000000000000000 ) ) ;
#8453 = ORIENTED_EDGE ( 'NONE', *, *, #6271, .F. ) ;
#8454 = DIRECTION ( 'NONE',  ( -1.000000000000000000, 0.000000000000000000, 8.462065736472229849E-17 ) ) ;
#8455 = ORIENTED_EDGE ( 'NONE', *, *, #4393, .F. ) ;
#8456 = CARTESIAN_POINT ( 'NONE',  ( -20.00000000000001066, 15.50000000000000000, 2.352167425053299574E-15 ) ) ;
#8457 = CIRCLE ( 'NONE', #11506, 0.6000000000000007550 ) ;
#8458 = CARTESIAN_POINT ( 'NONE',  ( 33.77558774588928969, 5.421010862427522170E-17, -11.47258064516129217 ) ) ;
#8459 = AXIS2_PLACEMENT_3D ( 'NONE', #492, #10480, #8452 ) ;
#8460 = EDGE_CURVE ( 'NONE', #10730, #10517, #10469, .T. ) ;
#8461 = DIRECTION ( 'NONE',  ( -0.8660254037844384856, -0.000000000000000000, -0.5000000000000003331 ) ) ;
#8462 = ORIENTED_EDGE ( 'NONE', *, *, #7432, .T. ) ;
#8463 = ORIENTED_EDGE ( 'NONE', *, *, #3518, .F. ) ;
#8464 = EDGE_CURVE ( 'NONE', #7596, #3524, #4155, .T. ) ;
#8465 = DIRECTION ( 'NONE',  ( -1.176083712526649195E-16, 0.000000000000000000, -1.000000000000000000 ) ) ;
#8466 = ADVANCED_FACE ( 'NONE', ( #7605 ), #1590, .F. ) ;
#8467 = CIRCLE ( 'NONE', #4098, 2.750000000000000888 ) ;
#8468 = CARTESIAN_POINT ( 'NONE',  ( -34.55000000000001137, 4.000000000000000000, -11.05000000000001137 ) ) ;
#8469 = CARTESIAN_POINT ( 'NONE',  ( -20.00000000000001066, 8.500000000000000000, 2.352167425053299179E-15 ) ) ;
#8470 = CARTESIAN_POINT ( 'NONE',  ( -52.41872069990385796, 9.047606358319624675, -3.546286172565186412 ) ) ;
#8471 = VERTEX_POINT ( 'NONE', #6157 ) ;
#8472 = ORIENTED_EDGE ( 'NONE', *, *, #9203, .T. ) ;
#8473 = DIRECTION ( 'NONE',  ( 0.000000000000000000, 1.000000000000000000, 0.000000000000000000 ) ) ;
#8474 = EDGE_CURVE ( 'NONE', #4054, #521, #524, .T. ) ;
#8475 = VECTOR ( 'NONE', #97, 1000.000000000000000 ) ;
#8476 = DIRECTION ( 'NONE',  ( -1.000000000000000000, 0.000000000000000000, 2.891205793294712938E-15 ) ) ;
#8477 = ADVANCED_FACE ( 'NONE', ( #9803 ), #2422, .F. ) ;
#8478 = CYLINDRICAL_SURFACE ( 'NONE', #4450, 0.6000000000000007550 ) ;
#8479 = DIRECTION ( 'NONE',  ( 0.000000000000000000, 1.000000000000000000, -0.000000000000000000 ) ) ;
#8480 = VERTEX_POINT ( 'NONE', #4216 ) ;
#8481 = CARTESIAN_POINT ( 'NONE',  ( 51.95000000000000284, 10.50000000000000000, 4.000000000000000000 ) ) ;
#8482 = VECTOR ( 'NONE', #4566, 1000.000000000000000 ) ;
#8483 = AXIS2_PLACEMENT_3D ( 'NONE', #1375, #487, #3088 ) ;
#8484 = VECTOR ( 'NONE', #885, 999.9999999999998863 ) ;
#8485 = DIRECTION ( 'NONE',  ( 1.000000000000000000, -0.000000000000000000, 0.000000000000000000 ) ) ;
#8486 = CARTESIAN_POINT ( 'NONE',  ( 0.5999999999999912070, 12.50000000000000000, 13.55000000000000071 ) ) ;
#8487 = PLANE ( 'NONE',  #4518 ) ;
#8488 = EDGE_CURVE ( 'NONE', #2816, #6620, #7401, .T. ) ;
#8489 = CARTESIAN_POINT ( 'NONE',  ( -42.75000000000000000, 11.29999999999999716, 12.25000000000000000 ) ) ;
#8490 = EDGE_CURVE ( 'NONE', #9113, #2952, #11598, .T. ) ;
#8491 = AXIS2_PLACEMENT_3D ( 'NONE', #7516, #9128, #6321 ) ;
#8492 = CIRCLE ( 'NONE', #7925, 5.250000000000006217 ) ;
#8493 = ORIENTED_EDGE ( 'NONE', *, *, #3540, .T. ) ;
#8494 = DIRECTION ( 'NONE',  ( 0.000000000000000000, 1.000000000000000000, -0.000000000000000000 ) ) ;
#8495 = VERTEX_POINT ( 'NONE', #8915 ) ;
#8496 = ORIENTED_EDGE ( 'NONE', *, *, #6767, .F. ) ;
#8497 = CARTESIAN_POINT ( 'NONE',  ( 20.65000000000000213, 5.500000000000000000, 10.25000000000000178 ) ) ;
#8498 = CARTESIAN_POINT ( 'NONE',  ( -52.36525618977440644, 8.704064449149694127, 3.968456183257643932 ) ) ;
#8499 = CARTESIAN_POINT ( 'NONE',  ( -34.55000000000001137, 4.000000000000000000, -10.05000000000001137 ) ) ;
#8500 = VERTEX_POINT ( 'NONE', #8855 ) ;
#8501 = DIRECTION ( 'NONE',  ( 0.000000000000000000, 0.000000000000000000, 1.000000000000000000 ) ) ;
#8502 = VECTOR ( 'NONE', #6018, 1000.000000000000000 ) ;
#8503 = CIRCLE ( 'NONE', #10604, 2.000000000000000000 ) ;
#8504 = DIRECTION ( 'NONE',  ( 0.000000000000000000, -1.000000000000000000, 1.865294060190115224E-16 ) ) ;
#8505 = ORIENTED_EDGE ( 'NONE', *, *, #8143, .T. ) ;
#8506 = PLANE ( 'NONE',  #10783 ) ;
#8507 = VERTEX_POINT ( 'NONE', #2594 ) ;
#8508 = CARTESIAN_POINT ( 'NONE',  ( 20.65000000000000213, 4.000000000000000000, 12.25000000000000533 ) ) ;
#8509 = EDGE_CURVE ( 'NONE', #9135, #2309, #5340, .T. ) ;
#8510 = CARTESIAN_POINT ( 'NONE',  ( 3.099999999999991651, 14.00000000000000000, 13.45000000000019114 ) ) ;
#8511 = LINE ( 'NONE', #3264, #1523 ) ;
#8512 = VECTOR ( 'NONE', #4852, 1000.000000000000000 ) ;
#8513 = CARTESIAN_POINT ( 'NONE',  ( -37.36613081906460110, 13.29999999999999893, -12.25000000000000178 ) ) ;
#8514 = ORIENTED_EDGE ( 'NONE', *, *, #8289, .T. ) ;
#8515 = VECTOR ( 'NONE', #3480, 1000.000000000000000 ) ;
#8516 = VERTEX_POINT ( 'NONE', #3425 ) ;
#8517 = ORIENTED_EDGE ( 'NONE', *, *, #1052, .T. ) ;
#8518 = VECTOR ( 'NONE', #738, 1000.000000000000000 ) ;
#8519 = CARTESIAN_POINT ( 'NONE',  ( 31.09999999999998366, 0.2531612188914919570, -8.598623679425841715 ) ) ;
#8520 = LINE ( 'NONE', #4995, #5625 ) ;
#8521 = ORIENTED_EDGE ( 'NONE', *, *, #1791, .F. ) ;
#8522 = LINE ( 'NONE', #9358, #1378 ) ;
#8523 = VECTOR ( 'NONE', #1621, 1000.000000000000000 ) ;
#8524 = DIRECTION ( 'NONE',  ( -1.000000000000000000, 0.000000000000000000, 0.000000000000000000 ) ) ;
#8525 = CYLINDRICAL_SURFACE ( 'NONE', #5172, 0.1999999999999987899 ) ;
#8526 = DIRECTION ( 'NONE',  ( -0.4999999999999997780, 0.000000000000000000, 0.8660254037844388186 ) ) ;
#8527 = ORIENTED_EDGE ( 'NONE', *, *, #2806, .T. ) ;
#8528 = DIRECTION ( 'NONE',  ( -0.000000000000000000, 1.000000000000000000, -0.000000000000000000 ) ) ;
#8529 = CARTESIAN_POINT ( 'NONE',  ( -25.50000000000004263, 12.30000000000000071, 6.805453636524403956E-14 ) ) ;
#8530 = CARTESIAN_POINT ( 'NONE',  ( -2.000000000000008882, 12.50000000000000000, -13.35000000000018971 ) ) ;
#8531 = ADVANCED_FACE ( 'NONE', ( #2359 ), #770, .T. ) ;
#8532 = VERTEX_POINT ( 'NONE', #2529 ) ;
#8533 = CARTESIAN_POINT ( 'NONE',  ( -42.35139740797688290, 3.110860675435381140, 8.955151217622352888 ) ) ;
#8534 = EDGE_CURVE ( 'NONE', #8347, #7569, #8301, .T. ) ;
#8535 = PLANE ( 'NONE',  #4318 ) ;
#8536 = ORIENTED_EDGE ( 'NONE', *, *, #5717, .F. ) ;
#8537 = ORIENTED_EDGE ( 'NONE', *, *, #3467, .F. ) ;
#8538 = CARTESIAN_POINT ( 'NONE',  ( 43.49999999999999289, 7.500000000000000000, 0.000000000000000000 ) ) ;
#8539 = DIRECTION ( 'NONE',  ( 0.000000000000000000, 0.000000000000000000, 1.000000000000000000 ) ) ;
#8540 = CARTESIAN_POINT ( 'NONE',  ( 26.00921413079556288, 0.2077789836488303232, 0.2091609203995792310 ) ) ;
#8541 = AXIS2_PLACEMENT_3D ( 'NONE', #3454, #5183, #11757 ) ;
#8542 = ORIENTED_EDGE ( 'NONE', *, *, #3689, .T. ) ;
#8543 = DIRECTION ( 'NONE',  ( 0.8660254037844384856, 0.000000000000000000, -0.5000000000000003331 ) ) ;
#8544 = EDGE_CURVE ( 'NONE', #3808, #1708, #7046, .T. ) ;
#8545 = ADVANCED_FACE ( 'NONE', ( #8014 ), #11658, .F. ) ;
#8546 = ORIENTED_EDGE ( 'NONE', *, *, #10460, .T. ) ;
#8547 = CARTESIAN_POINT ( 'NONE',  ( -42.50000000000000000, 4.000000000000000000, 12.25000000000000000 ) ) ;
#8548 = CARTESIAN_POINT ( 'NONE',  ( -42.40000000000000568, 15.50000000000000000, -12.50000000000000000 ) ) ;
#8549 = CARTESIAN_POINT ( 'NONE',  ( 50.25000000000000000, 15.50000000000000000, -9.499999999999978684 ) ) ;
#8550 = PLANE ( 'NONE',  #7812 ) ;
#8551 = CIRCLE ( 'NONE', #3799, 0.2000000000000003442 ) ;
#8552 = LINE ( 'NONE', #412, #1332 ) ;
#8553 = ORIENTED_EDGE ( 'NONE', *, *, #481, .T. ) ;
#8554 = ORIENTED_EDGE ( 'NONE', *, *, #510, .F. ) ;
#8555 = DIRECTION ( 'NONE',  ( -0.000000000000000000, -1.000000000000000000, -0.000000000000000000 ) ) ;
#8556 = EDGE_CURVE ( 'NONE', #2220, #11654, #1707, .T. ) ;
#8557 = EDGE_CURVE ( 'NONE', #5365, #7378, #2006, .T. ) ;
#8558 = CARTESIAN_POINT ( 'NONE',  ( -52.00000000000001421, 16.50000000000000000, -6.749999999999950262 ) ) ;
#8559 = ORIENTED_EDGE ( 'NONE', *, *, #10887, .F. ) ;
#8560 = LINE ( 'NONE', #2418, #3950 ) ;
#8561 = CARTESIAN_POINT ( 'NONE',  ( 43.25000000000000711, 5.500000000000000888, -7.250000000000000888 ) ) ;
#8562 = DIRECTION ( 'NONE',  ( 0.000000000000000000, 0.000000000000000000, 1.000000000000000000 ) ) ;
#8563 = DIRECTION ( 'NONE',  ( -0.000000000000000000, -1.000000000000000000, -0.000000000000000000 ) ) ;
#8564 = ORIENTED_EDGE ( 'NONE', *, *, #10688, .F. ) ;
#8565 = CARTESIAN_POINT ( 'NONE',  ( -52.38358488462046836, 6.943484401221970082, -3.811814397759207385 ) ) ;
#8566 = DIRECTION ( 'NONE',  ( 0.000000000000000000, 1.000000000000000000, 0.000000000000000000 ) ) ;
#8567 = CARTESIAN_POINT ( 'NONE',  ( 29.59999999999998010, 3.000000000000000000, -11.75000000000000355 ) ) ;
#8568 = LINE ( 'NONE', #5101, #1826 ) ;
#8569 = ORIENTED_EDGE ( 'NONE', *, *, #3014, .F. ) ;
#8570 = EDGE_CURVE ( 'NONE', #3577, #8321, #3923, .T. ) ;
#8571 = ORIENTED_EDGE ( 'NONE', *, *, #785, .F. ) ;
#8572 = EDGE_CURVE ( 'NONE', #261, #1883, #7917, .T. ) ;
#8573 = CARTESIAN_POINT ( 'NONE',  ( -52.22340835089975997, 9.094609242404857241, 3.692296232791101751 ) ) ;
#8574 = CARTESIAN_POINT ( 'NONE',  ( -8.000000000000008882, 12.30000000000000071, 14.45000000000000107 ) ) ;
#8575 = CARTESIAN_POINT ( 'NONE',  ( 30.35000000000000142, 0.2999999999999999889, -3.150000000000002576 ) ) ;
#8576 = VERTEX_POINT ( 'NONE', #5459 ) ;
#8577 = CARTESIAN_POINT ( 'NONE',  ( -50.26009100529732621, 8.108448862003687196, 4.349945885120900968 ) ) ;
#8578 = CARTESIAN_POINT ( 'NONE',  ( 2.099999999999991207, 14.00000000000000000, 13.35000000000019149 ) ) ;
#8579 = LINE ( 'NONE', #4114, #5269 ) ;
#8580 = LINE ( 'NONE', #10367, #10132 ) ;
#8581 = DIRECTION ( 'NONE',  ( -0.6427876096865379196, -0.000000000000000000, -0.7660444431189792347 ) ) ;
#8582 = ORIENTED_EDGE ( 'NONE', *, *, #11684, .T. ) ;
#8583 = LINE ( 'NONE', #1505, #8170 ) ;
#8584 = PLANE ( 'NONE',  #8637 ) ;
#8585 = ORIENTED_EDGE ( 'NONE', *, *, #7981, .T. ) ;
#8586 = CARTESIAN_POINT ( 'NONE',  ( -50.25000000000000711, 4.000000000000000000, 0.000000000000000000 ) ) ;
#8587 = CARTESIAN_POINT ( 'NONE',  ( -52.40568058483292901, 8.984780085661590476, 3.641416195902962283 ) ) ;
#8588 = CIRCLE ( 'NONE', #617, 1.900000000000000577 ) ;
#8589 = ORIENTED_EDGE ( 'NONE', *, *, #448, .T. ) ;
#8590 = ORIENTED_EDGE ( 'NONE', *, *, #9671, .F. ) ;
#8591 = CARTESIAN_POINT ( 'NONE',  ( -51.95000000000000995, 9.799999999999998934, 2.449999999999999734 ) ) ;
#8592 = DIRECTION ( 'NONE',  ( 0.000000000000000000, 1.000000000000000000, 0.000000000000000000 ) ) ;
#8593 = CARTESIAN_POINT ( 'NONE',  ( 51.95000000000000284, 10.50000000000000000, 0.000000000000000000 ) ) ;
#8594 = VERTEX_POINT ( 'NONE', #9978 ) ;
#8595 = VECTOR ( 'NONE', #10310, 1000.000000000000000 ) ;
#8596 = ORIENTED_EDGE ( 'NONE', *, *, #6767, .T. ) ;
#8597 = FACE_OUTER_BOUND ( 'NONE', #2535, .T. ) ;
#8598 = DIRECTION ( 'NONE',  ( 0.000000000000000000, 0.000000000000000000, 1.000000000000000000 ) ) ;
#8599 = ORIENTED_EDGE ( 'NONE', *, *, #4420, .F. ) ;
#8600 = LINE ( 'NONE', #4795, #7151 ) ;
#8601 = FACE_OUTER_BOUND ( 'NONE', #10307, .T. ) ;
#8602 = VECTOR ( 'NONE', #8711, 1000.000000000000000 ) ;
#8603 = DIRECTION ( 'NONE',  ( 0.000000000000000000, -1.000000000000000000, 0.000000000000000000 ) ) ;
#8604 = EDGE_CURVE ( 'NONE', #3089, #163, #7350, .T. ) ;
#8605 = EDGE_CURVE ( 'NONE', #9843, #3932, #4869, .T. ) ;
#8606 = CARTESIAN_POINT ( 'NONE',  ( 0.000000000000000000, 2.499999999999999556, 8.949999999999992184 ) ) ;
#8607 = VERTEX_POINT ( 'NONE', #4508 ) ;
#8608 = ORIENTED_EDGE ( 'NONE', *, *, #11167, .F. ) ;
#8609 = CARTESIAN_POINT ( 'NONE',  ( 43.49999999999999289, 6.500000000000000000, 0.000000000000000000 ) ) ;
#8610 = CARTESIAN_POINT ( 'NONE',  ( -52.26934719375723404, 8.878539756920888593, 3.805951680774078305 ) ) ;
#8611 = CARTESIAN_POINT ( 'NONE',  ( -44.78769042695784464, 3.943829916172314487, 9.044253346342637556 ) ) ;
#8612 = ORIENTED_EDGE ( 'NONE', *, *, #10106, .F. ) ;
#8613 = DIRECTION ( 'NONE',  ( -0.8660254037844385966, 0.000000000000000000, 0.5000000000000003331 ) ) ;
#8614 = DIRECTION ( 'NONE',  ( 0.000000000000000000, -1.000000000000000000, 2.891205793294679312E-16 ) ) ;
#8615 = DIRECTION ( 'NONE',  ( 0.000000000000000000, 1.000000000000000000, -0.000000000000000000 ) ) ;
#8616 = ORIENTED_EDGE ( 'NONE', *, *, #2822, .T. ) ;
#8617 = VECTOR ( 'NONE', #11128, 1000.000000000000000 ) ;
#8618 = DIRECTION ( 'NONE',  ( 0.000000000000000000, 0.000000000000000000, 1.000000000000000000 ) ) ;
#8619 = EDGE_CURVE ( 'NONE', #8907, #7704, #4626, .T. ) ;
#8620 = DIRECTION ( 'NONE',  ( 0.000000000000000000, 0.000000000000000000, 1.000000000000000000 ) ) ;
#8621 = CARTESIAN_POINT ( 'NONE',  ( 20.65000000000000213, 5.500000000000000000, 10.25000000000000178 ) ) ;
#8622 = EDGE_CURVE ( 'NONE', #1355, #3761, #126, .T. ) ;
#8623 = CARTESIAN_POINT ( 'NONE',  ( 47.49999999999999289, 3.000000000000000000, -11.75000000000000000 ) ) ;
#8624 = ORIENTED_EDGE ( 'NONE', *, *, #8709, .F. ) ;
#8625 = EDGE_LOOP ( 'NONE', ( #1803, #9423, #11619, #9555, #7039 ) ) ;
#8626 = CIRCLE ( 'NONE', #5399, 1.500000000000000888 ) ;
#8627 = CARTESIAN_POINT ( 'NONE',  ( -52.40568058483292901, 9.151669329609527281, 3.751634072195721981 ) ) ;
#8628 = CARTESIAN_POINT ( 'NONE',  ( 47.50000000000000000, 3.000000000000000000, -9.500000000000001776 ) ) ;
#8629 = AXIS2_PLACEMENT_3D ( 'NONE', #10179, #9220, #249 ) ;
#8630 = DIRECTION ( 'NONE',  ( -0.000000000000000000, 1.000000000000000000, -0.000000000000000000 ) ) ;
#8631 = ORIENTED_EDGE ( 'NONE', *, *, #4765, .T. ) ;
#8632 = LINE ( 'NONE', #3274, #1200 ) ;
#8633 = CARTESIAN_POINT ( 'NONE',  ( -52.00632768281998608, 7.778783389005435644, 4.349990371977842329 ) ) ;
#8634 = DIRECTION ( 'NONE',  ( 1.000000000000000000, 0.000000000000000000, 0.000000000000000000 ) ) ;
#8635 = CARTESIAN_POINT ( 'NONE',  ( 32.80334039847559069, 0.3220298408975324489, -11.82440908868531793 ) ) ;
#8636 = EDGE_CURVE ( 'NONE', #2527, #5963, #183, .T. ) ;
#8637 = AXIS2_PLACEMENT_3D ( 'NONE', #3104, #11398, #6721 ) ;
#8638 = CARTESIAN_POINT ( 'NONE',  ( -20.00000000000001066, 15.50001199999999990, -14.75000000000000355 ) ) ;
#8639 = EDGE_CURVE ( 'NONE', #6657, #5927, #899, .T. ) ;
#8640 = EDGE_CURVE ( 'NONE', #7596, #8864, #1939, .T. ) ;
#8641 = CARTESIAN_POINT ( 'NONE',  ( -52.26328285338848900, 7.373257469887272819, -4.118260431646153741 ) ) ;
#8642 = DIRECTION ( 'NONE',  ( -1.000000000000000000, 0.000000000000000000, 3.634931228083748646E-15 ) ) ;
#8643 = ORIENTED_EDGE ( 'NONE', *, *, #6606, .T. ) ;
#8644 = AXIS2_PLACEMENT_3D ( 'NONE', #7057, #7799, #11439 ) ;
#8645 = CARTESIAN_POINT ( 'NONE',  ( -8.947521086617219380E-16, 7.500000000000000000, 12.25000000000000355 ) ) ;
#8646 = CARTESIAN_POINT ( 'NONE',  ( -52.45000000000000284, 9.190922404883833607, -3.116562148732959336 ) ) ;
#8647 = ORIENTED_EDGE ( 'NONE', *, *, #1054, .T. ) ;
#8648 = FACE_OUTER_BOUND ( 'NONE', #7064, .T. ) ;
#8649 = EDGE_CURVE ( 'NONE', #7996, #2677, #9060, .T. ) ;
#8650 = VERTEX_POINT ( 'NONE', #6334 ) ;
#8651 = LINE ( 'NONE', #6024, #2420 ) ;
#8652 = EDGE_CURVE ( 'NONE', #6242, #1209, #751, .T. ) ;
#8653 = CARTESIAN_POINT ( 'NONE',  ( 0.5999999999999912070, 12.50000000000000000, -13.35000000000018971 ) ) ;
#8654 = VECTOR ( 'NONE', #9964, 1000.000000000000000 ) ;
#8655 = LINE ( 'NONE', #520, #1555 ) ;
#8656 = ORIENTED_EDGE ( 'NONE', *, *, #9450, .T. ) ;
#8657 = ORIENTED_EDGE ( 'NONE', *, *, #1204, .T. ) ;
#8658 = CARTESIAN_POINT ( 'NONE',  ( -45.19999999999999574, 3.000000000000000000, 6.750000000000006217 ) ) ;
#8659 = ORIENTED_EDGE ( 'NONE', *, *, #3014, .T. ) ;
#8660 = CARTESIAN_POINT ( 'NONE',  ( 29.60000000000001563, -0.001000000000000024307, -2.917429908820129394E-14 ) ) ;
#8661 = CIRCLE ( 'NONE', #7121, 9.300000000000009592 ) ;
#8662 = CARTESIAN_POINT ( 'NONE',  ( -34.95000000000000284, 13.29999999999999893, -12.25000000000000178 ) ) ;
#8663 = B_SPLINE_CURVE_WITH_KNOTS ( 'NONE', 3,
 ( #453, #8470, #338, #394, #8646, #4124 ),
 .UNSPECIFIED., .F., .F.,
 ( 4, 2, 4 ),
 ( 4.336808689942017736E-19, 0.0003393158518393191072, 0.0006786317036786377807 ),
 .UNSPECIFIED. ) ;
#8664 = DIRECTION ( 'NONE',  ( 0.000000000000000000, 0.000000000000000000, 1.000000000000000000 ) ) ;
#8665 = PLANE ( 'NONE',  #10450 ) ;
#8666 = EDGE_LOOP ( 'NONE', ( #2802, #9560, #6063, #7956 ) ) ;
#8667 = AXIS2_PLACEMENT_3D ( 'NONE', #11561, #9712, #8932 ) ;
#8668 = VECTOR ( 'NONE', #8741, 1000.000000000000000 ) ;
#8669 = DIRECTION ( 'NONE',  ( -5.337610695313248229E-15, 0.000000000000000000, 1.000000000000000000 ) ) ;
#8670 = ORIENTED_EDGE ( 'NONE', *, *, #2293, .F. ) ;
#8671 = ORIENTED_EDGE ( 'NONE', *, *, #10891, .F. ) ;
#8672 = DIRECTION ( 'NONE',  ( -0.000000000000000000, 0.000000000000000000, 1.000000000000000000 ) ) ;
#8673 = EDGE_CURVE ( 'NONE', #1851, #11343, #11726, .T. ) ;
#8674 = ORIENTED_EDGE ( 'NONE', *, *, #1363, .T. ) ;
#8675 = CARTESIAN_POINT ( 'NONE',  ( -52.25000000000001421, 9.500000000000000000, -2.449999999999999734 ) ) ;
#8676 = CARTESIAN_POINT ( 'NONE',  ( -50.25000000000000711, 13.79999999999999893, -7.249999999999999112 ) ) ;
#8677 = EDGE_LOOP ( 'NONE', ( #10953, #4398, #11126, #7583, #5490, #6614, #218, #10539 ) ) ;
#8678 = EDGE_CURVE ( 'NONE', #10988, #6805, #5074, .T. ) ;
#8679 = CARTESIAN_POINT ( 'NONE',  ( -34.55000000000001137, 4.000000000000000000, 12.25000000000000178 ) ) ;
#8680 = AXIS2_PLACEMENT_3D ( 'NONE', #2104, #572, #1456 ) ;
#8681 = VERTEX_POINT ( 'NONE', #6278 ) ;
#8682 = AXIS2_PLACEMENT_3D ( 'NONE', #6642, #4091, #10413 ) ;
#8683 = DIRECTION ( 'NONE',  ( 0.000000000000000000, 0.000000000000000000, -1.000000000000000000 ) ) ;
#8684 = LINE ( 'NONE', #547, #11628 ) ;
#8685 = DIRECTION ( 'NONE',  ( 0.000000000000000000, 0.000000000000000000, 1.000000000000000000 ) ) ;
#8686 = DIRECTION ( 'NONE',  ( 1.000000000000000000, 0.000000000000000000, -0.000000000000000000 ) ) ;
#8687 = VERTEX_POINT ( 'NONE', #9920 ) ;
#8688 = CIRCLE ( 'NONE', #4886, 0.2999999999999999334 ) ;
#8689 = VERTEX_POINT ( 'NONE', #9266 ) ;
#8690 = AXIS2_PLACEMENT_3D ( 'NONE', #8192, #1059, #4680 ) ;
#8691 = LINE ( 'NONE', #7736, #865 ) ;
#8692 = EDGE_CURVE ( 'NONE', #3723, #9518, #11548, .T. ) ;
#8693 = CARTESIAN_POINT ( 'NONE',  ( 20.65000000000000213, 4.000000000000000000, 8.949999999999985079 ) ) ;
#8694 = CARTESIAN_POINT ( 'NONE',  ( 22.18484194167171353, 0.1248391197358928451, 0.7587436205925620625 ) ) ;
#8695 = ORIENTED_EDGE ( 'NONE', *, *, #3361, .T. ) ;
#8696 = DIRECTION ( 'NONE',  ( -0.000000000000000000, -1.000000000000000000, -0.000000000000000000 ) ) ;
#8697 = EDGE_CURVE ( 'NONE', #11418, #1224, #9091, .T. ) ;
#8698 = PLANE ( 'NONE',  #4887 ) ;
#8699 = DIRECTION ( 'NONE',  ( 0.000000000000000000, -1.000000000000000000, 0.000000000000000000 ) ) ;
#8700 = CARTESIAN_POINT ( 'NONE',  ( 2.128978811426075087E-15, 7.500000000000000000, 6.749999999999984901 ) ) ;
#8701 = CIRCLE ( 'NONE', #10615, 5.199999999999988631 ) ;
#8702 = AXIS2_PLACEMENT_3D ( 'NONE', #7404, #3836, #2882 ) ;
#8703 = AXIS2_PLACEMENT_3D ( 'NONE', #10365, #5888, #11328 ) ;
#8704 = CARTESIAN_POINT ( 'NONE',  ( -36.95000000000000284, 0.000000000000000000, -12.50000000000000000 ) ) ;
#8705 = ORIENTED_EDGE ( 'NONE', *, *, #285, .T. ) ;
#8706 = CARTESIAN_POINT ( 'NONE',  ( -14.05000000000000782, 4.000000000000000000, 11.44999999999999218 ) ) ;
#8707 = CARTESIAN_POINT ( 'NONE',  ( 45.25000000000000711, 0.5999999999999989786, -12.25000000000000000 ) ) ;
#8708 = ORIENTED_EDGE ( 'NONE', *, *, #6236, .T. ) ;
#8709 = EDGE_CURVE ( 'NONE', #1514, #7112, #5259, .T. ) ;
#8710 = PLANE ( 'NONE',  #4290 ) ;
#8711 = DIRECTION ( 'NONE',  ( 0.000000000000000000, -1.000000000000000000, 0.000000000000000000 ) ) ;
#8712 = VECTOR ( 'NONE', #1847, 1000.000000000000000 ) ;
#8713 = EDGE_CURVE ( 'NONE', #11146, #10965, #10263, .T. ) ;
#8714 = CARTESIAN_POINT ( 'NONE',  ( 0.000000000000000000, 12.30000000000000071, -14.75000000000000178 ) ) ;
#8715 = ORIENTED_EDGE ( 'NONE', *, *, #2436, .T. ) ;
#8716 = ORIENTED_EDGE ( 'NONE', *, *, #7584, .F. ) ;
#8717 =( GEOMETRIC_REPRESENTATION_CONTEXT ( 3 ) GLOBAL_UNCERTAINTY_ASSIGNED_CONTEXT ( ( #10408 ) ) GLOBAL_UNIT_ASSIGNED_CONTEXT ( ( #10078, #9951, #3820 ) ) REPRESENTATION_CONTEXT ( 'NONE', 'WORKASPACE' ) );
#8718 = DIRECTION ( 'NONE',  ( 0.000000000000000000, 1.000000000000000000, 0.000000000000000000 ) ) ;
#8719 = DIRECTION ( 'NONE',  ( 0.000000000000000000, 0.000000000000000000, 1.000000000000000000 ) ) ;
#8720 = CARTESIAN_POINT ( 'NONE',  ( -52.25000000000001421, 9.352223174135868788, -3.267594706388000869 ) ) ;
#8721 = DIRECTION ( 'NONE',  ( 5.409987398432264627E-16, -0.7208059210526071015, 0.6931369447486570579 ) ) ;
#8722 = ORIENTED_EDGE ( 'NONE', *, *, #6352, .T. ) ;
#8723 = FACE_OUTER_BOUND ( 'NONE', #9694, .T. ) ;
#8724 = EDGE_CURVE ( 'NONE', #2677, #10276, #6399, .T. ) ;
#8725 = EDGE_CURVE ( 'NONE', #9571, #10937, #9506, .T. ) ;
#8726 = DIRECTION ( 'NONE',  ( 0.000000000000000000, 0.000000000000000000, 1.000000000000000000 ) ) ;
#8727 = ORIENTED_EDGE ( 'NONE', *, *, #9123, .F. ) ;
#8728 = DIRECTION ( 'NONE',  ( -0.000000000000000000, 1.000000000000000000, -0.000000000000000000 ) ) ;
#8729 = DIRECTION ( 'NONE',  ( 0.000000000000000000, 0.000000000000000000, 1.000000000000000000 ) ) ;
#8730 = PLANE ( 'NONE',  #9324 ) ;
#8731 = VECTOR ( 'NONE', #2334, 1000.000000000000114 ) ;
#8732 = B_SPLINE_CURVE_WITH_KNOTS ( 'NONE', 3,
 ( #6437, #8226, #4600, #9177, #9240, #103, #8345, #9304 ),
 .UNSPECIFIED., .F., .F.,
 ( 4, 2, 2, 4 ),
 ( 0.001461911207851776355, 0.001827313039948533528, 0.002192714872045290701, 0.002923518536238803745 ),
 .UNSPECIFIED. ) ;
#8733 = DIRECTION ( 'NONE',  ( -1.000000000000000000, 0.000000000000000000, -0.000000000000000000 ) ) ;
#8734 = ORIENTED_EDGE ( 'NONE', *, *, #4683, .F. ) ;
#8735 = VECTOR ( 'NONE', #4603, 1000.000000000000000 ) ;
#8736 = CARTESIAN_POINT ( 'NONE',  ( -44.75000000000000711, 13.29999999999999893, 12.50000000000000000 ) ) ;
#8737 = EDGE_LOOP ( 'NONE', ( #7634, #4972, #7686, #4913 ) ) ;
#8738 = PRODUCT_DEFINITION_CONTEXT ( 'detailed design', #9548, 'design' ) ;
#8739 = ORIENTED_EDGE ( 'NONE', *, *, #1652, .F. ) ;
#8740 = CARTESIAN_POINT ( 'NONE',  ( -50.30470865752408116, 13.80115107575898392, 6.987656506677544677 ) ) ;
#8741 = DIRECTION ( 'NONE',  ( 1.000000000000000000, -0.000000000000000000, 0.000000000000000000 ) ) ;
#8742 = LINE ( 'NONE', #4094, #2040 ) ;
#8743 = CIRCLE ( 'NONE', #2647, 1.900000000000000577 ) ;
#8744 = CARTESIAN_POINT ( 'NONE',  ( -53.20100000000002183, 10.80000000000000071, 2.500000000000000444 ) ) ;
#8745 = DIRECTION ( 'NONE',  ( -1.000000000000000000, 0.000000000000000000, 0.000000000000000000 ) ) ;
#8746 = ORIENTED_EDGE ( 'NONE', *, *, #6517, .T. ) ;
#8747 = ORIENTED_EDGE ( 'NONE', *, *, #929, .T. ) ;
#8748 = EDGE_CURVE ( 'NONE', #10066, #5068, #11184, .T. ) ;
#8749 = EDGE_LOOP ( 'NONE', ( #3042, #1895 ) ) ;
#8750 = LINE ( 'NONE', #7005, #9979 ) ;
#8751 = ORIENTED_EDGE ( 'NONE', *, *, #11684, .F. ) ;
#8752 = CARTESIAN_POINT ( 'NONE',  ( -34.55000000000001137, 4.000000000000000000, 0.000000000000000000 ) ) ;
#8753 = CARTESIAN_POINT ( 'NONE',  ( -34.95000000000000284, 6.000000000000000000, 12.25000000000000533 ) ) ;
#8754 = ORIENTED_EDGE ( 'NONE', *, *, #2810, .T. ) ;
#8755 = CARTESIAN_POINT ( 'NONE',  ( -44.80556128293850549, 3.929078799781798637, 8.949999999999985079 ) ) ;
#8756 = DIRECTION ( 'NONE',  ( 1.000000000000000000, 0.000000000000000000, 0.000000000000000000 ) ) ;
#8757 = DIRECTION ( 'NONE',  ( 0.000000000000000000, -0.9982455176826011689, -0.05921052631581264630 ) ) ;
#8758 = ORIENTED_EDGE ( 'NONE', *, *, #1300, .F. ) ;
#8759 = EDGE_CURVE ( 'NONE', #435, #5418, #9325, .T. ) ;
#8760 = CARTESIAN_POINT ( 'NONE',  ( -52.45000000000001705, 6.599999999999997868, -2.924999999999972289 ) ) ;
#8761 = EDGE_CURVE ( 'NONE', #8266, #1731, #5912, .T. ) ;
#8762 = CIRCLE ( 'NONE', #9901, 2.000000000000000000 ) ;
#8763 = ORIENTED_EDGE ( 'NONE', *, *, #9995, .F. ) ;
#8764 = CARTESIAN_POINT ( 'NONE',  ( -52.70000000000000284, 11.34999999999999964, 4.750000000000001776 ) ) ;
#8765 = FACE_OUTER_BOUND ( 'NONE', #11237, .T. ) ;
#8766 = CARTESIAN_POINT ( 'NONE',  ( 29.89999999999998082, 0.09935464829977896928, -12.51567391470514856 ) ) ;
#8767 = ORIENTED_EDGE ( 'NONE', *, *, #6503, .T. ) ;
#8768 = DIRECTION ( 'NONE',  ( 0.000000000000000000, 0.000000000000000000, 1.000000000000000000 ) ) ;
#8769 = CARTESIAN_POINT ( 'NONE',  ( -52.20449119161610696, 8.141133555070675598, 4.260293390207215758 ) ) ;
#8770 = CARTESIAN_POINT ( 'NONE',  ( 34.69364652204420452, 0.2999999999999999889, -6.523830892551269578 ) ) ;
#8771 = ADVANCED_FACE ( 'NONE', ( #6628 ), #11359, .T. ) ;
#8772 = CYLINDRICAL_SURFACE ( 'NONE', #5760, 0.3000000000000016542 ) ;
#8773 = CARTESIAN_POINT ( 'NONE',  ( -34.94999999999999574, 13.29257923089642901, -12.43439266236709173 ) ) ;
#8774 = EDGE_CURVE ( 'NONE', #6351, #4596, #3189, .T. ) ;
#8775 = ORIENTED_EDGE ( 'NONE', *, *, #6373, .F. ) ;
#8776 = ORIENTED_EDGE ( 'NONE', *, *, #7060, .T. ) ;
#8777 = DIRECTION ( 'NONE',  ( 0.000000000000000000, 1.000000000000000000, 0.000000000000000000 ) ) ;
#8778 = VECTOR ( 'NONE', #9345, 1000.000000000000000 ) ;
#8779 = CARTESIAN_POINT ( 'NONE',  ( 9.326490010960474919, 0.2999999999999999889, -16.15395455526716617 ) ) ;
#8780 = ORIENTED_EDGE ( 'NONE', *, *, #3389, .F. ) ;
#8781 = FACE_OUTER_BOUND ( 'NONE', #5023, .T. ) ;
#8782 = LINE ( 'NONE', #6683, #1484 ) ;
#8783 = VECTOR ( 'NONE', #10049, 1000.000000000000000 ) ;
#8784 = CARTESIAN_POINT ( 'NONE',  ( -8.958845726811304644, 12.30000000000000071, -13.55000000000019256 ) ) ;
#8785 = EDGE_CURVE ( 'NONE', #6816, #55, #8600, .T. ) ;
#8786 = VECTOR ( 'NONE', #10117, 1000.000000000000000 ) ;
#8787 = ADVANCED_FACE ( 'NONE', ( #4736 ), #8425, .F. ) ;
#8788 = ADVANCED_FACE ( 'NONE', ( #7467 ), #11118, .T. ) ;
#8789 = DIRECTION ( 'NONE',  ( 0.000000000000000000, 1.000000000000000000, 1.865294060190115224E-16 ) ) ;
#8790 = ORIENTED_EDGE ( 'NONE', *, *, #9586, .T. ) ;
#8791 = CARTESIAN_POINT ( 'NONE',  ( 50.25000000000000000, 12.50000000000000000, -4.000000000000000000 ) ) ;
#8792 = VERTEX_POINT ( 'NONE', #7643 ) ;
#8793 = EDGE_LOOP ( 'NONE', ( #10494, #8293, #4664, #1856 ) ) ;
#8794 = CARTESIAN_POINT ( 'NONE',  ( -40.15000000000000568, 13.29257923089642901, -12.43439266236709173 ) ) ;
#8795 = CIRCLE ( 'NONE', #3654, 2.000000000000001776 ) ;
#8796 = DIRECTION ( 'NONE',  ( 0.000000000000000000, 0.000000000000000000, -1.000000000000000000 ) ) ;
#8797 = ORIENTED_EDGE ( 'NONE', *, *, #10505, .F. ) ;
#8798 = CARTESIAN_POINT ( 'NONE',  ( -42.75000000000000000, 6.000000000000000000, -14.25000000000000355 ) ) ;
#8799 = CARTESIAN_POINT ( 'NONE',  ( -52.33850616358628827, 8.113775823039466317, -4.211736958226222072 ) ) ;
#8800 = CARTESIAN_POINT ( 'NONE',  ( -34.95000000000000284, 13.28431348329844219, 12.50000000000000178 ) ) ;
#8801 = ORIENTED_EDGE ( 'NONE', *, *, #6208, .F. ) ;
#8802 = ORIENTED_EDGE ( 'NONE', *, *, #8041, .T. ) ;
#8803 = PLANE ( 'NONE',  #5028 ) ;
#8804 = CARTESIAN_POINT ( 'NONE',  ( -52.11888654234676466, 6.949723205157403605, -4.114386614189915470 ) ) ;
#8805 = DIRECTION ( 'NONE',  ( 0.000000000000000000, 0.000000000000000000, 1.000000000000000000 ) ) ;
#8806 = VERTEX_POINT ( 'NONE', #291 ) ;
#8807 = CARTESIAN_POINT ( 'NONE',  ( -52.45000000000000995, 6.602280827012613429, 3.001973684210523796 ) ) ;
#8808 = DIRECTION ( 'NONE',  ( -1.000000000000000000, 0.000000000000000000, 3.154042683594192162E-16 ) ) ;
#8809 = LINE ( 'NONE', #666, #7916 ) ;
#8810 = ORIENTED_EDGE ( 'NONE', *, *, #2242, .F. ) ;
#8811 = VECTOR ( 'NONE', #6914, 1000.000000000000000 ) ;
#8812 = CARTESIAN_POINT ( 'NONE',  ( -52.26145712155788203, 7.791017316819603522, -4.224941934849927527 ) ) ;
#8813 = VECTOR ( 'NONE', #3303, 1000.000000000000000 ) ;
#8814 = CIRCLE ( 'NONE', #104, 3.061734693877549152 ) ;
#8815 = VECTOR ( 'NONE', #6595, 1000.000000000000000 ) ;
#8816 = CARTESIAN_POINT ( 'NONE',  ( -14.05000000000000782, 4.000000000000000000, -10.05000000000001137 ) ) ;
#8817 = CARTESIAN_POINT ( 'NONE',  ( -2.000000000000008882, 12.50000000000000000, -13.85000000000018971 ) ) ;
#8818 = CARTESIAN_POINT ( 'NONE',  ( 30.35000000000000142, -0.001000000000000024307, -3.150000000000002576 ) ) ;
#8819 = EDGE_CURVE ( 'NONE', #1021, #10804, #2944, .T. ) ;
#8820 = PLANE ( 'NONE',  #3362 ) ;
#8821 = CIRCLE ( 'NONE', #7684, 5.000000000000000000 ) ;
#8822 = EDGE_CURVE ( 'NONE', #10650, #6396, #6575, .T. ) ;
#8823 = FACE_OUTER_BOUND ( 'NONE', #2355, .T. ) ;
#8824 = CARTESIAN_POINT ( 'NONE',  ( 0.000000000000000000, 14.00000000000000000, 13.25000000000000178 ) ) ;
#8825 = ADVANCED_FACE ( 'NONE', ( #2292 ), #1096, .T. ) ;
#8826 = CARTESIAN_POINT ( 'NONE',  ( -45.00000000000001421, 4.000000000000000000, -8.354356076261032271 ) ) ;
#8827 = CARTESIAN_POINT ( 'NONE',  ( -52.70000000000000284, 4.000000000000000000, -4.750000000000000000 ) ) ;
#8828 = B_SPLINE_CURVE_WITH_KNOTS ( 'NONE', 3,
 ( #6335, #707, #7175, #772, #4510, #9981, #1823, #2656 ),
 .UNSPECIFIED., .F., .F.,
 ( 4, 2, 2, 4 ),
 ( -3.466145320677682066E-06, 0.0002882777914485941395, 0.0004341497598332290440, 0.0005800217282178638401 ),
 .UNSPECIFIED. ) ;
#8829 = CARTESIAN_POINT ( 'NONE',  ( 22.80788180854703029, 0.000000000000000000, 1.724059210366045702 ) ) ;
#8830 = ORIENTED_EDGE ( 'NONE', *, *, #7881, .F. ) ;
#8831 = ORIENTED_EDGE ( 'NONE', *, *, #4396, .F. ) ;
#8832 = ORIENTED_EDGE ( 'NONE', *, *, #10769, .T. ) ;
#8833 = AXIS2_PLACEMENT_3D ( 'NONE', #5067, #567, #7574 ) ;
#8834 = CARTESIAN_POINT ( 'NONE',  ( 3.099999999999990763, 12.50000000000000000, -13.35000000000019149 ) ) ;
#8835 = CARTESIAN_POINT ( 'NONE',  ( 35.44364652204422583, 0.2999999999999998779, -1.075207213125432215 ) ) ;
#8836 = EDGE_CURVE ( 'NONE', #9996, #8930, #8492, .T. ) ;
#8837 = VERTEX_POINT ( 'NONE', #8486 ) ;
#8838 = CARTESIAN_POINT ( 'NONE',  ( 34.69364652204421873, 0.2531617916668541524, -6.523830892551267802 ) ) ;
#8839 = ORIENTED_EDGE ( 'NONE', *, *, #3797, .F. ) ;
#8840 = CARTESIAN_POINT ( 'NONE',  ( 22.35000000000000142, 4.999999999999999112, -8.849999999999997868 ) ) ;
#8841 = CARTESIAN_POINT ( 'NONE',  ( 0.000000000000000000, 12.30000000000000071, 0.000000000000000000 ) ) ;
#8842 = EDGE_CURVE ( 'NONE', #2357, #3567, #1298, .T. ) ;
#8843 = DIRECTION ( 'NONE',  ( 0.000000000000000000, 1.000000000000000000, -0.000000000000000000 ) ) ;
#8844 = VECTOR ( 'NONE', #9232, 1000.000000000000000 ) ;
#8845 = CARTESIAN_POINT ( 'NONE',  ( -34.83080735386675286, 3.999650464919335402, -12.27717671750640704 ) ) ;
#8846 = CARTESIAN_POINT ( 'NONE',  ( -37.06903178392872888, 13.30034910780785395, 12.27727016374981694 ) ) ;
#8847 = ORIENTED_EDGE ( 'NONE', *, *, #1001, .F. ) ;
#8848 = CARTESIAN_POINT ( 'NONE',  ( -42.75000000000000000, 13.28431348329844219, -12.50000000000000000 ) ) ;
#8849 = AXIS2_PLACEMENT_3D ( 'NONE', #7333, #11100, #3951 ) ;
#8850 = ORIENTED_EDGE ( 'NONE', *, *, #1668, .F. ) ;
#8851 = EDGE_CURVE ( 'NONE', #5276, #8321, #3965, .T. ) ;
#8852 = ORIENTED_EDGE ( 'NONE', *, *, #11531, .T. ) ;
#8853 = TOROIDAL_SURFACE ( 'NONE', #3716, 1.500000000000000888, 0.2000000000000000111 ) ;
#8854 = CARTESIAN_POINT ( 'NONE',  ( 26.92441225411071670, 0.2999999999999999889, -11.47258064516129572 ) ) ;
#8855 = CARTESIAN_POINT ( 'NONE',  ( -44.75000000000000711, 4.000000000000000000, 12.25000000000000000 ) ) ;
#8856 = ORIENTED_EDGE ( 'NONE', *, *, #3440, .F. ) ;
#8857 = ADVANCED_FACE ( 'NONE', ( #10334 ), #5793, .T. ) ;
#8858 = CARTESIAN_POINT ( 'NONE',  ( -37.54999999999999716, 13.29999999999999893, 12.25000000000000178 ) ) ;
#8859 = CARTESIAN_POINT ( 'NONE',  ( 50.25000000000000000, 12.50000000000000000, -4.000000000000000000 ) ) ;
#8860 = AXIS2_PLACEMENT_3D ( 'NONE', #1658, #4221, #831 ) ;
#8861 = AXIS2_PLACEMENT_3D ( 'NONE', #2621, #9829, #4474 ) ;
#8862 = ORIENTED_EDGE ( 'NONE', *, *, #11700, .F. ) ;
#8863 = CARTESIAN_POINT ( 'NONE',  ( 45.25000000000000711, 6.500000000000000000, -0.9682458365518327170 ) ) ;
#8864 = VERTEX_POINT ( 'NONE', #3123 ) ;
#8865 = EDGE_LOOP ( 'NONE', ( #8517, #5513, #6555, #6174, #5234 ) ) ;
#8866 = CARTESIAN_POINT ( 'NONE',  ( -47.50000000000000711, 2.499999999999999556, 9.500000000000001776 ) ) ;
#8867 = DIRECTION ( 'NONE',  ( -0.000000000000000000, 1.000000000000000000, -0.000000000000000000 ) ) ;
#8868 = TOROIDAL_SURFACE ( 'NONE', #2218, 5.000000000000000000, 3.000000000000000000 ) ;
#8869 = VECTOR ( 'NONE', #10781, 1000.000000000000000 ) ;
#8870 = TOROIDAL_SURFACE ( 'NONE', #7339, 5.199999999999988631, 0.2999999999999999889 ) ;
#8871 = DIRECTION ( 'NONE',  ( 0.000000000000000000, 0.000000000000000000, 1.000000000000000000 ) ) ;
#8872 = LINE ( 'NONE', #1499, #2893 ) ;
#8873 = EDGE_CURVE ( 'NONE', #9530, #4728, #11642, .T. ) ;
#8874 = CARTESIAN_POINT ( 'NONE',  ( -52.20475899798739050, 8.129673580879888561, -4.274804758350636114 ) ) ;
#8875 = DIRECTION ( 'NONE',  ( -0.000000000000000000, -1.000000000000000000, -0.000000000000000000 ) ) ;
#8876 = ORIENTED_EDGE ( 'NONE', *, *, #10444, .F. ) ;
#8877 = DIRECTION ( 'NONE',  ( 0.000000000000000000, 0.000000000000000000, 1.000000000000000000 ) ) ;
#8878 = VECTOR ( 'NONE', #354, 1000.000000000000000 ) ;
#8879 = DIRECTION ( 'NONE',  ( 0.000000000000000000, 0.000000000000000000, -1.000000000000000000 ) ) ;
#8880 = ORIENTED_EDGE ( 'NONE', *, *, #6336, .F. ) ;
#8881 = CARTESIAN_POINT ( 'NONE',  ( -51.22917112000553885, 14.00000000000000000, 9.894693245086287448 ) ) ;
#8882 = ORIENTED_EDGE ( 'NONE', *, *, #3465, .F. ) ;
#8883 = CARTESIAN_POINT ( 'NONE',  ( 29.83337965125097924, 0.08045738782815251011, -12.44408436503634796 ) ) ;
#8884 = AXIS2_PLACEMENT_3D ( 'NONE', #5986, #2253, #4924 ) ;
#8885 = ORIENTED_EDGE ( 'NONE', *, *, #2715, .F. ) ;
#8886 = AXIS2_PLACEMENT_3D ( 'NONE', #9188, #3779, #5327 ) ;
#8887 = DIRECTION ( 'NONE',  ( 0.000000000000000000, -1.000000000000000000, 0.000000000000000000 ) ) ;
#8888 = CARTESIAN_POINT ( 'NONE',  ( -52.00630698373564087, 7.777373083446492252, 4.349909309300405091 ) ) ;
#8889 = CARTESIAN_POINT ( 'NONE',  ( 33.88977400408559504, 0.2999999999999999889, -11.75000000000000178 ) ) ;
#8890 = DIRECTION ( 'NONE',  ( 0.000000000000000000, -0.000000000000000000, 1.000000000000000000 ) ) ;
#8891 = CARTESIAN_POINT ( 'NONE',  ( -50.25000000000000711, 4.000000000000001776, 4.250000000000000000 ) ) ;
#8892 = ORIENTED_EDGE ( 'NONE', *, *, #6287, .F. ) ;
#8893 = B_SPLINE_CURVE_WITH_KNOTS ( 'NONE', 3,
 ( #1980, #8349, #1162, #220, #5775, #7450 ),
 .UNSPECIFIED., .F., .F.,
 ( 4, 2, 4 ),
 ( 0.000000000000000000, 0.0001955798652618910051, 0.0003911597305237820101 ),
 .UNSPECIFIED. ) ;
#8894 = AXIS2_PLACEMENT_3D ( 'NONE', #10274, #1931, #4841 ) ;
#8895 = EDGE_CURVE ( 'NONE', #9390, #9513, #3415, .T. ) ;
#8896 = LINE ( 'NONE', #7998, #5021 ) ;
#8897 = CARTESIAN_POINT ( 'NONE',  ( 39.08172798364529399, 0.5000000000000000000, 6.781727983645294167 ) ) ;
#8898 = ORIENTED_EDGE ( 'NONE', *, *, #5279, .F. ) ;
#8899 = CARTESIAN_POINT ( 'NONE',  ( 29.67889104939041900, 0.09378038618371790924, 5.904106061119893667 ) ) ;
#8900 = DIRECTION ( 'NONE',  ( 0.4999999999999978906, 0.000000000000000000, -0.8660254037844398178 ) ) ;
#8901 = CARTESIAN_POINT ( 'NONE',  ( 31.09999999999998010, 0.3645001888121262579, -12.11869555732606329 ) ) ;
#8902 = CARTESIAN_POINT ( 'NONE',  ( 22.53039777241908581, 0.000000000000000000, 1.884264693320339301 ) ) ;
#8903 = VECTOR ( 'NONE', #8461, 1000.000000000000114 ) ;
#8904 = DIRECTION ( 'NONE',  ( 0.000000000000000000, 0.000000000000000000, 1.000000000000000000 ) ) ;
#8905 = VECTOR ( 'NONE', #2858, 1000.000000000000000 ) ;
#8906 = ADVANCED_FACE ( 'NONE', ( #8781 ), #6202, .T. ) ;
#8907 = VERTEX_POINT ( 'NONE', #7777 ) ;
#8908 = ORIENTED_EDGE ( 'NONE', *, *, #4960, .T. ) ;
#8909 = EDGE_CURVE ( 'NONE', #5143, #4427, #2578, .T. ) ;
#8910 = CARTESIAN_POINT ( 'NONE',  ( -52.25000000000001421, 9.400000000000000355, -2.924999999999972289 ) ) ;
#8911 = VERTEX_POINT ( 'NONE', #9622 ) ;
#8912 = VERTEX_POINT ( 'NONE', #5086 ) ;
#8913 = EDGE_LOOP ( 'NONE', ( #2092, #834, #10073, #735 ) ) ;
#8914 = DIRECTION ( 'NONE',  ( 0.000000000000000000, 1.000000000000000000, -0.000000000000000000 ) ) ;
#8915 = CARTESIAN_POINT ( 'NONE',  ( -53.20000000000000284, 7.899999999999999467, 4.225000000000028066 ) ) ;
#8916 = CARTESIAN_POINT ( 'NONE',  ( -43.92882464151743704, 3.619683108428118690, -8.752851074744899762 ) ) ;
#8917 = ORIENTED_EDGE ( 'NONE', *, *, #4831, .F. ) ;
#8918 = EDGE_CURVE ( 'NONE', #5424, #8911, #7035, .T. ) ;
#8919 = CARTESIAN_POINT ( 'NONE',  ( 47.49999999999999289, 15.50000000000000000, 9.500000000000000000 ) ) ;
#8920 = EDGE_LOOP ( 'NONE', ( #7664, #6161, #7428, #3367 ) ) ;
#8921 = EDGE_CURVE ( 'NONE', #9812, #8186, #1470, .T. ) ;
#8922 =( BOUNDED_SURFACE ( )  B_SPLINE_SURFACE ( 3, 2, ( 
 ( #10493, #11451, #7631 ),
 ( #5779, #9488, #621 ),
 ( #6670, #10561, #2387 ),
 ( #4238, #509, #3105 ),
 ( #9431, #4122, #6725 ),
 ( #9670, #1454, #6790 ),
 ( #11280, #1281, #11227 ),
 ( #4894, #5069, #393 ),
 ( #1510, #3052, #10379 ),
 ( #5128, #7757, #1339 ) ),
 .UNSPECIFIED., .F., .F., .F. ) 
 B_SPLINE_SURFACE_WITH_KNOTS ( ( 4, 2, 2, 2, 4 ),
 ( 3, 3 ),
 ( 0.07727570775434282335, 0.1823105009357541550, 0.2873452941171654729, 0.3923800872985767629, 0.4974148804799881085 ),
 ( 0.000000000000000000, 1.000000000000000000 ),
 .UNSPECIFIED. ) 
 GEOMETRIC_REPRESENTATION_ITEM ( )  RATIONAL_B_SPLINE_SURFACE ( (
 ( 1.000000000000000000, 0.9798723707423723228, 1.000000000000000000),
 ( 1.000000000000000000, 0.9762301444440232290, 1.000000000000000000),
 ( 1.000000000000000000, 0.9699131306769015470, 1.000000000000000000),
 ( 1.000000000000000000, 0.9484581739416453328, 1.000000000000000000),
 ( 1.000000000000000000, 0.9332751883138693527, 1.000000000000000000),
 ( 1.000000000000000000, 0.8905672097321057912, 1.000000000000000000),
 ( 1.000000000000000000, 0.8629368308827222167, 1.000000000000000000),
 ( 1.000000000000000000, 0.7941821582428215676, 1.000000000000000000),
 ( 1.000000000000000000, 0.7530971089218559955, 1.000000000000000000),
 ( 1.000000000000000000, 0.7071067811865449082, 1.000000000000000000) ) ) 
 REPRESENTATION_ITEM ( '' )  SURFACE ( )  );
#8923 = EDGE_LOOP ( 'NONE', ( #2392, #2770, #7836, #7170 ) ) ;
#8924 = CARTESIAN_POINT ( 'NONE',  ( 0.000000000000000000, 10.50000000000000000, 12.25000000000000178 ) ) ;
#8925 = CARTESIAN_POINT ( 'NONE',  ( -45.19999999999999574, 14.10000000000000675, 6.750000000000006217 ) ) ;
#8926 = AXIS2_PLACEMENT_3D ( 'NONE', #90, #5533, #3683 ) ;
#8927 = DIRECTION ( 'NONE',  ( -1.000000000000000000, 0.000000000000000000, 0.000000000000000000 ) ) ;
#8928 = DIRECTION ( 'NONE',  ( -0.000000000000000000, -1.000000000000000000, -0.000000000000000000 ) ) ;
#8929 = CARTESIAN_POINT ( 'NONE',  ( -52.20422514057980123, 7.448527322046825105, -4.210235238010390013 ) ) ;
#8930 = VERTEX_POINT ( 'NONE', #6089 ) ;
#8931 = CARTESIAN_POINT ( 'NONE',  ( -52.35967909479735027, 8.610328841451302395, 4.018973549586683625 ) ) ;
#8932 = DIRECTION ( 'NONE',  ( 0.000000000000000000, 0.000000000000000000, 1.000000000000000000 ) ) ;
#8933 = VERTEX_POINT ( 'NONE', #6142 ) ;
#8934 = ADVANCED_FACE ( 'NONE', ( #9787 ), #4376, .F. ) ;
#8935 = CARTESIAN_POINT ( 'NONE',  ( -52.34850307846959083, 8.422317727665301845, -4.120210123730164931 ) ) ;
#8936 = ORIENTED_EDGE ( 'NONE', *, *, #10755, .T. ) ;
#8937 = EDGE_CURVE ( 'NONE', #8837, #10488, #10747, .T. ) ;
#8938 = DIRECTION ( 'NONE',  ( -0.8660254037844384856, 0.000000000000000000, 0.5000000000000002220 ) ) ;
#8939 = ORIENTED_EDGE ( 'NONE', *, *, #7735, .F. ) ;
#8940 = AXIS2_PLACEMENT_3D ( 'NONE', #6925, #1472, #3360 ) ;
#8941 = PLANE ( 'NONE',  #11723 ) ;
#8942 = ORIENTED_EDGE ( 'NONE', *, *, #8619, .T. ) ;
#8943 = DIRECTION ( 'NONE',  ( -0.8660254037844384856, 0.000000000000000000, 0.5000000000000003331 ) ) ;
#8944 = DIRECTION ( 'NONE',  ( -0.000000000000000000, 1.000000000000000000, -0.000000000000000000 ) ) ;
#8945 = CARTESIAN_POINT ( 'NONE',  ( -51.95000002018760199, 6.757062783563022812, 3.986874153505311380 ) ) ;
#8946 = DIRECTION ( 'NONE',  ( -0.9247311827957012120, -0.000000000000000000, -0.3806208606543570183 ) ) ;
#8947 = LINE ( 'NONE', #1623, #293 ) ;
#8948 = DIRECTION ( 'NONE',  ( -1.000000000000000000, 0.000000000000000000, 9.856182124392361707E-16 ) ) ;
#8949 = VERTEX_POINT ( 'NONE', #1633 ) ;
#8950 = ORIENTED_EDGE ( 'NONE', *, *, #2946, .T. ) ;
#8951 = ORIENTED_EDGE ( 'NONE', *, *, #4257, .T. ) ;
#8952 = DIRECTION ( 'NONE',  ( 1.000000000000000000, -0.000000000000000000, -0.000000000000000000 ) ) ;
#8953 = LINE ( 'NONE', #2356, #1444 ) ;
#8954 = CARTESIAN_POINT ( 'NONE',  ( 29.76555363911333174, 0.02145563245112871303, 5.997111039792338616 ) ) ;
#8955 = LINE ( 'NONE', #936, #5821 ) ;
#8956 = CARTESIAN_POINT ( 'NONE',  ( -39.90000000000000568, 0.000000000000000000, -12.50000000000000000 ) ) ;
#8957 = CARTESIAN_POINT ( 'NONE',  ( -52.45000000000000995, 6.399999999999998579, 2.925000000000026468 ) ) ;
#8958 = CARTESIAN_POINT ( 'NONE',  ( 43.25000000000000711, 6.500000000000000000, -1.984313483298447922 ) ) ;
#8959 = ORIENTED_EDGE ( 'NONE', *, *, #5257, .T. ) ;
#8960 = DIRECTION ( 'NONE',  ( -0.000000000000000000, -1.000000000000000000, 0.000000000000000000 ) ) ;
#8961 = VECTOR ( 'NONE', #10842, 1000.000000000000000 ) ;
#8962 = VERTEX_POINT ( 'NONE', #1408 ) ;
#8963 = LINE ( 'NONE', #8910, #9189 ) ;
#8964 = UNCERTAINTY_MEASURE_WITH_UNIT (LENGTH_MEASURE( 1.000000000000000082E-05 ), #1790, 'distance_accuracy_value', 'NONE');
#8965 = DIRECTION ( 'NONE',  ( 1.000000000000000000, -0.000000000000000000, 0.000000000000000000 ) ) ;
#8966 = DIRECTION ( 'NONE',  ( 1.000000000000000000, 0.000000000000000000, -0.000000000000000000 ) ) ;
#8967 = CARTESIAN_POINT ( 'NONE',  ( -14.05000000000000782, 4.000000000000000000, 10.44999999999999218 ) ) ;
#8968 = EDGE_CURVE ( 'NONE', #4041, #6943, #5266, .T. ) ;
#8969 = VECTOR ( 'NONE', #11089, 1000.000000000000114 ) ;
#8970 = CARTESIAN_POINT ( 'NONE',  ( -39.73386832212548114, 3.999999999999999112, 12.24999999999999467 ) ) ;
#8971 = ADVANCED_FACE ( 'NONE', ( #5199 ), #4140, .T. ) ;
#8972 = EDGE_CURVE ( 'NONE', #3556, #3089, #11104, .T. ) ;
#8973 = DIRECTION ( 'NONE',  ( 0.000000000000000000, 0.000000000000000000, 1.000000000000000000 ) ) ;
#8974 = ORIENTED_EDGE ( 'NONE', *, *, #5357, .T. ) ;
#8975 = ORIENTED_EDGE ( 'NONE', *, *, #8619, .F. ) ;
#8976 = EDGE_LOOP ( 'NONE', ( #5818, #8244, #893, #10081 ) ) ;
#8977 = CARTESIAN_POINT ( 'NONE',  ( -52.22340835089975997, 6.705390757595137252, 3.692296232791105304 ) ) ;
#8978 = CARTESIAN_POINT ( 'NONE',  ( -52.00319817479337559, 8.142736402474216817, -4.338327429859366369 ) ) ;
#8979 = LINE ( 'NONE', #5168, #7140 ) ;
#8980 = DIRECTION ( 'NONE',  ( 0.000000000000000000, 0.000000000000000000, 1.000000000000000000 ) ) ;
#8981 = EDGE_CURVE ( 'NONE', #9280, #702, #4322, .T. ) ;
#8982 = ADVANCED_FACE ( 'NONE', ( #638 ), #5026, .F. ) ;
#8983 = ORIENTED_EDGE ( 'NONE', *, *, #4123, .T. ) ;
#8984 = CARTESIAN_POINT ( 'NONE',  ( 29.59999999999998010, 0.3838500223531472466, -12.11869555732604908 ) ) ;
#8985 = EDGE_LOOP ( 'NONE', ( #1553, #1463 ) ) ;
#8986 = CARTESIAN_POINT ( 'NONE',  ( -52.20476218285805459, 8.012151297923443494, -4.275054182253295920 ) ) ;
#8987 = CARTESIAN_POINT ( 'NONE',  ( -47.50000000000000711, 14.00000000000000000, 9.500000000000001776 ) ) ;
#8988 = ORIENTED_EDGE ( 'NONE', *, *, #5262, .F. ) ;
#8989 = FACE_OUTER_BOUND ( 'NONE', #6706, .T. ) ;
#8990 = VERTEX_POINT ( 'NONE', #10576 ) ;
#8991 = LINE ( 'NONE', #11569, #10963 ) ;
#8992 = ORIENTED_EDGE ( 'NONE', *, *, #1570, .T. ) ;
#8993 = ADVANCED_FACE ( 'NONE', ( #9682 ), #2405, .F. ) ;
#8994 = CARTESIAN_POINT ( 'NONE',  ( -45.00000000000001421, 4.000000000000000000, -76.06160882753884778 ) ) ;
#8995 = EDGE_CURVE ( 'NONE', #11146, #4645, #1046, .T. ) ;
#8996 = CARTESIAN_POINT ( 'NONE',  ( -8.000000000000008882, 12.30000000000000071, -14.75000000000000178 ) ) ;
#8997 = CARTESIAN_POINT ( 'NONE',  ( -42.75000000000000000, 4.015686516701556741, 12.50000000000000000 ) ) ;
#8998 = ADVANCED_FACE ( 'NONE', ( #10030 ), #4613, .T. ) ;
#8999 = VECTOR ( 'NONE', #8669, 1000.000000000000000 ) ;
#9000 = CARTESIAN_POINT ( 'NONE',  ( -15.77802059593024708, 10.50000000000000000, 5.742729852557563852 ) ) ;
#9001 = EDGE_LOOP ( 'NONE', ( #10713, #5758, #3339, #6908, #9200, #2852 ) ) ;
#9002 = CARTESIAN_POINT ( 'NONE',  ( 47.49999999999997868, 10.50000000000000000, 12.25000000000000711 ) ) ;
#9003 = ORIENTED_EDGE ( 'NONE', *, *, #10438, .F. ) ;
#9004 = ORIENTED_EDGE ( 'NONE', *, *, #10438, .T. ) ;
#9005 = DIRECTION ( 'NONE',  ( -0.000000000000000000, -1.000000000000000000, 0.000000000000000000 ) ) ;
#9006 = CARTESIAN_POINT ( 'NONE',  ( -36.95000000000000284, 4.015686516701556741, 12.50000000000000000 ) ) ;
#9007 = ORIENTED_EDGE ( 'NONE', *, *, #4355, .F. ) ;
#9008 = LINE ( 'NONE', #5326, #10015 ) ;
#9009 = DIRECTION ( 'NONE',  ( 0.000000000000000000, 0.000000000000000000, -1.000000000000000000 ) ) ;
#9010 = EDGE_CURVE ( 'NONE', #4237, #3398, #2976, .T. ) ;
#9011 = CARTESIAN_POINT ( 'NONE',  ( -50.75000000000000711, 13.74843699104228989, -4.750000000000000000 ) ) ;
#9012 = CARTESIAN_POINT ( 'NONE',  ( -47.19749843554385649, 14.00000000000000000, 13.25000000000000178 ) ) ;
#9013 = CARTESIAN_POINT ( 'NONE',  ( 45.25000000000000711, 0.5999999999999989786, -7.250000000000000000 ) ) ;
#9014 = VECTOR ( 'NONE', #1732, 1000.000000000000000 ) ;
#9015 = ORIENTED_EDGE ( 'NONE', *, *, #3451, .T. ) ;
#9016 = DIRECTION ( 'NONE',  ( -1.000000000000000000, 0.000000000000000000, 0.000000000000000000 ) ) ;
#9017 = ORIENTED_EDGE ( 'NONE', *, *, #9184, .T. ) ;
#9018 = LINE ( 'NONE', #4564, #1404 ) ;
#9019 = CARTESIAN_POINT ( 'NONE',  ( -52.26327769597584449, 7.373890648591443053, 4.118545122950809656 ) ) ;
#9020 = ORIENTED_EDGE ( 'NONE', *, *, #411, .F. ) ;
#9021 = AXIS2_PLACEMENT_3D ( 'NONE', #11348, #9725, #5189 ) ;
#9022 = LINE ( 'NONE', #6277, #7915 ) ;
#9023 = DIRECTION ( 'NONE',  ( 0.000000000000000000, 0.000000000000000000, 1.000000000000000000 ) ) ;
#9024 = AXIS2_PLACEMENT_3D ( 'NONE', #3692, #7253, #4652 ) ;
#9025 = ORIENTED_EDGE ( 'NONE', *, *, #2826, .T. ) ;
#9026 = DIRECTION ( 'NONE',  ( 0.000000000000000000, 0.000000000000000000, 1.000000000000000000 ) ) ;
#9027 = DIRECTION ( 'NONE',  ( 2.891205793294671522E-15, 0.000000000000000000, 1.000000000000000000 ) ) ;
#9028 = ORIENTED_EDGE ( 'NONE', *, *, #10793, .T. ) ;
#9029 = CARTESIAN_POINT ( 'NONE',  ( -14.05000000000000782, 4.000000000000000000, 9.939999999999992397 ) ) ;
#9030 = EDGE_LOOP ( 'NONE', ( #5498, #9096, #3944, #5602 ) ) ;
#9031 = ORIENTED_EDGE ( 'NONE', *, *, #5333, .F. ) ;
#9032 = VECTOR ( 'NONE', #7816, 1000.000000000000000 ) ;
#9033 = EDGE_CURVE ( 'NONE', #10965, #880, #2041, .T. ) ;
#9034 = EDGE_CURVE ( 'NONE', #7870, #5418, #8955, .T. ) ;
#9035 = FACE_BOUND ( 'NONE', #11655, .T. ) ;
#9036 = CARTESIAN_POINT ( 'NONE',  ( -51.98539848752885462, 8.498678764500263938, -4.257248146259672517 ) ) ;
#9037 = PLANE ( 'NONE',  #1827 ) ;
#9038 = CARTESIAN_POINT ( 'NONE',  ( -44.80556128293850549, 3.929078799781798637, 8.949999999999985079 ) ) ;
#9039 = AXIS2_PLACEMENT_3D ( 'NONE', #9299, #6546, #2864 ) ;
#9040 = CARTESIAN_POINT ( 'NONE',  ( -52.39338509191046001, 8.925541345312232977, 3.731114064541552811 ) ) ;
#9041 = LINE ( 'NONE', #9224, #9316 ) ;
#9042 = ORIENTED_EDGE ( 'NONE', *, *, #6085, .F. ) ;
#9043 = CARTESIAN_POINT ( 'NONE',  ( -52.20456437409614381, 8.123970877145040959, -4.262457020310548295 ) ) ;
#9044 = ORIENTED_EDGE ( 'NONE', *, *, #9569, .F. ) ;
#9045 = EDGE_CURVE ( 'NONE', #9960, #10276, #9908, .T. ) ;
#9046 = CYLINDRICAL_SURFACE ( 'NONE', #2724, 5.499999999999988454 ) ;
#9047 = AXIS2_PLACEMENT_3D ( 'NONE', #5682, #10042, #9323 ) ;
#9048 = AXIS2_PLACEMENT_3D ( 'NONE', #2367, #8686, #3265 ) ;
#9049 = ORIENTED_EDGE ( 'NONE', *, *, #7235, .F. ) ;
#9050 = AXIS2_PLACEMENT_3D ( 'NONE', #9867, #4447, #8966 ) ;
#9051 = EDGE_CURVE ( 'NONE', #11207, #6473, #8237, .T. ) ;
#9052 = CARTESIAN_POINT ( 'NONE',  ( -52.21634909492504306, 6.777008925970867459, 3.782849669574260165 ) ) ;
#9053 = ORIENTED_EDGE ( 'NONE', *, *, #11666, .F. ) ;
#9054 = DIRECTION ( 'NONE',  ( 1.000000000000000000, 0.000000000000000000, -0.000000000000000000 ) ) ;
#9055 = ORIENTED_EDGE ( 'NONE', *, *, #5070, .F. ) ;
#9056 = PLANE ( 'NONE',  #5461 ) ;
#9057 = DIRECTION ( 'NONE',  ( -0.000000000000000000, -1.000000000000000000, 0.000000000000000000 ) ) ;
#9058 = CARTESIAN_POINT ( 'NONE',  ( 31.10000000000002274, 0.2999999999999998779, 2.298623679425836563 ) ) ;
#9059 = VECTOR ( 'NONE', #3776, 1000.000000000000000 ) ;
#9060 = CIRCLE ( 'NONE', #11546, 1.300000000000001155 ) ;
#9061 = CARTESIAN_POINT ( 'NONE',  ( 26.92441225411071670, 0.2999999999999999889, -11.47258064516129217 ) ) ;
#9062 = ORIENTED_EDGE ( 'NONE', *, *, #211, .T. ) ;
#9063 = DIRECTION ( 'NONE',  ( 1.000000000000000000, 0.000000000000000000, 7.304098846218136886E-17 ) ) ;
#9064 = ORIENTED_EDGE ( 'NONE', *, *, #1776, .T. ) ;
#9065 = EDGE_CURVE ( 'NONE', #6226, #9081, #4879, .T. ) ;
#9066 = VERTEX_POINT ( 'NONE', #6450 ) ;
#9067 = ADVANCED_FACE ( 'NONE', ( #813 ), #4319, .T. ) ;
#9068 = DIRECTION ( 'NONE',  ( 1.000000000000000000, 0.000000000000000000, 0.000000000000000000 ) ) ;
#9069 = VECTOR ( 'NONE', #6937, 1000.000000000000000 ) ;
#9070 = AXIS2_PLACEMENT_3D ( 'NONE', #498, #6715, #1387 ) ;
#9071 = CARTESIAN_POINT ( 'NONE',  ( 22.95788180854699334, 0.2999999999999998779, -8.283866831501338623 ) ) ;
#9072 = ORIENTED_EDGE ( 'NONE', *, *, #9404, .T. ) ;
#9073 = CARTESIAN_POINT ( 'NONE',  ( 2.128978811426075087E-15, 4.000000000000000000, 6.749999999999984901 ) ) ;
#9074 = DIRECTION ( 'NONE',  ( 0.000000000000000000, -0.000000000000000000, -1.000000000000000000 ) ) ;
#9075 = CARTESIAN_POINT ( 'NONE',  ( 22.95788180854702532, 0.2999999999999998779, 1.983866831501377215 ) ) ;
#9076 = DIRECTION ( 'NONE',  ( 0.000000000000000000, 0.000000000000000000, 1.000000000000000000 ) ) ;
#9077 = VECTOR ( 'NONE', #2062, 1000.000000000000000 ) ;
#9078 = LINE ( 'NONE', #10818, #3107 ) ;
#9079 = CIRCLE ( 'NONE', #5285, 2.700000000000001066 ) ;
#9080 = AXIS2_PLACEMENT_3D ( 'NONE', #6333, #1649, #11725 ) ;
#9081 = VERTEX_POINT ( 'NONE', #11000 ) ;
#9082 = EDGE_CURVE ( 'NONE', #10806, #5550, #8300, .T. ) ;
#9083 = CARTESIAN_POINT ( 'NONE',  ( -51.95000000000000995, 9.216960195022462443, 3.819531249999938982 ) ) ;
#9084 = ORIENTED_EDGE ( 'NONE', *, *, #2895, .T. ) ;
#9086 = ADVANCED_FACE ( 'NONE', ( #6265 ), #7270, .F. ) ;
#9085 = VECTOR ( 'NONE', #11403, 1000.000000000000000 ) ;
#9087 = CARTESIAN_POINT ( 'NONE',  ( -51.25000000000001421, 15.50000000000000000, 0.000000000000000000 ) ) ;
#9088 = ORIENTED_EDGE ( 'NONE', *, *, #2307, .F. ) ;
#9089 = CARTESIAN_POINT ( 'NONE',  ( -52.25000000000001421, 9.799999999999998934, 2.449999999999999734 ) ) ;
#9090 = B_SPLINE_CURVE_WITH_KNOTS ( 'NONE', 3,
 ( #6205, #2514, #6140, #276, #4668, #6382 ),
 .UNSPECIFIED., .F., .F.,
 ( 4, 2, 4 ),
 ( 0.000000000000000000, 0.0001955798652618910864, 0.0003911597305237821728 ),
 .UNSPECIFIED. ) ;
#9091 = LINE ( 'NONE', #947, #9826 ) ;
#9092 = CARTESIAN_POINT ( 'NONE',  ( -52.25000000000001421, 6.299999999999998046, 2.449999999999999734 ) ) ;
#9093 = CARTESIAN_POINT ( 'NONE',  ( -52.36525418156715972, 7.095950132782691711, 3.968473906735677126 ) ) ;
#9094 = DIRECTION ( 'NONE',  ( -0.8660254037844390407, 0.000000000000000000, -0.4999999999999992784 ) ) ;
#9095 = CARTESIAN_POINT ( 'NONE',  ( -47.19749843554385649, 15.50000000000000000, 13.25000000000000178 ) ) ;
#9096 = ORIENTED_EDGE ( 'NONE', *, *, #3067, .T. ) ;
#9097 = AXIS2_PLACEMENT_3D ( 'NONE', #4943, #8526, #3044 ) ;
#9098 = ORIENTED_EDGE ( 'NONE', *, *, #9708, .T. ) ;
#9099 = ORIENTED_EDGE ( 'NONE', *, *, #7894, .F. ) ;
#9100 = DIRECTION ( 'NONE',  ( 0.000000000000000000, 0.000000000000000000, 1.000000000000000000 ) ) ;
#9101 = CARTESIAN_POINT ( 'NONE',  ( 29.60000000000001563, 0.5999999999999989786, -2.917429908820129394E-14 ) ) ;
#9102 = CARTESIAN_POINT ( 'NONE',  ( 0.000000000000000000, 16.50000000000000000, 13.55000000000000604 ) ) ;
#9103 = DIRECTION ( 'NONE',  ( -1.000000000000000000, 0.000000000000000000, 4.476705744456300993E-16 ) ) ;
#9104 = CARTESIAN_POINT ( 'NONE',  ( 47.50000000000000000, 3.000000000000000000, -9.500000000000001776 ) ) ;
#9105 = ORIENTED_EDGE ( 'NONE', *, *, #10300, .F. ) ;
#9106 = VERTEX_POINT ( 'NONE', #4555 ) ;
#9107 = CARTESIAN_POINT ( 'NONE',  ( -52.33704905526285245, 7.900000000000956923, 4.225000000000027178 ) ) ;
#9108 = CARTESIAN_POINT ( 'NONE',  ( 22.18484194167169221, 0.1248391197358926508, -7.058743620592528245 ) ) ;
#9109 = EDGE_CURVE ( 'NONE', #2816, #9571, #7749, .T. ) ;
#9110 = AXIS2_PLACEMENT_3D ( 'NONE', #2053, #59, #10273 ) ;
#9111 = DIRECTION ( 'NONE',  ( 0.000000000000000000, 0.000000000000000000, 1.000000000000000000 ) ) ;
#9112 = ORIENTED_EDGE ( 'NONE', *, *, #3185, .T. ) ;
#9113 = VERTEX_POINT ( 'NONE', #3595 ) ;
#9114 = DIRECTION ( 'NONE',  ( 7.709882115452468306E-16, 0.000000000000000000, 1.000000000000000000 ) ) ;
#9115 = ORIENTED_EDGE ( 'NONE', *, *, #285, .F. ) ;
#9116 = VECTOR ( 'NONE', #997, 1000.000000000000000 ) ;
#9117 = LINE ( 'NONE', #7255, #693 ) ;
#9118 = ORIENTED_EDGE ( 'NONE', *, *, #10233, .T. ) ;
#9119 = FACE_OUTER_BOUND ( 'NONE', #11317, .T. ) ;
#9120 = DIRECTION ( 'NONE',  ( -1.000000000000000000, 0.000000000000000000, 0.000000000000000000 ) ) ;
#9121 = EDGE_CURVE ( 'NONE', #1533, #9530, #5447, .T. ) ;
#9122 = CARTESIAN_POINT ( 'NONE',  ( 27.92258338751491920, -0.01875823271672425255, -11.83096231100360107 ) ) ;
#9123 = EDGE_CURVE ( 'NONE', #9218, #4630, #7215, .T. ) ;
#9124 = CARTESIAN_POINT ( 'NONE',  ( -34.55000000000001137, 4.000000000000000000, 0.000000000000000000 ) ) ;
#9125 = VERTEX_POINT ( 'NONE', #10811 ) ;
#9126 = CARTESIAN_POINT ( 'NONE',  ( 45.25000000000000711, 7.500000000000000000, -0.9682458365518327170 ) ) ;
#9127 = CARTESIAN_POINT ( 'NONE',  ( 26.04929317472359074, 0.02221052063481701241, -6.311033455694997407 ) ) ;
#9128 = DIRECTION ( 'NONE',  ( 0.000000000000000000, -0.7208059210526562843, -0.6931369447486058766 ) ) ;
#9129 = CARTESIAN_POINT ( 'NONE',  ( -37.29999999999999716, 15.50000000000000000, 12.50000000000000000 ) ) ;
#9130 = CARTESIAN_POINT ( 'NONE',  ( -52.70000000000000284, 6.999999999999999112, 6.750000000000001776 ) ) ;
#9131 = EDGE_CURVE ( 'NONE', #2844, #11199, #7546, .T. ) ;
#9132 = LINE ( 'NONE', #9256, #10422 ) ;
#9133 = EDGE_CURVE ( 'NONE', #10878, #1815, #58, .T. ) ;
#9134 = FACE_OUTER_BOUND ( 'NONE', #2141, .T. ) ;
#9135 = VERTEX_POINT ( 'NONE', #2760 ) ;
#9136 = CARTESIAN_POINT ( 'NONE',  ( -51.95000001717433946, 9.040567522430063008, 3.989152884042849401 ) ) ;
#9137 = ORIENTED_EDGE ( 'NONE', *, *, #5648, .F. ) ;
#9138 = CARTESIAN_POINT ( 'NONE',  ( -52.45000000000000995, 9.397368276523902608, -3.013815789473690998 ) ) ;
#9139 = ORIENTED_EDGE ( 'NONE', *, *, #1920, .F. ) ;
#9140 = FACE_OUTER_BOUND ( 'NONE', #9553, .T. ) ;
#9141 = CARTESIAN_POINT ( 'NONE',  ( 22.35788180854700258, 0.000000000000000000, -7.244636346960008133 ) ) ;
#9142 = FACE_OUTER_BOUND ( 'NONE', #4871, .T. ) ;
#9143 = EDGE_CURVE ( 'NONE', #10514, #945, #170, .T. ) ;
#9144 = LINE ( 'NONE', #3612, #6359 ) ;
#9145 = EDGE_CURVE ( 'NONE', #11683, #1340, #2205, .T. ) ;
#9146 = DIRECTION ( 'NONE',  ( 0.000000000000000000, 0.000000000000000000, 1.000000000000000000 ) ) ;
#9147 = ADVANCED_FACE ( 'NONE', ( #1330 ), #4113, .T. ) ;
#9148 = LINE ( 'NONE', #8606, #2533 ) ;
#9149 = VERTEX_POINT ( 'NONE', #10485 ) ;
#9150 = VERTEX_POINT ( 'NONE', #7745 ) ;
#9151 = ORIENTED_EDGE ( 'NONE', *, *, #628, .T. ) ;
#9152 = VECTOR ( 'NONE', #3613, 1000.000000000000000 ) ;
#9153 = CARTESIAN_POINT ( 'NONE',  ( 31.08742105278087564, 0.2034051652805241028, 5.832385900611296137 ) ) ;
#9154 = CYLINDRICAL_SURFACE ( 'NONE', #8118, 2.000000000000000000 ) ;
#9155 = AXIS2_PLACEMENT_3D ( 'NONE', #1606, #4352, #6354 ) ;
#9156 = DIRECTION ( 'NONE',  ( 0.000000000000000000, 1.000000000000000000, -0.000000000000000000 ) ) ;
#9157 = DIRECTION ( 'NONE',  ( 0.000000000000000000, 0.000000000000000000, -1.000000000000000000 ) ) ;
#9158 = CARTESIAN_POINT ( 'NONE',  ( -42.17685957032786348, 13.29694875387735209, 12.36973257420731542 ) ) ;
#9159 = VERTEX_POINT ( 'NONE', #10430 ) ;
#9160 = VERTEX_POINT ( 'NONE', #5059 ) ;
#9161 = CARTESIAN_POINT ( 'NONE',  ( -50.25000000000000711, 7.500000000000000000, -9.499999999999982236 ) ) ;
#9162 = CARTESIAN_POINT ( 'NONE',  ( -45.19999999999994600, 14.09999999999999964, 11.75000000000000711 ) ) ;
#9163 = CIRCLE ( 'NONE', #2695, 0.2000000000000002609 ) ;
#9164 = DIRECTION ( 'NONE',  ( 1.000000000000000000, -0.000000000000000000, 0.000000000000000000 ) ) ;
#9165 = EDGE_LOOP ( 'NONE', ( #7559, #4675, #2845, #10952 ) ) ;
#9166 = ORIENTED_EDGE ( 'NONE', *, *, #3842, .T. ) ;
#9167 = ORIENTED_EDGE ( 'NONE', *, *, #5974, .F. ) ;
#9168 = DIRECTION ( 'NONE',  ( -0.000000000000000000, 0.000000000000000000, 1.000000000000000000 ) ) ;
#9169 = ORIENTED_EDGE ( 'NONE', *, *, #2293, .T. ) ;
#9170 = CARTESIAN_POINT ( 'NONE',  ( 31.09999999999998010, 0.3260746554922951956, -12.12433040485560021 ) ) ;
#9171 = ORIENTED_EDGE ( 'NONE', *, *, #2130, .F. ) ;
#9172 = SURFACE_STYLE_USAGE ( .BOTH. , #4597 ) ;
#9173 = DIRECTION ( 'NONE',  ( -0.000000000000000000, 1.000000000000000000, -0.000000000000000000 ) ) ;
#9174 = CIRCLE ( 'NONE', #6114, 2.000000000000003109 ) ;
#9175 = DIRECTION ( 'NONE',  ( 0.000000000000000000, 0.000000000000000000, 1.000000000000000000 ) ) ;
#9176 = DIRECTION ( 'NONE',  ( 0.000000000000000000, 0.000000000000000000, 1.000000000000000000 ) ) ;
#9177 = CARTESIAN_POINT ( 'NONE',  ( -51.99271289544002173, 7.419282861351952363, -4.292140065396725213 ) ) ;
#9178 = ORIENTED_EDGE ( 'NONE', *, *, #2149, .T. ) ;
#9179 = VERTEX_POINT ( 'NONE', #5612 ) ;
#9180 = DIRECTION ( 'NONE',  ( 0.000000000000000000, 1.000000000000000000, 1.865294060190115224E-16 ) ) ;
#9181 = DIRECTION ( 'NONE',  ( 2.668805347656624115E-15, 0.000000000000000000, 1.000000000000000000 ) ) ;
#9182 = ORIENTED_EDGE ( 'NONE', *, *, #6517, .F. ) ;
#9183 = CARTESIAN_POINT ( 'NONE',  ( -14.05000000000000782, 3.199999999999999734, -10.05000000000001315 ) ) ;
#9184 = EDGE_CURVE ( 'NONE', #9459, #3808, #8503, .T. ) ;
#9185 = CARTESIAN_POINT ( 'NONE',  ( 29.59999999999998010, 0.3260746554922954177, -12.12433040485560021 ) ) ;
#9186 = EDGE_CURVE ( 'NONE', #3803, #9960, #8358, .T. ) ;
#9187 = VERTEX_POINT ( 'NONE', #4998 ) ;
#9188 = CARTESIAN_POINT ( 'NONE',  ( -52.25000000000001421, 7.899999999999999467, -2.449999999999999734 ) ) ;
#9189 = VECTOR ( 'NONE', #9742, 1000.000000000000000 ) ;
#9190 = CARTESIAN_POINT ( 'NONE',  ( 51.95000000000000284, 10.80000000000000071, 1.700000000000000622 ) ) ;
#9191 = CARTESIAN_POINT ( 'NONE',  ( -42.26919264613326988, 13.30034953508066309, -12.27717671750640704 ) ) ;
#9192 = DIRECTION ( 'NONE',  ( 0.000000000000000000, 0.000000000000000000, -1.000000000000000000 ) ) ;
#9193 = ORIENTED_EDGE ( 'NONE', *, *, #3539, .T. ) ;
#9194 = CIRCLE ( 'NONE', #2349, 2.450000000000000622 ) ;
#9195 = DIRECTION ( 'NONE',  ( 0.000000000000000000, -1.734723475976806148E-14, -1.000000000000000000 ) ) ;
#9196 = ADVANCED_FACE ( 'NONE', ( #9540 ), #8698, .F. ) ;
#9197 = VECTOR ( 'NONE', #10181, 1000.000000000000000 ) ;
#9198 = ORIENTED_EDGE ( 'NONE', *, *, #2582, .F. ) ;
#9199 = EDGE_CURVE ( 'NONE', #3761, #4897, #8315, .T. ) ;
#9200 = ORIENTED_EDGE ( 'NONE', *, *, #2524, .F. ) ;
#9201 = CYLINDRICAL_SURFACE ( 'NONE', #7525, 2.000000000000000000 ) ;
#9202 = CARTESIAN_POINT ( 'NONE',  ( 38.59216030126667363, -4.307162536788117224E-16, 1.011545626786703567 ) ) ;
#9203 = EDGE_CURVE ( 'NONE', #2978, #4591, #2846, .T. ) ;
#9204 = DIRECTION ( 'NONE',  ( 0.000000000000000000, 0.000000000000000000, -1.000000000000000000 ) ) ;
#9205 = VECTOR ( 'NONE', #1104, 1000.000000000000000 ) ;
#9206 = LINE ( 'NONE', #6462, #7217 ) ;
#9207 = CARTESIAN_POINT ( 'NONE',  ( -51.25000000000001421, 14.00000000000000000, 9.499999999999978684 ) ) ;
#9208 = CARTESIAN_POINT ( 'NONE',  ( 51.95000000000000284, 10.80000000000000071, 2.500000000000000444 ) ) ;
#9209 = ORIENTED_EDGE ( 'NONE', *, *, #6882, .T. ) ;
#9210 = VERTEX_POINT ( 'NONE', #9598 ) ;
#9211 = ADVANCED_FACE ( 'NONE', ( #11270 ), #4940, .T. ) ;
#9212 = VECTOR ( 'NONE', #927, 1000.000000000000000 ) ;
#9213 = ORIENTED_EDGE ( 'NONE', *, *, #5872, .T. ) ;
#9214 = VECTOR ( 'NONE', #7512, 1000.000000000000000 ) ;
#9215 = CARTESIAN_POINT ( 'NONE',  ( -42.15000000000000568, 6.000000000000000000, 12.25000000000000533 ) ) ;
#9216 = EDGE_CURVE ( 'NONE', #10508, #3841, #1106, .T. ) ;
#9217 = CARTESIAN_POINT ( 'NONE',  ( 9.326490010960476695, 0.5999999999999989786, -16.15395455526719104 ) ) ;
#9218 = VERTEX_POINT ( 'NONE', #7680 ) ;
#9219 = PLANE ( 'NONE',  #2589 ) ;
#9220 = DIRECTION ( 'NONE',  ( 0.000000000000000000, 1.000000000000000000, -0.000000000000000000 ) ) ;
#9221 = ORIENTED_EDGE ( 'NONE', *, *, #4770, .F. ) ;
#9222 = DIRECTION ( 'NONE',  ( -0.000000000000000000, -0.000000000000000000, -1.000000000000000000 ) ) ;
#9223 = AXIS2_PLACEMENT_3D ( 'NONE', #10606, #4282, #6111 ) ;
#9224 = CARTESIAN_POINT ( 'NONE',  ( 41.25000000000000711, 5.500000000000000000, 10.25000000000000178 ) ) ;
#9225 = EDGE_LOOP ( 'NONE', ( #1249, #10018, #3517, #8746 ) ) ;
#9226 = CIRCLE ( 'NONE', #2948, 1.300000000000000711 ) ;
#9227 = DIRECTION ( 'NONE',  ( 0.000000000000000000, 0.000000000000000000, 1.000000000000000000 ) ) ;
#9228 = VERTEX_POINT ( 'NONE', #3156 ) ;
#9229 = ORIENTED_EDGE ( 'NONE', *, *, #8636, .T. ) ;
#9230 = ORIENTED_EDGE ( 'NONE', *, *, #3609, .T. ) ;
#9231 = ADVANCED_FACE ( 'NONE', ( #6777 ), #7800, .T. ) ;
#9232 = DIRECTION ( 'NONE',  ( -0.000000000000000000, -1.000000000000000000, -0.000000000000000000 ) ) ;
#9233 = VERTEX_POINT ( 'NONE', #6948 ) ;
#9234 = AXIS2_PLACEMENT_3D ( 'NONE', #5382, #1747, #5260 ) ;
#9235 = DIRECTION ( 'NONE',  ( -0.3420201433256696566, -0.000000000000000000, 0.9396926207859080948 ) ) ;
#9236 = ORIENTED_EDGE ( 'NONE', *, *, #6845, .F. ) ;
#9237 = LINE ( 'NONE', #42, #1746 ) ;
#9238 = DIRECTION ( 'NONE',  ( -0.000000000000000000, 1.000000000000000000, -0.000000000000000000 ) ) ;
#9239 = DIRECTION ( 'NONE',  ( 0.000000000000000000, -0.000000000000000000, 1.000000000000000000 ) ) ;
#9240 = CARTESIAN_POINT ( 'NONE',  ( -51.98554618413226791, 7.303653188896264581, -4.258079740417363368 ) ) ;
#9241 = ORIENTED_EDGE ( 'NONE', *, *, #11465, .F. ) ;
#9242 = CARTESIAN_POINT ( 'NONE',  ( 23.84999999999998366, 4.999999999999999112, 4.355068937057558623E-14 ) ) ;
#9243 = AXIS2_PLACEMENT_3D ( 'NONE', #7750, #3218, #2325 ) ;
#9244 = VECTOR ( 'NONE', #2556, 1000.000000000000000 ) ;
#9245 = CARTESIAN_POINT ( 'NONE',  ( 52.75100000000002609, 6.599999999999997868, -2.925000000000019806 ) ) ;
#9246 = ORIENTED_EDGE ( 'NONE', *, *, #11624, .T. ) ;
#9247 = PLANE ( 'NONE',  #5964 ) ;
#9248 = DIRECTION ( 'NONE',  ( 1.084202172485504434E-16, 0.000000000000000000, 1.000000000000000000 ) ) ;
#9249 = DIRECTION ( 'NONE',  ( -0.000000000000000000, 0.000000000000000000, 1.000000000000000000 ) ) ;
#9250 = AXIS2_PLACEMENT_3D ( 'NONE', #4962, #462, #4075 ) ;
#9251 = ORIENTED_EDGE ( 'NONE', *, *, #4687, .T. ) ;
#9252 = ORIENTED_EDGE ( 'NONE', *, *, #4245, .F. ) ;
#9253 = CARTESIAN_POINT ( 'NONE',  ( 52.75100000000002609, 9.199999999999999289, 2.924999999999979838 ) ) ;
#9254 = AXIS2_PLACEMENT_3D ( 'NONE', #2304, #1252, #10293 ) ;
#9255 = DIRECTION ( 'NONE',  ( 0.000000000000000000, 0.000000000000000000, 1.000000000000000000 ) ) ;
#9256 = CARTESIAN_POINT ( 'NONE',  ( 30.79999999999999361, 0.000000000000000000, -3.035704094312835312E-14 ) ) ;
#9257 = DIRECTION ( 'NONE',  ( 1.000000000000000000, 0.000000000000000000, -2.667330462785983744E-14 ) ) ;
#9258 = EDGE_CURVE ( 'NONE', #7922, #2834, #10412, .T. ) ;
#9259 = AXIS2_PLACEMENT_3D ( 'NONE', #4568, #3664, #10945 ) ;
#9260 = VERTEX_POINT ( 'NONE', #11440 ) ;
#9261 = AXIS2_PLACEMENT_3D ( 'NONE', #10640, #11469, #8900 ) ;
#9262 = AXIS2_PLACEMENT_3D ( 'NONE', #10001, #9164, #315 ) ;
#9263 = FACE_OUTER_BOUND ( 'NONE', #4876, .T. ) ;
#9264 = AXIS2_PLACEMENT_3D ( 'NONE', #6778, #8524, #4175 ) ;
#9265 = DIRECTION ( 'NONE',  ( 0.000000000000000000, 0.000000000000000000, 1.000000000000000000 ) ) ;
#9266 = CARTESIAN_POINT ( 'NONE',  ( -20.00000000000001066, 14.00000000000000000, 12.25000000000000178 ) ) ;
#9267 = CARTESIAN_POINT ( 'NONE',  ( -44.75000000000000711, 4.000000000000000000, 9.500000000000001776 ) ) ;
#9268 = VECTOR ( 'NONE', #4258, 1000.000000000000000 ) ;
#9269 = AXIS2_PLACEMENT_3D ( 'NONE', #8752, #11323, #7853 ) ;
#9270 = DIRECTION ( 'NONE',  ( 0.000000000000000000, 0.000000000000000000, -1.000000000000000000 ) ) ;
#9271 = EDGE_CURVE ( 'NONE', #3269, #9538, #9652, .T. ) ;
#9272 = FACE_OUTER_BOUND ( 'NONE', #10101, .T. ) ;
#9273 = ADVANCED_FACE ( 'NONE', ( #4170 ), #7007, .T. ) ;
#9274 = DIRECTION ( 'NONE',  ( 1.000000000000000000, 0.000000000000000000, -0.000000000000000000 ) ) ;
#9275 = ORIENTED_EDGE ( 'NONE', *, *, #5002, .F. ) ;
#9276 = DIRECTION ( 'NONE',  ( 0.000000000000000000, 0.000000000000000000, 1.000000000000000000 ) ) ;
#9277 = AXIS2_PLACEMENT_3D ( 'NONE', #10214, #5733, #1175 ) ;
#9278 = LINE ( 'NONE', #2719, #10511 ) ;
#9279 = DIRECTION ( 'NONE',  ( 0.000000000000000000, 1.000000000000000000, -0.000000000000000000 ) ) ;
#9280 = VERTEX_POINT ( 'NONE', #3271 ) ;
#9281 = CARTESIAN_POINT ( 'NONE',  ( -37.20000000000000284, 13.29999999999999893, 12.25000000000000000 ) ) ;
#9282 = CARTESIAN_POINT ( 'NONE',  ( 31.09999999999998010, 0.3260746554922951956, -12.12433040485560021 ) ) ;
#9283 = CARTESIAN_POINT ( 'NONE',  ( 31.10000000000001918, -0.001000000000000024307, -3.065272640686014474E-14 ) ) ;
#9284 = LINE ( 'NONE', #4750, #2344 ) ;
#9285 = ORIENTED_EDGE ( 'NONE', *, *, #10178, .T. ) ;
#9286 = DIRECTION ( 'NONE',  ( -0.000000000000000000, -0.000000000000000000, -1.000000000000000000 ) ) ;
#9287 = EDGE_CURVE ( 'NONE', #8687, #2229, #1326, .T. ) ;
#9288 = CARTESIAN_POINT ( 'NONE',  ( -45.00000000000001421, 4.000000000000000000, 8.949999999999985079 ) ) ;
#9289 = AXIS2_PLACEMENT_3D ( 'NONE', #11043, #2985, #7445 ) ;
#9290 = CARTESIAN_POINT ( 'NONE',  ( -50.25000000000000711, 7.899999999999999467, 2.449999999999999734 ) ) ;
#9291 = VECTOR ( 'NONE', #9180, 1000.000000000000000 ) ;
#9292 = EDGE_CURVE ( 'NONE', #6840, #3036, #3363, .T. ) ;
#9293 = FACE_OUTER_BOUND ( 'NONE', #2270, .T. ) ;
#9294 = ORIENTED_EDGE ( 'NONE', *, *, #5061, .T. ) ;
#9295 = ORIENTED_EDGE ( 'NONE', *, *, #4288, .T. ) ;
#9296 = ORIENTED_EDGE ( 'NONE', *, *, #7366, .T. ) ;
#9297 = CARTESIAN_POINT ( 'NONE',  ( -44.75000000000001421, 13.29257923089642901, 12.43439266236709173 ) ) ;
#9298 = VERTEX_POINT ( 'NONE', #8693 ) ;
#9299 = CARTESIAN_POINT ( 'NONE',  ( -52.25000000000001421, 7.899999999999999467, 2.449999999999999734 ) ) ;
#9300 = ORIENTED_EDGE ( 'NONE', *, *, #2507, .F. ) ;
#9301 = CARTESIAN_POINT ( 'NONE',  ( -2.000000000000008882, 12.50000000000000000, -13.55000000000001670 ) ) ;
#9302 = EDGE_CURVE ( 'NONE', #2479, #11512, #9834, .T. ) ;
#9303 = VECTOR ( 'NONE', #1991, 1000.000000000000000 ) ;
#9304 = CARTESIAN_POINT ( 'NONE',  ( -51.95000000000000995, 6.583039804977646625, -3.819531250000046896 ) ) ;
#9305 = ORIENTED_EDGE ( 'NONE', *, *, #9605, .F. ) ;
#9306 = ORIENTED_EDGE ( 'NONE', *, *, #5637, .T. ) ;
#9307 = EDGE_CURVE ( 'NONE', #8420, #5299, #5885, .T. ) ;
#9308 = CARTESIAN_POINT ( 'NONE',  ( -34.95000000000000284, 4.000000000000000000, 12.25000000000000000 ) ) ;
#9309 = AXIS2_PLACEMENT_3D ( 'NONE', #3442, #10618, #844 ) ;
#9310 = PLANE ( 'NONE',  #5950 ) ;
#9311 = ORIENTED_EDGE ( 'NONE', *, *, #8819, .F. ) ;
#9312 = LINE ( 'NONE', #6617, #2744 ) ;
#9313 = DIRECTION ( 'NONE',  ( 0.5000000000001236788, 0.000000000000000000, -0.8660254037843672092 ) ) ;
#9314 = DIRECTION ( 'NONE',  ( -1.000000000000000000, -0.000000000000000000, -1.871330610546719070E-17 ) ) ;
#9315 = ORIENTED_EDGE ( 'NONE', *, *, #8995, .F. ) ;
#9316 = VECTOR ( 'NONE', #1077, 1000.000000000000000 ) ;
#9317 = AXIS2_PLACEMENT_3D ( 'NONE', #6960, #564, #9485 ) ;
#9318 = CARTESIAN_POINT ( 'NONE',  ( -45.19999999999994600, 16.50000000000000000, -13.55000000000000249 ) ) ;
#9319 = DIRECTION ( 'NONE',  ( -1.000000000000000000, 0.000000000000000000, 0.000000000000000000 ) ) ;
#9320 = LINE ( 'NONE', #2832, #5954 ) ;
#9321 = ORIENTED_EDGE ( 'NONE', *, *, #5637, .F. ) ;
#9322 = PLANE ( 'NONE',  #6530 ) ;
#9323 = DIRECTION ( 'NONE',  ( -0.5000000000000001110, 0.000000000000000000, -0.8660254037844385966 ) ) ;
#9324 = AXIS2_PLACEMENT_3D ( 'NONE', #6038, #11416, #10512 ) ;
#9325 = LINE ( 'NONE', #3063, #10402 ) ;
#9326 = PRODUCT_RELATED_PRODUCT_CATEGORY ( 'part', '', ( #4381 ) ) ;
#9327 = CARTESIAN_POINT ( 'NONE',  ( 22.08039777241907586, 0.000000000000000000, 1.104841829914333218 ) ) ;
#9328 = DIRECTION ( 'NONE',  ( 0.000000000000000000, 1.000000000000000000, -0.000000000000000000 ) ) ;
#9329 = LINE ( 'NONE', #1183, #1738 ) ;
#9330 = DIRECTION ( 'NONE',  ( 1.000000000000000000, -0.000000000000000000, -8.462065736472229849E-17 ) ) ;
#9331 = ORIENTED_EDGE ( 'NONE', *, *, #8044, .T. ) ;
#9332 = ORIENTED_EDGE ( 'NONE', *, *, #788, .T. ) ;
#9333 = CARTESIAN_POINT ( 'NONE',  ( 5.998509989039530588, 0.2999999999999999889, 10.38972407072588311 ) ) ;
#9334 = AXIS2_PLACEMENT_3D ( 'NONE', #8184, #9912, #3655 ) ;
#9335 = DIRECTION ( 'NONE',  ( -0.000000000000000000, 1.000000000000000000, -0.000000000000000000 ) ) ;
#9336 = ADVANCED_FACE ( 'NONE', ( #1384 ), #4708, .T. ) ;
#9337 = ORIENTED_EDGE ( 'NONE', *, *, #6573, .T. ) ;
#9338 = FACE_OUTER_BOUND ( 'NONE', #7613, .T. ) ;
#9339 = CARTESIAN_POINT ( 'NONE',  ( -52.70000000000000284, 11.34999999999999964, 6.750000000000001776 ) ) ;
#9340 = EDGE_CURVE ( 'NONE', #6957, #7564, #11745, .T. ) ;
#9341 = CARTESIAN_POINT ( 'NONE',  ( -52.40568058483292901, 8.984780085661590476, 3.641416195902962283 ) ) ;
#9342 = EDGE_LOOP ( 'NONE', ( #6989, #11719, #1085, #8892, #5659, #10359 ) ) ;
#9343 = ADVANCED_FACE ( 'NONE', ( #608, #2263 ), #9536, .T. ) ;
#9344 = DIRECTION ( 'NONE',  ( 0.000000000000000000, 0.000000000000000000, 1.000000000000000000 ) ) ;
#9345 = DIRECTION ( 'NONE',  ( -0.000000000000000000, 1.000000000000000000, -0.000000000000000000 ) ) ;
#9346 = DIRECTION ( 'NONE',  ( -1.000000000000000000, 0.000000000000000000, 0.000000000000000000 ) ) ;
#9347 = DIRECTION ( 'NONE',  ( 0.000000000000000000, 0.000000000000000000, 1.000000000000000000 ) ) ;
#9348 = AXIS2_PLACEMENT_3D ( 'NONE', #7357, #4629, #2007 ) ;
#9349 = ORIENTED_EDGE ( 'NONE', *, *, #8460, .F. ) ;
#9350 = CIRCLE ( 'NONE', #7435, 0.2999999999999998779 ) ;
#9351 = ORIENTED_EDGE ( 'NONE', *, *, #11182, .F. ) ;
#9352 = ORIENTED_EDGE ( 'NONE', *, *, #11622, .T. ) ;
#9353 = DIRECTION ( 'NONE',  ( -0.000000000000000000, 0.05921052631576700920, 0.9982455176826039445 ) ) ;
#9354 = VERTEX_POINT ( 'NONE', #4994 ) ;
#9355 = ADVANCED_FACE ( 'NONE', ( #493 ), #11385, .F. ) ;
#9356 = CARTESIAN_POINT ( 'NONE',  ( -53.20000000000000284, 7.899999999999999467, -2.924999999999972289 ) ) ;
#9357 = VERTEX_POINT ( 'NONE', #3210 ) ;
#9358 = CARTESIAN_POINT ( 'NONE',  ( 26.00635347795579477, -0.001000000000000024307, 0.2238308925512702552 ) ) ;
#9359 = ADVANCED_FACE ( 'NONE', ( #6832 ), #10142, .F. ) ;
#9360 = CARTESIAN_POINT ( 'NONE',  ( 33.77558774588928969, 0.2999999999999999889, -11.47258064516129217 ) ) ;
#9361 = AXIS2_PLACEMENT_3D ( 'NONE', #2842, #2897, #132 ) ;
#9362 = AXIS2_PLACEMENT_3D ( 'NONE', #5542, #6370, #4656 ) ;
#9363 = CARTESIAN_POINT ( 'NONE',  ( -34.55000000000001137, 7.500000000000000000, 0.000000000000000000 ) ) ;
#9364 = ORIENTED_EDGE ( 'NONE', *, *, #9203, .F. ) ;
#9365 = FACE_OUTER_BOUND ( 'NONE', #5923, .T. ) ;
#9366 = CARTESIAN_POINT ( 'NONE',  ( -37.29999999999999716, 13.29999999999999893, 12.25000000000000178 ) ) ;
#9367 = CARTESIAN_POINT ( 'NONE',  ( 41.25000000000000000, 4.999999999999999112, 4.549999999999997158 ) ) ;
#9368 = EDGE_CURVE ( 'NONE', #3405, #11456, #838, .T. ) ;
#9369 = CIRCLE ( 'NONE', #2702, 0.2500000000000002220 ) ;
#9370 = DIRECTION ( 'NONE',  ( 0.000000000000000000, 0.000000000000000000, 1.000000000000000000 ) ) ;
#9371 = ADVANCED_FACE ( 'NONE', ( #7059 ), #3562, .T. ) ;
#9372 = ADVANCED_FACE ( 'NONE', ( #7117 ), #5227, .F. ) ;
#9373 = FACE_OUTER_BOUND ( 'NONE', #5169, .T. ) ;
#9374 = ORIENTED_EDGE ( 'NONE', *, *, #4343, .T. ) ;
#9375 = VERTEX_POINT ( 'NONE', #9992 ) ;
#9376 = FACE_OUTER_BOUND ( 'NONE', #3960, .T. ) ;
#9377 = DIRECTION ( 'NONE',  ( 0.000000000000000000, 0.000000000000000000, 1.000000000000000000 ) ) ;
#9378 = CARTESIAN_POINT ( 'NONE',  ( 26.00635347795579477, 0.2999999999999998779, 0.2238308925512702552 ) ) ;
#9379 = ORIENTED_EDGE ( 'NONE', *, *, #1668, .T. ) ;
#9380 = DIRECTION ( 'NONE',  ( 0.000000000000000000, 1.000000000000000000, 0.000000000000000000 ) ) ;
#9381 = EDGE_CURVE ( 'NONE', #6654, #945, #1602, .T. ) ;
#9382 = DIRECTION ( 'NONE',  ( 0.000000000000000000, 0.000000000000000000, -1.000000000000000000 ) ) ;
#9383 = CARTESIAN_POINT ( 'NONE',  ( 47.49999999999999289, 10.50000000000000000, 9.500000000000000000 ) ) ;
#9384 = CARTESIAN_POINT ( 'NONE',  ( 33.77558774588928969, 0.2999999999999999889, -11.47258064516129217 ) ) ;
#9385 = LINE ( 'NONE', #1182, #11144 ) ;
#9386 = VECTOR ( 'NONE', #9498, 1000.000000000000000 ) ;
#9387 = ORIENTED_EDGE ( 'NONE', *, *, #716, .T. ) ;
#9388 = VECTOR ( 'NONE', #426, 1000.000000000000000 ) ;
#9389 = DIRECTION ( 'NONE',  ( -8.462065736472242175E-17, 0.000000000000000000, -1.000000000000000000 ) ) ;
#9390 = VERTEX_POINT ( 'NONE', #4579 ) ;
#9391 = VERTEX_POINT ( 'NONE', #3437 ) ;
#9392 = CARTESIAN_POINT ( 'NONE',  ( 37.45000000000000284, 4.999999999999999112, 0.000000000000000000 ) ) ;
#9393 = DIRECTION ( 'NONE',  ( 0.000000000000000000, -1.000000000000000000, 0.000000000000000000 ) ) ;
#9394 = ORIENTED_EDGE ( 'NONE', *, *, #6693, .T. ) ;
#9395 = AXIS2_PLACEMENT_3D ( 'NONE', #5135, #6026, #3235 ) ;
#9396 = CARTESIAN_POINT ( 'NONE',  ( -40.15000000000000568, 6.000000000000000000, 12.25000000000000533 ) ) ;
#9397 = B_SPLINE_CURVE_WITH_KNOTS ( 'NONE', 3,
 ( #9533, #8519, #7561, #3091, #11214, #4819, #3039, #5822 ),
 .UNSPECIFIED., .F., .F.,
 ( 4, 2, 2, 4 ),
 ( 0.000000000000000000, 0.0001382025733524812176, 0.0002764051467049624352, 0.0005528102934099314841 ),
 .UNSPECIFIED. ) ;
#9398 = CARTESIAN_POINT ( 'NONE',  ( -42.12818916493461074, 3.043232937336305621, 8.949999999999992184 ) ) ;
#9399 = CARTESIAN_POINT ( 'NONE',  ( -20.00000000000001066, 14.00000000000000000, -13.55000000000001670 ) ) ;
#9400 = CARTESIAN_POINT ( 'NONE',  ( 47.49999999999999289, 2.499999999999999556, -8.649999999999998579 ) ) ;
#9401 = CARTESIAN_POINT ( 'NONE',  ( 29.89999999999998082, 0.09935464829977896928, -12.51567391470514856 ) ) ;
#9402 = DIRECTION ( 'NONE',  ( 0.000000000000000000, 0.000000000000000000, 1.000000000000000000 ) ) ;
#9403 = DIRECTION ( 'NONE',  ( -1.000000000000000000, 0.000000000000000000, 0.000000000000000000 ) ) ;
#9404 = EDGE_CURVE ( 'NONE', #10435, #11199, #961, .T. ) ;
#9405 = CARTESIAN_POINT ( 'NONE',  ( -52.25000000000001421, 6.299999999999998046, 2.449999999999999734 ) ) ;
#9406 = ORIENTED_EDGE ( 'NONE', *, *, #653, .T. ) ;
#9407 = VECTOR ( 'NONE', #7755, 1000.000000000000000 ) ;
#9408 = ADVANCED_FACE ( 'NONE', ( #10775 ), #723, .T. ) ;
#9409 = ORIENTED_EDGE ( 'NONE', *, *, #4925, .T. ) ;
#9410 = ORIENTED_EDGE ( 'NONE', *, *, #2872, .F. ) ;
#9411 = LINE ( 'NONE', #5052, #10944 ) ;
#9412 = ORIENTED_EDGE ( 'NONE', *, *, #5509, .F. ) ;
#9413 = ORIENTED_EDGE ( 'NONE', *, *, #926, .T. ) ;
#9414 = B_SPLINE_CURVE_WITH_KNOTS ( 'NONE', 3,
 ( #4937, #3153, #11267, #6833, #1210, #11441, #7619, #7741 ),
 .UNSPECIFIED., .F., .F.,
 ( 4, 2, 2, 4 ),
 ( 0.000000000000000000, 0.0001382025733524854731, 0.0002764051467049709462, 0.0005528102934099353872 ),
 .UNSPECIFIED. ) ;
#9415 = DIRECTION ( 'NONE',  ( 0.000000000000000000, 0.000000000000000000, 1.000000000000000000 ) ) ;
#9416 = ORIENTED_EDGE ( 'NONE', *, *, #9878, .F. ) ;
#9417 = DIRECTION ( 'NONE',  ( 1.000000000000000000, 0.000000000000000000, -5.139921410301692211E-16 ) ) ;
#9418 = LINE ( 'NONE', #5890, #7159 ) ;
#9419 = CARTESIAN_POINT ( 'NONE',  ( 31.79969169135249984, 0.3635327603604455171, -12.04733927355152368 ) ) ;
#9420 = AXIS2_PLACEMENT_3D ( 'NONE', #2034, #5658, #9114 ) ;
#9421 = AXIS2_PLACEMENT_3D ( 'NONE', #5335, #8960, #10819 ) ;
#9422 = PLANE ( 'NONE',  #9097 ) ;
#9423 = ORIENTED_EDGE ( 'NONE', *, *, #8842, .F. ) ;
#9424 = EDGE_CURVE ( 'NONE', #702, #6510, #1665, .T. ) ;
#9425 = DIRECTION ( 'NONE',  ( -1.000000000000000000, 0.000000000000000000, 0.000000000000000000 ) ) ;
#9426 = EDGE_CURVE ( 'NONE', #4021, #8837, #2609, .T. ) ;
#9427 = DIRECTION ( 'NONE',  ( 0.000000000000000000, 1.000000000000000000, 0.000000000000000000 ) ) ;
#9428 = AXIS2_PLACEMENT_3D ( 'NONE', #4040, #1431, #5816 ) ;
#9429 = TOROIDAL_SURFACE ( 'NONE', #3142, 5.199999999999988631, 0.2999999999999999889 ) ;
#9430 = DIRECTION ( 'NONE',  ( 0.000000000000000000, 0.000000000000000000, -1.000000000000000000 ) ) ;
#9431 = CARTESIAN_POINT ( 'NONE',  ( -44.58849590763991699, 4.000000000000000000, 9.566598681744359567 ) ) ;
#9432 = CARTESIAN_POINT ( 'NONE',  ( -37.29999999999999716, 13.29999999999999893, 12.25000000000000178 ) ) ;
#9433 = ORIENTED_EDGE ( 'NONE', *, *, #5759, .F. ) ;
#9434 = EDGE_LOOP ( 'NONE', ( #2973, #2472, #3703, #3380 ) ) ;
#9435 = DIRECTION ( 'NONE',  ( 0.000000000000000000, 0.000000000000000000, 1.000000000000000000 ) ) ;
#9436 = ORIENTED_EDGE ( 'NONE', *, *, #9861, .T. ) ;
#9437 = VECTOR ( 'NONE', #4227, 1000.000000000000000 ) ;
#9438 = CYLINDRICAL_SURFACE ( 'NONE', #2813, 0.9899999999999995470 ) ;
#9439 = EDGE_CURVE ( 'NONE', #8607, #8792, #10238, .T. ) ;
#9440 = CARTESIAN_POINT ( 'NONE',  ( 26.01898195638768030, 0.1300423822510699545, 0.1599150842195861677 ) ) ;
#9441 = ADVANCED_FACE ( 'NONE', ( #2074 ), #2230, .T. ) ;
#9442 = ORIENTED_EDGE ( 'NONE', *, *, #11759, .T. ) ;
#9443 = DIRECTION ( 'NONE',  ( 0.000000000000000000, 1.000000000000000000, -0.000000000000000000 ) ) ;
#9444 = AXIS2_PLACEMENT_3D ( 'NONE', #7642, #3240, #9382 ) ;
#9445 = VECTOR ( 'NONE', #2672, 1000.000000000000000 ) ;
#9446 = CARTESIAN_POINT ( 'NONE',  ( 21.96734517834434897, 4.999999999999999112, 21.96734517834455502 ) ) ;
#9447 = DIRECTION ( 'NONE',  ( 0.000000000000000000, 0.000000000000000000, 1.000000000000000000 ) ) ;
#9448 = FACE_OUTER_BOUND ( 'NONE', #7207, .T. ) ;
#9449 = DIRECTION ( 'NONE',  ( 0.000000000000000000, 1.000000000000000000, -0.000000000000000000 ) ) ;
#9450 = EDGE_CURVE ( 'NONE', #10962, #10180, #8262, .T. ) ;
#9451 = AXIS2_PLACEMENT_3D ( 'NONE', #4783, #3650, #8413 ) ;
#9452 = AXIS2_PLACEMENT_3D ( 'NONE', #2829, #1749, #4669 ) ;
#9453 = EDGE_CURVE ( 'NONE', #7300, #5620, #11200, .T. ) ;
#9454 = DIRECTION ( 'NONE',  ( 0.000000000000000000, 0.000000000000000000, 1.000000000000000000 ) ) ;
#9455 = ORIENTED_EDGE ( 'NONE', *, *, #1487, .F. ) ;
#9456 = EDGE_LOOP ( 'NONE', ( #6094, #6056, #10835, #508 ) ) ;
#9457 = DIRECTION ( 'NONE',  ( -2.668805347656624115E-15, 0.000000000000000000, -1.000000000000000000 ) ) ;
#9458 = CARTESIAN_POINT ( 'NONE',  ( -20.00000000000001066, 15.50000000000000000, 2.352167425053299574E-15 ) ) ;
#9459 = VERTEX_POINT ( 'NONE', #2959 ) ;
#9460 = CARTESIAN_POINT ( 'NONE',  ( -39.90000000000000568, 13.29999999999999893, -12.25000000000000000 ) ) ;
#9461 = VECTOR ( 'NONE', #1792, 1000.000000000000000 ) ;
#9462 = VECTOR ( 'NONE', #1072, 1000.000000000000000 ) ;
#9463 = PLANE ( 'NONE',  #9254 ) ;
#9464 = DIRECTION ( 'NONE',  ( 0.000000000000000000, 0.000000000000000000, -1.000000000000000000 ) ) ;
#9465 = CARTESIAN_POINT ( 'NONE',  ( 51.95000000000000284, 12.50000000000000000, -4.000000000000000000 ) ) ;
#9466 = CARTESIAN_POINT ( 'NONE',  ( -52.40568058483292901, 6.815219914338489282, -3.641416195903030673 ) ) ;
#9467 = DIRECTION ( 'NONE',  ( -0.9936665029951259331, -0.1123693945228737001, 0.000000000000000000 ) ) ;
#9468 = FACE_OUTER_BOUND ( 'NONE', #273, .T. ) ;
#9469 = VECTOR ( 'NONE', #1357, 1000.000000000000000 ) ;
#9470 = DIRECTION ( 'NONE',  ( -0.000000000000000000, -1.000000000000000000, -0.000000000000000000 ) ) ;
#9471 = ORIENTED_EDGE ( 'NONE', *, *, #1430, .T. ) ;
#9472 = ORIENTED_EDGE ( 'NONE', *, *, #6219, .F. ) ;
#9473 = ORIENTED_EDGE ( 'NONE', *, *, #9302, .T. ) ;
#9474 = DIRECTION ( 'NONE',  ( 0.000000000000000000, 0.000000000000000000, -1.000000000000000000 ) ) ;
#9475 = DIRECTION ( 'NONE',  ( 0.000000000000000000, 1.000000000000000000, 0.000000000000000000 ) ) ;
#9476 = CARTESIAN_POINT ( 'NONE',  ( 22.20788180854701821, 0.2999999999999998779, 0.6848287258247129916 ) ) ;
#9477 = ORIENTED_EDGE ( 'NONE', *, *, #10358, .T. ) ;
#9478 = CARTESIAN_POINT ( 'NONE',  ( -47.50000000000000711, 2.499999999999999556, 9.500000000000001776 ) ) ;
#9479 = CARTESIAN_POINT ( 'NONE',  ( -52.00324649621060757, 7.658793872361017385, 4.338515617864551643 ) ) ;
#9480 = CARTESIAN_POINT ( 'NONE',  ( -42.56613081906458973, 4.000000000000000000, 12.25000000000000178 ) ) ;
#9481 = CARTESIAN_POINT ( 'NONE',  ( -34.83096821607126969, 3.999650892192144536, 12.27727016374981694 ) ) ;
#9482 = EDGE_CURVE ( 'NONE', #11250, #10377, #369, .T. ) ;
#9483 = DIRECTION ( 'NONE',  ( 0.000000000000000000, 0.000000000000000000, -1.000000000000000000 ) ) ;
#9484 = ORIENTED_EDGE ( 'NONE', *, *, #926, .F. ) ;
#9485 = DIRECTION ( 'NONE',  ( 0.000000000000000000, 0.000000000000000000, 1.000000000000000000 ) ) ;
#9486 = ORIENTED_EDGE ( 'NONE', *, *, #1509, .F. ) ;
#9487 = CARTESIAN_POINT ( 'NONE',  ( -47.49999999999999289, 15.50000000000000000, -12.25000000000000000 ) ) ;
#9488 = CARTESIAN_POINT ( 'NONE',  ( -44.91053545811396219, 3.999999999999686917, 9.075744544112211543 ) ) ;
#9489 = EDGE_CURVE ( 'NONE', #10371, #1651, #10056, .T. ) ;
#9490 = FACE_OUTER_BOUND ( 'NONE', #10421, .T. ) ;
#9491 = ORIENTED_EDGE ( 'NONE', *, *, #2563, .T. ) ;
#9492 = ORIENTED_EDGE ( 'NONE', *, *, #3764, .F. ) ;
#9493 = EDGE_CURVE ( 'NONE', #7179, #1171, #8437, .T. ) ;
#9494 = CARTESIAN_POINT ( 'NONE',  ( -8.107033542344556309, 12.30000000000000071, 14.04179399400123351 ) ) ;
#9495 = VERTEX_POINT ( 'NONE', #4864 ) ;
#9496 = ADVANCED_FACE ( 'NONE', ( #10957 ), #9154, .F. ) ;
#9497 = CYLINDRICAL_SURFACE ( 'NONE', #550, 1.900000000000000577 ) ;
#9498 = DIRECTION ( 'NONE',  ( -0.000000000000000000, -0.000000000000000000, 1.000000000000000000 ) ) ;
#9499 = VERTEX_POINT ( 'NONE', #4694 ) ;
#9500 = EDGE_LOOP ( 'NONE', ( #1435, #2860, #5037, #4484 ) ) ;
#9501 = DIRECTION ( 'NONE',  ( 0.000000000000000000, 0.000000000000000000, -1.000000000000000000 ) ) ;
#9502 = CARTESIAN_POINT ( 'NONE',  ( -52.22340835089975997, 6.705390757595133699, 3.692296232791099975 ) ) ;
#9503 = ADVANCED_FACE ( 'NONE', ( #7367 ), #305, .T. ) ;
#9504 = FACE_OUTER_BOUND ( 'NONE', #2588, .T. ) ;
#9505 = VERTEX_POINT ( 'NONE', #138 ) ;
#9506 = LINE ( 'NONE', #10398, #2789 ) ;
#9507 = EDGE_CURVE ( 'NONE', #7783, #4550, #5082, .T. ) ;
#9508 = CYLINDRICAL_SURFACE ( 'NONE', #4337, 2.000000000000000000 ) ;
#9509 = LINE ( 'NONE', #10642, #1163 ) ;
#9510 = VERTEX_POINT ( 'NONE', #10114 ) ;
#9511 = DIRECTION ( 'NONE',  ( -0.000000000000000000, -1.000000000000000000, 0.000000000000000000 ) ) ;
#9512 = VERTEX_POINT ( 'NONE', #7424 ) ;
#9513 = VERTEX_POINT ( 'NONE', #9281 ) ;
#9514 = LINE ( 'NONE', #11475, #2162 ) ;
#9515 = VECTOR ( 'NONE', #1943, 1000.000000000000000 ) ;
#9516 = DIRECTION ( 'NONE',  ( 0.000000000000000000, 1.000000000000000000, 0.000000000000000000 ) ) ;
#9517 = ADVANCED_FACE ( 'NONE', ( #9338 ), #1015, .T. ) ;
#9518 = VERTEX_POINT ( 'NONE', #1192 ) ;
#9519 = DIRECTION ( 'NONE',  ( 1.000000000000000000, -0.000000000000000000, 0.000000000000000000 ) ) ;
#9520 = CARTESIAN_POINT ( 'NONE',  ( 51.95000000000000284, 10.80000000000000071, -1.700000000000000622 ) ) ;
#9521 = EDGE_CURVE ( 'NONE', #4520, #4064, #8324, .T. ) ;
#9522 = DIRECTION ( 'NONE',  ( -0.000000000000000000, 1.000000000000000000, -0.000000000000000000 ) ) ;
#9523 = EDGE_CURVE ( 'NONE', #698, #4645, #2421, .T. ) ;
#9524 = ORIENTED_EDGE ( 'NONE', *, *, #10769, .F. ) ;
#9525 = CARTESIAN_POINT ( 'NONE',  ( -52.34420783010357070, 8.320788012308149462, -4.159637416766245543 ) ) ;
#9526 = CARTESIAN_POINT ( 'NONE',  ( -20.00000000000001066, 14.00000000000000000, -14.75000000000000355 ) ) ;
#9527 = CARTESIAN_POINT ( 'NONE',  ( 47.50000000000000000, 7.500000000000000000, -9.500000000000001776 ) ) ;
#9528 = CARTESIAN_POINT ( 'NONE',  ( -14.05000000000000782, -16.61771083316477515, -10.05000000000001137 ) ) ;
#9529 = ORIENTED_EDGE ( 'NONE', *, *, #5898, .T. ) ;
#9530 = VERTEX_POINT ( 'NONE', #10176 ) ;
#9531 = ORIENTED_EDGE ( 'NONE', *, *, #3149, .T. ) ;
#9532 = ORIENTED_EDGE ( 'NONE', *, *, #687, .T. ) ;
#9533 = CARTESIAN_POINT ( 'NONE',  ( 31.09999999999998366, 0.2999999999999998779, -8.598623679425841715 ) ) ;
#9534 = ADVANCED_FACE ( 'NONE', ( #4746 ), #2903, .T. ) ;
#9535 = VERTEX_POINT ( 'NONE', #7482 ) ;
#9536 = PLANE ( 'NONE',  #11178 ) ;
#9537 = CARTESIAN_POINT ( 'NONE',  ( 22.20231509708503737, 0.2034051652805227428, 0.7025675853119872638 ) ) ;
#9538 = VERTEX_POINT ( 'NONE', #11132 ) ;
#9539 = CARTESIAN_POINT ( 'NONE',  ( 0.000000000000000000, 4.000000000000000000, -6.750000000000000000 ) ) ;
#9540 = FACE_OUTER_BOUND ( 'NONE', #9434, .T. ) ;
#9541 = CARTESIAN_POINT ( 'NONE',  ( 35.44364652204421873, 0.2531612188914918460, -5.224792786874609796 ) ) ;
#9542 = CARTESIAN_POINT ( 'NONE',  ( -51.22917112000553885, 15.50000000000000000, -9.894693245086278566 ) ) ;
#9543 = ORIENTED_EDGE ( 'NONE', *, *, #2524, .T. ) ;
#9544 = VECTOR ( 'NONE', #9900, 1000.000000000000000 ) ;
#9545 = CARTESIAN_POINT ( 'NONE',  ( -52.38137872115763116, 6.932304517613466999, -3.818702871855652159 ) ) ;
#9546 = LINE ( 'NONE', #9367, #119 ) ;
#9547 = ORIENTED_EDGE ( 'NONE', *, *, #10447, .T. ) ;
#9548 = APPLICATION_CONTEXT ( 'automotive_design' ) ;
#9549 = CARTESIAN_POINT ( 'NONE',  ( -14.05000000000000782, 4.000000000000000000, 11.44999999999999218 ) ) ;
#9550 = VERTEX_POINT ( 'NONE', #2184 ) ;
#9551 = CARTESIAN_POINT ( 'NONE',  ( -8.958845726811304644, 12.30000000000000071, 13.55000000000019078 ) ) ;
#9552 = TOROIDAL_SURFACE ( 'NONE', #1193, 1.500000000000000888, 0.2000000000000000111 ) ;
#9553 = EDGE_LOOP ( 'NONE', ( #154, #471, #9891, #8758 ) ) ;
#9554 = CARTESIAN_POINT ( 'NONE',  ( -44.75000000000000711, 6.000000000000000000, 14.25000000000000355 ) ) ;
#9555 = ORIENTED_EDGE ( 'NONE', *, *, #5005, .T. ) ;
#9556 = CARTESIAN_POINT ( 'NONE',  ( 31.10000000000002629, 0.2999999999999998779, 5.818695557326043044 ) ) ;
#9557 = CARTESIAN_POINT ( 'NONE',  ( -52.27797353565419769, 9.185554008425263817, -3.207069356143840810 ) ) ;
#9558 = EDGE_CURVE ( 'NONE', #7446, #1380, #598, .T. ) ;
#9559 = TOROIDAL_SURFACE ( 'NONE', #6877, 1.600000000000000755, 0.2999999999999999889 ) ;
#9560 = ORIENTED_EDGE ( 'NONE', *, *, #11484, .T. ) ;
#9561 = EDGE_CURVE ( 'NONE', #4207, #10445, #5445, .T. ) ;
#9562 = FACE_OUTER_BOUND ( 'NONE', #10861, .T. ) ;
#9563 = LINE ( 'NONE', #10507, #898 ) ;
#9564 = EDGE_LOOP ( 'NONE', ( #3499, #7878, #3450, #2538 ) ) ;
#9565 = DIRECTION ( 'NONE',  ( -1.000000000000000000, 0.000000000000000000, 8.462065736472229849E-17 ) ) ;
#9566 = DIRECTION ( 'NONE',  ( 0.000000000000000000, 1.000000000000000000, -0.000000000000000000 ) ) ;
#9567 = VECTOR ( 'NONE', #2078, 1000.000000000000000 ) ;
#9568 = DIRECTION ( 'NONE',  ( 1.000000000000000000, -0.000000000000000000, -0.000000000000000000 ) ) ;
#9569 = EDGE_CURVE ( 'NONE', #7647, #7047, #3343, .T. ) ;
#9570 = CARTESIAN_POINT ( 'NONE',  ( -45.20000000000000284, 14.00000000000000000, -6.750000000000000888 ) ) ;
#9571 = VERTEX_POINT ( 'NONE', #8675 ) ;
#9572 = EDGE_CURVE ( 'NONE', #9988, #7429, #9950, .T. ) ;
#9573 = DIRECTION ( 'NONE',  ( -0.000000000000000000, 1.000000000000000000, -0.000000000000000000 ) ) ;
#9574 = VECTOR ( 'NONE', #10059, 1000.000000000000000 ) ;
#9575 = ORIENTED_EDGE ( 'NONE', *, *, #5717, .T. ) ;
#9576 = CARTESIAN_POINT ( 'NONE',  ( -7.235066204683769069E-16, 3.010000000000000231, -8.550000000000016698 ) ) ;
#9577 = VERTEX_POINT ( 'NONE', #6820 ) ;
#9578 = CARTESIAN_POINT ( 'NONE',  ( -20.00000000000001066, 15.50001199999999990, -12.25000000000000000 ) ) ;
#9579 = FACE_OUTER_BOUND ( 'NONE', #3261, .T. ) ;
#9580 = ORIENTED_EDGE ( 'NONE', *, *, #1932, .T. ) ;
#9581 = CYLINDRICAL_SURFACE ( 'NONE', #4695, 0.8500000000000000888 ) ;
#9582 = VERTEX_POINT ( 'NONE', #11303 ) ;
#9583 = VECTOR ( 'NONE', #10646, 1000.000000000000000 ) ;
#9584 = CARTESIAN_POINT ( 'NONE',  ( -40.15000000000000568, 4.015686516701556741, 12.50000000000000000 ) ) ;
#9585 = PLANE ( 'NONE',  #6824 ) ;
#9586 = EDGE_CURVE ( 'NONE', #7986, #9135, #3411, .T. ) ;
#9587 = CARTESIAN_POINT ( 'NONE',  ( -37.43096821607127112, 13.30034910780785395, -12.27727016374981694 ) ) ;
#9588 = ORIENTED_EDGE ( 'NONE', *, *, #9368, .F. ) ;
#9589 = EDGE_CURVE ( 'NONE', #767, #7047, #8560, .T. ) ;
#9590 = ORIENTED_EDGE ( 'NONE', *, *, #6287, .T. ) ;
#9591 = VECTOR ( 'NONE', #5622, 1000.000000000000000 ) ;
#9592 = FACE_OUTER_BOUND ( 'NONE', #1091, .T. ) ;
#9593 = DIRECTION ( 'NONE',  ( -1.000000000000000000, 0.000000000000000000, -0.000000000000000000 ) ) ;
#9594 = AXIS2_PLACEMENT_3D ( 'NONE', #4870, #3084, #6533 ) ;
#9595 = DIRECTION ( 'NONE',  ( 0.000000000000000000, 0.000000000000000000, 1.000000000000000000 ) ) ;
#9596 = ORIENTED_EDGE ( 'NONE', *, *, #10909, .T. ) ;
#9597 = CARTESIAN_POINT ( 'NONE',  ( 0.000000000000000000, 10.50000000000000000, 4.000000000000000000 ) ) ;
#9598 = CARTESIAN_POINT ( 'NONE',  ( -8.000000000000008882, 10.50000000000000000, -14.75000000000000178 ) ) ;
#9599 = CARTESIAN_POINT ( 'NONE',  ( -42.50000000000000000, 4.000000000000000000, 12.25000000000000000 ) ) ;
#9600 = VECTOR ( 'NONE', #11685, 1000.000000000000000 ) ;
#9601 = DIRECTION ( 'NONE',  ( 0.000000000000000000, 0.000000000000000000, 1.000000000000000000 ) ) ;
#9602 = EDGE_LOOP ( 'NONE', ( #10702, #8856, #7002, #771 ) ) ;
#9603 = EDGE_CURVE ( 'NONE', #2834, #1848, #4027, .T. ) ;
#9604 = DIRECTION ( 'NONE',  ( 1.000000000000000000, -0.000000000000000000, -8.462065736472229849E-17 ) ) ;
#9605 = EDGE_CURVE ( 'NONE', #3398, #3332, #3135, .T. ) ;
#9606 = FACE_OUTER_BOUND ( 'NONE', #8985, .T. ) ;
#9607 = ORIENTED_EDGE ( 'NONE', *, *, #8724, .F. ) ;
#9608 = VECTOR ( 'NONE', #2902, 1000.000000000000000 ) ;
#9609 = FACE_OUTER_BOUND ( 'NONE', #2234, .T. ) ;
#9610 = DIRECTION ( 'NONE',  ( 0.000000000000000000, -1.000000000000000000, 0.000000000000000000 ) ) ;
#9611 = VERTEX_POINT ( 'NONE', #2250 ) ;
#9612 = ORIENTED_EDGE ( 'NONE', *, *, #9913, .T. ) ;
#9613 = DIRECTION ( 'NONE',  ( 0.000000000000000000, 0.000000000000000000, -1.000000000000000000 ) ) ;
#9614 = DIRECTION ( 'NONE',  ( -1.000000000000000000, 0.000000000000000000, 0.000000000000000000 ) ) ;
#9615 = DIRECTION ( 'NONE',  ( -0.000000000000000000, 1.000000000000000000, -0.000000000000000000 ) ) ;
#9616 = VECTOR ( 'NONE', #8060, 1000.000000000000000 ) ;
#9617 = ORIENTED_EDGE ( 'NONE', *, *, #1079, .T. ) ;
#9618 = LINE ( 'NONE', #1296, #847 ) ;
#9619 = ORIENTED_EDGE ( 'NONE', *, *, #2448, .F. ) ;
#9620 = DIRECTION ( 'NONE',  ( -0.000000000000000000, -1.000000000000000000, 0.000000000000000000 ) ) ;
#9621 = EDGE_LOOP ( 'NONE', ( #1662, #2565, #5388, #1781, #5916, #7927, #9306, #778, #455, #1344, #3827, #7984, #11192, #7294 ) ) ;
#9622 = CARTESIAN_POINT ( 'NONE',  ( -42.15000000000000568, 11.29999999999999716, 14.25000000000000355 ) ) ;
#9623 = AXIS2_PLACEMENT_3D ( 'NONE', #10665, #1719, #7918 ) ;
#9624 = CARTESIAN_POINT ( 'NONE',  ( -36.94999999999912887, 4.007420273433608848, 12.43438872810979490 ) ) ;
#9625 = DIRECTION ( 'NONE',  ( 0.000000000000000000, 0.000000000000000000, 1.000000000000000000 ) ) ;
#9626 = ADVANCED_FACE ( 'NONE', ( #4977 ), #539, .T. ) ;
#9627 = AXIS2_PLACEMENT_3D ( 'NONE', #1760, #1589, #4507 ) ;
#9628 = CARTESIAN_POINT ( 'NONE',  ( -22.80000000000001492, 10.50000000000000000, -13.55000000000000249 ) ) ;
#9629 = ORIENTED_EDGE ( 'NONE', *, *, #7370, .F. ) ;
#9630 = VECTOR ( 'NONE', #2487, 1000.000000000000000 ) ;
#9631 = ORIENTED_EDGE ( 'NONE', *, *, #6108, .T. ) ;
#9632 = AXIS2_PLACEMENT_3D ( 'NONE', #6415, #7425, #8206 ) ;
#9633 = LINE ( 'NONE', #11366, #7281 ) ;
#9634 = VERTEX_POINT ( 'NONE', #3078 ) ;
#9635 = CARTESIAN_POINT ( 'NONE',  ( -52.26258374207945678, 8.324569528330229673, 4.158469840024134001 ) ) ;
#9636 = LINE ( 'NONE', #9576, #8084 ) ;
#9637 = ORIENTED_EDGE ( 'NONE', *, *, #5576, .F. ) ;
#9638 = CARTESIAN_POINT ( 'NONE',  ( -39.96613081906459541, 13.29999999999999893, -12.25000000000000178 ) ) ;
#9639 = CARTESIAN_POINT ( 'NONE',  ( 34.63139739626852531, -4.997494388800372001E-16, -0.08009484805971699151 ) ) ;
#9640 = CARTESIAN_POINT ( 'NONE',  ( -14.05000000000000782, 3.199999999999999734, 10.44999999999999218 ) ) ;
#9641 = EDGE_CURVE ( 'NONE', #5418, #7569, #4691, .T. ) ;
#9642 = VECTOR ( 'NONE', #6264, 1000.000000000000000 ) ;
#9643 = VERTEX_POINT ( 'NONE', #7720 ) ;
#9644 = AXIS2_PLACEMENT_3D ( 'NONE', #5556, #6384, #872 ) ;
#9645 = CARTESIAN_POINT ( 'NONE',  ( -52.40568058483291480, 8.984780085661506988, -3.641416195903035113 ) ) ;
#9646 = EDGE_CURVE ( 'NONE', #3369, #11478, #2393, .T. ) ;
#9647 = CARTESIAN_POINT ( 'NONE',  ( -6.400000000000007461, 4.000000000000000000, 9.939999999999992397 ) ) ;
#9648 = CLOSED_SHELL ( 'NONE', ( #6204, #720, #3973, #1065, #10813, #6633, #957, #2664, #1450, #10389, #11341, #4969, #11382, #1170, #10175, #8406, #4252, #7143, #4242, #978, #7626, #5937, #2651, #5104, #2636, #4718, #8392, #1217, #1777, #701, #10654, #4813, #5150, #11311, #2158, #1764, #5075, #6025, #7395, #1511, #9196, #3083, #7237, #4178, #10817, #1004, #9807, #5045, #8139, #6441, #775, #8359, #8993, #11453, #7125, #3605, #1070, #9704, #10583, #2597, #5920, #10906, #11482, #4436, #11553, #270, #7449, #6558, #4749, #5846, #5495, #6044, #11352, #7548, #980, #8982, #4782, #9876, #1494, #3106, #11703, #2633, #4458, #3245, #11613, #6297, #3095, #5557, #912, #906, #2551, #10473, #1190, #551, #11258, #7100, #4328, #1729, #3670, #5834, #3763, #9343, #3809, #7085, #11275, #630, #7693, #9503, #11327, #4700, #3165, #5443, #5977, #3318, #2350, #3893, #9716, #4845, #9273, #7351, #10282, #1122, #9408, #9889, #2028, #2451, #11109, #7503, #8317, #8545, #4087, #5344, #6739, #7611, #5111, #4705, #4895, #6350, #227, #10022, #2732, #8934, #371, #2824, #6797, #9534, #1481, #9359, #1834, #10311, #6802, #10360, #5346, #3656, #3963, #6409, #4432, #3306, #7993, #5265, #869, #4855, #1288, #1500, #6874, #2156, #11307, #910, #11165, #1543, #3406, #7977, #4545, #4423, #9940, #10145, #2650, #9496, #10471, #7898, #4885, #10579, #3646, #2957, #6958, #94, #8389, #9848, #6148, #4136, #513, #2883, #3151, #9888, #989, #4485, #6283, #1220, #10949, #8788, #6146, #9147, #10677, #8466, #4499, #193, #3220, #9701, #11321, #8857, #4035, #11245, #8998, #6785, #10084, #4752, #11611, #429, #3099, #8095, #11563, #6714, #6624, #8787, #11135, #9086, #3523, #10740, #8165, #6699, #2929, #9517, #9336, #5377, #10910, #8906, #11762, #3732, #3688, #9980, #10009, #11061, #10393, #6070, #7161, #9355, #6049, #8058, #11681, #4470, #10580, #1272, #11097, #10960, #9372, #3322, #2013, #5654, #7730, #3179, #497, #10495, #4208, #8116, #8327, #9911, #9371, #11059, #8825, #159, #2678, #11743, #4331, #566, #2792, #9211, #7810, #10375, #2274, #2339, #11195, #3555, #8258, #9231, #11120, #5564, #10542, #11046, #2064, #11139, #148, #5497, #8531, #2747, #7542, #1461, #8477, #11602, #5481, #1427, #6722, #2321, #10866, #10620, #405, #11600, #2066, #941, #3729, #8771, #7327, #8344, #4906, #8032, #2857, #3006, #8409, #3908, #9626, #10537, #9067, #1351, #4985, #226, #10516, #9864, #1236, #9441, #3666, #7224, #8971, #7772, #367, #5441, #66, #8274, #6134, #7847, #6182, #5830, #8375, #5412, #5518, #6084, #2773, #5581, #4651, #7311, #5137, #2728, #7663, #8193 ) ) ;
#9649 = CARTESIAN_POINT ( 'NONE',  ( -37.54999999999999005, 13.29257923089642901, -12.43439266236709173 ) ) ;
#9650 = AXIS2_PLACEMENT_3D ( 'NONE', #2306, #600, #6994 ) ;
#9651 = ORIENTED_EDGE ( 'NONE', *, *, #1941, .F. ) ;
#9652 = CIRCLE ( 'NONE', #4512, 2.000000000000003109 ) ;
#9653 = FACE_OUTER_BOUND ( 'NONE', #11103, .T. ) ;
#9654 = VERTEX_POINT ( 'NONE', #6935 ) ;
#9655 = CARTESIAN_POINT ( 'NONE',  ( -51.95000000000000995, 6.583039804977630638, -3.819531250000030465 ) ) ;
#9656 = DIRECTION ( 'NONE',  ( -0.000000000000000000, -1.000000000000000000, -0.000000000000000000 ) ) ;
#9657 = VERTEX_POINT ( 'NONE', #11370 ) ;
#9658 = PLANE ( 'NONE',  #7645 ) ;
#9659 = EDGE_CURVE ( 'NONE', #5223, #435, #10617, .T. ) ;
#9660 = CARTESIAN_POINT ( 'NONE',  ( -2.000000000000008882, 12.50000000000000000, 13.35000000000018971 ) ) ;
#9661 = EDGE_CURVE ( 'NONE', #1848, #5365, #4893, .T. ) ;
#9662 = VECTOR ( 'NONE', #824, 1000.000000000000000 ) ;
#9663 = CARTESIAN_POINT ( 'NONE',  ( 27.79172844784024932, 0.3177436246152078869, -11.79092440057350366 ) ) ;
#9664 = ORIENTED_EDGE ( 'NONE', *, *, #6890, .T. ) ;
#9665 = CARTESIAN_POINT ( 'NONE',  ( 39.38469035668907026, 0.5999999999999989786, 4.549999999999998934 ) ) ;
#9666 = CIRCLE ( 'NONE', #6979, 0.3000000000000000444 ) ;
#9667 = ORIENTED_EDGE ( 'NONE', *, *, #1173, .T. ) ;
#9668 = CARTESIAN_POINT ( 'NONE',  ( 31.33724788004915141, 0.09172121367817011317, -12.48675574702641278 ) ) ;
#9669 = ORIENTED_EDGE ( 'NONE', *, *, #642, .T. ) ;
#9670 = CARTESIAN_POINT ( 'NONE',  ( -44.11823529869968752, 4.000000000000000000, 9.731671622123664989 ) ) ;
#9671 = EDGE_CURVE ( 'NONE', #11552, #7906, #9692, .T. ) ;
#9672 = DIRECTION ( 'NONE',  ( 0.000000000000000000, 1.000000000000000000, -0.000000000000000000 ) ) ;
#9673 = EDGE_LOOP ( 'NONE', ( #8734, #11022, #4101, #6237 ) ) ;
#9674 = ORIENTED_EDGE ( 'NONE', *, *, #11397, .T. ) ;
#9675 = EDGE_CURVE ( 'NONE', #9066, #3834, #1535, .T. ) ;
#9676 = CARTESIAN_POINT ( 'NONE',  ( 0.000000000000000000, 8.500000000000000000, 12.25000000000000711 ) ) ;
#9677 = FACE_OUTER_BOUND ( 'NONE', #8396, .T. ) ;
#9678 = DIRECTION ( 'NONE',  ( -1.000000000000000000, 0.000000000000000000, 0.000000000000000000 ) ) ;
#9679 = ORIENTED_EDGE ( 'NONE', *, *, #1884, .T. ) ;
#9680 = CARTESIAN_POINT ( 'NONE',  ( 29.83195113381826502, -9.035018104045775784E-18, -8.392872227640870264 ) ) ;
#9681 = DIRECTION ( 'NONE',  ( 0.000000000000000000, 0.000000000000000000, -1.000000000000000000 ) ) ;
#9682 = FACE_OUTER_BOUND ( 'NONE', #3423, .T. ) ;
#9683 = DIRECTION ( 'NONE',  ( 0.000000000000000000, 0.000000000000000000, 1.000000000000000000 ) ) ;
#9684 = CARTESIAN_POINT ( 'NONE',  ( 2.009170479469691184, 12.50000000000000000, -14.75000000000000178 ) ) ;
#9685 = VECTOR ( 'NONE', #1641, 1000.000000000000000 ) ;
#9686 = VECTOR ( 'NONE', #8360, 1000.000000000000114 ) ;
#9687 = DIRECTION ( 'NONE',  ( 1.000000000000000000, -0.000000000000000000, 0.000000000000000000 ) ) ;
#9688 = EDGE_LOOP ( 'NONE', ( #7940, #10518, #1584, #6828 ) ) ;
#9689 = CARTESIAN_POINT ( 'NONE',  ( -45.19999999999994600, 7.500000000000000000, -14.75000000000000355 ) ) ;
#9690 = ORIENTED_EDGE ( 'NONE', *, *, #211, .F. ) ;
#9691 = EDGE_LOOP ( 'NONE', ( #8959, #3630, #10669, #10785 ) ) ;
#9692 = LINE ( 'NONE', #9578, #2994 ) ;
#9693 = DIRECTION ( 'NONE',  ( 0.000000000000000000, 1.000000000000000000, -0.000000000000000000 ) ) ;
#9694 = EDGE_LOOP ( 'NONE', ( #4517, #8094, #9776, #7044, #2183, #9945, #4267, #9811, #1615, #9294, #9823, #999, #1172, #6442 ) ) ;
#9695 = CARTESIAN_POINT ( 'NONE',  ( -50.25000000000000711, 7.500000000000000000, -7.249999999999999112 ) ) ;
#9696 = VECTOR ( 'NONE', #4811, 1000.000000000000000 ) ;
#9697 = DIRECTION ( 'NONE',  ( 1.000000000000000000, -0.000000000000000000, -0.000000000000000000 ) ) ;
#9698 = CARTESIAN_POINT ( 'NONE',  ( -34.70000000000000284, 4.000000000000000000, 12.25000000000000178 ) ) ;
#9699 = ORIENTED_EDGE ( 'NONE', *, *, #992, .T. ) ;
#9700 = B_SPLINE_CURVE_WITH_KNOTS ( 'NONE', 3,
 ( #17, #4449, #8079, #9749, #6280, #9922, #72, #8137, #8916, #3550, #6224, #7228, #11660, #1592 ),
 .UNSPECIFIED., .F., .F.,
 ( 4, 2, 2, 2, 2, 2, 4 ),
 ( 1.734723475976807094E-18, 0.0002199145251561624890, 0.0004398290503123232433, 0.0008796581006246552686, 0.001759316201249335474, 0.002638974301874015896, 0.003518632402498696535 ),
 .UNSPECIFIED. ) ;
#9701 = ADVANCED_FACE ( 'NONE', ( #9745 ), #5339, .T. ) ;
#9702 = B_SPLINE_CURVE_WITH_KNOTS ( 'NONE', 3,
 ( #3959, #1114, #7342, #11058, #4673, #284, #2109, #5785 ),
 .UNSPECIFIED., .F., .F.,
 ( 4, 2, 2, 4 ),
 ( 0.000000000000000000, 0.001225151593856341984, 0.001837727390784502568, 0.002450303187712663151 ),
 .UNSPECIFIED. ) ;
#9703 = EDGE_LOOP ( 'NONE', ( #1598, #7076, #5611, #1416, #3502, #1886, #7477 ) ) ;
#9704 = ADVANCED_FACE ( 'NONE', ( #15 ), #10761, .T. ) ;
#9705 = CARTESIAN_POINT ( 'NONE',  ( 37.59196736194169119, 5.500000000000000000, -4.420983680970874907 ) ) ;
#9706 = ORIENTED_EDGE ( 'NONE', *, *, #5619, .T. ) ;
#9707 = CARTESIAN_POINT ( 'NONE',  ( 2.099999999999991207, 12.50000000000000000, -13.35000000000019149 ) ) ;
#9708 = EDGE_CURVE ( 'NONE', #2675, #8236, #5394, .T. ) ;
#9709 = PLANE ( 'NONE',  #8090 ) ;
#9710 = ORIENTED_EDGE ( 'NONE', *, *, #10946, .F. ) ;
#9711 = LINE ( 'NONE', #2486, #5742 ) ;
#9712 = DIRECTION ( 'NONE',  ( 0.000000000000000000, 1.000000000000000000, 0.000000000000000000 ) ) ;
#9713 = ORIENTED_EDGE ( 'NONE', *, *, #1956, .T. ) ;
#9714 = CARTESIAN_POINT ( 'NONE',  ( -51.95000000000000995, 5.999999999999998224, -2.449999999999999289 ) ) ;
#9715 = EDGE_CURVE ( 'NONE', #7188, #11706, #9802, .T. ) ;
#9716 = ADVANCED_FACE ( 'NONE', ( #4269 ), #1821, .F. ) ;
#9717 = DIRECTION ( 'NONE',  ( -0.000000000000000000, 1.000000000000000000, -0.000000000000000000 ) ) ;
#9718 = CARTESIAN_POINT ( 'NONE',  ( 25.25635347795579477, 0.2999999999999998779, -1.075207213125395800 ) ) ;
#9719 = ORIENTED_EDGE ( 'NONE', *, *, #11197, .T. ) ;
#9720 = FACE_OUTER_BOUND ( 'NONE', #7325, .T. ) ;
#9721 = CARTESIAN_POINT ( 'NONE',  ( 37.74211819145300950, 0.2505450496179595921, 1.983866831501337247 ) ) ;
#9722 = PLANE ( 'NONE',  #461 ) ;
#9723 = CARTESIAN_POINT ( 'NONE',  ( 27.30719478120979105, -4.958298636646314204E-17, -11.97728128909330181 ) ) ;
#9724 = CARTESIAN_POINT ( 'NONE',  ( -42.26919264613326988, 3.999650464919335402, 12.27717671750640704 ) ) ;
#9725 = DIRECTION ( 'NONE',  ( -0.000000000000000000, 1.000000000000000000, -0.000000000000000000 ) ) ;
#9726 = VERTEX_POINT ( 'NONE', #2593 ) ;
#9727 = EDGE_CURVE ( 'NONE', #11552, #2952, #9976, .T. ) ;
#9728 = ORIENTED_EDGE ( 'NONE', *, *, #7137, .F. ) ;
#9729 = EDGE_CURVE ( 'NONE', #10488, #8282, #6221, .T. ) ;
#9730 = CARTESIAN_POINT ( 'NONE',  ( -42.15000000000000568, 2.658044035770915267E-15, -14.25000000000000533 ) ) ;
#9731 = CIRCLE ( 'NONE', #801, 1.999999999999997335 ) ;
#9732 = DIRECTION ( 'NONE',  ( 0.000000000000000000, 0.000000000000000000, 1.000000000000000000 ) ) ;
#9733 = ORIENTED_EDGE ( 'NONE', *, *, #1411, .F. ) ;
#9734 = CARTESIAN_POINT ( 'NONE',  ( 25.63856210340542319, 0.000000000000000000, -5.350534695598401669 ) ) ;
#9735 = FACE_OUTER_BOUND ( 'NONE', #4311, .T. ) ;
#9736 = CARTESIAN_POINT ( 'NONE',  ( -42.75000000000000000, 11.29999999999999716, 12.25000000000000000 ) ) ;
#9737 = DIRECTION ( 'NONE',  ( 0.000000000000000000, 0.000000000000000000, 1.000000000000000000 ) ) ;
#9738 = VECTOR ( 'NONE', #4525, 1000.000000000000000 ) ;
#9739 = CARTESIAN_POINT ( 'NONE',  ( 51.95000000000000284, 10.80000000000000071, 1.700000000000000622 ) ) ;
#9740 = EDGE_LOOP ( 'NONE', ( #2887, #4153, #3242, #1110, #2869, #7908 ) ) ;
#9741 = EDGE_CURVE ( 'NONE', #11212, #5620, #9022, .T. ) ;
#9742 = DIRECTION ( 'NONE',  ( 0.000000000000000000, -0.000000000000000000, -1.000000000000000000 ) ) ;
#9743 = EDGE_LOOP ( 'NONE', ( #2557, #3109, #3186, #6879 ) ) ;
#9744 = EDGE_LOOP ( 'NONE', ( #11543, #8747, #2502, #10955 ) ) ;
#9745 = FACE_OUTER_BOUND ( 'NONE', #7168, .T. ) ;
#9746 = CIRCLE ( 'NONE', #6684, 1.900000000000000577 ) ;
#9747 = DIRECTION ( 'NONE',  ( 0.000000000000000000, 1.000000000000000000, -0.000000000000000000 ) ) ;
#9748 = ORIENTED_EDGE ( 'NONE', *, *, #1652, .T. ) ;
#9749 = CARTESIAN_POINT ( 'NONE',  ( -44.90290085725208513, 3.964453103388557942, -9.269518868472811590 ) ) ;
#9750 = CARTESIAN_POINT ( 'NONE',  ( -52.38110278637029893, 8.866366140756404945, -3.820715728817350776 ) ) ;
#9751 = LINE ( 'NONE', #10659, #690 ) ;
#9752 = ORIENTED_EDGE ( 'NONE', *, *, #4957, .T. ) ;
#9753 =( BOUNDED_SURFACE ( )  B_SPLINE_SURFACE ( 3, 2, ( 
 ( #2775, #3429, #6403 ),
 ( #9806, #10047, #9870 ),
 ( #7050, #5517, #773 ),
 ( #1711, #4394, #3485 ) ),
 .UNSPECIFIED., .F., .F., .F. ) 
 B_SPLINE_SURFACE_WITH_KNOTS ( ( 4, 4 ),
 ( 3, 3 ),
 ( -8.673617379884035472E-19, 0.0007825590053261979786 ),
 ( 0.000000000000000000, 1.000000000000000000 ),
 .UNSPECIFIED. ) 
 GEOMETRIC_REPRESENTATION_ITEM ( )  RATIONAL_B_SPLINE_SURFACE ( (
 ( 1.000000000000000000, 0.8371290630494909735, 1.000000000000000000),
 ( 1.000000000000000000, 0.8027790047357443726, 1.000000000000000000),
 ( 1.000000000000000000, 0.7601121344914580913, 1.000000000000000000),
 ( 1.000000000000000000, 0.7071067811865583419, 1.000000000000000000) ) ) 
 REPRESENTATION_ITEM ( '' )  SURFACE ( )  );
#9754 = LINE ( 'NONE', #1717, #7107 ) ;
#9755 = VERTEX_POINT ( 'NONE', #9866 ) ;
#9756 = DIRECTION ( 'NONE',  ( 0.000000000000000000, -1.000000000000000000, 2.891205793294679312E-16 ) ) ;
#9757 = CARTESIAN_POINT ( 'NONE',  ( -27.76953966575159427, 50.93731177506752772, -76.06160882753884778 ) ) ;
#9758 = DIRECTION ( 'NONE',  ( -1.000000000000000000, 0.000000000000000000, 0.000000000000000000 ) ) ;
#9759 = AXIS2_PLACEMENT_3D ( 'NONE', #4807, #5700, #309 ) ;
#9760 = CARTESIAN_POINT ( 'NONE',  ( -53.20000000000000995, 3.000000000000000000, -6.749999999999940492 ) ) ;
#9761 = DIRECTION ( 'NONE',  ( 0.000000000000000000, 1.000000000000000000, -0.000000000000000000 ) ) ;
#9762 = CARTESIAN_POINT ( 'NONE',  ( 0.000000000000000000, 3.199999999999999734, 10.44999999999999218 ) ) ;
#9763 = ORIENTED_EDGE ( 'NONE', *, *, #4288, .F. ) ;
#9764 = DIRECTION ( 'NONE',  ( -0.000000000000000000, 1.000000000000000000, -0.000000000000000000 ) ) ;
#9765 = VECTOR ( 'NONE', #7169, 1000.000000000000000 ) ;
#9766 = CIRCLE ( 'NONE', #6141, 2.999999999999999112 ) ;
#9767 = CARTESIAN_POINT ( 'NONE',  ( -52.40568058483292901, 9.151669329609433134, -3.751634072195809910 ) ) ;
#9768 = CARTESIAN_POINT ( 'NONE',  ( -52.25000000000001421, 7.899999999999999467, -2.924999999999972289 ) ) ;
#9769 = ORIENTED_EDGE ( 'NONE', *, *, #5296, .F. ) ;
#9770 = DIRECTION ( 'NONE',  ( 1.000000000000000000, -0.000000000000000000, 5.139921410301691225E-16 ) ) ;
#9771 = AXIS2_PLACEMENT_3D ( 'NONE', #1937, #3720, #11009 ) ;
#9772 = CARTESIAN_POINT ( 'NONE',  ( 3.099999999999991651, 12.50000000000000000, 13.45000000000019114 ) ) ;
#9773 = DIRECTION ( 'NONE',  ( 1.000000000000000000, -0.000000000000000000, 0.000000000000000000 ) ) ;
#9774 = EDGE_CURVE ( 'NONE', #470, #11665, #8099, .T. ) ;
#9775 = CYLINDRICAL_SURFACE ( 'NONE', #7767, 0.5000000000000004441 ) ;
#9776 = ORIENTED_EDGE ( 'NONE', *, *, #4273, .F. ) ;
#9777 = ORIENTED_EDGE ( 'NONE', *, *, #6340, .F. ) ;
#9778 = EDGE_CURVE ( 'NONE', #1813, #9929, #7813, .T. ) ;
#9779 = LINE ( 'NONE', #743, #63 ) ;
#9780 = CARTESIAN_POINT ( 'NONE',  ( 30.35000000000000142, 0.2999999999999999889, -3.150000000000002576 ) ) ;
#9781 = B_SPLINE_CURVE_WITH_KNOTS ( 'NONE', 3,
 ( #5492, #7258, #10014, #5809, #4657, #8223, #8107, #8284 ),
 .UNSPECIFIED., .F., .F.,
 ( 4, 2, 2, 4 ),
 ( 0.000000000000000000, 0.0001382025733524811634, 0.0002764051467049623268, 0.0005528102934099248704 ),
 .UNSPECIFIED. ) ;
#9782 = DIRECTION ( 'NONE',  ( 0.3420201433256616630, 0.000000000000000000, 0.9396926207859109814 ) ) ;
#9783 = VERTEX_POINT ( 'NONE', #2470 ) ;
#9784 = AXIS2_PLACEMENT_3D ( 'NONE', #2553, #8879, #1676 ) ;
#9785 = DIRECTION ( 'NONE',  ( 0.000000000000000000, 1.000000000000000000, 1.865294060190115224E-16 ) ) ;
#9786 = CARTESIAN_POINT ( 'NONE',  ( 51.95000000000000284, 10.50000000000000000, 0.000000000000000000 ) ) ;
#9787 = FACE_OUTER_BOUND ( 'NONE', #3249, .T. ) ;
#9788 = CARTESIAN_POINT ( 'NONE',  ( -51.22917112000553885, 14.00000000000000000, -9.894693245086278566 ) ) ;
#9789 = DIRECTION ( 'NONE',  ( 0.000000000000000000, 1.000000000000000000, 0.000000000000000000 ) ) ;
#9790 = EDGE_CURVE ( 'NONE', #4536, #4520, #1485, .T. ) ;
#9791 = AXIS2_PLACEMENT_3D ( 'NONE', #3935, #2262, #2198 ) ;
#9792 = CARTESIAN_POINT ( 'NONE',  ( -40.15000000000000568, 2.658044035770915267E-15, 14.25000000000000533 ) ) ;
#9793 = B_SPLINE_CURVE_WITH_KNOTS ( 'NONE', 3,
 ( #4987, #9649, #4874, #9587, #8513, #549 ),
 .UNSPECIFIED., .F., .F.,
 ( 4, 2, 4 ),
 ( 0.000000000000000000, 0.0001955837419200947918, 0.0003911674838401895836 ),
 .UNSPECIFIED. ) ;
#9794 = EDGE_CURVE ( 'NONE', #3841, #8034, #11656, .T. ) ;
#9795 = CARTESIAN_POINT ( 'NONE',  ( 45.25000000000000711, 0.5999999999999989786, -12.25000000000000000 ) ) ;
#9796 = ORIENTED_EDGE ( 'NONE', *, *, #1702, .T. ) ;
#9797 = CARTESIAN_POINT ( 'NONE',  ( -37.54999999999999716, 2.658044035770915267E-15, -14.25000000000000533 ) ) ;
#9798 = ORIENTED_EDGE ( 'NONE', *, *, #10875, .F. ) ;
#9799 = LINE ( 'NONE', #1644, #287 ) ;
#9800 = ORIENTED_EDGE ( 'NONE', *, *, #7913, .F. ) ;
#9801 = ORIENTED_EDGE ( 'NONE', *, *, #3684, .T. ) ;
#9802 = LINE ( 'NONE', #5284, #8515 ) ;
#9803 = FACE_OUTER_BOUND ( 'NONE', #11497, .T. ) ;
#9804 = CARTESIAN_POINT ( 'NONE',  ( -52.70000000000000284, 11.34999999999999964, -4.750000000000000000 ) ) ;
#9805 = EDGE_CURVE ( 'NONE', #11265, #4949, #1302, .T. ) ;
#9806 = CARTESIAN_POINT ( 'NONE',  ( -52.23893568960516376, 6.554008657985513686, 3.499028688288477351 ) ) ;
#9807 = ADVANCED_FACE ( 'NONE', ( #884 ), #9919, .T. ) ;
#9808 = VECTOR ( 'NONE', #212, 1000.000000000000000 ) ;
#9809 = ORIENTED_EDGE ( 'NONE', *, *, #954, .T. ) ;
#9810 = DIRECTION ( 'NONE',  ( 0.000000000000000000, 0.000000000000000000, 1.000000000000000000 ) ) ;
#9811 = ORIENTED_EDGE ( 'NONE', *, *, #5483, .T. ) ;
#9812 = VERTEX_POINT ( 'NONE', #3607 ) ;
#9813 = CARTESIAN_POINT ( 'NONE',  ( -52.23796951423593526, 6.563854458135567782, 3.486806783907420382 ) ) ;
#9814 = DIRECTION ( 'NONE',  ( -0.000000000000000000, -0.000000000000000000, 1.000000000000000000 ) ) ;
#9815 = VECTOR ( 'NONE', #7240, 1000.000000000000000 ) ;
#9816 = CARTESIAN_POINT ( 'NONE',  ( -47.50000000000000711, 7.500000000000000000, 10.35000000000000142 ) ) ;
#9817 = CYLINDRICAL_SURFACE ( 'NONE', #817, 0.2999999999999998779 ) ;
#9818 = DIRECTION ( 'NONE',  ( 0.000000000000000000, 1.000000000000000000, -0.000000000000000000 ) ) ;
#9819 = CARTESIAN_POINT ( 'NONE',  ( -52.20525866347232835, 7.132980932815971009, -4.070506270392245440 ) ) ;
#9820 = ORIENTED_EDGE ( 'NONE', *, *, #7909, .T. ) ;
#9821 = CARTESIAN_POINT ( 'NONE',  ( -52.36668385389351243, 8.699105587336562806, 3.955924138656430333 ) ) ;
#9822 = CARTESIAN_POINT ( 'NONE',  ( -51.95000000000000995, 7.899999999999999467, 2.449999999999999734 ) ) ;
#9823 = ORIENTED_EDGE ( 'NONE', *, *, #8981, .T. ) ;
#9824 = AXIS2_PLACEMENT_3D ( 'NONE', #871, #11525, #8062 ) ;
#9825 = DIRECTION ( 'NONE',  ( -1.000000000000000000, 0.000000000000000000, 0.000000000000000000 ) ) ;
#9826 = VECTOR ( 'NONE', #4567, 1000.000000000000000 ) ;
#9827 = DIRECTION ( 'NONE',  ( -1.000000000000000000, 0.000000000000000000, 0.000000000000000000 ) ) ;
#9828 = VERTEX_POINT ( 'NONE', #8854 ) ;
#9829 = DIRECTION ( 'NONE',  ( 0.000000000000000000, 1.000000000000000000, -0.000000000000000000 ) ) ;
#9830 = EDGE_LOOP ( 'NONE', ( #349, #4102, #3118, #647 ) ) ;
#9831 = LINE ( 'NONE', #3696, #5915 ) ;
#9832 = PLANE ( 'NONE',  #1293 ) ;
#9833 = AXIS2_PLACEMENT_3D ( 'NONE', #9949, #6700, #10979 ) ;
#9834 = CIRCLE ( 'NONE', #6601, 0.2999999999999999334 ) ;
#9835 = DIRECTION ( 'NONE',  ( -0.000000000000000000, 1.000000000000000000, -0.000000000000000000 ) ) ;
#9836 = CARTESIAN_POINT ( 'NONE',  ( -52.11702421443897748, 7.410680322889213301, 4.290099133721718694 ) ) ;
#9837 = B_SPLINE_CURVE_WITH_KNOTS ( 'NONE', 3,
 ( #10503, #9680, #4199, #3290, #6918, #1521, #4905, #5141 ),
 .UNSPECIFIED., .F., .F.,
 ( 4, 2, 2, 4 ),
 ( -3.470634891218749544E-06, 0.0002734705597663940942, 0.0004119411570952018968, 0.0005504117544240096993 ),
 .UNSPECIFIED. ) ;
#9838 = CARTESIAN_POINT ( 'NONE',  ( 30.35000000000000142, 0.000000000000000000, -3.150000000000002576 ) ) ;
#9839 = ORIENTED_EDGE ( 'NONE', *, *, #2704, .F. ) ;
#9840 = AXIS2_PLACEMENT_3D ( 'NONE', #7976, #9818, #9884 ) ;
#9841 = FACE_OUTER_BOUND ( 'NONE', #2297, .T. ) ;
#9842 = CARTESIAN_POINT ( 'NONE',  ( -2.000000000000008882, 14.00000000000000000, -13.35000000000018971 ) ) ;
#9843 = VERTEX_POINT ( 'NONE', #7226 ) ;
#9844 = EDGE_LOOP ( 'NONE', ( #11595, #3197, #9859, #7231 ) ) ;
#9845 = CARTESIAN_POINT ( 'NONE',  ( -52.40568058483291480, 6.815219914338410234, 3.641416195902965836 ) ) ;
#9846 = EDGE_CURVE ( 'NONE', #9459, #5900, #6156, .T. ) ;
#9847 = CARTESIAN_POINT ( 'NONE',  ( 3.099999999999990763, 12.50000000000000000, -13.35000000000019149 ) ) ;
#9848 = ADVANCED_FACE ( 'NONE', ( #1999 ), #9201, .F. ) ;
#9849 = TOROIDAL_SURFACE ( 'NONE', #933, 5.000000000000000000, 3.000000000000000000 ) ;
#9850 = CARTESIAN_POINT ( 'NONE',  ( -40.15000000000000568, 11.29999999999999716, 12.25000000000000000 ) ) ;
#9851 = EDGE_CURVE ( 'NONE', #7417, #7870, #6090, .T. ) ;
#9852 = DIRECTION ( 'NONE',  ( -0.000000000000000000, -1.000000000000000000, 0.000000000000000000 ) ) ;
#9853 = DIRECTION ( 'NONE',  ( 0.000000000000000000, 0.000000000000000000, -1.000000000000000000 ) ) ;
#9854 = FACE_OUTER_BOUND ( 'NONE', #746, .T. ) ;
#9855 = AXIS2_PLACEMENT_3D ( 'NONE', #6552, #3765, #7261 ) ;
#9856 = FACE_BOUND ( 'NONE', #11230, .T. ) ;
#9857 = CARTESIAN_POINT ( 'NONE',  ( -24.49308044258727080, 10.50000000000000000, -14.75000000000000355 ) ) ;
#9858 = LINE ( 'NONE', #3419, #7139 ) ;
#9859 = ORIENTED_EDGE ( 'NONE', *, *, #9426, .T. ) ;
#9860 = LINE ( 'NONE', #1703, #1975 ) ;
#9861 = EDGE_CURVE ( 'NONE', #6795, #6379, #7336, .T. ) ;
#9862 = AXIS2_PLACEMENT_3D ( 'NONE', #8291, #6667, #10318 ) ;
#9863 = ORIENTED_EDGE ( 'NONE', *, *, #10843, .T. ) ;
#9864 = ADVANCED_FACE ( 'NONE', ( #7284 ), #6398, .T. ) ;
#9865 = ORIENTED_EDGE ( 'NONE', *, *, #1154, .F. ) ;
#9866 = CARTESIAN_POINT ( 'NONE',  ( 51.95000000000000284, 9.300000000000000711, 1.700000000000000178 ) ) ;
#9867 = CARTESIAN_POINT ( 'NONE',  ( 0.000000000000000000, 3.199999999999999734, 8.949999999999992184 ) ) ;
#9868 = EDGE_LOOP ( 'NONE', ( #5360, #3110, #1787, #1963 ) ) ;
#9869 = DIRECTION ( 'NONE',  ( -1.871330610546719994E-17, 0.000000000000000000, 1.000000000000000000 ) ) ;
#9870 = CARTESIAN_POINT ( 'NONE',  ( -52.43158278002103856, 6.690425164400036984, 3.452455002252612370 ) ) ;
#9871 = ORIENTED_EDGE ( 'NONE', *, *, #2933, .F. ) ;
#9872 = PLANE ( 'NONE',  #4677 ) ;
#9873 = ORIENTED_EDGE ( 'NONE', *, *, #4196, .T. ) ;
#9874 = EDGE_LOOP ( 'NONE', ( #573, #47, #10449, #112 ) ) ;
#9875 = EDGE_CURVE ( 'NONE', #3510, #7004, #1179, .T. ) ;
#9876 = ADVANCED_FACE ( 'NONE', ( #9140 ), #1118, .T. ) ;
#9877 = DIRECTION ( 'NONE',  ( 0.000000000000000000, 1.000000000000000000, -0.000000000000000000 ) ) ;
#9878 = EDGE_CURVE ( 'NONE', #521, #11199, #11117, .T. ) ;
#9879 = CARTESIAN_POINT ( 'NONE',  ( 0.5999999999999912070, 12.50000000000000000, 13.35000000000018971 ) ) ;
#9880 = DIRECTION ( 'NONE',  ( 0.000000000000000000, 0.000000000000000000, 1.000000000000000000 ) ) ;
#9881 = CIRCLE ( 'NONE', #4740, 2.750000000000002665 ) ;
#9882 = CARTESIAN_POINT ( 'NONE',  ( -53.20000000000000284, 7.899999999999999467, 2.925000000000026912 ) ) ;
#9883 = ORIENTED_EDGE ( 'NONE', *, *, #11537, .F. ) ;
#9884 = DIRECTION ( 'NONE',  ( 0.000000000000000000, 0.000000000000000000, 1.000000000000000000 ) ) ;
#9885 = CARTESIAN_POINT ( 'NONE',  ( 29.13728996507211377, 0.3736460586545522489, -12.08000180036020588 ) ) ;
#9886 = VERTEX_POINT ( 'NONE', #8365 ) ;
#9887 = DIRECTION ( 'NONE',  ( 0.000000000000000000, 1.000000000000000000, 0.000000000000000000 ) ) ;
#9888 = ADVANCED_FACE ( 'NONE', ( #8424 ), #11183, .F. ) ;
#9889 = ADVANCED_FACE ( 'NONE', ( #237 ), #3662, .F. ) ;
#9890 = LINE ( 'NONE', #11748, #6916 ) ;
#9891 = ORIENTED_EDGE ( 'NONE', *, *, #1082, .T. ) ;
#9892 = LINE ( 'NONE', #4415, #3721 ) ;
#9893 = ORIENTED_EDGE ( 'NONE', *, *, #10151, .T. ) ;
#9894 = CARTESIAN_POINT ( 'NONE',  ( 29.59999999999998010, 0.3260746554922954177, -12.12433040485560021 ) ) ;
#9895 = AXIS2_PLACEMENT_3D ( 'NONE', #11648, #4497, #6389 ) ;
#9896 = DIRECTION ( 'NONE',  ( -0.000000000000000000, -1.000000000000000000, -0.000000000000000000 ) ) ;
#9897 = CARTESIAN_POINT ( 'NONE',  ( -52.20488103182245965, 8.371554330847038372, 4.203493146150765192 ) ) ;
#9898 = CARTESIAN_POINT ( 'NONE',  ( 4.925331814053546354E-14, 8.500000000000000000, 13.55000000000018368 ) ) ;
#9899 = ORIENTED_EDGE ( 'NONE', *, *, #8605, .F. ) ;
#9900 = DIRECTION ( 'NONE',  ( -1.000000000000000000, 0.000000000000000000, 0.000000000000000000 ) ) ;
#9901 = AXIS2_PLACEMENT_3D ( 'NONE', #2763, #1811, #7218 ) ;
#9902 = FACE_OUTER_BOUND ( 'NONE', #278, .T. ) ;
#9903 = ORIENTED_EDGE ( 'NONE', *, *, #415, .T. ) ;
#9904 = VERTEX_POINT ( 'NONE', #7466 ) ;
#9905 = CARTESIAN_POINT ( 'NONE',  ( -20.00000000000001066, 14.00000000000000000, 13.54999999999999716 ) ) ;
#9906 = DIRECTION ( 'NONE',  ( 0.000000000000000000, 0.000000000000000000, -1.000000000000000000 ) ) ;
#9907 = DIRECTION ( 'NONE',  ( -0.8660254037844388186, 0.000000000000000000, -0.4999999999999997780 ) ) ;
#9908 = LINE ( 'NONE', #10091, #11172 ) ;
#9909 = CARTESIAN_POINT ( 'NONE',  ( 1.249999999999992450, 2.499999999999999556, 10.90000000000000213 ) ) ;
#9910 = LINE ( 'NONE', #6145, #4006 ) ;
#9911 = ADVANCED_FACE ( 'NONE', ( #6511 ), #3901, .T. ) ;
#9912 = DIRECTION ( 'NONE',  ( 5.139921410301692211E-16, 0.000000000000000000, 1.000000000000000000 ) ) ;
#9913 = EDGE_CURVE ( 'NONE', #5040, #6003, #3009, .T. ) ;
#9914 = CARTESIAN_POINT ( 'NONE',  ( -40.15000000000000568, 4.000000000000000000, 12.50000000000000000 ) ) ;
#9915 = VECTOR ( 'NONE', #7120, 1000.000000000000000 ) ;
#9916 = ORIENTED_EDGE ( 'NONE', *, *, #8937, .T. ) ;
#9917 = DIRECTION ( 'NONE',  ( -0.000000000000000000, -1.000000000000000000, 0.000000000000000000 ) ) ;
#9918 = ORIENTED_EDGE ( 'NONE', *, *, #3112, .F. ) ;
#9919 = PLANE ( 'NONE',  #9627 ) ;
#9920 = CARTESIAN_POINT ( 'NONE',  ( 3.099999999999990763, 14.00000000000000000, -13.35000000000019149 ) ) ;
#9921 = ORIENTED_EDGE ( 'NONE', *, *, #1983, .F. ) ;
#9922 = CARTESIAN_POINT ( 'NONE',  ( -44.69631538294148498, 3.889497879441686568, -9.074270829919772297 ) ) ;
#9923 = VECTOR ( 'NONE', #1900, 1000.000000000000114 ) ;
#9924 = CARTESIAN_POINT ( 'NONE',  ( 52.75000000000000000, 3.000000000000000000, -9.499999999999920064 ) ) ;
#9925 = EDGE_CURVE ( 'NONE', #11018, #9611, #8191, .T. ) ;
#9926 = EDGE_CURVE ( 'NONE', #9150, #11250, #8250, .T. ) ;
#9927 = DIRECTION ( 'NONE',  ( 0.000000000000000000, -9.130123557772666115E-16, -1.000000000000000000 ) ) ;
#9928 = ORIENTED_EDGE ( 'NONE', *, *, #4245, .T. ) ;
#9929 = VERTEX_POINT ( 'NONE', #3724 ) ;
#9930 = VECTOR ( 'NONE', #1896, 1000.000000000000000 ) ;
#9931 = CARTESIAN_POINT ( 'NONE',  ( -50.25000000000000711, 15.50000000000000000, -7.249999999999999112 ) ) ;
#9932 = ORIENTED_EDGE ( 'NONE', *, *, #1364, .T. ) ;
#9933 = CARTESIAN_POINT ( 'NONE',  ( -51.95000000000000995, 9.216960195022361191, -3.819531250000037570 ) ) ;
#9934 = LINE ( 'NONE', #11024, #4494 ) ;
#9935 = DIRECTION ( 'NONE',  ( 0.000000000000000000, 0.000000000000000000, 1.000000000000000000 ) ) ;
#9936 = ORIENTED_EDGE ( 'NONE', *, *, #6587, .T. ) ;
#9937 = EDGE_CURVE ( 'NONE', #913, #9391, #4825, .T. ) ;
#9938 = CARTESIAN_POINT ( 'NONE',  ( 45.25000000000000711, 6.500000000000000000, 0.9682458365518327170 ) ) ;
#9939 = ORIENTED_EDGE ( 'NONE', *, *, #7011, .T. ) ;
#9940 = ADVANCED_FACE ( 'NONE', ( #6919 ), #6861, .T. ) ;
#9941 = CARTESIAN_POINT ( 'NONE',  ( -52.34420172950729722, 8.320613841954433099, -4.159693197046792967 ) ) ;
#9942 = FACE_OUTER_BOUND ( 'NONE', #1769, .T. ) ;
#9943 = ORIENTED_EDGE ( 'NONE', *, *, #7274, .F. ) ;
#9944 = CARTESIAN_POINT ( 'NONE',  ( -52.20526305257704536, 7.133145352280537033, 4.070482360731026539 ) ) ;
#9945 = ORIENTED_EDGE ( 'NONE', *, *, #7370, .T. ) ;
#9946 = CYLINDRICAL_SURFACE ( 'NONE', #10767, 1.499999999999999556 ) ;
#9947 = VERTEX_POINT ( 'NONE', #10454 ) ;
#9948 = FACE_BOUND ( 'NONE', #8050, .T. ) ;
#9949 = CARTESIAN_POINT ( 'NONE',  ( -40.15000000000000568, 11.29999999999999716, -12.25000000000000000 ) ) ;
#9950 = B_SPLINE_CURVE_WITH_KNOTS ( 'NONE', 3,
 ( #5805, #8794, #3255, #1314, #9638, #9460 ),
 .UNSPECIFIED., .F., .F.,
 ( 4, 2, 4 ),
 ( 0.000000000000000000, 0.0001955837419200947918, 0.0003911674838401895836 ),
 .UNSPECIFIED. ) ;
#9951 =( NAMED_UNIT ( * ) PLANE_ANGLE_UNIT ( ) SI_UNIT ( $, .RADIAN. ) );
#9952 = CARTESIAN_POINT ( 'NONE',  ( -52.36670038755150358, 7.100715368230755331, -3.955779289759069783 ) ) ;
#9953 = EDGE_CURVE ( 'NONE', #5761, #4064, #2777, .T. ) ;
#9954 = CIRCLE ( 'NONE', #654, 2.000000000000001776 ) ;
#9955 = LINE ( 'NONE', #9898, #7948 ) ;
#9956 = AXIS2_PLACEMENT_3D ( 'NONE', #1185, #2119, #11364 ) ;
#9957 = ORIENTED_EDGE ( 'NONE', *, *, #224, .F. ) ;
#9958 = EDGE_CURVE ( 'NONE', #10901, #5694, #5810, .T. ) ;
#9959 = DIRECTION ( 'NONE',  ( 0.000000000000000000, 0.000000000000000000, 1.000000000000000000 ) ) ;
#9960 = VERTEX_POINT ( 'NONE', #10333 ) ;
#9961 = ORIENTED_EDGE ( 'NONE', *, *, #5296, .T. ) ;
#9962 = DIRECTION ( 'NONE',  ( -0.000000000000000000, -1.000000000000000000, 0.000000000000000000 ) ) ;
#9963 = CIRCLE ( 'NONE', #10929, 0.9999999999999991118 ) ;
#9964 = DIRECTION ( 'NONE',  ( -1.000000000000000000, -0.000000000000000000, -0.000000000000000000 ) ) ;
#9965 = LINE ( 'NONE', #7399, #8305 ) ;
#9966 = DIRECTION ( 'NONE',  ( -0.000000000000000000, -1.000000000000000000, -0.000000000000000000 ) ) ;
#9967 = DIRECTION ( 'NONE',  ( 6.672013369141580008E-16, 0.000000000000000000, 1.000000000000000000 ) ) ;
#9968 = DIRECTION ( 'NONE',  ( 0.000000000000000000, 0.000000000000000000, -1.000000000000000000 ) ) ;
#9969 = DIRECTION ( 'NONE',  ( -1.000000000000000000, 0.000000000000000000, -0.000000000000000000 ) ) ;
#9970 = VECTOR ( 'NONE', #1804, 1000.000000000000000 ) ;
#9971 = ORIENTED_EDGE ( 'NONE', *, *, #4842, .F. ) ;
#9972 = EDGE_LOOP ( 'NONE', ( #10914, #1225, #3735, #8112 ) ) ;
#9973 = CARTESIAN_POINT ( 'NONE',  ( 30.35000000000000142, 0.5999999999999989786, -3.150000000000002576 ) ) ;
#9974 = ORIENTED_EDGE ( 'NONE', *, *, #10160, .F. ) ;
#9975 = CIRCLE ( 'NONE', #3896, 6.800000000000007816 ) ;
#9976 = LINE ( 'NONE', #3424, #6949 ) ;
#9977 = CIRCLE ( 'NONE', #2375, 5.499999999999988454 ) ;
#9978 = CARTESIAN_POINT ( 'NONE',  ( 50.25000000000000000, 7.500000000000000000, 9.499999999999982236 ) ) ;
#9979 = VECTOR ( 'NONE', #606, 1000.000000000000000 ) ;
#9980 = ADVANCED_FACE ( 'NONE', ( #6806 ), #8868, .T. ) ;
#9981 = CARTESIAN_POINT ( 'NONE',  ( 38.49768490291494771, 0.2034051652805239918, -7.002567585311992637 ) ) ;
#9982 = AXIS2_PLACEMENT_3D ( 'NONE', #7904, #1426, #8618 ) ;
#9983 = CARTESIAN_POINT ( 'NONE',  ( 51.95000000000000284, 9.300000000000000711, 2.500000000000000444 ) ) ;
#9984 = LINE ( 'NONE', #7415, #7633 ) ;
#9985 = CARTESIAN_POINT ( 'NONE',  ( -50.75000000000000711, 4.000000000000001776, -4.750000000000000000 ) ) ;
#9986 = AXIS2_PLACEMENT_3D ( 'NONE', #3753, #2138, #3206 ) ;
#9987 = VERTEX_POINT ( 'NONE', #587 ) ;
#9988 = VERTEX_POINT ( 'NONE', #4200 ) ;
#9989 = DIRECTION ( 'NONE',  ( 1.000000000000000000, -0.000000000000000000, 0.000000000000000000 ) ) ;
#9990 = PLANE ( 'NONE',  #10560 ) ;
#9991 = EDGE_CURVE ( 'NONE', #11583, #6816, #7588, .T. ) ;
#9992 = CARTESIAN_POINT ( 'NONE',  ( 22.81827201635470459, 4.999999999999999112, -9.481727983645297897 ) ) ;
#9993 = FACE_OUTER_BOUND ( 'NONE', #1609, .T. ) ;
#9994 = LINE ( 'NONE', #964, #4411 ) ;
#9995 = EDGE_CURVE ( 'NONE', #5040, #915, #9563, .T. ) ;
#9996 = VERTEX_POINT ( 'NONE', #2170 ) ;
#9997 = TOROIDAL_SURFACE ( 'NONE', #8861, 5.199999999999988631, 0.2999999999999999889 ) ;
#9998 = ORIENTED_EDGE ( 'NONE', *, *, #3216, .T. ) ;
#9999 = CARTESIAN_POINT ( 'NONE',  ( -52.33704905526283113, 8.007810674690045261, 4.224999999999948130 ) ) ;
#10000 = CARTESIAN_POINT ( 'NONE',  ( -37.06903178392872888, 3.999650892192144536, -12.27727016374981694 ) ) ;
#10001 = CARTESIAN_POINT ( 'NONE',  ( -39.55000000000000426, 0.000000000000000000, 0.000000000000000000 ) ) ;
#10002 = ORIENTED_EDGE ( 'NONE', *, *, #8460, .T. ) ;
#10003 = FACE_OUTER_BOUND ( 'NONE', #6867, .T. ) ;
#10004 = VECTOR ( 'NONE', #69, 1000.000000000000000 ) ;
#10005 = ORIENTED_EDGE ( 'NONE', *, *, #9426, .F. ) ;
#10006 = AXIS2_PLACEMENT_3D ( 'NONE', #7106, #9693, #6992 ) ;
#10007 = DIRECTION ( 'NONE',  ( 0.000000000000000000, 1.000000000000000000, 0.000000000000000000 ) ) ;
#10008 = ORIENTED_EDGE ( 'NONE', *, *, #4420, .T. ) ;
#10009 = ADVANCED_FACE ( 'NONE', ( #1406 ), #5792, .T. ) ;
#10010 = PLANE ( 'NONE',  #6565 ) ;
#10011 = EDGE_LOOP ( 'NONE', ( #8257, #11171, #6581, #2868 ) ) ;
#10012 = DIRECTION ( 'NONE',  ( 0.000000000000000000, 0.000000000000000000, 1.000000000000000000 ) ) ;
#10013 = EDGE_CURVE ( 'NONE', #3524, #6697, #7723, .T. ) ;
#10014 = CARTESIAN_POINT ( 'NONE',  ( 25.27048837293184391, 0.2077789836488311004, -1.070349625080189160 ) ) ;
#10015 = VECTOR ( 'NONE', #4, 1000.000000000000000 ) ;
#10016 = VECTOR ( 'NONE', #9966, 1000.000000000000000 ) ;
#10017 = LINE ( 'NONE', #1158, #6229 ) ;
#10018 = ORIENTED_EDGE ( 'NONE', *, *, #8129, .F. ) ;
#10019 = CARTESIAN_POINT ( 'NONE',  ( -45.00000000000001421, 7.500000000000000000, -8.354356076261030495 ) ) ;
#10020 = ORIENTED_EDGE ( 'NONE', *, *, #5153, .T. ) ;
#10021 = LINE ( 'NONE', #11099, #5589 ) ;
#10022 = ADVANCED_FACE ( 'NONE', ( #3062 ), #4849, .T. ) ;
#10023 = VECTOR ( 'NONE', #10316, 1000.000000000000000 ) ;
#10024 = VECTOR ( 'NONE', #1369, 1000.000000000000000 ) ;
#10025 = AXIS2_PLACEMENT_3D ( 'NONE', #4107, #3324, #4045 ) ;
#10026 = CARTESIAN_POINT ( 'NONE',  ( 29.59999999999998010, 0.3838500223531472466, -12.11869555732604908 ) ) ;
#10027 = EDGE_CURVE ( 'NONE', #11078, #3207, #4138, .T. ) ;
#10028 = EDGE_CURVE ( 'NONE', #4949, #11265, #10594, .T. ) ;
#10029 = LINE ( 'NONE', #7269, #4117 ) ;
#10030 = FACE_OUTER_BOUND ( 'NONE', #3916, .T. ) ;
#10031 = CARTESIAN_POINT ( 'NONE',  ( 0.000000000000000000, 0.000000000000000000, 0.000000000000000000 ) ) ;
#10032 = DIRECTION ( 'NONE',  ( 1.000000000000000000, 0.000000000000000000, 0.000000000000000000 ) ) ;
#10033 = VECTOR ( 'NONE', #10577, 1000.000000000000000 ) ;
#10034 = DIRECTION ( 'NONE',  ( -7.485322442186879976E-17, 0.000000000000000000, -1.000000000000000000 ) ) ;
#10035 = VECTOR ( 'NONE', #1250, 1000.000000000000000 ) ;
#10036 = VERTEX_POINT ( 'NONE', #1297 ) ;
#10037 = DIRECTION ( 'NONE',  ( 1.000000000000000000, 0.000000000000000000, -0.000000000000000000 ) ) ;
#10038 = ORIENTED_EDGE ( 'NONE', *, *, #4674, .F. ) ;
#10039 = AXIS2_PLACEMENT_3D ( 'NONE', #7022, #4243, #10679 ) ;
#10040 = CARTESIAN_POINT ( 'NONE',  ( -50.25000000000000711, 4.000000000000000000, 0.000000000000000000 ) ) ;
#10041 = ORIENTED_EDGE ( 'NONE', *, *, #6944, .T. ) ;
#10042 = DIRECTION ( 'NONE',  ( 0.8660254037844385966, 0.000000000000000000, -0.5000000000000003331 ) ) ;
#10043 = VECTOR ( 'NONE', #8169, 1000.000000000000000 ) ;
#10044 = CARTESIAN_POINT ( 'NONE',  ( -52.42966255667123221, 6.703137727425400705, 3.444967340623588115 ) ) ;
#10045 = VECTOR ( 'NONE', #11030, 1000.000000000000000 ) ;
#10046 = CARTESIAN_POINT ( 'NONE',  ( -50.20000000000000284, 14.10000000000000853, -2.765277718742311108E-14 ) ) ;
#10047 = CARTESIAN_POINT ( 'NONE',  ( -52.28382328137057300, 6.680212457628390332, 3.432738694138703028 ) ) ;
#10048 = PLANE ( 'NONE',  #1370 ) ;
#10049 = DIRECTION ( 'NONE',  ( -0.000000000000000000, -1.000000000000000000, 0.000000000000000000 ) ) ;
#10050 = ORIENTED_EDGE ( 'NONE', *, *, #5992, .T. ) ;
#10051 = ORIENTED_EDGE ( 'NONE', *, *, #5187, .T. ) ;
#10052 = EDGE_LOOP ( 'NONE', ( #4751, #5035, #1420, #7305 ) ) ;
#10053 = CARTESIAN_POINT ( 'NONE',  ( -42.15000000000000568, 0.000000000000000000, 12.50000000000000000 ) ) ;
#10054 = DIRECTION ( 'NONE',  ( 1.000000000000000000, -0.000000000000000000, 0.000000000000000000 ) ) ;
#10055 = ORIENTED_EDGE ( 'NONE', *, *, #9302, .F. ) ;
#10056 = LINE ( 'NONE', #1133, #2049 ) ;
#10057 = DIRECTION ( 'NONE',  ( -1.000000000000000000, 0.000000000000000000, -0.000000000000000000 ) ) ;
#10058 = DIRECTION ( 'NONE',  ( -0.000000000000000000, 1.000000000000000000, -0.000000000000000000 ) ) ;
#10059 = DIRECTION ( 'NONE',  ( 0.000000000000000000, 1.000000000000000000, 2.891205793294679312E-16 ) ) ;
#10060 = ORIENTED_EDGE ( 'NONE', *, *, #484, .T. ) ;
#10061 = ORIENTED_EDGE ( 'NONE', *, *, #9034, .T. ) ;
#10062 = LINE ( 'NONE', #1962, #4180 ) ;
#10063 = EDGE_CURVE ( 'NONE', #9947, #7436, #5819, .T. ) ;
#10064 = VECTOR ( 'NONE', #11458, 1000.000000000000114 ) ;
#10065 = DIRECTION ( 'NONE',  ( 0.000000000000000000, 0.8660254037844418162, 0.4999999999999945044 ) ) ;
#10066 = VERTEX_POINT ( 'NONE', #8547 ) ;
#10067 = EDGE_CURVE ( 'NONE', #9513, #1434, #7827, .T. ) ;
#10068 = EDGE_LOOP ( 'NONE', ( #4789, #4956, #11651, #2195, #811, #7670, #6447, #6136, #5139, #8810, #2313 ) ) ;
#10069 = ORIENTED_EDGE ( 'NONE', *, *, #1142, .F. ) ;
#10070 = CARTESIAN_POINT ( 'NONE',  ( -15.77802059593024708, 12.30000000000000071, 5.742729852557563852 ) ) ;
#10071 = ORIENTED_EDGE ( 'NONE', *, *, #8044, .F. ) ;
#10072 = CARTESIAN_POINT ( 'NONE',  ( 29.36275211995082657, 0.09172121367816861437, -12.48675574702640567 ) ) ;
#10073 = ORIENTED_EDGE ( 'NONE', *, *, #11668, .T. ) ;
#10074 = CARTESIAN_POINT ( 'NONE',  ( 29.60000000000001918, 0.5999999999999989786, 2.298623679425836563 ) ) ;
#10075 = CARTESIAN_POINT ( 'NONE',  ( 50.25000000000000000, 15.50000000000000000, 0.000000000000000000 ) ) ;
#10076 =( BOUNDED_CURVE ( )  B_SPLINE_CURVE ( 3, ( #6866, #2348, #529, #3191 ),
 .UNSPECIFIED., .F., .F. ) 
 B_SPLINE_CURVE_WITH_KNOTS ( ( 4, 4 ),
 ( 5.853485641028157715, 6.081827386389250911 ),
 .UNSPECIFIED. ) 
 CURVE ( )  GEOMETRIC_REPRESENTATION_ITEM ( )  RATIONAL_B_SPLINE_CURVE ( ( 1.000000000000000000, 0.9956597216412182982, 0.9956597216412182982, 1.000000000000000000 ) ) 
 REPRESENTATION_ITEM ( '' )  );
#10077 = DIRECTION ( 'NONE',  ( 0.000000000000000000, 0.000000000000000000, 1.000000000000000000 ) ) ;
#10078 =( LENGTH_UNIT ( ) NAMED_UNIT ( * ) SI_UNIT ( .MILLI., .METRE. ) );
#10079 = DIRECTION ( 'NONE',  ( 0.000000000000000000, 0.000000000000000000, 1.000000000000000000 ) ) ;
#10080 = ORIENTED_EDGE ( 'NONE', *, *, #2408, .T. ) ;
#10081 = ORIENTED_EDGE ( 'NONE', *, *, #4055, .F. ) ;
#10082 = EDGE_CURVE ( 'NONE', #7828, #6840, #4013, .T. ) ;
#10083 = DIRECTION ( 'NONE',  ( -0.000000000000000000, 1.000000000000000000, -0.000000000000000000 ) ) ;
#10084 = ADVANCED_FACE ( 'NONE', ( #9504 ), #1353, .T. ) ;
#10085 = VERTEX_POINT ( 'NONE', #7706 ) ;
#10086 = DIRECTION ( 'NONE',  ( -0.000000000000000000, -1.000000000000000000, -0.000000000000000000 ) ) ;
#10087 = AXIS2_PLACEMENT_3D ( 'NONE', #7095, #1879, #9969 ) ;
#10088 = DIRECTION ( 'NONE',  ( -0.000000000000000000, -1.000000000000000000, 0.000000000000000000 ) ) ;
#10089 = CARTESIAN_POINT ( 'NONE',  ( -52.45000000000001705, 9.400000000000000355, -2.924999999999972289 ) ) ;
#10090 = VERTEX_POINT ( 'NONE', #11357 ) ;
#10091 = CARTESIAN_POINT ( 'NONE',  ( -53.20000000000000284, 9.199999999999999289, -2.924999999999972289 ) ) ;
#10092 = CARTESIAN_POINT ( 'NONE',  ( -34.95000000000000284, 11.29999999999999716, 14.25000000000000355 ) ) ;
#10093 = LINE ( 'NONE', #3894, #10616 ) ;
#10094 = EDGE_CURVE ( 'NONE', #3398, #304, #11645, .T. ) ;
#10095 = CARTESIAN_POINT ( 'NONE',  ( 47.49999999999999289, 2.499999999999999556, -8.649999999999998579 ) ) ;
#10096 = EDGE_CURVE ( 'NONE', #568, #1967, #9008, .T. ) ;
#10097 = CARTESIAN_POINT ( 'NONE',  ( -52.45000000000001705, 7.899999999999999467, -2.924999999999972289 ) ) ;
#10098 = ORIENTED_EDGE ( 'NONE', *, *, #7598, .F. ) ;
#10099 = DIRECTION ( 'NONE',  ( -0.000000000000000000, 1.000000000000000000, -0.000000000000000000 ) ) ;
#10100 = ORIENTED_EDGE ( 'NONE', *, *, #7176, .T. ) ;
#10101 = EDGE_LOOP ( 'NONE', ( #3178, #5880, #9295, #9728 ) ) ;
#10102 = CARTESIAN_POINT ( 'NONE',  ( -52.23135736848558253, 9.172107356944977141, 3.593355414828915517 ) ) ;
#10103 = DIRECTION ( 'NONE',  ( 5.139921410301692211E-16, 0.000000000000000000, 1.000000000000000000 ) ) ;
#10104 = CARTESIAN_POINT ( 'NONE',  ( 45.25000000000000711, 5.500000000000000000, -12.25000000000000000 ) ) ;
#10105 = CARTESIAN_POINT ( 'NONE',  ( -50.25000000000000711, 9.799999999999998934, 2.449999999999999734 ) ) ;
#10106 = EDGE_CURVE ( 'NONE', #4933, #5929, #3170, .T. ) ;
#10107 = CYLINDRICAL_SURFACE ( 'NONE', #5908, 6.800000000000007816 ) ;
#10108 = VECTOR ( 'NONE', #3141, 1000.000000000000000 ) ;
#10109 = EDGE_CURVE ( 'NONE', #7300, #8388, #3529, .T. ) ;
#10110 = LINE ( 'NONE', #8320, #5735 ) ;
#10111 = ORIENTED_EDGE ( 'NONE', *, *, #8208, .T. ) ;
#10112 = VERTEX_POINT ( 'NONE', #3468 ) ;
#10113 = FACE_BOUND ( 'NONE', #1612, .T. ) ;
#10114 = CARTESIAN_POINT ( 'NONE',  ( -52.25000000000001421, 9.400000000000000355, 2.925000000000026912 ) ) ;
#10115 = VECTOR ( 'NONE', #2776, 1000.000000000000000 ) ;
#10116 = LINE ( 'NONE', #8325, #3346 ) ;
#10117 = DIRECTION ( 'NONE',  ( -1.000000000000000000, 0.000000000000000000, 0.000000000000000000 ) ) ;
#10118 = LINE ( 'NONE', #198, #3871 ) ;
#10119 = VERTEX_POINT ( 'NONE', #6981 ) ;
#10120 = CARTESIAN_POINT ( 'NONE',  ( -50.30489371176980740, 13.80115016935045347, -6.987332565385345085 ) ) ;
#10121 = DIRECTION ( 'NONE',  ( 0.000000000000000000, 0.000000000000000000, 1.000000000000000000 ) ) ;
#10122 = EDGE_LOOP ( 'NONE', ( #9004, #2434, #6635, #8377 ) ) ;
#10123 = VECTOR ( 'NONE', #11306, 1000.000000000000000 ) ;
#10124 = CARTESIAN_POINT ( 'NONE',  ( -50.25000000000000000, 11.34999999999999964, -4.750000000000000000 ) ) ;
#10125 = VERTEX_POINT ( 'NONE', #10810 ) ;
#10126 = ORIENTED_EDGE ( 'NONE', *, *, #10314, .F. ) ;
#10127 = LINE ( 'NONE', #37, #2555 ) ;
#10128 = ORIENTED_EDGE ( 'NONE', *, *, #6864, .F. ) ;
#10129 = DIRECTION ( 'NONE',  ( 0.000000000000000000, 0.000000000000000000, 1.000000000000000000 ) ) ;
#10130 = VERTEX_POINT ( 'NONE', #1631 ) ;
#10131 = DIRECTION ( 'NONE',  ( -0.8660254037844383745, 0.000000000000000000, 0.5000000000000006661 ) ) ;
#10132 = VECTOR ( 'NONE', #11154, 1000.000000000000114 ) ;
#10133 = DIRECTION ( 'NONE',  ( 1.000000000000000000, 0.000000000000000000, 0.000000000000000000 ) ) ;
#10134 = CARTESIAN_POINT ( 'NONE',  ( 0.000000000000000000, 10.50000000000000000, -13.55000000000000249 ) ) ;
#10135 = CARTESIAN_POINT ( 'NONE',  ( 28.90030830864571243, 0.3635327603604584512, -12.04733927355112755 ) ) ;
#10136 = VERTEX_POINT ( 'NONE', #689 ) ;
#10137 = ORIENTED_EDGE ( 'NONE', *, *, #7768, .T. ) ;
#10138 = CARTESIAN_POINT ( 'NONE',  ( 30.35000000000000142, 0.2999999999999999889, -3.150000000000002576 ) ) ;
#10139 = DIRECTION ( 'NONE',  ( 0.000000000000000000, -0.000000000000000000, -1.000000000000000000 ) ) ;
#10140 = EDGE_LOOP ( 'NONE', ( #10148, #4361, #1206, #2047 ) ) ;
#10141 = CARTESIAN_POINT ( 'NONE',  ( 2.009170479469691184, 12.50000000000000000, 14.75000000000000178 ) ) ;
#10142 =( BOUNDED_SURFACE ( )  B_SPLINE_SURFACE ( 3, 2, ( 
 ( #10481, #5053, #9655 ),
 ( #4226, #1546, #6060 ),
 ( #5167, #8804, #7914 ),
 ( #11556, #11670, #3620 ),
 ( #5352, #3493, #2542 ),
 ( #83, #2668, #6233 ),
 ( #4461, #4523, #1718 ),
 ( #2483, #10838, #6289 ),
 ( #897, #6168, #8978 ),
 ( #8147, #780, #7301 ),
 ( #11607, #3564, #9036 ),
 ( #2722, #7238, #5472 ),
 ( #8204, #10897, #3673 ),
 ( #25, #1836, #9933 ) ),
 .UNSPECIFIED., .F., .F., .F. ) 
 B_SPLINE_SURFACE_WITH_KNOTS ( ( 4, 2, 2, 2, 2, 2, 4 ),
 ( 3, 3 ),
 ( 0.001155377463937334046, 0.001777644056775403488, 0.002088777353194438101, 0.002399910649613473147, 0.002711043946032508194, 0.003022177242451542806, 0.003644443835289612466 ),
 ( 0.2421920237697511857, 1.000000000000000000 ),
 .UNSPECIFIED. ) 
 GEOMETRIC_REPRESENTATION_ITEM ( )  RATIONAL_B_SPLINE_SURFACE ( (
 ( 0.8924876584085131848, 0.7780431825994043038, 1.000000000000000000),
 ( 0.9142263183649501634, 0.8229221584179964299, 1.000000000000000000),
 ( 0.9307382614185424341, 0.8570106944411521877, 1.000000000000000000),
 ( 0.9478720286488139246, 0.8923829725277339087, 1.000000000000000000),
 ( 0.9521871564501747098, 0.9012914570727557084, 1.000000000000000000),
 ( 0.9580339200408044542, 0.9133619693456709321, 1.000000000000000000),
 ( 0.9595443787250097500, 0.9164802774152240872, 1.000000000000000000),
 ( 0.9595213182622663872, 0.9164326696072035983, 1.000000000000000000),
 ( 0.9580366851124513250, 0.9133676777740571406, 1.000000000000000000),
 ( 0.9521631394573175644, 0.9012418745297734457, 1.000000000000000000),
 ( 0.9477395637334600220, 0.8921095016815598910, 1.000000000000000000),
 ( 0.9306991181620385412, 0.8569298840661967454, 1.000000000000000000),
 ( 0.9139791508532408848, 0.8224118866347598367, 1.000000000000000000),
 ( 0.8924876584085135178, 0.7780431825994054140, 1.000000000000000000) ) ) 
 REPRESENTATION_ITEM ( '' )  SURFACE ( )  );
#10143 = CARTESIAN_POINT ( 'NONE',  ( -8.107033542344556309, 12.30000000000000071, 14.04179399400123351 ) ) ;
#10144 = B_SPLINE_CURVE_WITH_KNOTS ( 'NONE', 3,
 ( #9584, #2475, #5044, #6051, #6104, #5099 ),
 .UNSPECIFIED., .F., .F.,
 ( 4, 2, 4 ),
 ( 0.000000000000000000, 0.0001955837419200947918, 0.0003911674838401895836 ),
 .UNSPECIFIED. ) ;
#10145 = ADVANCED_FACE ( 'NONE', ( #4320 ), #2638, .F. ) ;
#10146 = DIRECTION ( 'NONE',  ( -1.000000000000000000, 6.938893903907227589E-15, 0.000000000000000000 ) ) ;
#10147 = ORIENTED_EDGE ( 'NONE', *, *, #7408, .F. ) ;
#10148 = ORIENTED_EDGE ( 'NONE', *, *, #337, .F. ) ;
#10149 = CARTESIAN_POINT ( 'NONE',  ( -51.98555142777798466, 8.496263542329993257, 4.258108007148364571 ) ) ;
#10150 = AXIS2_PLACEMENT_3D ( 'NONE', #5208, #9917, #6095 ) ;
#10151 = EDGE_CURVE ( 'NONE', #7495, #3567, #1693, .T. ) ;
#10152 = CARTESIAN_POINT ( 'NONE',  ( -36.97393153932384280, 1.000000000000000000, -8.550000000000016698 ) ) ;
#10153 = CIRCLE ( 'NONE', #4444, 0.8500000000000000888 ) ;
#10154 = FACE_OUTER_BOUND ( 'NONE', #396, .T. ) ;
#10155 = LINE ( 'NONE', #1292, #4062 ) ;
#10156 = VERTEX_POINT ( 'NONE', #4254 ) ;
#10157 = AXIS2_PLACEMENT_3D ( 'NONE', #2167, #2340, #3061 ) ;
#10158 = DIRECTION ( 'NONE',  ( -1.000000000000000000, -0.000000000000000000, -0.000000000000000000 ) ) ;
#10159 = VECTOR ( 'NONE', #2101, 1000.000000000000000 ) ;
#10160 = EDGE_CURVE ( 'NONE', #9233, #8266, #10638, .T. ) ;
#10161 = EDGE_LOOP ( 'NONE', ( #5591, #10463, #11147, #6712, #2667 ) ) ;
#10162 = CARTESIAN_POINT ( 'NONE',  ( -1.347358039593640417E-16, 14.10000000000000320, 11.75000000000000355 ) ) ;
#10163 = DIRECTION ( 'NONE',  ( 1.000000000000000000, -0.000000000000000000, -0.000000000000000000 ) ) ;
#10164 = EDGE_CURVE ( 'NONE', #2718, #9233, #10209, .T. ) ;
#10165 = LINE ( 'NONE', #1940, #1301 ) ;
#10166 = VECTOR ( 'NONE', #10086, 1000.000000000000000 ) ;
#10167 = CARTESIAN_POINT ( 'NONE',  ( -40.15000000000000568, 4.015686516701556741, -12.50000000000000000 ) ) ;
#10168 = DIRECTION ( 'NONE',  ( 0.000000000000000000, -0.000000000000000000, 1.000000000000000000 ) ) ;
#10169 = DIRECTION ( 'NONE',  ( -3.154042683594192655E-16, -0.000000000000000000, -1.000000000000000000 ) ) ;
#10170 = ORIENTED_EDGE ( 'NONE', *, *, #1445, .F. ) ;
#10171 = ORIENTED_EDGE ( 'NONE', *, *, #2427, .F. ) ;
#10172 = AXIS2_PLACEMENT_3D ( 'NONE', #10070, #5538, #10851 ) ;
#10173 = CARTESIAN_POINT ( 'NONE',  ( -20.00000000000001066, 14.00000000000000000, 2.352167425053299574E-15 ) ) ;
#10174 = CARTESIAN_POINT ( 'NONE',  ( 0.000000000000000000, 0.5999999999999989786, 0.000000000000000000 ) ) ;
#10175 = ADVANCED_FACE ( 'NONE', ( #812 ), #5383, .F. ) ;
#10176 = CARTESIAN_POINT ( 'NONE',  ( 20.65000000000000213, 4.000000000000000000, -12.25000000000000000 ) ) ;
#10177 = CARTESIAN_POINT ( 'NONE',  ( -20.00000000000001066, 10.50000000000000000, 13.55000000000000249 ) ) ;
#10178 = EDGE_CURVE ( 'NONE', #1588, #4249, #8120, .T. ) ;
#10179 = CARTESIAN_POINT ( 'NONE',  ( 47.50000000000000000, 10.50000000000000000, -9.500000000000001776 ) ) ;
#10180 = VERTEX_POINT ( 'NONE', #4434 ) ;
#10181 = DIRECTION ( 'NONE',  ( 0.000000000000000000, 1.000000000000000000, 0.000000000000000000 ) ) ;
#10182 = LINE ( 'NONE', #2023, #3069 ) ;
#10183 = VECTOR ( 'NONE', #6818, 1000.000000000000000 ) ;
#10184 = CARTESIAN_POINT ( 'NONE',  ( 0.5999999999999912070, 14.00000000000000000, 13.55000000000000071 ) ) ;
#10185 = ORIENTED_EDGE ( 'NONE', *, *, #7082, .F. ) ;
#10186 = AXIS2_PLACEMENT_3D ( 'NONE', #10530, #888, #829 ) ;
#10187 = LINE ( 'NONE', #1143, #3554 ) ;
#10188 = ORIENTED_EDGE ( 'NONE', *, *, #8556, .F. ) ;
#10189 = B_SPLINE_CURVE_WITH_KNOTS ( 'NONE', 3,
 ( #10635, #8773, #632, #4248, #6080, #5190 ),
 .UNSPECIFIED., .F., .F.,
 ( 4, 2, 4 ),
 ( 0.000000000000000000, 0.0001955837419200947918, 0.0003911674838401895836 ),
 .UNSPECIFIED. ) ;
#10190 = ORIENTED_EDGE ( 'NONE', *, *, #1318, .F. ) ;
#10191 = ORIENTED_EDGE ( 'NONE', *, *, #5668, .F. ) ;
#10192 = CARTESIAN_POINT ( 'NONE',  ( -45.00000000000000711, 13.29999999999999893, 12.25000000000000000 ) ) ;
#10193 = ORIENTED_EDGE ( 'NONE', *, *, #6693, .F. ) ;
#10194 = VECTOR ( 'NONE', #8454, 1000.000000000000000 ) ;
#10195 = CARTESIAN_POINT ( 'NONE',  ( 27.29961658581053641, -3.658021897000839073E-13, -11.97381551524012799 ) ) ;
#10196 = VERTEX_POINT ( 'NONE', #7884 ) ;
#10197 = CARTESIAN_POINT ( 'NONE',  ( -51.22917112000553885, 14.00000000000000000, -9.894693245086278566 ) ) ;
#10198 = CARTESIAN_POINT ( 'NONE',  ( 31.31609264624744071, 0.09232880164539916668, -12.48909550373840815 ) ) ;
#10199 = DIRECTION ( 'NONE',  ( 0.000000000000000000, 1.000000000000000000, -0.000000000000000000 ) ) ;
#10200 = CARTESIAN_POINT ( 'NONE',  ( 29.91906106405694743, 0.09961991281167423273, -12.51667812662253887 ) ) ;
#10201 = ORIENTED_EDGE ( 'NONE', *, *, #5219, .T. ) ;
#10202 = CARTESIAN_POINT ( 'NONE',  ( -44.75000000000000711, 4.015686516701556741, -12.50000000000000000 ) ) ;
#10203 = CIRCLE ( 'NONE', #11161, 4.450000000000009948 ) ;
#10204 = ORIENTED_EDGE ( 'NONE', *, *, #8313, .F. ) ;
#10205 = PRODUCT_DEFINITION ( 'ז', '', #5484, #8738 ) ;
#10206 = DIRECTION ( 'NONE',  ( 1.000000000000000000, -0.000000000000000000, 0.000000000000000000 ) ) ;
#10207 = LINE ( 'NONE', #8469, #10759 ) ;
#10208 = CARTESIAN_POINT ( 'NONE',  ( -40.15000000000000568, 6.000000000000000000, 14.25000000000000355 ) ) ;
#10209 = CIRCLE ( 'NONE', #6768, 5.499999999999988454 ) ;
#10210 = ORIENTED_EDGE ( 'NONE', *, *, #2885, .F. ) ;
#10211 = VECTOR ( 'NONE', #4209, 1000.000000000000000 ) ;
#10212 = VECTOR ( 'NONE', #6742, 1000.000000000000000 ) ;
#10213 = DIRECTION ( 'NONE',  ( 0.000000000000000000, 0.000000000000000000, 1.000000000000000000 ) ) ;
#10214 = CARTESIAN_POINT ( 'NONE',  ( 1.104085060222564741E-15, 7.500000000000000000, 14.75000000000000355 ) ) ;
#10215 = CARTESIAN_POINT ( 'NONE',  ( 39.08172798364529399, -1.697056274847719815, 6.181727983645293634 ) ) ;
#10216 = EDGE_CURVE ( 'NONE', #10241, #11596, #7944, .T. ) ;
#10217 = VECTOR ( 'NONE', #2473, 1000.000000000000000 ) ;
#10218 = ORIENTED_EDGE ( 'NONE', *, *, #3825, .F. ) ;
#10219 = AXIS2_PLACEMENT_3D ( 'NONE', #8121, #9852, #1694 ) ;
#10220 = EDGE_CURVE ( 'NONE', #2468, #10241, #5196, .T. ) ;
#10221 = CARTESIAN_POINT ( 'NONE',  ( -45.20000000000000284, 0.000000000000000000, -6.750000000000000888 ) ) ;
#10222 = EDGE_CURVE ( 'NONE', #6967, #1361, #2969, .T. ) ;
#10223 = CARTESIAN_POINT ( 'NONE',  ( -50.25000000000001421, 13.79999999999999893, 4.382614858677972514 ) ) ;
#10224 = DIRECTION ( 'NONE',  ( -0.000000000000000000, 1.000000000000000000, -0.000000000000000000 ) ) ;
#10225 = DIRECTION ( 'NONE',  ( 0.000000000000000000, 0.000000000000000000, 1.000000000000000000 ) ) ;
#10226 = VECTOR ( 'NONE', #356, 1000.000000000000000 ) ;
#10227 = CARTESIAN_POINT ( 'NONE',  ( -40.15000000000087965, 4.007420273433608848, -12.43438872810979490 ) ) ;
#10228 = DIRECTION ( 'NONE',  ( 0.000000000000000000, 1.000000000000000000, -0.000000000000000000 ) ) ;
#10229 = EDGE_CURVE ( 'NONE', #915, #4933, #9090, .T. ) ;
#10230 = CARTESIAN_POINT ( 'NONE',  ( -50.25000000000000711, 13.79999999999999893, -4.250000000000000000 ) ) ;
#10231 = ORIENTED_EDGE ( 'NONE', *, *, #5685, .F. ) ;
#10232 = VERTEX_POINT ( 'NONE', #5555 ) ;
#10233 = EDGE_CURVE ( 'NONE', #9755, #10478, #7138, .T. ) ;
#10234 = DIRECTION ( 'NONE',  ( -0.8660254037844384856, 0.000000000000000000, -0.5000000000000003331 ) ) ;
#10235 = LINE ( 'NONE', #7422, #10892 ) ;
#10236 = DIRECTION ( 'NONE',  ( -0.000000000000000000, -1.000000000000000000, -0.000000000000000000 ) ) ;
#10237 = ORIENTED_EDGE ( 'NONE', *, *, #7434, .T. ) ;
#10238 = LINE ( 'NONE', #4805, #541 ) ;
#10239 = FACE_OUTER_BOUND ( 'NONE', #3658, .T. ) ;
#10240 = CARTESIAN_POINT ( 'NONE',  ( 47.49999999999999289, 10.50000000000000000, 9.500000000000000000 ) ) ;
#10241 = VERTEX_POINT ( 'NONE', #6498 ) ;
#10242 = CARTESIAN_POINT ( 'NONE',  ( -47.50000000000000711, 14.00000000000000000, -9.500000000000001776 ) ) ;
#10243 = DIRECTION ( 'NONE',  ( -1.000000000000000000, -0.000000000000000000, -0.000000000000000000 ) ) ;
#10244 = CARTESIAN_POINT ( 'NONE',  ( -50.75000000000000711, 7.500000000000000000, -6.750000000000000000 ) ) ;
#10245 = EDGE_CURVE ( 'NONE', #1324, #1504, #11052, .T. ) ;
#10246 = LINE ( 'NONE', #2085, #5426 ) ;
#10247 = B_SPLINE_CURVE_WITH_KNOTS ( 'NONE', 3,
 ( #11166, #6446, #5725, #5609, #110, #9127, #4667, #1167 ),
 .UNSPECIFIED., .F., .F.,
 ( 4, 2, 2, 4 ),
 ( 0.000000000000000000, 0.0001382025733524810550, 0.0002764051467049621100, 0.0005528102934099263883 ),
 .UNSPECIFIED. ) ;
#10248 = VERTEX_POINT ( 'NONE', #8235 ) ;
#10249 = EDGE_CURVE ( 'NONE', #11149, #1145, #3890, .T. ) ;
#10250 = EDGE_CURVE ( 'NONE', #8279, #2031, #2029, .T. ) ;
#10251 = ORIENTED_EDGE ( 'NONE', *, *, #6929, .F. ) ;
#10252 = DIRECTION ( 'NONE',  ( 1.000000000000000000, -0.000000000000000000, 0.000000000000000000 ) ) ;
#10253 = ORIENTED_EDGE ( 'NONE', *, *, #5992, .F. ) ;
#10254 = LINE ( 'NONE', #10975, #2201 ) ;
#10255 = ORIENTED_EDGE ( 'NONE', *, *, #4165, .T. ) ;
#10256 = LINE ( 'NONE', #214, #8595 ) ;
#10257 = CARTESIAN_POINT ( 'NONE',  ( 0.5999999999999912070, 14.00000000000000000, 13.55000000000000071 ) ) ;
#10258 = VECTOR ( 'NONE', #11106, 1000.000000000000000 ) ;
#10259 = CARTESIAN_POINT ( 'NONE',  ( -52.40568058483292901, 6.815219914338489282, -3.641416195903030673 ) ) ;
#10260 = EDGE_LOOP ( 'NONE', ( #5457, #4527, #5537, #4699, #8715, #610 ) ) ;
#10261 = ORIENTED_EDGE ( 'NONE', *, *, #8822, .T. ) ;
#10262 = LINE ( 'NONE', #7390, #4150 ) ;
#10263 = B_SPLINE_CURVE_WITH_KNOTS ( 'NONE', 3,
 ( #71, #8311, #7285, #7412, #10943, #2772 ),
 .UNSPECIFIED., .F., .F.,
 ( 4, 2, 4 ),
 ( 5.421010862427521568E-20, 0.001391968140626168851, 0.002783936281252337702 ),
 .UNSPECIFIED. ) ;
#10264 = EDGE_CURVE ( 'NONE', #6342, #1865, #4877, .T. ) ;
#10265 = CARTESIAN_POINT ( 'NONE',  ( -23.23676428111944858, 12.30000000000000071, -14.75000000000000000 ) ) ;
#10266 = EDGE_CURVE ( 'NONE', #10180, #8279, #5502, .T. ) ;
#10267 = DIRECTION ( 'NONE',  ( 1.000000000000000000, 0.000000000000000000, 0.000000000000000000 ) ) ;
#10268 = FACE_OUTER_BOUND ( 'NONE', #9030, .T. ) ;
#10269 = CARTESIAN_POINT ( 'NONE',  ( 37.74211819145298108, 0.2999999999999998779, -8.283866831501375927 ) ) ;
#10270 = VERTEX_POINT ( 'NONE', #8296 ) ;
#10271 = CIRCLE ( 'NONE', #3222, 2.000000000000000000 ) ;
#10272 = AXIS2_PLACEMENT_3D ( 'NONE', #2271, #9425, #5948 ) ;
#10273 = DIRECTION ( 'NONE',  ( 0.000000000000000000, 0.000000000000000000, 1.000000000000000000 ) ) ;
#10274 = CARTESIAN_POINT ( 'NONE',  ( -40.15000000000000568, 2.658044035770915267E-15, 14.25000000000000533 ) ) ;
#10275 = DIRECTION ( 'NONE',  ( -1.000000000000000000, -0.000000000000000000, 4.476705744456300993E-16 ) ) ;
#10276 = VERTEX_POINT ( 'NONE', #1987 ) ;
#10277 = LINE ( 'NONE', #6569, #3878 ) ;
#10278 = DIRECTION ( 'NONE',  ( 0.000000000000000000, 0.000000000000000000, 1.000000000000000000 ) ) ;
#10279 = AXIS2_PLACEMENT_3D ( 'NONE', #6630, #9328, #9270 ) ;
#10280 = DIRECTION ( 'NONE',  ( 0.000000000000000000, 0.000000000000000000, 1.000000000000000000 ) ) ;
#10281 = CARTESIAN_POINT ( 'NONE',  ( -22.80000000000001492, 12.30000000000000071, -13.55000000000000249 ) ) ;
#10282 = ADVANCED_FACE ( 'NONE', ( #7456 ), #4727, .T. ) ;
#10283 = DIRECTION ( 'NONE',  ( 1.000000000000000000, 0.000000000000000000, 0.000000000000000000 ) ) ;
#10284 = EDGE_CURVE ( 'NONE', #7265, #8507, #10029, .T. ) ;
#10285 = CYLINDRICAL_SURFACE ( 'NONE', #1691, 0.9899999999999995470 ) ;
#10286 = AXIS2_PLACEMENT_3D ( 'NONE', #876, #5450, #9076 ) ;
#10287 = ORIENTED_EDGE ( 'NONE', *, *, #5624, .T. ) ;
#10288 = VERTEX_POINT ( 'NONE', #10208 ) ;
#10289 = PLANE ( 'NONE',  #6329 ) ;
#10290 = CARTESIAN_POINT ( 'NONE',  ( 43.49999999999999289, 6.500000000000000000, 0.000000000000000000 ) ) ;
#10291 = ORIENTED_EDGE ( 'NONE', *, *, #3147, .F. ) ;
#10292 = CARTESIAN_POINT ( 'NONE',  ( -50.75000000000000711, 4.000000000000000000, -7.249999999999999112 ) ) ;
#10293 = DIRECTION ( 'NONE',  ( -1.000000000000000000, 0.000000000000000000, 0.000000000000000000 ) ) ;
#10294 = B_SPLINE_CURVE_WITH_KNOTS ( 'NONE', 3,
 ( #3472, #5203, #8845, #4325, #8123, #10873 ),
 .UNSPECIFIED., .F., .F.,
 ( 4, 2, 4 ),
 ( 0.000000000000000000, 0.0001955798652618910051, 0.0003911597305237820101 ),
 .UNSPECIFIED. ) ;
#10295 = LINE ( 'NONE', #9400, #9461 ) ;
#10296 = EDGE_CURVE ( 'NONE', #2677, #3316, #6959, .T. ) ;
#10297 = VECTOR ( 'NONE', #5232, 1000.000000000000000 ) ;
#10298 = ORIENTED_EDGE ( 'NONE', *, *, #1275, .F. ) ;
#10299 = CARTESIAN_POINT ( 'NONE',  ( -47.50000000000000711, 4.000000000000000000, 6.750000000000000000 ) ) ;
#10300 = EDGE_CURVE ( 'NONE', #11149, #1799, #1874, .T. ) ;
#10301 = LINE ( 'NONE', #3748, #8778 ) ;
#10302 = CARTESIAN_POINT ( 'NONE',  ( -45.00000000000001421, 4.000000000000000000, 8.950000000000013500 ) ) ;
#10303 = LINE ( 'NONE', #9405, #11159 ) ;
#10304 = VECTOR ( 'NONE', #10682, 1000.000000000000000 ) ;
#10305 = ORIENTED_EDGE ( 'NONE', *, *, #6701, .F. ) ;
#10306 = DIRECTION ( 'NONE',  ( 1.000000000000000000, 0.000000000000000000, 0.000000000000000000 ) ) ;
#10307 = EDGE_LOOP ( 'NONE', ( #11274, #34, #7764, #1086 ) ) ;
#10308 = FACE_OUTER_BOUND ( 'NONE', #6217, .T. ) ;
#10309 = ORIENTED_EDGE ( 'NONE', *, *, #1234, .F. ) ;
#10310 = DIRECTION ( 'NONE',  ( 0.000000000000000000, 0.000000000000000000, 1.000000000000000000 ) ) ;
#10311 = ADVANCED_FACE ( 'NONE', ( #172 ), #11353, .F. ) ;
#10312 = LINE ( 'NONE', #2982, #4419 ) ;
#10313 = VECTOR ( 'NONE', #75, 1000.000000000000000 ) ;
#10314 = EDGE_CURVE ( 'NONE', #2098, #23, #56, .T. ) ;
#10315 = VECTOR ( 'NONE', #3676, 1000.000000000000000 ) ;
#10316 = DIRECTION ( 'NONE',  ( -0.000000000000000000, -1.000000000000000000, -0.000000000000000000 ) ) ;
#10317 = ORIENTED_EDGE ( 'NONE', *, *, #6890, .F. ) ;
#10318 = DIRECTION ( 'NONE',  ( 0.000000000000000000, 0.000000000000000000, 1.000000000000000000 ) ) ;
#10319 = CARTESIAN_POINT ( 'NONE',  ( 0.000000000000000000, 4.999999999999999112, -8.849999999999997868 ) ) ;
#10320 = DIRECTION ( 'NONE',  ( 0.000000000000000000, 1.000000000000000000, 0.000000000000000000 ) ) ;
#10321 = DIRECTION ( 'NONE',  ( 0.000000000000000000, 1.000000000000000000, -0.000000000000000000 ) ) ;
#10322 = EDGE_CURVE ( 'NONE', #4312, #7487, #1654, .T. ) ;
#10323 = CARTESIAN_POINT ( 'NONE',  ( -44.75000000000000711, 6.000000000000000000, -14.25000000000000355 ) ) ;
#10324 = ORIENTED_EDGE ( 'NONE', *, *, #7615, .F. ) ;
#10325 = ORIENTED_EDGE ( 'NONE', *, *, #8673, .F. ) ;
#10326 = EDGE_CURVE ( 'NONE', #6620, #8990, #4500, .T. ) ;
#10327 = PLANE ( 'NONE',  #10829 ) ;
#10328 = DIRECTION ( 'NONE',  ( 0.000000000000000000, -0.000000000000000000, 1.000000000000000000 ) ) ;
#10329 = CARTESIAN_POINT ( 'NONE',  ( -47.50000000000000711, 7.500000000000000000, -9.500000000000001776 ) ) ;
#10330 = FACE_OUTER_BOUND ( 'NONE', #983, .T. ) ;
#10331 = ORIENTED_EDGE ( 'NONE', *, *, #67, .T. ) ;
#10332 = DIRECTION ( 'NONE',  ( 0.8660254037844382635, 0.000000000000000000, -0.5000000000000005551 ) ) ;
#10333 = CARTESIAN_POINT ( 'NONE',  ( -53.20000000000000284, 9.199999999999999289, 2.925000000000026912 ) ) ;
#10334 = FACE_OUTER_BOUND ( 'NONE', #11468, .T. ) ;
#10335 = PLANE ( 'NONE',  #5838 ) ;
#10336 = CARTESIAN_POINT ( 'NONE',  ( -52.45000000000001705, 6.599999999999997868, 2.925000000000026468 ) ) ;
#10337 = VECTOR ( 'NONE', #6362, 1000.000000000000000 ) ;
#10338 = CARTESIAN_POINT ( 'NONE',  ( -34.70000000000000284, 13.29999999999999893, 12.25000000000000178 ) ) ;
#10339 = EDGE_LOOP ( 'NONE', ( #8453, #7317, #6746, #10287 ) ) ;
#10340 = VERTEX_POINT ( 'NONE', #990 ) ;
#10341 = DIRECTION ( 'NONE',  ( -0.000000000000000000, 1.000000000000000000, 0.000000000000000000 ) ) ;
#10342 = PLANE ( 'NONE',  #6743 ) ;
#10343 = VERTEX_POINT ( 'NONE', #4610 ) ;
#10344 = CARTESIAN_POINT ( 'NONE',  ( -50.25000000000000711, 4.000000000000000000, -4.250000000000000000 ) ) ;
#10345 = CARTESIAN_POINT ( 'NONE',  ( -34.55000000000001137, 4.000000000000000000, 12.25000000000000178 ) ) ;
#10346 = CIRCLE ( 'NONE', #109, 0.8500000000000000888 ) ;
#10347 = DIRECTION ( 'NONE',  ( 0.000000000000000000, 0.000000000000000000, -1.000000000000000000 ) ) ;
#10348 = VECTOR ( 'NONE', #240, 1000.000000000000000 ) ;
#10349 = VECTOR ( 'NONE', #1594, 1000.000000000000000 ) ;
#10350 = CARTESIAN_POINT ( 'NONE',  ( 2.009170479469691184, 12.50000000000000000, 14.75000000000000178 ) ) ;
#10351 = LINE ( 'NONE', #10531, #10108 ) ;
#10352 = DIRECTION ( 'NONE',  ( -1.000000000000000000, 0.000000000000000000, 0.000000000000000000 ) ) ;
#10353 = AXIS2_PLACEMENT_3D ( 'NONE', #680, #4367, #8890 ) ;
#10354 = DIRECTION ( 'NONE',  ( 0.000000000000000000, 0.000000000000000000, -1.000000000000000000 ) ) ;
#10355 = EDGE_LOOP ( 'NONE', ( #6499, #11116, #5304, #1679, #5149 ) ) ;
#10356 = ORIENTED_EDGE ( 'NONE', *, *, #4343, .F. ) ;
#10357 = VECTOR ( 'NONE', #10320, 1000.000000000000000 ) ;
#10358 = EDGE_CURVE ( 'NONE', #3433, #6585, #9965, .T. ) ;
#10359 = ORIENTED_EDGE ( 'NONE', *, *, #4056, .F. ) ;
#10360 = ADVANCED_FACE ( 'NONE', ( #5444 ), #113, .F. ) ;
#10361 = DIRECTION ( 'NONE',  ( 1.000000000000000000, -0.000000000000000000, -0.000000000000000000 ) ) ;
#10362 = FACE_OUTER_BOUND ( 'NONE', #7797, .T. ) ;
#10363 = EDGE_LOOP ( 'NONE', ( #9713, #5712, #2765, #4971 ) ) ;
#10364 = DIRECTION ( 'NONE',  ( 0.000000000000000000, 0.000000000000000000, 1.000000000000000000 ) ) ;
#10365 = CARTESIAN_POINT ( 'NONE',  ( -50.20000000000000284, 3.000000000000000000, 6.749999999999948486 ) ) ;
#10366 = CARTESIAN_POINT ( 'NONE',  ( 22.08039777241905810, 0.000000000000000000, -7.404841829914301066 ) ) ;
#10367 = CARTESIAN_POINT ( 'NONE',  ( 6.598509989039549772, 0.5999999999999989786, 11.42895455526722337 ) ) ;
#10368 = AXIS2_PLACEMENT_3D ( 'NONE', #6480, #1149, #11085 ) ;
#10369 = VECTOR ( 'NONE', #4738, 1000.000000000000000 ) ;
#10370 = DIRECTION ( 'NONE',  ( 0.000000000000000000, -1.000000000000000000, 0.000000000000000000 ) ) ;
#10371 = VERTEX_POINT ( 'NONE', #1342 ) ;
#10372 = CARTESIAN_POINT ( 'NONE',  ( -42.75000000000000000, 0.000000000000000000, 0.000000000000000000 ) ) ;
#10373 = EDGE_CURVE ( 'NONE', #7639, #6332, #1155, .T. ) ;
#10374 = CIRCLE ( 'NONE', #3330, 0.9899999999999995470 ) ;
#10375 = ADVANCED_FACE ( 'NONE', ( #9373 ), #8535, .T. ) ;
#10376 = DIRECTION ( 'NONE',  ( -0.000000000000000000, -1.000000000000000000, 0.000000000000000000 ) ) ;
#10377 = VERTEX_POINT ( 'NONE', #6619 ) ;
#10378 = CIRCLE ( 'NONE', #9421, 5.199999999999988631 ) ;
#10379 = CARTESIAN_POINT ( 'NONE',  ( -42.69584479847606673, 3.138748237890399029, 8.949999999999988631 ) ) ;
#10380 = CARTESIAN_POINT ( 'NONE',  ( -34.95000000000000284, 11.29999999999999716, 12.25000000000000000 ) ) ;
#10381 = ORIENTED_EDGE ( 'NONE', *, *, #1018, .T. ) ;
#10382 = ORIENTED_EDGE ( 'NONE', *, *, #1956, .F. ) ;
#10383 = CARTESIAN_POINT ( 'NONE',  ( -47.50000000000000711, 7.500000000000000000, -10.35000000000000142 ) ) ;
#10384 = VECTOR ( 'NONE', #6653, 1000.000000000000000 ) ;
#10385 = VECTOR ( 'NONE', #5367, 1000.000000000000000 ) ;
#10386 = FACE_OUTER_BOUND ( 'NONE', #5745, .T. ) ;
#10387 = DIRECTION ( 'NONE',  ( -2.668805347656624115E-15, 0.000000000000000000, -1.000000000000000000 ) ) ;
#10388 = ORIENTED_EDGE ( 'NONE', *, *, #3008, .F. ) ;
#10389 = ADVANCED_FACE ( 'NONE', ( #9490 ), #10441, .T. ) ;
#10390 = ORIENTED_EDGE ( 'NONE', *, *, #11566, .T. ) ;
#10391 = EDGE_CURVE ( 'NONE', #10112, #181, #4948, .T. ) ;
#10392 = DIRECTION ( 'NONE',  ( -0.000000000000000000, -1.000000000000000000, -0.000000000000000000 ) ) ;
#10393 = ADVANCED_FACE ( 'NONE', ( #1223 ), #3053, .F. ) ;
#10394 = AXIS2_PLACEMENT_3D ( 'NONE', #194, #3800, #11072 ) ;
#10395 = AXIS2_PLACEMENT_3D ( 'NONE', #9102, #10958, #10057 ) ;
#10396 = CARTESIAN_POINT ( 'NONE',  ( -33.55000000000001137, -16.61771083316477515, -11.05000000000001137 ) ) ;
#10397 = ORIENTED_EDGE ( 'NONE', *, *, #10433, .T. ) ;
#10398 = CARTESIAN_POINT ( 'NONE',  ( -52.25000000000001421, 9.500000000000000000, 2.449999999999999734 ) ) ;
#10399 = CARTESIAN_POINT ( 'NONE',  ( -36.97695776278953872, 4.003042131983495011, 12.36956634074368111 ) ) ;
#10400 = CARTESIAN_POINT ( 'NONE',  ( -42.26903178392871041, 3.999650892192144536, -12.27727016374981694 ) ) ;
#10401 = VECTOR ( 'NONE', #5853, 1000.000000000000114 ) ;
#10402 = VECTOR ( 'NONE', #2235, 1000.000000000000000 ) ;
#10403 = DIRECTION ( 'NONE',  ( 0.000000000000000000, 0.000000000000000000, 1.000000000000000000 ) ) ;
#10404 = ORIENTED_EDGE ( 'NONE', *, *, #1449, .T. ) ;
#10405 = ORIENTED_EDGE ( 'NONE', *, *, #10964, .T. ) ;
#10406 = CARTESIAN_POINT ( 'NONE',  ( -52.00000000000001421, 16.50000000000000000, -2.672759133356879398E-14 ) ) ;
#10407 = CARTESIAN_POINT ( 'NONE',  ( -44.75598457936007435, 3.991054460096771450, 9.299359374855345806 ) ) ;
#10408 = UNCERTAINTY_MEASURE_WITH_UNIT (LENGTH_MEASURE( 1.000000000000000082E-05 ), #10078, 'distance_accuracy_value', 'NONE');
#10409 = EDGE_LOOP ( 'NONE', ( #5762, #10658, #5751, #29, #3145 ) ) ;
#10410 = CARTESIAN_POINT ( 'NONE',  ( 29.90000000000001634, 0.000000000000000000, -2.946998455193306662E-14 ) ) ;
#10411 = CIRCLE ( 'NONE', #1661, 0.1999999999999998723 ) ;
#10412 = CIRCLE ( 'NONE', #11756, 9.000000000000008882 ) ;
#10413 = DIRECTION ( 'NONE',  ( 0.000000000000000000, 0.000000000000000000, 1.000000000000000000 ) ) ;
#10414 = EDGE_LOOP ( 'NONE', ( #7776, #6255, #9473, #3525 ) ) ;
#10415 = DIRECTION ( 'NONE',  ( 0.000000000000000000, 0.000000000000000000, 1.000000000000000000 ) ) ;
#10416 = ORIENTED_EDGE ( 'NONE', *, *, #10447, .F. ) ;
#10417 = CARTESIAN_POINT ( 'NONE',  ( -52.33705538435195592, 7.791562316800584753, -4.224942351437015020 ) ) ;
#10418 = ORIENTED_EDGE ( 'NONE', *, *, #6726, .F. ) ;
#10419 = CARTESIAN_POINT ( 'NONE',  ( -52.00633014137971344, 8.021079087843583366, -4.349999999999790035 ) ) ;
#10420 = PLANE ( 'NONE',  #10766 ) ;
#10421 = EDGE_LOOP ( 'NONE', ( #7607, #3032, #766, #5918 ) ) ;
#10422 = VECTOR ( 'NONE', #3782, 1000.000000000000000 ) ;
#10423 = VERTEX_POINT ( 'NONE', #8587 ) ;
#10424 = VERTEX_POINT ( 'NONE', #6671 ) ;
#10425 = CARTESIAN_POINT ( 'NONE',  ( -34.55000000000001137, -16.61771083316477515, -11.05000000000001137 ) ) ;
#10426 = DIRECTION ( 'NONE',  ( 0.000000000000000000, 1.000000000000000000, -0.000000000000000000 ) ) ;
#10427 = CARTESIAN_POINT ( 'NONE',  ( -50.26010205144336851, 7.899999999999999467, -4.350000000000000533 ) ) ;
#10428 = ORIENTED_EDGE ( 'NONE', *, *, #4573, .F. ) ;
#10429 = DIRECTION ( 'NONE',  ( 0.000000000000000000, 0.000000000000000000, 1.000000000000000000 ) ) ;
#10430 = CARTESIAN_POINT ( 'NONE',  ( -15.05000000000000782, 4.000000000000000000, 10.44999999999999218 ) ) ;
#10431 = CIRCLE ( 'NONE', #9855, 0.2999999999999998779 ) ;
#10432 = DIRECTION ( 'NONE',  ( 0.000000000000000000, 0.000000000000000000, -1.000000000000000000 ) ) ;
#10433 = EDGE_CURVE ( 'NONE', #9886, #7996, #8663, .T. ) ;
#10434 = CARTESIAN_POINT ( 'NONE',  ( 26.92441225411071670, 0.2999999999999999889, -11.47258064516129572 ) ) ;
#10435 = VERTEX_POINT ( 'NONE', #7694 ) ;
#10436 = EDGE_CURVE ( 'NONE', #1967, #11665, #5071, .T. ) ;
#10437 = CARTESIAN_POINT ( 'NONE',  ( -52.20882673044055622, 6.853325638946632381, -3.879343854972091776 ) ) ;
#10438 = EDGE_CURVE ( 'NONE', #3139, #880, #2692, .T. ) ;
#10439 = DIRECTION ( 'NONE',  ( -0.000000000000000000, -1.000000000000000000, -0.000000000000000000 ) ) ;
#10440 = CARTESIAN_POINT ( 'NONE',  ( 20.65000000000000213, 5.500000000000000000, 10.25000000000000178 ) ) ;
#10441 = PLANE ( 'NONE',  #10983 ) ;
#10442 = VERTEX_POINT ( 'NONE', #3953 ) ;
#10443 = CARTESIAN_POINT ( 'NONE',  ( 47.49999999999999289, 2.499999999999999556, -9.499999999999998224 ) ) ;
#10444 = EDGE_CURVE ( 'NONE', #2097, #11343, #2974, .T. ) ;
#10445 = VERTEX_POINT ( 'NONE', #10323 ) ;
#10446 = CARTESIAN_POINT ( 'NONE',  ( -51.95000000000000995, 6.299999999999998046, -2.449999999999999289 ) ) ;
#10447 = EDGE_CURVE ( 'NONE', #1735, #1715, #4063, .T. ) ;
#10448 = DIRECTION ( 'NONE',  ( 0.000000000000000000, 0.000000000000000000, 1.000000000000000000 ) ) ;
#10449 = ORIENTED_EDGE ( 'NONE', *, *, #2714, .T. ) ;
#10450 = AXIS2_PLACEMENT_3D ( 'NONE', #7595, #4856, #3070 ) ;
#10451 = ORIENTED_EDGE ( 'NONE', *, *, #8203, .F. ) ;
#10452 = DIRECTION ( 'NONE',  ( 0.000000000000000000, 0.000000000000000000, 1.000000000000000000 ) ) ;
#10453 = CIRCLE ( 'NONE', #5121, 2.750000000000000888 ) ;
#10454 = CARTESIAN_POINT ( 'NONE',  ( 39.08172798364529399, 0.5000000000000000000, 5.581727983645293101 ) ) ;
#10455 = ORIENTED_EDGE ( 'NONE', *, *, #9715, .T. ) ;
#10456 = DIRECTION ( 'NONE',  ( 0.000000000000000000, -1.000000000000000000, 0.000000000000000000 ) ) ;
#10457 = PLANE ( 'NONE',  #3949 ) ;
#10458 = EDGE_CURVE ( 'NONE', #1723, #3573, #2398, .T. ) ;
#10459 = CARTESIAN_POINT ( 'NONE',  ( -34.55000000000001137, 4.000000000000000000, -12.25000000000000000 ) ) ;
#10460 = EDGE_CURVE ( 'NONE', #11722, #3528, #736, .T. ) ;
#10461 = DIRECTION ( 'NONE',  ( -1.000000000000000000, 0.000000000000000000, 0.000000000000000000 ) ) ;
#10462 = ORIENTED_EDGE ( 'NONE', *, *, #5397, .T. ) ;
#10463 = ORIENTED_EDGE ( 'NONE', *, *, #7210, .T. ) ;
#10464 = LINE ( 'NONE', #10406, #8813 ) ;
#10465 = CARTESIAN_POINT ( 'NONE',  ( -52.26167638289570760, 8.115736358971952669, 4.211455303391224092 ) ) ;
#10466 = CARTESIAN_POINT ( 'NONE',  ( -53.20000000000000995, 14.09999999999999787, -6.749999999999940492 ) ) ;
#10467 = ORIENTED_EDGE ( 'NONE', *, *, #7212, .T. ) ;
#10468 = CARTESIAN_POINT ( 'NONE',  ( -50.75000000000000711, 7.500000000000000000, 7.250000000000000888 ) ) ;
#10469 = LINE ( 'NONE', #10345, #152 ) ;
#10470 = CARTESIAN_POINT ( 'NONE',  ( -50.25000000000000711, 4.000000000000001776, 4.250000000000000000 ) ) ;
#10471 = ADVANCED_FACE ( 'NONE', ( #4240 ), #9832, .F. ) ;
#10472 = DIRECTION ( 'NONE',  ( 0.000000000000000000, 0.000000000000000000, 1.000000000000000000 ) ) ;
#10473 = ADVANCED_FACE ( 'NONE', ( #9720 ), #857, .F. ) ;
#10474 = CARTESIAN_POINT ( 'NONE',  ( -49.63826530612245591, 6.999999999999999112, -6.750000000000000000 ) ) ;
#10475 = DIRECTION ( 'NONE',  ( 1.000000000000000000, -0.000000000000000000, -0.000000000000000000 ) ) ;
#10476 = FACE_OUTER_BOUND ( 'NONE', #6474, .T. ) ;
#10477 = ORIENTED_EDGE ( 'NONE', *, *, #687, .F. ) ;
#10478 = VERTEX_POINT ( 'NONE', #7987 ) ;
#10479 = EDGE_LOOP ( 'NONE', ( #3649, #6625, #425, #8885 ) ) ;
#10480 = DIRECTION ( 'NONE',  ( -0.000000000000000000, -1.000000000000000000, 0.000000000000000000 ) ) ;
#10481 = CARTESIAN_POINT ( 'NONE',  ( -52.23028309663725111, 6.716839901683688829, -3.680390056223207473 ) ) ;
#10482 = CARTESIAN_POINT ( 'NONE',  ( 26.00635347795577701, 0.5999999999999989786, -6.523830892551230498 ) ) ;
#10483 = ORIENTED_EDGE ( 'NONE', *, *, #4955, .T. ) ;
#10484 = CARTESIAN_POINT ( 'NONE',  ( -34.55000000000001137, 6.000000000000000000, -12.25000000000000000 ) ) ;
#10485 = CARTESIAN_POINT ( 'NONE',  ( 1.249999999999992450, 4.000000000000000000, 9.939999999999992397 ) ) ;
#10486 = CARTESIAN_POINT ( 'NONE',  ( 35.44364652204421162, 0.2999999999999998779, -5.224792786874609796 ) ) ;
#10487 = DIRECTION ( 'NONE',  ( 0.000000000000000000, 0.000000000000000000, -1.000000000000000000 ) ) ;
#10488 = VERTEX_POINT ( 'NONE', #11510 ) ;
#10489 = AXIS2_PLACEMENT_3D ( 'NONE', #4640, #3622, #9935 ) ;
#10490 = CARTESIAN_POINT ( 'NONE',  ( 47.49999999999999289, 2.499999999999999556, 9.500000000000001776 ) ) ;
#10491 = ORIENTED_EDGE ( 'NONE', *, *, #11666, .T. ) ;
#10492 = DIRECTION ( 'NONE',  ( 2.001604010742474002E-15, 0.000000000000000000, 1.000000000000000000 ) ) ;
#10493 = CARTESIAN_POINT ( 'NONE',  ( -45.12945721375017172, 4.000000000000000000, 9.134465123367892403 ) ) ;
#10494 = ORIENTED_EDGE ( 'NONE', *, *, #10674, .T. ) ;
#10495 = ADVANCED_FACE ( 'NONE', ( #1513 ), #11572, .T. ) ;
#10496 = CARTESIAN_POINT ( 'NONE',  ( 37.81765030147764861, 0.1248391197358946630, -8.266862494131277828 ) ) ;
#10497 = AXIS2_PLACEMENT_3D ( 'NONE', #11752, #10917, #10012 ) ;
#10498 = ORIENTED_EDGE ( 'NONE', *, *, #4899, .F. ) ;
#10499 = DIRECTION ( 'NONE',  ( 0.000000000000000000, 1.000000000000000000, -0.000000000000000000 ) ) ;
#10500 = DIRECTION ( 'NONE',  ( 0.000000000000000000, -1.000000000000000000, 0.000000000000000000 ) ) ;
#10501 = DIRECTION ( 'NONE',  ( 0.000000000000000000, 1.000000000000000000, -0.000000000000000000 ) ) ;
#10502 = VERTEX_POINT ( 'NONE', #6124 ) ;
#10503 = CARTESIAN_POINT ( 'NONE',  ( 29.89999999999998082, 0.000000000000000000, -8.330492254602827273 ) ) ;
#10504 = EDGE_CURVE ( 'NONE', #2461, #4968, #4301, .T. ) ;
#10505 = EDGE_CURVE ( 'NONE', #8912, #1715, #2449, .T. ) ;
#10506 = ORIENTED_EDGE ( 'NONE', *, *, #5545, .T. ) ;
#10507 = CARTESIAN_POINT ( 'NONE',  ( -42.75000000000000000, 13.29999999999999893, -12.25000000000000178 ) ) ;
#10508 = VERTEX_POINT ( 'NONE', #7817 ) ;
#10509 = DIRECTION ( 'NONE',  ( 1.000000000000000000, -0.000000000000000000, -0.000000000000000000 ) ) ;
#10510 = FACE_OUTER_BOUND ( 'NONE', #886, .T. ) ;
#10511 = VECTOR ( 'NONE', #1137, 1000.000000000000000 ) ;
#10512 = DIRECTION ( 'NONE',  ( -0.3420201433256696011, 0.000000000000000000, 0.9396926207859082059 ) ) ;
#10513 = CARTESIAN_POINT ( 'NONE',  ( 0.000000000000000000, 10.50000000000000000, 0.000000000000000000 ) ) ;
#10514 = VERTEX_POINT ( 'NONE', #7869 ) ;
#10515 = CARTESIAN_POINT ( 'NONE',  ( -2.000000000000008882, 12.50000000000000000, 12.35000000000019149 ) ) ;
#10516 = ADVANCED_FACE ( 'NONE', ( #8045 ), #3752, .T. ) ;
#10517 = VERTEX_POINT ( 'NONE', #2388 ) ;
#10518 = ORIENTED_EDGE ( 'NONE', *, *, #10391, .F. ) ;
#10519 = CARTESIAN_POINT ( 'NONE',  ( -52.40568058483292901, 8.984780085661590476, 3.641416195902962727 ) ) ;
#10520 = EDGE_CURVE ( 'NONE', #1883, #10424, #3682, .T. ) ;
#10521 = CARTESIAN_POINT ( 'NONE',  ( 29.60000000000001918, -0.001000000000000024307, 2.298623679425836563 ) ) ;
#10522 = EDGE_LOOP ( 'NONE', ( #7751, #5674, #8015, #8647 ) ) ;
#10523 = CARTESIAN_POINT ( 'NONE',  ( -50.49021717632315642, 13.78996523368711813, 6.803209923235610468 ) ) ;
#10524 = DIRECTION ( 'NONE',  ( -1.000000000000000000, -0.000000000000000000, 4.476705744456300993E-16 ) ) ;
#10525 = EDGE_LOOP ( 'NONE', ( #4704, #10927, #6230, #3538, #7597, #3817 ) ) ;
#10526 = CARTESIAN_POINT ( 'NONE',  ( -42.35139740797688290, 4.000000000000000000, 9.939999999999992397 ) ) ;
#10527 = AXIS2_PLACEMENT_3D ( 'NONE', #2165, #5561, #9192 ) ;
#10528 = ORIENTED_EDGE ( 'NONE', *, *, #4829, .T. ) ;
#10529 = VECTOR ( 'NONE', #3971, 1000.000000000000000 ) ;
#10530 = CARTESIAN_POINT ( 'NONE',  ( -21.63608679191100137, 12.30000000000000071, 18.15483244721227152 ) ) ;
#10531 = CARTESIAN_POINT ( 'NONE',  ( 45.25000000000000711, 5.500000000000000000, 8.250000000000003553 ) ) ;
#10532 = AXIS2_PLACEMENT_3D ( 'NONE', #3140, #311, #1254 ) ;
#10533 = LINE ( 'NONE', #940, #7020 ) ;
#10534 = CARTESIAN_POINT ( 'NONE',  ( -42.14999999999913172, 4.007420273433608848, 12.43438872810979490 ) ) ;
#10535 = CARTESIAN_POINT ( 'NONE',  ( -34.70000000000000284, 13.29999999999999893, -12.25000000000000000 ) ) ;
#10536 = ORIENTED_EDGE ( 'NONE', *, *, #8464, .T. ) ;
#10537 = ADVANCED_FACE ( 'NONE', ( #6183 ), #2983, .T. ) ;
#10538 = ORIENTED_EDGE ( 'NONE', *, *, #1580, .F. ) ;
#10539 = ORIENTED_EDGE ( 'NONE', *, *, #8873, .T. ) ;
#10540 = B_SPLINE_CURVE_WITH_KNOTS ( 'NONE', 3,
 ( #7299, #7365, #137, #11021, #2720, #9153, #3563, #2847 ),
 .UNSPECIFIED., .F., .F.,
 ( 4, 2, 2, 4 ),
 ( -3.466145320679578572E-06, 0.0002882777914485969042, 0.0004341497598332351698, 0.0005800217282178733811 ),
 .UNSPECIFIED. ) ;
#10541 = AXIS2_PLACEMENT_3D ( 'NONE', #7149, #10867, #1745 ) ;
#10542 = ADVANCED_FACE ( 'NONE', ( #3284 ), #623, .T. ) ;
#10543 = CARTESIAN_POINT ( 'NONE',  ( 45.25000000000000711, 7.500000000000000000, -12.25000000000000000 ) ) ;
#10544 = DIRECTION ( 'NONE',  ( 0.000000000000000000, 1.000000000000000000, 1.865294060190115224E-16 ) ) ;
#10545 = CARTESIAN_POINT ( 'NONE',  ( -52.22340835089975997, 6.705390757595229623, -3.692296232791185684 ) ) ;
#10546 = ORIENTED_EDGE ( 'NONE', *, *, #145, .F. ) ;
#10547 = CARTESIAN_POINT ( 'NONE',  ( 20.65000000000000213, 5.500000000000000000, 10.25000000000000178 ) ) ;
#10548 = DIRECTION ( 'NONE',  ( -1.000000000000000000, 0.000000000000000000, 0.000000000000000000 ) ) ;
#10549 = CARTESIAN_POINT ( 'NONE',  ( 35.14931454692329993, -4.209753747853873671E-16, -5.322846332894983767 ) ) ;
#10550 = LINE ( 'NONE', #8700, #255 ) ;
#10551 = CIRCLE ( 'NONE', #2173, 0.8500000000000000888 ) ;
#10552 = CIRCLE ( 'NONE', #8449, 2.000000000000000000 ) ;
#10553 = DIRECTION ( 'NONE',  ( 0.000000000000000000, -1.000000000000000000, 0.000000000000000000 ) ) ;
#10554 = ORIENTED_EDGE ( 'NONE', *, *, #3500, .F. ) ;
#10555 = CARTESIAN_POINT ( 'NONE',  ( -52.20568855767148619, 7.041087274622300107, -4.027145805446687099 ) ) ;
#10556 = ORIENTED_EDGE ( 'NONE', *, *, #3812, .F. ) ;
#10557 = CARTESIAN_POINT ( 'NONE',  ( -44.80556128293851259, 4.000000000000000000, 9.939999999999992397 ) ) ;
#10558 = AXIS2_PLACEMENT_3D ( 'NONE', #11578, #7079, #6194 ) ;
#10559 = VECTOR ( 'NONE', #10065, 1000.000000000000000 ) ;
#10560 = AXIS2_PLACEMENT_3D ( 'NONE', #4692, #10895, #896 ) ;
#10561 = CARTESIAN_POINT ( 'NONE',  ( -44.83676398333267343, 4.000000000000000000, 9.115379515320487513 ) ) ;
#10562 = DIRECTION ( 'NONE',  ( -0.5000000000000003331, 0.000000000000000000, -0.8660254037844384856 ) ) ;
#10563 = AXIS2_PLACEMENT_3D ( 'NONE', #8744, #9697, #4159 ) ;
#10564 = ORIENTED_EDGE ( 'NONE', *, *, #9131, .F. ) ;
#10565 = ORIENTED_EDGE ( 'NONE', *, *, #11049, .T. ) ;
#10566 = DIRECTION ( 'NONE',  ( -0.000000000000000000, -1.000000000000000000, -0.000000000000000000 ) ) ;
#10567 = ORIENTED_EDGE ( 'NONE', *, *, #5921, .F. ) ;
#10568 = CARTESIAN_POINT ( 'NONE',  ( -52.25000000000001421, 7.899999999999999467, -2.449999999999999734 ) ) ;
#10569 = CARTESIAN_POINT ( 'NONE',  ( -52.22340835089975997, 9.094609242404763094, -3.692296232791190569 ) ) ;
#10570 = VECTOR ( 'NONE', #3076, 1000.000000000000000 ) ;
#10571 = CYLINDRICAL_SURFACE ( 'NONE', #903, 0.3000000000000016542 ) ;
#10572 = VECTOR ( 'NONE', #8138, 1000.000000000000000 ) ;
#10573 = DIRECTION ( 'NONE',  ( -0.000000000000000000, 1.000000000000000000, -0.000000000000000000 ) ) ;
#10574 = DIRECTION ( 'NONE',  ( 0.000000000000000000, 0.000000000000000000, 1.000000000000000000 ) ) ;
#10575 = ORIENTED_EDGE ( 'NONE', *, *, #9145, .T. ) ;
#10576 = CARTESIAN_POINT ( 'NONE',  ( -51.95000000000000995, 9.216960195022350533, -3.819531250000046896 ) ) ;
#10577 = DIRECTION ( 'NONE',  ( 1.000000000000000000, -0.000000000000000000, -0.000000000000000000 ) ) ;
#10578 = LINE ( 'NONE', #11472, #7805 ) ;
#10579 = ADVANCED_FACE ( 'NONE', ( #5182 ), #8820, .F. ) ;
#10580 = ADVANCED_FACE ( 'NONE', ( #7019 ), #10678, .T. ) ;
#10581 = AXIS2_PLACEMENT_3D ( 'NONE', #290, #2771, #10278 ) ;
#10582 = CARTESIAN_POINT ( 'NONE',  ( 30.35000000000000142, 0.5999999999999989786, -3.150000000000002576 ) ) ;
#10583 = ADVANCED_FACE ( 'NONE', ( #308 ), #9056, .T. ) ;
#10584 = ORIENTED_EDGE ( 'NONE', *, *, #9482, .T. ) ;
#10585 = CIRCLE ( 'NONE', #8667, 0.8500000000000000888 ) ;
#10586 = ORIENTED_EDGE ( 'NONE', *, *, #6223, .F. ) ;
#10587 = AXIS2_PLACEMENT_3D ( 'NONE', #2669, #609, #7854 ) ;
#10588 = LINE ( 'NONE', #595, #5571 ) ;
#10589 = ORIENTED_EDGE ( 'NONE', *, *, #11092, .T. ) ;
#10590 = VERTEX_POINT ( 'NONE', #10918 ) ;
#10591 = DIRECTION ( 'NONE',  ( 0.000000000000000000, 1.000000000000000000, -0.000000000000000000 ) ) ;
#10592 = CARTESIAN_POINT ( 'NONE',  ( -42.15000000000000568, 6.000000000000000000, -12.25000000000000533 ) ) ;
#10593 = PLANE ( 'NONE',  #8884 ) ;
#10594 = CIRCLE ( 'NONE', #6187, 0.8500000000000000888 ) ;
#10595 = LINE ( 'NONE', #2310, #10947 ) ;
#10596 = EDGE_CURVE ( 'NONE', #3767, #11265, #10295, .T. ) ;
#10597 = DIRECTION ( 'NONE',  ( 4.047688110612552516E-15, -3.469446951953595256E-15, -1.000000000000000000 ) ) ;
#10598 = EDGE_CURVE ( 'NONE', #7891, #402, #7353, .T. ) ;
#10599 = DIRECTION ( 'NONE',  ( -1.000000000000000000, 0.000000000000000000, 0.000000000000000000 ) ) ;
#10600 = ORIENTED_EDGE ( 'NONE', *, *, #11406, .F. ) ;
#10601 = AXIS2_PLACEMENT_3D ( 'NONE', #7048, #10706, #10764 ) ;
#10602 =( BOUNDED_SURFACE ( )  B_SPLINE_SURFACE ( 3, 2, ( 
 ( #10693, #2516, #10519 ),
 ( #5981, #8610, #4915 ),
 ( #473, #11299, #8498 ),
 ( #3019, #5865, #418 ),
 ( #536, #9635, #7717 ),
 ( #3075, #10465, #4024 ),
 ( #6691, #11425, #2299 ),
 ( #4861, #3252, #1479 ),
 ( #7601, #11196, #2181 ),
 ( #5802, #6638, #2123 ),
 ( #5748, #9019, #1646 ),
 ( #7102, #6097, #5281 ),
 ( #2232, #7773, #5852 ),
 ( #9502, #4961, #3238 ) ),
 .UNSPECIFIED., .F., .F., .F. ) 
 B_SPLINE_SURFACE_WITH_KNOTS ( ( 4, 2, 2, 2, 2, 2, 4 ),
 ( 3, 3 ),
 ( -3.794707603699265519E-19, 0.0007376526362297289394, 0.001106478954344593518, 0.001475305272459458313, 0.001844131590574323108, 0.002212957908689187903, 0.002950610544918917059 ),
 ( 0.000000000000000000, 1.000000000000000000 ),
 .UNSPECIFIED. ) 
 GEOMETRIC_REPRESENTATION_ITEM ( )  RATIONAL_B_SPLINE_SURFACE ( (
 ( 1.000000000000000000, 0.8371290630494896412, 1.000000000000000000),
 ( 1.000000000000000000, 0.8719211742464821890, 1.000000000000000000),
 ( 1.000000000000000000, 0.8962488235009784532, 1.000000000000000000),
 ( 1.000000000000000000, 0.9199089190832423490, 1.000000000000000000),
 ( 1.000000000000000000, 0.9257815976085618237, 1.000000000000000000),
 ( 1.000000000000000000, 0.9335084709568451933, 1.000000000000000000),
 ( 1.000000000000000000, 0.9354060336756302441, 1.000000000000000000),
 ( 1.000000000000000000, 0.9354226065315851546, 1.000000000000000000),
 ( 1.000000000000000000, 0.9335143594898025476, 1.000000000000000000),
 ( 1.000000000000000000, 0.9258345507495997495, 1.000000000000000000),
 ( 1.000000000000000000, 0.9199515991816454852, 1.000000000000000000),
 ( 1.000000000000000000, 0.8963026785462421264, 1.000000000000000000),
 ( 1.000000000000000000, 0.8720564020251693194, 1.000000000000000000),
 ( 1.000000000000000000, 0.8371290630494830909, 1.000000000000000000) ) ) 
 REPRESENTATION_ITEM ( '' )  SURFACE ( )  );
#10603 = ORIENTED_EDGE ( 'NONE', *, *, #1275, .T. ) ;
#10604 = AXIS2_PLACEMENT_3D ( 'NONE', #6896, #4729, #1990 ) ;
#10605 = AXIS2_PLACEMENT_3D ( 'NONE', #4590, #7491, #1024 ) ;
#10606 = CARTESIAN_POINT ( 'NONE',  ( -45.20000000000000284, 15.50000000000000000, -6.750000000000000888 ) ) ;
#10607 = ORIENTED_EDGE ( 'NONE', *, *, #215, .T. ) ;
#10608 = CARTESIAN_POINT ( 'NONE',  ( 30.35000000000000142, 0.2999999999999999889, -3.150000000000002576 ) ) ;
#10609 = CYLINDRICAL_SURFACE ( 'NONE', #3733, 0.5000000000000004441 ) ;
#10610 = VERTEX_POINT ( 'NONE', #7199 ) ;
#10611 = DIRECTION ( 'NONE',  ( 0.000000000000000000, 0.000000000000000000, 1.000000000000000000 ) ) ;
#10612 = DIRECTION ( 'NONE',  ( 0.000000000000000000, -1.000000000000000000, 0.000000000000000000 ) ) ;
#10613 = CARTESIAN_POINT ( 'NONE',  ( -52.20354702646687883, 8.359201557714969866, -4.221184600453617541 ) ) ;
#10614 = EDGE_CURVE ( 'NONE', #10232, #445, #3025, .T. ) ;
#10615 = AXIS2_PLACEMENT_3D ( 'NONE', #7157, #1578, #9967 ) ;
#10616 = VECTOR ( 'NONE', #11233, 1000.000000000000000 ) ;
#10617 = CIRCLE ( 'NONE', #889, 0.5000000000000004441 ) ;
#10618 = DIRECTION ( 'NONE',  ( 1.000000000000000000, -0.000000000000000000, -0.000000000000000000 ) ) ;
#10619 = EDGE_LOOP ( 'NONE', ( #9315, #6871, #1457, #8936, #5715 ) ) ;
#10620 = ADVANCED_FACE ( 'NONE', ( #3637 ), #3919, .F. ) ;
#10621 = LINE ( 'NONE', #8706, #5122 ) ;
#10622 = VECTOR ( 'NONE', #4670, 1000.000000000000000 ) ;
#10623 = VERTEX_POINT ( 'NONE', #9465 ) ;
#10624 = DIRECTION ( 'NONE',  ( 1.000000000000000000, -0.000000000000000000, 0.000000000000000000 ) ) ;
#10625 = CARTESIAN_POINT ( 'NONE',  ( -47.50000000000000711, 7.500000000000000000, 8.650000000000002132 ) ) ;
#10626 = CARTESIAN_POINT ( 'NONE',  ( 30.79999999999998295, 3.000000000000000000, -11.75000000000000355 ) ) ;
#10627 = ORIENTED_EDGE ( 'NONE', *, *, #1868, .T. ) ;
#10628 = FACE_OUTER_BOUND ( 'NONE', #7181, .T. ) ;
#10629 = DIRECTION ( 'NONE',  ( -1.000000000000000000, 0.000000000000000000, 3.652049423109075222E-16 ) ) ;
#10630 = EDGE_CURVE ( 'NONE', #105, #3976, #1253, .T. ) ;
#10631 = CARTESIAN_POINT ( 'NONE',  ( 0.000000000000000000, 8.500000000000000000, -12.25000000000000178 ) ) ;
#10632 = EDGE_CURVE ( 'NONE', #9988, #11581, #717, .T. ) ;
#10633 = CARTESIAN_POINT ( 'NONE',  ( -52.28382328137047352, 9.119787542371978972, -3.432738694139060076 ) ) ;
#10634 = AXIS2_PLACEMENT_3D ( 'NONE', #3882, #11160, #2988 ) ;
#10635 = CARTESIAN_POINT ( 'NONE',  ( -34.95000000000000284, 13.28431348329844219, -12.50000000000000000 ) ) ;
#10636 = EDGE_LOOP ( 'NONE', ( #7345, #4863, #3507, #2477 ) ) ;
#10637 = DIRECTION ( 'NONE',  ( 1.000000000000000000, -0.000000000000000000, 0.000000000000000000 ) ) ;
#10638 = LINE ( 'NONE', #8779, #339 ) ;
#10639 = EDGE_LOOP ( 'NONE', ( #434, #637, #9580, #9903 ) ) ;
#10640 = CARTESIAN_POINT ( 'NONE',  ( 8.726490010960464616, 0.2999999999999999889, -15.11472407072583835 ) ) ;
#10641 = CARTESIAN_POINT ( 'NONE',  ( 22.95788180854703597, 0.2505450496179595921, 1.983866831501378103 ) ) ;
#10642 = CARTESIAN_POINT ( 'NONE',  ( -37.54999999999999716, 13.29999999999999893, -12.25000000000000178 ) ) ;
#10643 = CIRCLE ( 'NONE', #2072, 1.499999999999999556 ) ;
#10644 = CARTESIAN_POINT ( 'NONE',  ( -37.20000000000000284, 13.29999999999999893, -12.25000000000000178 ) ) ;
#10645 = ORIENTED_EDGE ( 'NONE', *, *, #9659, .T. ) ;
#10646 = DIRECTION ( 'NONE',  ( 0.000000000000000000, -0.000000000000000000, -1.000000000000000000 ) ) ;
#10647 = ORIENTED_EDGE ( 'NONE', *, *, #10822, .F. ) ;
#10648 = ORIENTED_EDGE ( 'NONE', *, *, #10436, .T. ) ;
#10649 = EDGE_CURVE ( 'NONE', #9512, #3985, #6524, .T. ) ;
#10650 = VERTEX_POINT ( 'NONE', #1859 ) ;
#10651 = DIRECTION ( 'NONE',  ( 0.000000000000000000, 1.000000000000000000, 0.000000000000000000 ) ) ;
#10652 = DIRECTION ( 'NONE',  ( 1.000000000000000000, -0.000000000000000000, 0.000000000000000000 ) ) ;
#10653 = ORIENTED_EDGE ( 'NONE', *, *, #6007, .T. ) ;
#10654 = ADVANCED_FACE ( 'NONE', ( #4543, #2187, #4867 ), #8506, .T. ) ;
#10655 = DIRECTION ( 'NONE',  ( -0.000000000000000000, -1.000000000000000000, 0.000000000000000000 ) ) ;
#10656 = TOROIDAL_SURFACE ( 'NONE', #9895, 1.600000000000000755, 0.2999999999999999889 ) ;
#10657 = CARTESIAN_POINT ( 'NONE',  ( -51.25000000000001421, 15.50000000000000000, -9.499999999999976907 ) ) ;
#10658 = ORIENTED_EDGE ( 'NONE', *, *, #7964, .F. ) ;
#10659 = CARTESIAN_POINT ( 'NONE',  ( -44.75000000000000711, 4.000000000000000000, 9.500000000000001776 ) ) ;
#10660 = VERTEX_POINT ( 'NONE', #919 ) ;
#10661 = ORIENTED_EDGE ( 'NONE', *, *, #6917, .F. ) ;
#10662 = DIRECTION ( 'NONE',  ( -1.000000000000000000, 0.000000000000000000, 0.000000000000000000 ) ) ;
#10663 = EDGE_CURVE ( 'NONE', #6697, #9260, #8166, .T. ) ;
#10664 = DIRECTION ( 'NONE',  ( 0.000000000000000000, -1.000000000000000000, 0.000000000000000000 ) ) ;
#10665 = CARTESIAN_POINT ( 'NONE',  ( 47.49999999999997158, 3.000000000000000000, 11.75000000000000533 ) ) ;
#10666 = FACE_OUTER_BOUND ( 'NONE', #4647, .T. ) ;
#10667 = EDGE_CURVE ( 'NONE', #2468, #11568, #11255, .T. ) ;
#10668 = CARTESIAN_POINT ( 'NONE',  ( 31.09999999999999076, -0.001000000000000024307, -3.065272640686011950E-14 ) ) ;
#10669 = ORIENTED_EDGE ( 'NONE', *, *, #8557, .F. ) ;
#10670 = CARTESIAN_POINT ( 'NONE',  ( -40.15000000000000568, 6.000000000000000000, -12.25000000000000533 ) ) ;
#10671 = VECTOR ( 'NONE', #7094, 1000.000000000000000 ) ;
#10672 = CARTESIAN_POINT ( 'NONE',  ( 30.79999999999998295, 0.09935464829977914969, -12.51567391470514856 ) ) ;
#10673 = EDGE_LOOP ( 'NONE', ( #9629, #7640, #8830, #4594 ) ) ;
#10674 = EDGE_CURVE ( 'NONE', #7760, #5799, #9781, .T. ) ;
#10675 = LINE ( 'NONE', #10729, #4483 ) ;
#10676 = EDGE_LOOP ( 'NONE', ( #5025, #2106, #11340, #2749 ) ) ;
#10677 = ADVANCED_FACE ( 'NONE', ( #3580 ), #10857, .F. ) ;
#10678 = CYLINDRICAL_SURFACE ( 'NONE', #5271, 2.000000000000000000 ) ;
#10679 = DIRECTION ( 'NONE',  ( 0.000000000000000000, 0.000000000000000000, 1.000000000000000000 ) ) ;
#10680 = DIRECTION ( 'NONE',  ( 0.000000000000000000, 0.000000000000000000, 1.000000000000000000 ) ) ;
#10681 = DIRECTION ( 'NONE',  ( -0.000000000000000000, 1.000000000000000000, -0.000000000000000000 ) ) ;
#10682 = DIRECTION ( 'NONE',  ( 0.6427876096865379196, 0.000000000000000000, -0.7660444431189792347 ) ) ;
#10683 = CARTESIAN_POINT ( 'NONE',  ( 47.49999999999999289, 7.500000000000000000, 9.500000000000001776 ) ) ;
#10684 = LINE ( 'NONE', #10738, #713 ) ;
#10685 = ORIENTED_EDGE ( 'NONE', *, *, #9774, .T. ) ;
#10686 = VERTEX_POINT ( 'NONE', #10526 ) ;
#10687 = LINE ( 'NONE', #9730, #4457 ) ;
#10688 = EDGE_CURVE ( 'NONE', #4520, #10445, #7659, .T. ) ;
#10689 = CIRCLE ( 'NONE', #6103, 3.061734693877549152 ) ;
#10690 = EDGE_CURVE ( 'NONE', #7870, #8576, #424, .T. ) ;
#10691 = CARTESIAN_POINT ( 'NONE',  ( 34.68101833202270257, 0.1300441422362916266, -6.459916531123500505 ) ) ;
#10692 = CARTESIAN_POINT ( 'NONE',  ( -47.50000000000000711, 2.499999999999999556, 10.35000000000000142 ) ) ;
#10693 = CARTESIAN_POINT ( 'NONE',  ( -52.22340835089975997, 9.094609242404857241, 3.692296232791102639 ) ) ;
#10694 = CARTESIAN_POINT ( 'NONE',  ( 52.75100000000002609, 7.899999999999999467, -2.925000000000019806 ) ) ;
#10695 = CARTESIAN_POINT ( 'NONE',  ( -34.95000000000000284, 6.000000000000000000, -12.25000000000000533 ) ) ;
#10696 = AXIS2_PLACEMENT_3D ( 'NONE', #11075, #5753, #8440 ) ;
#10697 = ORIENTED_EDGE ( 'NONE', *, *, #7594, .T. ) ;
#10698 = CARTESIAN_POINT ( 'NONE',  ( -36.97695776278953872, 13.29695786801650392, -12.36956634074368111 ) ) ;
#10699 = ORIENTED_EDGE ( 'NONE', *, *, #6503, .F. ) ;
#10700 = DIRECTION ( 'NONE',  ( -0.7071067811865442421, 0.000000000000000000, -0.7071067811865509034 ) ) ;
#10701 = ORIENTED_EDGE ( 'NONE', *, *, #3503, .F. ) ;
#10702 = ORIENTED_EDGE ( 'NONE', *, *, #7056, .T. ) ;
#10703 = DIRECTION ( 'NONE',  ( 0.000000000000000000, 1.000000000000000000, 0.000000000000000000 ) ) ;
#10704 = CARTESIAN_POINT ( 'NONE',  ( 51.95000000000000284, 12.50000000000000000, 4.000000000000000000 ) ) ;
#10705 = ORIENTED_EDGE ( 'NONE', *, *, #10082, .T. ) ;
#10706 = DIRECTION ( 'NONE',  ( 0.9247311827956972152, -4.401812949490848555E-15, -0.3806208606543669548 ) ) ;
#10707 = LINE ( 'NONE', #5290, #10572 ) ;
#10708 = ORIENTED_EDGE ( 'NONE', *, *, #401, .F. ) ;
#10709 = DIRECTION ( 'NONE',  ( -0.000000000000000000, 1.000000000000000000, -0.000000000000000000 ) ) ;
#10710 = ORIENTED_EDGE ( 'NONE', *, *, #4407, .T. ) ;
#10711 = ORIENTED_EDGE ( 'NONE', *, *, #259, .T. ) ;
#10712 = LINE ( 'NONE', #9705, #2755 ) ;
#10713 = ORIENTED_EDGE ( 'NONE', *, *, #760, .F. ) ;
#10714 = DIRECTION ( 'NONE',  ( 0.000000000000000000, 0.000000000000000000, 1.000000000000000000 ) ) ;
#10715 = LINE ( 'NONE', #2543, #8101 ) ;
#10716 = VECTOR ( 'NONE', #6312, 1000.000000000000000 ) ;
#10717 = CARTESIAN_POINT ( 'NONE',  ( 52.75000000000000711, 3.000000000000000000, 9.500000000000001776 ) ) ;
#10718 = CARTESIAN_POINT ( 'NONE',  ( -52.20654232640313097, 8.765227589467659897, -4.007613973532525797 ) ) ;
#10719 = DIRECTION ( 'NONE',  ( -1.000000000000000000, 0.000000000000000000, 9.856182124392324236E-16 ) ) ;
#10720 = ORIENTED_EDGE ( 'NONE', *, *, #2365, .F. ) ;
#10721 = EDGE_CURVE ( 'NONE', #7437, #1949, #2424, .T. ) ;
#10722 = DIRECTION ( 'NONE',  ( 0.000000000000000000, -0.000000000000000000, 1.000000000000000000 ) ) ;
#10723 = ORIENTED_EDGE ( 'NONE', *, *, #1001, .T. ) ;
#10724 = CIRCLE ( 'NONE', #467, 2.000000000000000000 ) ;
#10725 = EDGE_CURVE ( 'NONE', #1009, #6688, #8688, .T. ) ;
#10726 = VERTEX_POINT ( 'NONE', #4980 ) ;
#10727 = DIRECTION ( 'NONE',  ( -0.000000000000000000, -0.000000000000000000, 1.000000000000000000 ) ) ;
#10728 = ORIENTED_EDGE ( 'NONE', *, *, #4791, .T. ) ;
#10729 = CARTESIAN_POINT ( 'NONE',  ( 43.25000000000000711, 0.5999999999999989786, -7.250000000000000000 ) ) ;
#10730 = VERTEX_POINT ( 'NONE', #8679 ) ;
#10731 = CARTESIAN_POINT ( 'NONE',  ( -52.00000000000001421, 16.50000000000000000, -2.672759133356879398E-14 ) ) ;
#10732 = VECTOR ( 'NONE', #5608, 1000.000000000000000 ) ;
#10733 = CARTESIAN_POINT ( 'NONE',  ( -42.50000000000000000, 0.000000000000000000, -12.50000000000000000 ) ) ;
#10734 = CARTESIAN_POINT ( 'NONE',  ( -52.23028309663725111, 6.716839901683601788, 3.680390056223134199 ) ) ;
#10735 = PLANE ( 'NONE',  #3003 ) ;
#10736 = EDGE_CURVE ( 'NONE', #8806, #11418, #6102, .T. ) ;
#10737 = PLANE ( 'NONE',  #10353 ) ;
#10738 = CARTESIAN_POINT ( 'NONE',  ( -15.77802059593024708, 12.30000000000000071, 5.742729852557563852 ) ) ;
#10739 = ORIENTED_EDGE ( 'NONE', *, *, #6929, .T. ) ;
#10740 = ADVANCED_FACE ( 'NONE', ( #11544 ), #10593, .F. ) ;
#10741 = EDGE_LOOP ( 'NONE', ( #1829, #7083, #7221, #4724 ) ) ;
#10742 = ORIENTED_EDGE ( 'NONE', *, *, #8968, .T. ) ;
#10743 = CIRCLE ( 'NONE', #9420, 9.000000000000008882 ) ;
#10744 = CARTESIAN_POINT ( 'NONE',  ( 30.35000000000000142, 0.2999999999999999889, -3.150000000000002576 ) ) ;
#10745 = LINE ( 'NONE', #9847, #5794 ) ;
#10746 = CARTESIAN_POINT ( 'NONE',  ( 34.61143789659456615, 0.000000000000000000, -6.129957559004428624 ) ) ;
#10747 = LINE ( 'NONE', #589, #7733 ) ;
#10748 = FACE_OUTER_BOUND ( 'NONE', #10414, .T. ) ;
#10749 = CARTESIAN_POINT ( 'NONE',  ( 0.5999999999999912070, 12.50000000000000000, -13.55000000000000071 ) ) ;
#10750 = VECTOR ( 'NONE', #5938, 1000.000000000000000 ) ;
#10751 = FACE_OUTER_BOUND ( 'NONE', #11337, .T. ) ;
#10752 = EDGE_CURVE ( 'NONE', #7843, #3130, #1538, .T. ) ;
#10753 = DIRECTION ( 'NONE',  ( 0.000000000000000000, -0.8344462197398239134, -0.5510893814635857701 ) ) ;
#10754 = EDGE_CURVE ( 'NONE', #6242, #9987, #10411, .T. ) ;
#10755 = EDGE_CURVE ( 'NONE', #880, #698, #5871, .T. ) ;
#10756 = DIRECTION ( 'NONE',  ( 0.000000000000000000, 0.000000000000000000, -1.000000000000000000 ) ) ;
#10757 = VERTEX_POINT ( 'NONE', #9695 ) ;
#10758 = DIRECTION ( 'NONE',  ( 1.000000000000000000, 0.000000000000000000, 0.000000000000000000 ) ) ;
#10759 = VECTOR ( 'NONE', #7455, 1000.000000000000000 ) ;
#10760 = ORIENTED_EDGE ( 'NONE', *, *, #6232, .F. ) ;
#10761 = CYLINDRICAL_SURFACE ( 'NONE', #331, 8.000000000000000000 ) ;
#10762 = CARTESIAN_POINT ( 'NONE',  ( -52.22340835089975997, 9.094609242404771976, -3.692296232791189237 ) ) ;
#10763 = EDGE_LOOP ( 'NONE', ( #2566, #2825, #7494, #11032, #11522 ) ) ;
#10764 = DIRECTION ( 'NONE',  ( -0.3806208606543668993, 0.000000000000000000, -0.9247311827956969932 ) ) ;
#10765 = CYLINDRICAL_SURFACE ( 'NONE', #11713, 1.300000000000000711 ) ;
#10766 = AXIS2_PLACEMENT_3D ( 'NONE', #9528, #7666, #10354 ) ;
#10767 = AXIS2_PLACEMENT_3D ( 'NONE', #3449, #6179, #7929 ) ;
#10768 = ORIENTED_EDGE ( 'NONE', *, *, #8271, .F. ) ;
#10769 = EDGE_CURVE ( 'NONE', #7819, #10846, #4218, .T. ) ;
#10770 = DIRECTION ( 'NONE',  ( -1.000000000000000000, -0.000000000000000000, -0.000000000000000000 ) ) ;
#10771 = EDGE_LOOP ( 'NONE', ( #8801, #5436 ) ) ;
#10772 = ORIENTED_EDGE ( 'NONE', *, *, #6425, .T. ) ;
#10773 = ORIENTED_EDGE ( 'NONE', *, *, #4557, .F. ) ;
#10774 = CARTESIAN_POINT ( 'NONE',  ( -52.25000000000001421, 6.299999999999998046, -2.449999999999999289 ) ) ;
#10775 = FACE_OUTER_BOUND ( 'NONE', #10991, .T. ) ;
#10776 = VECTOR ( 'NONE', #9610, 1000.000000000000000 ) ;
#10777 = AXIS2_PLACEMENT_3D ( 'NONE', #5642, #8379, #7368 ) ;
#10778 = DIRECTION ( 'NONE',  ( -0.000000000000000000, -1.000000000000000000, -0.000000000000000000 ) ) ;
#10779 = DIRECTION ( 'NONE',  ( 1.000000000000000000, -0.000000000000000000, 0.000000000000000000 ) ) ;
#10780 = ORIENTED_EDGE ( 'NONE', *, *, #2030, .T. ) ;
#10781 = DIRECTION ( 'NONE',  ( 0.000000000000000000, 1.000000000000000000, 0.000000000000000000 ) ) ;
#10782 = ORIENTED_EDGE ( 'NONE', *, *, #1997, .T. ) ;
#10783 = AXIS2_PLACEMENT_3D ( 'NONE', #10075, #1914, #4477 ) ;
#10784 = CARTESIAN_POINT ( 'NONE',  ( -52.27563198490998531, 8.991884724233116799, -3.630658523920782699 ) ) ;
#10785 = ORIENTED_EDGE ( 'NONE', *, *, #9661, .F. ) ;
#10786 = AXIS2_PLACEMENT_3D ( 'NONE', #6035, #1527, #9074 ) ;
#10787 = EDGE_LOOP ( 'NONE', ( #644, #2289, #3273, #7965, #11764 ) ) ;
#10788 = LINE ( 'NONE', #4471, #9014 ) ;
#10789 = EDGE_LOOP ( 'NONE', ( #8078, #3778, #2333, #515, #5124, #9492, #10728 ) ) ;
#10790 = CARTESIAN_POINT ( 'NONE',  ( 39.08172798364529399, -1.697056274847719815, 6.781727983645294167 ) ) ;
#10791 = EDGE_LOOP ( 'NONE', ( #3267, #1379, #5873, #2998 ) ) ;
#10792 = PRESENTATION_STYLE_ASSIGNMENT (( #9172 ) ) ;
#10793 = EDGE_CURVE ( 'NONE', #790, #1056, #7722, .T. ) ;
#10794 = CARTESIAN_POINT ( 'NONE',  ( 29.61307332242639845, 0.2316595365023259578, -12.15762045876249609 ) ) ;
#10795 = AXIS2_PLACEMENT_3D ( 'NONE', #4324, #754, #2699 ) ;
#10796 = VECTOR ( 'NONE', #8867, 1000.000000000000000 ) ;
#10797 = EDGE_CURVE ( 'NONE', #5953, #862, #8742, .T. ) ;
#10798 = CARTESIAN_POINT ( 'NONE',  ( 37.76026385013413744, 0.2034051652805245192, 1.979818315299312736 ) ) ;
#10799 = CARTESIAN_POINT ( 'NONE',  ( 34.69364652204422583, 0.2999999999999998779, 0.2238308925512338399 ) ) ;
#10800 = DIRECTION ( 'NONE',  ( 0.000000000000000000, -1.000000000000000000, 0.000000000000000000 ) ) ;
#10801 = ORIENTED_EDGE ( 'NONE', *, *, #7913, .T. ) ;
#10802 = CARTESIAN_POINT ( 'NONE',  ( 51.95000000000000284, 8.500000000000000000, 0.000000000000000000 ) ) ;
#10803 = CARTESIAN_POINT ( 'NONE',  ( -53.20100000000002183, 10.80000000000000071, 1.700000000000000622 ) ) ;
#10804 = VERTEX_POINT ( 'NONE', #4274 ) ;
#10805 = VECTOR ( 'NONE', #3715, 1000.000000000000000 ) ;
#10806 = VERTEX_POINT ( 'NONE', #7903 ) ;
#10807 = DIRECTION ( 'NONE',  ( 0.000000000000000000, 0.000000000000000000, 1.000000000000000000 ) ) ;
#10808 = CARTESIAN_POINT ( 'NONE',  ( -14.05000000000000782, 4.000000000000000000, 0.000000000000000000 ) ) ;
#10809 = EDGE_CURVE ( 'NONE', #7326, #4604, #4706, .T. ) ;
#10810 = CARTESIAN_POINT ( 'NONE',  ( -34.55000000000001137, 7.500000000000000000, 11.44999999999999218 ) ) ;
#10811 = CARTESIAN_POINT ( 'NONE',  ( 38.49211819145298108, 0.2999999999999998779, -6.984828725824717921 ) ) ;
#10812 = DIRECTION ( 'NONE',  ( 0.000000000000000000, 0.000000000000000000, -1.000000000000000000 ) ) ;
#10813 = ADVANCED_FACE ( 'NONE', ( #4032 ), #9581, .F. ) ;
#10814 = CARTESIAN_POINT ( 'NONE',  ( 22.81827201635470459, -1.697056274847719815, -10.08172798364529754 ) ) ;
#10815 = VECTOR ( 'NONE', #6128, 1000.000000000000000 ) ;
#10816 = DIRECTION ( 'NONE',  ( -0.000000000000000000, -1.000000000000000000, -0.000000000000000000 ) ) ;
#10817 = ADVANCED_FACE ( 'NONE', ( #3201 ), #6757, .T. ) ;
#10818 = CARTESIAN_POINT ( 'NONE',  ( -44.75000000000000711, 4.000000000000000000, 0.000000000000000000 ) ) ;
#10819 = DIRECTION ( 'NONE',  ( 0.000000000000000000, 0.000000000000000000, 1.000000000000000000 ) ) ;
#10820 = ORIENTED_EDGE ( 'NONE', *, *, #2639, .F. ) ;
#10821 = LINE ( 'NONE', #8010, #8048 ) ;
#10822 = EDGE_CURVE ( 'NONE', #11653, #1380, #480, .T. ) ;
#10823 = ORIENTED_EDGE ( 'NONE', *, *, #8639, .T. ) ;
#10824 = CARTESIAN_POINT ( 'NONE',  ( -2.000000000000008882, 14.00000000000000000, 12.35000000000019149 ) ) ;
#10825 = DIRECTION ( 'NONE',  ( 1.000000000000000000, 0.000000000000000000, 8.420987747460225490E-17 ) ) ;
#10826 = VERTEX_POINT ( 'NONE', #4157 ) ;
#10827 = EDGE_CURVE ( 'NONE', #10156, #7828, #7791, .T. ) ;
#10828 = CARTESIAN_POINT ( 'NONE',  ( 30.80000000000002558, 0.000000000000000000, 2.030492254602823010 ) ) ;
#10829 = AXIS2_PLACEMENT_3D ( 'NONE', #2163, #5783, #4004 ) ;
#10830 = AXIS2_PLACEMENT_3D ( 'NONE', #3248, #9511, #9454 ) ;
#10831 = CARTESIAN_POINT ( 'NONE',  ( -52.34853060988542239, 7.377115474299434261, 4.119958270625189378 ) ) ;
#10832 = ORIENTED_EDGE ( 'NONE', *, *, #1932, .F. ) ;
#10833 = CYLINDRICAL_SURFACE ( 'NONE', #2394, 2.750000000000008438 ) ;
#10834 = ORIENTED_EDGE ( 'NONE', *, *, #5619, .F. ) ;
#10835 = ORIENTED_EDGE ( 'NONE', *, *, #4632, .F. ) ;
#10836 = LINE ( 'NONE', #9931, #3508 ) ;
#10837 = EDGE_CURVE ( 'NONE', #8792, #732, #5342, .T. ) ;
#10838 = CARTESIAN_POINT ( 'NONE',  ( -52.11955117507886115, 8.024846049716723329, -4.349906030956489644 ) ) ;
#10839 = CIRCLE ( 'NONE', #3792, 2.999999999999999112 ) ;
#10840 = CARTESIAN_POINT ( 'NONE',  ( -37.20000000000000284, 4.000000000000000000, -12.25000000000000000 ) ) ;
#10841 = AXIS2_PLACEMENT_3D ( 'NONE', #10372, #5835, #4945 ) ;
#10842 = DIRECTION ( 'NONE',  ( -0.000000000000000000, -1.000000000000000000, -0.000000000000000000 ) ) ;
#10843 = EDGE_CURVE ( 'NONE', #10826, #9375, #4125, .T. ) ;
#10844 = EDGE_LOOP ( 'NONE', ( #8657, #3326, #11137, #6602, #11375, #5209 ) ) ;
#10845 = DIRECTION ( 'NONE',  ( -0.000000000000000000, 1.000000000000000000, -0.000000000000000000 ) ) ;
#10846 = VERTEX_POINT ( 'NONE', #8967 ) ;
#10847 = DIRECTION ( 'NONE',  ( 0.000000000000000000, 1.000000000000000000, -0.000000000000000000 ) ) ;
#10848 = ORIENTED_EDGE ( 'NONE', *, *, #9010, .T. ) ;
#10849 = LINE ( 'NONE', #2676, #7473 ) ;
#10850 = ORIENTED_EDGE ( 'NONE', *, *, #10754, .F. ) ;
#10851 = DIRECTION ( 'NONE',  ( -0.3420201433256616630, 0.000000000000000000, -0.9396926207859109814 ) ) ;
#10852 = ORIENTED_EDGE ( 'NONE', *, *, #10752, .F. ) ;
#10853 = VECTOR ( 'NONE', #9568, 1000.000000000000000 ) ;
#10854 = DIRECTION ( 'NONE',  ( 0.000000000000000000, 0.000000000000000000, 1.000000000000000000 ) ) ;
#10855 = ORIENTED_EDGE ( 'NONE', *, *, #6661, .F. ) ;
#10856 = CARTESIAN_POINT ( 'NONE',  ( 51.95000000000000284, 8.500000000000000000, 0.000000000000000000 ) ) ;
#10857 = CYLINDRICAL_SURFACE ( 'NONE', #5641, 2.000000000000001776 ) ;
#10858 = PLANE ( 'NONE',  #8541 ) ;
#10859 = CARTESIAN_POINT ( 'NONE',  ( -52.11873083013217212, 8.147875702759090899, 4.337699192715317231 ) ) ;
#10860 = LINE ( 'NONE', #3584, #5479 ) ;
#10861 = EDGE_LOOP ( 'NONE', ( #849, #5439, #188, #6728 ) ) ;
#10862 = VERTEX_POINT ( 'NONE', #9804 ) ;
#10863 = AXIS2_PLACEMENT_3D ( 'NONE', #816, #1696, #3535 ) ;
#10864 = LINE ( 'NONE', #3642, #5211 ) ;
#10865 = VERTEX_POINT ( 'NONE', #10828 ) ;
#10866 = ADVANCED_FACE ( 'NONE', ( #11728 ), #3610, .F. ) ;
#10867 = DIRECTION ( 'NONE',  ( -1.000000000000000000, 0.000000000000000000, 0.000000000000000000 ) ) ;
#10868 = LINE ( 'NONE', #10808, #1069 ) ;
#10869 = B_SPLINE_CURVE_WITH_KNOTS ( 'NONE', 3,
 ( #1656, #10886, #2600, #4513, #10831, #9093, #2713, #2657 ),
 .UNSPECIFIED., .F., .F.,
 ( 4, 2, 2, 4 ),
 ( 0.001279873816246320265, 0.001599499302352228210, 0.001919124788458136371, 0.002558375760669952259 ),
 .UNSPECIFIED. ) ;
#10870 = CARTESIAN_POINT ( 'NONE',  ( -42.75000000000000000, 11.29999999999999716, 14.25000000000000355 ) ) ;
#10871 = DIRECTION ( 'NONE',  ( 0.000000000000000000, 1.000000000000000000, -0.000000000000000000 ) ) ;
#10872 = CARTESIAN_POINT ( 'NONE',  ( 22.93973614986589737, 0.2034051652805224375, 1.979818315299352482 ) ) ;
#10873 = CARTESIAN_POINT ( 'NONE',  ( -34.95000000000000284, 4.015686516701556741, -12.50000000000000000 ) ) ;
#10874 = FACE_OUTER_BOUND ( 'NONE', #2258, .T. ) ;
#10875 = EDGE_CURVE ( 'NONE', #10937, #2675, #11176, .T. ) ;
#10876 = CARTESIAN_POINT ( 'NONE',  ( -42.63096821607128106, 13.30034910780785395, -12.27727016374981694 ) ) ;
#10877 = CIRCLE ( 'NONE', #998, 0.7999999999999994893 ) ;
#10878 = VERTEX_POINT ( 'NONE', #5288 ) ;
#10879 = EDGE_CURVE ( 'NONE', #7543, #9187, #9700, .T. ) ;
#10880 = FACE_OUTER_BOUND ( 'NONE', #9830, .T. ) ;
#10881 = CARTESIAN_POINT ( 'NONE',  ( 50.25000000000000000, 10.50000000000000000, 0.000000000000000000 ) ) ;
#10882 = CIRCLE ( 'NONE', #2122, 3.000000000000002665 ) ;
#10883 = CARTESIAN_POINT ( 'NONE',  ( 38.51515805832830353, 0.1248391197358933030, 0.7587436205925207622 ) ) ;
#10884 = CARTESIAN_POINT ( 'NONE',  ( -51.95000000000000995, 9.500000000000000000, 2.449999999999999734 ) ) ;
#10885 = STYLED_ITEM ( 'NONE', ( #10792 ), #934 ) ;
#10886 = CARTESIAN_POINT ( 'NONE',  ( -52.33704905526283824, 7.792304885474837128, 4.225000000000105338 ) ) ;
#10887 = EDGE_CURVE ( 'NONE', #6105, #9125, #8828, .T. ) ;
#10888 = CARTESIAN_POINT ( 'NONE',  ( 51.95000000000000284, 10.50000000000000000, 6.000000000000000000 ) ) ;
#10889 = ORIENTED_EDGE ( 'NONE', *, *, #5859, .F. ) ;
#10890 = EDGE_LOOP ( 'NONE', ( #7304, #1478, #5863, #4088 ) ) ;
#10891 = EDGE_CURVE ( 'NONE', #1813, #10435, #6019, .T. ) ;
#10892 = VECTOR ( 'NONE', #4633, 1000.000000000000000 ) ;
#10893 = ORIENTED_EDGE ( 'NONE', *, *, #2125, .F. ) ;
#10894 = FACE_OUTER_BOUND ( 'NONE', #1728, .T. ) ;
#10895 = DIRECTION ( 'NONE',  ( 1.000000000000000000, 0.000000000000000000, -1.176083712526649195E-16 ) ) ;
#10896 = VERTEX_POINT ( 'NONE', #9092 ) ;
#10897 = CARTESIAN_POINT ( 'NONE',  ( -52.12919047830140329, 9.058425586967704390, -3.971980343050890205 ) ) ;
#10898 = CARTESIAN_POINT ( 'NONE',  ( 41.25000000000000000, 4.999999999999999112, 0.000000000000000000 ) ) ;
#10899 = DIRECTION ( 'NONE',  ( 0.000000000000000000, 0.000000000000000000, 1.000000000000000000 ) ) ;
#10900 = ORIENTED_EDGE ( 'NONE', *, *, #8319, .T. ) ;
#10901 = VERTEX_POINT ( 'NONE', #7286 ) ;
#10902 = CARTESIAN_POINT ( 'NONE',  ( -52.33850009812076820, 8.113657360593180101, 4.211792455234410149 ) ) ;
#10903 = CIRCLE ( 'NONE', #1961, 2.750000000000007550 ) ;
#10904 = DIRECTION ( 'NONE',  ( 0.000000000000000000, 0.000000000000000000, -1.000000000000000000 ) ) ;
#10905 = ORIENTED_EDGE ( 'NONE', *, *, #7066, .F. ) ;
#10906 = ADVANCED_FACE ( 'NONE', ( #2596 ), #4392, .T. ) ;
#10907 = DIRECTION ( 'NONE',  ( -9.856182124392324236E-16, 0.000000000000000000, -1.000000000000000000 ) ) ;
#10908 = ORIENTED_EDGE ( 'NONE', *, *, #4455, .F. ) ;
#10909 = EDGE_CURVE ( 'NONE', #1723, #10610, #5216, .T. ) ;
#10910 = ADVANCED_FACE ( 'NONE', ( #4340 ), #7962, .T. ) ;
#10911 = DIRECTION ( 'NONE',  ( -0.000000000000000000, 1.000000000000000000, -0.000000000000000000 ) ) ;
#10912 = ORIENTED_EDGE ( 'NONE', *, *, #4191, .F. ) ;
#10913 = CARTESIAN_POINT ( 'NONE',  ( -52.20455412270071349, 8.128939298215280829, 4.261849622335515342 ) ) ;
#10914 = ORIENTED_EDGE ( 'NONE', *, *, #2822, .F. ) ;
#10915 = DIRECTION ( 'NONE',  ( 0.5000000000000022204, 0.000000000000000000, -0.8660254037844372643 ) ) ;
#10916 = ORIENTED_EDGE ( 'NONE', *, *, #7527, .T. ) ;
#10917 = DIRECTION ( 'NONE',  ( -0.000000000000000000, 1.000000000000000000, -0.000000000000000000 ) ) ;
#10918 = CARTESIAN_POINT ( 'NONE',  ( 25.25635347795579477, 0.5999999999999989786, -1.075207213125395800 ) ) ;
#10919 =( BOUNDED_SURFACE ( )  B_SPLINE_SURFACE ( 3, 2, ( 
 ( #9360, #8458, #7566 ),
 ( #1389, #5829, #5769 ),
 ( #8635, #1271, #500 ),
 ( #9419, #386, #11392 ),
 ( #6549, #3995, #10198 ),
 ( #7623, #783, #6838 ) ),
 .UNSPECIFIED., .F., .F., .F. ) 
 B_SPLINE_SURFACE_WITH_KNOTS ( ( 4, 2, 4 ),
 ( 3, 3 ),
 ( 0.000000000000000000, 0.001594233407127784849, 0.003188466814255569697 ),
 ( 0.000000000000000000, 1.000000000000000000 ),
 .UNSPECIFIED. ) 
 GEOMETRIC_REPRESENTATION_ITEM ( )  RATIONAL_B_SPLINE_SURFACE ( (
 ( 1.000000000000000000, 0.7071067811865475727, 1.000000000000000000),
 ( 1.000000000000000000, 0.6823391120101618412, 1.000000000000000000),
 ( 1.000000000000000000, 0.6600493308905875933, 1.000000000000000000),
 ( 1.000000000000000000, 0.6259589441318146319, 1.000000000000000000),
 ( 1.000000000000000000, 0.6141851309027523964, 1.000000000000000000),
 ( 1.000000000000000000, 0.6102110848157835665, 1.000000000000000000) ) ) 
 REPRESENTATION_ITEM ( '' )  SURFACE ( )  );
#10920 = DIRECTION ( 'NONE',  ( -0.000000000000000000, 1.000000000000000000, -0.000000000000000000 ) ) ;
#10921 = VECTOR ( 'NONE', #1477, 1000.000000000000000 ) ;
#10922 = CARTESIAN_POINT ( 'NONE',  ( 28.85198525228327426, 0.07059195838940734991, -12.40990805429689736 ) ) ;
#10923 = AXIS2_PLACEMENT_3D ( 'NONE', #6687, #1244, #5744 ) ;
#10924 = ORIENTED_EDGE ( 'NONE', *, *, #10391, .T. ) ;
#10925 = ORIENTED_EDGE ( 'NONE', *, *, #1767, .T. ) ;
#10926 = DIRECTION ( 'NONE',  ( 1.000000000000000000, -0.000000000000000000, 0.000000000000000000 ) ) ;
#10927 = ORIENTED_EDGE ( 'NONE', *, *, #3581, .T. ) ;
#10928 = CARTESIAN_POINT ( 'NONE',  ( 22.81827201635470459, 4.999999999999999112, -10.08172798364529754 ) ) ;
#10929 = AXIS2_PLACEMENT_3D ( 'NONE', #5440, #9962, #2574 ) ;
#10930 = LINE ( 'NONE', #5922, #4851 ) ;
#10931 = CARTESIAN_POINT ( 'NONE',  ( 52.75000000000000711, 7.500000000000000000, 9.500000000000001776 ) ) ;
#10932 = DIRECTION ( 'NONE',  ( 0.000000000000000000, 1.000000000000000000, -0.000000000000000000 ) ) ;
#10933 = DIRECTION ( 'NONE',  ( -1.000000000000000000, 0.000000000000000000, -7.304098846218136886E-17 ) ) ;
#10934 = CARTESIAN_POINT ( 'NONE',  ( -42.75000000000000000, 6.000000000000000000, 14.25000000000000355 ) ) ;
#10935 = CARTESIAN_POINT ( 'NONE',  ( 38.61960222758094829, 0.000000000000000000, 1.104841829914298579 ) ) ;
#10936 = VECTOR ( 'NONE', #3224, 1000.000000000000000 ) ;
#10937 = VERTEX_POINT ( 'NONE', #3428 ) ;
#10938 = LINE ( 'NONE', #9914, #9116 ) ;
#10939 = ORIENTED_EDGE ( 'NONE', *, *, #11627, .T. ) ;
#10940 = CARTESIAN_POINT ( 'NONE',  ( 47.49999999999997868, 0.000000000000000000, -11.75000000000000178 ) ) ;
#10941 = ORIENTED_EDGE ( 'NONE', *, *, #6457, .F. ) ;
#10942 = DIRECTION ( 'NONE',  ( 0.000000000000000000, 0.000000000000000000, -1.000000000000000000 ) ) ;
#10943 = CARTESIAN_POINT ( 'NONE',  ( 33.34631465379335680, 0.2999999999999995448, -11.64927014888857570 ) ) ;
#10944 = VECTOR ( 'NONE', #4105, 1000.000000000000114 ) ;
#10945 = DIRECTION ( 'NONE',  ( 0.000000000000000000, -0.000000000000000000, 1.000000000000000000 ) ) ;
#10946 = EDGE_CURVE ( 'NONE', #9828, #250, #7545, .T. ) ;
#10947 = VECTOR ( 'NONE', #5988, 1000.000000000000000 ) ;
#10948 = FACE_OUTER_BOUND ( 'NONE', #4618, .T. ) ;
#10949 = ADVANCED_FACE ( 'NONE', ( #1709 ), #2530, .F. ) ;
#10950 = DIRECTION ( 'NONE',  ( -0.000000000000000000, -1.000000000000000000, -0.000000000000000000 ) ) ;
#10951 = LINE ( 'NONE', #4574, #9152 ) ;
#10952 = ORIENTED_EDGE ( 'NONE', *, *, #6534, .T. ) ;
#10953 = ORIENTED_EDGE ( 'NONE', *, *, #1352, .T. ) ;
#10954 = AXIS2_PLACEMENT_3D ( 'NONE', #10290, #9516, #11300 ) ;
#10955 = ORIENTED_EDGE ( 'NONE', *, *, #4182, .T. ) ;
#10956 = FACE_OUTER_BOUND ( 'NONE', #683, .T. ) ;
#10957 = FACE_OUTER_BOUND ( 'NONE', #10844, .T. ) ;
#10958 = DIRECTION ( 'NONE',  ( 0.000000000000000000, 0.000000000000000000, -1.000000000000000000 ) ) ;
#10959 = DIRECTION ( 'NONE',  ( 0.000000000000000000, 1.000000000000000000, -0.000000000000000000 ) ) ;
#10960 = ADVANCED_FACE ( 'NONE', ( #184 ), #8487, .F. ) ;
#10961 = DIRECTION ( 'NONE',  ( 0.000000000000000000, 0.000000000000000000, 1.000000000000000000 ) ) ;
#10962 = VERTEX_POINT ( 'NONE', #1240 ) ;
#10963 = VECTOR ( 'NONE', #7131, 1000.000000000000000 ) ;
#10964 = EDGE_CURVE ( 'NONE', #11683, #883, #6576, .T. ) ;
#10965 = VERTEX_POINT ( 'NONE', #9384 ) ;
#10966 = LINE ( 'NONE', #11079, #8390 ) ;
#10967 = CARTESIAN_POINT ( 'NONE',  ( -50.25000000000000000, 11.34999999999999964, 4.750000000000000888 ) ) ;
#10968 = CARTESIAN_POINT ( 'NONE',  ( -42.75000000000000000, 6.000000000000000000, -14.25000000000000355 ) ) ;
#10969 = VECTOR ( 'NONE', #9265, 1000.000000000000000 ) ;
#10970 = AXIS2_PLACEMENT_3D ( 'NONE', #7808, #1334, #11446 ) ;
#10971 = ORIENTED_EDGE ( 'NONE', *, *, #2279, .T. ) ;
#10972 = VECTOR ( 'NONE', #6513, 1000.000000000000000 ) ;
#10973 = CARTESIAN_POINT ( 'NONE',  ( -52.20475899798736918, 7.670326419120079287, 4.274804758350668088 ) ) ;
#10974 = VERTEX_POINT ( 'NONE', #2892 ) ;
#10975 = CARTESIAN_POINT ( 'NONE',  ( 34.69364652204420452, -0.001000000000000024307, -6.523830892551266913 ) ) ;
#10976 = ORIENTED_EDGE ( 'NONE', *, *, #10837, .T. ) ;
#10977 = LINE ( 'NONE', #3578, #8213 ) ;
#10978 = EDGE_CURVE ( 'NONE', #2203, #6920, #7531, .T. ) ;
#10979 = DIRECTION ( 'NONE',  ( 0.000000000000000000, 0.000000000000000000, -1.000000000000000000 ) ) ;
#10980 = ORIENTED_EDGE ( 'NONE', *, *, #5687, .T. ) ;
#10981 = EDGE_CURVE ( 'NONE', #261, #10119, #11185, .T. ) ;
#10982 = CARTESIAN_POINT ( 'NONE',  ( -47.50000000000000711, 4.000000000000000000, -9.500000000000001776 ) ) ;
#10983 = AXIS2_PLACEMENT_3D ( 'NONE', #5955, #6846, #4896 ) ;
#10984 = AXIS2_PLACEMENT_3D ( 'NONE', #5, #115, #4493 ) ;
#10985 = CARTESIAN_POINT ( 'NONE',  ( 25.25635347795577701, 0.2999999999999999889, -5.224792786874571604 ) ) ;
#10986 = AXIS2_PLACEMENT_3D ( 'NONE', #10670, #9825, #8877 ) ;
#10987 = ORIENTED_EDGE ( 'NONE', *, *, #3294, .T. ) ;
#10988 = VERTEX_POINT ( 'NONE', #9267 ) ;
#10989 = FACE_OUTER_BOUND ( 'NONE', #3505, .T. ) ;
#10990 = CIRCLE ( 'NONE', #4702, 3.061734693877549152 ) ;
#10991 = EDGE_LOOP ( 'NONE', ( #6765, #8234, #9442, #8802 ) ) ;
#10992 = DIRECTION ( 'NONE',  ( 0.000000000000000000, -1.000000000000000000, -1.865294060190115224E-16 ) ) ;
#10993 = AXIS2_PLACEMENT_3D ( 'NONE', #7606, #5431, #10347 ) ;
#10994 = VECTOR ( 'NONE', #6772, 1000.000000000000000 ) ;
#10995 = LINE ( 'NONE', #171, #2001 ) ;
#10996 = EDGE_CURVE ( 'NONE', #10757, #3420, #5079, .T. ) ;
#10997 = VERTEX_POINT ( 'NONE', #10281 ) ;
#10998 = DIRECTION ( 'NONE',  ( -1.000000000000000000, 0.000000000000000000, 0.000000000000000000 ) ) ;
#10999 = ORIENTED_EDGE ( 'NONE', *, *, #11639, .F. ) ;
#11000 = CARTESIAN_POINT ( 'NONE',  ( 43.25000000000000711, 6.500000000000000000, 1.984313483298447922 ) ) ;
#11001 = EDGE_CURVE ( 'NONE', #6523, #9375, #292, .T. ) ;
#11002 = DIRECTION ( 'NONE',  ( 0.000000000000000000, 0.000000000000000000, 1.000000000000000000 ) ) ;
#11003 = DIRECTION ( 'NONE',  ( 0.000000000000000000, 0.000000000000000000, 1.000000000000000000 ) ) ;
#11004 = VECTOR ( 'NONE', #5568, 1000.000000000000114 ) ;
#11005 = CARTESIAN_POINT ( 'NONE',  ( -52.45000000000001705, 7.899999999999999467, 2.925000000000026912 ) ) ;
#11006 = AXIS2_PLACEMENT_3D ( 'NONE', #4129, #11515, #8539 ) ;
#11007 = CARTESIAN_POINT ( 'NONE',  ( -52.15661494277455290, 9.216960195022465996, 3.819531249999942979 ) ) ;
#11008 = VERTEX_POINT ( 'NONE', #2002 ) ;
#11009 = DIRECTION ( 'NONE',  ( 0.000000000000000000, 0.000000000000000000, 1.000000000000000000 ) ) ;
#11010 = ORIENTED_EDGE ( 'NONE', *, *, #4909, .F. ) ;
#11011 = DIRECTION ( 'NONE',  ( -1.000000000000000000, 0.000000000000000000, 0.000000000000000000 ) ) ;
#11012 = VECTOR ( 'NONE', #2627, 1000.000000000000000 ) ;
#11013 = CARTESIAN_POINT ( 'NONE',  ( -34.95000000000000284, 2.658044035770915267E-15, 14.25000000000000533 ) ) ;
#11014 = DIRECTION ( 'NONE',  ( -3.634931228083748646E-15, 0.000000000000000000, -1.000000000000000000 ) ) ;
#11015 = LINE ( 'NONE', #5569, #2560 ) ;
#11016 = CARTESIAN_POINT ( 'NONE',  ( -25.50000000000004263, 10.50000000000000000, -6.805453636524403956E-14 ) ) ;
#11017 = DIRECTION ( 'NONE',  ( -1.561251128379125123E-14, 0.000000000000000000, 1.000000000000000000 ) ) ;
#11018 = VERTEX_POINT ( 'NONE', #8312 ) ;
#11019 = EDGE_LOOP ( 'NONE', ( #11222, #7507, #9321, #10711, #1869, #3482 ) ) ;
#11020 = ORIENTED_EDGE ( 'NONE', *, *, #6149, .F. ) ;
#11021 = CARTESIAN_POINT ( 'NONE',  ( 31.02110895060963358, 0.09378038618371824231, 5.904106061119889226 ) ) ;
#11022 = ORIENTED_EDGE ( 'NONE', *, *, #1582, .F. ) ;
#11023 = DIRECTION ( 'NONE',  ( 0.000000000000000000, 0.000000000000000000, 1.000000000000000000 ) ) ;
#11024 = CARTESIAN_POINT ( 'NONE',  ( 20.65000000000000213, 4.000000000000000000, 0.000000000000000000 ) ) ;
#11025 = CARTESIAN_POINT ( 'NONE',  ( -39.55000000000000426, 11.29999999999999716, 12.25000000000000000 ) ) ;
#11026 = CARTESIAN_POINT ( 'NONE',  ( -52.44547663803059834, 9.169376713961842285, 3.227573038195342026 ) ) ;
#11027 = ORIENTED_EDGE ( 'NONE', *, *, #1522, .T. ) ;
#11028 = ORIENTED_EDGE ( 'NONE', *, *, #2084, .T. ) ;
#11029 = PLANE ( 'NONE',  #5689 ) ;
#11030 = DIRECTION ( 'NONE',  ( -1.000000000000000000, 0.000000000000000000, 0.000000000000000000 ) ) ;
#11031 = EDGE_CURVE ( 'NONE', #11583, #10340, #10165, .T. ) ;
#11032 = ORIENTED_EDGE ( 'NONE', *, *, #6926, .T. ) ;
#11033 = ORIENTED_EDGE ( 'NONE', *, *, #5140, .T. ) ;
#11034 = CIRCLE ( 'NONE', #11231, 2.450000000000000622 ) ;
#11035 = EDGE_CURVE ( 'NONE', #181, #1009, #4627, .T. ) ;
#11036 = CARTESIAN_POINT ( 'NONE',  ( 1.249999999999992450, 2.499999999999999556, 10.90000000000000213 ) ) ;
#11037 = ORIENTED_EDGE ( 'NONE', *, *, #9878, .T. ) ;
#11038 = CARTESIAN_POINT ( 'NONE',  ( -8.947521086617219380E-16, 4.000000000000000000, 12.25000000000000355 ) ) ;
#11039 = ORIENTED_EDGE ( 'NONE', *, *, #6007, .F. ) ;
#11040 = DIRECTION ( 'NONE',  ( 1.000000000000000000, 0.000000000000000000, 0.000000000000000000 ) ) ;
#11041 = CARTESIAN_POINT ( 'NONE',  ( -51.95000000000000995, 7.899999999999999467, -2.449999999999999734 ) ) ;
#11042 = PLANE ( 'NONE',  #2241 ) ;
#11043 = CARTESIAN_POINT ( 'NONE',  ( 0.000000000000000000, 3.199999999999999734, 0.000000000000000000 ) ) ;
#11044 = ORIENTED_EDGE ( 'NONE', *, *, #8061, .T. ) ;
#11045 = CARTESIAN_POINT ( 'NONE',  ( -20.00000000000001066, 15.50001199999999990, 2.352167425053299179E-15 ) ) ;
#11046 = ADVANCED_FACE ( 'NONE', ( #3789 ), #3966, .T. ) ;
#11047 = PLANE ( 'NONE',  #1228 ) ;
#11048 = VERTEX_POINT ( 'NONE', #9327 ) ;
#11049 = EDGE_CURVE ( 'NONE', #11568, #11596, #11242, .T. ) ;
#11050 = CARTESIAN_POINT ( 'NONE',  ( 30.80000000000002913, 0.000000000000000000, 6.139106523234627133 ) ) ;
#11051 = PLANE ( 'NONE',  #11518 ) ;
#11052 = LINE ( 'NONE', #2759, #5258 ) ;
#11053 = ORIENTED_EDGE ( 'NONE', *, *, #4056, .T. ) ;
#11054 = ORIENTED_EDGE ( 'NONE', *, *, #2012, .T. ) ;
#11055 = DIRECTION ( 'NONE',  ( -0.000000000000000000, -0.000000000000000000, -1.000000000000000000 ) ) ;
#11056 = CYLINDRICAL_SURFACE ( 'NONE', #1131, 9.000000000000008882 ) ;
#11057 = CARTESIAN_POINT ( 'NONE',  ( -51.95000000000000995, 9.799999999999998934, 2.449999999999999734 ) ) ;
#11058 = CARTESIAN_POINT ( 'NONE',  ( -43.77649989257267293, 3.999999999999999112, 9.808637066941306770 ) ) ;
#11059 = ADVANCED_FACE ( 'NONE', ( #3903 ), #7352, .T. ) ;
#11060 = ORIENTED_EDGE ( 'NONE', *, *, #3365, .F. ) ;
#11061 = ADVANCED_FACE ( 'NONE', ( #9142 ), #1005, .T. ) ;
#11062 = DIRECTION ( 'NONE',  ( 0.000000000000000000, 0.000000000000000000, 1.000000000000000000 ) ) ;
#11063 = CARTESIAN_POINT ( 'NONE',  ( 1.249999999999991784, 2.499999999999999556, 4.900000000000001243 ) ) ;
#11064 = DIRECTION ( 'NONE',  ( 0.000000000000000000, 1.000000000000000000, -1.865294060190115224E-16 ) ) ;
#11065 = LINE ( 'NONE', #1121, #540 ) ;
#11066 = DIRECTION ( 'NONE',  ( -0.000000000000000000, -0.000000000000000000, 1.000000000000000000 ) ) ;
#11067 = AXIS2_PLACEMENT_3D ( 'NONE', #2189, #8566, #4220 ) ;
#11068 = DIRECTION ( 'NONE',  ( 0.000000000000000000, 0.000000000000000000, -1.000000000000000000 ) ) ;
#11069 = ORIENTED_EDGE ( 'NONE', *, *, #6515, .T. ) ;
#11070 = ORIENTED_EDGE ( 'NONE', *, *, #6985, .F. ) ;
#11071 = FACE_BOUND ( 'NONE', #7798, .T. ) ;
#11072 = DIRECTION ( 'NONE',  ( 0.000000000000000000, 0.000000000000000000, 1.000000000000000000 ) ) ;
#11073 = AXIS2_PLACEMENT_3D ( 'NONE', #4581, #85, #2725 ) ;
#11074 = LINE ( 'NONE', #10898, #7725 ) ;
#11075 = CARTESIAN_POINT ( 'NONE',  ( -27.76953966575159427, 50.93731177506752772, 8.949999999999985079 ) ) ;
#11076 = CARTESIAN_POINT ( 'NONE',  ( -50.25000000000000711, 5.999999999999998224, 2.449999999999999734 ) ) ;
#11077 = ORIENTED_EDGE ( 'NONE', *, *, #11123, .F. ) ;
#11078 = VERTEX_POINT ( 'NONE', #6461 ) ;
#11079 = CARTESIAN_POINT ( 'NONE',  ( -20.00000000000001066, 14.00000000000000000, 2.352167425053299574E-15 ) ) ;
#11080 = CARTESIAN_POINT ( 'NONE',  ( -20.00000000000001066, 8.500000000000000000, -13.55000000000000071 ) ) ;
#11081 = CIRCLE ( 'NONE', #5925, 2.000000000000000000 ) ;
#11082 = LINE ( 'NONE', #5651, #2056 ) ;
#11083 = ORIENTED_EDGE ( 'NONE', *, *, #67, .F. ) ;
#11084 = ORIENTED_EDGE ( 'NONE', *, *, #7067, .T. ) ;
#11085 = DIRECTION ( 'NONE',  ( 0.000000000000000000, 0.000000000000000000, -1.000000000000000000 ) ) ;
#11086 = VERTEX_POINT ( 'NONE', #7413 ) ;
#11087 = LINE ( 'NONE', #6609, #6176 ) ;
#11088 = VERTEX_POINT ( 'NONE', #5628 ) ;
#11089 = DIRECTION ( 'NONE',  ( 0.7071067811865507924, 0.000000000000000000, -0.7071067811865442421 ) ) ;
#11090 = CYLINDRICAL_SURFACE ( 'NONE', #1950, 5.499999999999988454 ) ;
#11091 = DIRECTION ( 'NONE',  ( 0.000000000000000000, 1.000000000000000000, -0.000000000000000000 ) ) ;
#11092 = EDGE_CURVE ( 'NONE', #10517, #7359, #11065, .T. ) ;
#11093 = CARTESIAN_POINT ( 'NONE',  ( 29.38390735375451612, 0.09232880164583379123, -12.48909550374005306 ) ) ;
#11094 = VERTEX_POINT ( 'NONE', #239 ) ;
#11095 = EDGE_CURVE ( 'NONE', #1434, #7383, #1743, .T. ) ;
#11096 = DIRECTION ( 'NONE',  ( -0.000000000000000000, 1.000000000000000000, -0.000000000000000000 ) ) ;
#11097 = ADVANCED_FACE ( 'NONE', ( #1471 ), #2406, .F. ) ;
#11098 = ORIENTED_EDGE ( 'NONE', *, *, #3030, .F. ) ;
#11099 = CARTESIAN_POINT ( 'NONE',  ( 0.000000000000000000, 4.000000000000000000, 10.44999999999999218 ) ) ;
#11100 = DIRECTION ( 'NONE',  ( -1.000000000000000000, 0.000000000000000000, 0.000000000000000000 ) ) ;
#11101 = VECTOR ( 'NONE', #11234, 1000.000000000000000 ) ;
#11102 = DIRECTION ( 'NONE',  ( 0.000000000000000000, 0.000000000000000000, 1.000000000000000000 ) ) ;
#11103 = EDGE_LOOP ( 'NONE', ( #1020, #6153, #10451, #10742 ) ) ;
#11104 = B_SPLINE_CURVE_WITH_KNOTS ( 'NONE', 3,
 ( #692, #3243, #752, #2346, #1576, #8002, #2462, #9734 ),
 .UNSPECIFIED., .F., .F.,
 ( 4, 2, 2, 4 ),
 ( 0.000000000000000000, 0.0001382025733524837113, 0.0002764051467049674225, 0.0005528102934099354956 ),
 .UNSPECIFIED. ) ;
#11105 = AXIS2_PLACEMENT_3D ( 'NONE', #8187, #10700, #6330 ) ;
#11106 = DIRECTION ( 'NONE',  ( -0.000000000000000000, 1.000000000000000000, 2.891205793294679312E-16 ) ) ;
#11107 = EDGE_CURVE ( 'NONE', #878, #9354, #7887, .T. ) ;
#11108 = CARTESIAN_POINT ( 'NONE',  ( 1.249999999999992450, 2.499999999999999556, 10.90000000000000213 ) ) ;
#11109 = ADVANCED_FACE ( 'NONE', ( #10510 ), #5795, .F. ) ;
#11110 = CARTESIAN_POINT ( 'NONE',  ( 26.02573810278259359, 0.09795398803915456032, 0.1261620132528097349 ) ) ;
#11111 = AXIS2_PLACEMENT_3D ( 'NONE', #11005, #5677, #8304 ) ;
#11112 = ORIENTED_EDGE ( 'NONE', *, *, #5861, .T. ) ;
#11113 = AXIS2_PLACEMENT_3D ( 'NONE', #3184, #11238, #9501 ) ;
#11114 = DIRECTION ( 'NONE',  ( -0.000000000000000000, 1.000000000000000000, -0.000000000000000000 ) ) ;
#11115 = CIRCLE ( 'NONE', #3115, 9.000000000000008882 ) ;
#11116 = ORIENTED_EDGE ( 'NONE', *, *, #5061, .F. ) ;
#11117 = LINE ( 'NONE', #4735, #6758 ) ;
#11118 = PLANE ( 'NONE',  #2221 ) ;
#11119 = CARTESIAN_POINT ( 'NONE',  ( -37.13386832212547972, 3.999999999999999112, 12.24999999999999467 ) ) ;
#11120 = ADVANCED_FACE ( 'NONE', ( #3064 ), #409, .T. ) ;
#11121 = AXIS2_PLACEMENT_3D ( 'NONE', #3506, #5311, #2493 ) ;
#11122 = CARTESIAN_POINT ( 'NONE',  ( 23.85000000000000142, 4.999999999999999112, -12.25000000000000178 ) ) ;
#11123 = EDGE_CURVE ( 'NONE', #1340, #5841, #3124, .T. ) ;
#11124 = EDGE_CURVE ( 'NONE', #6009, #5276, #4892, .T. ) ;
#11125 = CARTESIAN_POINT ( 'NONE',  ( -14.05000000000000782, 4.000000000000000000, 12.25000000000000178 ) ) ;
#11126 = ORIENTED_EDGE ( 'NONE', *, *, #8097, .F. ) ;
#11127 = ORIENTED_EDGE ( 'NONE', *, *, #2666, .T. ) ;
#11128 = DIRECTION ( 'NONE',  ( -1.000000000000000000, 0.000000000000000000, 0.000000000000000000 ) ) ;
#11129 = CIRCLE ( 'NONE', #9791, 4.450000000000009948 ) ;
#11130 = DIRECTION ( 'NONE',  ( 0.000000000000000000, 1.000000000000000000, -0.000000000000000000 ) ) ;
#11131 = ORIENTED_EDGE ( 'NONE', *, *, #5204, .F. ) ;
#11132 = CARTESIAN_POINT ( 'NONE',  ( 45.25000000000000711, 6.500000000000000000, -0.9682458365518327170 ) ) ;
#11133 = CARTESIAN_POINT ( 'NONE',  ( 20.65000000000000213, 4.000000000000000000, -8.550000000000029132 ) ) ;
#11134 = FACE_OUTER_BOUND ( 'NONE', #2541, .T. ) ;
#11135 = ADVANCED_FACE ( 'NONE', ( #9448 ), #1299, .F. ) ;
#11136 = DIRECTION ( 'NONE',  ( 0.000000000000000000, 0.000000000000000000, 1.000000000000000000 ) ) ;
#11137 = ORIENTED_EDGE ( 'NONE', *, *, #1524, .T. ) ;
#11138 = CARTESIAN_POINT ( 'NONE',  ( 47.49999999999997868, 7.500000000000000000, -12.25000000000000178 ) ) ;
#11139 = ADVANCED_FACE ( 'NONE', ( #4910 ), #10457, .T. ) ;
#11140 = CARTESIAN_POINT ( 'NONE',  ( 3.099999999999991651, 12.50000000000000000, -13.45000000000019114 ) ) ;
#11141 = AXIS2_PLACEMENT_3D ( 'NONE', #10124, #9347, #7312 ) ;
#11142 = CIRCLE ( 'NONE', #8849, 0.9899999999999995470 ) ;
#11143 = CARTESIAN_POINT ( 'NONE',  ( 22.13614628785938976, 0.02145563245112756465, -7.217410124218910816 ) ) ;
#11144 = VECTOR ( 'NONE', #9449, 1000.000000000000000 ) ;
#11145 = CARTESIAN_POINT ( 'NONE',  ( -51.95000000000000995, 9.216960195022448232, 3.819531249999954081 ) ) ;
#11146 = VERTEX_POINT ( 'NONE', #3298 ) ;
#11147 = ORIENTED_EDGE ( 'NONE', *, *, #836, .T. ) ;
#11148 = DIRECTION ( 'NONE',  ( -3.154042683594192655E-16, -0.000000000000000000, -1.000000000000000000 ) ) ;
#11149 = VERTEX_POINT ( 'NONE', #6922 ) ;
#11150 = AXIS2_PLACEMENT_3D ( 'NONE', #1438, #494, #5055 ) ;
#11151 = DIRECTION ( 'NONE',  ( 0.000000000000000000, -1.000000000000000000, -1.865294060190115224E-16 ) ) ;
#11152 = ORIENTED_EDGE ( 'NONE', *, *, #11419, .T. ) ;
#11153 = DIRECTION ( 'NONE',  ( -1.176083712526649195E-16, 0.000000000000000000, -1.000000000000000000 ) ) ;
#11154 = DIRECTION ( 'NONE',  ( 0.8660254037844379305, 0.000000000000000000, -0.5000000000000011102 ) ) ;
#11155 = PLANE ( 'NONE',  #9289 ) ;
#11156 = ORIENTED_EDGE ( 'NONE', *, *, #11092, .F. ) ;
#11157 = ORIENTED_EDGE ( 'NONE', *, *, #259, .F. ) ;
#11158 = AXIS2_PLACEMENT_3D ( 'NONE', #5640, #8378, #3856 ) ;
#11159 = VECTOR ( 'NONE', #3984, 1000.000000000000000 ) ;
#11160 = DIRECTION ( 'NONE',  ( 1.000000000000000000, 0.000000000000000000, -1.176083712526649195E-16 ) ) ;
#11161 = AXIS2_PLACEMENT_3D ( 'NONE', #7061, #1666, #3565 ) ;
#11162 = FACE_BOUND ( 'NONE', #1520, .T. ) ;
#11163 = B_SPLINE_CURVE_WITH_KNOTS ( 'NONE', 3,
 ( #5433, #7608, #3027, #4544, #6702, #374 ),
 .UNSPECIFIED., .F., .F.,
 ( 4, 2, 4 ),
 ( 0.000000000000000000, 0.0001955798652618910864, 0.0003911597305237821728 ),
 .UNSPECIFIED. ) ;
#11164 = EDGE_LOOP ( 'NONE', ( #4828, #9305, #7815, #10760 ) ) ;
#11165 = ADVANCED_FACE ( 'NONE', ( #6744 ), #9508, .F. ) ;
#11166 = CARTESIAN_POINT ( 'NONE',  ( 26.00635347795577701, 0.2999999999999998779, -6.523830892551230498 ) ) ;
#11167 = EDGE_CURVE ( 'NONE', #3490, #2417, #8782, .T. ) ;
#11168 = CARTESIAN_POINT ( 'NONE',  ( 37.74211819145297397, 0.2505450496179593700, -8.283866831501374151 ) ) ;
#11169 = AXIS2_PLACEMENT_3D ( 'NONE', #10380, #7576, #11281 ) ;
#11170 = EDGE_LOOP ( 'NONE', ( #1164, #7174, #11616, #795 ) ) ;
#11171 = ORIENTED_EDGE ( 'NONE', *, *, #3017, .T. ) ;
#11172 = VECTOR ( 'NONE', #11055, 1000.000000000000000 ) ;
#11173 = CARTESIAN_POINT ( 'NONE',  ( -33.55000000000001137, 7.500000000000000000, 10.44999999999999218 ) ) ;
#11174 = CARTESIAN_POINT ( 'NONE',  ( -2.000000000000011990, 14.00000000000000000, -14.75000000000000355 ) ) ;
#11175 = CARTESIAN_POINT ( 'NONE',  ( 50.25000000000000000, 12.50000000000000000, 4.000000000000000000 ) ) ;
#11176 = CIRCLE ( 'NONE', #1095, 0.3000000000000016542 ) ;
#11177 = ORIENTED_EDGE ( 'NONE', *, *, #4609, .F. ) ;
#11178 = AXIS2_PLACEMENT_3D ( 'NONE', #663, #2371, #7674 ) ;
#11179 = AXIS2_PLACEMENT_3D ( 'NONE', #6175, #11564, #2552 ) ;
#11180 = PLANE ( 'NONE',  #5012 ) ;
#11181 = EDGE_CURVE ( 'NONE', #4064, #5929, #3190, .T. ) ;
#11182 = EDGE_CURVE ( 'NONE', #11212, #2554, #5858, .T. ) ;
#11183 = PLANE ( 'NONE',  #3920 ) ;
#11184 = LINE ( 'NONE', #5857, #8307 ) ;
#11185 = LINE ( 'NONE', #1061, #8512 ) ;
#11186 = VECTOR ( 'NONE', #9789, 1000.000000000000000 ) ;
#11187 = AXIS2_PLACEMENT_3D ( 'NONE', #10162, #7528, #182 ) ;
#11188 = DIRECTION ( 'NONE',  ( 1.000000000000000000, 0.000000000000000000, 0.000000000000000000 ) ) ;
#11189 = FACE_OUTER_BOUND ( 'NONE', #3392, .T. ) ;
#11190 = AXIS2_PLACEMENT_3D ( 'NONE', #3713, #5504, #9255 ) ;
#11191 = DIRECTION ( 'NONE',  ( 0.000000000000000000, -0.000000000000000000, 1.000000000000000000 ) ) ;
#11192 = ORIENTED_EDGE ( 'NONE', *, *, #5185, .F. ) ;
#11193 = ORIENTED_EDGE ( 'NONE', *, *, #7306, .F. ) ;
#11194 = CARTESIAN_POINT ( 'NONE',  ( -45.19999999999994600, 14.09999999999999787, -14.75000000000000355 ) ) ;
#11195 = ADVANCED_FACE ( 'NONE', ( #8601 ), #10335, .T. ) ;
#11196 = CARTESIAN_POINT ( 'NONE',  ( -52.26167570767506021, 7.684713429713276867, 4.211499472778776010 ) ) ;
#11197 = EDGE_CURVE ( 'NONE', #4762, #6139, #5027, .T. ) ;
#11198 = CARTESIAN_POINT ( 'NONE',  ( -44.75095021876227719, 4.000000000000000888, 9.385922340614909487 ) ) ;
#11199 = VERTEX_POINT ( 'NONE', #3244 ) ;
#11200 = LINE ( 'NONE', #6528, #7165 ) ;
#11201 = CARTESIAN_POINT ( 'NONE',  ( 10.24999999999999112, 2.499999999999999556, 10.90000000000000213 ) ) ;
#11202 = CARTESIAN_POINT ( 'NONE',  ( -39.80000000000000426, 13.29999999999999893, 12.25000000000000000 ) ) ;
#11203 = CARTESIAN_POINT ( 'NONE',  ( -52.23135736848558253, 6.627892643055089295, -3.593355414828992345 ) ) ;
#11204 = CARTESIAN_POINT ( 'NONE',  ( -52.42986711028338931, 9.097787655272991714, 3.442853664916026180 ) ) ;
#11205 = EDGE_LOOP ( 'NONE', ( #6540, #6307, #4760, #3589, #4976, #3310, #11630, #3167 ) ) ;
#11206 = DIRECTION ( 'NONE',  ( -0.000000000000000000, -0.000000000000000000, -1.000000000000000000 ) ) ;
#11207 = VERTEX_POINT ( 'NONE', #2347 ) ;
#11208 = CARTESIAN_POINT ( 'NONE',  ( -50.49057106112241655, 13.78993361320530120, -6.802998417562139188 ) ) ;
#11209 = CARTESIAN_POINT ( 'NONE',  ( -50.25000000000000711, 4.000000000000001776, 6.750000000000000888 ) ) ;
#11210 = CARTESIAN_POINT ( 'NONE',  ( 29.89999999999998082, 0.000000000000000000, -11.75000000000000355 ) ) ;
#11211 = EDGE_CURVE ( 'NONE', #5963, #2203, #6212, .T. ) ;
#11212 = VERTEX_POINT ( 'NONE', #7216 ) ;
#11213 = EDGE_CURVE ( 'NONE', #3332, #4151, #8701, .T. ) ;
#11214 = CARTESIAN_POINT ( 'NONE',  ( 31.02510858178175823, 0.09795398803915357500, -8.533001662233781204 ) ) ;
#11215 = ORIENTED_EDGE ( 'NONE', *, *, #3034, .T. ) ;
#11216 = CARTESIAN_POINT ( 'NONE',  ( 22.17335966720671436, 0.09378038618371607738, 0.7958556306249232604 ) ) ;
#11217 = ORIENTED_EDGE ( 'NONE', *, *, #8570, .F. ) ;
#11218 = CARTESIAN_POINT ( 'NONE',  ( -20.00000000000001066, 8.500000000000000000, 12.25000000000000178 ) ) ;
#11219 = LINE ( 'NONE', #4942, #6496 ) ;
#11220 = CARTESIAN_POINT ( 'NONE',  ( 51.95000000000000284, 8.500000000000000000, 9.500000000000000000 ) ) ;
#11221 = ORIENTED_EDGE ( 'NONE', *, *, #8570, .T. ) ;
#11222 = ORIENTED_EDGE ( 'NONE', *, *, #5776, .F. ) ;
#11223 = DIRECTION ( 'NONE',  ( 0.000000000000000000, 1.000000000000000000, -0.000000000000000000 ) ) ;
#11224 = AXIS2_PLACEMENT_3D ( 'NONE', #9242, #219, #3333 ) ;
#11225 = PLANE ( 'NONE',  #8430 ) ;
#11226 = LINE ( 'NONE', #3051, #10357 ) ;
#11227 = CARTESIAN_POINT ( 'NONE',  ( -43.64115124076890595, 3.492086779764491222, 8.950000000000027711 ) ) ;
#11228 = CARTESIAN_POINT ( 'NONE',  ( -44.70226093809958456, 3.891739700733581220, 8.958405084523098694 ) ) ;
#11229 = ORIENTED_EDGE ( 'NONE', *, *, #9589, .T. ) ;
#11230 = EDGE_LOOP ( 'NONE', ( #7031, #8739 ) ) ;
#11231 = AXIS2_PLACEMENT_3D ( 'NONE', #10967, #2970, #7375 ) ;
#11232 = DIRECTION ( 'NONE',  ( 0.000000000000000000, 1.000000000000000000, -0.000000000000000000 ) ) ;
#11233 = DIRECTION ( 'NONE',  ( -0.000000000000000000, 1.000000000000000000, -0.000000000000000000 ) ) ;
#11234 = DIRECTION ( 'NONE',  ( -0.000000000000000000, -1.000000000000000000, -0.000000000000000000 ) ) ;
#11235 = CARTESIAN_POINT ( 'NONE',  ( -53.20000000000000995, 7.500000000000000000, -6.749999999999940492 ) ) ;
#11236 = EDGE_CURVE ( 'NONE', #4237, #7132, #6268, .T. ) ;
#11237 = EDGE_LOOP ( 'NONE', ( #8537, #4575, #4802, #2680, #4145 ) ) ;
#11238 = DIRECTION ( 'NONE',  ( -0.000000000000000000, -1.000000000000000000, -0.000000000000000000 ) ) ;
#11239 = DIRECTION ( 'NONE',  ( 1.000000000000000000, -0.000000000000000000, -0.000000000000000000 ) ) ;
#11240 = VECTOR ( 'NONE', #4143, 1000.000000000000000 ) ;
#11241 = CARTESIAN_POINT ( 'NONE',  ( -40.15000000000000568, 6.000000000000000000, -14.25000000000000355 ) ) ;
#11242 = LINE ( 'NONE', #6400, #727 ) ;
#11243 = CARTESIAN_POINT ( 'NONE',  ( -50.25000000000000711, 7.291723746970176556, -4.250000000000000000 ) ) ;
#11244 = EDGE_CURVE ( 'NONE', #6396, #3747, #937, .T. ) ;
#11245 = ADVANCED_FACE ( 'NONE', ( #8122 ), #7093, .T. ) ;
#11246 = EDGE_LOOP ( 'NONE', ( #9777, #5536 ) ) ;
#11247 = CARTESIAN_POINT ( 'NONE',  ( -2.000000000000008882, 12.50000000000000000, -13.35000000000018971 ) ) ;
#11248 = EDGE_LOOP ( 'NONE', ( #7029, #1425, #4991, #2373, #2254, #2738 ) ) ;
#11249 = CARTESIAN_POINT ( 'NONE',  ( -37.29999999999999716, 13.29999999999999893, 12.25000000000000000 ) ) ;
#11250 = VERTEX_POINT ( 'NONE', #9909 ) ;
#11251 = DIRECTION ( 'NONE',  ( 0.000000000000000000, -1.000000000000000000, 0.000000000000000000 ) ) ;
#11252 = ORIENTED_EDGE ( 'NONE', *, *, #5030, .F. ) ;
#11253 = CARTESIAN_POINT ( 'NONE',  ( -50.49632532004903140, 4.059341421459265575, -4.700534823021509823 ) ) ;
#11254 = CARTESIAN_POINT ( 'NONE',  ( -42.23988470121086181, 3.076861447202343669, 8.951669276856179636 ) ) ;
#11255 = LINE ( 'NONE', #4598, #6779 ) ;
#11256 = ORIENTED_EDGE ( 'NONE', *, *, #11499, .T. ) ;
#11257 = DIRECTION ( 'NONE',  ( 0.000000000000000000, 1.000000000000000000, 0.000000000000000000 ) ) ;
#11258 = ADVANCED_FACE ( 'NONE', ( #1695, #2581 ), #6209, .T. ) ;
#11259 = CARTESIAN_POINT ( 'NONE',  ( -51.99281528994463031, 8.378969356734463858, -4.292623908086767415 ) ) ;
#11260 = EDGE_CURVE ( 'NONE', #1482, #1224, #3561, .T. ) ;
#11261 = DIRECTION ( 'NONE',  ( 1.000000000000000000, 0.000000000000000000, 0.000000000000000000 ) ) ;
#11262 = ORIENTED_EDGE ( 'NONE', *, *, #5331, .F. ) ;
#11263 = ORIENTED_EDGE ( 'NONE', *, *, #10063, .F. ) ;
#11264 = AXIS2_PLACEMENT_3D ( 'NONE', #1428, #485, #2364 ) ;
#11265 = VERTEX_POINT ( 'NONE', #1750 ) ;
#11266 = FACE_OUTER_BOUND ( 'NONE', #6543, .T. ) ;
#11267 = CARTESIAN_POINT ( 'NONE',  ( 29.61127424213631443, 0.2077789836488287689, 2.288811295319355121 ) ) ;
#11268 = EDGE_LOOP ( 'NONE', ( #4586, #975, #3129, #761, #10191 ) ) ;
#11269 = CARTESIAN_POINT ( 'NONE',  ( 30.79999999999997939, 0.2999999999999999889, -11.75000000000000178 ) ) ;
#11270 = FACE_OUTER_BOUND ( 'NONE', #5968, .T. ) ;
#11271 = CARTESIAN_POINT ( 'NONE',  ( 0.5999999999999912070, 12.50000000000000000, 13.55000000000000071 ) ) ;
#11272 = EDGE_CURVE ( 'NONE', #6273, #2027, #5467, .T. ) ;
#11273 = CARTESIAN_POINT ( 'NONE',  ( 22.20788180854700045, 0.2999999999999998779, -6.984828725824675288 ) ) ;
#11274 = ORIENTED_EDGE ( 'NONE', *, *, #5545, .F. ) ;
#11275 = ADVANCED_FACE ( 'NONE', ( #2517 ), #4556, .F. ) ;
#11276 = EDGE_CURVE ( 'NONE', #9634, #1588, #4378, .T. ) ;
#11277 = DIRECTION ( 'NONE',  ( 0.000000000000000000, 1.000000000000000000, -0.000000000000000000 ) ) ;
#11278 = LINE ( 'NONE', #391, #1423 ) ;
#11279 = VECTOR ( 'NONE', #10611, 1000.000000000000000 ) ;
#11280 = CARTESIAN_POINT ( 'NONE',  ( -43.82134660620489086, 4.000000000000000000, 9.805835990341849495 ) ) ;
#11281 = DIRECTION ( 'NONE',  ( 0.000000000000000000, 0.000000000000000000, -1.000000000000000000 ) ) ;
#11282 = ORIENTED_EDGE ( 'NONE', *, *, #2582, .T. ) ;
#11283 = ORIENTED_EDGE ( 'NONE', *, *, #7, .F. ) ;
#11284 = CYLINDRICAL_SURFACE ( 'NONE', #4526, 0.8500000000000000888 ) ;
#11285 = LINE ( 'NONE', #3116, #11381 ) ;
#11286 = EDGE_LOOP ( 'NONE', ( #7536, #8157, #9883, #2113, #9543 ) ) ;
#11287 = LINE ( 'NONE', #5906, #7287 ) ;
#11288 = DIRECTION ( 'NONE',  ( 0.000000000000000000, 0.000000000000000000, 1.000000000000000000 ) ) ;
#11289 = ORIENTED_EDGE ( 'NONE', *, *, #7981, .F. ) ;
#11290 = DIRECTION ( 'NONE',  ( 0.000000000000000000, 0.000000000000000000, 1.000000000000000000 ) ) ;
#11291 = CARTESIAN_POINT ( 'NONE',  ( -2.000000000000008882, 12.50000000000000000, 13.85000000000018971 ) ) ;
#11292 = LINE ( 'NONE', #8784, #6267 ) ;
#11293 = AXIS2_PLACEMENT_3D ( 'NONE', #1753, #3537, #7163 ) ;
#11294 = VECTOR ( 'NONE', #2525, 1000.000000000000000 ) ;
#11295 = CIRCLE ( 'NONE', #9594, 2.000000000000000000 ) ;
#11296 = PLANE ( 'NONE',  #3868 ) ;
#11297 = VERTEX_POINT ( 'NONE', #9011 ) ;
#11298 = CARTESIAN_POINT ( 'NONE',  ( -2.000000000000008882, 12.50000000000000000, 12.35000000000019149 ) ) ;
#11299 = CARTESIAN_POINT ( 'NONE',  ( -52.26626415635100642, 8.712180025029484298, 3.963311410493472575 ) ) ;
#11300 = DIRECTION ( 'NONE',  ( 0.000000000000000000, -0.000000000000000000, 1.000000000000000000 ) ) ;
#11301 = EDGE_CURVE ( 'NONE', #10270, #3510, #7947, .T. ) ;
#11302 = ORIENTED_EDGE ( 'NONE', *, *, #5774, .T. ) ;
#11303 = CARTESIAN_POINT ( 'NONE',  ( 2.009170479469691184, 12.50000000000000000, 14.75000000000000178 ) ) ;
#11304 = DIRECTION ( 'NONE',  ( 0.000000000000000000, 0.000000000000000000, 1.000000000000000000 ) ) ;
#11305 = CIRCLE ( 'NONE', #10157, 0.3000000000000016542 ) ;
#11306 = DIRECTION ( 'NONE',  ( 1.000000000000000000, 0.000000000000000000, 0.000000000000000000 ) ) ;
#11307 = ADVANCED_FACE ( 'NONE', ( #6984 ), #6091, .F. ) ;
#11308 = CARTESIAN_POINT ( 'NONE',  ( 47.49999999999999289, 2.499999999999999556, -9.499999999999998224 ) ) ;
#11309 = VECTOR ( 'NONE', #4275, 1000.000000000000000 ) ;
#11310 = ORIENTED_EDGE ( 'NONE', *, *, #1567, .T. ) ;
#11311 = ADVANCED_FACE ( 'NONE', ( #6144 ), #7037, .F. ) ;
#11312 = CARTESIAN_POINT ( 'NONE',  ( 2.099999999999991207, 12.50000000000000000, -12.35000000000018971 ) ) ;
#11313 = ORIENTED_EDGE ( 'NONE', *, *, #8419, .F. ) ;
#11314 = CARTESIAN_POINT ( 'NONE',  ( -51.98551494665068873, 8.496823414810819486, -4.257857196839966996 ) ) ;
#11315 = FACE_OUTER_BOUND ( 'NONE', #5308, .T. ) ;
#11316 = ORIENTED_EDGE ( 'NONE', *, *, #10220, .T. ) ;
#11317 = EDGE_LOOP ( 'NONE', ( #11509, #10111, #10939, #3585 ) ) ;
#11318 = AXIS2_PLACEMENT_3D ( 'NONE', #4891, #3166, #1337 ) ;
#11319 = ORIENTED_EDGE ( 'NONE', *, *, #7964, .T. ) ;
#11320 = CARTESIAN_POINT ( 'NONE',  ( -52.45000000000001705, 7.899999999999999467, 2.925000000000026912 ) ) ;
#11321 = ADVANCED_FACE ( 'NONE', ( #9854 ), #5329, .T. ) ;
#11322 = EDGE_LOOP ( 'NONE', ( #9025, #6613, #5995, #2259 ) ) ;
#11323 = DIRECTION ( 'NONE',  ( -1.000000000000000000, 0.000000000000000000, 0.000000000000000000 ) ) ;
#11324 = DIRECTION ( 'NONE',  ( 0.000000000000000000, -1.000000000000000000, 0.000000000000000000 ) ) ;
#11325 = ORIENTED_EDGE ( 'NONE', *, *, #5876, .F. ) ;
#11326 = LINE ( 'NONE', #3874, #8969 ) ;
#11327 = ADVANCED_FACE ( 'NONE', ( #116 ), #993, .F. ) ;
#11328 = DIRECTION ( 'NONE',  ( 0.000000000000000000, -1.000000000000000000, 7.517135062566163550E-15 ) ) ;
#11329 = CYLINDRICAL_SURFACE ( 'NONE', #2225, 0.2500000000000002220 ) ;
#11330 = CARTESIAN_POINT ( 'NONE',  ( 50.24999999999997158, 9.300000000000000711, 3.299999999999999822 ) ) ;
#11331 = AXIS2_PLACEMENT_3D ( 'NONE', #11036, #9168, #1969 ) ;
#11332 = FACE_OUTER_BOUND ( 'NONE', #432, .T. ) ;
#11333 = ORIENTED_EDGE ( 'NONE', *, *, #7434, .F. ) ;
#11334 = CARTESIAN_POINT ( 'NONE',  ( -52.22340835089975997, 6.705390757595229623, -3.692296232791185684 ) ) ;
#11335 = VECTOR ( 'NONE', #11251, 1000.000000000000000 ) ;
#11336 = CARTESIAN_POINT ( 'NONE',  ( 30.35000000000000142, 0.000000000000000000, -3.150000000000002576 ) ) ;
#11337 = EDGE_LOOP ( 'NONE', ( #966, #7650, #10768, #36, #7314, #5102, #8493, #2741, #854 ) ) ;
#11338 = EDGE_CURVE ( 'NONE', #9512, #8933, #9666, .T. ) ;
#11339 = CARTESIAN_POINT ( 'NONE',  ( 0.000000000000000000, 4.000000000000000000, -12.25000000000000000 ) ) ;
#11340 = ORIENTED_EDGE ( 'NONE', *, *, #11211, .F. ) ;
#11341 = ADVANCED_FACE ( 'NONE', ( #230 ), #1047, .T. ) ;
#11342 = CARTESIAN_POINT ( 'NONE',  ( 37.85553138218367053, 0.09378038618371954682, -8.258250430495005290 ) ) ;
#11343 = VERTEX_POINT ( 'NONE', #10092 ) ;
#11344 = CARTESIAN_POINT ( 'NONE',  ( -33.55000000000001137, 6.000000000000000000, -10.05000000000001137 ) ) ;
#11345 = ORIENTED_EDGE ( 'NONE', *, *, #1509, .T. ) ;
#11346 = VECTOR ( 'NONE', #5594, 1000.000000000000000 ) ;
#11347 = LINE ( 'NONE', #5784, #1115 ) ;
#11348 = CARTESIAN_POINT ( 'NONE',  ( 39.08172798364529399, -1.697056274847719815, 6.181727983645293634 ) ) ;
#11349 = DIRECTION ( 'NONE',  ( -5.139921410301692211E-16, -0.000000000000000000, -1.000000000000000000 ) ) ;
#11350 = ORIENTED_EDGE ( 'NONE', *, *, #1881, .F. ) ;
#11351 = DIRECTION ( 'NONE',  ( 0.000000000000000000, 0.000000000000000000, 1.000000000000000000 ) ) ;
#11352 = ADVANCED_FACE ( 'NONE', ( #5732 ), #11056, .F. ) ;
#11353 = TOROIDAL_SURFACE ( 'NONE', #708, 1.600000000000000755, 0.2999999999999999889 ) ;
#11354 = CIRCLE ( 'NONE', #6190, 9.000000000000008882 ) ;
#11355 = VECTOR ( 'NONE', #3918, 1000.000000000000000 ) ;
#11356 = EDGE_CURVE ( 'NONE', #1910, #7080, #3835, .T. ) ;
#11357 = CARTESIAN_POINT ( 'NONE',  ( 47.49999999999997158, 0.000000000000000000, 11.75000000000000000 ) ) ;
#11358 = ORIENTED_EDGE ( 'NONE', *, *, #164, .T. ) ;
#11359 = PLANE ( 'NONE',  #342 ) ;
#11360 = DIRECTION ( 'NONE',  ( 0.000000000000000000, -0.000000000000000000, 1.000000000000000000 ) ) ;
#11361 = CARTESIAN_POINT ( 'NONE',  ( 47.49999999999999289, 3.000000000000000000, 9.500000000000000000 ) ) ;
#11362 = VECTOR ( 'NONE', #9026, 1000.000000000000000 ) ;
#11363 = VECTOR ( 'NONE', #4908, 1000.000000000000000 ) ;
#11364 = DIRECTION ( 'NONE',  ( 4.625929269271484533E-15, 0.000000000000000000, -1.000000000000000000 ) ) ;
#11365 = ORIENTED_EDGE ( 'NONE', *, *, #6010, .F. ) ;
#11366 = CARTESIAN_POINT ( 'NONE',  ( 20.65000000000000213, 0.5999999999999989786, 8.349999999999997868 ) ) ;
#11367 = VECTOR ( 'NONE', #3994, 1000.000000000000000 ) ;
#11368 = CARTESIAN_POINT ( 'NONE',  ( 0.000000000000000000, 4.000000000000000000, 0.000000000000000000 ) ) ;
#11369 = ORIENTED_EDGE ( 'NONE', *, *, #6184, .F. ) ;
#11370 = CARTESIAN_POINT ( 'NONE',  ( -51.95000000000000995, 5.999999999999998224, 2.449999999999999734 ) ) ;
#11371 = VECTOR ( 'NONE', #5041, 1000.000000000000000 ) ;
#11372 = VECTOR ( 'NONE', #11444, 1000.000000000000000 ) ;
#11373 = CARTESIAN_POINT ( 'NONE',  ( -52.45000000000001705, 9.197719172987385505, 3.001973684210525128 ) ) ;
#11374 = CARTESIAN_POINT ( 'NONE',  ( -33.55000000000001137, 7.500000000000000000, 10.44999999999999218 ) ) ;
#11375 = ORIENTED_EDGE ( 'NONE', *, *, #2480, .F. ) ;
#11376 = CARTESIAN_POINT ( 'NONE',  ( -52.33704276677081424, 8.007051016228095008, -4.225057278784970727 ) ) ;
#11377 = DIRECTION ( 'NONE',  ( 0.000000000000000000, 1.000000000000000000, 0.000000000000000000 ) ) ;
#11378 = CARTESIAN_POINT ( 'NONE',  ( -52.00325065436498306, 8.141081842182469330, -4.338532249317836431 ) ) ;
#11379 = PLANE ( 'NONE',  #9048 ) ;
#11380 = ORIENTED_EDGE ( 'NONE', *, *, #5699, .T. ) ;
#11381 = VECTOR ( 'NONE', #6732, 1000.000000000000000 ) ;
#11382 = ADVANCED_FACE ( 'NONE', ( #9376 ), #4614, .T. ) ;
#11383 = VERTEX_POINT ( 'NONE', #7459 ) ;
#11384 = CARTESIAN_POINT ( 'NONE',  ( -52.25000000000001421, 9.799999999999998934, -2.449999999999999734 ) ) ;
#11385 = PLANE ( 'NONE',  #909 ) ;
#11386 = DIRECTION ( 'NONE',  ( 0.000000000000000000, 0.000000000000000000, -1.000000000000000000 ) ) ;
#11387 = ORIENTED_EDGE ( 'NONE', *, *, #722, .T. ) ;
#11388 = CARTESIAN_POINT ( 'NONE',  ( 6.448509989039549417, 0.2999999999999999889, 11.16914693413189319 ) ) ;
#11389 = CARTESIAN_POINT ( 'NONE',  ( -2.000000000000008882, 12.50000000000000000, -12.35000000000019149 ) ) ;
#11390 = VECTOR ( 'NONE', #3879, 1000.000000000000000 ) ;
#11391 = DIRECTION ( 'NONE',  ( 0.000000000000000000, 0.000000000000000000, -1.000000000000000000 ) ) ;
#11392 = CARTESIAN_POINT ( 'NONE',  ( 31.84801474771392549, 0.07059195838940882095, -12.40990805429690624 ) ) ;
#11393 = FACE_OUTER_BOUND ( 'NONE', #7313, .T. ) ;
#11394 = ORIENTED_EDGE ( 'NONE', *, *, #2492, .T. ) ;
#11395 = EDGE_CURVE ( 'NONE', #7016, #7517, #6502, .T. ) ;
#11396 = DIRECTION ( 'NONE',  ( 0.000000000000000000, 0.000000000000000000, -1.000000000000000000 ) ) ;
#11397 = EDGE_CURVE ( 'NONE', #1385, #8480, #4552, .T. ) ;
#11398 = DIRECTION ( 'NONE',  ( 0.000000000000000000, 1.000000000000000000, 0.000000000000000000 ) ) ;
#11399 = LINE ( 'NONE', #3225, #313 ) ;
#11400 = AXIS2_PLACEMENT_3D ( 'NONE', #3401, #2625, #5316 ) ;
#11401 = AXIS2_PLACEMENT_3D ( 'NONE', #5917, #4912, #7782 ) ;
#11402 = CARTESIAN_POINT ( 'NONE',  ( -44.75292780882452348, 3.910006611670124865, 8.956924363427837932 ) ) ;
#11403 = DIRECTION ( 'NONE',  ( 1.000000000000000000, -0.000000000000000000, -8.462065736472229849E-17 ) ) ;
#11404 = ORIENTED_EDGE ( 'NONE', *, *, #4504, .T. ) ;
#11405 = CYLINDRICAL_SURFACE ( 'NONE', #6789, 1.000000000000000888 ) ;
#11406 = EDGE_CURVE ( 'NONE', #3723, #6105, #7189, .T. ) ;
#11407 = LINE ( 'NONE', #8827, #3292 ) ;
#11408 = EDGE_CURVE ( 'NONE', #9755, #5263, #5558, .T. ) ;
#11409 = ORIENTED_EDGE ( 'NONE', *, *, #9861, .F. ) ;
#11410 = LINE ( 'NONE', #5851, #2736 ) ;
#11411 = ORIENTED_EDGE ( 'NONE', *, *, #1524, .F. ) ;
#11412 = CARTESIAN_POINT ( 'NONE',  ( -33.55000000000001137, 3.199999999999999734, -10.05000000000001137 ) ) ;
#11413 = ORIENTED_EDGE ( 'NONE', *, *, #2941, .F. ) ;
#11414 = DIRECTION ( 'NONE',  ( 0.000000000000000000, 0.000000000000000000, -1.000000000000000000 ) ) ;
#11415 = CARTESIAN_POINT ( 'NONE',  ( -53.20100000000002183, 10.80000000000000071, -2.500000000000000444 ) ) ;
#11416 = DIRECTION ( 'NONE',  ( -0.9396926207859082059, 0.000000000000000000, -0.3420201433256696011 ) ) ;
#11417 = EDGE_CURVE ( 'NONE', #435, #9843, #3652, .T. ) ;
#11418 = VERTEX_POINT ( 'NONE', #11173 ) ;
#11419 = EDGE_CURVE ( 'NONE', #10232, #2526, #7272, .T. ) ;
#11420 = CARTESIAN_POINT ( 'NONE',  ( -45.00000000000001421, 4.000000000000000000, 0.000000000000000000 ) ) ;
#11421 = ORIENTED_EDGE ( 'NONE', *, *, #2353, .T. ) ;
#11422 = DIRECTION ( 'NONE',  ( 0.000000000000000000, -1.000000000000000000, 0.000000000000000000 ) ) ;
#11423 = VECTOR ( 'NONE', #7469, 1000.000000000000000 ) ;
#11424 = VERTEX_POINT ( 'NONE', #8302 ) ;
#11425 = CARTESIAN_POINT ( 'NONE',  ( -52.26145712155787493, 8.008982683180427387, 4.224941934850201974 ) ) ;
#11426 = CARTESIAN_POINT ( 'NONE',  ( -23.23676428111944148, 10.50000000000000000, 14.75000000000000355 ) ) ;
#11427 = VERTEX_POINT ( 'NONE', #5675 ) ;
#11428 = CARTESIAN_POINT ( 'NONE',  ( -50.25000000000000711, 4.000000000000000888, -4.385309547059454083 ) ) ;
#11429 = TOROIDAL_SURFACE ( 'NONE', #1166, 9.300000000000009592, 0.2999999999999999889 ) ;
#11430 = CARTESIAN_POINT ( 'NONE',  ( 34.69078586920447549, 0.2077789836488294628, 0.2091609203995457023 ) ) ;
#11431 = ORIENTED_EDGE ( 'NONE', *, *, #3440, .T. ) ;
#11432 = DIRECTION ( 'NONE',  ( 0.000000000000000000, 0.8344462197396825820, -0.5510893814637994881 ) ) ;
#11433 = ORIENTED_EDGE ( 'NONE', *, *, #7323, .T. ) ;
#11434 = DIRECTION ( 'NONE',  ( 0.000000000000000000, 1.000000000000000000, -0.000000000000000000 ) ) ;
#11435 = CARTESIAN_POINT ( 'NONE',  ( -42.15000000000000568, 4.015686516701556741, -12.50000000000000000 ) ) ;
#11436 = CYLINDRICAL_SURFACE ( 'NONE', #5446, 0.2500000000000002220 ) ;
#11437 = ORIENTED_EDGE ( 'NONE', *, *, #2785, .T. ) ;
#11438 = EDGE_LOOP ( 'NONE', ( #11313, #4584, #5155, #2315, #7099, #4253, #4693, #9017 ) ) ;
#11439 = DIRECTION ( 'NONE',  ( 0.000000000000000000, 0.000000000000000000, -1.000000000000000000 ) ) ;
#11440 = CARTESIAN_POINT ( 'NONE',  ( 51.95000000000000284, 10.80000000000000071, -1.700000000000000622 ) ) ;
#11441 = CARTESIAN_POINT ( 'NONE',  ( 29.76281813779383612, 0.02221052063481738365, 2.155038092765992452 ) ) ;
#11442 = ORIENTED_EDGE ( 'NONE', *, *, #8713, .F. ) ;
#11443 = CARTESIAN_POINT ( 'NONE',  ( -34.92314042967215215, 4.003051246122646845, 12.36973257420731898 ) ) ;
#11444 = DIRECTION ( 'NONE',  ( 0.000000000000000000, -1.000000000000000000, 0.000000000000000000 ) ) ;
#11445 = DIRECTION ( 'NONE',  ( -0.9396926207859082059, 0.000000000000000000, 0.3420201433256696011 ) ) ;
#11446 = DIRECTION ( 'NONE',  ( 0.000000000000000000, 0.000000000000000000, 1.000000000000000000 ) ) ;
#11447 = VERTEX_POINT ( 'NONE', #9318 ) ;
#11448 = CIRCLE ( 'NONE', #6290, 0.5999999999999998668 ) ;
#11449 = CARTESIAN_POINT ( 'NONE',  ( -52.40568058483292901, 6.815219914338488394, -3.641416195903030673 ) ) ;
#11450 = LINE ( 'NONE', #8530, #1241 ) ;
#11451 = CARTESIAN_POINT ( 'NONE',  ( -44.95211429079104448, 3.999999999999998668, 9.038404534033304571 ) ) ;
#11452 = FACE_OUTER_BOUND ( 'NONE', #8865, .T. ) ;
#11453 = ADVANCED_FACE ( 'NONE', ( #1174, #4786, #8416, #3000, #6387 ), #1227, .F. ) ;
#11454 = DIRECTION ( 'NONE',  ( -1.000000000000000000, 0.000000000000000000, 9.856182124392324236E-16 ) ) ;
#11455 = CIRCLE ( 'NONE', #2498, 5.249999999999998224 ) ;
#11456 = VERTEX_POINT ( 'NONE', #9130 ) ;
#11457 = EDGE_CURVE ( 'NONE', #10377, #2691, #7340, .T. ) ;
#11458 = DIRECTION ( 'NONE',  ( 0.8660254037843672092, 0.000000000000000000, -0.5000000000001236788 ) ) ;
#11459 = ORIENTED_EDGE ( 'NONE', *, *, #1868, .F. ) ;
#11460 = EDGE_CURVE ( 'NONE', #9929, #3723, #5613, .T. ) ;
#11461 = DIRECTION ( 'NONE',  ( -0.000000000000000000, 1.000000000000000000, -0.000000000000000000 ) ) ;
#11462 = CARTESIAN_POINT ( 'NONE',  ( -52.43158278002081119, 9.109574835599943299, -3.452455002252629690 ) ) ;
#11463 = CIRCLE ( 'NONE', #6310, 0.2999999999999999334 ) ;
#11464 = CARTESIAN_POINT ( 'NONE',  ( -52.25000000000001421, 6.399999999999998579, -2.924999999999972289 ) ) ;
#11465 = EDGE_CURVE ( 'NONE', #2037, #862, #5958, .T. ) ;
#11466 = VERTEX_POINT ( 'NONE', #3230 ) ;
#11467 = CARTESIAN_POINT ( 'NONE',  ( -37.20000000000000284, 15.50000000000000000, 12.25000000000000000 ) ) ;
#11468 = EDGE_LOOP ( 'NONE', ( #3266, #4222, #1196, #5244 ) ) ;
#11469 = DIRECTION ( 'NONE',  ( 0.8660254037844390407, 0.000000000000000000, 0.4999999999999994449 ) ) ;
#11470 = EDGE_CURVE ( 'NONE', #7543, #3955, #2280, .T. ) ;
#11471 = CARTESIAN_POINT ( 'NONE',  ( -53.20100000000002183, 9.300000000000000711, 3.299999999999999822 ) ) ;
#11472 = CARTESIAN_POINT ( 'NONE',  ( -8.000000000000008882, 12.30000000000000071, -14.75000000000000178 ) ) ;
#11473 = CARTESIAN_POINT ( 'NONE',  ( -47.49999999999999289, 15.50000000000000000, 12.25000000000000000 ) ) ;
#11474 = ORIENTED_EDGE ( 'NONE', *, *, #2288, .T. ) ;
#11475 = CARTESIAN_POINT ( 'NONE',  ( -20.00000000000001066, 15.50001199999999990, -12.25000000000000000 ) ) ;
#11476 = EDGE_LOOP ( 'NONE', ( #5452, #9105, #4148, #3460 ) ) ;
#11477 = EDGE_CURVE ( 'NONE', #8034, #6585, #10643, .T. ) ;
#11478 = VERTEX_POINT ( 'NONE', #10383 ) ;
#11479 = DIRECTION ( 'NONE',  ( 0.000000000000000000, 0.000000000000000000, 1.000000000000000000 ) ) ;
#11480 = CARTESIAN_POINT ( 'NONE',  ( -50.25000000000000000, 11.34999999999999964, 6.750000000000000888 ) ) ;
#11481 = ORIENTED_EDGE ( 'NONE', *, *, #3004, .T. ) ;
#11482 = ADVANCED_FACE ( 'NONE', ( #344 ), #6730, .F. ) ;
#11483 = CARTESIAN_POINT ( 'NONE',  ( 37.74211819145298108, -0.001000000000000024307, -8.283866831501375927 ) ) ;
#11484 = EDGE_CURVE ( 'NONE', #4536, #5761, #4839, .T. ) ;
#11485 = VECTOR ( 'NONE', #7201, 1000.000000000000000 ) ;
#11486 = LINE ( 'NONE', #6938, #3513 ) ;
#11487 = CARTESIAN_POINT ( 'NONE',  ( -25.50000000000001066, 12.30000000000000071, 12.25000000000000178 ) ) ;
#11488 = VECTOR ( 'NONE', #9286, 1000.000000000000000 ) ;
#11489 = CARTESIAN_POINT ( 'NONE',  ( -37.54999999999999716, 11.29999999999999716, 12.25000000000000000 ) ) ;
#11490 = ORIENTED_EDGE ( 'NONE', *, *, #11408, .T. ) ;
#11491 = ORIENTED_EDGE ( 'NONE', *, *, #2810, .F. ) ;
#11492 = CIRCLE ( 'NONE', #5579, 0.8500000000000000888 ) ;
#11493 = DIRECTION ( 'NONE',  ( 0.000000000000000000, 1.000000000000000000, 0.000000000000000000 ) ) ;
#11494 = ORIENTED_EDGE ( 'NONE', *, *, #7232, .F. ) ;
#11495 = DIRECTION ( 'NONE',  ( 1.000000000000000000, -0.000000000000000000, -0.000000000000000000 ) ) ;
#11496 = CARTESIAN_POINT ( 'NONE',  ( -50.75000000000000711, 15.50000000000000000, 7.250000000000000888 ) ) ;
#11497 = EDGE_LOOP ( 'NONE', ( #7855, #806, #4808, #6170, #10055 ) ) ;
#11498 = LINE ( 'NONE', #3327, #7841 ) ;
#11499 = EDGE_CURVE ( 'NONE', #11724, #10508, #514, .T. ) ;
#11500 = VECTOR ( 'NONE', #6319, 1000.000000000000000 ) ;
#11501 = CARTESIAN_POINT ( 'NONE',  ( -34.55000000000001137, 3.010000000000000231, 9.939999999999992397 ) ) ;
#11502 = ORIENTED_EDGE ( 'NONE', *, *, #254, .F. ) ;
#11503 = DIRECTION ( 'NONE',  ( 0.000000000000000000, 1.000000000000000000, 0.000000000000000000 ) ) ;
#11504 = CARTESIAN_POINT ( 'NONE',  ( 33.88977400408559504, 0.000000000000000000, -11.75000000000000178 ) ) ;
#11505 = VERTEX_POINT ( 'NONE', #4900 ) ;
#11506 = AXIS2_PLACEMENT_3D ( 'NONE', #4722, #3945, #2818 ) ;
#11507 = VECTOR ( 'NONE', #3492, 1000.000000000000000 ) ;
#11508 = DIRECTION ( 'NONE',  ( 0.000000000000000000, 0.000000000000000000, 1.000000000000000000 ) ) ;
#11509 = ORIENTED_EDGE ( 'NONE', *, *, #9507, .F. ) ;
#11510 = CARTESIAN_POINT ( 'NONE',  ( 1.036764281119435083, 12.50000000000000000, 14.75000000000000178 ) ) ;
#11511 = AXIS2_PLACEMENT_3D ( 'NONE', #6160, #7177, #1824 ) ;
#11512 = VERTEX_POINT ( 'NONE', #575 ) ;
#11513 = CARTESIAN_POINT ( 'NONE',  ( -52.40568058483292901, 6.815219914338489282, -3.641416195903030673 ) ) ;
#11514 = CARTESIAN_POINT ( 'NONE',  ( -52.12919047830145303, 6.741574413031807822, 3.971980343050764528 ) ) ;
#11515 = DIRECTION ( 'NONE',  ( 0.000000000000000000, 1.000000000000000000, -0.000000000000000000 ) ) ;
#11516 = DIRECTION ( 'NONE',  ( -1.000000000000000000, 0.000000000000000000, 9.856182124392324236E-16 ) ) ;
#11517 = DIRECTION ( 'NONE',  ( 0.000000000000000000, 0.000000000000000000, 1.000000000000000000 ) ) ;
#11518 = AXIS2_PLACEMENT_3D ( 'NONE', #2928, #6497, #9248 ) ;
#11519 = LINE ( 'NONE', #8829, #7348 ) ;
#11520 = EDGE_CURVE ( 'NONE', #7995, #2482, #1866, .T. ) ;
#11521 = VERTEX_POINT ( 'NONE', #5013 ) ;
#11522 = ORIENTED_EDGE ( 'NONE', *, *, #5485, .F. ) ;
#11523 = EDGE_CURVE ( 'NONE', #10112, #2479, #3286, .T. ) ;
#11524 = DIRECTION ( 'NONE',  ( 0.000000000000000000, 0.000000000000000000, -1.000000000000000000 ) ) ;
#11525 = DIRECTION ( 'NONE',  ( -1.000000000000000000, 0.000000000000000000, -0.000000000000000000 ) ) ;
#11526 = VERTEX_POINT ( 'NONE', #7820 ) ;
#11527 = DIRECTION ( 'NONE',  ( 0.000000000000000000, 1.000000000000000000, -1.865294060190115224E-16 ) ) ;
#11528 = VECTOR ( 'NONE', #1855, 1000.000000000000000 ) ;
#11529 = CARTESIAN_POINT ( 'NONE',  ( 20.65000000000000213, 7.500000000000000000, 10.25000000000000178 ) ) ;
#11530 = CARTESIAN_POINT ( 'NONE',  ( -21.63608679191100137, 12.30000000000000071, -18.15483244721227152 ) ) ;
#11531 = EDGE_CURVE ( 'NONE', #7393, #4241, #361, .T. ) ;
#11532 = VECTOR ( 'NONE', #125, 1000.000000000000000 ) ;
#11533 = LINE ( 'NONE', #9797, #2192 ) ;
#11534 = ORIENTED_EDGE ( 'NONE', *, *, #7735, .T. ) ;
#11535 = ORIENTED_EDGE ( 'NONE', *, *, #992, .F. ) ;
#11536 = AXIS2_PLACEMENT_3D ( 'NONE', #5395, #1003, #2891 ) ;
#11537 = EDGE_CURVE ( 'NONE', #1651, #9726, #3956, .T. ) ;
#11538 = LINE ( 'NONE', #1418, #102 ) ;
#11539 = VERTEX_POINT ( 'NONE', #456 ) ;
#11540 = ORIENTED_EDGE ( 'NONE', *, *, #4346, .T. ) ;
#11541 = CARTESIAN_POINT ( 'NONE',  ( 35.14931454692330703, -1.583951611365540895E-16, -0.9771536671050603529 ) ) ;
#11542 = DIRECTION ( 'NONE',  ( 0.000000000000000000, -1.734723475976807686E-15, 1.000000000000000000 ) ) ;
#11543 = ORIENTED_EDGE ( 'NONE', *, *, #1304, .F. ) ;
#11544 = FACE_OUTER_BOUND ( 'NONE', #3860, .T. ) ;
#11545 = AXIS2_PLACEMENT_3D ( 'NONE', #7090, #1574, #9681 ) ;
#11546 = AXIS2_PLACEMENT_3D ( 'NONE', #16, #3725, #2838 ) ;
#11547 = CARTESIAN_POINT ( 'NONE',  ( -52.34851251526774973, 8.422518270238578353, -4.120123652065647235 ) ) ;
#11548 = B_SPLINE_CURVE_WITH_KNOTS ( 'NONE', 3,
 ( #7173, #9202, #1761, #1888, #10883, #2711, #3788, #1822 ),
 .UNSPECIFIED., .F., .F.,
 ( 4, 2, 2, 4 ),
 ( -3.466145320679933479E-06, 0.0002882777914485976632, 0.0004341497598332363624, 0.0005800217282178751158 ),
 .UNSPECIFIED. ) ;
#11549 = EDGE_CURVE ( 'NONE', #1089, #4596, #7578, .T. ) ;
#11550 = VECTOR ( 'NONE', #6716, 1000.000000000000000 ) ;
#11551 = DIRECTION ( 'NONE',  ( 0.000000000000000000, -1.000000000000000000, 0.000000000000000000 ) ) ;
#11552 = VERTEX_POINT ( 'NONE', #2391 ) ;
#11553 = ADVANCED_FACE ( 'NONE', ( #8648 ), #11284, .F. ) ;
#11554 = AXIS2_PLACEMENT_3D ( 'NONE', #1390, #10553, #9483 ) ;
#11555 = LINE ( 'NONE', #8924, #4079 ) ;
#11556 = CARTESIAN_POINT ( 'NONE',  ( -52.20536001237680068, 7.318300294990237376, -4.161567919108254188 ) ) ;
#11557 = FACE_OUTER_BOUND ( 'NONE', #7732, .T. ) ;
#11558 = CARTESIAN_POINT ( 'NONE',  ( -44.80424172958984741, 3.928600602820597310, 8.956494407900990495 ) ) ;
#11559 = CARTESIAN_POINT ( 'NONE',  ( -51.95000000000000995, 7.899999999999999467, 2.449999999999999734 ) ) ;
#11560 = AXIS2_PLACEMENT_3D ( 'NONE', #1367, #8613, #5096 ) ;
#11561 = CARTESIAN_POINT ( 'NONE',  ( 47.49999999999999289, 2.499999999999999556, 9.500000000000001776 ) ) ;
#11562 = ORIENTED_EDGE ( 'NONE', *, *, #7232, .T. ) ;
#11563 = ADVANCED_FACE ( 'NONE', ( #6674 ), #10327, .F. ) ;
#11564 = DIRECTION ( 'NONE',  ( -0.000000000000000000, 1.000000000000000000, -0.000000000000000000 ) ) ;
#11566 = EDGE_CURVE ( 'NONE', #2675, #8219, #4951, .T. ) ;
#11565 = CIRCLE ( 'NONE', #1873, 3.750000000000001776 ) ;
#11567 = LINE ( 'NONE', #7926, #4085 ) ;
#11568 = VERTEX_POINT ( 'NONE', #9554 ) ;
#11569 = CARTESIAN_POINT ( 'NONE',  ( -14.05000000000000782, -16.61771083316477515, -11.05000000000001315 ) ) ;
#11570 = ORIENTED_EDGE ( 'NONE', *, *, #9729, .T. ) ;
#11571 = LINE ( 'NONE', #6123, #6678 ) ;
#11572 = PLANE ( 'NONE',  #6401 ) ;
#11573 = LINE ( 'NONE', #798, #8518 ) ;
#11574 = CARTESIAN_POINT ( 'NONE',  ( -52.11703005195394667, 8.388474363168244352, 4.290295324905436303 ) ) ;
#11575 = CARTESIAN_POINT ( 'NONE',  ( -50.75000000000000711, 15.50000000000000000, -4.250000000000000000 ) ) ;
#11576 = ORIENTED_EDGE ( 'NONE', *, *, #1617, .F. ) ;
#11577 = ORIENTED_EDGE ( 'NONE', *, *, #1140, .F. ) ;
#11578 = CARTESIAN_POINT ( 'NONE',  ( -36.95000000000000284, 0.000000000000000000, 0.000000000000000000 ) ) ;
#11579 = CARTESIAN_POINT ( 'NONE',  ( 50.84065861769799710, 8.500000000000000000, -13.55000000000001670 ) ) ;
#11580 = ORIENTED_EDGE ( 'NONE', *, *, #6339, .F. ) ;
#11581 = VERTEX_POINT ( 'NONE', #7698 ) ;
#11582 = CARTESIAN_POINT ( 'NONE',  ( 29.60000000000001563, 0.2999999999999999889, -2.917429908820129394E-14 ) ) ;
#11583 = VERTEX_POINT ( 'NONE', #11344 ) ;
#11584 = CARTESIAN_POINT ( 'NONE',  ( 29.60000000000002629, 0.2505450496179575937, 5.818695557326043044 ) ) ;
#11585 = CARTESIAN_POINT ( 'NONE',  ( 47.49999999999999289, 3.000000000000000000, 9.500000000000000000 ) ) ;
#11586 = AXIS2_PLACEMENT_3D ( 'NONE', #2871, #11223, #7448 ) ;
#11587 = CARTESIAN_POINT ( 'NONE',  ( 0.000000000000000000, 14.00000000000000000, 13.25000000000000178 ) ) ;
#11588 = DIRECTION ( 'NONE',  ( 0.000000000000000000, 1.000000000000000000, -0.000000000000000000 ) ) ;
#11589 = DIRECTION ( 'NONE',  ( 0.000000000000000000, 1.000000000000000000, -1.865294060190115224E-16 ) ) ;
#11590 = VECTOR ( 'NONE', #3582, 1000.000000000000000 ) ;
#11591 = CARTESIAN_POINT ( 'NONE',  ( -42.40000000000000568, 4.000000000000000000, 12.25000000000000000 ) ) ;
#11592 = ORIENTED_EDGE ( 'NONE', *, *, #10458, .T. ) ;
#11593 = VECTOR ( 'NONE', #1904, 1000.000000000000000 ) ;
#11594 = CARTESIAN_POINT ( 'NONE',  ( 2.099999999999991207, 12.50000000000000000, -12.35000000000018971 ) ) ;
#11595 = ORIENTED_EDGE ( 'NONE', *, *, #5787, .F. ) ;
#11596 = VERTEX_POINT ( 'NONE', #3174 ) ;
#11597 = CARTESIAN_POINT ( 'NONE',  ( 47.49999999999999289, 7.500000000000000000, -9.499999999999998224 ) ) ;
#11598 = LINE ( 'NONE', #6047, #2395 ) ;
#11599 = CARTESIAN_POINT ( 'NONE',  ( 2.198813467392395669E-16, 3.000000000000000000, -11.75000000000000355 ) ) ;
#11600 = ADVANCED_FACE ( 'NONE', ( #6794 ), #1397, .T. ) ;
#11601 = CYLINDRICAL_SURFACE ( 'NONE', #10563, 0.7999999999999994893 ) ;
#11602 = ADVANCED_FACE ( 'NONE', ( #10628 ), #6970, .T. ) ;
#11603 = FACE_OUTER_BOUND ( 'NONE', #10763, .T. ) ;
#11604 = ORIENTED_EDGE ( 'NONE', *, *, #8289, .F. ) ;
#11605 = CARTESIAN_POINT ( 'NONE',  ( 2.009170479469691184, 14.00000000000000000, -14.75000000000000178 ) ) ;
#11606 = EDGE_LOOP ( 'NONE', ( #1648, #2466, #3319, #3202, #7960 ) ) ;
#11607 = CARTESIAN_POINT ( 'NONE',  ( -52.20538535074318531, 8.484454251331939645, -4.160314501063920645 ) ) ;
#11608 = LINE ( 'NONE', #2485, #1266 ) ;
#11609 = ORIENTED_EDGE ( 'NONE', *, *, #10250, .T. ) ;
#11610 = DIRECTION ( 'NONE',  ( 1.000000000000000000, 0.000000000000000000, 0.000000000000000000 ) ) ;
#11611 = ADVANCED_FACE ( 'NONE', ( #7135 ), #676, .T. ) ;
#11612 = CARTESIAN_POINT ( 'NONE',  ( -14.05000000000000782, 4.000000000000000000, -10.05000000000001137 ) ) ;
#11613 = ADVANCED_FACE ( 'NONE', ( #5131 ), #8108, .F. ) ;
#11614 = VECTOR ( 'NONE', #818, 1000.000000000000000 ) ;
#11615 = DIRECTION ( 'NONE',  ( 0.000000000000000000, 0.000000000000000000, -1.000000000000000000 ) ) ;
#11616 = ORIENTED_EDGE ( 'NONE', *, *, #6274, .T. ) ;
#11617 = CARTESIAN_POINT ( 'NONE',  ( -52.26931696081982892, 8.877994522193983329, -3.806794915005360380 ) ) ;
#11618 = FACE_OUTER_BOUND ( 'NONE', #9342, .T. ) ;
#11619 = ORIENTED_EDGE ( 'NONE', *, *, #18, .T. ) ;
#11620 = CARTESIAN_POINT ( 'NONE',  ( -14.05000000000000782, 3.199999999999999734, 10.44999999999999218 ) ) ;
#11621 = ORIENTED_EDGE ( 'NONE', *, *, #5282, .T. ) ;
#11622 = EDGE_CURVE ( 'NONE', #4933, #4207, #6075, .T. ) ;
#11623 = CARTESIAN_POINT ( 'NONE',  ( 6.598509989039506252, -0.001000000000000024307, 11.42895455526717363 ) ) ;
#11624 = EDGE_CURVE ( 'NONE', #9081, #2482, #11573, .T. ) ;
#11625 = FACE_OUTER_BOUND ( 'NONE', #1988, .T. ) ;
#11626 = CARTESIAN_POINT ( 'NONE',  ( -52.20957954963433423, 7.007737535851037869, 3.999730970224221860 ) ) ;
#11627 = EDGE_CURVE ( 'NONE', #11478, #3369, #5500, .T. ) ;
#11628 = VECTOR ( 'NONE', #11377, 1000.000000000000000 ) ;
#11629 = LINE ( 'NONE', #3456, #3771 ) ;
#11630 = ORIENTED_EDGE ( 'NONE', *, *, #8097, .T. ) ;
#11631 = LINE ( 'NONE', #3407, #10304 ) ;
#11632 = CARTESIAN_POINT ( 'NONE',  ( -14.05000000000000782, -16.61771083316477515, -12.25000000000000000 ) ) ;
#11633 = FACE_OUTER_BOUND ( 'NONE', #11686, .T. ) ;
#11634 = B_SPLINE_CURVE_WITH_KNOTS ( 'NONE', 3,
 ( #4743, #11746, #3572, #8374, #911, #7192 ),
 .UNSPECIFIED., .F., .F.,
 ( 4, 2, 4 ),
 ( 0.000000000000000000, 0.0001955837419200947918, 0.0003911674838401895836 ),
 .UNSPECIFIED. ) ;
#11635 = ORIENTED_EDGE ( 'NONE', *, *, #20, .T. ) ;
#11636 = DIRECTION ( 'NONE',  ( 1.000000000000000000, -0.000000000000000000, -0.000000000000000000 ) ) ;
#11637 = AXIS2_PLACEMENT_3D ( 'NONE', #1092, #1858, #1913 ) ;
#11638 = LINE ( 'NONE', #3466, #7896 ) ;
#11639 = EDGE_CURVE ( 'NONE', #8436, #2526, #1618, .T. ) ;
#11640 = ORIENTED_EDGE ( 'NONE', *, *, #8509, .F. ) ;
#11641 = CARTESIAN_POINT ( 'NONE',  ( 34.69364652204420452, 0.2999999999999998779, -6.523830892551266913 ) ) ;
#11642 = LINE ( 'NONE', #2515, #161 ) ;
#11643 = CARTESIAN_POINT ( 'NONE',  ( -52.00000000000002132, 16.50000000000000000, 6.749999999999946709 ) ) ;
#11644 = DIRECTION ( 'NONE',  ( -0.000000000000000000, 1.000000000000000000, -0.000000000000000000 ) ) ;
#11645 = B_SPLINE_CURVE_WITH_KNOTS ( 'NONE', 3,
 ( #3414, #7154, #8954, #8899, #7034, #6087, #11584, #3594 ),
 .UNSPECIFIED., .F., .F.,
 ( 4, 2, 2, 4 ),
 ( -3.466145320681462374E-06, 0.0002882777914485959827, 0.0004341497598332339771, 0.0005800217282178719716 ),
 .UNSPECIFIED. ) ;
#11646 = LINE ( 'NONE', #4438, #8188 ) ;
#11647 = AXIS2_PLACEMENT_3D ( 'NONE', #5826, #9417, #1153 ) ;
#11648 = CARTESIAN_POINT ( 'NONE',  ( -51.95000000000000995, 7.899999999999999467, 2.449999999999999734 ) ) ;
#11649 = ORIENTED_EDGE ( 'NONE', *, *, #9958, .F. ) ;
#11650 = CARTESIAN_POINT ( 'NONE',  ( 31.02510858178179731, 0.09795398803915314478, 2.233001662233773388 ) ) ;
#11651 = ORIENTED_EDGE ( 'NONE', *, *, #1852, .F. ) ;
#11652 = PLANE ( 'NONE',  #4826 ) ;
#11653 = VERTEX_POINT ( 'NONE', #6311 ) ;
#11654 = VERTEX_POINT ( 'NONE', #1515 ) ;
#11655 = EDGE_LOOP ( 'NONE', ( #9331, #10317, #3822, #10976 ) ) ;
#11656 = LINE ( 'NONE', #10824, #9662 ) ;
#11657 = VECTOR ( 'NONE', #3819, 1000.000000000000000 ) ;
#11658 = PLANE ( 'NONE',  #9050 ) ;
#11659 = ORIENTED_EDGE ( 'NONE', *, *, #5202, .T. ) ;
#11660 = CARTESIAN_POINT ( 'NONE',  ( -42.29455460722984839, 3.092686656147058510, -8.550000000000013145 ) ) ;
#11661 = CARTESIAN_POINT ( 'NONE',  ( -45.00000000000001421, 4.000000000000000000, -12.25000000000000000 ) ) ;
#11662 = ORIENTED_EDGE ( 'NONE', *, *, #3797, .T. ) ;
#11663 = CIRCLE ( 'NONE', #6512, 5.249999999999998224 ) ;
#11664 = CARTESIAN_POINT ( 'NONE',  ( -45.19999999999994600, 16.50000000000000000, 13.55000000000000604 ) ) ;
#11665 = VERTEX_POINT ( 'NONE', #8996 ) ;
#11666 = EDGE_CURVE ( 'NONE', #5708, #5159, #2561, .T. ) ;
#11667 = ORIENTED_EDGE ( 'NONE', *, *, #6995, .F. ) ;
#11668 = EDGE_CURVE ( 'NONE', #1865, #7922, #3998, .T. ) ;
#11669 = CARTESIAN_POINT ( 'NONE',  ( -52.25000000000001421, 6.399999999999998579, 2.925000000000027356 ) ) ;
#11670 = CARTESIAN_POINT ( 'NONE',  ( -52.11623050028450876, 7.293969960105012085, -4.254815835186385620 ) ) ;
#11671 = CARTESIAN_POINT ( 'NONE',  ( -37.54999999999999716, 6.000000000000000000, -14.25000000000000355 ) ) ;
#11672 = VECTOR ( 'NONE', #4443, 1000.000000000000114 ) ;
#11673 = CARTESIAN_POINT ( 'NONE',  ( 50.24999999999999289, 10.80000000000000071, 1.700000000000000622 ) ) ;
#11674 = ORIENTED_EDGE ( 'NONE', *, *, #6944, .F. ) ;
#11675 = AXIS2_PLACEMENT_3D ( 'NONE', #6327, #10037, #4562 ) ;
#11676 = CARTESIAN_POINT ( 'NONE',  ( -50.75000000000000711, 4.000000000000000000, -6.750000000000000000 ) ) ;
#11677 = EDGE_LOOP ( 'NONE', ( #5680, #7182 ) ) ;
#11678 = VECTOR ( 'NONE', #9257, 1000.000000000000000 ) ;
#11679 = CARTESIAN_POINT ( 'NONE',  ( -52.22340835089975997, 9.094609242404777305, -3.692296232791182575 ) ) ;
#11680 = CIRCLE ( 'NONE', #1233, 1.900000000000000577 ) ;
#11681 = ADVANCED_FACE ( 'NONE', ( #8823 ), #10858, .T. ) ;
#11682 = CIRCLE ( 'NONE', #6532, 2.750000000000000888 ) ;
#11683 = VERTEX_POINT ( 'NONE', #4363 ) ;
#11684 = EDGE_CURVE ( 'NONE', #2718, #732, #4478, .T. ) ;
#11685 = DIRECTION ( 'NONE',  ( 0.000000000000000000, 0.000000000000000000, 1.000000000000000000 ) ) ;
#11686 = EDGE_LOOP ( 'NONE', ( #4335, #10098, #1789, #6328 ) ) ;
#11687 = DIRECTION ( 'NONE',  ( -1.000000000000000000, -0.000000000000000000, -0.000000000000000000 ) ) ;
#11688 = ORIENTED_EDGE ( 'NONE', *, *, #10216, .F. ) ;
#11689 = DIRECTION ( 'NONE',  ( 1.000000000000000000, -0.000000000000000000, 0.000000000000000000 ) ) ;
#11690 = CARTESIAN_POINT ( 'NONE',  ( 30.35000000000000142, 0.2999999999999999889, -3.150000000000002576 ) ) ;
#11691 = CIRCLE ( 'NONE', #7096, 5.199999999999988631 ) ;
#11692 = CARTESIAN_POINT ( 'NONE',  ( 37.81765030147766993, 0.1248391197358940941, 1.966862494131241368 ) ) ;
#11693 = CARTESIAN_POINT ( 'NONE',  ( -52.20538535074329189, 7.315545748667823034, 4.160314501063824721 ) ) ;
#11694 = DIRECTION ( 'NONE',  ( 0.000000000000000000, 0.000000000000000000, 1.000000000000000000 ) ) ;
#11695 = VERTEX_POINT ( 'NONE', #7200 ) ;
#11696 = VERTEX_POINT ( 'NONE', #11513 ) ;
#11697 = CARTESIAN_POINT ( 'NONE',  ( 38.49211819145300950, 0.5999999999999989786, 0.6848287258246765763 ) ) ;
#11698 = CARTESIAN_POINT ( 'NONE',  ( -50.25000000000001421, 4.000000000000000888, 4.385221179025635685 ) ) ;
#11699 = VERTEX_POINT ( 'NONE', #3341 ) ;
#11700 = EDGE_CURVE ( 'NONE', #8962, #11724, #4302, .T. ) ;
#11701 = EDGE_LOOP ( 'NONE', ( #9486, #1211, #1558, #5729 ) ) ;
#11702 = AXIS2_PLACEMENT_3D ( 'NONE', #11320, #10306, #436 ) ;
#11703 = ADVANCED_FACE ( 'NONE', ( #11625 ), #7072, .F. ) ;
#11704 = FACE_OUTER_BOUND ( 'NONE', #10355, .T. ) ;
#11705 = CARTESIAN_POINT ( 'NONE',  ( 51.95000000000000284, 8.500000000000000000, -2.500000000000000444 ) ) ;
#11706 = VERTEX_POINT ( 'NONE', #1157 ) ;
#11707 = CARTESIAN_POINT ( 'NONE',  ( 2.128978811426075087E-15, 4.000000000000000000, 6.749999999999984901 ) ) ;
#11708 = CARTESIAN_POINT ( 'NONE',  ( 0.5999999999999912070, 14.00000000000000000, 13.35000000000018971 ) ) ;
#11709 = CARTESIAN_POINT ( 'NONE',  ( -8.947521086617219380E-16, 8.500000000000000000, 12.25000000000000355 ) ) ;
#11710 = DIRECTION ( 'NONE',  ( 0.000000000000000000, 0.000000000000000000, -1.000000000000000000 ) ) ;
#11711 = CIRCLE ( 'NONE', #5034, 2.000000000000000000 ) ;
#11712 = DIRECTION ( 'NONE',  ( 0.000000000000000000, 1.000000000000000000, -0.000000000000000000 ) ) ;
#11713 = AXIS2_PLACEMENT_3D ( 'NONE', #4452, #8080, #11729 ) ;
#11714 = CARTESIAN_POINT ( 'NONE',  ( -53.20000000000000284, 3.000000000000000000, 6.749999999999950262 ) ) ;
#11715 = B_SPLINE_CURVE_WITH_KNOTS ( 'NONE', 3,
 ( #5343, #8970, #8254, #8195, #74, #6281 ),
 .UNSPECIFIED., .F., .F.,
 ( 4, 2, 4 ),
 ( 0.000000000000000000, 0.0001955798652618910051, 0.0003911597305237820101 ),
 .UNSPECIFIED. ) ;
#11716 = ORIENTED_EDGE ( 'NONE', *, *, #7366, .F. ) ;
#11717 = EDGE_CURVE ( 'NONE', #2781, #454, #11565, .T. ) ;
#11718 = CARTESIAN_POINT ( 'NONE',  ( 31.08872575786373460, 0.2077789836488302677, 2.288811295319350236 ) ) ;
#11719 = ORIENTED_EDGE ( 'NONE', *, *, #10690, .F. ) ;
#11720 = EDGE_CURVE ( 'NONE', #9159, #7657, #6039, .T. ) ;
#11721 = CARTESIAN_POINT ( 'NONE',  ( 47.49999999999999289, 2.499999999999999556, 10.35000000000000142 ) ) ;
#11722 = VERTEX_POINT ( 'NONE', #2920 ) ;
#11723 = AXIS2_PLACEMENT_3D ( 'NONE', #6964, #6121, #9054 ) ;
#11724 = VERTEX_POINT ( 'NONE', #8225 ) ;
#11725 = DIRECTION ( 'NONE',  ( 0.000000000000000000, 0.000000000000000000, -1.000000000000000000 ) ) ;
#11726 = LINE ( 'NONE', #11013, #3740 ) ;
#11727 = ORIENTED_EDGE ( 'NONE', *, *, #1052, .F. ) ;
#11728 = FACE_OUTER_BOUND ( 'NONE', #5379, .T. ) ;
#11729 = DIRECTION ( 'NONE',  ( 0.000000000000000000, 0.000000000000000000, 1.000000000000000000 ) ) ;
#11730 = VECTOR ( 'NONE', #10524, 1000.000000000000000 ) ;
#11731 = EDGE_CURVE ( 'NONE', #8471, #5220, #1862, .T. ) ;
#11732 = CARTESIAN_POINT ( 'NONE',  ( -52.28390545973982029, 9.121070697776604064, 3.430753123071049515 ) ) ;
#11733 = EDGE_LOOP ( 'NONE', ( #7537, #2622, #6947, #8083, #6489, #9171, #5800, #8309, #11716, #2411 ) ) ;
#11734 = ORIENTED_EDGE ( 'NONE', *, *, #6584, .T. ) ;
#11735 = DIRECTION ( 'NONE',  ( 1.000000000000000000, -0.000000000000000000, -0.000000000000000000 ) ) ;
#11736 = CARTESIAN_POINT ( 'NONE',  ( -53.20100000000002183, 10.80000000000000071, -1.700000000000000622 ) ) ;
#11737 = VECTOR ( 'NONE', #5275, 1000.000000000000000 ) ;
#11738 = VECTOR ( 'NONE', #7886, 1000.000000000000000 ) ;
#11739 = CARTESIAN_POINT ( 'NONE',  ( 0.000000000000000000, 16.50000000000000000, -13.55000000000000249 ) ) ;
#11740 = LINE ( 'NONE', #5411, #3840 ) ;
#11741 = LINE ( 'NONE', #11676, #8869 ) ;
#11742 = ORIENTED_EDGE ( 'NONE', *, *, #9805, .F. ) ;
#11743 = ADVANCED_FACE ( 'NONE', ( #6551 ), #11042, .T. ) ;
#11744 = CARTESIAN_POINT ( 'NONE',  ( -52.20568082859681169, 8.758464342855045714, -4.027471805004544159 ) ) ;
#11745 = CIRCLE ( 'NONE', #10025, 4.450000000000004619 ) ;
#11746 = CARTESIAN_POINT ( 'NONE',  ( -37.54999999999999005, 4.007420769103569924, 12.43439266236709173 ) ) ;
#11747 = VERTEX_POINT ( 'NONE', #267 ) ;
#11748 = CARTESIAN_POINT ( 'NONE',  ( -51.22917112000553885, 14.00000000000000000, 9.894693245086287448 ) ) ;
#11749 = ORIENTED_EDGE ( 'NONE', *, *, #1689, .F. ) ;
#11750 = CARTESIAN_POINT ( 'NONE',  ( 0.000000000000000000, 12.30000000000000071, 14.75000000000000178 ) ) ;
#11751 = ORIENTED_EDGE ( 'NONE', *, *, #565, .T. ) ;
#11752 = CARTESIAN_POINT ( 'NONE',  ( 30.35000000000000142, -0.001000000000000024307, -3.150000000000002576 ) ) ;
#11753 = CARTESIAN_POINT ( 'NONE',  ( -52.23807474045420918, 6.562801956676779014, -3.484891521729117869 ) ) ;
#11754 = AXIS2_PLACEMENT_3D ( 'NONE', #5960, #9614, #8719 ) ;
#11755 =( BOUNDED_SURFACE ( )  B_SPLINE_SURFACE ( 3, 2, ( 
 ( #10569, #6079, #631 ),
 ( #4247, #10633, #11462 ),
 ( #8720, #9557, #7875 ),
 ( #3349, #579, #3289 ) ),
 .UNSPECIFIED., .F., .F., .F. ) 
 B_SPLINE_SURFACE_WITH_KNOTS ( ( 4, 4 ),
 ( 3, 3 ),
 ( 5.529431079676072613E-18, 0.0007825590053263003273 ),
 ( 0.000000000000000000, 1.000000000000000000 ),
 .UNSPECIFIED. ) 
 GEOMETRIC_REPRESENTATION_ITEM ( )  RATIONAL_B_SPLINE_SURFACE ( (
 ( 1.000000000000000000, 0.8371290630494915286, 1.000000000000000000),
 ( 1.000000000000000000, 0.8027790047357442615, 1.000000000000000000),
 ( 1.000000000000000000, 0.7601121344914588684, 1.000000000000000000),
 ( 1.000000000000000000, 0.7071067811865597852, 1.000000000000000000) ) ) 
 REPRESENTATION_ITEM ( '' )  SURFACE ( )  );
#11756 = AXIS2_PLACEMENT_3D ( 'NONE', #10608, #5110, #2317 ) ;
#11757 = DIRECTION ( 'NONE',  ( 1.000000000000000000, 0.000000000000000000, 5.139921410301651289E-17 ) ) ;
#11758 = CARTESIAN_POINT ( 'NONE',  ( 47.49999999999997868, 7.500000000000000000, 12.25000000000000711 ) ) ;
#11759 = EDGE_CURVE ( 'NONE', #7204, #2926, #3383, .T. ) ;
#11760 = PLANE ( 'NONE',  #6037 ) ;
#11761 = ORIENTED_EDGE ( 'NONE', *, *, #6300, .T. ) ;
#11762 = ADVANCED_FACE ( 'NONE', ( #2039 ), #9849, .T. ) ;
#11763 = CARTESIAN_POINT ( 'NONE',  ( 0.5999999999999912070, 12.50000000000000000, 13.35000000000018971 ) ) ;
#11764 = ORIENTED_EDGE ( 'NONE', *, *, #8246, .T. ) ;
ENDSEC;
END-ISO-10303-21;
